target_gene	orig.ident	view	Predictor	Importance	Predictor_original
KCNA5	IU_PDA_T10	intra	Fibroblasts	0.393247390176479	Fibroblasts
KCNA5	IU_PDA_T10	intra	Monocytes	0.000577156124421607	Monocytes
KCNA5	IU_PDA_T10	intra	B_cells	0.485383018414891	B cells
KCNA5	IU_PDA_T10	intra	TAM	0.398409926713624	TAM
KCNA5	IU_PDA_T10	intra	Endothelial_cells	0.000147640325376836	Endothelial cells
KCNA5	IU_PDA_T10	intra	PVL	0.000473591925303142	PVL
KCNA5	IU_PDA_T10	intra	T_NK_cells	0.000317743576089207	T-NK cells
KCNA5	IU_PDA_T10	intra	Tumor_Epithelial_cells	0.453045650874964	Tumor Epithelial cells
KCNA5	IU_PDA_T10	juxta_ct	Fibroblasts	0.609081694996018	Fibroblasts
KCNA5	IU_PDA_T10	juxta_ct	Monocytes	0.195215276232686	Monocytes
KCNA5	IU_PDA_T10	juxta_ct	B_cells	0.484635935912013	B cells
KCNA5	IU_PDA_T10	juxta_ct	TAM	0.347309713433209	TAM
KCNA5	IU_PDA_T10	juxta_ct	Endothelial_cells	0.000740281679986563	Endothelial cells
KCNA5	IU_PDA_T10	juxta_ct	PVL	0.109507032271959	PVL
KCNA5	IU_PDA_T10	juxta_ct	T_NK_cells	0.00118872459760987	T-NK cells
KCNA5	IU_PDA_T10	juxta_ct	Tumor_Epithelial_cells	0.372306464710251	Tumor Epithelial cells
KCNA5	IU_PDA_T10	para_ct	Fibroblasts	0.323319081072689	Fibroblasts
KCNA5	IU_PDA_T10	para_ct	Monocytes	0.409877386001281	Monocytes
KCNA5	IU_PDA_T10	para_ct	B_cells	0.269537874221724	B cells
KCNA5	IU_PDA_T10	para_ct	TAM	0.24321920224041	TAM
KCNA5	IU_PDA_T10	para_ct	Endothelial_cells	0.276975700335069	Endothelial cells
KCNA5	IU_PDA_T10	para_ct	PVL	0.16919443909681	PVL
KCNA5	IU_PDA_T10	para_ct	T_NK_cells	0.271712312467946	T-NK cells
KCNA5	IU_PDA_T10	para_ct	Tumor_Epithelial_cells	0.261947741834795	Tumor Epithelial cells
KCNA5	IU_PDA_T11	intra	Fibroblasts	0.948431424950343	Fibroblasts
KCNA5	IU_PDA_T11	intra	Monocytes	0.0027214665354208	Monocytes
KCNA5	IU_PDA_T11	intra	B_cells	0.000100571221729267	B cells
KCNA5	IU_PDA_T11	intra	TAM	0.425473384640503	TAM
KCNA5	IU_PDA_T11	intra	Endothelial_cells	0.00635083864833298	Endothelial cells
KCNA5	IU_PDA_T11	intra	PVL	0.167371214825597	PVL
KCNA5	IU_PDA_T11	intra	Tumor_Epithelial_cells	0.899875322453203	Tumor Epithelial cells
KCNA5	IU_PDA_T11	juxta_ct	Fibroblasts	1.14423243597709	Fibroblasts
KCNA5	IU_PDA_T11	juxta_ct	Monocytes	0.0740115495182327	Monocytes
KCNA5	IU_PDA_T11	juxta_ct	B_cells	7.71306088736558e-05	B cells
KCNA5	IU_PDA_T11	juxta_ct	TAM	0.720513525684491	TAM
KCNA5	IU_PDA_T11	juxta_ct	Endothelial_cells	0.279387495214073	Endothelial cells
KCNA5	IU_PDA_T11	juxta_ct	PVL	0.00234376638329455	PVL
KCNA5	IU_PDA_T11	juxta_ct	Tumor_Epithelial_cells	1.05566900411324	Tumor Epithelial cells
KCNA5	IU_PDA_T11	para_ct	Fibroblasts	0.728904404092645	Fibroblasts
KCNA5	IU_PDA_T11	para_ct	Monocytes	0.393146394049913	Monocytes
KCNA5	IU_PDA_T11	para_ct	B_cells	0.584817454873341	B cells
KCNA5	IU_PDA_T11	para_ct	TAM	0.579757203727036	TAM
KCNA5	IU_PDA_T11	para_ct	Endothelial_cells	0.673092376724906	Endothelial cells
KCNA5	IU_PDA_T11	para_ct	PVL	0.461756140348844	PVL
KCNA5	IU_PDA_T11	para_ct	Tumor_Epithelial_cells	0.630455584999211	Tumor Epithelial cells
KCNA5	IU_PDA_T12	intra	Fibroblasts	8.60370902818258	Fibroblasts
KCNA5	IU_PDA_T12	intra	Monocytes	1.41965003982955	Monocytes
KCNA5	IU_PDA_T12	intra	B_cells	7.09609632915143	B cells
KCNA5	IU_PDA_T12	intra	TAM	6.70462547360959	TAM
KCNA5	IU_PDA_T12	intra	Endothelial_cells	2.89788069802304	Endothelial cells
KCNA5	IU_PDA_T12	intra	PVL	2.01603605570812	PVL
KCNA5	IU_PDA_T12	intra	Normal_Epithelial_cells	0.362038083467719	Normal Epithelial cells
KCNA5	IU_PDA_T12	intra	T_NK_cells	0.0179092082184998	T-NK cells
KCNA5	IU_PDA_T12	intra	Tumor_Epithelial_cells	5.07778979113018	Tumor Epithelial cells
KCNA5	IU_PDA_T12	juxta_ct	Fibroblasts	7.72033670180674	Fibroblasts
KCNA5	IU_PDA_T12	juxta_ct	Monocytes	1.74586523503773	Monocytes
KCNA5	IU_PDA_T12	juxta_ct	B_cells	7.97730268715632	B cells
KCNA5	IU_PDA_T12	juxta_ct	TAM	8.23338561150297	TAM
KCNA5	IU_PDA_T12	juxta_ct	Endothelial_cells	4.73826271299928	Endothelial cells
KCNA5	IU_PDA_T12	juxta_ct	PVL	1.92153408429933	PVL
KCNA5	IU_PDA_T12	juxta_ct	Normal_Epithelial_cells	0.537190875251356	Normal Epithelial cells
KCNA5	IU_PDA_T12	juxta_ct	T_NK_cells	0.170196278781834	T-NK cells
KCNA5	IU_PDA_T12	juxta_ct	Tumor_Epithelial_cells	6.85528728512783	Tumor Epithelial cells
KCNA5	IU_PDA_T12	para_ct	Fibroblasts	4.71212105795422	Fibroblasts
KCNA5	IU_PDA_T12	para_ct	Monocytes	4.80566761905671	Monocytes
KCNA5	IU_PDA_T12	para_ct	B_cells	4.14349740683317	B cells
KCNA5	IU_PDA_T12	para_ct	TAM	4.2047184383646	TAM
KCNA5	IU_PDA_T12	para_ct	Endothelial_cells	5.06358140395405	Endothelial cells
KCNA5	IU_PDA_T12	para_ct	PVL	4.73487910580035	PVL
KCNA5	IU_PDA_T12	para_ct	Normal_Epithelial_cells	4.48918628085588	Normal Epithelial cells
KCNA5	IU_PDA_T12	para_ct	T_NK_cells	4.57518798440981	T-NK cells
KCNA5	IU_PDA_T12	para_ct	Tumor_Epithelial_cells	4.91734599793145	Tumor Epithelial cells
KCNA5	IU_PDA_T2	intra	Fibroblasts	1.79482168595463	Fibroblasts
KCNA5	IU_PDA_T2	intra	Monocytes	0.185023261535925	Monocytes
KCNA5	IU_PDA_T2	intra	B_cells	0.376478665299913	B cells
KCNA5	IU_PDA_T2	intra	TAM	1.02976339760232	TAM
KCNA5	IU_PDA_T2	intra	Hepatocytes	2.64255351061534e-05	Hepatocytes
KCNA5	IU_PDA_T2	intra	Endothelial_cells	0.00410651880881478	Endothelial cells
KCNA5	IU_PDA_T2	intra	PVL	5.64098816920475e-05	PVL
KCNA5	IU_PDA_T2	intra	Normal_Epithelial_cells	3.11052364923914e-05	Normal Epithelial cells
KCNA5	IU_PDA_T2	intra	T_NK_cells	1.35753064172754e-05	T-NK cells
KCNA5	IU_PDA_T2	intra	Tumor_Epithelial_cells	1.97591570267876	Tumor Epithelial cells
KCNA5	IU_PDA_T2	juxta_ct	Fibroblasts	2.0987037172124	Fibroblasts
KCNA5	IU_PDA_T2	juxta_ct	Monocytes	0.150587684499466	Monocytes
KCNA5	IU_PDA_T2	juxta_ct	B_cells	0.964904480172169	B cells
KCNA5	IU_PDA_T2	juxta_ct	TAM	1.72715932156978	TAM
KCNA5	IU_PDA_T2	juxta_ct	Hepatocytes	0.000250205833782999	Hepatocytes
KCNA5	IU_PDA_T2	juxta_ct	Endothelial_cells	0.0012429244001487	Endothelial cells
KCNA5	IU_PDA_T2	juxta_ct	PVL	0.000199483030371033	PVL
KCNA5	IU_PDA_T2	juxta_ct	Normal_Epithelial_cells	0.000206559834481134	Normal Epithelial cells
KCNA5	IU_PDA_T2	juxta_ct	T_NK_cells	0.000368102646160722	T-NK cells
KCNA5	IU_PDA_T2	juxta_ct	Tumor_Epithelial_cells	2.24162601077944	Tumor Epithelial cells
KCNA5	IU_PDA_T2	para_ct	Fibroblasts	0.655273574811577	Fibroblasts
KCNA5	IU_PDA_T2	para_ct	Monocytes	0.701034135024503	Monocytes
KCNA5	IU_PDA_T2	para_ct	B_cells	1.0797617898476	B cells
KCNA5	IU_PDA_T2	para_ct	TAM	1.2298732047364	TAM
KCNA5	IU_PDA_T2	para_ct	Hepatocytes	0.99991289693344	Hepatocytes
KCNA5	IU_PDA_T2	para_ct	Endothelial_cells	0.978273303124564	Endothelial cells
KCNA5	IU_PDA_T2	para_ct	PVL	0.81113693700712	PVL
KCNA5	IU_PDA_T2	para_ct	Normal_Epithelial_cells	0.923079793459059	Normal Epithelial cells
KCNA5	IU_PDA_T2	para_ct	T_NK_cells	0.726838375822711	T-NK cells
KCNA5	IU_PDA_T2	para_ct	Tumor_Epithelial_cells	0.861006061766176	Tumor Epithelial cells
KCNA5	IU_PDA_T3	intra	Fibroblasts	1.1844318686043	Fibroblasts
KCNA5	IU_PDA_T3	intra	Monocytes	0.481621941387308	Monocytes
KCNA5	IU_PDA_T3	intra	B_cells	1.20968193516815	B cells
KCNA5	IU_PDA_T3	intra	TAM	0.47770328898461	TAM
KCNA5	IU_PDA_T3	intra	Endothelial_cells	0.2075676104056	Endothelial cells
KCNA5	IU_PDA_T3	intra	PVL	1.28935914091526	PVL
KCNA5	IU_PDA_T3	intra	T_NK_cells	0.103229003926351	T-NK cells
KCNA5	IU_PDA_T3	intra	Tumor_Epithelial_cells	0.57166736951998	Tumor Epithelial cells
KCNA5	IU_PDA_T3	juxta_ct	Fibroblasts	1.28964656500014	Fibroblasts
KCNA5	IU_PDA_T3	juxta_ct	Monocytes	0.831589008730473	Monocytes
KCNA5	IU_PDA_T3	juxta_ct	B_cells	1.12934546810724	B cells
KCNA5	IU_PDA_T3	juxta_ct	TAM	0.496104023757394	TAM
KCNA5	IU_PDA_T3	juxta_ct	Endothelial_cells	0.365219355799408	Endothelial cells
KCNA5	IU_PDA_T3	juxta_ct	PVL	0.948431496590424	PVL
KCNA5	IU_PDA_T3	juxta_ct	T_NK_cells	0.293819895400162	T-NK cells
KCNA5	IU_PDA_T3	juxta_ct	Tumor_Epithelial_cells	0.554476712531617	Tumor Epithelial cells
KCNA5	IU_PDA_T3	para_ct	Fibroblasts	0.675743065243201	Fibroblasts
KCNA5	IU_PDA_T3	para_ct	Monocytes	1.06149571519294	Monocytes
KCNA5	IU_PDA_T3	para_ct	B_cells	0.859840328475574	B cells
KCNA5	IU_PDA_T3	para_ct	TAM	0.90748150847761	TAM
KCNA5	IU_PDA_T3	para_ct	Endothelial_cells	0.899807043399825	Endothelial cells
KCNA5	IU_PDA_T3	para_ct	PVL	0.713039490793017	PVL
KCNA5	IU_PDA_T3	para_ct	T_NK_cells	0.724931069947265	T-NK cells
KCNA5	IU_PDA_T3	para_ct	Tumor_Epithelial_cells	0.730542750196596	Tumor Epithelial cells
KCNA5	IU_PDA_T4	intra	Fibroblasts	1.84108598350272	Fibroblasts
KCNA5	IU_PDA_T4	intra	Monocytes	0.573648251138014	Monocytes
KCNA5	IU_PDA_T4	intra	B_cells	0.000147444460413918	B cells
KCNA5	IU_PDA_T4	intra	TAM	0.91604610195769	TAM
KCNA5	IU_PDA_T4	intra	Hepatocytes	1.13710782090854e-07	Hepatocytes
KCNA5	IU_PDA_T4	intra	Endothelial_cells	0.13986615094077	Endothelial cells
KCNA5	IU_PDA_T4	intra	PVL	1.26192657427518	PVL
KCNA5	IU_PDA_T4	intra	T_NK_cells	2.42060472935123e-05	T-NK cells
KCNA5	IU_PDA_T4	intra	Tumor_Epithelial_cells	1.95834914208488	Tumor Epithelial cells
KCNA5	IU_PDA_T4	juxta_ct	Fibroblasts	1.41160041584909	Fibroblasts
KCNA5	IU_PDA_T4	juxta_ct	Monocytes	0.92075959670378	Monocytes
KCNA5	IU_PDA_T4	juxta_ct	B_cells	0.138635517894644	B cells
KCNA5	IU_PDA_T4	juxta_ct	TAM	1.00659551520345	TAM
KCNA5	IU_PDA_T4	juxta_ct	Hepatocytes	5.74338632261962e-05	Hepatocytes
KCNA5	IU_PDA_T4	juxta_ct	Endothelial_cells	0.218143473259875	Endothelial cells
KCNA5	IU_PDA_T4	juxta_ct	PVL	1.88114579754037	PVL
KCNA5	IU_PDA_T4	juxta_ct	T_NK_cells	0.27825904546557	T-NK cells
KCNA5	IU_PDA_T4	juxta_ct	Tumor_Epithelial_cells	1.27980671458214	Tumor Epithelial cells
KCNA5	IU_PDA_T4	para_ct	Fibroblasts	0.739072277403041	Fibroblasts
KCNA5	IU_PDA_T4	para_ct	Monocytes	0.826784339104978	Monocytes
KCNA5	IU_PDA_T4	para_ct	B_cells	0.980720183294586	B cells
KCNA5	IU_PDA_T4	para_ct	TAM	0.76962148064786	TAM
KCNA5	IU_PDA_T4	para_ct	Hepatocytes	0.764022445240247	Hepatocytes
KCNA5	IU_PDA_T4	para_ct	Endothelial_cells	1.32576197088738	Endothelial cells
KCNA5	IU_PDA_T4	para_ct	PVL	0.830202786180579	PVL
KCNA5	IU_PDA_T4	para_ct	T_NK_cells	0.746424061427349	T-NK cells
KCNA5	IU_PDA_T4	para_ct	Tumor_Epithelial_cells	0.64618569387006	Tumor Epithelial cells
KCNA5	IU_PDA_T6	intra	Fibroblasts	0.828558400134256	Fibroblasts
KCNA5	IU_PDA_T6	intra	Monocytes	7.25374094420805e-05	Monocytes
KCNA5	IU_PDA_T6	intra	TAM	0.302702029758222	TAM
KCNA5	IU_PDA_T6	intra	Endothelial_cells	4.07861590290803e-06	Endothelial cells
KCNA5	IU_PDA_T6	intra	PVL	9.01346306896682e-07	PVL
KCNA5	IU_PDA_T6	intra	Normal_Epithelial_cells	0.000137783606947625	Normal Epithelial cells
KCNA5	IU_PDA_T6	intra	Tumor_Epithelial_cells	0.92019004143885	Tumor Epithelial cells
KCNA5	IU_PDA_T6	juxta_ct	Fibroblasts	0.886461757217951	Fibroblasts
KCNA5	IU_PDA_T6	juxta_ct	Monocytes	0.000449602841125896	Monocytes
KCNA5	IU_PDA_T6	juxta_ct	TAM	0.467403513068663	TAM
KCNA5	IU_PDA_T6	juxta_ct	Endothelial_cells	4.65362879351e-05	Endothelial cells
KCNA5	IU_PDA_T6	juxta_ct	PVL	1.01203735982386e-05	PVL
KCNA5	IU_PDA_T6	juxta_ct	Normal_Epithelial_cells	0.000275778824426352	Normal Epithelial cells
KCNA5	IU_PDA_T6	juxta_ct	Tumor_Epithelial_cells	0.819618109309766	Tumor Epithelial cells
KCNA5	IU_PDA_T6	para_ct	Fibroblasts	0.46176301658414	Fibroblasts
KCNA5	IU_PDA_T6	para_ct	Monocytes	0.607920179074601	Monocytes
KCNA5	IU_PDA_T6	para_ct	TAM	0.551258679242287	TAM
KCNA5	IU_PDA_T6	para_ct	Endothelial_cells	0.754649538421888	Endothelial cells
KCNA5	IU_PDA_T6	para_ct	PVL	0.487364483901813	PVL
KCNA5	IU_PDA_T6	para_ct	Normal_Epithelial_cells	0.512733726644861	Normal Epithelial cells
KCNA5	IU_PDA_T6	para_ct	Tumor_Epithelial_cells	0.493461553430556	Tumor Epithelial cells
KCNA5	IU_PDA_T9	intra	Fibroblasts	1.31220836603062	Fibroblasts
KCNA5	IU_PDA_T9	intra	Monocytes	0.753792155682887	Monocytes
KCNA5	IU_PDA_T9	intra	B_cells	0.00123334625647917	B cells
KCNA5	IU_PDA_T9	intra	TAM	0.464723482739397	TAM
KCNA5	IU_PDA_T9	intra	Endothelial_cells	0.162029611980227	Endothelial cells
KCNA5	IU_PDA_T9	intra	PVL	0.179077857443585	PVL
KCNA5	IU_PDA_T9	intra	T_NK_cells	0.00137447439927028	T-NK cells
KCNA5	IU_PDA_T9	intra	Tumor_Epithelial_cells	0.844431887229263	Tumor Epithelial cells
KCNA5	IU_PDA_T9	juxta_ct	Fibroblasts	1.13507457587054	Fibroblasts
KCNA5	IU_PDA_T9	juxta_ct	Monocytes	0.670500737285064	Monocytes
KCNA5	IU_PDA_T9	juxta_ct	B_cells	0.221044715141781	B cells
KCNA5	IU_PDA_T9	juxta_ct	TAM	0.638824225495938	TAM
KCNA5	IU_PDA_T9	juxta_ct	Endothelial_cells	0.233788885198241	Endothelial cells
KCNA5	IU_PDA_T9	juxta_ct	PVL	0.270114058794176	PVL
KCNA5	IU_PDA_T9	juxta_ct	T_NK_cells	0.115519149426013	T-NK cells
KCNA5	IU_PDA_T9	juxta_ct	Tumor_Epithelial_cells	0.9149093965427	Tumor Epithelial cells
KCNA5	IU_PDA_T9	para_ct	Fibroblasts	0.612664843533582	Fibroblasts
KCNA5	IU_PDA_T9	para_ct	Monocytes	0.596753574379766	Monocytes
KCNA5	IU_PDA_T9	para_ct	B_cells	0.689579802237785	B cells
KCNA5	IU_PDA_T9	para_ct	TAM	0.589457818360594	TAM
KCNA5	IU_PDA_T9	para_ct	Endothelial_cells	0.606515607750914	Endothelial cells
KCNA5	IU_PDA_T9	para_ct	PVL	0.711139365625789	PVL
KCNA5	IU_PDA_T9	para_ct	T_NK_cells	0.523432444445555	T-NK cells
KCNA5	IU_PDA_T9	para_ct	Tumor_Epithelial_cells	0.712052364916641	Tumor Epithelial cells
KCNAB1	IU_PDA_T1	intra	Fibroblasts	1.29548184702586	Fibroblasts
KCNAB1	IU_PDA_T1	intra	Monocytes	0.277144933895605	Monocytes
KCNAB1	IU_PDA_T1	intra	B_cells	0.00244602773121796	B cells
KCNAB1	IU_PDA_T1	intra	TAM	0.735307361224522	TAM
KCNAB1	IU_PDA_T1	intra	Hepatocytes	1.17985035487147e-05	Hepatocytes
KCNAB1	IU_PDA_T1	intra	Endothelial_cells	7.09225926853092e-05	Endothelial cells
KCNAB1	IU_PDA_T1	intra	PVL	1.03151543295167e-05	PVL
KCNAB1	IU_PDA_T1	intra	T_NK_cells	3.75579884288454e-05	T-NK cells
KCNAB1	IU_PDA_T1	intra	Tumor_Epithelial_cells	0.417523974477416	Tumor Epithelial cells
KCNAB1	IU_PDA_T1	juxta_ct	Fibroblasts	1.15865623878586	Fibroblasts
KCNAB1	IU_PDA_T1	juxta_ct	Monocytes	0.135278643711637	Monocytes
KCNAB1	IU_PDA_T1	juxta_ct	B_cells	0.629639709342032	B cells
KCNAB1	IU_PDA_T1	juxta_ct	TAM	1.16357662833909	TAM
KCNAB1	IU_PDA_T1	juxta_ct	Hepatocytes	4.38139898509532e-06	Hepatocytes
KCNAB1	IU_PDA_T1	juxta_ct	Endothelial_cells	0.173753142879422	Endothelial cells
KCNAB1	IU_PDA_T1	juxta_ct	PVL	9.15183972333501e-05	PVL
KCNAB1	IU_PDA_T1	juxta_ct	T_NK_cells	0.00015272531247769	T-NK cells
KCNAB1	IU_PDA_T1	juxta_ct	Tumor_Epithelial_cells	0.467396635108577	Tumor Epithelial cells
KCNAB1	IU_PDA_T1	para_ct	Fibroblasts	0.400315425608779	Fibroblasts
KCNAB1	IU_PDA_T1	para_ct	Monocytes	0.611026658299591	Monocytes
KCNAB1	IU_PDA_T1	para_ct	B_cells	0.689932562066406	B cells
KCNAB1	IU_PDA_T1	para_ct	TAM	0.84228961232276	TAM
KCNAB1	IU_PDA_T1	para_ct	Hepatocytes	0.665345237063016	Hepatocytes
KCNAB1	IU_PDA_T1	para_ct	Endothelial_cells	0.488686074239481	Endothelial cells
KCNAB1	IU_PDA_T1	para_ct	PVL	0.473927536765762	PVL
KCNAB1	IU_PDA_T1	para_ct	T_NK_cells	0.649049470118426	T-NK cells
KCNAB1	IU_PDA_T1	para_ct	Tumor_Epithelial_cells	0.710095446039151	Tumor Epithelial cells
KCNAB1	IU_PDA_T11	intra	Fibroblasts	4.13087328962127	Fibroblasts
KCNAB1	IU_PDA_T11	intra	Monocytes	0.176466603563647	Monocytes
KCNAB1	IU_PDA_T11	intra	B_cells	0.00920797422126238	B cells
KCNAB1	IU_PDA_T11	intra	TAM	2.01154111812852	TAM
KCNAB1	IU_PDA_T11	intra	Endothelial_cells	0.161439026968976	Endothelial cells
KCNAB1	IU_PDA_T11	intra	PVL	0.488118327700908	PVL
KCNAB1	IU_PDA_T11	intra	Tumor_Epithelial_cells	3.06996096573687	Tumor Epithelial cells
KCNAB1	IU_PDA_T11	juxta_ct	Fibroblasts	6.38890955838841	Fibroblasts
KCNAB1	IU_PDA_T11	juxta_ct	Monocytes	0.760885761960867	Monocytes
KCNAB1	IU_PDA_T11	juxta_ct	B_cells	0.0241560085545699	B cells
KCNAB1	IU_PDA_T11	juxta_ct	TAM	4.0300006715869	TAM
KCNAB1	IU_PDA_T11	juxta_ct	Endothelial_cells	0.559225741004252	Endothelial cells
KCNAB1	IU_PDA_T11	juxta_ct	PVL	1.21939840691606	PVL
KCNAB1	IU_PDA_T11	juxta_ct	Tumor_Epithelial_cells	5.51394529741077	Tumor Epithelial cells
KCNAB1	IU_PDA_T11	para_ct	Fibroblasts	3.63903969474878	Fibroblasts
KCNAB1	IU_PDA_T11	para_ct	Monocytes	3.13681839248919	Monocytes
KCNAB1	IU_PDA_T11	para_ct	B_cells	4.78397876195057	B cells
KCNAB1	IU_PDA_T11	para_ct	TAM	3.95351387740354	TAM
KCNAB1	IU_PDA_T11	para_ct	Endothelial_cells	3.59766937422029	Endothelial cells
KCNAB1	IU_PDA_T11	para_ct	PVL	3.89972365670838	PVL
KCNAB1	IU_PDA_T11	para_ct	Tumor_Epithelial_cells	3.76534612453854	Tumor Epithelial cells
KCNAB1	IU_PDA_T12	intra	Fibroblasts	16.5629152605619	Fibroblasts
KCNAB1	IU_PDA_T12	intra	Monocytes	2.8080722041176	Monocytes
KCNAB1	IU_PDA_T12	intra	B_cells	11.8820750628167	B cells
KCNAB1	IU_PDA_T12	intra	TAM	12.9384640940345	TAM
KCNAB1	IU_PDA_T12	intra	Endothelial_cells	2.60217228455165	Endothelial cells
KCNAB1	IU_PDA_T12	intra	PVL	2.68617129183455	PVL
KCNAB1	IU_PDA_T12	intra	Normal_Epithelial_cells	0.386961117651181	Normal Epithelial cells
KCNAB1	IU_PDA_T12	intra	T_NK_cells	0.269866077181913	T-NK cells
KCNAB1	IU_PDA_T12	intra	Tumor_Epithelial_cells	10.6210133898835	Tumor Epithelial cells
KCNAB1	IU_PDA_T12	juxta_ct	Fibroblasts	15.6545876834734	Fibroblasts
KCNAB1	IU_PDA_T12	juxta_ct	Monocytes	3.90699026308781	Monocytes
KCNAB1	IU_PDA_T12	juxta_ct	B_cells	14.0598708626124	B cells
KCNAB1	IU_PDA_T12	juxta_ct	TAM	16.138512996801	TAM
KCNAB1	IU_PDA_T12	juxta_ct	Endothelial_cells	6.60483071873751	Endothelial cells
KCNAB1	IU_PDA_T12	juxta_ct	PVL	3.2068353153283	PVL
KCNAB1	IU_PDA_T12	juxta_ct	Normal_Epithelial_cells	0.160206155278911	Normal Epithelial cells
KCNAB1	IU_PDA_T12	juxta_ct	T_NK_cells	0.799190467406621	T-NK cells
KCNAB1	IU_PDA_T12	juxta_ct	Tumor_Epithelial_cells	13.1281248203101	Tumor Epithelial cells
KCNAB1	IU_PDA_T12	para_ct	Fibroblasts	8.17424277102411	Fibroblasts
KCNAB1	IU_PDA_T12	para_ct	Monocytes	8.02765267198873	Monocytes
KCNAB1	IU_PDA_T12	para_ct	B_cells	8.35774504862401	B cells
KCNAB1	IU_PDA_T12	para_ct	TAM	8.72453382431666	TAM
KCNAB1	IU_PDA_T12	para_ct	Endothelial_cells	8.56031753311415	Endothelial cells
KCNAB1	IU_PDA_T12	para_ct	PVL	10.1540221614519	PVL
KCNAB1	IU_PDA_T12	para_ct	Normal_Epithelial_cells	9.75138464262601	Normal Epithelial cells
KCNAB1	IU_PDA_T12	para_ct	T_NK_cells	9.41617862228255	T-NK cells
KCNAB1	IU_PDA_T12	para_ct	Tumor_Epithelial_cells	9.27170722109555	Tumor Epithelial cells
KCNAB1	IU_PDA_T2	intra	Fibroblasts	2.27644011402635	Fibroblasts
KCNAB1	IU_PDA_T2	intra	Monocytes	0.00097713441267943	Monocytes
KCNAB1	IU_PDA_T2	intra	B_cells	0.599609863834075	B cells
KCNAB1	IU_PDA_T2	intra	TAM	1.20471218268262	TAM
KCNAB1	IU_PDA_T2	intra	Hepatocytes	4.92145489248238e-05	Hepatocytes
KCNAB1	IU_PDA_T2	intra	Endothelial_cells	2.31176338542911e-05	Endothelial cells
KCNAB1	IU_PDA_T2	intra	PVL	0.000139581327964481	PVL
KCNAB1	IU_PDA_T2	intra	Normal_Epithelial_cells	0.000326236284674288	Normal Epithelial cells
KCNAB1	IU_PDA_T2	intra	T_NK_cells	1.47285962993716e-05	T-NK cells
KCNAB1	IU_PDA_T2	intra	Tumor_Epithelial_cells	2.45326857924234	Tumor Epithelial cells
KCNAB1	IU_PDA_T2	juxta_ct	Fibroblasts	2.60333555972533	Fibroblasts
KCNAB1	IU_PDA_T2	juxta_ct	Monocytes	0.328491258851389	Monocytes
KCNAB1	IU_PDA_T2	juxta_ct	B_cells	1.12950146713024	B cells
KCNAB1	IU_PDA_T2	juxta_ct	TAM	2.29157574433354	TAM
KCNAB1	IU_PDA_T2	juxta_ct	Hepatocytes	0.000555717346428912	Hepatocytes
KCNAB1	IU_PDA_T2	juxta_ct	Endothelial_cells	0.00138724973491991	Endothelial cells
KCNAB1	IU_PDA_T2	juxta_ct	PVL	0.000422044404117957	PVL
KCNAB1	IU_PDA_T2	juxta_ct	Normal_Epithelial_cells	0.211482470323342	Normal Epithelial cells
KCNAB1	IU_PDA_T2	juxta_ct	T_NK_cells	0.21176512909556	T-NK cells
KCNAB1	IU_PDA_T2	juxta_ct	Tumor_Epithelial_cells	2.27912189843726	Tumor Epithelial cells
KCNAB1	IU_PDA_T2	para_ct	Fibroblasts	1.02424665752029	Fibroblasts
KCNAB1	IU_PDA_T2	para_ct	Monocytes	1.05070348309913	Monocytes
KCNAB1	IU_PDA_T2	para_ct	B_cells	0.984165110042911	B cells
KCNAB1	IU_PDA_T2	para_ct	TAM	1.16855330584588	TAM
KCNAB1	IU_PDA_T2	para_ct	Hepatocytes	1.16179248960014	Hepatocytes
KCNAB1	IU_PDA_T2	para_ct	Endothelial_cells	1.0666473797552	Endothelial cells
KCNAB1	IU_PDA_T2	para_ct	PVL	1.06574453336304	PVL
KCNAB1	IU_PDA_T2	para_ct	Normal_Epithelial_cells	0.975296653148633	Normal Epithelial cells
KCNAB1	IU_PDA_T2	para_ct	T_NK_cells	1.03476344912822	T-NK cells
KCNAB1	IU_PDA_T2	para_ct	Tumor_Epithelial_cells	1.31893761183564	Tumor Epithelial cells
KCNAB1	IU_PDA_T3	intra	Fibroblasts	1.80453977906524	Fibroblasts
KCNAB1	IU_PDA_T3	intra	Monocytes	0.769774421236666	Monocytes
KCNAB1	IU_PDA_T3	intra	B_cells	1.72471942384761	B cells
KCNAB1	IU_PDA_T3	intra	TAM	0.916764222258901	TAM
KCNAB1	IU_PDA_T3	intra	Endothelial_cells	0.391690999487057	Endothelial cells
KCNAB1	IU_PDA_T3	intra	PVL	0.883216067773296	PVL
KCNAB1	IU_PDA_T3	intra	T_NK_cells	0.00461162256898006	T-NK cells
KCNAB1	IU_PDA_T3	intra	Tumor_Epithelial_cells	0.57387478021099	Tumor Epithelial cells
KCNAB1	IU_PDA_T3	juxta_ct	Fibroblasts	1.83916297416145	Fibroblasts
KCNAB1	IU_PDA_T3	juxta_ct	Monocytes	1.07680700407076	Monocytes
KCNAB1	IU_PDA_T3	juxta_ct	B_cells	1.48330608444493	B cells
KCNAB1	IU_PDA_T3	juxta_ct	TAM	0.994988845103572	TAM
KCNAB1	IU_PDA_T3	juxta_ct	Endothelial_cells	0.727857402881919	Endothelial cells
KCNAB1	IU_PDA_T3	juxta_ct	PVL	0.734104110423125	PVL
KCNAB1	IU_PDA_T3	juxta_ct	T_NK_cells	0.380932250135477	T-NK cells
KCNAB1	IU_PDA_T3	juxta_ct	Tumor_Epithelial_cells	0.897043836406468	Tumor Epithelial cells
KCNAB1	IU_PDA_T3	para_ct	Fibroblasts	1.18409148902719	Fibroblasts
KCNAB1	IU_PDA_T3	para_ct	Monocytes	1.01934874354635	Monocytes
KCNAB1	IU_PDA_T3	para_ct	B_cells	0.937852508680913	B cells
KCNAB1	IU_PDA_T3	para_ct	TAM	1.06316967919459	TAM
KCNAB1	IU_PDA_T3	para_ct	Endothelial_cells	1.2724397009034	Endothelial cells
KCNAB1	IU_PDA_T3	para_ct	PVL	1.09264278543032	PVL
KCNAB1	IU_PDA_T3	para_ct	T_NK_cells	1.08231142680218	T-NK cells
KCNAB1	IU_PDA_T3	para_ct	Tumor_Epithelial_cells	1.27651842890861	Tumor Epithelial cells
KCNAB1	IU_PDA_T4	intra	Fibroblasts	2.08883778618497	Fibroblasts
KCNAB1	IU_PDA_T4	intra	Monocytes	0.634319653199083	Monocytes
KCNAB1	IU_PDA_T4	intra	B_cells	1.2951168789289e-05	B cells
KCNAB1	IU_PDA_T4	intra	TAM	0.952667317298033	TAM
KCNAB1	IU_PDA_T4	intra	Hepatocytes	1.55898951910765e-06	Hepatocytes
KCNAB1	IU_PDA_T4	intra	Endothelial_cells	0.00148345335615414	Endothelial cells
KCNAB1	IU_PDA_T4	intra	PVL	0.299130442987705	PVL
KCNAB1	IU_PDA_T4	intra	T_NK_cells	1.76282405215751e-05	T-NK cells
KCNAB1	IU_PDA_T4	intra	Tumor_Epithelial_cells	1.6183514058737	Tumor Epithelial cells
KCNAB1	IU_PDA_T4	juxta_ct	Fibroblasts	2.14351115479012	Fibroblasts
KCNAB1	IU_PDA_T4	juxta_ct	Monocytes	0.631402998708755	Monocytes
KCNAB1	IU_PDA_T4	juxta_ct	B_cells	0.000283815454768801	B cells
KCNAB1	IU_PDA_T4	juxta_ct	TAM	1.47348049952751	TAM
KCNAB1	IU_PDA_T4	juxta_ct	Hepatocytes	2.7872132355735e-05	Hepatocytes
KCNAB1	IU_PDA_T4	juxta_ct	Endothelial_cells	0.170654743933139	Endothelial cells
KCNAB1	IU_PDA_T4	juxta_ct	PVL	0.775983188965125	PVL
KCNAB1	IU_PDA_T4	juxta_ct	T_NK_cells	2.0524810489989e-05	T-NK cells
KCNAB1	IU_PDA_T4	juxta_ct	Tumor_Epithelial_cells	1.58329672618826	Tumor Epithelial cells
KCNAB1	IU_PDA_T4	para_ct	Fibroblasts	1.07473459258201	Fibroblasts
KCNAB1	IU_PDA_T4	para_ct	Monocytes	0.795676174029359	Monocytes
KCNAB1	IU_PDA_T4	para_ct	B_cells	0.892425555697881	B cells
KCNAB1	IU_PDA_T4	para_ct	TAM	0.705737856935384	TAM
KCNAB1	IU_PDA_T4	para_ct	Hepatocytes	0.641667733258444	Hepatocytes
KCNAB1	IU_PDA_T4	para_ct	Endothelial_cells	0.85093710081016	Endothelial cells
KCNAB1	IU_PDA_T4	para_ct	PVL	1.0509478455917	PVL
KCNAB1	IU_PDA_T4	para_ct	T_NK_cells	0.91252248956487	T-NK cells
KCNAB1	IU_PDA_T4	para_ct	Tumor_Epithelial_cells	0.841028076557798	Tumor Epithelial cells
KCNAB1	IU_PDA_T6	intra	Fibroblasts	2.35112034775559	Fibroblasts
KCNAB1	IU_PDA_T6	intra	Monocytes	0.000976102177293805	Monocytes
KCNAB1	IU_PDA_T6	intra	TAM	0.680317332651175	TAM
KCNAB1	IU_PDA_T6	intra	Endothelial_cells	0.000150241639803305	Endothelial cells
KCNAB1	IU_PDA_T6	intra	PVL	1.90857124794722e-05	PVL
KCNAB1	IU_PDA_T6	intra	Normal_Epithelial_cells	0.000984203798210037	Normal Epithelial cells
KCNAB1	IU_PDA_T6	intra	Tumor_Epithelial_cells	2.12463340815609	Tumor Epithelial cells
KCNAB1	IU_PDA_T6	juxta_ct	Fibroblasts	2.95311955294429	Fibroblasts
KCNAB1	IU_PDA_T6	juxta_ct	Monocytes	0.309920036521536	Monocytes
KCNAB1	IU_PDA_T6	juxta_ct	TAM	1.43881521544384	TAM
KCNAB1	IU_PDA_T6	juxta_ct	Endothelial_cells	0.000542152723959195	Endothelial cells
KCNAB1	IU_PDA_T6	juxta_ct	PVL	7.70553610175691e-05	PVL
KCNAB1	IU_PDA_T6	juxta_ct	Normal_Epithelial_cells	0.133454058192664	Normal Epithelial cells
KCNAB1	IU_PDA_T6	juxta_ct	Tumor_Epithelial_cells	3.04375016891868	Tumor Epithelial cells
KCNAB1	IU_PDA_T6	para_ct	Fibroblasts	2.49998176430829	Fibroblasts
KCNAB1	IU_PDA_T6	para_ct	Monocytes	2.2871084122689	Monocytes
KCNAB1	IU_PDA_T6	para_ct	TAM	2.85123179689134	TAM
KCNAB1	IU_PDA_T6	para_ct	Endothelial_cells	2.03148733588837	Endothelial cells
KCNAB1	IU_PDA_T6	para_ct	PVL	2.18013555138827	PVL
KCNAB1	IU_PDA_T6	para_ct	Normal_Epithelial_cells	3.28533197426326	Normal Epithelial cells
KCNAB1	IU_PDA_T6	para_ct	Tumor_Epithelial_cells	2.4031751093466	Tumor Epithelial cells
KCNAB1	IU_PDA_T8	intra	Fibroblasts	0.513394650802643	Fibroblasts
KCNAB1	IU_PDA_T8	intra	Monocytes	2.45477984181421e-05	Monocytes
KCNAB1	IU_PDA_T8	intra	B_cells	0.537567203359787	B cells
KCNAB1	IU_PDA_T8	intra	TAM	0.390275788596385	TAM
KCNAB1	IU_PDA_T8	intra	Hepatocytes	2.14807782337753e-06	Hepatocytes
KCNAB1	IU_PDA_T8	intra	Endothelial_cells	6.0890815961564e-06	Endothelial cells
KCNAB1	IU_PDA_T8	intra	PVL	1.31525049667239e-05	PVL
KCNAB1	IU_PDA_T8	intra	Tumor_Epithelial_cells	0.669650627035006	Tumor Epithelial cells
KCNAB1	IU_PDA_T8	juxta_ct	Fibroblasts	0.530308941585295	Fibroblasts
KCNAB1	IU_PDA_T8	juxta_ct	Monocytes	0.00246468111078792	Monocytes
KCNAB1	IU_PDA_T8	juxta_ct	B_cells	0.684770933787759	B cells
KCNAB1	IU_PDA_T8	juxta_ct	TAM	0.659752358556703	TAM
KCNAB1	IU_PDA_T8	juxta_ct	Hepatocytes	1.65716288088063e-06	Hepatocytes
KCNAB1	IU_PDA_T8	juxta_ct	Endothelial_cells	0.000479694528202093	Endothelial cells
KCNAB1	IU_PDA_T8	juxta_ct	PVL	3.30300417610378e-05	PVL
KCNAB1	IU_PDA_T8	juxta_ct	Tumor_Epithelial_cells	0.678545279820234	Tumor Epithelial cells
KCNAB1	IU_PDA_T8	para_ct	Fibroblasts	0.349489727445441	Fibroblasts
KCNAB1	IU_PDA_T8	para_ct	Monocytes	0.31659932571556	Monocytes
KCNAB1	IU_PDA_T8	para_ct	B_cells	0.408278372493174	B cells
KCNAB1	IU_PDA_T8	para_ct	TAM	0.446765256823572	TAM
KCNAB1	IU_PDA_T8	para_ct	Hepatocytes	0.394231228951286	Hepatocytes
KCNAB1	IU_PDA_T8	para_ct	Endothelial_cells	0.414288373393401	Endothelial cells
KCNAB1	IU_PDA_T8	para_ct	PVL	0.578020598981046	PVL
KCNAB1	IU_PDA_T8	para_ct	Tumor_Epithelial_cells	0.363907370947753	Tumor Epithelial cells
KCNAB1	IU_PDA_T9	intra	Fibroblasts	2.5873411265231	Fibroblasts
KCNAB1	IU_PDA_T9	intra	Monocytes	1.48566279003679	Monocytes
KCNAB1	IU_PDA_T9	intra	B_cells	0.00468559468222581	B cells
KCNAB1	IU_PDA_T9	intra	TAM	1.045180061608	TAM
KCNAB1	IU_PDA_T9	intra	Endothelial_cells	0.880123744455519	Endothelial cells
KCNAB1	IU_PDA_T9	intra	PVL	1.26426856133362	PVL
KCNAB1	IU_PDA_T9	intra	T_NK_cells	0.0117948609571035	T-NK cells
KCNAB1	IU_PDA_T9	intra	Tumor_Epithelial_cells	1.64073665469494	Tumor Epithelial cells
KCNAB1	IU_PDA_T9	juxta_ct	Fibroblasts	2.88800248415464	Fibroblasts
KCNAB1	IU_PDA_T9	juxta_ct	Monocytes	2.9647184263895	Monocytes
KCNAB1	IU_PDA_T9	juxta_ct	B_cells	0.392225347403343	B cells
KCNAB1	IU_PDA_T9	juxta_ct	TAM	2.04728740103684	TAM
KCNAB1	IU_PDA_T9	juxta_ct	Endothelial_cells	0.698873783501325	Endothelial cells
KCNAB1	IU_PDA_T9	juxta_ct	PVL	0.669999716431345	PVL
KCNAB1	IU_PDA_T9	juxta_ct	T_NK_cells	0.460096589277513	T-NK cells
KCNAB1	IU_PDA_T9	juxta_ct	Tumor_Epithelial_cells	2.72944581045104	Tumor Epithelial cells
KCNAB1	IU_PDA_T9	para_ct	Fibroblasts	1.67259495724242	Fibroblasts
KCNAB1	IU_PDA_T9	para_ct	Monocytes	1.997684004136	Monocytes
KCNAB1	IU_PDA_T9	para_ct	B_cells	2.02064616810326	B cells
KCNAB1	IU_PDA_T9	para_ct	TAM	1.91329553213403	TAM
KCNAB1	IU_PDA_T9	para_ct	Endothelial_cells	2.03918115928256	Endothelial cells
KCNAB1	IU_PDA_T9	para_ct	PVL	1.95036621363626	PVL
KCNAB1	IU_PDA_T9	para_ct	T_NK_cells	1.66245480172692	T-NK cells
KCNAB1	IU_PDA_T9	para_ct	Tumor_Epithelial_cells	2.11738310413037	Tumor Epithelial cells
KCNAB2	IU_PDA_T1	intra	Fibroblasts	8.45818036562681	Fibroblasts
KCNAB2	IU_PDA_T1	intra	Monocytes	1.77761184711431	Monocytes
KCNAB2	IU_PDA_T1	intra	B_cells	2.45001418455568	B cells
KCNAB2	IU_PDA_T1	intra	TAM	5.71454166366217	TAM
KCNAB2	IU_PDA_T1	intra	Hepatocytes	0.00039762300655418	Hepatocytes
KCNAB2	IU_PDA_T1	intra	Endothelial_cells	0.0149349677732901	Endothelial cells
KCNAB2	IU_PDA_T1	intra	PVL	0.0101519657136794	PVL
KCNAB2	IU_PDA_T1	intra	T_NK_cells	0.0039101860455001	T-NK cells
KCNAB2	IU_PDA_T1	intra	Tumor_Epithelial_cells	3.80680514542272	Tumor Epithelial cells
KCNAB2	IU_PDA_T1	juxta_ct	Fibroblasts	10.9531128217596	Fibroblasts
KCNAB2	IU_PDA_T1	juxta_ct	Monocytes	4.41047787975959	Monocytes
KCNAB2	IU_PDA_T1	juxta_ct	B_cells	4.84085440405194	B cells
KCNAB2	IU_PDA_T1	juxta_ct	TAM	10.458626071584	TAM
KCNAB2	IU_PDA_T1	juxta_ct	Hepatocytes	0.000384841429854761	Hepatocytes
KCNAB2	IU_PDA_T1	juxta_ct	Endothelial_cells	0.68245854264082	Endothelial cells
KCNAB2	IU_PDA_T1	juxta_ct	PVL	0.00134047628647378	PVL
KCNAB2	IU_PDA_T1	juxta_ct	T_NK_cells	0.117151840012075	T-NK cells
KCNAB2	IU_PDA_T1	juxta_ct	Tumor_Epithelial_cells	7.17336854056096	Tumor Epithelial cells
KCNAB2	IU_PDA_T1	para_ct	Fibroblasts	5.00894163082531	Fibroblasts
KCNAB2	IU_PDA_T1	para_ct	Monocytes	5.19350089534547	Monocytes
KCNAB2	IU_PDA_T1	para_ct	B_cells	5.3534997229114	B cells
KCNAB2	IU_PDA_T1	para_ct	TAM	5.75638501721561	TAM
KCNAB2	IU_PDA_T1	para_ct	Hepatocytes	4.38536254223727	Hepatocytes
KCNAB2	IU_PDA_T1	para_ct	Endothelial_cells	5.99531559072784	Endothelial cells
KCNAB2	IU_PDA_T1	para_ct	PVL	4.7233023080383	PVL
KCNAB2	IU_PDA_T1	para_ct	T_NK_cells	5.58186892919063	T-NK cells
KCNAB2	IU_PDA_T1	para_ct	Tumor_Epithelial_cells	6.03182459348534	Tumor Epithelial cells
KCNAB2	IU_PDA_T10	intra	Fibroblasts	9.16163074728508	Fibroblasts
KCNAB2	IU_PDA_T10	intra	Monocytes	2.18298099660037	Monocytes
KCNAB2	IU_PDA_T10	intra	B_cells	4.83669414150337	B cells
KCNAB2	IU_PDA_T10	intra	TAM	6.82929224529567	TAM
KCNAB2	IU_PDA_T10	intra	Endothelial_cells	0.551014523539151	Endothelial cells
KCNAB2	IU_PDA_T10	intra	PVL	0.202099553504867	PVL
KCNAB2	IU_PDA_T10	intra	T_NK_cells	0.959474450228784	T-NK cells
KCNAB2	IU_PDA_T10	intra	Tumor_Epithelial_cells	7.99716278346706	Tumor Epithelial cells
KCNAB2	IU_PDA_T10	juxta_ct	Fibroblasts	13.8381488718679	Fibroblasts
KCNAB2	IU_PDA_T10	juxta_ct	Monocytes	5.80250764323007	Monocytes
KCNAB2	IU_PDA_T10	juxta_ct	B_cells	11.2702075937174	B cells
KCNAB2	IU_PDA_T10	juxta_ct	TAM	12.612580447732	TAM
KCNAB2	IU_PDA_T10	juxta_ct	Endothelial_cells	0.593937161157988	Endothelial cells
KCNAB2	IU_PDA_T10	juxta_ct	PVL	1.21725627937911	PVL
KCNAB2	IU_PDA_T10	juxta_ct	T_NK_cells	1.59504991908609	T-NK cells
KCNAB2	IU_PDA_T10	juxta_ct	Tumor_Epithelial_cells	14.304477792938	Tumor Epithelial cells
KCNAB2	IU_PDA_T10	para_ct	Fibroblasts	9.46045808834151	Fibroblasts
KCNAB2	IU_PDA_T10	para_ct	Monocytes	9.68374209551861	Monocytes
KCNAB2	IU_PDA_T10	para_ct	B_cells	8.62245192302733	B cells
KCNAB2	IU_PDA_T10	para_ct	TAM	10.3104185620783	TAM
KCNAB2	IU_PDA_T10	para_ct	Endothelial_cells	8.45029919404337	Endothelial cells
KCNAB2	IU_PDA_T10	para_ct	PVL	9.50985831866018	PVL
KCNAB2	IU_PDA_T10	para_ct	T_NK_cells	9.41712825939425	T-NK cells
KCNAB2	IU_PDA_T10	para_ct	Tumor_Epithelial_cells	8.75967906963967	Tumor Epithelial cells
KCNAB2	IU_PDA_T11	intra	Fibroblasts	9.45749851909635	Fibroblasts
KCNAB2	IU_PDA_T11	intra	Monocytes	0.933451211323957	Monocytes
KCNAB2	IU_PDA_T11	intra	B_cells	0.0103427909663876	B cells
KCNAB2	IU_PDA_T11	intra	TAM	7.04044986349454	TAM
KCNAB2	IU_PDA_T11	intra	Endothelial_cells	2.35541042918409	Endothelial cells
KCNAB2	IU_PDA_T11	intra	PVL	0.797328100510316	PVL
KCNAB2	IU_PDA_T11	intra	Tumor_Epithelial_cells	8.61597487800364	Tumor Epithelial cells
KCNAB2	IU_PDA_T11	juxta_ct	Fibroblasts	17.1884906222084	Fibroblasts
KCNAB2	IU_PDA_T11	juxta_ct	Monocytes	3.41235036312542	Monocytes
KCNAB2	IU_PDA_T11	juxta_ct	B_cells	0.280992194215626	B cells
KCNAB2	IU_PDA_T11	juxta_ct	TAM	14.1466309184841	TAM
KCNAB2	IU_PDA_T11	juxta_ct	Endothelial_cells	3.98907936862872	Endothelial cells
KCNAB2	IU_PDA_T11	juxta_ct	PVL	2.38540964817622	PVL
KCNAB2	IU_PDA_T11	juxta_ct	Tumor_Epithelial_cells	16.2524276267679	Tumor Epithelial cells
KCNAB2	IU_PDA_T11	para_ct	Fibroblasts	12.140599446376	Fibroblasts
KCNAB2	IU_PDA_T11	para_ct	Monocytes	11.5395497707474	Monocytes
KCNAB2	IU_PDA_T11	para_ct	B_cells	12.1739039909273	B cells
KCNAB2	IU_PDA_T11	para_ct	TAM	11.1642261659872	TAM
KCNAB2	IU_PDA_T11	para_ct	Endothelial_cells	12.6528424875145	Endothelial cells
KCNAB2	IU_PDA_T11	para_ct	PVL	12.2628845982063	PVL
KCNAB2	IU_PDA_T11	para_ct	Tumor_Epithelial_cells	12.5315592361996	Tumor Epithelial cells
KCNAB2	IU_PDA_T12	intra	Fibroblasts	90.7959780479041	Fibroblasts
KCNAB2	IU_PDA_T12	intra	Monocytes	9.26195866587617	Monocytes
KCNAB2	IU_PDA_T12	intra	B_cells	61.7408009811331	B cells
KCNAB2	IU_PDA_T12	intra	TAM	105.2116478395	TAM
KCNAB2	IU_PDA_T12	intra	Endothelial_cells	14.2434723258215	Endothelial cells
KCNAB2	IU_PDA_T12	intra	PVL	3.8186063154224	PVL
KCNAB2	IU_PDA_T12	intra	Normal_Epithelial_cells	0.421445187118945	Normal Epithelial cells
KCNAB2	IU_PDA_T12	intra	T_NK_cells	0.777848801600256	T-NK cells
KCNAB2	IU_PDA_T12	intra	Tumor_Epithelial_cells	61.5557786702708	Tumor Epithelial cells
KCNAB2	IU_PDA_T12	juxta_ct	Fibroblasts	104.863681722094	Fibroblasts
KCNAB2	IU_PDA_T12	juxta_ct	Monocytes	27.1257083694137	Monocytes
KCNAB2	IU_PDA_T12	juxta_ct	B_cells	86.6402130769994	B cells
KCNAB2	IU_PDA_T12	juxta_ct	TAM	121.856440823872	TAM
KCNAB2	IU_PDA_T12	juxta_ct	Endothelial_cells	32.5459202391	Endothelial cells
KCNAB2	IU_PDA_T12	juxta_ct	PVL	9.99538417046008	PVL
KCNAB2	IU_PDA_T12	juxta_ct	Normal_Epithelial_cells	0.256650042241575	Normal Epithelial cells
KCNAB2	IU_PDA_T12	juxta_ct	T_NK_cells	5.92664678572409	T-NK cells
KCNAB2	IU_PDA_T12	juxta_ct	Tumor_Epithelial_cells	88.4290387214146	Tumor Epithelial cells
KCNAB2	IU_PDA_T12	para_ct	Fibroblasts	57.9376160694123	Fibroblasts
KCNAB2	IU_PDA_T12	para_ct	Monocytes	55.8488965369716	Monocytes
KCNAB2	IU_PDA_T12	para_ct	B_cells	58.9747002183349	B cells
KCNAB2	IU_PDA_T12	para_ct	TAM	64.5058053245524	TAM
KCNAB2	IU_PDA_T12	para_ct	Endothelial_cells	60.502546973563	Endothelial cells
KCNAB2	IU_PDA_T12	para_ct	PVL	64.0979164340716	PVL
KCNAB2	IU_PDA_T12	para_ct	Normal_Epithelial_cells	59.5592929751782	Normal Epithelial cells
KCNAB2	IU_PDA_T12	para_ct	T_NK_cells	59.9737968419161	T-NK cells
KCNAB2	IU_PDA_T12	para_ct	Tumor_Epithelial_cells	62.5406503222277	Tumor Epithelial cells
KCNAB2	IU_PDA_T2	intra	Fibroblasts	10.3228975846934	Fibroblasts
KCNAB2	IU_PDA_T2	intra	Monocytes	0.646546473506764	Monocytes
KCNAB2	IU_PDA_T2	intra	B_cells	5.72062145458859	B cells
KCNAB2	IU_PDA_T2	intra	TAM	6.10934348324643	TAM
KCNAB2	IU_PDA_T2	intra	Hepatocytes	0.0026523821655191	Hepatocytes
KCNAB2	IU_PDA_T2	intra	Endothelial_cells	0.0180455229638503	Endothelial cells
KCNAB2	IU_PDA_T2	intra	PVL	0.0227640357128953	PVL
KCNAB2	IU_PDA_T2	intra	Normal_Epithelial_cells	0.00881174274671134	Normal Epithelial cells
KCNAB2	IU_PDA_T2	intra	T_NK_cells	0.211104512028987	T-NK cells
KCNAB2	IU_PDA_T2	intra	Tumor_Epithelial_cells	9.8977446633828	Tumor Epithelial cells
KCNAB2	IU_PDA_T2	juxta_ct	Fibroblasts	15.4344671128781	Fibroblasts
KCNAB2	IU_PDA_T2	juxta_ct	Monocytes	2.31975602407796	Monocytes
KCNAB2	IU_PDA_T2	juxta_ct	B_cells	9.79894223421485	B cells
KCNAB2	IU_PDA_T2	juxta_ct	TAM	13.6937244144635	TAM
KCNAB2	IU_PDA_T2	juxta_ct	Hepatocytes	0.0121356398046751	Hepatocytes
KCNAB2	IU_PDA_T2	juxta_ct	Endothelial_cells	0.161781516620585	Endothelial cells
KCNAB2	IU_PDA_T2	juxta_ct	PVL	0.0430141282324654	PVL
KCNAB2	IU_PDA_T2	juxta_ct	Normal_Epithelial_cells	0.148252250343818	Normal Epithelial cells
KCNAB2	IU_PDA_T2	juxta_ct	T_NK_cells	0.336164019503937	T-NK cells
KCNAB2	IU_PDA_T2	juxta_ct	Tumor_Epithelial_cells	15.6891073323136	Tumor Epithelial cells
KCNAB2	IU_PDA_T2	para_ct	Fibroblasts	8.71232920870708	Fibroblasts
KCNAB2	IU_PDA_T2	para_ct	Monocytes	8.84831476958334	Monocytes
KCNAB2	IU_PDA_T2	para_ct	B_cells	9.77949566597209	B cells
KCNAB2	IU_PDA_T2	para_ct	TAM	9.6208738468302	TAM
KCNAB2	IU_PDA_T2	para_ct	Hepatocytes	8.80307976774336	Hepatocytes
KCNAB2	IU_PDA_T2	para_ct	Endothelial_cells	9.02567502425214	Endothelial cells
KCNAB2	IU_PDA_T2	para_ct	PVL	9.10314804070866	PVL
KCNAB2	IU_PDA_T2	para_ct	Normal_Epithelial_cells	8.61275331185546	Normal Epithelial cells
KCNAB2	IU_PDA_T2	para_ct	T_NK_cells	8.26353817026358	T-NK cells
KCNAB2	IU_PDA_T2	para_ct	Tumor_Epithelial_cells	8.4905103284012	Tumor Epithelial cells
KCNAB2	IU_PDA_T3	intra	Fibroblasts	32.680565995445	Fibroblasts
KCNAB2	IU_PDA_T3	intra	Monocytes	16.089323495788	Monocytes
KCNAB2	IU_PDA_T3	intra	B_cells	27.9158377634916	B cells
KCNAB2	IU_PDA_T3	intra	TAM	12.6812288826549	TAM
KCNAB2	IU_PDA_T3	intra	Endothelial_cells	2.98345275212672	Endothelial cells
KCNAB2	IU_PDA_T3	intra	PVL	3.70858987370545	PVL
KCNAB2	IU_PDA_T3	intra	T_NK_cells	3.22214700802754	T-NK cells
KCNAB2	IU_PDA_T3	intra	Tumor_Epithelial_cells	17.4905934731602	Tumor Epithelial cells
KCNAB2	IU_PDA_T3	juxta_ct	Fibroblasts	43.093411015637	Fibroblasts
KCNAB2	IU_PDA_T3	juxta_ct	Monocytes	38.5813309346621	Monocytes
KCNAB2	IU_PDA_T3	juxta_ct	B_cells	43.0800307385909	B cells
KCNAB2	IU_PDA_T3	juxta_ct	TAM	30.904359365283	TAM
KCNAB2	IU_PDA_T3	juxta_ct	Endothelial_cells	8.64961794837719	Endothelial cells
KCNAB2	IU_PDA_T3	juxta_ct	PVL	8.00424465833451	PVL
KCNAB2	IU_PDA_T3	juxta_ct	T_NK_cells	8.69497721295787	T-NK cells
KCNAB2	IU_PDA_T3	juxta_ct	Tumor_Epithelial_cells	26.8536722805269	Tumor Epithelial cells
KCNAB2	IU_PDA_T3	para_ct	Fibroblasts	34.441232747791	Fibroblasts
KCNAB2	IU_PDA_T3	para_ct	Monocytes	32.5477426570732	Monocytes
KCNAB2	IU_PDA_T3	para_ct	B_cells	32.6720207046406	B cells
KCNAB2	IU_PDA_T3	para_ct	TAM	32.5444351420219	TAM
KCNAB2	IU_PDA_T3	para_ct	Endothelial_cells	34.1675179424353	Endothelial cells
KCNAB2	IU_PDA_T3	para_ct	PVL	33.1945529170769	PVL
KCNAB2	IU_PDA_T3	para_ct	T_NK_cells	32.6893507806803	T-NK cells
KCNAB2	IU_PDA_T3	para_ct	Tumor_Epithelial_cells	33.3714086386351	Tumor Epithelial cells
KCNAB2	IU_PDA_T4	intra	Fibroblasts	14.4967481662486	Fibroblasts
KCNAB2	IU_PDA_T4	intra	Monocytes	4.18396632667988	Monocytes
KCNAB2	IU_PDA_T4	intra	B_cells	0.00788524182183714	B cells
KCNAB2	IU_PDA_T4	intra	TAM	7.86573738717201	TAM
KCNAB2	IU_PDA_T4	intra	Hepatocytes	0.00120287660635487	Hepatocytes
KCNAB2	IU_PDA_T4	intra	Endothelial_cells	0.833864012029435	Endothelial cells
KCNAB2	IU_PDA_T4	intra	PVL	1.1189786193842	PVL
KCNAB2	IU_PDA_T4	intra	T_NK_cells	0.310133039117349	T-NK cells
KCNAB2	IU_PDA_T4	intra	Tumor_Epithelial_cells	13.6054132733109	Tumor Epithelial cells
KCNAB2	IU_PDA_T4	juxta_ct	Fibroblasts	20.010989729208	Fibroblasts
KCNAB2	IU_PDA_T4	juxta_ct	Monocytes	11.9573830468392	Monocytes
KCNAB2	IU_PDA_T4	juxta_ct	B_cells	0.317544610810208	B cells
KCNAB2	IU_PDA_T4	juxta_ct	TAM	15.8457450370205	TAM
KCNAB2	IU_PDA_T4	juxta_ct	Hepatocytes	0.00440821898978073	Hepatocytes
KCNAB2	IU_PDA_T4	juxta_ct	Endothelial_cells	1.30166472674816	Endothelial cells
KCNAB2	IU_PDA_T4	juxta_ct	PVL	2.6017801330797	PVL
KCNAB2	IU_PDA_T4	juxta_ct	T_NK_cells	0.0163040695104755	T-NK cells
KCNAB2	IU_PDA_T4	juxta_ct	Tumor_Epithelial_cells	19.7789530053719	Tumor Epithelial cells
KCNAB2	IU_PDA_T4	para_ct	Fibroblasts	11.9424315067565	Fibroblasts
KCNAB2	IU_PDA_T4	para_ct	Monocytes	13.6729397555537	Monocytes
KCNAB2	IU_PDA_T4	para_ct	B_cells	10.8362653347883	B cells
KCNAB2	IU_PDA_T4	para_ct	TAM	12.2095211801003	TAM
KCNAB2	IU_PDA_T4	para_ct	Hepatocytes	10.7223515839946	Hepatocytes
KCNAB2	IU_PDA_T4	para_ct	Endothelial_cells	11.4939175001081	Endothelial cells
KCNAB2	IU_PDA_T4	para_ct	PVL	11.5302751638768	PVL
KCNAB2	IU_PDA_T4	para_ct	T_NK_cells	11.4930663543801	T-NK cells
KCNAB2	IU_PDA_T4	para_ct	Tumor_Epithelial_cells	11.6950897459577	Tumor Epithelial cells
KCNAB2	IU_PDA_T6	intra	Fibroblasts	6.04811381214265	Fibroblasts
KCNAB2	IU_PDA_T6	intra	Monocytes	0.0562929319338454	Monocytes
KCNAB2	IU_PDA_T6	intra	TAM	2.99397552072805	TAM
KCNAB2	IU_PDA_T6	intra	Endothelial_cells	0.00695871911904511	Endothelial cells
KCNAB2	IU_PDA_T6	intra	PVL	0.00130912209123313	PVL
KCNAB2	IU_PDA_T6	intra	Normal_Epithelial_cells	0.23808861997349	Normal Epithelial cells
KCNAB2	IU_PDA_T6	intra	Tumor_Epithelial_cells	5.78520114279883	Tumor Epithelial cells
KCNAB2	IU_PDA_T6	juxta_ct	Fibroblasts	9.48163903732314	Fibroblasts
KCNAB2	IU_PDA_T6	juxta_ct	Monocytes	0.914696462729087	Monocytes
KCNAB2	IU_PDA_T6	juxta_ct	TAM	5.71628257583706	TAM
KCNAB2	IU_PDA_T6	juxta_ct	Endothelial_cells	0.116245080214459	Endothelial cells
KCNAB2	IU_PDA_T6	juxta_ct	PVL	0.0208621191538654	PVL
KCNAB2	IU_PDA_T6	juxta_ct	Normal_Epithelial_cells	0.498374424610564	Normal Epithelial cells
KCNAB2	IU_PDA_T6	juxta_ct	Tumor_Epithelial_cells	9.09949017844681	Tumor Epithelial cells
KCNAB2	IU_PDA_T6	para_ct	Fibroblasts	16.9845662128304	Fibroblasts
KCNAB2	IU_PDA_T6	para_ct	Monocytes	17.8840814383231	Monocytes
KCNAB2	IU_PDA_T6	para_ct	TAM	15.9586686846206	TAM
KCNAB2	IU_PDA_T6	para_ct	Endothelial_cells	16.5493268727811	Endothelial cells
KCNAB2	IU_PDA_T6	para_ct	PVL	16.1228845392882	PVL
KCNAB2	IU_PDA_T6	para_ct	Normal_Epithelial_cells	16.7817385880271	Normal Epithelial cells
KCNAB2	IU_PDA_T6	para_ct	Tumor_Epithelial_cells	18.1116314306429	Tumor Epithelial cells
KCNAB2	IU_PDA_T8	intra	Fibroblasts	8.09263056643292	Fibroblasts
KCNAB2	IU_PDA_T8	intra	Monocytes	0.662177538253129	Monocytes
KCNAB2	IU_PDA_T8	intra	B_cells	4.64713501785243	B cells
KCNAB2	IU_PDA_T8	intra	TAM	5.51989442593356	TAM
KCNAB2	IU_PDA_T8	intra	Hepatocytes	0.000751240021823672	Hepatocytes
KCNAB2	IU_PDA_T8	intra	Endothelial_cells	0.0303916081610118	Endothelial cells
KCNAB2	IU_PDA_T8	intra	PVL	0.00683687999918962	PVL
KCNAB2	IU_PDA_T8	intra	Tumor_Epithelial_cells	8.39141456143495	Tumor Epithelial cells
KCNAB2	IU_PDA_T8	juxta_ct	Fibroblasts	15.0837610073292	Fibroblasts
KCNAB2	IU_PDA_T8	juxta_ct	Monocytes	1.28955691164512	Monocytes
KCNAB2	IU_PDA_T8	juxta_ct	B_cells	11.2102757807855	B cells
KCNAB2	IU_PDA_T8	juxta_ct	TAM	13.7384662728723	TAM
KCNAB2	IU_PDA_T8	juxta_ct	Hepatocytes	0.213264805330928	Hepatocytes
KCNAB2	IU_PDA_T8	juxta_ct	Endothelial_cells	0.367994448968112	Endothelial cells
KCNAB2	IU_PDA_T8	juxta_ct	PVL	0.0746496737729309	PVL
KCNAB2	IU_PDA_T8	juxta_ct	Tumor_Epithelial_cells	15.3134903229344	Tumor Epithelial cells
KCNAB2	IU_PDA_T8	para_ct	Fibroblasts	14.5371115299834	Fibroblasts
KCNAB2	IU_PDA_T8	para_ct	Monocytes	14.1030680071877	Monocytes
KCNAB2	IU_PDA_T8	para_ct	B_cells	15.6060377142188	B cells
KCNAB2	IU_PDA_T8	para_ct	TAM	15.8088229341905	TAM
KCNAB2	IU_PDA_T8	para_ct	Hepatocytes	14.0633828010314	Hepatocytes
KCNAB2	IU_PDA_T8	para_ct	Endothelial_cells	14.3132271057089	Endothelial cells
KCNAB2	IU_PDA_T8	para_ct	PVL	15.3524441686625	PVL
KCNAB2	IU_PDA_T8	para_ct	Tumor_Epithelial_cells	15.3059449705774	Tumor Epithelial cells
KCNAB2	IU_PDA_T9	intra	Fibroblasts	12.7785684896952	Fibroblasts
KCNAB2	IU_PDA_T9	intra	Monocytes	8.80111589394109	Monocytes
KCNAB2	IU_PDA_T9	intra	B_cells	0.325775665366762	B cells
KCNAB2	IU_PDA_T9	intra	TAM	5.26855930669762	TAM
KCNAB2	IU_PDA_T9	intra	Endothelial_cells	1.85089636545153	Endothelial cells
KCNAB2	IU_PDA_T9	intra	PVL	1.35746588343777	PVL
KCNAB2	IU_PDA_T9	intra	T_NK_cells	2.47954461709821	T-NK cells
KCNAB2	IU_PDA_T9	intra	Tumor_Epithelial_cells	9.38092327562623	Tumor Epithelial cells
KCNAB2	IU_PDA_T9	juxta_ct	Fibroblasts	25.1223816361811	Fibroblasts
KCNAB2	IU_PDA_T9	juxta_ct	Monocytes	23.8719480178605	Monocytes
KCNAB2	IU_PDA_T9	juxta_ct	B_cells	1.73670589213786	B cells
KCNAB2	IU_PDA_T9	juxta_ct	TAM	18.4278482197781	TAM
KCNAB2	IU_PDA_T9	juxta_ct	Endothelial_cells	5.64485681882993	Endothelial cells
KCNAB2	IU_PDA_T9	juxta_ct	PVL	3.18506717723069	PVL
KCNAB2	IU_PDA_T9	juxta_ct	T_NK_cells	6.582038010953	T-NK cells
KCNAB2	IU_PDA_T9	juxta_ct	Tumor_Epithelial_cells	21.2622129144992	Tumor Epithelial cells
KCNAB2	IU_PDA_T9	para_ct	Fibroblasts	17.7233119785611	Fibroblasts
KCNAB2	IU_PDA_T9	para_ct	Monocytes	18.4285082023334	Monocytes
KCNAB2	IU_PDA_T9	para_ct	B_cells	18.8842664743135	B cells
KCNAB2	IU_PDA_T9	para_ct	TAM	19.130193342724	TAM
KCNAB2	IU_PDA_T9	para_ct	Endothelial_cells	17.7545444984218	Endothelial cells
KCNAB2	IU_PDA_T9	para_ct	PVL	16.9812033101799	PVL
KCNAB2	IU_PDA_T9	para_ct	T_NK_cells	18.7668150480554	T-NK cells
KCNAB2	IU_PDA_T9	para_ct	Tumor_Epithelial_cells	18.0979559051475	Tumor Epithelial cells
KCNB1	IU_PDA_T10	intra	Fibroblasts	0.680132549363298	Fibroblasts
KCNB1	IU_PDA_T10	intra	Monocytes	0.000339575861042397	Monocytes
KCNB1	IU_PDA_T10	intra	B_cells	0.664988328542761	B cells
KCNB1	IU_PDA_T10	intra	TAM	0.549180225209542	TAM
KCNB1	IU_PDA_T10	intra	Endothelial_cells	1.56234833258341e-05	Endothelial cells
KCNB1	IU_PDA_T10	intra	PVL	0.0004250789402209	PVL
KCNB1	IU_PDA_T10	intra	T_NK_cells	5.87703911099003e-05	T-NK cells
KCNB1	IU_PDA_T10	intra	Tumor_Epithelial_cells	0.719286829304797	Tumor Epithelial cells
KCNB1	IU_PDA_T10	juxta_ct	Fibroblasts	0.707030954322049	Fibroblasts
KCNB1	IU_PDA_T10	juxta_ct	Monocytes	0.332241123742779	Monocytes
KCNB1	IU_PDA_T10	juxta_ct	B_cells	0.574412400040782	B cells
KCNB1	IU_PDA_T10	juxta_ct	TAM	0.64641308889239	TAM
KCNB1	IU_PDA_T10	juxta_ct	Endothelial_cells	0.00010332442550302	Endothelial cells
KCNB1	IU_PDA_T10	juxta_ct	PVL	0.0941495929360895	PVL
KCNB1	IU_PDA_T10	juxta_ct	T_NK_cells	0.010229110215546	T-NK cells
KCNB1	IU_PDA_T10	juxta_ct	Tumor_Epithelial_cells	0.6917270243528	Tumor Epithelial cells
KCNB1	IU_PDA_T10	para_ct	Fibroblasts	0.41301583578765	Fibroblasts
KCNB1	IU_PDA_T10	para_ct	Monocytes	0.458753854898776	Monocytes
KCNB1	IU_PDA_T10	para_ct	B_cells	0.329614163519896	B cells
KCNB1	IU_PDA_T10	para_ct	TAM	0.419100607427393	TAM
KCNB1	IU_PDA_T10	para_ct	Endothelial_cells	0.337191308408559	Endothelial cells
KCNB1	IU_PDA_T10	para_ct	PVL	0.542191908282927	PVL
KCNB1	IU_PDA_T10	para_ct	T_NK_cells	0.353184852825994	T-NK cells
KCNB1	IU_PDA_T10	para_ct	Tumor_Epithelial_cells	0.288705789735746	Tumor Epithelial cells
KCNB1	IU_PDA_T11	intra	Fibroblasts	3.89986358722859	Fibroblasts
KCNB1	IU_PDA_T11	intra	Monocytes	0.111289327332741	Monocytes
KCNB1	IU_PDA_T11	intra	B_cells	0.0194796873355998	B cells
KCNB1	IU_PDA_T11	intra	TAM	1.86214408385276	TAM
KCNB1	IU_PDA_T11	intra	Endothelial_cells	0.350326732361204	Endothelial cells
KCNB1	IU_PDA_T11	intra	PVL	0.711157740543948	PVL
KCNB1	IU_PDA_T11	intra	Tumor_Epithelial_cells	3.5098638594914	Tumor Epithelial cells
KCNB1	IU_PDA_T11	juxta_ct	Fibroblasts	5.3271449061335	Fibroblasts
KCNB1	IU_PDA_T11	juxta_ct	Monocytes	1.91261493698435	Monocytes
KCNB1	IU_PDA_T11	juxta_ct	B_cells	0.142892105834745	B cells
KCNB1	IU_PDA_T11	juxta_ct	TAM	3.63976238121686	TAM
KCNB1	IU_PDA_T11	juxta_ct	Endothelial_cells	1.07702642421117	Endothelial cells
KCNB1	IU_PDA_T11	juxta_ct	PVL	1.2413650844476	PVL
KCNB1	IU_PDA_T11	juxta_ct	Tumor_Epithelial_cells	4.75070626414096	Tumor Epithelial cells
KCNB1	IU_PDA_T11	para_ct	Fibroblasts	4.04336045400305	Fibroblasts
KCNB1	IU_PDA_T11	para_ct	Monocytes	3.94630630001663	Monocytes
KCNB1	IU_PDA_T11	para_ct	B_cells	3.18673879973818	B cells
KCNB1	IU_PDA_T11	para_ct	TAM	3.89463085309093	TAM
KCNB1	IU_PDA_T11	para_ct	Endothelial_cells	3.50521979707867	Endothelial cells
KCNB1	IU_PDA_T11	para_ct	PVL	3.7154101700423	PVL
KCNB1	IU_PDA_T11	para_ct	Tumor_Epithelial_cells	3.51997654843304	Tumor Epithelial cells
KCNB1	IU_PDA_T12	intra	Fibroblasts	3.87966606388321	Fibroblasts
KCNB1	IU_PDA_T12	intra	Monocytes	0.61655178816906	Monocytes
KCNB1	IU_PDA_T12	intra	B_cells	3.84168352223523	B cells
KCNB1	IU_PDA_T12	intra	TAM	3.43018911648319	TAM
KCNB1	IU_PDA_T12	intra	Endothelial_cells	1.21458622535552	Endothelial cells
KCNB1	IU_PDA_T12	intra	PVL	0.187754887734843	PVL
KCNB1	IU_PDA_T12	intra	Normal_Epithelial_cells	0.000126085676389217	Normal Epithelial cells
KCNB1	IU_PDA_T12	intra	T_NK_cells	0.00335583718730202	T-NK cells
KCNB1	IU_PDA_T12	intra	Tumor_Epithelial_cells	2.01808662094859	Tumor Epithelial cells
KCNB1	IU_PDA_T12	juxta_ct	Fibroblasts	3.61282548753593	Fibroblasts
KCNB1	IU_PDA_T12	juxta_ct	Monocytes	0.575070551616767	Monocytes
KCNB1	IU_PDA_T12	juxta_ct	B_cells	3.8097860435044	B cells
KCNB1	IU_PDA_T12	juxta_ct	TAM	3.14281425097764	TAM
KCNB1	IU_PDA_T12	juxta_ct	Endothelial_cells	1.64559334219262	Endothelial cells
KCNB1	IU_PDA_T12	juxta_ct	PVL	0.529865838379572	PVL
KCNB1	IU_PDA_T12	juxta_ct	Normal_Epithelial_cells	0.280063050722398	Normal Epithelial cells
KCNB1	IU_PDA_T12	juxta_ct	T_NK_cells	0.154720807970207	T-NK cells
KCNB1	IU_PDA_T12	juxta_ct	Tumor_Epithelial_cells	2.94674244620096	Tumor Epithelial cells
KCNB1	IU_PDA_T12	para_ct	Fibroblasts	2.01300922831652	Fibroblasts
KCNB1	IU_PDA_T12	para_ct	Monocytes	2.09158927728319	Monocytes
KCNB1	IU_PDA_T12	para_ct	B_cells	1.73166841981035	B cells
KCNB1	IU_PDA_T12	para_ct	TAM	1.6401393365308	TAM
KCNB1	IU_PDA_T12	para_ct	Endothelial_cells	1.93200485810938	Endothelial cells
KCNB1	IU_PDA_T12	para_ct	PVL	2.08774606515046	PVL
KCNB1	IU_PDA_T12	para_ct	Normal_Epithelial_cells	1.92354222217223	Normal Epithelial cells
KCNB1	IU_PDA_T12	para_ct	T_NK_cells	1.72318646949587	T-NK cells
KCNB1	IU_PDA_T12	para_ct	Tumor_Epithelial_cells	2.12932265283745	Tumor Epithelial cells
KCNB1	IU_PDA_T2	intra	Fibroblasts	1.29325152861673	Fibroblasts
KCNB1	IU_PDA_T2	intra	Monocytes	9.37103799892971e-05	Monocytes
KCNB1	IU_PDA_T2	intra	B_cells	0.406161476935053	B cells
KCNB1	IU_PDA_T2	intra	TAM	0.93948855669567	TAM
KCNB1	IU_PDA_T2	intra	Hepatocytes	1.55961690631311e-05	Hepatocytes
KCNB1	IU_PDA_T2	intra	Endothelial_cells	0.000167614298485402	Endothelial cells
KCNB1	IU_PDA_T2	intra	PVL	3.10018276714456e-05	PVL
KCNB1	IU_PDA_T2	intra	Normal_Epithelial_cells	5.88552723158534e-05	Normal Epithelial cells
KCNB1	IU_PDA_T2	intra	T_NK_cells	9.13109594607723e-06	T-NK cells
KCNB1	IU_PDA_T2	intra	Tumor_Epithelial_cells	1.34554094019926	Tumor Epithelial cells
KCNB1	IU_PDA_T2	juxta_ct	Fibroblasts	1.26647854670035	Fibroblasts
KCNB1	IU_PDA_T2	juxta_ct	Monocytes	0.00272302949241775	Monocytes
KCNB1	IU_PDA_T2	juxta_ct	B_cells	0.802162890822007	B cells
KCNB1	IU_PDA_T2	juxta_ct	TAM	1.16924285247311	TAM
KCNB1	IU_PDA_T2	juxta_ct	Hepatocytes	1.74542297221529e-05	Hepatocytes
KCNB1	IU_PDA_T2	juxta_ct	Endothelial_cells	0.00014399605553815	Endothelial cells
KCNB1	IU_PDA_T2	juxta_ct	PVL	0.00022722722149754	PVL
KCNB1	IU_PDA_T2	juxta_ct	Normal_Epithelial_cells	0.0004530692237915	Normal Epithelial cells
KCNB1	IU_PDA_T2	juxta_ct	T_NK_cells	2.54103367197647e-05	T-NK cells
KCNB1	IU_PDA_T2	juxta_ct	Tumor_Epithelial_cells	1.49829307379792	Tumor Epithelial cells
KCNB1	IU_PDA_T2	para_ct	Fibroblasts	0.608745656773869	Fibroblasts
KCNB1	IU_PDA_T2	para_ct	Monocytes	0.520990879021613	Monocytes
KCNB1	IU_PDA_T2	para_ct	B_cells	0.540333835233755	B cells
KCNB1	IU_PDA_T2	para_ct	TAM	0.684778348318831	TAM
KCNB1	IU_PDA_T2	para_ct	Hepatocytes	0.636550104216239	Hepatocytes
KCNB1	IU_PDA_T2	para_ct	Endothelial_cells	0.617006045390505	Endothelial cells
KCNB1	IU_PDA_T2	para_ct	PVL	0.437718303082649	PVL
KCNB1	IU_PDA_T2	para_ct	Normal_Epithelial_cells	0.584591053032473	Normal Epithelial cells
KCNB1	IU_PDA_T2	para_ct	T_NK_cells	0.543418569509872	T-NK cells
KCNB1	IU_PDA_T2	para_ct	Tumor_Epithelial_cells	0.761885971049461	Tumor Epithelial cells
KCNB1	IU_PDA_T3	intra	Fibroblasts	0.877677222874459	Fibroblasts
KCNB1	IU_PDA_T3	intra	Monocytes	0.14823068830193	Monocytes
KCNB1	IU_PDA_T3	intra	B_cells	0.885820789360111	B cells
KCNB1	IU_PDA_T3	intra	TAM	0.37894086594568	TAM
KCNB1	IU_PDA_T3	intra	Endothelial_cells	0.246114018485999	Endothelial cells
KCNB1	IU_PDA_T3	intra	PVL	0.164138764044241	PVL
KCNB1	IU_PDA_T3	intra	T_NK_cells	0.000436117555567033	T-NK cells
KCNB1	IU_PDA_T3	intra	Tumor_Epithelial_cells	0.00732494795863969	Tumor Epithelial cells
KCNB1	IU_PDA_T3	juxta_ct	Fibroblasts	0.550013409240133	Fibroblasts
KCNB1	IU_PDA_T3	juxta_ct	Monocytes	0.428926218601388	Monocytes
KCNB1	IU_PDA_T3	juxta_ct	B_cells	0.588863298483416	B cells
KCNB1	IU_PDA_T3	juxta_ct	TAM	0.502122887423449	TAM
KCNB1	IU_PDA_T3	juxta_ct	Endothelial_cells	0.569105222485108	Endothelial cells
KCNB1	IU_PDA_T3	juxta_ct	PVL	0.21334262046389	PVL
KCNB1	IU_PDA_T3	juxta_ct	T_NK_cells	0.264333462639786	T-NK cells
KCNB1	IU_PDA_T3	juxta_ct	Tumor_Epithelial_cells	0.173968166094813	Tumor Epithelial cells
KCNB1	IU_PDA_T3	para_ct	Fibroblasts	0.578848440054671	Fibroblasts
KCNB1	IU_PDA_T3	para_ct	Monocytes	0.253166139599552	Monocytes
KCNB1	IU_PDA_T3	para_ct	B_cells	0.337793471667409	B cells
KCNB1	IU_PDA_T3	para_ct	TAM	0.476244012290684	TAM
KCNB1	IU_PDA_T3	para_ct	Endothelial_cells	0.546227222089617	Endothelial cells
KCNB1	IU_PDA_T3	para_ct	PVL	0.371283096572093	PVL
KCNB1	IU_PDA_T3	para_ct	T_NK_cells	0.52455795142413	T-NK cells
KCNB1	IU_PDA_T3	para_ct	Tumor_Epithelial_cells	0.519756680310768	Tumor Epithelial cells
KCNB1	IU_PDA_T4	intra	Fibroblasts	0.552002130728302	Fibroblasts
KCNB1	IU_PDA_T4	intra	Monocytes	0.0316835230674335	Monocytes
KCNB1	IU_PDA_T4	intra	B_cells	3.0043260785075e-06	B cells
KCNB1	IU_PDA_T4	intra	TAM	0.320595552565182	TAM
KCNB1	IU_PDA_T4	intra	Hepatocytes	9.33269632686674e-09	Hepatocytes
KCNB1	IU_PDA_T4	intra	Endothelial_cells	0.253803678891856	Endothelial cells
KCNB1	IU_PDA_T4	intra	PVL	0.187833355492385	PVL
KCNB1	IU_PDA_T4	intra	T_NK_cells	2.38653901186944e-07	T-NK cells
KCNB1	IU_PDA_T4	intra	Tumor_Epithelial_cells	0.720907144962564	Tumor Epithelial cells
KCNB1	IU_PDA_T4	juxta_ct	Fibroblasts	0.690507778139935	Fibroblasts
KCNB1	IU_PDA_T4	juxta_ct	Monocytes	0.27195544797914	Monocytes
KCNB1	IU_PDA_T4	juxta_ct	B_cells	6.37700894374118e-06	B cells
KCNB1	IU_PDA_T4	juxta_ct	TAM	0.307561400302083	TAM
KCNB1	IU_PDA_T4	juxta_ct	Hepatocytes	4.82680809242808e-06	Hepatocytes
KCNB1	IU_PDA_T4	juxta_ct	Endothelial_cells	0.148188183928865	Endothelial cells
KCNB1	IU_PDA_T4	juxta_ct	PVL	0.226144218889416	PVL
KCNB1	IU_PDA_T4	juxta_ct	T_NK_cells	6.21587003094015e-07	T-NK cells
KCNB1	IU_PDA_T4	juxta_ct	Tumor_Epithelial_cells	0.585511700768391	Tumor Epithelial cells
KCNB1	IU_PDA_T4	para_ct	Fibroblasts	0.334484849910434	Fibroblasts
KCNB1	IU_PDA_T4	para_ct	Monocytes	0.126338043142017	Monocytes
KCNB1	IU_PDA_T4	para_ct	B_cells	0.293398220925596	B cells
KCNB1	IU_PDA_T4	para_ct	TAM	0.307374539146884	TAM
KCNB1	IU_PDA_T4	para_ct	Hepatocytes	0.261886526447751	Hepatocytes
KCNB1	IU_PDA_T4	para_ct	Endothelial_cells	0.279917065342458	Endothelial cells
KCNB1	IU_PDA_T4	para_ct	PVL	0.350302240772483	PVL
KCNB1	IU_PDA_T4	para_ct	T_NK_cells	0.335058343504538	T-NK cells
KCNB1	IU_PDA_T4	para_ct	Tumor_Epithelial_cells	0.223714938857036	Tumor Epithelial cells
KCNB1	IU_PDA_T9	intra	Fibroblasts	1.27922941081374	Fibroblasts
KCNB1	IU_PDA_T9	intra	Monocytes	0.683847307876036	Monocytes
KCNB1	IU_PDA_T9	intra	B_cells	0.000162254408871292	B cells
KCNB1	IU_PDA_T9	intra	TAM	0.217075997612867	TAM
KCNB1	IU_PDA_T9	intra	Endothelial_cells	0.586287375867039	Endothelial cells
KCNB1	IU_PDA_T9	intra	PVL	0.128201274206899	PVL
KCNB1	IU_PDA_T9	intra	T_NK_cells	0.00080434182619474	T-NK cells
KCNB1	IU_PDA_T9	intra	Tumor_Epithelial_cells	0.676426938668251	Tumor Epithelial cells
KCNB1	IU_PDA_T9	juxta_ct	Fibroblasts	1.43728778861117	Fibroblasts
KCNB1	IU_PDA_T9	juxta_ct	Monocytes	1.18610281325279	Monocytes
KCNB1	IU_PDA_T9	juxta_ct	B_cells	0.00333383055295791	B cells
KCNB1	IU_PDA_T9	juxta_ct	TAM	0.813780288587557	TAM
KCNB1	IU_PDA_T9	juxta_ct	Endothelial_cells	0.278165361154522	Endothelial cells
KCNB1	IU_PDA_T9	juxta_ct	PVL	0.277738326929741	PVL
KCNB1	IU_PDA_T9	juxta_ct	T_NK_cells	0.254160862638105	T-NK cells
KCNB1	IU_PDA_T9	juxta_ct	Tumor_Epithelial_cells	0.70552307911421	Tumor Epithelial cells
KCNB1	IU_PDA_T9	para_ct	Fibroblasts	0.76242095663228	Fibroblasts
KCNB1	IU_PDA_T9	para_ct	Monocytes	0.646164840045148	Monocytes
KCNB1	IU_PDA_T9	para_ct	B_cells	0.653075406521946	B cells
KCNB1	IU_PDA_T9	para_ct	TAM	0.700614990575985	TAM
KCNB1	IU_PDA_T9	para_ct	Endothelial_cells	0.6026105944544	Endothelial cells
KCNB1	IU_PDA_T9	para_ct	PVL	0.864616227433913	PVL
KCNB1	IU_PDA_T9	para_ct	T_NK_cells	0.613433113357678	T-NK cells
KCNB1	IU_PDA_T9	para_ct	Tumor_Epithelial_cells	0.789648770486519	Tumor Epithelial cells
KCNC4	IU_PDA_T1	intra	Fibroblasts	8.08741400652111	Fibroblasts
KCNC4	IU_PDA_T1	intra	Monocytes	1.8527896779817	Monocytes
KCNC4	IU_PDA_T1	intra	B_cells	2.31661363373169	B cells
KCNC4	IU_PDA_T1	intra	TAM	4.6492662867518	TAM
KCNC4	IU_PDA_T1	intra	Hepatocytes	0.000384651496966841	Hepatocytes
KCNC4	IU_PDA_T1	intra	Endothelial_cells	0.241100836394371	Endothelial cells
KCNC4	IU_PDA_T1	intra	PVL	0.20898900762156	PVL
KCNC4	IU_PDA_T1	intra	T_NK_cells	0.330561799991498	T-NK cells
KCNC4	IU_PDA_T1	intra	Tumor_Epithelial_cells	4.90582696112983	Tumor Epithelial cells
KCNC4	IU_PDA_T1	juxta_ct	Fibroblasts	11.7373509172388	Fibroblasts
KCNC4	IU_PDA_T1	juxta_ct	Monocytes	5.23983602158066	Monocytes
KCNC4	IU_PDA_T1	juxta_ct	B_cells	5.94736370921169	B cells
KCNC4	IU_PDA_T1	juxta_ct	TAM	8.10481272231982	TAM
KCNC4	IU_PDA_T1	juxta_ct	Hepatocytes	0.00150363681498171	Hepatocytes
KCNC4	IU_PDA_T1	juxta_ct	Endothelial_cells	0.651950690457473	Endothelial cells
KCNC4	IU_PDA_T1	juxta_ct	PVL	0.00562344196809209	PVL
KCNC4	IU_PDA_T1	juxta_ct	T_NK_cells	0.253045415162489	T-NK cells
KCNC4	IU_PDA_T1	juxta_ct	Tumor_Epithelial_cells	7.93710622571796	Tumor Epithelial cells
KCNC4	IU_PDA_T1	para_ct	Fibroblasts	5.79405569276997	Fibroblasts
KCNC4	IU_PDA_T1	para_ct	Monocytes	5.905086639498	Monocytes
KCNC4	IU_PDA_T1	para_ct	B_cells	6.22238014493498	B cells
KCNC4	IU_PDA_T1	para_ct	TAM	6.23945509268696	TAM
KCNC4	IU_PDA_T1	para_ct	Hepatocytes	5.80489513330637	Hepatocytes
KCNC4	IU_PDA_T1	para_ct	Endothelial_cells	6.25666701269636	Endothelial cells
KCNC4	IU_PDA_T1	para_ct	PVL	4.93185890270411	PVL
KCNC4	IU_PDA_T1	para_ct	T_NK_cells	5.98166034376707	T-NK cells
KCNC4	IU_PDA_T1	para_ct	Tumor_Epithelial_cells	6.10570579824411	Tumor Epithelial cells
KCNC4	IU_PDA_T10	intra	Fibroblasts	3.78444377820159	Fibroblasts
KCNC4	IU_PDA_T10	intra	Monocytes	0.35426639665891	Monocytes
KCNC4	IU_PDA_T10	intra	B_cells	2.73826338252949	B cells
KCNC4	IU_PDA_T10	intra	TAM	2.93725956629018	TAM
KCNC4	IU_PDA_T10	intra	Endothelial_cells	0.159449322388487	Endothelial cells
KCNC4	IU_PDA_T10	intra	PVL	0.378710273530109	PVL
KCNC4	IU_PDA_T10	intra	T_NK_cells	0.00984496211821147	T-NK cells
KCNC4	IU_PDA_T10	intra	Tumor_Epithelial_cells	3.82210858030123	Tumor Epithelial cells
KCNC4	IU_PDA_T10	juxta_ct	Fibroblasts	5.87479887561305	Fibroblasts
KCNC4	IU_PDA_T10	juxta_ct	Monocytes	1.9533463715793	Monocytes
KCNC4	IU_PDA_T10	juxta_ct	B_cells	4.44558552420382	B cells
KCNC4	IU_PDA_T10	juxta_ct	TAM	4.89811417309976	TAM
KCNC4	IU_PDA_T10	juxta_ct	Endothelial_cells	0.104242166692859	Endothelial cells
KCNC4	IU_PDA_T10	juxta_ct	PVL	0.372131508687454	PVL
KCNC4	IU_PDA_T10	juxta_ct	T_NK_cells	0.61157943046978	T-NK cells
KCNC4	IU_PDA_T10	juxta_ct	Tumor_Epithelial_cells	5.24173299889691	Tumor Epithelial cells
KCNC4	IU_PDA_T10	para_ct	Fibroblasts	3.6747549593801	Fibroblasts
KCNC4	IU_PDA_T10	para_ct	Monocytes	3.77386524682506	Monocytes
KCNC4	IU_PDA_T10	para_ct	B_cells	2.94015467133691	B cells
KCNC4	IU_PDA_T10	para_ct	TAM	3.51942508842939	TAM
KCNC4	IU_PDA_T10	para_ct	Endothelial_cells	3.13552693452554	Endothelial cells
KCNC4	IU_PDA_T10	para_ct	PVL	3.48751747794477	PVL
KCNC4	IU_PDA_T10	para_ct	T_NK_cells	3.48899000992365	T-NK cells
KCNC4	IU_PDA_T10	para_ct	Tumor_Epithelial_cells	3.6072500232396	Tumor Epithelial cells
KCNC4	IU_PDA_T11	intra	Fibroblasts	9.85520519989342	Fibroblasts
KCNC4	IU_PDA_T11	intra	Monocytes	0.276605944478768	Monocytes
KCNC4	IU_PDA_T11	intra	B_cells	0.369804940187776	B cells
KCNC4	IU_PDA_T11	intra	TAM	5.27226311374951	TAM
KCNC4	IU_PDA_T11	intra	Endothelial_cells	1.2661336826978	Endothelial cells
KCNC4	IU_PDA_T11	intra	PVL	0.889434115050643	PVL
KCNC4	IU_PDA_T11	intra	Tumor_Epithelial_cells	9.13502654183683	Tumor Epithelial cells
KCNC4	IU_PDA_T11	juxta_ct	Fibroblasts	13.9739203425646	Fibroblasts
KCNC4	IU_PDA_T11	juxta_ct	Monocytes	1.21984360854869	Monocytes
KCNC4	IU_PDA_T11	juxta_ct	B_cells	0.18206836631153	B cells
KCNC4	IU_PDA_T11	juxta_ct	TAM	10.7821904967179	TAM
KCNC4	IU_PDA_T11	juxta_ct	Endothelial_cells	2.62278132664205	Endothelial cells
KCNC4	IU_PDA_T11	juxta_ct	PVL	1.65117949510387	PVL
KCNC4	IU_PDA_T11	juxta_ct	Tumor_Epithelial_cells	16.1402845460203	Tumor Epithelial cells
KCNC4	IU_PDA_T11	para_ct	Fibroblasts	11.4278964599187	Fibroblasts
KCNC4	IU_PDA_T11	para_ct	Monocytes	11.3957927703517	Monocytes
KCNC4	IU_PDA_T11	para_ct	B_cells	11.1047237790044	B cells
KCNC4	IU_PDA_T11	para_ct	TAM	11.1665085898898	TAM
KCNC4	IU_PDA_T11	para_ct	Endothelial_cells	11.5343783045768	Endothelial cells
KCNC4	IU_PDA_T11	para_ct	PVL	11.2756548022446	PVL
KCNC4	IU_PDA_T11	para_ct	Tumor_Epithelial_cells	12.0224117433465	Tumor Epithelial cells
KCNC4	IU_PDA_T12	intra	Fibroblasts	37.3287500739245	Fibroblasts
KCNC4	IU_PDA_T12	intra	Monocytes	2.97624858538473	Monocytes
KCNC4	IU_PDA_T12	intra	B_cells	25.0837018501789	B cells
KCNC4	IU_PDA_T12	intra	TAM	31.6337854210313	TAM
KCNC4	IU_PDA_T12	intra	Endothelial_cells	5.92477925116215	Endothelial cells
KCNC4	IU_PDA_T12	intra	PVL	1.17265308222469	PVL
KCNC4	IU_PDA_T12	intra	Normal_Epithelial_cells	0.534620293545277	Normal Epithelial cells
KCNC4	IU_PDA_T12	intra	T_NK_cells	0.42653228049841	T-NK cells
KCNC4	IU_PDA_T12	intra	Tumor_Epithelial_cells	30.6115864027302	Tumor Epithelial cells
KCNC4	IU_PDA_T12	juxta_ct	Fibroblasts	40.7815953919438	Fibroblasts
KCNC4	IU_PDA_T12	juxta_ct	Monocytes	6.43209859899134	Monocytes
KCNC4	IU_PDA_T12	juxta_ct	B_cells	36.2695051593783	B cells
KCNC4	IU_PDA_T12	juxta_ct	TAM	38.6508987334745	TAM
KCNC4	IU_PDA_T12	juxta_ct	Endothelial_cells	12.9873575969174	Endothelial cells
KCNC4	IU_PDA_T12	juxta_ct	PVL	3.30339651834319	PVL
KCNC4	IU_PDA_T12	juxta_ct	Normal_Epithelial_cells	1.21882128811436	Normal Epithelial cells
KCNC4	IU_PDA_T12	juxta_ct	T_NK_cells	0.732593540666692	T-NK cells
KCNC4	IU_PDA_T12	juxta_ct	Tumor_Epithelial_cells	38.924731505021	Tumor Epithelial cells
KCNC4	IU_PDA_T12	para_ct	Fibroblasts	24.4068917783221	Fibroblasts
KCNC4	IU_PDA_T12	para_ct	Monocytes	23.1281591047814	Monocytes
KCNC4	IU_PDA_T12	para_ct	B_cells	21.7982300644978	B cells
KCNC4	IU_PDA_T12	para_ct	TAM	21.9742897955064	TAM
KCNC4	IU_PDA_T12	para_ct	Endothelial_cells	21.8926623957456	Endothelial cells
KCNC4	IU_PDA_T12	para_ct	PVL	23.1317768076074	PVL
KCNC4	IU_PDA_T12	para_ct	Normal_Epithelial_cells	21.7134842688231	Normal Epithelial cells
KCNC4	IU_PDA_T12	para_ct	T_NK_cells	22.2831699152518	T-NK cells
KCNC4	IU_PDA_T12	para_ct	Tumor_Epithelial_cells	25.7911818654493	Tumor Epithelial cells
KCNC4	IU_PDA_T2	intra	Fibroblasts	9.96560589708736	Fibroblasts
KCNC4	IU_PDA_T2	intra	Monocytes	0.8252910614324	Monocytes
KCNC4	IU_PDA_T2	intra	B_cells	4.72636896244721	B cells
KCNC4	IU_PDA_T2	intra	TAM	5.92279640416442	TAM
KCNC4	IU_PDA_T2	intra	Hepatocytes	0.00346238523434222	Hepatocytes
KCNC4	IU_PDA_T2	intra	Endothelial_cells	0.00640104420005498	Endothelial cells
KCNC4	IU_PDA_T2	intra	PVL	0.251225299147698	PVL
KCNC4	IU_PDA_T2	intra	Normal_Epithelial_cells	0.00250607406316323	Normal Epithelial cells
KCNC4	IU_PDA_T2	intra	T_NK_cells	0.325467218843462	T-NK cells
KCNC4	IU_PDA_T2	intra	Tumor_Epithelial_cells	9.13832881564447	Tumor Epithelial cells
KCNC4	IU_PDA_T2	juxta_ct	Fibroblasts	15.9329740724387	Fibroblasts
KCNC4	IU_PDA_T2	juxta_ct	Monocytes	1.93019774241342	Monocytes
KCNC4	IU_PDA_T2	juxta_ct	B_cells	8.60812719997293	B cells
KCNC4	IU_PDA_T2	juxta_ct	TAM	12.4744704768896	TAM
KCNC4	IU_PDA_T2	juxta_ct	Hepatocytes	0.0236232792944388	Hepatocytes
KCNC4	IU_PDA_T2	juxta_ct	Endothelial_cells	0.550020654686963	Endothelial cells
KCNC4	IU_PDA_T2	juxta_ct	PVL	0.555999323160123	PVL
KCNC4	IU_PDA_T2	juxta_ct	Normal_Epithelial_cells	0.00932057200515487	Normal Epithelial cells
KCNC4	IU_PDA_T2	juxta_ct	T_NK_cells	0.397335824036243	T-NK cells
KCNC4	IU_PDA_T2	juxta_ct	Tumor_Epithelial_cells	15.9223888741538	Tumor Epithelial cells
KCNC4	IU_PDA_T2	para_ct	Fibroblasts	9.65450984753646	Fibroblasts
KCNC4	IU_PDA_T2	para_ct	Monocytes	9.35287240638306	Monocytes
KCNC4	IU_PDA_T2	para_ct	B_cells	9.13868612921956	B cells
KCNC4	IU_PDA_T2	para_ct	TAM	9.95376594651599	TAM
KCNC4	IU_PDA_T2	para_ct	Hepatocytes	8.96104810484498	Hepatocytes
KCNC4	IU_PDA_T2	para_ct	Endothelial_cells	9.54448199764039	Endothelial cells
KCNC4	IU_PDA_T2	para_ct	PVL	8.49509707628537	PVL
KCNC4	IU_PDA_T2	para_ct	Normal_Epithelial_cells	10.1399270215819	Normal Epithelial cells
KCNC4	IU_PDA_T2	para_ct	T_NK_cells	9.48925470053115	T-NK cells
KCNC4	IU_PDA_T2	para_ct	Tumor_Epithelial_cells	10.2576303479791	Tumor Epithelial cells
KCNC4	IU_PDA_T3	intra	Fibroblasts	12.4593490004398	Fibroblasts
KCNC4	IU_PDA_T3	intra	Monocytes	5.87637875714377	Monocytes
KCNC4	IU_PDA_T3	intra	B_cells	9.85937101230447	B cells
KCNC4	IU_PDA_T3	intra	TAM	5.1998206127181	TAM
KCNC4	IU_PDA_T3	intra	Endothelial_cells	0.585999141909449	Endothelial cells
KCNC4	IU_PDA_T3	intra	PVL	0.900914035989632	PVL
KCNC4	IU_PDA_T3	intra	T_NK_cells	1.0558564609442	T-NK cells
KCNC4	IU_PDA_T3	intra	Tumor_Epithelial_cells	7.48855404949128	Tumor Epithelial cells
KCNC4	IU_PDA_T3	juxta_ct	Fibroblasts	14.8368114594157	Fibroblasts
KCNC4	IU_PDA_T3	juxta_ct	Monocytes	11.2542049915848	Monocytes
KCNC4	IU_PDA_T3	juxta_ct	B_cells	13.3348081484735	B cells
KCNC4	IU_PDA_T3	juxta_ct	TAM	9.44290835983663	TAM
KCNC4	IU_PDA_T3	juxta_ct	Endothelial_cells	1.73046644553392	Endothelial cells
KCNC4	IU_PDA_T3	juxta_ct	PVL	1.88917173430666	PVL
KCNC4	IU_PDA_T3	juxta_ct	T_NK_cells	1.88934884743799	T-NK cells
KCNC4	IU_PDA_T3	juxta_ct	Tumor_Epithelial_cells	9.39854269886896	Tumor Epithelial cells
KCNC4	IU_PDA_T3	para_ct	Fibroblasts	10.230405398292	Fibroblasts
KCNC4	IU_PDA_T3	para_ct	Monocytes	10.0879687142946	Monocytes
KCNC4	IU_PDA_T3	para_ct	B_cells	10.1597322854023	B cells
KCNC4	IU_PDA_T3	para_ct	TAM	9.72367193051288	TAM
KCNC4	IU_PDA_T3	para_ct	Endothelial_cells	9.90418766823525	Endothelial cells
KCNC4	IU_PDA_T3	para_ct	PVL	10.05768852242	PVL
KCNC4	IU_PDA_T3	para_ct	T_NK_cells	9.80053013012442	T-NK cells
KCNC4	IU_PDA_T3	para_ct	Tumor_Epithelial_cells	10.2253024703285	Tumor Epithelial cells
KCNC4	IU_PDA_T4	intra	Fibroblasts	9.37869684276498	Fibroblasts
KCNC4	IU_PDA_T4	intra	Monocytes	3.48718284075906	Monocytes
KCNC4	IU_PDA_T4	intra	B_cells	0.00476934669836326	B cells
KCNC4	IU_PDA_T4	intra	TAM	4.66260462226681	TAM
KCNC4	IU_PDA_T4	intra	Hepatocytes	0.46469529009823	Hepatocytes
KCNC4	IU_PDA_T4	intra	Endothelial_cells	0.31264180305231	Endothelial cells
KCNC4	IU_PDA_T4	intra	PVL	1.12818323890482	PVL
KCNC4	IU_PDA_T4	intra	T_NK_cells	0.00755296817562636	T-NK cells
KCNC4	IU_PDA_T4	intra	Tumor_Epithelial_cells	9.16801886625216	Tumor Epithelial cells
KCNC4	IU_PDA_T4	juxta_ct	Fibroblasts	13.268969152422	Fibroblasts
KCNC4	IU_PDA_T4	juxta_ct	Monocytes	5.74470984211007	Monocytes
KCNC4	IU_PDA_T4	juxta_ct	B_cells	0.242803493482675	B cells
KCNC4	IU_PDA_T4	juxta_ct	TAM	10.3030122131986	TAM
KCNC4	IU_PDA_T4	juxta_ct	Hepatocytes	0.00322945899223123	Hepatocytes
KCNC4	IU_PDA_T4	juxta_ct	Endothelial_cells	0.745424256639847	Endothelial cells
KCNC4	IU_PDA_T4	juxta_ct	PVL	1.73352769941791	PVL
KCNC4	IU_PDA_T4	juxta_ct	T_NK_cells	0.295957973965338	T-NK cells
KCNC4	IU_PDA_T4	juxta_ct	Tumor_Epithelial_cells	13.5771597824471	Tumor Epithelial cells
KCNC4	IU_PDA_T4	para_ct	Fibroblasts	7.46070084829913	Fibroblasts
KCNC4	IU_PDA_T4	para_ct	Monocytes	7.26610506646476	Monocytes
KCNC4	IU_PDA_T4	para_ct	B_cells	7.08408732934386	B cells
KCNC4	IU_PDA_T4	para_ct	TAM	7.19308237170191	TAM
KCNC4	IU_PDA_T4	para_ct	Hepatocytes	6.29647088704574	Hepatocytes
KCNC4	IU_PDA_T4	para_ct	Endothelial_cells	7.45858929268749	Endothelial cells
KCNC4	IU_PDA_T4	para_ct	PVL	7.46436031638568	PVL
KCNC4	IU_PDA_T4	para_ct	T_NK_cells	6.92249127824299	T-NK cells
KCNC4	IU_PDA_T4	para_ct	Tumor_Epithelial_cells	7.56535596352226	Tumor Epithelial cells
KCNC4	IU_PDA_T6	intra	Fibroblasts	8.16741248517254	Fibroblasts
KCNC4	IU_PDA_T6	intra	Monocytes	0.310396469089488	Monocytes
KCNC4	IU_PDA_T6	intra	TAM	5.15591098174213	TAM
KCNC4	IU_PDA_T6	intra	Endothelial_cells	0.0169117905119774	Endothelial cells
KCNC4	IU_PDA_T6	intra	PVL	0.00158310695540371	PVL
KCNC4	IU_PDA_T6	intra	Normal_Epithelial_cells	0.418939943645138	Normal Epithelial cells
KCNC4	IU_PDA_T6	intra	Tumor_Epithelial_cells	8.84103854206946	Tumor Epithelial cells
KCNC4	IU_PDA_T6	juxta_ct	Fibroblasts	14.940042182894	Fibroblasts
KCNC4	IU_PDA_T6	juxta_ct	Monocytes	1.98365588543606	Monocytes
KCNC4	IU_PDA_T6	juxta_ct	TAM	10.5306472832457	TAM
KCNC4	IU_PDA_T6	juxta_ct	Endothelial_cells	0.27209942372875	Endothelial cells
KCNC4	IU_PDA_T6	juxta_ct	PVL	0.024888418572182	PVL
KCNC4	IU_PDA_T6	juxta_ct	Normal_Epithelial_cells	0.64920781845008	Normal Epithelial cells
KCNC4	IU_PDA_T6	juxta_ct	Tumor_Epithelial_cells	15.6090244341787	Tumor Epithelial cells
KCNC4	IU_PDA_T6	para_ct	Fibroblasts	34.3809364254182	Fibroblasts
KCNC4	IU_PDA_T6	para_ct	Monocytes	35.7709667859231	Monocytes
KCNC4	IU_PDA_T6	para_ct	TAM	35.3845519506178	TAM
KCNC4	IU_PDA_T6	para_ct	Endothelial_cells	34.2075017165342	Endothelial cells
KCNC4	IU_PDA_T6	para_ct	PVL	32.0567417565635	PVL
KCNC4	IU_PDA_T6	para_ct	Normal_Epithelial_cells	34.6323416050617	Normal Epithelial cells
KCNC4	IU_PDA_T6	para_ct	Tumor_Epithelial_cells	38.9340312266406	Tumor Epithelial cells
KCNC4	IU_PDA_T8	intra	Fibroblasts	5.18215961844252	Fibroblasts
KCNC4	IU_PDA_T8	intra	Monocytes	0.0248850114360386	Monocytes
KCNC4	IU_PDA_T8	intra	B_cells	3.04334670139568	B cells
KCNC4	IU_PDA_T8	intra	TAM	3.22339299870177	TAM
KCNC4	IU_PDA_T8	intra	Hepatocytes	0.000826785101847959	Hepatocytes
KCNC4	IU_PDA_T8	intra	Endothelial_cells	0.00603276741707812	Endothelial cells
KCNC4	IU_PDA_T8	intra	PVL	0.00460754033598682	PVL
KCNC4	IU_PDA_T8	intra	Tumor_Epithelial_cells	5.02372822075538	Tumor Epithelial cells
KCNC4	IU_PDA_T8	juxta_ct	Fibroblasts	10.3857141781279	Fibroblasts
KCNC4	IU_PDA_T8	juxta_ct	Monocytes	1.9220843430838	Monocytes
KCNC4	IU_PDA_T8	juxta_ct	B_cells	7.85995297391662	B cells
KCNC4	IU_PDA_T8	juxta_ct	TAM	8.24462023726763	TAM
KCNC4	IU_PDA_T8	juxta_ct	Hepatocytes	0.0046582818595323	Hepatocytes
KCNC4	IU_PDA_T8	juxta_ct	Endothelial_cells	0.471006785568762	Endothelial cells
KCNC4	IU_PDA_T8	juxta_ct	PVL	0.0772616578391216	PVL
KCNC4	IU_PDA_T8	juxta_ct	Tumor_Epithelial_cells	10.2590755388344	Tumor Epithelial cells
KCNC4	IU_PDA_T8	para_ct	Fibroblasts	8.87016518630088	Fibroblasts
KCNC4	IU_PDA_T8	para_ct	Monocytes	9.00126625334009	Monocytes
KCNC4	IU_PDA_T8	para_ct	B_cells	9.51121373680848	B cells
KCNC4	IU_PDA_T8	para_ct	TAM	9.52902943804925	TAM
KCNC4	IU_PDA_T8	para_ct	Hepatocytes	9.23957651300181	Hepatocytes
KCNC4	IU_PDA_T8	para_ct	Endothelial_cells	8.80653979704561	Endothelial cells
KCNC4	IU_PDA_T8	para_ct	PVL	9.48018297840327	PVL
KCNC4	IU_PDA_T8	para_ct	Tumor_Epithelial_cells	9.08295051544381	Tumor Epithelial cells
KCNC4	IU_PDA_T9	intra	Fibroblasts	5.65987180342464	Fibroblasts
KCNC4	IU_PDA_T9	intra	Monocytes	3.74597913091971	Monocytes
KCNC4	IU_PDA_T9	intra	B_cells	0.50888018013722	B cells
KCNC4	IU_PDA_T9	intra	TAM	2.27282618169945	TAM
KCNC4	IU_PDA_T9	intra	Endothelial_cells	1.09944834531246	Endothelial cells
KCNC4	IU_PDA_T9	intra	PVL	0.939763440151536	PVL
KCNC4	IU_PDA_T9	intra	T_NK_cells	0.413527665665647	T-NK cells
KCNC4	IU_PDA_T9	intra	Tumor_Epithelial_cells	4.06296279155202	Tumor Epithelial cells
KCNC4	IU_PDA_T9	juxta_ct	Fibroblasts	7.05551942784607	Fibroblasts
KCNC4	IU_PDA_T9	juxta_ct	Monocytes	7.22072840110557	Monocytes
KCNC4	IU_PDA_T9	juxta_ct	B_cells	0.424523707012749	B cells
KCNC4	IU_PDA_T9	juxta_ct	TAM	4.48607135642796	TAM
KCNC4	IU_PDA_T9	juxta_ct	Endothelial_cells	2.48251958450435	Endothelial cells
KCNC4	IU_PDA_T9	juxta_ct	PVL	1.50805742716469	PVL
KCNC4	IU_PDA_T9	juxta_ct	T_NK_cells	1.50901427342468	T-NK cells
KCNC4	IU_PDA_T9	juxta_ct	Tumor_Epithelial_cells	6.97848263769222	Tumor Epithelial cells
KCNC4	IU_PDA_T9	para_ct	Fibroblasts	4.67691184243327	Fibroblasts
KCNC4	IU_PDA_T9	para_ct	Monocytes	4.44900453579836	Monocytes
KCNC4	IU_PDA_T9	para_ct	B_cells	5.4347491682171	B cells
KCNC4	IU_PDA_T9	para_ct	TAM	4.8885106490277	TAM
KCNC4	IU_PDA_T9	para_ct	Endothelial_cells	5.38359957918126	Endothelial cells
KCNC4	IU_PDA_T9	para_ct	PVL	6.04788580529347	PVL
KCNC4	IU_PDA_T9	para_ct	T_NK_cells	4.79421352620934	T-NK cells
KCNC4	IU_PDA_T9	para_ct	Tumor_Epithelial_cells	5.63250788837027	Tumor Epithelial cells
KCND2	IU_PDA_T1	intra	Fibroblasts	8.96422056554953	Fibroblasts
KCND2	IU_PDA_T1	intra	Monocytes	2.4988416768561	Monocytes
KCND2	IU_PDA_T1	intra	B_cells	3.68367557405742	B cells
KCND2	IU_PDA_T1	intra	TAM	5.18506049805121	TAM
KCND2	IU_PDA_T1	intra	Hepatocytes	0.0023157696855977	Hepatocytes
KCND2	IU_PDA_T1	intra	Endothelial_cells	0.00992399510932535	Endothelial cells
KCND2	IU_PDA_T1	intra	PVL	0.00042221630841462	PVL
KCND2	IU_PDA_T1	intra	T_NK_cells	0.0170834347744481	T-NK cells
KCND2	IU_PDA_T1	intra	Tumor_Epithelial_cells	3.83509213935686	Tumor Epithelial cells
KCND2	IU_PDA_T1	juxta_ct	Fibroblasts	11.7613393385395	Fibroblasts
KCND2	IU_PDA_T1	juxta_ct	Monocytes	3.71865677578642	Monocytes
KCND2	IU_PDA_T1	juxta_ct	B_cells	4.74318746515975	B cells
KCND2	IU_PDA_T1	juxta_ct	TAM	9.23882809604037	TAM
KCND2	IU_PDA_T1	juxta_ct	Hepatocytes	0.000385198652043874	Hepatocytes
KCND2	IU_PDA_T1	juxta_ct	Endothelial_cells	1.39902495317001	Endothelial cells
KCND2	IU_PDA_T1	juxta_ct	PVL	0.282195122890372	PVL
KCND2	IU_PDA_T1	juxta_ct	T_NK_cells	0.340131772943675	T-NK cells
KCND2	IU_PDA_T1	juxta_ct	Tumor_Epithelial_cells	7.64316306683488	Tumor Epithelial cells
KCND2	IU_PDA_T1	para_ct	Fibroblasts	5.31344177894455	Fibroblasts
KCND2	IU_PDA_T1	para_ct	Monocytes	5.64709690986968	Monocytes
KCND2	IU_PDA_T1	para_ct	B_cells	6.49845568124963	B cells
KCND2	IU_PDA_T1	para_ct	TAM	5.67018670002848	TAM
KCND2	IU_PDA_T1	para_ct	Hepatocytes	6.15357988850615	Hepatocytes
KCND2	IU_PDA_T1	para_ct	Endothelial_cells	5.06753274995333	Endothelial cells
KCND2	IU_PDA_T1	para_ct	PVL	5.47336924708796	PVL
KCND2	IU_PDA_T1	para_ct	T_NK_cells	5.20270097683465	T-NK cells
KCND2	IU_PDA_T1	para_ct	Tumor_Epithelial_cells	6.20040684183159	Tumor Epithelial cells
KCND2	IU_PDA_T10	intra	Fibroblasts	1.98956324328001	Fibroblasts
KCND2	IU_PDA_T10	intra	Monocytes	0.443419126037865	Monocytes
KCND2	IU_PDA_T10	intra	B_cells	1.15866435172178	B cells
KCND2	IU_PDA_T10	intra	TAM	1.17910582519079	TAM
KCND2	IU_PDA_T10	intra	Endothelial_cells	0.000649467134334269	Endothelial cells
KCND2	IU_PDA_T10	intra	PVL	0.00190215824882104	PVL
KCND2	IU_PDA_T10	intra	T_NK_cells	0.00395068593329423	T-NK cells
KCND2	IU_PDA_T10	intra	Tumor_Epithelial_cells	1.92157933728053	Tumor Epithelial cells
KCND2	IU_PDA_T10	juxta_ct	Fibroblasts	2.14234980319287	Fibroblasts
KCND2	IU_PDA_T10	juxta_ct	Monocytes	1.83418439951985	Monocytes
KCND2	IU_PDA_T10	juxta_ct	B_cells	1.9479760944996	B cells
KCND2	IU_PDA_T10	juxta_ct	TAM	1.75834271293003	TAM
KCND2	IU_PDA_T10	juxta_ct	Endothelial_cells	0.114267541607308	Endothelial cells
KCND2	IU_PDA_T10	juxta_ct	PVL	0.0817797323210432	PVL
KCND2	IU_PDA_T10	juxta_ct	T_NK_cells	0.154895182830032	T-NK cells
KCND2	IU_PDA_T10	juxta_ct	Tumor_Epithelial_cells	1.93040534403925	Tumor Epithelial cells
KCND2	IU_PDA_T10	para_ct	Fibroblasts	1.51299545656938	Fibroblasts
KCND2	IU_PDA_T10	para_ct	Monocytes	1.5082468556004	Monocytes
KCND2	IU_PDA_T10	para_ct	B_cells	1.31943139855316	B cells
KCND2	IU_PDA_T10	para_ct	TAM	1.43062799975424	TAM
KCND2	IU_PDA_T10	para_ct	Endothelial_cells	1.52893201139633	Endothelial cells
KCND2	IU_PDA_T10	para_ct	PVL	1.10131438955305	PVL
KCND2	IU_PDA_T10	para_ct	T_NK_cells	1.282569909036	T-NK cells
KCND2	IU_PDA_T10	para_ct	Tumor_Epithelial_cells	1.42457412668106	Tumor Epithelial cells
KCND2	IU_PDA_T11	intra	Fibroblasts	3.35263508212514	Fibroblasts
KCND2	IU_PDA_T11	intra	Monocytes	0.0174855985829256	Monocytes
KCND2	IU_PDA_T11	intra	B_cells	0.00152017633458942	B cells
KCND2	IU_PDA_T11	intra	TAM	2.52167117393896	TAM
KCND2	IU_PDA_T11	intra	Endothelial_cells	0.533279445965511	Endothelial cells
KCND2	IU_PDA_T11	intra	PVL	0.0276704990333645	PVL
KCND2	IU_PDA_T11	intra	Tumor_Epithelial_cells	3.15155172993013	Tumor Epithelial cells
KCND2	IU_PDA_T11	juxta_ct	Fibroblasts	7.35406840202269	Fibroblasts
KCND2	IU_PDA_T11	juxta_ct	Monocytes	0.69985801117557	Monocytes
KCND2	IU_PDA_T11	juxta_ct	B_cells	0.31078737112505	B cells
KCND2	IU_PDA_T11	juxta_ct	TAM	5.69420662665668	TAM
KCND2	IU_PDA_T11	juxta_ct	Endothelial_cells	1.20510264374571	Endothelial cells
KCND2	IU_PDA_T11	juxta_ct	PVL	0.40379648909175	PVL
KCND2	IU_PDA_T11	juxta_ct	Tumor_Epithelial_cells	6.67390001280922	Tumor Epithelial cells
KCND2	IU_PDA_T11	para_ct	Fibroblasts	5.08066317071432	Fibroblasts
KCND2	IU_PDA_T11	para_ct	Monocytes	4.5004686380146	Monocytes
KCND2	IU_PDA_T11	para_ct	B_cells	5.5088107232515	B cells
KCND2	IU_PDA_T11	para_ct	TAM	5.06770956393113	TAM
KCND2	IU_PDA_T11	para_ct	Endothelial_cells	4.80002487975157	Endothelial cells
KCND2	IU_PDA_T11	para_ct	PVL	4.96041901914392	PVL
KCND2	IU_PDA_T11	para_ct	Tumor_Epithelial_cells	4.77446195221294	Tumor Epithelial cells
KCND2	IU_PDA_T12	intra	Fibroblasts	37.2341193355055	Fibroblasts
KCND2	IU_PDA_T12	intra	Monocytes	2.99695286208398	Monocytes
KCND2	IU_PDA_T12	intra	B_cells	26.9297364531365	B cells
KCND2	IU_PDA_T12	intra	TAM	34.6866769553908	TAM
KCND2	IU_PDA_T12	intra	Endothelial_cells	5.67075646512582	Endothelial cells
KCND2	IU_PDA_T12	intra	PVL	0.430841791059824	PVL
KCND2	IU_PDA_T12	intra	Normal_Epithelial_cells	0.00770880418759469	Normal Epithelial cells
KCND2	IU_PDA_T12	intra	T_NK_cells	0.84165434568017	T-NK cells
KCND2	IU_PDA_T12	intra	Tumor_Epithelial_cells	28.5516037151567	Tumor Epithelial cells
KCND2	IU_PDA_T12	juxta_ct	Fibroblasts	43.3963196502356	Fibroblasts
KCND2	IU_PDA_T12	juxta_ct	Monocytes	9.18023688705167	Monocytes
KCND2	IU_PDA_T12	juxta_ct	B_cells	36.8126579287963	B cells
KCND2	IU_PDA_T12	juxta_ct	TAM	44.0111522658782	TAM
KCND2	IU_PDA_T12	juxta_ct	Endothelial_cells	12.132923627408	Endothelial cells
KCND2	IU_PDA_T12	juxta_ct	PVL	2.84645927263133	PVL
KCND2	IU_PDA_T12	juxta_ct	Normal_Epithelial_cells	0.112120988052818	Normal Epithelial cells
KCND2	IU_PDA_T12	juxta_ct	T_NK_cells	1.22657566601016	T-NK cells
KCND2	IU_PDA_T12	juxta_ct	Tumor_Epithelial_cells	40.3543867625889	Tumor Epithelial cells
KCND2	IU_PDA_T12	para_ct	Fibroblasts	24.6176266207443	Fibroblasts
KCND2	IU_PDA_T12	para_ct	Monocytes	26.9593547309965	Monocytes
KCND2	IU_PDA_T12	para_ct	B_cells	23.0984691824877	B cells
KCND2	IU_PDA_T12	para_ct	TAM	23.9643970092526	TAM
KCND2	IU_PDA_T12	para_ct	Endothelial_cells	23.0396166132317	Endothelial cells
KCND2	IU_PDA_T12	para_ct	PVL	23.5244513263299	PVL
KCND2	IU_PDA_T12	para_ct	Normal_Epithelial_cells	24.3453116275262	Normal Epithelial cells
KCND2	IU_PDA_T12	para_ct	T_NK_cells	24.2858547676933	T-NK cells
KCND2	IU_PDA_T12	para_ct	Tumor_Epithelial_cells	23.8266694751059	Tumor Epithelial cells
KCND2	IU_PDA_T2	intra	Fibroblasts	5.03332878774552	Fibroblasts
KCND2	IU_PDA_T2	intra	Monocytes	0.1428587711336	Monocytes
KCND2	IU_PDA_T2	intra	B_cells	2.00338269674055	B cells
KCND2	IU_PDA_T2	intra	TAM	2.80416559292396	TAM
KCND2	IU_PDA_T2	intra	Hepatocytes	0.000241196778818154	Hepatocytes
KCND2	IU_PDA_T2	intra	Endothelial_cells	0.000660162283380122	Endothelial cells
KCND2	IU_PDA_T2	intra	PVL	0.00182285136891421	PVL
KCND2	IU_PDA_T2	intra	Normal_Epithelial_cells	0.0013990736026818	Normal Epithelial cells
KCND2	IU_PDA_T2	intra	T_NK_cells	0.000813470465681001	T-NK cells
KCND2	IU_PDA_T2	intra	Tumor_Epithelial_cells	5.59908151161032	Tumor Epithelial cells
KCND2	IU_PDA_T2	juxta_ct	Fibroblasts	6.595928974176	Fibroblasts
KCND2	IU_PDA_T2	juxta_ct	Monocytes	0.788505782200127	Monocytes
KCND2	IU_PDA_T2	juxta_ct	B_cells	3.57862458703727	B cells
KCND2	IU_PDA_T2	juxta_ct	TAM	4.91411916700739	TAM
KCND2	IU_PDA_T2	juxta_ct	Hepatocytes	0.200165717115422	Hepatocytes
KCND2	IU_PDA_T2	juxta_ct	Endothelial_cells	0.0122458466767665	Endothelial cells
KCND2	IU_PDA_T2	juxta_ct	PVL	0.00368928075024264	PVL
KCND2	IU_PDA_T2	juxta_ct	Normal_Epithelial_cells	0.0996626452087849	Normal Epithelial cells
KCND2	IU_PDA_T2	juxta_ct	T_NK_cells	0.00127921837806417	T-NK cells
KCND2	IU_PDA_T2	juxta_ct	Tumor_Epithelial_cells	6.83006971161756	Tumor Epithelial cells
KCND2	IU_PDA_T2	para_ct	Fibroblasts	4.15984368298639	Fibroblasts
KCND2	IU_PDA_T2	para_ct	Monocytes	3.70324267324863	Monocytes
KCND2	IU_PDA_T2	para_ct	B_cells	4.01488246189575	B cells
KCND2	IU_PDA_T2	para_ct	TAM	4.03503316418095	TAM
KCND2	IU_PDA_T2	para_ct	Hepatocytes	4.03901132083952	Hepatocytes
KCND2	IU_PDA_T2	para_ct	Endothelial_cells	4.0120448643216	Endothelial cells
KCND2	IU_PDA_T2	para_ct	PVL	3.33516451453244	PVL
KCND2	IU_PDA_T2	para_ct	Normal_Epithelial_cells	4.12395802129859	Normal Epithelial cells
KCND2	IU_PDA_T2	para_ct	T_NK_cells	4.04579166138741	T-NK cells
KCND2	IU_PDA_T2	para_ct	Tumor_Epithelial_cells	3.76517406578392	Tumor Epithelial cells
KCND2	IU_PDA_T3	intra	Fibroblasts	6.22335536604627	Fibroblasts
KCND2	IU_PDA_T3	intra	Monocytes	2.8196179779569	Monocytes
KCND2	IU_PDA_T3	intra	B_cells	5.25687099292534	B cells
KCND2	IU_PDA_T3	intra	TAM	4.38888384698154	TAM
KCND2	IU_PDA_T3	intra	Endothelial_cells	0.797162788197835	Endothelial cells
KCND2	IU_PDA_T3	intra	PVL	0.422450176691678	PVL
KCND2	IU_PDA_T3	intra	T_NK_cells	0.0135936200732959	T-NK cells
KCND2	IU_PDA_T3	intra	Tumor_Epithelial_cells	3.58931865263983	Tumor Epithelial cells
KCND2	IU_PDA_T3	juxta_ct	Fibroblasts	7.66009812367399	Fibroblasts
KCND2	IU_PDA_T3	juxta_ct	Monocytes	5.34856969830325	Monocytes
KCND2	IU_PDA_T3	juxta_ct	B_cells	6.5162242039807	B cells
KCND2	IU_PDA_T3	juxta_ct	TAM	6.09726218059794	TAM
KCND2	IU_PDA_T3	juxta_ct	Endothelial_cells	2.61277581405853	Endothelial cells
KCND2	IU_PDA_T3	juxta_ct	PVL	1.23538291460965	PVL
KCND2	IU_PDA_T3	juxta_ct	T_NK_cells	0.739677731166853	T-NK cells
KCND2	IU_PDA_T3	juxta_ct	Tumor_Epithelial_cells	4.9827166195258	Tumor Epithelial cells
KCND2	IU_PDA_T3	para_ct	Fibroblasts	5.39188947145189	Fibroblasts
KCND2	IU_PDA_T3	para_ct	Monocytes	5.0630819039805	Monocytes
KCND2	IU_PDA_T3	para_ct	B_cells	4.87222493349382	B cells
KCND2	IU_PDA_T3	para_ct	TAM	5.28712873109973	TAM
KCND2	IU_PDA_T3	para_ct	Endothelial_cells	5.15515276980854	Endothelial cells
KCND2	IU_PDA_T3	para_ct	PVL	4.8339159599759	PVL
KCND2	IU_PDA_T3	para_ct	T_NK_cells	4.4975091920417	T-NK cells
KCND2	IU_PDA_T3	para_ct	Tumor_Epithelial_cells	4.75328614681073	Tumor Epithelial cells
KCND2	IU_PDA_T4	intra	Fibroblasts	3.45896749333783	Fibroblasts
KCND2	IU_PDA_T4	intra	Monocytes	0.845168475107043	Monocytes
KCND2	IU_PDA_T4	intra	B_cells	0.273999776217048	B cells
KCND2	IU_PDA_T4	intra	TAM	2.02776647931647	TAM
KCND2	IU_PDA_T4	intra	Hepatocytes	5.09182882842405e-05	Hepatocytes
KCND2	IU_PDA_T4	intra	Endothelial_cells	0.0013577550269099	Endothelial cells
KCND2	IU_PDA_T4	intra	PVL	0.202847363985712	PVL
KCND2	IU_PDA_T4	intra	T_NK_cells	0.000145137453335424	T-NK cells
KCND2	IU_PDA_T4	intra	Tumor_Epithelial_cells	2.86243365180389	Tumor Epithelial cells
KCND2	IU_PDA_T4	juxta_ct	Fibroblasts	3.59851119339602	Fibroblasts
KCND2	IU_PDA_T4	juxta_ct	Monocytes	1.51089905317721	Monocytes
KCND2	IU_PDA_T4	juxta_ct	B_cells	0.00483771530155306	B cells
KCND2	IU_PDA_T4	juxta_ct	TAM	3.3215694815775	TAM
KCND2	IU_PDA_T4	juxta_ct	Hepatocytes	0.12644791765991	Hepatocytes
KCND2	IU_PDA_T4	juxta_ct	Endothelial_cells	0.0272263767198179	Endothelial cells
KCND2	IU_PDA_T4	juxta_ct	PVL	0.284741720026598	PVL
KCND2	IU_PDA_T4	juxta_ct	T_NK_cells	0.11448754399217	T-NK cells
KCND2	IU_PDA_T4	juxta_ct	Tumor_Epithelial_cells	3.37525302278685	Tumor Epithelial cells
KCND2	IU_PDA_T4	para_ct	Fibroblasts	1.89813535814784	Fibroblasts
KCND2	IU_PDA_T4	para_ct	Monocytes	1.59327185496843	Monocytes
KCND2	IU_PDA_T4	para_ct	B_cells	1.74989331811365	B cells
KCND2	IU_PDA_T4	para_ct	TAM	1.48688641169341	TAM
KCND2	IU_PDA_T4	para_ct	Hepatocytes	1.30148295532356	Hepatocytes
KCND2	IU_PDA_T4	para_ct	Endothelial_cells	1.50203235208179	Endothelial cells
KCND2	IU_PDA_T4	para_ct	PVL	1.70845809684537	PVL
KCND2	IU_PDA_T4	para_ct	T_NK_cells	1.69936589828425	T-NK cells
KCND2	IU_PDA_T4	para_ct	Tumor_Epithelial_cells	1.58585340637718	Tumor Epithelial cells
KCND2	IU_PDA_T6	intra	Fibroblasts	6.59340294052303	Fibroblasts
KCND2	IU_PDA_T6	intra	Monocytes	0.577329509401615	Monocytes
KCND2	IU_PDA_T6	intra	TAM	3.32317415567787	TAM
KCND2	IU_PDA_T6	intra	Endothelial_cells	0.0152433052780847	Endothelial cells
KCND2	IU_PDA_T6	intra	PVL	0.00173796247703637	PVL
KCND2	IU_PDA_T6	intra	Normal_Epithelial_cells	0.117385599389333	Normal Epithelial cells
KCND2	IU_PDA_T6	intra	Tumor_Epithelial_cells	6.44736254332615	Tumor Epithelial cells
KCND2	IU_PDA_T6	juxta_ct	Fibroblasts	9.88176557161187	Fibroblasts
KCND2	IU_PDA_T6	juxta_ct	Monocytes	1.01581212359257	Monocytes
KCND2	IU_PDA_T6	juxta_ct	TAM	5.77959740505803	TAM
KCND2	IU_PDA_T6	juxta_ct	Endothelial_cells	0.0589356707886862	Endothelial cells
KCND2	IU_PDA_T6	juxta_ct	PVL	0.0095545369840962	PVL
KCND2	IU_PDA_T6	juxta_ct	Normal_Epithelial_cells	0.227153253236632	Normal Epithelial cells
KCND2	IU_PDA_T6	juxta_ct	Tumor_Epithelial_cells	9.55717136800591	Tumor Epithelial cells
KCND2	IU_PDA_T6	para_ct	Fibroblasts	17.4340091667808	Fibroblasts
KCND2	IU_PDA_T6	para_ct	Monocytes	16.6390523338237	Monocytes
KCND2	IU_PDA_T6	para_ct	TAM	15.6789558074916	TAM
KCND2	IU_PDA_T6	para_ct	Endothelial_cells	15.4108889177421	Endothelial cells
KCND2	IU_PDA_T6	para_ct	PVL	15.1884609966291	PVL
KCND2	IU_PDA_T6	para_ct	Normal_Epithelial_cells	17.4012652051597	Normal Epithelial cells
KCND2	IU_PDA_T6	para_ct	Tumor_Epithelial_cells	17.4493724066613	Tumor Epithelial cells
KCND2	IU_PDA_T8	intra	Fibroblasts	2.77810698136991	Fibroblasts
KCND2	IU_PDA_T8	intra	Monocytes	0.130083060839732	Monocytes
KCND2	IU_PDA_T8	intra	B_cells	1.63220769297406	B cells
KCND2	IU_PDA_T8	intra	TAM	1.67471998493021	TAM
KCND2	IU_PDA_T8	intra	Hepatocytes	2.31639725078321e-05	Hepatocytes
KCND2	IU_PDA_T8	intra	Endothelial_cells	0.00113505369465098	Endothelial cells
KCND2	IU_PDA_T8	intra	PVL	0.000309362220602439	PVL
KCND2	IU_PDA_T8	intra	Tumor_Epithelial_cells	3.09583743601637	Tumor Epithelial cells
KCND2	IU_PDA_T8	juxta_ct	Fibroblasts	3.66058564511038	Fibroblasts
KCND2	IU_PDA_T8	juxta_ct	Monocytes	0.447974567009468	Monocytes
KCND2	IU_PDA_T8	juxta_ct	B_cells	2.86720222576175	B cells
KCND2	IU_PDA_T8	juxta_ct	TAM	3.3547701565261	TAM
KCND2	IU_PDA_T8	juxta_ct	Hepatocytes	0.00501502638110536	Hepatocytes
KCND2	IU_PDA_T8	juxta_ct	Endothelial_cells	0.00639926871906329	Endothelial cells
KCND2	IU_PDA_T8	juxta_ct	PVL	0.00515196198557773	PVL
KCND2	IU_PDA_T8	juxta_ct	Tumor_Epithelial_cells	4.43227050232017	Tumor Epithelial cells
KCND2	IU_PDA_T8	para_ct	Fibroblasts	2.93556772138455	Fibroblasts
KCND2	IU_PDA_T8	para_ct	Monocytes	2.75086851091383	Monocytes
KCND2	IU_PDA_T8	para_ct	B_cells	3.09382827908308	B cells
KCND2	IU_PDA_T8	para_ct	TAM	3.61885520450016	TAM
KCND2	IU_PDA_T8	para_ct	Hepatocytes	2.47681308173205	Hepatocytes
KCND2	IU_PDA_T8	para_ct	Endothelial_cells	2.64071488409466	Endothelial cells
KCND2	IU_PDA_T8	para_ct	PVL	3.62990081572343	PVL
KCND2	IU_PDA_T8	para_ct	Tumor_Epithelial_cells	3.31470783303252	Tumor Epithelial cells
KCND2	IU_PDA_T9	intra	Fibroblasts	3.71246753126458	Fibroblasts
KCND2	IU_PDA_T9	intra	Monocytes	2.77508617943529	Monocytes
KCND2	IU_PDA_T9	intra	B_cells	0.00414333308995475	B cells
KCND2	IU_PDA_T9	intra	TAM	1.3753771080762	TAM
KCND2	IU_PDA_T9	intra	Endothelial_cells	0.263016158160855	Endothelial cells
KCND2	IU_PDA_T9	intra	PVL	0.114288563938266	PVL
KCND2	IU_PDA_T9	intra	T_NK_cells	0.20290520528393	T-NK cells
KCND2	IU_PDA_T9	intra	Tumor_Epithelial_cells	3.14631314462939	Tumor Epithelial cells
KCND2	IU_PDA_T9	juxta_ct	Fibroblasts	5.42630394803758	Fibroblasts
KCND2	IU_PDA_T9	juxta_ct	Monocytes	4.79095236206019	Monocytes
KCND2	IU_PDA_T9	juxta_ct	B_cells	0.00849379476919446	B cells
KCND2	IU_PDA_T9	juxta_ct	TAM	3.7195322919582	TAM
KCND2	IU_PDA_T9	juxta_ct	Endothelial_cells	0.913779053747059	Endothelial cells
KCND2	IU_PDA_T9	juxta_ct	PVL	0.357647569583697	PVL
KCND2	IU_PDA_T9	juxta_ct	T_NK_cells	1.21206214906041	T-NK cells
KCND2	IU_PDA_T9	juxta_ct	Tumor_Epithelial_cells	4.69856168172585	Tumor Epithelial cells
KCND2	IU_PDA_T9	para_ct	Fibroblasts	3.62153100537845	Fibroblasts
KCND2	IU_PDA_T9	para_ct	Monocytes	3.78182893277069	Monocytes
KCND2	IU_PDA_T9	para_ct	B_cells	3.57316868713596	B cells
KCND2	IU_PDA_T9	para_ct	TAM	3.98535974104003	TAM
KCND2	IU_PDA_T9	para_ct	Endothelial_cells	3.36446462296403	Endothelial cells
KCND2	IU_PDA_T9	para_ct	PVL	3.61856163737189	PVL
KCND2	IU_PDA_T9	para_ct	T_NK_cells	3.70352417773008	T-NK cells
KCND2	IU_PDA_T9	para_ct	Tumor_Epithelial_cells	3.71796982840301	Tumor Epithelial cells
KCND3	IU_PDA_T1	intra	Fibroblasts	6.33619555660923	Fibroblasts
KCND3	IU_PDA_T1	intra	Monocytes	2.32487079164991	Monocytes
KCND3	IU_PDA_T1	intra	B_cells	2.03705494048536	B cells
KCND3	IU_PDA_T1	intra	TAM	3.14899763284047	TAM
KCND3	IU_PDA_T1	intra	Hepatocytes	0.000506103379862605	Hepatocytes
KCND3	IU_PDA_T1	intra	Endothelial_cells	0.00633261199855365	Endothelial cells
KCND3	IU_PDA_T1	intra	PVL	0.000456440128624157	PVL
KCND3	IU_PDA_T1	intra	T_NK_cells	0.00921475125882608	T-NK cells
KCND3	IU_PDA_T1	intra	Tumor_Epithelial_cells	3.38008792516566	Tumor Epithelial cells
KCND3	IU_PDA_T1	juxta_ct	Fibroblasts	8.62723856951459	Fibroblasts
KCND3	IU_PDA_T1	juxta_ct	Monocytes	4.2301820977108	Monocytes
KCND3	IU_PDA_T1	juxta_ct	B_cells	3.63648487023455	B cells
KCND3	IU_PDA_T1	juxta_ct	TAM	5.73067357321889	TAM
KCND3	IU_PDA_T1	juxta_ct	Hepatocytes	0.00646320107717736	Hepatocytes
KCND3	IU_PDA_T1	juxta_ct	Endothelial_cells	0.274072535991293	Endothelial cells
KCND3	IU_PDA_T1	juxta_ct	PVL	0.228361778292531	PVL
KCND3	IU_PDA_T1	juxta_ct	T_NK_cells	0.456554569093397	T-NK cells
KCND3	IU_PDA_T1	juxta_ct	Tumor_Epithelial_cells	5.75912084187453	Tumor Epithelial cells
KCND3	IU_PDA_T1	para_ct	Fibroblasts	3.62101629319843	Fibroblasts
KCND3	IU_PDA_T1	para_ct	Monocytes	4.16087481915036	Monocytes
KCND3	IU_PDA_T1	para_ct	B_cells	3.48994050354288	B cells
KCND3	IU_PDA_T1	para_ct	TAM	2.98403919712344	TAM
KCND3	IU_PDA_T1	para_ct	Hepatocytes	3.72587562486867	Hepatocytes
KCND3	IU_PDA_T1	para_ct	Endothelial_cells	3.8499953797808	Endothelial cells
KCND3	IU_PDA_T1	para_ct	PVL	3.49826764968916	PVL
KCND3	IU_PDA_T1	para_ct	T_NK_cells	3.76850111384813	T-NK cells
KCND3	IU_PDA_T1	para_ct	Tumor_Epithelial_cells	3.9907854173966	Tumor Epithelial cells
KCND3	IU_PDA_T10	intra	Fibroblasts	3.186492996847	Fibroblasts
KCND3	IU_PDA_T10	intra	Monocytes	0.193380293770254	Monocytes
KCND3	IU_PDA_T10	intra	B_cells	2.10232655287731	B cells
KCND3	IU_PDA_T10	intra	TAM	1.75554677437774	TAM
KCND3	IU_PDA_T10	intra	Endothelial_cells	0.000675871145370204	Endothelial cells
KCND3	IU_PDA_T10	intra	PVL	0.0045854321196415	PVL
KCND3	IU_PDA_T10	intra	T_NK_cells	0.159883089786477	T-NK cells
KCND3	IU_PDA_T10	intra	Tumor_Epithelial_cells	2.39857116421744	Tumor Epithelial cells
KCND3	IU_PDA_T10	juxta_ct	Fibroblasts	3.5352282233065	Fibroblasts
KCND3	IU_PDA_T10	juxta_ct	Monocytes	1.05159631907833	Monocytes
KCND3	IU_PDA_T10	juxta_ct	B_cells	3.00612959583688	B cells
KCND3	IU_PDA_T10	juxta_ct	TAM	2.96408237926022	TAM
KCND3	IU_PDA_T10	juxta_ct	Endothelial_cells	0.0929659801466135	Endothelial cells
KCND3	IU_PDA_T10	juxta_ct	PVL	0.508236559073613	PVL
KCND3	IU_PDA_T10	juxta_ct	T_NK_cells	0.217263122904457	T-NK cells
KCND3	IU_PDA_T10	juxta_ct	Tumor_Epithelial_cells	3.2409935309668	Tumor Epithelial cells
KCND3	IU_PDA_T10	para_ct	Fibroblasts	2.07214873021358	Fibroblasts
KCND3	IU_PDA_T10	para_ct	Monocytes	2.12385398347964	Monocytes
KCND3	IU_PDA_T10	para_ct	B_cells	2.44584777585907	B cells
KCND3	IU_PDA_T10	para_ct	TAM	2.1743667691544	TAM
KCND3	IU_PDA_T10	para_ct	Endothelial_cells	2.00678469607543	Endothelial cells
KCND3	IU_PDA_T10	para_ct	PVL	1.8474280477524	PVL
KCND3	IU_PDA_T10	para_ct	T_NK_cells	2.03753868456845	T-NK cells
KCND3	IU_PDA_T10	para_ct	Tumor_Epithelial_cells	2.17570767887054	Tumor Epithelial cells
KCND3	IU_PDA_T11	intra	Fibroblasts	6.02946398516793	Fibroblasts
KCND3	IU_PDA_T11	intra	Monocytes	0.735439001040096	Monocytes
KCND3	IU_PDA_T11	intra	B_cells	0.00276069444361125	B cells
KCND3	IU_PDA_T11	intra	TAM	3.1086245545696	TAM
KCND3	IU_PDA_T11	intra	Endothelial_cells	1.5540011448526	Endothelial cells
KCND3	IU_PDA_T11	intra	PVL	0.754998685350155	PVL
KCND3	IU_PDA_T11	intra	Tumor_Epithelial_cells	4.58602694466342	Tumor Epithelial cells
KCND3	IU_PDA_T11	juxta_ct	Fibroblasts	8.22664512647855	Fibroblasts
KCND3	IU_PDA_T11	juxta_ct	Monocytes	1.8204292451737	Monocytes
KCND3	IU_PDA_T11	juxta_ct	B_cells	0.103125673074627	B cells
KCND3	IU_PDA_T11	juxta_ct	TAM	6.28438623775131	TAM
KCND3	IU_PDA_T11	juxta_ct	Endothelial_cells	1.05376281459609	Endothelial cells
KCND3	IU_PDA_T11	juxta_ct	PVL	1.78661253586512	PVL
KCND3	IU_PDA_T11	juxta_ct	Tumor_Epithelial_cells	7.46429101869592	Tumor Epithelial cells
KCND3	IU_PDA_T11	para_ct	Fibroblasts	5.21761015010399	Fibroblasts
KCND3	IU_PDA_T11	para_ct	Monocytes	5.83040313698633	Monocytes
KCND3	IU_PDA_T11	para_ct	B_cells	5.48274730401424	B cells
KCND3	IU_PDA_T11	para_ct	TAM	5.57104579004833	TAM
KCND3	IU_PDA_T11	para_ct	Endothelial_cells	6.52554553416685	Endothelial cells
KCND3	IU_PDA_T11	para_ct	PVL	4.91696069374969	PVL
KCND3	IU_PDA_T11	para_ct	Tumor_Epithelial_cells	5.55564306751633	Tumor Epithelial cells
KCND3	IU_PDA_T12	intra	Fibroblasts	37.4480250345609	Fibroblasts
KCND3	IU_PDA_T12	intra	Monocytes	3.81960050032144	Monocytes
KCND3	IU_PDA_T12	intra	B_cells	30.8726984645817	B cells
KCND3	IU_PDA_T12	intra	TAM	35.3541183681446	TAM
KCND3	IU_PDA_T12	intra	Endothelial_cells	8.54310713369959	Endothelial cells
KCND3	IU_PDA_T12	intra	PVL	3.12556704070529	PVL
KCND3	IU_PDA_T12	intra	Normal_Epithelial_cells	0.0123812663579929	Normal Epithelial cells
KCND3	IU_PDA_T12	intra	T_NK_cells	0.328501187164484	T-NK cells
KCND3	IU_PDA_T12	intra	Tumor_Epithelial_cells	25.8303550707156	Tumor Epithelial cells
KCND3	IU_PDA_T12	juxta_ct	Fibroblasts	39.7329239188537	Fibroblasts
KCND3	IU_PDA_T12	juxta_ct	Monocytes	10.5940960044521	Monocytes
KCND3	IU_PDA_T12	juxta_ct	B_cells	41.5426745362787	B cells
KCND3	IU_PDA_T12	juxta_ct	TAM	42.3454047170338	TAM
KCND3	IU_PDA_T12	juxta_ct	Endothelial_cells	18.9143430010889	Endothelial cells
KCND3	IU_PDA_T12	juxta_ct	PVL	6.98555777565489	PVL
KCND3	IU_PDA_T12	juxta_ct	Normal_Epithelial_cells	0.289485035499147	Normal Epithelial cells
KCND3	IU_PDA_T12	juxta_ct	T_NK_cells	1.64543759518619	T-NK cells
KCND3	IU_PDA_T12	juxta_ct	Tumor_Epithelial_cells	37.0713523045367	Tumor Epithelial cells
KCND3	IU_PDA_T12	para_ct	Fibroblasts	23.1723926990143	Fibroblasts
KCND3	IU_PDA_T12	para_ct	Monocytes	25.5194090294908	Monocytes
KCND3	IU_PDA_T12	para_ct	B_cells	26.8798532094969	B cells
KCND3	IU_PDA_T12	para_ct	TAM	22.7599056324403	TAM
KCND3	IU_PDA_T12	para_ct	Endothelial_cells	23.9981453846663	Endothelial cells
KCND3	IU_PDA_T12	para_ct	PVL	24.4201720549609	PVL
KCND3	IU_PDA_T12	para_ct	Normal_Epithelial_cells	24.2869904227967	Normal Epithelial cells
KCND3	IU_PDA_T12	para_ct	T_NK_cells	25.967420013302	T-NK cells
KCND3	IU_PDA_T12	para_ct	Tumor_Epithelial_cells	26.1003970922121	Tumor Epithelial cells
KCND3	IU_PDA_T2	intra	Fibroblasts	4.8956351730067	Fibroblasts
KCND3	IU_PDA_T2	intra	Monocytes	0.712026051425646	Monocytes
KCND3	IU_PDA_T2	intra	B_cells	3.66020503639819	B cells
KCND3	IU_PDA_T2	intra	TAM	2.04734551327124	TAM
KCND3	IU_PDA_T2	intra	Hepatocytes	0.000589319250233469	Hepatocytes
KCND3	IU_PDA_T2	intra	Endothelial_cells	0.222960121219378	Endothelial cells
KCND3	IU_PDA_T2	intra	PVL	0.00334415748452832	PVL
KCND3	IU_PDA_T2	intra	Normal_Epithelial_cells	0.00070981215178509	Normal Epithelial cells
KCND3	IU_PDA_T2	intra	T_NK_cells	0.00151119722099079	T-NK cells
KCND3	IU_PDA_T2	intra	Tumor_Epithelial_cells	4.7323125073344	Tumor Epithelial cells
KCND3	IU_PDA_T2	juxta_ct	Fibroblasts	5.67381582404922	Fibroblasts
KCND3	IU_PDA_T2	juxta_ct	Monocytes	1.03947309534919	Monocytes
KCND3	IU_PDA_T2	juxta_ct	B_cells	5.02095234208365	B cells
KCND3	IU_PDA_T2	juxta_ct	TAM	4.97325203403845	TAM
KCND3	IU_PDA_T2	juxta_ct	Hepatocytes	0.13455923259935	Hepatocytes
KCND3	IU_PDA_T2	juxta_ct	Endothelial_cells	0.808202599176175	Endothelial cells
KCND3	IU_PDA_T2	juxta_ct	PVL	0.187712043788047	PVL
KCND3	IU_PDA_T2	juxta_ct	Normal_Epithelial_cells	0.0043566100714911	Normal Epithelial cells
KCND3	IU_PDA_T2	juxta_ct	T_NK_cells	0.122663159204165	T-NK cells
KCND3	IU_PDA_T2	juxta_ct	Tumor_Epithelial_cells	6.2553157622266	Tumor Epithelial cells
KCND3	IU_PDA_T2	para_ct	Fibroblasts	3.27431996624414	Fibroblasts
KCND3	IU_PDA_T2	para_ct	Monocytes	3.37172375751008	Monocytes
KCND3	IU_PDA_T2	para_ct	B_cells	3.09793490932231	B cells
KCND3	IU_PDA_T2	para_ct	TAM	3.01806117734716	TAM
KCND3	IU_PDA_T2	para_ct	Hepatocytes	3.43747124471583	Hepatocytes
KCND3	IU_PDA_T2	para_ct	Endothelial_cells	3.26631748082667	Endothelial cells
KCND3	IU_PDA_T2	para_ct	PVL	2.73524420035702	PVL
KCND3	IU_PDA_T2	para_ct	Normal_Epithelial_cells	3.0783239568365	Normal Epithelial cells
KCND3	IU_PDA_T2	para_ct	T_NK_cells	3.11923591007315	T-NK cells
KCND3	IU_PDA_T2	para_ct	Tumor_Epithelial_cells	3.27801623875439	Tumor Epithelial cells
KCND3	IU_PDA_T3	intra	Fibroblasts	12.5708913559977	Fibroblasts
KCND3	IU_PDA_T3	intra	Monocytes	5.88693099861956	Monocytes
KCND3	IU_PDA_T3	intra	B_cells	11.5851384962407	B cells
KCND3	IU_PDA_T3	intra	TAM	4.44053705896448	TAM
KCND3	IU_PDA_T3	intra	Endothelial_cells	2.70876760012062	Endothelial cells
KCND3	IU_PDA_T3	intra	PVL	2.45359519575492	PVL
KCND3	IU_PDA_T3	intra	T_NK_cells	2.0333577982831	T-NK cells
KCND3	IU_PDA_T3	intra	Tumor_Epithelial_cells	4.49505039548127	Tumor Epithelial cells
KCND3	IU_PDA_T3	juxta_ct	Fibroblasts	15.2580618060879	Fibroblasts
KCND3	IU_PDA_T3	juxta_ct	Monocytes	13.5232331296638	Monocytes
KCND3	IU_PDA_T3	juxta_ct	B_cells	14.0874444187172	B cells
KCND3	IU_PDA_T3	juxta_ct	TAM	9.40875315295411	TAM
KCND3	IU_PDA_T3	juxta_ct	Endothelial_cells	4.32792294786944	Endothelial cells
KCND3	IU_PDA_T3	juxta_ct	PVL	4.42909347547407	PVL
KCND3	IU_PDA_T3	juxta_ct	T_NK_cells	2.2940105080098	T-NK cells
KCND3	IU_PDA_T3	juxta_ct	Tumor_Epithelial_cells	5.95252216855063	Tumor Epithelial cells
KCND3	IU_PDA_T3	para_ct	Fibroblasts	9.58473085789487	Fibroblasts
KCND3	IU_PDA_T3	para_ct	Monocytes	9.34345512645947	Monocytes
KCND3	IU_PDA_T3	para_ct	B_cells	9.45435404731077	B cells
KCND3	IU_PDA_T3	para_ct	TAM	10.0268569726821	TAM
KCND3	IU_PDA_T3	para_ct	Endothelial_cells	10.1361379814851	Endothelial cells
KCND3	IU_PDA_T3	para_ct	PVL	10.1554196122343	PVL
KCND3	IU_PDA_T3	para_ct	T_NK_cells	9.9332459562589	T-NK cells
KCND3	IU_PDA_T3	para_ct	Tumor_Epithelial_cells	11.7201448286731	Tumor Epithelial cells
KCND3	IU_PDA_T4	intra	Fibroblasts	3.28807849059369	Fibroblasts
KCND3	IU_PDA_T4	intra	Monocytes	0.515985312186998	Monocytes
KCND3	IU_PDA_T4	intra	B_cells	0.000211225964352865	B cells
KCND3	IU_PDA_T4	intra	TAM	2.00423930119753	TAM
KCND3	IU_PDA_T4	intra	Hepatocytes	9.04360079028995e-05	Hepatocytes
KCND3	IU_PDA_T4	intra	Endothelial_cells	0.0060057902252156	Endothelial cells
KCND3	IU_PDA_T4	intra	PVL	0.460607932094646	PVL
KCND3	IU_PDA_T4	intra	T_NK_cells	0.000428125378641988	T-NK cells
KCND3	IU_PDA_T4	intra	Tumor_Epithelial_cells	3.14395253301326	Tumor Epithelial cells
KCND3	IU_PDA_T4	juxta_ct	Fibroblasts	3.38573739261882	Fibroblasts
KCND3	IU_PDA_T4	juxta_ct	Monocytes	1.61393444853852	Monocytes
KCND3	IU_PDA_T4	juxta_ct	B_cells	0.000486360780424662	B cells
KCND3	IU_PDA_T4	juxta_ct	TAM	2.58362896382769	TAM
KCND3	IU_PDA_T4	juxta_ct	Hepatocytes	0.00010120512119454	Hepatocytes
KCND3	IU_PDA_T4	juxta_ct	Endothelial_cells	0.0870238575040705	Endothelial cells
KCND3	IU_PDA_T4	juxta_ct	PVL	0.358368929021955	PVL
KCND3	IU_PDA_T4	juxta_ct	T_NK_cells	0.0075591063480315	T-NK cells
KCND3	IU_PDA_T4	juxta_ct	Tumor_Epithelial_cells	3.58717481164504	Tumor Epithelial cells
KCND3	IU_PDA_T4	para_ct	Fibroblasts	1.79645342468166	Fibroblasts
KCND3	IU_PDA_T4	para_ct	Monocytes	1.60709374113823	Monocytes
KCND3	IU_PDA_T4	para_ct	B_cells	1.46446625896848	B cells
KCND3	IU_PDA_T4	para_ct	TAM	1.79208822998336	TAM
KCND3	IU_PDA_T4	para_ct	Hepatocytes	1.46345409952345	Hepatocytes
KCND3	IU_PDA_T4	para_ct	Endothelial_cells	1.61453853400231	Endothelial cells
KCND3	IU_PDA_T4	para_ct	PVL	1.18199748268722	PVL
KCND3	IU_PDA_T4	para_ct	T_NK_cells	1.37653238779552	T-NK cells
KCND3	IU_PDA_T4	para_ct	Tumor_Epithelial_cells	1.25298482637226	Tumor Epithelial cells
KCND3	IU_PDA_T6	intra	Fibroblasts	3.91086677706176	Fibroblasts
KCND3	IU_PDA_T6	intra	Monocytes	0.0221768470096352	Monocytes
KCND3	IU_PDA_T6	intra	TAM	2.29952063806559	TAM
KCND3	IU_PDA_T6	intra	Endothelial_cells	0.00599140384683136	Endothelial cells
KCND3	IU_PDA_T6	intra	PVL	0.000322414333527016	PVL
KCND3	IU_PDA_T6	intra	Normal_Epithelial_cells	1.00492323683225	Normal Epithelial cells
KCND3	IU_PDA_T6	intra	Tumor_Epithelial_cells	4.34078086455056	Tumor Epithelial cells
KCND3	IU_PDA_T6	juxta_ct	Fibroblasts	5.69699966000293	Fibroblasts
KCND3	IU_PDA_T6	juxta_ct	Monocytes	0.133247203505763	Monocytes
KCND3	IU_PDA_T6	juxta_ct	TAM	2.95363421418348	TAM
KCND3	IU_PDA_T6	juxta_ct	Endothelial_cells	0.268745036848307	Endothelial cells
KCND3	IU_PDA_T6	juxta_ct	PVL	0.030963963332494	PVL
KCND3	IU_PDA_T6	juxta_ct	Normal_Epithelial_cells	1.56963236599418	Normal Epithelial cells
KCND3	IU_PDA_T6	juxta_ct	Tumor_Epithelial_cells	5.17377247662104	Tumor Epithelial cells
KCND3	IU_PDA_T6	para_ct	Fibroblasts	9.62935724781095	Fibroblasts
KCND3	IU_PDA_T6	para_ct	Monocytes	9.4658292110435	Monocytes
KCND3	IU_PDA_T6	para_ct	TAM	9.13947492892998	TAM
KCND3	IU_PDA_T6	para_ct	Endothelial_cells	9.24266734138088	Endothelial cells
KCND3	IU_PDA_T6	para_ct	PVL	9.18563585540025	PVL
KCND3	IU_PDA_T6	para_ct	Normal_Epithelial_cells	10.2031202760704	Normal Epithelial cells
KCND3	IU_PDA_T6	para_ct	Tumor_Epithelial_cells	9.61027467169487	Tumor Epithelial cells
KCND3	IU_PDA_T8	intra	Fibroblasts	3.44385819043152	Fibroblasts
KCND3	IU_PDA_T8	intra	Monocytes	0.467290520092812	Monocytes
KCND3	IU_PDA_T8	intra	B_cells	2.12432340535699	B cells
KCND3	IU_PDA_T8	intra	TAM	1.97477444829273	TAM
KCND3	IU_PDA_T8	intra	Hepatocytes	4.47434296767182e-05	Hepatocytes
KCND3	IU_PDA_T8	intra	Endothelial_cells	0.00321408614443682	Endothelial cells
KCND3	IU_PDA_T8	intra	PVL	0.765111366886945	PVL
KCND3	IU_PDA_T8	intra	Tumor_Epithelial_cells	3.62010764586689	Tumor Epithelial cells
KCND3	IU_PDA_T8	juxta_ct	Fibroblasts	4.50319731734411	Fibroblasts
KCND3	IU_PDA_T8	juxta_ct	Monocytes	0.506929714603033	Monocytes
KCND3	IU_PDA_T8	juxta_ct	B_cells	4.50236356282789	B cells
KCND3	IU_PDA_T8	juxta_ct	TAM	3.91217911553635	TAM
KCND3	IU_PDA_T8	juxta_ct	Hepatocytes	0.000165678119967164	Hepatocytes
KCND3	IU_PDA_T8	juxta_ct	Endothelial_cells	0.448690562251478	Endothelial cells
KCND3	IU_PDA_T8	juxta_ct	PVL	0.550972486467545	PVL
KCND3	IU_PDA_T8	juxta_ct	Tumor_Epithelial_cells	4.87694805352067	Tumor Epithelial cells
KCND3	IU_PDA_T8	para_ct	Fibroblasts	3.92643525606966	Fibroblasts
KCND3	IU_PDA_T8	para_ct	Monocytes	3.86986403357863	Monocytes
KCND3	IU_PDA_T8	para_ct	B_cells	3.86572275686103	B cells
KCND3	IU_PDA_T8	para_ct	TAM	3.40007795756264	TAM
KCND3	IU_PDA_T8	para_ct	Hepatocytes	3.55467497813542	Hepatocytes
KCND3	IU_PDA_T8	para_ct	Endothelial_cells	3.87727783293247	Endothelial cells
KCND3	IU_PDA_T8	para_ct	PVL	3.93267634444624	PVL
KCND3	IU_PDA_T8	para_ct	Tumor_Epithelial_cells	4.31698350136409	Tumor Epithelial cells
KCND3	IU_PDA_T9	intra	Fibroblasts	15.1876210247454	Fibroblasts
KCND3	IU_PDA_T9	intra	Monocytes	9.51754506486932	Monocytes
KCND3	IU_PDA_T9	intra	B_cells	0.273681039655963	B cells
KCND3	IU_PDA_T9	intra	TAM	5.36712316926797	TAM
KCND3	IU_PDA_T9	intra	Endothelial_cells	2.74263033840439	Endothelial cells
KCND3	IU_PDA_T9	intra	PVL	1.14674391394154	PVL
KCND3	IU_PDA_T9	intra	T_NK_cells	2.02857278695773	T-NK cells
KCND3	IU_PDA_T9	intra	Tumor_Epithelial_cells	8.56997701704736	Tumor Epithelial cells
KCND3	IU_PDA_T9	juxta_ct	Fibroblasts	27.2939735934127	Fibroblasts
KCND3	IU_PDA_T9	juxta_ct	Monocytes	25.5711776986975	Monocytes
KCND3	IU_PDA_T9	juxta_ct	B_cells	1.05887709012099	B cells
KCND3	IU_PDA_T9	juxta_ct	TAM	20.6809020429446	TAM
KCND3	IU_PDA_T9	juxta_ct	Endothelial_cells	7.14459851756696	Endothelial cells
KCND3	IU_PDA_T9	juxta_ct	PVL	3.02542711081257	PVL
KCND3	IU_PDA_T9	juxta_ct	T_NK_cells	5.92905747792916	T-NK cells
KCND3	IU_PDA_T9	juxta_ct	Tumor_Epithelial_cells	20.3549552766341	Tumor Epithelial cells
KCND3	IU_PDA_T9	para_ct	Fibroblasts	17.4116441726338	Fibroblasts
KCND3	IU_PDA_T9	para_ct	Monocytes	18.3410682191941	Monocytes
KCND3	IU_PDA_T9	para_ct	B_cells	19.5505555042763	B cells
KCND3	IU_PDA_T9	para_ct	TAM	19.9155017800703	TAM
KCND3	IU_PDA_T9	para_ct	Endothelial_cells	19.3030936814436	Endothelial cells
KCND3	IU_PDA_T9	para_ct	PVL	19.5403028852317	PVL
KCND3	IU_PDA_T9	para_ct	T_NK_cells	19.7842000877415	T-NK cells
KCND3	IU_PDA_T9	para_ct	Tumor_Epithelial_cells	20.6304410799803	Tumor Epithelial cells
KCNE4	IU_PDA_T1	intra	Fibroblasts	16.2523700121355	Fibroblasts
KCNE4	IU_PDA_T1	intra	Monocytes	4.15079175920822	Monocytes
KCNE4	IU_PDA_T1	intra	B_cells	7.07610467998411	B cells
KCNE4	IU_PDA_T1	intra	TAM	9.09654199583117	TAM
KCNE4	IU_PDA_T1	intra	Hepatocytes	0.0221846915037297	Hepatocytes
KCNE4	IU_PDA_T1	intra	Endothelial_cells	0.629834968223589	Endothelial cells
KCNE4	IU_PDA_T1	intra	PVL	0.0088593520181198	PVL
KCNE4	IU_PDA_T1	intra	T_NK_cells	0.0259452170228443	T-NK cells
KCNE4	IU_PDA_T1	intra	Tumor_Epithelial_cells	8.15367394301996	Tumor Epithelial cells
KCNE4	IU_PDA_T1	juxta_ct	Fibroblasts	30.0198437713387	Fibroblasts
KCNE4	IU_PDA_T1	juxta_ct	Monocytes	12.8153605490459	Monocytes
KCNE4	IU_PDA_T1	juxta_ct	B_cells	16.8943986202854	B cells
KCNE4	IU_PDA_T1	juxta_ct	TAM	24.6496175800587	TAM
KCNE4	IU_PDA_T1	juxta_ct	Hepatocytes	0.0133801674269703	Hepatocytes
KCNE4	IU_PDA_T1	juxta_ct	Endothelial_cells	2.68160115902999	Endothelial cells
KCNE4	IU_PDA_T1	juxta_ct	PVL	0.522795994126866	PVL
KCNE4	IU_PDA_T1	juxta_ct	T_NK_cells	1.51211403324446	T-NK cells
KCNE4	IU_PDA_T1	juxta_ct	Tumor_Epithelial_cells	17.4264258834658	Tumor Epithelial cells
KCNE4	IU_PDA_T1	para_ct	Fibroblasts	15.4881220759169	Fibroblasts
KCNE4	IU_PDA_T1	para_ct	Monocytes	15.8444446647078	Monocytes
KCNE4	IU_PDA_T1	para_ct	B_cells	15.7884390455031	B cells
KCNE4	IU_PDA_T1	para_ct	TAM	14.7921450508266	TAM
KCNE4	IU_PDA_T1	para_ct	Hepatocytes	14.154294519378	Hepatocytes
KCNE4	IU_PDA_T1	para_ct	Endothelial_cells	16.8140738561315	Endothelial cells
KCNE4	IU_PDA_T1	para_ct	PVL	13.8474382411222	PVL
KCNE4	IU_PDA_T1	para_ct	T_NK_cells	16.6706036948174	T-NK cells
KCNE4	IU_PDA_T1	para_ct	Tumor_Epithelial_cells	16.4528963336001	Tumor Epithelial cells
KCNE4	IU_PDA_T10	intra	Fibroblasts	6.97218070698356	Fibroblasts
KCNE4	IU_PDA_T10	intra	Monocytes	1.3184820411136	Monocytes
KCNE4	IU_PDA_T10	intra	B_cells	4.0989854141793	B cells
KCNE4	IU_PDA_T10	intra	TAM	3.81314828747816	TAM
KCNE4	IU_PDA_T10	intra	Endothelial_cells	0.00809661624696066	Endothelial cells
KCNE4	IU_PDA_T10	intra	PVL	0.0176756400571916	PVL
KCNE4	IU_PDA_T10	intra	T_NK_cells	0.0349921007604129	T-NK cells
KCNE4	IU_PDA_T10	intra	Tumor_Epithelial_cells	5.7753560938816	Tumor Epithelial cells
KCNE4	IU_PDA_T10	juxta_ct	Fibroblasts	9.9616339583447	Fibroblasts
KCNE4	IU_PDA_T10	juxta_ct	Monocytes	4.33412351302984	Monocytes
KCNE4	IU_PDA_T10	juxta_ct	B_cells	8.59501934079591	B cells
KCNE4	IU_PDA_T10	juxta_ct	TAM	7.64993105998472	TAM
KCNE4	IU_PDA_T10	juxta_ct	Endothelial_cells	0.36666214200753	Endothelial cells
KCNE4	IU_PDA_T10	juxta_ct	PVL	0.907994753992803	PVL
KCNE4	IU_PDA_T10	juxta_ct	T_NK_cells	0.905049125140772	T-NK cells
KCNE4	IU_PDA_T10	juxta_ct	Tumor_Epithelial_cells	9.53902206135325	Tumor Epithelial cells
KCNE4	IU_PDA_T10	para_ct	Fibroblasts	6.48985798713839	Fibroblasts
KCNE4	IU_PDA_T10	para_ct	Monocytes	6.66297516634175	Monocytes
KCNE4	IU_PDA_T10	para_ct	B_cells	5.46095973298544	B cells
KCNE4	IU_PDA_T10	para_ct	TAM	6.38118901423166	TAM
KCNE4	IU_PDA_T10	para_ct	Endothelial_cells	6.11361050679353	Endothelial cells
KCNE4	IU_PDA_T10	para_ct	PVL	6.75955150798471	PVL
KCNE4	IU_PDA_T10	para_ct	T_NK_cells	5.61788149902781	T-NK cells
KCNE4	IU_PDA_T10	para_ct	Tumor_Epithelial_cells	6.76789510471911	Tumor Epithelial cells
KCNE4	IU_PDA_T11	intra	Fibroblasts	8.41039305411297	Fibroblasts
KCNE4	IU_PDA_T11	intra	Monocytes	0.424631979886931	Monocytes
KCNE4	IU_PDA_T11	intra	B_cells	0.0127283668029046	B cells
KCNE4	IU_PDA_T11	intra	TAM	5.07700496668034	TAM
KCNE4	IU_PDA_T11	intra	Endothelial_cells	1.08902351560598	Endothelial cells
KCNE4	IU_PDA_T11	intra	PVL	0.277725879757021	PVL
KCNE4	IU_PDA_T11	intra	Tumor_Epithelial_cells	7.48306890932635	Tumor Epithelial cells
KCNE4	IU_PDA_T11	juxta_ct	Fibroblasts	15.9468555566496	Fibroblasts
KCNE4	IU_PDA_T11	juxta_ct	Monocytes	2.10605285837343	Monocytes
KCNE4	IU_PDA_T11	juxta_ct	B_cells	0.534883319400694	B cells
KCNE4	IU_PDA_T11	juxta_ct	TAM	12.5427851573687	TAM
KCNE4	IU_PDA_T11	juxta_ct	Endothelial_cells	3.20980834668634	Endothelial cells
KCNE4	IU_PDA_T11	juxta_ct	PVL	3.02765668251745	PVL
KCNE4	IU_PDA_T11	juxta_ct	Tumor_Epithelial_cells	15.3515030285129	Tumor Epithelial cells
KCNE4	IU_PDA_T11	para_ct	Fibroblasts	12.5967523714532	Fibroblasts
KCNE4	IU_PDA_T11	para_ct	Monocytes	12.3822612321257	Monocytes
KCNE4	IU_PDA_T11	para_ct	B_cells	12.7692537468217	B cells
KCNE4	IU_PDA_T11	para_ct	TAM	11.8909264597356	TAM
KCNE4	IU_PDA_T11	para_ct	Endothelial_cells	12.1059099949765	Endothelial cells
KCNE4	IU_PDA_T11	para_ct	PVL	13.1576564391882	PVL
KCNE4	IU_PDA_T11	para_ct	Tumor_Epithelial_cells	12.3249037802008	Tumor Epithelial cells
KCNE4	IU_PDA_T12	intra	Fibroblasts	82.3213124477739	Fibroblasts
KCNE4	IU_PDA_T12	intra	Monocytes	8.91811484146017	Monocytes
KCNE4	IU_PDA_T12	intra	B_cells	56.380322123106	B cells
KCNE4	IU_PDA_T12	intra	TAM	72.0093769685295	TAM
KCNE4	IU_PDA_T12	intra	Endothelial_cells	13.7894359385082	Endothelial cells
KCNE4	IU_PDA_T12	intra	PVL	3.81611857776496	PVL
KCNE4	IU_PDA_T12	intra	Normal_Epithelial_cells	0.0106503925889759	Normal Epithelial cells
KCNE4	IU_PDA_T12	intra	T_NK_cells	0.685861969900164	T-NK cells
KCNE4	IU_PDA_T12	intra	Tumor_Epithelial_cells	55.1667765148111	Tumor Epithelial cells
KCNE4	IU_PDA_T12	juxta_ct	Fibroblasts	90.4727805521362	Fibroblasts
KCNE4	IU_PDA_T12	juxta_ct	Monocytes	25.2968674463062	Monocytes
KCNE4	IU_PDA_T12	juxta_ct	B_cells	74.9808510605027	B cells
KCNE4	IU_PDA_T12	juxta_ct	TAM	92.4082095492154	TAM
KCNE4	IU_PDA_T12	juxta_ct	Endothelial_cells	32.1553379830236	Endothelial cells
KCNE4	IU_PDA_T12	juxta_ct	PVL	11.9901526606789	PVL
KCNE4	IU_PDA_T12	juxta_ct	Normal_Epithelial_cells	0.185660067091421	Normal Epithelial cells
KCNE4	IU_PDA_T12	juxta_ct	T_NK_cells	4.13448437656005	T-NK cells
KCNE4	IU_PDA_T12	juxta_ct	Tumor_Epithelial_cells	76.9373776433005	Tumor Epithelial cells
KCNE4	IU_PDA_T12	para_ct	Fibroblasts	49.7676489653485	Fibroblasts
KCNE4	IU_PDA_T12	para_ct	Monocytes	51.8793898576535	Monocytes
KCNE4	IU_PDA_T12	para_ct	B_cells	47.3598893690298	B cells
KCNE4	IU_PDA_T12	para_ct	TAM	51.7436773498144	TAM
KCNE4	IU_PDA_T12	para_ct	Endothelial_cells	53.6240758954946	Endothelial cells
KCNE4	IU_PDA_T12	para_ct	PVL	52.3564727095092	PVL
KCNE4	IU_PDA_T12	para_ct	Normal_Epithelial_cells	49.9725557740073	Normal Epithelial cells
KCNE4	IU_PDA_T12	para_ct	T_NK_cells	48.027782966896	T-NK cells
KCNE4	IU_PDA_T12	para_ct	Tumor_Epithelial_cells	51.2702128421296	Tumor Epithelial cells
KCNE4	IU_PDA_T2	intra	Fibroblasts	9.03767140417397	Fibroblasts
KCNE4	IU_PDA_T2	intra	Monocytes	0.546248312139925	Monocytes
KCNE4	IU_PDA_T2	intra	B_cells	4.81706761433496	B cells
KCNE4	IU_PDA_T2	intra	TAM	4.94524021504675	TAM
KCNE4	IU_PDA_T2	intra	Hepatocytes	0.000743445408596097	Hepatocytes
KCNE4	IU_PDA_T2	intra	Endothelial_cells	0.00813578683018613	Endothelial cells
KCNE4	IU_PDA_T2	intra	PVL	0.239353436908681	PVL
KCNE4	IU_PDA_T2	intra	Normal_Epithelial_cells	0.00382851746205327	Normal Epithelial cells
KCNE4	IU_PDA_T2	intra	T_NK_cells	0.00314875407801456	T-NK cells
KCNE4	IU_PDA_T2	intra	Tumor_Epithelial_cells	9.2478153605067	Tumor Epithelial cells
KCNE4	IU_PDA_T2	juxta_ct	Fibroblasts	13.72394248427	Fibroblasts
KCNE4	IU_PDA_T2	juxta_ct	Monocytes	1.55940292365863	Monocytes
KCNE4	IU_PDA_T2	juxta_ct	B_cells	8.78121422561641	B cells
KCNE4	IU_PDA_T2	juxta_ct	TAM	11.8892565343175	TAM
KCNE4	IU_PDA_T2	juxta_ct	Hepatocytes	0.183615537211572	Hepatocytes
KCNE4	IU_PDA_T2	juxta_ct	Endothelial_cells	0.0900126260597052	Endothelial cells
KCNE4	IU_PDA_T2	juxta_ct	PVL	0.345001199860883	PVL
KCNE4	IU_PDA_T2	juxta_ct	Normal_Epithelial_cells	0.0264164676787435	Normal Epithelial cells
KCNE4	IU_PDA_T2	juxta_ct	T_NK_cells	0.0149840201437766	T-NK cells
KCNE4	IU_PDA_T2	juxta_ct	Tumor_Epithelial_cells	13.9145783753972	Tumor Epithelial cells
KCNE4	IU_PDA_T2	para_ct	Fibroblasts	8.27127382790493	Fibroblasts
KCNE4	IU_PDA_T2	para_ct	Monocytes	8.95093489736098	Monocytes
KCNE4	IU_PDA_T2	para_ct	B_cells	8.76711479867352	B cells
KCNE4	IU_PDA_T2	para_ct	TAM	8.76917599776674	TAM
KCNE4	IU_PDA_T2	para_ct	Hepatocytes	8.69225063832871	Hepatocytes
KCNE4	IU_PDA_T2	para_ct	Endothelial_cells	7.85920120060895	Endothelial cells
KCNE4	IU_PDA_T2	para_ct	PVL	8.44850595814975	PVL
KCNE4	IU_PDA_T2	para_ct	Normal_Epithelial_cells	8.21839574580322	Normal Epithelial cells
KCNE4	IU_PDA_T2	para_ct	T_NK_cells	7.7795936589459	T-NK cells
KCNE4	IU_PDA_T2	para_ct	Tumor_Epithelial_cells	8.69184570444584	Tumor Epithelial cells
KCNE4	IU_PDA_T3	intra	Fibroblasts	17.8068448382518	Fibroblasts
KCNE4	IU_PDA_T3	intra	Monocytes	8.10348656762977	Monocytes
KCNE4	IU_PDA_T3	intra	B_cells	15.3371691867539	B cells
KCNE4	IU_PDA_T3	intra	TAM	8.69914780662567	TAM
KCNE4	IU_PDA_T3	intra	Endothelial_cells	0.936804640279933	Endothelial cells
KCNE4	IU_PDA_T3	intra	PVL	2.27748894325029	PVL
KCNE4	IU_PDA_T3	intra	T_NK_cells	0.940818891117805	T-NK cells
KCNE4	IU_PDA_T3	intra	Tumor_Epithelial_cells	10.7312840051853	Tumor Epithelial cells
KCNE4	IU_PDA_T3	juxta_ct	Fibroblasts	22.656759101709	Fibroblasts
KCNE4	IU_PDA_T3	juxta_ct	Monocytes	18.7938883683847	Monocytes
KCNE4	IU_PDA_T3	juxta_ct	B_cells	21.8135295367016	B cells
KCNE4	IU_PDA_T3	juxta_ct	TAM	15.6451760748139	TAM
KCNE4	IU_PDA_T3	juxta_ct	Endothelial_cells	2.93587842069082	Endothelial cells
KCNE4	IU_PDA_T3	juxta_ct	PVL	2.70266612186409	PVL
KCNE4	IU_PDA_T3	juxta_ct	T_NK_cells	2.42433876353288	T-NK cells
KCNE4	IU_PDA_T3	juxta_ct	Tumor_Epithelial_cells	15.846474924278	Tumor Epithelial cells
KCNE4	IU_PDA_T3	para_ct	Fibroblasts	16.7501804878701	Fibroblasts
KCNE4	IU_PDA_T3	para_ct	Monocytes	15.511633106956	Monocytes
KCNE4	IU_PDA_T3	para_ct	B_cells	16.1130981579421	B cells
KCNE4	IU_PDA_T3	para_ct	TAM	15.7086619075108	TAM
KCNE4	IU_PDA_T3	para_ct	Endothelial_cells	16.5639704521793	Endothelial cells
KCNE4	IU_PDA_T3	para_ct	PVL	16.8807958213829	PVL
KCNE4	IU_PDA_T3	para_ct	T_NK_cells	16.6699862978402	T-NK cells
KCNE4	IU_PDA_T3	para_ct	Tumor_Epithelial_cells	17.0739111857761	Tumor Epithelial cells
KCNE4	IU_PDA_T4	intra	Fibroblasts	7.84403114559003	Fibroblasts
KCNE4	IU_PDA_T4	intra	Monocytes	1.56326593179582	Monocytes
KCNE4	IU_PDA_T4	intra	B_cells	0.00874264606349461	B cells
KCNE4	IU_PDA_T4	intra	TAM	4.55508732897254	TAM
KCNE4	IU_PDA_T4	intra	Hepatocytes	0.000449978992288684	Hepatocytes
KCNE4	IU_PDA_T4	intra	Endothelial_cells	0.149742862421563	Endothelial cells
KCNE4	IU_PDA_T4	intra	PVL	0.76509848954878	PVL
KCNE4	IU_PDA_T4	intra	T_NK_cells	0.294041855579526	T-NK cells
KCNE4	IU_PDA_T4	intra	Tumor_Epithelial_cells	6.64107797614426	Tumor Epithelial cells
KCNE4	IU_PDA_T4	juxta_ct	Fibroblasts	9.04888165687195	Fibroblasts
KCNE4	IU_PDA_T4	juxta_ct	Monocytes	3.99280984324765	Monocytes
KCNE4	IU_PDA_T4	juxta_ct	B_cells	0.0226562849628658	B cells
KCNE4	IU_PDA_T4	juxta_ct	TAM	8.21502995510432	TAM
KCNE4	IU_PDA_T4	juxta_ct	Hepatocytes	0.00115098584294378	Hepatocytes
KCNE4	IU_PDA_T4	juxta_ct	Endothelial_cells	0.162063549991095	Endothelial cells
KCNE4	IU_PDA_T4	juxta_ct	PVL	1.25965162883115	PVL
KCNE4	IU_PDA_T4	juxta_ct	T_NK_cells	0.00497119615272156	T-NK cells
KCNE4	IU_PDA_T4	juxta_ct	Tumor_Epithelial_cells	9.51170910639427	Tumor Epithelial cells
KCNE4	IU_PDA_T4	para_ct	Fibroblasts	3.93452298882924	Fibroblasts
KCNE4	IU_PDA_T4	para_ct	Monocytes	4.36161854910456	Monocytes
KCNE4	IU_PDA_T4	para_ct	B_cells	4.15576999866446	B cells
KCNE4	IU_PDA_T4	para_ct	TAM	4.97959004496099	TAM
KCNE4	IU_PDA_T4	para_ct	Hepatocytes	4.17690297371365	Hepatocytes
KCNE4	IU_PDA_T4	para_ct	Endothelial_cells	5.96351272975178	Endothelial cells
KCNE4	IU_PDA_T4	para_ct	PVL	4.96978363650773	PVL
KCNE4	IU_PDA_T4	para_ct	T_NK_cells	4.09224371605649	T-NK cells
KCNE4	IU_PDA_T4	para_ct	Tumor_Epithelial_cells	4.80775667699127	Tumor Epithelial cells
KCNE4	IU_PDA_T6	intra	Fibroblasts	9.7953505326226	Fibroblasts
KCNE4	IU_PDA_T6	intra	Monocytes	0.146674961101169	Monocytes
KCNE4	IU_PDA_T6	intra	TAM	4.7224389306674	TAM
KCNE4	IU_PDA_T6	intra	Endothelial_cells	0.232405609440477	Endothelial cells
KCNE4	IU_PDA_T6	intra	PVL	0.00811123049835128	PVL
KCNE4	IU_PDA_T6	intra	Normal_Epithelial_cells	0.208380957253996	Normal Epithelial cells
KCNE4	IU_PDA_T6	intra	Tumor_Epithelial_cells	8.31928345445956	Tumor Epithelial cells
KCNE4	IU_PDA_T6	juxta_ct	Fibroblasts	14.1453849298001	Fibroblasts
KCNE4	IU_PDA_T6	juxta_ct	Monocytes	1.69298148638128	Monocytes
KCNE4	IU_PDA_T6	juxta_ct	TAM	9.72247458442316	TAM
KCNE4	IU_PDA_T6	juxta_ct	Endothelial_cells	0.239993728424464	Endothelial cells
KCNE4	IU_PDA_T6	juxta_ct	PVL	0.0406456036722442	PVL
KCNE4	IU_PDA_T6	juxta_ct	Normal_Epithelial_cells	0.32664793247191	Normal Epithelial cells
KCNE4	IU_PDA_T6	juxta_ct	Tumor_Epithelial_cells	13.7256005245074	Tumor Epithelial cells
KCNE4	IU_PDA_T6	para_ct	Fibroblasts	27.2743786139346	Fibroblasts
KCNE4	IU_PDA_T6	para_ct	Monocytes	23.3367827509779	Monocytes
KCNE4	IU_PDA_T6	para_ct	TAM	22.2323366739979	TAM
KCNE4	IU_PDA_T6	para_ct	Endothelial_cells	22.5820046608928	Endothelial cells
KCNE4	IU_PDA_T6	para_ct	PVL	20.5599407894025	PVL
KCNE4	IU_PDA_T6	para_ct	Normal_Epithelial_cells	24.1053344030283	Normal Epithelial cells
KCNE4	IU_PDA_T6	para_ct	Tumor_Epithelial_cells	23.7440338619944	Tumor Epithelial cells
KCNE4	IU_PDA_T8	intra	Fibroblasts	5.57167427364022	Fibroblasts
KCNE4	IU_PDA_T8	intra	Monocytes	0.391106982638839	Monocytes
KCNE4	IU_PDA_T8	intra	B_cells	2.7294110367046	B cells
KCNE4	IU_PDA_T8	intra	TAM	3.49534876985832	TAM
KCNE4	IU_PDA_T8	intra	Hepatocytes	8.35598897823328e-05	Hepatocytes
KCNE4	IU_PDA_T8	intra	Endothelial_cells	0.00590184015373915	Endothelial cells
KCNE4	IU_PDA_T8	intra	PVL	0.00294980600323969	PVL
KCNE4	IU_PDA_T8	intra	Tumor_Epithelial_cells	5.09914784661619	Tumor Epithelial cells
KCNE4	IU_PDA_T8	juxta_ct	Fibroblasts	8.29264760320241	Fibroblasts
KCNE4	IU_PDA_T8	juxta_ct	Monocytes	1.71759047088409	Monocytes
KCNE4	IU_PDA_T8	juxta_ct	B_cells	5.73600228846746	B cells
KCNE4	IU_PDA_T8	juxta_ct	TAM	8.73027853313444	TAM
KCNE4	IU_PDA_T8	juxta_ct	Hepatocytes	0.00369434677247699	Hepatocytes
KCNE4	IU_PDA_T8	juxta_ct	Endothelial_cells	0.233974408242746	Endothelial cells
KCNE4	IU_PDA_T8	juxta_ct	PVL	0.0319506811672178	PVL
KCNE4	IU_PDA_T8	juxta_ct	Tumor_Epithelial_cells	8.74304593544648	Tumor Epithelial cells
KCNE4	IU_PDA_T8	para_ct	Fibroblasts	7.24825765595065	Fibroblasts
KCNE4	IU_PDA_T8	para_ct	Monocytes	7.84311209566425	Monocytes
KCNE4	IU_PDA_T8	para_ct	B_cells	7.53041494629229	B cells
KCNE4	IU_PDA_T8	para_ct	TAM	6.25710714748524	TAM
KCNE4	IU_PDA_T8	para_ct	Hepatocytes	6.48790476981083	Hepatocytes
KCNE4	IU_PDA_T8	para_ct	Endothelial_cells	7.01057190614926	Endothelial cells
KCNE4	IU_PDA_T8	para_ct	PVL	6.5204276611213	PVL
KCNE4	IU_PDA_T8	para_ct	Tumor_Epithelial_cells	6.75941496894512	Tumor Epithelial cells
KCNE4	IU_PDA_T9	intra	Fibroblasts	14.4357192482244	Fibroblasts
KCNE4	IU_PDA_T9	intra	Monocytes	8.93843116648483	Monocytes
KCNE4	IU_PDA_T9	intra	B_cells	0.364721199246335	B cells
KCNE4	IU_PDA_T9	intra	TAM	6.04176052908869	TAM
KCNE4	IU_PDA_T9	intra	Endothelial_cells	2.80688666750376	Endothelial cells
KCNE4	IU_PDA_T9	intra	PVL	1.36755710673901	PVL
KCNE4	IU_PDA_T9	intra	T_NK_cells	2.10266829731551	T-NK cells
KCNE4	IU_PDA_T9	intra	Tumor_Epithelial_cells	9.71259098902453	Tumor Epithelial cells
KCNE4	IU_PDA_T9	juxta_ct	Fibroblasts	26.7657787861133	Fibroblasts
KCNE4	IU_PDA_T9	juxta_ct	Monocytes	25.4284393982996	Monocytes
KCNE4	IU_PDA_T9	juxta_ct	B_cells	0.531436472692127	B cells
KCNE4	IU_PDA_T9	juxta_ct	TAM	20.4632575238215	TAM
KCNE4	IU_PDA_T9	juxta_ct	Endothelial_cells	5.77701269510244	Endothelial cells
KCNE4	IU_PDA_T9	juxta_ct	PVL	3.04483023212281	PVL
KCNE4	IU_PDA_T9	juxta_ct	T_NK_cells	5.41466195730485	T-NK cells
KCNE4	IU_PDA_T9	juxta_ct	Tumor_Epithelial_cells	22.4551760121708	Tumor Epithelial cells
KCNE4	IU_PDA_T9	para_ct	Fibroblasts	20.3004500596383	Fibroblasts
KCNE4	IU_PDA_T9	para_ct	Monocytes	18.830479646027	Monocytes
KCNE4	IU_PDA_T9	para_ct	B_cells	20.0508439411008	B cells
KCNE4	IU_PDA_T9	para_ct	TAM	19.9928262344106	TAM
KCNE4	IU_PDA_T9	para_ct	Endothelial_cells	19.9247667107465	Endothelial cells
KCNE4	IU_PDA_T9	para_ct	PVL	19.5612919310913	PVL
KCNE4	IU_PDA_T9	para_ct	T_NK_cells	19.8382439856523	T-NK cells
KCNE4	IU_PDA_T9	para_ct	Tumor_Epithelial_cells	19.0980415508876	Tumor Epithelial cells
KCNJ15	IU_PDA_T1	intra	Fibroblasts	4.11030817631098	Fibroblasts
KCNJ15	IU_PDA_T1	intra	Monocytes	0.717402491020967	Monocytes
KCNJ15	IU_PDA_T1	intra	B_cells	1.31885287421154	B cells
KCNJ15	IU_PDA_T1	intra	TAM	2.22059518945654	TAM
KCNJ15	IU_PDA_T1	intra	Hepatocytes	0.000135818071075032	Hepatocytes
KCNJ15	IU_PDA_T1	intra	Endothelial_cells	0.00149073698159406	Endothelial cells
KCNJ15	IU_PDA_T1	intra	PVL	0.000347673645707724	PVL
KCNJ15	IU_PDA_T1	intra	T_NK_cells	0.000510257442649521	T-NK cells
KCNJ15	IU_PDA_T1	intra	Tumor_Epithelial_cells	2.17859591281954	Tumor Epithelial cells
KCNJ15	IU_PDA_T1	juxta_ct	Fibroblasts	5.40211829795579	Fibroblasts
KCNJ15	IU_PDA_T1	juxta_ct	Monocytes	2.12498853422802	Monocytes
KCNJ15	IU_PDA_T1	juxta_ct	B_cells	2.69509381097595	B cells
KCNJ15	IU_PDA_T1	juxta_ct	TAM	4.35541488078171	TAM
KCNJ15	IU_PDA_T1	juxta_ct	Hepatocytes	3.82432881243065e-05	Hepatocytes
KCNJ15	IU_PDA_T1	juxta_ct	Endothelial_cells	0.00594541550612698	Endothelial cells
KCNJ15	IU_PDA_T1	juxta_ct	PVL	0.000617229552555642	PVL
KCNJ15	IU_PDA_T1	juxta_ct	T_NK_cells	0.00227783369994666	T-NK cells
KCNJ15	IU_PDA_T1	juxta_ct	Tumor_Epithelial_cells	3.02206573406374	Tumor Epithelial cells
KCNJ15	IU_PDA_T1	para_ct	Fibroblasts	2.22994869342058	Fibroblasts
KCNJ15	IU_PDA_T1	para_ct	Monocytes	2.32187014741948	Monocytes
KCNJ15	IU_PDA_T1	para_ct	B_cells	2.49503434159342	B cells
KCNJ15	IU_PDA_T1	para_ct	TAM	2.21465510976552	TAM
KCNJ15	IU_PDA_T1	para_ct	Hepatocytes	2.52220617934612	Hepatocytes
KCNJ15	IU_PDA_T1	para_ct	Endothelial_cells	2.94773470653818	Endothelial cells
KCNJ15	IU_PDA_T1	para_ct	PVL	2.41361978253616	PVL
KCNJ15	IU_PDA_T1	para_ct	T_NK_cells	2.31859304277108	T-NK cells
KCNJ15	IU_PDA_T1	para_ct	Tumor_Epithelial_cells	2.95849162033318	Tumor Epithelial cells
KCNJ15	IU_PDA_T10	intra	Fibroblasts	2.67227609126671	Fibroblasts
KCNJ15	IU_PDA_T10	intra	Monocytes	0.240796206269481	Monocytes
KCNJ15	IU_PDA_T10	intra	B_cells	1.21090254887504	B cells
KCNJ15	IU_PDA_T10	intra	TAM	2.00904462002236	TAM
KCNJ15	IU_PDA_T10	intra	Endothelial_cells	0.00833235961333928	Endothelial cells
KCNJ15	IU_PDA_T10	intra	PVL	0.266535552512582	PVL
KCNJ15	IU_PDA_T10	intra	T_NK_cells	0.00188666016849167	T-NK cells
KCNJ15	IU_PDA_T10	intra	Tumor_Epithelial_cells	2.41533708978567	Tumor Epithelial cells
KCNJ15	IU_PDA_T10	juxta_ct	Fibroblasts	2.7990150941778	Fibroblasts
KCNJ15	IU_PDA_T10	juxta_ct	Monocytes	1.1878155055228	Monocytes
KCNJ15	IU_PDA_T10	juxta_ct	B_cells	2.40091124004849	B cells
KCNJ15	IU_PDA_T10	juxta_ct	TAM	2.12314929043032	TAM
KCNJ15	IU_PDA_T10	juxta_ct	Endothelial_cells	0.0819394708705847	Endothelial cells
KCNJ15	IU_PDA_T10	juxta_ct	PVL	0.175439586731149	PVL
KCNJ15	IU_PDA_T10	juxta_ct	T_NK_cells	0.0919312619716371	T-NK cells
KCNJ15	IU_PDA_T10	juxta_ct	Tumor_Epithelial_cells	2.11299554824269	Tumor Epithelial cells
KCNJ15	IU_PDA_T10	para_ct	Fibroblasts	1.72850194051801	Fibroblasts
KCNJ15	IU_PDA_T10	para_ct	Monocytes	1.49925015587212	Monocytes
KCNJ15	IU_PDA_T10	para_ct	B_cells	1.69193876006131	B cells
KCNJ15	IU_PDA_T10	para_ct	TAM	1.64650778859816	TAM
KCNJ15	IU_PDA_T10	para_ct	Endothelial_cells	1.56918501683037	Endothelial cells
KCNJ15	IU_PDA_T10	para_ct	PVL	1.4925822793037	PVL
KCNJ15	IU_PDA_T10	para_ct	T_NK_cells	1.58392693555924	T-NK cells
KCNJ15	IU_PDA_T10	para_ct	Tumor_Epithelial_cells	2.06128976883095	Tumor Epithelial cells
KCNJ15	IU_PDA_T11	intra	Fibroblasts	3.49901100833732	Fibroblasts
KCNJ15	IU_PDA_T11	intra	Monocytes	0.0972932345357476	Monocytes
KCNJ15	IU_PDA_T11	intra	B_cells	0.000508266712405727	B cells
KCNJ15	IU_PDA_T11	intra	TAM	1.98485396763348	TAM
KCNJ15	IU_PDA_T11	intra	Endothelial_cells	0.160611133475562	Endothelial cells
KCNJ15	IU_PDA_T11	intra	PVL	0.15078753481562	PVL
KCNJ15	IU_PDA_T11	intra	Tumor_Epithelial_cells	3.16008577441431	Tumor Epithelial cells
KCNJ15	IU_PDA_T11	juxta_ct	Fibroblasts	4.23489460247699	Fibroblasts
KCNJ15	IU_PDA_T11	juxta_ct	Monocytes	0.835728846246381	Monocytes
KCNJ15	IU_PDA_T11	juxta_ct	B_cells	0.114615013707477	B cells
KCNJ15	IU_PDA_T11	juxta_ct	TAM	3.33314674533471	TAM
KCNJ15	IU_PDA_T11	juxta_ct	Endothelial_cells	1.67373154410544	Endothelial cells
KCNJ15	IU_PDA_T11	juxta_ct	PVL	0.430607332799042	PVL
KCNJ15	IU_PDA_T11	juxta_ct	Tumor_Epithelial_cells	4.6121847477369	Tumor Epithelial cells
KCNJ15	IU_PDA_T11	para_ct	Fibroblasts	3.5091024842769	Fibroblasts
KCNJ15	IU_PDA_T11	para_ct	Monocytes	3.02054144033287	Monocytes
KCNJ15	IU_PDA_T11	para_ct	B_cells	3.65059650610743	B cells
KCNJ15	IU_PDA_T11	para_ct	TAM	3.61278936104441	TAM
KCNJ15	IU_PDA_T11	para_ct	Endothelial_cells	3.43994808407786	Endothelial cells
KCNJ15	IU_PDA_T11	para_ct	PVL	3.85374052812292	PVL
KCNJ15	IU_PDA_T11	para_ct	Tumor_Epithelial_cells	4.05838117207848	Tumor Epithelial cells
KCNJ15	IU_PDA_T12	intra	Fibroblasts	73.5784233537313	Fibroblasts
KCNJ15	IU_PDA_T12	intra	Monocytes	3.92306554283524	Monocytes
KCNJ15	IU_PDA_T12	intra	B_cells	47.1487567230264	B cells
KCNJ15	IU_PDA_T12	intra	TAM	57.1802804106867	TAM
KCNJ15	IU_PDA_T12	intra	Endothelial_cells	5.05844553287266	Endothelial cells
KCNJ15	IU_PDA_T12	intra	PVL	1.4278230209711	PVL
KCNJ15	IU_PDA_T12	intra	Normal_Epithelial_cells	0.003230004957639	Normal Epithelial cells
KCNJ15	IU_PDA_T12	intra	T_NK_cells	0.374737399965181	T-NK cells
KCNJ15	IU_PDA_T12	intra	Tumor_Epithelial_cells	91.5917298059106	Tumor Epithelial cells
KCNJ15	IU_PDA_T12	juxta_ct	Fibroblasts	73.4525808200158	Fibroblasts
KCNJ15	IU_PDA_T12	juxta_ct	Monocytes	16.9968767052165	Monocytes
KCNJ15	IU_PDA_T12	juxta_ct	B_cells	67.6890288315419	B cells
KCNJ15	IU_PDA_T12	juxta_ct	TAM	69.5683530054369	TAM
KCNJ15	IU_PDA_T12	juxta_ct	Endothelial_cells	16.9989412440742	Endothelial cells
KCNJ15	IU_PDA_T12	juxta_ct	PVL	3.20265383414584	PVL
KCNJ15	IU_PDA_T12	juxta_ct	Normal_Epithelial_cells	0.108641126927	Normal Epithelial cells
KCNJ15	IU_PDA_T12	juxta_ct	T_NK_cells	0.606691470916896	T-NK cells
KCNJ15	IU_PDA_T12	juxta_ct	Tumor_Epithelial_cells	106.651158470555	Tumor Epithelial cells
KCNJ15	IU_PDA_T12	para_ct	Fibroblasts	44.2886710231191	Fibroblasts
KCNJ15	IU_PDA_T12	para_ct	Monocytes	40.3535032619881	Monocytes
KCNJ15	IU_PDA_T12	para_ct	B_cells	45.4602278572637	B cells
KCNJ15	IU_PDA_T12	para_ct	TAM	45.3677307031467	TAM
KCNJ15	IU_PDA_T12	para_ct	Endothelial_cells	40.1374331995128	Endothelial cells
KCNJ15	IU_PDA_T12	para_ct	PVL	44.8371363952611	PVL
KCNJ15	IU_PDA_T12	para_ct	Normal_Epithelial_cells	45.4795801590592	Normal Epithelial cells
KCNJ15	IU_PDA_T12	para_ct	T_NK_cells	45.1102600570857	T-NK cells
KCNJ15	IU_PDA_T12	para_ct	Tumor_Epithelial_cells	52.5659832507778	Tumor Epithelial cells
KCNJ15	IU_PDA_T2	intra	Fibroblasts	12.9038664032438	Fibroblasts
KCNJ15	IU_PDA_T2	intra	Monocytes	0.596295755631782	Monocytes
KCNJ15	IU_PDA_T2	intra	B_cells	5.69385740131122	B cells
KCNJ15	IU_PDA_T2	intra	TAM	8.12538824143396	TAM
KCNJ15	IU_PDA_T2	intra	Hepatocytes	0.228248477714625	Hepatocytes
KCNJ15	IU_PDA_T2	intra	Endothelial_cells	0.375137966176862	Endothelial cells
KCNJ15	IU_PDA_T2	intra	PVL	0.231917468745327	PVL
KCNJ15	IU_PDA_T2	intra	Normal_Epithelial_cells	0.777077739477469	Normal Epithelial cells
KCNJ15	IU_PDA_T2	intra	T_NK_cells	0.00476988000123417	T-NK cells
KCNJ15	IU_PDA_T2	intra	Tumor_Epithelial_cells	13.1151166882138	Tumor Epithelial cells
KCNJ15	IU_PDA_T2	juxta_ct	Fibroblasts	27.454611503802	Fibroblasts
KCNJ15	IU_PDA_T2	juxta_ct	Monocytes	2.3070495968371	Monocytes
KCNJ15	IU_PDA_T2	juxta_ct	B_cells	13.5820670224219	B cells
KCNJ15	IU_PDA_T2	juxta_ct	TAM	21.4036764467494	TAM
KCNJ15	IU_PDA_T2	juxta_ct	Hepatocytes	0.043345892010017	Hepatocytes
KCNJ15	IU_PDA_T2	juxta_ct	Endothelial_cells	0.531928835192298	Endothelial cells
KCNJ15	IU_PDA_T2	juxta_ct	PVL	0.288601996806092	PVL
KCNJ15	IU_PDA_T2	juxta_ct	Normal_Epithelial_cells	2.29387805801671	Normal Epithelial cells
KCNJ15	IU_PDA_T2	juxta_ct	T_NK_cells	0.258793009879774	T-NK cells
KCNJ15	IU_PDA_T2	juxta_ct	Tumor_Epithelial_cells	27.4577503183785	Tumor Epithelial cells
KCNJ15	IU_PDA_T2	para_ct	Fibroblasts	19.0223107520374	Fibroblasts
KCNJ15	IU_PDA_T2	para_ct	Monocytes	19.4735703075977	Monocytes
KCNJ15	IU_PDA_T2	para_ct	B_cells	19.8680842806792	B cells
KCNJ15	IU_PDA_T2	para_ct	TAM	19.5428161263636	TAM
KCNJ15	IU_PDA_T2	para_ct	Hepatocytes	19.3734843035673	Hepatocytes
KCNJ15	IU_PDA_T2	para_ct	Endothelial_cells	18.5838156803398	Endothelial cells
KCNJ15	IU_PDA_T2	para_ct	PVL	19.471113338872	PVL
KCNJ15	IU_PDA_T2	para_ct	Normal_Epithelial_cells	20.2308945237766	Normal Epithelial cells
KCNJ15	IU_PDA_T2	para_ct	T_NK_cells	19.6969502473748	T-NK cells
KCNJ15	IU_PDA_T2	para_ct	Tumor_Epithelial_cells	19.6089163062041	Tumor Epithelial cells
KCNJ15	IU_PDA_T3	intra	Fibroblasts	11.9082028523409	Fibroblasts
KCNJ15	IU_PDA_T3	intra	Monocytes	5.17359020844041	Monocytes
KCNJ15	IU_PDA_T3	intra	B_cells	9.60509261246352	B cells
KCNJ15	IU_PDA_T3	intra	TAM	5.88301216963971	TAM
KCNJ15	IU_PDA_T3	intra	Endothelial_cells	0.089107537601345	Endothelial cells
KCNJ15	IU_PDA_T3	intra	PVL	0.29755511667605	PVL
KCNJ15	IU_PDA_T3	intra	T_NK_cells	0.222571453687304	T-NK cells
KCNJ15	IU_PDA_T3	intra	Tumor_Epithelial_cells	8.22628015523411	Tumor Epithelial cells
KCNJ15	IU_PDA_T3	juxta_ct	Fibroblasts	15.703647142489	Fibroblasts
KCNJ15	IU_PDA_T3	juxta_ct	Monocytes	12.1504632011848	Monocytes
KCNJ15	IU_PDA_T3	juxta_ct	B_cells	15.0217072408619	B cells
KCNJ15	IU_PDA_T3	juxta_ct	TAM	12.1690238840396	TAM
KCNJ15	IU_PDA_T3	juxta_ct	Endothelial_cells	1.3249578757818	Endothelial cells
KCNJ15	IU_PDA_T3	juxta_ct	PVL	1.33253904470002	PVL
KCNJ15	IU_PDA_T3	juxta_ct	T_NK_cells	0.971959971052574	T-NK cells
KCNJ15	IU_PDA_T3	juxta_ct	Tumor_Epithelial_cells	12.1909618925325	Tumor Epithelial cells
KCNJ15	IU_PDA_T3	para_ct	Fibroblasts	11.4942528286127	Fibroblasts
KCNJ15	IU_PDA_T3	para_ct	Monocytes	12.2000584183805	Monocytes
KCNJ15	IU_PDA_T3	para_ct	B_cells	12.4790418664954	B cells
KCNJ15	IU_PDA_T3	para_ct	TAM	11.4355213908894	TAM
KCNJ15	IU_PDA_T3	para_ct	Endothelial_cells	12.1631637057212	Endothelial cells
KCNJ15	IU_PDA_T3	para_ct	PVL	12.7672385830365	PVL
KCNJ15	IU_PDA_T3	para_ct	T_NK_cells	12.0740037993621	T-NK cells
KCNJ15	IU_PDA_T3	para_ct	Tumor_Epithelial_cells	12.269249043322	Tumor Epithelial cells
KCNJ15	IU_PDA_T4	intra	Fibroblasts	5.78826657824842	Fibroblasts
KCNJ15	IU_PDA_T4	intra	Monocytes	0.948736251572602	Monocytes
KCNJ15	IU_PDA_T4	intra	B_cells	0.00171629989759705	B cells
KCNJ15	IU_PDA_T4	intra	TAM	2.88384290781129	TAM
KCNJ15	IU_PDA_T4	intra	Hepatocytes	0.510962808378657	Hepatocytes
KCNJ15	IU_PDA_T4	intra	Endothelial_cells	0.148766906016847	Endothelial cells
KCNJ15	IU_PDA_T4	intra	PVL	0.342164918422436	PVL
KCNJ15	IU_PDA_T4	intra	T_NK_cells	0.00130417071518333	T-NK cells
KCNJ15	IU_PDA_T4	intra	Tumor_Epithelial_cells	5.93815182772678	Tumor Epithelial cells
KCNJ15	IU_PDA_T4	juxta_ct	Fibroblasts	6.78876037513508	Fibroblasts
KCNJ15	IU_PDA_T4	juxta_ct	Monocytes	2.0377622359017	Monocytes
KCNJ15	IU_PDA_T4	juxta_ct	B_cells	0.0030865831914644	B cells
KCNJ15	IU_PDA_T4	juxta_ct	TAM	4.86845107773003	TAM
KCNJ15	IU_PDA_T4	juxta_ct	Hepatocytes	0.000517686027851083	Hepatocytes
KCNJ15	IU_PDA_T4	juxta_ct	Endothelial_cells	0.528389307103363	Endothelial cells
KCNJ15	IU_PDA_T4	juxta_ct	PVL	0.327216954766895	PVL
KCNJ15	IU_PDA_T4	juxta_ct	T_NK_cells	0.133062492587096	T-NK cells
KCNJ15	IU_PDA_T4	juxta_ct	Tumor_Epithelial_cells	6.64579016193222	Tumor Epithelial cells
KCNJ15	IU_PDA_T4	para_ct	Fibroblasts	3.1767891311896	Fibroblasts
KCNJ15	IU_PDA_T4	para_ct	Monocytes	3.06210222498357	Monocytes
KCNJ15	IU_PDA_T4	para_ct	B_cells	2.88451454235248	B cells
KCNJ15	IU_PDA_T4	para_ct	TAM	3.36282504336547	TAM
KCNJ15	IU_PDA_T4	para_ct	Hepatocytes	2.72406882914307	Hepatocytes
KCNJ15	IU_PDA_T4	para_ct	Endothelial_cells	3.04540155742946	Endothelial cells
KCNJ15	IU_PDA_T4	para_ct	PVL	3.04326683488464	PVL
KCNJ15	IU_PDA_T4	para_ct	T_NK_cells	3.34347531602521	T-NK cells
KCNJ15	IU_PDA_T4	para_ct	Tumor_Epithelial_cells	2.78164163396112	Tumor Epithelial cells
KCNJ15	IU_PDA_T6	intra	Fibroblasts	8.45692165697345	Fibroblasts
KCNJ15	IU_PDA_T6	intra	Monocytes	0.0366081742526583	Monocytes
KCNJ15	IU_PDA_T6	intra	TAM	3.80739340171618	TAM
KCNJ15	IU_PDA_T6	intra	Endothelial_cells	0.243377584824157	Endothelial cells
KCNJ15	IU_PDA_T6	intra	PVL	0.00118059553153535	PVL
KCNJ15	IU_PDA_T6	intra	Normal_Epithelial_cells	3.84234610665546	Normal Epithelial cells
KCNJ15	IU_PDA_T6	intra	Tumor_Epithelial_cells	7.74785121503708	Tumor Epithelial cells
KCNJ15	IU_PDA_T6	juxta_ct	Fibroblasts	11.9611492174609	Fibroblasts
KCNJ15	IU_PDA_T6	juxta_ct	Monocytes	0.427414352357056	Monocytes
KCNJ15	IU_PDA_T6	juxta_ct	TAM	7.319373164887	TAM
KCNJ15	IU_PDA_T6	juxta_ct	Endothelial_cells	0.314396835058933	Endothelial cells
KCNJ15	IU_PDA_T6	juxta_ct	PVL	0.0577150675523605	PVL
KCNJ15	IU_PDA_T6	juxta_ct	Normal_Epithelial_cells	6.57059273996885	Normal Epithelial cells
KCNJ15	IU_PDA_T6	juxta_ct	Tumor_Epithelial_cells	10.6659410944832	Tumor Epithelial cells
KCNJ15	IU_PDA_T6	para_ct	Fibroblasts	22.5044429020018	Fibroblasts
KCNJ15	IU_PDA_T6	para_ct	Monocytes	22.5364203434651	Monocytes
KCNJ15	IU_PDA_T6	para_ct	TAM	22.461597525306	TAM
KCNJ15	IU_PDA_T6	para_ct	Endothelial_cells	22.8658031039979	Endothelial cells
KCNJ15	IU_PDA_T6	para_ct	PVL	24.1489706532852	PVL
KCNJ15	IU_PDA_T6	para_ct	Normal_Epithelial_cells	24.5299279500563	Normal Epithelial cells
KCNJ15	IU_PDA_T6	para_ct	Tumor_Epithelial_cells	25.934032716936	Tumor Epithelial cells
KCNJ15	IU_PDA_T8	intra	Fibroblasts	4.79351727482063	Fibroblasts
KCNJ15	IU_PDA_T8	intra	Monocytes	0.0110117188214059	Monocytes
KCNJ15	IU_PDA_T8	intra	B_cells	2.89671252092425	B cells
KCNJ15	IU_PDA_T8	intra	TAM	2.89494224703767	TAM
KCNJ15	IU_PDA_T8	intra	Hepatocytes	0.000398678458027529	Hepatocytes
KCNJ15	IU_PDA_T8	intra	Endothelial_cells	0.438326701293724	Endothelial cells
KCNJ15	IU_PDA_T8	intra	PVL	0.0110634098950151	PVL
KCNJ15	IU_PDA_T8	intra	Tumor_Epithelial_cells	4.94986187454109	Tumor Epithelial cells
KCNJ15	IU_PDA_T8	juxta_ct	Fibroblasts	7.54995508776301	Fibroblasts
KCNJ15	IU_PDA_T8	juxta_ct	Monocytes	0.629328401555852	Monocytes
KCNJ15	IU_PDA_T8	juxta_ct	B_cells	7.25324744364914	B cells
KCNJ15	IU_PDA_T8	juxta_ct	TAM	6.81284333229976	TAM
KCNJ15	IU_PDA_T8	juxta_ct	Hepatocytes	0.000752552597562194	Hepatocytes
KCNJ15	IU_PDA_T8	juxta_ct	Endothelial_cells	0.453209077547986	Endothelial cells
KCNJ15	IU_PDA_T8	juxta_ct	PVL	0.239870072515137	PVL
KCNJ15	IU_PDA_T8	juxta_ct	Tumor_Epithelial_cells	8.372910935967	Tumor Epithelial cells
KCNJ15	IU_PDA_T8	para_ct	Fibroblasts	6.92641002427894	Fibroblasts
KCNJ15	IU_PDA_T8	para_ct	Monocytes	6.4736884137188	Monocytes
KCNJ15	IU_PDA_T8	para_ct	B_cells	7.08665620968238	B cells
KCNJ15	IU_PDA_T8	para_ct	TAM	7.37795643701109	TAM
KCNJ15	IU_PDA_T8	para_ct	Hepatocytes	6.77236338601804	Hepatocytes
KCNJ15	IU_PDA_T8	para_ct	Endothelial_cells	7.73191827920645	Endothelial cells
KCNJ15	IU_PDA_T8	para_ct	PVL	6.70535666355582	PVL
KCNJ15	IU_PDA_T8	para_ct	Tumor_Epithelial_cells	7.24723195866101	Tumor Epithelial cells
KCNJ15	IU_PDA_T9	intra	Fibroblasts	10.6521047698094	Fibroblasts
KCNJ15	IU_PDA_T9	intra	Monocytes	7.42897941120495	Monocytes
KCNJ15	IU_PDA_T9	intra	B_cells	0.901534274832851	B cells
KCNJ15	IU_PDA_T9	intra	TAM	4.58578120883462	TAM
KCNJ15	IU_PDA_T9	intra	Endothelial_cells	1.03552282083366	Endothelial cells
KCNJ15	IU_PDA_T9	intra	PVL	0.764861311943274	PVL
KCNJ15	IU_PDA_T9	intra	T_NK_cells	1.18206849076653	T-NK cells
KCNJ15	IU_PDA_T9	intra	Tumor_Epithelial_cells	7.5033872313101	Tumor Epithelial cells
KCNJ15	IU_PDA_T9	juxta_ct	Fibroblasts	20.1439078470486	Fibroblasts
KCNJ15	IU_PDA_T9	juxta_ct	Monocytes	20.5277287068899	Monocytes
KCNJ15	IU_PDA_T9	juxta_ct	B_cells	0.76351653910201	B cells
KCNJ15	IU_PDA_T9	juxta_ct	TAM	15.651558563731	TAM
KCNJ15	IU_PDA_T9	juxta_ct	Endothelial_cells	4.27546368077336	Endothelial cells
KCNJ15	IU_PDA_T9	juxta_ct	PVL	1.11356592982179	PVL
KCNJ15	IU_PDA_T9	juxta_ct	T_NK_cells	4.36838134706471	T-NK cells
KCNJ15	IU_PDA_T9	juxta_ct	Tumor_Epithelial_cells	16.8867786884893	Tumor Epithelial cells
KCNJ15	IU_PDA_T9	para_ct	Fibroblasts	16.3715653283227	Fibroblasts
KCNJ15	IU_PDA_T9	para_ct	Monocytes	15.4323863862468	Monocytes
KCNJ15	IU_PDA_T9	para_ct	B_cells	17.6734426506781	B cells
KCNJ15	IU_PDA_T9	para_ct	TAM	15.9413809171327	TAM
KCNJ15	IU_PDA_T9	para_ct	Endothelial_cells	15.2270481139652	Endothelial cells
KCNJ15	IU_PDA_T9	para_ct	PVL	15.4086870544719	PVL
KCNJ15	IU_PDA_T9	para_ct	T_NK_cells	14.322507570547	T-NK cells
KCNJ15	IU_PDA_T9	para_ct	Tumor_Epithelial_cells	16.9395383319441	Tumor Epithelial cells
KCNJ16	IU_PDA_T1	intra	Fibroblasts	2.26147467266763	Fibroblasts
KCNJ16	IU_PDA_T1	intra	Monocytes	0.561891340379559	Monocytes
KCNJ16	IU_PDA_T1	intra	B_cells	0.845537074156467	B cells
KCNJ16	IU_PDA_T1	intra	TAM	0.925650730175165	TAM
KCNJ16	IU_PDA_T1	intra	Hepatocytes	8.26682612264455e-06	Hepatocytes
KCNJ16	IU_PDA_T1	intra	Endothelial_cells	0.000477112800093662	Endothelial cells
KCNJ16	IU_PDA_T1	intra	PVL	2.04216917329798e-05	PVL
KCNJ16	IU_PDA_T1	intra	T_NK_cells	2.72078414249643e-05	T-NK cells
KCNJ16	IU_PDA_T1	intra	Tumor_Epithelial_cells	1.99218764274009	Tumor Epithelial cells
KCNJ16	IU_PDA_T1	juxta_ct	Fibroblasts	2.31407693633014	Fibroblasts
KCNJ16	IU_PDA_T1	juxta_ct	Monocytes	0.990224148035368	Monocytes
KCNJ16	IU_PDA_T1	juxta_ct	B_cells	1.70470056772334	B cells
KCNJ16	IU_PDA_T1	juxta_ct	TAM	1.7668139604265	TAM
KCNJ16	IU_PDA_T1	juxta_ct	Hepatocytes	0	Hepatocytes
KCNJ16	IU_PDA_T1	juxta_ct	Endothelial_cells	0.141081310202779	Endothelial cells
KCNJ16	IU_PDA_T1	juxta_ct	PVL	0.117559418986311	PVL
KCNJ16	IU_PDA_T1	juxta_ct	T_NK_cells	0.000891612723708162	T-NK cells
KCNJ16	IU_PDA_T1	juxta_ct	Tumor_Epithelial_cells	1.98675455236158	Tumor Epithelial cells
KCNJ16	IU_PDA_T1	para_ct	Fibroblasts	1.02335689480255	Fibroblasts
KCNJ16	IU_PDA_T1	para_ct	Monocytes	1.06807162684447	Monocytes
KCNJ16	IU_PDA_T1	para_ct	B_cells	0.804311120752755	B cells
KCNJ16	IU_PDA_T1	para_ct	TAM	1.00730168598937	TAM
KCNJ16	IU_PDA_T1	para_ct	Hepatocytes	0.894802129350117	Hepatocytes
KCNJ16	IU_PDA_T1	para_ct	Endothelial_cells	1.08250997988793	Endothelial cells
KCNJ16	IU_PDA_T1	para_ct	PVL	0.774521519435902	PVL
KCNJ16	IU_PDA_T1	para_ct	T_NK_cells	1.44262157280486	T-NK cells
KCNJ16	IU_PDA_T1	para_ct	Tumor_Epithelial_cells	1.29770906697337	Tumor Epithelial cells
KCNJ16	IU_PDA_T10	intra	Fibroblasts	0.78946271221582	Fibroblasts
KCNJ16	IU_PDA_T10	intra	Monocytes	0.223705712552331	Monocytes
KCNJ16	IU_PDA_T10	intra	B_cells	0.68437662332341	B cells
KCNJ16	IU_PDA_T10	intra	TAM	0.270369914952849	TAM
KCNJ16	IU_PDA_T10	intra	Endothelial_cells	2.04473813792029e-05	Endothelial cells
KCNJ16	IU_PDA_T10	intra	PVL	0.000988423768236193	PVL
KCNJ16	IU_PDA_T10	intra	T_NK_cells	6.91755462195321e-05	T-NK cells
KCNJ16	IU_PDA_T10	intra	Tumor_Epithelial_cells	0.625200756655458	Tumor Epithelial cells
KCNJ16	IU_PDA_T10	juxta_ct	Fibroblasts	0.817865310236664	Fibroblasts
KCNJ16	IU_PDA_T10	juxta_ct	Monocytes	0.309824674503621	Monocytes
KCNJ16	IU_PDA_T10	juxta_ct	B_cells	0.544304298507576	B cells
KCNJ16	IU_PDA_T10	juxta_ct	TAM	0.605591200801341	TAM
KCNJ16	IU_PDA_T10	juxta_ct	Endothelial_cells	0.000155170198245975	Endothelial cells
KCNJ16	IU_PDA_T10	juxta_ct	PVL	0.00515146948117861	PVL
KCNJ16	IU_PDA_T10	juxta_ct	T_NK_cells	0.177432014839913	T-NK cells
KCNJ16	IU_PDA_T10	juxta_ct	Tumor_Epithelial_cells	0.818216938865318	Tumor Epithelial cells
KCNJ16	IU_PDA_T10	para_ct	Fibroblasts	0.492064092110947	Fibroblasts
KCNJ16	IU_PDA_T10	para_ct	Monocytes	0.359488757391755	Monocytes
KCNJ16	IU_PDA_T10	para_ct	B_cells	0.43588549680486	B cells
KCNJ16	IU_PDA_T10	para_ct	TAM	0.444413831927308	TAM
KCNJ16	IU_PDA_T10	para_ct	Endothelial_cells	0.511310461364647	Endothelial cells
KCNJ16	IU_PDA_T10	para_ct	PVL	0.522175049050785	PVL
KCNJ16	IU_PDA_T10	para_ct	T_NK_cells	0.391822024481215	T-NK cells
KCNJ16	IU_PDA_T10	para_ct	Tumor_Epithelial_cells	0.49497849820601	Tumor Epithelial cells
KCNJ16	IU_PDA_T11	intra	Fibroblasts	0.538436252851962	Fibroblasts
KCNJ16	IU_PDA_T11	intra	Monocytes	0.000107047595185462	Monocytes
KCNJ16	IU_PDA_T11	intra	B_cells	1.13396152213619e-05	B cells
KCNJ16	IU_PDA_T11	intra	TAM	0.464169410119863	TAM
KCNJ16	IU_PDA_T11	intra	Endothelial_cells	0.000248031650277658	Endothelial cells
KCNJ16	IU_PDA_T11	intra	PVL	0.000208243139081058	PVL
KCNJ16	IU_PDA_T11	intra	Tumor_Epithelial_cells	0.13202206495251	Tumor Epithelial cells
KCNJ16	IU_PDA_T11	juxta_ct	Fibroblasts	0.677664367181442	Fibroblasts
KCNJ16	IU_PDA_T11	juxta_ct	Monocytes	0.0472207745260479	Monocytes
KCNJ16	IU_PDA_T11	juxta_ct	B_cells	1.48546483706945e-05	B cells
KCNJ16	IU_PDA_T11	juxta_ct	TAM	0.714010319091064	TAM
KCNJ16	IU_PDA_T11	juxta_ct	Endothelial_cells	0.136989524450976	Endothelial cells
KCNJ16	IU_PDA_T11	juxta_ct	PVL	0.00111850855250445	PVL
KCNJ16	IU_PDA_T11	juxta_ct	Tumor_Epithelial_cells	0.579540514176606	Tumor Epithelial cells
KCNJ16	IU_PDA_T11	para_ct	Fibroblasts	0.355279070686757	Fibroblasts
KCNJ16	IU_PDA_T11	para_ct	Monocytes	0.345382070108752	Monocytes
KCNJ16	IU_PDA_T11	para_ct	B_cells	0.228673318031622	B cells
KCNJ16	IU_PDA_T11	para_ct	TAM	0.432980587363146	TAM
KCNJ16	IU_PDA_T11	para_ct	Endothelial_cells	0.352022499447458	Endothelial cells
KCNJ16	IU_PDA_T11	para_ct	PVL	0.341152985516527	PVL
KCNJ16	IU_PDA_T11	para_ct	Tumor_Epithelial_cells	0.446184223213367	Tumor Epithelial cells
KCNJ16	IU_PDA_T12	intra	Fibroblasts	1.92809983520619	Fibroblasts
KCNJ16	IU_PDA_T12	intra	Monocytes	0.00538621293252228	Monocytes
KCNJ16	IU_PDA_T12	intra	B_cells	1.25044358147799	B cells
KCNJ16	IU_PDA_T12	intra	TAM	1.50473111256949	TAM
KCNJ16	IU_PDA_T12	intra	Endothelial_cells	0.693640336987043	Endothelial cells
KCNJ16	IU_PDA_T12	intra	PVL	0.00138336648852745	PVL
KCNJ16	IU_PDA_T12	intra	Normal_Epithelial_cells	0.0001601510046394	Normal Epithelial cells
KCNJ16	IU_PDA_T12	intra	T_NK_cells	3.28355900132858e-05	T-NK cells
KCNJ16	IU_PDA_T12	intra	Tumor_Epithelial_cells	1.48288471922391	Tumor Epithelial cells
KCNJ16	IU_PDA_T12	juxta_ct	Fibroblasts	1.8280603758868	Fibroblasts
KCNJ16	IU_PDA_T12	juxta_ct	Monocytes	0.138103044082643	Monocytes
KCNJ16	IU_PDA_T12	juxta_ct	B_cells	1.17079080884383	B cells
KCNJ16	IU_PDA_T12	juxta_ct	TAM	1.38361263265979	TAM
KCNJ16	IU_PDA_T12	juxta_ct	Endothelial_cells	0.596979096440038	Endothelial cells
KCNJ16	IU_PDA_T12	juxta_ct	PVL	0.209299410047573	PVL
KCNJ16	IU_PDA_T12	juxta_ct	Normal_Epithelial_cells	0.0985982489129432	Normal Epithelial cells
KCNJ16	IU_PDA_T12	juxta_ct	T_NK_cells	0.0718107082404661	T-NK cells
KCNJ16	IU_PDA_T12	juxta_ct	Tumor_Epithelial_cells	1.3417921672144	Tumor Epithelial cells
KCNJ16	IU_PDA_T12	para_ct	Fibroblasts	0.821819663636869	Fibroblasts
KCNJ16	IU_PDA_T12	para_ct	Monocytes	0.741412560580474	Monocytes
KCNJ16	IU_PDA_T12	para_ct	B_cells	0.791839665122731	B cells
KCNJ16	IU_PDA_T12	para_ct	TAM	0.802689715178657	TAM
KCNJ16	IU_PDA_T12	para_ct	Endothelial_cells	0.821563056533659	Endothelial cells
KCNJ16	IU_PDA_T12	para_ct	PVL	0.897903247787784	PVL
KCNJ16	IU_PDA_T12	para_ct	Normal_Epithelial_cells	0.867097240979832	Normal Epithelial cells
KCNJ16	IU_PDA_T12	para_ct	T_NK_cells	0.929107770202295	T-NK cells
KCNJ16	IU_PDA_T12	para_ct	Tumor_Epithelial_cells	0.842667306350984	Tumor Epithelial cells
KCNJ16	IU_PDA_T2	intra	Fibroblasts	4.03890217635534	Fibroblasts
KCNJ16	IU_PDA_T2	intra	Monocytes	0.00389557665093355	Monocytes
KCNJ16	IU_PDA_T2	intra	B_cells	1.5657244529204	B cells
KCNJ16	IU_PDA_T2	intra	TAM	2.2351701443469	TAM
KCNJ16	IU_PDA_T2	intra	Hepatocytes	0.000132683277782609	Hepatocytes
KCNJ16	IU_PDA_T2	intra	Endothelial_cells	0.000714929195480289	Endothelial cells
KCNJ16	IU_PDA_T2	intra	PVL	0.000910539549854846	PVL
KCNJ16	IU_PDA_T2	intra	Normal_Epithelial_cells	0.266477426542895	Normal Epithelial cells
KCNJ16	IU_PDA_T2	intra	T_NK_cells	0.000197259436621366	T-NK cells
KCNJ16	IU_PDA_T2	intra	Tumor_Epithelial_cells	4.1770209529918	Tumor Epithelial cells
KCNJ16	IU_PDA_T2	juxta_ct	Fibroblasts	5.68980183081637	Fibroblasts
KCNJ16	IU_PDA_T2	juxta_ct	Monocytes	0.152939966682575	Monocytes
KCNJ16	IU_PDA_T2	juxta_ct	B_cells	3.67491174271077	B cells
KCNJ16	IU_PDA_T2	juxta_ct	TAM	4.88920858644824	TAM
KCNJ16	IU_PDA_T2	juxta_ct	Hepatocytes	0.00104289361259185	Hepatocytes
KCNJ16	IU_PDA_T2	juxta_ct	Endothelial_cells	0.0961853017914975	Endothelial cells
KCNJ16	IU_PDA_T2	juxta_ct	PVL	0.00909231179893476	PVL
KCNJ16	IU_PDA_T2	juxta_ct	Normal_Epithelial_cells	0.593811444139785	Normal Epithelial cells
KCNJ16	IU_PDA_T2	juxta_ct	T_NK_cells	0.0014414692439917	T-NK cells
KCNJ16	IU_PDA_T2	juxta_ct	Tumor_Epithelial_cells	5.20065197879635	Tumor Epithelial cells
KCNJ16	IU_PDA_T2	para_ct	Fibroblasts	2.34843306624229	Fibroblasts
KCNJ16	IU_PDA_T2	para_ct	Monocytes	2.75015599650736	Monocytes
KCNJ16	IU_PDA_T2	para_ct	B_cells	2.70625046616772	B cells
KCNJ16	IU_PDA_T2	para_ct	TAM	3.00740065093448	TAM
KCNJ16	IU_PDA_T2	para_ct	Hepatocytes	2.82268504336791	Hepatocytes
KCNJ16	IU_PDA_T2	para_ct	Endothelial_cells	2.81548078360356	Endothelial cells
KCNJ16	IU_PDA_T2	para_ct	PVL	3.00972711779378	PVL
KCNJ16	IU_PDA_T2	para_ct	Normal_Epithelial_cells	3.30436260456832	Normal Epithelial cells
KCNJ16	IU_PDA_T2	para_ct	T_NK_cells	2.68959410392895	T-NK cells
KCNJ16	IU_PDA_T2	para_ct	Tumor_Epithelial_cells	2.51588565341026	Tumor Epithelial cells
KCNJ16	IU_PDA_T3	intra	Fibroblasts	0.670986766664702	Fibroblasts
KCNJ16	IU_PDA_T3	intra	Monocytes	0.229654214238527	Monocytes
KCNJ16	IU_PDA_T3	intra	B_cells	0.431343282761948	B cells
KCNJ16	IU_PDA_T3	intra	TAM	0.126716962750283	TAM
KCNJ16	IU_PDA_T3	intra	Endothelial_cells	4.90580547111719e-05	Endothelial cells
KCNJ16	IU_PDA_T3	intra	PVL	0.000103039668136088	PVL
KCNJ16	IU_PDA_T3	intra	T_NK_cells	0.000100162998684717	T-NK cells
KCNJ16	IU_PDA_T3	intra	Tumor_Epithelial_cells	0.233423243033459	Tumor Epithelial cells
KCNJ16	IU_PDA_T3	juxta_ct	Fibroblasts	0.4334666710819	Fibroblasts
KCNJ16	IU_PDA_T3	juxta_ct	Monocytes	0.482467450283526	Monocytes
KCNJ16	IU_PDA_T3	juxta_ct	B_cells	0.447866002065498	B cells
KCNJ16	IU_PDA_T3	juxta_ct	TAM	0.352437507671514	TAM
KCNJ16	IU_PDA_T3	juxta_ct	Endothelial_cells	0.140417083373063	Endothelial cells
KCNJ16	IU_PDA_T3	juxta_ct	PVL	0.0340844382827212	PVL
KCNJ16	IU_PDA_T3	juxta_ct	T_NK_cells	0.000438906923692794	T-NK cells
KCNJ16	IU_PDA_T3	juxta_ct	Tumor_Epithelial_cells	0.247280456652664	Tumor Epithelial cells
KCNJ16	IU_PDA_T3	para_ct	Fibroblasts	0.161372720812607	Fibroblasts
KCNJ16	IU_PDA_T3	para_ct	Monocytes	0.250698189970251	Monocytes
KCNJ16	IU_PDA_T3	para_ct	B_cells	0.223002915195061	B cells
KCNJ16	IU_PDA_T3	para_ct	TAM	0.418460420108436	TAM
KCNJ16	IU_PDA_T3	para_ct	Endothelial_cells	0.360118248698028	Endothelial cells
KCNJ16	IU_PDA_T3	para_ct	PVL	0.205670144491557	PVL
KCNJ16	IU_PDA_T3	para_ct	T_NK_cells	0.223868112643088	T-NK cells
KCNJ16	IU_PDA_T3	para_ct	Tumor_Epithelial_cells	0.36401017332619	Tumor Epithelial cells
KCNJ16	IU_PDA_T4	intra	Fibroblasts	0.876285384247841	Fibroblasts
KCNJ16	IU_PDA_T4	intra	Monocytes	0.104601197999917	Monocytes
KCNJ16	IU_PDA_T4	intra	B_cells	4.52439754079101e-06	B cells
KCNJ16	IU_PDA_T4	intra	TAM	0.326528912940029	TAM
KCNJ16	IU_PDA_T4	intra	Hepatocytes	1.09224813830174e-08	Hepatocytes
KCNJ16	IU_PDA_T4	intra	Endothelial_cells	1.09795498181673e-05	Endothelial cells
KCNJ16	IU_PDA_T4	intra	PVL	0.000228622999669405	PVL
KCNJ16	IU_PDA_T4	intra	T_NK_cells	5.67911988594316e-06	T-NK cells
KCNJ16	IU_PDA_T4	intra	Tumor_Epithelial_cells	0.692339576340505	Tumor Epithelial cells
KCNJ16	IU_PDA_T4	juxta_ct	Fibroblasts	0.949801765721485	Fibroblasts
KCNJ16	IU_PDA_T4	juxta_ct	Monocytes	0.144299856694761	Monocytes
KCNJ16	IU_PDA_T4	juxta_ct	B_cells	6.21154489669413e-05	B cells
KCNJ16	IU_PDA_T4	juxta_ct	TAM	0.415919616259855	TAM
KCNJ16	IU_PDA_T4	juxta_ct	Hepatocytes	3.27408604577317e-05	Hepatocytes
KCNJ16	IU_PDA_T4	juxta_ct	Endothelial_cells	0.000388589710918149	Endothelial cells
KCNJ16	IU_PDA_T4	juxta_ct	PVL	0.000321757728727713	PVL
KCNJ16	IU_PDA_T4	juxta_ct	T_NK_cells	8.65681106158927e-07	T-NK cells
KCNJ16	IU_PDA_T4	juxta_ct	Tumor_Epithelial_cells	0.802834746739031	Tumor Epithelial cells
KCNJ16	IU_PDA_T4	para_ct	Fibroblasts	0.230834440656925	Fibroblasts
KCNJ16	IU_PDA_T4	para_ct	Monocytes	0.212281561299847	Monocytes
KCNJ16	IU_PDA_T4	para_ct	B_cells	0.379899021815854	B cells
KCNJ16	IU_PDA_T4	para_ct	TAM	0.334183926779199	TAM
KCNJ16	IU_PDA_T4	para_ct	Hepatocytes	0.170927574077802	Hepatocytes
KCNJ16	IU_PDA_T4	para_ct	Endothelial_cells	0.489114680543475	Endothelial cells
KCNJ16	IU_PDA_T4	para_ct	PVL	0.215518964582515	PVL
KCNJ16	IU_PDA_T4	para_ct	T_NK_cells	0.246007005847358	T-NK cells
KCNJ16	IU_PDA_T4	para_ct	Tumor_Epithelial_cells	0.466714168364355	Tumor Epithelial cells
KCNJ16	IU_PDA_T6	intra	Fibroblasts	4.95995972587054	Fibroblasts
KCNJ16	IU_PDA_T6	intra	Monocytes	0.00241138115017495	Monocytes
KCNJ16	IU_PDA_T6	intra	TAM	2.90023301789341	TAM
KCNJ16	IU_PDA_T6	intra	Endothelial_cells	0.000394390843702103	Endothelial cells
KCNJ16	IU_PDA_T6	intra	PVL	1.8471602296502e-05	PVL
KCNJ16	IU_PDA_T6	intra	Normal_Epithelial_cells	7.03374425391202	Normal Epithelial cells
KCNJ16	IU_PDA_T6	intra	Tumor_Epithelial_cells	3.6561192429229	Tumor Epithelial cells
KCNJ16	IU_PDA_T6	juxta_ct	Fibroblasts	6.05342146108253	Fibroblasts
KCNJ16	IU_PDA_T6	juxta_ct	Monocytes	0.015570329321587	Monocytes
KCNJ16	IU_PDA_T6	juxta_ct	TAM	3.37143089902593	TAM
KCNJ16	IU_PDA_T6	juxta_ct	Endothelial_cells	0.00864079264766877	Endothelial cells
KCNJ16	IU_PDA_T6	juxta_ct	PVL	6.51707449702473e-05	PVL
KCNJ16	IU_PDA_T6	juxta_ct	Normal_Epithelial_cells	9.69501223571543	Normal Epithelial cells
KCNJ16	IU_PDA_T6	juxta_ct	Tumor_Epithelial_cells	4.45676803245316	Tumor Epithelial cells
KCNJ16	IU_PDA_T6	para_ct	Fibroblasts	9.18725006347186	Fibroblasts
KCNJ16	IU_PDA_T6	para_ct	Monocytes	7.91711722133916	Monocytes
KCNJ16	IU_PDA_T6	para_ct	TAM	8.0032629425378	TAM
KCNJ16	IU_PDA_T6	para_ct	Endothelial_cells	7.62761269659269	Endothelial cells
KCNJ16	IU_PDA_T6	para_ct	PVL	9.76901098396996	PVL
KCNJ16	IU_PDA_T6	para_ct	Normal_Epithelial_cells	11.4926569853857	Normal Epithelial cells
KCNJ16	IU_PDA_T6	para_ct	Tumor_Epithelial_cells	9.56518376146012	Tumor Epithelial cells
KCNJ16	IU_PDA_T8	intra	Fibroblasts	4.21087681819642	Fibroblasts
KCNJ16	IU_PDA_T8	intra	Monocytes	0.168836923989244	Monocytes
KCNJ16	IU_PDA_T8	intra	B_cells	2.85505107452187	B cells
KCNJ16	IU_PDA_T8	intra	TAM	2.36178174359433	TAM
KCNJ16	IU_PDA_T8	intra	Hepatocytes	0.00147684318711355	Hepatocytes
KCNJ16	IU_PDA_T8	intra	Endothelial_cells	0.00334627704164297	Endothelial cells
KCNJ16	IU_PDA_T8	intra	PVL	0.00106307588995247	PVL
KCNJ16	IU_PDA_T8	intra	Tumor_Epithelial_cells	4.6556891441556	Tumor Epithelial cells
KCNJ16	IU_PDA_T8	juxta_ct	Fibroblasts	6.55990858492513	Fibroblasts
KCNJ16	IU_PDA_T8	juxta_ct	Monocytes	0.226326085860448	Monocytes
KCNJ16	IU_PDA_T8	juxta_ct	B_cells	5.69905348233453	B cells
KCNJ16	IU_PDA_T8	juxta_ct	TAM	5.95489646575279	TAM
KCNJ16	IU_PDA_T8	juxta_ct	Hepatocytes	0.000868495435875219	Hepatocytes
KCNJ16	IU_PDA_T8	juxta_ct	Endothelial_cells	0.39727628505037	Endothelial cells
KCNJ16	IU_PDA_T8	juxta_ct	PVL	0.0323027713517171	PVL
KCNJ16	IU_PDA_T8	juxta_ct	Tumor_Epithelial_cells	7.08561151931484	Tumor Epithelial cells
KCNJ16	IU_PDA_T8	para_ct	Fibroblasts	5.84090905555885	Fibroblasts
KCNJ16	IU_PDA_T8	para_ct	Monocytes	5.29362744464049	Monocytes
KCNJ16	IU_PDA_T8	para_ct	B_cells	6.56879482582664	B cells
KCNJ16	IU_PDA_T8	para_ct	TAM	6.29165262760811	TAM
KCNJ16	IU_PDA_T8	para_ct	Hepatocytes	6.33262215787332	Hepatocytes
KCNJ16	IU_PDA_T8	para_ct	Endothelial_cells	5.51289740688867	Endothelial cells
KCNJ16	IU_PDA_T8	para_ct	PVL	6.49115804600284	PVL
KCNJ16	IU_PDA_T8	para_ct	Tumor_Epithelial_cells	6.73429494742364	Tumor Epithelial cells
KCNJ16	IU_PDA_T9	intra	Fibroblasts	0.596044154999339	Fibroblasts
KCNJ16	IU_PDA_T9	intra	Monocytes	0.584857314015049	Monocytes
KCNJ16	IU_PDA_T9	intra	B_cells	5.882248165817e-05	B cells
KCNJ16	IU_PDA_T9	intra	TAM	0.142574643937012	TAM
KCNJ16	IU_PDA_T9	intra	Endothelial_cells	0.00168404213760229	Endothelial cells
KCNJ16	IU_PDA_T9	intra	PVL	0.000326606806626182	PVL
KCNJ16	IU_PDA_T9	intra	T_NK_cells	0.154058909327155	T-NK cells
KCNJ16	IU_PDA_T9	intra	Tumor_Epithelial_cells	0.360999522963567	Tumor Epithelial cells
KCNJ16	IU_PDA_T9	juxta_ct	Fibroblasts	0.499898763580708	Fibroblasts
KCNJ16	IU_PDA_T9	juxta_ct	Monocytes	0.49023470079822	Monocytes
KCNJ16	IU_PDA_T9	juxta_ct	B_cells	1.36493069616186e-05	B cells
KCNJ16	IU_PDA_T9	juxta_ct	TAM	0.524926201231587	TAM
KCNJ16	IU_PDA_T9	juxta_ct	Endothelial_cells	0.0733934837139657	Endothelial cells
KCNJ16	IU_PDA_T9	juxta_ct	PVL	0.000520497935554789	PVL
KCNJ16	IU_PDA_T9	juxta_ct	T_NK_cells	0.000933273240867483	T-NK cells
KCNJ16	IU_PDA_T9	juxta_ct	Tumor_Epithelial_cells	0.620218653666512	Tumor Epithelial cells
KCNJ16	IU_PDA_T9	para_ct	Fibroblasts	0.343520939480967	Fibroblasts
KCNJ16	IU_PDA_T9	para_ct	Monocytes	0.261952946056174	Monocytes
KCNJ16	IU_PDA_T9	para_ct	B_cells	0.357459836202481	B cells
KCNJ16	IU_PDA_T9	para_ct	TAM	0.278105764219243	TAM
KCNJ16	IU_PDA_T9	para_ct	Endothelial_cells	0.270109289379621	Endothelial cells
KCNJ16	IU_PDA_T9	para_ct	PVL	0.332139474516163	PVL
KCNJ16	IU_PDA_T9	para_ct	T_NK_cells	0.408621172344159	T-NK cells
KCNJ16	IU_PDA_T9	para_ct	Tumor_Epithelial_cells	0.398221166508498	Tumor Epithelial cells
KCNJ8	IU_PDA_T1	intra	Fibroblasts	12.7151077394751	Fibroblasts
KCNJ8	IU_PDA_T1	intra	Monocytes	2.56955618928303	Monocytes
KCNJ8	IU_PDA_T1	intra	B_cells	4.49274263864754	B cells
KCNJ8	IU_PDA_T1	intra	TAM	7.00704295149457	TAM
KCNJ8	IU_PDA_T1	intra	Hepatocytes	0.00391420315461228	Hepatocytes
KCNJ8	IU_PDA_T1	intra	Endothelial_cells	0.697182195648171	Endothelial cells
KCNJ8	IU_PDA_T1	intra	PVL	0.281134162372095	PVL
KCNJ8	IU_PDA_T1	intra	T_NK_cells	0.0180390214266479	T-NK cells
KCNJ8	IU_PDA_T1	intra	Tumor_Epithelial_cells	5.99068621653783	Tumor Epithelial cells
KCNJ8	IU_PDA_T1	juxta_ct	Fibroblasts	17.9589975801343	Fibroblasts
KCNJ8	IU_PDA_T1	juxta_ct	Monocytes	7.88669083928164	Monocytes
KCNJ8	IU_PDA_T1	juxta_ct	B_cells	9.64553545955643	B cells
KCNJ8	IU_PDA_T1	juxta_ct	TAM	14.0417469692268	TAM
KCNJ8	IU_PDA_T1	juxta_ct	Hepatocytes	0.00967022625018781	Hepatocytes
KCNJ8	IU_PDA_T1	juxta_ct	Endothelial_cells	1.03015512285784	Endothelial cells
KCNJ8	IU_PDA_T1	juxta_ct	PVL	0.397728053207832	PVL
KCNJ8	IU_PDA_T1	juxta_ct	T_NK_cells	0.453274714752875	T-NK cells
KCNJ8	IU_PDA_T1	juxta_ct	Tumor_Epithelial_cells	12.1107247495982	Tumor Epithelial cells
KCNJ8	IU_PDA_T1	para_ct	Fibroblasts	8.65963743987717	Fibroblasts
KCNJ8	IU_PDA_T1	para_ct	Monocytes	9.4810563731067	Monocytes
KCNJ8	IU_PDA_T1	para_ct	B_cells	7.91408607776507	B cells
KCNJ8	IU_PDA_T1	para_ct	TAM	8.94058891523697	TAM
KCNJ8	IU_PDA_T1	para_ct	Hepatocytes	8.49206067813063	Hepatocytes
KCNJ8	IU_PDA_T1	para_ct	Endothelial_cells	8.71825367855687	Endothelial cells
KCNJ8	IU_PDA_T1	para_ct	PVL	8.32556443433359	PVL
KCNJ8	IU_PDA_T1	para_ct	T_NK_cells	8.53017451950635	T-NK cells
KCNJ8	IU_PDA_T1	para_ct	Tumor_Epithelial_cells	8.37355930132618	Tumor Epithelial cells
KCNJ8	IU_PDA_T10	intra	Fibroblasts	6.78212843588675	Fibroblasts
KCNJ8	IU_PDA_T10	intra	Monocytes	1.50465365549692	Monocytes
KCNJ8	IU_PDA_T10	intra	B_cells	3.94503991685013	B cells
KCNJ8	IU_PDA_T10	intra	TAM	4.7639377449623	TAM
KCNJ8	IU_PDA_T10	intra	Endothelial_cells	0.21751989783692	Endothelial cells
KCNJ8	IU_PDA_T10	intra	PVL	0.0165949507126802	PVL
KCNJ8	IU_PDA_T10	intra	T_NK_cells	1.05763439318472	T-NK cells
KCNJ8	IU_PDA_T10	intra	Tumor_Epithelial_cells	5.48429742803113	Tumor Epithelial cells
KCNJ8	IU_PDA_T10	juxta_ct	Fibroblasts	9.52261098320763	Fibroblasts
KCNJ8	IU_PDA_T10	juxta_ct	Monocytes	3.98624121383573	Monocytes
KCNJ8	IU_PDA_T10	juxta_ct	B_cells	8.30388031309852	B cells
KCNJ8	IU_PDA_T10	juxta_ct	TAM	8.90447349485894	TAM
KCNJ8	IU_PDA_T10	juxta_ct	Endothelial_cells	0.228561027769047	Endothelial cells
KCNJ8	IU_PDA_T10	juxta_ct	PVL	0.504808625316554	PVL
KCNJ8	IU_PDA_T10	juxta_ct	T_NK_cells	1.44332360777713	T-NK cells
KCNJ8	IU_PDA_T10	juxta_ct	Tumor_Epithelial_cells	9.69518180141388	Tumor Epithelial cells
KCNJ8	IU_PDA_T10	para_ct	Fibroblasts	6.24020276732793	Fibroblasts
KCNJ8	IU_PDA_T10	para_ct	Monocytes	6.01787408659963	Monocytes
KCNJ8	IU_PDA_T10	para_ct	B_cells	6.29555488297917	B cells
KCNJ8	IU_PDA_T10	para_ct	TAM	6.51016844884139	TAM
KCNJ8	IU_PDA_T10	para_ct	Endothelial_cells	6.54393019904031	Endothelial cells
KCNJ8	IU_PDA_T10	para_ct	PVL	6.5321830653121	PVL
KCNJ8	IU_PDA_T10	para_ct	T_NK_cells	6.43258409922613	T-NK cells
KCNJ8	IU_PDA_T10	para_ct	Tumor_Epithelial_cells	6.4990415779149	Tumor Epithelial cells
KCNJ8	IU_PDA_T11	intra	Fibroblasts	10.5454530272425	Fibroblasts
KCNJ8	IU_PDA_T11	intra	Monocytes	0.977702043453138	Monocytes
KCNJ8	IU_PDA_T11	intra	B_cells	0.0117255099372343	B cells
KCNJ8	IU_PDA_T11	intra	TAM	5.44793221189626	TAM
KCNJ8	IU_PDA_T11	intra	Endothelial_cells	3.23566257201103	Endothelial cells
KCNJ8	IU_PDA_T11	intra	PVL	2.36493814309853	PVL
KCNJ8	IU_PDA_T11	intra	Tumor_Epithelial_cells	9.52809164109077	Tumor Epithelial cells
KCNJ8	IU_PDA_T11	juxta_ct	Fibroblasts	16.5444393593254	Fibroblasts
KCNJ8	IU_PDA_T11	juxta_ct	Monocytes	3.26002897332001	Monocytes
KCNJ8	IU_PDA_T11	juxta_ct	B_cells	0.151100458028043	B cells
KCNJ8	IU_PDA_T11	juxta_ct	TAM	13.583799296519	TAM
KCNJ8	IU_PDA_T11	juxta_ct	Endothelial_cells	5.80144339548475	Endothelial cells
KCNJ8	IU_PDA_T11	juxta_ct	PVL	2.20020974406298	PVL
KCNJ8	IU_PDA_T11	juxta_ct	Tumor_Epithelial_cells	18.7739500492189	Tumor Epithelial cells
KCNJ8	IU_PDA_T11	para_ct	Fibroblasts	12.9010227991659	Fibroblasts
KCNJ8	IU_PDA_T11	para_ct	Monocytes	13.7947960513451	Monocytes
KCNJ8	IU_PDA_T11	para_ct	B_cells	13.1218308382788	B cells
KCNJ8	IU_PDA_T11	para_ct	TAM	13.6590052187164	TAM
KCNJ8	IU_PDA_T11	para_ct	Endothelial_cells	12.1305107046049	Endothelial cells
KCNJ8	IU_PDA_T11	para_ct	PVL	13.7034211658808	PVL
KCNJ8	IU_PDA_T11	para_ct	Tumor_Epithelial_cells	14.8314047281615	Tumor Epithelial cells
KCNJ8	IU_PDA_T12	intra	Fibroblasts	54.0335571069533	Fibroblasts
KCNJ8	IU_PDA_T12	intra	Monocytes	6.15126462837155	Monocytes
KCNJ8	IU_PDA_T12	intra	B_cells	40.7463885779826	B cells
KCNJ8	IU_PDA_T12	intra	TAM	48.9112675200981	TAM
KCNJ8	IU_PDA_T12	intra	Endothelial_cells	15.9385958158856	Endothelial cells
KCNJ8	IU_PDA_T12	intra	PVL	5.12276840651901	PVL
KCNJ8	IU_PDA_T12	intra	Normal_Epithelial_cells	0.838117873941204	Normal Epithelial cells
KCNJ8	IU_PDA_T12	intra	T_NK_cells	0.747347945342389	T-NK cells
KCNJ8	IU_PDA_T12	intra	Tumor_Epithelial_cells	35.9882899924227	Tumor Epithelial cells
KCNJ8	IU_PDA_T12	juxta_ct	Fibroblasts	60.1349768309085	Fibroblasts
KCNJ8	IU_PDA_T12	juxta_ct	Monocytes	15.8021311950072	Monocytes
KCNJ8	IU_PDA_T12	juxta_ct	B_cells	55.7875015262693	B cells
KCNJ8	IU_PDA_T12	juxta_ct	TAM	62.2850821257821	TAM
KCNJ8	IU_PDA_T12	juxta_ct	Endothelial_cells	35.0673159884992	Endothelial cells
KCNJ8	IU_PDA_T12	juxta_ct	PVL	9.12235877864919	PVL
KCNJ8	IU_PDA_T12	juxta_ct	Normal_Epithelial_cells	0.278158107100853	Normal Epithelial cells
KCNJ8	IU_PDA_T12	juxta_ct	T_NK_cells	1.56054457339516	T-NK cells
KCNJ8	IU_PDA_T12	juxta_ct	Tumor_Epithelial_cells	50.3014702957915	Tumor Epithelial cells
KCNJ8	IU_PDA_T12	para_ct	Fibroblasts	36.846782077855	Fibroblasts
KCNJ8	IU_PDA_T12	para_ct	Monocytes	37.5667500552641	Monocytes
KCNJ8	IU_PDA_T12	para_ct	B_cells	35.4052814025487	B cells
KCNJ8	IU_PDA_T12	para_ct	TAM	34.6385239430667	TAM
KCNJ8	IU_PDA_T12	para_ct	Endothelial_cells	36.5562873836062	Endothelial cells
KCNJ8	IU_PDA_T12	para_ct	PVL	38.1494993440719	PVL
KCNJ8	IU_PDA_T12	para_ct	Normal_Epithelial_cells	39.6524220665744	Normal Epithelial cells
KCNJ8	IU_PDA_T12	para_ct	T_NK_cells	35.2165163377005	T-NK cells
KCNJ8	IU_PDA_T12	para_ct	Tumor_Epithelial_cells	40.1444506018899	Tumor Epithelial cells
KCNJ8	IU_PDA_T2	intra	Fibroblasts	11.3547799974608	Fibroblasts
KCNJ8	IU_PDA_T2	intra	Monocytes	0.840981864101377	Monocytes
KCNJ8	IU_PDA_T2	intra	B_cells	5.81099664893721	B cells
KCNJ8	IU_PDA_T2	intra	TAM	6.76576257948528	TAM
KCNJ8	IU_PDA_T2	intra	Hepatocytes	0.0022693210310351	Hepatocytes
KCNJ8	IU_PDA_T2	intra	Endothelial_cells	0.0113357187711943	Endothelial cells
KCNJ8	IU_PDA_T2	intra	PVL	0.00990538524562727	PVL
KCNJ8	IU_PDA_T2	intra	Normal_Epithelial_cells	0.00827185074505156	Normal Epithelial cells
KCNJ8	IU_PDA_T2	intra	T_NK_cells	0.00726297863277146	T-NK cells
KCNJ8	IU_PDA_T2	intra	Tumor_Epithelial_cells	10.5792270833765	Tumor Epithelial cells
KCNJ8	IU_PDA_T2	juxta_ct	Fibroblasts	16.7792979824127	Fibroblasts
KCNJ8	IU_PDA_T2	juxta_ct	Monocytes	2.62831572106094	Monocytes
KCNJ8	IU_PDA_T2	juxta_ct	B_cells	11.8658822378555	B cells
KCNJ8	IU_PDA_T2	juxta_ct	TAM	14.1292233978979	TAM
KCNJ8	IU_PDA_T2	juxta_ct	Hepatocytes	0.0180644957504694	Hepatocytes
KCNJ8	IU_PDA_T2	juxta_ct	Endothelial_cells	0.454713474039855	Endothelial cells
KCNJ8	IU_PDA_T2	juxta_ct	PVL	0.0699020737231196	PVL
KCNJ8	IU_PDA_T2	juxta_ct	Normal_Epithelial_cells	0.111531535772186	Normal Epithelial cells
KCNJ8	IU_PDA_T2	juxta_ct	T_NK_cells	0.172162694941978	T-NK cells
KCNJ8	IU_PDA_T2	juxta_ct	Tumor_Epithelial_cells	17.7283254360234	Tumor Epithelial cells
KCNJ8	IU_PDA_T2	para_ct	Fibroblasts	11.2889799233922	Fibroblasts
KCNJ8	IU_PDA_T2	para_ct	Monocytes	11.749099057121	Monocytes
KCNJ8	IU_PDA_T2	para_ct	B_cells	11.2394998249806	B cells
KCNJ8	IU_PDA_T2	para_ct	TAM	11.5785525085587	TAM
KCNJ8	IU_PDA_T2	para_ct	Hepatocytes	10.9310627285296	Hepatocytes
KCNJ8	IU_PDA_T2	para_ct	Endothelial_cells	10.6944579852393	Endothelial cells
KCNJ8	IU_PDA_T2	para_ct	PVL	11.6431573618452	PVL
KCNJ8	IU_PDA_T2	para_ct	Normal_Epithelial_cells	12.0887249261478	Normal Epithelial cells
KCNJ8	IU_PDA_T2	para_ct	T_NK_cells	11.170712532314	T-NK cells
KCNJ8	IU_PDA_T2	para_ct	Tumor_Epithelial_cells	12.3242616649263	Tumor Epithelial cells
KCNJ8	IU_PDA_T3	intra	Fibroblasts	26.7814451882418	Fibroblasts
KCNJ8	IU_PDA_T3	intra	Monocytes	13.4280282269278	Monocytes
KCNJ8	IU_PDA_T3	intra	B_cells	21.6457260331928	B cells
KCNJ8	IU_PDA_T3	intra	TAM	13.629246906469	TAM
KCNJ8	IU_PDA_T3	intra	Endothelial_cells	3.82827524251865	Endothelial cells
KCNJ8	IU_PDA_T3	intra	PVL	2.67717360578072	PVL
KCNJ8	IU_PDA_T3	intra	T_NK_cells	1.8154980108022	T-NK cells
KCNJ8	IU_PDA_T3	intra	Tumor_Epithelial_cells	16.0300743174961	Tumor Epithelial cells
KCNJ8	IU_PDA_T3	juxta_ct	Fibroblasts	34.6953522751342	Fibroblasts
KCNJ8	IU_PDA_T3	juxta_ct	Monocytes	27.2883647650466	Monocytes
KCNJ8	IU_PDA_T3	juxta_ct	B_cells	30.2522062628274	B cells
KCNJ8	IU_PDA_T3	juxta_ct	TAM	27.7906685386354	TAM
KCNJ8	IU_PDA_T3	juxta_ct	Endothelial_cells	8.02365957173544	Endothelial cells
KCNJ8	IU_PDA_T3	juxta_ct	PVL	7.40715012326401	PVL
KCNJ8	IU_PDA_T3	juxta_ct	T_NK_cells	5.20628485257034	T-NK cells
KCNJ8	IU_PDA_T3	juxta_ct	Tumor_Epithelial_cells	22.2982954197537	Tumor Epithelial cells
KCNJ8	IU_PDA_T3	para_ct	Fibroblasts	24.5698915751185	Fibroblasts
KCNJ8	IU_PDA_T3	para_ct	Monocytes	25.8178668129768	Monocytes
KCNJ8	IU_PDA_T3	para_ct	B_cells	23.9612408848084	B cells
KCNJ8	IU_PDA_T3	para_ct	TAM	25.207748860857	TAM
KCNJ8	IU_PDA_T3	para_ct	Endothelial_cells	25.9185566898163	Endothelial cells
KCNJ8	IU_PDA_T3	para_ct	PVL	24.5655981631844	PVL
KCNJ8	IU_PDA_T3	para_ct	T_NK_cells	25.1742316675536	T-NK cells
KCNJ8	IU_PDA_T3	para_ct	Tumor_Epithelial_cells	25.631589334194	Tumor Epithelial cells
KCNJ8	IU_PDA_T4	intra	Fibroblasts	7.81263679099903	Fibroblasts
KCNJ8	IU_PDA_T4	intra	Monocytes	1.93539243992299	Monocytes
KCNJ8	IU_PDA_T4	intra	B_cells	0.237813693204972	B cells
KCNJ8	IU_PDA_T4	intra	TAM	4.29667456151422	TAM
KCNJ8	IU_PDA_T4	intra	Hepatocytes	0.000181721815924756	Hepatocytes
KCNJ8	IU_PDA_T4	intra	Endothelial_cells	0.0145049148630953	Endothelial cells
KCNJ8	IU_PDA_T4	intra	PVL	1.01680268683285	PVL
KCNJ8	IU_PDA_T4	intra	T_NK_cells	0.00371327587902716	T-NK cells
KCNJ8	IU_PDA_T4	intra	Tumor_Epithelial_cells	7.21942627444727	Tumor Epithelial cells
KCNJ8	IU_PDA_T4	juxta_ct	Fibroblasts	9.99892574732255	Fibroblasts
KCNJ8	IU_PDA_T4	juxta_ct	Monocytes	5.01025078292278	Monocytes
KCNJ8	IU_PDA_T4	juxta_ct	B_cells	0.14791759941212	B cells
KCNJ8	IU_PDA_T4	juxta_ct	TAM	7.83718899133987	TAM
KCNJ8	IU_PDA_T4	juxta_ct	Hepatocytes	0.00108799739565232	Hepatocytes
KCNJ8	IU_PDA_T4	juxta_ct	Endothelial_cells	0.629873261160625	Endothelial cells
KCNJ8	IU_PDA_T4	juxta_ct	PVL	1.15977850071608	PVL
KCNJ8	IU_PDA_T4	juxta_ct	T_NK_cells	0.00316483259154766	T-NK cells
KCNJ8	IU_PDA_T4	juxta_ct	Tumor_Epithelial_cells	9.25523350416921	Tumor Epithelial cells
KCNJ8	IU_PDA_T4	para_ct	Fibroblasts	4.50421730384847	Fibroblasts
KCNJ8	IU_PDA_T4	para_ct	Monocytes	4.62610900220572	Monocytes
KCNJ8	IU_PDA_T4	para_ct	B_cells	4.26864869914321	B cells
KCNJ8	IU_PDA_T4	para_ct	TAM	5.4130581919639	TAM
KCNJ8	IU_PDA_T4	para_ct	Hepatocytes	3.91779972126321	Hepatocytes
KCNJ8	IU_PDA_T4	para_ct	Endothelial_cells	4.36441651801238	Endothelial cells
KCNJ8	IU_PDA_T4	para_ct	PVL	4.76486648887801	PVL
KCNJ8	IU_PDA_T4	para_ct	T_NK_cells	4.92841142949498	T-NK cells
KCNJ8	IU_PDA_T4	para_ct	Tumor_Epithelial_cells	4.71218497214266	Tumor Epithelial cells
KCNJ8	IU_PDA_T6	intra	Fibroblasts	11.1112036601625	Fibroblasts
KCNJ8	IU_PDA_T6	intra	Monocytes	0.275843980532101	Monocytes
KCNJ8	IU_PDA_T6	intra	TAM	5.68753260875223	TAM
KCNJ8	IU_PDA_T6	intra	Endothelial_cells	0.921976083793382	Endothelial cells
KCNJ8	IU_PDA_T6	intra	PVL	0.1267359391999	PVL
KCNJ8	IU_PDA_T6	intra	Normal_Epithelial_cells	0.997330068817622	Normal Epithelial cells
KCNJ8	IU_PDA_T6	intra	Tumor_Epithelial_cells	9.86267577811359	Tumor Epithelial cells
KCNJ8	IU_PDA_T6	juxta_ct	Fibroblasts	17.8755166709098	Fibroblasts
KCNJ8	IU_PDA_T6	juxta_ct	Monocytes	1.66911505808125	Monocytes
KCNJ8	IU_PDA_T6	juxta_ct	TAM	11.7395198838146	TAM
KCNJ8	IU_PDA_T6	juxta_ct	Endothelial_cells	1.07532590673615	Endothelial cells
KCNJ8	IU_PDA_T6	juxta_ct	PVL	0.121837264677544	PVL
KCNJ8	IU_PDA_T6	juxta_ct	Normal_Epithelial_cells	2.14602573240191	Normal Epithelial cells
KCNJ8	IU_PDA_T6	juxta_ct	Tumor_Epithelial_cells	15.2722650609857	Tumor Epithelial cells
KCNJ8	IU_PDA_T6	para_ct	Fibroblasts	34.4219411171843	Fibroblasts
KCNJ8	IU_PDA_T6	para_ct	Monocytes	31.1288203893714	Monocytes
KCNJ8	IU_PDA_T6	para_ct	TAM	29.7559718189757	TAM
KCNJ8	IU_PDA_T6	para_ct	Endothelial_cells	28.8738025668646	Endothelial cells
KCNJ8	IU_PDA_T6	para_ct	PVL	26.9852616409453	PVL
KCNJ8	IU_PDA_T6	para_ct	Normal_Epithelial_cells	30.9402663953596	Normal Epithelial cells
KCNJ8	IU_PDA_T6	para_ct	Tumor_Epithelial_cells	31.2012425491168	Tumor Epithelial cells
KCNJ8	IU_PDA_T8	intra	Fibroblasts	7.790263980963	Fibroblasts
KCNJ8	IU_PDA_T8	intra	Monocytes	1.36019337426725	Monocytes
KCNJ8	IU_PDA_T8	intra	B_cells	4.36777049650956	B cells
KCNJ8	IU_PDA_T8	intra	TAM	4.43624387870702	TAM
KCNJ8	IU_PDA_T8	intra	Hepatocytes	0.000167919159636009	Hepatocytes
KCNJ8	IU_PDA_T8	intra	Endothelial_cells	0.3980488713297	Endothelial cells
KCNJ8	IU_PDA_T8	intra	PVL	0.123471112421939	PVL
KCNJ8	IU_PDA_T8	intra	Tumor_Epithelial_cells	6.91016544321892	Tumor Epithelial cells
KCNJ8	IU_PDA_T8	juxta_ct	Fibroblasts	11.1486041023214	Fibroblasts
KCNJ8	IU_PDA_T8	juxta_ct	Monocytes	1.21537874141852	Monocytes
KCNJ8	IU_PDA_T8	juxta_ct	B_cells	9.22502536199041	B cells
KCNJ8	IU_PDA_T8	juxta_ct	TAM	9.11441969553689	TAM
KCNJ8	IU_PDA_T8	juxta_ct	Hepatocytes	0.0043051649116707	Hepatocytes
KCNJ8	IU_PDA_T8	juxta_ct	Endothelial_cells	0.731553460991038	Endothelial cells
KCNJ8	IU_PDA_T8	juxta_ct	PVL	0.594680615704288	PVL
KCNJ8	IU_PDA_T8	juxta_ct	Tumor_Epithelial_cells	11.7810517098354	Tumor Epithelial cells
KCNJ8	IU_PDA_T8	para_ct	Fibroblasts	9.07677659926154	Fibroblasts
KCNJ8	IU_PDA_T8	para_ct	Monocytes	9.23311929558177	Monocytes
KCNJ8	IU_PDA_T8	para_ct	B_cells	9.94832423891092	B cells
KCNJ8	IU_PDA_T8	para_ct	TAM	9.22462384075133	TAM
KCNJ8	IU_PDA_T8	para_ct	Hepatocytes	8.90714149840489	Hepatocytes
KCNJ8	IU_PDA_T8	para_ct	Endothelial_cells	8.75648336772689	Endothelial cells
KCNJ8	IU_PDA_T8	para_ct	PVL	10.2077954976013	PVL
KCNJ8	IU_PDA_T8	para_ct	Tumor_Epithelial_cells	9.5856675930444	Tumor Epithelial cells
KCNJ8	IU_PDA_T9	intra	Fibroblasts	12.417580983059	Fibroblasts
KCNJ8	IU_PDA_T9	intra	Monocytes	8.57318926196764	Monocytes
KCNJ8	IU_PDA_T9	intra	B_cells	1.1136460685309	B cells
KCNJ8	IU_PDA_T9	intra	TAM	4.84833511456875	TAM
KCNJ8	IU_PDA_T9	intra	Endothelial_cells	4.57762638980384	Endothelial cells
KCNJ8	IU_PDA_T9	intra	PVL	1.9451415554518	PVL
KCNJ8	IU_PDA_T9	intra	T_NK_cells	1.64810693104918	T-NK cells
KCNJ8	IU_PDA_T9	intra	Tumor_Epithelial_cells	8.47573442991824	Tumor Epithelial cells
KCNJ8	IU_PDA_T9	juxta_ct	Fibroblasts	24.6153838292697	Fibroblasts
KCNJ8	IU_PDA_T9	juxta_ct	Monocytes	21.7859762709896	Monocytes
KCNJ8	IU_PDA_T9	juxta_ct	B_cells	0.95690738747193	B cells
KCNJ8	IU_PDA_T9	juxta_ct	TAM	16.9991680848145	TAM
KCNJ8	IU_PDA_T9	juxta_ct	Endothelial_cells	6.63466898891673	Endothelial cells
KCNJ8	IU_PDA_T9	juxta_ct	PVL	3.50752871736156	PVL
KCNJ8	IU_PDA_T9	juxta_ct	T_NK_cells	5.53419936238973	T-NK cells
KCNJ8	IU_PDA_T9	juxta_ct	Tumor_Epithelial_cells	18.7454475494119	Tumor Epithelial cells
KCNJ8	IU_PDA_T9	para_ct	Fibroblasts	17.7568545121469	Fibroblasts
KCNJ8	IU_PDA_T9	para_ct	Monocytes	16.6989566400989	Monocytes
KCNJ8	IU_PDA_T9	para_ct	B_cells	18.3115439795106	B cells
KCNJ8	IU_PDA_T9	para_ct	TAM	17.3825155571375	TAM
KCNJ8	IU_PDA_T9	para_ct	Endothelial_cells	17.5913516946768	Endothelial cells
KCNJ8	IU_PDA_T9	para_ct	PVL	17.7731017890352	PVL
KCNJ8	IU_PDA_T9	para_ct	T_NK_cells	17.5260065834132	T-NK cells
KCNJ8	IU_PDA_T9	para_ct	Tumor_Epithelial_cells	17.0616483221475	Tumor Epithelial cells
KCNK1	IU_PDA_T1	intra	Fibroblasts	10.2021381052802	Fibroblasts
KCNK1	IU_PDA_T1	intra	Monocytes	2.20924025665535	Monocytes
KCNK1	IU_PDA_T1	intra	B_cells	2.72807029591769	B cells
KCNK1	IU_PDA_T1	intra	TAM	6.13216518853562	TAM
KCNK1	IU_PDA_T1	intra	Hepatocytes	0.000892483504707961	Hepatocytes
KCNK1	IU_PDA_T1	intra	Endothelial_cells	0.229048079003099	Endothelial cells
KCNK1	IU_PDA_T1	intra	PVL	0.00637953062325977	PVL
KCNK1	IU_PDA_T1	intra	T_NK_cells	0.281981977047099	T-NK cells
KCNK1	IU_PDA_T1	intra	Tumor_Epithelial_cells	7.48128630548314	Tumor Epithelial cells
KCNK1	IU_PDA_T1	juxta_ct	Fibroblasts	12.9141439862646	Fibroblasts
KCNK1	IU_PDA_T1	juxta_ct	Monocytes	5.07537620553199	Monocytes
KCNK1	IU_PDA_T1	juxta_ct	B_cells	7.49520369149092	B cells
KCNK1	IU_PDA_T1	juxta_ct	TAM	10.2430818803402	TAM
KCNK1	IU_PDA_T1	juxta_ct	Hepatocytes	0.000360261806692552	Hepatocytes
KCNK1	IU_PDA_T1	juxta_ct	Endothelial_cells	0.895408342321547	Endothelial cells
KCNK1	IU_PDA_T1	juxta_ct	PVL	0.00412725987589809	PVL
KCNK1	IU_PDA_T1	juxta_ct	T_NK_cells	0.260179862708455	T-NK cells
KCNK1	IU_PDA_T1	juxta_ct	Tumor_Epithelial_cells	10.9702136260044	Tumor Epithelial cells
KCNK1	IU_PDA_T1	para_ct	Fibroblasts	5.99877029695799	Fibroblasts
KCNK1	IU_PDA_T1	para_ct	Monocytes	6.33638668013018	Monocytes
KCNK1	IU_PDA_T1	para_ct	B_cells	5.82967487967828	B cells
KCNK1	IU_PDA_T1	para_ct	TAM	6.19734714266542	TAM
KCNK1	IU_PDA_T1	para_ct	Hepatocytes	6.59646580320249	Hepatocytes
KCNK1	IU_PDA_T1	para_ct	Endothelial_cells	6.45334190330423	Endothelial cells
KCNK1	IU_PDA_T1	para_ct	PVL	6.14161543177354	PVL
KCNK1	IU_PDA_T1	para_ct	T_NK_cells	6.38907421143135	T-NK cells
KCNK1	IU_PDA_T1	para_ct	Tumor_Epithelial_cells	7.11245872886362	Tumor Epithelial cells
KCNK1	IU_PDA_T10	intra	Fibroblasts	19.780429005554	Fibroblasts
KCNK1	IU_PDA_T10	intra	Monocytes	4.76137236549109	Monocytes
KCNK1	IU_PDA_T10	intra	B_cells	12.0399250506118	B cells
KCNK1	IU_PDA_T10	intra	TAM	10.6313007311032	TAM
KCNK1	IU_PDA_T10	intra	Endothelial_cells	0.0349041640436494	Endothelial cells
KCNK1	IU_PDA_T10	intra	PVL	0.985115461318237	PVL
KCNK1	IU_PDA_T10	intra	T_NK_cells	1.15484907421314	T-NK cells
KCNK1	IU_PDA_T10	intra	Tumor_Epithelial_cells	18.2042673759045	Tumor Epithelial cells
KCNK1	IU_PDA_T10	juxta_ct	Fibroblasts	30.0285469717754	Fibroblasts
KCNK1	IU_PDA_T10	juxta_ct	Monocytes	11.9361521367092	Monocytes
KCNK1	IU_PDA_T10	juxta_ct	B_cells	23.7120898458711	B cells
KCNK1	IU_PDA_T10	juxta_ct	TAM	22.679324729884	TAM
KCNK1	IU_PDA_T10	juxta_ct	Endothelial_cells	0.459177705475201	Endothelial cells
KCNK1	IU_PDA_T10	juxta_ct	PVL	2.6395452669887	PVL
KCNK1	IU_PDA_T10	juxta_ct	T_NK_cells	3.91617345885223	T-NK cells
KCNK1	IU_PDA_T10	juxta_ct	Tumor_Epithelial_cells	29.4834191917034	Tumor Epithelial cells
KCNK1	IU_PDA_T10	para_ct	Fibroblasts	18.609182080357	Fibroblasts
KCNK1	IU_PDA_T10	para_ct	Monocytes	18.0029586940945	Monocytes
KCNK1	IU_PDA_T10	para_ct	B_cells	18.9213602848563	B cells
KCNK1	IU_PDA_T10	para_ct	TAM	18.9635788439803	TAM
KCNK1	IU_PDA_T10	para_ct	Endothelial_cells	19.4741714908619	Endothelial cells
KCNK1	IU_PDA_T10	para_ct	PVL	18.7907389789102	PVL
KCNK1	IU_PDA_T10	para_ct	T_NK_cells	19.5768340548856	T-NK cells
KCNK1	IU_PDA_T10	para_ct	Tumor_Epithelial_cells	20.4496866133821	Tumor Epithelial cells
KCNK1	IU_PDA_T11	intra	Fibroblasts	17.8237387292274	Fibroblasts
KCNK1	IU_PDA_T11	intra	Monocytes	0.967114668633972	Monocytes
KCNK1	IU_PDA_T11	intra	B_cells	0.0169770530116412	B cells
KCNK1	IU_PDA_T11	intra	TAM	8.45319441769955	TAM
KCNK1	IU_PDA_T11	intra	Endothelial_cells	1.25676903122318	Endothelial cells
KCNK1	IU_PDA_T11	intra	PVL	0.575517704871005	PVL
KCNK1	IU_PDA_T11	intra	Tumor_Epithelial_cells	22.3361510074757	Tumor Epithelial cells
KCNK1	IU_PDA_T11	juxta_ct	Fibroblasts	30.8984621842293	Fibroblasts
KCNK1	IU_PDA_T11	juxta_ct	Monocytes	3.50850389166343	Monocytes
KCNK1	IU_PDA_T11	juxta_ct	B_cells	0.390929660740555	B cells
KCNK1	IU_PDA_T11	juxta_ct	TAM	20.589514625064	TAM
KCNK1	IU_PDA_T11	juxta_ct	Endothelial_cells	5.09066638952328	Endothelial cells
KCNK1	IU_PDA_T11	juxta_ct	PVL	2.30060550611756	PVL
KCNK1	IU_PDA_T11	juxta_ct	Tumor_Epithelial_cells	39.9041623693433	Tumor Epithelial cells
KCNK1	IU_PDA_T11	para_ct	Fibroblasts	27.6604466456941	Fibroblasts
KCNK1	IU_PDA_T11	para_ct	Monocytes	28.7148319232892	Monocytes
KCNK1	IU_PDA_T11	para_ct	B_cells	26.6754268844378	B cells
KCNK1	IU_PDA_T11	para_ct	TAM	25.8169721300992	TAM
KCNK1	IU_PDA_T11	para_ct	Endothelial_cells	26.6611028177347	Endothelial cells
KCNK1	IU_PDA_T11	para_ct	PVL	24.5491703958312	PVL
KCNK1	IU_PDA_T11	para_ct	Tumor_Epithelial_cells	31.1116296406548	Tumor Epithelial cells
KCNK1	IU_PDA_T12	intra	Fibroblasts	70.0241933866541	Fibroblasts
KCNK1	IU_PDA_T12	intra	Monocytes	4.05641162500011	Monocytes
KCNK1	IU_PDA_T12	intra	B_cells	41.7412189673289	B cells
KCNK1	IU_PDA_T12	intra	TAM	53.4986393578352	TAM
KCNK1	IU_PDA_T12	intra	Endothelial_cells	5.42126246598187	Endothelial cells
KCNK1	IU_PDA_T12	intra	PVL	1.60720683068962	PVL
KCNK1	IU_PDA_T12	intra	Normal_Epithelial_cells	0.00445679357711135	Normal Epithelial cells
KCNK1	IU_PDA_T12	intra	T_NK_cells	0.21675371769115	T-NK cells
KCNK1	IU_PDA_T12	intra	Tumor_Epithelial_cells	68.0321228129279	Tumor Epithelial cells
KCNK1	IU_PDA_T12	juxta_ct	Fibroblasts	73.9337905165146	Fibroblasts
KCNK1	IU_PDA_T12	juxta_ct	Monocytes	14.2693877071789	Monocytes
KCNK1	IU_PDA_T12	juxta_ct	B_cells	54.8714632438532	B cells
KCNK1	IU_PDA_T12	juxta_ct	TAM	65.8920384630473	TAM
KCNK1	IU_PDA_T12	juxta_ct	Endothelial_cells	16.9762810895536	Endothelial cells
KCNK1	IU_PDA_T12	juxta_ct	PVL	4.52906085047291	PVL
KCNK1	IU_PDA_T12	juxta_ct	Normal_Epithelial_cells	0.362727436774911	Normal Epithelial cells
KCNK1	IU_PDA_T12	juxta_ct	T_NK_cells	1.02564535640148	T-NK cells
KCNK1	IU_PDA_T12	juxta_ct	Tumor_Epithelial_cells	82.1246043587102	Tumor Epithelial cells
KCNK1	IU_PDA_T12	para_ct	Fibroblasts	42.1914292989578	Fibroblasts
KCNK1	IU_PDA_T12	para_ct	Monocytes	38.3355105586926	Monocytes
KCNK1	IU_PDA_T12	para_ct	B_cells	38.916963846072	B cells
KCNK1	IU_PDA_T12	para_ct	TAM	38.928422782141	TAM
KCNK1	IU_PDA_T12	para_ct	Endothelial_cells	35.3792954291248	Endothelial cells
KCNK1	IU_PDA_T12	para_ct	PVL	37.0930545011997	PVL
KCNK1	IU_PDA_T12	para_ct	Normal_Epithelial_cells	38.8531401505844	Normal Epithelial cells
KCNK1	IU_PDA_T12	para_ct	T_NK_cells	38.0152718535628	T-NK cells
KCNK1	IU_PDA_T12	para_ct	Tumor_Epithelial_cells	47.6622034623198	Tumor Epithelial cells
KCNK1	IU_PDA_T2	intra	Fibroblasts	19.28654281663	Fibroblasts
KCNK1	IU_PDA_T2	intra	Monocytes	0.611129315468555	Monocytes
KCNK1	IU_PDA_T2	intra	B_cells	7.00066007104823	B cells
KCNK1	IU_PDA_T2	intra	TAM	8.78660767426184	TAM
KCNK1	IU_PDA_T2	intra	Hepatocytes	0.0170174594833064	Hepatocytes
KCNK1	IU_PDA_T2	intra	Endothelial_cells	0.0121577227286654	Endothelial cells
KCNK1	IU_PDA_T2	intra	PVL	0.0341743424090689	PVL
KCNK1	IU_PDA_T2	intra	Normal_Epithelial_cells	0.023524501594751	Normal Epithelial cells
KCNK1	IU_PDA_T2	intra	T_NK_cells	0.00885076195410085	T-NK cells
KCNK1	IU_PDA_T2	intra	Tumor_Epithelial_cells	17.3468781532797	Tumor Epithelial cells
KCNK1	IU_PDA_T2	juxta_ct	Fibroblasts	30.1319491397111	Fibroblasts
KCNK1	IU_PDA_T2	juxta_ct	Monocytes	2.63594531684124	Monocytes
KCNK1	IU_PDA_T2	juxta_ct	B_cells	16.1502546649237	B cells
KCNK1	IU_PDA_T2	juxta_ct	TAM	24.8818232960198	TAM
KCNK1	IU_PDA_T2	juxta_ct	Hepatocytes	0.307655310330917	Hepatocytes
KCNK1	IU_PDA_T2	juxta_ct	Endothelial_cells	0.40730252820668	Endothelial cells
KCNK1	IU_PDA_T2	juxta_ct	PVL	0.250022135669021	PVL
KCNK1	IU_PDA_T2	juxta_ct	Normal_Epithelial_cells	0.148350025148342	Normal Epithelial cells
KCNK1	IU_PDA_T2	juxta_ct	T_NK_cells	0.413115165063346	T-NK cells
KCNK1	IU_PDA_T2	juxta_ct	Tumor_Epithelial_cells	29.5658685595875	Tumor Epithelial cells
KCNK1	IU_PDA_T2	para_ct	Fibroblasts	21.2784240521608	Fibroblasts
KCNK1	IU_PDA_T2	para_ct	Monocytes	19.8497665502286	Monocytes
KCNK1	IU_PDA_T2	para_ct	B_cells	20.1670782180989	B cells
KCNK1	IU_PDA_T2	para_ct	TAM	20.6650107344301	TAM
KCNK1	IU_PDA_T2	para_ct	Hepatocytes	20.7796233374516	Hepatocytes
KCNK1	IU_PDA_T2	para_ct	Endothelial_cells	19.658275191086	Endothelial cells
KCNK1	IU_PDA_T2	para_ct	PVL	20.7567203900768	PVL
KCNK1	IU_PDA_T2	para_ct	Normal_Epithelial_cells	21.6098101183036	Normal Epithelial cells
KCNK1	IU_PDA_T2	para_ct	T_NK_cells	19.470557332021	T-NK cells
KCNK1	IU_PDA_T2	para_ct	Tumor_Epithelial_cells	21.6547064162125	Tumor Epithelial cells
KCNK1	IU_PDA_T3	intra	Fibroblasts	27.6497190247044	Fibroblasts
KCNK1	IU_PDA_T3	intra	Monocytes	10.6681757960485	Monocytes
KCNK1	IU_PDA_T3	intra	B_cells	23.3796076200418	B cells
KCNK1	IU_PDA_T3	intra	TAM	12.1790902943444	TAM
KCNK1	IU_PDA_T3	intra	Endothelial_cells	2.28965879795263	Endothelial cells
KCNK1	IU_PDA_T3	intra	PVL	1.4797475115708	PVL
KCNK1	IU_PDA_T3	intra	T_NK_cells	0.900747747574467	T-NK cells
KCNK1	IU_PDA_T3	intra	Tumor_Epithelial_cells	24.2953614017703	Tumor Epithelial cells
KCNK1	IU_PDA_T3	juxta_ct	Fibroblasts	35.2803194970394	Fibroblasts
KCNK1	IU_PDA_T3	juxta_ct	Monocytes	25.348224498213	Monocytes
KCNK1	IU_PDA_T3	juxta_ct	B_cells	33.1446699956242	B cells
KCNK1	IU_PDA_T3	juxta_ct	TAM	27.8596904764389	TAM
KCNK1	IU_PDA_T3	juxta_ct	Endothelial_cells	3.91779445889827	Endothelial cells
KCNK1	IU_PDA_T3	juxta_ct	PVL	4.58635449325958	PVL
KCNK1	IU_PDA_T3	juxta_ct	T_NK_cells	2.54423122511274	T-NK cells
KCNK1	IU_PDA_T3	juxta_ct	Tumor_Epithelial_cells	34.4016209508772	Tumor Epithelial cells
KCNK1	IU_PDA_T3	para_ct	Fibroblasts	26.2028148690302	Fibroblasts
KCNK1	IU_PDA_T3	para_ct	Monocytes	26.6697825228245	Monocytes
KCNK1	IU_PDA_T3	para_ct	B_cells	27.9446148379971	B cells
KCNK1	IU_PDA_T3	para_ct	TAM	28.3944329858863	TAM
KCNK1	IU_PDA_T3	para_ct	Endothelial_cells	27.4267772435357	Endothelial cells
KCNK1	IU_PDA_T3	para_ct	PVL	28.0076531772387	PVL
KCNK1	IU_PDA_T3	para_ct	T_NK_cells	27.658914502037	T-NK cells
KCNK1	IU_PDA_T3	para_ct	Tumor_Epithelial_cells	29.6914262194672	Tumor Epithelial cells
KCNK1	IU_PDA_T4	intra	Fibroblasts	37.2156118319671	Fibroblasts
KCNK1	IU_PDA_T4	intra	Monocytes	8.35818176314625	Monocytes
KCNK1	IU_PDA_T4	intra	B_cells	0.251407876917475	B cells
KCNK1	IU_PDA_T4	intra	TAM	14.8301743643769	TAM
KCNK1	IU_PDA_T4	intra	Hepatocytes	0.015515209050311	Hepatocytes
KCNK1	IU_PDA_T4	intra	Endothelial_cells	0.305915184016561	Endothelial cells
KCNK1	IU_PDA_T4	intra	PVL	2.46230561864988	PVL
KCNK1	IU_PDA_T4	intra	T_NK_cells	0.0145036947712904	T-NK cells
KCNK1	IU_PDA_T4	intra	Tumor_Epithelial_cells	33.3121174415414	Tumor Epithelial cells
KCNK1	IU_PDA_T4	juxta_ct	Fibroblasts	53.2654233304622	Fibroblasts
KCNK1	IU_PDA_T4	juxta_ct	Monocytes	22.9097552177956	Monocytes
KCNK1	IU_PDA_T4	juxta_ct	B_cells	1.24716611915598	B cells
KCNK1	IU_PDA_T4	juxta_ct	TAM	43.5183568075189	TAM
KCNK1	IU_PDA_T4	juxta_ct	Hepatocytes	0.256304950712676	Hepatocytes
KCNK1	IU_PDA_T4	juxta_ct	Endothelial_cells	1.82400198030975	Endothelial cells
KCNK1	IU_PDA_T4	juxta_ct	PVL	4.99611738564318	PVL
KCNK1	IU_PDA_T4	juxta_ct	T_NK_cells	0.417157261028737	T-NK cells
KCNK1	IU_PDA_T4	juxta_ct	Tumor_Epithelial_cells	51.2231606180059	Tumor Epithelial cells
KCNK1	IU_PDA_T4	para_ct	Fibroblasts	31.7027921229689	Fibroblasts
KCNK1	IU_PDA_T4	para_ct	Monocytes	33.4364870778889	Monocytes
KCNK1	IU_PDA_T4	para_ct	B_cells	33.230592490261	B cells
KCNK1	IU_PDA_T4	para_ct	TAM	37.4018369785792	TAM
KCNK1	IU_PDA_T4	para_ct	Hepatocytes	33.0482660663759	Hepatocytes
KCNK1	IU_PDA_T4	para_ct	Endothelial_cells	33.5519971853438	Endothelial cells
KCNK1	IU_PDA_T4	para_ct	PVL	31.0778384536581	PVL
KCNK1	IU_PDA_T4	para_ct	T_NK_cells	33.1505942166173	T-NK cells
KCNK1	IU_PDA_T4	para_ct	Tumor_Epithelial_cells	32.6865606865832	Tumor Epithelial cells
KCNK1	IU_PDA_T6	intra	Fibroblasts	40.1508502390323	Fibroblasts
KCNK1	IU_PDA_T6	intra	Monocytes	1.55812377418269	Monocytes
KCNK1	IU_PDA_T6	intra	TAM	14.2429404718606	TAM
KCNK1	IU_PDA_T6	intra	Endothelial_cells	0.278092141785268	Endothelial cells
KCNK1	IU_PDA_T6	intra	PVL	0.0114859876856429	PVL
KCNK1	IU_PDA_T6	intra	Normal_Epithelial_cells	1.05697959062217	Normal Epithelial cells
KCNK1	IU_PDA_T6	intra	Tumor_Epithelial_cells	40.479745013005	Tumor Epithelial cells
KCNK1	IU_PDA_T6	juxta_ct	Fibroblasts	57.1119517671393	Fibroblasts
KCNK1	IU_PDA_T6	juxta_ct	Monocytes	4.54582212537142	Monocytes
KCNK1	IU_PDA_T6	juxta_ct	TAM	28.4567247895055	TAM
KCNK1	IU_PDA_T6	juxta_ct	Endothelial_cells	0.466035058089469	Endothelial cells
KCNK1	IU_PDA_T6	juxta_ct	PVL	0.267621871706495	PVL
KCNK1	IU_PDA_T6	juxta_ct	Normal_Epithelial_cells	2.20071142668585	Normal Epithelial cells
KCNK1	IU_PDA_T6	juxta_ct	Tumor_Epithelial_cells	47.802445298899	Tumor Epithelial cells
KCNK1	IU_PDA_T6	para_ct	Fibroblasts	102.027147907564	Fibroblasts
KCNK1	IU_PDA_T6	para_ct	Monocytes	98.4811809669211	Monocytes
KCNK1	IU_PDA_T6	para_ct	TAM	101.872031908794	TAM
KCNK1	IU_PDA_T6	para_ct	Endothelial_cells	91.5118699212216	Endothelial cells
KCNK1	IU_PDA_T6	para_ct	PVL	90.4121373181918	PVL
KCNK1	IU_PDA_T6	para_ct	Normal_Epithelial_cells	102.487614677073	Normal Epithelial cells
KCNK1	IU_PDA_T6	para_ct	Tumor_Epithelial_cells	108.54713019287	Tumor Epithelial cells
KCNK1	IU_PDA_T8	intra	Fibroblasts	21.1280477742983	Fibroblasts
KCNK1	IU_PDA_T8	intra	Monocytes	0.782771538835774	Monocytes
KCNK1	IU_PDA_T8	intra	B_cells	11.2446754444983	B cells
KCNK1	IU_PDA_T8	intra	TAM	9.72432341213487	TAM
KCNK1	IU_PDA_T8	intra	Hepatocytes	0.0224450938201565	Hepatocytes
KCNK1	IU_PDA_T8	intra	Endothelial_cells	0.241877788496111	Endothelial cells
KCNK1	IU_PDA_T8	intra	PVL	1.35254655817275	PVL
KCNK1	IU_PDA_T8	intra	Tumor_Epithelial_cells	17.7044209456173	Tumor Epithelial cells
KCNK1	IU_PDA_T8	juxta_ct	Fibroblasts	38.8180924239203	Fibroblasts
KCNK1	IU_PDA_T8	juxta_ct	Monocytes	5.12671976376377	Monocytes
KCNK1	IU_PDA_T8	juxta_ct	B_cells	25.981537142804	B cells
KCNK1	IU_PDA_T8	juxta_ct	TAM	27.966075888861	TAM
KCNK1	IU_PDA_T8	juxta_ct	Hepatocytes	0.388346074096259	Hepatocytes
KCNK1	IU_PDA_T8	juxta_ct	Endothelial_cells	2.03897589840784	Endothelial cells
KCNK1	IU_PDA_T8	juxta_ct	PVL	0.5554262502446	PVL
KCNK1	IU_PDA_T8	juxta_ct	Tumor_Epithelial_cells	36.717404944393	Tumor Epithelial cells
KCNK1	IU_PDA_T8	para_ct	Fibroblasts	34.6847132465166	Fibroblasts
KCNK1	IU_PDA_T8	para_ct	Monocytes	36.7289771833845	Monocytes
KCNK1	IU_PDA_T8	para_ct	B_cells	37.5742976091461	B cells
KCNK1	IU_PDA_T8	para_ct	TAM	37.0667060763398	TAM
KCNK1	IU_PDA_T8	para_ct	Hepatocytes	35.0645785621221	Hepatocytes
KCNK1	IU_PDA_T8	para_ct	Endothelial_cells	35.43717109604	Endothelial cells
KCNK1	IU_PDA_T8	para_ct	PVL	35.968010114921	PVL
KCNK1	IU_PDA_T8	para_ct	Tumor_Epithelial_cells	37.1315874323125	Tumor Epithelial cells
KCNK1	IU_PDA_T9	intra	Fibroblasts	12.0154180907986	Fibroblasts
KCNK1	IU_PDA_T9	intra	Monocytes	7.75547438122509	Monocytes
KCNK1	IU_PDA_T9	intra	B_cells	0.218458964287504	B cells
KCNK1	IU_PDA_T9	intra	TAM	5.87464424634338	TAM
KCNK1	IU_PDA_T9	intra	Endothelial_cells	1.24954555713859	Endothelial cells
KCNK1	IU_PDA_T9	intra	PVL	0.674920792017089	PVL
KCNK1	IU_PDA_T9	intra	T_NK_cells	1.51139927056883	T-NK cells
KCNK1	IU_PDA_T9	intra	Tumor_Epithelial_cells	11.7092175702943	Tumor Epithelial cells
KCNK1	IU_PDA_T9	juxta_ct	Fibroblasts	20.2806212085278	Fibroblasts
KCNK1	IU_PDA_T9	juxta_ct	Monocytes	18.4132700204919	Monocytes
KCNK1	IU_PDA_T9	juxta_ct	B_cells	0.246418034820539	B cells
KCNK1	IU_PDA_T9	juxta_ct	TAM	15.0416790626224	TAM
KCNK1	IU_PDA_T9	juxta_ct	Endothelial_cells	3.36858696874222	Endothelial cells
KCNK1	IU_PDA_T9	juxta_ct	PVL	1.53107443355039	PVL
KCNK1	IU_PDA_T9	juxta_ct	T_NK_cells	5.4218204004129	T-NK cells
KCNK1	IU_PDA_T9	juxta_ct	Tumor_Epithelial_cells	17.740057720811	Tumor Epithelial cells
KCNK1	IU_PDA_T9	para_ct	Fibroblasts	15.3727339054253	Fibroblasts
KCNK1	IU_PDA_T9	para_ct	Monocytes	15.2386296469855	Monocytes
KCNK1	IU_PDA_T9	para_ct	B_cells	15.642110602454	B cells
KCNK1	IU_PDA_T9	para_ct	TAM	15.9773119133035	TAM
KCNK1	IU_PDA_T9	para_ct	Endothelial_cells	15.6337545453378	Endothelial cells
KCNK1	IU_PDA_T9	para_ct	PVL	15.6695393226867	PVL
KCNK1	IU_PDA_T9	para_ct	T_NK_cells	15.0249497962339	T-NK cells
KCNK1	IU_PDA_T9	para_ct	Tumor_Epithelial_cells	16.3911003537974	Tumor Epithelial cells
KCNK15	IU_PDA_T1	intra	Fibroblasts	1.23852803676148	Fibroblasts
KCNK15	IU_PDA_T1	intra	Monocytes	0.00205175346061106	Monocytes
KCNK15	IU_PDA_T1	intra	B_cells	0.40293522606594	B cells
KCNK15	IU_PDA_T1	intra	TAM	0.595656413301652	TAM
KCNK15	IU_PDA_T1	intra	Hepatocytes	1.19457705240966e-06	Hepatocytes
KCNK15	IU_PDA_T1	intra	Endothelial_cells	2.00408277835676e-05	Endothelial cells
KCNK15	IU_PDA_T1	intra	PVL	3.03207496150461e-06	PVL
KCNK15	IU_PDA_T1	intra	T_NK_cells	1.33465598784725e-05	T-NK cells
KCNK15	IU_PDA_T1	intra	Tumor_Epithelial_cells	0.099321815332632	Tumor Epithelial cells
KCNK15	IU_PDA_T1	juxta_ct	Fibroblasts	1.44025672053242	Fibroblasts
KCNK15	IU_PDA_T1	juxta_ct	Monocytes	0.0908430494135283	Monocytes
KCNK15	IU_PDA_T1	juxta_ct	B_cells	0.989528542437816	B cells
KCNK15	IU_PDA_T1	juxta_ct	TAM	0.467502552581779	TAM
KCNK15	IU_PDA_T1	juxta_ct	Hepatocytes	1.13066814688169e-05	Hepatocytes
KCNK15	IU_PDA_T1	juxta_ct	Endothelial_cells	0.000188329789613596	Endothelial cells
KCNK15	IU_PDA_T1	juxta_ct	PVL	0.260765765738799	PVL
KCNK15	IU_PDA_T1	juxta_ct	T_NK_cells	6.35694869324208e-05	T-NK cells
KCNK15	IU_PDA_T1	juxta_ct	Tumor_Epithelial_cells	0.431873169129404	Tumor Epithelial cells
KCNK15	IU_PDA_T1	para_ct	Fibroblasts	0.715554676579404	Fibroblasts
KCNK15	IU_PDA_T1	para_ct	Monocytes	0.504205181024483	Monocytes
KCNK15	IU_PDA_T1	para_ct	B_cells	0.40106527264192	B cells
KCNK15	IU_PDA_T1	para_ct	TAM	0.667735627578038	TAM
KCNK15	IU_PDA_T1	para_ct	Hepatocytes	0.398908454961837	Hepatocytes
KCNK15	IU_PDA_T1	para_ct	Endothelial_cells	0.535096739012902	Endothelial cells
KCNK15	IU_PDA_T1	para_ct	PVL	0.669717305887778	PVL
KCNK15	IU_PDA_T1	para_ct	T_NK_cells	0.612215339940192	T-NK cells
KCNK15	IU_PDA_T1	para_ct	Tumor_Epithelial_cells	0.35221729217339	Tumor Epithelial cells
KCNK15	IU_PDA_T10	intra	Fibroblasts	1.66762533371351	Fibroblasts
KCNK15	IU_PDA_T10	intra	Monocytes	0.267139343809702	Monocytes
KCNK15	IU_PDA_T10	intra	B_cells	0.763959641958417	B cells
KCNK15	IU_PDA_T10	intra	TAM	0.729490438742483	TAM
KCNK15	IU_PDA_T10	intra	Endothelial_cells	0.000117419577138196	Endothelial cells
KCNK15	IU_PDA_T10	intra	PVL	0.001060682345239	PVL
KCNK15	IU_PDA_T10	intra	T_NK_cells	0.00208256800197708	T-NK cells
KCNK15	IU_PDA_T10	intra	Tumor_Epithelial_cells	1.35023617861623	Tumor Epithelial cells
KCNK15	IU_PDA_T10	juxta_ct	Fibroblasts	1.76887285588521	Fibroblasts
KCNK15	IU_PDA_T10	juxta_ct	Monocytes	0.573131405504252	Monocytes
KCNK15	IU_PDA_T10	juxta_ct	B_cells	1.36031277637006	B cells
KCNK15	IU_PDA_T10	juxta_ct	TAM	1.35091623368813	TAM
KCNK15	IU_PDA_T10	juxta_ct	Endothelial_cells	0.000582859463808487	Endothelial cells
KCNK15	IU_PDA_T10	juxta_ct	PVL	0.0386710037773598	PVL
KCNK15	IU_PDA_T10	juxta_ct	T_NK_cells	0.105987934744061	T-NK cells
KCNK15	IU_PDA_T10	juxta_ct	Tumor_Epithelial_cells	1.51346657926679	Tumor Epithelial cells
KCNK15	IU_PDA_T10	para_ct	Fibroblasts	0.91619228945158	Fibroblasts
KCNK15	IU_PDA_T10	para_ct	Monocytes	1.03095944605297	Monocytes
KCNK15	IU_PDA_T10	para_ct	B_cells	0.922574002328741	B cells
KCNK15	IU_PDA_T10	para_ct	TAM	1.12821475378248	TAM
KCNK15	IU_PDA_T10	para_ct	Endothelial_cells	0.909698181096601	Endothelial cells
KCNK15	IU_PDA_T10	para_ct	PVL	0.934213905345419	PVL
KCNK15	IU_PDA_T10	para_ct	T_NK_cells	0.890557972122247	T-NK cells
KCNK15	IU_PDA_T10	para_ct	Tumor_Epithelial_cells	0.965498513005721	Tumor Epithelial cells
KCNK15	IU_PDA_T11	intra	Fibroblasts	1.86016101436498	Fibroblasts
KCNK15	IU_PDA_T11	intra	Monocytes	0.183154865619429	Monocytes
KCNK15	IU_PDA_T11	intra	B_cells	0.000428987511336455	B cells
KCNK15	IU_PDA_T11	intra	TAM	1.08139908172471	TAM
KCNK15	IU_PDA_T11	intra	Endothelial_cells	0.00192541404882301	Endothelial cells
KCNK15	IU_PDA_T11	intra	PVL	0.0294679825934391	PVL
KCNK15	IU_PDA_T11	intra	Tumor_Epithelial_cells	1.5847582619166	Tumor Epithelial cells
KCNK15	IU_PDA_T11	juxta_ct	Fibroblasts	3.43707591344826	Fibroblasts
KCNK15	IU_PDA_T11	juxta_ct	Monocytes	0.0320064352270827	Monocytes
KCNK15	IU_PDA_T11	juxta_ct	B_cells	0.00138919464039114	B cells
KCNK15	IU_PDA_T11	juxta_ct	TAM	2.40829255314935	TAM
KCNK15	IU_PDA_T11	juxta_ct	Endothelial_cells	0.280214947468501	Endothelial cells
KCNK15	IU_PDA_T11	juxta_ct	PVL	0.0102456018685915	PVL
KCNK15	IU_PDA_T11	juxta_ct	Tumor_Epithelial_cells	3.11606409795789	Tumor Epithelial cells
KCNK15	IU_PDA_T11	para_ct	Fibroblasts	1.9257524758327	Fibroblasts
KCNK15	IU_PDA_T11	para_ct	Monocytes	1.76143051281884	Monocytes
KCNK15	IU_PDA_T11	para_ct	B_cells	1.81638083042365	B cells
KCNK15	IU_PDA_T11	para_ct	TAM	1.8416485950612	TAM
KCNK15	IU_PDA_T11	para_ct	Endothelial_cells	1.85893652536961	Endothelial cells
KCNK15	IU_PDA_T11	para_ct	PVL	2.28401433029125	PVL
KCNK15	IU_PDA_T11	para_ct	Tumor_Epithelial_cells	1.95235649463553	Tumor Epithelial cells
KCNK15	IU_PDA_T12	intra	Fibroblasts	3.42629613145255	Fibroblasts
KCNK15	IU_PDA_T12	intra	Monocytes	0.167748116839891	Monocytes
KCNK15	IU_PDA_T12	intra	B_cells	2.7101815374745	B cells
KCNK15	IU_PDA_T12	intra	TAM	2.95679364934553	TAM
KCNK15	IU_PDA_T12	intra	Endothelial_cells	0.76520545210056	Endothelial cells
KCNK15	IU_PDA_T12	intra	PVL	0.0102258926735771	PVL
KCNK15	IU_PDA_T12	intra	Normal_Epithelial_cells	0.411414831225083	Normal Epithelial cells
KCNK15	IU_PDA_T12	intra	T_NK_cells	0.000953734621895906	T-NK cells
KCNK15	IU_PDA_T12	intra	Tumor_Epithelial_cells	2.90225574910469	Tumor Epithelial cells
KCNK15	IU_PDA_T12	juxta_ct	Fibroblasts	3.57757821166217	Fibroblasts
KCNK15	IU_PDA_T12	juxta_ct	Monocytes	0.466836500766574	Monocytes
KCNK15	IU_PDA_T12	juxta_ct	B_cells	2.70946424452616	B cells
KCNK15	IU_PDA_T12	juxta_ct	TAM	3.6863108155337	TAM
KCNK15	IU_PDA_T12	juxta_ct	Endothelial_cells	0.79722053458255	Endothelial cells
KCNK15	IU_PDA_T12	juxta_ct	PVL	0.364990920500003	PVL
KCNK15	IU_PDA_T12	juxta_ct	Normal_Epithelial_cells	4.76169230032809e-06	Normal Epithelial cells
KCNK15	IU_PDA_T12	juxta_ct	T_NK_cells	0.216555899028193	T-NK cells
KCNK15	IU_PDA_T12	juxta_ct	Tumor_Epithelial_cells	3.01245233865326	Tumor Epithelial cells
KCNK15	IU_PDA_T12	para_ct	Fibroblasts	1.79488323967271	Fibroblasts
KCNK15	IU_PDA_T12	para_ct	Monocytes	1.72116946352396	Monocytes
KCNK15	IU_PDA_T12	para_ct	B_cells	1.60442054461137	B cells
KCNK15	IU_PDA_T12	para_ct	TAM	1.86624009323447	TAM
KCNK15	IU_PDA_T12	para_ct	Endothelial_cells	1.7046398743109	Endothelial cells
KCNK15	IU_PDA_T12	para_ct	PVL	1.68999209742169	PVL
KCNK15	IU_PDA_T12	para_ct	Normal_Epithelial_cells	1.79432204635269	Normal Epithelial cells
KCNK15	IU_PDA_T12	para_ct	T_NK_cells	1.6884904844588	T-NK cells
KCNK15	IU_PDA_T12	para_ct	Tumor_Epithelial_cells	1.78496901115904	Tumor Epithelial cells
KCNK15	IU_PDA_T2	intra	Fibroblasts	1.13557567884124	Fibroblasts
KCNK15	IU_PDA_T2	intra	Monocytes	0.252414693316442	Monocytes
KCNK15	IU_PDA_T2	intra	B_cells	0.260502313928567	B cells
KCNK15	IU_PDA_T2	intra	TAM	0.143716477909326	TAM
KCNK15	IU_PDA_T2	intra	Hepatocytes	1.63476456384234e-05	Hepatocytes
KCNK15	IU_PDA_T2	intra	Endothelial_cells	0.197005987373273	Endothelial cells
KCNK15	IU_PDA_T2	intra	PVL	1.60440322496599e-06	PVL
KCNK15	IU_PDA_T2	intra	Normal_Epithelial_cells	1.3625692722006e-05	Normal Epithelial cells
KCNK15	IU_PDA_T2	intra	T_NK_cells	0.000116490538574104	T-NK cells
KCNK15	IU_PDA_T2	intra	Tumor_Epithelial_cells	0.834755584424703	Tumor Epithelial cells
KCNK15	IU_PDA_T2	juxta_ct	Fibroblasts	0.579593395184436	Fibroblasts
KCNK15	IU_PDA_T2	juxta_ct	Monocytes	0.173559099960997	Monocytes
KCNK15	IU_PDA_T2	juxta_ct	B_cells	0.451842652222292	B cells
KCNK15	IU_PDA_T2	juxta_ct	TAM	0.291645387129498	TAM
KCNK15	IU_PDA_T2	juxta_ct	Hepatocytes	1.49915969709781e-05	Hepatocytes
KCNK15	IU_PDA_T2	juxta_ct	Endothelial_cells	0.288519914009413	Endothelial cells
KCNK15	IU_PDA_T2	juxta_ct	PVL	0.0918254888999311	PVL
KCNK15	IU_PDA_T2	juxta_ct	Normal_Epithelial_cells	5.93328887001126e-05	Normal Epithelial cells
KCNK15	IU_PDA_T2	juxta_ct	T_NK_cells	6.24535127384688e-05	T-NK cells
KCNK15	IU_PDA_T2	juxta_ct	Tumor_Epithelial_cells	0.852647164388691	Tumor Epithelial cells
KCNK15	IU_PDA_T2	para_ct	Fibroblasts	0.350715631991678	Fibroblasts
KCNK15	IU_PDA_T2	para_ct	Monocytes	0.239058661289079	Monocytes
KCNK15	IU_PDA_T2	para_ct	B_cells	0.444399494182388	B cells
KCNK15	IU_PDA_T2	para_ct	TAM	0.394875358728448	TAM
KCNK15	IU_PDA_T2	para_ct	Hepatocytes	0.321800012227356	Hepatocytes
KCNK15	IU_PDA_T2	para_ct	Endothelial_cells	0.182364035474078	Endothelial cells
KCNK15	IU_PDA_T2	para_ct	PVL	0.296704477730026	PVL
KCNK15	IU_PDA_T2	para_ct	Normal_Epithelial_cells	0.328892244308773	Normal Epithelial cells
KCNK15	IU_PDA_T2	para_ct	T_NK_cells	0.282947070726531	T-NK cells
KCNK15	IU_PDA_T2	para_ct	Tumor_Epithelial_cells	0.362114757115805	Tumor Epithelial cells
KCNK15	IU_PDA_T3	intra	Fibroblasts	5.30198571615984	Fibroblasts
KCNK15	IU_PDA_T3	intra	Monocytes	2.05492772732014	Monocytes
KCNK15	IU_PDA_T3	intra	B_cells	3.742206998138	B cells
KCNK15	IU_PDA_T3	intra	TAM	2.01098930094943	TAM
KCNK15	IU_PDA_T3	intra	Endothelial_cells	0.175089463231037	Endothelial cells
KCNK15	IU_PDA_T3	intra	PVL	0.652998698949753	PVL
KCNK15	IU_PDA_T3	intra	T_NK_cells	0.327288493611511	T-NK cells
KCNK15	IU_PDA_T3	intra	Tumor_Epithelial_cells	3.37454545919267	Tumor Epithelial cells
KCNK15	IU_PDA_T3	juxta_ct	Fibroblasts	5.34128545639314	Fibroblasts
KCNK15	IU_PDA_T3	juxta_ct	Monocytes	3.76744494232258	Monocytes
KCNK15	IU_PDA_T3	juxta_ct	B_cells	4.45422832805294	B cells
KCNK15	IU_PDA_T3	juxta_ct	TAM	3.77743473668695	TAM
KCNK15	IU_PDA_T3	juxta_ct	Endothelial_cells	0.549405715685469	Endothelial cells
KCNK15	IU_PDA_T3	juxta_ct	PVL	0.878343814883707	PVL
KCNK15	IU_PDA_T3	juxta_ct	T_NK_cells	1.03914856321587	T-NK cells
KCNK15	IU_PDA_T3	juxta_ct	Tumor_Epithelial_cells	3.64609945154873	Tumor Epithelial cells
KCNK15	IU_PDA_T3	para_ct	Fibroblasts	3.4135034424352	Fibroblasts
KCNK15	IU_PDA_T3	para_ct	Monocytes	3.27673416748905	Monocytes
KCNK15	IU_PDA_T3	para_ct	B_cells	3.8067393214569	B cells
KCNK15	IU_PDA_T3	para_ct	TAM	3.42895896791432	TAM
KCNK15	IU_PDA_T3	para_ct	Endothelial_cells	3.11626042283961	Endothelial cells
KCNK15	IU_PDA_T3	para_ct	PVL	3.13577789843894	PVL
KCNK15	IU_PDA_T3	para_ct	T_NK_cells	3.50136020082043	T-NK cells
KCNK15	IU_PDA_T3	para_ct	Tumor_Epithelial_cells	3.27366986735922	Tumor Epithelial cells
KCNK15	IU_PDA_T4	intra	Fibroblasts	0.924361166335159	Fibroblasts
KCNK15	IU_PDA_T4	intra	Monocytes	0.637535990950165	Monocytes
KCNK15	IU_PDA_T4	intra	B_cells	0.000128663228840593	B cells
KCNK15	IU_PDA_T4	intra	TAM	0.624402929988265	TAM
KCNK15	IU_PDA_T4	intra	Hepatocytes	0	Hepatocytes
KCNK15	IU_PDA_T4	intra	Endothelial_cells	0.000505957953741546	Endothelial cells
KCNK15	IU_PDA_T4	intra	PVL	0.414826017477287	PVL
KCNK15	IU_PDA_T4	intra	T_NK_cells	2.38621551536891e-05	T-NK cells
KCNK15	IU_PDA_T4	intra	Tumor_Epithelial_cells	1.4545342043044	Tumor Epithelial cells
KCNK15	IU_PDA_T4	juxta_ct	Fibroblasts	1.19548062370632	Fibroblasts
KCNK15	IU_PDA_T4	juxta_ct	Monocytes	0.801473539772458	Monocytes
KCNK15	IU_PDA_T4	juxta_ct	B_cells	5.92376667595996e-05	B cells
KCNK15	IU_PDA_T4	juxta_ct	TAM	0.846228322469974	TAM
KCNK15	IU_PDA_T4	juxta_ct	Hepatocytes	5.87431394995516e-06	Hepatocytes
KCNK15	IU_PDA_T4	juxta_ct	Endothelial_cells	0.0187258307753582	Endothelial cells
KCNK15	IU_PDA_T4	juxta_ct	PVL	0.211808127717288	PVL
KCNK15	IU_PDA_T4	juxta_ct	T_NK_cells	0.000123973142254105	T-NK cells
KCNK15	IU_PDA_T4	juxta_ct	Tumor_Epithelial_cells	1.6865318271907	Tumor Epithelial cells
KCNK15	IU_PDA_T4	para_ct	Fibroblasts	0.586541452060649	Fibroblasts
KCNK15	IU_PDA_T4	para_ct	Monocytes	0.344707132494542	Monocytes
KCNK15	IU_PDA_T4	para_ct	B_cells	0.772834030500211	B cells
KCNK15	IU_PDA_T4	para_ct	TAM	0.663428426193857	TAM
KCNK15	IU_PDA_T4	para_ct	Hepatocytes	0.637660578063131	Hepatocytes
KCNK15	IU_PDA_T4	para_ct	Endothelial_cells	0.585061434319273	Endothelial cells
KCNK15	IU_PDA_T4	para_ct	PVL	0.516817325370584	PVL
KCNK15	IU_PDA_T4	para_ct	T_NK_cells	0.678564919404277	T-NK cells
KCNK15	IU_PDA_T4	para_ct	Tumor_Epithelial_cells	0.325979314673715	Tumor Epithelial cells
KCNK15	IU_PDA_T6	intra	Fibroblasts	1.94910722725282	Fibroblasts
KCNK15	IU_PDA_T6	intra	Monocytes	0.000736452824718067	Monocytes
KCNK15	IU_PDA_T6	intra	TAM	0.763501780337942	TAM
KCNK15	IU_PDA_T6	intra	Endothelial_cells	0.000101929477146295	Endothelial cells
KCNK15	IU_PDA_T6	intra	PVL	1.11528367028605e-05	PVL
KCNK15	IU_PDA_T6	intra	Normal_Epithelial_cells	0.356989337387282	Normal Epithelial cells
KCNK15	IU_PDA_T6	intra	Tumor_Epithelial_cells	1.65088655775553	Tumor Epithelial cells
KCNK15	IU_PDA_T6	juxta_ct	Fibroblasts	2.98555323892606	Fibroblasts
KCNK15	IU_PDA_T6	juxta_ct	Monocytes	0.00468033489636595	Monocytes
KCNK15	IU_PDA_T6	juxta_ct	TAM	1.32376995124716	TAM
KCNK15	IU_PDA_T6	juxta_ct	Endothelial_cells	0.00121119595827563	Endothelial cells
KCNK15	IU_PDA_T6	juxta_ct	PVL	0.000608362243721074	PVL
KCNK15	IU_PDA_T6	juxta_ct	Normal_Epithelial_cells	0.265619546388923	Normal Epithelial cells
KCNK15	IU_PDA_T6	juxta_ct	Tumor_Epithelial_cells	2.46223438751044	Tumor Epithelial cells
KCNK15	IU_PDA_T6	para_ct	Fibroblasts	3.2575503058978	Fibroblasts
KCNK15	IU_PDA_T6	para_ct	Monocytes	2.83288950166981	Monocytes
KCNK15	IU_PDA_T6	para_ct	TAM	2.92546353149475	TAM
KCNK15	IU_PDA_T6	para_ct	Endothelial_cells	2.92009702551324	Endothelial cells
KCNK15	IU_PDA_T6	para_ct	PVL	3.27107661666651	PVL
KCNK15	IU_PDA_T6	para_ct	Normal_Epithelial_cells	3.17297169432645	Normal Epithelial cells
KCNK15	IU_PDA_T6	para_ct	Tumor_Epithelial_cells	3.35826200028395	Tumor Epithelial cells
KCNK15	IU_PDA_T8	intra	Fibroblasts	0.694606178074402	Fibroblasts
KCNK15	IU_PDA_T8	intra	Monocytes	4.94189992402252e-05	Monocytes
KCNK15	IU_PDA_T8	intra	B_cells	0.479966274294638	B cells
KCNK15	IU_PDA_T8	intra	TAM	0.448816279669057	TAM
KCNK15	IU_PDA_T8	intra	Hepatocytes	6.10941387455199e-06	Hepatocytes
KCNK15	IU_PDA_T8	intra	Endothelial_cells	1.42242612612038e-05	Endothelial cells
KCNK15	IU_PDA_T8	intra	PVL	0.00149825159795036	PVL
KCNK15	IU_PDA_T8	intra	Tumor_Epithelial_cells	0.658104542106273	Tumor Epithelial cells
KCNK15	IU_PDA_T8	juxta_ct	Fibroblasts	0.880929892429587	Fibroblasts
KCNK15	IU_PDA_T8	juxta_ct	Monocytes	0.000811959162786538	Monocytes
KCNK15	IU_PDA_T8	juxta_ct	B_cells	0.720795981328832	B cells
KCNK15	IU_PDA_T8	juxta_ct	TAM	0.853652609477786	TAM
KCNK15	IU_PDA_T8	juxta_ct	Hepatocytes	4.08577005723532e-05	Hepatocytes
KCNK15	IU_PDA_T8	juxta_ct	Endothelial_cells	0.000218598640746921	Endothelial cells
KCNK15	IU_PDA_T8	juxta_ct	PVL	6.21435747679072e-05	PVL
KCNK15	IU_PDA_T8	juxta_ct	Tumor_Epithelial_cells	0.923114009567982	Tumor Epithelial cells
KCNK15	IU_PDA_T8	para_ct	Fibroblasts	0.536267108511942	Fibroblasts
KCNK15	IU_PDA_T8	para_ct	Monocytes	0.475489855438839	Monocytes
KCNK15	IU_PDA_T8	para_ct	B_cells	0.53298846706756	B cells
KCNK15	IU_PDA_T8	para_ct	TAM	0.565908780795803	TAM
KCNK15	IU_PDA_T8	para_ct	Hepatocytes	0.543523258836457	Hepatocytes
KCNK15	IU_PDA_T8	para_ct	Endothelial_cells	0.432163449787026	Endothelial cells
KCNK15	IU_PDA_T8	para_ct	PVL	0.658560146938224	PVL
KCNK15	IU_PDA_T8	para_ct	Tumor_Epithelial_cells	0.68929767284242	Tumor Epithelial cells
KCNK15	IU_PDA_T9	intra	Fibroblasts	1.34015809932877	Fibroblasts
KCNK15	IU_PDA_T9	intra	Monocytes	0.783784436896383	Monocytes
KCNK15	IU_PDA_T9	intra	B_cells	0.000161529296910073	B cells
KCNK15	IU_PDA_T9	intra	TAM	0.361623052798146	TAM
KCNK15	IU_PDA_T9	intra	Endothelial_cells	0.23118250564618	Endothelial cells
KCNK15	IU_PDA_T9	intra	PVL	0.00063397933352305	PVL
KCNK15	IU_PDA_T9	intra	T_NK_cells	0.326854687950563	T-NK cells
KCNK15	IU_PDA_T9	intra	Tumor_Epithelial_cells	0.744791205316917	Tumor Epithelial cells
KCNK15	IU_PDA_T9	juxta_ct	Fibroblasts	1.19300068158794	Fibroblasts
KCNK15	IU_PDA_T9	juxta_ct	Monocytes	1.13391206706254	Monocytes
KCNK15	IU_PDA_T9	juxta_ct	B_cells	0.000367169178972271	B cells
KCNK15	IU_PDA_T9	juxta_ct	TAM	0.756122684070662	TAM
KCNK15	IU_PDA_T9	juxta_ct	Endothelial_cells	0.185328982669297	Endothelial cells
KCNK15	IU_PDA_T9	juxta_ct	PVL	0.00364771689859414	PVL
KCNK15	IU_PDA_T9	juxta_ct	T_NK_cells	0.270748087166636	T-NK cells
KCNK15	IU_PDA_T9	juxta_ct	Tumor_Epithelial_cells	0.901533214594691	Tumor Epithelial cells
KCNK15	IU_PDA_T9	para_ct	Fibroblasts	0.791906288412274	Fibroblasts
KCNK15	IU_PDA_T9	para_ct	Monocytes	0.596869164418275	Monocytes
KCNK15	IU_PDA_T9	para_ct	B_cells	0.742730788683308	B cells
KCNK15	IU_PDA_T9	para_ct	TAM	0.487274761064325	TAM
KCNK15	IU_PDA_T9	para_ct	Endothelial_cells	0.666176422358098	Endothelial cells
KCNK15	IU_PDA_T9	para_ct	PVL	0.73699537315637	PVL
KCNK15	IU_PDA_T9	para_ct	T_NK_cells	0.609827306260557	T-NK cells
KCNK15	IU_PDA_T9	para_ct	Tumor_Epithelial_cells	0.767867761567018	Tumor Epithelial cells
KCNK17	IU_PDA_T1	intra	Fibroblasts	1.98297767025424	Fibroblasts
KCNK17	IU_PDA_T1	intra	Monocytes	0.284128325697669	Monocytes
KCNK17	IU_PDA_T1	intra	B_cells	0.960255869546081	B cells
KCNK17	IU_PDA_T1	intra	TAM	1.3310965946872	TAM
KCNK17	IU_PDA_T1	intra	Hepatocytes	3.07466153427527e-05	Hepatocytes
KCNK17	IU_PDA_T1	intra	Endothelial_cells	0.00520493439214539	Endothelial cells
KCNK17	IU_PDA_T1	intra	PVL	1.02133648113709e-05	PVL
KCNK17	IU_PDA_T1	intra	T_NK_cells	0.000830887293124702	T-NK cells
KCNK17	IU_PDA_T1	intra	Tumor_Epithelial_cells	0.79236210951846	Tumor Epithelial cells
KCNK17	IU_PDA_T1	juxta_ct	Fibroblasts	1.81525847018339	Fibroblasts
KCNK17	IU_PDA_T1	juxta_ct	Monocytes	1.45503107044168	Monocytes
KCNK17	IU_PDA_T1	juxta_ct	B_cells	1.89330806950574	B cells
KCNK17	IU_PDA_T1	juxta_ct	TAM	1.47692001976512	TAM
KCNK17	IU_PDA_T1	juxta_ct	Hepatocytes	1.22686066558936e-06	Hepatocytes
KCNK17	IU_PDA_T1	juxta_ct	Endothelial_cells	0.202325831371447	Endothelial cells
KCNK17	IU_PDA_T1	juxta_ct	PVL	0.000159390979805899	PVL
KCNK17	IU_PDA_T1	juxta_ct	T_NK_cells	0.00683394396796084	T-NK cells
KCNK17	IU_PDA_T1	juxta_ct	Tumor_Epithelial_cells	1.30615040357685	Tumor Epithelial cells
KCNK17	IU_PDA_T1	para_ct	Fibroblasts	0.954258008691575	Fibroblasts
KCNK17	IU_PDA_T1	para_ct	Monocytes	0.806560817436922	Monocytes
KCNK17	IU_PDA_T1	para_ct	B_cells	0.798564400257751	B cells
KCNK17	IU_PDA_T1	para_ct	TAM	0.874031991428097	TAM
KCNK17	IU_PDA_T1	para_ct	Hepatocytes	0.870705100255894	Hepatocytes
KCNK17	IU_PDA_T1	para_ct	Endothelial_cells	1.31615341013026	Endothelial cells
KCNK17	IU_PDA_T1	para_ct	PVL	0.986084588285015	PVL
KCNK17	IU_PDA_T1	para_ct	T_NK_cells	1.14403463536832	T-NK cells
KCNK17	IU_PDA_T1	para_ct	Tumor_Epithelial_cells	1.05644753779537	Tumor Epithelial cells
KCNK17	IU_PDA_T10	intra	Fibroblasts	1.27638343534827	Fibroblasts
KCNK17	IU_PDA_T10	intra	Monocytes	0.214412998059772	Monocytes
KCNK17	IU_PDA_T10	intra	B_cells	0.779955089792007	B cells
KCNK17	IU_PDA_T10	intra	TAM	0.739856719143389	TAM
KCNK17	IU_PDA_T10	intra	Endothelial_cells	0.00233525926985675	Endothelial cells
KCNK17	IU_PDA_T10	intra	PVL	0.109440360950388	PVL
KCNK17	IU_PDA_T10	intra	T_NK_cells	0.274130577357135	T-NK cells
KCNK17	IU_PDA_T10	intra	Tumor_Epithelial_cells	1.26673736046101	Tumor Epithelial cells
KCNK17	IU_PDA_T10	juxta_ct	Fibroblasts	1.39074347682876	Fibroblasts
KCNK17	IU_PDA_T10	juxta_ct	Monocytes	0.278938237544929	Monocytes
KCNK17	IU_PDA_T10	juxta_ct	B_cells	1.25203929511707	B cells
KCNK17	IU_PDA_T10	juxta_ct	TAM	1.38176340427142	TAM
KCNK17	IU_PDA_T10	juxta_ct	Endothelial_cells	0.130629721051188	Endothelial cells
KCNK17	IU_PDA_T10	juxta_ct	PVL	0.0159042372738632	PVL
KCNK17	IU_PDA_T10	juxta_ct	T_NK_cells	0.145110174931158	T-NK cells
KCNK17	IU_PDA_T10	juxta_ct	Tumor_Epithelial_cells	1.36953131214772	Tumor Epithelial cells
KCNK17	IU_PDA_T10	para_ct	Fibroblasts	0.785026868689673	Fibroblasts
KCNK17	IU_PDA_T10	para_ct	Monocytes	0.83932781329164	Monocytes
KCNK17	IU_PDA_T10	para_ct	B_cells	0.768510231056873	B cells
KCNK17	IU_PDA_T10	para_ct	TAM	0.902053280976347	TAM
KCNK17	IU_PDA_T10	para_ct	Endothelial_cells	0.713007618414951	Endothelial cells
KCNK17	IU_PDA_T10	para_ct	PVL	0.781231697314544	PVL
KCNK17	IU_PDA_T10	para_ct	T_NK_cells	0.854021783410227	T-NK cells
KCNK17	IU_PDA_T10	para_ct	Tumor_Epithelial_cells	0.920508785246205	Tumor Epithelial cells
KCNK17	IU_PDA_T11	intra	Fibroblasts	0.634563915507923	Fibroblasts
KCNK17	IU_PDA_T11	intra	Monocytes	0.000283935647131297	Monocytes
KCNK17	IU_PDA_T11	intra	B_cells	5.49414297880497e-06	B cells
KCNK17	IU_PDA_T11	intra	TAM	0.588088244875607	TAM
KCNK17	IU_PDA_T11	intra	Endothelial_cells	0.000597173153922318	Endothelial cells
KCNK17	IU_PDA_T11	intra	PVL	0.218600325388753	PVL
KCNK17	IU_PDA_T11	intra	Tumor_Epithelial_cells	0.793590734267305	Tumor Epithelial cells
KCNK17	IU_PDA_T11	juxta_ct	Fibroblasts	0.585229583793339	Fibroblasts
KCNK17	IU_PDA_T11	juxta_ct	Monocytes	0.291194916394741	Monocytes
KCNK17	IU_PDA_T11	juxta_ct	B_cells	7.36501933318433e-05	B cells
KCNK17	IU_PDA_T11	juxta_ct	TAM	0.580000614527877	TAM
KCNK17	IU_PDA_T11	juxta_ct	Endothelial_cells	0.553837907784513	Endothelial cells
KCNK17	IU_PDA_T11	juxta_ct	PVL	0.107988671249148	PVL
KCNK17	IU_PDA_T11	juxta_ct	Tumor_Epithelial_cells	0.663997617839503	Tumor Epithelial cells
KCNK17	IU_PDA_T11	para_ct	Fibroblasts	0.403969083009987	Fibroblasts
KCNK17	IU_PDA_T11	para_ct	Monocytes	0.378834994873064	Monocytes
KCNK17	IU_PDA_T11	para_ct	B_cells	0.422608999864158	B cells
KCNK17	IU_PDA_T11	para_ct	TAM	0.417570302499354	TAM
KCNK17	IU_PDA_T11	para_ct	Endothelial_cells	0.46269362958161	Endothelial cells
KCNK17	IU_PDA_T11	para_ct	PVL	0.358343886860427	PVL
KCNK17	IU_PDA_T11	para_ct	Tumor_Epithelial_cells	0.472645999090888	Tumor Epithelial cells
KCNK17	IU_PDA_T12	intra	Fibroblasts	32.6188110199719	Fibroblasts
KCNK17	IU_PDA_T12	intra	Monocytes	3.8591614828181	Monocytes
KCNK17	IU_PDA_T12	intra	B_cells	31.603846454238	B cells
KCNK17	IU_PDA_T12	intra	TAM	28.147982845707	TAM
KCNK17	IU_PDA_T12	intra	Endothelial_cells	8.618549707072	Endothelial cells
KCNK17	IU_PDA_T12	intra	PVL	3.31068132380176	PVL
KCNK17	IU_PDA_T12	intra	Normal_Epithelial_cells	1.13247431988007	Normal Epithelial cells
KCNK17	IU_PDA_T12	intra	T_NK_cells	0.0911013434029921	T-NK cells
KCNK17	IU_PDA_T12	intra	Tumor_Epithelial_cells	20.6007938351984	Tumor Epithelial cells
KCNK17	IU_PDA_T12	juxta_ct	Fibroblasts	31.433283654243	Fibroblasts
KCNK17	IU_PDA_T12	juxta_ct	Monocytes	8.69322008322795	Monocytes
KCNK17	IU_PDA_T12	juxta_ct	B_cells	38.2229305476024	B cells
KCNK17	IU_PDA_T12	juxta_ct	TAM	31.6734009196424	TAM
KCNK17	IU_PDA_T12	juxta_ct	Endothelial_cells	16.9222257183337	Endothelial cells
KCNK17	IU_PDA_T12	juxta_ct	PVL	5.82995869650488	PVL
KCNK17	IU_PDA_T12	juxta_ct	Normal_Epithelial_cells	1.03994747034264	Normal Epithelial cells
KCNK17	IU_PDA_T12	juxta_ct	T_NK_cells	1.29668664290158	T-NK cells
KCNK17	IU_PDA_T12	juxta_ct	Tumor_Epithelial_cells	29.6054269518612	Tumor Epithelial cells
KCNK17	IU_PDA_T12	para_ct	Fibroblasts	20.1695597354261	Fibroblasts
KCNK17	IU_PDA_T12	para_ct	Monocytes	19.5106760483124	Monocytes
KCNK17	IU_PDA_T12	para_ct	B_cells	22.6734005303384	B cells
KCNK17	IU_PDA_T12	para_ct	TAM	18.9320076524291	TAM
KCNK17	IU_PDA_T12	para_ct	Endothelial_cells	17.8023919870157	Endothelial cells
KCNK17	IU_PDA_T12	para_ct	PVL	19.4219569860306	PVL
KCNK17	IU_PDA_T12	para_ct	Normal_Epithelial_cells	20.3782514199129	Normal Epithelial cells
KCNK17	IU_PDA_T12	para_ct	T_NK_cells	18.8660932406244	T-NK cells
KCNK17	IU_PDA_T12	para_ct	Tumor_Epithelial_cells	20.9501381845077	Tumor Epithelial cells
KCNK17	IU_PDA_T2	intra	Fibroblasts	7.45741582402918	Fibroblasts
KCNK17	IU_PDA_T2	intra	Monocytes	0.19021570652607	Monocytes
KCNK17	IU_PDA_T2	intra	B_cells	3.08858060029332	B cells
KCNK17	IU_PDA_T2	intra	TAM	3.48959298880956	TAM
KCNK17	IU_PDA_T2	intra	Hepatocytes	0.000705175782244041	Hepatocytes
KCNK17	IU_PDA_T2	intra	Endothelial_cells	0.001104189222898	Endothelial cells
KCNK17	IU_PDA_T2	intra	PVL	0.00180893455549222	PVL
KCNK17	IU_PDA_T2	intra	Normal_Epithelial_cells	0.00307875315460699	Normal Epithelial cells
KCNK17	IU_PDA_T2	intra	T_NK_cells	0.0277716033336099	T-NK cells
KCNK17	IU_PDA_T2	intra	Tumor_Epithelial_cells	6.48062081128443	Tumor Epithelial cells
KCNK17	IU_PDA_T2	juxta_ct	Fibroblasts	10.1123859441407	Fibroblasts
KCNK17	IU_PDA_T2	juxta_ct	Monocytes	1.46786494756264	Monocytes
KCNK17	IU_PDA_T2	juxta_ct	B_cells	5.50889690135693	B cells
KCNK17	IU_PDA_T2	juxta_ct	TAM	8.40471649927729	TAM
KCNK17	IU_PDA_T2	juxta_ct	Hepatocytes	0.0106901663014999	Hepatocytes
KCNK17	IU_PDA_T2	juxta_ct	Endothelial_cells	0.182840431553859	Endothelial cells
KCNK17	IU_PDA_T2	juxta_ct	PVL	0.405732856509934	PVL
KCNK17	IU_PDA_T2	juxta_ct	Normal_Epithelial_cells	0.00572317879572375	Normal Epithelial cells
KCNK17	IU_PDA_T2	juxta_ct	T_NK_cells	0.0997724178308091	T-NK cells
KCNK17	IU_PDA_T2	juxta_ct	Tumor_Epithelial_cells	10.7406645705481	Tumor Epithelial cells
KCNK17	IU_PDA_T2	para_ct	Fibroblasts	6.68059736811782	Fibroblasts
KCNK17	IU_PDA_T2	para_ct	Monocytes	6.43579469249302	Monocytes
KCNK17	IU_PDA_T2	para_ct	B_cells	6.62217443757114	B cells
KCNK17	IU_PDA_T2	para_ct	TAM	6.74801285236427	TAM
KCNK17	IU_PDA_T2	para_ct	Hepatocytes	6.6473099633263	Hepatocytes
KCNK17	IU_PDA_T2	para_ct	Endothelial_cells	6.89155136858202	Endothelial cells
KCNK17	IU_PDA_T2	para_ct	PVL	5.93907301541041	PVL
KCNK17	IU_PDA_T2	para_ct	Normal_Epithelial_cells	6.14164760299147	Normal Epithelial cells
KCNK17	IU_PDA_T2	para_ct	T_NK_cells	6.18113886134931	T-NK cells
KCNK17	IU_PDA_T2	para_ct	Tumor_Epithelial_cells	7.19646128059214	Tumor Epithelial cells
KCNK17	IU_PDA_T3	intra	Fibroblasts	5.42927116009871	Fibroblasts
KCNK17	IU_PDA_T3	intra	Monocytes	2.96213108761022	Monocytes
KCNK17	IU_PDA_T3	intra	B_cells	5.1112497817755	B cells
KCNK17	IU_PDA_T3	intra	TAM	2.40604308196516	TAM
KCNK17	IU_PDA_T3	intra	Endothelial_cells	0.622714239340412	Endothelial cells
KCNK17	IU_PDA_T3	intra	PVL	0.40802849175557	PVL
KCNK17	IU_PDA_T3	intra	T_NK_cells	0.548580206856298	T-NK cells
KCNK17	IU_PDA_T3	intra	Tumor_Epithelial_cells	3.42182417187304	Tumor Epithelial cells
KCNK17	IU_PDA_T3	juxta_ct	Fibroblasts	6.20532718754871	Fibroblasts
KCNK17	IU_PDA_T3	juxta_ct	Monocytes	4.78557577950023	Monocytes
KCNK17	IU_PDA_T3	juxta_ct	B_cells	5.53000966894531	B cells
KCNK17	IU_PDA_T3	juxta_ct	TAM	3.96946572500281	TAM
KCNK17	IU_PDA_T3	juxta_ct	Endothelial_cells	0.675239934814511	Endothelial cells
KCNK17	IU_PDA_T3	juxta_ct	PVL	0.992820995828174	PVL
KCNK17	IU_PDA_T3	juxta_ct	T_NK_cells	0.864230209920485	T-NK cells
KCNK17	IU_PDA_T3	juxta_ct	Tumor_Epithelial_cells	3.53727325909012	Tumor Epithelial cells
KCNK17	IU_PDA_T3	para_ct	Fibroblasts	3.72405128393109	Fibroblasts
KCNK17	IU_PDA_T3	para_ct	Monocytes	3.70958812587674	Monocytes
KCNK17	IU_PDA_T3	para_ct	B_cells	3.77611443215175	B cells
KCNK17	IU_PDA_T3	para_ct	TAM	3.95859945244966	TAM
KCNK17	IU_PDA_T3	para_ct	Endothelial_cells	3.85871438162518	Endothelial cells
KCNK17	IU_PDA_T3	para_ct	PVL	3.45726833075167	PVL
KCNK17	IU_PDA_T3	para_ct	T_NK_cells	3.67338926438921	T-NK cells
KCNK17	IU_PDA_T3	para_ct	Tumor_Epithelial_cells	4.4283104531942	Tumor Epithelial cells
KCNK17	IU_PDA_T4	intra	Fibroblasts	2.01384800916931	Fibroblasts
KCNK17	IU_PDA_T4	intra	Monocytes	0.532185690959013	Monocytes
KCNK17	IU_PDA_T4	intra	B_cells	4.28873467529907e-05	B cells
KCNK17	IU_PDA_T4	intra	TAM	0.934921985507598	TAM
KCNK17	IU_PDA_T4	intra	Hepatocytes	1.21870753703844e-06	Hepatocytes
KCNK17	IU_PDA_T4	intra	Endothelial_cells	0.222596549303914	Endothelial cells
KCNK17	IU_PDA_T4	intra	PVL	0.280894865851206	PVL
KCNK17	IU_PDA_T4	intra	T_NK_cells	1.39975471518555e-05	T-NK cells
KCNK17	IU_PDA_T4	intra	Tumor_Epithelial_cells	1.65496212238437	Tumor Epithelial cells
KCNK17	IU_PDA_T4	juxta_ct	Fibroblasts	1.82092223626758	Fibroblasts
KCNK17	IU_PDA_T4	juxta_ct	Monocytes	1.22365899890455	Monocytes
KCNK17	IU_PDA_T4	juxta_ct	B_cells	0.00024061809039162	B cells
KCNK17	IU_PDA_T4	juxta_ct	TAM	1.49278227460673	TAM
KCNK17	IU_PDA_T4	juxta_ct	Hepatocytes	1.2753466327203e-05	Hepatocytes
KCNK17	IU_PDA_T4	juxta_ct	Endothelial_cells	0.105184696699576	Endothelial cells
KCNK17	IU_PDA_T4	juxta_ct	PVL	0.323080910578743	PVL
KCNK17	IU_PDA_T4	juxta_ct	T_NK_cells	3.54564444101434e-05	T-NK cells
KCNK17	IU_PDA_T4	juxta_ct	Tumor_Epithelial_cells	1.71182158364913	Tumor Epithelial cells
KCNK17	IU_PDA_T4	para_ct	Fibroblasts	0.816463433790389	Fibroblasts
KCNK17	IU_PDA_T4	para_ct	Monocytes	0.8525092025396	Monocytes
KCNK17	IU_PDA_T4	para_ct	B_cells	1.04851955417673	B cells
KCNK17	IU_PDA_T4	para_ct	TAM	0.855344310301554	TAM
KCNK17	IU_PDA_T4	para_ct	Hepatocytes	0.708275373913474	Hepatocytes
KCNK17	IU_PDA_T4	para_ct	Endothelial_cells	0.870791288668742	Endothelial cells
KCNK17	IU_PDA_T4	para_ct	PVL	0.76388187295638	PVL
KCNK17	IU_PDA_T4	para_ct	T_NK_cells	0.726158648041843	T-NK cells
KCNK17	IU_PDA_T4	para_ct	Tumor_Epithelial_cells	0.8132085143888	Tumor Epithelial cells
KCNK17	IU_PDA_T6	intra	Fibroblasts	1.7395035385278	Fibroblasts
KCNK17	IU_PDA_T6	intra	Monocytes	0.00188753393171333	Monocytes
KCNK17	IU_PDA_T6	intra	TAM	0.59942205750561	TAM
KCNK17	IU_PDA_T6	intra	Endothelial_cells	0.000203289123363015	Endothelial cells
KCNK17	IU_PDA_T6	intra	PVL	5.150523119272e-05	PVL
KCNK17	IU_PDA_T6	intra	Normal_Epithelial_cells	0.364254285916466	Normal Epithelial cells
KCNK17	IU_PDA_T6	intra	Tumor_Epithelial_cells	1.61784884966694	Tumor Epithelial cells
KCNK17	IU_PDA_T6	juxta_ct	Fibroblasts	2.13926587716764	Fibroblasts
KCNK17	IU_PDA_T6	juxta_ct	Monocytes	0.00313995405333874	Monocytes
KCNK17	IU_PDA_T6	juxta_ct	TAM	1.22858732671024	TAM
KCNK17	IU_PDA_T6	juxta_ct	Endothelial_cells	0.000503906150160015	Endothelial cells
KCNK17	IU_PDA_T6	juxta_ct	PVL	0.000157008122515433	PVL
KCNK17	IU_PDA_T6	juxta_ct	Normal_Epithelial_cells	0.224968768080364	Normal Epithelial cells
KCNK17	IU_PDA_T6	juxta_ct	Tumor_Epithelial_cells	1.94140520729737	Tumor Epithelial cells
KCNK17	IU_PDA_T6	para_ct	Fibroblasts	1.80152714669793	Fibroblasts
KCNK17	IU_PDA_T6	para_ct	Monocytes	1.58312948587598	Monocytes
KCNK17	IU_PDA_T6	para_ct	TAM	1.46982542973378	TAM
KCNK17	IU_PDA_T6	para_ct	Endothelial_cells	1.4370194669932	Endothelial cells
KCNK17	IU_PDA_T6	para_ct	PVL	1.44520420641267	PVL
KCNK17	IU_PDA_T6	para_ct	Normal_Epithelial_cells	1.56386298311792	Normal Epithelial cells
KCNK17	IU_PDA_T6	para_ct	Tumor_Epithelial_cells	1.60557095860448	Tumor Epithelial cells
KCNK17	IU_PDA_T8	intra	Fibroblasts	1.59366812044601	Fibroblasts
KCNK17	IU_PDA_T8	intra	Monocytes	0.000679959073460974	Monocytes
KCNK17	IU_PDA_T8	intra	B_cells	1.37258354848027	B cells
KCNK17	IU_PDA_T8	intra	TAM	0.878263436463695	TAM
KCNK17	IU_PDA_T8	intra	Hepatocytes	1.55803742559569e-05	Hepatocytes
KCNK17	IU_PDA_T8	intra	Endothelial_cells	0.0001655078297307	Endothelial cells
KCNK17	IU_PDA_T8	intra	PVL	0.000603158622867774	PVL
KCNK17	IU_PDA_T8	intra	Tumor_Epithelial_cells	1.81055080730501	Tumor Epithelial cells
KCNK17	IU_PDA_T8	juxta_ct	Fibroblasts	1.83176004525891	Fibroblasts
KCNK17	IU_PDA_T8	juxta_ct	Monocytes	0.127416631725168	Monocytes
KCNK17	IU_PDA_T8	juxta_ct	B_cells	1.76277658252617	B cells
KCNK17	IU_PDA_T8	juxta_ct	TAM	1.72435784249809	TAM
KCNK17	IU_PDA_T8	juxta_ct	Hepatocytes	3.25655692896139e-05	Hepatocytes
KCNK17	IU_PDA_T8	juxta_ct	Endothelial_cells	0.0981637599631019	Endothelial cells
KCNK17	IU_PDA_T8	juxta_ct	PVL	0.00969164038117883	PVL
KCNK17	IU_PDA_T8	juxta_ct	Tumor_Epithelial_cells	2.01503435841522	Tumor Epithelial cells
KCNK17	IU_PDA_T8	para_ct	Fibroblasts	1.15930899169787	Fibroblasts
KCNK17	IU_PDA_T8	para_ct	Monocytes	1.00688674238648	Monocytes
KCNK17	IU_PDA_T8	para_ct	B_cells	1.45290827382585	B cells
KCNK17	IU_PDA_T8	para_ct	TAM	1.25432958676549	TAM
KCNK17	IU_PDA_T8	para_ct	Hepatocytes	1.37605528127009	Hepatocytes
KCNK17	IU_PDA_T8	para_ct	Endothelial_cells	1.35428008336126	Endothelial cells
KCNK17	IU_PDA_T8	para_ct	PVL	1.62526389705235	PVL
KCNK17	IU_PDA_T8	para_ct	Tumor_Epithelial_cells	1.37611624930668	Tumor Epithelial cells
KCNK17	IU_PDA_T9	intra	Fibroblasts	2.09749284570257	Fibroblasts
KCNK17	IU_PDA_T9	intra	Monocytes	1.80957361101064	Monocytes
KCNK17	IU_PDA_T9	intra	B_cells	0.336415616188164	B cells
KCNK17	IU_PDA_T9	intra	TAM	0.594672183276218	TAM
KCNK17	IU_PDA_T9	intra	Endothelial_cells	0.392941025873943	Endothelial cells
KCNK17	IU_PDA_T9	intra	PVL	0.489005637719804	PVL
KCNK17	IU_PDA_T9	intra	T_NK_cells	0.121948461911374	T-NK cells
KCNK17	IU_PDA_T9	intra	Tumor_Epithelial_cells	1.58231871174236	Tumor Epithelial cells
KCNK17	IU_PDA_T9	juxta_ct	Fibroblasts	2.63134791879754	Fibroblasts
KCNK17	IU_PDA_T9	juxta_ct	Monocytes	2.36587762350337	Monocytes
KCNK17	IU_PDA_T9	juxta_ct	B_cells	0.24498588833927	B cells
KCNK17	IU_PDA_T9	juxta_ct	TAM	1.7260094474511	TAM
KCNK17	IU_PDA_T9	juxta_ct	Endothelial_cells	0.428772706167839	Endothelial cells
KCNK17	IU_PDA_T9	juxta_ct	PVL	0.882672257668082	PVL
KCNK17	IU_PDA_T9	juxta_ct	T_NK_cells	0.323367082931531	T-NK cells
KCNK17	IU_PDA_T9	juxta_ct	Tumor_Epithelial_cells	2.00212890663701	Tumor Epithelial cells
KCNK17	IU_PDA_T9	para_ct	Fibroblasts	1.38167696855464	Fibroblasts
KCNK17	IU_PDA_T9	para_ct	Monocytes	1.5891758562873	Monocytes
KCNK17	IU_PDA_T9	para_ct	B_cells	1.61337080815099	B cells
KCNK17	IU_PDA_T9	para_ct	TAM	1.90668408661162	TAM
KCNK17	IU_PDA_T9	para_ct	Endothelial_cells	1.40011781376448	Endothelial cells
KCNK17	IU_PDA_T9	para_ct	PVL	1.93608070855877	PVL
KCNK17	IU_PDA_T9	para_ct	T_NK_cells	1.63074162753967	T-NK cells
KCNK17	IU_PDA_T9	para_ct	Tumor_Epithelial_cells	1.56834919573592	Tumor Epithelial cells
KCNK3	IU_PDA_T1	intra	Fibroblasts	1.2402209175198	Fibroblasts
KCNK3	IU_PDA_T1	intra	Monocytes	0.141702391616431	Monocytes
KCNK3	IU_PDA_T1	intra	B_cells	0.506556784890178	B cells
KCNK3	IU_PDA_T1	intra	TAM	0.525149818880607	TAM
KCNK3	IU_PDA_T1	intra	Hepatocytes	1.61957288370284e-05	Hepatocytes
KCNK3	IU_PDA_T1	intra	Endothelial_cells	6.4191626148647e-05	Endothelial cells
KCNK3	IU_PDA_T1	intra	PVL	3.65570015704427e-06	PVL
KCNK3	IU_PDA_T1	intra	T_NK_cells	9.32542929604368e-06	T-NK cells
KCNK3	IU_PDA_T1	intra	Tumor_Epithelial_cells	0.596484132776762	Tumor Epithelial cells
KCNK3	IU_PDA_T1	juxta_ct	Fibroblasts	0.790532575681483	Fibroblasts
KCNK3	IU_PDA_T1	juxta_ct	Monocytes	0.525865220724475	Monocytes
KCNK3	IU_PDA_T1	juxta_ct	B_cells	0.815107651029794	B cells
KCNK3	IU_PDA_T1	juxta_ct	TAM	0.398246525881569	TAM
KCNK3	IU_PDA_T1	juxta_ct	Hepatocytes	6.57638665259148e-07	Hepatocytes
KCNK3	IU_PDA_T1	juxta_ct	Endothelial_cells	7.54473618735451e-05	Endothelial cells
KCNK3	IU_PDA_T1	juxta_ct	PVL	5.76496322340681e-05	PVL
KCNK3	IU_PDA_T1	juxta_ct	T_NK_cells	0.0653665414499212	T-NK cells
KCNK3	IU_PDA_T1	juxta_ct	Tumor_Epithelial_cells	0.614772382392521	Tumor Epithelial cells
KCNK3	IU_PDA_T1	para_ct	Fibroblasts	0.534522512753511	Fibroblasts
KCNK3	IU_PDA_T1	para_ct	Monocytes	0.413595317942183	Monocytes
KCNK3	IU_PDA_T1	para_ct	B_cells	0.955920884121099	B cells
KCNK3	IU_PDA_T1	para_ct	TAM	0.329630537783228	TAM
KCNK3	IU_PDA_T1	para_ct	Hepatocytes	0.386844860425868	Hepatocytes
KCNK3	IU_PDA_T1	para_ct	Endothelial_cells	0.456060811857909	Endothelial cells
KCNK3	IU_PDA_T1	para_ct	PVL	0.560815926891024	PVL
KCNK3	IU_PDA_T1	para_ct	T_NK_cells	0.481992559252092	T-NK cells
KCNK3	IU_PDA_T1	para_ct	Tumor_Epithelial_cells	0.541043611343301	Tumor Epithelial cells
KCNK3	IU_PDA_T10	intra	Fibroblasts	0.532726989689482	Fibroblasts
KCNK3	IU_PDA_T10	intra	Monocytes	0.000485390351431097	Monocytes
KCNK3	IU_PDA_T10	intra	B_cells	0.410416071225324	B cells
KCNK3	IU_PDA_T10	intra	TAM	0.53725813658367	TAM
KCNK3	IU_PDA_T10	intra	Endothelial_cells	0.000640718931744659	Endothelial cells
KCNK3	IU_PDA_T10	intra	PVL	0.164564494590661	PVL
KCNK3	IU_PDA_T10	intra	T_NK_cells	0.000252291006000614	T-NK cells
KCNK3	IU_PDA_T10	intra	Tumor_Epithelial_cells	0.629319755210432	Tumor Epithelial cells
KCNK3	IU_PDA_T10	juxta_ct	Fibroblasts	0.615639899464513	Fibroblasts
KCNK3	IU_PDA_T10	juxta_ct	Monocytes	0.202899038489124	Monocytes
KCNK3	IU_PDA_T10	juxta_ct	B_cells	0.666236238388582	B cells
KCNK3	IU_PDA_T10	juxta_ct	TAM	0.637988664681835	TAM
KCNK3	IU_PDA_T10	juxta_ct	Endothelial_cells	8.80449191325397e-05	Endothelial cells
KCNK3	IU_PDA_T10	juxta_ct	PVL	0.00838506819980653	PVL
KCNK3	IU_PDA_T10	juxta_ct	T_NK_cells	0.00310779643322551	T-NK cells
KCNK3	IU_PDA_T10	juxta_ct	Tumor_Epithelial_cells	0.555453756284785	Tumor Epithelial cells
KCNK3	IU_PDA_T10	para_ct	Fibroblasts	0.367149273698493	Fibroblasts
KCNK3	IU_PDA_T10	para_ct	Monocytes	0.356708601006363	Monocytes
KCNK3	IU_PDA_T10	para_ct	B_cells	0.507764354937228	B cells
KCNK3	IU_PDA_T10	para_ct	TAM	0.401779465472844	TAM
KCNK3	IU_PDA_T10	para_ct	Endothelial_cells	0.308680671492999	Endothelial cells
KCNK3	IU_PDA_T10	para_ct	PVL	0.318913041258328	PVL
KCNK3	IU_PDA_T10	para_ct	T_NK_cells	0.28712395970874	T-NK cells
KCNK3	IU_PDA_T10	para_ct	Tumor_Epithelial_cells	0.29998007586908	Tumor Epithelial cells
KCNK3	IU_PDA_T11	intra	Fibroblasts	3.00748095535262	Fibroblasts
KCNK3	IU_PDA_T11	intra	Monocytes	0.191937824185935	Monocytes
KCNK3	IU_PDA_T11	intra	B_cells	0.00317107726997314	B cells
KCNK3	IU_PDA_T11	intra	TAM	1.4960467586521	TAM
KCNK3	IU_PDA_T11	intra	Endothelial_cells	0.567144472220152	Endothelial cells
KCNK3	IU_PDA_T11	intra	PVL	0.624676048819597	PVL
KCNK3	IU_PDA_T11	intra	Tumor_Epithelial_cells	2.62560898221403	Tumor Epithelial cells
KCNK3	IU_PDA_T11	juxta_ct	Fibroblasts	3.89953955395602	Fibroblasts
KCNK3	IU_PDA_T11	juxta_ct	Monocytes	0.668816470436041	Monocytes
KCNK3	IU_PDA_T11	juxta_ct	B_cells	0.0015096352974625	B cells
KCNK3	IU_PDA_T11	juxta_ct	TAM	2.14473061450848	TAM
KCNK3	IU_PDA_T11	juxta_ct	Endothelial_cells	0.809288536821338	Endothelial cells
KCNK3	IU_PDA_T11	juxta_ct	PVL	1.39451528757588	PVL
KCNK3	IU_PDA_T11	juxta_ct	Tumor_Epithelial_cells	4.08904693301078	Tumor Epithelial cells
KCNK3	IU_PDA_T11	para_ct	Fibroblasts	2.47435316207564	Fibroblasts
KCNK3	IU_PDA_T11	para_ct	Monocytes	2.85300035702174	Monocytes
KCNK3	IU_PDA_T11	para_ct	B_cells	2.43652546404346	B cells
KCNK3	IU_PDA_T11	para_ct	TAM	2.48826554015966	TAM
KCNK3	IU_PDA_T11	para_ct	Endothelial_cells	2.56117629406983	Endothelial cells
KCNK3	IU_PDA_T11	para_ct	PVL	3.11330057857947	PVL
KCNK3	IU_PDA_T11	para_ct	Tumor_Epithelial_cells	2.23698461550478	Tumor Epithelial cells
KCNK3	IU_PDA_T12	intra	Fibroblasts	20.9606872111898	Fibroblasts
KCNK3	IU_PDA_T12	intra	Monocytes	1.40008895315327	Monocytes
KCNK3	IU_PDA_T12	intra	B_cells	18.2580807651932	B cells
KCNK3	IU_PDA_T12	intra	TAM	19.2279157601297	TAM
KCNK3	IU_PDA_T12	intra	Endothelial_cells	5.21349360510871	Endothelial cells
KCNK3	IU_PDA_T12	intra	PVL	2.80259369659982	PVL
KCNK3	IU_PDA_T12	intra	Normal_Epithelial_cells	0.352626822858256	Normal Epithelial cells
KCNK3	IU_PDA_T12	intra	T_NK_cells	0.017490499247214	T-NK cells
KCNK3	IU_PDA_T12	intra	Tumor_Epithelial_cells	15.7306064099771	Tumor Epithelial cells
KCNK3	IU_PDA_T12	juxta_ct	Fibroblasts	20.11163716225	Fibroblasts
KCNK3	IU_PDA_T12	juxta_ct	Monocytes	4.38426890777293	Monocytes
KCNK3	IU_PDA_T12	juxta_ct	B_cells	22.0959312722748	B cells
KCNK3	IU_PDA_T12	juxta_ct	TAM	19.6757083422842	TAM
KCNK3	IU_PDA_T12	juxta_ct	Endothelial_cells	10.594335136401	Endothelial cells
KCNK3	IU_PDA_T12	juxta_ct	PVL	4.76586879141542	PVL
KCNK3	IU_PDA_T12	juxta_ct	Normal_Epithelial_cells	0.879344142323975	Normal Epithelial cells
KCNK3	IU_PDA_T12	juxta_ct	T_NK_cells	1.25412909419879	T-NK cells
KCNK3	IU_PDA_T12	juxta_ct	Tumor_Epithelial_cells	18.3159276247211	Tumor Epithelial cells
KCNK3	IU_PDA_T12	para_ct	Fibroblasts	13.0220913551102	Fibroblasts
KCNK3	IU_PDA_T12	para_ct	Monocytes	12.9440392619582	Monocytes
KCNK3	IU_PDA_T12	para_ct	B_cells	13.6983884339925	B cells
KCNK3	IU_PDA_T12	para_ct	TAM	11.3877757038583	TAM
KCNK3	IU_PDA_T12	para_ct	Endothelial_cells	12.7723175527833	Endothelial cells
KCNK3	IU_PDA_T12	para_ct	PVL	11.3654810498765	PVL
KCNK3	IU_PDA_T12	para_ct	Normal_Epithelial_cells	12.7654646862798	Normal Epithelial cells
KCNK3	IU_PDA_T12	para_ct	T_NK_cells	12.414283193146	T-NK cells
KCNK3	IU_PDA_T12	para_ct	Tumor_Epithelial_cells	12.2116309753679	Tumor Epithelial cells
KCNK3	IU_PDA_T2	intra	Fibroblasts	6.8181559362063	Fibroblasts
KCNK3	IU_PDA_T2	intra	Monocytes	0.222358629232679	Monocytes
KCNK3	IU_PDA_T2	intra	B_cells	2.91379173332658	B cells
KCNK3	IU_PDA_T2	intra	TAM	3.23063840916411	TAM
KCNK3	IU_PDA_T2	intra	Hepatocytes	0.00112251302959249	Hepatocytes
KCNK3	IU_PDA_T2	intra	Endothelial_cells	0.00233448976357361	Endothelial cells
KCNK3	IU_PDA_T2	intra	PVL	0.00157059852537651	PVL
KCNK3	IU_PDA_T2	intra	Normal_Epithelial_cells	0.855374709009583	Normal Epithelial cells
KCNK3	IU_PDA_T2	intra	T_NK_cells	0.000916987841854868	T-NK cells
KCNK3	IU_PDA_T2	intra	Tumor_Epithelial_cells	6.21628173732208	Tumor Epithelial cells
KCNK3	IU_PDA_T2	juxta_ct	Fibroblasts	9.9231569032451	Fibroblasts
KCNK3	IU_PDA_T2	juxta_ct	Monocytes	0.545244943910674	Monocytes
KCNK3	IU_PDA_T2	juxta_ct	B_cells	5.17628222856251	B cells
KCNK3	IU_PDA_T2	juxta_ct	TAM	8.34544525076229	TAM
KCNK3	IU_PDA_T2	juxta_ct	Hepatocytes	0.00365629998505789	Hepatocytes
KCNK3	IU_PDA_T2	juxta_ct	Endothelial_cells	0.00699265451020878	Endothelial cells
KCNK3	IU_PDA_T2	juxta_ct	PVL	0.112527199189653	PVL
KCNK3	IU_PDA_T2	juxta_ct	Normal_Epithelial_cells	0.511943277197575	Normal Epithelial cells
KCNK3	IU_PDA_T2	juxta_ct	T_NK_cells	0.143477521585006	T-NK cells
KCNK3	IU_PDA_T2	juxta_ct	Tumor_Epithelial_cells	10.5283652559165	Tumor Epithelial cells
KCNK3	IU_PDA_T2	para_ct	Fibroblasts	6.25334676482679	Fibroblasts
KCNK3	IU_PDA_T2	para_ct	Monocytes	5.37580161584228	Monocytes
KCNK3	IU_PDA_T2	para_ct	B_cells	5.97829367786166	B cells
KCNK3	IU_PDA_T2	para_ct	TAM	5.80745099766214	TAM
KCNK3	IU_PDA_T2	para_ct	Hepatocytes	5.93294277409661	Hepatocytes
KCNK3	IU_PDA_T2	para_ct	Endothelial_cells	5.35165721504671	Endothelial cells
KCNK3	IU_PDA_T2	para_ct	PVL	5.0538765640043	PVL
KCNK3	IU_PDA_T2	para_ct	Normal_Epithelial_cells	5.63166068942228	Normal Epithelial cells
KCNK3	IU_PDA_T2	para_ct	T_NK_cells	5.47338243427403	T-NK cells
KCNK3	IU_PDA_T2	para_ct	Tumor_Epithelial_cells	7.05114271850466	Tumor Epithelial cells
KCNK3	IU_PDA_T3	intra	Fibroblasts	55.7783450762547	Fibroblasts
KCNK3	IU_PDA_T3	intra	Monocytes	16.2798533492385	Monocytes
KCNK3	IU_PDA_T3	intra	B_cells	40.4170618852589	B cells
KCNK3	IU_PDA_T3	intra	TAM	108.752270759141	TAM
KCNK3	IU_PDA_T3	intra	Endothelial_cells	25.8525065090837	Endothelial cells
KCNK3	IU_PDA_T3	intra	PVL	20.8263137898029	PVL
KCNK3	IU_PDA_T3	intra	T_NK_cells	1.33351314163049	T-NK cells
KCNK3	IU_PDA_T3	intra	Tumor_Epithelial_cells	30.7688530595758	Tumor Epithelial cells
KCNK3	IU_PDA_T3	juxta_ct	Fibroblasts	49.5675014983245	Fibroblasts
KCNK3	IU_PDA_T3	juxta_ct	Monocytes	38.7334368886177	Monocytes
KCNK3	IU_PDA_T3	juxta_ct	B_cells	65.4781335825967	B cells
KCNK3	IU_PDA_T3	juxta_ct	TAM	141.381915750609	TAM
KCNK3	IU_PDA_T3	juxta_ct	Endothelial_cells	75.5299202644522	Endothelial cells
KCNK3	IU_PDA_T3	juxta_ct	PVL	39.0913042635934	PVL
KCNK3	IU_PDA_T3	juxta_ct	T_NK_cells	6.50910812225188	T-NK cells
KCNK3	IU_PDA_T3	juxta_ct	Tumor_Epithelial_cells	69.7176443040275	Tumor Epithelial cells
KCNK3	IU_PDA_T3	para_ct	Fibroblasts	35.943331820957	Fibroblasts
KCNK3	IU_PDA_T3	para_ct	Monocytes	42.8958259127885	Monocytes
KCNK3	IU_PDA_T3	para_ct	B_cells	61.6566229583831	B cells
KCNK3	IU_PDA_T3	para_ct	TAM	92.2724480217078	TAM
KCNK3	IU_PDA_T3	para_ct	Endothelial_cells	144.432449201872	Endothelial cells
KCNK3	IU_PDA_T3	para_ct	PVL	64.6567596656868	PVL
KCNK3	IU_PDA_T3	para_ct	T_NK_cells	37.7643855827328	T-NK cells
KCNK3	IU_PDA_T3	para_ct	Tumor_Epithelial_cells	57.4388267618286	Tumor Epithelial cells
KCNK3	IU_PDA_T4	intra	Fibroblasts	3.34083837913494	Fibroblasts
KCNK3	IU_PDA_T4	intra	Monocytes	1.82464956990876	Monocytes
KCNK3	IU_PDA_T4	intra	B_cells	6.7201777988951e-05	B cells
KCNK3	IU_PDA_T4	intra	TAM	1.04674492014332	TAM
KCNK3	IU_PDA_T4	intra	Hepatocytes	6.6511700250325e-07	Hepatocytes
KCNK3	IU_PDA_T4	intra	Endothelial_cells	0.554969840441292	Endothelial cells
KCNK3	IU_PDA_T4	intra	PVL	2.27687319611595	PVL
KCNK3	IU_PDA_T4	intra	T_NK_cells	0.000158679671662936	T-NK cells
KCNK3	IU_PDA_T4	intra	Tumor_Epithelial_cells	3.14656535501628	Tumor Epithelial cells
KCNK3	IU_PDA_T4	juxta_ct	Fibroblasts	3.07335997364573	Fibroblasts
KCNK3	IU_PDA_T4	juxta_ct	Monocytes	2.70151292539688	Monocytes
KCNK3	IU_PDA_T4	juxta_ct	B_cells	0.140387029277836	B cells
KCNK3	IU_PDA_T4	juxta_ct	TAM	2.26336993789819	TAM
KCNK3	IU_PDA_T4	juxta_ct	Hepatocytes	2.08975729246781e-06	Hepatocytes
KCNK3	IU_PDA_T4	juxta_ct	Endothelial_cells	1.3979043095417	Endothelial cells
KCNK3	IU_PDA_T4	juxta_ct	PVL	2.27520972916638	PVL
KCNK3	IU_PDA_T4	juxta_ct	T_NK_cells	0.0012093189894078	T-NK cells
KCNK3	IU_PDA_T4	juxta_ct	Tumor_Epithelial_cells	3.46066533911217	Tumor Epithelial cells
KCNK3	IU_PDA_T4	para_ct	Fibroblasts	2.11326185273215	Fibroblasts
KCNK3	IU_PDA_T4	para_ct	Monocytes	1.77635342669757	Monocytes
KCNK3	IU_PDA_T4	para_ct	B_cells	1.91684782430953	B cells
KCNK3	IU_PDA_T4	para_ct	TAM	1.70986686604644	TAM
KCNK3	IU_PDA_T4	para_ct	Hepatocytes	1.83932233051107	Hepatocytes
KCNK3	IU_PDA_T4	para_ct	Endothelial_cells	2.11272626724482	Endothelial cells
KCNK3	IU_PDA_T4	para_ct	PVL	2.04974949048167	PVL
KCNK3	IU_PDA_T4	para_ct	T_NK_cells	1.69253573394641	T-NK cells
KCNK3	IU_PDA_T4	para_ct	Tumor_Epithelial_cells	1.7787432712789	Tumor Epithelial cells
KCNK3	IU_PDA_T6	intra	Fibroblasts	2.28698579758685	Fibroblasts
KCNK3	IU_PDA_T6	intra	Monocytes	0.000846475922138673	Monocytes
KCNK3	IU_PDA_T6	intra	TAM	0.640311903137488	TAM
KCNK3	IU_PDA_T6	intra	Endothelial_cells	0.000132336127159768	Endothelial cells
KCNK3	IU_PDA_T6	intra	PVL	2.20891889038464e-05	PVL
KCNK3	IU_PDA_T6	intra	Normal_Epithelial_cells	0.875949812682636	Normal Epithelial cells
KCNK3	IU_PDA_T6	intra	Tumor_Epithelial_cells	2.17773909164372	Tumor Epithelial cells
KCNK3	IU_PDA_T6	juxta_ct	Fibroblasts	3.19183144278817	Fibroblasts
KCNK3	IU_PDA_T6	juxta_ct	Monocytes	0.00403687569485377	Monocytes
KCNK3	IU_PDA_T6	juxta_ct	TAM	1.65375405584346	TAM
KCNK3	IU_PDA_T6	juxta_ct	Endothelial_cells	0.132823376547464	Endothelial cells
KCNK3	IU_PDA_T6	juxta_ct	PVL	0.0163540356206263	PVL
KCNK3	IU_PDA_T6	juxta_ct	Normal_Epithelial_cells	0.802015093924642	Normal Epithelial cells
KCNK3	IU_PDA_T6	juxta_ct	Tumor_Epithelial_cells	3.00710698428521	Tumor Epithelial cells
KCNK3	IU_PDA_T6	para_ct	Fibroblasts	4.26431300473269	Fibroblasts
KCNK3	IU_PDA_T6	para_ct	Monocytes	4.41235380160402	Monocytes
KCNK3	IU_PDA_T6	para_ct	TAM	3.77699547098624	TAM
KCNK3	IU_PDA_T6	para_ct	Endothelial_cells	4.16993435992015	Endothelial cells
KCNK3	IU_PDA_T6	para_ct	PVL	4.17051469938082	PVL
KCNK3	IU_PDA_T6	para_ct	Normal_Epithelial_cells	4.74134483305998	Normal Epithelial cells
KCNK3	IU_PDA_T6	para_ct	Tumor_Epithelial_cells	5.54627330003002	Tumor Epithelial cells
KCNK3	IU_PDA_T8	intra	Fibroblasts	1.05513265844745	Fibroblasts
KCNK3	IU_PDA_T8	intra	Monocytes	0.00039320590087021	Monocytes
KCNK3	IU_PDA_T8	intra	B_cells	0.856810556417147	B cells
KCNK3	IU_PDA_T8	intra	TAM	0.375710423045518	TAM
KCNK3	IU_PDA_T8	intra	Hepatocytes	3.3355550778337e-06	Hepatocytes
KCNK3	IU_PDA_T8	intra	Endothelial_cells	6.45118449068642e-05	Endothelial cells
KCNK3	IU_PDA_T8	intra	PVL	1.93663467301465e-05	PVL
KCNK3	IU_PDA_T8	intra	Tumor_Epithelial_cells	1.51372359602847	Tumor Epithelial cells
KCNK3	IU_PDA_T8	juxta_ct	Fibroblasts	1.36518783846328	Fibroblasts
KCNK3	IU_PDA_T8	juxta_ct	Monocytes	0.436547819961621	Monocytes
KCNK3	IU_PDA_T8	juxta_ct	B_cells	1.23122020622642	B cells
KCNK3	IU_PDA_T8	juxta_ct	TAM	1.26215244990553	TAM
KCNK3	IU_PDA_T8	juxta_ct	Hepatocytes	1.63539744639737e-05	Hepatocytes
KCNK3	IU_PDA_T8	juxta_ct	Endothelial_cells	0.00105897585908359	Endothelial cells
KCNK3	IU_PDA_T8	juxta_ct	PVL	7.36137168669285e-05	PVL
KCNK3	IU_PDA_T8	juxta_ct	Tumor_Epithelial_cells	1.29074973054443	Tumor Epithelial cells
KCNK3	IU_PDA_T8	para_ct	Fibroblasts	0.989219708155372	Fibroblasts
KCNK3	IU_PDA_T8	para_ct	Monocytes	1.43843941551873	Monocytes
KCNK3	IU_PDA_T8	para_ct	B_cells	0.823161636084864	B cells
KCNK3	IU_PDA_T8	para_ct	TAM	0.84622918805569	TAM
KCNK3	IU_PDA_T8	para_ct	Hepatocytes	0.728041582071731	Hepatocytes
KCNK3	IU_PDA_T8	para_ct	Endothelial_cells	0.892446790915702	Endothelial cells
KCNK3	IU_PDA_T8	para_ct	PVL	0.742698984412182	PVL
KCNK3	IU_PDA_T8	para_ct	Tumor_Epithelial_cells	0.838133180402216	Tumor Epithelial cells
KCNK3	IU_PDA_T9	intra	Fibroblasts	1.7875564006078	Fibroblasts
KCNK3	IU_PDA_T9	intra	Monocytes	1.14256537884589	Monocytes
KCNK3	IU_PDA_T9	intra	B_cells	0.00665590060066427	B cells
KCNK3	IU_PDA_T9	intra	TAM	0.281511480894263	TAM
KCNK3	IU_PDA_T9	intra	Endothelial_cells	0.492507226511578	Endothelial cells
KCNK3	IU_PDA_T9	intra	PVL	0.998320515264219	PVL
KCNK3	IU_PDA_T9	intra	T_NK_cells	0.0100073783272084	T-NK cells
KCNK3	IU_PDA_T9	intra	Tumor_Epithelial_cells	1.33221051609191	Tumor Epithelial cells
KCNK3	IU_PDA_T9	juxta_ct	Fibroblasts	1.54280253124793	Fibroblasts
KCNK3	IU_PDA_T9	juxta_ct	Monocytes	1.33358597593621	Monocytes
KCNK3	IU_PDA_T9	juxta_ct	B_cells	0.515615365902391	B cells
KCNK3	IU_PDA_T9	juxta_ct	TAM	0.468507646727761	TAM
KCNK3	IU_PDA_T9	juxta_ct	Endothelial_cells	0.293539575627363	Endothelial cells
KCNK3	IU_PDA_T9	juxta_ct	PVL	1.21992140793008	PVL
KCNK3	IU_PDA_T9	juxta_ct	T_NK_cells	0.268023201339955	T-NK cells
KCNK3	IU_PDA_T9	juxta_ct	Tumor_Epithelial_cells	1.45680742651469	Tumor Epithelial cells
KCNK3	IU_PDA_T9	para_ct	Fibroblasts	0.980410869759884	Fibroblasts
KCNK3	IU_PDA_T9	para_ct	Monocytes	1.35336423833684	Monocytes
KCNK3	IU_PDA_T9	para_ct	B_cells	1.12264799119148	B cells
KCNK3	IU_PDA_T9	para_ct	TAM	0.866903754492272	TAM
KCNK3	IU_PDA_T9	para_ct	Endothelial_cells	1.03523244767565	Endothelial cells
KCNK3	IU_PDA_T9	para_ct	PVL	1.24039904556709	PVL
KCNK3	IU_PDA_T9	para_ct	T_NK_cells	0.94952807438488	T-NK cells
KCNK3	IU_PDA_T9	para_ct	Tumor_Epithelial_cells	0.951401850049101	Tumor Epithelial cells
KCNK6	IU_PDA_T1	intra	Fibroblasts	11.4172515495555	Fibroblasts
KCNK6	IU_PDA_T1	intra	Monocytes	2.25373554874461	Monocytes
KCNK6	IU_PDA_T1	intra	B_cells	4.68014624677819	B cells
KCNK6	IU_PDA_T1	intra	TAM	6.48415019812767	TAM
KCNK6	IU_PDA_T1	intra	Hepatocytes	0.00302675920461145	Hepatocytes
KCNK6	IU_PDA_T1	intra	Endothelial_cells	0.686643569532563	Endothelial cells
KCNK6	IU_PDA_T1	intra	PVL	0.0130019806627689	PVL
KCNK6	IU_PDA_T1	intra	T_NK_cells	0.00911496024171327	T-NK cells
KCNK6	IU_PDA_T1	intra	Tumor_Epithelial_cells	6.2415066928526	Tumor Epithelial cells
KCNK6	IU_PDA_T1	juxta_ct	Fibroblasts	16.0480382543945	Fibroblasts
KCNK6	IU_PDA_T1	juxta_ct	Monocytes	7.82098399211819	Monocytes
KCNK6	IU_PDA_T1	juxta_ct	B_cells	10.2258615343283	B cells
KCNK6	IU_PDA_T1	juxta_ct	TAM	12.5649712641415	TAM
KCNK6	IU_PDA_T1	juxta_ct	Hepatocytes	0.000563091516516687	Hepatocytes
KCNK6	IU_PDA_T1	juxta_ct	Endothelial_cells	0.667049957256827	Endothelial cells
KCNK6	IU_PDA_T1	juxta_ct	PVL	0.0157652510777744	PVL
KCNK6	IU_PDA_T1	juxta_ct	T_NK_cells	0.234464925495963	T-NK cells
KCNK6	IU_PDA_T1	juxta_ct	Tumor_Epithelial_cells	11.4225421648402	Tumor Epithelial cells
KCNK6	IU_PDA_T1	para_ct	Fibroblasts	8.24429550839291	Fibroblasts
KCNK6	IU_PDA_T1	para_ct	Monocytes	7.79297872137846	Monocytes
KCNK6	IU_PDA_T1	para_ct	B_cells	7.94881523809019	B cells
KCNK6	IU_PDA_T1	para_ct	TAM	8.53576780806138	TAM
KCNK6	IU_PDA_T1	para_ct	Hepatocytes	8.67737815333581	Hepatocytes
KCNK6	IU_PDA_T1	para_ct	Endothelial_cells	7.79536383653262	Endothelial cells
KCNK6	IU_PDA_T1	para_ct	PVL	7.42167186778	PVL
KCNK6	IU_PDA_T1	para_ct	T_NK_cells	7.60415102535799	T-NK cells
KCNK6	IU_PDA_T1	para_ct	Tumor_Epithelial_cells	8.97021671843664	Tumor Epithelial cells
KCNK6	IU_PDA_T10	intra	Fibroblasts	8.2892544526121	Fibroblasts
KCNK6	IU_PDA_T10	intra	Monocytes	1.71976048745347	Monocytes
KCNK6	IU_PDA_T10	intra	B_cells	5.40952421980282	B cells
KCNK6	IU_PDA_T10	intra	TAM	5.18872743808351	TAM
KCNK6	IU_PDA_T10	intra	Endothelial_cells	0.00974614268363027	Endothelial cells
KCNK6	IU_PDA_T10	intra	PVL	0.418849536518786	PVL
KCNK6	IU_PDA_T10	intra	T_NK_cells	0.701708447614609	T-NK cells
KCNK6	IU_PDA_T10	intra	Tumor_Epithelial_cells	8.05493597316899	Tumor Epithelial cells
KCNK6	IU_PDA_T10	juxta_ct	Fibroblasts	11.9813434269748	Fibroblasts
KCNK6	IU_PDA_T10	juxta_ct	Monocytes	5.51092242520654	Monocytes
KCNK6	IU_PDA_T10	juxta_ct	B_cells	10.5949854231964	B cells
KCNK6	IU_PDA_T10	juxta_ct	TAM	10.7529096328201	TAM
KCNK6	IU_PDA_T10	juxta_ct	Endothelial_cells	0.476731396027644	Endothelial cells
KCNK6	IU_PDA_T10	juxta_ct	PVL	1.03751760201801	PVL
KCNK6	IU_PDA_T10	juxta_ct	T_NK_cells	1.56163438323715	T-NK cells
KCNK6	IU_PDA_T10	juxta_ct	Tumor_Epithelial_cells	13.1381518304008	Tumor Epithelial cells
KCNK6	IU_PDA_T10	para_ct	Fibroblasts	8.66068661225671	Fibroblasts
KCNK6	IU_PDA_T10	para_ct	Monocytes	8.67144144937303	Monocytes
KCNK6	IU_PDA_T10	para_ct	B_cells	8.82889385224603	B cells
KCNK6	IU_PDA_T10	para_ct	TAM	8.21434694693896	TAM
KCNK6	IU_PDA_T10	para_ct	Endothelial_cells	8.26096163263617	Endothelial cells
KCNK6	IU_PDA_T10	para_ct	PVL	8.37411708220534	PVL
KCNK6	IU_PDA_T10	para_ct	T_NK_cells	8.36422864408339	T-NK cells
KCNK6	IU_PDA_T10	para_ct	Tumor_Epithelial_cells	9.31421727264538	Tumor Epithelial cells
KCNK6	IU_PDA_T11	intra	Fibroblasts	11.7688262861027	Fibroblasts
KCNK6	IU_PDA_T11	intra	Monocytes	1.15887327840281	Monocytes
KCNK6	IU_PDA_T11	intra	B_cells	0.0126127983746085	B cells
KCNK6	IU_PDA_T11	intra	TAM	6.55688855570135	TAM
KCNK6	IU_PDA_T11	intra	Endothelial_cells	1.1258760686278	Endothelial cells
KCNK6	IU_PDA_T11	intra	PVL	1.20342947364248	PVL
KCNK6	IU_PDA_T11	intra	Tumor_Epithelial_cells	10.0834661821806	Tumor Epithelial cells
KCNK6	IU_PDA_T11	juxta_ct	Fibroblasts	18.5269638298313	Fibroblasts
KCNK6	IU_PDA_T11	juxta_ct	Monocytes	3.81004726337199	Monocytes
KCNK6	IU_PDA_T11	juxta_ct	B_cells	0.671730941276309	B cells
KCNK6	IU_PDA_T11	juxta_ct	TAM	14.4810558209294	TAM
KCNK6	IU_PDA_T11	juxta_ct	Endothelial_cells	3.11278323236139	Endothelial cells
KCNK6	IU_PDA_T11	juxta_ct	PVL	2.81309753025023	PVL
KCNK6	IU_PDA_T11	juxta_ct	Tumor_Epithelial_cells	19.4383397857255	Tumor Epithelial cells
KCNK6	IU_PDA_T11	para_ct	Fibroblasts	14.7663704557307	Fibroblasts
KCNK6	IU_PDA_T11	para_ct	Monocytes	15.0166402419322	Monocytes
KCNK6	IU_PDA_T11	para_ct	B_cells	14.8581834183597	B cells
KCNK6	IU_PDA_T11	para_ct	TAM	13.7956575182623	TAM
KCNK6	IU_PDA_T11	para_ct	Endothelial_cells	16.1785347205096	Endothelial cells
KCNK6	IU_PDA_T11	para_ct	PVL	15.7421142942937	PVL
KCNK6	IU_PDA_T11	para_ct	Tumor_Epithelial_cells	17.132026511838	Tumor Epithelial cells
KCNK6	IU_PDA_T12	intra	Fibroblasts	77.8908670976281	Fibroblasts
KCNK6	IU_PDA_T12	intra	Monocytes	6.01615087464648	Monocytes
KCNK6	IU_PDA_T12	intra	B_cells	49.8305343844113	B cells
KCNK6	IU_PDA_T12	intra	TAM	63.7540521597555	TAM
KCNK6	IU_PDA_T12	intra	Endothelial_cells	8.67332815860843	Endothelial cells
KCNK6	IU_PDA_T12	intra	PVL	2.90264724848476	PVL
KCNK6	IU_PDA_T12	intra	Normal_Epithelial_cells	0.0183206114242321	Normal Epithelial cells
KCNK6	IU_PDA_T12	intra	T_NK_cells	1.35314602833819	T-NK cells
KCNK6	IU_PDA_T12	intra	Tumor_Epithelial_cells	60.5465399009298	Tumor Epithelial cells
KCNK6	IU_PDA_T12	juxta_ct	Fibroblasts	87.7102126179267	Fibroblasts
KCNK6	IU_PDA_T12	juxta_ct	Monocytes	20.9633102266491	Monocytes
KCNK6	IU_PDA_T12	juxta_ct	B_cells	71.2641679377699	B cells
KCNK6	IU_PDA_T12	juxta_ct	TAM	83.2933855511659	TAM
KCNK6	IU_PDA_T12	juxta_ct	Endothelial_cells	23.0483749107153	Endothelial cells
KCNK6	IU_PDA_T12	juxta_ct	PVL	7.7118501972723	PVL
KCNK6	IU_PDA_T12	juxta_ct	Normal_Epithelial_cells	0.112504721021496	Normal Epithelial cells
KCNK6	IU_PDA_T12	juxta_ct	T_NK_cells	1.95836542751312	T-NK cells
KCNK6	IU_PDA_T12	juxta_ct	Tumor_Epithelial_cells	85.3899825008613	Tumor Epithelial cells
KCNK6	IU_PDA_T12	para_ct	Fibroblasts	47.7380644026345	Fibroblasts
KCNK6	IU_PDA_T12	para_ct	Monocytes	45.8922382505626	Monocytes
KCNK6	IU_PDA_T12	para_ct	B_cells	47.0993758531388	B cells
KCNK6	IU_PDA_T12	para_ct	TAM	49.2272332202502	TAM
KCNK6	IU_PDA_T12	para_ct	Endothelial_cells	48.4974150553177	Endothelial cells
KCNK6	IU_PDA_T12	para_ct	PVL	48.2603322080919	PVL
KCNK6	IU_PDA_T12	para_ct	Normal_Epithelial_cells	46.3561681681827	Normal Epithelial cells
KCNK6	IU_PDA_T12	para_ct	T_NK_cells	47.367256629641	T-NK cells
KCNK6	IU_PDA_T12	para_ct	Tumor_Epithelial_cells	53.8605748484676	Tumor Epithelial cells
KCNK6	IU_PDA_T2	intra	Fibroblasts	13.5626398430242	Fibroblasts
KCNK6	IU_PDA_T2	intra	Monocytes	0.917872731285644	Monocytes
KCNK6	IU_PDA_T2	intra	B_cells	4.87362212636357	B cells
KCNK6	IU_PDA_T2	intra	TAM	6.66890383702117	TAM
KCNK6	IU_PDA_T2	intra	Hepatocytes	0.00672913178161943	Hepatocytes
KCNK6	IU_PDA_T2	intra	Endothelial_cells	0.311592764811846	Endothelial cells
KCNK6	IU_PDA_T2	intra	PVL	0.255287951568182	PVL
KCNK6	IU_PDA_T2	intra	Normal_Epithelial_cells	0.0142858087685147	Normal Epithelial cells
KCNK6	IU_PDA_T2	intra	T_NK_cells	0.00453041078217742	T-NK cells
KCNK6	IU_PDA_T2	intra	Tumor_Epithelial_cells	12.0936542302107	Tumor Epithelial cells
KCNK6	IU_PDA_T2	juxta_ct	Fibroblasts	20.5464936762984	Fibroblasts
KCNK6	IU_PDA_T2	juxta_ct	Monocytes	2.17244451575192	Monocytes
KCNK6	IU_PDA_T2	juxta_ct	B_cells	12.5648614497348	B cells
KCNK6	IU_PDA_T2	juxta_ct	TAM	18.0941994508926	TAM
KCNK6	IU_PDA_T2	juxta_ct	Hepatocytes	0.0506332740640054	Hepatocytes
KCNK6	IU_PDA_T2	juxta_ct	Endothelial_cells	0.27280806223567	Endothelial cells
KCNK6	IU_PDA_T2	juxta_ct	PVL	0.505848079831412	PVL
KCNK6	IU_PDA_T2	juxta_ct	Normal_Epithelial_cells	0.189760640274635	Normal Epithelial cells
KCNK6	IU_PDA_T2	juxta_ct	T_NK_cells	0.0389785449427703	T-NK cells
KCNK6	IU_PDA_T2	juxta_ct	Tumor_Epithelial_cells	21.9196275516244	Tumor Epithelial cells
KCNK6	IU_PDA_T2	para_ct	Fibroblasts	13.5207549732449	Fibroblasts
KCNK6	IU_PDA_T2	para_ct	Monocytes	14.5207055046218	Monocytes
KCNK6	IU_PDA_T2	para_ct	B_cells	13.5405435320419	B cells
KCNK6	IU_PDA_T2	para_ct	TAM	12.7634826668905	TAM
KCNK6	IU_PDA_T2	para_ct	Hepatocytes	13.9335460495264	Hepatocytes
KCNK6	IU_PDA_T2	para_ct	Endothelial_cells	12.9859412020695	Endothelial cells
KCNK6	IU_PDA_T2	para_ct	PVL	13.661641908689	PVL
KCNK6	IU_PDA_T2	para_ct	Normal_Epithelial_cells	13.6466036628093	Normal Epithelial cells
KCNK6	IU_PDA_T2	para_ct	T_NK_cells	12.4821441793143	T-NK cells
KCNK6	IU_PDA_T2	para_ct	Tumor_Epithelial_cells	15.8772828624503	Tumor Epithelial cells
KCNK6	IU_PDA_T3	intra	Fibroblasts	21.3794591587365	Fibroblasts
KCNK6	IU_PDA_T3	intra	Monocytes	9.6705206098538	Monocytes
KCNK6	IU_PDA_T3	intra	B_cells	16.0704706692644	B cells
KCNK6	IU_PDA_T3	intra	TAM	9.18341518942523	TAM
KCNK6	IU_PDA_T3	intra	Endothelial_cells	0.999706713321401	Endothelial cells
KCNK6	IU_PDA_T3	intra	PVL	1.52553441203062	PVL
KCNK6	IU_PDA_T3	intra	T_NK_cells	1.39099028356064	T-NK cells
KCNK6	IU_PDA_T3	intra	Tumor_Epithelial_cells	12.072382640628	Tumor Epithelial cells
KCNK6	IU_PDA_T3	juxta_ct	Fibroblasts	26.5064059461847	Fibroblasts
KCNK6	IU_PDA_T3	juxta_ct	Monocytes	20.6143221716239	Monocytes
KCNK6	IU_PDA_T3	juxta_ct	B_cells	23.9811726257191	B cells
KCNK6	IU_PDA_T3	juxta_ct	TAM	19.3258871342478	TAM
KCNK6	IU_PDA_T3	juxta_ct	Endothelial_cells	3.96776165418082	Endothelial cells
KCNK6	IU_PDA_T3	juxta_ct	PVL	3.7213114000761	PVL
KCNK6	IU_PDA_T3	juxta_ct	T_NK_cells	3.43962402212402	T-NK cells
KCNK6	IU_PDA_T3	juxta_ct	Tumor_Epithelial_cells	18.3780330293609	Tumor Epithelial cells
KCNK6	IU_PDA_T3	para_ct	Fibroblasts	19.0687830136775	Fibroblasts
KCNK6	IU_PDA_T3	para_ct	Monocytes	19.0349859679953	Monocytes
KCNK6	IU_PDA_T3	para_ct	B_cells	19.3072863694737	B cells
KCNK6	IU_PDA_T3	para_ct	TAM	19.107055065001	TAM
KCNK6	IU_PDA_T3	para_ct	Endothelial_cells	17.9635105554873	Endothelial cells
KCNK6	IU_PDA_T3	para_ct	PVL	18.304625240681	PVL
KCNK6	IU_PDA_T3	para_ct	T_NK_cells	19.0190916282508	T-NK cells
KCNK6	IU_PDA_T3	para_ct	Tumor_Epithelial_cells	19.1707654728342	Tumor Epithelial cells
KCNK6	IU_PDA_T4	intra	Fibroblasts	21.1666573996605	Fibroblasts
KCNK6	IU_PDA_T4	intra	Monocytes	5.33106340804116	Monocytes
KCNK6	IU_PDA_T4	intra	B_cells	0.385209443521044	B cells
KCNK6	IU_PDA_T4	intra	TAM	11.3848189798376	TAM
KCNK6	IU_PDA_T4	intra	Hepatocytes	0.0158914020738324	Hepatocytes
KCNK6	IU_PDA_T4	intra	Endothelial_cells	0.319723176929697	Endothelial cells
KCNK6	IU_PDA_T4	intra	PVL	1.77052490440509	PVL
KCNK6	IU_PDA_T4	intra	T_NK_cells	0.287279404960973	T-NK cells
KCNK6	IU_PDA_T4	intra	Tumor_Epithelial_cells	19.8265658029923	Tumor Epithelial cells
KCNK6	IU_PDA_T4	juxta_ct	Fibroblasts	31.341174959518	Fibroblasts
KCNK6	IU_PDA_T4	juxta_ct	Monocytes	14.408862991529	Monocytes
KCNK6	IU_PDA_T4	juxta_ct	B_cells	0.624529043693749	B cells
KCNK6	IU_PDA_T4	juxta_ct	TAM	25.0050133639666	TAM
KCNK6	IU_PDA_T4	juxta_ct	Hepatocytes	0.324207513776528	Hepatocytes
KCNK6	IU_PDA_T4	juxta_ct	Endothelial_cells	1.98354635354723	Endothelial cells
KCNK6	IU_PDA_T4	juxta_ct	PVL	3.29420186328115	PVL
KCNK6	IU_PDA_T4	juxta_ct	T_NK_cells	0.346726318334938	T-NK cells
KCNK6	IU_PDA_T4	juxta_ct	Tumor_Epithelial_cells	33.2741923966032	Tumor Epithelial cells
KCNK6	IU_PDA_T4	para_ct	Fibroblasts	18.8235134317791	Fibroblasts
KCNK6	IU_PDA_T4	para_ct	Monocytes	18.6694059803204	Monocytes
KCNK6	IU_PDA_T4	para_ct	B_cells	18.5681773701349	B cells
KCNK6	IU_PDA_T4	para_ct	TAM	20.4919735027739	TAM
KCNK6	IU_PDA_T4	para_ct	Hepatocytes	16.1807732341905	Hepatocytes
KCNK6	IU_PDA_T4	para_ct	Endothelial_cells	19.4283346511442	Endothelial cells
KCNK6	IU_PDA_T4	para_ct	PVL	18.8723771680512	PVL
KCNK6	IU_PDA_T4	para_ct	T_NK_cells	18.4066206058639	T-NK cells
KCNK6	IU_PDA_T4	para_ct	Tumor_Epithelial_cells	18.8521818455958	Tumor Epithelial cells
KCNK6	IU_PDA_T6	intra	Fibroblasts	6.43571701605918	Fibroblasts
KCNK6	IU_PDA_T6	intra	Monocytes	0.0770198858093451	Monocytes
KCNK6	IU_PDA_T6	intra	TAM	3.54279264064296	TAM
KCNK6	IU_PDA_T6	intra	Endothelial_cells	0.0144765511927254	Endothelial cells
KCNK6	IU_PDA_T6	intra	PVL	0.000704525701260787	PVL
KCNK6	IU_PDA_T6	intra	Normal_Epithelial_cells	0.0712130022499252	Normal Epithelial cells
KCNK6	IU_PDA_T6	intra	Tumor_Epithelial_cells	6.25505623842585	Tumor Epithelial cells
KCNK6	IU_PDA_T6	juxta_ct	Fibroblasts	12.8776177496067	Fibroblasts
KCNK6	IU_PDA_T6	juxta_ct	Monocytes	1.10101479827065	Monocytes
KCNK6	IU_PDA_T6	juxta_ct	TAM	7.77674931137569	TAM
KCNK6	IU_PDA_T6	juxta_ct	Endothelial_cells	0.170487073894068	Endothelial cells
KCNK6	IU_PDA_T6	juxta_ct	PVL	0.0374873256864735	PVL
KCNK6	IU_PDA_T6	juxta_ct	Normal_Epithelial_cells	0.609728147907436	Normal Epithelial cells
KCNK6	IU_PDA_T6	juxta_ct	Tumor_Epithelial_cells	12.7786329409162	Tumor Epithelial cells
KCNK6	IU_PDA_T6	para_ct	Fibroblasts	26.459758706357	Fibroblasts
KCNK6	IU_PDA_T6	para_ct	Monocytes	28.0052156726381	Monocytes
KCNK6	IU_PDA_T6	para_ct	TAM	26.6018256101055	TAM
KCNK6	IU_PDA_T6	para_ct	Endothelial_cells	25.1237577560077	Endothelial cells
KCNK6	IU_PDA_T6	para_ct	PVL	24.9697631851672	PVL
KCNK6	IU_PDA_T6	para_ct	Normal_Epithelial_cells	27.2490529605462	Normal Epithelial cells
KCNK6	IU_PDA_T6	para_ct	Tumor_Epithelial_cells	26.350641925932	Tumor Epithelial cells
KCNK6	IU_PDA_T8	intra	Fibroblasts	7.00011617589869	Fibroblasts
KCNK6	IU_PDA_T8	intra	Monocytes	0.309212867780001	Monocytes
KCNK6	IU_PDA_T8	intra	B_cells	4.29125373109276	B cells
KCNK6	IU_PDA_T8	intra	TAM	4.23569747744398	TAM
KCNK6	IU_PDA_T8	intra	Hepatocytes	0.00336295075005664	Hepatocytes
KCNK6	IU_PDA_T8	intra	Endothelial_cells	0.19792699322318	Endothelial cells
KCNK6	IU_PDA_T8	intra	PVL	0.00579425904703744	PVL
KCNK6	IU_PDA_T8	intra	Tumor_Epithelial_cells	7.96568909722757	Tumor Epithelial cells
KCNK6	IU_PDA_T8	juxta_ct	Fibroblasts	10.6239298691737	Fibroblasts
KCNK6	IU_PDA_T8	juxta_ct	Monocytes	1.0672820333698	Monocytes
KCNK6	IU_PDA_T8	juxta_ct	B_cells	8.18612492216796	B cells
KCNK6	IU_PDA_T8	juxta_ct	TAM	8.59770499129539	TAM
KCNK6	IU_PDA_T8	juxta_ct	Hepatocytes	0.0138278728829808	Hepatocytes
KCNK6	IU_PDA_T8	juxta_ct	Endothelial_cells	0.231541917242963	Endothelial cells
KCNK6	IU_PDA_T8	juxta_ct	PVL	0.0247759697597528	PVL
KCNK6	IU_PDA_T8	juxta_ct	Tumor_Epithelial_cells	11.4785128322884	Tumor Epithelial cells
KCNK6	IU_PDA_T8	para_ct	Fibroblasts	10.3664085858946	Fibroblasts
KCNK6	IU_PDA_T8	para_ct	Monocytes	10.113336822971	Monocytes
KCNK6	IU_PDA_T8	para_ct	B_cells	12.5996375260666	B cells
KCNK6	IU_PDA_T8	para_ct	TAM	12.1776464734795	TAM
KCNK6	IU_PDA_T8	para_ct	Hepatocytes	10.9086180132179	Hepatocytes
KCNK6	IU_PDA_T8	para_ct	Endothelial_cells	10.7320306932892	Endothelial cells
KCNK6	IU_PDA_T8	para_ct	PVL	11.8378672318268	PVL
KCNK6	IU_PDA_T8	para_ct	Tumor_Epithelial_cells	11.0265130595439	Tumor Epithelial cells
KCNK6	IU_PDA_T9	intra	Fibroblasts	12.541298845668	Fibroblasts
KCNK6	IU_PDA_T9	intra	Monocytes	7.93496730828732	Monocytes
KCNK6	IU_PDA_T9	intra	B_cells	0.650200097496157	B cells
KCNK6	IU_PDA_T9	intra	TAM	4.27607751635373	TAM
KCNK6	IU_PDA_T9	intra	Endothelial_cells	2.41150736638556	Endothelial cells
KCNK6	IU_PDA_T9	intra	PVL	2.00144257861645	PVL
KCNK6	IU_PDA_T9	intra	T_NK_cells	2.01005839594976	T-NK cells
KCNK6	IU_PDA_T9	intra	Tumor_Epithelial_cells	8.91477124128726	Tumor Epithelial cells
KCNK6	IU_PDA_T9	juxta_ct	Fibroblasts	23.4524111267956	Fibroblasts
KCNK6	IU_PDA_T9	juxta_ct	Monocytes	23.0230119786028	Monocytes
KCNK6	IU_PDA_T9	juxta_ct	B_cells	0.5206842654586	B cells
KCNK6	IU_PDA_T9	juxta_ct	TAM	17.1765749780232	TAM
KCNK6	IU_PDA_T9	juxta_ct	Endothelial_cells	6.03186557371991	Endothelial cells
KCNK6	IU_PDA_T9	juxta_ct	PVL	3.50374507775276	PVL
KCNK6	IU_PDA_T9	juxta_ct	T_NK_cells	5.74847889521538	T-NK cells
KCNK6	IU_PDA_T9	juxta_ct	Tumor_Epithelial_cells	19.7282251240033	Tumor Epithelial cells
KCNK6	IU_PDA_T9	para_ct	Fibroblasts	16.8059422342248	Fibroblasts
KCNK6	IU_PDA_T9	para_ct	Monocytes	16.2176811482226	Monocytes
KCNK6	IU_PDA_T9	para_ct	B_cells	17.1644428422468	B cells
KCNK6	IU_PDA_T9	para_ct	TAM	17.6003786410876	TAM
KCNK6	IU_PDA_T9	para_ct	Endothelial_cells	17.2002054782699	Endothelial cells
KCNK6	IU_PDA_T9	para_ct	PVL	17.01323156906	PVL
KCNK6	IU_PDA_T9	para_ct	T_NK_cells	17.4136581096219	T-NK cells
KCNK6	IU_PDA_T9	para_ct	Tumor_Epithelial_cells	17.5653367229342	Tumor Epithelial cells
KCNMA1	IU_PDA_T1	intra	Fibroblasts	18.4845958612992	Fibroblasts
KCNMA1	IU_PDA_T1	intra	Monocytes	4.01756028413894	Monocytes
KCNMA1	IU_PDA_T1	intra	B_cells	7.64613435533107	B cells
KCNMA1	IU_PDA_T1	intra	TAM	13.4116331128024	TAM
KCNMA1	IU_PDA_T1	intra	Hepatocytes	0.021409731654487	Hepatocytes
KCNMA1	IU_PDA_T1	intra	Endothelial_cells	0.567704958600457	Endothelial cells
KCNMA1	IU_PDA_T1	intra	PVL	1.3593336025937	PVL
KCNMA1	IU_PDA_T1	intra	T_NK_cells	0.0406476512415718	T-NK cells
KCNMA1	IU_PDA_T1	intra	Tumor_Epithelial_cells	7.81971529251813	Tumor Epithelial cells
KCNMA1	IU_PDA_T1	juxta_ct	Fibroblasts	34.8521806956635	Fibroblasts
KCNMA1	IU_PDA_T1	juxta_ct	Monocytes	14.993780641685	Monocytes
KCNMA1	IU_PDA_T1	juxta_ct	B_cells	19.4368310770445	B cells
KCNMA1	IU_PDA_T1	juxta_ct	TAM	27.2414377709058	TAM
KCNMA1	IU_PDA_T1	juxta_ct	Hepatocytes	0.632238973401032	Hepatocytes
KCNMA1	IU_PDA_T1	juxta_ct	Endothelial_cells	2.68997686474251	Endothelial cells
KCNMA1	IU_PDA_T1	juxta_ct	PVL	0.861170371621129	PVL
KCNMA1	IU_PDA_T1	juxta_ct	T_NK_cells	0.739497049919013	T-NK cells
KCNMA1	IU_PDA_T1	juxta_ct	Tumor_Epithelial_cells	18.2624523324409	Tumor Epithelial cells
KCNMA1	IU_PDA_T1	para_ct	Fibroblasts	19.4488280465029	Fibroblasts
KCNMA1	IU_PDA_T1	para_ct	Monocytes	18.885169635394	Monocytes
KCNMA1	IU_PDA_T1	para_ct	B_cells	20.2095485891436	B cells
KCNMA1	IU_PDA_T1	para_ct	TAM	19.9556069520741	TAM
KCNMA1	IU_PDA_T1	para_ct	Hepatocytes	19.7133331030068	Hepatocytes
KCNMA1	IU_PDA_T1	para_ct	Endothelial_cells	21.4850732420578	Endothelial cells
KCNMA1	IU_PDA_T1	para_ct	PVL	19.2229217054293	PVL
KCNMA1	IU_PDA_T1	para_ct	T_NK_cells	20.0290516440067	T-NK cells
KCNMA1	IU_PDA_T1	para_ct	Tumor_Epithelial_cells	19.1241699385066	Tumor Epithelial cells
KCNMA1	IU_PDA_T10	intra	Fibroblasts	9.28467018365168	Fibroblasts
KCNMA1	IU_PDA_T10	intra	Monocytes	2.06145020129868	Monocytes
KCNMA1	IU_PDA_T10	intra	B_cells	5.71817477106013	B cells
KCNMA1	IU_PDA_T10	intra	TAM	5.35823549136732	TAM
KCNMA1	IU_PDA_T10	intra	Endothelial_cells	0.0127241966468788	Endothelial cells
KCNMA1	IU_PDA_T10	intra	PVL	0.210447456966478	PVL
KCNMA1	IU_PDA_T10	intra	T_NK_cells	0.999810873334607	T-NK cells
KCNMA1	IU_PDA_T10	intra	Tumor_Epithelial_cells	9.02004595264245	Tumor Epithelial cells
KCNMA1	IU_PDA_T10	juxta_ct	Fibroblasts	12.8584440130073	Fibroblasts
KCNMA1	IU_PDA_T10	juxta_ct	Monocytes	5.98277043789435	Monocytes
KCNMA1	IU_PDA_T10	juxta_ct	B_cells	9.24437345366172	B cells
KCNMA1	IU_PDA_T10	juxta_ct	TAM	12.1741152410377	TAM
KCNMA1	IU_PDA_T10	juxta_ct	Endothelial_cells	0.887352753861806	Endothelial cells
KCNMA1	IU_PDA_T10	juxta_ct	PVL	1.42933545224008	PVL
KCNMA1	IU_PDA_T10	juxta_ct	T_NK_cells	1.16990687817605	T-NK cells
KCNMA1	IU_PDA_T10	juxta_ct	Tumor_Epithelial_cells	11.323052591856	Tumor Epithelial cells
KCNMA1	IU_PDA_T10	para_ct	Fibroblasts	9.15956009085328	Fibroblasts
KCNMA1	IU_PDA_T10	para_ct	Monocytes	8.16977504824919	Monocytes
KCNMA1	IU_PDA_T10	para_ct	B_cells	8.28993292685652	B cells
KCNMA1	IU_PDA_T10	para_ct	TAM	9.07280295125741	TAM
KCNMA1	IU_PDA_T10	para_ct	Endothelial_cells	9.1659490169338	Endothelial cells
KCNMA1	IU_PDA_T10	para_ct	PVL	8.25315455080167	PVL
KCNMA1	IU_PDA_T10	para_ct	T_NK_cells	8.22823703705551	T-NK cells
KCNMA1	IU_PDA_T10	para_ct	Tumor_Epithelial_cells	7.68968475297073	Tumor Epithelial cells
KCNMA1	IU_PDA_T11	intra	Fibroblasts	56.7678858391937	Fibroblasts
KCNMA1	IU_PDA_T11	intra	Monocytes	5.46996084260762	Monocytes
KCNMA1	IU_PDA_T11	intra	B_cells	0.566650851167356	B cells
KCNMA1	IU_PDA_T11	intra	TAM	25.1809128703905	TAM
KCNMA1	IU_PDA_T11	intra	Endothelial_cells	4.60599291879505	Endothelial cells
KCNMA1	IU_PDA_T11	intra	PVL	18.3843612418166	PVL
KCNMA1	IU_PDA_T11	intra	Tumor_Epithelial_cells	41.3145405657401	Tumor Epithelial cells
KCNMA1	IU_PDA_T11	juxta_ct	Fibroblasts	89.2504481066521	Fibroblasts
KCNMA1	IU_PDA_T11	juxta_ct	Monocytes	18.6113789772934	Monocytes
KCNMA1	IU_PDA_T11	juxta_ct	B_cells	2.17697390628582	B cells
KCNMA1	IU_PDA_T11	juxta_ct	TAM	62.7779576407688	TAM
KCNMA1	IU_PDA_T11	juxta_ct	Endothelial_cells	17.9143970790477	Endothelial cells
KCNMA1	IU_PDA_T11	juxta_ct	PVL	36.852380313686	PVL
KCNMA1	IU_PDA_T11	juxta_ct	Tumor_Epithelial_cells	79.3797534143327	Tumor Epithelial cells
KCNMA1	IU_PDA_T11	para_ct	Fibroblasts	79.8612224097604	Fibroblasts
KCNMA1	IU_PDA_T11	para_ct	Monocytes	73.3929538144476	Monocytes
KCNMA1	IU_PDA_T11	para_ct	B_cells	81.6281233585361	B cells
KCNMA1	IU_PDA_T11	para_ct	TAM	72.8149984336005	TAM
KCNMA1	IU_PDA_T11	para_ct	Endothelial_cells	74.2859566841384	Endothelial cells
KCNMA1	IU_PDA_T11	para_ct	PVL	79.0083515075824	PVL
KCNMA1	IU_PDA_T11	para_ct	Tumor_Epithelial_cells	84.7673953672168	Tumor Epithelial cells
KCNMA1	IU_PDA_T12	intra	Fibroblasts	122.017199796603	Fibroblasts
KCNMA1	IU_PDA_T12	intra	Monocytes	11.6244333733454	Monocytes
KCNMA1	IU_PDA_T12	intra	B_cells	79.5439998145013	B cells
KCNMA1	IU_PDA_T12	intra	TAM	119.485392188617	TAM
KCNMA1	IU_PDA_T12	intra	Endothelial_cells	15.9155084710419	Endothelial cells
KCNMA1	IU_PDA_T12	intra	PVL	9.84282343770207	PVL
KCNMA1	IU_PDA_T12	intra	Normal_Epithelial_cells	0.702782381038149	Normal Epithelial cells
KCNMA1	IU_PDA_T12	intra	T_NK_cells	1.26697030427332	T-NK cells
KCNMA1	IU_PDA_T12	intra	Tumor_Epithelial_cells	83.0101574010674	Tumor Epithelial cells
KCNMA1	IU_PDA_T12	juxta_ct	Fibroblasts	127.453414963212	Fibroblasts
KCNMA1	IU_PDA_T12	juxta_ct	Monocytes	31.7336067823642	Monocytes
KCNMA1	IU_PDA_T12	juxta_ct	B_cells	112.214547182184	B cells
KCNMA1	IU_PDA_T12	juxta_ct	TAM	145.353905299724	TAM
KCNMA1	IU_PDA_T12	juxta_ct	Endothelial_cells	44.2247212606817	Endothelial cells
KCNMA1	IU_PDA_T12	juxta_ct	PVL	18.6877909034602	PVL
KCNMA1	IU_PDA_T12	juxta_ct	Normal_Epithelial_cells	3.37604659134856	Normal Epithelial cells
KCNMA1	IU_PDA_T12	juxta_ct	T_NK_cells	4.09951287953387	T-NK cells
KCNMA1	IU_PDA_T12	juxta_ct	Tumor_Epithelial_cells	121.538952109575	Tumor Epithelial cells
KCNMA1	IU_PDA_T12	para_ct	Fibroblasts	73.5994481402547	Fibroblasts
KCNMA1	IU_PDA_T12	para_ct	Monocytes	76.2297609176224	Monocytes
KCNMA1	IU_PDA_T12	para_ct	B_cells	76.9107492820468	B cells
KCNMA1	IU_PDA_T12	para_ct	TAM	85.6535025867502	TAM
KCNMA1	IU_PDA_T12	para_ct	Endothelial_cells	73.5623443793664	Endothelial cells
KCNMA1	IU_PDA_T12	para_ct	PVL	82.8687963651891	PVL
KCNMA1	IU_PDA_T12	para_ct	Normal_Epithelial_cells	74.024110068352	Normal Epithelial cells
KCNMA1	IU_PDA_T12	para_ct	T_NK_cells	75.7222955020213	T-NK cells
KCNMA1	IU_PDA_T12	para_ct	Tumor_Epithelial_cells	75.5269948317926	Tumor Epithelial cells
KCNMA1	IU_PDA_T2	intra	Fibroblasts	15.0561662295352	Fibroblasts
KCNMA1	IU_PDA_T2	intra	Monocytes	1.56470821246609	Monocytes
KCNMA1	IU_PDA_T2	intra	B_cells	7.76075462176567	B cells
KCNMA1	IU_PDA_T2	intra	TAM	9.9105694579907	TAM
KCNMA1	IU_PDA_T2	intra	Hepatocytes	0.013765779445959	Hepatocytes
KCNMA1	IU_PDA_T2	intra	Endothelial_cells	0.0332178711085409	Endothelial cells
KCNMA1	IU_PDA_T2	intra	PVL	0.238333309651966	PVL
KCNMA1	IU_PDA_T2	intra	Normal_Epithelial_cells	0.0194658248298393	Normal Epithelial cells
KCNMA1	IU_PDA_T2	intra	T_NK_cells	0.227703114941519	T-NK cells
KCNMA1	IU_PDA_T2	intra	Tumor_Epithelial_cells	14.6613778312405	Tumor Epithelial cells
KCNMA1	IU_PDA_T2	juxta_ct	Fibroblasts	25.2656218980575	Fibroblasts
KCNMA1	IU_PDA_T2	juxta_ct	Monocytes	3.90095113390798	Monocytes
KCNMA1	IU_PDA_T2	juxta_ct	B_cells	16.0521102967705	B cells
KCNMA1	IU_PDA_T2	juxta_ct	TAM	20.7386910618064	TAM
KCNMA1	IU_PDA_T2	juxta_ct	Hepatocytes	0.246133151316098	Hepatocytes
KCNMA1	IU_PDA_T2	juxta_ct	Endothelial_cells	0.379671483658536	Endothelial cells
KCNMA1	IU_PDA_T2	juxta_ct	PVL	0.861160135603781	PVL
KCNMA1	IU_PDA_T2	juxta_ct	Normal_Epithelial_cells	0.0304958901049689	Normal Epithelial cells
KCNMA1	IU_PDA_T2	juxta_ct	T_NK_cells	0.715043926563374	T-NK cells
KCNMA1	IU_PDA_T2	juxta_ct	Tumor_Epithelial_cells	23.6433370786562	Tumor Epithelial cells
KCNMA1	IU_PDA_T2	para_ct	Fibroblasts	16.6472243266901	Fibroblasts
KCNMA1	IU_PDA_T2	para_ct	Monocytes	18.0942170141335	Monocytes
KCNMA1	IU_PDA_T2	para_ct	B_cells	16.4710975561987	B cells
KCNMA1	IU_PDA_T2	para_ct	TAM	17.652048767194	TAM
KCNMA1	IU_PDA_T2	para_ct	Hepatocytes	15.8953754314093	Hepatocytes
KCNMA1	IU_PDA_T2	para_ct	Endothelial_cells	17.0674158816438	Endothelial cells
KCNMA1	IU_PDA_T2	para_ct	PVL	17.3029028726607	PVL
KCNMA1	IU_PDA_T2	para_ct	Normal_Epithelial_cells	17.2089548309118	Normal Epithelial cells
KCNMA1	IU_PDA_T2	para_ct	T_NK_cells	16.276677989589	T-NK cells
KCNMA1	IU_PDA_T2	para_ct	Tumor_Epithelial_cells	17.5900998874426	Tumor Epithelial cells
KCNMA1	IU_PDA_T3	intra	Fibroblasts	39.8095848189597	Fibroblasts
KCNMA1	IU_PDA_T3	intra	Monocytes	19.6802817738331	Monocytes
KCNMA1	IU_PDA_T3	intra	B_cells	35.0401469048806	B cells
KCNMA1	IU_PDA_T3	intra	TAM	18.9192709482698	TAM
KCNMA1	IU_PDA_T3	intra	Endothelial_cells	3.18987159802743	Endothelial cells
KCNMA1	IU_PDA_T3	intra	PVL	10.6688293694224	PVL
KCNMA1	IU_PDA_T3	intra	T_NK_cells	2.1152859711885	T-NK cells
KCNMA1	IU_PDA_T3	intra	Tumor_Epithelial_cells	21.7021781221667	Tumor Epithelial cells
KCNMA1	IU_PDA_T3	juxta_ct	Fibroblasts	54.2889408549382	Fibroblasts
KCNMA1	IU_PDA_T3	juxta_ct	Monocytes	42.9443507393953	Monocytes
KCNMA1	IU_PDA_T3	juxta_ct	B_cells	49.6880418064252	B cells
KCNMA1	IU_PDA_T3	juxta_ct	TAM	37.3764434291412	TAM
KCNMA1	IU_PDA_T3	juxta_ct	Endothelial_cells	10.7067707387196	Endothelial cells
KCNMA1	IU_PDA_T3	juxta_ct	PVL	15.241351577515	PVL
KCNMA1	IU_PDA_T3	juxta_ct	T_NK_cells	8.13109601683976	T-NK cells
KCNMA1	IU_PDA_T3	juxta_ct	Tumor_Epithelial_cells	31.0114064575478	Tumor Epithelial cells
KCNMA1	IU_PDA_T3	para_ct	Fibroblasts	39.2035104234213	Fibroblasts
KCNMA1	IU_PDA_T3	para_ct	Monocytes	39.15085845105	Monocytes
KCNMA1	IU_PDA_T3	para_ct	B_cells	38.4677646274238	B cells
KCNMA1	IU_PDA_T3	para_ct	TAM	38.5597391554547	TAM
KCNMA1	IU_PDA_T3	para_ct	Endothelial_cells	38.4206612448851	Endothelial cells
KCNMA1	IU_PDA_T3	para_ct	PVL	38.5757413435958	PVL
KCNMA1	IU_PDA_T3	para_ct	T_NK_cells	39.4698140902232	T-NK cells
KCNMA1	IU_PDA_T3	para_ct	Tumor_Epithelial_cells	39.2464509893221	Tumor Epithelial cells
KCNMA1	IU_PDA_T4	intra	Fibroblasts	10.3937012702604	Fibroblasts
KCNMA1	IU_PDA_T4	intra	Monocytes	3.53772150488562	Monocytes
KCNMA1	IU_PDA_T4	intra	B_cells	0.0185888509314599	B cells
KCNMA1	IU_PDA_T4	intra	TAM	7.13021045689752	TAM
KCNMA1	IU_PDA_T4	intra	Hepatocytes	0.000505000305262403	Hepatocytes
KCNMA1	IU_PDA_T4	intra	Endothelial_cells	0.638172295779876	Endothelial cells
KCNMA1	IU_PDA_T4	intra	PVL	1.54914595343505	PVL
KCNMA1	IU_PDA_T4	intra	T_NK_cells	0.00454011652627918	T-NK cells
KCNMA1	IU_PDA_T4	intra	Tumor_Epithelial_cells	11.4424091960697	Tumor Epithelial cells
KCNMA1	IU_PDA_T4	juxta_ct	Fibroblasts	13.2535822595139	Fibroblasts
KCNMA1	IU_PDA_T4	juxta_ct	Monocytes	7.27464449303382	Monocytes
KCNMA1	IU_PDA_T4	juxta_ct	B_cells	0.287563989415548	B cells
KCNMA1	IU_PDA_T4	juxta_ct	TAM	13.1188550659059	TAM
KCNMA1	IU_PDA_T4	juxta_ct	Hepatocytes	0.0106825834396355	Hepatocytes
KCNMA1	IU_PDA_T4	juxta_ct	Endothelial_cells	1.68764814280637	Endothelial cells
KCNMA1	IU_PDA_T4	juxta_ct	PVL	2.79403465312129	PVL
KCNMA1	IU_PDA_T4	juxta_ct	T_NK_cells	0.181630273699978	T-NK cells
KCNMA1	IU_PDA_T4	juxta_ct	Tumor_Epithelial_cells	14.2923625445803	Tumor Epithelial cells
KCNMA1	IU_PDA_T4	para_ct	Fibroblasts	7.76774518595362	Fibroblasts
KCNMA1	IU_PDA_T4	para_ct	Monocytes	6.94256210747252	Monocytes
KCNMA1	IU_PDA_T4	para_ct	B_cells	7.39933419558926	B cells
KCNMA1	IU_PDA_T4	para_ct	TAM	7.45058542367629	TAM
KCNMA1	IU_PDA_T4	para_ct	Hepatocytes	7.02953019770813	Hepatocytes
KCNMA1	IU_PDA_T4	para_ct	Endothelial_cells	7.11222589292478	Endothelial cells
KCNMA1	IU_PDA_T4	para_ct	PVL	6.63499807125251	PVL
KCNMA1	IU_PDA_T4	para_ct	T_NK_cells	8.44032310155739	T-NK cells
KCNMA1	IU_PDA_T4	para_ct	Tumor_Epithelial_cells	7.20766414393672	Tumor Epithelial cells
KCNMA1	IU_PDA_T6	intra	Fibroblasts	9.28248898331878	Fibroblasts
KCNMA1	IU_PDA_T6	intra	Monocytes	0.120743506978982	Monocytes
KCNMA1	IU_PDA_T6	intra	TAM	5.38758846183742	TAM
KCNMA1	IU_PDA_T6	intra	Endothelial_cells	0.0369685908599961	Endothelial cells
KCNMA1	IU_PDA_T6	intra	PVL	0.00883104545048988	PVL
KCNMA1	IU_PDA_T6	intra	Normal_Epithelial_cells	0.189628497680675	Normal Epithelial cells
KCNMA1	IU_PDA_T6	intra	Tumor_Epithelial_cells	8.51238187917094	Tumor Epithelial cells
KCNMA1	IU_PDA_T6	juxta_ct	Fibroblasts	14.4463339120713	Fibroblasts
KCNMA1	IU_PDA_T6	juxta_ct	Monocytes	0.994171313670311	Monocytes
KCNMA1	IU_PDA_T6	juxta_ct	TAM	9.98815191195449	TAM
KCNMA1	IU_PDA_T6	juxta_ct	Endothelial_cells	0.225126712475027	Endothelial cells
KCNMA1	IU_PDA_T6	juxta_ct	PVL	0.0460037904609392	PVL
KCNMA1	IU_PDA_T6	juxta_ct	Normal_Epithelial_cells	0.317963632558484	Normal Epithelial cells
KCNMA1	IU_PDA_T6	juxta_ct	Tumor_Epithelial_cells	13.4446031926329	Tumor Epithelial cells
KCNMA1	IU_PDA_T6	para_ct	Fibroblasts	26.3356115053907	Fibroblasts
KCNMA1	IU_PDA_T6	para_ct	Monocytes	19.7149443994045	Monocytes
KCNMA1	IU_PDA_T6	para_ct	TAM	21.1519959206663	TAM
KCNMA1	IU_PDA_T6	para_ct	Endothelial_cells	20.4100608404967	Endothelial cells
KCNMA1	IU_PDA_T6	para_ct	PVL	19.2594256551071	PVL
KCNMA1	IU_PDA_T6	para_ct	Normal_Epithelial_cells	22.6751151629756	Normal Epithelial cells
KCNMA1	IU_PDA_T6	para_ct	Tumor_Epithelial_cells	21.119742343211	Tumor Epithelial cells
KCNMA1	IU_PDA_T8	intra	Fibroblasts	7.62569282119482	Fibroblasts
KCNMA1	IU_PDA_T8	intra	Monocytes	0.489906383502117	Monocytes
KCNMA1	IU_PDA_T8	intra	B_cells	5.18511272347736	B cells
KCNMA1	IU_PDA_T8	intra	TAM	6.06325727740751	TAM
KCNMA1	IU_PDA_T8	intra	Hepatocytes	0.000576568868479374	Hepatocytes
KCNMA1	IU_PDA_T8	intra	Endothelial_cells	0.0154425210862627	Endothelial cells
KCNMA1	IU_PDA_T8	intra	PVL	0.00773669339231511	PVL
KCNMA1	IU_PDA_T8	intra	Tumor_Epithelial_cells	8.14636220365401	Tumor Epithelial cells
KCNMA1	IU_PDA_T8	juxta_ct	Fibroblasts	12.6757086493561	Fibroblasts
KCNMA1	IU_PDA_T8	juxta_ct	Monocytes	1.31998449345545	Monocytes
KCNMA1	IU_PDA_T8	juxta_ct	B_cells	9.91975901202446	B cells
KCNMA1	IU_PDA_T8	juxta_ct	TAM	11.6662405452299	TAM
KCNMA1	IU_PDA_T8	juxta_ct	Hepatocytes	0.00412881481171034	Hepatocytes
KCNMA1	IU_PDA_T8	juxta_ct	Endothelial_cells	0.964046984599836	Endothelial cells
KCNMA1	IU_PDA_T8	juxta_ct	PVL	0.272558350547736	PVL
KCNMA1	IU_PDA_T8	juxta_ct	Tumor_Epithelial_cells	13.1237042605832	Tumor Epithelial cells
KCNMA1	IU_PDA_T8	para_ct	Fibroblasts	11.4919961682265	Fibroblasts
KCNMA1	IU_PDA_T8	para_ct	Monocytes	12.2563803857694	Monocytes
KCNMA1	IU_PDA_T8	para_ct	B_cells	12.4409026993972	B cells
KCNMA1	IU_PDA_T8	para_ct	TAM	12.8405732813674	TAM
KCNMA1	IU_PDA_T8	para_ct	Hepatocytes	11.1768736573478	Hepatocytes
KCNMA1	IU_PDA_T8	para_ct	Endothelial_cells	11.666906099179	Endothelial cells
KCNMA1	IU_PDA_T8	para_ct	PVL	12.8912134346112	PVL
KCNMA1	IU_PDA_T8	para_ct	Tumor_Epithelial_cells	12.9766416436587	Tumor Epithelial cells
KCNMA1	IU_PDA_T9	intra	Fibroblasts	32.6136026064036	Fibroblasts
KCNMA1	IU_PDA_T9	intra	Monocytes	22.5827195575563	Monocytes
KCNMA1	IU_PDA_T9	intra	B_cells	2.2071893231724	B cells
KCNMA1	IU_PDA_T9	intra	TAM	12.3830142510053	TAM
KCNMA1	IU_PDA_T9	intra	Endothelial_cells	5.49960000686152	Endothelial cells
KCNMA1	IU_PDA_T9	intra	PVL	13.50713201727	PVL
KCNMA1	IU_PDA_T9	intra	T_NK_cells	3.76774994645938	T-NK cells
KCNMA1	IU_PDA_T9	intra	Tumor_Epithelial_cells	22.6782879880021	Tumor Epithelial cells
KCNMA1	IU_PDA_T9	juxta_ct	Fibroblasts	64.2780828727296	Fibroblasts
KCNMA1	IU_PDA_T9	juxta_ct	Monocytes	60.3533316683522	Monocytes
KCNMA1	IU_PDA_T9	juxta_ct	B_cells	4.49595126200297	B cells
KCNMA1	IU_PDA_T9	juxta_ct	TAM	44.2054352005309	TAM
KCNMA1	IU_PDA_T9	juxta_ct	Endothelial_cells	16.34025032812	Endothelial cells
KCNMA1	IU_PDA_T9	juxta_ct	PVL	19.4879694398819	PVL
KCNMA1	IU_PDA_T9	juxta_ct	T_NK_cells	13.7931864026547	T-NK cells
KCNMA1	IU_PDA_T9	juxta_ct	Tumor_Epithelial_cells	52.2855346056353	Tumor Epithelial cells
KCNMA1	IU_PDA_T9	para_ct	Fibroblasts	51.9848825355011	Fibroblasts
KCNMA1	IU_PDA_T9	para_ct	Monocytes	49.842107741606	Monocytes
KCNMA1	IU_PDA_T9	para_ct	B_cells	50.8312961826572	B cells
KCNMA1	IU_PDA_T9	para_ct	TAM	52.0843760841236	TAM
KCNMA1	IU_PDA_T9	para_ct	Endothelial_cells	49.2982440394417	Endothelial cells
KCNMA1	IU_PDA_T9	para_ct	PVL	50.5819829939103	PVL
KCNMA1	IU_PDA_T9	para_ct	T_NK_cells	53.7428346244179	T-NK cells
KCNMA1	IU_PDA_T9	para_ct	Tumor_Epithelial_cells	48.6094533202934	Tumor Epithelial cells
KCNMB1	IU_PDA_T1	intra	Fibroblasts	6.37702451208994	Fibroblasts
KCNMB1	IU_PDA_T1	intra	Monocytes	1.66524647697311	Monocytes
KCNMB1	IU_PDA_T1	intra	B_cells	2.06599286725065	B cells
KCNMB1	IU_PDA_T1	intra	TAM	4.01945543730082	TAM
KCNMB1	IU_PDA_T1	intra	Hepatocytes	0.00147862751080203	Hepatocytes
KCNMB1	IU_PDA_T1	intra	Endothelial_cells	0.00540317416285979	Endothelial cells
KCNMB1	IU_PDA_T1	intra	PVL	0.430949009504259	PVL
KCNMB1	IU_PDA_T1	intra	T_NK_cells	0.00528997282102252	T-NK cells
KCNMB1	IU_PDA_T1	intra	Tumor_Epithelial_cells	2.63573760822935	Tumor Epithelial cells
KCNMB1	IU_PDA_T1	juxta_ct	Fibroblasts	9.33162982014997	Fibroblasts
KCNMB1	IU_PDA_T1	juxta_ct	Monocytes	4.31541324295919	Monocytes
KCNMB1	IU_PDA_T1	juxta_ct	B_cells	5.04846491945837	B cells
KCNMB1	IU_PDA_T1	juxta_ct	TAM	7.20153899761966	TAM
KCNMB1	IU_PDA_T1	juxta_ct	Hepatocytes	0.00269302969584615	Hepatocytes
KCNMB1	IU_PDA_T1	juxta_ct	Endothelial_cells	0.349030567589638	Endothelial cells
KCNMB1	IU_PDA_T1	juxta_ct	PVL	2.81567874307772	PVL
KCNMB1	IU_PDA_T1	juxta_ct	T_NK_cells	0.148972250480025	T-NK cells
KCNMB1	IU_PDA_T1	juxta_ct	Tumor_Epithelial_cells	4.86682000927047	Tumor Epithelial cells
KCNMB1	IU_PDA_T1	para_ct	Fibroblasts	4.72175634446446	Fibroblasts
KCNMB1	IU_PDA_T1	para_ct	Monocytes	4.49187862286235	Monocytes
KCNMB1	IU_PDA_T1	para_ct	B_cells	5.09806549539934	B cells
KCNMB1	IU_PDA_T1	para_ct	TAM	5.62506256050322	TAM
KCNMB1	IU_PDA_T1	para_ct	Hepatocytes	5.03442057579694	Hepatocytes
KCNMB1	IU_PDA_T1	para_ct	Endothelial_cells	5.05151623163519	Endothelial cells
KCNMB1	IU_PDA_T1	para_ct	PVL	5.29000492920072	PVL
KCNMB1	IU_PDA_T1	para_ct	T_NK_cells	5.39610675286827	T-NK cells
KCNMB1	IU_PDA_T1	para_ct	Tumor_Epithelial_cells	5.11546736354822	Tumor Epithelial cells
KCNMB1	IU_PDA_T10	intra	Fibroblasts	2.76229133551584	Fibroblasts
KCNMB1	IU_PDA_T10	intra	Monocytes	0.302935166536135	Monocytes
KCNMB1	IU_PDA_T10	intra	B_cells	1.87313592956621	B cells
KCNMB1	IU_PDA_T10	intra	TAM	1.96802276626827	TAM
KCNMB1	IU_PDA_T10	intra	Endothelial_cells	0.00170609660825263	Endothelial cells
KCNMB1	IU_PDA_T10	intra	PVL	0.00320556671829609	PVL
KCNMB1	IU_PDA_T10	intra	T_NK_cells	0.209870577520646	T-NK cells
KCNMB1	IU_PDA_T10	intra	Tumor_Epithelial_cells	2.58599624000896	Tumor Epithelial cells
KCNMB1	IU_PDA_T10	juxta_ct	Fibroblasts	3.37611261216008	Fibroblasts
KCNMB1	IU_PDA_T10	juxta_ct	Monocytes	1.31446204765299	Monocytes
KCNMB1	IU_PDA_T10	juxta_ct	B_cells	2.92779417233913	B cells
KCNMB1	IU_PDA_T10	juxta_ct	TAM	2.81720294749343	TAM
KCNMB1	IU_PDA_T10	juxta_ct	Endothelial_cells	0.0134198389253707	Endothelial cells
KCNMB1	IU_PDA_T10	juxta_ct	PVL	0.235321140051574	PVL
KCNMB1	IU_PDA_T10	juxta_ct	T_NK_cells	0.195229292693503	T-NK cells
KCNMB1	IU_PDA_T10	juxta_ct	Tumor_Epithelial_cells	3.07340039056935	Tumor Epithelial cells
KCNMB1	IU_PDA_T10	para_ct	Fibroblasts	2.03287028939888	Fibroblasts
KCNMB1	IU_PDA_T10	para_ct	Monocytes	2.00318091559293	Monocytes
KCNMB1	IU_PDA_T10	para_ct	B_cells	1.94834706543253	B cells
KCNMB1	IU_PDA_T10	para_ct	TAM	1.89847743341046	TAM
KCNMB1	IU_PDA_T10	para_ct	Endothelial_cells	1.94974454647148	Endothelial cells
KCNMB1	IU_PDA_T10	para_ct	PVL	2.10527736872509	PVL
KCNMB1	IU_PDA_T10	para_ct	T_NK_cells	2.07184525362881	T-NK cells
KCNMB1	IU_PDA_T10	para_ct	Tumor_Epithelial_cells	2.77246813285336	Tumor Epithelial cells
KCNMB1	IU_PDA_T11	intra	Fibroblasts	24.1645456464631	Fibroblasts
KCNMB1	IU_PDA_T11	intra	Monocytes	3.03445728414948	Monocytes
KCNMB1	IU_PDA_T11	intra	B_cells	0.741105672032116	B cells
KCNMB1	IU_PDA_T11	intra	TAM	12.6635465989122	TAM
KCNMB1	IU_PDA_T11	intra	Endothelial_cells	3.74819089303545	Endothelial cells
KCNMB1	IU_PDA_T11	intra	PVL	16.329175313102	PVL
KCNMB1	IU_PDA_T11	intra	Tumor_Epithelial_cells	18.6273853179559	Tumor Epithelial cells
KCNMB1	IU_PDA_T11	juxta_ct	Fibroblasts	37.5192494660961	Fibroblasts
KCNMB1	IU_PDA_T11	juxta_ct	Monocytes	8.95102512065071	Monocytes
KCNMB1	IU_PDA_T11	juxta_ct	B_cells	0.879952179432343	B cells
KCNMB1	IU_PDA_T11	juxta_ct	TAM	26.1927360597697	TAM
KCNMB1	IU_PDA_T11	juxta_ct	Endothelial_cells	11.398711537831	Endothelial cells
KCNMB1	IU_PDA_T11	juxta_ct	PVL	19.4387471222421	PVL
KCNMB1	IU_PDA_T11	juxta_ct	Tumor_Epithelial_cells	36.5061720259474	Tumor Epithelial cells
KCNMB1	IU_PDA_T11	para_ct	Fibroblasts	32.1105731739527	Fibroblasts
KCNMB1	IU_PDA_T11	para_ct	Monocytes	36.3291116811406	Monocytes
KCNMB1	IU_PDA_T11	para_ct	B_cells	33.3742767737149	B cells
KCNMB1	IU_PDA_T11	para_ct	TAM	33.9359147913267	TAM
KCNMB1	IU_PDA_T11	para_ct	Endothelial_cells	33.9853635559872	Endothelial cells
KCNMB1	IU_PDA_T11	para_ct	PVL	41.9331889132441	PVL
KCNMB1	IU_PDA_T11	para_ct	Tumor_Epithelial_cells	36.6971997959304	Tumor Epithelial cells
KCNMB1	IU_PDA_T12	intra	Fibroblasts	51.561139667528	Fibroblasts
KCNMB1	IU_PDA_T12	intra	Monocytes	4.02324128241988	Monocytes
KCNMB1	IU_PDA_T12	intra	B_cells	36.8738298207968	B cells
KCNMB1	IU_PDA_T12	intra	TAM	49.0254385917983	TAM
KCNMB1	IU_PDA_T12	intra	Endothelial_cells	6.42324162860178	Endothelial cells
KCNMB1	IU_PDA_T12	intra	PVL	9.22306059858833	PVL
KCNMB1	IU_PDA_T12	intra	Normal_Epithelial_cells	0.00545509807223291	Normal Epithelial cells
KCNMB1	IU_PDA_T12	intra	T_NK_cells	0.323468979951149	T-NK cells
KCNMB1	IU_PDA_T12	intra	Tumor_Epithelial_cells	36.1890616178965	Tumor Epithelial cells
KCNMB1	IU_PDA_T12	juxta_ct	Fibroblasts	61.5594206502142	Fibroblasts
KCNMB1	IU_PDA_T12	juxta_ct	Monocytes	17.9091098116659	Monocytes
KCNMB1	IU_PDA_T12	juxta_ct	B_cells	52.7869778117205	B cells
KCNMB1	IU_PDA_T12	juxta_ct	TAM	58.2080135166893	TAM
KCNMB1	IU_PDA_T12	juxta_ct	Endothelial_cells	18.4751852481891	Endothelial cells
KCNMB1	IU_PDA_T12	juxta_ct	PVL	11.7273232141035	PVL
KCNMB1	IU_PDA_T12	juxta_ct	Normal_Epithelial_cells	0.170888012288941	Normal Epithelial cells
KCNMB1	IU_PDA_T12	juxta_ct	T_NK_cells	1.73674567826246	T-NK cells
KCNMB1	IU_PDA_T12	juxta_ct	Tumor_Epithelial_cells	53.0668738371307	Tumor Epithelial cells
KCNMB1	IU_PDA_T12	para_ct	Fibroblasts	34.2742366895175	Fibroblasts
KCNMB1	IU_PDA_T12	para_ct	Monocytes	35.9439635838571	Monocytes
KCNMB1	IU_PDA_T12	para_ct	B_cells	33.6675070041714	B cells
KCNMB1	IU_PDA_T12	para_ct	TAM	35.4219615946997	TAM
KCNMB1	IU_PDA_T12	para_ct	Endothelial_cells	35.0397851124529	Endothelial cells
KCNMB1	IU_PDA_T12	para_ct	PVL	38.7412283011245	PVL
KCNMB1	IU_PDA_T12	para_ct	Normal_Epithelial_cells	33.9326597632199	Normal Epithelial cells
KCNMB1	IU_PDA_T12	para_ct	T_NK_cells	35.6076388593925	T-NK cells
KCNMB1	IU_PDA_T12	para_ct	Tumor_Epithelial_cells	37.6288661671848	Tumor Epithelial cells
KCNMB1	IU_PDA_T2	intra	Fibroblasts	4.87088114638372	Fibroblasts
KCNMB1	IU_PDA_T2	intra	Monocytes	0.185015166382958	Monocytes
KCNMB1	IU_PDA_T2	intra	B_cells	1.85388911177712	B cells
KCNMB1	IU_PDA_T2	intra	TAM	2.95616664560162	TAM
KCNMB1	IU_PDA_T2	intra	Hepatocytes	0.000262804073629209	Hepatocytes
KCNMB1	IU_PDA_T2	intra	Endothelial_cells	0.000752112380629563	Endothelial cells
KCNMB1	IU_PDA_T2	intra	PVL	0.473730001154512	PVL
KCNMB1	IU_PDA_T2	intra	Normal_Epithelial_cells	0.00316374063671356	Normal Epithelial cells
KCNMB1	IU_PDA_T2	intra	T_NK_cells	0.000626382522134472	T-NK cells
KCNMB1	IU_PDA_T2	intra	Tumor_Epithelial_cells	4.86611879960682	Tumor Epithelial cells
KCNMB1	IU_PDA_T2	juxta_ct	Fibroblasts	6.20966350237581	Fibroblasts
KCNMB1	IU_PDA_T2	juxta_ct	Monocytes	0.716926859240388	Monocytes
KCNMB1	IU_PDA_T2	juxta_ct	B_cells	3.78391531712049	B cells
KCNMB1	IU_PDA_T2	juxta_ct	TAM	5.23199031791823	TAM
KCNMB1	IU_PDA_T2	juxta_ct	Hepatocytes	0.154056816217315	Hepatocytes
KCNMB1	IU_PDA_T2	juxta_ct	Endothelial_cells	0.431829931479476	Endothelial cells
KCNMB1	IU_PDA_T2	juxta_ct	PVL	0.125977166840722	PVL
KCNMB1	IU_PDA_T2	juxta_ct	Normal_Epithelial_cells	0.00900923364119124	Normal Epithelial cells
KCNMB1	IU_PDA_T2	juxta_ct	T_NK_cells	0.0122578596793737	T-NK cells
KCNMB1	IU_PDA_T2	juxta_ct	Tumor_Epithelial_cells	5.96523128905563	Tumor Epithelial cells
KCNMB1	IU_PDA_T2	para_ct	Fibroblasts	3.11179364801749	Fibroblasts
KCNMB1	IU_PDA_T2	para_ct	Monocytes	2.97523217903855	Monocytes
KCNMB1	IU_PDA_T2	para_ct	B_cells	3.28675148903432	B cells
KCNMB1	IU_PDA_T2	para_ct	TAM	3.31144712725454	TAM
KCNMB1	IU_PDA_T2	para_ct	Hepatocytes	2.80179463249518	Hepatocytes
KCNMB1	IU_PDA_T2	para_ct	Endothelial_cells	3.08563596794516	Endothelial cells
KCNMB1	IU_PDA_T2	para_ct	PVL	3.48274007460655	PVL
KCNMB1	IU_PDA_T2	para_ct	Normal_Epithelial_cells	3.29583124016603	Normal Epithelial cells
KCNMB1	IU_PDA_T2	para_ct	T_NK_cells	2.95282485011217	T-NK cells
KCNMB1	IU_PDA_T2	para_ct	Tumor_Epithelial_cells	3.52416094520213	Tumor Epithelial cells
KCNMB1	IU_PDA_T3	intra	Fibroblasts	19.3748350389432	Fibroblasts
KCNMB1	IU_PDA_T3	intra	Monocytes	9.453247173073	Monocytes
KCNMB1	IU_PDA_T3	intra	B_cells	15.6329720285609	B cells
KCNMB1	IU_PDA_T3	intra	TAM	7.32331006415009	TAM
KCNMB1	IU_PDA_T3	intra	Endothelial_cells	1.36197504412791	Endothelial cells
KCNMB1	IU_PDA_T3	intra	PVL	2.68409754911594	PVL
KCNMB1	IU_PDA_T3	intra	T_NK_cells	1.51576708187636	T-NK cells
KCNMB1	IU_PDA_T3	intra	Tumor_Epithelial_cells	9.75275322231248	Tumor Epithelial cells
KCNMB1	IU_PDA_T3	juxta_ct	Fibroblasts	22.5305713244906	Fibroblasts
KCNMB1	IU_PDA_T3	juxta_ct	Monocytes	19.5394232622644	Monocytes
KCNMB1	IU_PDA_T3	juxta_ct	B_cells	21.6526504010605	B cells
KCNMB1	IU_PDA_T3	juxta_ct	TAM	15.3532286036556	TAM
KCNMB1	IU_PDA_T3	juxta_ct	Endothelial_cells	3.62207976742671	Endothelial cells
KCNMB1	IU_PDA_T3	juxta_ct	PVL	4.30092332060586	PVL
KCNMB1	IU_PDA_T3	juxta_ct	T_NK_cells	3.03990866066151	T-NK cells
KCNMB1	IU_PDA_T3	juxta_ct	Tumor_Epithelial_cells	14.8676601517639	Tumor Epithelial cells
KCNMB1	IU_PDA_T3	para_ct	Fibroblasts	16.7429423950468	Fibroblasts
KCNMB1	IU_PDA_T3	para_ct	Monocytes	16.4758689233065	Monocytes
KCNMB1	IU_PDA_T3	para_ct	B_cells	16.3758829775767	B cells
KCNMB1	IU_PDA_T3	para_ct	TAM	17.1177184148451	TAM
KCNMB1	IU_PDA_T3	para_ct	Endothelial_cells	15.8999750856415	Endothelial cells
KCNMB1	IU_PDA_T3	para_ct	PVL	16.6773793228493	PVL
KCNMB1	IU_PDA_T3	para_ct	T_NK_cells	15.9422366209494	T-NK cells
KCNMB1	IU_PDA_T3	para_ct	Tumor_Epithelial_cells	16.8908567561351	Tumor Epithelial cells
KCNMB1	IU_PDA_T4	intra	Fibroblasts	10.9196454795576	Fibroblasts
KCNMB1	IU_PDA_T4	intra	Monocytes	3.94771031367444	Monocytes
KCNMB1	IU_PDA_T4	intra	B_cells	0.00471694597497692	B cells
KCNMB1	IU_PDA_T4	intra	TAM	6.57383421965671	TAM
KCNMB1	IU_PDA_T4	intra	Hepatocytes	0.000146750006628054	Hepatocytes
KCNMB1	IU_PDA_T4	intra	Endothelial_cells	0.428693137833723	Endothelial cells
KCNMB1	IU_PDA_T4	intra	PVL	6.24754159380041	PVL
KCNMB1	IU_PDA_T4	intra	T_NK_cells	0.706420681626707	T-NK cells
KCNMB1	IU_PDA_T4	intra	Tumor_Epithelial_cells	12.3468534751422	Tumor Epithelial cells
KCNMB1	IU_PDA_T4	juxta_ct	Fibroblasts	11.5686220425453	Fibroblasts
KCNMB1	IU_PDA_T4	juxta_ct	Monocytes	9.17064437762112	Monocytes
KCNMB1	IU_PDA_T4	juxta_ct	B_cells	0.26259393831692	B cells
KCNMB1	IU_PDA_T4	juxta_ct	TAM	9.16309387207457	TAM
KCNMB1	IU_PDA_T4	juxta_ct	Hepatocytes	0.000168743706691923	Hepatocytes
KCNMB1	IU_PDA_T4	juxta_ct	Endothelial_cells	3.00894753013547	Endothelial cells
KCNMB1	IU_PDA_T4	juxta_ct	PVL	7.53874896874398	PVL
KCNMB1	IU_PDA_T4	juxta_ct	T_NK_cells	0.335267161961203	T-NK cells
KCNMB1	IU_PDA_T4	juxta_ct	Tumor_Epithelial_cells	13.4305691674958	Tumor Epithelial cells
KCNMB1	IU_PDA_T4	para_ct	Fibroblasts	8.63118918865926	Fibroblasts
KCNMB1	IU_PDA_T4	para_ct	Monocytes	7.91998585065893	Monocytes
KCNMB1	IU_PDA_T4	para_ct	B_cells	6.43101829322566	B cells
KCNMB1	IU_PDA_T4	para_ct	TAM	6.65995265267258	TAM
KCNMB1	IU_PDA_T4	para_ct	Hepatocytes	6.81015694165428	Hepatocytes
KCNMB1	IU_PDA_T4	para_ct	Endothelial_cells	6.92944492060758	Endothelial cells
KCNMB1	IU_PDA_T4	para_ct	PVL	7.3947021488831	PVL
KCNMB1	IU_PDA_T4	para_ct	T_NK_cells	7.64012261556447	T-NK cells
KCNMB1	IU_PDA_T4	para_ct	Tumor_Epithelial_cells	6.7203594242672	Tumor Epithelial cells
KCNMB1	IU_PDA_T6	intra	Fibroblasts	4.79155798970667	Fibroblasts
KCNMB1	IU_PDA_T6	intra	Monocytes	0.0334004454257206	Monocytes
KCNMB1	IU_PDA_T6	intra	TAM	1.81581514741474	TAM
KCNMB1	IU_PDA_T6	intra	Endothelial_cells	0.00327109815205285	Endothelial cells
KCNMB1	IU_PDA_T6	intra	PVL	0.00066042620918997	PVL
KCNMB1	IU_PDA_T6	intra	Normal_Epithelial_cells	0.0129480504376045	Normal Epithelial cells
KCNMB1	IU_PDA_T6	intra	Tumor_Epithelial_cells	5.4384873005215	Tumor Epithelial cells
KCNMB1	IU_PDA_T6	juxta_ct	Fibroblasts	7.35986747841178	Fibroblasts
KCNMB1	IU_PDA_T6	juxta_ct	Monocytes	0.575535279141368	Monocytes
KCNMB1	IU_PDA_T6	juxta_ct	TAM	4.25395989553915	TAM
KCNMB1	IU_PDA_T6	juxta_ct	Endothelial_cells	0.289161401378859	Endothelial cells
KCNMB1	IU_PDA_T6	juxta_ct	PVL	0.00968681226766133	PVL
KCNMB1	IU_PDA_T6	juxta_ct	Normal_Epithelial_cells	0.0446497466128781	Normal Epithelial cells
KCNMB1	IU_PDA_T6	juxta_ct	Tumor_Epithelial_cells	6.46722734692557	Tumor Epithelial cells
KCNMB1	IU_PDA_T6	para_ct	Fibroblasts	11.985860486277	Fibroblasts
KCNMB1	IU_PDA_T6	para_ct	Monocytes	11.9477442393499	Monocytes
KCNMB1	IU_PDA_T6	para_ct	TAM	10.202666003656	TAM
KCNMB1	IU_PDA_T6	para_ct	Endothelial_cells	10.3805851832839	Endothelial cells
KCNMB1	IU_PDA_T6	para_ct	PVL	11.0189891506969	PVL
KCNMB1	IU_PDA_T6	para_ct	Normal_Epithelial_cells	12.9629901785308	Normal Epithelial cells
KCNMB1	IU_PDA_T6	para_ct	Tumor_Epithelial_cells	10.5335102181337	Tumor Epithelial cells
KCNMB1	IU_PDA_T8	intra	Fibroblasts	4.30787367537045	Fibroblasts
KCNMB1	IU_PDA_T8	intra	Monocytes	0.25110977460584	Monocytes
KCNMB1	IU_PDA_T8	intra	B_cells	2.20904703353926	B cells
KCNMB1	IU_PDA_T8	intra	TAM	2.61592094983417	TAM
KCNMB1	IU_PDA_T8	intra	Hepatocytes	0.000254840029780202	Hepatocytes
KCNMB1	IU_PDA_T8	intra	Endothelial_cells	0.319785960280468	Endothelial cells
KCNMB1	IU_PDA_T8	intra	PVL	0.282562825255626	PVL
KCNMB1	IU_PDA_T8	intra	Tumor_Epithelial_cells	4.44522411030356	Tumor Epithelial cells
KCNMB1	IU_PDA_T8	juxta_ct	Fibroblasts	7.38863835419947	Fibroblasts
KCNMB1	IU_PDA_T8	juxta_ct	Monocytes	0.96408356076125	Monocytes
KCNMB1	IU_PDA_T8	juxta_ct	B_cells	4.02770538907282	B cells
KCNMB1	IU_PDA_T8	juxta_ct	TAM	6.07401400370096	TAM
KCNMB1	IU_PDA_T8	juxta_ct	Hepatocytes	0.00269506629496372	Hepatocytes
KCNMB1	IU_PDA_T8	juxta_ct	Endothelial_cells	0.301344735377823	Endothelial cells
KCNMB1	IU_PDA_T8	juxta_ct	PVL	0.525969264973888	PVL
KCNMB1	IU_PDA_T8	juxta_ct	Tumor_Epithelial_cells	7.68287690771211	Tumor Epithelial cells
KCNMB1	IU_PDA_T8	para_ct	Fibroblasts	6.00149495278189	Fibroblasts
KCNMB1	IU_PDA_T8	para_ct	Monocytes	5.67497162263073	Monocytes
KCNMB1	IU_PDA_T8	para_ct	B_cells	5.92005999996752	B cells
KCNMB1	IU_PDA_T8	para_ct	TAM	6.43012346224772	TAM
KCNMB1	IU_PDA_T8	para_ct	Hepatocytes	5.78143186569711	Hepatocytes
KCNMB1	IU_PDA_T8	para_ct	Endothelial_cells	5.78114817337501	Endothelial cells
KCNMB1	IU_PDA_T8	para_ct	PVL	6.66991738769013	PVL
KCNMB1	IU_PDA_T8	para_ct	Tumor_Epithelial_cells	5.79129889488835	Tumor Epithelial cells
KCNMB1	IU_PDA_T9	intra	Fibroblasts	13.7249063599481	Fibroblasts
KCNMB1	IU_PDA_T9	intra	Monocytes	9.51607134634565	Monocytes
KCNMB1	IU_PDA_T9	intra	B_cells	1.94422351921213	B cells
KCNMB1	IU_PDA_T9	intra	TAM	4.29380242496557	TAM
KCNMB1	IU_PDA_T9	intra	Endothelial_cells	2.23647314343622	Endothelial cells
KCNMB1	IU_PDA_T9	intra	PVL	11.9713052992877	PVL
KCNMB1	IU_PDA_T9	intra	T_NK_cells	2.19826135753553	T-NK cells
KCNMB1	IU_PDA_T9	intra	Tumor_Epithelial_cells	8.81486718820895	Tumor Epithelial cells
KCNMB1	IU_PDA_T9	juxta_ct	Fibroblasts	23.0675136861927	Fibroblasts
KCNMB1	IU_PDA_T9	juxta_ct	Monocytes	22.0883914535405	Monocytes
KCNMB1	IU_PDA_T9	juxta_ct	B_cells	3.45790717366101	B cells
KCNMB1	IU_PDA_T9	juxta_ct	TAM	15.5858303709345	TAM
KCNMB1	IU_PDA_T9	juxta_ct	Endothelial_cells	7.42997841708398	Endothelial cells
KCNMB1	IU_PDA_T9	juxta_ct	PVL	11.9483292725222	PVL
KCNMB1	IU_PDA_T9	juxta_ct	T_NK_cells	5.39854874516166	T-NK cells
KCNMB1	IU_PDA_T9	juxta_ct	Tumor_Epithelial_cells	17.6775713926163	Tumor Epithelial cells
KCNMB1	IU_PDA_T9	para_ct	Fibroblasts	17.7688925137944	Fibroblasts
KCNMB1	IU_PDA_T9	para_ct	Monocytes	17.1181587161935	Monocytes
KCNMB1	IU_PDA_T9	para_ct	B_cells	18.7162751943221	B cells
KCNMB1	IU_PDA_T9	para_ct	TAM	16.7446294884657	TAM
KCNMB1	IU_PDA_T9	para_ct	Endothelial_cells	16.3824483463356	Endothelial cells
KCNMB1	IU_PDA_T9	para_ct	PVL	19.5996691888324	PVL
KCNMB1	IU_PDA_T9	para_ct	T_NK_cells	16.4150354799243	T-NK cells
KCNMB1	IU_PDA_T9	para_ct	Tumor_Epithelial_cells	16.9225466964271	Tumor Epithelial cells
KCNMB4	IU_PDA_T1	intra	Fibroblasts	9.04482644217423	Fibroblasts
KCNMB4	IU_PDA_T1	intra	Monocytes	2.27926633609093	Monocytes
KCNMB4	IU_PDA_T1	intra	B_cells	3.08597346448934	B cells
KCNMB4	IU_PDA_T1	intra	TAM	4.71803629421304	TAM
KCNMB4	IU_PDA_T1	intra	Hepatocytes	0.00229264316243827	Hepatocytes
KCNMB4	IU_PDA_T1	intra	Endothelial_cells	0.00601856980990045	Endothelial cells
KCNMB4	IU_PDA_T1	intra	PVL	0.314967690809891	PVL
KCNMB4	IU_PDA_T1	intra	T_NK_cells	0.00814492734474112	T-NK cells
KCNMB4	IU_PDA_T1	intra	Tumor_Epithelial_cells	3.77983359822314	Tumor Epithelial cells
KCNMB4	IU_PDA_T1	juxta_ct	Fibroblasts	10.6448911668282	Fibroblasts
KCNMB4	IU_PDA_T1	juxta_ct	Monocytes	4.52342335975961	Monocytes
KCNMB4	IU_PDA_T1	juxta_ct	B_cells	5.67129477764331	B cells
KCNMB4	IU_PDA_T1	juxta_ct	TAM	9.8907212523685	TAM
KCNMB4	IU_PDA_T1	juxta_ct	Hepatocytes	0.00131444172451124	Hepatocytes
KCNMB4	IU_PDA_T1	juxta_ct	Endothelial_cells	0.422016045762026	Endothelial cells
KCNMB4	IU_PDA_T1	juxta_ct	PVL	0.00170990430631447	PVL
KCNMB4	IU_PDA_T1	juxta_ct	T_NK_cells	0.105735208296078	T-NK cells
KCNMB4	IU_PDA_T1	juxta_ct	Tumor_Epithelial_cells	6.89112118968893	Tumor Epithelial cells
KCNMB4	IU_PDA_T1	para_ct	Fibroblasts	5.43574088755464	Fibroblasts
KCNMB4	IU_PDA_T1	para_ct	Monocytes	4.32313499443039	Monocytes
KCNMB4	IU_PDA_T1	para_ct	B_cells	4.71596915545812	B cells
KCNMB4	IU_PDA_T1	para_ct	TAM	5.27454760970766	TAM
KCNMB4	IU_PDA_T1	para_ct	Hepatocytes	5.34584306898033	Hepatocytes
KCNMB4	IU_PDA_T1	para_ct	Endothelial_cells	5.96725422811973	Endothelial cells
KCNMB4	IU_PDA_T1	para_ct	PVL	5.1668212132598	PVL
KCNMB4	IU_PDA_T1	para_ct	T_NK_cells	4.94122964122318	T-NK cells
KCNMB4	IU_PDA_T1	para_ct	Tumor_Epithelial_cells	5.94072544950363	Tumor Epithelial cells
KCNMB4	IU_PDA_T10	intra	Fibroblasts	1.9841562735855	Fibroblasts
KCNMB4	IU_PDA_T10	intra	Monocytes	0.314159788012307	Monocytes
KCNMB4	IU_PDA_T10	intra	B_cells	1.29915034316951	B cells
KCNMB4	IU_PDA_T10	intra	TAM	1.13660489935768	TAM
KCNMB4	IU_PDA_T10	intra	Endothelial_cells	0.000166748212418244	Endothelial cells
KCNMB4	IU_PDA_T10	intra	PVL	0.00119832824611466	PVL
KCNMB4	IU_PDA_T10	intra	T_NK_cells	0.00194224987302317	T-NK cells
KCNMB4	IU_PDA_T10	intra	Tumor_Epithelial_cells	1.73054116573123	Tumor Epithelial cells
KCNMB4	IU_PDA_T10	juxta_ct	Fibroblasts	2.17116047931331	Fibroblasts
KCNMB4	IU_PDA_T10	juxta_ct	Monocytes	0.965885924892362	Monocytes
KCNMB4	IU_PDA_T10	juxta_ct	B_cells	1.85689703045507	B cells
KCNMB4	IU_PDA_T10	juxta_ct	TAM	1.82859169588126	TAM
KCNMB4	IU_PDA_T10	juxta_ct	Endothelial_cells	0.134339844093491	Endothelial cells
KCNMB4	IU_PDA_T10	juxta_ct	PVL	0.179893312503084	PVL
KCNMB4	IU_PDA_T10	juxta_ct	T_NK_cells	0.10488242672565	T-NK cells
KCNMB4	IU_PDA_T10	juxta_ct	Tumor_Epithelial_cells	1.89386582265276	Tumor Epithelial cells
KCNMB4	IU_PDA_T10	para_ct	Fibroblasts	1.5355738676197	Fibroblasts
KCNMB4	IU_PDA_T10	para_ct	Monocytes	1.34911427039017	Monocytes
KCNMB4	IU_PDA_T10	para_ct	B_cells	1.20941621774107	B cells
KCNMB4	IU_PDA_T10	para_ct	TAM	1.30682248070773	TAM
KCNMB4	IU_PDA_T10	para_ct	Endothelial_cells	1.25226797450423	Endothelial cells
KCNMB4	IU_PDA_T10	para_ct	PVL	1.34428051772156	PVL
KCNMB4	IU_PDA_T10	para_ct	T_NK_cells	1.1420738204492	T-NK cells
KCNMB4	IU_PDA_T10	para_ct	Tumor_Epithelial_cells	1.299542063721	Tumor Epithelial cells
KCNMB4	IU_PDA_T11	intra	Fibroblasts	7.32215992165451	Fibroblasts
KCNMB4	IU_PDA_T11	intra	Monocytes	2.90453983677544	Monocytes
KCNMB4	IU_PDA_T11	intra	B_cells	0.00591326179118746	B cells
KCNMB4	IU_PDA_T11	intra	TAM	4.5062389257402	TAM
KCNMB4	IU_PDA_T11	intra	Endothelial_cells	0.635185218778339	Endothelial cells
KCNMB4	IU_PDA_T11	intra	PVL	0.360401439511206	PVL
KCNMB4	IU_PDA_T11	intra	Tumor_Epithelial_cells	7.10771046781996	Tumor Epithelial cells
KCNMB4	IU_PDA_T11	juxta_ct	Fibroblasts	14.2818977751609	Fibroblasts
KCNMB4	IU_PDA_T11	juxta_ct	Monocytes	3.20151666958276	Monocytes
KCNMB4	IU_PDA_T11	juxta_ct	B_cells	0.0295101198777871	B cells
KCNMB4	IU_PDA_T11	juxta_ct	TAM	8.98169707658114	TAM
KCNMB4	IU_PDA_T11	juxta_ct	Endothelial_cells	1.97607225969155	Endothelial cells
KCNMB4	IU_PDA_T11	juxta_ct	PVL	1.04138188784759	PVL
KCNMB4	IU_PDA_T11	juxta_ct	Tumor_Epithelial_cells	14.2238689291657	Tumor Epithelial cells
KCNMB4	IU_PDA_T11	para_ct	Fibroblasts	11.5026917655654	Fibroblasts
KCNMB4	IU_PDA_T11	para_ct	Monocytes	11.2017102681002	Monocytes
KCNMB4	IU_PDA_T11	para_ct	B_cells	11.8083350144639	B cells
KCNMB4	IU_PDA_T11	para_ct	TAM	10.7559478915841	TAM
KCNMB4	IU_PDA_T11	para_ct	Endothelial_cells	10.9085669030809	Endothelial cells
KCNMB4	IU_PDA_T11	para_ct	PVL	10.6569557058716	PVL
KCNMB4	IU_PDA_T11	para_ct	Tumor_Epithelial_cells	12.6309632636777	Tumor Epithelial cells
KCNMB4	IU_PDA_T12	intra	Fibroblasts	39.8086677224013	Fibroblasts
KCNMB4	IU_PDA_T12	intra	Monocytes	3.48408818618228	Monocytes
KCNMB4	IU_PDA_T12	intra	B_cells	30.213383905871	B cells
KCNMB4	IU_PDA_T12	intra	TAM	37.2029340921848	TAM
KCNMB4	IU_PDA_T12	intra	Endothelial_cells	7.43826788426915	Endothelial cells
KCNMB4	IU_PDA_T12	intra	PVL	2.6497475041693	PVL
KCNMB4	IU_PDA_T12	intra	Normal_Epithelial_cells	0.00360704079260472	Normal Epithelial cells
KCNMB4	IU_PDA_T12	intra	T_NK_cells	0.119198693052564	T-NK cells
KCNMB4	IU_PDA_T12	intra	Tumor_Epithelial_cells	28.2397307462345	Tumor Epithelial cells
KCNMB4	IU_PDA_T12	juxta_ct	Fibroblasts	47.9825935221946	Fibroblasts
KCNMB4	IU_PDA_T12	juxta_ct	Monocytes	10.9929583909735	Monocytes
KCNMB4	IU_PDA_T12	juxta_ct	B_cells	42.3941342400136	B cells
KCNMB4	IU_PDA_T12	juxta_ct	TAM	47.481587979817	TAM
KCNMB4	IU_PDA_T12	juxta_ct	Endothelial_cells	15.4268092008938	Endothelial cells
KCNMB4	IU_PDA_T12	juxta_ct	PVL	5.31192119336569	PVL
KCNMB4	IU_PDA_T12	juxta_ct	Normal_Epithelial_cells	0.188508159930131	Normal Epithelial cells
KCNMB4	IU_PDA_T12	juxta_ct	T_NK_cells	0.800877857922554	T-NK cells
KCNMB4	IU_PDA_T12	juxta_ct	Tumor_Epithelial_cells	44.0233562784249	Tumor Epithelial cells
KCNMB4	IU_PDA_T12	para_ct	Fibroblasts	28.4225496252142	Fibroblasts
KCNMB4	IU_PDA_T12	para_ct	Monocytes	28.905414624165	Monocytes
KCNMB4	IU_PDA_T12	para_ct	B_cells	24.9705355270489	B cells
KCNMB4	IU_PDA_T12	para_ct	TAM	28.2881817960353	TAM
KCNMB4	IU_PDA_T12	para_ct	Endothelial_cells	26.0256841447087	Endothelial cells
KCNMB4	IU_PDA_T12	para_ct	PVL	25.8204729970631	PVL
KCNMB4	IU_PDA_T12	para_ct	Normal_Epithelial_cells	26.7037924571395	Normal Epithelial cells
KCNMB4	IU_PDA_T12	para_ct	T_NK_cells	26.5213575925277	T-NK cells
KCNMB4	IU_PDA_T12	para_ct	Tumor_Epithelial_cells	29.6762136270689	Tumor Epithelial cells
KCNMB4	IU_PDA_T2	intra	Fibroblasts	8.03794072878884	Fibroblasts
KCNMB4	IU_PDA_T2	intra	Monocytes	0.408412050345059	Monocytes
KCNMB4	IU_PDA_T2	intra	B_cells	2.87456850317328	B cells
KCNMB4	IU_PDA_T2	intra	TAM	4.07180684640301	TAM
KCNMB4	IU_PDA_T2	intra	Hepatocytes	0.00110766663577754	Hepatocytes
KCNMB4	IU_PDA_T2	intra	Endothelial_cells	0.00422108964900106	Endothelial cells
KCNMB4	IU_PDA_T2	intra	PVL	0.271587237734198	PVL
KCNMB4	IU_PDA_T2	intra	Normal_Epithelial_cells	0.00272853083036262	Normal Epithelial cells
KCNMB4	IU_PDA_T2	intra	T_NK_cells	0.368529202845792	T-NK cells
KCNMB4	IU_PDA_T2	intra	Tumor_Epithelial_cells	8.23556877800868	Tumor Epithelial cells
KCNMB4	IU_PDA_T2	juxta_ct	Fibroblasts	14.1776795871678	Fibroblasts
KCNMB4	IU_PDA_T2	juxta_ct	Monocytes	1.90348310820078	Monocytes
KCNMB4	IU_PDA_T2	juxta_ct	B_cells	8.43088990090558	B cells
KCNMB4	IU_PDA_T2	juxta_ct	TAM	10.2549586456039	TAM
KCNMB4	IU_PDA_T2	juxta_ct	Hepatocytes	0.0113127248487525	Hepatocytes
KCNMB4	IU_PDA_T2	juxta_ct	Endothelial_cells	0.327159817587821	Endothelial cells
KCNMB4	IU_PDA_T2	juxta_ct	PVL	0.176760406203374	PVL
KCNMB4	IU_PDA_T2	juxta_ct	Normal_Epithelial_cells	0.0421346105501359	Normal Epithelial cells
KCNMB4	IU_PDA_T2	juxta_ct	T_NK_cells	0.28583282654528	T-NK cells
KCNMB4	IU_PDA_T2	juxta_ct	Tumor_Epithelial_cells	13.5945302974373	Tumor Epithelial cells
KCNMB4	IU_PDA_T2	para_ct	Fibroblasts	8.16636068052524	Fibroblasts
KCNMB4	IU_PDA_T2	para_ct	Monocytes	7.7472070229288	Monocytes
KCNMB4	IU_PDA_T2	para_ct	B_cells	8.41318858442832	B cells
KCNMB4	IU_PDA_T2	para_ct	TAM	8.0346437796202	TAM
KCNMB4	IU_PDA_T2	para_ct	Hepatocytes	7.24583283980047	Hepatocytes
KCNMB4	IU_PDA_T2	para_ct	Endothelial_cells	7.08392394147535	Endothelial cells
KCNMB4	IU_PDA_T2	para_ct	PVL	7.48070897246232	PVL
KCNMB4	IU_PDA_T2	para_ct	Normal_Epithelial_cells	7.2879944194927	Normal Epithelial cells
KCNMB4	IU_PDA_T2	para_ct	T_NK_cells	6.94520678648949	T-NK cells
KCNMB4	IU_PDA_T2	para_ct	Tumor_Epithelial_cells	7.61366462702422	Tumor Epithelial cells
KCNMB4	IU_PDA_T3	intra	Fibroblasts	25.5597632280632	Fibroblasts
KCNMB4	IU_PDA_T3	intra	Monocytes	12.4126554791971	Monocytes
KCNMB4	IU_PDA_T3	intra	B_cells	21.1105401898724	B cells
KCNMB4	IU_PDA_T3	intra	TAM	12.6390555125469	TAM
KCNMB4	IU_PDA_T3	intra	Endothelial_cells	2.27139117278875	Endothelial cells
KCNMB4	IU_PDA_T3	intra	PVL	3.43898446785373	PVL
KCNMB4	IU_PDA_T3	intra	T_NK_cells	1.52647879025201	T-NK cells
KCNMB4	IU_PDA_T3	intra	Tumor_Epithelial_cells	14.6264593615433	Tumor Epithelial cells
KCNMB4	IU_PDA_T3	juxta_ct	Fibroblasts	33.1446413956641	Fibroblasts
KCNMB4	IU_PDA_T3	juxta_ct	Monocytes	27.3493047743475	Monocytes
KCNMB4	IU_PDA_T3	juxta_ct	B_cells	30.528832696753	B cells
KCNMB4	IU_PDA_T3	juxta_ct	TAM	24.0633117262241	TAM
KCNMB4	IU_PDA_T3	juxta_ct	Endothelial_cells	6.26153487202137	Endothelial cells
KCNMB4	IU_PDA_T3	juxta_ct	PVL	7.25306426146406	PVL
KCNMB4	IU_PDA_T3	juxta_ct	T_NK_cells	3.78405278639006	T-NK cells
KCNMB4	IU_PDA_T3	juxta_ct	Tumor_Epithelial_cells	21.90551795825	Tumor Epithelial cells
KCNMB4	IU_PDA_T3	para_ct	Fibroblasts	23.7231732314908	Fibroblasts
KCNMB4	IU_PDA_T3	para_ct	Monocytes	23.3644418561553	Monocytes
KCNMB4	IU_PDA_T3	para_ct	B_cells	26.6780857270043	B cells
KCNMB4	IU_PDA_T3	para_ct	TAM	23.4183055572763	TAM
KCNMB4	IU_PDA_T3	para_ct	Endothelial_cells	23.6619289884126	Endothelial cells
KCNMB4	IU_PDA_T3	para_ct	PVL	23.0466895404044	PVL
KCNMB4	IU_PDA_T3	para_ct	T_NK_cells	24.101378508514	T-NK cells
KCNMB4	IU_PDA_T3	para_ct	Tumor_Epithelial_cells	24.3871123290809	Tumor Epithelial cells
KCNMB4	IU_PDA_T4	intra	Fibroblasts	12.7679464526392	Fibroblasts
KCNMB4	IU_PDA_T4	intra	Monocytes	4.06914304068271	Monocytes
KCNMB4	IU_PDA_T4	intra	B_cells	0.00698759061588509	B cells
KCNMB4	IU_PDA_T4	intra	TAM	5.77542297441105	TAM
KCNMB4	IU_PDA_T4	intra	Hepatocytes	0.00421238210265152	Hepatocytes
KCNMB4	IU_PDA_T4	intra	Endothelial_cells	0.358726375979917	Endothelial cells
KCNMB4	IU_PDA_T4	intra	PVL	0.772910411493054	PVL
KCNMB4	IU_PDA_T4	intra	T_NK_cells	0.00181160736506213	T-NK cells
KCNMB4	IU_PDA_T4	intra	Tumor_Epithelial_cells	11.8056162384907	Tumor Epithelial cells
KCNMB4	IU_PDA_T4	juxta_ct	Fibroblasts	17.1346716948117	Fibroblasts
KCNMB4	IU_PDA_T4	juxta_ct	Monocytes	7.36503626306363	Monocytes
KCNMB4	IU_PDA_T4	juxta_ct	B_cells	0.608046602890211	B cells
KCNMB4	IU_PDA_T4	juxta_ct	TAM	12.5384673910035	TAM
KCNMB4	IU_PDA_T4	juxta_ct	Hepatocytes	0.0068871786071058	Hepatocytes
KCNMB4	IU_PDA_T4	juxta_ct	Endothelial_cells	0.913797669828816	Endothelial cells
KCNMB4	IU_PDA_T4	juxta_ct	PVL	1.86113095064278	PVL
KCNMB4	IU_PDA_T4	juxta_ct	T_NK_cells	0.197227500808522	T-NK cells
KCNMB4	IU_PDA_T4	juxta_ct	Tumor_Epithelial_cells	17.1742145363194	Tumor Epithelial cells
KCNMB4	IU_PDA_T4	para_ct	Fibroblasts	8.81699742500989	Fibroblasts
KCNMB4	IU_PDA_T4	para_ct	Monocytes	9.76401119381916	Monocytes
KCNMB4	IU_PDA_T4	para_ct	B_cells	9.30545939948803	B cells
KCNMB4	IU_PDA_T4	para_ct	TAM	9.35700375529658	TAM
KCNMB4	IU_PDA_T4	para_ct	Hepatocytes	8.41519898904523	Hepatocytes
KCNMB4	IU_PDA_T4	para_ct	Endothelial_cells	9.36612645384888	Endothelial cells
KCNMB4	IU_PDA_T4	para_ct	PVL	8.09627682732395	PVL
KCNMB4	IU_PDA_T4	para_ct	T_NK_cells	10.6053527598829	T-NK cells
KCNMB4	IU_PDA_T4	para_ct	Tumor_Epithelial_cells	9.71553248316262	Tumor Epithelial cells
KCNMB4	IU_PDA_T6	intra	Fibroblasts	4.17281939852706	Fibroblasts
KCNMB4	IU_PDA_T6	intra	Monocytes	0.445864384659341	Monocytes
KCNMB4	IU_PDA_T6	intra	TAM	1.8787508433709	TAM
KCNMB4	IU_PDA_T6	intra	Endothelial_cells	0.00378321638624873	Endothelial cells
KCNMB4	IU_PDA_T6	intra	PVL	0.000513962354719194	PVL
KCNMB4	IU_PDA_T6	intra	Normal_Epithelial_cells	0.171368182000993	Normal Epithelial cells
KCNMB4	IU_PDA_T6	intra	Tumor_Epithelial_cells	4.36875199573706	Tumor Epithelial cells
KCNMB4	IU_PDA_T6	juxta_ct	Fibroblasts	6.20449319222968	Fibroblasts
KCNMB4	IU_PDA_T6	juxta_ct	Monocytes	0.488044787019619	Monocytes
KCNMB4	IU_PDA_T6	juxta_ct	TAM	3.55944314647777	TAM
KCNMB4	IU_PDA_T6	juxta_ct	Endothelial_cells	0.0184608700933289	Endothelial cells
KCNMB4	IU_PDA_T6	juxta_ct	PVL	0.00197274072860685	PVL
KCNMB4	IU_PDA_T6	juxta_ct	Normal_Epithelial_cells	0.213105568783709	Normal Epithelial cells
KCNMB4	IU_PDA_T6	juxta_ct	Tumor_Epithelial_cells	6.25899416371985	Tumor Epithelial cells
KCNMB4	IU_PDA_T6	para_ct	Fibroblasts	10.516140396174	Fibroblasts
KCNMB4	IU_PDA_T6	para_ct	Monocytes	10.7644854510079	Monocytes
KCNMB4	IU_PDA_T6	para_ct	TAM	8.77853878984811	TAM
KCNMB4	IU_PDA_T6	para_ct	Endothelial_cells	8.85155498099988	Endothelial cells
KCNMB4	IU_PDA_T6	para_ct	PVL	9.33362274807881	PVL
KCNMB4	IU_PDA_T6	para_ct	Normal_Epithelial_cells	10.1186648400553	Normal Epithelial cells
KCNMB4	IU_PDA_T6	para_ct	Tumor_Epithelial_cells	10.3028635217305	Tumor Epithelial cells
KCNMB4	IU_PDA_T8	intra	Fibroblasts	3.14930854492691	Fibroblasts
KCNMB4	IU_PDA_T8	intra	Monocytes	0.14501498338063	Monocytes
KCNMB4	IU_PDA_T8	intra	B_cells	2.20574924028228	B cells
KCNMB4	IU_PDA_T8	intra	TAM	1.85730070308986	TAM
KCNMB4	IU_PDA_T8	intra	Hepatocytes	0.000252390145941945	Hepatocytes
KCNMB4	IU_PDA_T8	intra	Endothelial_cells	0.000824103703144565	Endothelial cells
KCNMB4	IU_PDA_T8	intra	PVL	0.000551982757097992	PVL
KCNMB4	IU_PDA_T8	intra	Tumor_Epithelial_cells	3.21780535827332	Tumor Epithelial cells
KCNMB4	IU_PDA_T8	juxta_ct	Fibroblasts	4.68367251896767	Fibroblasts
KCNMB4	IU_PDA_T8	juxta_ct	Monocytes	0.35157157758017	Monocytes
KCNMB4	IU_PDA_T8	juxta_ct	B_cells	3.1953777913474	B cells
KCNMB4	IU_PDA_T8	juxta_ct	TAM	4.31523040424945	TAM
KCNMB4	IU_PDA_T8	juxta_ct	Hepatocytes	0.000460958898056283	Hepatocytes
KCNMB4	IU_PDA_T8	juxta_ct	Endothelial_cells	0.113976513717978	Endothelial cells
KCNMB4	IU_PDA_T8	juxta_ct	PVL	0.234092473139562	PVL
KCNMB4	IU_PDA_T8	juxta_ct	Tumor_Epithelial_cells	4.95024547495881	Tumor Epithelial cells
KCNMB4	IU_PDA_T8	para_ct	Fibroblasts	3.54420798364992	Fibroblasts
KCNMB4	IU_PDA_T8	para_ct	Monocytes	3.11650977329175	Monocytes
KCNMB4	IU_PDA_T8	para_ct	B_cells	3.30200867163034	B cells
KCNMB4	IU_PDA_T8	para_ct	TAM	3.21497181677104	TAM
KCNMB4	IU_PDA_T8	para_ct	Hepatocytes	3.1742135581078	Hepatocytes
KCNMB4	IU_PDA_T8	para_ct	Endothelial_cells	3.46792302619726	Endothelial cells
KCNMB4	IU_PDA_T8	para_ct	PVL	3.67023370885075	PVL
KCNMB4	IU_PDA_T8	para_ct	Tumor_Epithelial_cells	3.73778573394386	Tumor Epithelial cells
KCNMB4	IU_PDA_T9	intra	Fibroblasts	8.69979234375836	Fibroblasts
KCNMB4	IU_PDA_T9	intra	Monocytes	5.38677903370586	Monocytes
KCNMB4	IU_PDA_T9	intra	B_cells	0.540891896874646	B cells
KCNMB4	IU_PDA_T9	intra	TAM	2.89306775552329	TAM
KCNMB4	IU_PDA_T9	intra	Endothelial_cells	0.799427985429902	Endothelial cells
KCNMB4	IU_PDA_T9	intra	PVL	1.97337289307542	PVL
KCNMB4	IU_PDA_T9	intra	T_NK_cells	2.08646877463983	T-NK cells
KCNMB4	IU_PDA_T9	intra	Tumor_Epithelial_cells	5.0920761158425	Tumor Epithelial cells
KCNMB4	IU_PDA_T9	juxta_ct	Fibroblasts	12.9433479546852	Fibroblasts
KCNMB4	IU_PDA_T9	juxta_ct	Monocytes	11.8554094717388	Monocytes
KCNMB4	IU_PDA_T9	juxta_ct	B_cells	0.658971922294872	B cells
KCNMB4	IU_PDA_T9	juxta_ct	TAM	8.44801523390097	TAM
KCNMB4	IU_PDA_T9	juxta_ct	Endothelial_cells	2.69741415743258	Endothelial cells
KCNMB4	IU_PDA_T9	juxta_ct	PVL	2.69446473894946	PVL
KCNMB4	IU_PDA_T9	juxta_ct	T_NK_cells	2.41059166168092	T-NK cells
KCNMB4	IU_PDA_T9	juxta_ct	Tumor_Epithelial_cells	10.9646411316292	Tumor Epithelial cells
KCNMB4	IU_PDA_T9	para_ct	Fibroblasts	8.10077995125973	Fibroblasts
KCNMB4	IU_PDA_T9	para_ct	Monocytes	8.83932576213089	Monocytes
KCNMB4	IU_PDA_T9	para_ct	B_cells	8.86683596517945	B cells
KCNMB4	IU_PDA_T9	para_ct	TAM	9.20780993317095	TAM
KCNMB4	IU_PDA_T9	para_ct	Endothelial_cells	8.8219641449196	Endothelial cells
KCNMB4	IU_PDA_T9	para_ct	PVL	9.06501598297514	PVL
KCNMB4	IU_PDA_T9	para_ct	T_NK_cells	8.77108996131444	T-NK cells
KCNMB4	IU_PDA_T9	para_ct	Tumor_Epithelial_cells	9.18653795567672	Tumor Epithelial cells
KCNN3	IU_PDA_T1	intra	Fibroblasts	3.22892632179694	Fibroblasts
KCNN3	IU_PDA_T1	intra	Monocytes	0.698062725787289	Monocytes
KCNN3	IU_PDA_T1	intra	B_cells	1.56754767028186	B cells
KCNN3	IU_PDA_T1	intra	TAM	1.86230722894029	TAM
KCNN3	IU_PDA_T1	intra	Hepatocytes	2.35952872828222e-05	Hepatocytes
KCNN3	IU_PDA_T1	intra	Endothelial_cells	0.00186985630618512	Endothelial cells
KCNN3	IU_PDA_T1	intra	PVL	0.000105163100440679	PVL
KCNN3	IU_PDA_T1	intra	T_NK_cells	8.54349614888664e-05	T-NK cells
KCNN3	IU_PDA_T1	intra	Tumor_Epithelial_cells	1.44629414240507	Tumor Epithelial cells
KCNN3	IU_PDA_T1	juxta_ct	Fibroblasts	3.90302193103611	Fibroblasts
KCNN3	IU_PDA_T1	juxta_ct	Monocytes	1.79525898430107	Monocytes
KCNN3	IU_PDA_T1	juxta_ct	B_cells	2.10699030899351	B cells
KCNN3	IU_PDA_T1	juxta_ct	TAM	2.89424952002723	TAM
KCNN3	IU_PDA_T1	juxta_ct	Hepatocytes	1.6559328835152e-05	Hepatocytes
KCNN3	IU_PDA_T1	juxta_ct	Endothelial_cells	0.00400620108741052	Endothelial cells
KCNN3	IU_PDA_T1	juxta_ct	PVL	0.000209294187635178	PVL
KCNN3	IU_PDA_T1	juxta_ct	T_NK_cells	0.00294303950911107	T-NK cells
KCNN3	IU_PDA_T1	juxta_ct	Tumor_Epithelial_cells	2.74476952025116	Tumor Epithelial cells
KCNN3	IU_PDA_T1	para_ct	Fibroblasts	1.80183251883526	Fibroblasts
KCNN3	IU_PDA_T1	para_ct	Monocytes	1.84757510232355	Monocytes
KCNN3	IU_PDA_T1	para_ct	B_cells	2.57337374939916	B cells
KCNN3	IU_PDA_T1	para_ct	TAM	1.61132716090229	TAM
KCNN3	IU_PDA_T1	para_ct	Hepatocytes	2.30970874049013	Hepatocytes
KCNN3	IU_PDA_T1	para_ct	Endothelial_cells	2.02538152035327	Endothelial cells
KCNN3	IU_PDA_T1	para_ct	PVL	1.62456279962793	PVL
KCNN3	IU_PDA_T1	para_ct	T_NK_cells	2.15436107334896	T-NK cells
KCNN3	IU_PDA_T1	para_ct	Tumor_Epithelial_cells	1.83695765463312	Tumor Epithelial cells
KCNN3	IU_PDA_T10	intra	Fibroblasts	3.73208591100495	Fibroblasts
KCNN3	IU_PDA_T10	intra	Monocytes	0.90092312802266	Monocytes
KCNN3	IU_PDA_T10	intra	B_cells	2.70148314795602	B cells
KCNN3	IU_PDA_T10	intra	TAM	2.17724669297258	TAM
KCNN3	IU_PDA_T10	intra	Endothelial_cells	0.00117184829064083	Endothelial cells
KCNN3	IU_PDA_T10	intra	PVL	0.00842039966928592	PVL
KCNN3	IU_PDA_T10	intra	T_NK_cells	0.200397765300363	T-NK cells
KCNN3	IU_PDA_T10	intra	Tumor_Epithelial_cells	3.56639034498086	Tumor Epithelial cells
KCNN3	IU_PDA_T10	juxta_ct	Fibroblasts	3.88959385277029	Fibroblasts
KCNN3	IU_PDA_T10	juxta_ct	Monocytes	1.72058039608139	Monocytes
KCNN3	IU_PDA_T10	juxta_ct	B_cells	3.96340987674516	B cells
KCNN3	IU_PDA_T10	juxta_ct	TAM	3.80169181028333	TAM
KCNN3	IU_PDA_T10	juxta_ct	Endothelial_cells	0.168736424734326	Endothelial cells
KCNN3	IU_PDA_T10	juxta_ct	PVL	0.293704427637475	PVL
KCNN3	IU_PDA_T10	juxta_ct	T_NK_cells	0.183832356847132	T-NK cells
KCNN3	IU_PDA_T10	juxta_ct	Tumor_Epithelial_cells	3.99978977017376	Tumor Epithelial cells
KCNN3	IU_PDA_T10	para_ct	Fibroblasts	3.17546523326714	Fibroblasts
KCNN3	IU_PDA_T10	para_ct	Monocytes	2.49120285932939	Monocytes
KCNN3	IU_PDA_T10	para_ct	B_cells	2.61063369081275	B cells
KCNN3	IU_PDA_T10	para_ct	TAM	2.40468603647272	TAM
KCNN3	IU_PDA_T10	para_ct	Endothelial_cells	2.33283770103704	Endothelial cells
KCNN3	IU_PDA_T10	para_ct	PVL	2.64510889943085	PVL
KCNN3	IU_PDA_T10	para_ct	T_NK_cells	2.64419264689585	T-NK cells
KCNN3	IU_PDA_T10	para_ct	Tumor_Epithelial_cells	2.65064387840028	Tumor Epithelial cells
KCNN3	IU_PDA_T11	intra	Fibroblasts	4.63366099579478	Fibroblasts
KCNN3	IU_PDA_T11	intra	Monocytes	0.0919270358633657	Monocytes
KCNN3	IU_PDA_T11	intra	B_cells	0.00221329291737434	B cells
KCNN3	IU_PDA_T11	intra	TAM	2.61794301806287	TAM
KCNN3	IU_PDA_T11	intra	Endothelial_cells	1.45288166048388	Endothelial cells
KCNN3	IU_PDA_T11	intra	PVL	0.967310883151357	PVL
KCNN3	IU_PDA_T11	intra	Tumor_Epithelial_cells	4.32916204903163	Tumor Epithelial cells
KCNN3	IU_PDA_T11	juxta_ct	Fibroblasts	7.24557563590701	Fibroblasts
KCNN3	IU_PDA_T11	juxta_ct	Monocytes	0.830456590782377	Monocytes
KCNN3	IU_PDA_T11	juxta_ct	B_cells	0.246611259694556	B cells
KCNN3	IU_PDA_T11	juxta_ct	TAM	4.82802112231294	TAM
KCNN3	IU_PDA_T11	juxta_ct	Endothelial_cells	1.67709646172148	Endothelial cells
KCNN3	IU_PDA_T11	juxta_ct	PVL	1.34853963930404	PVL
KCNN3	IU_PDA_T11	juxta_ct	Tumor_Epithelial_cells	6.28041061185976	Tumor Epithelial cells
KCNN3	IU_PDA_T11	para_ct	Fibroblasts	4.91323902438659	Fibroblasts
KCNN3	IU_PDA_T11	para_ct	Monocytes	4.75848213879744	Monocytes
KCNN3	IU_PDA_T11	para_ct	B_cells	4.68281665846559	B cells
KCNN3	IU_PDA_T11	para_ct	TAM	5.48057810836674	TAM
KCNN3	IU_PDA_T11	para_ct	Endothelial_cells	4.33323980829662	Endothelial cells
KCNN3	IU_PDA_T11	para_ct	PVL	5.08417280352636	PVL
KCNN3	IU_PDA_T11	para_ct	Tumor_Epithelial_cells	5.30266188075708	Tumor Epithelial cells
KCNN3	IU_PDA_T12	intra	Fibroblasts	20.4840212446838	Fibroblasts
KCNN3	IU_PDA_T12	intra	Monocytes	2.65964858242013	Monocytes
KCNN3	IU_PDA_T12	intra	B_cells	16.3281453152966	B cells
KCNN3	IU_PDA_T12	intra	TAM	19.1707890903707	TAM
KCNN3	IU_PDA_T12	intra	Endothelial_cells	8.07169618096626	Endothelial cells
KCNN3	IU_PDA_T12	intra	PVL	1.42222441083489	PVL
KCNN3	IU_PDA_T12	intra	Normal_Epithelial_cells	0.00792461275527313	Normal Epithelial cells
KCNN3	IU_PDA_T12	intra	T_NK_cells	0.577892688992327	T-NK cells
KCNN3	IU_PDA_T12	intra	Tumor_Epithelial_cells	13.8018428100203	Tumor Epithelial cells
KCNN3	IU_PDA_T12	juxta_ct	Fibroblasts	22.543593883944	Fibroblasts
KCNN3	IU_PDA_T12	juxta_ct	Monocytes	5.51974258232802	Monocytes
KCNN3	IU_PDA_T12	juxta_ct	B_cells	21.9316052683002	B cells
KCNN3	IU_PDA_T12	juxta_ct	TAM	22.4285160755142	TAM
KCNN3	IU_PDA_T12	juxta_ct	Endothelial_cells	9.37436370822092	Endothelial cells
KCNN3	IU_PDA_T12	juxta_ct	PVL	2.81935069530219	PVL
KCNN3	IU_PDA_T12	juxta_ct	Normal_Epithelial_cells	0.407829905650145	Normal Epithelial cells
KCNN3	IU_PDA_T12	juxta_ct	T_NK_cells	0.407513667448344	T-NK cells
KCNN3	IU_PDA_T12	juxta_ct	Tumor_Epithelial_cells	20.131775346499	Tumor Epithelial cells
KCNN3	IU_PDA_T12	para_ct	Fibroblasts	12.6955215938416	Fibroblasts
KCNN3	IU_PDA_T12	para_ct	Monocytes	13.1302256490635	Monocytes
KCNN3	IU_PDA_T12	para_ct	B_cells	12.7465448515656	B cells
KCNN3	IU_PDA_T12	para_ct	TAM	13.1566164172829	TAM
KCNN3	IU_PDA_T12	para_ct	Endothelial_cells	12.194889469164	Endothelial cells
KCNN3	IU_PDA_T12	para_ct	PVL	12.7363266227897	PVL
KCNN3	IU_PDA_T12	para_ct	Normal_Epithelial_cells	12.6952887681618	Normal Epithelial cells
KCNN3	IU_PDA_T12	para_ct	T_NK_cells	11.8724592832996	T-NK cells
KCNN3	IU_PDA_T12	para_ct	Tumor_Epithelial_cells	14.0364148181501	Tumor Epithelial cells
KCNN3	IU_PDA_T2	intra	Fibroblasts	3.37706964009424	Fibroblasts
KCNN3	IU_PDA_T2	intra	Monocytes	0.00866976011828108	Monocytes
KCNN3	IU_PDA_T2	intra	B_cells	1.40336159718285	B cells
KCNN3	IU_PDA_T2	intra	TAM	2.07052300426561	TAM
KCNN3	IU_PDA_T2	intra	Hepatocytes	0.000306234184127688	Hepatocytes
KCNN3	IU_PDA_T2	intra	Endothelial_cells	1.03741450976318	Endothelial cells
KCNN3	IU_PDA_T2	intra	PVL	0.000550828142322984	PVL
KCNN3	IU_PDA_T2	intra	Normal_Epithelial_cells	0.000382883858210024	Normal Epithelial cells
KCNN3	IU_PDA_T2	intra	T_NK_cells	0.000694735526235192	T-NK cells
KCNN3	IU_PDA_T2	intra	Tumor_Epithelial_cells	2.97905334154972	Tumor Epithelial cells
KCNN3	IU_PDA_T2	juxta_ct	Fibroblasts	3.98086239473605	Fibroblasts
KCNN3	IU_PDA_T2	juxta_ct	Monocytes	0.449841971702502	Monocytes
KCNN3	IU_PDA_T2	juxta_ct	B_cells	3.00950210869126	B cells
KCNN3	IU_PDA_T2	juxta_ct	TAM	3.45021302417668	TAM
KCNN3	IU_PDA_T2	juxta_ct	Hepatocytes	0.185426760504515	Hepatocytes
KCNN3	IU_PDA_T2	juxta_ct	Endothelial_cells	0.614416526901188	Endothelial cells
KCNN3	IU_PDA_T2	juxta_ct	PVL	0.260166835798977	PVL
KCNN3	IU_PDA_T2	juxta_ct	Normal_Epithelial_cells	0.00125685086339902	Normal Epithelial cells
KCNN3	IU_PDA_T2	juxta_ct	T_NK_cells	0.00126120518005991	T-NK cells
KCNN3	IU_PDA_T2	juxta_ct	Tumor_Epithelial_cells	4.37539289977588	Tumor Epithelial cells
KCNN3	IU_PDA_T2	para_ct	Fibroblasts	1.96258639812923	Fibroblasts
KCNN3	IU_PDA_T2	para_ct	Monocytes	1.8341215340043	Monocytes
KCNN3	IU_PDA_T2	para_ct	B_cells	2.38830555996456	B cells
KCNN3	IU_PDA_T2	para_ct	TAM	2.01281138812646	TAM
KCNN3	IU_PDA_T2	para_ct	Hepatocytes	2.58768264746239	Hepatocytes
KCNN3	IU_PDA_T2	para_ct	Endothelial_cells	2.16949605267296	Endothelial cells
KCNN3	IU_PDA_T2	para_ct	PVL	2.21659449572204	PVL
KCNN3	IU_PDA_T2	para_ct	Normal_Epithelial_cells	2.32629211348199	Normal Epithelial cells
KCNN3	IU_PDA_T2	para_ct	T_NK_cells	2.15715401126458	T-NK cells
KCNN3	IU_PDA_T2	para_ct	Tumor_Epithelial_cells	2.34840245595837	Tumor Epithelial cells
KCNN3	IU_PDA_T3	intra	Fibroblasts	6.92774604893126	Fibroblasts
KCNN3	IU_PDA_T3	intra	Monocytes	3.42753967361468	Monocytes
KCNN3	IU_PDA_T3	intra	B_cells	5.81528038678517	B cells
KCNN3	IU_PDA_T3	intra	TAM	3.02870448396877	TAM
KCNN3	IU_PDA_T3	intra	Endothelial_cells	0.681610208935407	Endothelial cells
KCNN3	IU_PDA_T3	intra	PVL	0.699331929419236	PVL
KCNN3	IU_PDA_T3	intra	T_NK_cells	0.414389375719536	T-NK cells
KCNN3	IU_PDA_T3	intra	Tumor_Epithelial_cells	3.46080137891781	Tumor Epithelial cells
KCNN3	IU_PDA_T3	juxta_ct	Fibroblasts	8.03251548742981	Fibroblasts
KCNN3	IU_PDA_T3	juxta_ct	Monocytes	6.4973117867073	Monocytes
KCNN3	IU_PDA_T3	juxta_ct	B_cells	7.24596846073252	B cells
KCNN3	IU_PDA_T3	juxta_ct	TAM	5.61697651011476	TAM
KCNN3	IU_PDA_T3	juxta_ct	Endothelial_cells	1.70661166240095	Endothelial cells
KCNN3	IU_PDA_T3	juxta_ct	PVL	1.39050329883951	PVL
KCNN3	IU_PDA_T3	juxta_ct	T_NK_cells	1.15197192561226	T-NK cells
KCNN3	IU_PDA_T3	juxta_ct	Tumor_Epithelial_cells	4.70337827657542	Tumor Epithelial cells
KCNN3	IU_PDA_T3	para_ct	Fibroblasts	5.75331882881476	Fibroblasts
KCNN3	IU_PDA_T3	para_ct	Monocytes	5.30584009186782	Monocytes
KCNN3	IU_PDA_T3	para_ct	B_cells	5.36195093896664	B cells
KCNN3	IU_PDA_T3	para_ct	TAM	4.60158987756275	TAM
KCNN3	IU_PDA_T3	para_ct	Endothelial_cells	5.20048104612464	Endothelial cells
KCNN3	IU_PDA_T3	para_ct	PVL	5.19823201161217	PVL
KCNN3	IU_PDA_T3	para_ct	T_NK_cells	5.0933879134254	T-NK cells
KCNN3	IU_PDA_T3	para_ct	Tumor_Epithelial_cells	5.59843802773413	Tumor Epithelial cells
KCNN3	IU_PDA_T4	intra	Fibroblasts	3.12624370386781	Fibroblasts
KCNN3	IU_PDA_T4	intra	Monocytes	0.779515078624305	Monocytes
KCNN3	IU_PDA_T4	intra	B_cells	0.000128888034999371	B cells
KCNN3	IU_PDA_T4	intra	TAM	1.66882586457369	TAM
KCNN3	IU_PDA_T4	intra	Hepatocytes	3.21645019119468e-06	Hepatocytes
KCNN3	IU_PDA_T4	intra	Endothelial_cells	1.30593837129229	Endothelial cells
KCNN3	IU_PDA_T4	intra	PVL	0.599493474782244	PVL
KCNN3	IU_PDA_T4	intra	T_NK_cells	0.000364999659596224	T-NK cells
KCNN3	IU_PDA_T4	intra	Tumor_Epithelial_cells	3.0888390773803	Tumor Epithelial cells
KCNN3	IU_PDA_T4	juxta_ct	Fibroblasts	3.79801234806421	Fibroblasts
KCNN3	IU_PDA_T4	juxta_ct	Monocytes	1.49511616680054	Monocytes
KCNN3	IU_PDA_T4	juxta_ct	B_cells	0.182485276239946	B cells
KCNN3	IU_PDA_T4	juxta_ct	TAM	1.93787367235926	TAM
KCNN3	IU_PDA_T4	juxta_ct	Hepatocytes	5.23603038685103e-05	Hepatocytes
KCNN3	IU_PDA_T4	juxta_ct	Endothelial_cells	0.298870581179302	Endothelial cells
KCNN3	IU_PDA_T4	juxta_ct	PVL	1.26085565764724	PVL
KCNN3	IU_PDA_T4	juxta_ct	T_NK_cells	0.000498197289612444	T-NK cells
KCNN3	IU_PDA_T4	juxta_ct	Tumor_Epithelial_cells	3.29832594533223	Tumor Epithelial cells
KCNN3	IU_PDA_T4	para_ct	Fibroblasts	1.98317840797681	Fibroblasts
KCNN3	IU_PDA_T4	para_ct	Monocytes	1.59317982727543	Monocytes
KCNN3	IU_PDA_T4	para_ct	B_cells	1.49784974907207	B cells
KCNN3	IU_PDA_T4	para_ct	TAM	1.71781936941182	TAM
KCNN3	IU_PDA_T4	para_ct	Hepatocytes	1.45361721107723	Hepatocytes
KCNN3	IU_PDA_T4	para_ct	Endothelial_cells	1.7852651131937	Endothelial cells
KCNN3	IU_PDA_T4	para_ct	PVL	1.39302106004816	PVL
KCNN3	IU_PDA_T4	para_ct	T_NK_cells	1.81181385908804	T-NK cells
KCNN3	IU_PDA_T4	para_ct	Tumor_Epithelial_cells	1.40710052938503	Tumor Epithelial cells
KCNN3	IU_PDA_T6	intra	Fibroblasts	3.87648944926921	Fibroblasts
KCNN3	IU_PDA_T6	intra	Monocytes	0.0106013153614133	Monocytes
KCNN3	IU_PDA_T6	intra	TAM	1.83304149663287	TAM
KCNN3	IU_PDA_T6	intra	Endothelial_cells	0.00256742489184014	Endothelial cells
KCNN3	IU_PDA_T6	intra	PVL	0.00108358880608172	PVL
KCNN3	IU_PDA_T6	intra	Normal_Epithelial_cells	0.560164044337702	Normal Epithelial cells
KCNN3	IU_PDA_T6	intra	Tumor_Epithelial_cells	3.17821318987837	Tumor Epithelial cells
KCNN3	IU_PDA_T6	juxta_ct	Fibroblasts	5.70265286154939	Fibroblasts
KCNN3	IU_PDA_T6	juxta_ct	Monocytes	0.286543821675349	Monocytes
KCNN3	IU_PDA_T6	juxta_ct	TAM	3.33157049105578	TAM
KCNN3	IU_PDA_T6	juxta_ct	Endothelial_cells	0.0362567520275561	Endothelial cells
KCNN3	IU_PDA_T6	juxta_ct	PVL	0.00957272588992398	PVL
KCNN3	IU_PDA_T6	juxta_ct	Normal_Epithelial_cells	0.432359860771237	Normal Epithelial cells
KCNN3	IU_PDA_T6	juxta_ct	Tumor_Epithelial_cells	5.25713442832713	Tumor Epithelial cells
KCNN3	IU_PDA_T6	para_ct	Fibroblasts	6.86435375137255	Fibroblasts
KCNN3	IU_PDA_T6	para_ct	Monocytes	6.61872684413816	Monocytes
KCNN3	IU_PDA_T6	para_ct	TAM	6.34473249099864	TAM
KCNN3	IU_PDA_T6	para_ct	Endothelial_cells	5.98908493125367	Endothelial cells
KCNN3	IU_PDA_T6	para_ct	PVL	6.63976117775349	PVL
KCNN3	IU_PDA_T6	para_ct	Normal_Epithelial_cells	6.79690957729991	Normal Epithelial cells
KCNN3	IU_PDA_T6	para_ct	Tumor_Epithelial_cells	7.07771320432339	Tumor Epithelial cells
KCNN3	IU_PDA_T8	intra	Fibroblasts	2.83717261896466	Fibroblasts
KCNN3	IU_PDA_T8	intra	Monocytes	0.00434763195588693	Monocytes
KCNN3	IU_PDA_T8	intra	B_cells	1.78789656001767	B cells
KCNN3	IU_PDA_T8	intra	TAM	1.45064824572989	TAM
KCNN3	IU_PDA_T8	intra	Hepatocytes	2.93920452821574e-05	Hepatocytes
KCNN3	IU_PDA_T8	intra	Endothelial_cells	0.158724273295895	Endothelial cells
KCNN3	IU_PDA_T8	intra	PVL	0.263924617164339	PVL
KCNN3	IU_PDA_T8	intra	Tumor_Epithelial_cells	2.70764287674131	Tumor Epithelial cells
KCNN3	IU_PDA_T8	juxta_ct	Fibroblasts	3.16340367117943	Fibroblasts
KCNN3	IU_PDA_T8	juxta_ct	Monocytes	0.148894824579651	Monocytes
KCNN3	IU_PDA_T8	juxta_ct	B_cells	2.69067465882337	B cells
KCNN3	IU_PDA_T8	juxta_ct	TAM	2.90420664405876	TAM
KCNN3	IU_PDA_T8	juxta_ct	Hepatocytes	0.000156632658986676	Hepatocytes
KCNN3	IU_PDA_T8	juxta_ct	Endothelial_cells	0.0125570950476834	Endothelial cells
KCNN3	IU_PDA_T8	juxta_ct	PVL	0.0601245309342015	PVL
KCNN3	IU_PDA_T8	juxta_ct	Tumor_Epithelial_cells	3.86199005224327	Tumor Epithelial cells
KCNN3	IU_PDA_T8	para_ct	Fibroblasts	2.69379945664829	Fibroblasts
KCNN3	IU_PDA_T8	para_ct	Monocytes	2.88320652241733	Monocytes
KCNN3	IU_PDA_T8	para_ct	B_cells	2.85535350682036	B cells
KCNN3	IU_PDA_T8	para_ct	TAM	2.35902261365151	TAM
KCNN3	IU_PDA_T8	para_ct	Hepatocytes	2.43774157736672	Hepatocytes
KCNN3	IU_PDA_T8	para_ct	Endothelial_cells	2.63665528188903	Endothelial cells
KCNN3	IU_PDA_T8	para_ct	PVL	2.48611367206136	PVL
KCNN3	IU_PDA_T8	para_ct	Tumor_Epithelial_cells	2.41694756079324	Tumor Epithelial cells
KCNN3	IU_PDA_T9	intra	Fibroblasts	7.21364426272481	Fibroblasts
KCNN3	IU_PDA_T9	intra	Monocytes	3.92299268835851	Monocytes
KCNN3	IU_PDA_T9	intra	B_cells	0.838854956966618	B cells
KCNN3	IU_PDA_T9	intra	TAM	2.16378973247423	TAM
KCNN3	IU_PDA_T9	intra	Endothelial_cells	2.57326115697125	Endothelial cells
KCNN3	IU_PDA_T9	intra	PVL	3.25760646750853	PVL
KCNN3	IU_PDA_T9	intra	T_NK_cells	0.942544951749721	T-NK cells
KCNN3	IU_PDA_T9	intra	Tumor_Epithelial_cells	4.15119426190909	Tumor Epithelial cells
KCNN3	IU_PDA_T9	juxta_ct	Fibroblasts	8.50499121518547	Fibroblasts
KCNN3	IU_PDA_T9	juxta_ct	Monocytes	8.12012646159141	Monocytes
KCNN3	IU_PDA_T9	juxta_ct	B_cells	1.08625416667304	B cells
KCNN3	IU_PDA_T9	juxta_ct	TAM	5.43342985806213	TAM
KCNN3	IU_PDA_T9	juxta_ct	Endothelial_cells	3.50813458264397	Endothelial cells
KCNN3	IU_PDA_T9	juxta_ct	PVL	4.60755961237741	PVL
KCNN3	IU_PDA_T9	juxta_ct	T_NK_cells	1.99968512670649	T-NK cells
KCNN3	IU_PDA_T9	juxta_ct	Tumor_Epithelial_cells	5.96862322595643	Tumor Epithelial cells
KCNN3	IU_PDA_T9	para_ct	Fibroblasts	5.42097272326628	Fibroblasts
KCNN3	IU_PDA_T9	para_ct	Monocytes	6.35501482928182	Monocytes
KCNN3	IU_PDA_T9	para_ct	B_cells	6.35336004164134	B cells
KCNN3	IU_PDA_T9	para_ct	TAM	5.95004799354024	TAM
KCNN3	IU_PDA_T9	para_ct	Endothelial_cells	6.44814499256909	Endothelial cells
KCNN3	IU_PDA_T9	para_ct	PVL	6.86569211260005	PVL
KCNN3	IU_PDA_T9	para_ct	T_NK_cells	6.16162176533073	T-NK cells
KCNN3	IU_PDA_T9	para_ct	Tumor_Epithelial_cells	5.62443493022244	Tumor Epithelial cells
KCNN4	IU_PDA_T1	intra	Fibroblasts	8.0481013400059	Fibroblasts
KCNN4	IU_PDA_T1	intra	Monocytes	1.92112873843326	Monocytes
KCNN4	IU_PDA_T1	intra	B_cells	2.80445848881464	B cells
KCNN4	IU_PDA_T1	intra	TAM	4.89266009749949	TAM
KCNN4	IU_PDA_T1	intra	Hepatocytes	0.000385205091103402	Hepatocytes
KCNN4	IU_PDA_T1	intra	Endothelial_cells	0.0120160778622124	Endothelial cells
KCNN4	IU_PDA_T1	intra	PVL	0.00174498114213765	PVL
KCNN4	IU_PDA_T1	intra	T_NK_cells	0.43470442909196	T-NK cells
KCNN4	IU_PDA_T1	intra	Tumor_Epithelial_cells	5.75181864177837	Tumor Epithelial cells
KCNN4	IU_PDA_T1	juxta_ct	Fibroblasts	10.2304431033857	Fibroblasts
KCNN4	IU_PDA_T1	juxta_ct	Monocytes	3.73967996230434	Monocytes
KCNN4	IU_PDA_T1	juxta_ct	B_cells	5.64537638516127	B cells
KCNN4	IU_PDA_T1	juxta_ct	TAM	7.94350055490215	TAM
KCNN4	IU_PDA_T1	juxta_ct	Hepatocytes	0.000372351712224881	Hepatocytes
KCNN4	IU_PDA_T1	juxta_ct	Endothelial_cells	0.0785704103579618	Endothelial cells
KCNN4	IU_PDA_T1	juxta_ct	PVL	0.000887698736932577	PVL
KCNN4	IU_PDA_T1	juxta_ct	T_NK_cells	0.123597037462788	T-NK cells
KCNN4	IU_PDA_T1	juxta_ct	Tumor_Epithelial_cells	9.11829522746816	Tumor Epithelial cells
KCNN4	IU_PDA_T1	para_ct	Fibroblasts	5.09310464008947	Fibroblasts
KCNN4	IU_PDA_T1	para_ct	Monocytes	4.63518677755994	Monocytes
KCNN4	IU_PDA_T1	para_ct	B_cells	4.7663856490469	B cells
KCNN4	IU_PDA_T1	para_ct	TAM	4.49285540811602	TAM
KCNN4	IU_PDA_T1	para_ct	Hepatocytes	4.56581000248051	Hepatocytes
KCNN4	IU_PDA_T1	para_ct	Endothelial_cells	4.66992395507506	Endothelial cells
KCNN4	IU_PDA_T1	para_ct	PVL	4.72239626437577	PVL
KCNN4	IU_PDA_T1	para_ct	T_NK_cells	4.58167111161424	T-NK cells
KCNN4	IU_PDA_T1	para_ct	Tumor_Epithelial_cells	5.20303910727347	Tumor Epithelial cells
KCNN4	IU_PDA_T10	intra	Fibroblasts	7.67271672119523	Fibroblasts
KCNN4	IU_PDA_T10	intra	Monocytes	1.12960470344908	Monocytes
KCNN4	IU_PDA_T10	intra	B_cells	5.29910352364608	B cells
KCNN4	IU_PDA_T10	intra	TAM	4.67381456971004	TAM
KCNN4	IU_PDA_T10	intra	Endothelial_cells	0.0144582279791799	Endothelial cells
KCNN4	IU_PDA_T10	intra	PVL	0.0673896207506468	PVL
KCNN4	IU_PDA_T10	intra	T_NK_cells	0.204946247341146	T-NK cells
KCNN4	IU_PDA_T10	intra	Tumor_Epithelial_cells	6.7606537511557	Tumor Epithelial cells
KCNN4	IU_PDA_T10	juxta_ct	Fibroblasts	10.8836510996439	Fibroblasts
KCNN4	IU_PDA_T10	juxta_ct	Monocytes	4.01851508771651	Monocytes
KCNN4	IU_PDA_T10	juxta_ct	B_cells	9.128681385577	B cells
KCNN4	IU_PDA_T10	juxta_ct	TAM	9.05085251398055	TAM
KCNN4	IU_PDA_T10	juxta_ct	Endothelial_cells	0.352190426838424	Endothelial cells
KCNN4	IU_PDA_T10	juxta_ct	PVL	0.878071055195994	PVL
KCNN4	IU_PDA_T10	juxta_ct	T_NK_cells	1.70618639714999	T-NK cells
KCNN4	IU_PDA_T10	juxta_ct	Tumor_Epithelial_cells	10.837634516534	Tumor Epithelial cells
KCNN4	IU_PDA_T10	para_ct	Fibroblasts	7.14475816034932	Fibroblasts
KCNN4	IU_PDA_T10	para_ct	Monocytes	6.49194234020936	Monocytes
KCNN4	IU_PDA_T10	para_ct	B_cells	6.82388041246219	B cells
KCNN4	IU_PDA_T10	para_ct	TAM	7.29591968959679	TAM
KCNN4	IU_PDA_T10	para_ct	Endothelial_cells	7.22744475205104	Endothelial cells
KCNN4	IU_PDA_T10	para_ct	PVL	7.35522024902589	PVL
KCNN4	IU_PDA_T10	para_ct	T_NK_cells	7.48854082795519	T-NK cells
KCNN4	IU_PDA_T10	para_ct	Tumor_Epithelial_cells	7.09504368181435	Tumor Epithelial cells
KCNN4	IU_PDA_T11	intra	Fibroblasts	11.5579004265473	Fibroblasts
KCNN4	IU_PDA_T11	intra	Monocytes	0.993382003817928	Monocytes
KCNN4	IU_PDA_T11	intra	B_cells	0.0108841391981161	B cells
KCNN4	IU_PDA_T11	intra	TAM	6.21828644850727	TAM
KCNN4	IU_PDA_T11	intra	Endothelial_cells	0.988819183639383	Endothelial cells
KCNN4	IU_PDA_T11	intra	PVL	0.425033084716567	PVL
KCNN4	IU_PDA_T11	intra	Tumor_Epithelial_cells	12.1210358866497	Tumor Epithelial cells
KCNN4	IU_PDA_T11	juxta_ct	Fibroblasts	19.0171211294011	Fibroblasts
KCNN4	IU_PDA_T11	juxta_ct	Monocytes	3.23076757353124	Monocytes
KCNN4	IU_PDA_T11	juxta_ct	B_cells	0.157240381192969	B cells
KCNN4	IU_PDA_T11	juxta_ct	TAM	13.0596427611338	TAM
KCNN4	IU_PDA_T11	juxta_ct	Endothelial_cells	4.05368401546118	Endothelial cells
KCNN4	IU_PDA_T11	juxta_ct	PVL	1.52813090359487	PVL
KCNN4	IU_PDA_T11	juxta_ct	Tumor_Epithelial_cells	23.4066641021835	Tumor Epithelial cells
KCNN4	IU_PDA_T11	para_ct	Fibroblasts	17.1051815851318	Fibroblasts
KCNN4	IU_PDA_T11	para_ct	Monocytes	15.8900216008599	Monocytes
KCNN4	IU_PDA_T11	para_ct	B_cells	16.0881003542288	B cells
KCNN4	IU_PDA_T11	para_ct	TAM	15.5795850797949	TAM
KCNN4	IU_PDA_T11	para_ct	Endothelial_cells	15.9260490270857	Endothelial cells
KCNN4	IU_PDA_T11	para_ct	PVL	15.5679717237718	PVL
KCNN4	IU_PDA_T11	para_ct	Tumor_Epithelial_cells	19.5796272114947	Tumor Epithelial cells
KCNN4	IU_PDA_T12	intra	Fibroblasts	73.2315034190927	Fibroblasts
KCNN4	IU_PDA_T12	intra	Monocytes	4.53592604470653	Monocytes
KCNN4	IU_PDA_T12	intra	B_cells	38.2317333538902	B cells
KCNN4	IU_PDA_T12	intra	TAM	46.9958939473989	TAM
KCNN4	IU_PDA_T12	intra	Endothelial_cells	3.71718972951095	Endothelial cells
KCNN4	IU_PDA_T12	intra	PVL	1.41083063804278	PVL
KCNN4	IU_PDA_T12	intra	Normal_Epithelial_cells	0.0155685755335429	Normal Epithelial cells
KCNN4	IU_PDA_T12	intra	T_NK_cells	0.807910651921999	T-NK cells
KCNN4	IU_PDA_T12	intra	Tumor_Epithelial_cells	83.7134173066321	Tumor Epithelial cells
KCNN4	IU_PDA_T12	juxta_ct	Fibroblasts	70.2651250895147	Fibroblasts
KCNN4	IU_PDA_T12	juxta_ct	Monocytes	13.7923183551518	Monocytes
KCNN4	IU_PDA_T12	juxta_ct	B_cells	53.4993953792291	B cells
KCNN4	IU_PDA_T12	juxta_ct	TAM	59.7364757302979	TAM
KCNN4	IU_PDA_T12	juxta_ct	Endothelial_cells	13.8006531581798	Endothelial cells
KCNN4	IU_PDA_T12	juxta_ct	PVL	3.55856190257139	PVL
KCNN4	IU_PDA_T12	juxta_ct	Normal_Epithelial_cells	0.000723665284116355	Normal Epithelial cells
KCNN4	IU_PDA_T12	juxta_ct	T_NK_cells	0.444419269488507	T-NK cells
KCNN4	IU_PDA_T12	juxta_ct	Tumor_Epithelial_cells	97.6018932585334	Tumor Epithelial cells
KCNN4	IU_PDA_T12	para_ct	Fibroblasts	38.2029318895927	Fibroblasts
KCNN4	IU_PDA_T12	para_ct	Monocytes	38.0109376732834	Monocytes
KCNN4	IU_PDA_T12	para_ct	B_cells	38.0157427338689	B cells
KCNN4	IU_PDA_T12	para_ct	TAM	39.6655987825503	TAM
KCNN4	IU_PDA_T12	para_ct	Endothelial_cells	33.4578496603427	Endothelial cells
KCNN4	IU_PDA_T12	para_ct	PVL	37.0624758740858	PVL
KCNN4	IU_PDA_T12	para_ct	Normal_Epithelial_cells	40.3179862963381	Normal Epithelial cells
KCNN4	IU_PDA_T12	para_ct	T_NK_cells	37.6546610971063	T-NK cells
KCNN4	IU_PDA_T12	para_ct	Tumor_Epithelial_cells	47.2675818155106	Tumor Epithelial cells
KCNN4	IU_PDA_T2	intra	Fibroblasts	19.0345078780711	Fibroblasts
KCNN4	IU_PDA_T2	intra	Monocytes	0.673145616600053	Monocytes
KCNN4	IU_PDA_T2	intra	B_cells	8.18441059845903	B cells
KCNN4	IU_PDA_T2	intra	TAM	11.4115200774966	TAM
KCNN4	IU_PDA_T2	intra	Hepatocytes	0.0255206941216104	Hepatocytes
KCNN4	IU_PDA_T2	intra	Endothelial_cells	0.0176090612157424	Endothelial cells
KCNN4	IU_PDA_T2	intra	PVL	0.0465987696861671	PVL
KCNN4	IU_PDA_T2	intra	Normal_Epithelial_cells	0.0319606407457454	Normal Epithelial cells
KCNN4	IU_PDA_T2	intra	T_NK_cells	0.0174767988595026	T-NK cells
KCNN4	IU_PDA_T2	intra	Tumor_Epithelial_cells	19.3438242971703	Tumor Epithelial cells
KCNN4	IU_PDA_T2	juxta_ct	Fibroblasts	35.0427177924497	Fibroblasts
KCNN4	IU_PDA_T2	juxta_ct	Monocytes	4.86926532314689	Monocytes
KCNN4	IU_PDA_T2	juxta_ct	B_cells	19.4725554794793	B cells
KCNN4	IU_PDA_T2	juxta_ct	TAM	26.9997757843361	TAM
KCNN4	IU_PDA_T2	juxta_ct	Hepatocytes	0.220876695436219	Hepatocytes
KCNN4	IU_PDA_T2	juxta_ct	Endothelial_cells	0.687691848518275	Endothelial cells
KCNN4	IU_PDA_T2	juxta_ct	PVL	0.425460591688485	PVL
KCNN4	IU_PDA_T2	juxta_ct	Normal_Epithelial_cells	0.0648000829628371	Normal Epithelial cells
KCNN4	IU_PDA_T2	juxta_ct	T_NK_cells	0.921622386774026	T-NK cells
KCNN4	IU_PDA_T2	juxta_ct	Tumor_Epithelial_cells	34.8019834434993	Tumor Epithelial cells
KCNN4	IU_PDA_T2	para_ct	Fibroblasts	27.8308238799502	Fibroblasts
KCNN4	IU_PDA_T2	para_ct	Monocytes	26.6371533286677	Monocytes
KCNN4	IU_PDA_T2	para_ct	B_cells	26.812006782616	B cells
KCNN4	IU_PDA_T2	para_ct	TAM	29.2371247870895	TAM
KCNN4	IU_PDA_T2	para_ct	Hepatocytes	29.4980966317268	Hepatocytes
KCNN4	IU_PDA_T2	para_ct	Endothelial_cells	24.8862655848747	Endothelial cells
KCNN4	IU_PDA_T2	para_ct	PVL	26.5791267503311	PVL
KCNN4	IU_PDA_T2	para_ct	Normal_Epithelial_cells	26.4005015767379	Normal Epithelial cells
KCNN4	IU_PDA_T2	para_ct	T_NK_cells	24.8741625044429	T-NK cells
KCNN4	IU_PDA_T2	para_ct	Tumor_Epithelial_cells	27.9406375163655	Tumor Epithelial cells
KCNN4	IU_PDA_T3	intra	Fibroblasts	19.106511179065	Fibroblasts
KCNN4	IU_PDA_T3	intra	Monocytes	7.44904756177504	Monocytes
KCNN4	IU_PDA_T3	intra	B_cells	13.6995854610261	B cells
KCNN4	IU_PDA_T3	intra	TAM	7.46764800419009	TAM
KCNN4	IU_PDA_T3	intra	Endothelial_cells	1.480150458177	Endothelial cells
KCNN4	IU_PDA_T3	intra	PVL	0.574327613921483	PVL
KCNN4	IU_PDA_T3	intra	T_NK_cells	1.38860972948227	T-NK cells
KCNN4	IU_PDA_T3	intra	Tumor_Epithelial_cells	15.4834993718195	Tumor Epithelial cells
KCNN4	IU_PDA_T3	juxta_ct	Fibroblasts	21.5856974366476	Fibroblasts
KCNN4	IU_PDA_T3	juxta_ct	Monocytes	16.0837246951833	Monocytes
KCNN4	IU_PDA_T3	juxta_ct	B_cells	20.9395809359156	B cells
KCNN4	IU_PDA_T3	juxta_ct	TAM	16.4106613085025	TAM
KCNN4	IU_PDA_T3	juxta_ct	Endothelial_cells	1.72665033651631	Endothelial cells
KCNN4	IU_PDA_T3	juxta_ct	PVL	1.68168725801854	PVL
KCNN4	IU_PDA_T3	juxta_ct	T_NK_cells	3.10982867229821	T-NK cells
KCNN4	IU_PDA_T3	juxta_ct	Tumor_Epithelial_cells	21.9185315877754	Tumor Epithelial cells
KCNN4	IU_PDA_T3	para_ct	Fibroblasts	17.7284176252193	Fibroblasts
KCNN4	IU_PDA_T3	para_ct	Monocytes	16.7585950530459	Monocytes
KCNN4	IU_PDA_T3	para_ct	B_cells	17.1901610073945	B cells
KCNN4	IU_PDA_T3	para_ct	TAM	18.0900020513774	TAM
KCNN4	IU_PDA_T3	para_ct	Endothelial_cells	17.8979977332556	Endothelial cells
KCNN4	IU_PDA_T3	para_ct	PVL	17.1926059862973	PVL
KCNN4	IU_PDA_T3	para_ct	T_NK_cells	16.7802854414371	T-NK cells
KCNN4	IU_PDA_T3	para_ct	Tumor_Epithelial_cells	18.2059410107703	Tumor Epithelial cells
KCNN4	IU_PDA_T4	intra	Fibroblasts	19.7891828087355	Fibroblasts
KCNN4	IU_PDA_T4	intra	Monocytes	4.57545626649759	Monocytes
KCNN4	IU_PDA_T4	intra	B_cells	0.498584637273274	B cells
KCNN4	IU_PDA_T4	intra	TAM	9.67368393704705	TAM
KCNN4	IU_PDA_T4	intra	Hepatocytes	0.00831823239376988	Hepatocytes
KCNN4	IU_PDA_T4	intra	Endothelial_cells	0.418907747054264	Endothelial cells
KCNN4	IU_PDA_T4	intra	PVL	0.729010556361551	PVL
KCNN4	IU_PDA_T4	intra	T_NK_cells	0.00998704698786856	T-NK cells
KCNN4	IU_PDA_T4	intra	Tumor_Epithelial_cells	21.0293509450967	Tumor Epithelial cells
KCNN4	IU_PDA_T4	juxta_ct	Fibroblasts	30.6191496855307	Fibroblasts
KCNN4	IU_PDA_T4	juxta_ct	Monocytes	12.4864015113082	Monocytes
KCNN4	IU_PDA_T4	juxta_ct	B_cells	0.708580958935395	B cells
KCNN4	IU_PDA_T4	juxta_ct	TAM	25.5281963822282	TAM
KCNN4	IU_PDA_T4	juxta_ct	Hepatocytes	0.521128794084797	Hepatocytes
KCNN4	IU_PDA_T4	juxta_ct	Endothelial_cells	0.720738876741822	Endothelial cells
KCNN4	IU_PDA_T4	juxta_ct	PVL	1.83573683182287	PVL
KCNN4	IU_PDA_T4	juxta_ct	T_NK_cells	0.186257652556231	T-NK cells
KCNN4	IU_PDA_T4	juxta_ct	Tumor_Epithelial_cells	32.0482821338615	Tumor Epithelial cells
KCNN4	IU_PDA_T4	para_ct	Fibroblasts	20.386593926519	Fibroblasts
KCNN4	IU_PDA_T4	para_ct	Monocytes	19.667903559194	Monocytes
KCNN4	IU_PDA_T4	para_ct	B_cells	20.4659444142932	B cells
KCNN4	IU_PDA_T4	para_ct	TAM	21.3143430449103	TAM
KCNN4	IU_PDA_T4	para_ct	Hepatocytes	19.2855930688666	Hepatocytes
KCNN4	IU_PDA_T4	para_ct	Endothelial_cells	19.6667807411415	Endothelial cells
KCNN4	IU_PDA_T4	para_ct	PVL	18.2082845459581	PVL
KCNN4	IU_PDA_T4	para_ct	T_NK_cells	20.2463456615935	T-NK cells
KCNN4	IU_PDA_T4	para_ct	Tumor_Epithelial_cells	19.8952820917203	Tumor Epithelial cells
KCNN4	IU_PDA_T6	intra	Fibroblasts	7.35480350661471	Fibroblasts
KCNN4	IU_PDA_T6	intra	Monocytes	0.324918945490507	Monocytes
KCNN4	IU_PDA_T6	intra	TAM	4.00804522121065	TAM
KCNN4	IU_PDA_T6	intra	Endothelial_cells	0.0101736235802442	Endothelial cells
KCNN4	IU_PDA_T6	intra	PVL	0.00116541554522647	PVL
KCNN4	IU_PDA_T6	intra	Normal_Epithelial_cells	0.063508068185838	Normal Epithelial cells
KCNN4	IU_PDA_T6	intra	Tumor_Epithelial_cells	7.20181762587131	Tumor Epithelial cells
KCNN4	IU_PDA_T6	juxta_ct	Fibroblasts	12.7129100048786	Fibroblasts
KCNN4	IU_PDA_T6	juxta_ct	Monocytes	1.05242722713498	Monocytes
KCNN4	IU_PDA_T6	juxta_ct	TAM	7.6223050511843	TAM
KCNN4	IU_PDA_T6	juxta_ct	Endothelial_cells	0.0479539861738477	Endothelial cells
KCNN4	IU_PDA_T6	juxta_ct	PVL	0.00406976293991528	PVL
KCNN4	IU_PDA_T6	juxta_ct	Normal_Epithelial_cells	0.364164469050239	Normal Epithelial cells
KCNN4	IU_PDA_T6	juxta_ct	Tumor_Epithelial_cells	15.1878146407408	Tumor Epithelial cells
KCNN4	IU_PDA_T6	para_ct	Fibroblasts	27.2372097996925	Fibroblasts
KCNN4	IU_PDA_T6	para_ct	Monocytes	27.7737288453658	Monocytes
KCNN4	IU_PDA_T6	para_ct	TAM	28.1477273588637	TAM
KCNN4	IU_PDA_T6	para_ct	Endothelial_cells	26.7296027300435	Endothelial cells
KCNN4	IU_PDA_T6	para_ct	PVL	26.2875919350728	PVL
KCNN4	IU_PDA_T6	para_ct	Normal_Epithelial_cells	29.0173050284317	Normal Epithelial cells
KCNN4	IU_PDA_T6	para_ct	Tumor_Epithelial_cells	28.1639611361757	Tumor Epithelial cells
KCNN4	IU_PDA_T8	intra	Fibroblasts	16.5930665467149	Fibroblasts
KCNN4	IU_PDA_T8	intra	Monocytes	1.0209969564511	Monocytes
KCNN4	IU_PDA_T8	intra	B_cells	11.0245728119376	B cells
KCNN4	IU_PDA_T8	intra	TAM	9.43019749186828	TAM
KCNN4	IU_PDA_T8	intra	Hepatocytes	0.0174896101301945	Hepatocytes
KCNN4	IU_PDA_T8	intra	Endothelial_cells	0.595608685575755	Endothelial cells
KCNN4	IU_PDA_T8	intra	PVL	0.0381088575231812	PVL
KCNN4	IU_PDA_T8	intra	Tumor_Epithelial_cells	18.6057562600658	Tumor Epithelial cells
KCNN4	IU_PDA_T8	juxta_ct	Fibroblasts	30.5038279109732	Fibroblasts
KCNN4	IU_PDA_T8	juxta_ct	Monocytes	3.33168015026003	Monocytes
KCNN4	IU_PDA_T8	juxta_ct	B_cells	24.3589370645457	B cells
KCNN4	IU_PDA_T8	juxta_ct	TAM	23.6381581230158	TAM
KCNN4	IU_PDA_T8	juxta_ct	Hepatocytes	0.0432935958809312	Hepatocytes
KCNN4	IU_PDA_T8	juxta_ct	Endothelial_cells	1.29723143916968	Endothelial cells
KCNN4	IU_PDA_T8	juxta_ct	PVL	0.134977272099831	PVL
KCNN4	IU_PDA_T8	juxta_ct	Tumor_Epithelial_cells	31.3622865052739	Tumor Epithelial cells
KCNN4	IU_PDA_T8	para_ct	Fibroblasts	31.7124754536848	Fibroblasts
KCNN4	IU_PDA_T8	para_ct	Monocytes	29.9204973580584	Monocytes
KCNN4	IU_PDA_T8	para_ct	B_cells	33.5069672448695	B cells
KCNN4	IU_PDA_T8	para_ct	TAM	33.4005399756506	TAM
KCNN4	IU_PDA_T8	para_ct	Hepatocytes	32.8450996978227	Hepatocytes
KCNN4	IU_PDA_T8	para_ct	Endothelial_cells	30.6740969132486	Endothelial cells
KCNN4	IU_PDA_T8	para_ct	PVL	30.4580695401962	PVL
KCNN4	IU_PDA_T8	para_ct	Tumor_Epithelial_cells	32.6504945704697	Tumor Epithelial cells
KCNN4	IU_PDA_T9	intra	Fibroblasts	10.4516879953009	Fibroblasts
KCNN4	IU_PDA_T9	intra	Monocytes	6.17194444919075	Monocytes
KCNN4	IU_PDA_T9	intra	B_cells	0.112668231793571	B cells
KCNN4	IU_PDA_T9	intra	TAM	3.69303261904211	TAM
KCNN4	IU_PDA_T9	intra	Endothelial_cells	0.965747490982858	Endothelial cells
KCNN4	IU_PDA_T9	intra	PVL	0.657410553308649	PVL
KCNN4	IU_PDA_T9	intra	T_NK_cells	0.713207593901498	T-NK cells
KCNN4	IU_PDA_T9	intra	Tumor_Epithelial_cells	9.14422429660151	Tumor Epithelial cells
KCNN4	IU_PDA_T9	juxta_ct	Fibroblasts	16.4438476504038	Fibroblasts
KCNN4	IU_PDA_T9	juxta_ct	Monocytes	13.9492183618056	Monocytes
KCNN4	IU_PDA_T9	juxta_ct	B_cells	0.237937448501187	B cells
KCNN4	IU_PDA_T9	juxta_ct	TAM	11.3883126191386	TAM
KCNN4	IU_PDA_T9	juxta_ct	Endothelial_cells	1.98619168194375	Endothelial cells
KCNN4	IU_PDA_T9	juxta_ct	PVL	1.24447446338806	PVL
KCNN4	IU_PDA_T9	juxta_ct	T_NK_cells	3.28182168475709	T-NK cells
KCNN4	IU_PDA_T9	juxta_ct	Tumor_Epithelial_cells	16.1659671613377	Tumor Epithelial cells
KCNN4	IU_PDA_T9	para_ct	Fibroblasts	12.2429976860908	Fibroblasts
KCNN4	IU_PDA_T9	para_ct	Monocytes	12.933978854834	Monocytes
KCNN4	IU_PDA_T9	para_ct	B_cells	13.7836710012146	B cells
KCNN4	IU_PDA_T9	para_ct	TAM	13.5816729767642	TAM
KCNN4	IU_PDA_T9	para_ct	Endothelial_cells	12.4999040370189	Endothelial cells
KCNN4	IU_PDA_T9	para_ct	PVL	13.0973667599531	PVL
KCNN4	IU_PDA_T9	para_ct	T_NK_cells	13.5914577134818	T-NK cells
KCNN4	IU_PDA_T9	para_ct	Tumor_Epithelial_cells	13.4003710330039	Tumor Epithelial cells
KCNQ4	IU_PDA_T1	intra	Fibroblasts	2.50346670695783	Fibroblasts
KCNQ4	IU_PDA_T1	intra	Monocytes	0.630653442337946	Monocytes
KCNQ4	IU_PDA_T1	intra	B_cells	0.482374730969101	B cells
KCNQ4	IU_PDA_T1	intra	TAM	1.07025870093	TAM
KCNQ4	IU_PDA_T1	intra	Hepatocytes	0.000382973866611951	Hepatocytes
KCNQ4	IU_PDA_T1	intra	Endothelial_cells	0.282287534985465	Endothelial cells
KCNQ4	IU_PDA_T1	intra	PVL	3.06805061166917e-05	PVL
KCNQ4	IU_PDA_T1	intra	T_NK_cells	0.000233615729810936	T-NK cells
KCNQ4	IU_PDA_T1	intra	Tumor_Epithelial_cells	1.70187309481773	Tumor Epithelial cells
KCNQ4	IU_PDA_T1	juxta_ct	Fibroblasts	2.12962630659961	Fibroblasts
KCNQ4	IU_PDA_T1	juxta_ct	Monocytes	1.14416651299762	Monocytes
KCNQ4	IU_PDA_T1	juxta_ct	B_cells	1.35162367075594	B cells
KCNQ4	IU_PDA_T1	juxta_ct	TAM	1.85717198212515	TAM
KCNQ4	IU_PDA_T1	juxta_ct	Hepatocytes	0.000134188310748257	Hepatocytes
KCNQ4	IU_PDA_T1	juxta_ct	Endothelial_cells	0.103793015736841	Endothelial cells
KCNQ4	IU_PDA_T1	juxta_ct	PVL	0.364375216153563	PVL
KCNQ4	IU_PDA_T1	juxta_ct	T_NK_cells	0.00050095874431118	T-NK cells
KCNQ4	IU_PDA_T1	juxta_ct	Tumor_Epithelial_cells	1.78086969389264	Tumor Epithelial cells
KCNQ4	IU_PDA_T1	para_ct	Fibroblasts	1.32218882289994	Fibroblasts
KCNQ4	IU_PDA_T1	para_ct	Monocytes	1.53901776699452	Monocytes
KCNQ4	IU_PDA_T1	para_ct	B_cells	1.1760524019922	B cells
KCNQ4	IU_PDA_T1	para_ct	TAM	1.41423151236735	TAM
KCNQ4	IU_PDA_T1	para_ct	Hepatocytes	1.57989917337112	Hepatocytes
KCNQ4	IU_PDA_T1	para_ct	Endothelial_cells	1.05950616975506	Endothelial cells
KCNQ4	IU_PDA_T1	para_ct	PVL	1.16012961292703	PVL
KCNQ4	IU_PDA_T1	para_ct	T_NK_cells	1.24807875679565	T-NK cells
KCNQ4	IU_PDA_T1	para_ct	Tumor_Epithelial_cells	1.52518117693536	Tumor Epithelial cells
KCNQ4	IU_PDA_T10	intra	Fibroblasts	1.85941950503543	Fibroblasts
KCNQ4	IU_PDA_T10	intra	Monocytes	0.332300158996673	Monocytes
KCNQ4	IU_PDA_T10	intra	B_cells	0.62059568152152	B cells
KCNQ4	IU_PDA_T10	intra	TAM	0.825612613060931	TAM
KCNQ4	IU_PDA_T10	intra	Endothelial_cells	0.000214440085328681	Endothelial cells
KCNQ4	IU_PDA_T10	intra	PVL	0.00118589839060106	PVL
KCNQ4	IU_PDA_T10	intra	T_NK_cells	0.156714223356112	T-NK cells
KCNQ4	IU_PDA_T10	intra	Tumor_Epithelial_cells	1.52387382065269	Tumor Epithelial cells
KCNQ4	IU_PDA_T10	juxta_ct	Fibroblasts	1.50107663312235	Fibroblasts
KCNQ4	IU_PDA_T10	juxta_ct	Monocytes	0.966544349582713	Monocytes
KCNQ4	IU_PDA_T10	juxta_ct	B_cells	0.989566593090938	B cells
KCNQ4	IU_PDA_T10	juxta_ct	TAM	1.29764636005733	TAM
KCNQ4	IU_PDA_T10	juxta_ct	Endothelial_cells	0.00446519062942317	Endothelial cells
KCNQ4	IU_PDA_T10	juxta_ct	PVL	0.0058093076371125	PVL
KCNQ4	IU_PDA_T10	juxta_ct	T_NK_cells	0.110286971344466	T-NK cells
KCNQ4	IU_PDA_T10	juxta_ct	Tumor_Epithelial_cells	1.4515364610014	Tumor Epithelial cells
KCNQ4	IU_PDA_T10	para_ct	Fibroblasts	1.04426166854759	Fibroblasts
KCNQ4	IU_PDA_T10	para_ct	Monocytes	0.850400048755974	Monocytes
KCNQ4	IU_PDA_T10	para_ct	B_cells	1.02508782953192	B cells
KCNQ4	IU_PDA_T10	para_ct	TAM	0.74509688746844	TAM
KCNQ4	IU_PDA_T10	para_ct	Endothelial_cells	0.762773885665981	Endothelial cells
KCNQ4	IU_PDA_T10	para_ct	PVL	0.980081399049048	PVL
KCNQ4	IU_PDA_T10	para_ct	T_NK_cells	0.930882344997127	T-NK cells
KCNQ4	IU_PDA_T10	para_ct	Tumor_Epithelial_cells	0.780939238700286	Tumor Epithelial cells
KCNQ4	IU_PDA_T11	intra	Fibroblasts	3.47014323919344	Fibroblasts
KCNQ4	IU_PDA_T11	intra	Monocytes	0.127491710950772	Monocytes
KCNQ4	IU_PDA_T11	intra	B_cells	0.000703922693661333	B cells
KCNQ4	IU_PDA_T11	intra	TAM	1.95154092133907	TAM
KCNQ4	IU_PDA_T11	intra	Endothelial_cells	0.650999617459807	Endothelial cells
KCNQ4	IU_PDA_T11	intra	PVL	1.35067983488599	PVL
KCNQ4	IU_PDA_T11	intra	Tumor_Epithelial_cells	3.25643982170461	Tumor Epithelial cells
KCNQ4	IU_PDA_T11	juxta_ct	Fibroblasts	4.48055461838288	Fibroblasts
KCNQ4	IU_PDA_T11	juxta_ct	Monocytes	0.71215396241904	Monocytes
KCNQ4	IU_PDA_T11	juxta_ct	B_cells	0.00213840884889035	B cells
KCNQ4	IU_PDA_T11	juxta_ct	TAM	3.26925323234641	TAM
KCNQ4	IU_PDA_T11	juxta_ct	Endothelial_cells	1.04518643877846	Endothelial cells
KCNQ4	IU_PDA_T11	juxta_ct	PVL	1.32966406470796	PVL
KCNQ4	IU_PDA_T11	juxta_ct	Tumor_Epithelial_cells	4.56852838410265	Tumor Epithelial cells
KCNQ4	IU_PDA_T11	para_ct	Fibroblasts	3.09255520332581	Fibroblasts
KCNQ4	IU_PDA_T11	para_ct	Monocytes	2.7727189237504	Monocytes
KCNQ4	IU_PDA_T11	para_ct	B_cells	3.26662954437993	B cells
KCNQ4	IU_PDA_T11	para_ct	TAM	3.02329850500159	TAM
KCNQ4	IU_PDA_T11	para_ct	Endothelial_cells	3.03294174222679	Endothelial cells
KCNQ4	IU_PDA_T11	para_ct	PVL	3.26731343278457	PVL
KCNQ4	IU_PDA_T11	para_ct	Tumor_Epithelial_cells	2.98992261210352	Tumor Epithelial cells
KCNQ4	IU_PDA_T12	intra	Fibroblasts	14.9192732792509	Fibroblasts
KCNQ4	IU_PDA_T12	intra	Monocytes	0.106068850677361	Monocytes
KCNQ4	IU_PDA_T12	intra	B_cells	10.7219331066432	B cells
KCNQ4	IU_PDA_T12	intra	TAM	13.3638237309012	TAM
KCNQ4	IU_PDA_T12	intra	Endothelial_cells	1.8121813912397	Endothelial cells
KCNQ4	IU_PDA_T12	intra	PVL	1.32634198757365	PVL
KCNQ4	IU_PDA_T12	intra	Normal_Epithelial_cells	0.00058154294730397	Normal Epithelial cells
KCNQ4	IU_PDA_T12	intra	T_NK_cells	0.00173875718703051	T-NK cells
KCNQ4	IU_PDA_T12	intra	Tumor_Epithelial_cells	13.2242255129258	Tumor Epithelial cells
KCNQ4	IU_PDA_T12	juxta_ct	Fibroblasts	15.9002975400686	Fibroblasts
KCNQ4	IU_PDA_T12	juxta_ct	Monocytes	2.62689857808535	Monocytes
KCNQ4	IU_PDA_T12	juxta_ct	B_cells	13.8595173364424	B cells
KCNQ4	IU_PDA_T12	juxta_ct	TAM	15.2299017408524	TAM
KCNQ4	IU_PDA_T12	juxta_ct	Endothelial_cells	3.78550442569195	Endothelial cells
KCNQ4	IU_PDA_T12	juxta_ct	PVL	1.19548683388195	PVL
KCNQ4	IU_PDA_T12	juxta_ct	Normal_Epithelial_cells	0.113393521028533	Normal Epithelial cells
KCNQ4	IU_PDA_T12	juxta_ct	T_NK_cells	0.793141157666999	T-NK cells
KCNQ4	IU_PDA_T12	juxta_ct	Tumor_Epithelial_cells	16.5604876429533	Tumor Epithelial cells
KCNQ4	IU_PDA_T12	para_ct	Fibroblasts	8.87928243064415	Fibroblasts
KCNQ4	IU_PDA_T12	para_ct	Monocytes	9.25855035489359	Monocytes
KCNQ4	IU_PDA_T12	para_ct	B_cells	9.40293352426663	B cells
KCNQ4	IU_PDA_T12	para_ct	TAM	8.78681749898501	TAM
KCNQ4	IU_PDA_T12	para_ct	Endothelial_cells	8.475111575008	Endothelial cells
KCNQ4	IU_PDA_T12	para_ct	PVL	8.24471813937646	PVL
KCNQ4	IU_PDA_T12	para_ct	Normal_Epithelial_cells	8.37253391426315	Normal Epithelial cells
KCNQ4	IU_PDA_T12	para_ct	T_NK_cells	8.6414347096725	T-NK cells
KCNQ4	IU_PDA_T12	para_ct	Tumor_Epithelial_cells	8.28643559626472	Tumor Epithelial cells
KCNQ4	IU_PDA_T2	intra	Fibroblasts	3.36469343280875	Fibroblasts
KCNQ4	IU_PDA_T2	intra	Monocytes	0.0041198382832633	Monocytes
KCNQ4	IU_PDA_T2	intra	B_cells	0.929761388058806	B cells
KCNQ4	IU_PDA_T2	intra	TAM	1.9331948865204	TAM
KCNQ4	IU_PDA_T2	intra	Hepatocytes	0.000237080237679084	Hepatocytes
KCNQ4	IU_PDA_T2	intra	Endothelial_cells	0.000125824381240221	Endothelial cells
KCNQ4	IU_PDA_T2	intra	PVL	0.00014981039623153	PVL
KCNQ4	IU_PDA_T2	intra	Normal_Epithelial_cells	0.000454391130329442	Normal Epithelial cells
KCNQ4	IU_PDA_T2	intra	T_NK_cells	5.75505137297886e-05	T-NK cells
KCNQ4	IU_PDA_T2	intra	Tumor_Epithelial_cells	3.29332792505475	Tumor Epithelial cells
KCNQ4	IU_PDA_T2	juxta_ct	Fibroblasts	4.23167394265686	Fibroblasts
KCNQ4	IU_PDA_T2	juxta_ct	Monocytes	0.476350086483319	Monocytes
KCNQ4	IU_PDA_T2	juxta_ct	B_cells	1.85468625607071	B cells
KCNQ4	IU_PDA_T2	juxta_ct	TAM	3.09042616318475	TAM
KCNQ4	IU_PDA_T2	juxta_ct	Hepatocytes	0.174471615218367	Hepatocytes
KCNQ4	IU_PDA_T2	juxta_ct	Endothelial_cells	0.00594416398078472	Endothelial cells
KCNQ4	IU_PDA_T2	juxta_ct	PVL	0.0046907570184037	PVL
KCNQ4	IU_PDA_T2	juxta_ct	Normal_Epithelial_cells	0.000613269898734853	Normal Epithelial cells
KCNQ4	IU_PDA_T2	juxta_ct	T_NK_cells	0.000499872225295425	T-NK cells
KCNQ4	IU_PDA_T2	juxta_ct	Tumor_Epithelial_cells	3.87882051134883	Tumor Epithelial cells
KCNQ4	IU_PDA_T2	para_ct	Fibroblasts	1.72199340018805	Fibroblasts
KCNQ4	IU_PDA_T2	para_ct	Monocytes	1.66692294231775	Monocytes
KCNQ4	IU_PDA_T2	para_ct	B_cells	1.77918286114176	B cells
KCNQ4	IU_PDA_T2	para_ct	TAM	2.01393203888196	TAM
KCNQ4	IU_PDA_T2	para_ct	Hepatocytes	2.12041481553032	Hepatocytes
KCNQ4	IU_PDA_T2	para_ct	Endothelial_cells	1.9110192899582	Endothelial cells
KCNQ4	IU_PDA_T2	para_ct	PVL	1.90487808977028	PVL
KCNQ4	IU_PDA_T2	para_ct	Normal_Epithelial_cells	2.04375160569299	Normal Epithelial cells
KCNQ4	IU_PDA_T2	para_ct	T_NK_cells	1.79954209824861	T-NK cells
KCNQ4	IU_PDA_T2	para_ct	Tumor_Epithelial_cells	2.16658697912938	Tumor Epithelial cells
KCNQ4	IU_PDA_T3	intra	Fibroblasts	5.25398206479704	Fibroblasts
KCNQ4	IU_PDA_T3	intra	Monocytes	2.50613967516327	Monocytes
KCNQ4	IU_PDA_T3	intra	B_cells	4.23870523519713	B cells
KCNQ4	IU_PDA_T3	intra	TAM	2.41724337787953	TAM
KCNQ4	IU_PDA_T3	intra	Endothelial_cells	0.378770315510994	Endothelial cells
KCNQ4	IU_PDA_T3	intra	PVL	0.686067100462989	PVL
KCNQ4	IU_PDA_T3	intra	T_NK_cells	0.179403280631013	T-NK cells
KCNQ4	IU_PDA_T3	intra	Tumor_Epithelial_cells	3.78367269870187	Tumor Epithelial cells
KCNQ4	IU_PDA_T3	juxta_ct	Fibroblasts	5.39389819900724	Fibroblasts
KCNQ4	IU_PDA_T3	juxta_ct	Monocytes	3.99699899803148	Monocytes
KCNQ4	IU_PDA_T3	juxta_ct	B_cells	5.11871057945378	B cells
KCNQ4	IU_PDA_T3	juxta_ct	TAM	4.54579779456752	TAM
KCNQ4	IU_PDA_T3	juxta_ct	Endothelial_cells	0.416243861255486	Endothelial cells
KCNQ4	IU_PDA_T3	juxta_ct	PVL	0.659117717064427	PVL
KCNQ4	IU_PDA_T3	juxta_ct	T_NK_cells	0.250283834625898	T-NK cells
KCNQ4	IU_PDA_T3	juxta_ct	Tumor_Epithelial_cells	4.8158286211995	Tumor Epithelial cells
KCNQ4	IU_PDA_T3	para_ct	Fibroblasts	4.31955207420946	Fibroblasts
KCNQ4	IU_PDA_T3	para_ct	Monocytes	3.80402613843777	Monocytes
KCNQ4	IU_PDA_T3	para_ct	B_cells	3.73232361781665	B cells
KCNQ4	IU_PDA_T3	para_ct	TAM	3.82092134976706	TAM
KCNQ4	IU_PDA_T3	para_ct	Endothelial_cells	3.75310499200482	Endothelial cells
KCNQ4	IU_PDA_T3	para_ct	PVL	3.94312572922477	PVL
KCNQ4	IU_PDA_T3	para_ct	T_NK_cells	3.63876895298573	T-NK cells
KCNQ4	IU_PDA_T3	para_ct	Tumor_Epithelial_cells	4.03718345916783	Tumor Epithelial cells
KCNQ4	IU_PDA_T4	intra	Fibroblasts	12.3506017602792	Fibroblasts
KCNQ4	IU_PDA_T4	intra	Monocytes	2.85357535909471	Monocytes
KCNQ4	IU_PDA_T4	intra	B_cells	0.222640616656158	B cells
KCNQ4	IU_PDA_T4	intra	TAM	5.3236269102428	TAM
KCNQ4	IU_PDA_T4	intra	Hepatocytes	0.000621241537878483	Hepatocytes
KCNQ4	IU_PDA_T4	intra	Endothelial_cells	0.241055487345412	Endothelial cells
KCNQ4	IU_PDA_T4	intra	PVL	0.80042237045934	PVL
KCNQ4	IU_PDA_T4	intra	T_NK_cells	0.00466731591822038	T-NK cells
KCNQ4	IU_PDA_T4	intra	Tumor_Epithelial_cells	11.9099972399694	Tumor Epithelial cells
KCNQ4	IU_PDA_T4	juxta_ct	Fibroblasts	16.7573926528589	Fibroblasts
KCNQ4	IU_PDA_T4	juxta_ct	Monocytes	8.0866690443716	Monocytes
KCNQ4	IU_PDA_T4	juxta_ct	B_cells	0.453663123613952	B cells
KCNQ4	IU_PDA_T4	juxta_ct	TAM	12.6905874375114	TAM
KCNQ4	IU_PDA_T4	juxta_ct	Hepatocytes	0.00400555126117968	Hepatocytes
KCNQ4	IU_PDA_T4	juxta_ct	Endothelial_cells	0.472533372471183	Endothelial cells
KCNQ4	IU_PDA_T4	juxta_ct	PVL	1.01701463200389	PVL
KCNQ4	IU_PDA_T4	juxta_ct	T_NK_cells	0.0144558966931713	T-NK cells
KCNQ4	IU_PDA_T4	juxta_ct	Tumor_Epithelial_cells	17.3757581958015	Tumor Epithelial cells
KCNQ4	IU_PDA_T4	para_ct	Fibroblasts	10.0869789766039	Fibroblasts
KCNQ4	IU_PDA_T4	para_ct	Monocytes	9.64804146112337	Monocytes
KCNQ4	IU_PDA_T4	para_ct	B_cells	9.03582287042376	B cells
KCNQ4	IU_PDA_T4	para_ct	TAM	9.95496864132511	TAM
KCNQ4	IU_PDA_T4	para_ct	Hepatocytes	8.71508220226372	Hepatocytes
KCNQ4	IU_PDA_T4	para_ct	Endothelial_cells	9.44990539712505	Endothelial cells
KCNQ4	IU_PDA_T4	para_ct	PVL	9.82857518424988	PVL
KCNQ4	IU_PDA_T4	para_ct	T_NK_cells	9.41362935830962	T-NK cells
KCNQ4	IU_PDA_T4	para_ct	Tumor_Epithelial_cells	9.64237035175241	Tumor Epithelial cells
KCNQ4	IU_PDA_T6	intra	Fibroblasts	3.57704615426763	Fibroblasts
KCNQ4	IU_PDA_T6	intra	Monocytes	0.0122052672788152	Monocytes
KCNQ4	IU_PDA_T6	intra	TAM	1.4658881311177	TAM
KCNQ4	IU_PDA_T6	intra	Endothelial_cells	0.00102424251193866	Endothelial cells
KCNQ4	IU_PDA_T6	intra	PVL	0.000226141149827956	PVL
KCNQ4	IU_PDA_T6	intra	Normal_Epithelial_cells	0.569280383067473	Normal Epithelial cells
KCNQ4	IU_PDA_T6	intra	Tumor_Epithelial_cells	2.81079767240042	Tumor Epithelial cells
KCNQ4	IU_PDA_T6	juxta_ct	Fibroblasts	4.04903468231114	Fibroblasts
KCNQ4	IU_PDA_T6	juxta_ct	Monocytes	0.0307030601840333	Monocytes
KCNQ4	IU_PDA_T6	juxta_ct	TAM	2.47103274048049	TAM
KCNQ4	IU_PDA_T6	juxta_ct	Endothelial_cells	0.0161507638943339	Endothelial cells
KCNQ4	IU_PDA_T6	juxta_ct	PVL	0.00350337545479239	PVL
KCNQ4	IU_PDA_T6	juxta_ct	Normal_Epithelial_cells	0.871915493520414	Normal Epithelial cells
KCNQ4	IU_PDA_T6	juxta_ct	Tumor_Epithelial_cells	3.86690983914114	Tumor Epithelial cells
KCNQ4	IU_PDA_T6	para_ct	Fibroblasts	8.26064315165773	Fibroblasts
KCNQ4	IU_PDA_T6	para_ct	Monocytes	8.1700108588945	Monocytes
KCNQ4	IU_PDA_T6	para_ct	TAM	8.22773858277648	TAM
KCNQ4	IU_PDA_T6	para_ct	Endothelial_cells	7.6926042400904	Endothelial cells
KCNQ4	IU_PDA_T6	para_ct	PVL	7.65797788281375	PVL
KCNQ4	IU_PDA_T6	para_ct	Normal_Epithelial_cells	8.20485470980773	Normal Epithelial cells
KCNQ4	IU_PDA_T6	para_ct	Tumor_Epithelial_cells	8.37292948977942	Tumor Epithelial cells
KCNQ4	IU_PDA_T8	intra	Fibroblasts	2.53621358866251	Fibroblasts
KCNQ4	IU_PDA_T8	intra	Monocytes	0.629796305310018	Monocytes
KCNQ4	IU_PDA_T8	intra	B_cells	1.50859048287731	B cells
KCNQ4	IU_PDA_T8	intra	TAM	1.4258936420209	TAM
KCNQ4	IU_PDA_T8	intra	Hepatocytes	8.20991788149514e-05	Hepatocytes
KCNQ4	IU_PDA_T8	intra	Endothelial_cells	0.000838165760141616	Endothelial cells
KCNQ4	IU_PDA_T8	intra	PVL	0.000444768484982259	PVL
KCNQ4	IU_PDA_T8	intra	Tumor_Epithelial_cells	2.91821999128777	Tumor Epithelial cells
KCNQ4	IU_PDA_T8	juxta_ct	Fibroblasts	4.00078182205163	Fibroblasts
KCNQ4	IU_PDA_T8	juxta_ct	Monocytes	0.397770451005615	Monocytes
KCNQ4	IU_PDA_T8	juxta_ct	B_cells	2.94181296917865	B cells
KCNQ4	IU_PDA_T8	juxta_ct	TAM	3.32188400934883	TAM
KCNQ4	IU_PDA_T8	juxta_ct	Hepatocytes	0.000708233385734833	Hepatocytes
KCNQ4	IU_PDA_T8	juxta_ct	Endothelial_cells	0.0126120296372541	Endothelial cells
KCNQ4	IU_PDA_T8	juxta_ct	PVL	0.141874457759165	PVL
KCNQ4	IU_PDA_T8	juxta_ct	Tumor_Epithelial_cells	4.20357980225942	Tumor Epithelial cells
KCNQ4	IU_PDA_T8	para_ct	Fibroblasts	3.61977326849898	Fibroblasts
KCNQ4	IU_PDA_T8	para_ct	Monocytes	3.17130263053826	Monocytes
KCNQ4	IU_PDA_T8	para_ct	B_cells	3.54333247304012	B cells
KCNQ4	IU_PDA_T8	para_ct	TAM	3.25810242631499	TAM
KCNQ4	IU_PDA_T8	para_ct	Hepatocytes	3.00634224152034	Hepatocytes
KCNQ4	IU_PDA_T8	para_ct	Endothelial_cells	3.48371603750546	Endothelial cells
KCNQ4	IU_PDA_T8	para_ct	PVL	3.27513557921489	PVL
KCNQ4	IU_PDA_T8	para_ct	Tumor_Epithelial_cells	3.69492166215732	Tumor Epithelial cells
KCNQ4	IU_PDA_T9	intra	Fibroblasts	2.99550207035957	Fibroblasts
KCNQ4	IU_PDA_T9	intra	Monocytes	1.51891215633696	Monocytes
KCNQ4	IU_PDA_T9	intra	B_cells	0.00567037350236322	B cells
KCNQ4	IU_PDA_T9	intra	TAM	0.754648577246432	TAM
KCNQ4	IU_PDA_T9	intra	Endothelial_cells	0.530231299947967	Endothelial cells
KCNQ4	IU_PDA_T9	intra	PVL	1.50667361344136	PVL
KCNQ4	IU_PDA_T9	intra	T_NK_cells	0.108103197368387	T-NK cells
KCNQ4	IU_PDA_T9	intra	Tumor_Epithelial_cells	1.84930027234664	Tumor Epithelial cells
KCNQ4	IU_PDA_T9	juxta_ct	Fibroblasts	2.62050975551583	Fibroblasts
KCNQ4	IU_PDA_T9	juxta_ct	Monocytes	2.77612626990901	Monocytes
KCNQ4	IU_PDA_T9	juxta_ct	B_cells	0.44721182278907	B cells
KCNQ4	IU_PDA_T9	juxta_ct	TAM	1.15202587292231	TAM
KCNQ4	IU_PDA_T9	juxta_ct	Endothelial_cells	1.19178588973883	Endothelial cells
KCNQ4	IU_PDA_T9	juxta_ct	PVL	1.2860478950077	PVL
KCNQ4	IU_PDA_T9	juxta_ct	T_NK_cells	0.526062786227555	T-NK cells
KCNQ4	IU_PDA_T9	juxta_ct	Tumor_Epithelial_cells	2.77721940127612	Tumor Epithelial cells
KCNQ4	IU_PDA_T9	para_ct	Fibroblasts	1.41041825722963	Fibroblasts
KCNQ4	IU_PDA_T9	para_ct	Monocytes	1.70613653954418	Monocytes
KCNQ4	IU_PDA_T9	para_ct	B_cells	2.58378079966731	B cells
KCNQ4	IU_PDA_T9	para_ct	TAM	1.80327955457894	TAM
KCNQ4	IU_PDA_T9	para_ct	Endothelial_cells	1.773202963408	Endothelial cells
KCNQ4	IU_PDA_T9	para_ct	PVL	1.96889081072896	PVL
KCNQ4	IU_PDA_T9	para_ct	T_NK_cells	1.70028125631618	T-NK cells
KCNQ4	IU_PDA_T9	para_ct	Tumor_Epithelial_cells	1.6460254423301	Tumor Epithelial cells
KCNS3	IU_PDA_T1	intra	Fibroblasts	19.5092862191728	Fibroblasts
KCNS3	IU_PDA_T1	intra	Monocytes	4.59317703242978	Monocytes
KCNS3	IU_PDA_T1	intra	B_cells	6.85781660190855	B cells
KCNS3	IU_PDA_T1	intra	TAM	10.6143471075698	TAM
KCNS3	IU_PDA_T1	intra	Hepatocytes	0.0109308028366921	Hepatocytes
KCNS3	IU_PDA_T1	intra	Endothelial_cells	0.0661139613437381	Endothelial cells
KCNS3	IU_PDA_T1	intra	PVL	0.157461802691748	PVL
KCNS3	IU_PDA_T1	intra	T_NK_cells	0.163286526665128	T-NK cells
KCNS3	IU_PDA_T1	intra	Tumor_Epithelial_cells	8.9686989750498	Tumor Epithelial cells
KCNS3	IU_PDA_T1	juxta_ct	Fibroblasts	29.8033590354819	Fibroblasts
KCNS3	IU_PDA_T1	juxta_ct	Monocytes	13.3333216212312	Monocytes
KCNS3	IU_PDA_T1	juxta_ct	B_cells	15.8145237345765	B cells
KCNS3	IU_PDA_T1	juxta_ct	TAM	22.8653753599472	TAM
KCNS3	IU_PDA_T1	juxta_ct	Hepatocytes	0.0350853075785557	Hepatocytes
KCNS3	IU_PDA_T1	juxta_ct	Endothelial_cells	1.69566423926691	Endothelial cells
KCNS3	IU_PDA_T1	juxta_ct	PVL	0.615576646094059	PVL
KCNS3	IU_PDA_T1	juxta_ct	T_NK_cells	0.769597146656057	T-NK cells
KCNS3	IU_PDA_T1	juxta_ct	Tumor_Epithelial_cells	19.7484503811779	Tumor Epithelial cells
KCNS3	IU_PDA_T1	para_ct	Fibroblasts	14.6665273775229	Fibroblasts
KCNS3	IU_PDA_T1	para_ct	Monocytes	15.4760542691057	Monocytes
KCNS3	IU_PDA_T1	para_ct	B_cells	14.0347743262364	B cells
KCNS3	IU_PDA_T1	para_ct	TAM	14.3331891832102	TAM
KCNS3	IU_PDA_T1	para_ct	Hepatocytes	14.9270861961161	Hepatocytes
KCNS3	IU_PDA_T1	para_ct	Endothelial_cells	16.0233760992222	Endothelial cells
KCNS3	IU_PDA_T1	para_ct	PVL	15.2670239396456	PVL
KCNS3	IU_PDA_T1	para_ct	T_NK_cells	15.4013759688474	T-NK cells
KCNS3	IU_PDA_T1	para_ct	Tumor_Epithelial_cells	17.0293462251779	Tumor Epithelial cells
KCNS3	IU_PDA_T10	intra	Fibroblasts	7.27607464557697	Fibroblasts
KCNS3	IU_PDA_T10	intra	Monocytes	1.51425225005698	Monocytes
KCNS3	IU_PDA_T10	intra	B_cells	4.19419397134717	B cells
KCNS3	IU_PDA_T10	intra	TAM	4.33914634217666	TAM
KCNS3	IU_PDA_T10	intra	Endothelial_cells	0.0137740619238822	Endothelial cells
KCNS3	IU_PDA_T10	intra	PVL	0.02546594270366	PVL
KCNS3	IU_PDA_T10	intra	T_NK_cells	0.629116711997072	T-NK cells
KCNS3	IU_PDA_T10	intra	Tumor_Epithelial_cells	6.17605691748632	Tumor Epithelial cells
KCNS3	IU_PDA_T10	juxta_ct	Fibroblasts	8.50571226719039	Fibroblasts
KCNS3	IU_PDA_T10	juxta_ct	Monocytes	4.15872984851037	Monocytes
KCNS3	IU_PDA_T10	juxta_ct	B_cells	7.97903031317423	B cells
KCNS3	IU_PDA_T10	juxta_ct	TAM	8.84224801525023	TAM
KCNS3	IU_PDA_T10	juxta_ct	Endothelial_cells	0.516152957726664	Endothelial cells
KCNS3	IU_PDA_T10	juxta_ct	PVL	0.791774997455846	PVL
KCNS3	IU_PDA_T10	juxta_ct	T_NK_cells	1.29297807049924	T-NK cells
KCNS3	IU_PDA_T10	juxta_ct	Tumor_Epithelial_cells	8.71961028990904	Tumor Epithelial cells
KCNS3	IU_PDA_T10	para_ct	Fibroblasts	6.2570480626509	Fibroblasts
KCNS3	IU_PDA_T10	para_ct	Monocytes	5.62392641761183	Monocytes
KCNS3	IU_PDA_T10	para_ct	B_cells	5.80617546301807	B cells
KCNS3	IU_PDA_T10	para_ct	TAM	5.90262479865864	TAM
KCNS3	IU_PDA_T10	para_ct	Endothelial_cells	5.88712940306711	Endothelial cells
KCNS3	IU_PDA_T10	para_ct	PVL	6.35463681093206	PVL
KCNS3	IU_PDA_T10	para_ct	T_NK_cells	6.70184626785788	T-NK cells
KCNS3	IU_PDA_T10	para_ct	Tumor_Epithelial_cells	6.10462150034415	Tumor Epithelial cells
KCNS3	IU_PDA_T11	intra	Fibroblasts	13.6361088447663	Fibroblasts
KCNS3	IU_PDA_T11	intra	Monocytes	2.84902657184863	Monocytes
KCNS3	IU_PDA_T11	intra	B_cells	0.0445439040637325	B cells
KCNS3	IU_PDA_T11	intra	TAM	6.58784647937234	TAM
KCNS3	IU_PDA_T11	intra	Endothelial_cells	3.09604203329435	Endothelial cells
KCNS3	IU_PDA_T11	intra	PVL	2.33006671212979	PVL
KCNS3	IU_PDA_T11	intra	Tumor_Epithelial_cells	10.9216454849132	Tumor Epithelial cells
KCNS3	IU_PDA_T11	juxta_ct	Fibroblasts	28.7428761623927	Fibroblasts
KCNS3	IU_PDA_T11	juxta_ct	Monocytes	5.24930275845798	Monocytes
KCNS3	IU_PDA_T11	juxta_ct	B_cells	1.14459036044522	B cells
KCNS3	IU_PDA_T11	juxta_ct	TAM	22.4699724803573	TAM
KCNS3	IU_PDA_T11	juxta_ct	Endothelial_cells	5.13465795942659	Endothelial cells
KCNS3	IU_PDA_T11	juxta_ct	PVL	4.76023078317466	PVL
KCNS3	IU_PDA_T11	juxta_ct	Tumor_Epithelial_cells	26.6984456625337	Tumor Epithelial cells
KCNS3	IU_PDA_T11	para_ct	Fibroblasts	23.5009604400567	Fibroblasts
KCNS3	IU_PDA_T11	para_ct	Monocytes	21.1278734604264	Monocytes
KCNS3	IU_PDA_T11	para_ct	B_cells	22.1569136210884	B cells
KCNS3	IU_PDA_T11	para_ct	TAM	22.1381058587666	TAM
KCNS3	IU_PDA_T11	para_ct	Endothelial_cells	20.3417243560897	Endothelial cells
KCNS3	IU_PDA_T11	para_ct	PVL	22.3553638277406	PVL
KCNS3	IU_PDA_T11	para_ct	Tumor_Epithelial_cells	22.9734215003939	Tumor Epithelial cells
KCNS3	IU_PDA_T12	intra	Fibroblasts	67.4971204345489	Fibroblasts
KCNS3	IU_PDA_T12	intra	Monocytes	7.29536076347584	Monocytes
KCNS3	IU_PDA_T12	intra	B_cells	53.873634436487	B cells
KCNS3	IU_PDA_T12	intra	TAM	63.9137957949199	TAM
KCNS3	IU_PDA_T12	intra	Endothelial_cells	15.186278086439	Endothelial cells
KCNS3	IU_PDA_T12	intra	PVL	3.73862483894892	PVL
KCNS3	IU_PDA_T12	intra	Normal_Epithelial_cells	0.176365177889599	Normal Epithelial cells
KCNS3	IU_PDA_T12	intra	T_NK_cells	0.172158835095788	T-NK cells
KCNS3	IU_PDA_T12	intra	Tumor_Epithelial_cells	46.7173946977236	Tumor Epithelial cells
KCNS3	IU_PDA_T12	juxta_ct	Fibroblasts	83.4263572602722	Fibroblasts
KCNS3	IU_PDA_T12	juxta_ct	Monocytes	22.9204884355784	Monocytes
KCNS3	IU_PDA_T12	juxta_ct	B_cells	74.601509766156	B cells
KCNS3	IU_PDA_T12	juxta_ct	TAM	84.601196466455	TAM
KCNS3	IU_PDA_T12	juxta_ct	Endothelial_cells	29.9163959893699	Endothelial cells
KCNS3	IU_PDA_T12	juxta_ct	PVL	7.58506756909599	PVL
KCNS3	IU_PDA_T12	juxta_ct	Normal_Epithelial_cells	0.351639164067211	Normal Epithelial cells
KCNS3	IU_PDA_T12	juxta_ct	T_NK_cells	1.97518112944978	T-NK cells
KCNS3	IU_PDA_T12	juxta_ct	Tumor_Epithelial_cells	77.5688316700374	Tumor Epithelial cells
KCNS3	IU_PDA_T12	para_ct	Fibroblasts	48.4446952201244	Fibroblasts
KCNS3	IU_PDA_T12	para_ct	Monocytes	51.74386868865	Monocytes
KCNS3	IU_PDA_T12	para_ct	B_cells	50.3887148149606	B cells
KCNS3	IU_PDA_T12	para_ct	TAM	49.2003786410599	TAM
KCNS3	IU_PDA_T12	para_ct	Endothelial_cells	48.0650026832796	Endothelial cells
KCNS3	IU_PDA_T12	para_ct	PVL	48.5955141674141	PVL
KCNS3	IU_PDA_T12	para_ct	Normal_Epithelial_cells	50.7853345451728	Normal Epithelial cells
KCNS3	IU_PDA_T12	para_ct	T_NK_cells	47.9638443461887	T-NK cells
KCNS3	IU_PDA_T12	para_ct	Tumor_Epithelial_cells	49.5101334960338	Tumor Epithelial cells
KCNS3	IU_PDA_T2	intra	Fibroblasts	14.0936814221189	Fibroblasts
KCNS3	IU_PDA_T2	intra	Monocytes	0.836366843260088	Monocytes
KCNS3	IU_PDA_T2	intra	B_cells	6.72969736837412	B cells
KCNS3	IU_PDA_T2	intra	TAM	7.96164436111914	TAM
KCNS3	IU_PDA_T2	intra	Hepatocytes	0.603812402201388	Hepatocytes
KCNS3	IU_PDA_T2	intra	Endothelial_cells	0.592421247781763	Endothelial cells
KCNS3	IU_PDA_T2	intra	PVL	0.0203925663014791	PVL
KCNS3	IU_PDA_T2	intra	Normal_Epithelial_cells	0.384672833074399	Normal Epithelial cells
KCNS3	IU_PDA_T2	intra	T_NK_cells	0.017047032338165	T-NK cells
KCNS3	IU_PDA_T2	intra	Tumor_Epithelial_cells	12.95930921253	Tumor Epithelial cells
KCNS3	IU_PDA_T2	juxta_ct	Fibroblasts	26.4223094011626	Fibroblasts
KCNS3	IU_PDA_T2	juxta_ct	Monocytes	2.68361904413461	Monocytes
KCNS3	IU_PDA_T2	juxta_ct	B_cells	14.454915874585	B cells
KCNS3	IU_PDA_T2	juxta_ct	TAM	20.9631616365642	TAM
KCNS3	IU_PDA_T2	juxta_ct	Hepatocytes	0.280365378426026	Hepatocytes
KCNS3	IU_PDA_T2	juxta_ct	Endothelial_cells	1.21743871783395	Endothelial cells
KCNS3	IU_PDA_T2	juxta_ct	PVL	0.264367671441363	PVL
KCNS3	IU_PDA_T2	juxta_ct	Normal_Epithelial_cells	0.809326946138019	Normal Epithelial cells
KCNS3	IU_PDA_T2	juxta_ct	T_NK_cells	0.331027493796222	T-NK cells
KCNS3	IU_PDA_T2	juxta_ct	Tumor_Epithelial_cells	26.0567509827136	Tumor Epithelial cells
KCNS3	IU_PDA_T2	para_ct	Fibroblasts	17.8060186036724	Fibroblasts
KCNS3	IU_PDA_T2	para_ct	Monocytes	18.0485704269128	Monocytes
KCNS3	IU_PDA_T2	para_ct	B_cells	18.5493089700347	B cells
KCNS3	IU_PDA_T2	para_ct	TAM	18.0287905767652	TAM
KCNS3	IU_PDA_T2	para_ct	Hepatocytes	18.5706053160741	Hepatocytes
KCNS3	IU_PDA_T2	para_ct	Endothelial_cells	18.7420671799621	Endothelial cells
KCNS3	IU_PDA_T2	para_ct	PVL	18.6289207572837	PVL
KCNS3	IU_PDA_T2	para_ct	Normal_Epithelial_cells	18.7325658071586	Normal Epithelial cells
KCNS3	IU_PDA_T2	para_ct	T_NK_cells	17.4450860377412	T-NK cells
KCNS3	IU_PDA_T2	para_ct	Tumor_Epithelial_cells	18.1509221889244	Tumor Epithelial cells
KCNS3	IU_PDA_T3	intra	Fibroblasts	24.5521508708643	Fibroblasts
KCNS3	IU_PDA_T3	intra	Monocytes	11.8540420419985	Monocytes
KCNS3	IU_PDA_T3	intra	B_cells	22.409534975873	B cells
KCNS3	IU_PDA_T3	intra	TAM	13.0730375425136	TAM
KCNS3	IU_PDA_T3	intra	Endothelial_cells	1.05237474224758	Endothelial cells
KCNS3	IU_PDA_T3	intra	PVL	2.03760390679008	PVL
KCNS3	IU_PDA_T3	intra	T_NK_cells	0.653541376546908	T-NK cells
KCNS3	IU_PDA_T3	intra	Tumor_Epithelial_cells	26.2591040157487	Tumor Epithelial cells
KCNS3	IU_PDA_T3	juxta_ct	Fibroblasts	34.244474144086	Fibroblasts
KCNS3	IU_PDA_T3	juxta_ct	Monocytes	24.9323883423637	Monocytes
KCNS3	IU_PDA_T3	juxta_ct	B_cells	34.2131688559659	B cells
KCNS3	IU_PDA_T3	juxta_ct	TAM	27.6803858436949	TAM
KCNS3	IU_PDA_T3	juxta_ct	Endothelial_cells	3.32552897084192	Endothelial cells
KCNS3	IU_PDA_T3	juxta_ct	PVL	2.94247394966428	PVL
KCNS3	IU_PDA_T3	juxta_ct	T_NK_cells	2.25217435439324	T-NK cells
KCNS3	IU_PDA_T3	juxta_ct	Tumor_Epithelial_cells	36.0542696013742	Tumor Epithelial cells
KCNS3	IU_PDA_T3	para_ct	Fibroblasts	27.1726297508392	Fibroblasts
KCNS3	IU_PDA_T3	para_ct	Monocytes	26.5277076559398	Monocytes
KCNS3	IU_PDA_T3	para_ct	B_cells	28.8681347490927	B cells
KCNS3	IU_PDA_T3	para_ct	TAM	31.1438591988452	TAM
KCNS3	IU_PDA_T3	para_ct	Endothelial_cells	30.0965444898042	Endothelial cells
KCNS3	IU_PDA_T3	para_ct	PVL	30.4889030906187	PVL
KCNS3	IU_PDA_T3	para_ct	T_NK_cells	28.0490021795732	T-NK cells
KCNS3	IU_PDA_T3	para_ct	Tumor_Epithelial_cells	34.5397828517865	Tumor Epithelial cells
KCNS3	IU_PDA_T4	intra	Fibroblasts	25.0510597573067	Fibroblasts
KCNS3	IU_PDA_T4	intra	Monocytes	12.3329158866089	Monocytes
KCNS3	IU_PDA_T4	intra	B_cells	1.07606037126313	B cells
KCNS3	IU_PDA_T4	intra	TAM	11.6864974338456	TAM
KCNS3	IU_PDA_T4	intra	Hepatocytes	0.00691417793891644	Hepatocytes
KCNS3	IU_PDA_T4	intra	Endothelial_cells	1.94592173831514	Endothelial cells
KCNS3	IU_PDA_T4	intra	PVL	4.3476031158398	PVL
KCNS3	IU_PDA_T4	intra	T_NK_cells	0.533452920812542	T-NK cells
KCNS3	IU_PDA_T4	intra	Tumor_Epithelial_cells	24.9327988886755	Tumor Epithelial cells
KCNS3	IU_PDA_T4	juxta_ct	Fibroblasts	38.4618927609851	Fibroblasts
KCNS3	IU_PDA_T4	juxta_ct	Monocytes	27.2628822574901	Monocytes
KCNS3	IU_PDA_T4	juxta_ct	B_cells	1.23439899707297	B cells
KCNS3	IU_PDA_T4	juxta_ct	TAM	31.5365936643426	TAM
KCNS3	IU_PDA_T4	juxta_ct	Hepatocytes	0.285785858702466	Hepatocytes
KCNS3	IU_PDA_T4	juxta_ct	Endothelial_cells	2.89912525653956	Endothelial cells
KCNS3	IU_PDA_T4	juxta_ct	PVL	7.39046018099721	PVL
KCNS3	IU_PDA_T4	juxta_ct	T_NK_cells	1.05333707581715	T-NK cells
KCNS3	IU_PDA_T4	juxta_ct	Tumor_Epithelial_cells	38.3902675042705	Tumor Epithelial cells
KCNS3	IU_PDA_T4	para_ct	Fibroblasts	27.5356819051624	Fibroblasts
KCNS3	IU_PDA_T4	para_ct	Monocytes	29.9756386371153	Monocytes
KCNS3	IU_PDA_T4	para_ct	B_cells	26.4348160779153	B cells
KCNS3	IU_PDA_T4	para_ct	TAM	26.7758250839068	TAM
KCNS3	IU_PDA_T4	para_ct	Hepatocytes	23.1770591131888	Hepatocytes
KCNS3	IU_PDA_T4	para_ct	Endothelial_cells	27.8000872437175	Endothelial cells
KCNS3	IU_PDA_T4	para_ct	PVL	25.6180343713603	PVL
KCNS3	IU_PDA_T4	para_ct	T_NK_cells	23.8654122141329	T-NK cells
KCNS3	IU_PDA_T4	para_ct	Tumor_Epithelial_cells	26.5466543789831	Tumor Epithelial cells
KCNS3	IU_PDA_T6	intra	Fibroblasts	7.1932038241362	Fibroblasts
KCNS3	IU_PDA_T6	intra	Monocytes	0.102653458713342	Monocytes
KCNS3	IU_PDA_T6	intra	TAM	3.73807003965232	TAM
KCNS3	IU_PDA_T6	intra	Endothelial_cells	0.234694359575518	Endothelial cells
KCNS3	IU_PDA_T6	intra	PVL	0.00256412530780197	PVL
KCNS3	IU_PDA_T6	intra	Normal_Epithelial_cells	0.123470936994123	Normal Epithelial cells
KCNS3	IU_PDA_T6	intra	Tumor_Epithelial_cells	7.09007470947076	Tumor Epithelial cells
KCNS3	IU_PDA_T6	juxta_ct	Fibroblasts	12.5589173966917	Fibroblasts
KCNS3	IU_PDA_T6	juxta_ct	Monocytes	0.740284150158129	Monocytes
KCNS3	IU_PDA_T6	juxta_ct	TAM	7.3492823040781	TAM
KCNS3	IU_PDA_T6	juxta_ct	Endothelial_cells	0.0969211432276268	Endothelial cells
KCNS3	IU_PDA_T6	juxta_ct	PVL	0.0069761721267387	PVL
KCNS3	IU_PDA_T6	juxta_ct	Normal_Epithelial_cells	0.713171504162203	Normal Epithelial cells
KCNS3	IU_PDA_T6	juxta_ct	Tumor_Epithelial_cells	12.2011007410126	Tumor Epithelial cells
KCNS3	IU_PDA_T6	para_ct	Fibroblasts	27.6209157500724	Fibroblasts
KCNS3	IU_PDA_T6	para_ct	Monocytes	30.0017704202912	Monocytes
KCNS3	IU_PDA_T6	para_ct	TAM	27.2859841630868	TAM
KCNS3	IU_PDA_T6	para_ct	Endothelial_cells	27.5338271233403	Endothelial cells
KCNS3	IU_PDA_T6	para_ct	PVL	27.1693971276847	PVL
KCNS3	IU_PDA_T6	para_ct	Normal_Epithelial_cells	28.0397820653942	Normal Epithelial cells
KCNS3	IU_PDA_T6	para_ct	Tumor_Epithelial_cells	29.494573179187	Tumor Epithelial cells
KCNS3	IU_PDA_T8	intra	Fibroblasts	5.12292344679803	Fibroblasts
KCNS3	IU_PDA_T8	intra	Monocytes	0.573340543292043	Monocytes
KCNS3	IU_PDA_T8	intra	B_cells	3.52609340546077	B cells
KCNS3	IU_PDA_T8	intra	TAM	3.24609980024454	TAM
KCNS3	IU_PDA_T8	intra	Hepatocytes	0.000159729532297067	Hepatocytes
KCNS3	IU_PDA_T8	intra	Endothelial_cells	0.0107327748014654	Endothelial cells
KCNS3	IU_PDA_T8	intra	PVL	0.00299101706013625	PVL
KCNS3	IU_PDA_T8	intra	Tumor_Epithelial_cells	5.82169576385437	Tumor Epithelial cells
KCNS3	IU_PDA_T8	juxta_ct	Fibroblasts	9.62817583470483	Fibroblasts
KCNS3	IU_PDA_T8	juxta_ct	Monocytes	0.7846224698617	Monocytes
KCNS3	IU_PDA_T8	juxta_ct	B_cells	7.60754959553381	B cells
KCNS3	IU_PDA_T8	juxta_ct	TAM	7.95791003770967	TAM
KCNS3	IU_PDA_T8	juxta_ct	Hepatocytes	0.00380828262381203	Hepatocytes
KCNS3	IU_PDA_T8	juxta_ct	Endothelial_cells	0.324234279686897	Endothelial cells
KCNS3	IU_PDA_T8	juxta_ct	PVL	0.0708878585588343	PVL
KCNS3	IU_PDA_T8	juxta_ct	Tumor_Epithelial_cells	9.78873168407673	Tumor Epithelial cells
KCNS3	IU_PDA_T8	para_ct	Fibroblasts	8.71093459460357	Fibroblasts
KCNS3	IU_PDA_T8	para_ct	Monocytes	8.45784471333838	Monocytes
KCNS3	IU_PDA_T8	para_ct	B_cells	8.44415075329324	B cells
KCNS3	IU_PDA_T8	para_ct	TAM	8.14552338650446	TAM
KCNS3	IU_PDA_T8	para_ct	Hepatocytes	7.78477142756498	Hepatocytes
KCNS3	IU_PDA_T8	para_ct	Endothelial_cells	7.49629573247978	Endothelial cells
KCNS3	IU_PDA_T8	para_ct	PVL	8.65638971532705	PVL
KCNS3	IU_PDA_T8	para_ct	Tumor_Epithelial_cells	9.40521139290997	Tumor Epithelial cells
KCNS3	IU_PDA_T9	intra	Fibroblasts	11.6482736444529	Fibroblasts
KCNS3	IU_PDA_T9	intra	Monocytes	7.14272508829273	Monocytes
KCNS3	IU_PDA_T9	intra	B_cells	0.218072661342763	B cells
KCNS3	IU_PDA_T9	intra	TAM	5.74099157314749	TAM
KCNS3	IU_PDA_T9	intra	Endothelial_cells	1.64357753649357	Endothelial cells
KCNS3	IU_PDA_T9	intra	PVL	1.95042388716282	PVL
KCNS3	IU_PDA_T9	intra	T_NK_cells	1.50467029036834	T-NK cells
KCNS3	IU_PDA_T9	intra	Tumor_Epithelial_cells	8.63648081116672	Tumor Epithelial cells
KCNS3	IU_PDA_T9	juxta_ct	Fibroblasts	22.7887027804495	Fibroblasts
KCNS3	IU_PDA_T9	juxta_ct	Monocytes	21.1678377061789	Monocytes
KCNS3	IU_PDA_T9	juxta_ct	B_cells	0.57164325431788	B cells
KCNS3	IU_PDA_T9	juxta_ct	TAM	17.1798470582059	TAM
KCNS3	IU_PDA_T9	juxta_ct	Endothelial_cells	3.90582569761482	Endothelial cells
KCNS3	IU_PDA_T9	juxta_ct	PVL	2.41570350701605	PVL
KCNS3	IU_PDA_T9	juxta_ct	T_NK_cells	5.0237651023766	T-NK cells
KCNS3	IU_PDA_T9	juxta_ct	Tumor_Epithelial_cells	19.471046549363	Tumor Epithelial cells
KCNS3	IU_PDA_T9	para_ct	Fibroblasts	16.4211689350923	Fibroblasts
KCNS3	IU_PDA_T9	para_ct	Monocytes	16.8191387411919	Monocytes
KCNS3	IU_PDA_T9	para_ct	B_cells	17.0455998725438	B cells
KCNS3	IU_PDA_T9	para_ct	TAM	17.3625572923317	TAM
KCNS3	IU_PDA_T9	para_ct	Endothelial_cells	17.6351680767088	Endothelial cells
KCNS3	IU_PDA_T9	para_ct	PVL	17.2028483387207	PVL
KCNS3	IU_PDA_T9	para_ct	T_NK_cells	18.702876322753	T-NK cells
KCNS3	IU_PDA_T9	para_ct	Tumor_Epithelial_cells	18.0405679807025	Tumor Epithelial cells
KCNT2	IU_PDA_T1	intra	Fibroblasts	1.23161017114523	Fibroblasts
KCNT2	IU_PDA_T1	intra	Monocytes	0.416670036965677	Monocytes
KCNT2	IU_PDA_T1	intra	B_cells	0.445815278956666	B cells
KCNT2	IU_PDA_T1	intra	TAM	0.256168567335961	TAM
KCNT2	IU_PDA_T1	intra	Hepatocytes	2.54975684081461e-06	Hepatocytes
KCNT2	IU_PDA_T1	intra	Endothelial_cells	9.69051205017155e-05	Endothelial cells
KCNT2	IU_PDA_T1	intra	PVL	0.226454035031682	PVL
KCNT2	IU_PDA_T1	intra	T_NK_cells	2.90772286746651e-05	T-NK cells
KCNT2	IU_PDA_T1	intra	Tumor_Epithelial_cells	0.255903060200137	Tumor Epithelial cells
KCNT2	IU_PDA_T1	juxta_ct	Fibroblasts	1.08664836171333	Fibroblasts
KCNT2	IU_PDA_T1	juxta_ct	Monocytes	0.416248632793093	Monocytes
KCNT2	IU_PDA_T1	juxta_ct	B_cells	1.28220153797347	B cells
KCNT2	IU_PDA_T1	juxta_ct	TAM	0.561468784909787	TAM
KCNT2	IU_PDA_T1	juxta_ct	Hepatocytes	0	Hepatocytes
KCNT2	IU_PDA_T1	juxta_ct	Endothelial_cells	0.000432054931268578	Endothelial cells
KCNT2	IU_PDA_T1	juxta_ct	PVL	0.00186180736374377	PVL
KCNT2	IU_PDA_T1	juxta_ct	T_NK_cells	0.0026009351815462	T-NK cells
KCNT2	IU_PDA_T1	juxta_ct	Tumor_Epithelial_cells	0.534571273485069	Tumor Epithelial cells
KCNT2	IU_PDA_T1	para_ct	Fibroblasts	0.430459856679087	Fibroblasts
KCNT2	IU_PDA_T1	para_ct	Monocytes	0.569035130798112	Monocytes
KCNT2	IU_PDA_T1	para_ct	B_cells	0.543848782069282	B cells
KCNT2	IU_PDA_T1	para_ct	TAM	0.567976089775842	TAM
KCNT2	IU_PDA_T1	para_ct	Hepatocytes	0.535746684142706	Hepatocytes
KCNT2	IU_PDA_T1	para_ct	Endothelial_cells	0.534171958199938	Endothelial cells
KCNT2	IU_PDA_T1	para_ct	PVL	0.507112890553286	PVL
KCNT2	IU_PDA_T1	para_ct	T_NK_cells	0.313130430306709	T-NK cells
KCNT2	IU_PDA_T1	para_ct	Tumor_Epithelial_cells	0.561000288841359	Tumor Epithelial cells
KCNT2	IU_PDA_T10	intra	Fibroblasts	0.619848076835904	Fibroblasts
KCNT2	IU_PDA_T10	intra	Monocytes	0.12762305622998	Monocytes
KCNT2	IU_PDA_T10	intra	B_cells	0.471635820146456	B cells
KCNT2	IU_PDA_T10	intra	TAM	0.563944946594487	TAM
KCNT2	IU_PDA_T10	intra	Endothelial_cells	2.06146775487711e-05	Endothelial cells
KCNT2	IU_PDA_T10	intra	PVL	0.00186669095702669	PVL
KCNT2	IU_PDA_T10	intra	T_NK_cells	8.39174695900027e-05	T-NK cells
KCNT2	IU_PDA_T10	intra	Tumor_Epithelial_cells	0.663350701533756	Tumor Epithelial cells
KCNT2	IU_PDA_T10	juxta_ct	Fibroblasts	0.586458160926335	Fibroblasts
KCNT2	IU_PDA_T10	juxta_ct	Monocytes	0.0274370430297446	Monocytes
KCNT2	IU_PDA_T10	juxta_ct	B_cells	0.614653871876963	B cells
KCNT2	IU_PDA_T10	juxta_ct	TAM	0.740450509179604	TAM
KCNT2	IU_PDA_T10	juxta_ct	Endothelial_cells	0.111550467584712	Endothelial cells
KCNT2	IU_PDA_T10	juxta_ct	PVL	0.0796649156863203	PVL
KCNT2	IU_PDA_T10	juxta_ct	T_NK_cells	0.00148037525379604	T-NK cells
KCNT2	IU_PDA_T10	juxta_ct	Tumor_Epithelial_cells	0.577399512650777	Tumor Epithelial cells
KCNT2	IU_PDA_T10	para_ct	Fibroblasts	0.355188566357509	Fibroblasts
KCNT2	IU_PDA_T10	para_ct	Monocytes	0.466150288146284	Monocytes
KCNT2	IU_PDA_T10	para_ct	B_cells	0.328144927305148	B cells
KCNT2	IU_PDA_T10	para_ct	TAM	0.355362600716762	TAM
KCNT2	IU_PDA_T10	para_ct	Endothelial_cells	0.407968424949739	Endothelial cells
KCNT2	IU_PDA_T10	para_ct	PVL	0.400510383134886	PVL
KCNT2	IU_PDA_T10	para_ct	T_NK_cells	0.326055407921908	T-NK cells
KCNT2	IU_PDA_T10	para_ct	Tumor_Epithelial_cells	0.520113177420435	Tumor Epithelial cells
KCNT2	IU_PDA_T11	intra	Fibroblasts	1.45985968433547	Fibroblasts
KCNT2	IU_PDA_T11	intra	Monocytes	0.0088031207499688	Monocytes
KCNT2	IU_PDA_T11	intra	B_cells	0.000814753757611341	B cells
KCNT2	IU_PDA_T11	intra	TAM	0.997028393536911	TAM
KCNT2	IU_PDA_T11	intra	Endothelial_cells	0.00740913744984692	Endothelial cells
KCNT2	IU_PDA_T11	intra	PVL	0.468278195081526	PVL
KCNT2	IU_PDA_T11	intra	Tumor_Epithelial_cells	1.64731778962688	Tumor Epithelial cells
KCNT2	IU_PDA_T11	juxta_ct	Fibroblasts	2.43888662774686	Fibroblasts
KCNT2	IU_PDA_T11	juxta_ct	Monocytes	0.67928418407638	Monocytes
KCNT2	IU_PDA_T11	juxta_ct	B_cells	0.0168326115983361	B cells
KCNT2	IU_PDA_T11	juxta_ct	TAM	1.92282756770538	TAM
KCNT2	IU_PDA_T11	juxta_ct	Endothelial_cells	0.279825843907468	Endothelial cells
KCNT2	IU_PDA_T11	juxta_ct	PVL	0.358285366609436	PVL
KCNT2	IU_PDA_T11	juxta_ct	Tumor_Epithelial_cells	1.84748770165702	Tumor Epithelial cells
KCNT2	IU_PDA_T11	para_ct	Fibroblasts	1.67738451377972	Fibroblasts
KCNT2	IU_PDA_T11	para_ct	Monocytes	1.60226789227325	Monocytes
KCNT2	IU_PDA_T11	para_ct	B_cells	1.58948830522872	B cells
KCNT2	IU_PDA_T11	para_ct	TAM	1.89133874283401	TAM
KCNT2	IU_PDA_T11	para_ct	Endothelial_cells	1.53823529824053	Endothelial cells
KCNT2	IU_PDA_T11	para_ct	PVL	1.46423382945055	PVL
KCNT2	IU_PDA_T11	para_ct	Tumor_Epithelial_cells	1.66156430442908	Tumor Epithelial cells
KCNT2	IU_PDA_T12	intra	Fibroblasts	5.97914875481942	Fibroblasts
KCNT2	IU_PDA_T12	intra	Monocytes	0.208163194540612	Monocytes
KCNT2	IU_PDA_T12	intra	B_cells	4.22600388510286	B cells
KCNT2	IU_PDA_T12	intra	TAM	5.31337963485894	TAM
KCNT2	IU_PDA_T12	intra	Endothelial_cells	0.596517544606622	Endothelial cells
KCNT2	IU_PDA_T12	intra	PVL	0.334087598678416	PVL
KCNT2	IU_PDA_T12	intra	Normal_Epithelial_cells	1.82718514967876e-05	Normal Epithelial cells
KCNT2	IU_PDA_T12	intra	T_NK_cells	0.425620991153543	T-NK cells
KCNT2	IU_PDA_T12	intra	Tumor_Epithelial_cells	3.75053378359006	Tumor Epithelial cells
KCNT2	IU_PDA_T12	juxta_ct	Fibroblasts	5.52253386865179	Fibroblasts
KCNT2	IU_PDA_T12	juxta_ct	Monocytes	0.519954463911704	Monocytes
KCNT2	IU_PDA_T12	juxta_ct	B_cells	4.58850980696146	B cells
KCNT2	IU_PDA_T12	juxta_ct	TAM	5.03693210048995	TAM
KCNT2	IU_PDA_T12	juxta_ct	Endothelial_cells	2.03961551128857	Endothelial cells
KCNT2	IU_PDA_T12	juxta_ct	PVL	0.513042308583314	PVL
KCNT2	IU_PDA_T12	juxta_ct	Normal_Epithelial_cells	0.112067978883114	Normal Epithelial cells
KCNT2	IU_PDA_T12	juxta_ct	T_NK_cells	0.0605856662533137	T-NK cells
KCNT2	IU_PDA_T12	juxta_ct	Tumor_Epithelial_cells	4.80857319102149	Tumor Epithelial cells
KCNT2	IU_PDA_T12	para_ct	Fibroblasts	3.30068202050353	Fibroblasts
KCNT2	IU_PDA_T12	para_ct	Monocytes	2.76341769084671	Monocytes
KCNT2	IU_PDA_T12	para_ct	B_cells	2.59241673291323	B cells
KCNT2	IU_PDA_T12	para_ct	TAM	2.57059638842342	TAM
KCNT2	IU_PDA_T12	para_ct	Endothelial_cells	2.54638383190825	Endothelial cells
KCNT2	IU_PDA_T12	para_ct	PVL	2.59068682100052	PVL
KCNT2	IU_PDA_T12	para_ct	Normal_Epithelial_cells	2.88035281273574	Normal Epithelial cells
KCNT2	IU_PDA_T12	para_ct	T_NK_cells	2.86786440750483	T-NK cells
KCNT2	IU_PDA_T12	para_ct	Tumor_Epithelial_cells	3.07818738847348	Tumor Epithelial cells
KCNT2	IU_PDA_T2	intra	Fibroblasts	1.66996824185592	Fibroblasts
KCNT2	IU_PDA_T2	intra	Monocytes	0.0789576246504944	Monocytes
KCNT2	IU_PDA_T2	intra	B_cells	0.539454016575837	B cells
KCNT2	IU_PDA_T2	intra	TAM	0.822236366325297	TAM
KCNT2	IU_PDA_T2	intra	Hepatocytes	3.67038876771765e-06	Hepatocytes
KCNT2	IU_PDA_T2	intra	Endothelial_cells	0.224442002076874	Endothelial cells
KCNT2	IU_PDA_T2	intra	PVL	0.0006728172672181	PVL
KCNT2	IU_PDA_T2	intra	Normal_Epithelial_cells	3.96732569294718e-05	Normal Epithelial cells
KCNT2	IU_PDA_T2	intra	T_NK_cells	5.09871518219549e-06	T-NK cells
KCNT2	IU_PDA_T2	intra	Tumor_Epithelial_cells	1.45584341811118	Tumor Epithelial cells
KCNT2	IU_PDA_T2	juxta_ct	Fibroblasts	1.85058602305278	Fibroblasts
KCNT2	IU_PDA_T2	juxta_ct	Monocytes	0.244171863749671	Monocytes
KCNT2	IU_PDA_T2	juxta_ct	B_cells	0.958894346741276	B cells
KCNT2	IU_PDA_T2	juxta_ct	TAM	1.47305829548756	TAM
KCNT2	IU_PDA_T2	juxta_ct	Hepatocytes	0.000264224792616802	Hepatocytes
KCNT2	IU_PDA_T2	juxta_ct	Endothelial_cells	0.291606323483612	Endothelial cells
KCNT2	IU_PDA_T2	juxta_ct	PVL	0.0529760405651014	PVL
KCNT2	IU_PDA_T2	juxta_ct	Normal_Epithelial_cells	0.00150287199858603	Normal Epithelial cells
KCNT2	IU_PDA_T2	juxta_ct	T_NK_cells	0.000473172575233041	T-NK cells
KCNT2	IU_PDA_T2	juxta_ct	Tumor_Epithelial_cells	1.90648260208899	Tumor Epithelial cells
KCNT2	IU_PDA_T2	para_ct	Fibroblasts	0.738122221970407	Fibroblasts
KCNT2	IU_PDA_T2	para_ct	Monocytes	0.958523986074987	Monocytes
KCNT2	IU_PDA_T2	para_ct	B_cells	0.936952729729976	B cells
KCNT2	IU_PDA_T2	para_ct	TAM	0.865891967548908	TAM
KCNT2	IU_PDA_T2	para_ct	Hepatocytes	0.816704871826725	Hepatocytes
KCNT2	IU_PDA_T2	para_ct	Endothelial_cells	0.795176580290229	Endothelial cells
KCNT2	IU_PDA_T2	para_ct	PVL	0.831994259637144	PVL
KCNT2	IU_PDA_T2	para_ct	Normal_Epithelial_cells	0.925435481356765	Normal Epithelial cells
KCNT2	IU_PDA_T2	para_ct	T_NK_cells	0.725115313646202	T-NK cells
KCNT2	IU_PDA_T2	para_ct	Tumor_Epithelial_cells	0.831922392988835	Tumor Epithelial cells
KCNT2	IU_PDA_T3	intra	Fibroblasts	1.49161350604518	Fibroblasts
KCNT2	IU_PDA_T3	intra	Monocytes	0.612040043945688	Monocytes
KCNT2	IU_PDA_T3	intra	B_cells	1.33990008306046	B cells
KCNT2	IU_PDA_T3	intra	TAM	0.864971294119925	TAM
KCNT2	IU_PDA_T3	intra	Endothelial_cells	0.00340169983336227	Endothelial cells
KCNT2	IU_PDA_T3	intra	PVL	0.00334224959148447	PVL
KCNT2	IU_PDA_T3	intra	T_NK_cells	0.189330474941725	T-NK cells
KCNT2	IU_PDA_T3	intra	Tumor_Epithelial_cells	0.903387876469802	Tumor Epithelial cells
KCNT2	IU_PDA_T3	juxta_ct	Fibroblasts	1.5538457272835	Fibroblasts
KCNT2	IU_PDA_T3	juxta_ct	Monocytes	1.23519279445494	Monocytes
KCNT2	IU_PDA_T3	juxta_ct	B_cells	1.5730335051702	B cells
KCNT2	IU_PDA_T3	juxta_ct	TAM	0.898168555045793	TAM
KCNT2	IU_PDA_T3	juxta_ct	Endothelial_cells	0.241307611987265	Endothelial cells
KCNT2	IU_PDA_T3	juxta_ct	PVL	0.214087875012202	PVL
KCNT2	IU_PDA_T3	juxta_ct	T_NK_cells	0.40274419835325	T-NK cells
KCNT2	IU_PDA_T3	juxta_ct	Tumor_Epithelial_cells	0.996021778104972	Tumor Epithelial cells
KCNT2	IU_PDA_T3	para_ct	Fibroblasts	0.97469669679618	Fibroblasts
KCNT2	IU_PDA_T3	para_ct	Monocytes	1.00527662608555	Monocytes
KCNT2	IU_PDA_T3	para_ct	B_cells	1.016000375222	B cells
KCNT2	IU_PDA_T3	para_ct	TAM	0.844928236546723	TAM
KCNT2	IU_PDA_T3	para_ct	Endothelial_cells	1.25394200521973	Endothelial cells
KCNT2	IU_PDA_T3	para_ct	PVL	0.813669104207781	PVL
KCNT2	IU_PDA_T3	para_ct	T_NK_cells	0.910743295484778	T-NK cells
KCNT2	IU_PDA_T3	para_ct	Tumor_Epithelial_cells	1.08842223909263	Tumor Epithelial cells
KCNT2	IU_PDA_T4	intra	Fibroblasts	3.10258612931785	Fibroblasts
KCNT2	IU_PDA_T4	intra	Monocytes	0.0123862097759688	Monocytes
KCNT2	IU_PDA_T4	intra	B_cells	0.00012504050948524	B cells
KCNT2	IU_PDA_T4	intra	TAM	1.29803994434413	TAM
KCNT2	IU_PDA_T4	intra	Hepatocytes	1.15826277921186e-05	Hepatocytes
KCNT2	IU_PDA_T4	intra	Endothelial_cells	0.00603447281183166	Endothelial cells
KCNT2	IU_PDA_T4	intra	PVL	0.00457150563733926	PVL
KCNT2	IU_PDA_T4	intra	T_NK_cells	7.47646460382615e-05	T-NK cells
KCNT2	IU_PDA_T4	intra	Tumor_Epithelial_cells	2.65652013618718	Tumor Epithelial cells
KCNT2	IU_PDA_T4	juxta_ct	Fibroblasts	3.39662035218621	Fibroblasts
KCNT2	IU_PDA_T4	juxta_ct	Monocytes	0.642403705033953	Monocytes
KCNT2	IU_PDA_T4	juxta_ct	B_cells	0.0911221046581229	B cells
KCNT2	IU_PDA_T4	juxta_ct	TAM	1.9158337049992	TAM
KCNT2	IU_PDA_T4	juxta_ct	Hepatocytes	0.000168960535520526	Hepatocytes
KCNT2	IU_PDA_T4	juxta_ct	Endothelial_cells	0.0122353863275496	Endothelial cells
KCNT2	IU_PDA_T4	juxta_ct	PVL	0.295478202191345	PVL
KCNT2	IU_PDA_T4	juxta_ct	T_NK_cells	3.34627310179778e-05	T-NK cells
KCNT2	IU_PDA_T4	juxta_ct	Tumor_Epithelial_cells	3.23519753884358	Tumor Epithelial cells
KCNT2	IU_PDA_T4	para_ct	Fibroblasts	1.48417742153183	Fibroblasts
KCNT2	IU_PDA_T4	para_ct	Monocytes	1.41928004356354	Monocytes
KCNT2	IU_PDA_T4	para_ct	B_cells	1.87215973933012	B cells
KCNT2	IU_PDA_T4	para_ct	TAM	1.25790406405725	TAM
KCNT2	IU_PDA_T4	para_ct	Hepatocytes	1.39529084257499	Hepatocytes
KCNT2	IU_PDA_T4	para_ct	Endothelial_cells	1.26088732564229	Endothelial cells
KCNT2	IU_PDA_T4	para_ct	PVL	1.44969141411003	PVL
KCNT2	IU_PDA_T4	para_ct	T_NK_cells	1.55999341260774	T-NK cells
KCNT2	IU_PDA_T4	para_ct	Tumor_Epithelial_cells	1.83440420776368	Tumor Epithelial cells
KCNT2	IU_PDA_T6	intra	Fibroblasts	2.04311972133105	Fibroblasts
KCNT2	IU_PDA_T6	intra	Monocytes	0.000754213092446221	Monocytes
KCNT2	IU_PDA_T6	intra	TAM	0.863513253208125	TAM
KCNT2	IU_PDA_T6	intra	Endothelial_cells	9.922962821238e-05	Endothelial cells
KCNT2	IU_PDA_T6	intra	PVL	5.75541768403484e-05	PVL
KCNT2	IU_PDA_T6	intra	Normal_Epithelial_cells	0.424609479389596	Normal Epithelial cells
KCNT2	IU_PDA_T6	intra	Tumor_Epithelial_cells	2.14809166684585	Tumor Epithelial cells
KCNT2	IU_PDA_T6	juxta_ct	Fibroblasts	2.76167652997527	Fibroblasts
KCNT2	IU_PDA_T6	juxta_ct	Monocytes	0.135432731330428	Monocytes
KCNT2	IU_PDA_T6	juxta_ct	TAM	1.09968887226031	TAM
KCNT2	IU_PDA_T6	juxta_ct	Endothelial_cells	0.226566993374133	Endothelial cells
KCNT2	IU_PDA_T6	juxta_ct	PVL	0.0860494933626116	PVL
KCNT2	IU_PDA_T6	juxta_ct	Normal_Epithelial_cells	0.423030233766582	Normal Epithelial cells
KCNT2	IU_PDA_T6	juxta_ct	Tumor_Epithelial_cells	1.95980157608217	Tumor Epithelial cells
KCNT2	IU_PDA_T6	para_ct	Fibroblasts	1.91374442132583	Fibroblasts
KCNT2	IU_PDA_T6	para_ct	Monocytes	1.70645155008224	Monocytes
KCNT2	IU_PDA_T6	para_ct	TAM	2.07368094860824	TAM
KCNT2	IU_PDA_T6	para_ct	Endothelial_cells	1.63659768202105	Endothelial cells
KCNT2	IU_PDA_T6	para_ct	PVL	1.50050982984407	PVL
KCNT2	IU_PDA_T6	para_ct	Normal_Epithelial_cells	1.96238946137094	Normal Epithelial cells
KCNT2	IU_PDA_T6	para_ct	Tumor_Epithelial_cells	1.68170804838682	Tumor Epithelial cells
KCNT2	IU_PDA_T8	intra	Fibroblasts	1.05712775739659	Fibroblasts
KCNT2	IU_PDA_T8	intra	Monocytes	0.000263391458549423	Monocytes
KCNT2	IU_PDA_T8	intra	B_cells	0.890839575318564	B cells
KCNT2	IU_PDA_T8	intra	TAM	0.622407141344151	TAM
KCNT2	IU_PDA_T8	intra	Hepatocytes	1.1046454586358e-05	Hepatocytes
KCNT2	IU_PDA_T8	intra	Endothelial_cells	6.1302237785714e-05	Endothelial cells
KCNT2	IU_PDA_T8	intra	PVL	0.000232693422848739	PVL
KCNT2	IU_PDA_T8	intra	Tumor_Epithelial_cells	1.04557918121106	Tumor Epithelial cells
KCNT2	IU_PDA_T8	juxta_ct	Fibroblasts	1.24866593142924	Fibroblasts
KCNT2	IU_PDA_T8	juxta_ct	Monocytes	0.0573212614079045	Monocytes
KCNT2	IU_PDA_T8	juxta_ct	B_cells	1.12305727690525	B cells
KCNT2	IU_PDA_T8	juxta_ct	TAM	1.26620790615549	TAM
KCNT2	IU_PDA_T8	juxta_ct	Hepatocytes	1.80197560949169e-05	Hepatocytes
KCNT2	IU_PDA_T8	juxta_ct	Endothelial_cells	0.000375083712396574	Endothelial cells
KCNT2	IU_PDA_T8	juxta_ct	PVL	0.000255959643790948	PVL
KCNT2	IU_PDA_T8	juxta_ct	Tumor_Epithelial_cells	1.43928298907351	Tumor Epithelial cells
KCNT2	IU_PDA_T8	para_ct	Fibroblasts	0.758874724957977	Fibroblasts
KCNT2	IU_PDA_T8	para_ct	Monocytes	1.06829892687296	Monocytes
KCNT2	IU_PDA_T8	para_ct	B_cells	0.858512370713454	B cells
KCNT2	IU_PDA_T8	para_ct	TAM	0.708936522468958	TAM
KCNT2	IU_PDA_T8	para_ct	Hepatocytes	0.901903341636333	Hepatocytes
KCNT2	IU_PDA_T8	para_ct	Endothelial_cells	0.88529258194083	Endothelial cells
KCNT2	IU_PDA_T8	para_ct	PVL	1.18049464796754	PVL
KCNT2	IU_PDA_T8	para_ct	Tumor_Epithelial_cells	0.9280249337108	Tumor Epithelial cells
KCNT2	IU_PDA_T9	intra	Fibroblasts	4.48888623389411	Fibroblasts
KCNT2	IU_PDA_T9	intra	Monocytes	2.25263460572962	Monocytes
KCNT2	IU_PDA_T9	intra	B_cells	0.0193926624682303	B cells
KCNT2	IU_PDA_T9	intra	TAM	1.6249423944802	TAM
KCNT2	IU_PDA_T9	intra	Endothelial_cells	0.603910516108311	Endothelial cells
KCNT2	IU_PDA_T9	intra	PVL	0.280888499220889	PVL
KCNT2	IU_PDA_T9	intra	T_NK_cells	0.411098137902361	T-NK cells
KCNT2	IU_PDA_T9	intra	Tumor_Epithelial_cells	2.60422709930122	Tumor Epithelial cells
KCNT2	IU_PDA_T9	juxta_ct	Fibroblasts	5.54589382809122	Fibroblasts
KCNT2	IU_PDA_T9	juxta_ct	Monocytes	5.11339438981814	Monocytes
KCNT2	IU_PDA_T9	juxta_ct	B_cells	0.247299320069193	B cells
KCNT2	IU_PDA_T9	juxta_ct	TAM	3.67903271380625	TAM
KCNT2	IU_PDA_T9	juxta_ct	Endothelial_cells	0.840771680315624	Endothelial cells
KCNT2	IU_PDA_T9	juxta_ct	PVL	1.06763756416296	PVL
KCNT2	IU_PDA_T9	juxta_ct	T_NK_cells	1.12213008657579	T-NK cells
KCNT2	IU_PDA_T9	juxta_ct	Tumor_Epithelial_cells	4.31492409701951	Tumor Epithelial cells
KCNT2	IU_PDA_T9	para_ct	Fibroblasts	3.02369808512074	Fibroblasts
KCNT2	IU_PDA_T9	para_ct	Monocytes	3.45602626865188	Monocytes
KCNT2	IU_PDA_T9	para_ct	B_cells	3.51393245599807	B cells
KCNT2	IU_PDA_T9	para_ct	TAM	3.06717416191458	TAM
KCNT2	IU_PDA_T9	para_ct	Endothelial_cells	3.4084241001195	Endothelial cells
KCNT2	IU_PDA_T9	para_ct	PVL	3.32729960429126	PVL
KCNT2	IU_PDA_T9	para_ct	T_NK_cells	3.51367504416984	T-NK cells
KCNT2	IU_PDA_T9	para_ct	Tumor_Epithelial_cells	3.93587279494084	Tumor Epithelial cells
