target_gene	partner_gene	n_sections_tested	n_sections_positive_z	median_local_corr_z	max_local_corr_z	min_local_corr_z
C1R	MFAP4	10	10	6.7992997247537215	11.664882986167916	0.5019951411855997
C1R	DCN	10	10	5.808194928581283	10.540589757583572	1.9787594321438347
C1R	KCNJ8	10	10	2.1357572797159454	3.9761774151915197	0.6891314812330316
C1R	KCND3	10	9	1.855321301615612	5.772856284072144	-0.3710815229230968
C1R	KCNE4	10	9	1.7006990328593146	4.015892094291804	-0.08777556090110777
C1R	CCL19	10	9	1.4613890375892855	9.221842498276235	-0.9956632041292547
C1R	PTGDS	8	8	6.586518796751008	9.375628746220087	2.0028415944171676
C1R	C7	10	8	6.139355835181717	10.438861362711382	-2.2882915567860085
C1R	SFRP4	9	8	4.499886393986052	11.61494253276392	-0.09389155566640758
C1R	KCNMA1	10	8	2.22817233326976	4.811346068116315	-2.3174202787161953
C1R	KCNS3	10	8	0.8447244038571952	5.827340986926373	-6.029220385842923
C1R	KCNAB2	10	8	0.6132837683131975	2.522803183231048	-0.20612966598892837
C1R	SERPINF1	7	7	8.252303138756782	13.648264163993975	5.387586940563568
C1R	MMP2	8	7	6.761341595660612	11.862892448740414	-4.354001282775543
C1R	CCN1	8	7	5.86801427335166	14.628682914511343	-2.893701317503963
C1R	MGP	7	7	5.104455173434328	10.054194685588556	2.58036363925534
C1R	SFRP2	8	7	4.638410329484239	10.268872816534406	-3.487445449362447
C1R	CCN2	8	7	4.4349259053875265	11.590487030549685	-3.865756919131112
C1R	IGKV4-1	9	7	2.376723226608685	7.612127168804467	-1.4095593638515813
C1R	IGHG1	9	7	2.2987511706004047	4.168900611615069	-3.328506278428912
C1R	ADAMTS1	7	7	2.2936409564455307	10.418003020817538	0.7672585087107064
C1R	CLU	10	7	2.2110924412965316	9.436475607333156	-3.556996502866952
C1R	IGLV3-1	8	7	1.2441700781346234	6.24022739445979	-0.5253897403511684
C1R	IGLC1	10	7	1.181054000956971	6.5684743804688	-2.6946109436710604
C1R	KCNN3	10	7	1.0479908476647681	3.3578363276494554	-1.2182305218510483
C1R	CCL21	10	7	0.9963885519740562	6.646905905850492	-2.127734445202245
C1R	KCNMB1	10	7	0.6537044273506777	6.8422477326663875	-3.030813690050863
C1R	KCNK17	10	7	0.3460821538330181	1.631790631236	-0.9674771320049648
C1R	KCNT2	10	7	0.34176398364274657	0.9938265832852802	-0.7034840016537448
C1R	FBLN1	7	6	7.124055806065009	9.239443054726411	-1.0949093368176694
C1R	THBS1	7	6	5.640913677498599	10.027704255868036	-5.450726496734177
C1R	CCDC80	7	6	5.474967575034091	12.975804596351589	-0.48304259298225943
C1R	AEBP1	6	6	5.435149507533384	11.800653730723642	0.9910864926753319
C1R	HSPB6	7	6	5.299134149569238	8.82302228473288	-1.912406094292827
C1R	CDH11	7	6	5.076622000358434	9.031770990983762	-3.8598822615864843
C1R	NR4A1	8	6	5.028305846265188	10.182456364446482	-5.164267371453742
C1R	LUM	6	6	4.689151463926555	9.95690780680805	2.178464882368474
C1R	HLA-DRA	7	6	4.464104493392103	15.13232716526234	-2.0585218876149254
C1R	CTHRC1	9	6	3.8195830585351804	13.146401020161301	-5.2463576714336195
C1R	ACTA2	7	6	3.6786857991832145	11.708279372472452	-3.8567062985461003
C1R	COL5A2	7	6	3.3142421189864635	6.089629039864572	-3.872735372961823
C1R	COL10A1	9	6	3.187526561263205	8.932498811351985	-3.324164281494837
C1R	THBS2	8	6	2.1885610984083863	9.786942401210945	-4.391942496600474
C1R	COL11A1	10	6	1.881930774736329	9.475764672523894	-5.566346154927542
C1R	OLFM4	8	6	1.6779191457914504	4.789956465693107	-3.155119054554484
C1R	IGHA1	9	6	1.3781282423267207	9.382990837693276	-4.123117960362449
C1R	IGHG4	7	6	1.2292740121313521	6.90275413197946	-1.4513536199731591
C1R	GREM1	8	6	1.2205162824201685	8.221046906587699	-6.133312572630835
C1R	DMBT1	7	6	1.0628874865860467	5.256134802304136	-4.13134582276169
C1R	KCNK3	10	6	0.4288075866460312	3.8833509435388724	-2.3053064377263235
C1R	KCNC4	10	6	0.3734848005413136	2.229589498548912	-1.8537301876890027
C1R	KCNMB4	10	6	0.35516422964407085	1.350740407712441	-3.7819597502983195
C1R	KCND2	10	6	0.30264534786135044	2.2477561496446934	-2.0001120747381447
C1R	KCNK15	10	6	0.2829564660380999	1.6198487574235991	-1.3710567178624624
C1R	KCNAB1	10	6	0.11372688674424819	1.0669860032334768	-0.5177573959906957
C1R	DUSP1	6	5	6.932071516464719	8.845915112742972	-5.382703620639833
C1R	OGN	5	5	6.776016759456241	9.243936760681484	1.9547802783694992
C1R	CXCL12	6	5	6.632452708083348	9.242680637040959	-1.8489317136963344
C1R	RARRES2	6	5	6.550793465324258	9.239627531740481	-2.1932945532847494
C1R	ENG	5	5	6.511869634499689	8.117324257586343	2.1699874677280246
C1R	CEBPD	5	5	6.4979918869174496	8.357604528265941	3.5647504237468075
C1R	SELENOP	5	5	6.4375124857414745	10.609548513231747	1.8042892741646803
C1R	DPT	6	5	6.3598315793869045	7.861697684849841	-1.825203331291545
C1R	JCHAIN	6	5	5.830158978672426	8.98309025826644	-1.9751334937310925
C1R	SERPING1	5	5	5.6423662880422745	7.2462203371917076	5.035511732233207
C1R	FBLN2	6	5	5.307507749653591	11.34114724510139	-1.9561706808974217
C1R	C11orf96	6	5	4.9788404855555655	10.33765009722374	-3.423189388420282
C1R	SOD3	6	5	4.68043453304211	8.211548587186845	-1.1746048938292866
C1R	MT1X	6	5	4.214367977253664	5.855850541863005	-0.5163492357882211
C1R	C1QB	6	5	4.166787646862191	5.3600002115769625	-2.35979790925479
C1R	PDLIM3	7	5	4.078201351355361	11.408031040266064	-3.23341822124136
C1R	ANTXR1	6	5	3.993545191392178	8.56129544287497	-3.1172123905899305
C1R	LAPTM5	6	5	3.907523695846746	10.948346648926476	-2.2099239938120494
C1R	TNXB	6	5	3.6980727748368234	9.407655971321093	-1.6394806624351719
C1R	PRELP	5	5	3.6906327145002473	5.411501162656741	1.9408302693771895
C1R	C3	6	5	3.4143470545443617	9.411439340374761	-1.090295482291736
C1R	IGHJ6	6	5	3.3968900673338753	7.566805258463434	-1.0078674282801103
C1R	COL5A1	7	5	3.171451264997562	7.159222106883999	-2.8613261186666183
C1R	VCAN	7	5	3.1273719409179215	6.605719315173421	-2.079347650265272
C1R	RASD1	5	5	2.930266508367433	8.122054907247707	2.048263137246042
C1R	ITGA11	8	5	2.832358734106069	9.921581507345442	-4.354021942927047
C1R	SERPINE1	8	5	2.5821634888960836	5.68824520823711	-6.436559764034057
C1R	COL12A1	8	5	2.418952148752178	8.199957344169063	-5.745733782924692
C1R	FOSB	8	5	2.413844207016321	10.471163327180504	-4.962145037086398
C1R	CPE	5	5	2.269710359865798	8.38859903345691	0.7652382183002778
C1R	APOD	7	5	2.1023968965313804	7.124067105633813	-4.609418876089002
C1R	THBS4	6	5	1.8616190195469546	7.767239238974924	-3.6191112741816043
C1R	BTG2	5	5	1.4048813893968828	10.197797414125812	0.4958510418805125
C1R	ABCC8	6	5	1.1408521362798525	4.572826266058152	-1.228262623997863
C1R	IGHG2	8	5	1.1341925561732833	7.92384263103693	-2.366127518633335
C1R	IGHM	10	5	0.9234015523133635	6.740122890544956	-1.8633845132040232
C1R	CXCL14	9	5	0.578617984851195	6.287273169189925	-3.6309237862268042
C1R	LOXL2	7	5	0.42761056769303324	5.453308303544119	-5.141451486337759
C1R	KCNB1	8	5	0.15591553414981665	0.6485616333253845	-1.048907774367532
C1R	KCNQ4	10	5	0.0025427483576367996	2.229305984536889	-1.7673272296730727
C1R	MMP11	10	5	-0.28258871085687454	7.195235149302182	-6.228692447945776
C1R	C1S	4	4	8.515316592187945	15.382279979649113	6.756255199213703
C1R	CRISPLD2	4	4	7.589171688738963	9.13493410504399	1.5964080693785745
C1R	HLA-DPB1	4	4	7.380062887743838	11.551372436388535	2.1917456272761764
C1R	GADD45B	5	4	7.31309917567894	11.633893355055125	-3.7895209972660124
C1R	PCOLCE	4	4	7.2405931314895735	11.098623150986075	6.014412423349033
C1R	CD74	4	4	6.965018871914534	9.798631918120863	0.8775028410551556
C1R	COL14A1	4	4	6.884518101140738	10.276696021583046	1.984989098583605
C1R	HLA-DPA1	4	4	6.731319494100472	10.64931475166004	3.316457600316462
C1R	CTSK	5	4	6.537051267315776	9.754380543151502	-2.0856805237016234
C1R	DEPP1	4	4	6.282477704925307	9.934916113869882	2.743205326864285
C1R	GPX3	4	4	6.269294711145012	6.980105713527234	2.4330427726644555
C1R	GAS1	6	4	6.173986975595214	7.394590668046592	-3.5062684906478734
C1R	MXRA8	4	4	6.132621141062183	10.588516529038188	2.9758777074354494
C1R	PTGIS	4	4	5.944364553491509	12.712428787613987	3.4900133128764237
C1R	PRSS23	5	4	5.865534403129931	6.928368350060065	-3.3781167053067604
C1R	MT2A	5	4	5.703601005891558	6.75635262563636	-1.5133561601063201
C1R	MYC	4	4	5.634328192447446	7.367463268038201	0.7189836506110119
C1R	HTRA1	5	4	5.445568087471903	7.065639270178137	-1.5817535129868563
C1R	NR4A3	5	4	4.878507151685516	7.805218745790832	-5.149882461516304
C1R	IGFBP4	4	4	4.837373716691979	10.191268626847583	1.5347344320315186
C1R	SRPX	4	4	4.788272126267246	6.58570590328727	2.0293340342577038
C1R	IL7R	5	4	4.708903940968866	8.931692137795515	-0.9816530608176931
C1R	EPHA3	4	4	4.641123315548621	6.552520056116837	1.3902138124288825
C1R	FBN1	5	4	4.632996227201878	13.027541304770473	-2.2554426717811706
C1R	LIMS2	4	4	4.6230643032166086	10.684324615741765	0.6123040172380732
C1R	DPEP1	4	4	4.612590201568214	5.868129007972743	0.1597215272405818
C1R	MS4A7	4	4	4.30990750411107	6.8270564059652035	2.82353123470751
C1R	LOX	4	4	4.2697157004194235	6.587973584036158	2.1473056801377077
C1R	INHBA	7	4	4.119979473034237	7.89146802992169	-5.014835650788234
C1R	TAGLN	6	4	4.118363491795689	11.321088533367455	-4.424547959528818
C1R	COL16A1	4	4	3.8532473078952516	11.004058464196461	0.8889811320949482
C1R	NUPR1	5	4	3.826869741945175	7.034582379051875	-1.3334433196828013
C1R	FBLN5	4	4	3.352982553708318	6.827234912169772	0.11371500153441207
C1R	CNN1	6	4	2.8649083488600864	6.2609937699356175	-3.9460800920572625
C1R	MMP9	6	4	2.8056125899633315	9.993479444974698	-2.9156944637511986
C1R	HEYL	5	4	2.7645927006482642	5.826854451665469	-0.5517537315579177
C1R	SYNPO2	5	4	2.5147317677637386	8.730498549284382	-2.585761583546654
C1R	MFAP5	6	4	2.4097558852013865	5.745637425965492	-3.748828767367586
C1R	COLEC11	5	4	2.120954121273581	5.86669965185881	-3.781249010022369
C1R	IGKC	7	4	2.072131345098155	4.556989085783777	-3.661542189855226
C1R	LRRC15	7	4	1.8487949115305309	7.018947864431765	-4.7461887308069155
C1R	APOE	6	4	1.792452331961429	4.190265698166586	-0.653842716137148
C1R	TTR	6	4	1.7282061879437611	5.059131811987915	-3.2736285170333828
C1R	AGT	6	4	1.6398317458778906	5.25848341566699	-3.1751431103506014
C1R	MZB1	4	4	1.6154570933170198	8.807790218273881	0.15051320554440945
C1R	CCL18	6	4	1.436340918396752	4.1082852656029685	-0.5487380334637283
C1R	PLAU	6	4	1.381446310299468	5.423946826735452	-4.8314598002330165
C1R	SST	4	4	0.7082551294085813	3.5776247616592354	0.21052790378852693
C1R	IGLV9-49	4	4	0.6866511367113368	1.7880965096948644	0.1579596893193927
C1R	IGHV1-46	4	4	0.569054810402123	2.6209635222539207	0.17753637555657414
C1R	IGHD	5	4	0.4786552470869293	4.765778452006583	-1.569797671190529
C1R	CRP	5	4	0.4277564587358193	4.000930305015146	-4.258774134789061
C1R	LYZ	6	4	0.3333744845943872	9.305252499487459	-3.6037561000802807
C1R	CST1	7	4	0.3165076520310398	2.670268514252133	-4.7726034244754265
C1R	GCG	7	4	0.2420002325931087	4.57635448344834	-5.326498571639845
C1R	SPINK1	7	4	0.21978696133276454	1.2829276013528226	-4.98316578031658
C1R	IGFBP5	8	4	0.19212004600732047	6.305770899152217	-5.690104779474508
C1R	S100A9	7	4	0.11454926012373977	11.022689790380914	-5.013495760865768
C1R	CFTR	7	4	0.028452765355064823	5.621849805292078	-4.214198544645734
C1R	IGHG3	9	4	-0.16818757304998078	6.671675471569006	-2.7130179161052546
C1R	KCNK6	10	4	-0.36714722346066786	2.627773821047625	-2.755894546485279
C1R	VWF	3	3	8.047077124638623	9.989060391612465	2.5140865905053658
C1R	MYL9	3	3	7.114640899590288	13.082165844218668	3.2359720330202233
C1R	CIITA	3	3	7.083969856304214	8.525465832752165	5.145518255072484
C1R	EMILIN1	3	3	7.007572370805907	11.409590512452821	6.222227561322607
C1R	PDGFRB	3	3	6.7683987787881295	8.636772549630066	4.3163657377861755
C1R	PRRX1	3	3	6.510621256312508	9.297245208932324	1.8029578968874322
C1R	A2M	5	3	6.067514422779376	10.077693129353744	-1.6676073508451885
C1R	MRC2	3	3	6.065012135191099	9.272779880758977	4.130643090859835
C1R	SOD2	3	3	5.927097003315042	6.385183877085511	3.0590525261497294
C1R	LTB	4	3	5.9112919312569625	8.19928807003541	-2.8261594923259334
C1R	TIMP3	4	3	5.769512373148095	6.869225739770253	-4.87255434293166
C1R	CEMIP	3	3	5.728861834898204	5.7403131363085285	3.4461144061808584
C1R	F13A1	3	3	5.71288131639642	9.982735627830438	0.7537334326605377
C1R	BGN	3	3	5.693267524557508	8.788206122508075	0.5615040467587864
C1R	LYVE1	3	3	5.683558570317744	7.79399841537511	4.654688381146514
C1R	CD81	3	3	5.647230964232773	10.555914118840214	4.782253127077882
C1R	NNMT	3	3	5.608494913372209	7.038290902846184	2.1825858532327485
C1R	SRGN	3	3	5.551790844349156	11.263904238696634	2.6643181294804457
C1R	HAND2	3	3	5.456359289790448	6.802854422756411	0.05401853086899795
C1R	LMCD1	4	3	5.421056261266884	7.4371159310875115	-3.295444033672086
C1R	BOC	4	3	5.328635234329187	6.330778058774254	-0.5418895284537742
C1R	FSTL1	4	3	5.255476687574756	9.474743274391734	-2.808331096676428
C1R	CXCR4	4	3	5.078636229356767	7.403815476017157	-4.870335915812102
C1R	COL1A1	3	3	5.0707085848228	6.310387315080485	3.5320628353485475
C1R	MT1E	4	3	5.017497905930238	7.088423994940093	-0.7016244922452098
C1R	COL15A1	3	3	5.0038268213523125	11.383513620072884	3.083728323000477
C1R	SH3BP5	3	3	4.726117941748496	9.911521446194081	2.963589779789527
C1R	SPON2	4	3	4.688045050249003	6.395530243129451	-2.3200216390825137
C1R	HLA-DQA1	3	3	4.614544189293021	6.045698833139695	2.7975394203452417
C1R	COL6A2	4	3	4.524190686693325	5.803121310132653	-4.707933816747185
C1R	IGF1	4	3	4.506063809302367	12.297020802089145	-1.7038292225547356
C1R	AQP1	5	3	4.5012099729830695	8.763961620011914	-3.492038170407665
C1R	CCL5	3	3	4.4983885461435	6.612167736052415	3.512211491443475
C1R	C1QC	3	3	4.444188532794009	6.158760722442079	3.749089643083632
C1R	OLFML2B	3	3	4.366985426549779	4.75814960179774	4.216033405099351
C1R	COL3A1	3	3	4.229780834354844	9.07646488404831	2.324933319316419
C1R	MYLK	4	3	4.1307581469136405	4.793941100291011	-2.607052450218346
C1R	ADAMTSL2	3	3	4.094811620961773	7.452876669952725	0.9665653792716755
C1R	COL1A2	3	3	4.08808976994841	7.920404494120753	3.7594998343401325
C1R	FNDC1	5	3	4.012840565810119	5.525315669731543	-5.66933834470991
C1R	DPYSL3	4	3	3.906734718093424	5.009766007650657	-5.40187469590179
C1R	NR4A2	5	3	3.8811094514231192	6.949147320644332	-3.8540813723166933
C1R	TGFBI	5	3	3.8804385237709047	5.535550966120067	-6.396229753871066
C1R	COL8A1	5	3	3.8801217827622643	5.12598162995051	-4.410010588922758
C1R	CHI3L1	3	3	3.8412053925080465	7.411842383276747	2.249176048492377
C1R	TYROBP	5	3	3.7390449167177806	5.648243319266017	-2.237516308271302
C1R	ISLR	3	3	3.5124033063950546	4.792793814562174	2.5318217298976635
C1R	SLIT3	4	3	3.33327253983043	7.4355735528174955	-4.0040852267489
C1R	GATA6	3	3	3.260265808082923	4.968729609793982	0.7977580657722269
C1R	COL4A1	5	3	3.2444627790518172	10.21031492479983	-1.643921504156577
C1R	COL6A3	4	3	3.128572958358684	6.863768243385988	-3.284897992384784
C1R	EGR1	4	3	3.0907114846308725	5.0822061840663535	-5.036291625304945
C1R	TIMP1	4	3	3.0633031250721383	7.796813935689072	-4.117315274666235
C1R	ABCA8	3	3	3.0470592788448476	3.4559192233329927	1.4683461632824628
C1R	TNS1	4	3	2.925199539209484	8.648727533494347	-2.6106255841417703
C1R	SPARC	4	3	2.924613204883105	8.026476741840353	-1.155034127891809
C1R	TPSB2	3	3	2.9125574600361372	5.018489971592564	1.9138419306790784
C1R	CPA3	3	3	2.682530948614895	2.973224634098632	2.082719395406679
C1R	ATF3	4	3	2.664545079007448	3.7744769337198925	-3.194384741739253
C1R	EPYC	5	3	2.6309375367287817	6.8845303156733015	-2.4290805134375786
C1R	FIBIN	4	3	2.4705787360572735	7.005576751130546	-4.240653304891501
C1R	FTL	3	3	2.409395010304203	3.04707309219536	0.43644015445849005
C1R	SCN7A	3	3	2.2036335023828997	4.083326851756425	0.1752236044387703
C1R	TPM2	5	3	2.1012629732695753	6.458650882551039	-1.6288114872153292
C1R	SCG2	5	3	1.968519803119072	6.4046157905126435	-1.017117480965152
C1R	ADIRF	5	3	1.9155250045756873	5.7725551766468115	-5.617856649410209
C1R	STMN2	4	3	1.8149591220709662	4.011180867654428	-2.161301828298956
C1R	ERO1B	3	3	1.8122173642360218	2.2364645833302745	1.7728646141784297
C1R	SPARCL1	4	3	1.8121612299379595	8.428380389905003	-2.4771733575567394
C1R	CHGB	5	3	1.5414971239777282	3.126298900637114	-3.6694965452590096
C1R	TMOD1	4	3	1.436643520073952	2.9137789244590437	-1.383200017307708
C1R	SULF1	6	3	1.388185819237508	12.111438597517859	-4.727654101206509
C1R	RNASE1	5	3	1.3427500816799416	9.526862076050536	-1.8997709707628987
C1R	NBL1	4	3	1.3386228811723813	3.351596293447526	-5.223014871046865
C1R	PDK4	3	3	1.3284628299008785	3.9724646408419058	0.8108869509220137
C1R	SLC30A8	4	3	1.2294658882327354	3.4698969275498093	-0.6997838103672398
C1R	IGHJ2	3	3	1.2055270307688057	1.4716081601438586	0.64898840590916
C1R	ZNF331	4	3	1.1756652902105327	2.616724459606265	-3.944666466490893
C1R	PGC	4	3	1.1396186494791118	1.930612304508537	-2.500453869958912
C1R	CA12	4	3	1.0917740449411195	1.2717148928904898	-0.342752171586545
C1R	IGLV6-57	3	3	0.75194830318132	3.997417484531363	0.6661381560247202
C1R	HSPA1A	5	3	0.7148161948184383	4.750638356891751	-3.152643346538524
C1R	SLC40A1	5	3	0.4903002693759902	1.1879255765436654	-6.491834766314391
C1R	HBA2	5	3	0.4285368665882371	4.137797837170959	-1.8107443846979407
C1R	FCGBP	4	3	0.3730435257971344	7.120898722349604	-1.796637959004012
C1R	DUOX2	6	3	0.24087884025781278	0.9938664865947747	-5.151457618431977
C1R	PRAP1	3	3	0.17571928255540795	2.2057914540998964	0.12811148918173235
C1R	FBXO32	5	3	0.1220278160649924	9.862984910896811	-2.35806467125565
C1R	MARCO	5	3	0.11476338826778314	4.662136415282637	-2.352946506932814
C1R	FN1	5	3	0.024784353505207392	2.875720071914361	-4.499845276465283
C1R	CRISP3	5	3	0.018605105515459745	4.62705161104245	-4.107989403407029
C1R	COLEC12	5	3	0.00703381336861609	5.878024431592757	-3.6375117667613694
C1R	APOC1	6	3	-0.0724669087549592	2.24067836022161	-1.9980393805665946
C1R	KCNJ16	10	3	-0.1137384936855888	3.026063572157309	-2.9032473899851556
C1R	KCNA5	9	3	-0.2380135116024904	2.494188772618558	-0.8474924353332614
C1R	GABRP	7	3	-0.3833359732259527	3.4906134323122004	-6.502238442775277
C1R	KCNJ15	10	3	-0.4451150578830888	1.9913095067782705	-2.5869048427740906
C1R	SERPINA3	7	3	-0.687685949221459	5.102173765264769	-4.2278704623552645
C1R	PIGR	7	3	-0.7702291535494756	2.829376337330165	-2.6954276266210604
C1R	SLC11A1	7	3	-0.8725382998744006	7.176938115471125	-3.3627549252591327
C1R	RGS16	7	3	-1.1874931464550913	6.385310932216245	-5.8456368661797224
C1R	IGFBP3	6	3	-1.2243412400278102	3.2300599214035532	-8.391813124149166
C1R	MMP7	10	3	-2.6591970229876445	8.326764607507243	-7.030137075866107
C1R	ADM	7	3	-2.669307232871142	5.300582895119927	-6.422665953940133
C1R	POSTN	8	3	-3.3109503715733384	7.3119385893802695	-6.926754095931801
C1R	LBH	2	2	9.895857964842467	11.539347675426246	8.252368254258688
C1R	ZBTB16	2	2	9.056855916242007	10.511882233297873	7.601829599186141
C1R	SVEP1	2	2	8.963286919552619	10.880709763933623	7.0458640751716155
C1R	GASK1B	2	2	8.570540323036246	11.189522693175427	5.9515579528970655
C1R	CFD	2	2	8.14377094862201	10.384804480156834	5.902737417087184
C1R	NDRG2	2	2	8.104293583875306	10.656984798570127	5.551602369180485
C1R	LRP1	2	2	8.090843658659676	11.177468060812972	5.004219256506378
C1R	STAB1	2	2	7.970208350267869	9.79716419812678	6.14325250240896
C1R	TSC22D3	2	2	7.869912555277324	8.706601471628334	7.033223638926315
C1R	TRBC1	2	2	7.369186959275714	9.095987231121395	5.642386687430034
C1R	PTK7	2	2	7.347726424677096	9.031123773414976	5.664329075939216
C1R	ANGPTL2	2	2	7.191227067144888	8.343932000652272	6.038522133637504
C1R	PTPRC	2	2	7.139083913941379	8.94676070126232	5.331407126620437
C1R	MMP19	2	2	7.0085282078692295	8.326030655002429	5.691025760736031
C1R	GGT5	2	2	6.94444013646754	7.748628511439341	6.140251761495738
C1R	PDGFRA	2	2	6.869845244838446	7.016729052049255	6.722961437627637
C1R	KLF9	2	2	6.860890313540053	7.5828267017459305	6.138953925334175
C1R	PODN	2	2	6.651839979610189	7.28842473248441	6.0152552267359685
C1R	IGFBP7	2	2	6.573635424763811	9.1053164833237	4.041954366203924
C1R	CXCL13	2	2	6.403391059043184	6.972156540216614	5.834625577869755
C1R	HLA-DMA	2	2	6.322588222349933	9.66344164398903	2.9817348007108353
C1R	VGLL3	2	2	6.08459012272697	6.18833777795754	5.9808424674964
C1R	LXN	2	2	6.022375774445679	6.496808023788699	5.54794352510266
C1R	MAF	3	2	5.938782628394831	6.409103540758165	-0.7620064883075048
C1R	CLEC14A	2	2	5.915610628455996	6.646265519181827	5.1849557377301645
C1R	HAS1	3	2	5.827809795338807	7.357531157863068	-2.3249145869155146
C1R	CYP1B1	2	2	5.667234195443622	5.9640759273998905	5.370392463487353
C1R	CD93	2	2	5.64903843813658	8.624783850025805	2.673293026247355
C1R	ADAMTS4	3	2	5.552206754665216	8.254362505131054	-0.30949781222447803
C1R	STOM	2	2	5.425072235078417	8.476123981744	2.3740204884128344
C1R	MXRA7	2	2	5.2938784880785335	6.020360966609449	4.567396009547618
C1R	NGFR	2	2	5.220527436156458	8.532030642228753	1.9090242300841638
C1R	EFEMP1	2	2	5.073941503346766	7.122486859295115	3.0253961473984163
C1R	ITGB3	2	2	5.049307242848015	9.75403066327072	0.344583822425311
C1R	PDGFD	2	2	4.991931394755727	5.768274206168402	4.2155885833430515
C1R	EPAS1	2	2	4.85147269153854	4.947334862682042	4.755610520395039
C1R	TMEM204	2	2	4.827792154297104	7.101655319414912	2.5539289891792953
C1R	C1orf198	2	2	4.765820678277102	7.474417833599174	2.0572235229550295
C1R	FXYD1	2	2	4.703273954603313	5.80916734485008	3.597380564356547
C1R	MYH10	3	2	4.67963735388426	6.775942028155596	-2.755805406130458
C1R	CCN5	2	2	4.597195051447214	9.026238172370856	0.16815193052357025
C1R	FLNA	3	2	4.5829598006762655	5.173120709138672	-2.7301133749391515
C1R	TSC22D1	2	2	4.554193899261785	5.1805700650325575	3.9278177334910125
C1R	INMT	2	2	4.552218308550316	7.400232148277656	1.7042044688229752
C1R	SAA1	3	2	4.421236961859575	5.781920384849772	-1.4312765141015387
C1R	PGF	2	2	4.2230600911869605	6.952789339727168	1.493330842646752
C1R	MEGF6	2	2	4.222613672877871	4.449150401872509	3.9960769438832324
C1R	PECAM1	2	2	4.163636588429931	4.783282154402933	3.5439910224569284
C1R	ACKR1	2	2	4.154710136281091	7.071051329604255	1.2383689429579274
C1R	TIMP2	2	2	4.13947143661794	4.251141472201637	4.0278014010342424
C1R	PPBP	2	2	4.1360608899219145	4.244846177731323	4.027275602112506
C1R	TSPAN7	2	2	4.113580372773039	6.9866598428019	1.2405009027441782
C1R	VIM	2	2	4.078806881546946	4.397821799037137	3.759791964056755
C1R	PI15	2	2	4.073770217236405	6.474929172322736	1.6726112621500744
C1R	ID4	3	2	4.043661857984593	8.35069233147715	-0.6378902207815067
C1R	PTGER3	2	2	4.006236910895808	7.19104520594922	0.8214286158423966
C1R	SOCS3	3	2	3.9756206953517053	6.267387434588413	-2.219036930215741
C1R	CCL2	3	2	3.9587636854379373	6.318945357072682	-0.2921812051560016
C1R	F2R	2	2	3.914252572417323	6.882995044870626	0.9455100999640206
C1R	CAVIN1	2	2	3.859325248267158	5.269148828744743	2.4495016677895727
C1R	CLDN5	2	2	3.8327439414815005	6.102653184069218	1.5628346988937833
C1R	PTGS1	2	2	3.8102565707916454	6.263653531572377	1.356859610010914
C1R	DTX1	2	2	3.790758577824114	6.074335274998675	1.5071818806495534
C1R	PLIN2	3	2	3.7683661722023634	5.7893902832622715	-2.441051409404251
C1R	FGF7	3	2	3.749214644807874	6.284747247831392	-1.2702112197698852
C1R	XBP1	2	2	3.6966014622636676	6.212791989913723	1.180410934613612
C1R	ADAM19	2	2	3.680620025197065	5.834103702583821	1.5271363478103086
C1R	LMOD1	3	2	3.664345807149105	8.936909092459178	-0.3407668213667291
C1R	NRXN2	2	2	3.660249245451037	6.041954139695103	1.278544351206971
C1R	SNAP25	2	2	3.6258659139455696	5.954123515491232	1.297608312399907
C1R	LOXL1	3	2	3.625671763854262	5.1255756535701735	-4.801971685433781
C1R	CMTM3	3	2	3.55600901224504	6.622281808325624	-4.207462490620605
C1R	ID3	3	2	3.549070343515181	6.442235724336017	-3.983401398587012
C1R	SGK1	3	2	3.521159506540832	6.210461610340942	-4.981998878421885
C1R	NR2F1	2	2	3.4769700862268307	5.728652203862076	1.225287968591585
C1R	TNFSF14	2	2	3.4478594981358133	6.784217427872935	0.1115015683986914
C1R	CNN2	3	2	3.388278454333978	4.252484900441998	-1.8823160667169592
C1R	AOX1	2	2	3.3172977796557683	4.625300812031933	2.009294747279603
C1R	EGR3	2	2	3.2513986004103588	5.0989671512076455	1.4038300496130725
C1R	THY1	3	2	3.221044272395552	7.05205782215383	-1.615347824368207
C1R	NFASC	2	2	3.2156277784030713	4.802197935712374	1.629057621093769
C1R	STAR	2	2	3.1484461448579797	5.595137270570304	0.7017550191456556
C1R	CD52	2	2	3.041051437680264	4.986202562050281	1.0959003133102478
C1R	CCL17	3	2	3.0316773747844334	8.57251016501504	-3.8279284649934837
C1R	SMOC2	3	2	3.015482305552686	7.076838729993526	-0.9354822497444909
C1R	FCMR	2	2	2.9661227686264997	5.636026674338877	0.29621886291412247
C1R	SAA2	3	2	2.9418961815104074	4.065953787591423	-1.3898527824982025
C1R	FXYD6	2	2	2.92489165363501	3.902591407790097	1.9471918994799222
C1R	WNT4	2	2	2.891709807717003	4.403111665902025	1.3803079495319808
C1R	HBA1	3	2	2.870619533580685	6.83652990267242	-0.627318809913177
C1R	FRZB	2	2	2.8086003535436337	4.711325340024159	0.9058753670631089
C1R	CERCAM	3	2	2.6873119117204634	8.569427550359645	-1.8418917512002242
C1R	CCR7	2	2	2.604588499218726	5.083618049414235	0.12555894902321746
C1R	CAVIN2	2	2	2.604282362772901	3.551642385061419	1.6569223404843836
C1R	ISM1	3	2	2.596606502829039	6.791590257406282	-1.2428372143214
C1R	CCN3	2	2	2.586074500794538	3.7385288112509594	1.433620190338116
C1R	LGALS1	3	2	2.5078858153122945	3.381551204756178	-3.2827954414631457
C1R	NTRK2	2	2	2.3932502584666238	3.5926162674445083	1.193884249488739
C1R	CCL20	2	2	2.3753990553998117	4.6149891186946	0.1358089921050228
C1R	CHCHD1	2	2	2.278723984210748	2.504405387270276	2.0530425811512196
C1R	GLUL	2	2	2.1940861875662376	2.268763260053478	2.1194091150789975
C1R	COL4A2	2	2	2.1733203739989415	4.22724110079701	0.11939964720087311
C1R	CRYAB	2	2	2.1507808685221352	3.763022421196153	0.5385393158481177
C1R	HOPX	4	2	1.9775423079525984	5.76003935609722	-4.114185222818955
C1R	CALD1	4	2	1.7423697264795317	7.292380475264819	-1.9454086174189185
C1R	KIAA1324	2	2	1.7059879632605985	2.269873801300792	1.142102125220405
C1R	ADAMTS9	2	2	1.657861301396556	3.015603698334126	0.3001189044589857
C1R	NEUROD1	2	2	1.605786617623537	1.6465216712736783	1.5650515639733957
C1R	GJA1	3	2	1.5524863581887243	7.391903263837856	-4.1498178654994256
C1R	GJD2	2	2	1.5511835660286157	1.6520119122391033	1.4503552198181282
C1R	PTP4A3	3	2	1.5104033016343563	8.856919176435548	-2.453910156193044
C1R	CHGA	3	2	1.4526758057498463	3.9113971948908053	-1.6856487191737328
C1R	NCAM1	2	2	1.4324118990050243	2.3468335842824435	0.5179902137276052
C1R	G6PC2	2	2	1.4320534165136949	1.545313865181523	1.3187929678458667
C1R	SCG3	3	2	1.3713416186416134	1.7562745983170567	-1.5129197316502254
C1R	PPP1R14A	3	2	1.3586792580780673	6.738290720455814	-2.9537359544825095
C1R	DLK1	2	2	1.3281831629621674	1.5434761675706228	1.1128901583537119
C1R	SCG5	3	2	1.3067152756491927	2.4890657461154286	-0.4324008792048356
C1R	NEURL1	3	2	1.2574897103332514	2.5063852157396176	-0.42577720898126536
C1R	ICAM1	2	2	1.2457563547070172	1.3969329433498074	1.094579766064227
C1R	SCGN	3	2	1.206666568326713	1.9035626840835986	-1.6607007209588447
C1R	CFB	3	2	1.177627800604566	8.712749013923649	-4.608995018029654
C1R	CPLX2	2	2	1.1701043320027358	1.3194216504739615	1.0207870135315102
C1R	CPXM2	2	2	1.1171551450053856	1.8857414420237473	0.3485688479870241
C1R	F2RL2	3	2	1.08861497263312	5.937334934573907	-3.7748692199062432
C1R	PI16	3	2	1.074499667644305	7.159027327946669	-1.36869456746413
C1R	TPM1	3	2	1.0454896222117083	2.3311521244906217	-5.149309711832089
C1R	NRXN1	2	2	0.927939337333496	1.7519235435443585	0.10395513112263344
C1R	CHRDL2	3	2	0.9148468837658077	1.4571413820371772	-0.5734384396524714
C1R	ELN	2	2	0.8862408296224674	1.4922645320972372	0.28021712714769764
C1R	DUOXA2	4	2	0.8716357957317611	2.384435858559678	-3.9307167160339254
C1R	CBLC	3	2	0.8312128493357017	4.601174209312224	-5.1490553204991985
C1R	TFF3	4	2	0.7397726685359073	2.0829035234292697	-4.416058167685589
C1R	GC	3	2	0.7309510994865206	2.6270276386497198	-1.0730329431472494
C1R	VGF	3	2	0.6490340263489706	1.4642673532423183	-1.9444112419285942
C1R	FGG	4	2	0.6361232128438186	3.249519749250084	-2.645419542895283
C1R	C1QTNF3	4	2	0.6318098219437147	4.50409446121536	-3.1882775783756068
C1R	PPP1R1A	2	2	0.6277479363081172	0.9520927288342963	0.30340314378193806
C1R	LTF	4	2	0.6051638894854589	4.232258242909349	-2.9483817781437884
C1R	CLDN18	3	2	0.5874392761677456	1.6558532593469082	-3.5993111151287365
C1R	IGHV5-10-1	3	2	0.5598850865556075	2.6198241667408895	-1.1897897179047077
C1R	SEMA3C	2	2	0.5149639215398387	0.6061489077800839	0.4237789352995936
C1R	A4GNT	2	2	0.5128104761636365	0.7963074423067695	0.2293135100205036
C1R	ITGA7	3	2	0.506799144054925	6.83222825640885	-0.19372456486710185
C1R	MUSTN1	3	2	0.4770512945825354	8.483148151709155	-0.1686172363635551
C1R	RGS5	3	2	0.42660719333176095	3.8034945710300643	-1.4812957984099953
C1R	IGFBP2	4	2	0.4166997606427266	2.067607430581583	-4.019713338299954
C1R	IGHV6-1	3	2	0.4158052346881688	1.0772924176402732	-0.4157250921141963
C1R	MATN3	3	2	0.37125715086359296	3.360317205146628	-2.0012817595343364
C1R	RSAD2	2	2	0.36940407181663937	0.6033815787109431	0.13542656492233565
C1R	CDCA7	2	2	0.3023709307161595	0.3065062895467458	0.29823557188557315
C1R	PLA2G2A	4	2	0.25264831885685535	9.067279318622434	-0.6437151446947104
C1R	NKX2-2	3	2	0.24247318844742255	1.4034240680565835	-0.23848048899806107
C1R	IFI30	4	2	0.20895961818691255	3.0237694009888605	-3.981667190562169
C1R	NPR3	3	2	0.16945661373087692	2.609952318365983	-0.6644847774231106
C1R	NKD2	4	2	0.14152570504275858	2.9892549485803976	-2.318504952261301
C1R	IGLC7	4	2	0.09963986715139239	2.4635643935647886	-1.1902117386170032
C1R	S1PR3	4	2	-0.058313851593280064	8.31246462422319	-2.279298296410282
C1R	FOS	5	2	-0.07318203861881377	9.824530395983247	-5.1302733347286225
C1R	MT1G	5	2	-0.20252894642658517	4.048156507544141	-1.0344569123068195
C1R	TCN1	5	2	-0.3161656148416012	1.4674139897488119	-4.974965743239448
C1R	CD68	4	2	-0.3221059529637311	3.3007545688408104	-1.9605575303467204
C1R	SERPINA1	5	2	-0.39767028858817427	10.042608894120184	-5.554042854039363
C1R	JUN	4	2	-0.4217362115580376	6.500911366123336	-2.7668436830179663
C1R	INS	6	2	-0.5412762660645466	5.189758868037103	-4.223575088792098
C1R	KRT5	5	2	-0.6214325829940548	2.9567959324902313	-6.2459192592200425
C1R	CXCL5	6	2	-0.988408014893668	2.385915598417125	-5.745123572668845
C1R	AZGP1	6	2	-1.1967485281432628	1.548624394945116	-4.1729158886354
C1R	MMP14	5	2	-1.3768163213105225	2.5868797061099946	-4.443994814932314
C1R	MUC6	6	2	-1.4241718651088575	2.540506347171982	-3.477209276108488
C1R	MUC5B	6	2	-1.5280359631043376	2.485274772706245	-3.828971820682122
C1R	TNC	5	2	-1.7266596757116743	6.207423713402333	-4.145476835712223
C1R	PLAUR	6	2	-2.1365916558818236	5.7891749218718545	-6.65613744345598
C1R	DES	5	2	-2.2464097143886863	6.328822203885833	-5.492724593344482
C1R	ACTG2	7	2	-2.3530153138910554	7.383833484115413	-4.8913014271311255
C1R	SPP1	9	2	-2.403160181355409	4.632815866245223	-7.5020469788007444
C1R	ERRFI1	4	2	-2.4102339584789063	1.482148260866319	-6.912766960554464
C1R	WFDC2	8	2	-2.555339873540997	2.836488222544555	-9.991765597628051
C1R	EGLN3	6	2	-2.665016736605848	2.0988292372698596	-8.392677833171698
C1R	KLK6	7	2	-2.7100621042701154	1.7747363818893738	-8.951256306154635
C1R	KCNN4	10	2	-2.839645344448714	0.7717721182982112	-6.556442890174428
C1R	BCAT1	5	2	-3.0748198568894938	5.547432942011708	-4.786102475996973
C1R	LGALS4	9	2	-3.340458983878287	4.2064431880757915	-6.0082077339659214
C1R	S100A14	8	2	-3.560660581059654	3.146190879410401	-7.627482189708247
C1R	TFF1	7	2	-3.5627270190067453	1.6731614584302288	-6.698030779299511
C1R	TSPAN8	8	2	-3.9676507908232033	1.4591515104352781	-9.332549089848298
C1R	GJB2	7	2	-3.973557985363317	5.383310729050401	-5.69578798498797
C1R	ELF3	10	2	-5.391537055206694	0.8593592312643794	-9.204876060058815
C1R	ANKH	1	1	11.909413078168052	11.909413078168052	11.909413078168052
C1R	SFRP1	1	1	11.415406996334534	11.415406996334534	11.415406996334534
C1R	FCGRT	1	1	11.077395273136373	11.077395273136373	11.077395273136373
C1R	LTBP1	1	1	10.982189874887869	10.982189874887869	10.982189874887869
C1R	JMY	1	1	10.785996889050175	10.785996889050175	10.785996889050175
C1R	JAK3	1	1	10.200521672194789	10.200521672194789	10.200521672194789
C1R	VASH1	1	1	10.024263506145376	10.024263506145376	10.024263506145376
C1R	S100B	1	1	10.009751378729879	10.009751378729879	10.009751378729879
C1R	SEMA5A	1	1	9.775761273091284	9.775761273091284	9.775761273091284
C1R	VCAM1	1	1	9.697870345384649	9.697870345384649	9.697870345384649
C1R	ROBO1	1	1	9.692679511044824	9.692679511044824	9.692679511044824
C1R	ARHGAP31	1	1	9.534804552725541	9.534804552725541	9.534804552725541
C1R	CSF1R	1	1	9.509984309588454	9.509984309588454	9.509984309588454
C1R	C1QTNF1	1	1	9.49777707949497	9.49777707949497	9.49777707949497
C1R	LST1	1	1	9.463405688822029	9.463405688822029	9.463405688822029
C1R	FBLIM1	1	1	9.288283254449357	9.288283254449357	9.288283254449357
C1R	NPDC1	1	1	8.945196004149812	8.945196004149812	8.945196004149812
C1R	FAS	1	1	8.884926898568514	8.884926898568514	8.884926898568514
C1R	HLA-DRB1	1	1	8.757053234859349	8.757053234859349	8.757053234859349
C1R	RNF19B	1	1	8.636955276670669	8.636955276670669	8.636955276670669
C1R	CSTA	1	1	8.620874481373534	8.620874481373534	8.620874481373534
C1R	TRAF1	1	1	8.600978536567665	8.600978536567665	8.600978536567665
C1R	CSF2RB	1	1	8.525374292988595	8.525374292988595	8.525374292988595
C1R	GYPC	1	1	8.467418421877648	8.467418421877648	8.467418421877648
C1R	CSF1	1	1	8.448126328484571	8.448126328484571	8.448126328484571
C1R	SLC7A2	1	1	8.362254552456374	8.362254552456374	8.362254552456374
C1R	ZCCHC24	1	1	8.12298647426071	8.12298647426071	8.12298647426071
C1R	FADS3	1	1	8.121660558643129	8.121660558643129	8.121660558643129
C1R	ANKRD22	1	1	8.119052069533739	8.119052069533739	8.119052069533739
C1R	ARNT2	1	1	8.035675071900252	8.035675071900252	8.035675071900252
C1R	CIRBP	1	1	7.8426838779837444	7.8426838779837444	7.8426838779837444
C1R	SCARF1	1	1	7.805273538114	7.805273538114	7.805273538114
C1R	SYNGR2	1	1	7.802671346477189	7.802671346477189	7.802671346477189
C1R	AKNA	1	1	7.761184591493581	7.761184591493581	7.761184591493581
C1R	CDH5	1	1	7.733828227561354	7.733828227561354	7.733828227561354
C1R	CX3CL1	1	1	7.697966965557342	7.697966965557342	7.697966965557342
C1R	BST2	1	1	7.680786740609512	7.680786740609512	7.680786740609512
C1R	TENM2	1	1	7.6707129314388816	7.6707129314388816	7.6707129314388816
C1R	SLIT2	1	1	7.6084529821963285	7.6084529821963285	7.6084529821963285
C1R	ERG	1	1	7.594564044911179	7.594564044911179	7.594564044911179
C1R	IL22RA2	1	1	7.56864106830064	7.56864106830064	7.56864106830064
C1R	IL27RA	1	1	7.524399025857371	7.524399025857371	7.524399025857371
C1R	NFIB	1	1	7.5138460729458085	7.5138460729458085	7.5138460729458085
C1R	POU2AF1	1	1	7.504077633860899	7.504077633860899	7.504077633860899
C1R	AZIN2	1	1	7.3912817260206145	7.3912817260206145	7.3912817260206145
C1R	ABI3BP	1	1	7.374833854899279	7.374833854899279	7.374833854899279
C1R	PLTP	1	1	7.350185966977314	7.350185966977314	7.350185966977314
C1R	NCKAP5	1	1	7.337248736763336	7.337248736763336	7.337248736763336
C1R	CFH	1	1	7.30612010464003	7.30612010464003	7.30612010464003
C1R	FMOD	1	1	7.269531830446282	7.269531830446282	7.269531830446282
C1R	HLA-DOA	1	1	7.230639077802452	7.230639077802452	7.230639077802452
C1R	LTBP2	1	1	7.172386052073038	7.172386052073038	7.172386052073038
C1R	NEXN	1	1	7.126343998478533	7.126343998478533	7.126343998478533
C1R	TSHZ2	1	1	7.117573145415814	7.117573145415814	7.117573145415814
C1R	MRVI1	1	1	7.092702331962875	7.092702331962875	7.092702331962875
C1R	GABRE	1	1	7.056896360101297	7.056896360101297	7.056896360101297
C1R	CCDC71L	1	1	7.030748061805007	7.030748061805007	7.030748061805007
C1R	KDM6B	1	1	6.914829251058686	6.914829251058686	6.914829251058686
C1R	SCUBE2	1	1	6.856642134470553	6.856642134470553	6.856642134470553
C1R	DKK3	1	1	6.827108081232052	6.827108081232052	6.827108081232052
C1R	CD79A	1	1	6.787595081330528	6.787595081330528	6.787595081330528
C1R	JPH1	1	1	6.72782687153208	6.72782687153208	6.72782687153208
C1R	PTGIR	1	1	6.723237864087075	6.723237864087075	6.723237864087075
C1R	PSAPL1	1	1	6.709365355388608	6.709365355388608	6.709365355388608
C1R	IL4R	1	1	6.650866976295068	6.650866976295068	6.650866976295068
C1R	ITGBL1	1	1	6.6042592710048424	6.6042592710048424	6.6042592710048424
C1R	EFHD1	1	1	6.569846676138242	6.569846676138242	6.569846676138242
C1R	ADAMTS2	1	1	6.467550672518599	6.467550672518599	6.467550672518599
C1R	MFGE8	1	1	6.45096909377353	6.45096909377353	6.45096909377353
C1R	SEPTIN1	1	1	6.395434502492743	6.395434502492743	6.395434502492743
C1R	MAPK10	1	1	6.3783258115365	6.3783258115365	6.3783258115365
C1R	CPXM1	1	1	6.3691524849518055	6.3691524849518055	6.3691524849518055
C1R	TNFAIP2	1	1	6.3276277667243574	6.3276277667243574	6.3276277667243574
C1R	OAF	1	1	6.323973592166477	6.323973592166477	6.323973592166477
C1R	WT1	1	1	6.320403033453926	6.320403033453926	6.320403033453926
C1R	NR2F2	1	1	6.294798108992156	6.294798108992156	6.294798108992156
C1R	EVL	1	1	6.284555866766586	6.284555866766586	6.284555866766586
C1R	TMEM70	1	1	6.234255805705425	6.234255805705425	6.234255805705425
C1R	IRF8	1	1	6.21388018212262	6.21388018212262	6.21388018212262
C1R	RIPOR2	1	1	6.174095973368916	6.174095973368916	6.174095973368916
C1R	CRTAP	1	1	6.1723076218131565	6.1723076218131565	6.1723076218131565
C1R	SUSD5	1	1	6.13708137934645	6.13708137934645	6.13708137934645
C1R	NFKBIZ	1	1	6.129988962183298	6.129988962183298	6.129988962183298
C1R	HLA-DQB2	1	1	6.097722614438636	6.097722614438636	6.097722614438636
C1R	RASL12	1	1	6.025572865573575	6.025572865573575	6.025572865573575
C1R	WFDC1	1	1	6.013328455932613	6.013328455932613	6.013328455932613
C1R	KIAA1755	1	1	6.0126742287963975	6.0126742287963975	6.0126742287963975
C1R	NPNT	1	1	5.980949033383027	5.980949033383027	5.980949033383027
C1R	CD3D	1	1	5.972728679124032	5.972728679124032	5.972728679124032
C1R	RASGRP2	1	1	5.948637356367181	5.948637356367181	5.948637356367181
C1R	AC119396.1	1	1	5.944657226650845	5.944657226650845	5.944657226650845
C1R	FAM110C	1	1	5.93141379305284	5.93141379305284	5.93141379305284
C1R	QDPR	1	1	5.895148827878794	5.895148827878794	5.895148827878794
C1R	GATD1	1	1	5.894805169030235	5.894805169030235	5.894805169030235
C1R	TCEAL4	1	1	5.8907323301582215	5.8907323301582215	5.8907323301582215
C1R	CYGB	1	1	5.890157373595618	5.890157373595618	5.890157373595618
C1R	IL11	1	1	5.876051832672427	5.876051832672427	5.876051832672427
C1R	GADD45A	1	1	5.873560181468521	5.873560181468521	5.873560181468521
C1R	ACAP1	1	1	5.867550281339906	5.867550281339906	5.867550281339906
C1R	TBX2	1	1	5.861400657717759	5.861400657717759	5.861400657717759
C1R	EIF4B	1	1	5.817548267777365	5.817548267777365	5.817548267777365
C1R	GPNMB	1	1	5.754457433746963	5.754457433746963	5.754457433746963
C1R	ADAMTS8	1	1	5.75067272991275	5.75067272991275	5.75067272991275
C1R	FMO3	1	1	5.731112979460798	5.731112979460798	5.731112979460798
C1R	IL6	1	1	5.713251055221972	5.713251055221972	5.713251055221972
C1R	CLSTN2	1	1	5.707902143528586	5.707902143528586	5.707902143528586
C1R	TBC1D10C	1	1	5.70567775186187	5.70567775186187	5.70567775186187
C1R	TRBC2	1	1	5.686923209262556	5.686923209262556	5.686923209262556
C1R	IKZF1	1	1	5.676174524674218	5.676174524674218	5.676174524674218
C1R	CORO1A	1	1	5.656100373880874	5.656100373880874	5.656100373880874
C1R	TMC8	1	1	5.586374596884886	5.586374596884886	5.586374596884886
C1R	ITGB2	1	1	5.531151719469466	5.531151719469466	5.531151719469466
C1R	GJA4	1	1	5.522412663963946	5.522412663963946	5.522412663963946
C1R	PCDH18	1	1	5.494427304837411	5.494427304837411	5.494427304837411
C1R	FDCSP	1	1	5.475503954480735	5.475503954480735	5.475503954480735
C1R	GXYLT2	1	1	5.4608244265824	5.4608244265824	5.4608244265824
C1R	COL19A1	1	1	5.458117664151453	5.458117664151453	5.458117664151453
C1R	TNFRSF9	1	1	5.450803582569338	5.450803582569338	5.450803582569338
C1R	GFPT2	1	1	5.434855386022373	5.434855386022373	5.434855386022373
C1R	PTEN	1	1	5.4266827728072045	5.4266827728072045	5.4266827728072045
C1R	PDE1C	1	1	5.409283278286505	5.409283278286505	5.409283278286505
C1R	TRAJ10	1	1	5.408974958809819	5.408974958809819	5.408974958809819
C1R	G0S2	1	1	5.3864004573843784	5.3864004573843784	5.3864004573843784
C1R	LAMA2	1	1	5.378075303161292	5.378075303161292	5.378075303161292
C1R	GAS6	1	1	5.3528479249432035	5.3528479249432035	5.3528479249432035
C1R	EEF1B2	1	1	5.331279091021055	5.331279091021055	5.331279091021055
C1R	MED13L	1	1	5.273180798086312	5.273180798086312	5.273180798086312
C1R	CR2	1	1	5.231593709001893	5.231593709001893	5.231593709001893
C1R	LTBP4	1	1	5.227058134100344	5.227058134100344	5.227058134100344
C1R	GABARAP	1	1	5.222959247125664	5.222959247125664	5.222959247125664
C1R	PRDM1	1	1	5.212614487454727	5.212614487454727	5.212614487454727
C1R	GALNT15	1	1	5.206162437913058	5.206162437913058	5.206162437913058
C1R	C2CD4A	1	1	5.195091749549372	5.195091749549372	5.195091749549372
C1R	FST	1	1	5.193850933337396	5.193850933337396	5.193850933337396
C1R	ARMC9	1	1	5.186653900392304	5.186653900392304	5.186653900392304
C1R	GPC3	1	1	5.177179921865308	5.177179921865308	5.177179921865308
C1R	SMIM4	1	1	5.153097072782586	5.153097072782586	5.153097072782586
C1R	ERN1	1	1	5.151017542310577	5.151017542310577	5.151017542310577
C1R	HILPDA	1	1	5.13407793873193	5.13407793873193	5.13407793873193
C1R	SH3PXD2A	1	1	5.123021896540087	5.123021896540087	5.123021896540087
C1R	COL18A1	1	1	5.1119705859471285	5.1119705859471285	5.1119705859471285
C1R	TRAF3IP3	1	1	5.111504878557927	5.111504878557927	5.111504878557927
C1R	SLC38A5	1	1	5.077038691563513	5.077038691563513	5.077038691563513
C1R	TRAC	1	1	5.047276698318957	5.047276698318957	5.047276698318957
C1R	STEAP4	1	1	5.047081205663969	5.047081205663969	5.047081205663969
C1R	PAX5	1	1	5.02645590542171	5.02645590542171	5.02645590542171
C1R	PODNL1	1	1	4.9982086852631165	4.9982086852631165	4.9982086852631165
C1R	NIBAN3	1	1	4.955008545414923	4.955008545414923	4.955008545414923
C1R	ACSL1	1	1	4.940283690236384	4.940283690236384	4.940283690236384
C1R	SLC38A2	1	1	4.902271735518936	4.902271735518936	4.902271735518936
C1R	IL24	1	1	4.880284031731487	4.880284031731487	4.880284031731487
C1R	SELL	1	1	4.859865121393606	4.859865121393606	4.859865121393606
C1R	GNAS	1	1	4.859771521408149	4.859771521408149	4.859771521408149
C1R	CD22	1	1	4.8261094685680215	4.8261094685680215	4.8261094685680215
C1R	FAM20A	1	1	4.807772166739084	4.807772166739084	4.807772166739084
C1R	SCUBE3	2	1	4.80270813012791	9.748119435964941	-0.14270317570912103
C1R	SERF2	1	1	4.798219518267781	4.798219518267781	4.798219518267781
C1R	KSR1	1	1	4.780742199288274	4.780742199288274	4.780742199288274
C1R	TAF15	1	1	4.773511434454047	4.773511434454047	4.773511434454047
C1R	CST3	1	1	4.761574594092442	4.761574594092442	4.761574594092442
C1R	WNT2	1	1	4.724964257502129	4.724964257502129	4.724964257502129
C1R	STC1	1	1	4.689090651816774	4.689090651816774	4.689090651816774
C1R	CD19	1	1	4.673669967815694	4.673669967815694	4.673669967815694
C1R	SLCO2B1	1	1	4.659173407769007	4.659173407769007	4.659173407769007
C1R	SELENOM	1	1	4.655432617414928	4.655432617414928	4.655432617414928
C1R	TXNIP	1	1	4.637305297027666	4.637305297027666	4.637305297027666
C1R	PTCH1	1	1	4.6207402412339045	4.6207402412339045	4.6207402412339045
C1R	ALDH1B1	1	1	4.605766523577631	4.605766523577631	4.605766523577631
C1R	DNASE1L3	1	1	4.565275068933203	4.565275068933203	4.565275068933203
C1R	MAN1C1	1	1	4.5387136341350205	4.5387136341350205	4.5387136341350205
C1R	CCNI	1	1	4.51097477052967	4.51097477052967	4.51097477052967
C1R	COL8A2	1	1	4.483991091901617	4.483991091901617	4.483991091901617
C1R	PDPN	1	1	4.4729999400300615	4.4729999400300615	4.4729999400300615
C1R	ADAMTS5	1	1	4.467906910599069	4.467906910599069	4.467906910599069
C1R	RAB31	1	1	4.378430056429632	4.378430056429632	4.378430056429632
C1R	RERGL	1	1	4.354644032055513	4.354644032055513	4.354644032055513
C1R	MYH3	1	1	4.315515070630118	4.315515070630118	4.315515070630118
C1R	SPOCK2	1	1	4.306016800087527	4.306016800087527	4.306016800087527
C1R	C1orf21	1	1	4.231220695187174	4.231220695187174	4.231220695187174
C1R	CD200	1	1	4.192206727271911	4.192206727271911	4.192206727271911
C1R	IL1B	1	1	4.190811823932042	4.190811823932042	4.190811823932042
C1R	PROS1	1	1	4.159711069953619	4.159711069953619	4.159711069953619
C1R	LIMD2	1	1	4.1561002865288055	4.1561002865288055	4.1561002865288055
C1R	OSR1	1	1	4.1292574369526225	4.1292574369526225	4.1292574369526225
C1R	RBP5	1	1	4.127453811100805	4.127453811100805	4.127453811100805
C1R	RCC2	1	1	4.120946940878555	4.120946940878555	4.120946940878555
C1R	KEL	1	1	4.093275269402341	4.093275269402341	4.093275269402341
C1R	CD79B	1	1	4.031198917715468	4.031198917715468	4.031198917715468
C1R	PLPP4	1	1	3.9095892539380124	3.9095892539380124	3.9095892539380124
C1R	HIST1H3H	1	1	3.8562520021100073	3.8562520021100073	3.8562520021100073
C1R	FGB	1	1	3.8520508436706935	3.8520508436706935	3.8520508436706935
C1R	CPED1	1	1	3.770717751418996	3.770717751418996	3.770717751418996
C1R	ALPL	1	1	3.7028815057532327	3.7028815057532327	3.7028815057532327
C1R	ZFP36L2	1	1	3.6568352588933504	3.6568352588933504	3.6568352588933504
C1R	RARRES1	1	1	3.5985982931812055	3.5985982931812055	3.5985982931812055
C1R	CCL11	1	1	3.5401478168425364	3.5401478168425364	3.5401478168425364
C1R	CSF3	1	1	3.4691038342111407	3.4691038342111407	3.4691038342111407
C1R	APLN	1	1	3.4512512893866534	3.4512512893866534	3.4512512893866534
C1R	SYNC	1	1	3.4466419963772066	3.4466419963772066	3.4466419963772066
C1R	PPARGC1A	1	1	3.39191211508779	3.39191211508779	3.39191211508779
C1R	ADRA2A	1	1	3.3668701845336058	3.3668701845336058	3.3668701845336058
C1R	ALDH2	1	1	3.284928413563831	3.284928413563831	3.284928413563831
C1R	VRK2	1	1	3.2703521654631125	3.2703521654631125	3.2703521654631125
C1R	TLE5	1	1	3.2476548669816876	3.2476548669816876	3.2476548669816876
C1R	PDLIM4	1	1	3.203491437166989	3.203491437166989	3.203491437166989
C1R	ARPC2	1	1	3.1978056989850145	3.1978056989850145	3.1978056989850145
C1R	GUCY1A1	2	1	3.193840096190345	6.551109805889044	-0.16342961350835375
C1R	TBC1D1	2	1	3.1774905762358334	7.29082256014758	-0.9358414076759137
C1R	CITED2	2	1	3.075071886212218	6.891153006415647	-0.7410092339912105
C1R	IL1R1	1	1	3.051956722725346	3.051956722725346	3.051956722725346
C1R	HSPB8	1	1	3.0502876975987823	3.0502876975987823	3.0502876975987823
C1R	TENT5C	1	1	2.9831097503130954	2.9831097503130954	2.9831097503130954
C1R	IKBKE	1	1	2.904693072241823	2.904693072241823	2.904693072241823
C1R	DERL3	1	1	2.7674269008952432	2.7674269008952432	2.7674269008952432
C1R	TGFB3	1	1	2.6791099280404493	2.6791099280404493	2.6791099280404493
C1R	CD163	1	1	2.6432235895126124	2.6432235895126124	2.6432235895126124
C1R	CD37	2	1	2.640191023796518	6.223163380956033	-0.9427813333629976
C1R	FJX1	1	1	2.6348789879015766	2.6348789879015766	2.6348789879015766
C1R	SPON1	1	1	2.6268635448329425	2.6268635448329425	2.6268635448329425
C1R	PGA5	1	1	2.5807501726152084	2.5807501726152084	2.5807501726152084
C1R	NFATC1	2	1	2.5751139970550843	7.5790539025815535	-2.428825908471385
C1R	PABPC1	1	1	2.569308127394181	2.569308127394181	2.569308127394181
C1R	RACK1	1	1	2.527608044574581	2.527608044574581	2.527608044574581
C1R	SRRM2	1	1	2.5041092649560253	2.5041092649560253	2.5041092649560253
C1R	C1QA	1	1	2.4884954844137885	2.4884954844137885	2.4884954844137885
C1R	TMSB4X	1	1	2.4844598605311212	2.4844598605311212	2.4844598605311212
C1R	RUNX1	1	1	2.483202245979251	2.483202245979251	2.483202245979251
C1R	TYMP	1	1	2.469369610815845	2.469369610815845	2.469369610815845
C1R	RAMP1	2	1	2.4556675557907184	6.562026531341125	-1.650691419759688
C1R	NDUFB9	1	1	2.4450996046035804	2.4450996046035804	2.4450996046035804
C1R	TYK2	1	1	2.412891432112666	2.412891432112666	2.412891432112666
C1R	MRFAP1L1	1	1	2.4015343691217788	2.4015343691217788	2.4015343691217788
C1R	UQCRQ	1	1	2.3700690500153527	2.3700690500153527	2.3700690500153527
C1R	ECM1	1	1	2.34936633141266	2.34936633141266	2.34936633141266
C1R	LIPF	1	1	2.3114070304711194	2.3114070304711194	2.3114070304711194
C1R	SLC26A9	2	1	2.308736180073998	8.22717120925485	-3.6096988491068536
C1R	RANBP3L	2	1	2.2917604041668147	5.316475278225731	-0.7329544698921017
C1R	EGR2	1	1	2.2801374009695063	2.2801374009695063	2.2801374009695063
C1R	CYP26A1	2	1	2.2752508408571135	6.0803022698754114	-1.5298005881611842
C1R	TXNDC5	1	1	2.2526091896431293	2.2526091896431293	2.2526091896431293
C1R	LOR	1	1	2.2243425252549827	2.2243425252549827	2.2243425252549827
C1R	TRIM28	1	1	2.148639200922202	2.148639200922202	2.148639200922202
C1R	MARCKSL1	2	1	2.1275541657877093	8.970551915386897	-4.715443583811479
C1R	ECRG4	1	1	2.1260401537984284	2.1260401537984284	2.1260401537984284
C1R	ANKRD10	1	1	2.1231429966870183	2.1231429966870183	2.1231429966870183
C1R	HIST1H4E	1	1	2.112661867290936	2.112661867290936	2.112661867290936
C1R	VSIG4	1	1	2.093110850165135	2.093110850165135	2.093110850165135
C1R	MS4A1	2	1	2.088446305478515	6.530050912452817	-2.353158301495787
C1R	MARCKS	1	1	2.0500877495163876	2.0500877495163876	2.0500877495163876
C1R	HGS	1	1	2.03176572344659	2.03176572344659	2.03176572344659
C1R	SGCA	1	1	2.031175888512869	2.031175888512869	2.031175888512869
C1R	PRG4	1	1	1.9663603752909322	1.9663603752909322	1.9663603752909322
C1R	DUSP2	2	1	1.9336192183856997	4.889096337469435	-1.0218579006980355
C1R	PPP1R14C	2	1	1.9213352101050494	7.923366100516751	-4.080695680306652
C1R	ZG16B	1	1	1.8996882228321614	1.8996882228321614	1.8996882228321614
C1R	FCRL1	2	1	1.8704073879379748	4.8533814447494406	-1.1125666688734912
C1R	SRRT	1	1	1.8618486074171658	1.8618486074171658	1.8618486074171658
C1R	CYP11B1	1	1	1.8593617775463651	1.8593617775463651	1.8593617775463651
C1R	ELL2	2	1	1.8179257446941273	6.965943585448155	-3.3300920960599005
C1R	HLA-E	1	1	1.8119885708627492	1.8119885708627492	1.8119885708627492
C1R	PDLIM5	2	1	1.803912643571356	6.658746327359178	-3.050921040216466
C1R	CCDC3	2	1	1.7919462604488503	4.676300020087332	-1.0924074991896318
C1R	RDH10	2	1	1.7807706340948624	4.994438918259277	-1.4328976500695523
C1R	NTRK3	2	1	1.763917702706665	4.560286483326917	-1.0324510779135867
C1R	FHL5	1	1	1.7427948802508142	1.7427948802508142	1.7427948802508142
C1R	ALOX5AP	2	1	1.7423932771674417	3.7143517365479437	-0.2295651822130604
C1R	ACTN1	1	1	1.7389974104975825	1.7389974104975825	1.7389974104975825
C1R	CHRDL1	1	1	1.7320576094673183	1.7320576094673183	1.7320576094673183
C1R	RBP4	1	1	1.7312517648848542	1.7312517648848542	1.7312517648848542
C1R	RGS2	2	1	1.7075425784585767	8.625114079227084	-5.21002892230993
C1R	SYT7	1	1	1.60303270463265	1.60303270463265	1.60303270463265
C1R	LCE2A	1	1	1.560418106406106	1.560418106406106	1.560418106406106
C1R	ADCYAP1	1	1	1.5473375334299908	1.5473375334299908	1.5473375334299908
C1R	MAZ	1	1	1.5457043798696795	1.5457043798696795	1.5457043798696795
C1R	CREM	1	1	1.5287048832106913	1.5287048832106913	1.5287048832106913
C1R	RAB3C	1	1	1.5238155394233974	1.5238155394233974	1.5238155394233974
C1R	CCDC69	1	1	1.5184939002516804	1.5184939002516804	1.5184939002516804
C1R	CCL14	1	1	1.5146671205129152	1.5146671205129152	1.5146671205129152
C1R	ENTPD1	1	1	1.5068154780955425	1.5068154780955425	1.5068154780955425
C1R	CYP17A1	1	1	1.4977107959778109	1.4977107959778109	1.4977107959778109
C1R	PTGES3	1	1	1.4533231158875328	1.4533231158875328	1.4533231158875328
C1R	CYP21A2	1	1	1.4317805620677349	1.4317805620677349	1.4317805620677349
C1R	SERPINA12	1	1	1.4315698501567742	1.4315698501567742	1.4315698501567742
C1R	SDS	1	1	1.4222350171322744	1.4222350171322744	1.4222350171322744
C1R	CLIC4	2	1	1.4137794447624477	5.09920274656353	-2.271643857038635
C1R	IGFN1	1	1	1.4136198535843845	1.4136198535843845	1.4136198535843845
C1R	PTPRN	1	1	1.4107709499948184	1.4107709499948184	1.4107709499948184
C1R	HIST1H4A	2	1	1.4084254584209046	3.4105287892354252	-0.5936778723936158
C1R	PALM2-AKAP2	1	1	1.3982654318679413	1.3982654318679413	1.3982654318679413
C1R	MMP3	2	1	1.3930910239116814	4.451389125310062	-1.665207077486699
C1R	CNN3	2	1	1.3773069811238519	4.619725959109281	-1.8651119968615768
C1R	GAP43	1	1	1.3588835263400207	1.3588835263400207	1.3588835263400207
C1R	SLC19A2	1	1	1.3556813092905478	1.3556813092905478	1.3556813092905478
C1R	HS3ST6	1	1	1.3448346893324452	1.3448346893324452	1.3448346893324452
C1R	APLNR	2	1	1.338069290307472	2.908574707191033	-0.23243612657608895
C1R	DNPH1	1	1	1.334065817575842	1.334065817575842	1.334065817575842
C1R	VAT1L	1	1	1.3337643610929288	1.3337643610929288	1.3337643610929288
C1R	CACNA1A	1	1	1.316468109688416	1.316468109688416	1.316468109688416
C1R	C1QL1	1	1	1.3097519830126245	1.3097519830126245	1.3097519830126245
C1R	HEXA	1	1	1.29438217131927	1.29438217131927	1.29438217131927
C1R	CDH19	1	1	1.2887611725260366	1.2887611725260366	1.2887611725260366
C1R	HDAC7	1	1	1.2796928437260393	1.2796928437260393	1.2796928437260393
C1R	ZNF750	1	1	1.2286335188417123	1.2286335188417123	1.2286335188417123
C1R	SCARB1	1	1	1.225004749808177	1.225004749808177	1.225004749808177
C1R	PCSK1	1	1	1.2225123339575203	1.2225123339575203	1.2225123339575203
C1R	TLCD3A	1	1	1.201988141740241	1.201988141740241	1.201988141740241
C1R	IMPA2	1	1	1.1823625926195187	1.1823625926195187	1.1823625926195187
C1R	SOX10	1	1	1.173986037938908	1.173986037938908	1.173986037938908
C1R	CTSD	1	1	1.1732958141866747	1.1732958141866747	1.1732958141866747
C1R	CXCL9	2	1	1.1613269282190977	3.021983612395211	-0.6993297559570157
C1R	GKN1	1	1	1.1518412128450037	1.1518412128450037	1.1518412128450037
C1R	NTSR1	1	1	1.1408720098681522	1.1408720098681522	1.1408720098681522
C1R	SCGB1D2	1	1	1.140328623030774	1.140328623030774	1.140328623030774
C1R	PCSK1N	1	1	1.1372482061190812	1.1372482061190812	1.1372482061190812
C1R	LTB4R	1	1	1.1181645926015968	1.1181645926015968	1.1181645926015968
C1R	SCGB2A1	1	1	1.112323028292108	1.112323028292108	1.112323028292108
C1R	CELF3	1	1	1.0933134400192759	1.0933134400192759	1.0933134400192759
C1R	DHRS2	1	1	1.0869136046197339	1.0869136046197339	1.0869136046197339
C1R	MATN2	1	1	1.0723406751785882	1.0723406751785882	1.0723406751785882
C1R	GPBAR1	1	1	1.0674366280260774	1.0674366280260774	1.0674366280260774
C1R	CTSC	1	1	1.0639692232196851	1.0639692232196851	1.0639692232196851
C1R	EGFL7	1	1	1.0558085689297658	1.0558085689297658	1.0558085689297658
C1R	ANP32E	1	1	1.0369919383034942	1.0369919383034942	1.0369919383034942
C1R	PDGFA	2	1	1.027277117388742	6.142281463807145	-4.087727229029661
C1R	RAC1	1	1	1.0242930659432916	1.0242930659432916	1.0242930659432916
C1R	FAM166B	1	1	1.0132641308428956	1.0132641308428956	1.0132641308428956
C1R	SLC14A1	1	1	1.0081528601178977	1.0081528601178977	1.0081528601178977
C1R	KCNMB2	1	1	0.99102130749132	0.99102130749132	0.99102130749132
C1R	ACIN1	1	1	0.9768470673175392	0.9768470673175392	0.9768470673175392
C1R	RNF213	2	1	0.9756560934259294	3.6140239629470794	-1.6627117760952206
C1R	CTNNAL1	1	1	0.974498717848015	0.974498717848015	0.974498717848015
C1R	HID1	1	1	0.9731888756198773	0.9731888756198773	0.9731888756198773
C1R	VWA5B2	1	1	0.9593233281217032	0.9593233281217032	0.9593233281217032
C1R	TNNC1	1	1	0.9591371052087964	0.9591371052087964	0.9591371052087964
C1R	POU2F3	1	1	0.9554694327670977	0.9554694327670977	0.9554694327670977
C1R	BARX1	1	1	0.9416047943577862	0.9416047943577862	0.9416047943577862
C1R	ANGPTL7	1	1	0.9316782129006163	0.9316782129006163	0.9316782129006163
C1R	SLC23A2	1	1	0.9314822353155087	0.9314822353155087	0.9314822353155087
C1R	RCAN1	2	1	0.9205197237967795	6.356056402098596	-4.515016954505037
C1R	ODF3B	1	1	0.9174117909029286	0.9174117909029286	0.9174117909029286
C1R	PXDN	2	1	0.8998215176012421	6.010517736557967	-4.210874701355483
C1R	MMRN1	1	1	0.8828069897340738	0.8828069897340738	0.8828069897340738
C1R	LSP1	1	1	0.8799408999759746	0.8799408999759746	0.8799408999759746
C1R	HIST1H2BB	2	1	0.8658476726119632	1.9238084330120822	-0.19211308778815578
C1R	BANF1	1	1	0.8625911721374133	0.8625911721374133	0.8625911721374133
C1R	SBSN	1	1	0.8623141316862252	0.8623141316862252	0.8623141316862252
C1R	SLCO2A1	1	1	0.8582683859467276	0.8582683859467276	0.8582683859467276
C1R	KCNJ5	1	1	0.8397871186701282	0.8397871186701282	0.8397871186701282
C1R	C1orf68	1	1	0.8108266259469149	0.8108266259469149	0.8108266259469149
C1R	SLC38A4	1	1	0.8066887116328012	0.8066887116328012	0.8066887116328012
C1R	KRTDAP	1	1	0.8006304393916901	0.8006304393916901	0.8006304393916901
C1R	CPS1	1	1	0.800206386850348	0.800206386850348	0.800206386850348
C1R	TGFBR3	1	1	0.7999087016627737	0.7999087016627737	0.7999087016627737
C1R	PGLYRP3	1	1	0.7985913743772431	0.7985913743772431	0.7985913743772431
C1R	KLHDC8B	1	1	0.795088033648901	0.795088033648901	0.795088033648901
C1R	CPEB4	1	1	0.7924229709805207	0.7924229709805207	0.7924229709805207
C1R	GRIPAP1	1	1	0.7763728690644606	0.7763728690644606	0.7763728690644606
C1R	SCGB2A2	1	1	0.765241448434201	0.765241448434201	0.765241448434201
C1R	SPRR4	1	1	0.765052910113545	0.765052910113545	0.765052910113545
C1R	STARD10	2	1	0.7637038644390357	3.5550205813649653	-2.027612852486894
C1R	ANGPTL4	2	1	0.7502357118983045	3.6100300503344753	-2.1095586265378663
C1R	CALN1	1	1	0.7138485704386262	0.7138485704386262	0.7138485704386262
C1R	SEMA6A	1	1	0.7084512260230393	0.7084512260230393	0.7084512260230393
C1R	RBPMS	1	1	0.7014609984275549	0.7014609984275549	0.7014609984275549
C1R	PEG10	2	1	0.6996106816999377	1.7578502130867442	-0.3586288496868688
C1R	ETNK1	1	1	0.6950548612136213	0.6950548612136213	0.6950548612136213
C1R	PGM5	1	1	0.6867516557142043	0.6867516557142043	0.6867516557142043
C1R	FCGR3A	1	1	0.68295860680659	0.68295860680659	0.68295860680659
C1R	PTPRN2	1	1	0.6707637285277857	0.6707637285277857	0.6707637285277857
C1R	BACE2	1	1	0.6526692765221656	0.6526692765221656	0.6526692765221656
C1R	SCRG1	2	1	0.6469392419158371	2.254437105084353	-0.9605586212526789
C1R	IL33	2	1	0.6398636618456363	1.9725895010554693	-0.6928621773641968
C1R	ZNF275	1	1	0.6291747089796516	0.6291747089796516	0.6291747089796516
C1R	FCER1G	2	1	0.6225148009304635	3.8586972095233447	-2.6136676076624177
C1R	DTNA	1	1	0.620197676715911	0.620197676715911	0.620197676715911
C1R	NAP1L5	1	1	0.6115195340541666	0.6115195340541666	0.6115195340541666
C1R	KRT2	1	1	0.5840397853244853	0.5840397853244853	0.5840397853244853
C1R	CCL8	1	1	0.5725162394206769	0.5725162394206769	0.5725162394206769
C1R	CDHR1	1	1	0.5636360685309921	0.5636360685309921	0.5636360685309921
C1R	THEM5	1	1	0.5445157987667627	0.5445157987667627	0.5445157987667627
C1R	TM4SF5	1	1	0.5434812544230743	0.5434812544230743	0.5434812544230743
C1R	SMIM3	1	1	0.517457064635224	0.517457064635224	0.517457064635224
C1R	CACNB2	1	1	0.5158590350619092	0.5158590350619092	0.5158590350619092
C1R	FLG	1	1	0.5039000883212474	0.5039000883212474	0.5039000883212474
C1R	CPA6	1	1	0.49455714366937165	0.49455714366937165	0.49455714366937165
C1R	MICAL2	1	1	0.4758636887730761	0.4758636887730761	0.4758636887730761
C1R	CEBPA	1	1	0.4748263420610284	0.4748263420610284	0.4748263420610284
C1R	PPP1R12B	2	1	0.47250197179967657	3.2471133497123876	-2.3021094061130345
C1R	LENG8	1	1	0.4721304751121525	0.4721304751121525	0.4721304751121525
C1R	SLC22A3	1	1	0.4598945830708137	0.4598945830708137	0.4598945830708137
C1R	FDX1	1	1	0.4568423935870029	0.4568423935870029	0.4568423935870029
C1R	ANAPC16	1	1	0.45133996002056537	0.45133996002056537	0.45133996002056537
C1R	CRLF1	1	1	0.44297442737248643	0.44297442737248643	0.44297442737248643
C1R	SLC1A5	1	1	0.4424226460569203	0.4424226460569203	0.4424226460569203
C1R	CAPN6	1	1	0.43485437374335334	0.43485437374335334	0.43485437374335334
C1R	MOB4	1	1	0.4330175932494312	0.4330175932494312	0.4330175932494312
C1R	TNFRSF11B	1	1	0.4298288320803425	0.4298288320803425	0.4298288320803425
C1R	CD9	1	1	0.42092903897592876	0.42092903897592876	0.42092903897592876
C1R	PRKAR2B	1	1	0.4159423182996027	0.4159423182996027	0.4159423182996027
C1R	FAM49B	1	1	0.4056254183268498	0.4056254183268498	0.4056254183268498
C1R	FGA	2	1	0.40142913489760046	3.258769373506604	-2.455911103711403
C1R	MIA	2	1	0.4012512647565344	1.5229124000999432	-0.7204098705868744
C1R	CDC123	1	1	0.3931958877132699	0.3931958877132699	0.3931958877132699
C1R	ANPEP	1	1	0.3930443118649844	0.3930443118649844	0.3930443118649844
C1R	CDH2	1	1	0.3905101719705572	0.3905101719705572	0.3905101719705572
C1R	MUCL1	1	1	0.38882565444175154	0.38882565444175154	0.38882565444175154
C1R	CABP7	1	1	0.3873478392144421	0.3873478392144421	0.3873478392144421
C1R	SMG1	1	1	0.3736909174901443	0.3736909174901443	0.3736909174901443
C1R	SPINK4	1	1	0.3685570199030595	0.3685570199030595	0.3685570199030595
C1R	PRUNE2	2	1	0.3512144763313544	1.873707226070292	-1.1712782734075833
C1R	FUT9	1	1	0.3489482461958225	0.3489482461958225	0.3489482461958225
C1R	B2M	2	1	0.32388105338557427	2.0485960293221184	-1.4008339225509698
C1R	JAZF1	1	1	0.2778539045014979	0.2778539045014979	0.2778539045014979
C1R	PAEP	1	1	0.2689516523511585	0.2689516523511585	0.2689516523511585
C1R	PKP1	1	1	0.2633224744527354	0.2633224744527354	0.2633224744527354
C1R	SOAT1	1	1	0.2565649923143945	0.2565649923143945	0.2565649923143945
C1R	TGM3	1	1	0.2563191692677978	0.2563191692677978	0.2563191692677978
C1R	VIL1	1	1	0.25073940137740197	0.25073940137740197	0.25073940137740197
C1R	KCNE3	1	1	0.2503628977712392	0.2503628977712392	0.2503628977712392
C1R	SV2B	1	1	0.24825238730494126	0.24825238730494126	0.24825238730494126
C1R	ERN2	2	1	0.24531542393915776	0.6006207065156346	-0.1099898586373191
C1R	CBLIF	1	1	0.24497107065116847	0.24497107065116847	0.24497107065116847
C1R	ATP4B	1	1	0.2429588464387321	0.2429588464387321	0.2429588464387321
C1R	SAT1	1	1	0.2267988852469128	0.2267988852469128	0.2267988852469128
C1R	GRAMD1B	1	1	0.2163520799018249	0.2163520799018249	0.2163520799018249
C1R	FOXF1	1	1	0.20140179982038675	0.20140179982038675	0.20140179982038675
C1R	GABARAPL1	2	1	0.20136901492909454	5.089123476698517	-4.686385446840328
C1R	CDH17	2	1	0.19321584940276082	2.024734872066524	-1.6383031732610023
C1R	DCD	2	1	0.18680494466132413	1.1685287875628312	-0.7949188982401829
C1R	CST4	2	1	0.18642687173957168	0.5736183651870981	-0.2007646217079547
C1R	AMTN	1	1	0.1857723881803637	0.1857723881803637	0.1857723881803637
C1R	ALKAL2	1	1	0.18001072590715156	0.18001072590715156	0.18001072590715156
C1R	CYP11B2	1	1	0.1725254022113634	0.1725254022113634	0.1725254022113634
C1R	ANK2	1	1	0.16399966650449455	0.16399966650449455	0.16399966650449455
C1R	SBSPON	2	1	0.16359279814892635	1.1194193027140111	-0.7922337064161584
C1R	DYNLL2	1	1	0.1623363616914801	0.1623363616914801	0.1623363616914801
C1R	C2orf66	1	1	0.1610734241835801	0.1610734241835801	0.1610734241835801
C1R	RHOV	1	1	0.14086462395456123	0.14086462395456123	0.14086462395456123
C1R	ATRNL1	2	1	0.13695217642815052	0.7430315869602391	-0.46912723410393803
C1R	COL6A1	2	1	0.1286727930280951	5.079769967351005	-4.822424381294815
C1R	CTH	1	1	0.12849488341005186	0.12849488341005186	0.12849488341005186
C1R	MCOLN3	1	1	0.11371999118710982	0.11371999118710982	0.11371999118710982
C1R	KRT6B	1	1	0.11337333034684328	0.11337333034684328	0.11337333034684328
C1R	CLDN2	2	1	0.1028648093807854	0.21704632425874562	-0.011316705497174817
C1R	HIST1H1B	2	1	0.09742929825121704	4.3766314176461085	-4.181772821143674
C1R	SLC9A3	1	1	0.09417027551487085	0.09417027551487085	0.09417027551487085
C1R	DSG1	1	1	0.08625431291425947	0.08625431291425947	0.08625431291425947
C1R	MPST	1	1	0.0855208093150742	0.0855208093150742	0.0855208093150742
C1R	SLC47A1	1	1	0.08333730561738494	0.08333730561738494	0.08333730561738494
C1R	ITGB5	2	1	0.08061083112336398	3.0134842387095624	-2.8522625764628344
C1R	MT1A	1	1	0.08036303564169778	0.08036303564169778	0.08036303564169778
C1R	CHIA	1	1	0.07922865564678523	0.07922865564678523	0.07922865564678523
C1R	BNIP5	1	1	0.07097239410498747	0.07097239410498747	0.07097239410498747
C1R	ASPRV1	1	1	0.04886189089764867	0.04886189089764867	0.04886189089764867
C1R	KCNK16	1	1	0.046443249954981565	0.046443249954981565	0.046443249954981565
C1R	CDK6	1	1	0.04169803949568017	0.04169803949568017	0.04169803949568017
C1R	RAP1GAP	1	1	0.02962456888635798	0.02962456888635798	0.02962456888635798
C1R	GATA3	1	1	0.025559664656142306	0.025559664656142306	0.025559664656142306
C1R	FGF12	1	1	0.01494294674098037	0.01494294674098037	0.01494294674098037
C1R	MME	1	1	0.012409201253288999	0.012409201253288999	0.012409201253288999
C1R	KRT10	1	1	0.012283813186138633	0.012283813186138633	0.012283813186138633
C1R	C4orf19	1	1	0.010412675790257076	0.010412675790257076	0.010412675790257076
C1R	ABCB1	1	1	0.0005021693468207183	0.0005021693468207183	0.0005021693468207183
C1R	AKAP6	3	1	-0.016313633500527027	5.68671921494989	-2.6048747245461112
C1R	FBP1	3	1	-0.04950455815947213	0.4858323657500835	-3.6462100762849383
C1R	ITGAX	2	1	-0.0721047946872313	2.296606950813058	-2.440816540187521
C1R	RASGRF2	3	1	-0.11976213007923776	3.188062353340806	-4.842676023467602
C1R	TREM1	4	1	-0.1500646952945676	5.279149207987261	-0.8768283148890414
C1R	TMEM158	3	1	-0.15046323498960298	7.221784987931979	-3.857922681423946
C1R	HMGCS2	2	1	-0.17076135537971893	0.27660069606727455	-0.6181234068267124
C1R	IFITM10	2	1	-0.19408539690089577	1.793061365520792	-2.1812321593225836
C1R	PCSK2	2	1	-0.21957268068594638	1.1264868353193842	-1.565632196691277
C1R	SLC4A4	2	1	-0.27018486643370065	1.1637046460672231	-1.7040743789346244
C1R	ITPRIP	2	1	-0.30676744969807057	4.342039541171414	-4.955574440567555
C1R	RNASET2	2	1	-0.3077924657301917	1.3051034604289051	-1.9206883918892885
C1R	SLC2A3	3	1	-0.33650903860115566	5.443997076295716	-3.6570151496152836
C1R	PLVAP	2	1	-0.37938326135835704	0.35988580330333975	-1.1186523260200538
C1R	KLK7	4	1	-0.3811102691332026	0.9642141445896798	-6.032758876085185
C1R	PLN	3	1	-0.414862746401202	2.4428096565427744	-3.1203513097918605
C1R	PDLIM7	4	1	-0.45178933526694776	2.78600766495952	-3.266487020235674
C1R	PROM1	3	1	-0.45275893046204385	0.343712402601078	-0.7587509652682819
C1R	IFIT3	2	1	-0.47897183276970046	0.1629859546564141	-1.120929620195815
C1R	SORBS1	3	1	-0.5306552841491684	4.351362567532329	-3.3742939460034105
C1R	ST6GALNAC5	2	1	-0.5346505944521027	4.06691719500896	-5.136218383913166
C1R	CRYBA2	2	1	-0.5424078449810025	1.2346859571268058	-2.319501647088811
C1R	OLR1	3	1	-0.5643031086733563	4.152077807227157	-0.944819921710317
C1R	SPRR3	3	1	-0.6051146812603656	1.5434744269596357	-5.030131996278389
C1R	ALDOB	2	1	-0.6332288532635086	2.753180797730262	-4.019638504257279
C1R	KLF6	2	1	-0.6391450821396547	4.415768604074588	-5.694058768353897
C1R	ONECUT1	2	1	-0.6429618892677622	1.145529722631029	-2.4314535011665535
C1R	SPEG	2	1	-0.6586981254606409	1.5084724811667674	-2.825868732088049
C1R	AMBP	2	1	-0.6757142481067105	1.2910383418058202	-2.6424668380192413
C1R	NCCRP1	4	1	-0.7202299138211558	6.922397933390332	-3.8423818229619418
C1R	CP	4	1	-0.7275052552685688	2.255424168127873	-3.451179359143741
C1R	CDHR5	2	1	-0.769465373017792	0.34978485033252527	-1.8887155963681095
C1R	CLIC5	2	1	-0.8037658312314484	4.084842176811294	-5.6923738392741905
C1R	REG1A	5	1	-0.8041724046361076	5.555481917124889	-4.996496688814324
C1R	CLPS	3	1	-0.8097653319938167	0.2020976057750502	-3.5697736285751955
C1R	NR5A2	2	1	-0.8119426525897716	1.2787295626607353	-2.9026148678402786
C1R	DHRS9	3	1	-0.8252783146182305	1.8818586332928722	-5.909356132524727
C1R	PTGS2	2	1	-0.8474998148669151	0.49448892007763234	-2.1894885498114625
C1R	ADAM12	3	1	-0.8814412102257955	6.016261691220104	-3.8205632205755133
C1R	MMP12	4	1	-0.9013086009119404	0.47811873108229846	-2.037233679934822
C1R	HPGD	2	1	-0.9357406377740021	3.9891985376923005	-5.860679813240305
C1R	TESC	4	1	-0.939660485705943	5.488997746557711	-3.6657700522808043
C1R	PRICKLE4	2	1	-0.9469029722162849	1.22114381531639	-3.11494975974896
C1R	PRSS1	4	1	-0.9781380207828351	0.8677877536556478	-4.494441986122618
C1R	GCNT3	5	1	-0.9972109836974834	0.1127202642518988	-3.9552935716043227
C1R	GFRA1	3	1	-0.9989443173328658	1.2059174663196002	-1.3620154814910685
C1R	FXYD2	2	1	-1.0367382509058958	1.2108990454741646	-3.2843755472859564
C1R	MCAM	4	1	-1.0498586776489995	10.95523839586631	-2.4578230150568037
C1R	SOX9	3	1	-1.0503263995004832	2.0007756337870495	-3.403994893706129
C1R	ACP5	3	1	-1.0607569663980914	0.8264681447597519	-1.9538332465290689
C1R	COL17A1	3	1	-1.0649565914375296	0.08119314865316393	-4.180674105004673
C1R	C5orf46	3	1	-1.0724609501097153	5.117587613132264	-4.674779309465624
C1R	PNLIP	3	1	-1.089684482418805	0.25073806953389227	-3.897043376648832
C1R	S100A8	3	1	-1.1140190734586457	3.2779464347380416	-2.083626031770893
C1R	CST6	3	1	-1.1156799842580094	0.5526403363417359	-7.381750067670605
C1R	CDC42EP5	2	1	-1.1265860598365183	0.7760320030116074	-3.029204122684644
C1R	ITGA5	4	1	-1.1684992856490053	6.767706907451871	-4.484508271706297
C1R	VSIG1	2	1	-1.1806516103702798	0.3203778695754781	-2.6816810903160375
C1R	CEL	3	1	-1.1882502519676368	0.4490049936997063	-5.094445466917751
C1R	HMOX1	2	1	-1.2001123948100707	0.3498966782476808	-2.7501214678678223
C1R	SERPINA5	2	1	-1.2278599617559753	0.48295115133440825	-2.9386710748463587
C1R	KLF4	2	1	-1.2805558115159412	4.151685251841324	-6.712796874873207
C1R	CKB	3	1	-1.3117500189260436	0.4838716255688364	-8.736526981389634
C1R	SYCN	2	1	-1.3734080138608438	0.7362599831318866	-3.483076010853574
C1R	NEURL3	2	1	-1.4178637860483518	0.09416514535806272	-2.9298927174547664
C1R	GATM	2	1	-1.544501243393456	0.13106780119425587	-3.220070287981168
C1R	CELA3A	3	1	-1.6856280013786296	0.7753001718909546	-5.361401323503986
C1R	CPA2	3	1	-1.7660459864914062	1.0393998444384405	-5.013918673356039
C1R	IL32	3	1	-1.770680456807416	6.6665975691226445	-3.711101139022512
C1R	CTRC	3	1	-1.843426451716535	0.6433747196711858	-4.768910791493097
C1R	RHOB	4	1	-1.8682775959871094	2.8223263148385853	-4.803173781485194
C1R	DDIT4	3	1	-1.9230385229727491	2.141747025035976	-7.2297679846850045
C1R	PDIA2	3	1	-2.0281811783333006	0.27796647882325914	-3.3928119155233993
C1R	PPP1R1B	4	1	-2.128411627996093	0.012170840485209566	-3.3044332909090075
C1R	KRT20	2	1	-2.281690504696872	0.5719986322558771	-5.135379641649621
C1R	GPX2	6	1	-2.2943028233211846	1.766601973145063	-7.8898210852245745
C1R	CRABP2	6	1	-2.414955703259058	1.8282031767745228	-3.8615647395747046
C1R	CXCL17	4	1	-2.4201851151501916	2.4151648913341925	-4.933438899295866
C1R	RBP1	2	1	-2.507537765483697	4.858732530889881	-9.873808061857275
C1R	SLC6A14	2	1	-2.5183359379767634	0.300643291006313	-5.33731516695984
C1R	SLC34A2	3	1	-2.538439205491849	2.0807706155579937	-2.8376711878290517
C1R	C6orf141	3	1	-2.550155810121839	7.35732354989594	-6.112486017088386
C1R	CPB1	3	1	-2.6128275386345705	0.28515414977347137	-4.2588989342051615
C1R	IER3	4	1	-2.6321005437056773	0.005864619708678198	-10.375255482882825
C1R	HSPA1B	4	1	-2.735330706728596	0.6961247644825641	-8.760052928981308
C1R	SULT1C2	5	1	-2.7777646242950174	1.0340930226370295	-7.102456997331458
C1R	EEF1A2	3	1	-2.79250181869694	1.013421449862143	-3.469787840080859
C1R	TMC5	7	1	-2.813651788217694	1.2450172203533785	-8.931121402249833
C1R	MDK	2	1	-2.9341977692770786	1.4490726214533727	-7.31746816000753
C1R	DHRS3	4	1	-3.0132141511398642	5.600888133863204	-3.9534676536258573
C1R	COL7A1	4	1	-3.0241589738602856	3.3632066652314756	-7.199769269500289
C1R	CXCL8	8	1	-3.1933074487984525	3.2366661441023217	-7.124016357883686
C1R	KCNK1	10	1	-3.2566066359725623	0.6044802161948393	-6.043152338788304
C1R	CYSTM1	4	1	-3.4620516140935313	2.145224748871796	-5.381515919215719
C1R	CALML5	2	1	-3.4684468026050705	0.14606009255468203	-7.0829536977648235
C1R	GOLM1	3	1	-3.4790929677229068	3.0013429409320147	-6.645562867497815
C1R	UBD	4	1	-3.5062324501747035	8.564424137049517	-6.166095851914899
C1R	ALDH3A1	2	1	-3.5254443083597855	1.7024829380099529	-8.753371554729524
C1R	KRT13	3	1	-3.5790155787307243	0.20041433357850377	-4.5084137464152985
C1R	MUC16	4	1	-3.5923202294356416	2.244685801131653	-6.3179310342977395
C1R	MUC3A	5	1	-3.6848784793599796	3.0883786144697947	-4.6411941399013985
C1R	PSCA	8	1	-3.7669142008245142	1.4501500118578612	-7.349912490323386
C1R	CLDN4	7	1	-3.868275673318381	2.170856392610315	-9.202596631237979
C1R	ABCC3	6	1	-4.146262806040722	1.0060437825918789	-9.022574124948946
C1R	MYRF	3	1	-4.159194027364016	2.5912235850255323	-5.672341986210665
C1R	KRT14	2	1	-4.184240769459088	1.0034136896647758	-9.371895228582952
C1R	SDC1	5	1	-4.302296072669767	3.289987709616037	-7.500073158688078
C1R	OCIAD2	4	1	-4.350163685187388	0.6795327688122395	-9.308882093113683
C1R	PLAAT4	3	1	-4.354891918032307	3.296760062097659	-7.1917836205827825
C1R	LCN2	10	1	-4.362173449125887	4.04155550925159	-7.846800742713381
C1R	SNCG	3	1	-4.427465075821482	6.261563112594241	-4.884764560717775
C1R	FXYD3	8	1	-4.454923853615153	7.590746157611115	-9.216904517306228
C1R	PFKFB3	3	1	-4.486021742618614	9.163834917024925	-5.032377689816943
C1R	MUC1	8	1	-4.515906213240981	1.086031321574237	-8.168696079930903
C1R	MLPH	7	1	-4.52670573560591	1.59726799941295	-11.315712682377928
C1R	S100P	8	1	-4.535848402941804	1.8958169354195915	-9.574560421886364
C1R	ITGB8	3	1	-4.607907134975551	0.19330462617004165	-5.288574597354539
C1R	SYT8	7	1	-4.696306923252811	5.673719117940412	-10.218868367363534
C1R	ATP1B1	7	1	-4.699455551778516	1.8965131381828044	-9.692974446288531
C1R	SLPI	10	1	-4.716685561669291	0.9370920089922913	-8.306863970312524
C1R	ANO1	5	1	-4.717307412773099	4.460917997544686	-9.30931686974101
C1R	KRT8	7	1	-4.768886249560602	1.5487657620956674	-7.568912097698272
C1R	LAD1	6	1	-4.879636495363381	7.242054934028548	-9.95085052007962
C1R	CD55	5	1	-4.905062948167517	3.3863951184708254	-8.845015766788082
C1R	ID1	6	1	-4.917991729395084	0.8168920641541064	-10.513000703842557
C1R	TGM2	4	1	-4.924716044429767	6.825555492646486	-5.6974065828789255
C1R	TSPAN1	7	1	-4.983985945127966	0.8892515818282836	-9.25328692058163
C1R	C19orf33	10	1	-5.055878783238693	0.7541950925234219	-9.08855504326258
C1R	RAB25	3	1	-5.092965870233971	4.950286687222551	-10.023881147473459
C1R	S100A4	5	1	-5.1372749472311865	2.877285472850098	-6.880169320435179
C1R	EPCAM	7	1	-5.156132803277243	3.4414745927727908	-9.573790593736367
C1R	ITGB4	9	1	-5.415467146533355	0.7901107851772093	-9.490544750646013
C1R	KRT18	9	1	-5.431562509230902	0.7038945177674456	-9.276319204882553
C1R	TACSTD2	7	1	-5.730839549106578	7.01559539775727	-9.486726420538812
C1R	CDH1	5	1	-5.81689270316893	8.511907938257416	-6.4375529306384305
C1R	KRT7	9	1	-5.83349338274628	0.05691624195730352	-7.90206758943663
C1R	UGT1A6	3	1	-5.891112704398982	0.10089887518084432	-9.115833151285011
C1R	KLK10	4	1	-5.921164922174224	0.04067462204353611	-10.497170839413172
C1R	CLDN1	3	1	-6.007969045064424	5.2316160574830235	-9.8220859076731
C1R	PGAP1	1	0	-0.013622170057847726	-0.013622170057847726	-0.013622170057847726
C1R	CNFN	1	0	-0.017968433412293244	-0.017968433412293244	-0.017968433412293244
C1R	CYP11A1	1	0	-0.02180700818861117	-0.02180700818861117	-0.02180700818861117
C1R	CYP19A1	1	0	-0.023791713893873332	-0.023791713893873332	-0.023791713893873332
C1R	HOXA5	1	0	-0.03112470144933086	-0.03112470144933086	-0.03112470144933086
C1R	ADH1C	1	0	-0.056147884123986476	-0.056147884123986476	-0.056147884123986476
C1R	CCL27	1	0	-0.060809292229289214	-0.060809292229289214	-0.060809292229289214
C1R	BNIPL	1	0	-0.0628967102602658	-0.0628967102602658	-0.0628967102602658
C1R	MYH9	1	0	-0.06860454974978644	-0.06860454974978644	-0.06860454974978644
C1R	ITLN1	1	0	-0.06976667674525629	-0.06976667674525629	-0.06976667674525629
C1R	LONRF2	1	0	-0.07358796633116271	-0.07358796633116271	-0.07358796633116271
C1R	RNF128	1	0	-0.07839938797286342	-0.07839938797286342	-0.07839938797286342
C1R	IGLV4-60	1	0	-0.09425996267863289	-0.09425996267863289	-0.09425996267863289
C1R	HABP2	1	0	-0.10093856393426873	-0.10093856393426873	-0.10093856393426873
C1R	LRP4	1	0	-0.10221919200528994	-0.10221919200528994	-0.10221919200528994
C1R	ATP4A	1	0	-0.10550840716415572	-0.10550840716415572	-0.10550840716415572
C1R	SLC16A9	1	0	-0.11078929567714799	-0.11078929567714799	-0.11078929567714799
C1R	WDR72	1	0	-0.12266252069692474	-0.12266252069692474	-0.12266252069692474
C1R	HIST1H2AB	1	0	-0.12360127198793579	-0.12360127198793579	-0.12360127198793579
C1R	IVL	1	0	-0.12689136777070445	-0.12689136777070445	-0.12689136777070445
C1R	MSMB	1	0	-0.1310065496927015	-0.1310065496927015	-0.1310065496927015
C1R	KRT73	1	0	-0.13757180387192627	-0.13757180387192627	-0.13757180387192627
C1R	MGARP	1	0	-0.13953537561131532	-0.13953537561131532	-0.13953537561131532
C1R	COLGALT2	1	0	-0.14491986914119412	-0.14491986914119412	-0.14491986914119412
C1R	PRIMA1	1	0	-0.1645482472353695	-0.1645482472353695	-0.1645482472353695
C1R	GALNT4	1	0	-0.16472920773536984	-0.16472920773536984	-0.16472920773536984
C1R	SPATA20	1	0	-0.1749436458920316	-0.1749436458920316	-0.1749436458920316
C1R	DSC1	1	0	-0.18359931052912426	-0.18359931052912426	-0.18359931052912426
C1R	MX2	1	0	-0.18697746798165613	-0.18697746798165613	-0.18697746798165613
C1R	PI3	1	0	-0.20583612260514966	-0.20583612260514966	-0.20583612260514966
C1R	LDLR	1	0	-0.2062953536927482	-0.2062953536927482	-0.2062953536927482
C1R	ADCY5	1	0	-0.2285244630020861	-0.2285244630020861	-0.2285244630020861
C1R	NCSTN	1	0	-0.2354585540261867	-0.2354585540261867	-0.2354585540261867
C1R	C2CD2	1	0	-0.23995856146787797	-0.23995856146787797	-0.23995856146787797
C1R	IFNGR2	1	0	-0.24212966197981348	-0.24212966197981348	-0.24212966197981348
C1R	NRXN3	1	0	-0.24770897158829006	-0.24770897158829006	-0.24770897158829006
C1R	DNAJC12	1	0	-0.2608392265207494	-0.2608392265207494	-0.2608392265207494
C1R	NR1I2	1	0	-0.28686299700551604	-0.28686299700551604	-0.28686299700551604
C1R	KRT1	1	0	-0.29130981508258835	-0.29130981508258835	-0.29130981508258835
C1R	PLA2G10	1	0	-0.2987408141538282	-0.2987408141538282	-0.2987408141538282
C1R	RORA	1	0	-0.3030432655779905	-0.3030432655779905	-0.3030432655779905
C1R	RCAN2	1	0	-0.3139351154805984	-0.3139351154805984	-0.3139351154805984
C1R	CFL2	2	0	-0.31532608374131066	-0.09281577540611836	-0.5378363920765029
C1R	C12orf75	1	0	-0.32401809342938226	-0.32401809342938226	-0.32401809342938226
C1R	EPS8L3	1	0	-0.3354457883112139	-0.3354457883112139	-0.3354457883112139
C1R	CASP14	1	0	-0.3430900163628601	-0.3430900163628601	-0.3430900163628601
C1R	FNDC4	1	0	-0.3436404717396537	-0.3436404717396537	-0.3436404717396537
C1R	LAMB4	1	0	-0.3452686104432044	-0.3452686104432044	-0.3452686104432044
C1R	TINCR	1	0	-0.3586481774705876	-0.3586481774705876	-0.3586481774705876
C1R	LYPD3	1	0	-0.3648910343911161	-0.3648910343911161	-0.3648910343911161
C1R	AQP9	1	0	-0.3653221374349084	-0.3653221374349084	-0.3653221374349084
C1R	FGF9	1	0	-0.36539074285894574	-0.36539074285894574	-0.36539074285894574
C1R	IYD	1	0	-0.3812710039193019	-0.3812710039193019	-0.3812710039193019
C1R	S100G	3	0	-0.3836708376685396	-0.20591833965022832	-2.208046500969648
C1R	ZNF460	1	0	-0.38600054213451296	-0.38600054213451296	-0.38600054213451296
C1R	CASP5	1	0	-0.38725437860789885	-0.38725437860789885	-0.38725437860789885
C1R	PKIG	1	0	-0.39601664967791833	-0.39601664967791833	-0.39601664967791833
C1R	LUC7L3	1	0	-0.4098095903375115	-0.4098095903375115	-0.4098095903375115
C1R	TRIM54	1	0	-0.4236138713077662	-0.4236138713077662	-0.4236138713077662
C1R	MAB21L4	1	0	-0.42758200359055054	-0.42758200359055054	-0.42758200359055054
C1R	NSG1	1	0	-0.43241103264534614	-0.43241103264534614	-0.43241103264534614
C1R	SVIL	1	0	-0.43350062014337065	-0.43350062014337065	-0.43350062014337065
C1R	UGT2A3	1	0	-0.43743290395642936	-0.43743290395642936	-0.43743290395642936
C1R	MOGAT1	1	0	-0.4397103536127185	-0.4397103536127185	-0.4397103536127185
C1R	ZBTB21	1	0	-0.44206359157282293	-0.44206359157282293	-0.44206359157282293
C1R	SRSF2	1	0	-0.4555001531688716	-0.4555001531688716	-0.4555001531688716
C1R	FAM83D	2	0	-0.45589866492949854	-0.15052234531173758	-0.7612749845472595
C1R	CALB2	2	0	-0.4698114877800299	-0.3576260800244493	-0.5819968955356105
C1R	SLC6A9	2	0	-0.4801295162851796	-0.2222285087309297	-0.7380305238394295
C1R	ALAS1	1	0	-0.4829299222285942	-0.4829299222285942	-0.4829299222285942
C1R	POU3F1	1	0	-0.48942067875381223	-0.48942067875381223	-0.48942067875381223
C1R	SLC44A4	3	0	-0.4921626132635182	-0.1093240803748846	-4.6261436347120695
C1R	DEGS1	1	0	-0.49350656675657706	-0.49350656675657706	-0.49350656675657706
C1R	GSTA4	1	0	-0.5030568167480441	-0.5030568167480441	-0.5030568167480441
C1R	GEM	1	0	-0.5117359873527354	-0.5117359873527354	-0.5117359873527354
C1R	SLC35D3	1	0	-0.5136593094784745	-0.5136593094784745	-0.5136593094784745
C1R	ABTB2	1	0	-0.514495666946979	-0.514495666946979	-0.514495666946979
C1R	CXCL10	1	0	-0.5159437709071081	-0.5159437709071081	-0.5159437709071081
C1R	FA2H	1	0	-0.5231678107521044	-0.5231678107521044	-0.5231678107521044
C1R	PIP	1	0	-0.5277826538694229	-0.5277826538694229	-0.5277826538694229
C1R	FABP1	1	0	-0.5318144227492241	-0.5318144227492241	-0.5318144227492241
C1R	CCDC198	1	0	-0.5435473244793071	-0.5435473244793071	-0.5435473244793071
C1R	DLX3	1	0	-0.5454146473676238	-0.5454146473676238	-0.5454146473676238
C1R	CLCA1	1	0	-0.5472723773737357	-0.5472723773737357	-0.5472723773737357
C1R	HS3ST2	1	0	-0.5534218854981253	-0.5534218854981253	-0.5534218854981253
C1R	ATP1A2	1	0	-0.5556208530276061	-0.5556208530276061	-0.5556208530276061
C1R	HNF4A	1	0	-0.5565823313826379	-0.5565823313826379	-0.5565823313826379
C1R	SLC3A1	1	0	-0.558992345812811	-0.558992345812811	-0.558992345812811
C1R	CERS3	1	0	-0.5617122429338737	-0.5617122429338737	-0.5617122429338737
C1R	NKAIN1	1	0	-0.5695130309259526	-0.5695130309259526	-0.5695130309259526
C1R	KCNQ1	1	0	-0.5821280336524653	-0.5821280336524653	-0.5821280336524653
C1R	ANKRD37	1	0	-0.6172411897593185	-0.6172411897593185	-0.6172411897593185
C1R	GRHL3	1	0	-0.621083148518319	-0.621083148518319	-0.621083148518319
C1R	DUOXA1	1	0	-0.6523003216737321	-0.6523003216737321	-0.6523003216737321
C1R	FN3K	1	0	-0.6620086387088935	-0.6620086387088935	-0.6620086387088935
C1R	ASB2	1	0	-0.6635913293038496	-0.6635913293038496	-0.6635913293038496
C1R	KRT4	1	0	-0.6862879000322141	-0.6862879000322141	-0.6862879000322141
C1R	HSD11B2	2	0	-0.6966865551281121	-0.35084070796807115	-1.042532402288153
C1R	MAPK15	1	0	-0.7426128229629871	-0.7426128229629871	-0.7426128229629871
C1R	DSC3	1	0	-0.7446080788236861	-0.7446080788236861	-0.7446080788236861
C1R	TBX3	1	0	-0.7471546288794357	-0.7471546288794357	-0.7471546288794357
C1R	FTH1	1	0	-0.7515207659858659	-0.7515207659858659	-0.7515207659858659
C1R	SCN9A	1	0	-0.775153263829513	-0.775153263829513	-0.775153263829513
C1R	MAPK4	1	0	-0.7795510441477788	-0.7795510441477788	-0.7795510441477788
C1R	NOS2	1	0	-0.7817055122885752	-0.7817055122885752	-0.7817055122885752
C1R	MFSD11	1	0	-0.7831785197536958	-0.7831785197536958	-0.7831785197536958
C1R	SPRR2G	1	0	-0.7867771492496599	-0.7867771492496599	-0.7867771492496599
C1R	CHRM2	1	0	-0.7937963358465668	-0.7937963358465668	-0.7937963358465668
C1R	FGFR3	2	0	-0.8097875633543812	-0.6367739493851738	-0.9828011773235886
C1R	EHF	1	0	-0.8188571913888799	-0.8188571913888799	-0.8188571913888799
C1R	FLG2	1	0	-0.8193453448898247	-0.8193453448898247	-0.8193453448898247
C1R	TAF11L2	1	0	-0.8223829833506493	-0.8223829833506493	-0.8223829833506493
C1R	NR5A1	1	0	-0.8351836803245529	-0.8351836803245529	-0.8351836803245529
C1R	CLEC2A	1	0	-0.8400129779414337	-0.8400129779414337	-0.8400129779414337
C1R	MRAP	1	0	-0.8422528428849086	-0.8422528428849086	-0.8422528428849086
C1R	EMP1	1	0	-0.8788186841341556	-0.8788186841341556	-0.8788186841341556
C1R	RGMA	2	0	-0.8813703206322133	-0.2861131096015535	-1.4766275316628732
C1R	SLURP1	1	0	-0.8843638031920795	-0.8843638031920795	-0.8843638031920795
C1R	IFIT2	1	0	-0.9018765218744643	-0.9018765218744643	-0.9018765218744643
C1R	TP53INP2	1	0	-0.9071707069005424	-0.9071707069005424	-0.9071707069005424
C1R	FDXR	1	0	-0.9144935039014954	-0.9144935039014954	-0.9144935039014954
C1R	SHANK3	1	0	-0.923102236034282	-0.923102236034282	-0.923102236034282
C1R	TPD52L1	1	0	-0.9309149307112842	-0.9309149307112842	-0.9309149307112842
C1R	CAPN12	1	0	-0.9380204943748172	-0.9380204943748172	-0.9380204943748172
C1R	DUOX1	1	0	-0.9490975657888931	-0.9490975657888931	-0.9490975657888931
C1R	FAM222A	1	0	-0.9513398930850613	-0.9513398930850613	-0.9513398930850613
C1R	DMKN	1	0	-0.9613738748480118	-0.9613738748480118	-0.9613738748480118
C1R	PLA2G4F	1	0	-0.9744759815716224	-0.9744759815716224	-0.9744759815716224
C1R	KRT80	1	0	-0.9802554445108222	-0.9802554445108222	-0.9802554445108222
C1R	ATP6V1C2	1	0	-0.9997746255040846	-0.9997746255040846	-0.9997746255040846
C1R	NRARP	1	0	-1.0037096218033148	-1.0037096218033148	-1.0037096218033148
C1R	ZC3H12A	1	0	-1.0092594911354504	-1.0092594911354504	-1.0092594911354504
C1R	NECTIN4	1	0	-1.0131151348038563	-1.0131151348038563	-1.0131151348038563
C1R	FLNC	1	0	-1.0134714162875371	-1.0134714162875371	-1.0134714162875371
C1R	ANKRD40CL	1	0	-1.022550121761725	-1.022550121761725	-1.022550121761725
C1R	CDSN	2	0	-1.0249189568087649	-0.898309749884692	-1.1515281637328378
C1R	MAP1B	1	0	-1.052859069557476	-1.052859069557476	-1.052859069557476
C1R	IL1RN	1	0	-1.058081081024245	-1.058081081024245	-1.058081081024245
C1R	SCGB3A1	1	0	-1.0648612043959365	-1.0648612043959365	-1.0648612043959365
C1R	PRPH	1	0	-1.071896608578924	-1.071896608578924	-1.071896608578924
C1R	ONECUT2	3	0	-1.0988970129227902	-0.7740329832197697	-5.090514077502376
C1R	AS3MT	1	0	-1.1057495120642187	-1.1057495120642187	-1.1057495120642187
C1R	CYP1A1	1	0	-1.116086127290627	-1.116086127290627	-1.116086127290627
C1R	AADAC	1	0	-1.129914392349698	-1.129914392349698	-1.129914392349698
C1R	WASF2	1	0	-1.1312633824797613	-1.1312633824797613	-1.1312633824797613
C1R	ACTL8	1	0	-1.1391652135994508	-1.1391652135994508	-1.1391652135994508
C1R	FCGR2B	2	0	-1.1432861876611629	-0.9430879866966557	-1.3434843886256702
C1R	SEL1L3	1	0	-1.1444789149179144	-1.1444789149179144	-1.1444789149179144
C1R	PEG3	1	0	-1.1545012745238201	-1.1545012745238201	-1.1545012745238201
C1R	CLDN6	1	0	-1.1879108403308736	-1.1879108403308736	-1.1879108403308736
C1R	KIF26B	1	0	-1.206439930641566	-1.206439930641566	-1.206439930641566
C1R	ALDH3A2	1	0	-1.2071078408323703	-1.2071078408323703	-1.2071078408323703
C1R	IGFL3	1	0	-1.2083099994691002	-1.2083099994691002	-1.2083099994691002
C1R	PSMA7	1	0	-1.2096139435602193	-1.2096139435602193	-1.2096139435602193
C1R	SFTA2	3	0	-1.2152793266676014	-0.8961563792557696	-4.936471339388625
C1R	ITGA8	1	0	-1.233814991058991	-1.233814991058991	-1.233814991058991
C1R	GRIA3	1	0	-1.2412530191222038	-1.2412530191222038	-1.2412530191222038
C1R	CRIM1	1	0	-1.249968960405017	-1.249968960405017	-1.249968960405017
C1R	SMTN	1	0	-1.2626293889896778	-1.2626293889896778	-1.2626293889896778
C1R	OASL	1	0	-1.2765021696079955	-1.2765021696079955	-1.2765021696079955
C1R	NPC1	1	0	-1.2783368707502234	-1.2783368707502234	-1.2783368707502234
C1R	CTNNBIP1	1	0	-1.2901655536847263	-1.2901655536847263	-1.2901655536847263
C1R	MAP3K20	1	0	-1.2936418105340735	-1.2936418105340735	-1.2936418105340735
C1R	CASP9	1	0	-1.3045590342255102	-1.3045590342255102	-1.3045590342255102
C1R	KRT81	1	0	-1.310818653751735	-1.310818653751735	-1.310818653751735
C1R	CCL15	1	0	-1.3158661786590566	-1.3158661786590566	-1.3158661786590566
C1R	ZNF503	1	0	-1.3177392249017206	-1.3177392249017206	-1.3177392249017206
C1R	IFIT1	1	0	-1.3311487178925017	-1.3311487178925017	-1.3311487178925017
C1R	WFDC5	1	0	-1.3370634544826163	-1.3370634544826163	-1.3370634544826163
C1R	C3orf70	1	0	-1.3408173410388329	-1.3408173410388329	-1.3408173410388329
C1R	CCL28	1	0	-1.3470409075669394	-1.3470409075669394	-1.3470409075669394
C1R	ANXA10	3	0	-1.379223352914373	-0.2847207611181003	-3.36806854893657
C1R	CD24	2	0	-1.3924417049548417	-0.45065547035398396	-2.3342279395556993
C1R	BAIAP2L2	2	0	-1.3967313610422813	-0.05263628795064324	-2.7408264341339192
C1R	IFI44L	3	0	-1.3979518365158403	-1.0787321245978019	-3.694330423124655
C1R	EPS8L2	1	0	-1.4169293658219713	-1.4169293658219713	-1.4169293658219713
C1R	PLAT	3	0	-1.42333872122953	-1.163045136681674	-4.297780556655936
C1R	SEMA3D	1	0	-1.4347042719123344	-1.4347042719123344	-1.4347042719123344
C1R	RBPMS2	2	0	-1.449632267049209	-0.9679668615695178	-1.9312976725289002
C1R	SORBS2	1	0	-1.4558292553804926	-1.4558292553804926	-1.4558292553804926
C1R	CAMK2N2	1	0	-1.465455941231144	-1.465455941231144	-1.465455941231144
C1R	LPCAT4	1	0	-1.4849712560749566	-1.4849712560749566	-1.4849712560749566
C1R	TRIM2	1	0	-1.50334792074157	-1.50334792074157	-1.50334792074157
C1R	QPCT	1	0	-1.5134990107875397	-1.5134990107875397	-1.5134990107875397
C1R	TP63	1	0	-1.5194845121763254	-1.5194845121763254	-1.5194845121763254
C1R	KDM6A	1	0	-1.5231404338416863	-1.5231404338416863	-1.5231404338416863
C1R	NGEF	1	0	-1.5563891515899528	-1.5563891515899528	-1.5563891515899528
C1R	CEACAM7	3	0	-1.5717185983763151	-1.1421060795048157	-3.173219163299684
C1R	WHRN	1	0	-1.5767584865025415	-1.5767584865025415	-1.5767584865025415
C1R	HMCN2	1	0	-1.5777145472980245	-1.5777145472980245	-1.5777145472980245
C1R	ASB4	1	0	-1.5910872279657533	-1.5910872279657533	-1.5910872279657533
C1R	SCTR	2	0	-1.5963191837561421	-0.9692964404433302	-2.223341927068954
C1R	SLC12A7	1	0	-1.6136831196406578	-1.6136831196406578	-1.6136831196406578
C1R	CTSE	8	0	-1.6155006765176472	-0.2187470285972861	-5.4828455247828884
C1R	BAIAP2L1	1	0	-1.6231250537841344	-1.6231250537841344	-1.6231250537841344
C1R	REG1B	3	0	-1.642578177226702	-0.21176540095976115	-4.52805340712734
C1R	JPH2	2	0	-1.6480111366018833	-0.18291935715277008	-3.1131029160509964
C1R	CUZD1	1	0	-1.6495330485077575	-1.6495330485077575	-1.6495330485077575
C1R	GPX4	1	0	-1.655359407437785	-1.655359407437785	-1.655359407437785
C1R	DEGS2	1	0	-1.6621418713773881	-1.6621418713773881	-1.6621418713773881
C1R	CYB5B	1	0	-1.685257185044664	-1.685257185044664	-1.685257185044664
C1R	ACSM3	1	0	-1.693029015252807	-1.693029015252807	-1.693029015252807
C1R	CDHR2	1	0	-1.6984684090935538	-1.6984684090935538	-1.6984684090935538
C1R	SLC2A4	1	0	-1.7182895312519728	-1.7182895312519728	-1.7182895312519728
C1R	TENT5B	1	0	-1.7281575165684635	-1.7281575165684635	-1.7281575165684635
C1R	NCOA7	1	0	-1.7395665422164548	-1.7395665422164548	-1.7395665422164548
C1R	CA2	3	0	-1.7430958758958062	-0.05518502919945353	-3.911811188842255
C1R	DSG3	1	0	-1.7614744599757983	-1.7614744599757983	-1.7614744599757983
C1R	RBBP7	1	0	-1.7719860072477773	-1.7719860072477773	-1.7719860072477773
C1R	PTN	1	0	-1.7724025125047178	-1.7724025125047178	-1.7724025125047178
C1R	ADARB1	1	0	-1.7909566257485854	-1.7909566257485854	-1.7909566257485854
C1R	ACHE	2	0	-1.808090878424521	-0.3461975100862499	-3.2699842467627924
C1R	EPPK1	2	0	-1.8091182330339248	-0.6074395210670368	-3.0107969450008127
C1R	NECTIN2	1	0	-1.8094081026380096	-1.8094081026380096	-1.8094081026380096
C1R	CEACAM5	5	0	-1.827479123287733	-0.7867433371176815	-8.140754105323827
C1R	SCIN	1	0	-1.834478238605644	-1.834478238605644	-1.834478238605644
C1R	AMDHD1	1	0	-1.8348427394115012	-1.8348427394115012	-1.8348427394115012
C1R	CHP2	1	0	-1.8467570739033643	-1.8467570739033643	-1.8467570739033643
C1R	CPA1	3	0	-1.8551725182002599	-0.02802087952994834	-4.873256833759425
C1R	MDFI	1	0	-1.858265548647505	-1.858265548647505	-1.858265548647505
C1R	CLMP	1	0	-1.8585653782024403	-1.8585653782024403	-1.8585653782024403
C1R	DAPL1	1	0	-1.8610534695827265	-1.8610534695827265	-1.8610534695827265
C1R	SYT13	1	0	-1.8682302572108098	-1.8682302572108098	-1.8682302572108098
C1R	PITX1	1	0	-1.887419771986415	-1.887419771986415	-1.887419771986415
C1R	PTPA	1	0	-1.8932675159705283	-1.8932675159705283	-1.8932675159705283
C1R	ENO1	2	0	-1.8993695554979557	-1.6621342572062205	-2.1366048537896907
C1R	MUCL3	2	0	-1.9036560655749175	-0.9050790610855484	-2.9022330700642867
C1R	CXCL11	1	0	-1.9208725842503693	-1.9208725842503693	-1.9208725842503693
C1R	SLC1A2	1	0	-1.9211784357613089	-1.9211784357613089	-1.9211784357613089
C1R	ISG15	5	0	-1.9293631842068528	-0.016932638704607955	-6.546580938083852
C1R	TFPI2	1	0	-1.950576127250648	-1.950576127250648	-1.950576127250648
C1R	TRPV6	1	0	-1.9622312199639529	-1.9622312199639529	-1.9622312199639529
C1R	GREM2	1	0	-1.9675525520515662	-1.9675525520515662	-1.9675525520515662
C1R	PPP1R15A	2	0	-1.9779926683563138	-1.2981067264537918	-2.657878610258836
C1R	CTSB	2	0	-2.015318562742502	-0.6212742008640562	-3.4093629246209476
C1R	SYNM	2	0	-2.020821751886433	-1.2914990983948365	-2.750144405378029
C1R	TFCP2L1	2	0	-2.0243486973336786	-1.5477376550752941	-2.500959739592063
C1R	MUC5AC	4	0	-2.0274869397152244	-0.29671600031391326	-5.210079257166103
C1R	RGS9	1	0	-2.0313344895259013	-2.0313344895259013	-2.0313344895259013
C1R	RBM42	1	0	-2.0463254615931237	-2.0463254615931237	-2.0463254615931237
C1R	ACTC1	1	0	-2.048458690039696	-2.048458690039696	-2.048458690039696
C1R	CACNA1H	1	0	-2.050738029813458	-2.050738029813458	-2.050738029813458
C1R	PHGR1	2	0	-2.056854149397321	-1.0389322360771647	-3.0747760627174774
C1R	ENO2	1	0	-2.0764415142227914	-2.0764415142227914	-2.0764415142227914
C1R	INSIG1	1	0	-2.095296562562908	-2.095296562562908	-2.095296562562908
C1R	STRA6	2	0	-2.123557530715998	-0.32324587397192445	-3.9238691874600717
C1R	MIF	2	0	-2.1356566887442856	-1.088648763328687	-3.182664614159884
C1R	PHGDH	1	0	-2.154665530025364	-2.154665530025364	-2.154665530025364
C1R	ALDH1A3	1	0	-2.184759425961899	-2.184759425961899	-2.184759425961899
C1R	PSD	1	0	-2.193910011302341	-2.193910011302341	-2.193910011302341
C1R	TCP1	1	0	-2.204657245428247	-2.204657245428247	-2.204657245428247
C1R	ENTPD2	1	0	-2.22365670151443	-2.22365670151443	-2.22365670151443
C1R	ARL14	2	0	-2.2278605185336784	-0.29889330897163396	-4.156827728095723
C1R	SMIM24	2	0	-2.228227601633263	-0.6604561663988017	-3.795999036867725
C1R	MX1	2	0	-2.228373536978313	-2.211999546741504	-2.244747527215121
C1R	BHLHA15	1	0	-2.2466751640851905	-2.2466751640851905	-2.2466751640851905
C1R	MC2R	1	0	-2.2485306842205395	-2.2485306842205395	-2.2485306842205395
C1R	FER1L6	2	0	-2.249848449069745	-0.3725110348877808	-4.127185863251709
C1R	PNLIPRP1	2	0	-2.252571763984049	-0.5485273127771326	-3.9566162151909654
C1R	PLCH2	1	0	-2.2579493073546804	-2.2579493073546804	-2.2579493073546804
C1R	SLC12A2	1	0	-2.2729857629896553	-2.2729857629896553	-2.2729857629896553
C1R	GOT1	1	0	-2.2745416792337734	-2.2745416792337734	-2.2745416792337734
C1R	TM7SF2	1	0	-2.280684683981594	-2.280684683981594	-2.280684683981594
C1R	ST3GAL4	1	0	-2.3029037926159313	-2.3029037926159313	-2.3029037926159313
C1R	PRSS3	1	0	-2.305087192618524	-2.305087192618524	-2.305087192618524
C1R	TM4SF20	1	0	-2.306534448342041	-2.306534448342041	-2.306534448342041
C1R	ADAMTS16	2	0	-2.3368278368407447	-0.5541304216360534	-4.1195252520454355
C1R	MUC17	3	0	-2.3733093423086435	-0.14594593556580046	-2.436827166139164
C1R	ACER2	1	0	-2.38215080945944	-2.38215080945944	-2.38215080945944
C1R	CAPN8	2	0	-2.390635735602201	-0.04388983829924892	-4.737381632905153
C1R	PRRC2C	2	0	-2.410775186125968	-0.35094668430346365	-4.470603687948473
C1R	AQP5	3	0	-2.4272780167956762	-0.9490773581333575	-2.819699729587443
C1R	WNK1	1	0	-2.431086152909215	-2.431086152909215	-2.431086152909215
C1R	PLK3	1	0	-2.4344379837305197	-2.4344379837305197	-2.4344379837305197
C1R	SFRP5	1	0	-2.4682650619754805	-2.4682650619754805	-2.4682650619754805
C1R	KIF1C	1	0	-2.4766335547971514	-2.4766335547971514	-2.4766335547971514
C1R	PIK3C2G	2	0	-2.479140353483091	-0.22347112330743263	-4.734809583658749
C1R	ADAMTS12	1	0	-2.4937618976424134	-2.4937618976424134	-2.4937618976424134
C1R	TRIM59	1	0	-2.508646351514605	-2.508646351514605	-2.508646351514605
C1R	LMO7	3	0	-2.5086855218318354	-1.9491328100676002	-5.105692088981387
C1R	F5	2	0	-2.5140378801901724	-1.2108980668372313	-3.817177693543113
C1R	PLOD2	1	0	-2.5159763595141285	-2.5159763595141285	-2.5159763595141285
C1R	FAM3D	2	0	-2.523367317992822	-0.4378658136971479	-4.608868822288496
C1R	CRCT1	1	0	-2.5427924108313724	-2.5427924108313724	-2.5427924108313724
C1R	NOP53	1	0	-2.5576685963678027	-2.5576685963678027	-2.5576685963678027
C1R	ARHGDIA	1	0	-2.5950220786464007	-2.5950220786464007	-2.5950220786464007
C1R	PRSS8	2	0	-2.60904852557323	-1.1855619722779864	-4.032535078868474
C1R	TNNT1	1	0	-2.6093879770561736	-2.6093879770561736	-2.6093879770561736
C1R	ARGLU1	2	0	-2.6184893833068568	-1.1763718509941052	-4.0606069156196085
C1R	SHB	1	0	-2.620230610438542	-2.620230610438542	-2.620230610438542
C1R	PLA2G1B	2	0	-2.636041661260548	-1.6360612217662707	-3.636022100754826
C1R	AMN	2	0	-2.6455092776151408	-0.5307357067320874	-4.7602828484981945
C1R	MMP1	2	0	-2.664536083968823	-0.48736228202573	-4.841709885911916
C1R	ACAT2	1	0	-2.673758801296291	-2.673758801296291	-2.673758801296291
C1R	LMNA	2	0	-2.6756444029544153	-1.929764035162524	-3.4215247707463066
C1R	CHCHD2	1	0	-2.683198455641775	-2.683198455641775	-2.683198455641775
C1R	MUC13	3	0	-2.686488651300956	-0.12079384960182031	-3.6857483687204966
C1R	ERICH5	2	0	-2.696580445229094	-1.633493687253901	-3.759667203204287
C1R	FABP4	1	0	-2.702605845551786	-2.702605845551786	-2.702605845551786
C1R	VSTM2L	2	0	-2.710224226178102	-0.8701635960712525	-4.550284856284952
C1R	TMEM97	1	0	-2.734448374848672	-2.734448374848672	-2.734448374848672
C1R	MT1H	1	0	-2.7346022170456656	-2.7346022170456656	-2.7346022170456656
C1R	SLC9A3R1	1	0	-2.737258446447899	-2.737258446447899	-2.737258446447899
C1R	FUT2	2	0	-2.7722825669209143	-0.7533333510770394	-4.79123178276479
C1R	ITGA2	2	0	-2.8067317562710032	-1.325746232894875	-4.287717279647132
C1R	PDZK1IP1	7	0	-2.809734949875121	-0.4821949299103355	-5.192347736264511
C1R	LSS	1	0	-2.888768472713178	-2.888768472713178	-2.888768472713178
C1R	TM4SF4	3	0	-2.9123319976998827	-1.5198628621629524	-4.718822597159117
C1R	GP2	2	0	-2.9284785388092702	-1.2146088418537802	-4.64234823576476
C1R	TRNP1	4	0	-2.933016891023163	-1.7681762249543114	-4.95006445217415
C1R	NDRG1	1	0	-2.9612990531358023	-2.9612990531358023	-2.9612990531358023
C1R	SLC5A1	1	0	-2.9948766169062906	-2.9948766169062906	-2.9948766169062906
C1R	BNIP3L	2	0	-3.013925419169186	-2.9661291764661097	-3.061721661872262
C1R	MYL12B	1	0	-3.0264080365356794	-3.0264080365356794	-3.0264080365356794
C1R	ENAH	1	0	-3.0352367481243645	-3.0352367481243645	-3.0352367481243645
C1R	CHPF	1	0	-3.0373671639744537	-3.0373671639744537	-3.0373671639744537
C1R	CEACAM1	1	0	-3.037395114369991	-3.037395114369991	-3.037395114369991
C1R	BCAM	3	0	-3.0410616529730143	-0.9611927768080514	-4.6491904860030475
C1R	FADS2	1	0	-3.0497087249999546	-3.0497087249999546	-3.0497087249999546
C1R	MGST1	1	0	-3.066591090589584	-3.066591090589584	-3.066591090589584
C1R	PLXNB2	1	0	-3.0675905702612707	-3.0675905702612707	-3.0675905702612707
C1R	TMED2	1	0	-3.069066499367627	-3.069066499367627	-3.069066499367627
C1R	LIF	2	0	-3.070201827752233	-0.9739170623272332	-5.166486593177233
C1R	HSPA5	2	0	-3.082327733210687	-0.5493827725237902	-5.615272693897584
C1R	IFI6	4	0	-3.0989601349848064	-0.33824900731654917	-5.716058690919548
C1R	OAS3	1	0	-3.100052902573452	-3.100052902573452	-3.100052902573452
C1R	CADM1	1	0	-3.124308254814726	-3.124308254814726	-3.124308254814726
C1R	STARD4	1	0	-3.1468802088818557	-3.1468802088818557	-3.1468802088818557
C1R	MUC4	4	0	-3.1517748209389422	-0.5037760500234847	-10.04224639104012
C1R	CTRB1	3	0	-3.1720401150614475	-0.0649634032006768	-4.707934589237161
C1R	HMGCR	1	0	-3.17224528634054	-3.17224528634054	-3.17224528634054
C1R	NUAK1	1	0	-3.1776737802015633	-3.1776737802015633	-3.1776737802015633
C1R	CTRL	1	0	-3.1945962719758563	-3.1945962719758563	-3.1945962719758563
C1R	NSDHL	1	0	-3.1964875115416076	-3.1964875115416076	-3.1964875115416076
C1R	MVD	1	0	-3.197829461824887	-3.197829461824887	-3.197829461824887
C1R	IDI1	1	0	-3.2053493367597534	-3.2053493367597534	-3.2053493367597534
C1R	RBPJL	1	0	-3.2189157170513987	-3.2189157170513987	-3.2189157170513987
C1R	MORN1	1	0	-3.2191156640535112	-3.2191156640535112	-3.2191156640535112
C1R	PCDH7	2	0	-3.224692025141701	-2.1867685509406485	-4.262615499342753
C1R	LCN12	1	0	-3.2247182869252025	-3.2247182869252025	-3.2247182869252025
C1R	LY6D	4	0	-3.2253060739194197	-0.921135647231843	-6.290806838621563
C1R	POF1B	1	0	-3.2291279079324537	-3.2291279079324537	-3.2291279079324537
C1R	ARRDC3	1	0	-3.230832991874073	-3.230832991874073	-3.230832991874073
C1R	HKDC1	1	0	-3.2413720456988684	-3.2413720456988684	-3.2413720456988684
C1R	DHCR24	1	0	-3.298597891090247	-3.298597891090247	-3.298597891090247
C1R	S100A11	3	0	-3.314308611147429	-2.9333243751208964	-5.31239882178898
C1R	DHCR7	1	0	-3.3192562199680404	-3.3192562199680404	-3.3192562199680404
C1R	KLK1	1	0	-3.3407821971842098	-3.3407821971842098	-3.3407821971842098
C1R	LY6E	2	0	-3.341572753421369	-1.84416164870839	-4.838983858134348
C1R	ACSS2	1	0	-3.3489992030417555	-3.3489992030417555	-3.3489992030417555
C1R	ABHD2	1	0	-3.366271070343845	-3.366271070343845	-3.366271070343845
C1R	CCN4	1	0	-3.3846477056261546	-3.3846477056261546	-3.3846477056261546
C1R	SERPINI2	1	0	-3.3999072258829406	-3.3999072258829406	-3.3999072258829406
C1R	INSR	1	0	-3.4040755981892468	-3.4040755981892468	-3.4040755981892468
C1R	BPIFB1	2	0	-3.4172423028138748	-0.007786153566510073	-6.8266984520612395
C1R	FADS1	1	0	-3.4395617999455235	-3.4395617999455235	-3.4395617999455235
C1R	CYP2S1	1	0	-3.4456066034060577	-3.4456066034060577	-3.4456066034060577
C1R	ZFP36L1	1	0	-3.4610764309869113	-3.4610764309869113	-3.4610764309869113
C1R	NQO1	6	0	-3.4755710476052943	-1.1899928435461362	-9.285325961064297
C1R	AC007906.2	2	0	-3.4809015793880285	-3.4650575439253917	-3.496745614850665
C1R	SERINC2	3	0	-3.5058413281798346	-1.200121406459713	-8.849633596661658
C1R	CRYBG2	1	0	-3.52152585472004	-3.52152585472004	-3.52152585472004
C1R	CTRB2	3	0	-3.53668482722172	-0.4120434278808452	-4.95066077064592
C1R	EPB41L4B	1	0	-3.5479904721244853	-3.5479904721244853	-3.5479904721244853
C1R	MT1F	1	0	-3.554762667121302	-3.554762667121302	-3.554762667121302
C1R	ANXA4	3	0	-3.562209160690334	-2.335822030666481	-7.084819577027087
C1R	SLC44A1	1	0	-3.56740384638961	-3.56740384638961	-3.56740384638961
C1R	MXD1	2	0	-3.5790650442912497	-1.7312943560402874	-5.426835732542212
C1R	KRT16	4	0	-3.5866053442592083	-0.7582131834133587	-7.609211790667714
C1R	TNFRSF12A	2	0	-3.5937791402063484	-2.6188739653161135	-4.568684315096583
C1R	MSMO1	1	0	-3.603088835917718	-3.603088835917718	-3.603088835917718
C1R	CHIT1	1	0	-3.6097117985651477	-3.6097117985651477	-3.6097117985651477
C1R	CYP51A1	1	0	-3.6165070255658507	-3.6165070255658507	-3.6165070255658507
C1R	FAM3B	1	0	-3.621047347277123	-3.621047347277123	-3.621047347277123
C1R	PGK1	1	0	-3.627529550828033	-3.627529550828033	-3.627529550828033
C1R	CAPG	2	0	-3.6589059499354493	-1.9755636340938987	-5.342248265777
C1R	REG4	3	0	-3.6730883704305857	-0.12912001340102996	-4.4427207263335795
C1R	CTNNB1	1	0	-3.689648970046745	-3.689648970046745	-3.689648970046745
C1R	JUNB	2	0	-3.708682845718222	-2.1542776944701205	-5.263087996966323
C1R	C1orf116	1	0	-3.734476500827128	-3.734476500827128	-3.734476500827128
C1R	CDKN1C	1	0	-3.7371058391929175	-3.7371058391929175	-3.7371058391929175
C1R	PDZK1	1	0	-3.756080293556106	-3.756080293556106	-3.756080293556106
C1R	PRSS22	4	0	-3.7627869797122466	-0.8163279322746555	-5.360636524630213
C1R	EPHX1	1	0	-3.765857796780334	-3.765857796780334	-3.765857796780334
C1R	PSMC4	1	0	-3.7697273360476156	-3.7697273360476156	-3.7697273360476156
C1R	SLC39A4	1	0	-3.7919379528530723	-3.7919379528530723	-3.7919379528530723
C1R	GDF15	1	0	-3.7946614457302514	-3.7946614457302514	-3.7946614457302514
C1R	TFF2	6	0	-3.80688985113784	-0.433618494874149	-8.288035408049407
C1R	HSP90AA1	1	0	-3.81150830874801	-3.81150830874801	-3.81150830874801
C1R	ATP10A	1	0	-3.8189522486783734	-3.8189522486783734	-3.8189522486783734
C1R	ZNF552	1	0	-3.8191689930137676	-3.8191689930137676	-3.8191689930137676
C1R	KIAA1217	1	0	-3.8353506459391307	-3.8353506459391307	-3.8353506459391307
C1R	TNFRSF21	2	0	-3.8416791087137243	-0.9258906877393646	-6.757467529688084
C1R	WNT7A	1	0	-3.851382139642631	-3.851382139642631	-3.851382139642631
C1R	PAK4	1	0	-3.8632147530021825	-3.8632147530021825	-3.8632147530021825
C1R	ANKRD1	1	0	-3.86878728138018	-3.86878728138018	-3.86878728138018
C1R	SULT2B1	1	0	-3.8845806863020664	-3.8845806863020664	-3.8845806863020664
C1R	CARNS1	1	0	-3.8874308738205525	-3.8874308738205525	-3.8874308738205525
C1R	ANG	1	0	-3.8920593768270684	-3.8920593768270684	-3.8920593768270684
C1R	METRNL	1	0	-3.9052160474711015	-3.9052160474711015	-3.9052160474711015
C1R	SPHK1	1	0	-3.9191620752361076	-3.9191620752361076	-3.9191620752361076
C1R	ARL4C	1	0	-3.925399833343576	-3.925399833343576	-3.925399833343576
C1R	MYEOV	1	0	-3.9341386736010557	-3.9341386736010557	-3.9341386736010557
C1R	AGR2	3	0	-3.939485032832898	-0.39975613538523413	-4.856804677114882
C1R	DCBLD2	2	0	-3.9573936881479828	-3.8210527321707555	-4.09373464412521
C1R	BICDL2	1	0	-3.963101911547648	-3.963101911547648	-3.963101911547648
C1R	KRT15	3	0	-3.967251611444424	-2.0094606175806167	-5.126802461567771
C1R	BIRC7	1	0	-3.9787681137249025	-3.9787681137249025	-3.9787681137249025
C1R	ADGRF1	3	0	-3.981109044227609	-2.927664692934836	-6.616709481557773
C1R	PTK6	1	0	-3.9983288893993696	-3.9983288893993696	-3.9983288893993696
C1R	PET100	1	0	-4.003963811414165	-4.003963811414165	-4.003963811414165
C1R	PRR15L	4	0	-4.004529123270931	-1.2395233619505164	-6.06491531618215
C1R	MBOAT1	1	0	-4.020123859263762	-4.020123859263762	-4.020123859263762
C1R	CKLF	1	0	-4.021535272444014	-4.021535272444014	-4.021535272444014
C1R	IER2	1	0	-4.035554647212415	-4.035554647212415	-4.035554647212415
C1R	SGMS2	1	0	-4.038320015293744	-4.038320015293744	-4.038320015293744
C1R	AKAP7	1	0	-4.052683134188311	-4.052683134188311	-4.052683134188311
C1R	B4GALT1	1	0	-4.0628106286756305	-4.0628106286756305	-4.0628106286756305
C1R	C6orf132	1	0	-4.073104749464097	-4.073104749464097	-4.073104749464097
C1R	PADI1	4	0	-4.095286283782422	-1.2803864233064834	-6.351070261092505
C1R	ANXA2	5	0	-4.0980101130380095	-3.1781489205351434	-5.656647142288176
C1R	ADAM9	1	0	-4.09955642662442	-4.09955642662442	-4.09955642662442
C1R	CEBPG	1	0	-4.113881093377501	-4.113881093377501	-4.113881093377501
C1R	CDKN1A	2	0	-4.12267962267247	-3.235228964573084	-5.010130280771857
C1R	DDR1	2	0	-4.193428945771064	-2.2057119416587074	-6.18114594988342
C1R	RGS1	1	0	-4.205237495759863	-4.205237495759863	-4.205237495759863
C1R	CITED4	1	0	-4.209046163195814	-4.209046163195814	-4.209046163195814
C1R	PHACTR3	3	0	-4.223217224265911	-1.7787406082618917	-4.987258646190166
C1R	TC2N	1	0	-4.238621040139131	-4.238621040139131	-4.238621040139131
C1R	SCNN1A	4	0	-4.239572186359318	-1.6076544731223128	-6.195178997087022
C1R	PPL	2	0	-4.242749258209873	-1.312383360220651	-7.173115156199095
C1R	TMC4	1	0	-4.243155146076117	-4.243155146076117	-4.243155146076117
C1R	MALL	3	0	-4.260176011468702	-2.7313664336935632	-11.04673884345018
C1R	PIM3	1	0	-4.264003598688674	-4.264003598688674	-4.264003598688674
C1R	TSPAN2	1	0	-4.2657244903344145	-4.2657244903344145	-4.2657244903344145
C1R	TOB1	3	0	-4.293268536480769	-1.8121694914311766	-6.722303393048329
C1R	GPI	1	0	-4.296615644417916	-4.296615644417916	-4.296615644417916
C1R	APOL1	1	0	-4.2981586064678625	-4.2981586064678625	-4.2981586064678625
C1R	PTGES	1	0	-4.333443530561424	-4.333443530561424	-4.333443530561424
C1R	VEGFA	4	0	-4.3564800825179315	-0.5023833654872601	-5.781748263107454
C1R	LYPD2	2	0	-4.375689823938827	-4.149069764190253	-4.602309883687401
C1R	SEMA3B	2	0	-4.420002933948756	-4.025094263839711	-4.814911604057801
C1R	HS3ST1	1	0	-4.428204770029048	-4.428204770029048	-4.428204770029048
C1R	HIF3A	1	0	-4.446251284470052	-4.446251284470052	-4.446251284470052
C1R	ICA1	1	0	-4.446558202200365	-4.446558202200365	-4.446558202200365
C1R	UBE2C	1	0	-4.453743211829066	-4.453743211829066	-4.453743211829066
C1R	RHPN1	1	0	-4.463334551512359	-4.463334551512359	-4.463334551512359
C1R	EFNA1	4	0	-4.48436641179247	-0.29655475410622073	-10.469986600688046
C1R	BHLHE40	1	0	-4.48748437497637	-4.48748437497637	-4.48748437497637
C1R	CHMP2B	1	0	-4.4948502971151685	-4.4948502971151685	-4.4948502971151685
C1R	ZNF185	1	0	-4.506834415383226	-4.506834415383226	-4.506834415383226
C1R	ERO1A	2	0	-4.515276814907697	-4.376146100432539	-4.654407529382855
C1R	TMEM184A	1	0	-4.517965066094222	-4.517965066094222	-4.517965066094222
C1R	CAPN13	1	0	-4.547001856182928	-4.547001856182928	-4.547001856182928
C1R	ZBED2	1	0	-4.5524933910312475	-4.5524933910312475	-4.5524933910312475
C1R	TMPRSS4	6	0	-4.5619878995928165	-1.706222576967744	-10.072962840316201
C1R	FAM83A	3	0	-4.564171419762449	-2.9230948543618336	-10.830302127794546
C1R	RAI14	1	0	-4.579527964648607	-4.579527964648607	-4.579527964648607
C1R	CYP3A5	5	0	-4.583697451970475	-0.6249427994327232	-6.035269352255698
C1R	HK2	2	0	-4.591109107852576	-2.706970313690627	-6.475247902014525
C1R	ANXA9	1	0	-4.597848923301216	-4.597848923301216	-4.597848923301216
C1R	EPB41L1	1	0	-4.604022616221196	-4.604022616221196	-4.604022616221196
C1R	INPP4B	4	0	-4.613751853623267	-1.065612301012731	-7.05961893354801
C1R	TTC9	1	0	-4.638334024613039	-4.638334024613039	-4.638334024613039
C1R	PLAAT3	1	0	-4.663830596600892	-4.663830596600892	-4.663830596600892
C1R	TSPAN13	1	0	-4.668852271639693	-4.668852271639693	-4.668852271639693
C1R	ASPH	1	0	-4.680198960507601	-4.680198960507601	-4.680198960507601
C1R	GPRC5A	7	0	-4.71752980833043	-1.244137997962517	-8.585997096158083
C1R	KLK11	3	0	-4.7175384757618195	-0.8670606443859598	-5.091560406738155
C1R	ZNF888	1	0	-4.721349671196604	-4.721349671196604	-4.721349671196604
C1R	PCSK6	1	0	-4.7278107379348135	-4.7278107379348135	-4.7278107379348135
C1R	IL2RG	1	0	-4.728637487806994	-4.728637487806994	-4.728637487806994
C1R	PKHD1	1	0	-4.728989264450622	-4.728989264450622	-4.728989264450622
C1R	SLC7A11	2	0	-4.73709331687869	-0.4509785417448262	-9.023208092012554
C1R	SCEL	3	0	-4.7538531297861875	-1.3753956847660411	-4.754310810325193
C1R	SDC4	5	0	-4.759839086326508	-1.822128740136492	-9.364339365922993
C1R	ZFP36	1	0	-4.764120790300712	-4.764120790300712	-4.764120790300712
C1R	TNFRSF6B	2	0	-4.769813148405079	-0.8173826886315032	-8.722243608178657
C1R	GALNT3	1	0	-4.77413944659173	-4.77413944659173	-4.77413944659173
C1R	PSMD8	1	0	-4.779838913694283	-4.779838913694283	-4.779838913694283
C1R	CALU	1	0	-4.789621038475474	-4.789621038475474	-4.789621038475474
C1R	MMP28	2	0	-4.8219804550492835	-4.5262826323517205	-5.117678277746847
C1R	SPINT1	4	0	-4.823760380192829	-0.7433591759184762	-9.835576692174534
C1R	HSPH1	1	0	-4.829141512449557	-4.829141512449557	-4.829141512449557
C1R	DLG5	1	0	-4.830079810480014	-4.830079810480014	-4.830079810480014
C1R	AKR1C2	4	0	-4.845793906854955	-0.12337673324041454	-11.288635098020386
C1R	ANXA11	1	0	-4.846837872686113	-4.846837872686113	-4.846837872686113
C1R	MSR1	1	0	-4.8539693342805466	-4.8539693342805466	-4.8539693342805466
C1R	ERBB2	1	0	-4.8702345707949855	-4.8702345707949855	-4.8702345707949855
C1R	RGCC	1	0	-4.874997615873325	-4.874997615873325	-4.874997615873325
C1R	PRXL2B	2	0	-4.877362498550536	-4.759305623629643	-4.995419373471429
C1R	AKR1C3	2	0	-4.88222033452612	-0.19957186044511785	-9.564868808607121
C1R	LLGL2	1	0	-4.88669604964756	-4.88669604964756	-4.88669604964756
C1R	ALS2CL	2	0	-4.916096278383106	-4.314390679647679	-5.517801877118533
C1R	AHNAK2	3	0	-4.921887913418018	-0.8575936447026508	-7.105741066237602
C1R	WNT10A	1	0	-4.92642570503605	-4.92642570503605	-4.92642570503605
C1R	LAMA5	3	0	-4.950312844229386	-4.942065152574026	-5.742098931014375
C1R	KIF12	1	0	-4.975368694977673	-4.975368694977673	-4.975368694977673
C1R	MYH14	3	0	-4.981082125000106	-4.328663954533923	-9.220609996999087
C1R	S100A16	3	0	-4.985010021016549	-2.289123943596929	-7.363939768566986
C1R	B4GALNT3	1	0	-4.991141480830943	-4.991141480830943	-4.991141480830943
C1R	NAPRT	1	0	-4.991594423153182	-4.991594423153182	-4.991594423153182
C1R	ANKRD36C	1	0	-5.001147676447788	-5.001147676447788	-5.001147676447788
C1R	KLF5	6	0	-5.005068066290522	-0.9449207989285189	-8.657203382706205
C1R	IGHMBP2	1	0	-5.010383107505112	-5.010383107505112	-5.010383107505112
C1R	EPS8L1	1	0	-5.010424354460997	-5.010424354460997	-5.010424354460997
C1R	RNF207	1	0	-5.0122095458447555	-5.0122095458447555	-5.0122095458447555
C1R	TRAK1	1	0	-5.023164004633936	-5.023164004633936	-5.023164004633936
C1R	ESRP1	1	0	-5.0431705731931205	-5.0431705731931205	-5.0431705731931205
C1R	ECH1	1	0	-5.053541103213112	-5.053541103213112	-5.053541103213112
C1R	TMEM63A	1	0	-5.062886409039338	-5.062886409039338	-5.062886409039338
C1R	HIST1H2AC	1	0	-5.069923108633404	-5.069923108633404	-5.069923108633404
C1R	PLBD1	1	0	-5.077547241507876	-5.077547241507876	-5.077547241507876
C1R	SLC2A1	7	0	-5.082648678216624	-0.9930848539029021	-8.043979826466506
C1R	S100A10	3	0	-5.099194187604327	-5.015352859967581	-5.557879125140205
C1R	CTSH	1	0	-5.100694442808065	-5.100694442808065	-5.100694442808065
C1R	PPDPF	1	0	-5.102162280969008	-5.102162280969008	-5.102162280969008
C1R	SKIL	1	0	-5.1095096703302945	-5.1095096703302945	-5.1095096703302945
C1R	IFI27	3	0	-5.111886781293152	-3.768717969414251	-6.341820216606822
C1R	CGN	4	0	-5.140116398109949	-1.6100198953767848	-9.164860769740258
C1R	PNCK	1	0	-5.141184052384644	-5.141184052384644	-5.141184052384644
C1R	GSTK1	1	0	-5.1451873212640775	-5.1451873212640775	-5.1451873212640775
C1R	HMGA1	6	0	-5.1571708818844275	-2.4943594603402124	-10.066245054803085
C1R	JAG1	1	0	-5.161524150199602	-5.161524150199602	-5.161524150199602
C1R	HSPA6	1	0	-5.163106568196279	-5.163106568196279	-5.163106568196279
C1R	LAMA3	3	0	-5.181915706858604	-4.040091701408507	-7.480781857811448
C1R	LSR	4	0	-5.19694900959235	-2.0862364200917716	-6.495925322873993
C1R	DSP	1	0	-5.1991726291352975	-5.1991726291352975	-5.1991726291352975
C1R	CAST	1	0	-5.229755834157704	-5.229755834157704	-5.229755834157704
C1R	SLC37A1	1	0	-5.231755706350466	-5.231755706350466	-5.231755706350466
C1R	KCP	1	0	-5.241651561538269	-5.241651561538269	-5.241651561538269
C1R	ARHGAP8	1	0	-5.246548919118629	-5.246548919118629	-5.246548919118629
C1R	ERBB3	3	0	-5.27136853236189	-1.6952133278766444	-6.041641011988404
C1R	EVPL	2	0	-5.271607642027001	-4.1127200768059025	-6.430495207248099
C1R	PALM3	2	0	-5.28846567480954	-4.581669616866636	-5.995261732752444
C1R	EREG	2	0	-5.289722505464968	-1.0161242875208454	-9.56332072340909
C1R	SLC37A4	1	0	-5.2982440712295595	-5.2982440712295595	-5.2982440712295595
C1R	TMEM238	1	0	-5.33447416192638	-5.33447416192638	-5.33447416192638
C1R	ANLN	1	0	-5.357164596809664	-5.357164596809664	-5.357164596809664
C1R	TCEA3	1	0	-5.364858932527694	-5.364858932527694	-5.364858932527694
C1R	INAVA	5	0	-5.387205560491883	-0.7996656654393609	-9.829896438777462
C1R	HMGA2	4	0	-5.405950061995145	-1.8090167122194778	-7.416548810096304
C1R	RAB2A	1	0	-5.4194252172853785	-5.4194252172853785	-5.4194252172853785
C1R	RNASEK	1	0	-5.435534035857706	-5.435534035857706	-5.435534035857706
C1R	CYP4F22	1	0	-5.44636747488585	-5.44636747488585	-5.44636747488585
C1R	UPK3B	1	0	-5.467747774502121	-5.467747774502121	-5.467747774502121
C1R	GPRC5B	1	0	-5.47813533234158	-5.47813533234158	-5.47813533234158
C1R	CHMP1B	1	0	-5.48621614531878	-5.48621614531878	-5.48621614531878
C1R	SCGB1A1	1	0	-5.521777407834477	-5.521777407834477	-5.521777407834477
C1R	TRIM29	5	0	-5.541884153494543	-0.26079818434825175	-8.980686125592095
C1R	BIRC3	1	0	-5.574847962851453	-5.574847962851453	-5.574847962851453
C1R	CRIP2	1	0	-5.57733573926586	-5.57733573926586	-5.57733573926586
C1R	MSLN	1	0	-5.58718730788086	-5.58718730788086	-5.58718730788086
C1R	WNT11	1	0	-5.589114076754734	-5.589114076754734	-5.589114076754734
C1R	F3	1	0	-5.612017201062815	-5.612017201062815	-5.612017201062815
C1R	HOXB6	1	0	-5.629431501023027	-5.629431501023027	-5.629431501023027
C1R	IL20RB	1	0	-5.6330952012289615	-5.6330952012289615	-5.6330952012289615
C1R	JUP	4	0	-5.638728958769901	-0.4800816432179197	-7.7061521478179
C1R	EBP	1	0	-5.6395126952207155	-5.6395126952207155	-5.6395126952207155
C1R	VILL	2	0	-5.641361613406062	-5.581113297778105	-5.701609929034019
C1R	AHR	1	0	-5.645970429700953	-5.645970429700953	-5.645970429700953
C1R	SERPINB2	2	0	-5.6552263176578075	-2.862527933386719	-8.447924701928896
C1R	ANXA3	4	0	-5.6709352189590305	-0.8309864223276908	-7.749239408301766
C1R	UNC5CL	1	0	-5.710549133083227	-5.710549133083227	-5.710549133083227
C1R	PCDH1	4	0	-5.712926521941265	-2.7471705903121255	-6.8139046701072425
C1R	LFNG	1	0	-5.7243797107197665	-5.7243797107197665	-5.7243797107197665
C1R	PERP	2	0	-5.744730246225423	-5.511871347429079	-5.977589145021768
C1R	ASS1	3	0	-5.744880244690939	-2.1454529546703918	-6.706244826822961
C1R	ENC1	1	0	-5.759829383811076	-5.759829383811076	-5.759829383811076
C1R	NMUR2	1	0	-5.768358198040938	-5.768358198040938	-5.768358198040938
C1R	HOXB3	1	0	-5.7910207591992915	-5.7910207591992915	-5.7910207591992915
C1R	TAGLN2	1	0	-5.79581938993143	-5.79581938993143	-5.79581938993143
C1R	AQP3	3	0	-5.807606200052516	-0.04705080565827354	-7.725098270693428
C1R	LAMB3	5	0	-5.8147882453884225	-1.4717073673496694	-8.880958729418506
C1R	TRIM31	1	0	-5.883535416511482	-5.883535416511482	-5.883535416511482
C1R	SPINT2	7	0	-5.8904598909020605	-3.9643651411020704	-8.891556721524731
C1R	FXYD5	2	0	-5.8976859305608365	-4.557536066574708	-7.237835794546966
C1R	XKR9	1	0	-5.899716902449149	-5.899716902449149	-5.899716902449149
C1R	SPRY4	1	0	-5.899830032519844	-5.899830032519844	-5.899830032519844
C1R	NET1	4	0	-5.903964812132703	-5.647766931040516	-6.878641528313914
C1R	S100A2	4	0	-5.915013520484624	-0.8881308079413991	-6.853247266369368
C1R	LAMC2	5	0	-5.916319886287107	-1.2108966543434587	-7.780184578052762
C1R	PLEKHG6	1	0	-5.918537792442431	-5.918537792442431	-5.918537792442431
C1R	FAM83H	1	0	-5.971758509516178	-5.971758509516178	-5.971758509516178
C1R	MPZL2	1	0	-5.9829780889043285	-5.9829780889043285	-5.9829780889043285
C1R	GPC1	2	0	-6.012602791515721	-3.664403402290462	-8.36080218074098
C1R	ITPRID2	2	0	-6.027263589176827	-5.743798755476425	-6.3107284228772285
C1R	EPHA2	6	0	-6.063517344215242	-3.674930905976556	-10.344036342720127
C1R	EMP3	1	0	-6.064149656007486	-6.064149656007486	-6.064149656007486
C1R	AGRN	2	0	-6.072432680109566	-4.547633083207141	-7.59723227701199
C1R	ITGB6	6	0	-6.07713320525219	-1.1174783729981175	-8.948432591713901
C1R	TNS4	4	0	-6.1169052527788885	-1.2601423761981048	-9.082359245923872
C1R	TSPAN3	1	0	-6.118095453678843	-6.118095453678843	-6.118095453678843
C1R	EFHD2	1	0	-6.131690689569277	-6.131690689569277	-6.131690689569277
C1R	ITGA3	5	0	-6.150709214985501	-4.7086755276790795	-9.309514872691201
C1R	TM4SF1	4	0	-6.174310799843085	-4.80073998864532	-9.105379021426547
C1R	MAL2	7	0	-6.221556146787555	-1.7888238803451544	-9.684600313905655
C1R	FSTL3	1	0	-6.231870406091442	-6.231870406091442	-6.231870406091442
C1R	NBEAL2	2	0	-6.291269032108044	-5.596294265541886	-6.986243798674203
C1R	CLDN7	3	0	-6.383077988216595	-5.062330425252436	-9.838717399841407
C1R	DNAJB1	2	0	-6.422625295746136	-3.7661393237612764	-9.079111267730996
C1R	UCHL1	1	0	-6.427935172358255	-6.427935172358255	-6.427935172358255
C1R	SMAD3	4	0	-6.452968669505817	-1.5873047442100787	-8.425810945362686
C1R	RAPGEFL1	1	0	-6.4594965799347115	-6.4594965799347115	-6.4594965799347115
C1R	PODXL	2	0	-6.4695363045076215	-2.6345075643451303	-10.304565044670113
C1R	SDCBP2	1	0	-6.486129186071441	-6.486129186071441	-6.486129186071441
C1R	INF2	2	0	-6.491720133227973	-5.797705711491499	-7.185734554964446
C1R	CRIP1	3	0	-6.4990510973793905	-5.2515660944109515	-7.358492408503819
C1R	C15orf48	6	0	-6.506995064473177	-1.1607893966204545	-8.41506297845663
C1R	L1CAM	1	0	-6.6002430459326735	-6.6002430459326735	-6.6002430459326735
C1R	PTPRF	2	0	-6.6127338456815625	-4.1463344402559965	-9.079133251107129
C1R	KLK8	2	0	-6.665246106317699	-4.167569807578338	-9.16292240505706
C1R	ACTN4	1	0	-6.831478158622589	-6.831478158622589	-6.831478158622589
C1R	POLB	1	0	-6.861064034479175	-6.861064034479175	-6.861064034479175
C1R	OAS1	1	0	-6.86946241939217	-6.86946241939217	-6.86946241939217
C1R	PMEPA1	2	0	-6.871179832204014	-5.838182338244784	-7.904177326163244
C1R	CSTB	4	0	-6.904778252510688	-1.1759328066681287	-8.813909321510287
C1R	PROM2	3	0	-6.94338184653388	-1.4075758769724	-10.171680187480845
C1R	LGALS3	2	0	-6.948708222894401	-3.922910881504052	-9.97450556428475
C1R	ACSF2	1	0	-6.96908514696544	-6.96908514696544	-6.96908514696544
C1R	MUC20	2	0	-7.007693655799768	-6.222441684716041	-7.792945626883494
C1R	KRT23	3	0	-7.035381292748548	-0.7870811147109311	-10.73478040059706
C1R	CAV1	2	0	-7.0792628938553195	-4.508110582198439	-9.6504152055122
C1R	PFKP	2	0	-7.148940254180795	-5.34841857594476	-8.949461932416831
C1R	EPHB6	1	0	-7.1632397103312755	-7.1632397103312755	-7.1632397103312755
C1R	DKK1	2	0	-7.20509365613637	-4.4330983849470345	-9.977088927325706
C1R	PLS1	1	0	-7.216663134362097	-7.216663134362097	-7.216663134362097
C1R	FDPS	1	0	-7.241160937387777	-7.241160937387777	-7.241160937387777
C1R	SCD	2	0	-7.241622019633796	-6.805892777393361	-7.677351261874232
C1R	PGD	1	0	-7.257831235901186	-7.257831235901186	-7.257831235901186
C1R	DEFB1	2	0	-7.283546891448337	-5.03602873648846	-9.531065046408214
C1R	ABLIM3	2	0	-7.328871664744833	-5.605846308260633	-9.051897021229033
C1R	H1F0	1	0	-7.373838833154452	-7.373838833154452	-7.373838833154452
C1R	AREG	2	0	-7.616856771163283	-5.5753195407483584	-9.658394001578207
C1R	KIAA1522	3	0	-7.633216556522454	-4.564053416585161	-9.787333178865126
C1R	CLIC3	2	0	-7.6398858587147025	-6.94858864579902	-8.331183071630385
C1R	POLD4	1	0	-7.851710252206639	-7.851710252206639	-7.851710252206639
C1R	CD82	1	0	-7.9537665901616235	-7.9537665901616235	-7.9537665901616235
C1R	SEMA4B	4	0	-8.049589346992928	-4.557488912018037	-10.320000901827829
C1R	ST14	1	0	-8.146130281274804	-8.146130281274804	-8.146130281274804
C1R	PHLDA1	1	0	-8.256081709162366	-8.256081709162366	-8.256081709162366
C1R	SNAI2	1	0	-8.365014983278854	-8.365014983278854	-8.365014983278854
C1R	TXN	1	0	-8.441515056691582	-8.441515056691582	-8.441515056691582
C1R	CDCP1	1	0	-8.54596263946984	-8.54596263946984	-8.54596263946984
C1R	MET	1	0	-8.577819244502795	-8.577819244502795	-8.577819244502795
C1R	AKR1B10	1	0	-8.603666797346946	-8.603666797346946	-8.603666797346946
C1R	AKR1C1	1	0	-8.61045500286844	-8.61045500286844	-8.61045500286844
C1R	IGFBP6	1	0	-8.813198010619036	-8.813198010619036	-8.813198010619036
C1R	ANTXR2	1	0	-8.908292054342867	-8.908292054342867	-8.908292054342867
C1R	UNC93B1	1	0	-8.943959979007655	-8.943959979007655	-8.943959979007655
C1R	CHMP2A	1	0	-8.976548243925958	-8.976548243925958	-8.976548243925958
C1R	CLCF1	1	0	-8.993952164927734	-8.993952164927734	-8.993952164927734
C1R	DNTTIP1	1	0	-9.085487357118103	-9.085487357118103	-9.085487357118103
C1R	KYNU	1	0	-9.125976993237474	-9.125976993237474	-9.125976993237474
C1R	CLDN3	1	0	-9.143607649927924	-9.143607649927924	-9.143607649927924
C1R	ARL4D	1	0	-9.322682894643847	-9.322682894643847	-9.322682894643847
C1R	BMP4	1	0	-9.376786975207727	-9.376786975207727	-9.376786975207727
C1R	SERPINB5	2	0	-9.618244014563057	-8.452786263621908	-10.783701765504208
C1R	RAB27B	1	0	-9.7251788616717	-9.7251788616717	-9.7251788616717
C1R	TKT	1	0	-9.784059463208987	-9.784059463208987	-9.784059463208987
C1R	CDA	1	0	-9.846943428642485	-9.846943428642485	-9.846943428642485
C1R	FLNB	1	0	-9.896099679072687	-9.896099679072687	-9.896099679072687
C1R	P2RY2	1	0	-9.937278425265433	-9.937278425265433	-9.937278425265433
C1R	CAV2	1	0	-9.976695651467947	-9.976695651467947	-9.976695651467947
C1R	ITGA6	1	0	-9.979487242749558	-9.979487242749558	-9.979487242749558
C1R	MBOAT2	1	0	-10.115913931020765	-10.115913931020765	-10.115913931020765
C1R	G6PD	1	0	-10.242843424424915	-10.242843424424915	-10.242843424424915
C1R	SPRY2	1	0	-10.311633501242309	-10.311633501242309	-10.311633501242309
C1R	NT5E	1	0	-10.356139506646997	-10.356139506646997	-10.356139506646997
C1R	CHKA	1	0	-10.4553858731949	-10.4553858731949	-10.4553858731949
C1R	EZR	1	0	-10.49187976366339	-10.49187976366339	-10.49187976366339
C1R	ALDH3B1	1	0	-10.708473068737314	-10.708473068737314	-10.708473068737314
C1R	PLCD3	1	0	-11.169893066400586	-11.169893066400586	-11.169893066400586
C1R	FERMT1	1	0	-11.294135510319938	-11.294135510319938	-11.294135510319938
C1R	FOSL1	1	0	-12.58126904493754	-12.58126904493754	-12.58126904493754
C1R	C4BPB	1	0	-12.72039047283059	-12.72039047283059	-12.72039047283059
C7	MFAP4	10	10	9.263266646322542	17.96015001796302	0.3054333330274107
C7	CLU	10	10	7.713647295146821	20.061052868968023	2.083732226109996
C7	CCL19	10	10	7.446245922140798	23.73253050878341	2.357164715326691
C7	KCNK3	10	10	2.240474501638877	20.52023105939812	0.46886929298059254
C7	KCNJ8	10	10	1.3485837397009535	8.873965765732473	0.029515462119207487
C7	KCNK17	10	10	0.9978126526883386	8.896856697258077	0.6162446504387975
C7	IGHM	10	9	7.3629552180355	20.568292353550575	-0.45841731514760065
C7	IGHA1	9	9	7.2948943839346105	19.209390460107496	1.83077959473399
C7	IGKV4-1	9	9	5.544230922604955	14.842151920806668	1.7344024378689535
C7	KCND3	10	9	3.097058769955152	7.99994432537428	-0.22973762366558012
C7	KCNA5	9	9	0.8293283127235662	4.5381813816427705	0.0884916107884063
C7	KCNC4	10	9	0.6888673284734093	2.7235329744394035	-1.0168663220572247
C7	KCNJ16	10	9	0.5077774420709952	5.173741062905954	-0.32320188244835707
C7	C1R	10	8	6.139355835181717	10.438861362711382	-2.2882915567860085
C7	CCL21	10	8	5.046923186392607	21.314441312198248	-1.226313774412934
C7	KCNN3	10	8	1.7408902115794267	4.590733236580827	-1.7022501684830897
C7	DCN	10	8	1.3450917718502537	10.027422869999944	-3.5056844541787866
C7	KCNMB4	10	8	0.9539412036977828	2.0792544683114054	-1.072229704171146
C7	KCNE4	10	8	0.7966971685525186	4.010717393313586	-1.6482977632208675
C7	ADAMTS1	7	7	13.69694453526883	22.51387862798416	2.2331070264770085
C7	HSPB6	7	7	12.258842169350068	25.469131637548458	9.623276987443706
C7	PTGDS	8	7	10.739074458746519	30.18160617522573	-5.561849214900061
C7	MGP	7	7	9.40391161668332	20.689821832245737	5.958332385039184
C7	APOD	7	7	6.696776894144255	19.202187710070543	0.24285989303394234
C7	IGKC	7	7	4.565837512204524	10.228384087294856	0.7190735918107584
C7	SFRP4	9	7	3.5664178098344825	12.844064428317965	-4.628373659825862
C7	IGLV3-1	8	7	3.2994946530468003	10.201372901441722	-0.1616854479489362
C7	IGHG3	9	7	2.8382521924069803	10.769597636314147	-2.0244780622025527
C7	KCNS3	10	7	1.3866920255548352	4.286765687927136	-11.786172303942752
C7	KCNMB1	10	7	0.8045802630804959	9.637478266175586	-2.754850517579915
C7	KCNMA1	10	7	0.7095731540926905	6.14555791757688	-7.637460332700608
C7	KCNT2	10	7	0.327257164449363	1.3272273734088382	-0.9350591947520177
C7	KCNK15	10	7	0.3217776004577144	1.8548400158520433	-0.6740589266970716
C7	JCHAIN	6	6	16.170165163212708	22.346227268199748	4.2461662529019195
C7	TNXB	6	6	12.164990138589715	21.53302409551122	7.7418271005331825
C7	SOD3	6	6	11.531050569868214	16.124861296306467	5.875868129453869
C7	TTR	6	6	9.89469574615295	14.829180404465651	1.5212704260697827
C7	GCG	7	6	7.443620420981875	15.277105644701056	-3.4201423350398317
C7	AGT	6	6	7.419198667044124	13.344554415781415	2.158718195948892
C7	ABCC8	6	6	6.958836139881955	13.353441590800964	1.8840801902038802
C7	INS	6	6	6.742326747612415	18.19809571432507	1.5992232007689553
C7	IGHJ6	6	6	5.718607015284059	9.966302512196814	3.048295868317064
C7	THBS4	6	6	5.571886994867248	17.98345640282198	1.5560350588717746
C7	IGHG1	9	6	4.278123167573095	16.789555101171633	-9.70542681599026
C7	MT1X	6	6	4.165449703147155	6.391774243238729	1.2314773236826462
C7	IGLC1	10	6	3.317408351207182	12.592076979120295	-2.3376908507971996
C7	IGHG4	7	6	2.8558883878738937	18.756915322175978	-5.481100191943837
C7	SERPINA3	7	6	2.83938876606164	7.286722988275524	-4.823081625284176
C7	KCNB1	8	6	1.2786636210122815	4.440509085735026	-0.20650727610260416
C7	KCNQ4	10	6	0.8169461647844656	2.9881815765254496	-2.687110072478609
C7	KCNAB1	10	6	0.6301954079620011	4.198792512225339	-1.026582082674576
C7	KCNAB2	10	6	0.09721201532665019	2.6708184163912763	-1.5437036814896028
C7	RASD1	5	5	13.439261481223289	19.811190269481383	0.616586568269816
C7	HEYL	5	5	13.396619206112996	18.870269380346677	5.210118618318336
C7	OGN	5	5	12.86939914387112	17.36781109167175	8.8701553771168
C7	BTG2	5	5	11.929828241916576	20.968530402257414	2.901983289635485
C7	SELENOP	5	5	11.450699639644196	26.231987947305385	8.448382892654827
C7	A2M	5	5	11.36218088366093	15.243029107816378	4.773118641701794
C7	COLEC11	5	5	9.752043103420148	19.209933524631342	3.7638167525656256
C7	ENG	5	5	9.671635657387883	19.77807358790067	5.73807287001998
C7	SYNPO2	5	5	8.701082302478191	14.024186427711983	7.300052721118843
C7	AQP1	5	5	7.396449211638266	15.123055511171078	3.7278457373921605
C7	CEBPD	5	5	6.834947205836234	8.910701598421818	3.7554762737142804
C7	SCG2	5	5	5.563300701205086	14.750110670114553	1.921212368545093
C7	C3	6	5	5.452328845203603	17.07848596813103	-4.326433881783674
C7	MT1G	5	5	3.512830370337625	6.830473233329659	0.061736510934474485
C7	SERPINF1	7	5	3.4989324254088854	11.061263213733977	-4.439832034714141
C7	SLC40A1	5	5	3.262528955376845	11.495655257685549	0.2640999658614
C7	IGHD	5	5	3.0417629260449086	13.963749076893844	0.8729333098621138
C7	IGHG2	8	5	2.7867825230415946	15.814033449716023	-7.308238103902389
C7	CRP	5	5	2.575571172961032	9.39919436715471	1.6607320053882588
C7	SERPING1	5	5	2.5571458538520395	7.536726195318953	0.4402270562430581
C7	MUC6	6	5	2.1624951256447553	5.5541787153238795	-1.2688002307642126
C7	HBA2	5	5	2.1326827235858357	15.93565873540012	0.007644976855959405
C7	PIGR	7	5	1.7153772728704852	10.270331965139407	-1.7977006508741213
C7	CFTR	7	5	1.6736476377064542	8.056402913771432	-1.3156173687829689
C7	KCNN4	10	5	-1.5533096201442558	1.9333689805577317	-8.249956467948818
C7	COL14A1	4	4	15.446696923169407	19.57851807303686	12.801296395462488
C7	GPX3	4	4	12.530551408904557	13.6985423192861	10.100106606493467
C7	SPARCL1	4	4	11.387614003707853	19.162114074548956	9.018728047115056
C7	EPHA3	4	4	10.622035333729809	15.806461714838488	6.437792676236049
C7	MZB1	4	4	9.412279203732691	14.966064366379952	1.4271078076938448
C7	BOC	4	4	8.815840768215265	10.174430820823854	5.74945398632667
C7	CHGB	5	4	8.469816486014446	15.273943006691498	-2.2816618291281783
C7	ADIRF	5	4	8.225131962809431	11.262996578754612	-0.5774557013776396
C7	FBLN5	4	4	7.791389334702227	18.259526437933868	3.4427790134384977
C7	SRPX	4	4	7.657699557084616	9.097417604020938	6.615360235637987
C7	TMOD1	4	4	7.381271804985805	12.967005439663843	6.1347104186181864
C7	SST	4	4	7.221657036889737	12.757444578887824	1.4528383683143642
C7	C1S	4	4	7.149072951478418	8.897388917173314	4.433491300714288
C7	S1PR3	4	4	7.019780722615591	9.871432353670551	0.5185029551146889
C7	TNS1	4	4	6.5443348315759415	10.701689518119588	2.82798568857806
C7	DEPP1	4	4	5.666980940937442	9.258787838069315	1.1340044826980842
C7	TIMP1	4	4	5.63757140927831	6.778196115774256	4.508778409629199
C7	IGFBP4	4	4	5.443540528079945	13.629032456110732	0.8266574426647653
C7	IGLC7	4	4	5.205831891802425	8.715473315446403	0.12161495533786996
C7	CD74	4	4	5.115436752619685	8.369804272707169	0.4545709534446203
C7	SLC30A8	4	4	5.063802603477532	14.801910616928009	3.2377194402469516
C7	MYC	4	4	5.043345121909774	11.251108680225817	1.9388404128071446
C7	DPEP1	4	4	5.01433137183529	11.266175190792364	1.9755269328642253
C7	CPE	5	4	4.884626130005284	10.657922200470008	-6.645494954628108
C7	C11orf96	6	4	4.265836110396354	20.205595690359775	-7.967569690921332
C7	CRISPLD2	4	4	4.265263370589015	16.204045913857968	1.1248305534304723
C7	FGG	4	4	3.96141266779924	5.915898829855235	2.6593735665920333
C7	PRELP	5	4	3.095928961013451	12.299032448188228	-1.3599638512871537
C7	LTF	4	4	2.9447027845605365	10.864623697268511	1.05374930875157
C7	DHRS3	4	4	2.3354225090354035	7.0083137656186825	1.5769836628051792
C7	SPON2	4	4	2.270301408043209	8.267677655372424	0.6651545454351636
C7	DMBT1	7	4	2.2379226063322726	3.422478163584148	-7.066392108931648
C7	CXCL12	6	4	2.1535201129162544	17.080292856079815	-7.595425688679858
C7	CRISP3	5	4	1.5069688659945035	3.894432216354059	-0.0026641712326400105
C7	IGHV1-46	4	4	1.328072656021603	1.956472702891499	1.1913170085167826
C7	FBLN1	7	4	1.3008174698361188	16.17822383797266	-8.3319016960657
C7	TFF2	6	4	0.7528286632116855	3.468824794016097	-5.954678859494353
C7	ABCC3	6	4	0.4061514980784544	8.283775856477005	-10.503465794781137
C7	GABRP	7	4	0.07682033105800445	6.738098353715117	-5.221356348888472
C7	SYT8	7	4	0.024702301595619706	7.096942922081307	-18.375937374490768
C7	PDLIM3	7	4	0.02323129404990506	6.664200037264729	-10.68376014296086
C7	CTSE	8	4	-0.04139778759739349	5.704251259540425	-6.351616617967836
C7	PSCA	8	4	-0.06049820727675681	7.4578149078599045	-6.138292008908272
C7	KCNK6	10	4	-0.11927855363866903	3.0763686382052637	-2.3619082833083174
C7	TSPAN8	8	4	-0.1766350292262529	7.385627527562905	-16.197434534974338
C7	MMP2	8	4	-0.22901876818879013	7.2149321990864355	-12.63030869551343
C7	C19orf33	10	4	-3.1598068134055466	4.449311033026977	-28.007744632678392
C7	SLPI	10	4	-5.245123605575287	8.616019764343891	-21.504254838348555
C7	LCN2	10	4	-5.4195984170139955	13.327538597781633	-28.058279074201455
C7	PDK4	3	3	16.29130644755892	19.079039458056222	3.890307761929386
C7	ADAMTSL2	3	3	13.317610095312665	19.927365152869342	2.746426597256019
C7	PTP4A3	3	3	12.116586197731912	12.507294014758212	2.930539092870768
C7	PPP1R14A	3	3	9.914785834920405	13.410570743421482	3.2683933985098172
C7	F2RL2	3	3	9.73979754095999	10.257451065705947	8.017599613927729
C7	CIITA	3	3	8.867479315980413	11.805856650708108	3.007010228436396
C7	LYVE1	3	3	8.859783369507909	24.565621495794826	6.131759568358916
C7	LMOD1	3	3	8.802995957739688	12.33785942496992	6.559938504408373
C7	RGS5	3	3	8.543772560665836	11.745722347492359	5.135980791158526
C7	AKAP6	3	3	8.42513617435763	8.528863605069619	2.995788383823014
C7	SCN7A	3	3	8.381333432723627	11.87167795395718	3.035695120489716
C7	CHRDL2	3	3	8.371102768509333	10.4788154335492	5.602808516736767
C7	ITGA7	3	3	8.31446133107845	12.487314406816843	5.467545033684821
C7	GFRA1	3	3	8.09508899438532	10.567800699232695	3.542644145601031
C7	SORBS1	3	3	8.007194081951944	13.037914225700261	5.202743786456166
C7	PI16	3	3	7.803616355826184	14.312005612451781	4.78220129672729
C7	PLA2G2A	4	3	7.790786623401273	19.546922192839137	-4.555196537561475
C7	ERO1B	3	3	7.745800615687332	10.386741094405805	6.301627947124622
C7	MCAM	4	3	7.6838792106104865	14.250296478504476	-1.7538316243707759
C7	CHGA	3	3	7.460492946192559	14.17176402035873	2.0030310475085047
C7	ABCA8	3	3	7.335003655265366	12.230318756335432	6.448080568306638
C7	IGF1	4	3	7.140528761921667	21.31422819325732	-2.0121060517027667
C7	SLIT3	4	3	7.001314592004969	10.600791430664716	-7.295336615497836
C7	CD81	3	3	6.954769172436702	7.0568551059227955	2.301027129533519
C7	SNCG	3	3	6.892354569849981	9.10089388916337	1.7041133202697216
C7	HAND2	3	3	6.625386756690004	17.207974176983022	1.2557008826984204
C7	DES	5	3	6.3587508933756975	12.086107631742102	-5.432315056274515
C7	TPSB2	3	3	6.221076544664812	11.692513810103415	1.417638865784786
C7	LTB	4	3	5.897923284137898	11.403454946012127	-3.7175714213319297
C7	HLA-DPA1	4	3	5.846635298022576	13.067146622365906	-2.8771998533344116
C7	CPA3	3	3	5.845410982359259	9.93199150457192	4.781748308957716
C7	PLAAT4	3	3	5.756815683644534	7.439237060333599	4.46893540310609
C7	SCG5	3	3	5.57675644016925	12.548817241201084	0.3917445806952615
C7	COL4A1	5	3	5.38158908045327	9.291673325568475	-14.737515533495673
C7	NKX2-2	3	3	5.1489735759170205	13.522502175777069	2.6244910014776366
C7	PDGFRB	3	3	5.137424073459614	6.650290924711086	4.394991212826057
C7	MUC13	3	3	4.6723945420419675	7.055649426995459	1.5902489335507148
C7	MYRF	3	3	4.517687056902327	7.805288602698553	0.9227975361594608
C7	NEURL1	3	3	4.434210756694525	9.022285572511056	1.4668164418257161
C7	HLA-DPB1	4	3	4.404440736459847	12.577335024041442	-2.2223200334848157
C7	CBLC	3	3	4.207122556861001	8.184307703951708	3.0317749417147737
C7	SCG3	3	3	4.115192160004326	11.62265898457381	1.0576297716825853
C7	UBD	4	3	4.000493482675183	10.320419421175764	-3.5132782906067246
C7	MUSTN1	3	3	3.7119295323553927	15.125813781138614	0.6585495715178212
C7	GATA6	3	3	3.6487927468730836	11.819217748226771	1.8937157331432248
C7	GC	3	3	3.566162382086638	10.038546716367694	0.3862246910304029
C7	IL7R	5	3	3.48513341090096	14.603309283837891	-4.57982636674198
C7	SCGN	3	3	3.470074939129168	13.450002526274998	1.9773472714434057
C7	ZNF331	4	3	3.400441649791215	15.713667551884686	-6.749776414921055
C7	PTGIS	4	3	3.0264973855889155	9.69411048833133	-0.20785035318340078
C7	REG4	3	3	2.9010549516159334	5.15020391887455	1.4515095509544707
C7	F13A1	3	3	2.831012077315681	12.700325082871487	2.266131946802248
C7	NR4A3	5	3	2.6795017883003607	21.15854617461805	-10.780722149011114
C7	CNN1	6	3	2.502191337887604	12.219885829406373	-11.877749852569618
C7	MT1E	4	3	2.337624719724391	7.368155589808335	-2.143391287642796
C7	PDIA2	3	3	2.25810138901241	3.912486684774374	0.21027336552462264
C7	CCL17	3	3	2.0054413248305845	7.540229746469009	1.2169571430993917
C7	PRR15L	4	3	1.9328565196811223	6.304386182000154	-2.1918550213561496
C7	HBA1	3	3	1.786200926181074	15.349692657388832	1.6004875085860755
C7	NR4A2	5	3	1.764356954217362	18.343018698225084	-12.992343698754736
C7	CLPS	3	3	1.641308801311046	5.092344760243703	0.17221872848775852
C7	VGF	3	3	1.5549044841594797	9.672305959033961	0.4293465316367258
C7	IGFBP2	4	3	1.5094242161911104	3.8088449113681118	-2.9836663022817524
C7	NCCRP1	4	3	1.495514430207888	3.3395229614340094	-8.169480331653766
C7	FCGBP	4	3	1.4951734831149712	10.792655266815999	-0.9933741393506151
C7	COL15A1	3	3	1.3222017335524106	12.743733104448959	1.1170199762523063
C7	GADD45B	5	3	1.3156196309321062	11.307212127497001	-14.66051843341483
C7	DUSP1	6	3	1.2506184751738534	19.406990947586518	-15.75207642859782
C7	PPP1R1B	4	3	1.107404195744897	5.120164408915497	-1.610075025231954
C7	PNLIP	3	3	1.0514205686661382	4.44461507706048	0.3351706460466039
C7	IGLV9-49	4	3	1.0159022570528031	4.384887023377905	-0.32001555836631723
C7	MUC3A	5	3	0.9357445067702976	7.6893678415098154	-2.2665435175942403
C7	REG1A	5	3	0.920679458414826	10.094454226750013	-2.882873672615667
C7	CYP3A5	5	3	0.3796656425285315	5.689190768818995	-7.418532493830014
C7	CPA2	3	3	0.280288721602213	5.896084006253164	0.08704930171531398
C7	GCNT3	5	3	0.10846155134339787	0.453385658413502	-4.294382632338939
C7	AZGP1	6	3	0.03534185731866202	6.450144312647824	-6.603477148245007
C7	LYZ	6	3	-0.03251565855990461	4.803059851258131	-13.7062653737456
C7	IGFBP5	8	3	-0.13314044605484585	7.1439836324885215	-11.482004207646087
C7	FBLN2	6	3	-0.34911267809401647	7.507060123054082	-5.948944606094975
C7	OLFM4	8	3	-0.6578342552787542	17.82636848518293	-8.402752135095403
C7	LAPTM5	6	3	-1.2540448900329677	3.933988585925704	-5.699470426640516
C7	LGALS4	9	3	-1.304422740205485	5.741110728641959	-18.44469262380422
C7	CCDC80	7	3	-1.381009528822746	13.645535404209744	-8.807876615718143
C7	WFDC2	8	3	-1.440377572791654	5.053757362090777	-26.253369582184554
C7	KCNK1	10	3	-1.4862620525307029	3.7270201731225368	-4.9604009865641965
C7	SPINK1	7	3	-1.605776663333933	5.668248580385072	-3.8073811809039753
C7	CCN2	8	3	-1.8211844401318624	6.530246675514099	-11.80713735043042
C7	SFRP2	8	3	-1.9429858509114384	7.464090094781186	-12.087521730907532
C7	HLA-DRA	7	3	-2.008566493833638	10.764276557424832	-5.991279956387502
C7	ACTA2	7	3	-2.1675831565957866	5.755480598940905	-7.678128134514746
C7	NR4A1	8	3	-3.882476919270686	23.862498579510902	-19.90435094741586
C7	FOSB	8	3	-3.9507087399536216	19.396655345424342	-16.252758115916933
C7	ELF3	10	3	-4.279913718908363	7.063404280495499	-28.761511541570783
C7	MUC1	8	3	-4.535911097011773	3.41133040513137	-30.93620869982836
C7	MMP7	10	3	-4.675440285439729	5.729095980973341	-22.14034305771517
C7	TSPAN1	7	3	-5.148470520125854	6.337118755975559	-24.26764674265469
C7	ACTG2	7	3	-5.202859965960663	11.728212549341393	-14.751810732375464
C7	KRT7	9	3	-5.7723543115385585	6.69354442482466	-32.46546999028037
C7	KRT18	9	3	-5.934864516893429	4.3866007590220555	-30.664492952555225
C7	ZBTB16	2	2	16.318532648518257	17.771482413982827	14.865582883053689
C7	CCN3	2	2	15.992781755905284	23.43742951461567	8.5481339971949
C7	AOX1	2	2	14.717794333630348	22.80031536074655	6.635273306514145
C7	CLDN5	2	2	14.508757297508016	17.369535886677806	11.647978708338226
C7	F2R	2	2	14.408922725769628	17.084588017698003	11.733257433841251
C7	ATRNL1	2	2	14.402763869613604	18.778862303896652	10.026665435330559
C7	DLK1	2	2	13.922302838779249	18.46615013747273	9.378455540085765
C7	NGFR	2	2	13.38726988170152	13.798055726174274	12.976484037228767
C7	PGF	2	2	13.347522533048078	15.382317901262018	11.31272716483414
C7	NRXN2	2	2	12.953130299480105	13.936903379124747	11.969357219835464
C7	PEG10	2	2	12.932834569533604	18.705152894397486	7.160516244669723
C7	MMP19	2	2	12.771622750157595	17.887722832655882	7.655522667659309
C7	GGT5	2	2	12.444921357970278	17.35867119013347	7.5311715258070855
C7	INMT	2	2	12.255169804994152	12.480343600341278	12.029996009647025
C7	SVEP1	2	2	12.063716588643466	18.645748971815145	5.481684205471785
C7	NTRK2	2	2	11.914324866896646	12.348428587597372	11.48022114619592
C7	SERPINA5	2	2	11.814851787862453	19.151225627603495	4.478477948121413
C7	FRZB	2	2	11.682870406008231	13.83830737537237	9.527433436644092
C7	TRBC1	2	2	11.374343582705325	12.190639451742507	10.558047713668143
C7	PI15	2	2	11.07054494266936	18.205959775320345	3.9351301100183753
C7	ACKR1	2	2	10.604000796186046	16.28465810744805	4.923343484924041
C7	NDRG2	2	2	10.499337172368701	12.75945744487744	8.239216899859963
C7	ADAMTS9	2	2	10.232625082962219	19.08004245779037	1.3852077081340692
C7	NR2F1	2	2	10.058004468701242	11.019003875620546	9.097005061781937
C7	VWF	3	2	9.919239432000627	10.511752380254038	-2.428579307274903
C7	CXCL13	2	2	9.800036683390696	14.681587420205139	4.918485946576253
C7	MS4A1	2	2	9.516207122531416	17.31596123553411	1.7164530095287223
C7	NCAM1	2	2	9.354229305539642	15.989641430655752	2.718817180423531
C7	WNT4	2	2	8.965109548339324	10.075155188103853	7.855063908574796
C7	PTPRC	2	2	8.90950679195825	9.97973309055598	7.839280493360523
C7	SCRG1	2	2	8.791542763668724	9.116506942714652	8.466578584622797
C7	TBC1D1	2	2	8.664460618008183	10.025254751653287	7.303666484363078
C7	GJD2	2	2	8.652700805488578	12.08622098175834	5.219180629218816
C7	FCMR	2	2	8.647278657218719	15.697300415062353	1.5972568993750853
C7	CLEC14A	2	2	8.496591921390564	10.046090392048383	6.947093450732748
C7	CAVIN2	2	2	8.477957832572745	12.389367785021065	4.566547880124426
C7	PPP1R12B	2	2	8.390243055918749	8.638182668384763	8.142303443452732
C7	DTX1	2	2	8.186641208416503	12.00900336426111	4.364279052571898
C7	G6PC2	2	2	8.081620726781688	12.383159568090752	3.7800818854726232
C7	PLN	3	2	7.898774830307571	8.040956599508613	-3.12445695496958
C7	FCRL1	2	2	7.857627221584572	13.731588157181635	1.9836662859875085
C7	PODN	2	2	7.843734466167789	7.927420886556005	7.760048045779573
C7	FXYD1	2	2	7.822581967457175	11.267043388943364	4.378120545970986
C7	CYP1B1	2	2	7.704243332948582	9.9219983867478	5.486488279149364
C7	EGR3	2	2	7.631621226384477	9.898298300384267	5.3649441523846875
C7	KIAA1324	2	2	7.620689324136617	11.03489797544147	4.206480672831764
C7	SH3BP5	3	2	7.504340564007301	17.278416119567023	-6.4566021745451305
C7	LXN	2	2	7.449174888194336	9.208434660785272	5.6899151156034
C7	STAR	2	2	7.354674442065634	12.951517202009025	1.7578316821222422
C7	SBSPON	2	2	7.341451248183102	9.241987405806853	5.440915090559351
C7	FXYD6	2	2	7.269826216479978	8.08831709240835	6.451335340551607
C7	SYNM	2	2	7.209680798529283	9.927434030554219	4.491927566504348
C7	PCSK2	2	2	7.202762789980623	12.939985416575281	1.4655401633859646
C7	RBPMS2	2	2	7.062088783569928	9.320630715869019	4.803546851270839
C7	TSC22D3	2	2	7.049444855141921	10.05164129731609	4.047248412967753
C7	IGFBP7	2	2	6.946142412001233	9.37641064871092	4.515874175291547
C7	STOM	2	2	6.922188945976677	10.120750319611473	3.72362757234188
C7	CCR7	2	2	6.790373686705702	12.47018352307947	1.110563850331933
C7	TSPAN7	2	2	6.7499234457131445	9.308766735592958	4.1910801558333315
C7	GUCY1A1	2	2	6.748068074508943	9.906754877731393	3.5893812712864936
C7	RGMA	2	2	6.585515120781855	8.040158580563471	5.130871661000239
C7	NEUROD1	2	2	6.5258665275092556	9.375211654979006	3.676521400039505
C7	NRXN1	2	2	6.51886530782543	10.099078784489619	2.9386518311612413
C7	PDGFRA	2	2	6.491738491491321	9.093479573488018	3.8899974094946246
C7	NFASC	2	2	6.358241243560407	8.110151213024965	4.606331274095848
C7	IGLV6-57	3	2	6.30667590041301	7.614055914823744	-2.2901469295920283
C7	CRYAB	2	2	6.278760228616761	6.668522613510307	5.888997843723215
C7	STAB1	2	2	6.2451549856803155	10.757013686703361	1.7332962846572693
C7	SLC6A9	2	2	6.219772808206782	10.408537567014253	2.031008049399312
C7	CKB	3	2	5.967288373895992	8.244327305305939	-6.431716098230497
C7	RAMP1	2	2	5.963334550060042	8.048775201491267	3.8778938986288165
C7	CCDC3	2	2	5.900434330411399	6.73122471015386	5.069643950668938
C7	PPP1R1A	2	2	5.886747958488154	9.07071025374713	2.702785663229179
C7	PRUNE2	2	2	5.874844829766506	7.029006173152962	4.72068348638005
C7	CPLX2	2	2	5.804253404379175	9.359010461479299	2.2494963472790515
C7	NBEAL2	2	2	5.7681756489058005	9.259781618395444	2.2765696794161574
C7	ITGB3	2	2	5.681278003072996	6.442653076189332	4.91990292995666
C7	ALS2CL	2	2	5.57801063917358	7.6175101148961595	3.538511163451
C7	CRYBA2	2	2	5.50185461707383	9.314674048354249	1.6890351857934116
C7	CXCR4	4	2	5.4246615571401415	16.90410010289094	-8.123771926602917
C7	NTRK3	2	2	5.407219691517922	10.5067578536683	0.3076815293675416
C7	ACHE	2	2	5.353950999577503	9.509131443721913	1.198770555433093
C7	LAMA5	3	2	5.277128827528399	8.999512963664753	-2.3010664063668127
C7	CPXM2	2	2	5.000652890478687	6.32922748693169	3.672078294025683
C7	TNFSF14	2	2	4.843369478427324	5.395229288364111	4.291509668490537
C7	TMEM204	2	2	4.84273452946078	5.902635900794262	3.7828331581272985
C7	XBP1	2	2	4.772430016701956	8.583973813463961	0.9608862199399512
C7	CFL2	2	2	4.699162132916783	6.786860287483107	2.611463978350459
C7	IFITM10	2	2	4.676053961484268	8.266938446844765	1.0851694761237707
C7	FXYD2	2	2	4.5616351422972565	4.581199022828884	4.542071261765629
C7	IL33	2	2	4.560783708372048	5.085843382427055	4.03572403431704
C7	CLIC5	2	2	4.342574452378317	7.089158718559799	1.595990186196835
C7	VILL	2	2	4.237199407556663	7.08626325377845	1.388135561334875
C7	LBH	2	2	4.1467654254915916	6.572602570569446	1.7209282804137371
C7	NR5A2	2	2	4.090615128951656	5.839937905898869	2.341292352004444
C7	CFB	3	2	4.04580822492472	7.522753695936986	-0.6398405057913255
C7	AC007906.2	2	2	3.897079939138341	5.21565873902503	2.5785011392516517
C7	EMILIN1	3	2	3.8310646254295637	3.837921840026722	-6.5923823510889195
C7	AQP3	3	2	3.8247790039172016	5.488650355055983	-17.39584399149762
C7	GATM	2	2	3.716997334635865	3.8714758209657893	3.56251884830594
C7	SYCN	2	2	3.676461062194641	5.211653007185996	2.141269117203286
C7	FGA	2	2	3.6125851223940817	5.1743549367270285	2.0508153080611344
C7	MXRA7	2	2	3.4763087820551437	3.9216624254194175	3.03095513869087
C7	DCD	2	2	3.4040417204603686	4.678867123557524	2.1292163173632135
C7	BGN	3	2	3.400121112446984	8.427075847430848	-16.4536071926532
C7	LIMS2	4	2	3.393024199463899	8.511346307656767	-7.241614270022863
C7	TM4SF4	3	2	3.236543667705079	7.725407437413019	-0.8543501906188916
C7	PNLIPRP1	2	2	3.2274898662030584	5.620769470512985	0.8342102618931316
C7	IGHV6-1	3	2	3.173804240213522	6.9036641812399875	-0.6553814578924041
C7	PRXL2B	2	2	3.0954343212175877	4.350034962981953	1.8408336794532223
C7	C6orf141	3	2	3.046448832722993	7.7926581288710945	-3.0645615659887815
C7	PRICKLE4	2	2	2.8907276054191833	4.880992906111778	0.9004623047265891
C7	CDC42EP5	2	2	2.8885117172617347	4.682616750234643	1.0944066842888263
C7	AMBP	2	2	2.8428194222243337	4.42415566566436	1.2614831787843075
C7	SNAP25	2	2	2.8306285613225874	5.355380770215805	0.3058763524293695
C7	SOX9	3	2	2.8053039086248126	5.172061115173781	-7.908270605124679
C7	GP2	2	2	2.766818455313196	5.46994338471693	0.06369352590946163
C7	ERN2	2	2	2.745340645824259	5.0267674489453	0.46391384270321817
C7	MMP28	2	2	2.6316049488044433	4.826682376104512	0.4365275215043744
C7	HLA-DQA1	3	2	2.5972102899452487	8.25175686180589	-2.3590859248299676
C7	ONECUT1	2	2	2.585153799375063	4.390183529575119	0.7801240691750072
C7	SLC4A4	2	2	2.5844020801092067	3.9592021508874904	1.2096020093309232
C7	MARCKSL1	2	2	2.510207934455203	3.747217142002587	1.2731987269078187
C7	CLDN1	3	2	2.506521815223095	8.127051660545407	-18.2784304762719
C7	SFTA2	3	2	2.501257711277621	2.58068821683386	-7.428101457743622
C7	PLVAP	2	2	2.4994584654634866	2.5318970735256126	2.4670198574013606
C7	CPB1	3	2	2.480091646746798	5.177839501374729	-1.6886912152933395
C7	TGM2	4	2	2.3985221560269308	19.474903243028347	-11.323694627864391
C7	SLC34A2	3	2	2.3844408399211905	4.312015127754618	-0.18343478978248942
C7	NEURL3	2	2	2.2837327124484483	3.467580038602577	1.0998853862943199
C7	SAA2	3	2	2.1985470452868117	2.684087204783428	-10.268105794960311
C7	SAA1	3	2	2.0847844085322125	4.392513215345491	-8.992762713389945
C7	EVPL	2	2	2.0452692441027036	3.876782910078961	0.213755578126446
C7	BCAM	3	2	2.0407972278404287	7.0435373474400045	-3.1721170516970774
C7	RDH10	2	2	2.016636026390689	2.1769230861020086	1.8563489666793689
C7	CHCHD1	2	2	2.0064891976557013	2.5571505385316136	1.4558278567797889
C7	HPGD	2	2	1.8678466185373368	3.443757355576173	0.2919358814985003
C7	MIA	2	2	1.8572417255711606	3.573960186165855	0.14052326497646617
C7	KRT13	3	2	1.7877421652474654	8.089904393824638	-0.6099968399642358
C7	VIM	2	2	1.6983172186487772	2.065495870706212	1.3311385665913424
C7	PHACTR3	3	2	1.6716944917311736	6.0603748514104705	-9.789167506944798
C7	CA2	3	2	1.5923670289529246	4.0191991442181445	-1.5092587528521264
C7	FTL	3	2	1.5418409735714331	1.8615309864632488	-0.5778251841318032
C7	MYL9	3	2	1.4362597489753464	6.386380611543313	-3.993440749369977
C7	SCTR	2	2	1.3659450949979037	1.914729354886003	0.8171608351098048
C7	MXRA8	4	2	1.2580431087954942	4.719660975998103	-2.357829350647791
C7	PRSS1	4	2	1.241315041714823	5.496099671490181	-0.9930610346994588
C7	SOD2	3	2	1.2359607522085336	4.415093195804832	-0.49826614027031274
C7	ANXA4	3	2	1.0750871077580137	2.1359393829679534	-6.38697192768276
C7	SOCS3	3	2	0.9987501986229603	10.426254758909778	-4.046082719400001
C7	PGC	4	2	0.9944447466569447	7.865169715341667	-2.31120278810927
C7	CPA1	3	2	0.8701242930946176	4.894847323471349	-1.0623828245455251
C7	IGHV5-10-1	3	2	0.8594477329651872	5.079717630023774	-3.052106927705686
C7	CYSTM1	4	2	0.8513221231976381	6.356935978316669	-2.8911380398441486
C7	TOB1	3	2	0.8452310512301752	2.3721778120557007	-4.574852733102752
C7	AQP5	3	2	0.8002129102157032	1.4570885103734135	-2.9139471263075007
C7	CDH17	2	2	0.6286035441976594	0.9094474663771572	0.34775962201816163
C7	MYLK	4	2	0.5179913525177655	7.3868712195738295	-8.494845977246884
C7	CST6	3	2	0.4511596087806578	2.2155697600352804	-10.901697594074351
C7	CHI3L1	3	2	0.37615524389205984	1.0139647751311067	-0.3932606547276981
C7	CTRC	3	2	0.30795440438139066	6.1817168315817295	-0.14423888422178696
C7	KIAA1522	3	2	0.27815049954901216	5.2677917420813625	-12.503554608028496
C7	ANXA10	3	2	0.23956673424670805	1.0312496510878104	-3.097775786604049
C7	ADAMTS4	3	2	0.20333982795692038	10.802799347800704	-3.460613563543232
C7	OLFML2B	3	2	0.13220293083094423	0.6062453520634767	-5.393974030136944
C7	CELA3A	3	2	0.10796481893105102	7.826775331892253	-0.34204346145027037
C7	SRGN	3	2	0.021032879006070763	5.8257056914670455	-4.368413332515708
C7	CXCL17	4	2	0.004994591844570295	5.873530325325763	-4.008331350040752
C7	SULT1C2	5	2	-0.08515181278759126	4.824434318062286	-6.020233102459933
C7	MUC5AC	4	2	-0.10542099518532866	4.473075115266802	-2.272662386901354
C7	ATF3	4	2	-0.15394062126595243	8.05235360660107	-7.020221148232788
C7	TCN1	5	2	-0.18369819853675054	8.34118160368166	-4.744121296601271
C7	FSTL1	4	2	-0.2872420889238606	1.1183560216713666	-9.09957219771863
C7	RHOB	4	2	-0.4863392867044367	5.117696166055275	-9.214658196748276
C7	MT2A	5	2	-0.5335389973016608	2.4914167999606227	-3.0950756118327094
C7	KCND2	10	2	-0.5369413357536427	5.013070596256855	-2.7316367659541148
C7	CALD1	4	2	-0.5737587715335757	4.636593319338404	-6.838233534015016
C7	TNC	5	2	-0.706917185629237	13.886654055038312	-7.58360641253841
C7	GPX2	6	2	-0.7220283972526921	4.487114839343836	-31.667295537807384
C7	MS4A7	4	2	-0.7732424181559664	9.130791887527737	-2.1392990411580777
C7	INPP4B	4	2	-0.9717295581984453	7.31087529048284	-5.419616460744053
C7	KCNJ15	10	2	-0.9942249694210074	4.91459311705806	-9.639495536477105
C7	SPARC	4	2	-1.0002280780141175	2.03068407177722	-3.6134284461855293
C7	CDH1	5	2	-1.0110904757403993	5.261143009599201	-7.207273415992371
C7	SMAD3	4	2	-1.3694399270453859	6.384935533233727	-16.064750067282915
C7	HOPX	4	2	-1.4054798782423519	2.99605167754674	-6.2944898452932545
C7	NQO1	6	2	-1.552048065686984	3.5633582721768047	-30.730002291113944
C7	FBXO32	5	2	-1.7821013253043527	8.746003344411521	-8.469731632301567
C7	KLK7	4	2	-1.8419918831776132	3.112929951331336	-7.2454856263922744
C7	APOE	6	2	-1.8696355193401004	0.8879422236262053	-3.798282646679875
C7	AEBP1	6	2	-1.9253125950189356	4.8707073043747515	-3.9187679566898157
C7	TFF1	7	2	-1.953305827529889	3.231218127768157	-4.693256795333914
C7	C1QB	6	2	-2.031332057090972	4.429483190014175	-4.419969132668664
C7	TMC5	7	2	-2.062498393096732	4.982413853413249	-14.60310019513718
C7	LUM	6	2	-2.1365093381907303	5.650531599024765	-10.823016619853382
C7	MUC5B	6	2	-2.1704352497347217	2.016577306864595	-4.064035010448963
C7	NUPR1	5	2	-2.175879851089174	6.806850070688754	-5.07002232920768
C7	TIMP3	4	2	-2.235856006785723	2.330558508741885	-17.01034962380135
C7	FXYD3	8	2	-2.289017854206265	3.3297331711455267	-31.82408627989744
C7	CST1	7	2	-2.47041151661923	11.94120179364618	-25.07047953510497
C7	ANTXR1	6	2	-2.564302429591704	1.8847647709402715	-11.58864579721679
C7	PCOLCE	4	2	-2.593502703289076	2.831102355857325	-7.315905461728085
C7	COL6A3	4	2	-2.7252938571560597	2.6085746244479506	-15.554961461752692
C7	CGN	4	2	-2.7971355701977907	6.751156699033681	-18.22640873729654
C7	CDH11	7	2	-2.797863097453238	1.0151173180058333	-15.458430452960375
C7	ANO1	5	2	-2.934205962171639	12.65144639439954	-17.252235854484613
C7	PDZK1IP1	7	2	-3.0028067760530996	8.070836887987785	-8.415179737863001
C7	THBS1	7	2	-3.1937882971878846	10.368072722201031	-17.002128045670222
C7	TRIM29	5	2	-3.2584534836122887	1.4045576609480859	-28.419872666375316
C7	TMPRSS4	6	2	-3.6088064120360936	3.662046868052213	-20.441501400921087
C7	EGR1	4	2	-3.895089087935161	3.927260666651685	-14.991699385996746
C7	SULF1	6	2	-4.095002755251005	5.252255907268497	-26.690138139584803
C7	LMCD1	4	2	-4.125529101619118	7.700169145323402	-11.318423477126226
C7	TAGLN	6	2	-4.271864530609911	9.055516847411422	-11.799406937581717
C7	ID1	6	2	-4.310646780727219	4.127523104493107	-9.89163300788741
C7	CCN1	8	2	-4.3789662533231875	13.180765788010069	-12.538428744983245
C7	KRT8	7	2	-4.424323897976783	7.00487939288579	-30.5334502790363
C7	GPRC5A	7	2	-4.462788476810391	5.392062700980496	-8.844515477646173
C7	TPM2	5	2	-4.5193305949239795	4.569547274347165	-5.0489112821232744
C7	DPT	6	2	-4.848661092638163	15.494587086098528	-9.273510770802387
C7	TACSTD2	7	2	-4.945536330934546	6.386838915726333	-28.38477379936502
C7	CRABP2	6	2	-5.064169317004459	1.5258490882822633	-8.103481250234937
C7	ITGA3	5	2	-5.15138734350258	6.796692596495947	-18.316941247299606
C7	ATP1B1	7	2	-5.3543260727649145	7.288224463257972	-16.04154649952849
C7	EPCAM	7	2	-5.516996436397948	5.738085210217429	-24.922123667244815
C7	S100P	8	2	-5.517968578970605	7.948512384422462	-29.013568268364743
C7	POSTN	8	2	-5.796237767371705	2.6182997499980134	-25.71036048266697
C7	MLPH	7	2	-5.918521257518187	6.525791209305625	-17.598376831578513
C7	INAVA	5	2	-5.958141425737289	6.954083113576343	-22.89299483185193
C7	CTHRC1	9	2	-6.117733526666113	2.4701850593604804	-22.734869014467975
C7	LAD1	6	2	-6.181092222651188	0.33899464630627874	-21.97159897382762
C7	SERPINE1	8	2	-6.554025721892339	3.400860252789032	-22.310394534831516
C7	ITGB6	6	2	-6.630576940590886	9.416596699954187	-18.83096252847127
C7	ITGB4	9	2	-7.468574929322186	4.333616259567676	-16.452707283187035
C7	ERN1	1	1	21.756834888446065	21.756834888446065	21.756834888446065
C7	SEMA6A	1	1	20.46374713473226	20.46374713473226	20.46374713473226
C7	FAM166B	1	1	19.901129076966658	19.901129076966658	19.901129076966658
C7	SPOCK2	1	1	19.37382369348854	19.37382369348854	19.37382369348854
C7	ALKAL2	1	1	19.30882082288678	19.30882082288678	19.30882082288678
C7	MGARP	1	1	19.250275026349986	19.250275026349986	19.250275026349986
C7	ABCB1	1	1	19.211326653959468	19.211326653959468	19.211326653959468
C7	NKAIN1	1	1	19.043911486633473	19.043911486633473	19.043911486633473
C7	SLC47A1	1	1	18.92669730263089	18.92669730263089	18.92669730263089
C7	SLC16A9	1	1	18.803343428122037	18.803343428122037	18.803343428122037
C7	CYP11B2	1	1	18.78968135985822	18.78968135985822	18.78968135985822
C7	MAPK4	1	1	18.702628829397856	18.702628829397856	18.702628829397856
C7	CTH	1	1	18.640332675729553	18.640332675729553	18.640332675729553
C7	TBX3	1	1	18.452947749768363	18.452947749768363	18.452947749768363
C7	CYP11A1	1	1	18.431886975194193	18.431886975194193	18.431886975194193
C7	NR5A1	1	1	18.251147509451275	18.251147509451275	18.251147509451275
C7	PRKAR2B	1	1	18.232291190544984	18.232291190544984	18.232291190544984
C7	C2orf66	1	1	18.071587208327696	18.071587208327696	18.071587208327696
C7	VAT1L	1	1	17.950273253308353	17.950273253308353	17.950273253308353
C7	CR2	1	1	17.834757294907185	17.834757294907185	17.834757294907185
C7	CYP19A1	1	1	17.815530923760736	17.815530923760736	17.815530923760736
C7	CYP17A1	1	1	17.39932233494551	17.39932233494551	17.39932233494551
C7	TSHZ2	1	1	17.32071529350016	17.32071529350016	17.32071529350016
C7	FNDC4	1	1	16.958193004266594	16.958193004266594	16.958193004266594
C7	PEG3	1	1	16.860556436321055	16.860556436321055	16.860556436321055
C7	CPEB4	1	1	16.79689915467141	16.79689915467141	16.79689915467141
C7	CYP21A2	1	1	16.756900830800763	16.756900830800763	16.756900830800763
C7	SOAT1	1	1	16.68178017803102	16.68178017803102	16.68178017803102
C7	SLC22A3	1	1	16.55654360233436	16.55654360233436	16.55654360233436
C7	SLC19A2	1	1	16.449762590545646	16.449762590545646	16.449762590545646
C7	ALAS1	1	1	16.258037716462038	16.258037716462038	16.258037716462038
C7	TGFBR3	1	1	16.236937123363496	16.236937123363496	16.236937123363496
C7	DNAJC12	1	1	16.23615911612568	16.23615911612568	16.23615911612568
C7	ASB4	1	1	16.18468698280742	16.18468698280742	16.18468698280742
C7	SLC23A2	1	1	16.080700304980418	16.080700304980418	16.080700304980418
C7	GRAMD1B	1	1	16.025294479463494	16.025294479463494	16.025294479463494
C7	CYP11B1	1	1	15.935741739440104	15.935741739440104	15.935741739440104
C7	SORBS2	1	1	15.871352827077377	15.871352827077377	15.871352827077377
C7	FGF12	1	1	15.797234204514451	15.797234204514451	15.797234204514451
C7	AS3MT	1	1	15.65165938239192	15.65165938239192	15.65165938239192
C7	DNASE1L3	1	1	15.540771985710192	15.540771985710192	15.540771985710192
C7	SLC1A2	1	1	15.35075148521813	15.35075148521813	15.35075148521813
C7	AADAC	1	1	15.269193126023927	15.269193126023927	15.269193126023927
C7	ERG	1	1	15.227313639714064	15.227313639714064	15.227313639714064
C7	SELL	1	1	15.145778886264276	15.145778886264276	15.145778886264276
C7	LDLR	1	1	14.891801163719371	14.891801163719371	14.891801163719371
C7	KCNQ1	1	1	14.798215841534097	14.798215841534097	14.798215841534097
C7	ALDH3A2	1	1	14.788989713338587	14.788989713338587	14.788989713338587
C7	FDXR	1	1	14.760770322511176	14.760770322511176	14.760770322511176
C7	MC2R	1	1	14.611637417081468	14.611637417081468	14.611637417081468
C7	SUSD5	1	1	14.515266269892237	14.515266269892237	14.515266269892237
C7	IRF8	1	1	14.412308755322774	14.412308755322774	14.412308755322774
C7	FGF9	1	1	14.306532646906392	14.306532646906392	14.306532646906392
C7	AC119396.1	1	1	14.2382706637868	14.2382706637868	14.2382706637868
C7	DYNLL2	1	1	14.160340614614004	14.160340614614004	14.160340614614004
C7	PTGIR	1	1	14.144618811797123	14.144618811797123	14.144618811797123
C7	ADAMTS8	1	1	13.958563124760001	13.958563124760001	13.958563124760001
C7	LONRF2	1	1	13.89839378171795	13.89839378171795	13.89839378171795
C7	CREM	1	1	13.879029341991377	13.879029341991377	13.879029341991377
C7	CASP9	1	1	13.813480649540447	13.813480649540447	13.813480649540447
C7	ZNF275	1	1	13.79921342630881	13.79921342630881	13.79921342630881
C7	C2CD2	1	1	13.787642461244625	13.787642461244625	13.787642461244625
C7	ZBTB21	1	1	13.685822756937593	13.685822756937593	13.685822756937593
C7	SEPTIN1	1	1	13.68427966731852	13.68427966731852	13.68427966731852
C7	MOB4	1	1	13.67443174560978	13.67443174560978	13.67443174560978
C7	CD79A	1	1	13.597732415868409	13.597732415868409	13.597732415868409
C7	POU2AF1	1	1	13.571435131007492	13.571435131007492	13.571435131007492
C7	KLHDC8B	1	1	13.554550125995735	13.554550125995735	13.554550125995735
C7	TM7SF2	1	1	13.501912871255906	13.501912871255906	13.501912871255906
C7	GSTA4	1	1	13.47954044469093	13.47954044469093	13.47954044469093
C7	TBX2	1	1	13.451709316313849	13.451709316313849	13.451709316313849
C7	NIBAN3	1	1	13.299471523504744	13.299471523504744	13.299471523504744
C7	ABTB2	1	1	13.176481649936216	13.176481649936216	13.176481649936216
C7	KCNJ5	1	1	13.15192678815232	13.15192678815232	13.15192678815232
C7	PAX5	1	1	13.10422856754848	13.10422856754848	13.10422856754848
C7	RIPOR2	1	1	13.066211145002612	13.066211145002612	13.066211145002612
C7	MCOLN3	1	1	12.996870520459499	12.996870520459499	12.996870520459499
C7	CD22	1	1	12.966713611937111	12.966713611937111	12.966713611937111
C7	RASGRP2	1	1	12.922391804456685	12.922391804456685	12.922391804456685
C7	HOXA5	1	1	12.889195989810794	12.889195989810794	12.889195989810794
C7	CYGB	1	1	12.804000496168634	12.804000496168634	12.804000496168634
C7	CD79B	1	1	12.74464975656433	12.74464975656433	12.74464975656433
C7	NPC1	1	1	12.724600713138122	12.724600713138122	12.724600713138122
C7	SFRP1	1	1	12.712483806257005	12.712483806257005	12.712483806257005
C7	JAZF1	1	1	12.55223723293527	12.55223723293527	12.55223723293527
C7	CTNNAL1	1	1	12.53611835746037	12.53611835746037	12.53611835746037
C7	IKZF1	1	1	12.469214295203082	12.469214295203082	12.469214295203082
C7	ZNF503	1	1	12.408291589868185	12.408291589868185	12.408291589868185
C7	MT1A	1	1	12.377634458936024	12.377634458936024	12.377634458936024
C7	TMC8	1	1	12.37626752890074	12.37626752890074	12.37626752890074
C7	PGAP1	1	1	12.371980684983004	12.371980684983004	12.371980684983004
C7	CDH5	1	1	12.362667745289944	12.362667745289944	12.362667745289944
C7	FN3K	1	1	12.350759491110926	12.350759491110926	12.350759491110926
C7	TPD52L1	1	1	12.343485927332312	12.343485927332312	12.343485927332312
C7	QPCT	1	1	12.342421343666453	12.342421343666453	12.342421343666453
C7	LTBP2	1	1	12.312192047827052	12.312192047827052	12.312192047827052
C7	CD19	1	1	12.25408919455462	12.25408919455462	12.25408919455462
C7	NAP1L5	1	1	12.216437105279047	12.216437105279047	12.216437105279047
C7	CAMK2N2	1	1	12.02399832428634	12.02399832428634	12.02399832428634
C7	CD3D	1	1	12.015916885475935	12.015916885475935	12.015916885475935
C7	FBLIM1	1	1	11.999370071610493	11.999370071610493	11.999370071610493
C7	AMDHD1	1	1	11.888778282780619	11.888778282780619	11.888778282780619
C7	FHL5	1	1	11.844812874777395	11.844812874777395	11.844812874777395
C7	RASL12	1	1	11.77041843987478	11.77041843987478	11.77041843987478
C7	EFHD1	1	1	11.603154499839855	11.603154499839855	11.603154499839855
C7	FAM222A	1	1	11.589622766503947	11.589622766503947	11.589622766503947
C7	NPDC1	1	1	11.549912848494344	11.549912848494344	11.549912848494344
C7	SYT7	1	1	11.352801263398202	11.352801263398202	11.352801263398202
C7	PRG4	1	1	11.29209612356015	11.29209612356015	11.29209612356015
C7	CDH2	1	1	11.23289251365231	11.23289251365231	11.23289251365231
C7	MRVI1	1	1	11.184196199205548	11.184196199205548	11.184196199205548
C7	LAMA2	1	1	11.155381646828497	11.155381646828497	11.155381646828497
C7	TRAF3IP3	1	1	11.152143593167665	11.152143593167665	11.152143593167665
C7	ACAP1	1	1	11.133291404842105	11.133291404842105	11.133291404842105
C7	PTEN	1	1	11.02661060938139	11.02661060938139	11.02661060938139
C7	NR2F2	1	1	10.911190488191785	10.911190488191785	10.911190488191785
C7	CALN1	1	1	10.903514243197508	10.903514243197508	10.903514243197508
C7	MATN2	1	1	10.893951598908929	10.893951598908929	10.893951598908929
C7	SCARB1	1	1	10.747437023153008	10.747437023153008	10.747437023153008
C7	WFDC1	1	1	10.709779640207277	10.709779640207277	10.709779640207277
C7	EVL	1	1	10.697699209844572	10.697699209844572	10.697699209844572
C7	C1QTNF1	1	1	10.642332281106595	10.642332281106595	10.642332281106595
C7	ABI3BP	1	1	10.550652600599078	10.550652600599078	10.550652600599078
C7	MRAP	1	1	10.539045521099625	10.539045521099625	10.539045521099625
C7	TBC1D10C	1	1	10.531516404858818	10.531516404858818	10.531516404858818
C7	PROS1	1	1	10.456136948073608	10.456136948073608	10.456136948073608
C7	GPC3	1	1	10.446210560339223	10.446210560339223	10.446210560339223
C7	KDM6B	1	1	10.428146237057117	10.428146237057117	10.428146237057117
C7	GRIA3	1	1	10.406021089922687	10.406021089922687	10.406021089922687
C7	RERGL	1	1	10.405617139747159	10.405617139747159	10.405617139747159
C7	AKNA	1	1	10.37370004358185	10.37370004358185	10.37370004358185
C7	TP53INP2	1	1	10.360061466760556	10.360061466760556	10.360061466760556
C7	HMGCR	1	1	10.315202950426263	10.315202950426263	10.315202950426263
C7	PCSK1	1	1	10.253843452221261	10.253843452221261	10.253843452221261
C7	OAF	1	1	10.246439124027177	10.246439124027177	10.246439124027177
C7	LTBP4	1	1	10.214929585087432	10.214929585087432	10.214929585087432
C7	GPBAR1	1	1	10.165462899742588	10.165462899742588	10.165462899742588
C7	EIF4B	1	1	10.153092433397411	10.153092433397411	10.153092433397411
C7	PCSK1N	1	1	9.987772264132369	9.987772264132369	9.987772264132369
C7	GJA4	1	1	9.971173011345435	9.971173011345435	9.971173011345435
C7	ZCCHC24	1	1	9.954903925430154	9.954903925430154	9.954903925430154
C7	CCL14	1	1	9.91907026489609	9.91907026489609	9.91907026489609
C7	MSMO1	1	1	9.839043835773465	9.839043835773465	9.839043835773465
C7	PPARGC1A	1	1	9.82954048092089	9.82954048092089	9.82954048092089
C7	FMO3	1	1	9.825764342798827	9.825764342798827	9.825764342798827
C7	CORO1A	1	1	9.78582414595995	9.78582414595995	9.78582414595995
C7	CHRDL1	1	1	9.692427563461639	9.692427563461639	9.692427563461639
C7	GOT1	1	1	9.59437448457583	9.59437448457583	9.59437448457583
C7	KIAA1755	1	1	9.575229287912434	9.575229287912434	9.575229287912434
C7	TRBC2	1	1	9.556271562663973	9.556271562663973	9.556271562663973
C7	MAPK10	1	1	9.544081593872614	9.544081593872614	9.544081593872614
C7	RAB3C	1	1	9.518442195041773	9.518442195041773	9.518442195041773
C7	TRAJ10	1	1	9.419968463362377	9.419968463362377	9.419968463362377
C7	PGA5	1	1	9.394758794216662	9.394758794216662	9.394758794216662
C7	FDX1	1	1	9.327712801678425	9.327712801678425	9.327712801678425
C7	FADS1	1	1	9.263315738102875	9.263315738102875	9.263315738102875
C7	LIPF	1	1	9.259880815945975	9.259880815945975	9.259880815945975
C7	NGEF	1	1	9.220203075143326	9.220203075143326	9.220203075143326
C7	ACAT2	1	1	9.21074516536956	9.21074516536956	9.21074516536956
C7	TMEM97	1	1	9.169656020419795	9.169656020419795	9.169656020419795
C7	TGFB3	1	1	9.007177015170766	9.007177015170766	9.007177015170766
C7	PTCH1	1	1	8.950137042996209	8.950137042996209	8.950137042996209
C7	RBBP7	1	1	8.935923124479084	8.935923124479084	8.935923124479084
C7	TXNIP	1	1	8.91524672036546	8.91524672036546	8.91524672036546
C7	IL2RG	1	1	8.901125032915731	8.901125032915731	8.901125032915731
C7	HMCN2	1	1	8.832904652070884	8.832904652070884	8.832904652070884
C7	CPED1	1	1	8.817160913969111	8.817160913969111	8.817160913969111
C7	PTN	1	1	8.792749573393902	8.792749573393902	8.792749573393902
C7	SLC2A4	1	1	8.78687865786159	8.78687865786159	8.78687865786159
C7	CDH19	1	1	8.701371688956216	8.701371688956216	8.701371688956216
C7	PCDH18	1	1	8.692985593057685	8.692985593057685	8.692985593057685
C7	TMEM184A	1	1	8.609343786982498	8.609343786982498	8.609343786982498
C7	CACNA1A	1	1	8.549871588107106	8.549871588107106	8.549871588107106
C7	WHRN	1	1	8.541451661081796	8.541451661081796	8.541451661081796
C7	MMRN1	1	1	8.538175332815586	8.538175332815586	8.538175332815586
C7	C1orf21	1	1	8.536958455371602	8.536958455371602	8.536958455371602
C7	C1QL1	1	1	8.5306190958925	8.5306190958925	8.5306190958925
C7	XKR9	1	1	8.476377611380356	8.476377611380356	8.476377611380356
C7	LTBP1	1	1	8.442413165974687	8.442413165974687	8.442413165974687
C7	CYB5B	1	1	8.343669276507175	8.343669276507175	8.343669276507175
C7	FADS3	1	1	8.314495256455338	8.314495256455338	8.314495256455338
C7	SMTN	1	1	8.238864203460823	8.238864203460823	8.238864203460823
C7	CYP51A1	1	1	8.213775661320955	8.213775661320955	8.213775661320955
C7	ECRG4	1	1	8.213116821189608	8.213116821189608	8.213116821189608
C7	NSDHL	1	1	8.20710842019986	8.20710842019986	8.20710842019986
C7	CELF3	1	1	8.108364198397648	8.108364198397648	8.108364198397648
C7	STARD4	1	1	8.096467372009128	8.096467372009128	8.096467372009128
C7	HLA-DRB1	1	1	8.034765267698203	8.034765267698203	8.034765267698203
C7	C1orf116	1	1	8.009009868830649	8.009009868830649	8.009009868830649
C7	CX3CL1	1	1	7.995810108804153	7.995810108804153	7.995810108804153
C7	LSS	1	1	7.979671455290514	7.979671455290514	7.979671455290514
C7	CACNA1H	1	1	7.958479118979617	7.958479118979617	7.958479118979617
C7	ACSS2	1	1	7.956945020790168	7.956945020790168	7.956945020790168
C7	MAN1C1	1	1	7.915181860907557	7.915181860907557	7.915181860907557
C7	TNNC1	1	1	7.888609582232866	7.888609582232866	7.888609582232866
C7	SLIT2	1	1	7.880810430658635	7.880810430658635	7.880810430658635
C7	CRTAP	1	1	7.842330619647724	7.842330619647724	7.842330619647724
C7	RNF207	1	1	7.8258935368558324	7.8258935368558324	7.8258935368558324
C7	MGST1	1	1	7.806921707322362	7.806921707322362	7.806921707322362
C7	CLSTN2	1	1	7.766314820499	7.766314820499	7.766314820499
C7	VASH1	1	1	7.757638215635287	7.757638215635287	7.757638215635287
C7	SMIM4	1	1	7.720112428270054	7.720112428270054	7.720112428270054
C7	CITED4	1	1	7.651505965351795	7.651505965351795	7.651505965351795
C7	LIMD2	1	1	7.636760085808829	7.636760085808829	7.636760085808829
C7	TRAC	1	1	7.619150760799686	7.619150760799686	7.619150760799686
C7	KIF12	1	1	7.6178102481084675	7.6178102481084675	7.6178102481084675
C7	DHCR7	1	1	7.595379117064246	7.595379117064246	7.595379117064246
C7	MT1F	1	1	7.513958624090863	7.513958624090863	7.513958624090863
C7	MPZL2	1	1	7.496181408163824	7.496181408163824	7.496181408163824
C7	KRTDAP	1	1	7.465292245812435	7.465292245812435	7.465292245812435
C7	RARRES1	1	1	7.447312858156419	7.447312858156419	7.447312858156419
C7	KCNMB2	1	1	7.429891395325679	7.429891395325679	7.429891395325679
C7	INSIG1	1	1	7.402472996124461	7.402472996124461	7.402472996124461
C7	SVIL	1	1	7.38978642467824	7.38978642467824	7.38978642467824
C7	CACNB2	1	1	7.36251740307592	7.36251740307592	7.36251740307592
C7	CSF1	1	1	7.227185882363531	7.227185882363531	7.227185882363531
C7	OSR1	1	1	7.200925949857898	7.200925949857898	7.200925949857898
C7	PDGFD	2	1	7.15201909755875	14.411784082702775	-0.1077458875852766
C7	HSPB8	1	1	7.093843152005905	7.093843152005905	7.093843152005905
C7	MAP3K20	1	1	6.993636429314467	6.993636429314467	6.993636429314467
C7	ACSL1	1	1	6.94819292832393	6.94819292832393	6.94819292832393
C7	SCGB2A1	1	1	6.933630850334461	6.933630850334461	6.933630850334461
C7	SBSN	1	1	6.902009962041619	6.902009962041619	6.902009962041619
C7	PKIG	1	1	6.900548149540116	6.900548149540116	6.900548149540116
C7	PALM2-AKAP2	1	1	6.8753441928928645	6.8753441928928645	6.8753441928928645
C7	DHRS2	1	1	6.858868310349096	6.858868310349096	6.858868310349096
C7	GNAS	1	1	6.822007548730318	6.822007548730318	6.822007548730318
C7	CPXM1	1	1	6.77548365470823	6.77548365470823	6.77548365470823
C7	TRPV6	1	1	6.7210354047718175	6.7210354047718175	6.7210354047718175
C7	ALDH2	1	1	6.708066406352213	6.708066406352213	6.708066406352213
C7	CXCL11	1	1	6.617531618293812	6.617531618293812	6.617531618293812
C7	SOX10	1	1	6.616393024282793	6.616393024282793	6.616393024282793
C7	TSPAN2	1	1	6.607785956353864	6.607785956353864	6.607785956353864
C7	SLC37A1	1	1	6.605984738203797	6.605984738203797	6.605984738203797
C7	DTNA	1	1	6.593359406688078	6.593359406688078	6.593359406688078
C7	KIF1C	1	1	6.529161728851896	6.529161728851896	6.529161728851896
C7	PKHD1	1	1	6.5082487848755575	6.5082487848755575	6.5082487848755575
C7	PSD	1	1	6.411222518757075	6.411222518757075	6.411222518757075
C7	FADS2	1	1	6.3765211753489845	6.3765211753489845	6.3765211753489845
C7	ADCYAP1	1	1	6.3580592927320065	6.3580592927320065	6.3580592927320065
C7	SLC37A4	1	1	6.334289943410847	6.334289943410847	6.334289943410847
C7	TMC4	1	1	6.3258033434969425	6.3258033434969425	6.3258033434969425
C7	NFIB	1	1	6.30002404037658	6.30002404037658	6.30002404037658
C7	CIRBP	1	1	6.299016124355377	6.299016124355377	6.299016124355377
C7	TMEM63A	1	1	6.29734921491178	6.29734921491178	6.29734921491178
C7	B4GALNT3	1	1	6.266701023442077	6.266701023442077	6.266701023442077
C7	TC2N	1	1	6.2555005260448215	6.2555005260448215	6.2555005260448215
C7	GAP43	1	1	6.1689152028520695	6.1689152028520695	6.1689152028520695
C7	LOR	1	1	6.162947641519118	6.162947641519118	6.162947641519118
C7	JAG1	1	1	6.14346451979145	6.14346451979145	6.14346451979145
C7	CTRL	1	1	6.13113153288673	6.13113153288673	6.13113153288673
C7	FCGRT	1	1	6.1187387898993855	6.1187387898993855	6.1187387898993855
C7	MORN1	1	1	6.053228756123231	6.053228756123231	6.053228756123231
C7	PLCH2	1	1	6.036139639228605	6.036139639228605	6.036139639228605
C7	UNC5CL	1	1	5.982070050747846	5.982070050747846	5.982070050747846
C7	RHPN1	1	1	5.964446281784253	5.964446281784253	5.964446281784253
C7	DSG1	1	1	5.960970894583216	5.960970894583216	5.960970894583216
C7	SHANK3	1	1	5.947554966548949	5.947554966548949	5.947554966548949
C7	TMEM238	1	1	5.943680322821142	5.943680322821142	5.943680322821142
C7	NEXN	1	1	5.941503830447289	5.941503830447289	5.941503830447289
C7	ARHGAP31	1	1	5.924209019927034	5.924209019927034	5.924209019927034
C7	GREM2	1	1	5.869573902285063	5.869573902285063	5.869573902285063
C7	AKAP7	1	1	5.851765553251862	5.851765553251862	5.851765553251862
C7	LLGL2	1	1	5.842974661374423	5.842974661374423	5.842974661374423
C7	EEF1B2	1	1	5.842137326793548	5.842137326793548	5.842137326793548
C7	DSC3	1	1	5.827499334315432	5.827499334315432	5.827499334315432
C7	ESRP1	1	1	5.7703231762232345	5.7703231762232345	5.7703231762232345
C7	MED13L	1	1	5.735752497286774	5.735752497286774	5.735752497286774
C7	NMUR2	1	1	5.733515516238237	5.733515516238237	5.733515516238237
C7	SCARF1	1	1	5.731632043951651	5.731632043951651	5.731632043951651
C7	HIST1H3H	1	1	5.7145885711021585	5.7145885711021585	5.7145885711021585
C7	CFD	2	1	5.7104663602840375	16.687784119804093	-5.266851399236017
C7	CD37	2	1	5.692670017876699	11.476895803011617	-0.09155576725821915
C7	ANGPTL7	1	1	5.691584031943705	5.691584031943705	5.691584031943705
C7	PLAAT3	1	1	5.652059558363935	5.652059558363935	5.652059558363935
C7	BST2	1	1	5.649279427764434	5.649279427764434	5.649279427764434
C7	MVD	1	1	5.642907252285158	5.642907252285158	5.642907252285158
C7	CST3	1	1	5.634678096920338	5.634678096920338	5.634678096920338
C7	KSR1	1	1	5.5997710767095565	5.5997710767095565	5.5997710767095565
C7	GPRC5B	1	1	5.5609838689663915	5.5609838689663915	5.5609838689663915
C7	BIRC3	1	1	5.560726573619286	5.560726573619286	5.560726573619286
C7	LSP1	1	1	5.515621981130168	5.515621981130168	5.515621981130168
C7	FABP4	1	1	5.49523500457825	5.49523500457825	5.49523500457825
C7	ADAMTS2	1	1	5.459297135156484	5.459297135156484	5.459297135156484
C7	PTPRN2	1	1	5.408372564019541	5.408372564019541	5.408372564019541
C7	CASP14	1	1	5.348693014103885	5.348693014103885	5.348693014103885
C7	ZG16B	1	1	5.339042264792532	5.339042264792532	5.339042264792532
C7	PDZK1	1	1	5.298446940784771	5.298446940784771	5.298446940784771
C7	CD52	2	1	5.235053114271971	11.800152094639978	-1.3300458660960364
C7	ICA1	1	1	5.232466829473735	5.232466829473735	5.232466829473735
C7	FAM83H	1	1	5.188932210438879	5.188932210438879	5.188932210438879
C7	HIST1H4E	1	1	5.1566812073622454	5.1566812073622454	5.1566812073622454
C7	SERF2	1	1	5.124414696102434	5.124414696102434	5.124414696102434
C7	IDI1	1	1	5.0958700160833335	5.0958700160833335	5.0958700160833335
C7	ZNF552	1	1	5.095126077322447	5.095126077322447	5.095126077322447
C7	SMIM3	1	1	5.075202418187339	5.075202418187339	5.075202418187339
C7	POU3F1	1	1	5.005647472373852	5.005647472373852	5.005647472373852
C7	PKP1	1	1	4.994149256412565	4.994149256412565	4.994149256412565
C7	KLK1	1	1	4.966333014688516	4.966333014688516	4.966333014688516
C7	ANKRD10	1	1	4.950898443933158	4.950898443933158	4.950898443933158
C7	CSTA	1	1	4.946265587478795	4.946265587478795	4.946265587478795
C7	CRCT1	1	1	4.946120028513892	4.946120028513892	4.946120028513892
C7	CD93	2	1	4.917704378684194	12.216604611241099	-2.381195853872712
C7	CDHR1	1	1	4.913041210323314	4.913041210323314	4.913041210323314
C7	HLA-DOA	1	1	4.911139392116553	4.911139392116553	4.911139392116553
C7	TSPAN13	1	1	4.906141771161176	4.906141771161176	4.906141771161176
C7	LST1	1	1	4.902686597754176	4.902686597754176	4.902686597754176
C7	BARX1	1	1	4.874276809949851	4.874276809949851	4.874276809949851
C7	ARHGAP8	1	1	4.872894533566325	4.872894533566325	4.872894533566325
C7	KRT1	1	1	4.867706548252626	4.867706548252626	4.867706548252626
C7	CCN5	2	1	4.829667073541144	11.322195868417515	-1.662861721335225
C7	CBLIF	1	1	4.82346377390936	4.82346377390936	4.82346377390936
C7	IGFN1	1	1	4.769111868405711	4.769111868405711	4.769111868405711
C7	FAS	1	1	4.758948664960242	4.758948664960242	4.758948664960242
C7	KRT2	1	1	4.756386001478763	4.756386001478763	4.756386001478763
C7	SFRP5	1	1	4.689896579505942	4.689896579505942	4.689896579505942
C7	HID1	1	1	4.67448956077612	4.67448956077612	4.67448956077612
C7	FAM110C	1	1	4.666103886130849	4.666103886130849	4.666103886130849
C7	CRLF1	1	1	4.6631062032869455	4.6631062032869455	4.6631062032869455
C7	BHLHA15	1	1	4.642311795663974	4.642311795663974	4.642311795663974
C7	SERPINA12	1	1	4.625029660840636	4.625029660840636	4.625029660840636
C7	GADD45A	1	1	4.622078177811479	4.622078177811479	4.622078177811479
C7	IL27RA	1	1	4.618437884557973	4.618437884557973	4.618437884557973
C7	GYPC	1	1	4.582501102733544	4.582501102733544	4.582501102733544
C7	TRAF1	1	1	4.579281689707531	4.579281689707531	4.579281689707531
C7	CUZD1	1	1	4.5784618314265915	4.5784618314265915	4.5784618314265915
C7	AMTN	1	1	4.565234952784832	4.565234952784832	4.565234952784832
C7	CRIP2	1	1	4.564048120418509	4.564048120418509	4.564048120418509
C7	SLC38A4	1	1	4.55854209474638	4.55854209474638	4.55854209474638
C7	MSMB	1	1	4.548676437039666	4.548676437039666	4.548676437039666
C7	EPB41L4B	1	1	4.534545377444497	4.534545377444497	4.534545377444497
C7	JAK3	1	1	4.533492282815273	4.533492282815273	4.533492282815273
C7	ANKH	1	1	4.5248784034877705	4.5248784034877705	4.5248784034877705
C7	SRRM2	1	1	4.498835227322408	4.498835227322408	4.498835227322408
C7	TCEAL4	1	1	4.489471680985146	4.489471680985146	4.489471680985146
C7	PDGFA	2	1	4.485066062980124	11.90363332802578	-2.9335012020655324
C7	PLTP	1	1	4.456390141929259	4.456390141929259	4.456390141929259
C7	ADH1C	1	1	4.419494049092846	4.419494049092846	4.419494049092846
C7	EBP	1	1	4.413925610845318	4.413925610845318	4.413925610845318
C7	FLG	1	1	4.412803386847045	4.412803386847045	4.412803386847045
C7	FJX1	1	1	4.377955114400576	4.377955114400576	4.377955114400576
C7	VCAM1	1	1	4.3661492905102355	4.3661492905102355	4.3661492905102355
C7	CSF2RB	1	1	4.326392348304041	4.326392348304041	4.326392348304041
C7	NAPRT	1	1	4.272760969213919	4.272760969213919	4.272760969213919
C7	CSF1R	1	1	4.247422994400475	4.247422994400475	4.247422994400475
C7	ACSM3	1	1	4.221190722009869	4.221190722009869	4.221190722009869
C7	JMY	1	1	4.204895332169879	4.204895332169879	4.204895332169879
C7	STEAP4	1	1	4.2038178107040975	4.2038178107040975	4.2038178107040975
C7	HOXB3	1	1	4.198882439783345	4.198882439783345	4.198882439783345
C7	TRIM28	1	1	4.185708195699133	4.185708195699133	4.185708195699133
C7	PABPC1	1	1	4.150329099024588	4.150329099024588	4.150329099024588
C7	DLG5	1	1	4.144762493844822	4.144762493844822	4.144762493844822
C7	TFPI2	1	1	4.139985954151195	4.139985954151195	4.139985954151195
C7	COL18A1	1	1	4.136732821285182	4.136732821285182	4.136732821285182
C7	KLF9	2	1	4.128301565841352	11.307636257548046	-3.051033125865342
C7	CCNI	1	1	4.081302597164641	4.081302597164641	4.081302597164641
C7	PDE1C	1	1	4.063828203084666	4.063828203084666	4.063828203084666
C7	ZFP36L2	1	1	4.038879710035641	4.038879710035641	4.038879710035641
C7	RBPJL	1	1	4.012446549177819	4.012446549177819	4.012446549177819
C7	IL4R	1	1	4.007009071754596	4.007009071754596	4.007009071754596
C7	PTPRN	1	1	4.0064818147644	4.0064818147644	4.0064818147644
C7	CCDC69	1	1	4.000324014016436	4.000324014016436	4.000324014016436
C7	GABARAP	1	1	3.991820242483189	3.991820242483189	3.991820242483189
C7	TLE5	1	1	3.9838948357974684	3.9838948357974684	3.9838948357974684
C7	FLNC	1	1	3.9822230465165083	3.9822230465165083	3.9822230465165083
C7	RAC1	1	1	3.939824195399842	3.939824195399842	3.939824195399842
C7	TLCD3A	1	1	3.933065787303881	3.933065787303881	3.933065787303881
C7	ATP4A	1	1	3.9021368897599134	3.9021368897599134	3.9021368897599134
C7	MRFAP1L1	1	1	3.8991717382411384	3.8991717382411384	3.8991717382411384
C7	GATA3	1	1	3.879699398803735	3.879699398803735	3.879699398803735
C7	POU2F3	1	1	3.8704149602304136	3.8704149602304136	3.8704149602304136
C7	IKBKE	1	1	3.8620791516018103	3.8620791516018103	3.8620791516018103
C7	ANXA9	1	1	3.8586528238930695	3.8586528238930695	3.8586528238930695
C7	HGS	1	1	3.851693723879934	3.851693723879934	3.851693723879934
C7	SEMA5A	1	1	3.8252859055064086	3.8252859055064086	3.8252859055064086
C7	CHIA	1	1	3.814344629794736	3.814344629794736	3.814344629794736
C7	GALNT3	1	1	3.8084661494183933	3.8084661494183933	3.8084661494183933
C7	MAP1B	1	1	3.790751839085774	3.790751839085774	3.790751839085774
C7	DSC1	1	1	3.79011135836152	3.79011135836152	3.79011135836152
C7	RCAN2	1	1	3.765309318715262	3.765309318715262	3.765309318715262
C7	SCN9A	1	1	3.753881350135685	3.753881350135685	3.753881350135685
C7	BANF1	1	1	3.7519279088664117	3.7519279088664117	3.7519279088664117
C7	PGM5	1	1	3.730735448649272	3.730735448649272	3.730735448649272
C7	EPB41L1	1	1	3.723826962461508	3.723826962461508	3.723826962461508
C7	RCC2	1	1	3.696810253901812	3.696810253901812	3.696810253901812
C7	SLC38A2	1	1	3.6812539653587173	3.6812539653587173	3.6812539653587173
C7	CFH	1	1	3.6534645811997155	3.6534645811997155	3.6534645811997155
C7	NFATC1	2	1	3.6084162988032893	10.744469314021678	-3.5276367164151
C7	TYK2	1	1	3.5921915204021184	3.5921915204021184	3.5921915204021184
C7	DERL3	1	1	3.5264186762145715	3.5264186762145715	3.5264186762145715
C7	CCL27	1	1	3.4975685216116603	3.4975685216116603	3.4975685216116603
C7	WNT11	1	1	3.4167020159102046	3.4167020159102046	3.4167020159102046
C7	ANP32E	1	1	3.4160584345375242	3.4160584345375242	3.4160584345375242
C7	C1orf68	1	1	3.4148677138427246	3.4148677138427246	3.4148677138427246
C7	HS3ST6	1	1	3.4113115252174206	3.4113115252174206	3.4113115252174206
C7	ANK2	1	1	3.4015147449514185	3.4015147449514185	3.4015147449514185
C7	GATD1	1	1	3.3911466899950753	3.3911466899950753	3.3911466899950753
C7	PITX1	1	1	3.385082237626084	3.385082237626084	3.385082237626084
C7	TMEM70	1	1	3.3846129966709775	3.3846129966709775	3.3846129966709775
C7	SYNGR2	1	1	3.3671368488657385	3.3671368488657385	3.3671368488657385
C7	WT1	1	1	3.3522200031632385	3.3522200031632385	3.3522200031632385
C7	ITGA8	1	1	3.3476957016767357	3.3476957016767357	3.3476957016767357
C7	CYP4F22	1	1	3.34476154405228	3.34476154405228	3.34476154405228
C7	LRP4	1	1	3.344280516692262	3.344280516692262	3.344280516692262
C7	FMOD	1	1	3.3437737899523707	3.3437737899523707	3.3437737899523707
C7	NSG1	1	1	3.323331811110506	3.323331811110506	3.323331811110506
C7	THEM5	1	1	3.3061554649564386	3.3061554649564386	3.3061554649564386
C7	VWA5B2	1	1	3.297511092259991	3.297511092259991	3.297511092259991
C7	RACK1	1	1	3.275774069205914	3.275774069205914	3.275774069205914
C7	FAM83D	2	1	3.2177590066793176	6.671872103059651	-0.23635408970101587
C7	TENT5C	1	1	3.2171631760523707	3.2171631760523707	3.2171631760523707
C7	COL4A2	2	1	3.215893344952995	6.657377144262546	-0.22559045435655647
C7	DHCR24	1	1	3.2142846755014665	3.2142846755014665	3.2142846755014665
C7	SLCO2A1	1	1	3.2095442244720394	3.2095442244720394	3.2095442244720394
C7	CEBPA	1	1	3.208477130204935	3.208477130204935	3.208477130204935
C7	LCE2A	1	1	3.1972182138339043	3.1972182138339043	3.1972182138339043
C7	PTGES3	1	1	3.181819080698326	3.181819080698326	3.181819080698326
C7	LTB4R	1	1	3.1731433972032037	3.1731433972032037	3.1731433972032037
C7	ROBO1	1	1	3.1689165178014167	3.1689165178014167	3.1689165178014167
C7	S100B	1	1	3.1306633017752508	3.1306633017752508	3.1306633017752508
C7	TRIM2	1	1	3.1277346872167273	3.1277346872167273	3.1277346872167273
C7	CHRM2	1	1	3.0928467479297708	3.0928467479297708	3.0928467479297708
C7	SCGB2A2	1	1	3.081962464999273	3.081962464999273	3.081962464999273
C7	DEGS1	1	1	3.079057185904684	3.079057185904684	3.079057185904684
C7	TRIM31	1	1	3.0683093766181964	3.0683093766181964	3.0683093766181964
C7	JPH1	1	1	3.0556561242318523	3.0556561242318523	3.0556561242318523
C7	RBPMS	1	1	3.050528135056921	3.050528135056921	3.050528135056921
C7	SPRR2G	1	1	3.033692811631623	3.033692811631623	3.033692811631623
C7	MSLN	1	1	3.0297602247980295	3.0297602247980295	3.0297602247980295
C7	CD82	1	1	3.0265400484245473	3.0265400484245473	3.0265400484245473
C7	TENM2	1	1	3.021756757853784	3.021756757853784	3.021756757853784
C7	NRXN3	1	1	3.0102082354335153	3.0102082354335153	3.0102082354335153
C7	GABRE	1	1	2.999620381975849	2.999620381975849	2.999620381975849
C7	ZNF750	1	1	2.967398788646098	2.967398788646098	2.967398788646098
C7	HIST1H2AC	1	1	2.9586992623735515	2.9586992623735515	2.9586992623735515
C7	RBP4	1	1	2.916772358949766	2.916772358949766	2.916772358949766
C7	QDPR	1	1	2.907294025966026	2.907294025966026	2.907294025966026
C7	ST3GAL4	1	1	2.8899642225984863	2.8899642225984863	2.8899642225984863
C7	EPHX1	1	1	2.8861271723744872	2.8861271723744872	2.8861271723744872
C7	PGLYRP3	1	1	2.8711996029650004	2.8711996029650004	2.8711996029650004
C7	ATP6V1C2	1	1	2.86723256780117	2.86723256780117	2.86723256780117
C7	ATP1A2	1	1	2.8334911370827442	2.8334911370827442	2.8334911370827442
C7	SCGB1D2	1	1	2.8015682555591743	2.8015682555591743	2.8015682555591743
C7	ANKRD22	1	1	2.78950244051007	2.78950244051007	2.78950244051007
C7	IL20RB	1	1	2.785907502157286	2.785907502157286	2.785907502157286
C7	CERS3	1	1	2.7797709413241494	2.7797709413241494	2.7797709413241494
C7	UPK3B	1	1	2.7793386714503447	2.7793386714503447	2.7793386714503447
C7	IVL	1	1	2.769174275433176	2.769174275433176	2.769174275433176
C7	NPNT	1	1	2.7652279968080347	2.7652279968080347	2.7652279968080347
C7	RORA	1	1	2.7627318386187416	2.7627318386187416	2.7627318386187416
C7	ERICH5	2	1	2.7535836314865967	6.096600186403635	-0.5894329234304418
C7	WFDC5	1	1	2.7467449796492556	2.7467449796492556	2.7467449796492556
C7	ASB2	1	1	2.7429652961839404	2.7429652961839404	2.7429652961839404
C7	KRT10	1	1	2.7224927196510693	2.7224927196510693	2.7224927196510693
C7	TNFRSF9	1	1	2.7214568990781554	2.7214568990781554	2.7214568990781554
C7	ZBED2	1	1	2.7113462737316487	2.7113462737316487	2.7113462737316487
C7	ATP4B	1	1	2.7112081428604164	2.7112081428604164	2.7112081428604164
C7	DLX3	1	1	2.6905868580010206	2.6905868580010206	2.6905868580010206
C7	UQCRQ	1	1	2.671318814276351	2.671318814276351	2.671318814276351
C7	SLURP1	1	1	2.6522383005647976	2.6522383005647976	2.6522383005647976
C7	DDR1	2	1	2.6454241787593102	5.4305655334689025	-0.13971717595028219
C7	C3orf70	1	1	2.6448550031525886	2.6448550031525886	2.6448550031525886
C7	ASPRV1	1	1	2.6447056372181894	2.6447056372181894	2.6447056372181894
C7	CTNNBIP1	1	1	2.6204675739045262	2.6204675739045262	2.6204675739045262
C7	GRHL3	1	1	2.6151315578615817	2.6151315578615817	2.6151315578615817
C7	SERPINI2	1	1	2.601363344688841	2.601363344688841	2.601363344688841
C7	LPCAT4	1	1	2.5933475801888863	2.5933475801888863	2.5933475801888863
C7	MUCL1	1	1	2.5717861943789746	2.5717861943789746	2.5717861943789746
C7	AZIN2	1	1	2.5710467461546034	2.5710467461546034	2.5710467461546034
C7	FOXF1	1	1	2.5700547181764533	2.5700547181764533	2.5700547181764533
C7	GSTK1	1	1	2.541000739653657	2.541000739653657	2.541000739653657
C7	DKK3	1	1	2.4906038568782836	2.4906038568782836	2.4906038568782836
C7	TMSB4X	1	1	2.476164622627054	2.476164622627054	2.476164622627054
C7	WNT7A	1	1	2.4730887605535767	2.4730887605535767	2.4730887605535767
C7	RNF213	2	1	2.470797215402425	6.074448076663823	-1.1328536458589735
C7	PRIMA1	1	1	2.422501258191626	2.422501258191626	2.422501258191626
C7	ARNT2	1	1	2.416587886659365	2.416587886659365	2.416587886659365
C7	ADCY5	1	1	2.40882718207525	2.40882718207525	2.40882718207525
C7	CAPN13	1	1	2.3818888051696154	2.3818888051696154	2.3818888051696154
C7	KRT73	1	1	2.3695374714681248	2.3695374714681248	2.3695374714681248
C7	KLF4	2	1	2.35758505473289	9.82558128724157	-5.110411177775791
C7	TNFAIP2	1	1	2.319560523646179	2.319560523646179	2.319560523646179
C7	MFGE8	1	1	2.312498452885942	2.312498452885942	2.312498452885942
C7	CAPN6	1	1	2.3123739147263978	2.3123739147263978	2.3123739147263978
C7	HLA-DMA	2	1	2.2855902087600533	6.795617051441723	-2.2244366339216164
C7	BNIPL	1	1	2.2523487610536232	2.2523487610536232	2.2523487610536232
C7	C2CD4A	1	1	2.2490213467713636	2.2490213467713636	2.2490213467713636
C7	GKN1	1	1	2.2445280107274224	2.2445280107274224	2.2445280107274224
C7	CDC123	1	1	2.2407586673810043	2.2407586673810043	2.2407586673810043
C7	PECAM1	2	1	2.231742828290437	7.003779700818153	-2.5402940442372794
C7	SPATA20	1	1	2.228348643336366	2.228348643336366	2.228348643336366
C7	RNF19B	1	1	2.2269074294242275	2.2269074294242275	2.2269074294242275
C7	IL22RA2	1	1	2.2120772585626125	2.2120772585626125	2.2120772585626125
C7	EFEMP1	2	1	2.1919245134950622	4.429689160558273	-0.04584013356814827
C7	CNFN	1	1	2.166530783878979	2.166530783878979	2.166530783878979
C7	LYPD3	1	1	2.1579009178251303	2.1579009178251303	2.1579009178251303
C7	CHP2	1	1	2.15711533048418	2.15711533048418	2.15711533048418
C7	MYH3	1	1	2.152484431826283	2.152484431826283	2.152484431826283
C7	WNT10A	1	1	2.1524841853733174	2.1524841853733174	2.1524841853733174
C7	SEMA3B	2	1	2.141758382905759	5.255935703063672	-0.9724189372521548
C7	CYP1A1	1	1	2.095996134408626	2.095996134408626	2.095996134408626
C7	SLC7A2	1	1	2.0916865563516427	2.0916865563516427	2.0916865563516427
C7	SHB	1	1	2.0876177216592033	2.0876177216592033	2.0876177216592033
C7	MAB21L4	1	1	2.0283473626488524	2.0283473626488524	2.0283473626488524
C7	PALM3	2	1	2.0078198146629	4.1809700365512095	-0.16533040722540962
C7	ETNK1	1	1	1.9801061339886792	1.9801061339886792	1.9801061339886792
C7	GLUL	2	1	1.9447369088061799	4.302197843280352	-0.412724025667992
C7	ANAPC16	1	1	1.9333413528680465	1.9333413528680465	1.9333413528680465
C7	ACSF2	1	1	1.9199613623432965	1.9199613623432965	1.9199613623432965
C7	KCP	1	1	1.8985628729768322	1.8985628729768322	1.8985628729768322
C7	PLA2G4F	1	1	1.8564871920374306	1.8564871920374306	1.8564871920374306
C7	LAMB4	1	1	1.8555724372879772	1.8555724372879772	1.8555724372879772
C7	ARPC2	1	1	1.8549180827804306	1.8549180827804306	1.8549180827804306
C7	FGB	1	1	1.8516705958185053	1.8516705958185053	1.8516705958185053
C7	RHOV	1	1	1.8486907036883131	1.8486907036883131	1.8486907036883131
C7	TAF15	1	1	1.8353395217613513	1.8353395217613513	1.8353395217613513
C7	RAPGEFL1	1	1	1.8180534417696141	1.8180534417696141	1.8180534417696141
C7	SRRT	1	1	1.8153512483673595	1.8153512483673595	1.8153512483673595
C7	DSG3	1	1	1.7837990299611088	1.7837990299611088	1.7837990299611088
C7	DMKN	1	1	1.7820521267517233	1.7820521267517233	1.7820521267517233
C7	DUOXA1	1	1	1.780199703347114	1.780199703347114	1.780199703347114
C7	TRAK1	1	1	1.7526029716339315	1.7526029716339315	1.7526029716339315
C7	IL1R1	1	1	1.7501370765065842	1.7501370765065842	1.7501370765065842
C7	LCN12	1	1	1.743694439260856	1.743694439260856	1.743694439260856
C7	SLC5A1	1	1	1.7323995951515956	1.7323995951515956	1.7323995951515956
C7	C12orf75	1	1	1.7228127174920547	1.7228127174920547	1.7228127174920547
C7	FLG2	1	1	1.698038337126517	1.698038337126517	1.698038337126517
C7	IMPA2	1	1	1.69609311360495	1.69609311360495	1.69609311360495
C7	TINCR	1	1	1.687240656122299	1.687240656122299	1.687240656122299
C7	DUOX1	1	1	1.681436186793644	1.681436186793644	1.681436186793644
C7	HOXB6	1	1	1.672054334250957	1.672054334250957	1.672054334250957
C7	SMG1	1	1	1.6547970315852367	1.6547970315852367	1.6547970315852367
C7	HLA-E	1	1	1.6482617987369703	1.6482617987369703	1.6482617987369703
C7	RGS9	1	1	1.64819977941226	1.64819977941226	1.64819977941226
C7	IGLV4-60	1	1	1.6460142676397271	1.6460142676397271	1.6460142676397271
C7	CHIT1	1	1	1.6239334737700999	1.6239334737700999	1.6239334737700999
C7	HIST1H1B	2	1	1.6233764533908965	5.290568009660938	-2.043815102879145
C7	VRK2	1	1	1.6224165025065131	1.6224165025065131	1.6224165025065131
C7	MPST	1	1	1.5843407843663888	1.5843407843663888	1.5843407843663888
C7	SULT2B1	1	1	1.5747627320673498	1.5747627320673498	1.5747627320673498
C7	NCSTN	1	1	1.5638236320937338	1.5638236320937338	1.5638236320937338
C7	PSAPL1	1	1	1.5512028687187525	1.5512028687187525	1.5512028687187525
C7	CABP7	1	1	1.5477784447818845	1.5477784447818845	1.5477784447818845
C7	CLEC2A	1	1	1.4975576857335344	1.4975576857335344	1.4975576857335344
C7	SPRR4	1	1	1.4882909768056465	1.4882909768056465	1.4882909768056465
C7	PLA2G1B	2	1	1.4869461315370447	4.619403795257726	-1.6455115321836362
C7	LUC7L3	1	1	1.461363957062069	1.461363957062069	1.461363957062069
C7	TGM3	1	1	1.3840085972780318	1.3840085972780318	1.3840085972780318
C7	PTGES	1	1	1.3699232457548656	1.3699232457548656	1.3699232457548656
C7	PPP1R14C	2	1	1.362760984428196	3.750361049979113	-1.0248390811227208
C7	TSC22D1	2	1	1.3348434617283806	7.819967976917534	-5.150281053460772
C7	ODF3B	1	1	1.320054874960451	1.320054874960451	1.320054874960451
C7	RBP1	2	1	1.285293401667408	11.69073408951971	-9.120147286184894
C7	RAP1GAP	1	1	1.2509672676089214	1.2509672676089214	1.2509672676089214
C7	FAM3B	1	1	1.235986760999505	1.235986760999505	1.235986760999505
C7	SLC39A4	1	1	1.2261609250393222	1.2261609250393222	1.2261609250393222
C7	ERBB2	1	1	1.2151690672792996	1.2151690672792996	1.2151690672792996
C7	ACIN1	1	1	1.190433336795583	1.190433336795583	1.190433336795583
C7	SV2B	1	1	1.182622001430952	1.182622001430952	1.182622001430952
C7	MAPK15	1	1	1.1760797702159547	1.1760797702159547	1.1760797702159547
C7	COLGALT2	1	1	1.1648950449627473	1.1648950449627473	1.1648950449627473
C7	MUCL3	2	1	1.1566777124879284	3.3406876648523713	-1.0273322398765148
C7	HIST1H2BB	2	1	1.0944379915148332	6.188310357010516	-3.9994343739808493
C7	NCKAP5	1	1	1.0604529186149125	1.0604529186149125	1.0604529186149125
C7	NDUFB9	1	1	1.0597947512271824	1.0597947512271824	1.0597947512271824
C7	TENT5B	1	1	1.053747668100786	1.053747668100786	1.053747668100786
C7	HIST1H4A	2	1	1.051367299579914	4.122212494189406	-2.019477895029578
C7	HDAC7	1	1	1.0401901026016234	1.0401901026016234	1.0401901026016234
C7	GRIPAP1	1	1	1.000443737250579	1.000443737250579	1.000443737250579
C7	EGFL7	1	1	0.9976936464784992	0.9976936464784992	0.9976936464784992
C7	B4GALT1	1	1	0.9957559735778342	0.9957559735778342	0.9957559735778342
C7	TM4SF5	1	1	0.9925379097899898	0.9925379097899898	0.9925379097899898
C7	COL19A1	1	1	0.9763532734529528	0.9763532734529528	0.9763532734529528
C7	MEGF6	2	1	0.9693403119471937	7.169847318861506	-5.2311666949671185
C7	KCNK16	1	1	0.9680118695097414	0.9680118695097414	0.9680118695097414
C7	CARNS1	1	1	0.9645037700229668	0.9645037700229668	0.9645037700229668
C7	PIP	1	1	0.9602071244544474	0.9602071244544474	0.9602071244544474
C7	DUSP2	2	1	0.9282430385269791	8.0982148345612	-6.241728757507241
C7	PRPH	1	1	0.9097550451700023	0.9097550451700023	0.9097550451700023
C7	CCDC198	1	1	0.9004785711140806	0.9004785711140806	0.9004785711140806
C7	TYMP	1	1	0.888833429351718	0.888833429351718	0.888833429351718
C7	LRP1	2	1	0.8142309118531879	6.477913708339099	-4.849451884632724
C7	NOS2	1	1	0.7835526869100077	0.7835526869100077	0.7835526869100077
C7	STRA6	2	1	0.7685714055862971	5.0668613461488565	-3.5297185349762623
C7	RBP5	1	1	0.763315223992086	0.763315223992086	0.763315223992086
C7	TP63	1	1	0.7595041204220535	0.7595041204220535	0.7595041204220535
C7	PTGS1	2	1	0.6894969348937663	4.380071862404125	-3.0010779926165925
C7	CDK6	1	1	0.6826235819218949	0.6826235819218949	0.6826235819218949
C7	EPAS1	2	1	0.678779683164829	3.8490180869684556	-2.4914587206387977
C7	AHR	1	1	0.6442923809682033	0.6442923809682033	0.6442923809682033
C7	TXNDC5	1	1	0.632844595224434	0.632844595224434	0.632844595224434
C7	IL1RN	1	1	0.6271955075770935	0.6271955075770935	0.6271955075770935
C7	TNFRSF21	2	1	0.6238558631006973	2.4154479230874966	-1.167736196886102
C7	C1orf198	2	1	0.5916361645310675	3.6969478090496253	-2.5136754799874903
C7	CST4	2	1	0.5354854930169028	3.636672768063356	-2.5657017820295502
C7	C1QA	1	1	0.5196474337089847	0.5196474337089847	0.5196474337089847
C7	CDKN1C	1	1	0.5087412841924345	0.5087412841924345	0.5087412841924345
C7	ZNF185	1	1	0.47337854870533047	0.47337854870533047	0.47337854870533047
C7	CDCA7	2	1	0.4180745737123981	3.19232129949512	-2.356172152070324
C7	ELN	2	1	0.41113713007613295	2.717617917557251	-1.895343657404985
C7	FUT9	1	1	0.3970062841417697	0.3970062841417697	0.3970062841417697
C7	SLC3A1	1	1	0.3902059397507823	0.3902059397507823	0.3902059397507823
C7	DAPL1	1	1	0.38863387937238625	0.38863387937238625	0.38863387937238625
C7	ITGAX	2	1	0.37934942506702196	5.6169326884522395	-4.8582338383181956
C7	MBOAT1	1	1	0.3426602619270506	0.3426602619270506	0.3426602619270506
C7	MOGAT1	1	1	0.33490270261262745	0.33490270261262745	0.33490270261262745
C7	PTGS2	2	1	0.33226137263638233	4.566025442115091	-3.9015026968423263
C7	MAZ	1	1	0.3012427389924558	0.3012427389924558	0.3012427389924558
C7	CAPN8	2	1	0.2996793324389966	2.4344092308617173	-1.8350505659837242
C7	GALNT4	1	1	0.288692232255153	0.288692232255153	0.288692232255153
C7	HEXA	1	1	0.26069217177725457	0.26069217177725457	0.26069217177725457
C7	STARD10	2	1	0.2362157221411551	0.8354343721454951	-0.3630029278631849
C7	PCSK6	1	1	0.22238670971094412	0.22238670971094412	0.22238670971094412
C7	PTPA	1	1	0.2092672490767841	0.2092672490767841	0.2092672490767841
C7	KCNE3	1	1	0.17474024121213946	0.17474024121213946	0.17474024121213946
C7	RBM42	1	1	0.14431416425828375	0.14431416425828375	0.14431416425828375
C7	LENG8	1	1	0.12873764477536673	0.12873764477536673	0.12873764477536673
C7	SLC14A1	1	1	0.1146105030387828	0.1146105030387828	0.1146105030387828
C7	HLA-DQB2	1	1	0.11382535876913948	0.11382535876913948	0.11382535876913948
C7	NFKBIZ	1	1	0.11170965403814041	0.11170965403814041	0.11170965403814041
C7	VSIG1	2	1	0.09441175882128378	1.0662637759977704	-0.8774402583552029
C7	NECTIN2	1	1	0.08375224619388424	0.08375224619388424	0.08375224619388424
C7	DEGS2	1	1	0.04943050073662431	0.04943050073662431	0.04943050073662431
C7	SLC1A5	1	1	0.017107669733958025	0.017107669733958025	0.017107669733958025
C7	HABP2	1	1	0.014065344008848398	0.014065344008848398	0.014065344008848398
C7	GASK1B	2	1	0.008498956727410967	7.141291935511727	-7.124294022056905
C7	LYPD2	2	1	0.006636922406430434	3.8571753100858186	-3.8439014652729577
C7	SPEG	2	1	-0.013301703174514845	4.006251491849816	-4.0328548981988455
C7	ALDOB	2	1	-0.029868015548651705	1.2716245457287962	-1.3313605768260997
C7	B2M	2	1	-0.06748059672919449	2.0041704558895668	-2.1391316493479557
C7	JPH2	2	1	-0.1047176368263596	6.812468800014922	-7.021904073667641
C7	TIMP2	2	1	-0.10544617272874635	1.4194293807634044	-1.630321726220897
C7	CDHR5	2	1	-0.19373456413125806	0.8257956500911522	-1.2132647783536683
C7	PTGER3	2	1	-0.20386946387939586	6.455163554255787	-6.8629024820145785
C7	ITPRID2	2	1	-0.22520199918779005	5.315211915091474	-5.765615913467054
C7	SLC26A9	2	1	-0.28918102430588416	0.4634310113302472	-1.0417930599420155
C7	AGR2	3	1	-0.31892714185024135	3.350894953840127	-2.284200129144194
C7	ONECUT2	3	1	-0.3190048260239722	9.51133417715442	-4.644921589176393
C7	IGHJ2	3	1	-0.35639099813344066	3.15662434562986	-0.6944187152479673
C7	MRC2	3	1	-0.36843009586121594	1.1800320525699046	-7.299802058125907
C7	CEL	3	1	-0.3936831027694762	6.870613369016599	-2.297970656660816
C7	A4GNT	2	1	-0.42868415057795384	1.1413828377615065	-1.9987511389174142
C7	TFCP2L1	2	1	-0.508848038084724	3.9411276377359	-4.958823713905348
C7	RGS2	2	1	-0.5475151737972554	11.375726252264364	-12.470756599858875
C7	CCL5	3	1	-0.5534291363982304	8.395710357543763	-4.075728981175211
C7	CAVIN1	2	1	-0.5611140087959762	1.8841105292151952	-3.0063385468071475
C7	KRT20	2	1	-0.5753149216038176	2.5924843726025473	-3.7431142158101824
C7	KRT14	2	1	-0.5924780491356669	6.363864769245291	-7.548820867516625
C7	APLNR	2	1	-0.694797344682845	0.0237786349119481	-1.4133733242776383
C7	TRNP1	4	1	-0.7553320586808485	5.7131325808446345	-1.43777148599505
C7	CITED2	2	1	-0.8158056640364881	5.393966424298232	-7.025577752371208
C7	FOS	5	1	-0.9585113880328392	9.38056259991952	-10.89590677815047
C7	SERPINB2	2	1	-0.9728844399989618	5.376239997268159	-7.322008877266082
C7	ARGLU1	2	1	-1.0037435760094433	1.839919498153058	-3.8474066501719446
C7	CLDN2	2	1	-1.0063477268296008	1.6937388267409197	-3.7064342804001216
C7	DKK1	2	1	-1.0423237595334356	3.8650083422912833	-5.9496558613581545
C7	DUOXA2	4	1	-1.0464703415533727	0.044837126581124355	-2.529448679829575
C7	GJA1	3	1	-1.123811052248653	8.213653439166224	-11.64536150986541
C7	THY1	3	1	-1.1311839907075367	5.5040894862810745	-8.009392512474202
C7	TESC	4	1	-1.2661117494098133	3.2582563778267204	-1.8926095407291075
C7	CTRB2	3	1	-1.2914898957233154	7.986557584193564	-4.027060409337923
C7	CTRB1	3	1	-1.3172691600788287	8.045264797313058	-5.758327428712585
C7	S100G	3	1	-1.4707683675285348	2.8904730321214123	-4.989165239894334
C7	REG1B	3	1	-1.4714778405461904	5.981403829373096	-3.3699185171208446
C7	SEMA3C	2	1	-1.5243431608962352	0.688612593139367	-3.7372989149318374
C7	HSD11B2	2	1	-1.6891063987855592	1.414089205439423	-4.792302003010541
C7	FGFR3	2	1	-1.7391190485517598	2.878883582196598	-6.357121679300118
C7	CP	4	1	-1.7566512212539431	0.7942479296252862	-3.7410583516754428
C7	FBP1	3	1	-1.7606121336876241	0.23243373796682126	-3.7294223628183425
C7	DUOX2	6	1	-1.807074727107984	3.877458395202682	-4.230295374224342
C7	HAS1	3	1	-1.898063814529035	10.62240021657599	-8.795070982958116
C7	FBN1	5	1	-1.9490243924161994	4.934695845424764	-11.627822889127806
C7	CYP26A1	2	1	-1.9941059552750544	4.380866548574661	-8.36907845912477
C7	DCBLD2	2	1	-2.0051016851159984	2.109783164655303	-6.1199865348873
C7	CEACAM5	5	1	-2.053243190477966	1.602160201995367	-29.018618825552775
C7	IGFBP3	6	1	-2.0548209852566037	2.4076861259788345	-26.03102375808706
C7	ASS1	3	1	-2.0886586498038477	0.7235009114063126	-7.0834771559168885
C7	COL16A1	4	1	-2.093106277330284	0.4119283914687326	-10.584686859567505
C7	EEF1A2	3	1	-2.152230214046363	6.140791829800373	-2.2597059049469275
C7	SLC44A4	3	1	-2.166203817354118	0.15820799236783445	-2.798445018729517
C7	PRRX1	3	1	-2.1776844905336894	2.4398276280859523	-2.8890285691993083
C7	SCNN1A	4	1	-2.206594886640153	5.448998744292096	-8.10698844643162
C7	STMN2	4	1	-2.222299296738013	3.1561586174326615	-4.075221657142362
C7	CA12	4	1	-2.2921121360646577	1.1873975139367365	-4.45707504833826
C7	APOC1	6	1	-2.506530778887159	0.7946807034793267	-3.9196587226175086
C7	C1QC	3	1	-2.538148379784421	1.8906360191331686	-3.5473628578292127
C7	CERCAM	3	1	-2.571609921432815	2.1882818167042477	-6.794641827392677
C7	IFI44L	3	1	-2.599888890907422	6.677599962103759	-4.085192694295871
C7	TFF3	4	1	-2.7072283156726655	2.2240436805565036	-8.29015420420957
C7	CCL2	3	1	-2.7494994528921364	1.836906758370459	-3.288230235776499
C7	DHRS9	3	1	-2.7699124940037096	3.389973728931293	-7.5850858171681
C7	HMOX1	2	1	-2.837393374839716	0.3896236468534033	-6.0644103965328355
C7	RARRES2	6	1	-2.856293317837708	0.8955732617065685	-10.497537722181582
C7	JUP	4	1	-2.9110239908887494	1.6144516181928132	-28.84772273804321
C7	JUN	4	1	-3.0949132340693053	7.58586938022053	-9.629275298743591
C7	S100A14	8	1	-3.1988937028350923	4.99423526794556	-31.307187283963604
C7	MAF	3	1	-3.2052570800892775	1.7454727291190208	-6.446582594349567
C7	MMP9	6	1	-3.2299521893065624	5.667721528937365	-10.744364201034644
C7	SERPINA1	5	1	-3.287624706203664	3.4127269525347	-6.10884610850599
C7	ANGPTL2	2	1	-3.325509828424205	2.5466861328728725	-9.197705789721283
C7	BPIFB1	2	1	-3.3296101557485445	0.7534411439464546	-7.412661455443543
C7	PDLIM5	2	1	-3.334971114445387	2.1881127848720863	-8.85805501376286
C7	NNMT	3	1	-3.3617430141254427	2.2086404381415448	-7.772919303223338
C7	S100A9	7	1	-3.514475739699872	3.064018423527608	-16.126619954056316
C7	ID4	3	1	-3.551655252528734	8.007300781770676	-5.702057144147428
C7	ITGB8	3	1	-3.5677445468215017	8.048863271481514	-4.403861546283122
C7	SMOC2	3	1	-3.602510173646841	6.2770221373994834	-4.738968557495385
C7	PROM1	3	1	-3.6388451055319817	3.6815993832249743	-6.376956040843105
C7	RNASE1	5	1	-3.645242400302999	6.638013622088257	-6.512382472063832
C7	ID3	3	1	-3.6674801170986853	0.5721037930465803	-9.205632070163183
C7	COL6A1	2	1	-3.7330885087962766	2.4005833401823877	-9.866760357774941
C7	IFI6	4	1	-3.7635539874863495	4.449306826386903	-17.370806093867532
C7	VSTM2L	2	1	-3.766234306466327	1.7586823513880527	-9.291150964320707
C7	LSR	4	1	-3.768228530652519	4.901133741597396	-7.1198915141786125
C7	COL1A2	3	1	-3.810763420662537	3.5552361098459455	-7.475697121161445
C7	SDC4	5	1	-3.987422955958844	4.71167987088479	-12.485374525782763
C7	IER3	4	1	-4.212570973005963	1.0533578683972704	-7.924656537642071
C7	CDSN	2	1	-4.280631172673232	2.488127228930557	-11.04938957427702
C7	OCIAD2	4	1	-4.282524670560802	3.9628843386985326	-23.820962615316237
C7	DEFB1	2	1	-4.315597088378833	6.685130001649981	-15.316324178407646
C7	VGLL3	2	1	-4.316958068324132	1.607131516457439	-10.241047653105703
C7	AKR1C2	4	1	-4.3991211983568865	1.101448611780617	-31.846039042730297
C7	COL10A1	9	1	-4.464857996373049	0.43283578438349457	-26.856056255278705
C7	COL1A1	3	1	-4.492732206191355	0.6183672787370819	-5.024093090793835
C7	MUC16	4	1	-4.510136498829591	3.0514697003381808	-9.303228095212322
C7	TYROBP	5	1	-4.662532212593951	5.312557336858829	-5.454110601773306
C7	PPL	2	1	-4.7121973553261665	1.8717092947231908	-11.296104005375524
C7	COL3A1	3	1	-4.752299605393449	5.785321061696328	-8.620385261481058
C7	RCAN1	2	1	-4.787694687294637	0.34883169118516055	-9.924221065774436
C7	CCL20	2	1	-4.788914780792458	0.0443226668921384	-9.622152228477056
C7	KRT5	5	1	-4.83080842716041	0.8106381061306854	-24.07957960447438
C7	PADI1	4	1	-4.849029976448449	0.34101242100386586	-6.717117297157505
C7	ADGRF1	3	1	-4.8556354348962225	6.262469332823676	-7.687165207511438
C7	TM4SF1	4	1	-4.873902659624159	2.5999058436490965	-17.926460438808633
C7	KRT15	3	1	-4.979689319190094	0.4285245914196673	-8.230068176813107
C7	PCDH1	4	1	-5.003563538568971	6.942262984193989	-7.625374657057748
C7	SPP1	9	1	-5.097673444114971	0.33870457457741826	-29.628705390964654
C7	SPINT2	7	1	-5.123193079032659	5.627909645808262	-24.417101362997034
C7	ISM1	3	1	-5.156426263313751	0.36292274558852916	-6.871142212838469
C7	ANXA3	4	1	-5.203387586561147	6.282282299402274	-18.287440184464515
C7	CLDN4	7	1	-5.218059075955664	0.4666212610434608	-26.787733705059335
C7	LMO7	3	1	-5.290304987649756	0.04453967650619488	-7.919020963263552
C7	IFI27	3	1	-5.326420491797493	0.3469139079215709	-21.71867735153047
C7	HMGA1	6	1	-5.344157231563891	3.994488700684904	-18.076096528052847
C7	HTRA1	5	1	-5.404063413405766	0.9057084571038636	-10.045598441746046
C7	CXCL5	6	1	-5.495160257878118	2.2712890617997803	-9.54197385403055
C7	THBS2	8	1	-5.60552985857128	1.4427229763273377	-19.634223937682243
C7	CLDN7	3	1	-5.644142293316982	7.321651629886729	-20.22704476355347
C7	CEMIP	3	1	-5.65881971972549	3.9198409517419024	-9.561492669053088
C7	PLIN2	3	1	-5.680051826626045	6.089511703434992	-7.0639795107587
C7	SCEL	3	1	-5.72263458088968	2.385518294717306	-10.995339244760295
C7	PRSS22	4	1	-5.75509976691877	1.3536321238324012	-6.379918302936759
C7	LY6D	4	1	-5.766402597072631	2.342909283916138	-9.865495507171877
C7	KLK11	3	1	-5.888772274196253	0.5048426828919488	-7.633379634700286
C7	ITGA11	8	1	-5.893620069298032	0.026107069929688653	-14.169358044775603
C7	MAL2	7	1	-5.911567155281986	4.516883800514629	-27.85082988866075
C7	MYH14	3	1	-6.020741043922053	6.329772589795976	-19.953640720219784
C7	KLK10	4	1	-6.03451014201174	1.974458624946603	-7.993620691075404
C7	PFKFB3	3	1	-6.034890531928007	2.970632392531758	-7.18202444832313
C7	PRSS23	5	1	-6.03933956437475	3.888462169720293	-12.656697585182918
C7	RAB25	3	1	-6.250332603786698	1.4748980206644082	-24.982865791865233
C7	ISG15	5	1	-6.272089972393864	4.985378881085743	-7.46315644931352
C7	BCAT1	5	1	-6.343202128832402	0.9342407030056658	-7.967021163772136
C7	IL32	3	1	-6.601236259658675	2.513453053681499	-20.056520942957807
C7	EPYC	5	1	-6.6213322419146206	3.0149722852266527	-13.01055488466487
C7	COL6A2	4	1	-6.647671400352902	1.075407448734389	-12.1174597452859
C7	CNN2	3	1	-6.6909245201288785	0.2699864426519587	-7.633534285314451
C7	KLF6	2	1	-6.725547034510344	2.4804311689817427	-15.931525238002429
C7	COL17A1	3	1	-6.930473298251705	2.254724189398985	-7.016274915795673
C7	TGFBI	5	1	-7.116773021977734	0.1744066668294287	-17.928849309016602
C7	KLK6	7	1	-7.257815995201116	4.726177554397518	-22.658324890356973
C7	GAS1	6	1	-7.2723939537439675	4.514873594675961	-14.385979343075142
C7	MYH10	3	1	-7.272807672249946	2.7443905483433655	-9.114692486558695
C7	CALML5	2	1	-7.439893374201345	5.6275454062614285	-20.50733215466412
C7	ITGA5	4	1	-7.523806450033475	4.50812251988356	-12.259597031713053
C7	KLK8	2	1	-7.5325880992616385	2.3942854823648805	-17.459461680888158
C7	SPINT1	4	1	-7.646586932698316	8.336743922283867	-19.58508498684392
C7	FAM83A	3	1	-7.734602961997583	0.5843049697902342	-7.965941110981116
C7	INHBA	7	1	-7.77154199047032	1.3313331746762804	-27.809459112646632
C7	MUC20	2	1	-8.02275210865454	0.15634383367240073	-16.201848050981482
C7	CLIC3	2	1	-8.12449901648293	0.4156733770313228	-16.664671409997183
C7	SGK1	3	1	-8.126085766107607	3.2970430157831827	-14.554715652981784
C7	NET1	4	1	-8.457995282314036	3.5500060323610594	-21.73193890191612
C7	COLEC12	5	1	-8.538659870154644	8.040298207354912	-9.38857341522912
C7	C15orf48	6	1	-8.746309467124668	0.8474268537530235	-18.431356753862552
C7	TNFRSF6B	2	1	-8.881076789040797	1.3451904163215516	-19.107343994403145
C7	MDK	2	1	-10.331815413056066	2.956552491234556	-23.62018331734669
C7	KRT23	3	1	-10.386798232939478	2.452159562004447	-22.590707001747113
C7	BICDL2	1	0	-0.039593411657184704	-0.039593411657184704	-0.039593411657184704
C7	PLA2G10	1	0	-0.06541920199857144	-0.06541920199857144	-0.06541920199857144
C7	MYH9	1	0	-0.09631787145882645	-0.09631787145882645	-0.09631787145882645
C7	CRYBG2	1	0	-0.0990485368838272	-0.0990485368838272	-0.0990485368838272
C7	IFNGR2	1	0	-0.11241124155858068	-0.11241124155858068	-0.11241124155858068
C7	SLCO2B1	1	0	-0.14053713402464077	-0.14053713402464077	-0.14053713402464077
C7	PDLIM4	1	0	-0.1419060230314878	-0.1419060230314878	-0.1419060230314878
C7	ACTC1	1	0	-0.1482692796585357	-0.1482692796585357	-0.1482692796585357
C7	SGCA	1	0	-0.15748352981598937	-0.15748352981598937	-0.15748352981598937
C7	C4orf19	1	0	-0.15878436066683607	-0.15878436066683607	-0.15878436066683607
C7	ZNF888	1	0	-0.1720902881474532	-0.1720902881474532	-0.1720902881474532
C7	LFNG	1	0	-0.21068935922510107	-0.21068935922510107	-0.21068935922510107
C7	WDR72	1	0	-0.21602303610047247	-0.21602303610047247	-0.21602303610047247
C7	HNF4A	1	0	-0.333569064876145	-0.333569064876145	-0.333569064876145
C7	HILPDA	1	0	-0.38651184565556246	-0.38651184565556246	-0.38651184565556246
C7	ZNF460	1	0	-0.4792769287551553	-0.4792769287551553	-0.4792769287551553
C7	CEACAM7	3	0	-0.5328025817444958	-0.06996852287802315	-2.005868916713647
C7	NOP53	1	0	-0.5360606493635207	-0.5360606493635207	-0.5360606493635207
C7	KEL	1	0	-0.5453921536181365	-0.5453921536181365	-0.5453921536181365
C7	SLC12A7	1	0	-0.560352716692983	-0.560352716692983	-0.560352716692983
C7	NTSR1	1	0	-0.5871881166747058	-0.5871881166747058	-0.5871881166747058
C7	UGT2A3	1	0	-0.5926999641639106	-0.5926999641639106	-0.5926999641639106
C7	VSIG4	1	0	-0.6799730927408066	-0.6799730927408066	-0.6799730927408066
C7	MME	1	0	-0.7136866639302007	-0.7136866639302007	-0.7136866639302007
C7	PTK6	1	0	-0.724955369929792	-0.724955369929792	-0.724955369929792
C7	TRIM54	1	0	-0.7364270359646304	-0.7364270359646304	-0.7364270359646304
C7	CPA6	1	0	-0.7856846777447263	-0.7856846777447263	-0.7856846777447263
C7	HS3ST1	1	0	-0.8446230075927396	-0.8446230075927396	-0.8446230075927396
C7	PAEP	1	0	-0.9946600131369695	-0.9946600131369695	-0.9946600131369695
C7	PIM3	1	0	-1.0346108173699897	-1.0346108173699897	-1.0346108173699897
C7	CTSD	1	0	-1.0357965478509454	-1.0357965478509454	-1.0357965478509454
C7	PHGDH	1	0	-1.0375738144950883	-1.0375738144950883	-1.0375738144950883
C7	PHGR1	2	0	-1.0404378982213665	-0.04872555955056569	-2.0321502368921673
C7	ACP5	3	0	-1.1337776995126296	-0.27795460550680856	-2.048797326273349
C7	NRARP	1	0	-1.204401724631751	-1.204401724631751	-1.204401724631751
C7	SLC6A14	2	0	-1.218839722122543	-0.4869237285451622	-1.9507557156999238
C7	CAPN12	1	0	-1.2570026506896204	-1.2570026506896204	-1.2570026506896204
C7	HS3ST2	1	0	-1.2624090374883044	-1.2624090374883044	-1.2624090374883044
C7	HMGCS2	2	0	-1.28088667554277	-0.6103641979387775	-1.9514091531467623
C7	FUT2	2	0	-1.2812013514937293	-0.3565890875294086	-2.20581361545805
C7	SMIM24	2	0	-1.3005130154146924	-0.13649660469411443	-2.4645294261352704
C7	SLC12A2	1	0	-1.3134438732860867	-1.3134438732860867	-1.3134438732860867
C7	SLC9A3R1	1	0	-1.3562651069040144	-1.3562651069040144	-1.3562651069040144
C7	CXCL9	2	0	-1.3829754279636879	-0.8412479756543175	-1.9247028802730581
C7	SRSF2	1	0	-1.3998721779609522	-1.3998721779609522	-1.3998721779609522
C7	CD163	1	0	-1.4023686023698811	-1.4023686023698811	-1.4023686023698811
C7	FCGR2B	2	0	-1.4236384612188184	-0.6336078387846208	-2.213669083653016
C7	CTSC	1	0	-1.4450959599266993	-1.4450959599266993	-1.4450959599266993
C7	ACER2	1	0	-1.4779735573269543	-1.4779735573269543	-1.4779735573269543
C7	PRSS3	1	0	-1.5256630547085925	-1.5256630547085925	-1.5256630547085925
C7	ARHGDIA	1	0	-1.5332714094910735	-1.5332714094910735	-1.5332714094910735
C7	TTC9	1	0	-1.565689491746412	-1.565689491746412	-1.565689491746412
C7	SYNC	1	0	-1.5777796898078	-1.5777796898078	-1.5777796898078
C7	FER1L6	2	0	-1.583073863466475	-1.2667645713523517	-1.8993831555805984
C7	ADAM9	1	0	-1.5896477834708922	-1.5896477834708922	-1.5896477834708922
C7	SAT1	1	0	-1.611317681942296	-1.611317681942296	-1.611317681942296
C7	ARMC9	1	0	-1.6147312410535657	-1.6147312410535657	-1.6147312410535657
C7	EPS8L3	1	0	-1.6671731046530256	-1.6671731046530256	-1.6671731046530256
C7	BNIP5	1	0	-1.6733209469998995	-1.6733209469998995	-1.6733209469998995
C7	SCIN	1	0	-1.6845997220686086	-1.6845997220686086	-1.6845997220686086
C7	EGR2	1	0	-1.6874223523125733	-1.6874223523125733	-1.6874223523125733
C7	NR1I2	1	0	-1.695367484396725	-1.695367484396725	-1.695367484396725
C7	CCL15	1	0	-1.719811382737764	-1.719811382737764	-1.719811382737764
C7	NPR3	3	0	-1.759997852358277	-1.2021562839221807	-6.281897646354853
C7	PLS1	1	0	-1.8113458437659158	-1.8113458437659158	-1.8113458437659158
C7	TCP1	1	0	-1.8800747978331063	-1.8800747978331063	-1.8800747978331063
C7	GPX4	1	0	-1.880155657063387	-1.880155657063387	-1.880155657063387
C7	CLDN18	3	0	-1.8927772596833559	-0.5085508908398487	-4.5746587527859575
C7	ERBB3	3	0	-1.8955437951434093	-1.331376959121062	-3.976386010250139
C7	IFI30	4	0	-1.9306993849705658	-0.8318421718662063	-6.9234970681220664
C7	PRAP1	3	0	-1.9395321024081045	-1.4476256100027263	-2.813544086391421
C7	MUC17	3	0	-1.9474281305806502	-0.6876270498779558	-2.2634776240489844
C7	FCGR3A	1	0	-1.9673713779041517	-1.9673713779041517	-1.9673713779041517
C7	CYP2S1	1	0	-2.013546248395675	-2.013546248395675	-2.013546248395675
C7	PIK3C2G	2	0	-2.0299319128899387	-0.029410927072979695	-4.030452898706898
C7	FAM3D	2	0	-2.039749971847342	-1.9073803792960475	-2.172119564398637
C7	RNF128	1	0	-2.0403137468896313	-2.0403137468896313	-2.0403137468896313
C7	SPON1	1	0	-2.042444484847402	-2.042444484847402	-2.042444484847402
C7	WASF2	1	0	-2.05083501704149	-2.05083501704149	-2.05083501704149
C7	ENTPD1	1	0	-2.0510182264080443	-2.0510182264080443	-2.0510182264080443
C7	MT1H	1	0	-2.07111458534552	-2.07111458534552	-2.07111458534552
C7	CLCA1	1	0	-2.072267596149759	-2.072267596149759	-2.072267596149759
C7	TAF11L2	1	0	-2.124064594792156	-2.124064594792156	-2.124064594792156
C7	FDCSP	1	0	-2.142382212266118	-2.142382212266118	-2.142382212266118
C7	POF1B	1	0	-2.1487254323939275	-2.1487254323939275	-2.1487254323939275
C7	ANKRD40CL	1	0	-2.1775703939307127	-2.1775703939307127	-2.1775703939307127
C7	ANKRD1	1	0	-2.2158844368036905	-2.2158844368036905	-2.2158844368036905
C7	AMN	2	0	-2.2268720505067368	-0.6204824579843484	-3.833261643029125
C7	DNPH1	1	0	-2.2858263172699473	-2.2858263172699473	-2.2858263172699473
C7	HSPA6	1	0	-2.2870176408687155	-2.2870176408687155	-2.2870176408687155
C7	F5	2	0	-2.2933174370044194	-1.3245334166918983	-3.2621014573169407
C7	ANPEP	1	0	-2.3138543936791773	-2.3138543936791773	-2.3138543936791773
C7	CHCHD2	1	0	-2.3166773870591277	-2.3166773870591277	-2.3166773870591277
C7	TMED2	1	0	-2.3170433683108453	-2.3170433683108453	-2.3170433683108453
C7	ITGB2	1	0	-2.3265596210333204	-2.3265596210333204	-2.3265596210333204
C7	KRT4	1	0	-2.3384430169289594	-2.3384430169289594	-2.3384430169289594
C7	RUNX1	1	0	-2.385133757935978	-2.385133757935978	-2.385133757935978
C7	BAIAP2L2	2	0	-2.3959368111156287	-1.8298249492456757	-2.9620486729855817
C7	ADAMTS5	1	0	-2.4063331569786617	-2.4063331569786617	-2.4063331569786617
C7	KDM6A	1	0	-2.4407115171108136	-2.4407115171108136	-2.4407115171108136
C7	VIL1	1	0	-2.4516784195845873	-2.4516784195845873	-2.4516784195845873
C7	MMP1	2	0	-2.463713812182907	-1.451486326883158	-3.4759412974826565
C7	ICAM1	2	0	-2.4870319874118234	-1.2591573972445562	-3.7149065775790904
C7	TNFRSF11B	1	0	-2.496211581562893	-2.496211581562893	-2.496211581562893
C7	CASP5	1	0	-2.5331127683545405	-2.5331127683545405	-2.5331127683545405
C7	CPS1	1	0	-2.5381403521527584	-2.5381403521527584	-2.5381403521527584
C7	NCOA7	1	0	-2.555016097829315	-2.555016097829315	-2.555016097829315
C7	ANXA11	1	0	-2.5553260550379093	-2.5553260550379093	-2.5553260550379093
C7	CEBPG	1	0	-2.60555484392049	-2.60555484392049	-2.60555484392049
C7	SCUBE2	1	0	-2.62247926364145	-2.62247926364145	-2.62247926364145
C7	CXCL14	9	0	-2.6402902658668954	-0.1252498926749474	-18.150048859516474
C7	FA2H	1	0	-2.6495349981356138	-2.6495349981356138	-2.6495349981356138
C7	IYD	1	0	-2.692225206176344	-2.692225206176344	-2.692225206176344
C7	CD24	2	0	-2.705919805012144	-2.090017820296351	-3.3218217897279363
C7	PLAT	3	0	-2.7101426716464685	-0.5243578861422418	-3.65366945755265
C7	FABP1	1	0	-2.7411433977602346	-2.7411433977602346	-2.7411433977602346
C7	FAM49B	1	0	-2.7692183072342624	-2.7692183072342624	-2.7692183072342624
C7	TM4SF20	1	0	-2.771244800137878	-2.771244800137878	-2.771244800137878
C7	ANKRD36C	1	0	-2.786036739020325	-2.786036739020325	-2.786036739020325
C7	STC1	1	0	-2.8015670669285275	-2.8015670669285275	-2.8015670669285275
C7	FCER1G	2	0	-2.8116083537444796	-0.18390531978384203	-5.439311387705117
C7	GDF15	1	0	-2.819775083046107	-2.819775083046107	-2.819775083046107
C7	IFIT2	1	0	-2.821587754830692	-2.821587754830692	-2.821587754830692
C7	SKIL	1	0	-2.8234709808916265	-2.8234709808916265	-2.8234709808916265
C7	TAGLN2	1	0	-2.824887666715195	-2.824887666715195	-2.824887666715195
C7	IGHMBP2	1	0	-2.837559937351181	-2.837559937351181	-2.837559937351181
C7	ECM1	1	0	-2.8647891816215827	-2.8647891816215827	-2.8647891816215827
C7	IFIT3	2	0	-2.869153462108714	-2.5365499116726076	-3.2017570125448205
C7	PSMA7	1	0	-2.9099127011166668	-2.9099127011166668	-2.9099127011166668
C7	FST	1	0	-2.9126463113170535	-2.9126463113170535	-2.9126463113170535
C7	PTK7	2	0	-2.951135917723311	-1.1335090851914635	-4.768762750255158
C7	ENC1	1	0	-2.9993958285866835	-2.9993958285866835	-2.9993958285866835
C7	FDPS	1	0	-3.017108699471415	-3.017108699471415	-3.017108699471415
C7	ANG	1	0	-3.0318654016196964	-3.0318654016196964	-3.0318654016196964
C7	ITLN1	1	0	-3.051165812567679	-3.051165812567679	-3.051165812567679
C7	CD68	4	0	-3.1298367001317295	-1.854032420729863	-4.40539714075147
C7	GOLM1	3	0	-3.133922449420592	-0.9459904026515555	-6.806099020254149
C7	SYT13	1	0	-3.1639866618119026	-3.1639866618119026	-3.1639866618119026
C7	TNNT1	1	0	-3.1699108961992937	-3.1699108961992937	-3.1699108961992937
C7	CCL11	1	0	-3.1881720433928757	-3.1881720433928757	-3.1881720433928757
C7	MXD1	2	0	-3.2212594628969695	-0.7924978612179254	-5.650021064576014
C7	MYL12B	1	0	-3.222094990538654	-3.222094990538654	-3.222094990538654
C7	CD9	1	0	-3.228066154105074	-3.228066154105074	-3.228066154105074
C7	CMTM3	3	0	-3.2330568840160794	-1.609188694738276	-9.386238152644083
C7	ACTL8	1	0	-3.2459281206751043	-3.2459281206751043	-3.2459281206751043
C7	ACTN1	1	0	-3.3630622720328676	-3.3630622720328676	-3.3630622720328676
C7	GEM	1	0	-3.372596392416686	-3.372596392416686	-3.372596392416686
C7	GPNMB	1	0	-3.4081045435187907	-3.4081045435187907	-3.4081045435187907
C7	ANGPTL4	2	0	-3.40948145988036	-1.8849512726077855	-4.934011647152935
C7	MMP3	2	0	-3.45424496854997	-1.0036935998172347	-5.904796337282705
C7	TCEA3	1	0	-3.4586974031489426	-3.4586974031489426	-3.4586974031489426
C7	PSMD8	1	0	-3.4605372128018295	-3.4605372128018295	-3.4605372128018295
C7	LOX	4	0	-3.4725593629567317	-1.8126414898668888	-9.830252950041887
C7	MYEOV	1	0	-3.4727633550972596	-3.4727633550972596	-3.4727633550972596
C7	PRRC2C	2	0	-3.516573734357306	-1.8987091801657814	-5.13443828854883
C7	CHMP2B	1	0	-3.5237652569924833	-3.5237652569924833	-3.5237652569924833
C7	CXCL10	1	0	-3.5251992103700713	-3.5251992103700713	-3.5251992103700713
C7	OAS3	1	0	-3.562555404504743	-3.562555404504743	-3.562555404504743
C7	ARL14	2	0	-3.568611325436048	-0.6924553446384418	-6.444767306233654
C7	DSP	1	0	-3.594072978840685	-3.594072978840685	-3.594072978840685
C7	MMP12	4	0	-3.607518896956325	-2.0041783452078166	-6.89660035392558
C7	CDHR2	1	0	-3.6524856489304214	-3.6524856489304214	-3.6524856489304214
C7	PLBD1	1	0	-3.6621587161698015	-3.6621587161698015	-3.6621587161698015
C7	PLXNB2	1	0	-3.6694588406183	-3.6694588406183	-3.6694588406183
C7	PI3	1	0	-3.6922468750826942	-3.6922468750826942	-3.6922468750826942
C7	RSAD2	2	0	-3.724832602131695	-2.145829006956892	-5.303836197306498
C7	SPRR3	3	0	-3.7430255029484245	-0.06549307647164906	-3.825685684617169
C7	BACE2	1	0	-3.7449677730691473	-3.7449677730691473	-3.7449677730691473
C7	EMP3	1	0	-3.7683397728588797	-3.7683397728588797	-3.7683397728588797
C7	LGALS1	3	0	-3.7733770219311498	-2.3544152545184303	-8.736416638172443
C7	MX2	1	0	-3.7885113239005648	-3.7885113239005648	-3.7885113239005648
C7	ABHD2	1	0	-3.8320434516235973	-3.8320434516235973	-3.8320434516235973
C7	ALOX5AP	2	0	-3.845725810229113	-2.646739264307303	-5.0447123561509235
C7	C6orf132	1	0	-3.8530877712422744	-3.8530877712422744	-3.8530877712422744
C7	CCL8	1	0	-3.8621721703932974	-3.8621721703932974	-3.8621721703932974
C7	PLOD2	1	0	-3.873424153804681	-3.873424153804681	-3.873424153804681
C7	HSPA5	2	0	-3.910928668538466	-2.0352562028908707	-5.7866011341860615
C7	PSMC4	1	0	-3.937319975420176	-3.937319975420176	-3.937319975420176
C7	CSF3	1	0	-3.9996172099307845	-3.9996172099307845	-3.9996172099307845
C7	RANBP3L	2	0	-4.001163696421626	-3.6768320706368467	-4.325495322206405
C7	LY6E	2	0	-4.023840664851169	-2.8056883958855705	-5.241992933816767
C7	NDRG1	1	0	-4.026044995131586	-4.026044995131586	-4.026044995131586
C7	S100A4	5	0	-4.031267775309553	-2.1061445747804934	-23.874622546326208
C7	PODXL	2	0	-4.0416960247882	-3.786464667908886	-4.296927381667514
C7	OASL	1	0	-4.091354355285124	-4.091354355285124	-4.091354355285124
C7	CCL18	6	0	-4.095749986025397	-1.7348384219552764	-7.08175685053383
C7	ANLN	1	0	-4.099289635473331	-4.099289635473331	-4.099289635473331
C7	HKDC1	1	0	-4.127704594935007	-4.127704594935007	-4.127704594935007
C7	COL5A1	7	0	-4.158909765302468	-1.2257481024376087	-20.127047445056963
C7	SLC11A1	7	0	-4.164325481525002	-2.5690483717888077	-10.853998483326547
C7	SPINK4	1	0	-4.18255031107034	-4.18255031107034	-4.18255031107034
C7	PPBP	2	0	-4.1834064135642075	-3.530872699607349	-4.835940127521066
C7	ENO2	1	0	-4.203545477996717	-4.203545477996717	-4.203545477996717
C7	EPS8L1	1	0	-4.2294318274453415	-4.2294318274453415	-4.2294318274453415
C7	ARRDC3	1	0	-4.23987065752647	-4.23987065752647	-4.23987065752647
C7	S100A8	3	0	-4.241746434613892	-2.993109063450744	-12.760455811635705
C7	SLC9A3	1	0	-4.299512213663608	-4.299512213663608	-4.299512213663608
C7	CLDN6	1	0	-4.312300007223964	-4.312300007223964	-4.312300007223964
C7	TSPAN3	1	0	-4.320293574591754	-4.320293574591754	-4.320293574591754
C7	IL24	1	0	-4.342190058430241	-4.342190058430241	-4.342190058430241
C7	FSTL3	1	0	-4.388831475893641	-4.388831475893641	-4.388831475893641
C7	ENTPD2	1	0	-4.395744641631157	-4.395744641631157	-4.395744641631157
C7	KLF5	6	0	-4.398605928184573	-2.804156336777528	-18.907973929734347
C7	SEL1L3	1	0	-4.418137154248039	-4.418137154248039	-4.418137154248039
C7	CD200	1	0	-4.429565834557838	-4.429565834557838	-4.429565834557838
C7	ANTXR2	1	0	-4.4464592424170615	-4.4464592424170615	-4.4464592424170615
C7	MX1	2	0	-4.452306632411427	-4.00226465396604	-4.902348610856815
C7	EPHB6	1	0	-4.461764219935912	-4.461764219935912	-4.461764219935912
C7	PODNL1	1	0	-4.482305821248886	-4.482305821248886	-4.482305821248886
C7	ADARB1	1	0	-4.502265116321332	-4.502265116321332	-4.502265116321332
C7	NKD2	4	0	-4.50322356434687	-2.4897436698439956	-7.527817713691941
C7	BHLHE40	1	0	-4.584032682100344	-4.584032682100344	-4.584032682100344
C7	LOXL1	3	0	-4.679236772915807	-1.3063610830593018	-11.29497127170009
C7	S100A11	3	0	-4.683500111154631	-1.7110748779049234	-21.58593086958893
C7	MARCO	5	0	-4.713579018101474	-2.0689476957882733	-7.177674047310733
C7	SCGB3A1	1	0	-4.729022910529805	-4.729022910529805	-4.729022910529805
C7	ECH1	1	0	-4.733035262710797	-4.733035262710797	-4.733035262710797
C7	PERP	2	0	-4.740431813419083	-0.4153887701864224	-9.065474856651743
C7	EMP1	1	0	-4.755758418985308	-4.755758418985308	-4.755758418985308
C7	COL7A1	4	0	-4.797049300471906	-3.228626381413769	-18.856871486856498
C7	PLEKHG6	1	0	-4.810309921565331	-4.810309921565331	-4.810309921565331
C7	PPDPF	1	0	-4.818262311000327	-4.818262311000327	-4.818262311000327
C7	UBE2C	1	0	-4.821328189115385	-4.821328189115385	-4.821328189115385
C7	FXYD5	2	0	-4.841782954916372	-3.641374632625408	-6.042191277207337
C7	LAMA3	3	0	-4.880766735560045	-4.17823961599354	-6.541065332454402
C7	ITGBL1	1	0	-4.891809096930019	-4.891809096930019	-4.891809096930019
C7	ALPL	1	0	-4.89847687600802	-4.89847687600802	-4.89847687600802
C7	MSR1	1	0	-4.9039164126946275	-4.9039164126946275	-4.9039164126946275
C7	IL1B	1	0	-4.904455478933731	-4.904455478933731	-4.904455478933731
C7	OLR1	3	0	-4.956353283124058	-4.214812905153337	-8.392467235848926
C7	HIST1H2AB	1	0	-4.967255096602973	-4.967255096602973	-4.967255096602973
C7	IFIT1	1	0	-4.970248183515774	-4.970248183515774	-4.970248183515774
C7	MMP14	5	0	-4.991192800574713	-1.9491962590435585	-27.28253015247329
C7	ACTN4	1	0	-5.007365084130437	-5.007365084130437	-5.007365084130437
C7	MALL	3	0	-5.021219670233049	-1.0793201638971044	-6.171757956364291
C7	ENO1	2	0	-5.021736153788544	-4.649285902251301	-5.3941864053257875
C7	SCUBE3	2	0	-5.027910517681657	-3.2680764015376513	-6.787744633825663
C7	S100A10	3	0	-5.038473854462427	-4.894572502635711	-10.37115909892454
C7	RAB2A	1	0	-5.052269939164802	-5.052269939164802	-5.052269939164802
C7	PGK1	1	0	-5.08139460444951	-5.08139460444951	-5.08139460444951
C7	SDS	1	0	-5.0850250505177375	-5.0850250505177375	-5.0850250505177375
C7	SELENOM	1	0	-5.089105113993168	-5.089105113993168	-5.089105113993168
C7	PAK4	1	0	-5.129151422469747	-5.129151422469747	-5.129151422469747
C7	CTSH	1	0	-5.13195866320056	-5.13195866320056	-5.13195866320056
C7	AHNAK2	3	0	-5.162071189659848	-4.679639838479041	-10.858538121017586
C7	AREG	2	0	-5.169737094373909	-4.820284343416617	-5.519189845331202
C7	ADM	7	0	-5.202219826838551	-2.726726838096123	-12.80532881321354
C7	MDFI	1	0	-5.2065727266505135	-5.2065727266505135	-5.2065727266505135
C7	ITGB5	2	0	-5.21413545851055	-1.3878460618847626	-9.040424855136338
C7	CD55	5	0	-5.22527431316151	-2.417740165660856	-10.799803435950148
C7	GABARAPL1	2	0	-5.232977979779376	-3.9912882098424642	-6.4746677497162874
C7	HSPA1B	4	0	-5.280777061476348	-4.096566008334888	-6.906812285628846
C7	SLC38A5	1	0	-5.318171127616075	-5.318171127616075	-5.318171127616075
C7	AQP9	1	0	-5.324002400811667	-5.324002400811667	-5.324002400811667
C7	SPRY4	1	0	-5.335462716335113	-5.335462716335113	-5.335462716335113
C7	COL8A1	5	0	-5.394397161520598	-1.4932778052836913	-13.72996505856535
C7	PNCK	1	0	-5.417981806039624	-5.417981806039624	-5.417981806039624
C7	UGT1A6	3	0	-5.425597572746977	-2.0122316618745977	-21.31087001510943
C7	WNK1	1	0	-5.4271870166201595	-5.4271870166201595	-5.4271870166201595
C7	LGALS3	2	0	-5.433466844567759	-2.5208129750928396	-8.346120714042678
C7	L1CAM	1	0	-5.442914836686947	-5.442914836686947	-5.442914836686947
C7	EREG	2	0	-5.447863290432444	-4.954492140128334	-5.941234440736555
C7	MUC4	4	0	-5.548258045214453	-0.45931176829021164	-31.584374079228198
C7	ADAM19	2	0	-5.554234627874077	-2.6111203318286456	-8.497348923919509
C7	MIF	2	0	-5.592024764562662	-4.376762447443761	-6.807287081681564
C7	VCAN	7	0	-5.602174232087509	-1.1243292991110176	-8.836778017909355
C7	APOL1	1	0	-5.611805929316305	-5.611805929316305	-5.611805929316305
C7	RAB27B	1	0	-5.640328824690976	-5.640328824690976	-5.640328824690976
C7	CRIM1	1	0	-5.648248496236465	-5.648248496236465	-5.648248496236465
C7	POLD4	1	0	-5.675335147363418	-5.675335147363418	-5.675335147363418
C7	HSP90AA1	1	0	-5.683102370271163	-5.683102370271163	-5.683102370271163
C7	ITGA6	1	0	-5.6861681003512174	-5.6861681003512174	-5.6861681003512174
C7	FTH1	1	0	-5.7016268884098045	-5.7016268884098045	-5.7016268884098045
C7	CAST	1	0	-5.703068979447432	-5.703068979447432	-5.703068979447432
C7	CEACAM1	1	0	-5.705379989905874	-5.705379989905874	-5.705379989905874
C7	BNIP3L	2	0	-5.757167787543707	-4.186702816034761	-7.327632759052652
C7	CAV2	1	0	-5.758261374516535	-5.758261374516535	-5.758261374516535
C7	PLAU	6	0	-5.76760422476862	-2.652137673222094	-13.396494365795771
C7	HK2	2	0	-5.787235080638407	-4.8708806504523725	-6.7035895108244405
C7	MATN3	3	0	-5.796186597736371	-1.8447539128186656	-12.199127732176247
C7	NT5E	1	0	-5.805323542857643	-5.805323542857643	-5.805323542857643
C7	FN1	5	0	-5.809667891747682	-5.053315657062242	-14.63158231451738
C7	COL5A2	7	0	-5.826852452633116	-0.35232897282724135	-18.117815345377263
C7	CDA	1	0	-5.829862198743646	-5.829862198743646	-5.829862198743646
C7	ABLIM3	2	0	-5.841663414250612	-5.568591780137823	-6.114735048363401
C7	SPRY2	1	0	-5.8448156185543665	-5.8448156185543665	-5.8448156185543665
C7	RNASEK	1	0	-5.845493522201541	-5.845493522201541	-5.845493522201541
C7	RNASET2	2	0	-5.8877559364966565	-5.373898703440757	-6.401613169552555
C7	TREM1	4	0	-5.908524563923853	-2.5293015025039822	-9.512847215073798
C7	IL11	1	0	-5.9168253689439725	-5.9168253689439725	-5.9168253689439725
C7	BMP4	1	0	-5.951028283982434	-5.951028283982434	-5.951028283982434
C7	C4BPB	1	0	-5.964785430074638	-5.964785430074638	-5.964785430074638
C7	ARL4D	1	0	-6.022180236554772	-6.022180236554772	-6.022180236554772
C7	G0S2	1	0	-6.038795281069668	-6.038795281069668	-6.038795281069668
C7	BAIAP2L1	1	0	-6.046942320316193	-6.046942320316193	-6.046942320316193
C7	ADRA2A	1	0	-6.072190309320351	-6.072190309320351	-6.072190309320351
C7	EPPK1	2	0	-6.090395454713067	-4.849514844454074	-7.3312760649720605
C7	SDCBP2	1	0	-6.1293420834656915	-6.1293420834656915	-6.1293420834656915
C7	FAM20A	1	0	-6.132823155565923	-6.132823155565923	-6.132823155565923
C7	KRT16	4	0	-6.144563913795152	-0.7621432064881183	-16.52693376167641
C7	EPHA2	6	0	-6.167552811274224	-1.4714915751764945	-18.673710242765594
C7	APLN	1	0	-6.1731743006826445	-6.1731743006826445	-6.1731743006826445
C7	CXCL8	8	0	-6.187723932149428	-2.30423345073725	-20.37600447576441
C7	TNFRSF12A	2	0	-6.197993527876448	-5.826510724371356	-6.56947633138154
C7	COL11A1	10	0	-6.201835517656549	-2.274206177093208	-22.228427654451643
C7	SNAI2	1	0	-6.224549779148095	-6.224549779148095	-6.224549779148095
C7	CTSB	2	0	-6.246661043635875	-3.206652665896051	-9.286669421375699
C7	EZR	1	0	-6.253145231838586	-6.253145231838586	-6.253145231838586
C7	FLNA	3	0	-6.259460511085279	-5.244855251285097	-8.257416775334534
C7	PDLIM7	4	0	-6.275696612784091	-3.3393787846055316	-15.985392746317851
C7	PPP1R15A	2	0	-6.27645299885188	-4.734435138825938	-7.818470858877822
C7	EFNA1	4	0	-6.277348324827477	-0.6924475810426562	-20.98773095337367
C7	FGF7	3	0	-6.324748676727901	-3.9800077976515413	-9.238422677067074
C7	EFHD2	1	0	-6.327094100733069	-6.327094100733069	-6.327094100733069
C7	HSPA1A	5	0	-6.388839846791303	-1.45229304683539	-6.944807659451708
C7	LMNA	2	0	-6.401664785573425	-3.5718601081929213	-9.23146946295393
C7	IGFBP6	1	0	-6.420740357724739	-6.420740357724739	-6.420740357724739
C7	PRSS8	2	0	-6.443318896981741	-0.7485695264586042	-12.138068267504877
C7	GFPT2	1	0	-6.446838789400059	-6.446838789400059	-6.446838789400059
C7	MET	1	0	-6.461310103593365	-6.461310103593365	-6.461310103593365
C7	ALDH3B1	1	0	-6.469720054746939	-6.469720054746939	-6.469720054746939
C7	CLCF1	1	0	-6.480747117907476	-6.480747117907476	-6.480747117907476
C7	CLMP	1	0	-6.500801288966574	-6.500801288966574	-6.500801288966574
C7	EGLN3	6	0	-6.5603261097758985	-2.4862588355178583	-16.134399551803472
C7	CALB2	2	0	-6.571551034940155	-0.25444216110119633	-12.888659908779115
C7	EPS8L2	1	0	-6.594654482212287	-6.594654482212287	-6.594654482212287
C7	ITGA2	2	0	-6.596970671771334	-5.521405207403998	-7.672536136138672
C7	PHLDA1	1	0	-6.625188350094026	-6.625188350094026	-6.625188350094026
C7	CAPG	2	0	-6.641858125559976	-4.479696486409597	-8.804019764710356
C7	PET100	1	0	-6.657826157664851	-6.657826157664851	-6.657826157664851
C7	MBOAT2	1	0	-6.659221946879537	-6.659221946879537	-6.659221946879537
C7	CTSK	5	0	-6.696498798312377	-0.43677515574240683	-9.56094068723937
C7	EHF	1	0	-6.7285458212558416	-6.7285458212558416	-6.7285458212558416
C7	NBL1	4	0	-6.832196418072966	-0.7875644749775457	-17.136893005654226
C7	HMGA2	4	0	-6.850050683602172	-2.8717208889164927	-13.300120969351944
C7	DNTTIP1	1	0	-6.851720758352849	-6.851720758352849	-6.851720758352849
C7	ISLR	3	0	-6.868849175483341	-0.7070336038248759	-9.971804909021516
C7	OAS1	1	0	-6.869072989423721	-6.869072989423721	-6.869072989423721
C7	S100A16	3	0	-6.8858353103697425	-3.2948089577284967	-24.900120993352054
C7	FIBIN	4	0	-6.885857628572777	-3.0368653407704382	-10.799449980001027
C7	DDIT4	3	0	-6.899854199501955	-2.1250696707524774	-8.671922506842694
C7	VEGFA	4	0	-6.915611460383433	-1.876463137164625	-7.018061096944612
C7	CCDC71L	1	0	-6.972134090271227	-6.972134090271227	-6.972134090271227
C7	ERO1A	2	0	-7.00041131157078	-6.610206747990814	-7.390615875150746
C7	MMP11	10	0	-7.008390692196229	-2.948549500443679	-22.545773091696564
C7	MFSD11	1	0	-7.019911880389041	-7.019911880389041	-7.019911880389041
C7	CKLF	1	0	-7.030009948004746	-7.030009948004746	-7.030009948004746
C7	SCD	2	0	-7.031387092269169	-4.579659263435262	-9.483114921103075
C7	ERRFI1	4	0	-7.064837346327827	-2.8283030069219808	-18.794091827334814
C7	SLC44A1	1	0	-7.0841877390770644	-7.0841877390770644	-7.0841877390770644
C7	ELL2	2	0	-7.105856124864385	-5.966578186907216	-8.245134062821553
C7	GAS6	1	0	-7.1109525282157175	-7.1109525282157175	-7.1109525282157175
C7	GPI	1	0	-7.142620851196902	-7.142620851196902	-7.142620851196902
C7	CRIP1	3	0	-7.159058058711754	-1.7648275572820284	-16.34583057480199
C7	ANXA2	5	0	-7.241159745651312	-3.1623537905165633	-18.68531026244713
C7	CAV1	2	0	-7.269476322789212	-6.719630187076971	-7.819322458501453
C7	LOXL2	7	0	-7.27368083472173	-4.076803186529229	-11.670167001329713
C7	ZC3H12A	1	0	-7.278539036097581	-7.278539036097581	-7.278539036097581
C7	CLIC4	2	0	-7.299801695742552	-6.479803384596657	-8.119800006888447
C7	SEMA4B	4	0	-7.328801702483684	-6.770286618274536	-18.805583418801206
C7	POLB	1	0	-7.34412136492404	-7.34412136492404	-7.34412136492404
C7	CNN3	2	0	-7.34547380331248	-6.587736811275265	-8.103210795349694
C7	TRIM59	1	0	-7.36311164072005	-7.36311164072005	-7.36311164072005
C7	FOSL1	1	0	-7.372886564570387	-7.372886564570387	-7.372886564570387
C7	SGMS2	1	0	-7.381003648865802	-7.381003648865802	-7.381003648865802
C7	ITPRIP	2	0	-7.433524598330308	-5.440718223118599	-9.426330973542019
C7	ADAMTS12	1	0	-7.486685704887487	-7.486685704887487	-7.486685704887487
C7	FLNB	1	0	-7.557229032466144	-7.557229032466144	-7.557229032466144
C7	CHKA	1	0	-7.5942146224072475	-7.5942146224072475	-7.5942146224072475
C7	P2RY2	1	0	-7.601792318452225	-7.601792318452225	-7.601792318452225
C7	RAB31	1	0	-7.621679933462205	-7.621679933462205	-7.621679933462205
C7	CHMP1B	1	0	-7.647413092191716	-7.647413092191716	-7.647413092191716
C7	PLAUR	6	0	-7.714924144429837	-5.239730230360109	-11.22734448468554
C7	BIRC7	1	0	-7.718358252971739	-7.718358252971739	-7.718358252971739
C7	SH3PXD2A	1	0	-7.786856875792023	-7.786856875792023	-7.786856875792023
C7	PLCD3	1	0	-7.830282026873598	-7.830282026873598	-7.830282026873598
C7	MFAP5	6	0	-7.84747933525564	-2.6647555342364138	-13.225036163291746
C7	IL6	1	0	-7.850673215097939	-7.850673215097939	-7.850673215097939
C7	FERMT1	1	0	-7.876227481445929	-7.876227481445929	-7.876227481445929
C7	ATP10A	1	0	-7.923836791919899	-7.923836791919899	-7.923836791919899
C7	PRDM1	1	0	-8.003690509486196	-8.003690509486196	-8.003690509486196
C7	PDPN	1	0	-8.030442960210836	-8.030442960210836	-8.030442960210836
C7	PROM2	3	0	-8.038291932139515	-0.2443443892888345	-20.364817573811393
C7	JUNB	2	0	-8.064811857670877	-4.392363194972706	-11.737260520369048
C7	DNAJB1	2	0	-8.091767270564011	-6.9539382419975775	-9.229596299130446
C7	TPM1	3	0	-8.137990915118035	-5.478808853903218	-15.352391472053363
C7	CTNNB1	1	0	-8.150750185629922	-8.150750185629922	-8.150750185629922
C7	GALNT15	1	0	-8.23511440009476	-8.23511440009476	-8.23511440009476
C7	CADM1	1	0	-8.241125452875453	-8.241125452875453	-8.241125452875453
C7	LAMB3	5	0	-8.244728478427131	-3.91407395438688	-26.603069352831465
C7	SLC35D3	1	0	-8.27477022492877	-8.27477022492877	-8.27477022492877
C7	ENAH	1	0	-8.279513972335165	-8.279513972335165	-8.279513972335165
C7	INSR	1	0	-8.286793836803037	-8.286793836803037	-8.286793836803037
C7	PLK3	1	0	-8.367243319100881	-8.367243319100881	-8.367243319100881
C7	F3	1	0	-8.43044202416238	-8.43044202416238	-8.43044202416238
C7	HSPH1	1	0	-8.432176592815699	-8.432176592815699	-8.432176592815699
C7	HIF3A	1	0	-8.447276394193596	-8.447276394193596	-8.447276394193596
C7	LIF	2	0	-8.45149381992082	-5.696271852149436	-11.206715787692204
C7	SPHK1	1	0	-8.476860178876583	-8.476860178876583	-8.476860178876583
C7	UNC93B1	1	0	-8.559771244228063	-8.559771244228063	-8.559771244228063
C7	GREM1	8	0	-8.602718377612778	-3.4050785629877827	-24.529556279387254
C7	RGS1	1	0	-8.608982845325638	-8.608982845325638	-8.608982845325638
C7	S100A2	4	0	-8.755471073816434	-4.059778867117877	-27.470638546967297
C7	CDKN1A	2	0	-8.775056492122234	-8.398344544003344	-9.151768440241124
C7	DPYSL3	4	0	-8.797771503514188	-1.3805024808149193	-9.663384560121537
C7	ARL4C	1	0	-8.816839588220112	-8.816839588220112	-8.816839588220112
C7	KIAA1217	1	0	-8.821573178457795	-8.821573178457795	-8.821573178457795
C7	RAI14	1	0	-8.825176846121057	-8.825176846121057	-8.825176846121057
C7	LAMC2	5	0	-8.82873348244089	-0.27059028906329496	-26.67478635936296
C7	ASPH	1	0	-8.854801225184554	-8.854801225184554	-8.854801225184554
C7	CHPF	1	0	-8.873238494433515	-8.873238494433515	-8.873238494433515
C7	CCN4	1	0	-8.932461347483745	-8.932461347483745	-8.932461347483745
C7	METRNL	1	0	-9.018998415469609	-9.018998415469609	-9.018998415469609
C7	SLC2A1	7	0	-9.120574834568124	-3.9423946367311857	-28.584261025073353
C7	ANKRD37	1	0	-9.250579576312136	-9.250579576312136	-9.250579576312136
C7	KRT6B	1	0	-9.280884864693157	-9.280884864693157	-9.280884864693157
C7	COL12A1	8	0	-9.315049667685699	-2.2396386441967207	-18.899899354451804
C7	RGS16	7	0	-9.324197524702761	-0.01901878392220207	-23.15342609821632
C7	ST6GALNAC5	2	0	-9.365278180372163	-8.308136155393683	-10.422420205350644
C7	ALDH1B1	1	0	-9.415634998611102	-9.415634998611102	-9.415634998611102
C7	NUAK1	1	0	-9.440408278122767	-9.440408278122767	-9.440408278122767
C7	PCDH7	2	0	-9.468354955010229	-9.222349556749332	-9.714360353271125
C7	TNS4	4	0	-9.4793880881622	-3.532120889670057	-17.422298777991703
C7	SEMA3D	1	0	-9.587417578111594	-9.587417578111594	-9.587417578111594
C7	FNDC1	5	0	-9.690216730142057	-3.371358143001492	-11.491383513584104
C7	GXYLT2	1	0	-9.710295308602957	-9.710295308602957	-9.710295308602957
C7	SERINC2	3	0	-9.72551098946375	-4.971539561309777	-20.897783173481837
C7	CSTB	4	0	-9.740877166593371	-4.159764067418448	-21.386345865403047
C7	PLPP4	1	0	-9.870575926529948	-9.870575926529948	-9.870575926529948
C7	NECTIN4	1	0	-9.929330804041824	-9.929330804041824	-9.929330804041824
C7	WNT2	1	0	-9.963345126814454	-9.963345126814454	-9.963345126814454
C7	RASGRF2	3	0	-9.97446244664492	-7.4856844577641235	-10.021732582887005
C7	KIF26B	1	0	-10.016413789839232	-10.016413789839232	-10.016413789839232
C7	C1QTNF3	4	0	-10.052246155858697	-4.128346567315884	-13.62953925078175
C7	COL8A2	1	0	-10.388990544813433	-10.388990544813433	-10.388990544813433
C7	IER2	1	0	-10.636206114951031	-10.636206114951031	-10.636206114951031
C7	PXDN	2	0	-10.886786389865502	-8.750142664817531	-13.023430114913472
C7	CCL28	1	0	-10.896763920776776	-10.896763920776776	-10.896763920776776
C7	GJB2	7	0	-11.229246724104273	-4.7881821159428535	-24.225270296110015
C7	ADAMTS16	2	0	-11.339630210603751	-10.952660945041677	-11.726599476165825
C7	PTPRF	2	0	-11.38342859488911	-3.2388723249864926	-19.52798486479173
C7	ADAM12	3	0	-11.564754126042343	-9.789526503025106	-12.39639311498444
C7	LRRC15	7	0	-11.747256699043742	-1.3347247143839116	-14.502455281167746
C7	ZFP36	1	0	-11.757275176174879	-11.757275176174879	-11.757275176174879
C7	SLC2A3	3	0	-11.79143302736778	-9.677238917907799	-14.576417760428244
C7	TMEM158	3	0	-11.911182937194235	-10.274010518613863	-12.415351469531068
C7	KRT80	1	0	-12.144780553990715	-12.144780553990715	-12.144780553990715
C7	ZFP36L1	1	0	-12.176316247703255	-12.176316247703255	-12.176316247703255
C7	AKR1C3	2	0	-12.21135996253478	-0.5015902193728417	-23.92112970569672
C7	PMEPA1	2	0	-12.223258555831624	-6.498355387477517	-17.94816172418573
C7	CALU	1	0	-12.233671583102211	-12.233671583102211	-12.233671583102211
C7	MARCKS	1	0	-12.2590129225903	-12.2590129225903	-12.2590129225903
C7	MICAL2	1	0	-12.391879677855421	-12.391879677855421	-12.391879677855421
C7	KRT81	1	0	-12.433104977195569	-12.433104977195569	-12.433104977195569
C7	C5orf46	3	0	-12.442384153426454	-9.337760506132115	-16.57041420171905
C7	IGFL3	1	0	-12.539375370340032	-12.539375370340032	-12.539375370340032
C7	SCGB1A1	1	0	-12.74776723290051	-12.74776723290051	-12.74776723290051
C7	SDC1	5	0	-12.865506695377533	-8.30339792591149	-26.042170328207227
C7	INF2	2	0	-13.023891679739881	-5.67507344175916	-20.372709917720602
C7	RGCC	1	0	-13.064389854767066	-13.064389854767066	-13.064389854767066
C7	PFKP	2	0	-13.676955200267596	-7.945048423702715	-19.408861976832476
C7	SERPINB5	2	0	-14.21175963636148	-9.733650695876747	-18.689868576846212
C7	ALDH3A1	2	0	-14.641302222894678	-3.0028086993795653	-26.279795746409793
C7	SLC7A11	2	0	-15.872865582388716	-2.8868475438692744	-28.85888362090816
C7	ALDH1A3	1	0	-16.155808470377533	-16.155808470377533	-16.155808470377533
C7	GPC1	2	0	-16.50202342871227	-12.223269336587503	-20.780777520837034
C7	ST14	1	0	-17.09924487268216	-17.09924487268216	-17.09924487268216
C7	AGRN	2	0	-17.29061872247302	-5.068160288339915	-29.513077156606123
C7	UCHL1	1	0	-18.062135607102054	-18.062135607102054	-18.062135607102054
C7	KYNU	1	0	-18.70147884224667	-18.70147884224667	-18.70147884224667
C7	H1F0	1	0	-19.091916416614765	-19.091916416614765	-19.091916416614765
C7	CHMP2A	1	0	-19.60364154393774	-19.60364154393774	-19.60364154393774
C7	TKT	1	0	-19.988976680363585	-19.988976680363585	-19.988976680363585
C7	CLDN3	1	0	-20.365763595842957	-20.365763595842957	-20.365763595842957
C7	CDCP1	1	0	-20.680103170371062	-20.680103170371062	-20.680103170371062
C7	G6PD	1	0	-21.781284177823686	-21.781284177823686	-21.781284177823686
C7	TXN	1	0	-23.711317671548347	-23.711317671548347	-23.711317671548347
C7	AKR1C1	1	0	-24.42784465071179	-24.42784465071179	-24.42784465071179
C7	AKR1B10	1	0	-24.52368103248115	-24.52368103248115	-24.52368103248115
C7	PGD	1	0	-24.899876003914365	-24.899876003914365	-24.899876003914365
CCL19	C7	10	10	7.446245922140798	23.73253050878341	2.357164715326691
CCL19	MFAP4	10	10	5.244214013036226	14.171171892190825	0.48922078389288826
CCL19	KCNK17	10	10	1.8401253429438382	8.678459584823552	0.05328129625115064
CCL19	KCNJ8	10	10	1.529106050944859	8.63874955016924	0.09665527359950263
CCL19	KCNAB2	10	10	1.1254805909989196	5.008826163902291	0.3337660111274534
CCL19	CLU	10	9	4.5202094358625615	12.816251832457192	-0.8828398366334645
CCL19	C1R	10	9	1.4613890375892855	9.221842498276235	-0.9956632041292547
CCL19	KCNT2	10	9	1.1062388964800325	2.6844873930494493	-0.36520072204895593
CCL19	KCNK3	10	9	0.9345918744455673	9.832866474034821	-5.345720406147829
CCL19	CCL21	10	8	4.526465925049838	29.829426163878846	-1.5864068571617238
CCL19	IGKV4-1	9	8	3.8771991553230043	22.835431730842718	-2.143544283190887
CCL19	SFRP4	9	8	2.0968482637271286	13.509682858794894	-11.034919669538422
CCL19	KCND3	10	8	2.0959959811309794	6.728588666475128	-2.884772029479982
CCL19	KCNN3	10	8	1.6477626615331005	7.381633711641866	-0.7423740298451336
CCL19	KCNB1	8	8	1.0371571481492758	2.1533960688474685	0.17394983514955417
CCL19	KCNMA1	10	8	0.9549513479514466	3.9671613702377284	-2.7288690062028715
CCL19	KCNA5	9	8	0.949788841859692	6.895873926258737	-0.26288405533874426
CCL19	KCNK15	10	8	0.7945302004198618	2.347096736635893	-0.061506981995510523
CCL19	ADAMTS1	7	7	14.820372407551599	15.8626219737949	3.0536803188163635
CCL19	HSPB6	7	7	6.029620693877984	14.433339962819451	0.5883741197123774
CCL19	MGP	7	7	5.905349001897837	15.930308348508785	1.9799961268491675
CCL19	IGHM	10	7	4.029154141709771	32.606546879122334	-2.9173847834503133
CCL19	IGHG1	9	7	3.5919782849974253	8.748132466580266	-1.6241139375188414
CCL19	IGHA1	9	7	3.5739196823986554	20.631059910755816	-3.2826336032403756
CCL19	IGLC1	10	7	3.2435790876204544	15.333526293206296	-3.5664791050825344
CCL19	IGHG3	9	7	3.04243088161062	24.93685406286757	-1.2479310129786791
CCL19	APOD	7	7	3.025284556921709	7.821294104248677	0.3285584858002993
CCL19	IGHG2	8	7	2.498451450589468	11.133895840019079	-0.27440932203149937
CCL19	KCNMB1	10	7	1.2830679792250665	10.804870998947148	-1.3516932802049793
CCL19	KCNAB1	10	7	0.6682308138354216	4.718859183895954	-0.4354684740851579
CCL19	KCNE4	10	7	0.578156985882734	4.310217064929695	-3.327380365918801
CCL19	KCNC4	10	7	0.5582402786064244	2.9808068959490805	-0.94858886700156
CCL19	KCNQ4	10	7	0.2880445188496082	4.848987470512936	-2.7510265329454993
CCL19	THBS4	6	6	12.698609267912069	18.827964031406655	0.06939455063364178
CCL19	TNXB	6	6	12.213430306599507	15.68580055105923	0.5782430021356649
CCL19	SOD3	6	6	9.510642175658862	17.03031427225703	0.18846930458236585
CCL19	IGHG4	7	6	5.544345954967911	14.607283712568442	-0.5525626829475356
CCL19	JCHAIN	6	6	5.479146392391495	30.55683274860366	2.267675444765758
CCL19	PTGDS	8	6	4.519792666341897	27.54944591107056	-1.0872322859618961
CCL19	HLA-DRA	7	6	4.512591399966702	10.675280696172809	-0.29571159212681497
CCL19	IGLV3-1	8	6	2.3256938167202756	18.06694743006847	-0.31682640956298175
CCL19	IGKC	7	6	2.2590872233570294	21.26739291204154	-1.1124510189094927
CCL19	PDLIM3	7	6	1.1737070005676031	7.914541321535415	-3.0653396061225884
CCL19	SERPINF1	7	6	0.9735757199422228	10.178759022709745	-5.232359058855857
CCL19	KCNMB4	10	6	0.5797933746393731	3.175904275755224	-1.9211070288808996
CCL19	DCN	10	6	0.2047099083186985	5.895774422257233	-3.0476350596446435
CCL19	KCNK6	10	6	0.09105009202747816	1.6718692629074092	-1.6639607066761164
CCL19	HEYL	5	5	9.601834329233919	13.839368608918324	3.827325293870562
CCL19	BTG2	5	5	8.968175776730481	16.24518638263024	2.0571975101519366
CCL19	OGN	5	5	8.08474832448349	14.953814886480016	3.89283242696001
CCL19	ENG	5	5	4.909596215665982	9.641973876474083	1.5708328189311276
CCL19	FBLN2	6	5	3.248251335534086	8.153328402694617	-1.0440887159737517
CCL19	A2M	5	5	3.1158545500384816	17.654089916152234	0.6125711896818407
CCL19	C3	6	5	2.627719340475438	14.320177590683617	-2.7447778801201075
CCL19	IL7R	5	5	2.374315052545391	21.5575556209281	0.7552873429210664
CCL19	CEBPD	5	5	1.9299122283996073	8.016512564632801	1.1496572666821672
CCL19	MT1X	6	5	1.8633888575069761	7.152218188291735	-2.280869322530351
CCL19	MMP2	8	5	1.2337182431268328	4.574546932998239	-8.752366885194336
CCL19	DMBT1	7	5	0.6116449567037369	1.5726237618325851	-1.2906107866642005
CCL19	PIGR	7	5	0.5534663487691476	4.98520033206119	-10.180137658444405
CCL19	CCDC80	7	5	0.4822226849977967	10.426149270427876	-3.3613080844875673
CCL19	KCNS3	10	5	-0.36776076505230115	4.102447439123564	-8.49335069873876
CCL19	COL14A1	4	4	15.5148648201059	18.094912717056914	6.5189362862438385
CCL19	HLA-DPB1	4	4	11.130004318167224	15.499046327662178	2.610469201096411
CCL19	SELENOP	5	4	10.773941016303189	17.15500958752009	-0.9691254070000488
CCL19	SPARCL1	4	4	10.351381672382306	21.276697064710376	0.44083842240549787
CCL19	SYNPO2	5	4	10.1601720396248	15.05308059002506	-0.01169705340413955
CCL19	GPX3	4	4	9.65805760097809	14.508106874588497	2.3777779895473437
CCL19	LTB	4	4	9.22131771557574	24.131242085100414	6.637544861812474
CCL19	FBLN5	4	4	8.85980315254204	14.292077125831998	4.591447673778301
CCL19	AQP1	5	4	8.152569147547037	16.682177034961196	-0.13276695122694865
CCL19	CXCR4	4	4	7.429747724745789	15.800471076360093	0.4798343835097298
CCL19	TMOD1	4	4	7.1488996695621285	12.919511054682227	0.054260954078100256
CCL19	C11orf96	6	4	6.806060222939728	10.146553085724078	-0.358890616178772
CCL19	SRPX	4	4	6.56290892790066	10.746161697202808	0.1199489493558433
CCL19	MZB1	4	4	5.986151498490466	20.72761087436376	1.2972188456317628
CCL19	S1PR3	4	4	5.594257130182072	10.868382860298711	0.09078355931531254
CCL19	C1S	4	4	5.24859963932677	6.904072667303476	3.186017037618245
CCL19	IGHJ6	6	4	4.905435606899957	23.566775748048386	-1.845699227264495
CCL19	AGT	6	4	4.89018672789468	15.763433408070872	-2.47925033368468
CCL19	HLA-DPA1	4	4	4.65854195156339	12.010511625939715	1.247361506417769
CCL19	EPHA3	4	4	4.650375593630226	13.895397851531463	3.3987268494718084
CCL19	SLC30A8	4	4	4.643424762719437	10.57417626929928	1.58536002885928
CCL19	TTR	6	4	4.623250624214297	7.585152950095521	-2.810394076191686
CCL19	IGFBP4	4	4	4.366710770564817	12.087989009935963	1.535809511244071
CCL19	IGHD	5	4	4.290787048326442	22.972056347971616	-0.03803371758372362
CCL19	NR4A2	5	4	4.182953615650665	11.194235734732219	-2.5875605871817693
CCL19	INS	6	4	3.968545399054655	5.343045261652201	-4.783447186623522
CCL19	RASD1	5	4	3.835260826606291	15.103063310976724	-0.11395194555149678
CCL19	SST	4	4	3.6884493349957372	8.272004167729998	2.49912445652482
CCL19	CPE	5	4	3.497647713286963	4.695756492845352	-1.0373544865706952
CCL19	ABCC8	6	4	3.4614414107005986	10.320563023499327	-1.8720005154142156
CCL19	CD74	4	4	3.080222964309396	7.282580352090309	0.5320014926045816
CCL19	CRISPLD2	4	4	2.9224746061555544	14.193019151484997	2.4816629575993505
CCL19	LYZ	6	4	2.757623535291709	6.387862152623603	-1.5744547262357407
CCL19	PRELP	5	4	2.6165888258555947	5.265784502353084	-1.728545792478648
CCL19	NR4A3	5	4	2.525119877995583	15.423380873921017	-2.2787331575131016
CCL19	FBLN1	7	4	2.339860708662219	14.863163511128617	-3.187921382092169
CCL19	MS4A7	4	4	2.268953473425189	10.572477937659313	0.02512001599203092
CCL19	TIMP1	4	4	2.0901173862244002	2.7841556639285185	0.1893517153408016
CCL19	MYC	4	4	2.0703372712253936	11.276141224524979	1.0536763604793598
CCL19	BOC	4	4	1.9974751472084376	7.9306715488040815	0.6629758294093013
CCL19	IGHV1-46	4	4	1.9247231191752112	2.68420844751125	0.7811384475291918
CCL19	COLEC11	5	4	1.5641748935355768	12.366147933934757	-2.541078945141549
CCL19	MT2A	5	4	1.5536653010942676	1.8945535920668424	-4.42112463108878
CCL19	CNN1	6	4	1.4754903419100025	14.55977681360607	-2.509381051218135
CCL19	GCG	7	4	1.2486729393202964	6.61456732302078	-5.5608884838026205
CCL19	SERPING1	5	4	1.2258876285692921	5.85379531526372	-2.978547551931005
CCL19	TNC	5	4	0.9965219637745687	14.434992142435897	-1.8082256760769866
CCL19	LAPTM5	6	4	0.8859439490858161	5.73143681148939	-2.1515625112647006
CCL19	THBS1	7	4	0.6815398206398116	9.833682744220885	-2.6954326461847615
CCL19	MXRA8	4	4	0.6422752640572288	2.0049256309928123	0.32216639619743853
CCL19	C1QB	6	4	0.6179250707122463	3.7484212507483994	-2.4347888260078525
CCL19	DES	5	4	0.35829687699045937	26.924949693780665	-0.8169464095575611
CCL19	KCNJ16	10	4	-0.05219677178292759	2.5688974798145803	-0.42341282726650536
CCL19	NR4A1	8	4	-0.07839055821666308	16.62610745945447	-6.641492379817052
CCL19	KCND2	10	4	-0.26465186598359924	1.1282977290473561	-1.9674186654810515
CCL19	SFRP2	8	4	-0.32908923556122527	5.917073592238383	-9.520658124997883
CCL19	CCN2	8	4	-0.35730740858548077	7.208586471745022	-10.859677652142725
CCL19	CCN1	8	4	-0.8395653740984312	13.008277517844602	-9.950412976096128
CCL19	LGALS4	9	4	-0.8824274488081345	3.0105153192812355	-12.480521392982556
CCL19	CXCL14	9	4	-1.3333736945464476	3.015137337189022	-7.22186877113503
CCL19	MMP7	10	4	-2.693999773137329	1.6140243258147358	-16.349085838933796
CCL19	PLA2G2A	4	3	17.172122836206658	18.53802341672068	-1.559746469325203
CCL19	SORBS1	3	3	14.784422192436422	15.176780292132602	0.09487336530980912
CCL19	CIITA	3	3	13.12587775615975	14.038660613089633	10.431204217284774
CCL19	CHRDL2	3	3	13.104777848393928	15.93686802020124	0.972582637432159
CCL19	PI16	3	3	11.91104284329996	15.176973303868783	8.362783231461973
CCL19	PTP4A3	3	3	11.566597185195914	12.31341818589583	10.382250035443167
CCL19	ITGA7	3	3	11.499329933770523	13.903198773942766	0.4058784252746775
CCL19	MUSTN1	3	3	9.967392262747737	16.426328200921255	0.3329651781649297
CCL19	HLA-DQA1	3	3	9.447265591190039	11.88877751038392	1.559916719469252
CCL19	GFRA1	3	3	9.436711116677591	12.070295656962832	0.10117952079456315
CCL19	LMOD1	3	3	8.824401941559074	13.257011940561146	0.07742419879977636
CCL19	PPP1R14A	3	3	8.609721113485882	13.876644553873987	0.8050054713010161
CCL19	ADAMTS4	3	3	8.274572960959071	11.181655262644693	6.180391411228903
CCL19	PDK4	3	3	8.096291302710727	14.2139815753869	5.2545939528228
CCL19	MCAM	4	3	7.4467708784947755	16.74400735508645	-1.738205649118525
CCL19	VWF	3	3	7.402944061406345	11.945371908684855	0.31069008090164935
CCL19	SLIT3	4	3	7.152920048900886	12.548867193271137	-2.2940402776350743
CCL19	LTF	4	3	7.121651030762269	19.73101009288153	-1.1845163051955865
CCL19	AKAP6	3	3	7.074958594443649	10.015337269029928	0.3340897101977537
CCL19	IGF1	4	3	6.711497870277017	14.933638070326518	-8.407591700351725
CCL19	IGLC7	4	3	6.5622014491958	13.626701595822892	-0.9064967060091654
CCL19	ABCA8	3	3	6.35654203900721	13.853152920760156	5.728496129697278
CCL19	ERO1B	3	3	5.927006034361454	8.586219350537124	4.655812370152964
CCL19	TNS1	4	3	5.111870368267008	11.603056912020794	-0.8565625108159155
CCL19	ADAMTSL2	3	3	4.983371155991959	7.9991992809707115	0.36876412437173983
CCL19	SCN7A	3	3	4.446367071101903	12.850712865443118	2.77745537681984
CCL19	TPSB2	3	3	4.373791069660359	12.291952105356199	1.6760180909470936
CCL19	NKX2-2	3	3	4.342445225560428	12.209881610907777	1.5573434056057667
CCL19	HAS1	3	3	3.990097163513504	9.510018990914652	3.143725277502686
CCL19	RGS5	3	3	3.9402092314000177	8.821451873615402	0.8966906675158389
CCL19	CHGB	5	3	3.7066682799351605	13.119460432529474	-4.559808945485545
CCL19	LYVE1	3	3	3.6579298038221	9.08004258088421	3.2718643167429615
CCL19	CPA3	3	3	3.54901219108284	11.703675604208161	2.8024555216845144
CCL19	ADIRF	5	3	3.440159916049166	10.213951786476935	-2.3406271839622548
CCL19	EMILIN1	3	3	3.2442824551559557	4.704293490548028	1.1821042017460415
CCL19	CXCL12	6	3	2.908889004360028	18.836005700651963	-4.769373873253634
CCL19	COL15A1	3	3	2.325523873871031	14.964346001161731	0.2752858927520421
CCL19	PTGIS	4	3	2.2599267250092554	8.180663242697486	-3.74042376829062
CCL19	CD81	3	3	2.1938450246163566	9.271141301026963	2.0273316126436116
CCL19	SPON2	4	3	2.1357423287926545	5.11760748960282	-1.6359000421974057
CCL19	SH3BP5	3	3	1.920616711940545	10.752464719611211	1.8513373503847184
CCL19	MRC2	3	3	1.9171101413064513	1.9676319328586824	0.20670454261946544
CCL19	LMCD1	4	3	1.8958100681515342	7.1216436936790695	-3.515633727092561
CCL19	TGM2	4	3	1.8825296139977508	4.679002941161241	-12.627561702422959
CCL19	PDGFRB	3	3	1.3412528015094485	6.450157913840997	1.289815010524764
CCL19	DUSP1	6	3	1.3276813614006144	15.615401059707592	-6.23637078598733
CCL19	IL32	3	3	1.0972518978517094	1.9693673394681124	0.2555551941277769
CCL19	MT1G	5	3	0.9005732031436299	9.548151487095332	-2.7278470138244897
CCL19	DPEP1	4	3	0.8002332836957645	1.7678391131135693	-0.014830953039214265
CCL19	HAND2	3	3	0.7819585366742002	3.018039764152899	0.5656632170549881
CCL19	IGLV9-49	4	3	0.756665883768784	9.26270606847542	-0.391934510967166
CCL19	DEPP1	4	3	0.7551608205019523	2.0963562808636067	-1.6270759358558498
CCL19	PRRX1	3	3	0.725303853105054	3.3996746246145007	0.24243918917654886
CCL19	DPT	6	3	0.6542816471532299	14.962979913827045	-3.0093672089799735
CCL19	HBA2	5	3	0.6186448296288706	11.927115750773662	-3.3909157291882193
CCL19	PCOLCE	4	3	0.5615367228221713	2.8005857054685164	-4.974739319008851
CCL19	SERPINA1	5	3	0.4434380883012363	4.481566498202369	-8.460257156414151
CCL19	COL4A1	5	3	0.3638914275139278	9.932491747329196	-9.193190298495924
CCL19	RNASE1	5	3	0.35580029766897664	7.724255042653561	-3.979786332219329
CCL19	ANO1	5	3	0.3336026572803389	3.263990146747531	-9.631917037448146
CCL19	SLC40A1	5	3	0.3022712174575826	6.459134186448249	-0.22670697840330334
CCL19	LSR	4	3	0.29389852591345955	0.6555537919951094	-9.998263894691185
CCL19	TRNP1	4	3	0.21543721043619327	0.4389218816300394	-3.0337214030261768
CCL19	APOE	6	3	0.19227027132392976	2.793332620540113	-2.8551479843748098
CCL19	APOC1	6	3	-0.13113918948859188	2.3961422184555623	-2.024373933636744
CCL19	SERPINA3	7	3	-0.1661843085306603	1.8794319952592724	-4.147967725888246
CCL19	IGFBP5	8	3	-0.21219892778732571	4.691527651708302	-7.162099453771293
CCL19	RARRES2	6	3	-0.33783139542004337	1.339539217753384	-9.557870026207878
CCL19	MMP9	6	3	-0.3864931747418788	7.328327609096694	-7.447868453693574
CCL19	ACTG2	7	3	-0.5151348188092404	26.409138464882073	-6.563326791396257
CCL19	KCNJ15	10	3	-0.7348735068761574	1.8252871855021586	-10.012913117773232
CCL19	OLFM4	8	3	-0.9172403235863921	4.107171670650376	-9.968197070553297
CCL19	FOSB	8	3	-1.0465437957988395	15.278977774160039	-11.986396362662697
CCL19	GABRP	7	3	-1.0676058860989164	0.7207916533588277	-7.367331442193551
CCL19	CTSE	8	3	-1.1052034876579677	0.7745395842125659	-8.00247695200442
CCL19	PSCA	8	3	-1.1785395102604532	0.7135127901375897	-13.522692890091255
CCL19	KCNN4	10	3	-1.3709329101694279	2.076901050929752	-7.078334402926678
CCL19	CFTR	7	3	-1.3875556790495398	2.370579890899075	-8.443052676109666
CCL19	CTHRC1	9	3	-1.761807363103285	3.6526058353292754	-8.738749019284406
CCL19	ATP1B1	7	3	-2.0896958661526113	2.1114348180350833	-17.758917744227873
CCL19	THBS2	8	3	-2.4341970066832705	1.4717579612413587	-14.567307802079146
CCL19	POSTN	8	3	-2.5028992480121883	1.8779599020786277	-9.512094449806058
CCL19	LCN2	10	3	-2.9351823491015416	1.929561574123281	-20.26391753199287
CCL19	ITGA11	8	3	-3.252908424183393	2.8106361556592137	-14.94586328746516
CCL19	MS4A1	2	2	16.745026697735707	24.35305899148036	9.136994403991054
CCL19	CLDN5	2	2	16.234248750767133	17.954306060591083	14.514191440943181
CCL19	TRBC1	2	2	16.067855611368255	21.17233733430641	10.9633738884301
CCL19	FCMR	2	2	15.982670370326762	24.055426762196323	7.909913978457201
CCL19	PI15	2	2	15.718933460853982	23.657549532872967	7.780317388834997
CCL19	PTPRC	2	2	15.17881995743035	19.460603830044185	10.897036084816516
CCL19	CCR7	2	2	15.122003207888554	20.77561124509399	9.468395170683117
CCL19	NGFR	2	2	14.958615009761253	17.11066263698643	12.806567382536075
CCL19	PGF	2	2	14.953082565333297	16.477061823853283	13.42910330681331
CCL19	ZBTB16	2	2	14.367063949790396	16.487627834527686	12.246500065053107
CCL19	SBSPON	2	2	14.299874474346558	15.484947265233775	13.11480168345934
CCL19	ACKR1	2	2	14.211040950431357	18.477002323078736	9.94507957778398
CCL19	FCRL1	2	2	14.201338665386778	20.249219990388404	8.15345734038515
CCL19	CXCL13	2	2	13.744070647371675	20.71958618850175	6.768555106241601
CCL19	CD37	2	2	12.046837102474377	22.168397299098334	1.9252769058504198
CCL19	STOM	2	2	11.015522763771212	11.693405942358382	10.337639585184041
CCL19	SYNM	2	2	10.726431173663928	21.337889469195353	0.1149728781325014
CCL19	NTRK2	2	2	10.377837708583936	17.107371020975343	3.6483043961925294
CCL19	CLEC14A	2	2	9.768351628824167	12.81028425436966	6.726419003278672
CCL19	NRXN1	2	2	9.21278279941886	11.70163707208135	6.723928526756373
CCL19	IL33	2	2	8.855622686653106	12.33233441434622	5.378910958959992
CCL19	CAVIN2	2	2	8.607322239254222	11.772313043584195	5.44233143492425
CCL19	CCDC3	2	2	8.545477189958127	12.748062053732786	4.342892326183467
CCL19	GJD2	2	2	7.757534366941309	9.282383172945703	6.232685560936914
CCL19	NRXN2	2	2	7.728202072923508	12.895801629546428	2.560602516300587
CCL19	CD93	2	2	7.72286893106252	13.440684371338664	2.0050534907863757
CCL19	ADAMTS9	2	2	7.3526366987773155	9.361029668194723	5.344243729359909
CCL19	PDGFA	2	2	7.234610219772566	13.279148051404864	1.19007238814027
CCL19	GUCY1A1	2	2	7.006759820713216	8.29269052220685	5.720829119219582
CCL19	NDRG2	2	2	6.905089882564969	9.869005010122653	3.9411747550072844
CCL19	RBPMS2	2	2	6.738289868748237	12.799978316421516	0.6766014210749579
CCL19	KIAA1324	2	2	6.684254875328387	7.880778652588163	5.48773109806861
CCL19	NTRK3	2	2	6.511511724959913	12.779391702480243	0.24363174743958305
CCL19	CCN5	2	2	6.418145641997093	12.808155029719623	0.028136254274562462
CCL19	F2R	2	2	6.3875884731821495	9.252906389013766	3.522270557350532
CCL19	KLF9	2	2	6.3523817192614835	9.698583990923208	3.006179447599759
CCL19	G6PC2	2	2	6.288208348102285	9.807603356575225	2.768813339629345
CCL19	FRZB	2	2	6.196568339772374	9.011221119415296	3.381915560129452
CCL19	NEUROD1	2	2	6.111666848652465	7.356999883887641	4.866333813417288
CCL19	NFATC1	2	2	6.023455948168983	11.579008676062601	0.46790322027536324
CCL19	GC	3	2	6.02264398881116	7.856172559435789	-0.7732434677212872
CCL19	SCG3	3	2	6.008224950025624	10.183342955006898	-0.7935700182340852
CCL19	GASK1B	2	2	5.988050920235011	9.343802478264438	2.6322993622055835
CCL19	RDH10	2	2	5.98557629482223	9.541445114193863	2.429707475450597
CCL19	CCL17	3	2	5.980453500589173	10.322730720333253	-0.13946761319808915
CCL19	PPP1R1A	2	2	5.851415311328649	11.073412230217935	0.6294183924393639
CCL19	STAB1	2	2	5.810686960901191	11.511823608125027	0.10955031367735445
CCL19	WNT4	2	2	5.769611025942096	8.32438114263354	3.214840909250652
CCL19	TBC1D1	2	2	5.506571519563132	10.985832062832067	0.02731097629419733
CCL19	NFASC	2	2	5.350488012619236	7.350507177575574	3.3504688476628974
CCL19	LRP1	2	2	5.2959065374159895	7.202118369898214	3.3896947049337647
CCL19	ITGB3	2	2	5.201023054595252	9.118162515453916	1.2838835937365876
CCL19	CPLX2	2	2	5.090941202308715	8.638415082836698	1.5434673217807324
CCL19	NR2F1	2	2	5.0789868900329695	6.206682577857014	3.9512912022089255
CCL19	TSPAN7	2	2	4.986948122072276	8.834192061845123	1.1397041822994298
CCL19	SCRG1	2	2	4.772991216358239	8.685778220373148	0.8602042123433302
CCL19	FAM83D	2	2	4.640540815699773	9.198557575646712	0.08252405575283439
CCL19	NEURL1	3	2	4.6040225049831145	6.445073734200324	-0.7053454145981615
CCL19	XBP1	2	2	4.601481305798253	5.873973905370975	3.3289887062255312
CCL19	HLA-DMA	2	2	4.573099320729547	7.901099663019288	1.245098978439806
CCL19	SCGN	3	2	4.414482249839918	10.34847347285466	-0.08109520415911567
CCL19	CRYBA2	2	2	4.396742752780019	8.722590338657438	0.07089516690259974
CCL19	F2RL2	3	2	4.308565498273738	8.368435676337207	-2.1366108960077033
CCL19	FXYD1	2	2	4.18646377172009	6.0134676249943695	2.359459918445811
CCL19	SCG5	3	2	4.173337095102236	10.468591042522489	-0.45881401273889477
CCL19	TSC22D1	2	2	3.9981129254986403	4.45426998829091	3.5419558627063705
CCL19	CFL2	2	2	3.935763865353999	7.611522815527132	0.2600049151808654
CCL19	CHGA	3	2	3.9159587643208287	11.292247153506436	-0.4944415071656447
CCL19	PPP1R12B	2	2	3.8511386099781038	7.653327036917976	0.04895018303823144
CCL19	CBLC	3	2	3.790859591638124	4.508967305114082	-1.1979572604734496
CCL19	PECAM1	2	2	3.67974176519892	5.6807964811722	1.6786870492256407
CCL19	GGT5	2	2	3.5929609376768203	5.206144140356758	1.9797777349968826
CCL19	SNAP25	2	2	3.544793119381308	5.793923094723833	1.2956631440387825
CCL19	ANGPTL2	2	2	3.3013417192058503	3.6267674691644145	2.9759159692472865
CCL19	CRYAB	2	2	3.283880366013789	5.52579743938699	1.0419632926405877
CCL19	CYP1B1	2	2	3.218932136779552	3.98131050799034	2.4565537655687635
CCL19	RNF213	2	2	3.051141324808103	6.021209182900112	0.08107346671609378
CCL19	SRGN	3	2	2.673696096060042	7.337434785240206	-0.4691302858976574
CCL19	IGLV6-57	3	2	2.6392777866747443	12.998614680658061	-2.0983417786245098
CCL19	LIMS2	4	2	2.614868279636183	11.407087210718261	-0.9331320337141075
CCL19	SOCS3	3	2	2.558217711688221	10.426436835575684	-0.5325346541426791
CCL19	RHOB	4	2	2.5390061426847548	8.484993634778082	-3.090083482552615
CCL19	EPAS1	2	2	2.4922174872984524	4.190067531439711	0.7943674431571937
CCL19	ELL2	2	2	2.479438100264657	4.489344862607507	0.4695313379218067
CCL19	CHCHD1	2	2	2.391314009686048	3.1478554191501864	1.6347726002219098
CCL19	PTGS1	2	2	2.3808315477332336	3.3867382713011494	1.374924824165318
CCL19	DTX1	2	2	2.2942196648843143	2.647190401337761	1.9412489284308678
CCL19	RAMP1	2	2	2.2354083583440114	4.210009062503464	0.26080765418455915
CCL19	HIST1H1B	2	2	2.087095558671186	2.383869751737399	1.790321365604973
CCL19	BGN	3	2	2.05703525464507	2.8482067893138483	-2.501900597765231
CCL19	SMOC2	3	2	1.9720793978183588	2.596681843645072	-4.056533817028839
CCL19	TMEM204	2	2	1.9340692463869515	2.303955973733942	1.564182519039961
CCL19	CLPS	3	2	1.9241675938480245	2.4813899737217544	-3.4210091933825986
CCL19	GATM	2	2	1.7615589702088235	2.4727791909197423	1.0503387494979044
CCL19	F13A1	3	2	1.7184569236762408	14.749891209744444	-0.9352131796719854
CCL19	LAMA5	3	2	1.6794577864662286	4.7091981649130386	-0.040742016678033746
CCL19	FXYD6	2	2	1.5831225307153525	2.635915183588627	0.5303298778420779
CCL19	IGFBP7	2	2	1.3696656873599378	1.8785111285303657	0.8608202461895098
CCL19	IGHJ2	3	2	1.2256488707735493	3.4769656063959604	-1.594720071370228
CCL19	F5	2	2	1.155689131070225	1.1738857514453163	1.1374925106951337
CCL19	ZNF331	4	2	1.1497758379334357	7.143917996406532	-2.387174344590322
CCL19	IGHV6-1	3	2	1.0598406160884597	3.5447764209394075	-0.267148872623641
CCL19	VIM	2	2	1.0404147417453322	1.6537208939414207	0.42710858954924374
CCL19	SOD2	3	2	0.9546847880679815	1.2110493634852388	-0.05488386989772832
CCL19	PLN	3	2	0.875085671563233	11.795154160056825	-1.0683684134810374
CCL19	APLNR	2	2	0.8207432538929368	0.9792730808881015	0.6622134268977721
CCL19	FBP1	3	2	0.8179714846328243	0.8322153715429005	-2.1573030138253686
CCL19	PLVAP	2	2	0.8016921710377036	1.1540231656374236	0.4493611764379836
CCL19	FGF7	3	2	0.7189760092815211	1.7270828506768758	-2.815064200927215
CCL19	STRA6	2	2	0.6985363366064536	0.7475824148494916	0.6494902583634156
CCL19	PNLIP	3	2	0.622912967013199	2.509509039998426	-3.5365332599112134
CCL19	CEMIP	3	2	0.621686952362974	4.33023862281641	-3.8044582755240817
CCL19	CELA3A	3	2	0.5779855183470226	1.079440341559858	-4.950241246145581
CCL19	MYLK	4	2	0.5683966161095653	7.41149946839177	-0.9099552638183518
CCL19	MXRA7	2	2	0.5296066613695646	1.0208046075954176	0.038408715143711664
CCL19	C1QC	3	2	0.5272542437661997	0.6959784538322489	-1.1431378740091211
CCL19	CCL2	3	2	0.5203690915146982	1.4793822618949428	-0.40163954958131654
CCL19	IFI44L	3	2	0.49366402006186577	2.8483654506183864	-5.514236502984919
CCL19	CTRC	3	2	0.466618450786798	2.199190384131338	-4.65170769201756
CCL19	COL6A3	4	2	0.4263789979130502	1.7513834829868138	-1.8913029929385787
CCL19	CPA2	3	2	0.39767954054753357	0.9607415397898226	-4.056676862627402
CCL19	NCCRP1	4	2	0.3193362348747662	4.07711328843773	-6.567794710876526
CCL19	ERICH5	2	2	0.2845222840297915	0.3626275250963249	0.20641704296325816
CCL19	CPA1	3	2	0.22373770445411292	2.164767966804158	-4.306606256723363
CCL19	MUC5AC	4	2	0.17573423031939925	1.1244904506877638	-8.118673152544407
CCL19	PROM1	3	2	0.15411627297080108	0.9105948608394333	-12.898016759579622
CCL19	IGHV5-10-1	3	2	0.09160282666448354	8.16057555904583	-2.4256001281919604
CCL19	DPYSL3	4	2	0.05565208409190114	5.397775100088621	-3.5994490847465936
CCL19	IFI30	4	2	0.03806751771189665	2.514006251874462	-2.6262878686728874
CCL19	GOLM1	3	2	0.036804261806297624	0.22832309770698955	-2.455441677431208
CCL19	CKB	3	2	0.012192236312135217	6.45836797986677	-8.459343878772195
CCL19	CYSTM1	4	2	-0.03689788217787808	0.22232782507764473	-0.6605282494101797
CCL19	KLK7	4	2	-0.19645371612528967	0.4387058189228988	-15.78970689288811
CCL19	ISG15	5	2	-0.24098552287522435	1.0735818465560378	-9.664038956917562
CCL19	PCDH1	4	2	-0.37553806199708273	2.6306728300813913	-7.083399595244673
CCL19	GADD45B	5	2	-0.4494895532546338	7.803219308000121	-4.896494302353256
CCL19	CA12	4	2	-0.475822089188614	0.8693566551011992	-3.1917640107879026
CCL19	EGR1	4	2	-0.5203804511908925	5.964150448192605	-8.908918265082724
CCL19	SCG2	5	2	-0.6156658414815521	12.764422827270767	-5.944133555136433
CCL19	COLEC12	5	2	-0.7197538495303925	7.425998255137689	-2.2403749378952083
CCL19	NUPR1	5	2	-0.7374228435815039	4.4795792833485475	-1.839731526765005
CCL19	ACTA2	7	2	-0.7540572276331957	6.927703864640379	-3.341486862357449
CCL19	TGFBI	5	2	-0.7567560239461795	1.2568689593786133	-13.729704458292055
CCL19	TESC	4	2	-0.7754938291978454	0.17118220040024051	-4.161115970066894
CCL19	LUM	6	2	-0.788913454561045	1.2652043420200325	-2.517458464534752
CCL19	AZGP1	6	2	-0.918074126411363	1.3437929317451296	-14.267027728875284
CCL19	CDH1	5	2	-0.9678398924855812	1.945836592341379	-8.096798328222906
CCL19	CRP	5	2	-0.9963908445447291	1.831119515262295	-3.919342804010532
CCL19	SYT8	7	2	-1.0385862422537326	0.8647280537418662	-16.5674464627592
CCL19	MUC6	6	2	-1.0709376394950392	2.232751854894451	-10.919444555605972
CCL19	IGFBP2	4	2	-1.207460714248884	4.1151206599849655	-3.627542979825847
CCL19	C19orf33	10	2	-1.332912972480497	0.6099703993558312	-20.545868436798226
CCL19	TCN1	5	2	-1.3513107775146531	1.4142119708396554	-11.06680577944772
CCL19	REG1A	5	2	-1.3611393193822385	4.7783065501575885	-4.42784244627391
CCL19	TYROBP	5	2	-1.3671161522560717	5.887822754301779	-1.6416455820838485
CCL19	FIBIN	4	2	-1.4317303556931873	3.6621793429948073	-4.309240679856106
CCL19	PRSS23	5	2	-1.489547215406631	3.301371156553695	-5.105502436101656
CCL19	FXYD3	8	2	-1.597010617741475	1.688436974189513	-21.485235962595766
CCL19	ANTXR1	6	2	-1.6614468925315231	2.9351662486661834	-5.580494283021074
CCL19	MFAP5	6	2	-1.9040481357165902	0.8781951463434099	-14.473647204997132
CCL19	S100A9	7	2	-1.933806158011086	5.123076480223745	-9.50376320535876
CCL19	LRRC15	7	2	-1.938013786003804	1.9636342837303093	-13.947677826692916
CCL19	CDH11	7	2	-2.007398755289263	3.786067291697714	-10.413716252084987
CCL19	EGLN3	6	2	-2.1372407952610715	0.21098338556041304	-12.811220291722345
CCL19	SMAD3	4	2	-2.171150556426743	1.626095764179471	-7.066521098240124
CCL19	PLAU	6	2	-2.197671341737286	1.072296290857669	-10.342978764125347
CCL19	TAGLN	6	2	-2.241678881569273	10.634117152232578	-5.598101481219715
CCL19	RGS16	7	2	-2.2865465751474208	3.4498029363165013	-16.689673164311724
CCL19	SLC11A1	7	2	-2.456575592933004	0.32393723612504466	-5.425717076294541
CCL19	CST1	7	2	-2.459078953064431	3.3949976781938496	-13.192237421931507
CCL19	EPYC	5	2	-2.4642596752077135	3.2700063251282603	-14.612377123385468
CCL19	ELF3	10	2	-2.4917587299693933	1.343543948633364	-20.308381719737078
CCL19	TSPAN8	8	2	-2.4931868298940634	0.5302569913848092	-12.097348688209216
CCL19	DUOX2	6	2	-2.5553183005052973	0.11844391124158382	-8.09982517402828
CCL19	VCAN	7	2	-2.5606257962241044	3.375770476279897	-9.269695820147954
CCL19	TACSTD2	7	2	-2.8526558162363607	0.41395673523065774	-20.52636146670488
CCL19	COL10A1	9	2	-2.9863825952281995	2.979443570603632	-13.348464688349768
CCL19	EPCAM	7	2	-3.200680847635297	1.168486578408721	-18.917884282563026
CCL19	GREM1	8	2	-3.2376108113227495	8.034072275062378	-8.157564040214572
CCL19	TFF1	7	2	-3.2691109053872616	2.456398002882983	-12.12308325433953
CCL19	SERPINE1	8	2	-3.2935727239352737	4.841133980858593	-15.17501670263896
CCL19	LAD1	6	2	-3.5810478081228836	2.23780403638889	-13.633052589750987
CCL19	SPP1	9	2	-3.876222190218258	0.47007177528224	-20.362050096982987
CCL19	IGFBP3	6	2	-3.933101508219375	6.090536140581483	-16.397618299759383
CCL19	COL11A1	10	2	-4.017797315821712	2.730115246593163	-17.21617046175976
CCL19	COL12A1	8	2	-4.36648274081913	0.5964650292433009	-13.090143401272437
CCL19	LOXL2	7	2	-4.471505751185025	1.0577607538876632	-12.750673137569668
CCL19	S100P	8	2	-5.034559281491657	1.4594455290771238	-18.339793567945037
CCL19	CR2	1	1	25.772954325602687	25.772954325602687	25.772954325602687
CCL19	SELL	1	1	23.143171590672786	23.143171590672786	23.143171590672786
CCL19	IKZF1	1	1	22.311372356521147	22.311372356521147	22.311372356521147
CCL19	CD79A	1	1	21.759850639864577	21.759850639864577	21.759850639864577
CCL19	IRF8	1	1	21.70321553321371	21.70321553321371	21.70321553321371
CCL19	SEPTIN1	1	1	21.136718643486134	21.136718643486134	21.136718643486134
CCL19	POU2AF1	1	1	21.111423453273744	21.111423453273744	21.111423453273744
CCL19	RIPOR2	1	1	20.291327858989632	20.291327858989632	20.291327858989632
CCL19	AC119396.1	1	1	19.990553526532498	19.990553526532498	19.990553526532498
CCL19	TMC8	1	1	19.932793876315543	19.932793876315543	19.932793876315543
CCL19	CD79B	1	1	19.343206348120198	19.343206348120198	19.343206348120198
CCL19	CD3D	1	1	19.314866175298516	19.314866175298516	19.314866175298516
CCL19	NIBAN3	1	1	18.87113177932672	18.87113177932672	18.87113177932672
CCL19	TRAC	1	1	18.86196630584456	18.86196630584456	18.86196630584456
CCL19	TRAF3IP3	1	1	18.854171575071966	18.854171575071966	18.854171575071966
CCL19	CORO1A	1	1	18.772248803374637	18.772248803374637	18.772248803374637
CCL19	LIMD2	1	1	18.6770372196582	18.6770372196582	18.6770372196582
CCL19	ACAP1	1	1	18.645208419197115	18.645208419197115	18.645208419197115
CCL19	PAX5	1	1	18.41325869744702	18.41325869744702	18.41325869744702
CCL19	RASGRP2	1	1	18.242345207045457	18.242345207045457	18.242345207045457
CCL19	TBC1D10C	1	1	17.650446424501634	17.650446424501634	17.650446424501634
CCL19	EVL	1	1	17.64754706017755	17.64754706017755	17.64754706017755
CCL19	CD22	1	1	17.60962264522982	17.60962264522982	17.60962264522982
CCL19	TRBC2	1	1	17.498211980308433	17.498211980308433	17.498211980308433
CCL19	TRAJ10	1	1	17.04001667549816	17.04001667549816	17.04001667549816
CCL19	ERG	1	1	16.231338798165154	16.231338798165154	16.231338798165154
CCL19	DNASE1L3	1	1	15.68317001121814	15.68317001121814	15.68317001121814
CCL19	CD19	1	1	15.615246484785079	15.615246484785079	15.615246484785079
CCL19	SUSD5	1	1	15.561263802235137	15.561263802235137	15.561263802235137
CCL19	ADAMTS8	1	1	14.967380277307365	14.967380277307365	14.967380277307365
CCL19	CDH5	1	1	14.08758200019817	14.08758200019817	14.08758200019817
CCL19	FBLIM1	1	1	13.761708458573516	13.761708458573516	13.761708458573516
CCL19	PTGIR	1	1	13.702970698933797	13.702970698933797	13.702970698933797
CCL19	RASL12	1	1	13.672731880884028	13.672731880884028	13.672731880884028
CCL19	LTBP2	1	1	13.333541872623606	13.333541872623606	13.333541872623606
CCL19	CCL14	1	1	13.328188049350825	13.328188049350825	13.328188049350825
CCL19	EFHD1	1	1	13.212469622232735	13.212469622232735	13.212469622232735
CCL19	FABP4	1	1	13.005263308142487	13.005263308142487	13.005263308142487
CCL19	PRG4	1	1	12.304837202384425	12.304837202384425	12.304837202384425
CCL19	RERGL	1	1	12.207094827307559	12.207094827307559	12.207094827307559
CCL19	TBX2	1	1	12.141275010220616	12.141275010220616	12.141275010220616
CCL19	FHL5	1	1	12.082743550116177	12.082743550116177	12.082743550116177
CCL19	NPDC1	1	1	11.92809437726559	11.92809437726559	11.92809437726559
CCL19	MRVI1	1	1	11.911498779366251	11.911498779366251	11.911498779366251
CCL19	ABI3BP	1	1	11.85167927104343	11.85167927104343	11.85167927104343
CCL19	SPOCK2	1	1	11.698094763858796	11.698094763858796	11.698094763858796
CCL19	ITGA8	1	1	11.68786132811148	11.68786132811148	11.68786132811148
CCL19	RCAN2	1	1	11.587399946926675	11.587399946926675	11.587399946926675
CCL19	CHRDL1	1	1	11.577774327905537	11.577774327905537	11.577774327905537
CCL19	GJA4	1	1	11.490594159794565	11.490594159794565	11.490594159794565
CCL19	WFDC1	1	1	11.36896999628514	11.36896999628514	11.36896999628514
CCL19	MAP1B	1	1	11.203040829262067	11.203040829262067	11.203040829262067
CCL19	LTBP1	1	1	10.956843786081798	10.956843786081798	10.956843786081798
CCL19	BARX1	1	1	10.828042878559296	10.828042878559296	10.828042878559296
CCL19	CD52	2	1	10.690273869558412	22.816664325826245	-1.4361165867094199
CCL19	MMRN1	1	1	10.679524481551871	10.679524481551871	10.679524481551871
CCL19	RAB3C	1	1	10.640924816149273	10.640924816149273	10.640924816149273
CCL19	AKNA	1	1	10.560946984191707	10.560946984191707	10.560946984191707
CCL19	C1QTNF1	1	1	10.327880555993708	10.327880555993708	10.327880555993708
CCL19	CDH19	1	1	10.302240009760672	10.302240009760672	10.302240009760672
CCL19	ECRG4	1	1	10.155690080335754	10.155690080335754	10.155690080335754
CCL19	SYT7	1	1	10.105300069337881	10.105300069337881	10.105300069337881
CCL19	FLNC	1	1	9.921902558160577	9.921902558160577	9.921902558160577
CCL19	PITX1	1	1	9.805470001118604	9.805470001118604	9.805470001118604
CCL19	TGFB3	1	1	9.691598869434937	9.691598869434937	9.691598869434937
CCL19	NRXN3	1	1	9.682557291715366	9.682557291715366	9.682557291715366
CCL19	ANK2	1	1	9.567930448260766	9.567930448260766	9.567930448260766
CCL19	VASH1	1	1	9.557205138552337	9.557205138552337	9.557205138552337
CCL19	KDM6B	1	1	9.426363811518087	9.426363811518087	9.426363811518087
CCL19	PCSK1	1	1	9.393408068907076	9.393408068907076	9.393408068907076
CCL19	GPBAR1	1	1	9.343291130733958	9.343291130733958	9.343291130733958
CCL19	PGM5	1	1	9.221400242337042	9.221400242337042	9.221400242337042
CCL19	SFRP1	1	1	8.786600849703271	8.786600849703271	8.786600849703271
CCL19	MATN2	1	1	8.730151973463455	8.730151973463455	8.730151973463455
CCL19	EGFL7	1	1	8.656894327492251	8.656894327492251	8.656894327492251
CCL19	ADCYAP1	1	1	8.612235771478668	8.612235771478668	8.612235771478668
CCL19	ATP1A2	1	1	8.43999759497404	8.43999759497404	8.43999759497404
CCL19	PPARGC1A	1	1	8.408813358001934	8.408813358001934	8.408813358001934
CCL19	RBPMS	1	1	8.370530011550272	8.370530011550272	8.370530011550272
CCL19	CSF1	1	1	8.223478305864978	8.223478305864978	8.223478305864978
CCL19	ACSL1	1	1	8.19047272146826	8.19047272146826	8.19047272146826
CCL19	GAP43	1	1	8.030795813000276	8.030795813000276	8.030795813000276
CCL19	CX3CL1	1	1	7.963614176354419	7.963614176354419	7.963614176354419
CCL19	CHRM2	1	1	7.93248070953351	7.93248070953351	7.93248070953351
CCL19	FOXF1	1	1	7.786735385394436	7.786735385394436	7.786735385394436
CCL19	HLA-DRB1	1	1	7.746387358515742	7.746387358515742	7.746387358515742
CCL19	HLA-DOA	1	1	7.708279993774894	7.708279993774894	7.708279993774894
CCL19	ADCY5	1	1	7.668385064954152	7.668385064954152	7.668385064954152
CCL19	FADS3	1	1	7.6009828363417835	7.6009828363417835	7.6009828363417835
CCL19	ANKH	1	1	7.580062824533106	7.580062824533106	7.580062824533106
CCL19	CACNA1A	1	1	7.533849182500926	7.533849182500926	7.533849182500926
CCL19	C1QL1	1	1	7.500005115775508	7.500005115775508	7.500005115775508
CCL19	CELF3	1	1	7.436576381334752	7.436576381334752	7.436576381334752
CCL19	HSPB8	1	1	7.298795463889874	7.298795463889874	7.298795463889874
CCL19	ERN1	1	1	7.296076333682261	7.296076333682261	7.296076333682261
CCL19	SCARF1	1	1	7.200358821521189	7.200358821521189	7.200358821521189
CCL19	PCSK1N	1	1	7.159064574884791	7.159064574884791	7.159064574884791
CCL19	FCGRT	1	1	7.092231214714349	7.092231214714349	7.092231214714349
CCL19	KCNMB2	1	1	6.810655681147958	6.810655681147958	6.810655681147958
CCL19	ARHGAP31	1	1	6.6345450918659346	6.6345450918659346	6.6345450918659346
CCL19	ASB2	1	1	6.5725040067291305	6.5725040067291305	6.5725040067291305
CCL19	ANGPTL7	1	1	6.430476210264116	6.430476210264116	6.430476210264116
CCL19	CSF1R	1	1	6.398267363776588	6.398267363776588	6.398267363776588
CCL19	CCDC69	1	1	6.379649846114036	6.379649846114036	6.379649846114036
CCL19	CFD	2	1	6.290023914367467	13.110867312295627	-0.5308194835606923
CCL19	PRIMA1	1	1	6.2561473259063085	6.2561473259063085	6.2561473259063085
CCL19	CYGB	1	1	6.16973890905984	6.16973890905984	6.16973890905984
CCL19	IL27RA	1	1	6.121369718551085	6.121369718551085	6.121369718551085
CCL19	SCGB2A1	1	1	6.103969452965291	6.103969452965291	6.103969452965291
CCL19	GYPC	1	1	6.035504636773878	6.035504636773878	6.035504636773878
CCL19	MED13L	1	1	5.9570532105614955	5.9570532105614955	5.9570532105614955
CCL19	TNNC1	1	1	5.901388698945746	5.901388698945746	5.901388698945746
CCL19	CAPN6	1	1	5.877859627197813	5.877859627197813	5.877859627197813
CCL19	KSR1	1	1	5.830061229221753	5.830061229221753	5.830061229221753
CCL19	PTPRN	1	1	5.81622721847767	5.81622721847767	5.81622721847767
CCL19	MMP19	2	1	5.786388855665326	15.244894137464792	-3.6721164261341395
CCL19	LST1	1	1	5.784913719754508	5.784913719754508	5.784913719754508
CCL19	SEMA5A	1	1	5.7834219330683005	5.7834219330683005	5.7834219330683005
CCL19	PCSK2	2	1	5.758287087645099	12.333242369815705	-0.8166681945255075
CCL19	VCAM1	1	1	5.748136810630077	5.748136810630077	5.748136810630077
CCL19	TRAF1	1	1	5.734654939010124	5.734654939010124	5.734654939010124
CCL19	CSTA	1	1	5.651074362373505	5.651074362373505	5.651074362373505
CCL19	JAK3	1	1	5.64580402442613	5.64580402442613	5.64580402442613
CCL19	FAS	1	1	5.627447074404613	5.627447074404613	5.627447074404613
CCL19	DHRS2	1	1	5.595650651361905	5.595650651361905	5.595650651361905
CCL19	S100B	1	1	5.413910341501616	5.413910341501616	5.413910341501616
CCL19	GATD1	1	1	5.376769389647195	5.376769389647195	5.376769389647195
CCL19	CRLF1	1	1	5.3702865511769975	5.3702865511769975	5.3702865511769975
CCL19	RGMA	2	1	5.333018790423083	11.069689284029538	-0.40365170318337373
CCL19	ALDH2	1	1	5.3167729123592915	5.3167729123592915	5.3167729123592915
CCL19	AMTN	1	1	5.246184599421442	5.246184599421442	5.246184599421442
CCL19	EGR2	1	1	5.148713387459525	5.148713387459525	5.148713387459525
CCL19	SOX10	1	1	5.087164889162376	5.087164889162376	5.087164889162376
CCL19	LSP1	1	1	5.07287208085864	5.07287208085864	5.07287208085864
CCL19	IL4R	1	1	5.060170991666536	5.060170991666536	5.060170991666536
CCL19	CSF2RB	1	1	4.99608303805716	4.99608303805716	4.99608303805716
CCL19	TMEM70	1	1	4.9694464952509065	4.9694464952509065	4.9694464952509065
CCL19	VWA5B2	1	1	4.936817599462322	4.936817599462322	4.936817599462322
CCL19	JPH1	1	1	4.91387972928369	4.91387972928369	4.91387972928369
CCL19	GAS6	1	1	4.906150630976371	4.906150630976371	4.906150630976371
CCL19	PRUNE2	2	1	4.849168055555431	9.718178861542944	-0.01984275043208092
CCL19	IKBKE	1	1	4.770497927531832	4.770497927531832	4.770497927531832
CCL19	LAMA2	1	1	4.66413217108061	4.66413217108061	4.66413217108061
CCL19	KLF4	2	1	4.6562725178483095	10.431872385978536	-1.119327350281917
CCL19	DUSP2	2	1	4.6057270789344695	10.903717202856795	-1.692263044987856
CCL19	MSMB	1	1	4.506561901968491	4.506561901968491	4.506561901968491
CCL19	QDPR	1	1	4.497215201665688	4.497215201665688	4.497215201665688
CCL19	MRFAP1L1	1	1	4.4607195304250435	4.4607195304250435	4.4607195304250435
CCL19	RGS2	2	1	4.432084709991073	11.12424080074964	-2.260071380767494
CCL19	CD200	1	1	4.413623863655094	4.413623863655094	4.413623863655094
CCL19	IGFN1	1	1	4.334981203873414	4.334981203873414	4.334981203873414
CCL19	SVEP1	2	1	4.246560972229737	11.866579159289227	-3.3734572148297524
CCL19	TYK2	1	1	4.229604652328902	4.229604652328902	4.229604652328902
CCL19	JMY	1	1	4.218674890821338	4.218674890821338	4.218674890821338
CCL19	MAPK10	1	1	4.15646494287804	4.15646494287804	4.15646494287804
CCL19	KIAA1755	1	1	4.148348282534748	4.148348282534748	4.148348282534748
CCL19	TXNIP	1	1	4.113262218271863	4.113262218271863	4.113262218271863
CCL19	SYNGR2	1	1	4.102044026081813	4.102044026081813	4.102044026081813
CCL19	PROS1	1	1	4.074099024398749	4.074099024398749	4.074099024398749
CCL19	HS3ST2	1	1	4.070849822917453	4.070849822917453	4.070849822917453
CCL19	EGR3	2	1	4.065336107800475	9.389469072621722	-1.2587968570207728
CCL19	CIRBP	1	1	4.056673477712564	4.056673477712564	4.056673477712564
CCL19	IL22RA2	1	1	4.036625285379442	4.036625285379442	4.036625285379442
CCL19	C3orf70	1	1	4.023223887319013	4.023223887319013	4.023223887319013
CCL19	ANKRD22	1	1	3.9668661220301864	3.9668661220301864	3.9668661220301864
CCL19	SLC22A3	1	1	3.942049178234218	3.942049178234218	3.942049178234218
CCL19	TNFRSF9	1	1	3.7767279945975973	3.7767279945975973	3.7767279945975973
CCL19	SLC38A4	1	1	3.7763022750345625	3.7763022750345625	3.7763022750345625
CCL19	SH3PXD2A	1	1	3.761463875280057	3.761463875280057	3.761463875280057
CCL19	ANP32E	1	1	3.758012037103901	3.758012037103901	3.758012037103901
CCL19	C1orf21	1	1	3.757126260949676	3.757126260949676	3.757126260949676
CCL19	SBSN	1	1	3.691103544487785	3.691103544487785	3.691103544487785
CCL19	CEBPA	1	1	3.68218221880467	3.68218221880467	3.68218221880467
CCL19	PTEN	1	1	3.588691559070711	3.588691559070711	3.588691559070711
CCL19	SMIM3	1	1	3.536521550052773	3.536521550052773	3.536521550052773
CCL19	STC1	1	1	3.5064844152391523	3.5064844152391523	3.5064844152391523
CCL19	GPC3	1	1	3.4926260334480608	3.4926260334480608	3.4926260334480608
CCL19	CST3	1	1	3.481227363305537	3.481227363305537	3.481227363305537
CCL19	RAB31	1	1	3.4755874789684555	3.4755874789684555	3.4755874789684555
CCL19	LOR	1	1	3.438024424063633	3.438024424063633	3.438024424063633
CCL19	CDHR1	1	1	3.397996882943205	3.397996882943205	3.397996882943205
CCL19	CPXM2	2	1	3.379136502267568	6.820941475960351	-0.06266847142521466
CCL19	POU2F3	1	1	3.316937015355242	3.316937015355242	3.316937015355242
CCL19	ROBO1	1	1	3.2866171728910745	3.2866171728910745	3.2866171728910745
CCL19	CCN3	2	1	3.2788733307608857	8.27357029034883	-1.7158236288270594
CCL19	TLCD3A	1	1	3.2722483968572775	3.2722483968572775	3.2722483968572775
CCL19	PTPRN2	1	1	3.268232221804555	3.268232221804555	3.268232221804555
CCL19	HSPA6	1	1	3.2454053624291337	3.2454053624291337	3.2454053624291337
CCL19	AZIN2	1	1	3.1860192059217822	3.1860192059217822	3.1860192059217822
CCL19	MAN1C1	1	1	3.1463459331484818	3.1463459331484818	3.1463459331484818
CCL19	TAGLN2	1	1	3.134159784648392	3.134159784648392	3.134159784648392
CCL19	SELENOM	1	1	3.1280368373759004	3.1280368373759004	3.1280368373759004
CCL19	NR2F2	1	1	3.120050501711448	3.120050501711448	3.120050501711448
CCL19	BANF1	1	1	3.0400158631781196	3.0400158631781196	3.0400158631781196
CCL19	SLC7A2	1	1	3.0209186801193764	3.0209186801193764	3.0209186801193764
CCL19	ARNT2	1	1	2.982044186631168	2.982044186631168	2.982044186631168
CCL19	LCE2A	1	1	2.9518374118661783	2.9518374118661783	2.9518374118661783
CCL19	SGCA	1	1	2.9466192609021467	2.9466192609021467	2.9466192609021467
CCL19	CRTAP	1	1	2.9370370742307927	2.9370370742307927	2.9370370742307927
CCL19	THEM5	1	1	2.931772126131429	2.931772126131429	2.931772126131429
CCL19	INMT	2	1	2.927938477792758	8.117428052377807	-2.2615510967922914
CCL19	HIST1H3H	1	1	2.914320551991993	2.914320551991993	2.914320551991993
CCL19	OAF	1	1	2.9065136825961617	2.9065136825961617	2.9065136825961617
CCL19	CPED1	1	1	2.89562183261517	2.89562183261517	2.89562183261517
CCL19	KRTDAP	1	1	2.888432764716974	2.888432764716974	2.888432764716974
CCL19	CLSTN2	1	1	2.8641113668852833	2.8641113668852833	2.8641113668852833
CCL19	PTGES3	1	1	2.859715751777483	2.859715751777483	2.859715751777483
CCL19	PSAPL1	1	1	2.8522984859603726	2.8522984859603726	2.8522984859603726
CCL19	GNAS	1	1	2.816327062029812	2.816327062029812	2.816327062029812
CCL19	HIST1H4A	2	1	2.806182728648783	5.79819700922497	-0.18583155192740447
CCL19	POU3F1	1	1	2.750011878072608	2.750011878072608	2.750011878072608
CCL19	TSHZ2	1	1	2.734736461563893	2.734736461563893	2.734736461563893
CCL19	ZFP36L2	1	1	2.6974986788379374	2.6974986788379374	2.6974986788379374
CCL19	COLGALT2	1	1	2.677975321748139	2.677975321748139	2.677975321748139
CCL19	DSG1	1	1	2.6495323996624336	2.6495323996624336	2.6495323996624336
CCL19	ITGAX	2	1	2.6439775006484556	5.351514172042945	-0.06355917074603425
CCL19	FLG	1	1	2.643371890303648	2.643371890303648	2.643371890303648
CCL19	CASP14	1	1	2.6362164965987107	2.6362164965987107	2.6362164965987107
CCL19	GATA3	1	1	2.6039237147884533	2.6039237147884533	2.6039237147884533
CCL19	RBP4	1	1	2.564798771324988	2.564798771324988	2.564798771324988
CCL19	RNF19B	1	1	2.5520931941638265	2.5520931941638265	2.5520931941638265
CCL19	LTBP4	1	1	2.5465001482232643	2.5465001482232643	2.5465001482232643
CCL19	IGLV4-60	1	1	2.5219492973647153	2.5219492973647153	2.5219492973647153
CCL19	SRRT	1	1	2.5183200306699582	2.5183200306699582	2.5183200306699582
CCL19	BST2	1	1	2.481569530094258	2.481569530094258	2.481569530094258
CCL19	DERL3	1	1	2.4756079766109216	2.4756079766109216	2.4756079766109216
CCL19	TSC22D3	2	1	2.4480255149724552	10.009073793240782	-5.113022763295872
CCL19	WNT2	1	1	2.4236714404749766	2.4236714404749766	2.4236714404749766
CCL19	TENM2	1	1	2.4115453438079286	2.4115453438079286	2.4115453438079286
CCL19	PGLYRP3	1	1	2.4074114263438338	2.4074114263438338	2.4074114263438338
CCL19	COL8A2	1	1	2.400330963768999	2.400330963768999	2.400330963768999
CCL19	SPEG	2	1	2.3905149640775094	6.761981377324067	-1.980951449169048
CCL19	SERPINA12	1	1	2.386500057412263	2.386500057412263	2.386500057412263
CCL19	RARRES1	1	1	2.37530277791082	2.37530277791082	2.37530277791082
CCL19	LRP4	1	1	2.36355497904413	2.36355497904413	2.36355497904413
CCL19	PPP1R14C	2	1	2.3311817878141374	6.150991181893881	-1.4886276062656056
CCL19	C2CD4A	1	1	2.3215042588626624	2.3215042588626624	2.3215042588626624
CCL19	LBH	2	1	2.3171518632894452	7.220383427061483	-2.586079700482593
CCL19	ANKRD10	1	1	2.3124678749467322	2.3124678749467322	2.3124678749467322
CCL19	MARCKSL1	2	1	2.2673267316417687	4.69168744517335	-0.15703398188981252
CCL19	EEF1B2	1	1	2.2641577074839647	2.2641577074839647	2.2641577074839647
CCL19	BHLHE40	1	1	2.2589070390124824	2.2589070390124824	2.2589070390124824
CCL19	PRDM1	1	1	2.2203948606008614	2.2203948606008614	2.2203948606008614
CCL19	RORA	1	1	2.201666270433183	2.201666270433183	2.201666270433183
CCL19	PTPA	1	1	2.201298461343321	2.201298461343321	2.201298461343321
CCL19	ADAMTS5	1	1	2.1779776522842282	2.1779776522842282	2.1779776522842282
CCL19	TRIM28	1	1	2.1661180538140736	2.1661180538140736	2.1661180538140736
CCL19	PKP1	1	1	2.161262818653858	2.161262818653858	2.161262818653858
CCL19	JAG1	1	1	2.1178329664210307	2.1178329664210307	2.1178329664210307
CCL19	DSC3	1	1	2.115719664576676	2.115719664576676	2.115719664576676
CCL19	C1orf68	1	1	2.1134084275800347	2.1134084275800347	2.1134084275800347
CCL19	ACTN4	1	1	2.087973158941579	2.087973158941579	2.087973158941579
CCL19	HIST1H4E	1	1	2.0602027762070914	2.0602027762070914	2.0602027762070914
CCL19	SRRM2	1	1	2.0591150828898153	2.0591150828898153	2.0591150828898153
CCL19	GABARAPL1	2	1	2.02399101001453	4.767477882886216	-0.7194958628571554
CCL19	ZCCHC24	1	1	1.97233803517835	1.97233803517835	1.97233803517835
CCL19	LTB4R	1	1	1.948988104550944	1.948988104550944	1.948988104550944
CCL19	GABARAP	1	1	1.9431004495108004	1.9431004495108004	1.9431004495108004
CCL19	UQCRQ	1	1	1.9160420957528252	1.9160420957528252	1.9160420957528252
CCL19	VRK2	1	1	1.9063020263328234	1.9063020263328234	1.9063020263328234
CCL19	PLPP4	1	1	1.885362218766718	1.885362218766718	1.885362218766718
CCL19	ATP6V1C2	1	1	1.8751895201026993	1.8751895201026993	1.8751895201026993
CCL19	ARPC2	1	1	1.855925936932617	1.855925936932617	1.855925936932617
CCL19	NCKAP5	1	1	1.834909540306864	1.834909540306864	1.834909540306864
CCL19	SLCO2A1	1	1	1.8339405654342098	1.8339405654342098	1.8339405654342098
CCL19	CCL27	1	1	1.821245358044543	1.821245358044543	1.821245358044543
CCL19	SLURP1	1	1	1.8207111156637912	1.8207111156637912	1.8207111156637912
CCL19	TMEM63A	1	1	1.812339559490039	1.812339559490039	1.812339559490039
CCL19	KRT73	1	1	1.8048264511724057	1.8048264511724057	1.8048264511724057
CCL19	LPCAT4	1	1	1.8000844406659262	1.8000844406659262	1.8000844406659262
CCL19	HIST1H2BB	2	1	1.7911222521407621	4.258778982991258	-0.6765344787097336
CCL19	EIF4B	1	1	1.7680643357914874	1.7680643357914874	1.7680643357914874
CCL19	LAMB4	1	1	1.757786171995188	1.757786171995188	1.757786171995188
CCL19	CERS3	1	1	1.7486669367593144	1.7486669367593144	1.7486669367593144
CCL19	DEGS1	1	1	1.7012038360040638	1.7012038360040638	1.7012038360040638
CCL19	HGS	1	1	1.659148444821508	1.659148444821508	1.659148444821508
CCL19	ST3GAL4	1	1	1.6559613516130958	1.6559613516130958	1.6559613516130958
CCL19	TENT5C	1	1	1.6525332700931277	1.6525332700931277	1.6525332700931277
CCL19	DSC1	1	1	1.6441234107024807	1.6441234107024807	1.6441234107024807
CCL19	ADAM19	2	1	1.6388939766566386	3.5629935438342386	-0.28520559052096117
CCL19	BNIPL	1	1	1.6368430572256245	1.6368430572256245	1.6368430572256245
CCL19	CHP2	1	1	1.6057190221237858	1.6057190221237858	1.6057190221237858
CCL19	DLX3	1	1	1.6016633660353456	1.6016633660353456	1.6016633660353456
CCL19	PCDH18	1	1	1.6013454075609137	1.6013454075609137	1.6013454075609137
CCL19	HS3ST6	1	1	1.5884788324200192	1.5884788324200192	1.5884788324200192
CCL19	SCUBE2	1	1	1.5552267887179236	1.5552267887179236	1.5552267887179236
CCL19	MFGE8	1	1	1.5242014101766959	1.5242014101766959	1.5242014101766959
CCL19	RACK1	1	1	1.5231603986077962	1.5231603986077962	1.5231603986077962
CCL19	ANXA9	1	1	1.512169247423858	1.512169247423858	1.512169247423858
CCL19	SERF2	1	1	1.505334825298934	1.505334825298934	1.505334825298934
CCL19	ATRNL1	2	1	1.4928287898018229	8.99537824186441	-6.009720662260764
CCL19	TC2N	1	1	1.4854572725022794	1.4854572725022794	1.4854572725022794
CCL19	CDC42EP5	2	1	1.4671195334921272	4.005370675152581	-1.0711316081683269
CCL19	NSG1	1	1	1.4547422371314864	1.4547422371314864	1.4547422371314864
CCL19	ADAMTS2	1	1	1.4512258775144837	1.4512258775144837	1.4512258775144837
CCL19	SHANK3	1	1	1.4392762745138685	1.4392762745138685	1.4392762745138685
CCL19	GRHL3	1	1	1.4248677301466157	1.4248677301466157	1.4248677301466157
CCL19	ASPRV1	1	1	1.416813465913059	1.416813465913059	1.416813465913059
CCL19	SCN9A	1	1	1.404879230199365	1.404879230199365	1.404879230199365
CCL19	ZG16B	1	1	1.395373786264457	1.395373786264457	1.395373786264457
CCL19	SPRR4	1	1	1.3488373205161837	1.3488373205161837	1.3488373205161837
CCL19	FLG2	1	1	1.3225595278908318	1.3225595278908318	1.3225595278908318
CCL19	CLEC2A	1	1	1.3075072863702748	1.3075072863702748	1.3075072863702748
CCL19	PTCH1	1	1	1.2643939202934464	1.2643939202934464	1.2643939202934464
CCL19	SCGB2A2	1	1	1.2571436255907273	1.2571436255907273	1.2571436255907273
CCL19	ANAPC16	1	1	1.255629567852903	1.255629567852903	1.255629567852903
CCL19	CACNB2	1	1	1.2530760744235092	1.2530760744235092	1.2530760744235092
CCL19	MUCL1	1	1	1.2419882156429376	1.2419882156429376	1.2419882156429376
CCL19	TLE5	1	1	1.2199837058591618	1.2199837058591618	1.2199837058591618
CCL19	ELN	2	1	1.2133933571507827	4.131279293574917	-1.704492579273352
CCL19	TAF15	1	1	1.2101423872295853	1.2101423872295853	1.2101423872295853
CCL19	DDR1	2	1	1.1884814913664083	2.667712004453674	-0.29074902172085765
CCL19	IL1R1	1	1	1.1718242840240916	1.1718242840240916	1.1718242840240916
CCL19	SV2B	1	1	1.170652767992099	1.170652767992099	1.170652767992099
CCL19	KRT1	1	1	1.1681530359995316	1.1681530359995316	1.1681530359995316
CCL19	FMO3	1	1	1.161020479394974	1.161020479394974	1.161020479394974
CCL19	PALM2-AKAP2	1	1	1.1468794410490109	1.1468794410490109	1.1468794410490109
CCL19	ZNF750	1	1	1.1459254302055473	1.1459254302055473	1.1459254302055473
CCL19	CDC123	1	1	1.1369587093001068	1.1369587093001068	1.1369587093001068
CCL19	SPRR2G	1	1	1.1358526901709585	1.1358526901709585	1.1358526901709585
CCL19	LENG8	1	1	1.1319249056101925	1.1319249056101925	1.1319249056101925
CCL19	RAC1	1	1	1.1039198130116539	1.1039198130116539	1.1039198130116539
CCL19	ITPRIP	2	1	1.0926044769195495	5.244733574139471	-3.059524620300372
CCL19	GFPT2	1	1	1.092215984259417	1.092215984259417	1.092215984259417
CCL19	CNN3	2	1	1.0853439672839618	3.344176863652533	-1.1734889290846093
CCL19	PABPC1	1	1	1.0839304145826023	1.0839304145826023	1.0839304145826023
CCL19	CDK6	1	1	1.0736874793918132	1.0736874793918132	1.0736874793918132
CCL19	TNFAIP2	1	1	1.0683390830975112	1.0683390830975112	1.0683390830975112
CCL19	ETNK1	1	1	1.067459200177244	1.067459200177244	1.067459200177244
CCL19	CCNI	1	1	1.0610579867707237	1.0610579867707237	1.0610579867707237
CCL19	RBP5	1	1	1.0411663078410751	1.0411663078410751	1.0411663078410751
CCL19	GXYLT2	1	1	1.0333412765298953	1.0333412765298953	1.0333412765298953
CCL19	ECH1	1	1	1.0196549645872028	1.0196549645872028	1.0196549645872028
CCL19	NECTIN2	1	1	1.0183478873283118	1.0183478873283118	1.0183478873283118
CCL19	CITED4	1	1	0.9892781507709454	0.9892781507709454	0.9892781507709454
CCL19	PLA2G4F	1	1	0.98343086346873	0.98343086346873	0.98343086346873
CCL19	TMSB4X	1	1	0.9772961997955968	0.9772961997955968	0.9772961997955968
CCL19	MAB21L4	1	1	0.9505992992639064	0.9505992992639064	0.9505992992639064
CCL19	TINCR	1	1	0.9241158032872676	0.9241158032872676	0.9241158032872676
CCL19	DUOXA1	1	1	0.9114652348859689	0.9114652348859689	0.9114652348859689
CCL19	CHMP2B	1	1	0.9109169837142861	0.9109169837142861	0.9109169837142861
CCL19	CTNNBIP1	1	1	0.9065695500288334	0.9065695500288334	0.9065695500288334
CCL19	RBM42	1	1	0.9037156932708715	0.9037156932708715	0.9037156932708715
CCL19	C1QA	1	1	0.9012518335898383	0.9012518335898383	0.9012518335898383
CCL19	GPNMB	1	1	0.9009997474089524	0.9009997474089524	0.9009997474089524
CCL19	HID1	1	1	0.8870782228822275	0.8870782228822275	0.8870782228822275
CCL19	MAZ	1	1	0.885115599334704	0.885115599334704	0.885115599334704
CCL19	FXYD2	2	1	0.8755923516597928	3.4242480480283053	-1.6730633447087198
CCL19	CLIC4	2	1	0.858854760402479	4.921463103884454	-3.203753583079496
CCL19	CNFN	1	1	0.8532773906411877	0.8532773906411877	0.8532773906411877
CCL19	HDAC7	1	1	0.8472469316345992	0.8472469316345992	0.8472469316345992
CCL19	DUOX1	1	1	0.8349633745460413	0.8349633745460413	0.8349633745460413
CCL19	WFDC5	1	1	0.8346899065756622	0.8346899065756622	0.8346899065756622
CCL19	FGB	1	1	0.8289693715293885	0.8289693715293885	0.8289693715293885
CCL19	SMG1	1	1	0.8284467642840122	0.8284467642840122	0.8284467642840122
CCL19	ZNF460	1	1	0.819380308121266	0.819380308121266	0.819380308121266
CCL19	CYP1A1	1	1	0.8180758856349124	0.8180758856349124	0.8180758856349124
CCL19	GALNT15	1	1	0.8166023454155373	0.8166023454155373	0.8166023454155373
CCL19	DKK3	1	1	0.8149855776725072	0.8149855776725072	0.8149855776725072
CCL19	DNPH1	1	1	0.8085878985568125	0.8085878985568125	0.8085878985568125
CCL19	FJX1	1	1	0.780471091388594	0.780471091388594	0.780471091388594
CCL19	CHIT1	1	1	0.7680844057563803	0.7680844057563803	0.7680844057563803
CCL19	ARGLU1	2	1	0.7608537987985213	2.4086383662780713	-0.8869307686810287
CCL19	RCC2	1	1	0.7587300998365399	0.7587300998365399	0.7587300998365399
CCL19	IMPA2	1	1	0.7314432866908874	0.7314432866908874	0.7314432866908874
CCL19	SLC1A5	1	1	0.7286336058835997	0.7286336058835997	0.7286336058835997
CCL19	LYPD3	1	1	0.691727529679078	0.691727529679078	0.691727529679078
CCL19	KIF1C	1	1	0.6911493667974791	0.6911493667974791	0.6911493667974791
CCL19	CXCL9	2	1	0.6845649319288735	2.6154900207631697	-1.2463601569054228
CCL19	LUC7L3	1	1	0.6745499933845864	0.6745499933845864	0.6745499933845864
CCL19	NDUFB9	1	1	0.6717062932192482	0.6717062932192482	0.6717062932192482
CCL19	CCDC71L	1	1	0.6593731662010767	0.6593731662010767	0.6593731662010767
CCL19	SPATA20	1	1	0.651339446145065	0.651339446145065	0.651339446145065
CCL19	TM4SF5	1	1	0.6468218187682674	0.6468218187682674	0.6468218187682674
CCL19	IVL	1	1	0.6340817275178081	0.6340817275178081	0.6340817275178081
CCL19	NOP53	1	1	0.6323220168637551	0.6323220168637551	0.6323220168637551
CCL19	SCGB1D2	1	1	0.6104478783159039	0.6104478783159039	0.6104478783159039
CCL19	TGM3	1	1	0.5935607030767125	0.5935607030767125	0.5935607030767125
CCL19	DSG3	1	1	0.5700896911035163	0.5700896911035163	0.5700896911035163
CCL19	SLC38A5	1	1	0.5686851210134098	0.5686851210134098	0.5686851210134098
CCL19	CACNA1H	1	1	0.5536749623044364	0.5536749623044364	0.5536749623044364
CCL19	DTNA	1	1	0.5358473649583118	0.5358473649583118	0.5358473649583118
CCL19	HLA-DQB2	1	1	0.5330523348097687	0.5330523348097687	0.5330523348097687
CCL19	STARD10	2	1	0.5197172865253342	2.9511937846985337	-1.9117592116478652
CCL19	SLC12A2	1	1	0.4674315708437292	0.4674315708437292	0.4674315708437292
CCL19	HEXA	1	1	0.4378583098920676	0.4378583098920676	0.4378583098920676
CCL19	ACER2	1	1	0.43740776629854033	0.43740776629854033	0.43740776629854033
CCL19	CTSC	1	1	0.4328443028840749	0.4328443028840749	0.4328443028840749
CCL19	COL19A1	1	1	0.4282646331203425	0.4282646331203425	0.4282646331203425
CCL19	ITGB2	1	1	0.4280951502048074	0.4280951502048074	0.4280951502048074
CCL19	ITGBL1	1	1	0.4246980122827329	0.4246980122827329	0.4246980122827329
CCL19	PRPH	1	1	0.42336033523721384	0.42336033523721384	0.42336033523721384
CCL19	SLC2A4	1	1	0.40485653755561685	0.40485653755561685	0.40485653755561685
CCL19	GRIPAP1	1	1	0.4042279347158841	0.4042279347158841	0.4042279347158841
CCL19	ENC1	1	1	0.39878923419991447	0.39878923419991447	0.39878923419991447
CCL19	CDHR2	1	1	0.3963258366605123	0.3963258366605123	0.3963258366605123
CCL19	ABHD2	1	1	0.39491122496376857	0.39491122496376857	0.39491122496376857
CCL19	PLAAT3	1	1	0.39381895327071637	0.39381895327071637	0.39381895327071637
CCL19	SLC9A3R1	1	1	0.39314720543595233	0.39314720543595233	0.39314720543595233
CCL19	SMIM4	1	1	0.3843835562487149	0.3843835562487149	0.3843835562487149
CCL19	MARCKS	1	1	0.36926854382750995	0.36926854382750995	0.36926854382750995
CCL19	MAP3K20	1	1	0.3683395140475993	0.3683395140475993	0.3683395140475993
CCL19	HMOX1	2	1	0.3548228337989481	1.8041305894072266	-1.0944849218093304
CCL19	ACIN1	1	1	0.3534942368468819	0.3534942368468819	0.3534942368468819
CCL19	GLUL	2	1	0.34956814800487546	0.8809226747770877	-0.18178637876733686
CCL19	PIP	1	1	0.33889170471434715	0.33889170471434715	0.33889170471434715
CCL19	ACTL8	1	1	0.322484486749246	0.322484486749246	0.322484486749246
CCL19	TENT5B	1	1	0.31676419714176457	0.31676419714176457	0.31676419714176457
CCL19	NFIB	1	1	0.31624437829496016	0.31624437829496016	0.31624437829496016
CCL19	TSPAN2	1	1	0.311512024189043	0.311512024189043	0.311512024189043
CCL19	DCD	2	1	0.3062160236180791	0.7824007191457965	-0.1699686719096382
CCL19	KRT2	1	1	0.29346732302110745	0.29346732302110745	0.29346732302110745
CCL19	FABP1	1	1	0.2786837200801245	0.2786837200801245	0.2786837200801245
CCL19	PSMC4	1	1	0.27481076098910445	0.27481076098910445	0.27481076098910445
CCL19	SYCN	2	1	0.27038069666251063	3.4912333759909027	-2.9504719826658814
CCL19	SLC14A1	1	1	0.2670695565846205	0.2670695565846205	0.2670695565846205
CCL19	ARHGAP8	1	1	0.2611725386457167	0.2611725386457167	0.2611725386457167
CCL19	NCSTN	1	1	0.25462229667540975	0.25462229667540975	0.25462229667540975
CCL19	BACE2	1	1	0.2345449937519925	0.2345449937519925	0.2345449937519925
CCL19	CHCHD2	1	1	0.2150584366199757	0.2150584366199757	0.2150584366199757
CCL19	STEAP4	1	1	0.21059885939538417	0.21059885939538417	0.21059885939538417
CCL19	KDM6A	1	1	0.19565904518735214	0.19565904518735214	0.19565904518735214
CCL19	PHGR1	2	1	0.1898221231537892	0.40320703308690026	-0.023562786779321842
CCL19	CRIP2	1	1	0.18415980630681725	0.18415980630681725	0.18415980630681725
CCL19	AQP9	1	1	0.17556489750484724	0.17556489750484724	0.17556489750484724
CCL19	MMP3	2	1	0.1754113733176137	1.5745338956239339	-1.2237111489887065
CCL19	PKIG	1	1	0.15624405417808213	0.15624405417808213	0.15624405417808213
CCL19	MPST	1	1	0.14985587923637067	0.14985587923637067	0.14985587923637067
CCL19	SLC37A4	1	1	0.14320525626707686	0.14320525626707686	0.14320525626707686
CCL19	SCTR	2	1	0.14163366407168348	0.41917145945026224	-0.1359041313068953
CCL19	VSIG1	2	1	0.13088451599924	2.841910306782208	-2.580141274783728
CCL19	ICA1	1	1	0.11585484871229348	0.11585484871229348	0.11585484871229348
CCL19	AHR	1	1	0.11364418011428441	0.11364418011428441	0.11364418011428441
CCL19	PRICKLE4	2	1	0.10532564286838358	1.1335594276350585	-0.9229081418982913
CCL19	PODNL1	1	1	0.09884755664181645	0.09884755664181645	0.09884755664181645
CCL19	ANG	1	1	0.08452580278093912	0.08452580278093912	0.08452580278093912
CCL19	HMCN2	1	1	0.08077290809605882	0.08077290809605882	0.08077290809605882
CCL19	CPS1	1	1	0.0747210461912158	0.0747210461912158	0.0747210461912158
CCL19	GREM2	1	1	0.06644210539192524	0.06644210539192524	0.06644210539192524
CCL19	IFIT1	1	1	0.0636929560306425	0.0636929560306425	0.0636929560306425
CCL19	VIL1	1	1	0.06020478753992678	0.06020478753992678	0.06020478753992678
CCL19	PXDN	2	1	0.047832145579638885	2.756797791908721	-2.661133500749443
CCL19	DAPL1	1	1	0.03928371348595485	0.03928371348595485	0.03928371348595485
CCL19	PTN	1	1	0.035092253817617755	0.035092253817617755	0.035092253817617755
CCL19	PEG10	2	1	0.028251538690824418	6.678145933367589	-6.62164285598594
CCL19	PALM3	2	1	0.026663337086832883	0.7409646813670742	-0.6876380071934084
CCL19	ALDOB	2	1	0.01130750440163486	1.0365842767291784	-1.0139692679259087
CCL19	SLC26A9	2	1	-0.00611432885811769	1.335378316019048	-1.3476069737352834
CCL19	PRAP1	3	1	-0.03639037379574327	0.7311205256802917	-6.0389208318744725
CCL19	CHI3L1	3	1	-0.06160962331946672	0.9961459478632757	-9.189466614734766
CCL19	HPGD	2	1	-0.09890325743196754	0.9591433026453254	-1.1569498175092605
CCL19	EVPL	2	1	-0.10046197063027609	0.4467856474474024	-0.6477095887079546
CCL19	PFKFB3	3	1	-0.10511176015330559	5.339333269310538	-1.125509169408331
CCL19	MYRF	3	1	-0.11550022514993379	0.9874396289256976	-0.9833270873545285
CCL19	TIMP2	2	1	-0.12245063551749741	0.17802595872488897	-0.4229272297598838
CCL19	CEL	3	1	-0.12372120155655185	1.88765047911205	-3.7364917330393963
CCL19	HBA1	3	1	-0.13109578728195884	14.063738238988142	-5.742312307977539
CCL19	COL1A2	3	1	-0.14631406747196313	0.7114312276083934	-1.549585401952621
CCL19	HOPX	4	1	-0.1467286637277377	4.830381166142603	-0.26542539753028443
CCL19	ICAM1	2	1	-0.17324149752150758	0.5663780430601962	-0.9128610381032114
CCL19	COL3A1	3	1	-0.18265258660976952	1.1378558279930262	-2.23350336592454
CCL19	COL4A2	2	1	-0.19570158123721962	0.4720672476492623	-0.8634704101237015
CCL19	CPB1	3	1	-0.19657025037211703	3.1826719575126905	-4.043811707161811
CCL19	NEURL3	2	1	-0.20249346922102723	0.40366069880355593	-0.8086476372456104
CCL19	CTSK	5	1	-0.23131674984856737	3.5904535779903535	-6.538604245391141
CCL19	CDH17	2	1	-0.2384617261816947	0.3549248766025742	-0.8318483289659636
CCL19	CALD1	4	1	-0.26154009271900425	0.5538744045260348	-4.661568011838889
CCL19	PODN	2	1	-0.28277509132675416	1.3278539455894705	-1.8934041282429788
CCL19	SLC34A2	3	1	-0.3000463459604059	1.0516686365392394	-1.7062832747740952
CCL19	COL6A2	4	1	-0.3059414332711118	3.05315105312253	-2.281740129955894
CCL19	C6orf141	3	1	-0.31809350750181725	4.896965846183039	-1.9365767737805626
CCL19	THY1	3	1	-0.3311001493102941	2.4346680677148864	-2.7479646966303837
CCL19	DLK1	2	1	-0.33369802089921263	6.636449782574506	-7.303845824372932
CCL19	SULT1C2	5	1	-0.3430446325013991	0.5968714773778879	-2.4780192376803405
CCL19	TIMP3	4	1	-0.38186016404859435	0.9729937158496998	-4.798107471491133
CCL19	ANXA10	3	1	-0.3822741451615223	0.4989181465425421	-7.938990827056241
CCL19	ACP5	3	1	-0.40276316186946753	5.616769681089607	-3.9451131672572806
CCL19	CFB	3	1	-0.40717943485665103	0.8443996674782501	-8.262738295224162
CCL19	AMBP	2	1	-0.43179931178235625	0.23563894142500766	-1.0992375649897201
CCL19	OLFML2B	3	1	-0.43439618126422497	3.0180520176970225	-0.4604462920666869
CCL19	ONECUT1	2	1	-0.43486212150162756	0.5620187974254992	-1.4317430404287543
CCL19	SMIM24	2	1	-0.43613549458060397	0.1459800694248396	-1.0182510585860476
CCL19	GCNT3	5	1	-0.44821388789784383	1.5204329074206726	-6.904165868301518
CCL19	CCL18	6	1	-0.44987368844113856	2.192142872048057	-2.1654271299319103
CCL19	S100A8	3	1	-0.46701089788164896	3.021875928365264	-7.895559198671461
CCL19	MARCO	5	1	-0.47745574446881833	0.28745776519979177	-3.278252661867109
CCL19	PLAAT4	3	1	-0.4788700333895064	0.40760143426171536	-0.6140289589313218
CCL19	OCIAD2	4	1	-0.4828226967227981	0.4246956804505734	-15.131236814880191
CCL19	ALOX5AP	2	1	-0.5007093590501863	0.9302933983293726	-1.9317121164297453
CCL19	FCER1G	2	1	-0.5039913627004554	1.6519170711842437	-2.6598997965851545
CCL19	PTK7	2	1	-0.5197998251308722	0.18077398729413127	-1.2203736375558756
CCL19	MUC17	3	1	-0.5709463016314038	1.7636815381733173	-3.2087951475481975
CCL19	PRSS1	4	1	-0.5907904144398413	1.5370524950288809	-4.028939168413916
CCL19	FOS	5	1	-0.6245542988604046	7.724781970579839	-5.144331890682287
CCL19	INPP4B	4	1	-0.6250343009250335	1.1167751511565953	-10.483535399090181
CCL19	SPINK1	7	1	-0.6256558662290723	0.43378793284764816	-6.997943653480377
CCL19	CRISP3	5	1	-0.6301384842786161	2.5288529010311382	-7.553118437715509
CCL19	SNCG	3	1	-0.647836045563886	6.025859226795459	-1.8118566368591025
CCL19	CST6	3	1	-0.6521470214979929	1.6534311419553833	-9.05680326481934
CCL19	CP	4	1	-0.6804361593255186	0.4483541031535102	-8.642188343351386
CCL19	ISLR	3	1	-0.681217195418155	5.764233976359846	-2.803657475463589
CCL19	ADM	7	1	-0.683838027487496	0.05329032102674761	-11.661259929016742
CCL19	MYL9	3	1	-0.7114277244757673	6.307922406086992	-1.2557808267779178
CCL19	FLNA	3	1	-0.7397084829520545	4.505818925239708	-3.637099852400806
CCL19	LOX	4	1	-0.7417874335552813	2.3215641178825956	-3.0700732567290254
CCL19	KRT13	3	1	-0.7903663371923958	1.4005849070326286	-3.5193486478872114
CCL19	MUC5B	6	1	-0.8074763635889005	5.782570016516454	-12.436417894104958
CCL19	ST6GALNAC5	2	1	-0.810890964371707	1.3166032677936674	-2.9383851965370815
CCL19	ID1	6	1	-0.811336488311965	6.514012785511739	-12.70096425058347
CCL19	CDCA7	2	1	-0.8453791565744012	0.5022672075247898	-2.1930255206735922
CCL19	ANGPTL4	2	1	-0.8771615753103887	0.38981957218770436	-2.144142722808482
CCL19	ABCC3	6	1	-0.8779373514269656	1.852777422535711	-13.736811128155601
CCL19	VEGFA	4	1	-0.8848790322565572	0.5559628670902398	-3.7359739466348927
CCL19	CD68	4	1	-0.885470944055696	0.37056910642747937	-2.1146813994884366
CCL19	CXCL17	4	1	-0.9007950169173009	0.9865008859729218	-9.673231939958338
CCL19	CST4	2	1	-0.9030509237769327	1.3416001277121417	-3.147701975266007
CCL19	AEBP1	6	1	-0.9241432932783885	5.990513059979786	-7.353371142872552
CCL19	JUN	4	1	-0.9313102509278112	0.15873844338939272	-6.875440192459599
CCL19	ID3	3	1	-0.9390549575406558	0.5927812749092142	-3.148454763519286
CCL19	FSTL1	4	1	-0.9617482514327998	0.9723312843752118	-4.607575984648125
CCL19	S100A4	5	1	-0.9662125756733246	4.03300345072561	-10.580616294961445
CCL19	PNLIPRP1	2	1	-1.026699622503557	0.91121649640336	-2.9646157414104737
CCL19	ATF3	4	1	-1.0288255026276762	8.281466214091115	-3.153511336509619
CCL19	SPARC	4	1	-1.039108530533286	2.194143069465766	-3.7675831968366014
CCL19	MUC13	3	1	-1.0470906565828648	1.1048562831422388	-1.3900152150686718
CCL19	NCAM1	2	1	-1.05007967506706	3.2994072266433263	-5.399566576777446
CCL19	NR5A2	2	1	-1.0565436292198822	1.0224757281281427	-3.135562986567907
CCL19	PLIN2	3	1	-1.0642527395270474	0.019614476832989235	-1.45965817353368
CCL19	LXN	2	1	-1.0706624627038748	4.193928748526597	-6.335253673934346
CCL19	SOX9	3	1	-1.0719460101178193	1.8058583793273217	-12.420858763675866
CCL19	TFF3	4	1	-1.0852446170468433	0.4189932420849125	-9.2000585053631
CCL19	TNFSF14	2	1	-1.1177296851881573	0.8649708811298898	-3.1004302515062045
CCL19	CLDN1	3	1	-1.11846987259882	1.1796823365206286	-16.316030992219282
CCL19	JUP	4	1	-1.129841467693008	1.4978547350768427	-18.04575241054721
CCL19	TREM1	4	1	-1.1884247309793916	1.9734118310468554	-4.66133645987902
CCL19	ID4	3	1	-1.1990422521877095	7.3315679968206044	-3.9803156256469556
CCL19	CERCAM	3	1	-1.2125307420335152	2.2197936424428244	-2.2875283048230286
CCL19	AOX1	2	1	-1.2216987567502313	0.664347579666337	-3.1077450931667996
CCL19	JPH2	2	1	-1.2382113629681573	0.6472084853430999	-3.1236312112794145
CCL19	FBN1	5	1	-1.2420562927940793	6.026997675984936	-5.079709477863799
CCL19	MUC3A	5	1	-1.254369489087309	1.1257704052403434	-5.32280416872466
CCL19	VGF	3	1	-1.2658775037571752	10.471598243999638	-1.7069013428256001
CCL19	REG4	3	1	-1.267193936988844	1.9594482819280032	-3.7779913126550047
CCL19	DUOXA2	4	1	-1.2777754497485279	0.22726164034684823	-7.232589340353329
CCL19	CRIP1	3	1	-1.285214831234239	7.730927065070477	-3.9449546652126917
CCL19	BCAT1	5	1	-1.2863703106482134	4.8573673972412745	-6.190893961391594
CCL19	REG1B	3	1	-1.299753619265729	0.19311735266319946	-4.504489892522119
CCL19	UBD	4	1	-1.3270006489761141	7.929767123303839	-2.5678093769831483
CCL19	GP2	2	1	-1.3304793413224187	1.298986733254553	-3.9599454158993903
CCL19	SFTA2	3	1	-1.33341066094684	0.06556408129939628	-10.779913574180416
CCL19	VGLL3	2	1	-1.3349461257436601	0.768117032550626	-3.438009284037946
CCL19	B2M	2	1	-1.3442344320829926	0.21649059167414833	-2.9049594558401335
CCL19	ITGA5	4	1	-1.3500088974664626	1.7332706969766736	-3.1182707986680214
CCL19	PPP1R1B	4	1	-1.3688835019623227	4.517601741981753	-4.7629694651346135
CCL19	CCL5	3	1	-1.3692987869914963	10.055911572929698	-2.71682549769199
CCL19	PLAT	3	1	-1.399182019334047	3.5054710855661906	-2.0402341599696796
CCL19	IFIT3	2	1	-1.4445565231233384	0.6971084546489007	-3.5862215008955776
CCL19	LOXL1	3	1	-1.4763873258804883	0.8331018204872468	-5.233104028908605
CCL19	DHRS3	4	1	-1.4772061558787324	0.38442136077246647	-2.4288375356097087
CCL19	HMGCS2	2	1	-1.5099121843608667	0.43275031511968903	-3.4525746838414224
CCL19	ONECUT2	3	1	-1.5101043392415252	1.345172917539019	-9.08018549102127
CCL19	MYH10	3	1	-1.6087492445210478	3.881927948396826	-5.006954843158527
CCL19	SLC6A9	2	1	-1.7901455959038475	1.576339900177793	-5.156631091985488
CCL19	CYP26A1	2	1	-1.8498212861170615	5.881845405937109	-9.581487978171232
CCL19	RNASET2	2	1	-1.886514254830639	0.28937105370262867	-4.062399563363907
CCL19	PLA2G1B	2	1	-1.8985272500303896	0.14415757601980267	-3.941212076080582
CCL19	WFDC2	8	1	-1.9498358299867085	1.881492953304927	-20.009816040351065
CCL19	CTRB1	3	1	-1.9611220054589702	0.11059568053857062	-4.199813653094935
CCL19	A4GNT	2	1	-1.969721812388654	0.6648074441771817	-4.60425106895449
CCL19	FNDC1	5	1	-2.0496565682822214	1.5677065014908071	-10.87147959178546
CCL19	MEGF6	2	1	-2.0811736888014774	0.2484596212220361	-4.410806998824991
CCL19	CLDN18	3	1	-2.0918567049303713	0.40494935655022607	-5.5121786969420485
CCL19	OLR1	3	1	-2.0987698779325163	1.0166001044216173	-3.609959951260849
CCL19	PDGFD	2	1	-2.104255897816024	0.5518943107035007	-4.760406106335549
CCL19	CYP3A5	5	1	-2.224842713365595	0.6338147784631483	-15.874996470383264
CCL19	HTRA1	5	1	-2.2640635596110483	2.9112842728940485	-5.254177160774179
CCL19	S100G	3	1	-2.272777577706959	0.5235832970270782	-3.1354423624523253
CCL19	GPX2	6	1	-2.2788863759250253	0.18970441500544116	-21.151134325370045
CCL19	PDGFRA	2	1	-2.296141010211813	2.2836915999696004	-6.875973620393227
CCL19	PDZK1IP1	7	1	-2.315135760379978	1.5740582963414782	-14.178149470535315
CCL19	ADAM12	3	1	-2.3872882650916845	2.5467273627047464	-9.50127140638474
CCL19	MIA	2	1	-2.454380799071843	2.1940840888710476	-7.102845687014733
CCL19	TPM2	5	1	-2.456526360182994	3.723655777093838	-4.799619191562939
CCL19	S100A14	8	1	-2.4851481095184833	1.2519638202077974	-20.52319631869689
CCL19	FBXO32	5	1	-2.491718029498386	6.525198337300771	-7.706247364047723
CCL19	NNMT	3	1	-2.4998747584643417	4.28296288632128	-7.08962291649685
CCL19	CD24	2	1	-2.502554527748871	0.2693454799149432	-5.274454535412685
CCL19	NKD2	4	1	-2.502927227823669	4.142142084886235	-5.5065163646163064
CCL19	PODXL	2	1	-2.522938082516391	1.7604452424975365	-6.8063214075303184
CCL19	ADGRF1	3	1	-2.5816801169762873	0.24250758073353876	-4.470123494361857
CCL19	FCGBP	4	1	-2.5925439527619276	2.1544464442089235	-4.5054824468902
CCL19	COL16A1	4	1	-2.634763928813033	1.5805284979021335	-8.079108929727923
CCL19	CD55	5	1	-2.646047580297796	2.6794242893000897	-14.617296950221913
CCL19	SLC2A3	3	1	-2.720170968263768	2.9215776805716693	-11.05859697174338
CCL19	C5orf46	3	1	-2.7455964875098577	2.7682368933807298	-18.497786943918456
CCL19	MAF	3	1	-2.786120753860453	0.9087037314056017	-4.304033170671842
CCL19	GATA6	3	1	-2.875566037835659	4.183715124592511	-4.647620364022525
CCL19	CXCL5	6	1	-2.882610168784735	1.3077690267366773	-9.30428882960804
CCL19	KLK6	7	1	-2.9776128180199826	1.1009837063827588	-16.167407454381433
CCL19	TMEM158	3	1	-2.9833765248057866	1.6296671626675994	-10.469262112804687
CCL19	GAS1	6	1	-2.9895128775643567	1.643483634659325	-8.850260216373426
CCL19	SULF1	6	1	-3.016134765881171	6.912073191181723	-9.892975353739105
CCL19	MMP11	10	1	-3.100358938544913	2.0415346408880417	-15.973027856569889
CCL19	PGC	4	1	-3.1689087720935936	1.2239354283794388	-5.9711790509221485
CCL19	RANBP3L	2	1	-3.1871858629449816	0.6749512599266498	-7.049322985816613
CCL19	STAR	2	1	-3.248055105654741	2.2399861975829025	-8.736096408892385
CCL19	SAA2	3	1	-3.2501038384209684	1.4165964114003524	-15.38509425746812
CCL19	FXYD5	2	1	-3.335313758807775	1.7557977019908384	-8.426425219606388
CCL19	MUC4	4	1	-3.33763835712897	1.5906976596979563	-21.74063940427183
CCL19	NQO1	6	1	-3.3423360753231814	0.273166486734006	-23.505076852327477
CCL19	KRT5	5	1	-3.40094479188902	0.06309680920518324	-15.034461499974102
CCL19	RBP1	2	1	-3.572407800110829	4.294849698806778	-11.439665299028436
CCL19	SAA1	3	1	-3.6267391904890123	1.8726906144682638	-11.964863123291542
CCL19	KRT7	9	1	-3.643385728581213	0.446705006742186	-21.456861797464445
CCL19	EEF1A2	3	1	-3.697202267744178	5.150659494691794	-4.250899431973946
CCL19	TMC5	7	1	-3.7746915463287367	0.039678536455007095	-11.404743949091491
CCL19	STMN2	4	1	-3.844928521760677	0.7847605921486805	-4.655461428219601
CCL19	CDSN	2	1	-3.8688790350088444	0.8663566280651108	-8.6041146980828
CCL19	CLDN2	2	1	-3.8858796221614593	0.11798062566069364	-7.889739869983612
CCL19	MUC16	4	1	-3.993173855817361	4.271894203853301	-8.169354607326307
CCL19	DHRS9	3	1	-4.0206191936214735	1.8012655528283408	-9.737556231621234
CCL19	FGFR3	2	1	-4.1488998562944515	1.2116569322609714	-9.509456644849875
CCL19	CALB2	2	1	-4.474136397572122	0.3065300326583939	-9.254802827802637
CCL19	TFF2	6	1	-4.483556496743059	1.4370248601264497	-10.85075280911036
CCL19	MT1E	4	1	-4.526512186020457	0.07643563350025508	-7.994148788381145
CCL19	COL8A1	5	1	-4.641778406532507	2.9357572595860866	-7.159518351150956
CCL19	KRT14	2	1	-4.744715652023185	1.8457276619904708	-11.335158966036841
CCL19	MDK	2	1	-4.906226393700802	3.1213010763818523	-12.933753863783457
CCL19	CGN	4	1	-5.152268213447091	0.32645230446230017	-12.735565470904307
CCL19	AQP3	3	1	-5.189148188539994	1.2485004255500407	-10.704423870491578
CCL19	CALML5	2	1	-5.2529630336900155	3.0334207743360087	-13.53934684171604
CCL19	RASGRF2	3	1	-5.283724477983346	1.2493255923077693	-10.618339737417957
CCL19	CNN2	3	1	-5.378836501554877	0.08412281366718939	-6.2639001899248035
CCL19	ISM1	3	1	-5.411856405527373	1.4642243186652733	-5.412395319620417
CCL19	GJB2	7	1	-5.437871087378365	2.87199695642778	-16.15290501848409
CCL19	COL5A2	7	1	-5.498024200404707	0.27972703968392826	-9.374301013920192
CCL19	KRT18	9	1	-6.08869274020372	1.706679877675248	-21.63606626605208
CCL19	SPINT1	4	1	-6.925504223762451	0.5398445329245094	-13.96947884822496
CCL19	COL17A1	3	1	-7.191012451252655	1.067254266136569	-7.971457164559778
CCL19	RAB25	3	1	-7.481419387377439	3.4800732405217167	-17.693515188563246
CCL19	EFNA1	4	1	-7.63801473904608	0.36404832459111464	-17.56935666483575
CCL19	ALDH3A1	2	1	-8.390574500188903	0.5154443013875829	-17.296593301765387
CCL19	AKR1C2	4	1	-8.908261860186531	9.56448627890227	-21.41026681652321
CCL19	DMKN	1	0	-0.008809457593969654	-0.008809457593969654	-0.008809457593969654
CCL19	PDLIM4	1	0	-0.024018908196771386	-0.024018908196771386	-0.024018908196771386
CCL19	WNK1	1	0	-0.05827585724007063	-0.05827585724007063	-0.05827585724007063
CCL19	SVIL	1	0	-0.06021143560260565	-0.06021143560260565	-0.06021143560260565
CCL19	TRIM2	1	0	-0.06615646380528514	-0.06615646380528514	-0.06615646380528514
CCL19	CXCL10	1	0	-0.07906355957213738	-0.07906355957213738	-0.07906355957213738
CCL19	ARRDC3	1	0	-0.0854221079343883	-0.0854221079343883	-0.0854221079343883
CCL19	IFIT2	1	0	-0.10359849458401837	-0.10359849458401837	-0.10359849458401837
CCL19	NCOA7	1	0	-0.11612069447113893	-0.11612069447113893	-0.11612069447113893
CCL19	ADRA2A	1	0	-0.11993179293223483	-0.11993179293223483	-0.11993179293223483
CCL19	FAM20A	1	0	-0.12277086185163101	-0.12277086185163101	-0.12277086185163101
CCL19	CYP4F22	1	0	-0.12907321311387498	-0.12907321311387498	-0.12907321311387498
CCL19	GSTK1	1	0	-0.13050009706235124	-0.13050009706235124	-0.13050009706235124
CCL19	ODF3B	1	0	-0.14035734402216843	-0.14035734402216843	-0.14035734402216843
CCL19	HOXB3	1	0	-0.18876094735955115	-0.18876094735955115	-0.18876094735955115
CCL19	ALPL	1	0	-0.19503578824018558	-0.19503578824018558	-0.19503578824018558
CCL19	ZBED2	1	0	-0.19660154199416005	-0.19660154199416005	-0.19660154199416005
CCL19	PRSS3	1	0	-0.20062614451955937	-0.20062614451955937	-0.20062614451955937
CCL19	NTSR1	1	0	-0.20190033255692832	-0.20190033255692832	-0.20190033255692832
CCL19	COL18A1	1	0	-0.20518138923602308	-0.20518138923602308	-0.20518138923602308
CCL19	FTL	3	0	-0.21248647735988738	-0.07439248005016541	-1.3305781262279381
CCL19	ECM1	1	0	-0.2134752541072047	-0.2134752541072047	-0.2134752541072047
CCL19	TMED2	1	0	-0.21655403412320434	-0.21655403412320434	-0.21655403412320434
CCL19	HLA-E	1	0	-0.2283070775829852	-0.2283070775829852	-0.2283070775829852
CCL19	CASP5	1	0	-0.23463974865844017	-0.23463974865844017	-0.23463974865844017
CCL19	PLCH2	1	0	-0.24389488219560143	-0.24389488219560143	-0.24389488219560143
CCL19	SYT13	1	0	-0.2509342591901659	-0.2509342591901659	-0.2509342591901659
CCL19	CCL11	1	0	-0.2571219374822415	-0.2571219374822415	-0.2571219374822415
CCL19	KEL	1	0	-0.2736175785084712	-0.2736175785084712	-0.2736175785084712
CCL19	TM4SF20	1	0	-0.28245094000528814	-0.28245094000528814	-0.28245094000528814
CCL19	SLC37A1	1	0	-0.2951929236028171	-0.2951929236028171	-0.2951929236028171
CCL19	RHOV	1	0	-0.31520685421860245	-0.31520685421860245	-0.31520685421860245
CCL19	CD82	1	0	-0.32296242519129015	-0.32296242519129015	-0.32296242519129015
CCL19	PSD	1	0	-0.3246482635853628	-0.3246482635853628	-0.3246482635853628
CCL19	POF1B	1	0	-0.32928740556764674	-0.32928740556764674	-0.32928740556764674
CCL19	TNFRSF11B	1	0	-0.33193457371567253	-0.33193457371567253	-0.33193457371567253
CCL19	IL11	1	0	-0.3400923752436742	-0.3400923752436742	-0.3400923752436742
CCL19	SEL1L3	1	0	-0.34154633489478314	-0.34154633489478314	-0.34154633489478314
CCL19	KCNK16	1	0	-0.34206004717028493	-0.34206004717028493	-0.34206004717028493
CCL19	PLS1	1	0	-0.36575759489997395	-0.36575759489997395	-0.36575759489997395
CCL19	PDPN	1	0	-0.38274076873956514	-0.38274076873956514	-0.38274076873956514
CCL19	EMP1	1	0	-0.39635185361438524	-0.39635185361438524	-0.39635185361438524
CCL19	TXNDC5	1	0	-0.40202230307859116	-0.40202230307859116	-0.40202230307859116
CCL19	PSMD8	1	0	-0.4046949754417744	-0.4046949754417744	-0.4046949754417744
CCL19	RGS9	1	0	-0.40662751624251114	-0.40662751624251114	-0.40662751624251114
CCL19	SMTN	1	0	-0.40966808381660375	-0.40966808381660375	-0.40966808381660375
CCL19	SULT2B1	1	0	-0.4104885508752208	-0.4104885508752208	-0.4104885508752208
CCL19	TSPAN3	1	0	-0.4176361253548037	-0.4176361253548037	-0.4176361253548037
CCL19	MAPK15	1	0	-0.42153941043111703	-0.42153941043111703	-0.42153941043111703
CCL19	MSR1	1	0	-0.4251738688361364	-0.4251738688361364	-0.4251738688361364
CCL19	TRAK1	1	0	-0.4271611942888929	-0.4271611942888929	-0.4271611942888929
CCL19	ARHGDIA	1	0	-0.43898228014366175	-0.43898228014366175	-0.43898228014366175
CCL19	KRT20	2	0	-0.45930811522304954	-0.21478162363547257	-0.7038346068106265
CCL19	CABP7	1	0	-0.46348689962508327	-0.46348689962508327	-0.46348689962508327
CCL19	VILL	2	0	-0.4706483278145079	-0.17638801318325656	-0.7649086424457592
CCL19	TMC4	1	0	-0.4724964080012607	-0.4724964080012607	-0.4724964080012607
CCL19	TSPAN13	1	0	-0.5058820362332442	-0.5058820362332442	-0.5058820362332442
CCL19	C1orf116	1	0	-0.5368642722212861	-0.5368642722212861	-0.5368642722212861
CCL19	METRNL	1	0	-0.5391158742104323	-0.5391158742104323	-0.5391158742104323
CCL19	ACSM3	1	0	-0.5400313787994864	-0.5400313787994864	-0.5400313787994864
CCL19	PRR15L	4	0	-0.5402646611283981	-0.30896232718496297	-7.812519165047004
CCL19	ANPEP	1	0	-0.5422078374461525	-0.5422078374461525	-0.5422078374461525
CCL19	NOS2	1	0	-0.5452169152469623	-0.5452169152469623	-0.5452169152469623
CCL19	KRT10	1	0	-0.551401675120681	-0.551401675120681	-0.551401675120681
CCL19	FAM49B	1	0	-0.5548992791997308	-0.5548992791997308	-0.5548992791997308
CCL19	TP63	1	0	-0.5592063497561658	-0.5592063497561658	-0.5592063497561658
CCL19	PSMA7	1	0	-0.5648030704223486	-0.5648030704223486	-0.5648030704223486
CCL19	TRIM31	1	0	-0.5664352755281445	-0.5664352755281445	-0.5664352755281445
CCL19	ZNF552	1	0	-0.5727677411828247	-0.5727677411828247	-0.5727677411828247
CCL19	PHGDH	1	0	-0.5730085790423479	-0.5730085790423479	-0.5730085790423479
CCL19	CDHR5	2	0	-0.5774467524432115	-0.26570504827957536	-0.8891884566068476
CCL19	ESRP1	1	0	-0.5775984146358976	-0.5775984146358976	-0.5775984146358976
CCL19	IL20RB	1	0	-0.5960025311204566	-0.5960025311204566	-0.5960025311204566
CCL19	CEBPG	1	0	-0.6003684184510772	-0.6003684184510772	-0.6003684184510772
CCL19	IFI6	4	0	-0.6118272964425899	-0.11483577085671537	-13.328576345643791
CCL19	CLCA1	1	0	-0.6145643693792772	-0.6145643693792772	-0.6145643693792772
CCL19	PGK1	1	0	-0.6271932121262477	-0.6271932121262477	-0.6271932121262477
CCL19	ALS2CL	2	0	-0.6318225756077858	-0.5071305617787469	-0.7565145894368247
CCL19	TYMP	1	0	-0.6375534769812403	-0.6375534769812403	-0.6375534769812403
CCL19	ACTC1	1	0	-0.6465149682621186	-0.6465149682621186	-0.6465149682621186
CCL19	SLC12A7	1	0	-0.6658012385983665	-0.6658012385983665	-0.6658012385983665
CCL19	CDKN1C	1	0	-0.6666680390452661	-0.6666680390452661	-0.6666680390452661
CCL19	WNT7A	1	0	-0.6719856887397389	-0.6719856887397389	-0.6719856887397389
CCL19	CCL15	1	0	-0.6795358780493581	-0.6795358780493581	-0.6795358780493581
CCL19	CARNS1	1	0	-0.6833583874423589	-0.6833583874423589	-0.6833583874423589
CCL19	PLTP	1	0	-0.6860794717187733	-0.6860794717187733	-0.6860794717187733
CCL19	ITLN1	1	0	-0.6876233729066128	-0.6876233729066128	-0.6876233729066128
CCL19	ZNF185	1	0	-0.6894431803029296	-0.6894431803029296	-0.6894431803029296
CCL19	TOB1	3	0	-0.6924092312347764	-0.531076544149023	-0.7595538730048931
CCL19	SHB	1	0	-0.7014564358662463	-0.7014564358662463	-0.7014564358662463
CCL19	HOXB6	1	0	-0.7028175825488344	-0.7028175825488344	-0.7028175825488344
CCL19	MSLN	1	0	-0.7283491271012419	-0.7283491271012419	-0.7283491271012419
CCL19	CLIC5	2	0	-0.7713313512522131	-0.2954739313197171	-1.2471887711847092
CCL19	SPON1	1	0	-0.7749784147091555	-0.7749784147091555	-0.7749784147091555
CCL19	PTK6	1	0	-0.7770475780731495	-0.7770475780731495	-0.7770475780731495
CCL19	PTGES	1	0	-0.7841694924835415	-0.7841694924835415	-0.7841694924835415
CCL19	AC007906.2	2	0	-0.7921152957135345	-0.6635418346669566	-0.9206887567601122
CCL19	LCN12	1	0	-0.7988556937491046	-0.7988556937491046	-0.7988556937491046
CCL19	FAM3B	1	0	-0.8017254930820716	-0.8017254930820716	-0.8017254930820716
CCL19	ANKRD40CL	1	0	-0.8080764193741048	-0.8080764193741048	-0.8080764193741048
CCL19	SAT1	1	0	-0.8147544584017925	-0.8147544584017925	-0.8147544584017925
CCL19	CCL8	1	0	-0.8197039374004811	-0.8197039374004811	-0.8197039374004811
CCL19	MYH3	1	0	-0.8326905134626502	-0.8326905134626502	-0.8326905134626502
CCL19	SPINK4	1	0	-0.8440918860483857	-0.8440918860483857	-0.8440918860483857
CCL19	PRRC2C	2	0	-0.8601929859371747	-0.5444692247868039	-1.1759167470875456
CCL19	TCP1	1	0	-0.8730697219590341	-0.8730697219590341	-0.8730697219590341
CCL19	SRSF2	1	0	-0.8820392065471722	-0.8820392065471722	-0.8820392065471722
CCL19	SLC4A4	2	0	-0.8822991645156141	-0.38409075449602925	-1.380507574535199
CCL19	B4GALT1	1	0	-0.9060172582250597	-0.9060172582250597	-0.9060172582250597
CCL19	ZNF888	1	0	-0.9074231619302001	-0.9074231619302001	-0.9074231619302001
CCL19	EPS8L1	1	0	-0.9079413723532062	-0.9079413723532062	-0.9079413723532062
CCL19	NAPRT	1	0	-0.9182540441298177	-0.9182540441298177	-0.9182540441298177
CCL19	ANXA4	3	0	-0.9219556681305673	-0.6161638634681605	-7.335752807163849
CCL19	PLXNB2	1	0	-0.9542963016287973	-0.9542963016287973	-0.9542963016287973
CCL19	GEM	1	0	-0.9574748695289382	-0.9574748695289382	-0.9574748695289382
CCL19	RBPJL	1	0	-0.9616068659343201	-0.9616068659343201	-0.9616068659343201
CCL19	HIST1H2AB	1	0	-0.9697517332685684	-0.9697517332685684	-0.9697517332685684
CCL19	TNFRSF21	2	0	-0.9778374880027088	-0.5879506612791059	-1.3677243147263116
CCL19	FGG	4	0	-0.9900868074706732	-0.5193541430778542	-3.0725444053002913
CCL19	WNT11	1	0	-0.9951087953176803	-0.9951087953176803	-0.9951087953176803
CCL19	VSIG4	1	0	-0.9984951855709039	-0.9984951855709039	-0.9984951855709039
CCL19	RAPGEFL1	1	0	-0.9994534466681937	-0.9994534466681937	-0.9994534466681937
CCL19	SLC39A4	1	0	-1.001823063824265	-1.001823063824265	-1.001823063824265
CCL19	WNT10A	1	0	-1.007457901098803	-1.007457901098803	-1.007457901098803
CCL19	HKDC1	1	0	-1.0158222205443803	-1.0158222205443803	-1.0158222205443803
CCL19	PKHD1	1	0	-1.017213606207214	-1.017213606207214	-1.017213606207214
CCL19	CAPN13	1	0	-1.0250077296772726	-1.0250077296772726	-1.0250077296772726
CCL19	CLDN6	1	0	-1.0300256608662512	-1.0300256608662512	-1.0300256608662512
CCL19	TGFBR3	1	0	-1.0331374569250067	-1.0331374569250067	-1.0331374569250067
CCL19	FGA	2	0	-1.0394413343569056	-0.528307923677363	-1.5505747450364482
CCL19	CRYBG2	1	0	-1.0414310900876955	-1.0414310900876955	-1.0414310900876955
CCL19	MMP28	2	0	-1.042288553235295	-0.9641690174187563	-1.120408089051834
CCL19	UPK3B	1	0	-1.0438940827824321	-1.0438940827824321	-1.0438940827824321
CCL19	BCAM	3	0	-1.0459180578929346	-0.0752251349253281	-1.8420011959567504
CCL19	C2CD2	1	0	-1.0531285057453048	-1.0531285057453048	-1.0531285057453048
CCL19	KCP	1	0	-1.0620206284139342	-1.0620206284139342	-1.0620206284139342
CCL19	FAM83H	1	0	-1.0622642838014948	-1.0622642838014948	-1.0622642838014948
CCL19	ENTPD1	1	0	-1.0628148800967097	-1.0628148800967097	-1.0628148800967097
CCL19	LLGL2	1	0	-1.067997457760428	-1.067997457760428	-1.067997457760428
CCL19	ACSF2	1	0	-1.072505784505006	-1.072505784505006	-1.072505784505006
CCL19	IL1RN	1	0	-1.086437488109278	-1.086437488109278	-1.086437488109278
CCL19	MYH9	1	0	-1.0952072511182775	-1.0952072511182775	-1.0952072511182775
CCL19	PADI1	4	0	-1.1171795966010336	-0.8313115027815333	-5.832745980247555
CCL19	CSF3	1	0	-1.118969583093342	-1.118969583093342	-1.118969583093342
CCL19	ARL4C	1	0	-1.1273289220322011	-1.1273289220322011	-1.1273289220322011
CCL19	ENTPD2	1	0	-1.130377722137042	-1.130377722137042	-1.130377722137042
CCL19	WASF2	1	0	-1.1356579519600434	-1.1356579519600434	-1.1356579519600434
CCL19	PCSK6	1	0	-1.154486225150105	-1.154486225150105	-1.154486225150105
CCL19	TTC9	1	0	-1.1551577513778102	-1.1551577513778102	-1.1551577513778102
CCL19	TRPV6	1	0	-1.1657610332831874	-1.1657610332831874	-1.1657610332831874
CCL19	PLBD1	1	0	-1.1709695635199766	-1.1709695635199766	-1.1709695635199766
CCL19	HSPA5	2	0	-1.1791341843828782	-1.0030309158793091	-1.355237452886447
CCL19	ALDH1B1	1	0	-1.1835580563246635	-1.1835580563246635	-1.1835580563246635
CCL19	G0S2	1	0	-1.1935621949825153	-1.1935621949825153	-1.1935621949825153
CCL19	IL6	1	0	-1.197444474922061	-1.197444474922061	-1.197444474922061
CCL19	HIST1H2AC	1	0	-1.2091110848131343	-1.2091110848131343	-1.2091110848131343
CCL19	SLC5A1	1	0	-1.2155524515057683	-1.2155524515057683	-1.2155524515057683
CCL19	LAMC2	5	0	-1.2179203780565344	-0.7567576190473434	-16.458588680663944
CCL19	SYNC	1	0	-1.2392473254307892	-1.2392473254307892	-1.2392473254307892
CCL19	CEACAM7	3	0	-1.2495271762455518	-0.355832148511516	-3.1306074079844564
CCL19	CD163	1	0	-1.2639481825889713	-1.2639481825889713	-1.2639481825889713
CCL19	IFNGR2	1	0	-1.2742624196908772	-1.2742624196908772	-1.2742624196908772
CCL19	CTRB2	3	0	-1.2875248430922046	-0.02451553299576125	-5.047142761011629
CCL19	FDCSP	1	0	-1.2902111668713063	-1.2902111668713063	-1.2902111668713063
CCL19	NEXN	1	0	-1.3008135498783877	-1.3008135498783877	-1.3008135498783877
CCL19	BHLHA15	1	0	-1.305629098858016	-1.305629098858016	-1.305629098858016
CCL19	KIAA1522	3	0	-1.3072548940130027	-0.36745544352698273	-19.533474236471434
CCL19	CA2	3	0	-1.3213066216771185	-0.6832708437643559	-5.838220681022003
CCL19	MME	1	0	-1.3273248616245503	-1.3273248616245503	-1.3273248616245503
CCL19	COL1A1	3	0	-1.334013150642535	-1.1124082850547086	-1.3408949641152665
CCL19	CXCL11	1	0	-1.344535120444854	-1.344535120444854	-1.344535120444854
CCL19	ERBB2	1	0	-1.348062846548568	-1.348062846548568	-1.348062846548568
CCL19	ADAM9	1	0	-1.3528052007990572	-1.3528052007990572	-1.3528052007990572
CCL19	EFHD2	1	0	-1.3640600258994975	-1.3640600258994975	-1.3640600258994975
CCL19	DYNLL2	1	0	-1.3655730386920732	-1.3655730386920732	-1.3655730386920732
CCL19	MALL	3	0	-1.3688710224181944	-0.9834914336528215	-9.88494441673519
CCL19	SLCO2B1	1	0	-1.3724957411004919	-1.3724957411004919	-1.3724957411004919
CCL19	CUZD1	1	0	-1.3791065728071696	-1.3791065728071696	-1.3791065728071696
CCL19	GPRC5B	1	0	-1.3837724720938638	-1.3837724720938638	-1.3837724720938638
CCL19	TMEM184A	1	0	-1.3982785847177246	-1.3982785847177246	-1.3982785847177246
CCL19	RNF207	1	0	-1.41278117335305	-1.41278117335305	-1.41278117335305
CCL19	SLIT2	1	0	-1.4460954457528539	-1.4460954457528539	-1.4460954457528539
CCL19	EFEMP1	2	0	-1.4557657838300202	-0.45590548826373467	-2.4556260793963056
CCL19	OASL	1	0	-1.4825457901871089	-1.4825457901871089	-1.4825457901871089
CCL19	ATP4B	1	0	-1.4911563598358017	-1.4911563598358017	-1.4911563598358017
CCL19	SDS	1	0	-1.5059710399668755	-1.5059710399668755	-1.5059710399668755
CCL19	TSPAN1	7	0	-1.5376184426053054	-0.8760269769616473	-16.494941078933955
CCL19	HSP90AA1	1	0	-1.5377571616128458	-1.5377571616128458	-1.5377571616128458
CCL19	BICDL2	1	0	-1.5415761842257891	-1.5415761842257891	-1.5415761842257891
CCL19	ANXA11	1	0	-1.5426825756659368	-1.5426825756659368	-1.5426825756659368
CCL19	TFPI2	1	0	-1.5517815111436988	-1.5517815111436988	-1.5517815111436988
CCL19	CAVIN1	2	0	-1.55206805867535	-1.067978956269434	-2.036157161081266
CCL19	OAS3	1	0	-1.5551902578934866	-1.5551902578934866	-1.5551902578934866
CCL19	PRXL2B	2	0	-1.558110339696479	-1.3011888839450403	-1.815031795447918
CCL19	ASS1	3	0	-1.575086397987203	-1.0629431467042596	-2.027779238586447
CCL19	ENO1	2	0	-1.6074674544318117	-0.31037970880724597	-2.9045552000563775
CCL19	ADH1C	1	0	-1.6080967682468181	-1.6080967682468181	-1.6080967682468181
CCL19	UNC5CL	1	0	-1.6103418453230434	-1.6103418453230434	-1.6103418453230434
CCL19	ACHE	2	0	-1.6249977473030208	-1.4954596113710972	-1.7545358832349442
CCL19	KIF12	1	0	-1.6325014839924952	-1.6325014839924952	-1.6325014839924952
CCL19	SDC4	5	0	-1.6337774808800734	-0.1843517751331827	-19.205487715253966
CCL19	ACTN1	1	0	-1.645074560955747	-1.645074560955747	-1.645074560955747
CCL19	SLC9A3	1	0	-1.6546595491829614	-1.6546595491829614	-1.6546595491829614
CCL19	GPX4	1	0	-1.6580912248935082	-1.6580912248935082	-1.6580912248935082
CCL19	AQP5	3	0	-1.658234163539985	-0.5173911419875139	-10.365432272371217
CCL19	SERPINI2	1	0	-1.6708473941390873	-1.6708473941390873	-1.6708473941390873
CCL19	GALNT3	1	0	-1.6710962867915529	-1.6710962867915529	-1.6710962867915529
CCL19	SPRR3	3	0	-1.671640442743243	-0.180210362588466	-4.007927073464392
CCL19	SLC19A2	1	0	-1.6768245847812067	-1.6768245847812067	-1.6768245847812067
CCL19	TRIM29	5	0	-1.6775059792595164	-0.6331375092012429	-19.089401200427034
CCL19	C12orf75	1	0	-1.6795584895955544	-1.6795584895955544	-1.6795584895955544
CCL19	MT1A	1	0	-1.6959630860107744	-1.6959630860107744	-1.6959630860107744
CCL19	RHPN1	1	0	-1.6961112294065919	-1.6961112294065919	-1.6961112294065919
CCL19	FCGR2B	2	0	-1.7061248734998191	-1.609630186392319	-1.802619560607319
CCL19	PLEKHG6	1	0	-1.7472272698769655	-1.7472272698769655	-1.7472272698769655
CCL19	APLN	1	0	-1.7827271140926801	-1.7827271140926801	-1.7827271140926801
CCL19	S100A16	3	0	-1.8001798698468165	-0.8746494302903761	-17.055272864554045
CCL19	PHACTR3	3	0	-1.80503292042688	-1.0045405208239007	-9.336811889876508
CCL19	LFNG	1	0	-1.8322647472246207	-1.8322647472246207	-1.8322647472246207
CCL19	ATP4A	1	0	-1.8516046627578593	-1.8516046627578593	-1.8516046627578593
CCL19	DEGS2	1	0	-1.853456115415651	-1.853456115415651	-1.853456115415651
CCL19	MDFI	1	0	-1.873251804615016	-1.873251804615016	-1.873251804615016
CCL19	RGS1	1	0	-1.891984398949154	-1.891984398949154	-1.891984398949154
CCL19	LYPD2	2	0	-1.914574900314563	-0.583940853254992	-3.2452089473741337
CCL19	CAST	1	0	-1.9163867934423577	-1.9163867934423577	-1.9163867934423577
CCL19	GDF15	1	0	-1.9258132426434333	-1.9258132426434333	-1.9258132426434333
CCL19	TMEM238	1	0	-1.929787811957151	-1.929787811957151	-1.929787811957151
CCL19	GKN1	1	0	-1.9466255217321538	-1.9466255217321538	-1.9466255217321538
CCL19	CEACAM5	5	0	-1.9540830970830225	-0.7392790250113277	-20.40299550476311
CCL19	NRARP	1	0	-1.9547301942108897	-1.9547301942108897	-1.9547301942108897
CCL19	PLAUR	6	0	-1.9576555457693638	-0.6687957813893999	-10.25772035117878
CCL19	FTH1	1	0	-1.9733416152811938	-1.9733416152811938	-1.9733416152811938
CCL19	MORN1	1	0	-1.9950296025671874	-1.9950296025671874	-1.9950296025671874
CCL19	IL24	1	0	-1.9950320965646486	-1.9950320965646486	-1.9950320965646486
CCL19	SFRP5	1	0	-1.99571909541543	-1.99571909541543	-1.99571909541543
CCL19	IL1B	1	0	-1.9970762179400996	-1.9970762179400996	-1.9970762179400996
CCL19	GJA1	3	0	-1.9974885671729512	-0.8994561344202329	-6.055558896821469
CCL19	NBEAL2	2	0	-2.0010809363388935	-0.916734034252774	-3.0854278384250127
CCL19	OSR1	1	0	-2.008075462950534	-2.008075462950534	-2.008075462950534
CCL19	CHMP1B	1	0	-2.017737937664886	-2.017737937664886	-2.017737937664886
CCL19	MBOAT1	1	0	-2.026811853011893	-2.026811853011893	-2.026811853011893
CCL19	SPINT2	7	0	-2.038986551442768	-0.180082602473278	-15.064891373285814
CCL19	PIM3	1	0	-2.0486423875269835	-2.0486423875269835	-2.0486423875269835
CCL19	PLOD2	1	0	-2.0551335956271237	-2.0551335956271237	-2.0551335956271237
CCL19	RCAN1	2	0	-2.0627254377075794	-1.0470090879466336	-3.0784417874685253
CCL19	PDE1C	1	0	-2.064139562789813	-2.064139562789813	-2.064139562789813
CCL19	MT1H	1	0	-2.0710389253058277	-2.0710389253058277	-2.0710389253058277
CCL19	BIRC3	1	0	-2.0813313327168084	-2.0813313327168084	-2.0813313327168084
CCL19	CDKN1A	2	0	-2.0861013598160056	-1.0602202647909083	-3.1119824548411033
CCL19	CTSH	1	0	-2.1080984584305638	-2.1080984584305638	-2.1080984584305638
CCL19	AKAP7	1	0	-2.1134871405480085	-2.1134871405480085	-2.1134871405480085
CCL19	INAVA	5	0	-2.118432123903145	-0.4712853537295187	-16.910723420353815
CCL19	SPHK1	1	0	-2.120164105848182	-2.120164105848182	-2.120164105848182
CCL19	ERBB3	3	0	-2.1245423873535008	-0.8635695436277233	-9.777821731775378
CCL19	ANLN	1	0	-2.1316499924464956	-2.1316499924464956	-2.1316499924464956
CCL19	LGALS1	3	0	-2.1341121669993397	-1.9091642572654541	-4.821408988425451
CCL19	LIPF	1	0	-2.140803435508669	-2.140803435508669	-2.140803435508669
CCL19	SCNN1A	4	0	-2.1502457449826107	-0.7988107353547225	-10.468383447264397
CCL19	ITGB8	3	0	-2.1583721443274526	-1.3039860101902676	-2.3649826609940736
CCL19	MYL12B	1	0	-2.160464811614328	-2.160464811614328	-2.160464811614328
CCL19	MXD1	2	0	-2.177451404212329	-1.291867982431153	-3.063034825993505
CCL19	HS3ST1	1	0	-2.1941051267273224	-2.1941051267273224	-2.1941051267273224
CCL19	B4GALNT3	1	0	-2.201930908331179	-2.201930908331179	-2.201930908331179
CCL19	TAF11L2	1	0	-2.210603141241777	-2.210603141241777	-2.210603141241777
CCL19	MYEOV	1	0	-2.225247811468109	-2.225247811468109	-2.225247811468109
CCL19	PDIA2	3	0	-2.2384749347460398	-0.692837406301394	-3.6105367092877008
CCL19	JUNB	2	0	-2.2434930145673517	-0.8676952516700304	-3.6192907774646734
CCL19	HSPA1B	4	0	-2.2660897717600856	-0.6469901222053318	-8.7951540421031
CCL19	MPZL2	1	0	-2.2898342685602806	-2.2898342685602806	-2.2898342685602806
CCL19	GADD45A	1	0	-2.3018698070639214	-2.3018698070639214	-2.3018698070639214
CCL19	KCNK1	10	0	-2.319696345382687	-0.47176824619576896	-7.945138922832091
CCL19	RAI14	1	0	-2.3255293921142437	-2.3255293921142437	-2.3255293921142437
CCL19	COL6A1	2	0	-2.3433504010136326	-2.1927370077885873	-2.493963794238678
CCL19	CYP2S1	1	0	-2.3479234659522743	-2.3479234659522743	-2.3479234659522743
CCL19	FST	1	0	-2.3558347000545306	-2.3558347000545306	-2.3558347000545306
CCL19	HSPA1A	5	0	-2.357369013685906	-0.14110368893398173	-4.496255323915595
CCL19	IL2RG	1	0	-2.3703843220732437	-2.3703843220732437	-2.3703843220732437
CCL19	CMTM3	3	0	-2.3740042810875805	-0.276985551131317	-3.8818271853146458
CCL19	CHIA	1	0	-2.3993044627422053	-2.3993044627422053	-2.3993044627422053
CCL19	ITGA3	5	0	-2.407748706069451	-0.33485452768398105	-16.544654380118303
CCL19	APOL1	1	0	-2.433493058509938	-2.433493058509938	-2.433493058509938
CCL19	C1QTNF3	4	0	-2.458890031026733	-0.24636131167275052	-15.269950012897256
CCL19	MMP12	4	0	-2.4631710628097494	-0.23526237339599668	-8.033399177100296
CCL19	XKR9	1	0	-2.467605310615127	-2.467605310615127	-2.467605310615127
CCL19	CTRL	1	0	-2.475127745514253	-2.475127745514253	-2.475127745514253
CCL19	CRCT1	1	0	-2.4925788137228575	-2.4925788137228575	-2.4925788137228575
CCL19	COL7A1	4	0	-2.4943283377286285	-0.6835265918845056	-11.919743276880888
CCL19	TRIM59	1	0	-2.513144413318247	-2.513144413318247	-2.513144413318247
CCL19	CREM	1	0	-2.5138299539373925	-2.5138299539373925	-2.5138299539373925
CCL19	PTGS2	2	0	-2.5198788344389835	-1.3464064127896016	-3.6933512560883655
CCL19	MLPH	7	0	-2.52288244473058	-0.22378211205737705	-11.835543857658264
CCL19	GPI	1	0	-2.5399413780909232	-2.5399413780909232	-2.5399413780909232
CCL19	LMNA	2	0	-2.5506195735882597	-1.6385905143024115	-3.4626486328741075
CCL19	ENAH	1	0	-2.5511455464177826	-2.5511455464177826	-2.5511455464177826
CCL19	CTSD	1	0	-2.561547982061367	-2.561547982061367	-2.561547982061367
CCL19	KCNQ1	1	0	-2.5646449873939905	-2.5646449873939905	-2.5646449873939905
CCL19	SDCBP2	1	0	-2.5648448878652608	-2.5648448878652608	-2.5648448878652608
CCL19	LONRF2	1	0	-2.5975482488203236	-2.5975482488203236	-2.5975482488203236
CCL19	MAL2	7	0	-2.6282149244129176	-0.16432182643047066	-21.064284779533512
CCL19	LAMA3	3	0	-2.639959212719674	-1.1526892029575353	-6.58601807915367
CCL19	TM4SF4	3	0	-2.649344536121342	-0.7098137672296011	-6.028349646138457
CCL19	FUT9	1	0	-2.6541913594742246	-2.6541913594742246	-2.6541913594742246
CCL19	TNNT1	1	0	-2.675137209456945	-2.675137209456945	-2.675137209456945
CCL19	INHBA	7	0	-2.676254030264481	-0.08807854748918419	-13.346158948474073
CCL19	NMUR2	1	0	-2.713607030115111	-2.713607030115111	-2.713607030115111
CCL19	PAK4	1	0	-2.726960842606727	-2.726960842606727	-2.726960842606727
CCL19	LY6E	2	0	-2.730178593048165	-2.613769603896081	-2.846587582200249
CCL19	IGHMBP2	1	0	-2.7857758364861103	-2.7857758364861103	-2.7857758364861103
CCL19	MOB4	1	0	-2.7910746491416223	-2.7910746491416223	-2.7910746491416223
CCL19	SGMS2	1	0	-2.8018697907522743	-2.8018697907522743	-2.8018697907522743
CCL19	CLDN7	3	0	-2.8074979992591294	-2.042274902281706	-13.900851240839811
CCL19	COL5A1	7	0	-2.8383770492561458	-0.10190914761780373	-10.375713277536308
CCL19	CCN4	1	0	-2.8385314561472255	-2.8385314561472255	-2.8385314561472255
CCL19	PPBP	2	0	-2.8676739418285617	-0.6120475124371034	-5.12330037122002
CCL19	EPHA2	6	0	-2.8815891414877335	-2.0718200557377378	-12.695541587124278
CCL19	S100A11	3	0	-2.887030825991735	-0.8549753021317019	-6.886925698444926
CCL19	SLC44A4	3	0	-2.8941004436672757	-0.12919811447587887	-10.361462930888184
CCL19	TPM1	3	0	-2.907146312774989	-2.5251168796239436	-5.249231500922974
CCL19	FN1	5	0	-2.9194726587109687	-1.9049536430571872	-5.606132645947473
CCL19	PTGER3	2	0	-2.937653935045576	-2.113815971992528	-3.761491898098624
CCL19	ADARB1	1	0	-2.9388812951086694	-2.9388812951086694	-2.9388812951086694
CCL19	IER2	1	0	-2.9418983236366207	-2.9418983236366207	-2.9418983236366207
CCL19	FCGR3A	1	0	-2.9434645895413216	-2.9434645895413216	-2.9434645895413216
CCL19	EPB41L4B	1	0	-2.948425326116759	-2.948425326116759	-2.948425326116759
CCL19	KLK1	1	0	-2.955526182689149	-2.955526182689149	-2.955526182689149
CCL19	DCBLD2	2	0	-2.9555454685844196	-0.5968662056708923	-5.314224731497947
CCL19	C1orf198	2	0	-2.9561954054089714	-2.567816391507792	-3.3445744193101503
CCL19	CTNNB1	1	0	-2.9606479750731074	-2.9606479750731074	-2.9606479750731074
CCL19	CXCL8	8	0	-2.9773376229966964	-1.7693163603294721	-15.29347070829477
CCL19	SEMA3C	2	0	-2.9846209402221717	-1.8974653529861143	-4.071776527458229
CCL19	SLC38A2	1	0	-2.9953622131492477	-2.9953622131492477	-2.9953622131492477
CCL19	MYH14	3	0	-3.0032387129715636	-0.2808357551108651	-13.711391261898374
CCL19	PLK3	1	0	-3.012140339719648	-3.012140339719648	-3.012140339719648
CCL19	MX1	2	0	-3.023762585856768	-0.8483763131309838	-5.199148858582553
CCL19	CRABP2	6	0	-3.0376212037048145	-1.1065089951384597	-8.472882111658922
CCL19	SCIN	1	0	-3.0638484562259096	-3.0638484562259096	-3.0638484562259096
CCL19	PRKAR2B	1	0	-3.0655903926386405	-3.0655903926386405	-3.0655903926386405
CCL19	FER1L6	2	0	-3.0721095087534067	-1.871478228062221	-4.272740789444592
CCL19	NPR3	3	0	-3.0791115812385437	-0.6380017862984624	-10.988766069130426
CCL19	CBLIF	1	0	-3.0811662354392872	-3.0811662354392872	-3.0811662354392872
CCL19	CYP19A1	1	0	-3.1172570046359307	-3.1172570046359307	-3.1172570046359307
CCL19	SLC2A1	7	0	-3.1350176419919076	-0.7596140467259224	-19.087668037944212
CCL19	ARMC9	1	0	-3.1615916498856196	-3.1615916498856196	-3.1615916498856196
CCL19	PNCK	1	0	-3.1660667391658217	-3.1660667391658217	-3.1660667391658217
CCL19	ITGB4	9	0	-3.179589916438552	-0.12741937977079446	-11.078772666808053
CCL19	CAPG	2	0	-3.1876002264015715	-0.21878167007191512	-6.156418782731228
CCL19	MATN3	3	0	-3.1923270874486636	-0.7823894766851284	-7.095761208688689
CCL19	MMP1	2	0	-3.216012639358901	-1.8572234172241886	-4.574801861493613
CCL19	UBE2C	1	0	-3.222484351230236	-3.222484351230236	-3.222484351230236
CCL19	CADM1	1	0	-3.248077775610579	-3.248077775610579	-3.248077775610579
CCL19	DDIT4	3	0	-3.2642104115670754	-1.6042740587469546	-9.864038855553847
CCL19	GABRE	1	0	-3.2713624872701557	-3.2713624872701557	-3.2713624872701557
CCL19	SKIL	1	0	-3.2783466610175243	-3.2783466610175243	-3.2783466610175243
CCL19	NR1I2	1	0	-3.2879693140540054	-3.2879693140540054	-3.2879693140540054
CCL19	RGCC	1	0	-3.2967531504546135	-3.2967531504546135	-3.2967531504546135
CCL19	NAP1L5	1	0	-3.319478273965829	-3.319478273965829	-3.319478273965829
CCL19	PDZK1	1	0	-3.3194792647163918	-3.3194792647163918	-3.3194792647163918
CCL19	PAEP	1	0	-3.327476136373472	-3.327476136373472	-3.327476136373472
CCL19	FAM222A	1	0	-3.334460448116293	-3.334460448116293	-3.334460448116293
CCL19	TNFRSF12A	2	0	-3.3506718870827275	-3.229561777650756	-3.4717819965146988
CCL19	RSAD2	2	0	-3.357578712029743	-2.637637674414679	-4.077519749644806
CCL19	ANKRD1	1	0	-3.3690504704238093	-3.3690504704238093	-3.3690504704238093
CCL19	C6orf132	1	0	-3.4047083796708693	-3.4047083796708693	-3.4047083796708693
CCL19	MX2	1	0	-3.407683127191076	-3.407683127191076	-3.407683127191076
CCL19	ENO2	1	0	-3.432170405312676	-3.432170405312676	-3.432170405312676
CCL19	GPRC5A	7	0	-3.4507631124507054	-0.660645298421037	-12.555695777093401
CCL19	CRIM1	1	0	-3.453228151638831	-3.453228151638831	-3.453228151638831
CCL19	CLDN4	7	0	-3.4555186273278578	-0.35991162141467603	-19.256456580290827
CCL19	CAPN8	2	0	-3.4685696743506105	-0.14863770649752928	-6.788501642203692
CCL19	CHPF	1	0	-3.508016830297536	-3.508016830297536	-3.508016830297536
CCL19	NUAK1	1	0	-3.509586305092321	-3.509586305092321	-3.509586305092321
CCL19	CALN1	1	0	-3.5291647265176276	-3.5291647265176276	-3.5291647265176276
CCL19	CTSB	2	0	-3.5300411320385474	-2.580554637294692	-4.479527626782403
CCL19	CLMP	1	0	-3.5330175752053434	-3.5330175752053434	-3.5330175752053434
CCL19	SLC23A2	1	0	-3.5528835635279497	-3.5528835635279497	-3.5528835635279497
CCL19	MCOLN3	1	0	-3.5866196555719068	-3.5866196555719068	-3.5866196555719068
CCL19	PDLIM7	4	0	-3.6076838673602305	-2.0947333436911673	-5.953018994041419
CCL19	PGA5	1	0	-3.6238898304791483	-3.6238898304791483	-3.6238898304791483
CCL19	ZBTB21	1	0	-3.6542591283705423	-3.6542591283705423	-3.6542591283705423
CCL19	ATP10A	1	0	-3.6913228194086094	-3.6913228194086094	-3.6913228194086094
CCL19	PPP1R15A	2	0	-3.7343839683491016	-3.568474523550239	-3.900293413147964
CCL19	CD9	1	0	-3.7416015754197884	-3.7416015754197884	-3.7416015754197884
CCL19	ADAMTS12	1	0	-3.7534102054876515	-3.7534102054876515	-3.7534102054876515
CCL19	SGK1	3	0	-3.759989695647964	-0.0577503872483071	-8.308371182479933
CCL19	CALU	1	0	-3.7641308800306787	-3.7641308800306787	-3.7641308800306787
CCL19	ZNF275	1	0	-3.766663180382637	-3.766663180382637	-3.766663180382637
CCL19	HK2	2	0	-3.7732796505480595	-2.509859051236268	-5.036700249859851
CCL19	IFI27	3	0	-3.773789000952046	-0.078561076737953	-17.113106179958304
CCL19	CTNNAL1	1	0	-3.839610027875155	-3.839610027875155	-3.839610027875155
CCL19	FMOD	1	0	-3.85079022331919	-3.85079022331919	-3.85079022331919
CCL19	ITPRID2	2	0	-3.864567938128307	-1.0442911647207145	-6.6848447115358995
CCL19	CITED2	2	0	-3.874264404589938	-3.693673111195527	-4.054855697984349
CCL19	HILPDA	1	0	-3.9121556562918562	-3.9121556562918562	-3.9121556562918562
CCL19	CPXM1	1	0	-3.937317963166019	-3.937317963166019	-3.937317963166019
CCL19	MFSD11	1	0	-3.9448963254895237	-3.9448963254895237	-3.9448963254895237
CCL19	SLPI	10	0	-3.9562699794951515	-0.20933431741109673	-16.698115955223816
CCL19	SLC6A14	2	0	-3.9715495008155095	-0.996702878822576	-6.9463961228084425
CCL19	CFH	1	0	-3.9722477647463483	-3.9722477647463483	-3.9722477647463483
CCL19	CPEB4	1	0	-3.9850307087527828	-3.9850307087527828	-3.9850307087527828
CCL19	ZFP36L1	1	0	-4.003898231911363	-4.003898231911363	-4.003898231911363
CCL19	PRSS22	4	0	-4.061362298006534	-1.3542207814080918	-9.586939170313837
CCL19	ANKRD36C	1	0	-4.119471872029114	-4.119471872029114	-4.119471872029114
CCL19	S100A10	3	0	-4.1245938901987245	-2.255564291123621	-5.791488140532054
CCL19	BPIFB1	2	0	-4.137585145447045	-0.20327880882942248	-8.071891482064668
CCL19	UGT1A6	3	0	-4.155757449897723	-2.4046825111899097	-14.801546913644808
CCL19	VSTM2L	2	0	-4.170461532720445	-0.6524522332967903	-7.688470832144099
CCL19	GRIA3	1	0	-4.182333094144722	-4.182333094144722	-4.182333094144722
CCL19	ABCB1	1	0	-4.193523622881582	-4.193523622881582	-4.193523622881582
CCL19	KLHDC8B	1	0	-4.203043590155502	-4.203043590155502	-4.203043590155502
CCL19	KCNJ5	1	0	-4.204092107413033	-4.204092107413033	-4.204092107413033
CCL19	SERPINA5	2	0	-4.204250420896019	-1.5142733717909214	-6.894227470001118
CCL19	MMP14	5	0	-4.20900101193831	-0.23607955598093414	-11.936170808389585
CCL19	MIF	2	0	-4.276795508350545	-1.257613279605488	-7.295977737095601
CCL19	RBBP7	1	0	-4.287172173733038	-4.287172173733038	-4.287172173733038
CCL19	ERN2	2	0	-4.33603872215125	-0.3759523916555166	-8.296125052646984
CCL19	FGF9	1	0	-4.337058370980115	-4.337058370980115	-4.337058370980115
CCL19	NDRG1	1	0	-4.352910780477464	-4.352910780477464	-4.352910780477464
CCL19	TCEAL4	1	0	-4.3667256212284915	-4.3667256212284915	-4.3667256212284915
CCL19	DNAJC12	1	0	-4.3709336915101815	-4.3709336915101815	-4.3709336915101815
CCL19	INF2	2	0	-4.379486336984598	-1.121498884521128	-7.6374737894480695
CCL19	BNIP5	1	0	-4.407481600110756	-4.407481600110756	-4.407481600110756
CCL19	TP53INP2	1	0	-4.416045444302415	-4.416045444302415	-4.416045444302415
CCL19	ZFP36	1	0	-4.442265609772824	-4.442265609772824	-4.442265609772824
CCL19	HMGA1	6	0	-4.445158452374928	-0.5379774475611799	-7.852544205595343
CCL19	KRT4	1	0	-4.448272997135609	-4.448272997135609	-4.448272997135609
CCL19	EMP3	1	0	-4.4745874928466	-4.4745874928466	-4.4745874928466
CCL19	JAZF1	1	0	-4.488107732556771	-4.488107732556771	-4.488107732556771
CCL19	KIAA1217	1	0	-4.489735254963609	-4.489735254963609	-4.489735254963609
CCL19	HSPH1	1	0	-4.545763777870845	-4.545763777870845	-4.545763777870845
CCL19	BAIAP2L2	2	0	-4.577287280381896	-0.2602033686592345	-8.894371192104556
CCL19	ANXA2	5	0	-4.595896960986653	-1.0764169386886495	-11.266247756507939
CCL19	MUCL3	2	0	-4.602073824284499	-0.6813796930837287	-8.52276795548527
CCL19	AREG	2	0	-4.602713076099075	-1.7446258678141044	-7.460800284384046
CCL19	TFCP2L1	2	0	-4.607039430801684	-0.497543569606529	-8.71653529199684
CCL19	SOAT1	1	0	-4.6238904260643405	-4.6238904260643405	-4.6238904260643405
CCL19	ERO1A	2	0	-4.62925539438322	-3.132186553424085	-6.126324235342355
CCL19	PLA2G10	1	0	-4.712644042457075	-4.712644042457075	-4.712644042457075
CCL19	NBL1	4	0	-4.727747837006767	-1.100268381975555	-8.871336183623015
CCL19	GSTA4	1	0	-4.759744021055151	-4.759744021055151	-4.759744021055151
CCL19	NPNT	1	0	-4.768022033889318	-4.768022033889318	-4.768022033889318
CCL19	CPA6	1	0	-4.780218241259805	-4.780218241259805	-4.780218241259805
CCL19	NFKBIZ	1	0	-4.845830548555922	-4.845830548555922	-4.845830548555922
CCL19	ACSS2	1	0	-4.889420105037339	-4.889420105037339	-4.889420105037339
CCL19	ANXA3	4	0	-4.893605695335793	-1.6950062090606048	-12.796265321739877
CCL19	ITGB6	6	0	-4.958765663338535	-0.5700894932667486	-13.761053121835305
CCL19	SLC3A1	1	0	-5.003947938468855	-5.003947938468855	-5.003947938468855
CCL19	ACAT2	1	0	-5.004055290930753	-5.004055290930753	-5.004055290930753
CCL19	AMDHD1	1	0	-5.005850643747116	-5.005850643747116	-5.005850643747116
CCL19	FGF12	1	0	-5.008425334700868	-5.008425334700868	-5.008425334700868
CCL19	ERRFI1	4	0	-5.043635805622598	-1.8330080287885593	-14.117421540451954
CCL19	C2orf66	1	0	-5.044572706332765	-5.044572706332765	-5.044572706332765
CCL19	KLK10	4	0	-5.0694809449507465	-1.019682404574793	-10.923457825718069
CCL19	MUC20	2	0	-5.0752268754327865	-1.0074219346768336	-9.143031816188739
CCL19	NGEF	1	0	-5.082615743747951	-5.082615743747951	-5.082615743747951
CCL19	HNF4A	1	0	-5.082839822146893	-5.082839822146893	-5.082839822146893
CCL19	PIK3C2G	2	0	-5.106874550697903	-3.780099021538776	-6.43365007985703
CCL19	GALNT4	1	0	-5.1258179554354495	-5.1258179554354495	-5.1258179554354495
CCL19	TMPRSS4	6	0	-5.149494242414009	-1.4870604030382917	-14.498291850660065
CCL19	HABP2	1	0	-5.15258258229991	-5.15258258229991	-5.15258258229991
CCL19	TCEA3	1	0	-5.167534894901558	-5.167534894901558	-5.167534894901558
CCL19	ABTB2	1	0	-5.169541099623855	-5.169541099623855	-5.169541099623855
CCL19	HSD11B2	2	0	-5.173143515090246	-1.270214536882154	-9.076072493298337
CCL19	PGAP1	1	0	-5.196076848633687	-5.196076848633687	-5.196076848633687
CCL19	FUT2	2	0	-5.206091218648953	-2.0490074511168874	-8.363174986181019
CCL19	CAMK2N2	1	0	-5.214900688822988	-5.214900688822988	-5.214900688822988
CCL19	PERP	2	0	-5.217817829994205	-0.8036540413399313	-9.631981618648478
CCL19	MT1F	1	0	-5.264316073541101	-5.264316073541101	-5.264316073541101
CCL19	DSP	1	0	-5.276832225210433	-5.276832225210433	-5.276832225210433
CCL19	ABLIM3	2	0	-5.293488251106867	-2.146764893315404	-8.440211608898329
CCL19	TM4SF1	4	0	-5.314674232094868	-0.11416536814154304	-15.573809479315901
CCL19	WDR72	1	0	-5.319496796534055	-5.319496796534055	-5.319496796534055
CCL19	PDLIM5	2	0	-5.325411368200405	-4.128335171558406	-6.522487564842405
CCL19	NET1	4	0	-5.34674682164884	-0.5748572040334406	-11.211445112943332
CCL19	SEMA6A	1	0	-5.362992450197166	-5.362992450197166	-5.362992450197166
CCL19	MRAP	1	0	-5.379244459933711	-5.379244459933711	-5.379244459933711
CCL19	AMN	2	0	-5.383988087024186	-2.498885397915444	-8.269090776132927
CCL19	KLF6	2	0	-5.388928831860546	-4.867606479519322	-5.910251184201769
CCL19	IER3	4	0	-5.391066597834359	-0.627644641810495	-12.031146366926901
CCL19	TRIM54	1	0	-5.414477324482561	-5.414477324482561	-5.414477324482561
CCL19	WT1	1	0	-5.428460690645619	-5.428460690645619	-5.428460690645619
CCL19	FDXR	1	0	-5.4286992361238315	-5.4286992361238315	-5.4286992361238315
CCL19	ITGA2	2	0	-5.466253998237308	-1.9360157335810648	-8.99649226289355
CCL19	CCDC198	1	0	-5.515378040947851	-5.515378040947851	-5.515378040947851
CCL19	ALAS1	1	0	-5.521082905731012	-5.521082905731012	-5.521082905731012
CCL19	DKK1	2	0	-5.563418930948821	-2.547970887391687	-8.578866974505955
CCL19	FAM3D	2	0	-5.586312859645769	-1.0957266600416546	-10.076899059249884
CCL19	ALDH1A3	1	0	-5.590627509092986	-5.590627509092986	-5.590627509092986
CCL19	RAP1GAP	1	0	-5.644937281272621	-5.644937281272621	-5.644937281272621
CCL19	BNIP3L	2	0	-5.675375020773994	-4.047012243875856	-7.303737797672132
CCL19	KLF5	6	0	-5.678321897049766	-0.02506115995034543	-13.5188700990882
CCL19	ZNF503	1	0	-5.683848484981658	-5.683848484981658	-5.683848484981658
CCL19	PPL	2	0	-5.712824097877718	-1.0306282849043975	-10.395019910851039
CCL19	C4orf19	1	0	-5.724097218011836	-5.724097218011836	-5.724097218011836
CCL19	SLC1A2	1	0	-5.734930083490168	-5.734930083490168	-5.734930083490168
CCL19	ALDH3A2	1	0	-5.769384943342017	-5.769384943342017	-5.769384943342017
CCL19	SCARB1	1	0	-5.780997323224743	-5.780997323224743	-5.780997323224743
CCL19	NSDHL	1	0	-5.789898982571215	-5.789898982571215	-5.789898982571215
CCL19	TNFRSF6B	2	0	-5.826347545615103	-0.6756455974157336	-10.977049493814471
CCL19	SDC1	5	0	-5.831784865308549	-0.6338730477279483	-16.857393859974778
CCL19	FA2H	1	0	-5.85730656020116	-5.85730656020116	-5.85730656020116
CCL19	SLC44A1	1	0	-5.875716183927537	-5.875716183927537	-5.875716183927537
CCL19	MICAL2	1	0	-5.879460316736639	-5.879460316736639	-5.879460316736639
CCL19	QPCT	1	0	-5.935999690463239	-5.935999690463239	-5.935999690463239
CCL19	MC2R	1	0	-5.962844198243797	-5.962844198243797	-5.962844198243797
CCL19	ITGB5	2	0	-6.002145014858839	-5.592020300235144	-6.412269729482534
CCL19	LMO7	3	0	-6.030103437906121	-0.290160171238937	-13.29533221553253
CCL19	FAM110C	1	0	-6.079789421413119	-6.079789421413119	-6.079789421413119
CCL19	STARD4	1	0	-6.119839014180604	-6.119839014180604	-6.119839014180604
CCL19	SCEL	3	0	-6.12073161577203	-0.8537100912466702	-7.471332360073877
CCL19	CAV1	2	0	-6.1514489620376605	-3.6945871370267565	-8.608310787048564
CCL19	AGR2	3	0	-6.1558326689922325	-1.7557202538263506	-9.304801826094621
CCL19	FAM166B	1	0	-6.165747715450629	-6.165747715450629	-6.165747715450629
CCL19	KRT15	3	0	-6.184235361426446	-0.801436694757952	-10.552810900738507
CCL19	WHRN	1	0	-6.196871579202438	-6.196871579202438	-6.196871579202438
CCL19	CYB5B	1	0	-6.206779129274302	-6.206779129274302	-6.206779129274302
CCL19	SLC47A1	1	0	-6.249015103915084	-6.249015103915084	-6.249015103915084
CCL19	KCNE3	1	0	-6.270395725933	-6.270395725933	-6.270395725933
CCL19	CTH	1	0	-6.294956557116333	-6.294956557116333	-6.294956557116333
CCL19	TPD52L1	1	0	-6.297582121666204	-6.297582121666204	-6.297582121666204
CCL19	ANTXR2	1	0	-6.302332203465468	-6.302332203465468	-6.302332203465468
CCL19	HMGCR	1	0	-6.311581361115343	-6.311581361115343	-6.311581361115343
CCL19	CASP9	1	0	-6.312752646130507	-6.312752646130507	-6.312752646130507
CCL19	SEMA3B	2	0	-6.33060809525558	-2.668381377906012	-9.992834812605148
CCL19	SCUBE3	2	0	-6.3501207247626645	-1.1218459931839921	-11.578395456341337
CCL19	CEACAM1	1	0	-6.36558190975714	-6.36558190975714	-6.36558190975714
CCL19	LY6D	4	0	-6.375664767896364	-0.5809476135119309	-9.79539011593396
CCL19	CYP11B1	1	0	-6.430384963896935	-6.430384963896935	-6.430384963896935
CCL19	VAT1L	1	0	-6.433370053958671	-6.433370053958671	-6.433370053958671
CCL19	EPS8L3	1	0	-6.4441706268890355	-6.4441706268890355	-6.4441706268890355
CCL19	TM7SF2	1	0	-6.4694677208456355	-6.4694677208456355	-6.4694677208456355
CCL19	CLIC3	2	0	-6.500725744938732	-1.6554823065975248	-11.345969183279939
CCL19	BIRC7	1	0	-6.505683402214078	-6.505683402214078	-6.505683402214078
CCL19	KRT8	7	0	-6.5086885193024635	-0.46844522658436744	-19.60103730209723
CCL19	NKAIN1	1	0	-6.523958805346575	-6.523958805346575	-6.523958805346575
CCL19	PEG3	1	0	-6.551312751487965	-6.551312751487965	-6.551312751487965
CCL19	ASB4	1	0	-6.554450364675822	-6.554450364675822	-6.554450364675822
CCL19	ALKAL2	1	0	-6.558330524243733	-6.558330524243733	-6.558330524243733
CCL19	CAPN12	1	0	-6.586198427904885	-6.586198427904885	-6.586198427904885
CCL19	C15orf48	6	0	-6.630015141403164	-0.7766868563838902	-13.551899113109439
CCL19	AHNAK2	3	0	-6.647532102785967	-6.256261040676998	-11.990399202913908
CCL19	LGALS3	2	0	-6.656562665488197	-3.118179564892764	-10.194945766083631
CCL19	CKLF	1	0	-6.713855672143703	-6.713855672143703	-6.713855672143703
CCL19	SLC16A9	1	0	-6.714514737572656	-6.714514737572656	-6.714514737572656
CCL19	PPDPF	1	0	-6.724786083470519	-6.724786083470519	-6.724786083470519
CCL19	EPPK1	2	0	-6.730469949217954	-2.8952927714981342	-10.565647126937774
CCL19	DNAJB1	2	0	-6.745457584391193	-4.701240000420844	-8.789675168361542
CCL19	SPRY4	1	0	-6.758324936219541	-6.758324936219541	-6.758324936219541
CCL19	KLK8	2	0	-6.760756796219826	-0.9043368930924796	-12.617176699347173
CCL19	RUNX1	1	0	-6.793643416943914	-6.793643416943914	-6.793643416943914
CCL19	LIF	2	0	-6.798293978037032	-0.8677605184066245	-12.728827437667439
CCL19	FN3K	1	0	-6.807471537289376	-6.807471537289376	-6.807471537289376
CCL19	NT5E	1	0	-6.811147152625569	-6.811147152625569	-6.811147152625569
CCL19	FSTL3	1	0	-6.824564700739299	-6.824564700739299	-6.824564700739299
CCL19	MGARP	1	0	-6.825006202329605	-6.825006202329605	-6.825006202329605
CCL19	RNF128	1	0	-6.833681538250468	-6.833681538250468	-6.833681538250468
CCL19	ARL4D	1	0	-6.8965340606546865	-6.8965340606546865	-6.8965340606546865
CCL19	CYP21A2	1	0	-6.89964903611285	-6.89964903611285	-6.89964903611285
CCL19	EPHB6	1	0	-6.906952948688908	-6.906952948688908	-6.906952948688908
CCL19	AADAC	1	0	-6.909755111398631	-6.909755111398631	-6.909755111398631
CCL19	MUC1	8	0	-6.954838713973457	-0.9683479078551019	-21.080899701014314
CCL19	DEFB1	2	0	-6.975987841220718	-1.5710431409402708	-12.380932541501165
CCL19	POLD4	1	0	-7.0114209987405145	-7.0114209987405145	-7.0114209987405145
CCL19	KLK11	3	0	-7.013354120291941	-0.8802624283926108	-11.700169362181926
CCL19	ARL14	2	0	-7.033707811265021	-6.4640051186249075	-7.603410503905135
CCL19	PFKP	2	0	-7.104636440772193	-2.34554381974054	-11.863729061803847
CCL19	FADS2	1	0	-7.106320899194434	-7.106320899194434	-7.106320899194434
CCL19	KRT6B	1	0	-7.133332553808091	-7.133332553808091	-7.133332553808091
CCL19	CCL20	2	0	-7.139383634142335	-0.47630561266903626	-13.802461655615634
CCL19	NPC1	1	0	-7.1481688243199475	-7.1481688243199475	-7.1481688243199475
CCL19	TMEM97	1	0	-7.1498774951849935	-7.1498774951849935	-7.1498774951849935
CCL19	TBX3	1	0	-7.171554626368387	-7.171554626368387	-7.171554626368387
CCL19	CYP17A1	1	0	-7.251086381927074	-7.251086381927074	-7.251086381927074
CCL19	CYP11A1	1	0	-7.258600324828424	-7.258600324828424	-7.258600324828424
CCL19	HIF3A	1	0	-7.29842283841111	-7.29842283841111	-7.29842283841111
CCL19	SLC35D3	1	0	-7.303493346977921	-7.303493346977921	-7.303493346977921
CCL19	RAB27B	1	0	-7.327262137762176	-7.327262137762176	-7.327262137762176
CCL19	BMP4	1	0	-7.372904773608164	-7.372904773608164	-7.372904773608164
CCL19	NR5A1	1	0	-7.376101704707509	-7.376101704707509	-7.376101704707509
CCL19	AS3MT	1	0	-7.383074597552875	-7.383074597552875	-7.383074597552875
CCL19	LSS	1	0	-7.383625950072102	-7.383625950072102	-7.383625950072102
CCL19	MVD	1	0	-7.409578496704527	-7.409578496704527	-7.409578496704527
CCL19	HMGA2	4	0	-7.4503567170931975	-1.1328197809454466	-13.39896406141819
CCL19	IYD	1	0	-7.459676161885258	-7.459676161885258	-7.459676161885258
CCL19	L1CAM	1	0	-7.460517848316493	-7.460517848316493	-7.460517848316493
CCL19	MAPK4	1	0	-7.470721924884074	-7.470721924884074	-7.470721924884074
CCL19	SERPINB2	2	0	-7.491998147867883	-3.00723564850605	-11.976760647229716
CCL19	FDX1	1	0	-7.492604882091756	-7.492604882091756	-7.492604882091756
CCL19	FNDC4	1	0	-7.51126906102083	-7.51126906102083	-7.51126906102083
CCL19	CYP11B2	1	0	-7.534053820940616	-7.534053820940616	-7.534053820940616
CCL19	IGFBP6	1	0	-7.5492563561606385	-7.5492563561606385	-7.5492563561606385
CCL19	SORBS2	1	0	-7.575188894434941	-7.575188894434941	-7.575188894434941
CCL19	CYP51A1	1	0	-7.594839103677585	-7.594839103677585	-7.594839103677585
CCL19	SCGB3A1	1	0	-7.595712722842053	-7.595712722842053	-7.595712722842053
CCL19	MSMO1	1	0	-7.658997750552048	-7.658997750552048	-7.658997750552048
CCL19	SPRY2	1	0	-7.692148637790182	-7.692148637790182	-7.692148637790182
CCL19	RNASEK	1	0	-7.710107115710651	-7.710107115710651	-7.710107115710651
CCL19	S100A2	4	0	-7.748462298314038	-3.581047364763551	-16.198792180353536
CCL19	PET100	1	0	-7.782187374268578	-7.782187374268578	-7.782187374268578
CCL19	MOGAT1	1	0	-7.787005891544027	-7.787005891544027	-7.787005891544027
CCL19	CSTB	4	0	-7.8119954855084375	-1.652152631403986	-16.17641359521878
CCL19	RAB2A	1	0	-7.836094315563618	-7.836094315563618	-7.836094315563618
CCL19	FADS1	1	0	-7.9063845203736385	-7.9063845203736385	-7.9063845203736385
CCL19	INSIG1	1	0	-7.911771856064488	-7.911771856064488	-7.911771856064488
CCL19	CAV2	1	0	-7.971431644337035	-7.971431644337035	-7.971431644337035
CCL19	PTPRF	2	0	-7.990735926415125	-2.9955093964972823	-12.985962456332967
CCL19	LDLR	1	0	-8.128650729319503	-8.128650729319503	-8.128650729319503
CCL19	UGT2A3	1	0	-8.130849534112691	-8.130849534112691	-8.130849534112691
CCL19	MET	1	0	-8.162443743220148	-8.162443743220148	-8.162443743220148
CCL19	C4BPB	1	0	-8.16341591370436	-8.16341591370436	-8.16341591370436
CCL19	HOXA5	1	0	-8.177700963402819	-8.177700963402819	-8.177700963402819
CCL19	CDA	1	0	-8.178469446927908	-8.178469446927908	-8.178469446927908
CCL19	GOT1	1	0	-8.195904220241145	-8.195904220241145	-8.195904220241145
CCL19	OAS1	1	0	-8.202820363727543	-8.202820363727543	-8.202820363727543
CCL19	IFITM10	2	0	-8.205587362444533	-7.715625445648159	-8.695549279240906
CCL19	FAM83A	3	0	-8.215119449535019	-0.8130039622193563	-9.78686202957865
CCL19	ITGA6	1	0	-8.229405410482304	-8.229405410482304	-8.229405410482304
CCL19	PCDH7	2	0	-8.35334964805663	-3.2086193531477556	-13.498079942965504
CCL19	EREG	2	0	-8.360818463594748	-8.154225900310028	-8.56741102687947
CCL19	CDH2	1	0	-8.363955811418837	-8.363955811418837	-8.363955811418837
CCL19	PRSS8	2	0	-8.450297372727093	-2.692612162127578	-14.207982583326608
CCL19	SEMA3D	1	0	-8.461070818756443	-8.461070818756443	-8.461070818756443
CCL19	INSR	1	0	-8.54644502653252	-8.54644502653252	-8.54644502653252
CCL19	IDI1	1	0	-8.566918577949252	-8.566918577949252	-8.566918577949252
CCL19	CLCF1	1	0	-8.617452384226706	-8.617452384226706	-8.617452384226706
CCL19	MBOAT2	1	0	-8.64006720395376	-8.64006720395376	-8.64006720395376
CCL19	SNAI2	1	0	-8.673122323695921	-8.673122323695921	-8.673122323695921
CCL19	GRAMD1B	1	0	-8.68237399413981	-8.68237399413981	-8.68237399413981
CCL19	KRT16	4	0	-8.726500355756514	-0.3952164042287985	-16.233029110910678
CCL19	SEMA4B	4	0	-8.733237178380902	-2.4698042026107414	-13.211515382541798
CCL19	POLB	1	0	-8.735941505209453	-8.735941505209453	-8.735941505209453
CCL19	ADAMTS16	2	0	-8.93502176463976	-3.768788943659425	-14.101254585620097
CCL19	KRT81	1	0	-8.93656624463983	-8.93656624463983	-8.93656624463983
CCL19	SCGB1A1	1	0	-9.007863964608022	-9.007863964608022	-9.007863964608022
CCL19	PROM2	3	0	-9.015794865627456	-1.289832899477728	-13.50602531246615
CCL19	FOSL1	1	0	-9.045527570747492	-9.045527570747492	-9.045527570747492
CCL19	CHKA	1	0	-9.071419854351957	-9.071419854351957	-9.071419854351957
CCL19	FLNB	1	0	-9.209209445778857	-9.209209445778857	-9.209209445778857
CCL19	KIF26B	1	0	-9.431692009691206	-9.431692009691206	-9.431692009691206
CCL19	EZR	1	0	-9.499751684833438	-9.499751684833438	-9.499751684833438
CCL19	PLCD3	1	0	-9.540943601854035	-9.540943601854035	-9.540943601854035
CCL19	F3	1	0	-9.543908987170518	-9.543908987170518	-9.543908987170518
CCL19	ALDH3B1	1	0	-9.682001382815875	-9.682001382815875	-9.682001382815875
CCL19	LAMB3	5	0	-9.79036332038557	-1.3600012333874032	-19.934895001626973
CCL19	SLC7A11	2	0	-9.887103941401463	-0.38512572697261643	-19.38908215583031
CCL19	EBP	1	0	-9.917048750779983	-9.917048750779983	-9.917048750779983
CCL19	PHLDA1	1	0	-10.036399541481938	-10.036399541481938	-10.036399541481938
CCL19	DNTTIP1	1	0	-10.095120907313737	-10.095120907313737	-10.095120907313737
CCL19	DLG5	1	0	-10.217017229066267	-10.217017229066267	-10.217017229066267
CCL19	TNS4	4	0	-10.233663078712642	-0.7581039043298017	-11.9392774291603
CCL19	PMEPA1	2	0	-10.27678356564079	-3.1905847120979103	-17.36298241918367
CCL19	ST14	1	0	-10.40573551565446	-10.40573551565446	-10.40573551565446
CCL19	UNC93B1	1	0	-10.409251148383706	-10.409251148383706	-10.409251148383706
CCL19	FERMT1	1	0	-10.462143796159438	-10.462143796159438	-10.462143796159438
CCL19	EPB41L1	1	0	-10.471870190618684	-10.471870190618684	-10.471870190618684
CCL19	EPS8L2	1	0	-10.512769914606885	-10.512769914606885	-10.512769914606885
CCL19	ASPH	1	0	-10.5234428257406	-10.5234428257406	-10.5234428257406
CCL19	AKR1C3	2	0	-10.527096503723754	-4.705257775626903	-16.348935231820604
CCL19	KRT80	1	0	-10.553571971187095	-10.553571971187095	-10.553571971187095
CCL19	KRT23	3	0	-10.641022460847683	-0.8741762607900342	-15.928258714903203
CCL19	P2RY2	1	0	-10.690453925754479	-10.690453925754479	-10.690453925754479
CCL19	PI3	1	0	-10.732439431882199	-10.732439431882199	-10.732439431882199
CCL19	ZC3H12A	1	0	-10.824890744454702	-10.824890744454702	-10.824890744454702
CCL19	KYNU	1	0	-10.886072092631604	-10.886072092631604	-10.886072092631604
CCL19	DHCR7	1	0	-10.974351452395151	-10.974351452395151	-10.974351452395151
CCL19	NECTIN4	1	0	-11.048807954140672	-11.048807954140672	-11.048807954140672
CCL19	ANKRD37	1	0	-11.05813896519833	-11.05813896519833	-11.05813896519833
CCL19	AGRN	2	0	-11.264390733275926	-2.934709437241131	-19.59407202931072
CCL19	BAIAP2L1	1	0	-11.443386941594962	-11.443386941594962	-11.443386941594962
CCL19	GPC1	2	0	-11.485163548527526	-5.617941149530623	-17.35238594752443
CCL19	MGST1	1	0	-11.583142157374013	-11.583142157374013	-11.583142157374013
CCL19	EHF	1	0	-11.784451861558503	-11.784451861558503	-11.784451861558503
CCL19	H1F0	1	0	-11.867181938628232	-11.867181938628232	-11.867181938628232
CCL19	IGFL3	1	0	-11.957170347925349	-11.957170347925349	-11.957170347925349
CCL19	UCHL1	1	0	-12.205449038745847	-12.205449038745847	-12.205449038745847
CCL19	EPHX1	1	0	-12.295014669801935	-12.295014669801935	-12.295014669801935
CCL19	SCD	2	0	-12.383950280431408	-6.044852803021406	-18.72304775784141
CCL19	SERINC2	3	0	-12.521511544665273	-3.2924131045522387	-15.709894188581268
CCL19	SERPINB5	2	0	-12.7487148481808	-12.120208085468686	-13.377221610892912
CCL19	DHCR24	1	0	-13.593444984119992	-13.593444984119992	-13.593444984119992
CCL19	FDPS	1	0	-13.64403915759033	-13.64403915759033	-13.64403915759033
CCL19	CCL28	1	0	-13.703825540944761	-13.703825540944761	-13.703825540944761
CCL19	CLDN3	1	0	-13.763109074932537	-13.763109074932537	-13.763109074932537
CCL19	CHMP2A	1	0	-13.79944642451221	-13.79944642451221	-13.79944642451221
CCL19	CDCP1	1	0	-14.116892334862502	-14.116892334862502	-14.116892334862502
CCL19	TXN	1	0	-14.984232307168051	-14.984232307168051	-14.984232307168051
CCL19	TKT	1	0	-16.32596135092427	-16.32596135092427	-16.32596135092427
CCL19	AKR1B10	1	0	-16.34178402043758	-16.34178402043758	-16.34178402043758
CCL19	PGD	1	0	-16.34681571047817	-16.34681571047817	-16.34681571047817
CCL19	G6PD	1	0	-16.407290199158012	-16.407290199158012	-16.407290199158012
CCL19	AKR1C1	1	0	-16.98838321345719	-16.98838321345719	-16.98838321345719
CCL21	KCNN3	10	10	2.356589214322385	6.786710369356455	0.1753050212648445
CCL21	KCNAB1	10	10	1.1586350670779737	3.9640200916657404	0.26869721277563197
CCL21	CLU	10	9	3.2183636072008364	13.374844685933367	-1.0330700302522005
CCL21	IGLC1	10	9	1.9307983353715348	13.259214536680572	-2.460193214200305
CCL21	KCNMB1	10	9	1.4213836720599566	8.311456135455657	-2.953116565776604
CCL21	KCNA5	9	9	1.2537794563069191	7.115764743281858	0.5419573372924628
CCL21	KCNMA1	10	9	0.9651433166500277	3.232434351211296	-0.25280247294171315
CCL21	KCNJ8	10	9	0.9546379486613721	7.6952147424223725	-1.0010271490263807
CCL21	KCNMB4	10	9	0.8537350816453881	2.601388133250281	-0.8018568282763994
CCL21	KCND3	10	9	0.8423555162950219	6.271266807887857	-3.6992115052836123
CCL21	KCNT2	10	9	0.6140828509619518	2.452146979190997	-0.12536545071620192
CCL21	C7	10	8	5.046923186392607	21.314441312198248	-1.226313774412934
CCL21	CCL19	10	8	4.526465925049838	29.829426163878846	-1.5864068571617238
CCL21	MFAP4	10	8	4.346514201327138	12.623183040149074	-2.7688336836250316
CCL21	KCNK3	10	8	2.7371417207101754	9.002349477774077	-5.002405296941232
CCL21	IGKV4-1	9	8	2.7279778411642006	22.621974198529678	-1.15907837124212
CCL21	KCNK17	10	8	2.4690859427899485	9.001717292671987	-0.9412048894345664
CCL21	IGHM	10	8	1.9030749657869386	31.99510715217253	-1.610037163344331
CCL21	KCNB1	8	8	1.0991214308759751	3.106169252934936	0.26229632387407115
CCL21	KCNAB2	10	8	0.8679565564555878	4.526748860348839	-1.756999784083136
CCL21	ADAMTS1	7	7	7.676399913983322	16.4500018728606	0.05408869057991528
CCL21	IGHG4	7	7	5.475686396533925	11.102528804756219	0.7037427167829722
CCL21	IGLV3-1	8	7	2.6004114840299293	14.90055346517309	-0.5358549200111101
CCL21	C1R	10	7	0.9963885519740562	6.646905905850492	-2.127734445202245
CCL21	KCNK15	10	7	0.9282102946167313	2.376776686239797	-0.27665130221219314
CCL21	IGHG1	9	7	0.7870744674665056	8.646643392598353	-3.199223462963587
CCL21	KCNJ16	10	7	0.5128648283979578	7.302846856776635	-0.5649944830582709
CCL21	KCNC4	10	7	0.37710544895081644	1.9629168235142394	-0.07363153539956901
CCL21	TNXB	6	6	9.703468980563922	14.223582699247105	0.6320602875196416
CCL21	HSPB6	7	6	7.571802234641114	14.0273543028042	-0.9396890514619176
CCL21	JCHAIN	6	6	4.173684615007885	28.203779959848482	0.5406111164134522
CCL21	AGT	6	6	3.6204792055473813	16.143074125666804	1.079440963698194
CCL21	MGP	7	6	3.371462106944634	14.409986442035287	-0.3057229068085329
CCL21	IGHG2	8	6	1.9124787516886403	10.052926720722576	-0.765939758556351
CCL21	IGHA1	9	6	0.8915255851579343	20.28530355231951	-1.9113445693849513
CCL21	KCNS3	10	6	0.5935534029843159	2.2778117908644484	-7.457857917320696
CCL21	SFRP4	9	6	0.5050265650864152	5.328537731230617	-11.306609753649948
CCL21	THBS4	6	5	9.25065279629106	19.35697589886844	-0.4882614368068038
CCL21	SOD3	6	5	8.186666037350435	12.046949816060607	-0.5598973846294373
CCL21	AQP1	5	5	7.904331154714373	16.286255654559117	3.886543299156249
CCL21	HEYL	5	5	6.3094990368188375	12.613647445297229	0.1996904176387307
CCL21	CXCL12	6	5	5.05967068082776	7.41958804492486	-5.971869977716118
CCL21	HLA-DRA	7	5	3.5883835416068464	9.182737514167563	-5.95854850078445
CCL21	ADIRF	5	5	3.3306756438174143	10.37471669608137	0.11365473561837258
CCL21	RASD1	5	5	3.3083100219806907	11.617469540548559	1.7455637868893372
CCL21	C11orf96	6	5	2.9088237342865835	11.00070619771016	-6.969994535304312
CCL21	MT1X	6	5	2.488995924184268	6.993832125576467	-3.132626590243662
CCL21	LAPTM5	6	5	2.320244220790708	6.0392422283797105	-2.6002105311052914
CCL21	CEBPD	5	5	2.2640218369365277	4.717770478464417	0.2650354155360753
CCL21	CNN1	6	5	2.006745476412815	13.0831147391587	-1.34321343336186
CCL21	CCL18	6	5	1.9774824510556828	5.779642670378864	-4.0798764421446725
CCL21	PTGDS	8	5	1.7244197407322113	25.933369852484656	-2.479942015095146
CCL21	IGKC	7	5	1.1694566360789809	22.326741762063985	-2.2303430771930888
CCL21	PDLIM3	7	5	0.3129903286891141	4.437840054559228	-4.272941311406331
CCL21	MMP2	8	5	0.2673150708185664	4.203050199631578	-9.528405375848205
CCL21	KCNQ4	10	5	0.2667746553903598	5.092698442083107	-1.9700295290795233
CCL21	KCNE4	10	5	0.19462027343904276	1.8792542290996133	-3.42373927871808
CCL21	KCNJ15	10	5	0.1418339751239286	4.020836394467029	-8.75300204041223
CCL21	DCN	10	5	-0.13975006899691117	2.102305207882466	-3.411409271206977
CCL21	LTF	4	4	7.9716696306353105	19.39412104510852	3.04813481528009
CCL21	TMOD1	4	4	7.60377488885371	14.373083483635332	6.161663627062558
CCL21	SPARCL1	4	4	7.500607252093468	9.740074453344505	5.177106755125322
CCL21	GPX3	4	4	7.393058427319202	11.000006438892552	1.250791084731447
CCL21	MZB1	4	4	7.149342191441129	16.094087099186474	0.152975736550242
CCL21	S1PR3	4	4	6.993458147660249	10.532386235309945	0.23652393927452106
CCL21	HLA-DPB1	4	4	6.909142713338003	13.4867889407778	3.9664410162760078
CCL21	FBLN5	4	4	6.907285274647399	14.130860574974616	0.6566396766390687
CCL21	LTB	4	4	6.76752215271829	23.423138455498925	0.4645827823695098
CCL21	TNS1	4	4	5.943446458228382	9.354384696037142	1.7073457003383194
CCL21	MCAM	4	4	5.691303352587823	13.603265480430858	0.07015206859390534
CCL21	SYNPO2	5	4	5.660584258648208	14.314630972017307	-0.40209155254857554
CCL21	DES	5	4	4.95077999946758	24.831360118649943	-3.6627465318496544
CCL21	IGLV9-49	4	4	4.9256373108102585	6.44521933701992	3.8243399408317824
CCL21	BTG2	5	4	4.321717822734619	14.090961706760087	-0.9511659526491189
CCL21	OGN	5	4	4.300591585154622	14.757513428270181	-0.2161149822202164
CCL21	TYROBP	5	4	3.97215925925117	4.894028050708883	-4.6264823607237
CCL21	MT1G	5	4	3.6179206492177673	8.366427055351	-1.2757182923867867
CCL21	COLEC11	5	4	3.612229307117544	13.942517015089896	-0.010969515637013965
CCL21	A2M	5	4	3.5078826506619123	10.435586731351279	-0.6851708847328111
CCL21	CXCR4	4	4	3.3814092136224687	14.863856818669937	0.9584615003454566
CCL21	CRP	5	4	3.318776496504524	8.425265839410683	-0.42141677890698337
CCL21	HLA-DPA1	4	4	3.2931830480701896	6.420914103133248	2.650134079338721
CCL21	IL7R	5	4	3.1317620189082134	23.005587444580954	-2.232295808586066
CCL21	C1S	4	4	2.791260054890179	5.424715593580104	1.3226474569896112
CCL21	RHOB	4	4	2.675906746531024	8.167859415633982	0.8900407479877208
CCL21	C1QB	6	4	2.534110926672332	5.69308665422382	-5.893035590697819
CCL21	EPHA3	4	4	2.529057864561066	11.238845619614308	0.34659635273965955
CCL21	NR4A2	5	4	1.9886613774293096	5.6351860239086875	-2.7962873734253204
CCL21	C3	6	4	1.814387924545255	8.664007943713896	-2.096082467264875
CCL21	FOS	5	4	1.7334942793192458	8.09051449307001	-0.6877119887884785
CCL21	ENG	5	4	1.7299121866926586	7.131669563484148	-0.2387873435235683
CCL21	REG1A	5	4	1.592368269539772	6.324369751538719	-0.8099444879708377
CCL21	IGHV1-46	4	4	1.5004173337815332	3.13718620310971	1.4785904546818933
CCL21	MYC	4	4	1.437564119875501	3.787838545285149	0.020177095882786183
CCL21	IGHD	5	4	1.354535208054547	25.219692552331715	-0.4788534712315983
CCL21	APOC1	6	4	1.3451693431800364	7.121985687427627	-4.601139018718379
CCL21	MARCO	5	4	1.3191439802405187	4.76038969048609	-3.6132293216594675
CCL21	COL4A1	5	4	1.1549644640422945	2.5828528017924666	-9.792565650264558
CCL21	SERPINA3	7	4	1.0570598237697906	2.75755827372885	-2.421619658634154
CCL21	ACTA2	7	4	0.982013983833886	2.4436978026446248	-5.143786755912867
CCL21	ACTG2	7	4	0.9660696804255334	25.594187064929997	-6.001906183364097
CCL21	IGHJ6	6	4	0.8533851992471272	21.378862682844634	-2.3790294207376506
CCL21	SPON2	4	4	0.5149994663138264	5.244104812178225	0.04176056766957753
CCL21	APOD	7	4	0.4113551401677661	8.203894001809866	-1.288018561578268
CCL21	SLC40A1	5	4	0.35593439797156196	7.404108274635801	-1.6325693105071226
CCL21	CCN2	8	4	0.15216398666367312	1.7510548103525259	-11.068159790855972
CCL21	CFTR	7	4	0.12542096698695532	8.223843104346818	-7.486224013222178
CCL21	THBS1	7	4	0.1158499824362598	3.4729520641342093	-3.384675460770243
CCL21	NR4A1	8	4	0.0558831058470696	12.314905518848061	-6.307212027070741
CCL21	DMBT1	7	4	0.003742293967940598	3.8027936467437797	-3.8466320623361074
CCL21	IGHG3	9	4	-0.008210790995357315	24.854412559177092	-6.382827983252201
CCL21	KCNK6	10	4	-0.2330342940787749	1.0345304479494462	-2.821128439798731
CCL21	POSTN	8	4	-0.5433233769020996	1.4836310317901424	-11.593112623128835
CCL21	CCN1	8	4	-0.6783594332069858	10.825983881746094	-10.081683466196917
CCL21	WFDC2	8	4	-0.7154031448510062	2.5570912208166514	-21.318604848791917
CCL21	C19orf33	10	4	-1.0789013261817948	2.1634703167882514	-22.091989865991874
CCL21	CXCL14	9	4	-1.4424052691823888	2.3599602702031732	-6.538648682261667
CCL21	PLA2G2A	4	3	15.711867637638798	18.089515686666992	-0.722303358200564
CCL21	CHRDL2	3	3	13.972161716482661	15.107826376607846	5.829172468654599
CCL21	PI16	3	3	10.889402572739279	15.18472930649143	10.013852085392784
CCL21	PTP4A3	3	3	10.429758955468412	11.0170354323482	5.145793444190551
CCL21	SORBS1	3	3	9.42493820456633	14.612039401619993	6.816871671544849
CCL21	GFRA1	3	3	9.041025383742378	10.287016538022206	8.650005499314819
CCL21	ITGA7	3	3	8.199713927837255	10.658055277438693	5.925247581056454
CCL21	PDK4	3	3	7.840062908932316	15.442143863845002	3.541621176238608
CCL21	MUSTN1	3	3	7.513728469827928	10.125964733637678	0.11884406437646891
CCL21	AKAP6	3	3	6.758965081097956	7.968469453751844	5.136229333304527
CCL21	CIITA	3	3	6.645695518401566	12.568045841677051	2.9428997348316708
CCL21	LMOD1	3	3	6.597291663811978	8.279653972078252	6.231323903242977
CCL21	PPP1R14A	3	3	6.457260160955419	9.067763624529476	5.293842074036432
CCL21	COL14A1	4	3	6.349319762057712	16.33373781531709	-0.14317665771782526
CCL21	SELENOP	5	3	6.090219367586697	14.952023503865593	-1.9756230671485084
CCL21	PLN	3	3	5.930508620800811	10.900658260603487	0.40423212163547695
CCL21	IGLV6-57	3	3	5.4816304013821	11.737935979979971	2.9405987869891814
CCL21	HLA-DQA1	3	3	5.118870804386773	11.186507789315504	2.803193572339141
CCL21	IGF1	4	3	4.988750446098738	11.68894243330035	-9.036635778443628
CCL21	LYVE1	3	3	4.583527668402289	5.122316728566038	3.189092305906802
CCL21	SCN7A	3	3	4.4799682603728455	9.959251457185088	0.1631897496816598
CCL21	CPB1	3	3	4.28669298073392	12.064242255026787	1.0687558961773604
CCL21	TNC	5	3	4.264913654465044	8.300573756364875	-2.9084135927692234
CCL21	SLIT3	4	3	4.227839761394023	10.362247091230984	-0.042258678414764335
CCL21	LAMA5	3	3	3.952761294895414	5.270015259560541	0.9154605065092863
CCL21	VWF	3	3	3.621280039701999	4.2171946449651365	2.7427749207254655
CCL21	IGFBP4	4	3	3.496668810373832	7.156700827087507	-0.267221817495382
CCL21	CPA1	3	3	3.3266282444472464	11.99121603024592	0.9665181841565246
CCL21	IGHV5-10-1	3	3	3.069085330404843	6.885842915009366	0.3734455946340773
CCL21	FGG	4	3	2.967779583183135	8.362110028846367	-1.2135442646835162
CCL21	SRGN	3	3	2.9413404504364395	3.5491525307854173	2.3241922393842094
CCL21	COL15A1	3	3	2.818989958719341	5.8839988794336575	2.3753778780671313
CCL21	CRISPLD2	4	3	2.811270885400364	5.648254569734892	-0.17003633214807135
CCL21	CERCAM	3	3	2.6893250665172532	3.369660667307014	0.10091071701474391
CCL21	SRPX	4	3	2.644587303352971	9.714104795431632	-0.3890398687607898
CCL21	LIMS2	4	3	2.5342519681389404	4.916194843075	-1.095682983588508
CCL21	PLAAT4	3	3	2.374974388091566	2.684645762333645	0.6104728708569424
CCL21	CPA2	3	3	2.35357865712549	11.856214869890579	2.1240447703055283
CCL21	SLC30A8	4	3	2.3311132680482736	13.76182190287963	-2.29003339314377
CCL21	IFI30	4	3	2.2658583412676956	4.689631600726989	-0.6776913591399457
CCL21	TPSB2	3	3	2.2308305177192724	12.69442198666017	0.4287297415074456
CCL21	CLPS	3	3	2.192736924173501	11.539600953591714	1.5900483051073164
CCL21	BOC	4	3	2.17415505631219	7.424010750820567	-1.0403565558119183
CCL21	CTRC	3	3	2.117990390631799	10.661390709806989	1.0017065842436308
CCL21	SERPING1	5	3	2.1085616840999286	6.750681900618843	-3.445468544717733
CCL21	LYZ	6	3	1.8699262488016142	5.1246338429709075	-1.4547420479565556
CCL21	CEL	3	3	1.829848609665514	11.157489376374883	1.174737045835828
CCL21	CD74	4	3	1.804817627338626	5.411528118805712	-0.10489650118100963
CCL21	CELA3A	3	3	1.7839675102094263	9.405387287059312	0.3265082747497339
CCL21	CTRB1	3	3	1.7654940691208532	8.038803653368316	0.040891512846195625
CCL21	APOE	6	3	1.7403299807889239	5.122236485035452	-4.900096621802672
CCL21	CHGB	5	3	1.609298177575216	14.193106778612313	-4.432316613871777
CCL21	ZNF331	4	3	1.6000693367738301	7.892278456925291	-0.91331704155916
CCL21	REG1B	3	3	1.5461442817294622	11.528416374271291	1.110512630168533
CCL21	CD81	3	3	1.3891127146725688	5.992326916994123	0.679309217280739
CCL21	CD68	4	3	1.3157317927325862	2.3531109109885664	-5.231137639017453
CCL21	PRSS1	4	3	1.2540976877382204	12.013783631437652	-0.696238359858892
CCL21	ITGA5	4	3	1.2531738507651904	3.7716132839077856	-2.4268886796756495
CCL21	PDGFRB	3	3	1.1929556030073154	2.7083872170110146	0.9347101382887654
CCL21	PNLIP	3	3	1.1437181005915094	12.04784246704588	0.052962653679005316
CCL21	IGHJ2	3	3	1.1279830974720013	3.658011171841963	0.5914120548856195
CCL21	KRT13	3	3	1.1220414932183005	2.24615719603054	1.0435523457550777
CCL21	DEPP1	4	3	1.0808503208965718	2.2257121035050886	-1.3641860804147643
CCL21	COL6A2	4	3	1.045702871741731	2.1522920194010142	-1.4410365217523817
CCL21	NR4A3	5	3	1.0234996519311133	4.320573714656102	-6.184151690172712
CCL21	FSTL1	4	3	0.9814121237503715	2.476842890710506	-0.6207178253231164
CCL21	SNCG	3	3	0.9371830920367805	2.9706500288951854	0.1488977592448071
CCL21	BCAT1	5	3	0.8666330326580511	1.9509377351627941	-3.2702980166573807
CCL21	MT2A	5	3	0.7875995555778292	2.209535941000929	-4.483805407221525
CCL21	DPEP1	4	3	0.6539419120963423	1.540978906033886	-1.103743455931209
CCL21	TIMP3	4	3	0.5915175752305799	2.342974664278895	-6.024124891813172
CCL21	CALD1	4	3	0.56381419460437	1.4761413244794168	-2.198827805513552
CCL21	HBA2	5	3	0.5536053286595588	4.314110848744863	-7.429521032738621
CCL21	ABCC8	6	3	0.49383908666198606	14.40195414476341	-2.9621742327610234
CCL21	LMCD1	4	3	0.44908466079295273	2.0622909478836835	-2.936604231511625
CCL21	PTGIS	4	3	0.4360679301664717	5.677566667299139	-4.220555615003661
CCL21	IFI6	4	3	0.4242157596642373	4.512971822497352	-12.420991702567903
CCL21	PRELP	5	3	0.3615406409712434	5.272696082919445	-5.340570960012639
CCL21	ANO1	5	3	0.3263072038848021	2.79571312777753	-9.740892116516578
CCL21	TPM2	5	3	0.30965721580469385	3.1812356058136855	-2.9459182909204236
CCL21	TTR	6	3	0.2948028507113597	8.615999665241583	-5.428431425965766
CCL21	FBN1	5	3	0.26488652733664075	1.769173397729008	-2.3840385212945425
CCL21	SERPINA1	5	3	0.23007548706561232	2.269505681956999	-6.494011548803431
CCL21	CDH1	5	3	0.08393618428056532	0.5517861646152634	-6.538547469005382
CCL21	S100A9	7	3	-0.10398680022921368	2.51941328496653	-12.812861123247153
CCL21	SLC11A1	7	3	-0.15422419934988074	1.660792376332243	-5.253470078512116
CCL21	CCDC80	7	3	-0.2659011953324678	8.80927785425791	-4.112034861733949
CCL21	ANTXR1	6	3	-0.2800340907051529	1.1429105354295894	-5.697032544286707
CCL21	AZGP1	6	3	-0.36348938056604757	6.7780205684232815	-13.232006998754475
CCL21	GCG	7	3	-0.37554309825267806	0.98717340908829	-2.721623605513643
CCL21	SULF1	6	3	-0.38993840661415813	2.941766605727996	-15.100066712573744
CCL21	SERPINF1	7	3	-0.4065851433598283	4.722739772695791	-5.4599143071357075
CCL21	PIGR	7	3	-0.435004976514217	5.238900182853126	-8.00524875718482
CCL21	FOSB	8	3	-0.44428084572968884	12.959820914788601	-12.461703636387282
CCL21	IGFBP5	8	3	-0.5627309592546382	3.855977793969049	-8.300008042808056
CCL21	KCND2	10	3	-0.5929624065121881	0.6873423450423404	-1.865349647394826
CCL21	KCNN4	10	3	-0.758393288638127	0.32542022168785384	-6.8938948754124
CCL21	PDZK1IP1	7	3	-0.9086093053792174	1.8745123824133314	-12.81405517823871
CCL21	CTSE	8	3	-0.9863861941124938	1.5984981381262175	-7.61389176504685
CCL21	TAGLN	6	3	-1.071571294936938	4.564216399166372	-3.730545505513043
CCL21	OLFM4	8	3	-1.0899601962582446	3.2106022262960936	-7.532823831508405
CCL21	FBLN2	6	3	-1.1102751204070227	8.49470588503607	-4.290797664703011
CCL21	MMP7	10	3	-1.337667430953237	1.9336421025238282	-14.848076410427012
CCL21	AEBP1	6	3	-1.3700739342973742	3.0677906050503223	-8.302869291760482
CCL21	INHBA	7	3	-1.536753522079271	3.827448314272058	-15.89325177398796
CCL21	RARRES2	6	3	-1.5903780777616061	1.6787443160986537	-9.688967944677577
CCL21	MMP11	10	3	-1.9239652144588573	1.4169149254358977	-13.719469934600319
CCL21	GREM1	8	3	-2.043734802290989	7.753072950045616	-7.172076212746858
CCL21	ADM	7	3	-2.3526256933915657	1.5757273709897908	-10.721297570137581
CCL21	SPP1	9	3	-2.4833217319903245	2.48935027740671	-25.96252954976027
CCL21	CTHRC1	9	3	-2.741374597410645	4.426050197657844	-10.714802763829422
CCL21	THBS2	8	3	-3.0361274075529963	2.7340301710307013	-15.72759740090312
CCL21	FCMR	2	2	16.470052718202737	25.056865342525274	7.883240093880198
CCL21	MS4A1	2	2	16.40821373317225	24.412644088243667	8.403783378100831
CCL21	CCR7	2	2	15.218512692432768	22.317263364031163	8.119762020834372
CCL21	FCRL1	2	2	14.835276947876125	21.396608162279076	8.273945733473175
CCL21	TRBC1	2	2	14.7968802420997	22.60557606141834	6.988184422781062
CCL21	ACKR1	2	2	14.016303020413595	18.636474000083325	9.396132040743865
CCL21	CD52	2	2	13.069982902732196	22.288145001876554	3.8518208035878376
CCL21	PTPRC	2	2	12.953079204639895	19.666314232862433	6.239844176417357
CCL21	SBSPON	2	2	12.76355477707575	15.392623583231675	10.134485970919828
CCL21	SYNM	2	2	12.641809823156521	20.229012061579418	5.054607584733625
CCL21	CXCL13	2	2	10.147544248106746	18.02045396660385	2.2746345296096417
CCL21	CLDN5	2	2	9.993088673116434	12.092145570141486	7.894031776091381
CCL21	ZBTB16	2	2	9.928437840680335	11.791628940336746	8.065246741023921
CCL21	NTRK2	2	2	9.60488669830271	16.395246883508054	2.814526513097368
CCL21	RBPMS2	2	2	9.445048894841678	13.077063589979401	5.813034199703956
CCL21	GJD2	2	2	9.432736597219952	13.445845844508492	5.419627349931412
CCL21	PGF	2	2	9.421905012635133	11.603897789591091	7.2399122356791725
CCL21	RGMA	2	2	9.201129160557773	10.386316422988788	8.015941898126759
CCL21	NRXN1	2	2	9.156720113910843	12.463037695615219	5.85040253220647
CCL21	NGFR	2	2	8.995445705803952	14.242076380045988	3.748815031561915
CCL21	SCRG1	2	2	8.844621884336608	9.753089399378963	7.936154369294251
CCL21	KIAA1324	2	2	8.31846339182566	12.055297458734284	4.581629324917037
CCL21	STOM	2	2	8.109986432543446	10.267318415971907	5.952654449114984
CCL21	PNLIPRP1	2	2	7.690576158550245	11.758146373696317	3.6230059434041726
CCL21	PRUNE2	2	2	7.631323442221976	8.451051170636168	6.811595713807783
CCL21	CAVIN2	2	2	7.580327036001403	10.46710583899821	4.693548233004598
CCL21	G6PC2	2	2	7.378895066519203	13.337525184115318	1.4202649489230879
CCL21	ADAMTS9	2	2	7.293610982026636	8.11809598349119	6.469125980562083
CCL21	CD93	2	2	7.154205904351694	8.597859311360672	5.710552497342716
CCL21	NEUROD1	2	2	7.116380359057697	10.131669816650085	4.10109090146531
CCL21	SYCN	2	2	6.975168656155603	11.418306333247376	2.532030979063829
CCL21	CLEC14A	2	2	6.851425680379286	7.228186872595602	6.474664488162969
CCL21	GP2	2	2	6.770711875207226	11.424482833640633	2.1169409167738182
CCL21	PLA2G1B	2	2	6.707514845514156	12.03755318300892	1.3774765080193918
CCL21	NR5A2	2	2	6.637741655581581	10.010793136756885	3.264690174406278
CCL21	CCDC3	2	2	6.6153109080154175	12.592474601252462	0.6381472147783729
CCL21	TBC1D1	2	2	6.5869117142923885	6.6834292599750595	6.4903941686097175
CCL21	ADAMTS4	3	2	6.581312595313159	8.550701431192484	-1.7539572535647225
CCL21	FAM83D	2	2	6.419953278321273	7.909355722156739	4.930550834485808
CCL21	FGA	2	2	6.380366438075189	9.989031436493239	2.7717014396571393
CCL21	RGS5	3	2	6.242176624020366	8.791427010071654	-0.5763318552103897
CCL21	WNT4	2	2	6.139600913349364	11.364683919229817	0.9145179074689104
CCL21	PPP1R12B	2	2	6.101676359453713	6.903682677493566	5.299670041413861
CCL21	CKB	3	2	5.910991064743422	8.352375934605405	-2.249887033108957
CCL21	ERO1B	3	2	5.905569046260766	12.745540686693461	-0.28460136630921434
CCL21	ABCA8	3	2	5.828788951453247	12.478418960279374	-0.11612152906312093
CCL21	FXYD2	2	2	5.7484674659496084	7.463434868808378	4.033500063090839
CCL21	AMBP	2	2	5.690940643122575	7.581781509853379	3.80009977639177
CCL21	PI15	2	2	5.673517303314803	9.39350582946483	1.9535287771647758
CCL21	NRXN2	2	2	5.610355162626089	10.681968285167565	0.5387420400846125
CCL21	SCG5	3	2	5.492740113192021	13.924201148580519	-2.241388923487621
CCL21	SCTR	2	2	5.486212753868838	7.262946095279341	3.7094794124583332
CCL21	NEURL1	3	2	5.458929059533379	10.653532720822348	-1.7960099383270227
CCL21	NKX2-2	3	2	5.4350313578620195	14.448379947662804	-1.4371704551794213
CCL21	HLA-DMA	2	2	5.337670215476095	8.54566280127625	2.129677629675939
CCL21	PECAM1	2	2	5.303479088547391	6.114154054072388	4.492804123022394
CCL21	CFL2	2	2	5.249228583205541	7.144454241263781	3.354002925147301
CCL21	CPXM2	2	2	5.137768302452608	6.36310476861402	3.912431836291195
CCL21	TSPAN7	2	2	5.009172641265643	9.291314908339237	0.7270303741920485
CCL21	NEURL3	2	2	4.749627897189042	7.104096499775798	2.3951592946022875
CCL21	NTRK3	2	2	4.702078433007389	8.391319300398576	1.0128375656162019
CCL21	ONECUT1	2	2	4.644749729454816	6.6101716417343015	2.67932781717533
CCL21	SCG3	3	2	4.55131213493595	14.040670532252243	-2.3274314465049613
CCL21	SLC4A4	2	2	4.481447531738858	5.616891547056486	3.3460035164212294
CCL21	CRYAB	2	2	4.441700967906099	4.609575956257898	4.273825979554301
CCL21	NFASC	2	2	4.28009771031306	7.368610147888322	1.191585272737799
CCL21	CCL17	3	2	4.232880737888574	6.9739779904980574	-0.28829407867865836
CCL21	SLC34A2	3	2	4.166757008848199	5.061286537155002	-2.199894485701791
CCL21	GUCY1A1	2	2	4.05938789133013	7.881492265795209	0.23728351686505048
CCL21	RAMP1	2	2	3.893143829544284	5.9406886780253005	1.8455989810632678
CCL21	CCN5	2	2	3.7895774650003777	7.119963692028947	0.45919123797180833
CCL21	APLNR	2	2	3.7565748144230975	6.026617774692844	1.4865318541533505
CCL21	HAS1	3	2	3.7087286348518265	4.9053501251223866	-3.2807054497699664
CCL21	PDGFA	2	2	3.6528786888170517	4.9975421385241345	2.3082152391099693
CCL21	C1QC	3	2	3.5313029031651575	4.145780521594494	-2.751376475380571
CCL21	GATM	2	2	3.528107534803076	6.410235753079037	0.6459793165271148
CCL21	IGLC7	4	2	3.4224581044073474	19.377023436094525	-2.715448468915701
CCL21	FCGR2B	2	2	3.3295650242553974	4.1667156173163	2.4924144311944945
CCL21	SPEG	2	2	3.273847564810337	6.409970397840451	0.13772473178022382
CCL21	XBP1	2	2	3.2119552691085365	6.333677512982952	0.0902330252341207
CCL21	HAND2	3	2	3.19355333064991	3.5143349826030006	-0.8249258838760998
CCL21	EPAS1	2	2	3.143636030903501	4.511178827389467	1.7760932344175349
CCL21	SCGN	3	2	3.086147890990512	14.069682295179028	-1.4082184898790233
CCL21	SNAP25	2	2	2.945200944794392	5.43259029689665	0.4578115926921339
CCL21	ERICH5	2	2	2.8939408087220917	5.334960692891459	0.4529209245527248
CCL21	RGS2	2	2	2.7416596076601993	5.046230907287144	0.4370883080332553
CCL21	ADAMTSL2	3	2	2.6626580780403684	7.406403481985785	-0.24643777404941242
CCL21	DUSP2	2	2	2.5185025370491543	3.4613495158342715	1.5756555582640372
CCL21	NFATC1	2	2	2.4072698460660438	4.610410659299823	0.20412903283226483
CCL21	NR2F1	2	2	2.4002352743413042	4.7999502236068805	0.0005203250757282552
CCL21	CA2	3	2	2.3205914540189236	3.9899687606350094	-2.191179509742511
CCL21	MYL9	3	2	2.305219333879715	2.9170776413107924	-1.81453359341756
CCL21	PLAT	3	2	2.2465822096726207	3.4830645886383635	-1.3353245725749605
CCL21	CFB	3	2	2.2399629116530173	4.1478209353658855	-9.44151080786866
CCL21	MYLK	4	2	2.194332316061355	6.986366378279371	-1.7681383814403069
CCL21	SH3BP5	3	2	2.194215861891251	3.4651487893016246	-1.3099048992322808
CCL21	OLR1	3	2	2.173287280781965	2.4167686425895285	-2.8790740934197743
CCL21	CTSB	2	2	2.104402020676451	3.609996300313643	0.5988077410392595
CCL21	MMP28	2	2	1.987460978811776	2.432083807873102	1.5428381497504497
CCL21	HPGD	2	2	1.8957395949339335	2.1275588676653343	1.6639203222025325
CCL21	EMILIN1	3	2	1.8202962776993286	3.493247787778815	-2.8157744827229028
CCL21	MS4A7	4	2	1.7905978372471696	7.450113565869642	-4.307926271620909
CCL21	CPA3	3	2	1.6780913918735487	10.760070028406252	-0.16743811537564093
CCL21	F13A1	3	2	1.6034415513185234	5.6222099015681914	-1.796185991319485
CCL21	NBEAL2	2	2	1.5853433038408948	1.6300019586594827	1.540684649022307
CCL21	TMEM204	2	2	1.5273903631793413	2.3336071606098105	0.7211735657488721
CCL21	TM4SF4	3	2	1.5244545897608595	3.012227147477106	-5.158503617275875
CCL21	TNFRSF21	2	2	1.4971925102248556	2.801186797273363	0.1931982231763481
CCL21	ITGB3	2	2	1.4874044881827904	2.3093677293899506	0.6654412469756301
CCL21	PALM3	2	2	1.4634290570171213	1.5860130123920155	1.3408451016422274
CCL21	ITGAX	2	2	1.3800544070138943	2.5870618805622114	0.17304693346557706
CCL21	CHGA	3	2	1.2976327840981365	14.277050958440375	-2.6085725098751524
CCL21	HMOX1	2	2	1.2452789587478938	1.2785255945266907	1.2120323229690968
CCL21	CTRB2	3	2	1.2061539136604926	8.399740000267078	-0.21711551479531133
CCL21	COL4A2	2	2	1.198368225378384	1.31783367802699	1.0789027727297782
CCL21	S100A8	3	2	1.1563647299397493	1.255614075762585	-8.434774931364366
CCL21	S100G	3	2	1.125690292847388	3.032399678336763	-0.42622745237893295
CCL21	TGM2	4	2	1.1145043800045127	3.909470517527759	-4.122338865934102
CCL21	SOCS3	3	2	1.0796230542954024	5.212988990752388	-0.17369779347087067
CCL21	HIST1H1B	2	2	1.0208131606462876	1.7778072132189449	0.26381910807363035
CCL21	SST	4	2	0.975799621090074	13.518681430515164	-1.8410608953550303
CCL21	HIST1H4A	2	2	0.9750171618537691	1.1525199952787437	0.7975143284287943
CCL21	KIAA1522	3	2	0.9645502583390879	1.7720482305744594	-20.140975049709137
CCL21	CRIP1	3	2	0.8394827389815972	8.472924215538159	-3.9723913630686782
CCL21	IGHV6-1	3	2	0.7958418567452915	3.8224382997081974	-1.2234059455972075
CCL21	CYP1B1	2	2	0.7943185142449103	1.4699865016422158	0.11865052684760488
CCL21	PHACTR3	3	2	0.7915140893795177	1.2365274010003955	-10.16607575230867
CCL21	IL32	3	2	0.7807041915181627	2.304249827964005	-0.7026808463679987
CCL21	DTX1	2	2	0.775648891756429	1.1437501652532334	0.4075476182596246
CCL21	COL6A1	2	2	0.7536940842246057	1.399859729360408	0.10752843908880341
CCL21	LGALS1	3	2	0.7086129338103642	3.1498706719698557	-1.9407377336679448
CCL21	F2RL2	3	2	0.6868994523209982	6.851337853970402	-1.179425897032237
CCL21	HBA1	3	2	0.673022752246216	2.852484949997913	-8.778349783186744
CCL21	PFKFB3	3	2	0.6232156855225967	0.9364995097867066	-1.5312259539982138
CCL21	JUNB	2	2	0.6177225807138604	0.676182446933223	0.5592627144944977
CCL21	ID3	3	2	0.5994457542728643	1.5195606461174396	-0.7720045872026969
CCL21	SLC44A4	3	2	0.5616486111464952	1.6282292733725505	-9.34836905308762
CCL21	MXRA7	2	2	0.5438675974780693	0.6280854352858591	0.45964975967027966
CCL21	THY1	3	2	0.5435939145716362	3.6895563883090237	-1.4903189077544081
CCL21	BGN	3	2	0.4872268370407125	1.5152566408500328	-7.036040943256923
CCL21	AQP5	3	2	0.48206128689209776	0.5777132120619904	-9.777687371875738
CCL21	ADAM12	3	2	0.47985216265004804	1.5166466318616296	-8.085399243146844
CCL21	CCL2	3	2	0.4724273192939297	0.5661841245235892	-0.7029713908014771
CCL21	PXDN	2	2	0.4639167393106064	0.7461326879538968	0.1817007906673161
CCL21	FLNA	3	2	0.4499327974844797	2.2773641068783768	-2.6934723007028603
CCL21	TIMP1	4	2	0.4103058378350029	1.282617209371332	-0.33610355068123837
CCL21	SMOC2	3	2	0.38300449977117823	1.1752640851663523	-0.3387525677669578
CCL21	CDKN1A	2	2	0.3595183000761889	0.38387654287362566	0.3351600572787522
CCL21	MXRA8	4	2	0.3418405914347191	1.1460353687662455	-0.29244444244967654
CCL21	MMP12	4	2	0.2912363985367624	0.9398034451413617	-1.6667504114908298
CCL21	UBD	4	2	0.26999455774338427	3.57980356440183	-2.46750862527439
CCL21	PTGS2	2	2	0.26418204613566226	0.4722102079544764	0.05615388431684813
CCL21	SFTA2	3	2	0.2549924735743633	3.1826727080496333	-11.271458825211417
CCL21	CA12	4	2	0.23730345364090066	2.529223507825797	-3.693142517509576
CCL21	SPARC	4	2	0.005647920706380613	1.5400716783318786	-2.667668047568314
CCL21	COL6A3	4	2	-0.034392134490914786	2.2917327468484383	-0.4151628169639337
CCL21	RNASE1	5	2	-0.035685477584772564	4.1817770468852835	-3.055285804296869
CCL21	INPP4B	4	2	-0.07295972029838826	2.0752688980637335	-8.656168007828917
CCL21	NCCRP1	4	2	-0.10017633875183482	1.286126202779997	-7.406578963721383
CCL21	HOPX	4	2	-0.16534942951082532	1.7941465616537444	-5.521518716383589
CCL21	DUSP1	6	2	-0.17212536421216948	10.442768728941124	-5.813343872887611
CCL21	MUC3A	5	2	-0.18619090110596107	1.5040182015148726	-3.741220987332385
CCL21	FBXO32	5	2	-0.2243843846983087	6.171676692776872	-7.174348732596286
CCL21	PRR15L	4	2	-0.22759712969224388	3.0094745442835906	-7.287947627988094
CCL21	GADD45B	5	2	-0.2286621354054713	6.546151248912884	-4.8520988819114015
CCL21	KLK10	4	2	-0.2605191585731752	2.5899597637328777	-2.420446684768093
CCL21	COLEC12	5	2	-0.36575397146813804	3.3128033314763945	-2.826966160611703
CCL21	CST1	7	2	-0.3997224739574938	4.236670030120299	-13.250263806672406
CCL21	ATF3	4	2	-0.4055080491717451	3.4006769728626662	-3.1885223738894384
CCL21	CRISP3	5	2	-0.4632897035713484	3.5337872736987417	-1.1681132928484843
CCL21	FBLN1	7	2	-0.47745080076996493	4.945093487068892	-5.888598376261519
CCL21	TRNP1	4	2	-0.5128929490735418	0.4772740866761409	-1.502577698723473
CCL21	INS	6	2	-0.5241390666440015	1.5122142500590792	-2.2600322078559656
CCL21	GABRP	7	2	-0.6371697932239386	3.6731771022046917	-7.832943093461418
CCL21	ISG15	5	2	-0.7007356811862995	2.227246999189759	-2.787189551137899
CCL21	ID1	6	2	-0.7246455960637841	7.282534166577483	-5.88891772076453
CCL21	TREM1	4	2	-0.7713009469665307	3.546003711937634	-3.7654248198529605
CCL21	CPE	5	2	-0.8364125117792244	5.203082560252349	-3.358317199915354
CCL21	MUC4	4	2	-0.8373929942763145	1.4634012286072406	-23.144618931166093
CCL21	ABCC3	6	2	-0.9695064122071115	3.7774707104124046	-12.661647587783284
CCL21	HMGA1	6	2	-0.9893132667562837	2.488055951800704	-7.785311054676514
CCL21	MMP14	5	2	-1.0159225711964524	2.607134793594534	-13.350127021600315
CCL21	MUC5B	6	2	-1.2844845520578732	3.0374456523594726	-10.820377439228986
CCL21	SFRP2	8	2	-1.3113502639937726	3.154009286400402	-9.816190899035764
CCL21	DPT	6	2	-1.3324213343314666	16.10362108651622	-3.307734438363148
CCL21	NUPR1	5	2	-1.3407294725324745	0.889991047178359	-2.4487298538776683
CCL21	MUC6	6	2	-1.3765743338683314	7.819951642254862	-9.5890884882916
CCL21	LUM	6	2	-1.4294357715336992	3.275901349984937	-7.229825147683347
CCL21	TGFBI	5	2	-1.530658977058251	2.448958740778183	-14.296787504169236
CCL21	LAD1	6	2	-1.5612660959440094	0.2922664478353608	-14.357471832243151
CCL21	COL5A1	7	2	-1.5798898582257734	1.8596352915584229	-12.37433287393669
CCL21	PDLIM7	4	2	-1.5898025185631888	0.6872604182978878	-7.130076062262071
CCL21	SPINK1	7	2	-1.7321526486178949	2.011743361017449	-4.459971089342346
CCL21	DUOX2	6	2	-1.8383107487115766	2.166139729758763	-5.138338109505069
CCL21	EPHA2	6	2	-1.9151812005030195	1.2413919526010737	-12.12331537353607
CCL21	FXYD3	8	2	-1.9349466823322679	1.182890954113647	-24.99300647165305
CCL21	TSPAN8	8	2	-1.9954642980592638	1.8654497006333692	-12.757832559873101
CCL21	COL5A2	7	2	-2.1030346318529567	2.764560033006372	-9.6487724609735
CCL21	LRRC15	7	2	-2.180515413503053	0.3269541427327878	-11.41023116364392
CCL21	CDH11	7	2	-2.223224630713218	3.3275024391260764	-10.56127025368013
CCL21	SERPINE1	8	2	-2.2655398037340695	1.401175384160088	-15.69676330077068
CCL21	SCG2	5	2	-2.4282956981725086	15.820294141547278	-6.049999461560127
CCL21	MMP9	6	2	-2.610230895512105	1.5587238222811908	-6.857385202896395
CCL21	TFF1	7	2	-2.6194773093135524	2.1203455623646823	-9.711131199055453
CCL21	CRABP2	6	2	-2.77619228374632	1.4522253699242464	-7.3324300349079765
CCL21	LOXL2	7	2	-2.9433497421459354	2.915559983696539	-10.50624925024346
CCL21	GPRC5A	7	2	-3.250958259788452	1.8232500218295573	-11.732592135343399
CCL21	IGFBP3	6	2	-3.5132091317430056	2.6487414692585225	-5.918619930602286
CCL21	COL10A1	9	2	-3.51327236097631	0.804867473925005	-14.655234243943367
CCL21	COL11A1	10	2	-3.515076934645461	3.6035316516409153	-15.104336219612257
CCL21	KLK6	7	2	-3.5748270328013487	1.9202124783771044	-15.738513575046131
CCL21	KRT18	9	2	-3.799390049467756	1.8710505089885903	-23.661178997309012
CCL21	KRT8	7	2	-3.8043689972150934	2.110284161071386	-23.24558701751141
CCL21	C15orf48	6	2	-4.04369902861531	1.448216075407614	-13.160755029911627
CCL21	CGN	4	2	-4.884753704599631	0.2967079120786255	-14.085396363358472
CCL21	SELL	1	1	24.86527110947778	24.86527110947778	24.86527110947778
CCL21	CR2	1	1	24.0017538307728	24.0017538307728	24.0017538307728
CCL21	IKZF1	1	1	22.407773214755697	22.407773214755697	22.407773214755697
CCL21	SEPTIN1	1	1	22.18432227818171	22.18432227818171	22.18432227818171
CCL21	IRF8	1	1	21.27555449548853	21.27555449548853	21.27555449548853
CCL21	RIPOR2	1	1	20.93758566659681	20.93758566659681	20.93758566659681
CCL21	AC119396.1	1	1	20.854487153691704	20.854487153691704	20.854487153691704
CCL21	TMC8	1	1	20.787438250760616	20.787438250760616	20.787438250760616
CCL21	NIBAN3	1	1	20.427490763319877	20.427490763319877	20.427490763319877
CCL21	CD79A	1	1	20.321519296549514	20.321519296549514	20.321519296549514
CCL21	TRAC	1	1	19.759045457962245	19.759045457962245	19.759045457962245
CCL21	DNASE1L3	1	1	19.642263664365277	19.642263664365277	19.642263664365277
CCL21	TRBC2	1	1	19.551570040791244	19.551570040791244	19.551570040791244
CCL21	CD3D	1	1	19.207617180629217	19.207617180629217	19.207617180629217
CCL21	POU2AF1	1	1	19.022709970630142	19.022709970630142	19.022709970630142
CCL21	RASGRP2	1	1	18.914275820188276	18.914275820188276	18.914275820188276
CCL21	PAX5	1	1	18.841958408821714	18.841958408821714	18.841958408821714
CCL21	TBC1D10C	1	1	18.593680975343723	18.593680975343723	18.593680975343723
CCL21	CD79B	1	1	18.55992861503209	18.55992861503209	18.55992861503209
CCL21	CORO1A	1	1	18.542063831428898	18.542063831428898	18.542063831428898
CCL21	TRAF3IP3	1	1	18.437136874804814	18.437136874804814	18.437136874804814
CCL21	LIMD2	1	1	18.41700991233482	18.41700991233482	18.41700991233482
CCL21	CD22	1	1	18.362235360213248	18.362235360213248	18.362235360213248
CCL21	ACAP1	1	1	18.34643394973741	18.34643394973741	18.34643394973741
CCL21	TRAJ10	1	1	17.894571721511024	17.894571721511024	17.894571721511024
CCL21	EVL	1	1	17.764093475842593	17.764093475842593	17.764093475842593
CCL21	CD19	1	1	15.988307209032627	15.988307209032627	15.988307209032627
CCL21	FABP4	1	1	13.474698919015204	13.474698919015204	13.474698919015204
CCL21	SPOCK2	1	1	13.36883694300534	13.36883694300534	13.36883694300534
CCL21	PRG4	1	1	13.113525894003965	13.113525894003965	13.113525894003965
CCL21	PCSK1	1	1	13.101081488736732	13.101081488736732	13.101081488736732
CCL21	SYT7	1	1	12.22080219545202	12.22080219545202	12.22080219545202
CCL21	CCL14	1	1	12.194065850384304	12.194065850384304	12.194065850384304
CCL21	MMRN1	1	1	11.64438081223461	11.64438081223461	11.64438081223461
CCL21	ITGA8	1	1	11.551698087984812	11.551698087984812	11.551698087984812
CCL21	RAB3C	1	1	11.269698980879266	11.269698980879266	11.269698980879266
CCL21	RCAN2	1	1	11.217466564543766	11.217466564543766	11.217466564543766
CCL21	FHL5	1	1	11.173449370306162	11.173449370306162	11.173449370306162
CCL21	CD37	2	1	11.092453820784534	22.223407208013974	-0.0384995664449062
CCL21	KLK1	1	1	11.05800379117841	11.05800379117841	11.05800379117841
CCL21	C1QL1	1	1	10.763589322535799	10.763589322535799	10.763589322535799
CCL21	BARX1	1	1	10.636347579070417	10.636347579070417	10.636347579070417
CCL21	CUZD1	1	1	10.608382935327247	10.608382935327247	10.608382935327247
CCL21	PCSK1N	1	1	10.576818105928314	10.576818105928314	10.576818105928314
CCL21	CELF3	1	1	10.455808616530573	10.455808616530573	10.455808616530573
CCL21	MAP1B	1	1	10.38567811893122	10.38567811893122	10.38567811893122
CCL21	CTRL	1	1	10.059096003784305	10.059096003784305	10.059096003784305
CCL21	ADCYAP1	1	1	9.898275725969787	9.898275725969787	9.898275725969787
CCL21	PTN	1	1	9.812335133961664	9.812335133961664	9.812335133961664
CCL21	CACNA1A	1	1	9.647921012672475	9.647921012672475	9.647921012672475
CCL21	SUSD5	1	1	9.647384382678258	9.647384382678258	9.647384382678258
CCL21	GPBAR1	1	1	9.585810452699656	9.585810452699656	9.585810452699656
CCL21	KCNMB2	1	1	9.535538553262436	9.535538553262436	9.535538553262436
CCL21	CHRDL1	1	1	9.50986671235108	9.50986671235108	9.50986671235108
CCL21	ADAMTS8	1	1	9.461762333930665	9.461762333930665	9.461762333930665
CCL21	PITX1	1	1	9.422753541917373	9.422753541917373	9.422753541917373
CCL21	SLC2A4	1	1	9.411279073022177	9.411279073022177	9.411279073022177
CCL21	ECRG4	1	1	9.28976626747912	9.28976626747912	9.28976626747912
CCL21	NRXN3	1	1	9.175724576037911	9.175724576037911	9.175724576037911
CCL21	SERPINI2	1	1	9.118227954783588	9.118227954783588	9.118227954783588
CCL21	SFRP5	1	1	9.09223322749223	9.09223322749223	9.09223322749223
CCL21	ANK2	1	1	9.088791905609014	9.088791905609014	9.088791905609014
CCL21	FLNC	1	1	9.03641923106013	9.03641923106013	9.03641923106013
CCL21	EGFL7	1	1	8.78894963107986	8.78894963107986	8.78894963107986
CCL21	TGFB3	1	1	8.641682565510157	8.641682565510157	8.641682565510157
CCL21	SCGB2A1	1	1	8.597413953975463	8.597413953975463	8.597413953975463
CCL21	WFDC1	1	1	8.371869873973878	8.371869873973878	8.371869873973878
CCL21	CDH19	1	1	8.347801764407812	8.347801764407812	8.347801764407812
CCL21	EPB41L4B	1	1	8.304902017727605	8.304902017727605	8.304902017727605
CCL21	RBPMS	1	1	8.28761466512717	8.28761466512717	8.28761466512717
CCL21	ERG	1	1	8.277314765850067	8.277314765850067	8.277314765850067
CCL21	PGM5	1	1	8.237650684877678	8.237650684877678	8.237650684877678
CCL21	PPARGC1A	1	1	8.191464120719926	8.191464120719926	8.191464120719926
CCL21	RERGL	1	1	8.118679832223693	8.118679832223693	8.118679832223693
CCL21	MRVI1	1	1	7.8854436830982975	7.8854436830982975	7.8854436830982975
CCL21	RBPJL	1	1	7.863049187021605	7.863049187021605	7.863049187021605
CCL21	ADCY5	1	1	7.675734833757133	7.675734833757133	7.675734833757133
CCL21	ERN1	1	1	7.64097770464622	7.64097770464622	7.64097770464622
CCL21	ATP1A2	1	1	7.624606471909592	7.624606471909592	7.624606471909592
CCL21	PTGIR	1	1	7.543657734836285	7.543657734836285	7.543657734836285
CCL21	HLA-DRB1	1	1	7.526757014108869	7.526757014108869	7.526757014108869
CCL21	TFPI2	1	1	7.520113148261585	7.520113148261585	7.520113148261585
CCL21	SDS	1	1	7.489615168136305	7.489615168136305	7.489615168136305
CCL21	CHRM2	1	1	7.393954618141038	7.393954618141038	7.393954618141038
CCL21	GJA4	1	1	7.3887484555557394	7.3887484555557394	7.3887484555557394
CCL21	MATN2	1	1	7.3874586069845725	7.3874586069845725	7.3874586069845725
CCL21	SLC38A4	1	1	7.367118456317424	7.367118456317424	7.367118456317424
CCL21	HMCN2	1	1	7.346968063490462	7.346968063490462	7.346968063490462
CCL21	SMTN	1	1	7.229413142460122	7.229413142460122	7.229413142460122
CCL21	PSD	1	1	7.050809470381806	7.050809470381806	7.050809470381806
CCL21	FBLIM1	1	1	7.037934781855016	7.037934781855016	7.037934781855016
CCL21	FOXF1	1	1	7.012742954935894	7.012742954935894	7.012742954935894
CCL21	BHLHA15	1	1	6.993712481260767	6.993712481260767	6.993712481260767
CCL21	ANPEP	1	1	6.9097652720460365	6.9097652720460365	6.9097652720460365
CCL21	GPRC5B	1	1	6.906090198083422	6.906090198083422	6.906090198083422
CCL21	HSPB8	1	1	6.880164645265975	6.880164645265975	6.880164645265975
CCL21	TRPV6	1	1	6.8555210905353405	6.8555210905353405	6.8555210905353405
CCL21	LTBP2	1	1	6.762496149447473	6.762496149447473	6.762496149447473
CCL21	RASL12	1	1	6.742104336760286	6.742104336760286	6.742104336760286
CCL21	EFHD1	1	1	6.698292815465615	6.698292815465615	6.698292815465615
CCL21	SCN9A	1	1	6.678365590161173	6.678365590161173	6.678365590161173
CCL21	ANGPTL7	1	1	6.5177346987063105	6.5177346987063105	6.5177346987063105
CCL21	TSPAN2	1	1	6.480507916588573	6.480507916588573	6.480507916588573
CCL21	DHRS2	1	1	6.473159896681777	6.473159896681777	6.473159896681777
CCL21	GAP43	1	1	6.317126888552704	6.317126888552704	6.317126888552704
CCL21	PPP1R1A	2	1	6.302019772778624	13.93481757813326	-1.3307780325760112
CCL21	PCSK2	2	1	6.300231543425246	15.205175414069197	-2.6047123272187043
CCL21	ABI3BP	1	1	6.296645203669204	6.296645203669204	6.296645203669204
CCL21	ASB2	1	1	6.281194739749916	6.281194739749916	6.281194739749916
CCL21	CDH5	1	1	6.097959983782283	6.097959983782283	6.097959983782283
CCL21	PKHD1	1	1	6.013157009868078	6.013157009868078	6.013157009868078
CCL21	PTPRN2	1	1	5.9902154658299125	5.9902154658299125	5.9902154658299125
CCL21	TBX2	1	1	5.989584288636273	5.989584288636273	5.989584288636273
CCL21	SLC22A3	1	1	5.854845998875911	5.854845998875911	5.854845998875911
CCL21	CCDC69	1	1	5.838622538066642	5.838622538066642	5.838622538066642
CCL21	SFRP1	1	1	5.826634723850646	5.826634723850646	5.826634723850646
CCL21	ACSM3	1	1	5.784973217566446	5.784973217566446	5.784973217566446
CCL21	IL33	2	1	5.636277413466454	12.171532493474306	-0.8989776665413989
CCL21	MAP3K20	1	1	5.596164518905846	5.596164518905846	5.596164518905846
CCL21	C1QTNF1	1	1	5.578955525142616	5.578955525142616	5.578955525142616
CCL21	CPLX2	2	1	5.486054169212283	11.735791386274625	-0.7636830478500598
CCL21	FGB	1	1	5.468480059974119	5.468480059974119	5.468480059974119
CCL21	FCGR3A	1	1	5.270908059320209	5.270908059320209	5.270908059320209
CCL21	SVIL	1	1	5.224863789314184	5.224863789314184	5.224863789314184
CCL21	FAM3B	1	1	5.035955211667044	5.035955211667044	5.035955211667044
CCL21	CRYBA2	2	1	5.033139834098827	11.736867526610808	-1.6705878584131555
CCL21	CAPN6	1	1	5.02934918634337	5.02934918634337	5.02934918634337
CCL21	CACNA1H	1	1	5.016531381805807	5.016531381805807	5.016531381805807
CCL21	NMUR2	1	1	5.000054700933886	5.000054700933886	5.000054700933886
CCL21	ANXA9	1	1	4.967427415688579	4.967427415688579	4.967427415688579
CCL21	CRLF1	1	1	4.960302995780527	4.960302995780527	4.960302995780527
CCL21	KDM6B	1	1	4.923916685868991	4.923916685868991	4.923916685868991
CCL21	PKIG	1	1	4.848563284090985	4.848563284090985	4.848563284090985
CCL21	AKNA	1	1	4.844401008580861	4.844401008580861	4.844401008580861
CCL21	CSF1	1	1	4.837529371273409	4.837529371273409	4.837529371273409
CCL21	CSF1R	1	1	4.808769592837844	4.808769592837844	4.808769592837844
CCL21	NPDC1	1	1	4.772221344030567	4.772221344030567	4.772221344030567
CCL21	WNT10A	1	1	4.734909717808048	4.734909717808048	4.734909717808048
CCL21	WNT11	1	1	4.730291431057022	4.730291431057022	4.730291431057022
CCL21	PRIMA1	1	1	4.707388741210358	4.707388741210358	4.707388741210358
CCL21	DTNA	1	1	4.446297897777889	4.446297897777889	4.446297897777889
CCL21	MSLN	1	1	4.368990593373542	4.368990593373542	4.368990593373542
CCL21	UNC5CL	1	1	4.345410716280725	4.345410716280725	4.345410716280725
CCL21	KIF12	1	1	4.3386613151535	4.3386613151535	4.3386613151535
CCL21	HS3ST2	1	1	4.330922708819841	4.330922708819841	4.330922708819841
CCL21	ATRNL1	2	1	4.236691262686638	12.0509098370262	-3.577527311652924
CCL21	PTPRN	1	1	4.208405192442731	4.208405192442731	4.208405192442731
CCL21	MT1H	1	1	4.172048923839381	4.172048923839381	4.172048923839381
CCL21	TNNC1	1	1	4.102891355810431	4.102891355810431	4.102891355810431
CCL21	CITED4	1	1	4.069102842102821	4.069102842102821	4.069102842102821
CCL21	C3orf70	1	1	4.063065414852496	4.063065414852496	4.063065414852496
CCL21	AMTN	1	1	3.9997936824751363	3.9997936824751363	3.9997936824751363
CCL21	GYPC	1	1	3.9569974009119213	3.9569974009119213	3.9569974009119213
CCL21	RDH10	2	1	3.9552862659854666	9.205810081579841	-1.2952375496089077
CCL21	CDKN1C	1	1	3.9496305375095893	3.9496305375095893	3.9496305375095893
CCL21	ADAMTS5	1	1	3.9285983343059185	3.9285983343059185	3.9285983343059185
CCL21	AKAP7	1	1	3.905474566744224	3.905474566744224	3.905474566744224
CCL21	SOX10	1	1	3.8367721475893717	3.8367721475893717	3.8367721475893717
CCL21	ACSL1	1	1	3.823133617784407	3.823133617784407	3.823133617784407
CCL21	F2R	2	1	3.780730280308652	7.7896149683652	-0.2281544077478957
CCL21	HOXB3	1	1	3.765694391801094	3.765694391801094	3.765694391801094
CCL21	FRZB	2	1	3.70964966857265	8.219823049094614	-0.8005237119493146
CCL21	PTPA	1	1	3.675974446478092	3.675974446478092	3.675974446478092
CCL21	FADS3	1	1	3.6349715426397395	3.6349715426397395	3.6349715426397395
CCL21	ALDH2	1	1	3.6179757577066844	3.6179757577066844	3.6179757577066844
CCL21	FXYD6	2	1	3.5937864912342676	7.712918279188319	-0.5253452967197833
CCL21	HOXB6	1	1	3.50810665900616	3.50810665900616	3.50810665900616
CCL21	CX3CL1	1	1	3.506529220331723	3.506529220331723	3.506529220331723
CCL21	CACNB2	1	1	3.3776767510187895	3.3776767510187895	3.3776767510187895
CCL21	LTBP1	1	1	3.336168058347421	3.336168058347421	3.336168058347421
CCL21	CFD	2	1	3.2004669514266553	11.424151430366157	-5.023217527512847
CCL21	CXCL10	1	1	3.176309143807414	3.176309143807414	3.176309143807414
CCL21	PDZK1	1	1	3.1613889666252475	3.1613889666252475	3.1613889666252475
CCL21	XKR9	1	1	3.15795164656122	3.15795164656122	3.15795164656122
CCL21	SLC37A4	1	1	3.1490195244750687	3.1490195244750687	3.1490195244750687
CCL21	TRIM31	1	1	3.101351421187529	3.101351421187529	3.101351421187529
CCL21	VASH1	1	1	3.0728762657280932	3.0728762657280932	3.0728762657280932
CCL21	RAPGEFL1	1	1	3.0223262433726985	3.0223262433726985	3.0223262433726985
CCL21	CRIP2	1	1	3.015694857787237	3.015694857787237	3.015694857787237
CCL21	KIF1C	1	1	3.0108440607717273	3.0108440607717273	3.0108440607717273
CCL21	CD200	1	1	2.9567440472132698	2.9567440472132698	2.9567440472132698
CCL21	HLA-E	1	1	2.9210511322886887	2.9210511322886887	2.9210511322886887
CCL21	HEXA	1	1	2.887332578118539	2.887332578118539	2.887332578118539
CCL21	C1QA	1	1	2.801923098076062	2.801923098076062	2.801923098076062
CCL21	PALM2-AKAP2	1	1	2.799667590958029	2.799667590958029	2.799667590958029
CCL21	CCN3	2	1	2.781339581705796	6.436647553629068	-0.8739683902174756
CCL21	SVEP1	2	1	2.769106610246111	10.077351705504723	-4.539138485012502
CCL21	VWA5B2	1	1	2.7178467321875757	2.7178467321875757	2.7178467321875757
CCL21	CD163	1	1	2.694046646346649	2.694046646346649	2.694046646346649
CCL21	BHLHE40	1	1	2.681952961573894	2.681952961573894	2.681952961573894
CCL21	ACSF2	1	1	2.621354561001674	2.621354561001674	2.621354561001674
CCL21	HIST1H2AC	1	1	2.611460636948054	2.611460636948054	2.611460636948054
CCL21	HGS	1	1	2.590639773318752	2.590639773318752	2.590639773318752
CCL21	CCL8	1	1	2.5406644900536524	2.5406644900536524	2.5406644900536524
CCL21	CAPN13	1	1	2.5297761817354374	2.5297761817354374	2.5297761817354374
CCL21	WNT7A	1	1	2.518711302262711	2.518711302262711	2.518711302262711
CCL21	IL20RB	1	1	2.511108173544694	2.511108173544694	2.511108173544694
CCL21	STAB1	2	1	2.438133951594105	5.160719501129707	-0.2844515979414967
CCL21	VSIG4	1	1	2.4002586051668464	2.4002586051668464	2.4002586051668464
CCL21	ENTPD1	1	1	2.355865656056676	2.355865656056676	2.355865656056676
CCL21	BST2	1	1	2.3161120577573167	2.3161120577573167	2.3161120577573167
CCL21	SV2B	1	1	2.2832881483442256	2.2832881483442256	2.2832881483442256
CCL21	C1orf116	1	1	2.264635498803774	2.264635498803774	2.264635498803774
CCL21	GREM2	1	1	2.2612100207628747	2.2612100207628747	2.2612100207628747
CCL21	TYMP	1	1	2.2256577698992386	2.2256577698992386	2.2256577698992386
CCL21	ADAM19	2	1	2.223541597805549	4.4641141692206405	-0.017030973609542626
CCL21	TAGLN2	1	1	2.217989779298819	2.217989779298819	2.217989779298819
CCL21	IL27RA	1	1	2.2179430376235154	2.2179430376235154	2.2179430376235154
CCL21	LST1	1	1	2.20726608242716	2.20726608242716	2.20726608242716
CCL21	IFNGR2	1	1	2.158384685095153	2.158384685095153	2.158384685095153
CCL21	TNFRSF9	1	1	2.1543015238933085	2.1543015238933085	2.1543015238933085
CCL21	MORN1	1	1	2.153280853305195	2.153280853305195	2.153280853305195
CCL21	RACK1	1	1	2.1113033432175796	2.1113033432175796	2.1113033432175796
CCL21	AQP9	1	1	2.0685202963952625	2.0685202963952625	2.0685202963952625
CCL21	ODF3B	1	1	2.058187368019653	2.058187368019653	2.058187368019653
CCL21	APOL1	1	1	2.053455172216192	2.053455172216192	2.053455172216192
CCL21	RGS9	1	1	2.0229407246684317	2.0229407246684317	2.0229407246684317
CCL21	GPX4	1	1	2.0011264995823774	2.0011264995823774	2.0011264995823774
CCL21	ADAMTS2	1	1	1.976734579488284	1.976734579488284	1.976734579488284
CCL21	RNF207	1	1	1.9619023823302637	1.9619023823302637	1.9619023823302637
CCL21	ALPL	1	1	1.9599305711441326	1.9599305711441326	1.9599305711441326
CCL21	LYPD2	2	1	1.9549241224114198	3.971266702723334	-0.06141845790049441
CCL21	IGFN1	1	1	1.9535773614400946	1.9535773614400946	1.9535773614400946
CCL21	KRT20	2	1	1.95308698616694	4.102356456491924	-0.19618248415804393
CCL21	KCP	1	1	1.9220882572095401	1.9220882572095401	1.9220882572095401
CCL21	JAK3	1	1	1.9123769340236907	1.9123769340236907	1.9123769340236907
CCL21	SCARF1	1	1	1.8945518288017975	1.8945518288017975	1.8945518288017975
CCL21	FAM20A	1	1	1.88472280417904	1.88472280417904	1.88472280417904
CCL21	LCN12	1	1	1.8814155766959055	1.8814155766959055	1.8814155766959055
CCL21	ZNF552	1	1	1.8786124730995255	1.8786124730995255	1.8786124730995255
CCL21	IFIT1	1	1	1.8574771123448086	1.8574771123448086	1.8574771123448086
CCL21	GRIPAP1	1	1	1.8503113127900432	1.8503113127900432	1.8503113127900432
CCL21	ZNF888	1	1	1.8449166173070515	1.8449166173070515	1.8449166173070515
CCL21	LUC7L3	1	1	1.827916140199545	1.827916140199545	1.827916140199545
CCL21	ACTN4	1	1	1.8220954723058926	1.8220954723058926	1.8220954723058926
CCL21	SLC39A4	1	1	1.8157608056798136	1.8157608056798136	1.8157608056798136
CCL21	HLA-DOA	1	1	1.735405249387688	1.735405249387688	1.735405249387688
CCL21	ALS2CL	2	1	1.718353021682325	3.6644650401119288	-0.22775899674727876
CCL21	PLOD2	1	1	1.7127512658667594	1.7127512658667594	1.7127512658667594
CCL21	SULT2B1	1	1	1.706686554515262	1.706686554515262	1.706686554515262
CCL21	SHANK3	1	1	1.6628682898218616	1.6628682898218616	1.6628682898218616
CCL21	INMT	2	1	1.6600266536138377	6.221512496136976	-2.9014591889093
CCL21	PTGES	1	1	1.6504980731733998	1.6504980731733998	1.6504980731733998
CCL21	DLK1	2	1	1.6434774762523237	10.298365398905723	-7.011410446401076
CCL21	ZFP36L2	1	1	1.6395821223701048	1.6395821223701048	1.6395821223701048
CCL21	JPH2	2	1	1.5738292940846659	3.328890511859596	-0.181231923690264
CCL21	CARNS1	1	1	1.57179279412591	1.57179279412591	1.57179279412591
CCL21	TXNDC5	1	1	1.531729703213257	1.531729703213257	1.531729703213257
CCL21	SLC37A1	1	1	1.5260268030515014	1.5260268030515014	1.5260268030515014
CCL21	MYH9	1	1	1.5257103935308949	1.5257103935308949	1.5257103935308949
CCL21	ICAM1	2	1	1.497712542122093	3.5332691943146117	-0.5378441100704258
CCL21	CHCHD2	1	1	1.4631334759186123	1.4631334759186123	1.4631334759186123
CCL21	SPHK1	1	1	1.4605998050336926	1.4605998050336926	1.4605998050336926
CCL21	CSTA	1	1	1.4493244466476713	1.4493244466476713	1.4493244466476713
CCL21	SPATA20	1	1	1.4464134181909383	1.4464134181909383	1.4464134181909383
CCL21	TRAF1	1	1	1.4449668394053254	1.4449668394053254	1.4449668394053254
CCL21	FAS	1	1	1.4440628468387307	1.4440628468387307	1.4440628468387307
CCL21	IFIT2	1	1	1.4434885481200164	1.4434885481200164	1.4434885481200164
CCL21	UPK3B	1	1	1.43835149484215	1.43835149484215	1.43835149484215
CCL21	GABARAP	1	1	1.431162616672896	1.431162616672896	1.431162616672896
CCL21	ZBED2	1	1	1.430252810682446	1.430252810682446	1.430252810682446
CCL21	PRPH	1	1	1.42284629545324	1.42284629545324	1.42284629545324
CCL21	FCGRT	1	1	1.3965669594232655	1.3965669594232655	1.3965669594232655
CCL21	VIM	2	1	1.391743606335321	2.9115863351884697	-0.12809912251782776
CCL21	CRCT1	1	1	1.3731862512205202	1.3731862512205202	1.3731862512205202
CCL21	NDUFB9	1	1	1.3683595794065635	1.3683595794065635	1.3683595794065635
CCL21	KLF9	2	1	1.356922943257914	6.590085435854546	-3.8762395493387185
CCL21	ANKH	1	1	1.3554730209050623	1.3554730209050623	1.3554730209050623
CCL21	NDRG2	2	1	1.3505721654342602	2.997579813144131	-0.29643548227561084
CCL21	RGS1	1	1	1.3330892804695926	1.3330892804695926	1.3330892804695926
CCL21	ROBO1	1	1	1.3303232087090555	1.3303232087090555	1.3303232087090555
CCL21	DDR1	2	1	1.2998863397041893	3.304088690556911	-0.7043160111485322
CCL21	ARHGAP31	1	1	1.2976558335226993	1.2976558335226993	1.2976558335226993
CCL21	GSTK1	1	1	1.2962070034616104	1.2962070034616104	1.2962070034616104
CCL21	TLE5	1	1	1.2830948681527927	1.2830948681527927	1.2830948681527927
CCL21	GASK1B	2	1	1.2712655262838504	4.148757558623863	-1.6062265060561625
CCL21	JAG1	1	1	1.2634942522734618	1.2634942522734618	1.2634942522734618
CCL21	NCKAP5	1	1	1.2113224088996053	1.2113224088996053	1.2113224088996053
CCL21	FCER1G	2	1	1.204724655516746	2.8611635257069246	-0.4517142146734327
CCL21	TC2N	1	1	1.2017048737043867	1.2017048737043867	1.2017048737043867
CCL21	SERPINA5	2	1	1.1981522904278665	8.11544937840262	-5.719144797546886
CCL21	PRXL2B	2	1	1.1800395597551863	2.5275402732562364	-0.16746115374586373
CCL21	KSR1	1	1	1.1685525227672853	1.1685525227672853	1.1685525227672853
CCL21	MFGE8	1	1	1.1622485995540017	1.1622485995540017	1.1622485995540017
CCL21	TAF15	1	1	1.148701560895284	1.148701560895284	1.148701560895284
CCL21	DEGS2	1	1	1.1318123322358498	1.1318123322358498	1.1318123322358498
CCL21	SRRM2	1	1	1.1307554818944785	1.1307554818944785	1.1307554818944785
CCL21	CST3	1	1	1.1180971079094477	1.1180971079094477	1.1180971079094477
CCL21	PTK6	1	1	1.112647616741298	1.112647616741298	1.112647616741298
CCL21	PLVAP	2	1	1.1083401797033658	4.814783644325538	-2.5981032849188064
CCL21	VILL	2	1	1.092157146015099	2.9247672666349773	-0.7404529746047797
CCL21	ARHGDIA	1	1	1.0653944686732315	1.0653944686732315	1.0653944686732315
CCL21	ECH1	1	1	1.0460716250793574	1.0460716250793574	1.0460716250793574
CCL21	MME	1	1	1.0430402417306137	1.0430402417306137	1.0430402417306137
CCL21	CD82	1	1	1.0079717661218577	1.0079717661218577	1.0079717661218577
CCL21	CTNNBIP1	1	1	0.9891514315200837	0.9891514315200837	0.9891514315200837
CCL21	ZNF460	1	1	0.9843867633404022	0.9843867633404022	0.9843867633404022
CCL21	JPH1	1	1	0.9785294850096206	0.9785294850096206	0.9785294850096206
CCL21	TRAK1	1	1	0.9724098854087806	0.9724098854087806	0.9724098854087806
CCL21	IGFBP7	2	1	0.9628636495704068	2.004130574574631	-0.07840327543381727
CCL21	FXYD1	2	1	0.9301768083441825	1.993440375925327	-0.1330867592369621
CCL21	SLC12A7	1	1	0.9255040956282323	0.9255040956282323	0.9255040956282323
CCL21	CSF2RB	1	1	0.9210923139738613	0.9210923139738613	0.9210923139738613
CCL21	ADH1C	1	1	0.9205852846183767	0.9205852846183767	0.9205852846183767
CCL21	LENG8	1	1	0.8938358528577738	0.8938358528577738	0.8938358528577738
CCL21	GNAS	1	1	0.8800108974195733	0.8800108974195733	0.8800108974195733
CCL21	SLC1A5	1	1	0.8739247051622941	0.8739247051622941	0.8739247051622941
CCL21	FAM49B	1	1	0.8578678855557963	0.8578678855557963	0.8578678855557963
CCL21	PSMA7	1	1	0.8554063328633145	0.8554063328633145	0.8554063328633145
CCL21	DKK3	1	1	0.8295677607531097	0.8295677607531097	0.8295677607531097
CCL21	TIMP2	2	1	0.8262498769048509	2.922076061098665	-1.2695763072889632
CCL21	TSPAN13	1	1	0.8228511787307785	0.8228511787307785	0.8228511787307785
CCL21	ENC1	1	1	0.8227449501411035	0.8227449501411035	0.8227449501411035
CCL21	ADAMTS12	1	1	0.8190147150632722	0.8190147150632722	0.8190147150632722
CCL21	DKK1	2	1	0.8110466219744767	3.757153084485716	-2.1350598405367625
CCL21	IL4R	1	1	0.8093714601609331	0.8093714601609331	0.8093714601609331
CCL21	ENAH	1	1	0.7992640421425913	0.7992640421425913	0.7992640421425913
CCL21	RBP5	1	1	0.7795688898349784	0.7795688898349784	0.7795688898349784
CCL21	METRNL	1	1	0.7774381422534327	0.7774381422534327	0.7774381422534327
CCL21	B4GALNT3	1	1	0.7771321606183358	0.7771321606183358	0.7771321606183358
CCL21	CHPF	1	1	0.7738526529956941	0.7738526529956941	0.7738526529956941
CCL21	ALDOB	2	1	0.768417514824568	3.793564259609899	-2.256729229960763
CCL21	MPZL2	1	1	0.7652648690727504	0.7652648690727504	0.7652648690727504
CCL21	RNF213	2	1	0.7633856410549715	1.7683689912164644	-0.24159770910652126
CCL21	HIST1H4E	1	1	0.7475419130659079	0.7475419130659079	0.7475419130659079
CCL21	STC1	1	1	0.7438090218701368	0.7438090218701368	0.7438090218701368
CCL21	CIRBP	1	1	0.7397200603307199	0.7397200603307199	0.7397200603307199
CCL21	KRT4	1	1	0.7342484539480887	0.7342484539480887	0.7342484539480887
CCL21	LCE2A	1	1	0.7312279721389183	0.7312279721389183	0.7312279721389183
CCL21	CALU	1	1	0.7177514800423008	0.7177514800423008	0.7177514800423008
CCL21	GGT5	2	1	0.7146856262779013	1.8466624979418607	-0.4172912453860579
CCL21	OASL	1	1	0.7038891116067795	0.7038891116067795	0.7038891116067795
CCL21	SPRR4	1	1	0.7011997559535252	0.7011997559535252	0.7011997559535252
CCL21	HIST1H3H	1	1	0.6979812747935233	0.6979812747935233	0.6979812747935233
CCL21	LRP1	2	1	0.6916599780688237	4.997014803721571	-3.6136948475839237
CCL21	CYP4F22	1	1	0.6832811976350192	0.6832811976350192	0.6832811976350192
CCL21	NUAK1	1	1	0.6813227866021917	0.6813227866021917	0.6813227866021917
CCL21	SAT1	1	1	0.677002385570416	0.677002385570416	0.677002385570416
CCL21	MPST	1	1	0.6544181649182461	0.6544181649182461	0.6544181649182461
CCL21	ABHD2	1	1	0.6505188839885481	0.6505188839885481	0.6505188839885481
CCL21	C2CD4A	1	1	0.6469258705560094	0.6469258705560094	0.6469258705560094
CCL21	C1orf68	1	1	0.6434802254389822	0.6434802254389822	0.6434802254389822
CCL21	QDPR	1	1	0.6432990087204488	0.6432990087204488	0.6432990087204488
CCL21	FXYD5	2	1	0.6404254475375446	1.7405677602493739	-0.4597168651742847
CCL21	SYNGR2	1	1	0.6362404504184959	0.6362404504184959	0.6362404504184959
CCL21	PPDPF	1	1	0.6334372010484349	0.6334372010484349	0.6334372010484349
CCL21	NOP53	1	1	0.6237813448519157	0.6237813448519157	0.6237813448519157
CCL21	ZNF185	1	1	0.6108076567203635	0.6108076567203635	0.6108076567203635
CCL21	S100B	1	1	0.6066228446600371	0.6066228446600371	0.6066228446600371
CCL21	ICA1	1	1	0.6037372888868203	0.6037372888868203	0.6037372888868203
CCL21	CLCA1	1	1	0.5985247002622072	0.5985247002622072	0.5985247002622072
CCL21	LSP1	1	1	0.59822589663029	0.59822589663029	0.59822589663029
CCL21	ACTC1	1	1	0.5976533226530718	0.5976533226530718	0.5976533226530718
CCL21	CTSH	1	1	0.5955731652594368	0.5955731652594368	0.5955731652594368
CCL21	IMPA2	1	1	0.5845220961279922	0.5845220961279922	0.5845220961279922
CCL21	SERF2	1	1	0.5726711173827562	0.5726711173827562	0.5726711173827562
CCL21	PGLYRP3	1	1	0.5669022796401908	0.5669022796401908	0.5669022796401908
CCL21	PLK3	1	1	0.5565177986496441	0.5565177986496441	0.5565177986496441
CCL21	VCAM1	1	1	0.5549492050738533	0.5549492050738533	0.5549492050738533
CCL21	ARL4C	1	1	0.5479948524969663	0.5479948524969663	0.5479948524969663
CCL21	CTNNB1	1	1	0.5475435303507411	0.5475435303507411	0.5475435303507411
CCL21	ANAPC16	1	1	0.5222172950359188	0.5222172950359188	0.5222172950359188
CCL21	MSR1	1	1	0.5141409591031465	0.5141409591031465	0.5141409591031465
CCL21	COL18A1	1	1	0.5120470529158222	0.5120470529158222	0.5120470529158222
CCL21	TRIM59	1	1	0.503126719988643	0.503126719988643	0.503126719988643
CCL21	TMEM70	1	1	0.5026485996949124	0.5026485996949124	0.5026485996949124
CCL21	TGFBR3	1	1	0.4893761175731677	0.4893761175731677	0.4893761175731677
CCL21	PODXL	2	1	0.48586605257171644	1.712761323416708	-0.7410292182732752
CCL21	NCSTN	1	1	0.4740644453486175	0.4740644453486175	0.4740644453486175
CCL21	CTSD	1	1	0.4700677875541557	0.4700677875541557	0.4700677875541557
CCL21	SEMA5A	1	1	0.46916610463679415	0.46916610463679415	0.46916610463679415
CCL21	ST3GAL4	1	1	0.46574607783638333	0.46574607783638333	0.46574607783638333
CCL21	IKBKE	1	1	0.4629385437717087	0.4629385437717087	0.4629385437717087
CCL21	DCD	2	1	0.45911517727488294	1.6379982556574733	-0.7197679011077074
CCL21	PTCH1	1	1	0.4434234787983338	0.4434234787983338	0.4434234787983338
CCL21	GEM	1	1	0.4405158375623706	0.4405158375623706	0.4405158375623706
CCL21	FJX1	1	1	0.4338229997408227	0.4338229997408227	0.4338229997408227
CCL21	FTH1	1	1	0.43254745485774	0.43254745485774	0.43254745485774
CCL21	RHOV	1	1	0.42703422133967944	0.42703422133967944	0.42703422133967944
CCL21	SMG1	1	1	0.41437407936627635	0.41437407936627635	0.41437407936627635
CCL21	CABP7	1	1	0.40171946809722203	0.40171946809722203	0.40171946809722203
CCL21	SPRR2G	1	1	0.39653684381939097	0.39653684381939097	0.39653684381939097
CCL21	TMSB4X	1	1	0.386047598115458	0.386047598115458	0.386047598115458
CCL21	CASP5	1	1	0.3787991110305036	0.3787991110305036	0.3787991110305036
CCL21	CRIM1	1	1	0.3724070459543196	0.3724070459543196	0.3724070459543196
CCL21	CLSTN2	1	1	0.36552275657972577	0.36552275657972577	0.36552275657972577
CCL21	TRIM28	1	1	0.35087001015318214	0.35087001015318214	0.35087001015318214
CCL21	SMIM3	1	1	0.3483659131540995	0.3483659131540995	0.3483659131540995
CCL21	C12orf75	1	1	0.3237597434028717	0.3237597434028717	0.3237597434028717
CCL21	WNK1	1	1	0.3212942364613671	0.3212942364613671	0.3212942364613671
CCL21	IGLV4-60	1	1	0.32001522421893824	0.32001522421893824	0.32001522421893824
CCL21	CLMP	1	1	0.29688241953797856	0.29688241953797856	0.29688241953797856
CCL21	ERBB2	1	1	0.29624737954773883	0.29624737954773883	0.29624737954773883
CCL21	PROS1	1	1	0.29459617131773796	0.29459617131773796	0.29459617131773796
CCL21	ETNK1	1	1	0.28361611156105576	0.28361611156105576	0.28361611156105576
CCL21	PSAPL1	1	1	0.275750616674275	0.275750616674275	0.275750616674275
CCL21	CAV2	1	1	0.2686953973614284	0.2686953973614284	0.2686953973614284
CCL21	SLC44A1	1	1	0.2686787541523331	0.2686787541523331	0.2686787541523331
CCL21	PTGES3	1	1	0.2651391135396759	0.2651391135396759	0.2651391135396759
CCL21	SGMS2	1	1	0.2588057864884276	0.2588057864884276	0.2588057864884276
CCL21	CLDN6	1	1	0.2501074162721099	0.2501074162721099	0.2501074162721099
CCL21	CRYBG2	1	1	0.24685388626563046	0.24685388626563046	0.24685388626563046
CCL21	GPC3	1	1	0.24626113363287513	0.24626113363287513	0.24626113363287513
CCL21	TENT5C	1	1	0.24497044610939975	0.24497044610939975	0.24497044610939975
CCL21	LPCAT4	1	1	0.24341021184531136	0.24341021184531136	0.24341021184531136
CCL21	MRFAP1L1	1	1	0.23898906403258663	0.23898906403258663	0.23898906403258663
CCL21	ECM1	1	1	0.23608334069645123	0.23608334069645123	0.23608334069645123
CCL21	MAZ	1	1	0.22911692234784295	0.22911692234784295	0.22911692234784295
CCL21	CCN4	1	1	0.2283813269428861	0.2283813269428861	0.2283813269428861
CCL21	CCNI	1	1	0.2249126217782343	0.2249126217782343	0.2249126217782343
CCL21	ANKRD22	1	1	0.19700098664584242	0.19700098664584242	0.19700098664584242
CCL21	NR2F2	1	1	0.19541904219721173	0.19541904219721173	0.19541904219721173
CCL21	PCSK6	1	1	0.17715709565918417	0.17715709565918417	0.17715709565918417
CCL21	TM4SF5	1	1	0.1758115642708044	0.1758115642708044	0.1758115642708044
CCL21	CPED1	1	1	0.17493920863187082	0.17493920863187082	0.17493920863187082
CCL21	TLCD3A	1	1	0.17040802926507265	0.17040802926507265	0.17040802926507265
CCL21	SCGB1D2	1	1	0.16399962272865914	0.16399962272865914	0.16399962272865914
CCL21	CDA	1	1	0.16088242521473184	0.16088242521473184	0.16088242521473184
CCL21	EEF1B2	1	1	0.1552107429270309	0.1552107429270309	0.1552107429270309
CCL21	PDLIM4	1	1	0.1530360412403935	0.1530360412403935	0.1530360412403935
CCL21	IFIT3	2	1	0.14947646178766183	2.211049658303504	-1.9120967347281805
CCL21	CERS3	1	1	0.13611833186332162	0.13611833186332162	0.13611833186332162
CCL21	PGK1	1	1	0.12623831995627927	0.12623831995627927	0.12623831995627927
CCL21	MAPK10	1	1	0.12607772333567996	0.12607772333567996	0.12607772333567996
CCL21	ADARB1	1	1	0.12460928204177868	0.12460928204177868	0.12460928204177868
CCL21	C1orf21	1	1	0.12221584862467766	0.12221584862467766	0.12221584862467766
CCL21	SRSF2	1	1	0.1175342459596431	0.1175342459596431	0.1175342459596431
CCL21	TMC4	1	1	0.09544634599678777	0.09544634599678777	0.09544634599678777
CCL21	CCL15	1	1	0.0927776418675624	0.0927776418675624	0.0927776418675624
CCL21	HLA-DQB2	1	1	0.08854580216609927	0.08854580216609927	0.08854580216609927
CCL21	CEBPA	1	1	0.08718618770225187	0.08718618770225187	0.08718618770225187
CCL21	RAI14	1	1	0.07922236958928901	0.07922236958928901	0.07922236958928901
CCL21	TMEM184A	1	1	0.07535266095981166	0.07535266095981166	0.07535266095981166
CCL21	PABPC1	1	1	0.07375440320244396	0.07375440320244396	0.07375440320244396
CCL21	TNFSF14	2	1	0.07160892015890097	3.726951118009495	-3.5837332776916933
CCL21	PEG10	2	1	0.06738749129506205	6.888464821461483	-6.753689838871359
CCL21	MSMB	1	1	0.06065655414085341	0.06065655414085341	0.06065655414085341
CCL21	ZFP36	1	1	0.05864752899544003	0.05864752899544003	0.05864752899544003
CCL21	ZFP36L1	1	1	0.0557431129141836	0.0557431129141836	0.0557431129141836
CCL21	ITPRID2	2	1	0.04944199005608185	2.6264800879635697	-2.527596107851406
CCL21	PTGS1	2	1	0.04886130611355355	0.7486055400958337	-0.6508829278687266
CCL21	MT1A	1	1	0.048436059292372616	0.048436059292372616	0.048436059292372616
CCL21	LBH	2	1	0.044003850382322796	3.1587320994767625	-3.070724398712117
CCL21	MMP1	2	1	0.0138078536832269	1.2965430445890234	-1.2689273372225696
CCL21	KLF4	2	1	0.01307714706271712	1.4987800098907151	-1.472625715765281
CCL21	BNIP5	1	1	0.012472428121055344	0.012472428121055344	0.012472428121055344
CCL21	SERPINA12	1	1	0.010993163496569336	0.010993163496569336	0.010993163496569336
CCL21	CYGB	1	1	0.006193725733212658	0.006193725733212658	0.006193725733212658
CCL21	GATD1	1	1	0.0014807835712068952	0.0014807835712068952	0.0014807835712068952
CCL21	LLGL2	1	1	0.0012625658561934256	0.0012625658561934256	0.0012625658561934256
CCL21	SGK1	3	1	-0.010425178305783671	4.8480081692574055	-8.50668620183013
CCL21	STRA6	2	1	-0.012930020563612032	1.3343216227028807	-1.3601816638301047
CCL21	MUC5AC	4	1	-0.030423457934279433	1.6459569549400095	-5.576242200322983
CCL21	C6orf141	3	1	-0.03046681419993637	0.17129162566663553	-1.1237259182351438
CCL21	FTL	3	1	-0.03835310751135153	1.0492023212774835	-0.5063008939246242
CCL21	BCAM	3	1	-0.051270353948915694	2.6910789436012914	-0.9185107970391089
CCL21	C5orf46	3	1	-0.12604429599935502	0.08296772715544111	-14.307177132656546
CCL21	LMNA	2	1	-0.1377922680084089	0.11482784028049198	-0.3904123762973098
CCL21	CXCL9	2	1	-0.15694444612838088	1.4309223938782771	-1.7448112861350389
CCL21	MARCKSL1	2	1	-0.1658128496424856	0.0400954323620034	-0.3717211316469746
CCL21	TSC22D3	2	1	-0.1733632841678019	5.114736886146648	-5.461463454482252
CCL21	MX1	2	1	-0.1916178187546666	0.9222073870387596	-1.3054430245480928
CCL21	ELL2	2	1	-0.19500664812019797	1.06670515142248	-1.4567184476628758
CCL21	MXD1	2	1	-0.19714000037244986	0.35102720402562376	-0.7453072047705235
CCL21	CAV1	2	1	-0.20909227428627783	0.017318926742071045	-0.4355034753146267
CCL21	GLUL	2	1	-0.21042779877135542	2.087186987595855	-2.5080425851385657
CCL21	CBLC	3	1	-0.22440648180344835	0.8211089566187861	-0.7761464883646577
CCL21	OLFML2B	3	1	-0.2533715481197706	1.627306396725606	-0.28715505107495287
CCL21	MMP19	2	1	-0.27420676017990253	3.3235704802193933	-3.8719840005791983
CCL21	EGR3	2	1	-0.28340086733852426	0.763529252321426	-1.3303309869984745
CCL21	LSR	4	1	-0.32479923562756813	0.6959324495975883	-8.726096710830468
CCL21	PHGR1	2	1	-0.33265923070970244	0.2317563609944485	-0.8970748224138534
CCL21	S100A4	5	1	-0.34964691910737067	4.6901769177851635	-9.947056873283804
CCL21	PPBP	2	1	-0.3719353176197078	1.64698627891931	-2.3908569141587255
CCL21	AC007906.2	2	1	-0.3881933666582361	1.8108500587605965	-2.5872367920770687
CCL21	ANGPTL4	2	1	-0.49705522576211875	0.34903033257000426	-1.3431407840942418
CCL21	EVPL	2	1	-0.5101114257277515	0.3734110427223941	-1.3936338941778972
CCL21	ASS1	3	1	-0.5191111617905149	0.20161207643845439	-3.18142996099144
CCL21	DPYSL3	4	1	-0.5432998105659462	0.8627283601259341	-5.340372570061508
CCL21	ENO1	2	1	-0.5476259906877122	0.39982017645904144	-1.495072157834466
CCL21	PPP1R15A	2	1	-0.5505580802437959	0.444720034581559	-1.5458361950691508
CCL21	TOB1	3	1	-0.5552980985650848	2.607926922918425	-0.9647832439093464
CCL21	CST4	2	1	-0.55739416065601	1.399246562669921	-2.514034883981941
CCL21	RASGRF2	3	1	-0.580812505969357	0.12475628017217161	-7.621584960064249
CCL21	ACP5	3	1	-0.5848005165079859	7.728352144011082	-3.330523215473374
CCL21	REG4	3	1	-0.5885219737791021	3.2780633156590353	-1.142442689887991
CCL21	PRICKLE4	2	1	-0.6319383483099874	0.379066201250699	-1.6429428978706737
CCL21	MYRF	3	1	-0.6358299282403524	0.5029704725239196	-1.2174540080849017
CCL21	HSPA1A	5	1	-0.642334293448686	1.3982971262987307	-2.6421420357571637
CCL21	GJA1	3	1	-0.6523073910115286	0.9563349025092001	-3.713594443079282
CCL21	LOX	4	1	-0.6974768922524247	3.4863516349102195	-3.0656306254514476
CCL21	ALOX5AP	2	1	-0.699001597440686	2.8364026118420145	-4.2344058067233865
CCL21	JUN	4	1	-0.7387289845476213	2.2778546429375663	-7.245578490648158
CCL21	ST6GALNAC5	2	1	-0.7457175164791494	0.4043329785891212	-1.89576801154742
CCL21	RSAD2	2	1	-0.7561660612403671	0.8287574906448385	-2.3410896131255727
CCL21	CHI3L1	3	1	-0.7777501094589596	0.2316075041180529	-9.481330082292397
CCL21	CLIC4	2	1	-0.7869870213810142	0.0635056121240863	-1.6374796548861146
CCL21	CLIC5	2	1	-0.7929484231025179	0.44293430494596986	-2.0288311511510058
CCL21	CXCL17	4	1	-0.8046103090112985	0.38843428313139544	-7.162171673439416
CCL21	PLIN2	3	1	-0.8188820411634561	0.4088098478069368	-1.0100638003141464
CCL21	MFAP5	6	1	-0.8277042014299199	0.005726610443311405	-12.120342857902205
CCL21	CHCHD1	2	1	-0.8413101963535592	0.3340665864177278	-2.016686979124846
CCL21	DNAJB1	2	1	-0.8719955373729109	0.036884186807561545	-1.7808752615533834
CCL21	TCN1	5	1	-0.8848043989833694	1.4188398640314037	-10.641194179022255
CCL21	NCAM1	2	1	-0.8966970062580522	2.860666506475352	-4.654060518991456
CCL21	LGALS4	9	1	-0.9033696701316924	0.3230321041025497	-14.29087730680013
CCL21	CYSTM1	4	1	-0.9172990288346441	0.12481579071671459	-1.801193840828027
CCL21	LOXL1	3	1	-0.9309495318846783	0.38700305325984136	-5.044202424781084
CCL21	GCNT3	5	1	-0.9386215046396524	0.3103485357183115	-6.238428104582763
CCL21	ITGB4	9	1	-0.9511114942767159	1.6912951161414977	-11.550081264813041
CCL21	CST6	3	1	-0.9533156545161733	1.4433622678516935	-9.525443271788372
CCL21	PADI1	4	1	-0.9835085689993772	1.5633749780785855	-9.649941588711618
CCL21	TACSTD2	7	1	-0.9902684844070463	0.8411169179489855	-20.859540311894126
CCL21	PDIA2	3	1	-0.9944558703739473	11.915949069387542	-2.2208613385188967
CCL21	EPYC	5	1	-1.0281627477773494	1.6171718391933532	-12.311204381054782
CCL21	ITPRIP	2	1	-1.0346168639515554	0.3991354814641677	-2.4683692093672787
CCL21	GC	3	1	-1.0649747077402552	11.780604003449344	-1.6466430549700413
CCL21	LAMC2	5	1	-1.0701139489312221	0.16901528182903072	-17.149029020277325
CCL21	COL1A2	3	1	-1.0726941922891444	1.991434923017053	-2.162691919492132
CCL21	FCGBP	4	1	-1.0815463601741067	0.40421982205795653	-2.6735909968624787
CCL21	JUP	4	1	-1.0967330885447115	0.18820654745927695	-19.643369361695214
CCL21	AQP3	3	1	-1.1063590413410749	2.088654884901262	-12.241094321355236
CCL21	PODN	2	1	-1.127318659397238	0.38775287519947965	-2.6423901939939554
CCL21	S100A16	3	1	-1.1298058277667584	0.6110068156069058	-17.631857214015533
CCL21	ANXA4	3	1	-1.13732648670768	1.9820478268533217	-2.824159276291741
CCL21	KCNK1	10	1	-1.1566807038864626	0.8963303826876955	-8.1592050396643
CCL21	PCDH1	4	1	-1.1910607429887974	3.3226158918592907	-4.106461035510068
CCL21	AOX1	2	1	-1.2537740293913102	0.05228406465499762	-2.559832123437618
CCL21	PPP1R14C	2	1	-1.2566934761734894	1.1636638515151225	-3.6770508038621013
CCL21	ISM1	3	1	-1.2945070605065974	0.3288790935277274	-6.339720097627303
CCL21	COL7A1	4	1	-1.2979206664715415	1.530473803966887	-13.007189810828804
CCL21	TPM1	3	1	-1.3110425509807873	0.19023592437795334	-3.756747956940644
CCL21	DHRS9	3	1	-1.3178455910297577	1.4296368808299567	-2.792593818587148
CCL21	MRC2	3	1	-1.322648511390398	2.6441609770147556	-2.82463553716859
CCL21	RGS16	7	1	-1.3400701037106206	0.533828092605957	-11.656830670129118
CCL21	PTGER3	2	1	-1.3531396112079015	0.24251931133705934	-2.9487985337528624
CCL21	SYT8	7	1	-1.3689885194880151	3.396462125341916	-13.19758078929522
CCL21	DHRS3	4	1	-1.40340856677531	0.9897125767758034	-2.0110115868322516
CCL21	COL3A1	3	1	-1.4406043781069464	1.7598850061115314	-2.149725225251582
CCL21	PLAU	6	1	-1.460239316091253	2.0756026927788205	-10.231898251197178
CCL21	FAM83A	3	1	-1.4686443704772643	2.700329215574316	-3.442023400611553
CCL21	SOD2	3	1	-1.4717685114941628	2.2414398989866706	-3.001387461484244
CCL21	FN1	5	1	-1.4827015898957001	1.3322266527938913	-8.988063724061531
CCL21	IFI44L	3	1	-1.5125302489496613	4.866254740861972	-1.9577461118889814
CCL21	STMN2	4	1	-1.5531363797452058	1.0417615628404935	-5.114982169352804
CCL21	ITGA3	5	1	-1.602570882245784	2.4022884804604963	-14.848564328346459
CCL21	IER3	4	1	-1.626063997373366	0.6619593931133065	-10.05200621550394
CCL21	COL1A1	3	1	-1.634852278494143	1.3233702545140824	-2.3278511981104693
CCL21	SULT1C2	5	1	-1.6409856468652644	1.5280597482781093	-4.792728485154629
CCL21	TNFRSF12A	2	1	-1.650439507836577	0.05533158219924248	-3.3562105978723964
CCL21	FBP1	3	1	-1.668905301113	2.602613471917823	-2.8122486550670653
CCL21	CEACAM7	3	1	-1.688533222884773	2.062838913446102	-1.8056381231838543
CCL21	ANGPTL2	2	1	-1.692974748477719	1.8134340209446105	-5.199383517900048
CCL21	OCIAD2	4	1	-1.7150878126242302	0.3548161346402634	-16.370736381968126
CCL21	DUOXA2	4	1	-1.7470125063919442	2.4877426255808563	-3.9485737094983433
CCL21	HSPA1B	4	1	-1.7641230579341072	0.16009105221250422	-2.2318662394368163
CCL21	CMTM3	3	1	-1.7678685174815332	0.6738954949894648	-1.9496014127616124
CCL21	S100P	8	1	-1.7836087978895745	1.6048107505318212	-21.856756597797954
CCL21	TFF3	4	1	-1.7950003514542405	0.3090712001026309	-5.325919221755099
CCL21	LCN2	10	1	-1.7956044048164364	0.08550165995458896	-28.3711674242688
CCL21	CYP3A5	5	1	-1.8177384445546954	3.2316083239475084	-13.84999299099299
CCL21	PSCA	8	1	-1.8221363620786106	3.6498976764628304	-9.608310081503143
CCL21	VEGFA	4	1	-1.8275471699775554	0.46178864854919643	-4.051362460969384
CCL21	VGF	3	1	-1.873119327008957	12.999779740424461	-2.485857201295157
CCL21	PCOLCE	4	1	-1.9003558129012175	1.1467112517182732	-5.55427891914689
CCL21	CCL5	3	1	-1.9031256703062713	4.465918982218981	-2.493596119057007
CCL21	RCAN1	2	1	-1.9281943630767826	0.062041743222252116	-3.918430469375817
CCL21	INAVA	5	1	-1.9324922557225557	0.4905186695646145	-17.140540298476534
CCL21	C1QTNF3	4	1	-1.9345392492491205	0.2675121849875032	-12.297831946832035
CCL21	SCNN1A	4	1	-1.9389711762530584	0.8316463710021227	-9.024916860482893
CCL21	CEACAM5	5	1	-1.960499295774325	0.4893959472103449	-23.751420617948355
CCL21	DDIT4	3	1	-2.0068033265808434	1.8132617912755928	-4.3835716003441325
CCL21	CTSK	5	1	-2.1626186176941085	0.5657015757647956	-7.038903911731896
CCL21	KRT7	9	1	-2.17075382909452	0.09843675860196238	-22.526068754689998
CCL21	SPRR3	3	1	-2.2230500926929966	0.6527422583587397	-2.563778484567006
CCL21	CXCL8	8	1	-2.2917418642637872	0.9842248398831933	-13.794849139740903
CCL21	SCEL	3	1	-2.3085281006320906	0.05585482354513186	-10.200636393472314
CCL21	PLAUR	6	1	-2.383601746888118	0.28664830041035766	-6.915983609035567
CCL21	ONECUT2	3	1	-2.4177489953155593	4.0034331460074215	-6.4518276135032675
CCL21	ELF3	10	1	-2.4806535012959285	2.18716827825913	-22.80544254335273
CCL21	TMC5	7	1	-2.497270992907011	0.9029453806872365	-11.724077234920403
CCL21	TMPRSS4	6	1	-2.5285221882263436	0.0453838727162529	-15.167812184277587
CCL21	ITGB5	2	1	-2.529214383915472	0.20026639846335392	-5.258695166294298
CCL21	ITGB6	6	1	-2.5368158509831926	0.2855793397467972	-13.239903332780152
CCL21	VSTM2L	2	1	-2.5897365055649404	3.728262487696749	-8.90773549882663
CCL21	SLPI	10	1	-2.645148923106407	1.1888927456440386	-17.73626429389182
CCL21	SMAD3	4	1	-2.7294872820506773	1.322748013745623	-6.985748951998278
CCL21	S100A11	3	1	-2.7821057829259366	0.8937267494094356	-10.180148818090924
CCL21	MIA	2	1	-2.8185862842592093	1.7999111629470688	-7.437083731465488
CCL21	COL17A1	3	1	-2.8314532938863857	0.41230000283914187	-9.577331161226066
CCL21	KLF6	2	1	-2.8408897437057914	0.016648502933888244	-5.698427990345471
CCL21	ITGA11	8	1	-2.877886571203737	0.2303749957797648	-12.489328920967418
CCL21	CD55	5	1	-2.8942418905325997	0.38643517194828414	-3.271385139704185
CCL21	NET1	4	1	-2.895451381290491	1.918803473961335	-11.751554846118637
CCL21	AGR2	3	1	-2.90154479571831	2.4627245438490077	-8.442128633721817
CCL21	CAPN8	2	1	-2.9273642181246	0.3825077963233248	-6.237236232572525
CCL21	MUC1	8	1	-2.938000064666007	1.663707400368805	-24.890163792451283
CCL21	EEF1A2	3	1	-2.9926505943090183	8.866847874262419	-3.147762050069002
CCL21	CP	4	1	-3.008538805594553	5.266782884490427	-6.397363513051577
CCL21	KLK7	4	1	-3.0202653192114886	0.4252021400055851	-14.350222507359922
CCL21	EPCAM	7	1	-3.0250028620647376	1.0162546585140397	-19.540427600899612
CCL21	CXCL5	6	1	-3.0377938733096244	0.8231778581848824	-5.820864436169216
CCL21	TRIM29	5	1	-3.1060769232381875	1.0983259435003903	-19.320933947224532
CCL21	FIBIN	4	1	-3.1145498119068624	0.3437747921066588	-3.8180747043273238
CCL21	ANXA2	5	1	-3.120239155335882	0.21265129952273096	-12.639314417699577
CCL21	KRT16	4	1	-3.1249206692244464	3.0334235466880797	-13.963070114883614
CCL21	ERN2	2	1	-3.1358994588971822	0.027097365489000446	-6.298896283283365
CCL21	LXN	2	1	-3.1708164812975244	0.5594595755249251	-6.901092538119974
CCL21	MYH10	3	1	-3.1790206412245365	0.8595274194607225	-5.552090737149159
CCL21	IGFBP2	4	1	-3.2026463956646376	6.689242431635517	-4.866521763361425
CCL21	KRT15	3	1	-3.2422606572307906	2.7755822990494403	-10.96793281307247
CCL21	CSTB	4	1	-3.2613795556307723	1.0833288316274416	-18.688188793875934
CCL21	NBL1	4	1	-3.2944989194428373	0.5100532446540268	-9.02939951341662
CCL21	PDLIM5	2	1	-3.3690624031998078	0.2644230776167778	-7.002547884016393
CCL21	GPX2	6	1	-3.3809282194306136	2.181965270092219	-26.976846649621805
CCL21	KRT5	5	1	-3.445692525294792	2.801149271320162	-18.258761869449003
CCL21	KLK11	3	1	-3.4471267589659944	2.001496561049341	-10.939061840778175
CCL21	TSPAN1	7	1	-3.4481438739748986	0.6792291959173803	-19.29653839793915
CCL21	CYP26A1	2	1	-3.548406262055437	2.304638039914899	-9.401450564025772
CCL21	ERRFI1	4	1	-3.5836088359465426	0.9976710946586888	-12.271198803622065
CCL21	MMP3	2	1	-3.610167969844131	0.8837401277563652	-8.104076067444627
CCL21	TM4SF1	4	1	-3.671248721543818	0.1448360759086779	-15.673895199872417
CCL21	PDGFRA	2	1	-3.697994491826347	0.13433261942350475	-7.5303216030761995
CCL21	COL12A1	8	1	-3.7570714874354074	0.47147619599887575	-12.153922627080966
CCL21	CLDN4	7	1	-3.802125082523648	1.27548642571077	-20.445194732489874
CCL21	AKR1C2	4	1	-3.812212536930721	9.995829617098359	-25.166767705857712
CCL21	PPL	2	1	-3.8151139850526006	2.0444560909898257	-9.674684061095027
CCL21	SLC2A3	3	1	-3.836219029728938	0.18388807561860107	-8.704851001930534
CCL21	COL8A1	5	1	-3.9177887186867295	0.4319516161589024	-7.723841890351026
CCL21	BPIFB1	2	1	-3.9484666618200457	0.6854488835467474	-8.58238220718684
CCL21	MT1E	4	1	-4.015508439965282	2.3863106280246353	-8.50676735674159
CCL21	MUCL3	2	1	-4.041315349275367	0.28448102379991175	-8.367111722350645
CCL21	CEMIP	3	1	-4.1350411026407246	1.8382458870874976	-6.032839060070464
CCL21	NKD2	4	1	-4.138468123159175	0.5996004961868706	-6.45102396041635
CCL21	TFCP2L1	2	1	-4.348762134875351	0.2092360592331599	-8.90676032898386
CCL21	VCAN	7	1	-4.365027658900108	0.8433131913827476	-9.497498705690617
CCL21	STAR	2	1	-4.407429830616257	0.5572127042139433	-9.372072365446458
CCL21	MUC16	4	1	-4.472540818387453	2.7187814742309038	-9.176355774774061
CCL21	ANXA3	4	1	-4.516198487283511	3.724177311129157	-12.92175151566703
CCL21	IFI27	3	1	-4.558920046351799	1.3306116684545335	-16.51153175828624
CCL21	SDC1	5	1	-4.872632748104242	0.5313244177977395	-17.391151321630726
CCL21	GAS1	6	1	-4.9466822896822435	0.6344169997640329	-9.338598574558299
CCL21	KLK8	2	1	-5.020750396890535	3.3955424966175443	-13.437043290398615
CCL21	GJB2	7	1	-5.2463749027653535	0.4190469160315693	-14.735888556540443
CCL21	PCDH7	2	1	-5.293779290262116	0.5440072590960914	-11.131565839620324
CCL21	DEFB1	2	1	-5.345055958625862	2.632438581038902	-13.322550498290624
CCL21	PFKP	2	1	-5.433822717624182	0.5641400438464474	-11.431785479094811
CCL21	CLIC3	2	1	-5.493284436673583	0.9189394011693365	-11.905508274516501
CCL21	CNN2	3	1	-5.5580255398774705	0.35265052151190984	-6.144093425069747
CCL21	ADAMTS16	2	1	-5.778228719288633	0.3585797016777258	-11.915037140254991
CCL21	LY6D	4	1	-5.902156218904626	1.9265681894153313	-11.137325184711683
CCL21	TMEM158	3	1	-7.043812062276769	1.016547788693655	-11.969323360470089
CCL21	GPC1	2	1	-8.047019030232391	0.707866642626107	-16.80190470309089
CCL21	SCD	2	1	-9.453252881925007	0.2790189931555202	-19.185524757005535
CCL21	PROM2	3	1	-10.108160848283262	0.5749550418993681	-14.274711059219126
CCL21	KRT23	3	1	-10.346758958796823	1.6459669457160646	-16.04379733055456
CCL21	KIAA1755	1	0	-0.005414056761228752	-0.005414056761228752	-0.005414056761228752
CCL21	LRP4	1	0	-0.007226258323879287	-0.007226258323879287	-0.007226258323879287
CCL21	RGCC	1	0	-0.01004621833420111	-0.01004621833420111	-0.01004621833420111
CCL21	OAF	1	0	-0.023740491802594785	-0.023740491802594785	-0.023740491802594785
CCL21	SCGB2A2	1	0	-0.03346626522766679	-0.03346626522766679	-0.03346626522766679
CCL21	TYK2	1	0	-0.044611701434262296	-0.044611701434262296	-0.044611701434262296
CCL21	JMY	1	0	-0.04556581729991819	-0.04556581729991819	-0.04556581729991819
CCL21	ARHGAP8	1	0	-0.06035779115686982	-0.06035779115686982	-0.06035779115686982
CCL21	POU2F3	1	0	-0.06088223637280413	-0.06088223637280413	-0.06088223637280413
CCL21	B2M	2	0	-0.07261030231047029	-0.007820004695173749	-0.13740059992576684
CCL21	HDAC7	1	0	-0.07595593978715781	-0.07595593978715781	-0.07595593978715781
CCL21	RCC2	1	0	-0.07763065677037725	-0.07763065677037725	-0.07763065677037725
CCL21	LTBP4	1	0	-0.08562300679404294	-0.08562300679404294	-0.08562300679404294
CCL21	VIL1	1	0	-0.09777010151601391	-0.09777010151601391	-0.09777010151601391
CCL21	PSMC4	1	0	-0.10169148875523053	-0.10169148875523053	-0.10169148875523053
CCL21	NFIB	1	0	-0.10377448167508149	-0.10377448167508149	-0.10377448167508149
CCL21	PCDH18	1	0	-0.10973071386221497	-0.10973071386221497	-0.10973071386221497
CCL21	MYL12B	1	0	-0.1112283810099168	-0.1112283810099168	-0.1112283810099168
CCL21	PSMD8	1	0	-0.12251739666909481	-0.12251739666909481	-0.12251739666909481
CCL21	NAPRT	1	0	-0.12283817506847144	-0.12283817506847144	-0.12283817506847144
CCL21	HSPH1	1	0	-0.12895688587878135	-0.12895688587878135	-0.12895688587878135
CCL21	COLGALT2	1	0	-0.13417828040279933	-0.13417828040279933	-0.13417828040279933
CCL21	TCP1	1	0	-0.1360126834789905	-0.1360126834789905	-0.1360126834789905
CCL21	PIP	1	0	-0.13612942019220417	-0.13612942019220417	-0.13612942019220417
CCL21	TMEM238	1	0	-0.13761588986120182	-0.13761588986120182	-0.13761588986120182
CCL21	C2CD2	1	0	-0.1493534396053579	-0.1493534396053579	-0.1493534396053579
CCL21	MED13L	1	0	-0.15269641093775824	-0.15269641093775824	-0.15269641093775824
CCL21	LOR	1	0	-0.16421787956392825	-0.16421787956392825	-0.16421787956392825
CCL21	TENM2	1	0	-0.1764131528759706	-0.1764131528759706	-0.1764131528759706
CCL21	MAN1C1	1	0	-0.17764974687142993	-0.17764974687142993	-0.17764974687142993
CCL21	EFHD2	1	0	-0.17847207122107667	-0.17847207122107667	-0.17847207122107667
CCL21	IL2RG	1	0	-0.17975854535367503	-0.17975854535367503	-0.17975854535367503
CCL21	CHMP1B	1	0	-0.1845116999573687	-0.1845116999573687	-0.1845116999573687
CCL21	GRHL3	1	0	-0.18453704483329234	-0.18453704483329234	-0.18453704483329234
CCL21	ALDH1B1	1	0	-0.1919318690662204	-0.1919318690662204	-0.1919318690662204
CCL21	IER2	1	0	-0.2018426850865563	-0.2018426850865563	-0.2018426850865563
CCL21	PRSS3	1	0	-0.2038368632716021	-0.2038368632716021	-0.2038368632716021
CCL21	CTSC	1	0	-0.21066964784715686	-0.21066964784715686	-0.21066964784715686
CCL21	EMP3	1	0	-0.21178469262626845	-0.21178469262626845	-0.21178469262626845
CCL21	CADM1	1	0	-0.21382274909772261	-0.21382274909772261	-0.21382274909772261
CCL21	EIF4B	1	0	-0.23298102180163846	-0.23298102180163846	-0.23298102180163846
CCL21	SMIM4	1	0	-0.24814385491747076	-0.24814385491747076	-0.24814385491747076
CCL21	MX2	1	0	-0.2512298660460046	-0.2512298660460046	-0.2512298660460046
CCL21	ARPC2	1	0	-0.2537484974555291	-0.2537484974555291	-0.2537484974555291
CCL21	SYNC	1	0	-0.25991602546775394	-0.25991602546775394	-0.25991602546775394
CCL21	SBSN	1	0	-0.26237247226530336	-0.26237247226530336	-0.26237247226530336
CCL21	LAMB4	1	0	-0.2750196851300625	-0.2750196851300625	-0.2750196851300625
CCL21	IL1R1	1	0	-0.27595579564604744	-0.27595579564604744	-0.27595579564604744
CCL21	ZG16B	1	0	-0.27926740743860384	-0.27926740743860384	-0.27926740743860384
CCL21	TNFRSF11B	1	0	-0.287507765914213	-0.287507765914213	-0.287507765914213
CCL21	BANF1	1	0	-0.2952697882821839	-0.2952697882821839	-0.2952697882821839
CCL21	PRRC2C	2	0	-0.29810862181489606	-0.18677055964806757	-0.40944668398172457
CCL21	HSPA6	1	0	-0.2987259337125869	-0.2987259337125869	-0.2987259337125869
CCL21	LONRF2	1	0	-0.30006774495157373	-0.30006774495157373	-0.30006774495157373
CCL21	RBP4	1	0	-0.3111516460520661	-0.3111516460520661	-0.3111516460520661
CCL21	GABARAPL1	2	0	-0.31139506482403695	-0.15765366892018975	-0.4651364607278841
CCL21	CLEC2A	1	0	-0.31175633182272455	-0.31175633182272455	-0.31175633182272455
CCL21	ACIN1	1	0	-0.3149811215197707	-0.3149811215197707	-0.3149811215197707
CCL21	TRIM2	1	0	-0.34293170451390886	-0.34293170451390886	-0.34293170451390886
CCL21	CPS1	1	0	-0.34862495621777867	-0.34862495621777867	-0.34862495621777867
CCL21	CRTAP	1	0	-0.3553296838323223	-0.3553296838323223	-0.3553296838323223
CCL21	FABP1	1	0	-0.3663406541138423	-0.3663406541138423	-0.3663406541138423
CCL21	HIST1H2AB	1	0	-0.3689554285543579	-0.3689554285543579	-0.3689554285543579
CCL21	KEL	1	0	-0.3721638933443376	-0.3721638933443376	-0.3721638933443376
CCL21	ATP10A	1	0	-0.37392070518323556	-0.37392070518323556	-0.37392070518323556
CCL21	KIAA1217	1	0	-0.3744278738704283	-0.3744278738704283	-0.3744278738704283
CCL21	EMP1	1	0	-0.4103010059821073	-0.4103010059821073	-0.4103010059821073
CCL21	CNFN	1	0	-0.4189566419259193	-0.4189566419259193	-0.4189566419259193
CCL21	EPS8L1	1	0	-0.42261454911303975	-0.42261454911303975	-0.42261454911303975
CCL21	RORA	1	0	-0.4267163229156327	-0.4267163229156327	-0.4267163229156327
CCL21	CDHR1	1	0	-0.4353774254379832	-0.4353774254379832	-0.4353774254379832
CCL21	CAVIN1	2	0	-0.43815494691182116	-0.35894493375635805	-0.5173649600672843
CCL21	ZNF750	1	0	-0.4465153185026837	-0.4465153185026837	-0.4465153185026837
CCL21	RAC1	1	0	-0.4477770188550407	-0.4477770188550407	-0.4477770188550407
CCL21	BNIPL	1	0	-0.4485343391182349	-0.4485343391182349	-0.4485343391182349
CCL21	MYEOV	1	0	-0.45248434750943345	-0.45248434750943345	-0.45248434750943345
CCL21	AHR	1	0	-0.46184793560243786	-0.46184793560243786	-0.46184793560243786
CCL21	NRARP	1	0	-0.46456263453417285	-0.46456263453417285	-0.46456263453417285
CCL21	TSHZ2	1	0	-0.4724244094514638	-0.4724244094514638	-0.4724244094514638
CCL21	MUCL1	1	0	-0.48082334838183727	-0.48082334838183727	-0.48082334838183727
CCL21	STEAP4	1	0	-0.4870839925213519	-0.4870839925213519	-0.4870839925213519
CCL21	ZCCHC24	1	0	-0.48873916393071587	-0.48873916393071587	-0.48873916393071587
CCL21	LAMA2	1	0	-0.48916811793903325	-0.48916811793903325	-0.48916811793903325
CCL21	ARNT2	1	0	-0.49311696485981515	-0.49311696485981515	-0.49311696485981515
CCL21	SLC14A1	1	0	-0.4967641236773189	-0.4967641236773189	-0.4967641236773189
CCL21	TXNIP	1	0	-0.502285785097716	-0.502285785097716	-0.502285785097716
CCL21	HID1	1	0	-0.5068557605705911	-0.5068557605705911	-0.5068557605705911
CCL21	ARRDC3	1	0	-0.509090319702388	-0.509090319702388	-0.509090319702388
CCL21	TAF11L2	1	0	-0.5126243233153293	-0.5126243233153293	-0.5126243233153293
CCL21	SHB	1	0	-0.5163827202519844	-0.5163827202519844	-0.5163827202519844
CCL21	TMED2	1	0	-0.5183498566363549	-0.5183498566363549	-0.5183498566363549
CCL21	CDC42EP5	2	0	-0.5229599819041619	-0.16622236933616463	-0.8796975944721592
CCL21	KRT73	1	0	-0.5297781402361686	-0.5297781402361686	-0.5297781402361686
CCL21	MARCKS	1	0	-0.5313170012097957	-0.5313170012097957	-0.5313170012097957
CCL21	HSPA5	2	0	-0.5460485754874286	-0.20524376702969094	-0.8868533839451662
CCL21	SLCO2A1	1	0	-0.5493349896933106	-0.5493349896933106	-0.5493349896933106
CCL21	ITLN1	1	0	-0.5626389934370047	-0.5626389934370047	-0.5626389934370047
CCL21	FMO3	1	0	-0.5687049893074629	-0.5687049893074629	-0.5687049893074629
CCL21	TMEM63A	1	0	-0.5922406050233121	-0.5922406050233121	-0.5922406050233121
CCL21	TTC9	1	0	-0.6050205018190505	-0.6050205018190505	-0.6050205018190505
CCL21	ANKRD10	1	0	-0.6059035666906125	-0.6059035666906125	-0.6059035666906125
CCL21	NECTIN2	1	0	-0.6158046769042764	-0.6158046769042764	-0.6158046769042764
CCL21	SLC7A2	1	0	-0.6168918859154904	-0.6168918859154904	-0.6168918859154904
CCL21	SRRT	1	0	-0.6171549351318373	-0.6171549351318373	-0.6171549351318373
CCL21	RARRES1	1	0	-0.6182525380548686	-0.6182525380548686	-0.6182525380548686
CCL21	DLX3	1	0	-0.6192018668796619	-0.6192018668796619	-0.6192018668796619
CCL21	CHP2	1	0	-0.6325460847152484	-0.6325460847152484	-0.6325460847152484
CCL21	SLC19A2	1	0	-0.6580266578330302	-0.6580266578330302	-0.6580266578330302
CCL21	IL22RA2	1	0	-0.660170275640427	-0.660170275640427	-0.660170275640427
CCL21	RNF19B	1	0	-0.6611410255716057	-0.6611410255716057	-0.6611410255716057
CCL21	PLBD1	1	0	-0.6615439211783357	-0.6615439211783357	-0.6615439211783357
CCL21	SPINK4	1	0	-0.6773942674157452	-0.6773942674157452	-0.6773942674157452
CCL21	PTEN	1	0	-0.6833071469376683	-0.6833071469376683	-0.6833071469376683
CCL21	RBM42	1	0	-0.6841786347883305	-0.6841786347883305	-0.6841786347883305
CCL21	RAB27B	1	0	-0.692022624880218	-0.692022624880218	-0.692022624880218
CCL21	ARL4D	1	0	-0.695351784515213	-0.695351784515213	-0.695351784515213
CCL21	SPRY4	1	0	-0.6960424483507707	-0.6960424483507707	-0.6960424483507707
CCL21	SLC9A3	1	0	-0.7006704282507645	-0.7006704282507645	-0.7006704282507645
CCL21	WASF2	1	0	-0.7088257837761957	-0.7088257837761957	-0.7088257837761957
CCL21	ASPRV1	1	0	-0.7194916461248446	-0.7194916461248446	-0.7194916461248446
CCL21	THEM5	1	0	-0.7235321895148662	-0.7235321895148662	-0.7235321895148662
CCL21	LFNG	1	0	-0.7362428928842513	-0.7362428928842513	-0.7362428928842513
CCL21	DERL3	1	0	-0.7362955051104593	-0.7362955051104593	-0.7362955051104593
CCL21	TCEA3	1	0	-0.7465119362583498	-0.7465119362583498	-0.7465119362583498
CCL21	CHIT1	1	0	-0.751768295727228	-0.751768295727228	-0.751768295727228
CCL21	SDCBP2	1	0	-0.7642384907288778	-0.7642384907288778	-0.7642384907288778
CCL21	DYNLL2	1	0	-0.7753649471374778	-0.7753649471374778	-0.7753649471374778
CCL21	SLC9A3R1	1	0	-0.7790378940779753	-0.7790378940779753	-0.7790378940779753
CCL21	OAS3	1	0	-0.7794220818215679	-0.7794220818215679	-0.7794220818215679
CCL21	DSC3	1	0	-0.7794393567022302	-0.7794393567022302	-0.7794393567022302
CCL21	SNAI2	1	0	-0.7814618750330344	-0.7814618750330344	-0.7814618750330344
CCL21	CYP1A1	1	0	-0.7823739880389752	-0.7823739880389752	-0.7823739880389752
CCL21	SLC26A9	2	0	-0.7908098488613797	-0.5289241904228473	-1.0526955072999122
CCL21	TM4SF20	1	0	-0.79086478499793	-0.79086478499793	-0.79086478499793
CCL21	CEBPG	1	0	-0.7929722304947399	-0.7929722304947399	-0.7929722304947399
CCL21	HIST1H2BB	2	0	-0.8008652066405291	-0.008937571272322255	-1.5927928420087358
CCL21	ANP32E	1	0	-0.800956118060769	-0.800956118060769	-0.800956118060769
CCL21	S100A10	3	0	-0.8028274928794511	-0.2410323923418567	-2.850860732898641
CCL21	FLG	1	0	-0.8099733510807154	-0.8099733510807154	-0.8099733510807154
CCL21	SOX9	3	0	-0.813992715455869	-0.15497503962375017	-9.724598737722818
CCL21	CCL27	1	0	-0.8210842706969358	-0.8210842706969358	-0.8210842706969358
CCL21	DUOX1	1	0	-0.8367748967456249	-0.8367748967456249	-0.8367748967456249
CCL21	KRTDAP	1	0	-0.8441782136606037	-0.8441782136606037	-0.8441782136606037
CCL21	PPP1R1B	4	0	-0.851541323330764	-0.44197118184060563	-6.0393082053050655
CCL21	DSG1	1	0	-0.8581544485049135	-0.8581544485049135	-0.8581544485049135
CCL21	PODNL1	1	0	-0.8905889377626834	-0.8905889377626834	-0.8905889377626834
CCL21	KRT2	1	0	-0.8962702759160746	-0.8962702759160746	-0.8962702759160746
CCL21	AZIN2	1	0	-0.9135039907210843	-0.9135039907210843	-0.9135039907210843
CCL21	PLXNB2	1	0	-0.9225394975655175	-0.9225394975655175	-0.9225394975655175
CCL21	STARD10	2	0	-0.9235540717715978	-0.7307995909810797	-1.116308552562116
CCL21	ANKRD40CL	1	0	-0.9280939987523859	-0.9280939987523859	-0.9280939987523859
CCL21	CDHR5	2	0	-0.9340992966530804	-0.9028696479183318	-0.9653289453878291
CCL21	NT5E	1	0	-0.942359027955942	-0.942359027955942	-0.942359027955942
CCL21	TENT5B	1	0	-0.947405484009898	-0.947405484009898	-0.947405484009898
CCL21	PRRX1	3	0	-0.9520406690376126	-0.8022500276819855	-1.3109019921332152
CCL21	DSG3	1	0	-0.9582939621877815	-0.9582939621877815	-0.9582939621877815
CCL21	GAS6	1	0	-0.9830401887994357	-0.9830401887994357	-0.9830401887994357
CCL21	ENTPD2	1	0	-0.9871137617363819	-0.9871137617363819	-0.9871137617363819
CCL21	CXCL11	1	0	-0.9904048115103489	-0.9904048115103489	-0.9904048115103489
CCL21	RHPN1	1	0	-0.9941274837371732	-0.9941274837371732	-0.9941274837371732
CCL21	GPI	1	0	-0.9989906180224026	-0.9989906180224026	-0.9989906180224026
CCL21	IL1RN	1	0	-1.0046051685008204	-1.0046051685008204	-1.0046051685008204
CCL21	AREG	2	0	-1.0054451162747005	-0.3166971317366205	-1.6941931008127806
CCL21	POU3F1	1	0	-1.0194715925805224	-1.0194715925805224	-1.0194715925805224
CCL21	CASP14	1	0	-1.0241039721231846	-1.0241039721231846	-1.0241039721231846
CCL21	PLAAT3	1	0	-1.0375882968864967	-1.0375882968864967	-1.0375882968864967
CCL21	PLS1	1	0	-1.0376556167728292	-1.0376556167728292	-1.0376556167728292
CCL21	GATA3	1	0	-1.0652074731416779	-1.0652074731416779	-1.0652074731416779
CCL21	ACHE	2	0	-1.075957832334173	-0.9554673475530698	-1.196448317115276
CCL21	SPINT2	7	0	-1.0843660451399386	-0.2761321821370049	-16.724300292629877
CCL21	HS3ST6	1	0	-1.0860477285341665	-1.0860477285341665	-1.0860477285341665
CCL21	LAMA3	3	0	-1.090864994248604	-0.7475563937911615	-1.7148954709632909
CCL21	TINCR	1	0	-1.1005378703508855	-1.1005378703508855	-1.1005378703508855
CCL21	SLURP1	1	0	-1.102368863556166	-1.102368863556166	-1.102368863556166
CCL21	NPR3	3	0	-1.11730307684536	-0.4217641035521351	-9.980140870126197
CCL21	NSG1	1	0	-1.1192562704267877	-1.1192562704267877	-1.1192562704267877
CCL21	LYPD3	1	0	-1.1232196746319396	-1.1232196746319396	-1.1232196746319396
CCL21	CDCA7	2	0	-1.123836700270241	-1.091389744515486	-1.1562836560249958
CCL21	RBP1	2	0	-1.1283299643724691	-0.08927495375400328	-2.167384974990935
CCL21	ATP6V1C2	1	0	-1.1346726905127387	-1.1346726905127387	-1.1346726905127387
CCL21	PHLDA1	1	0	-1.1347791327904795	-1.1347791327904795	-1.1347791327904795
CCL21	CNN3	2	0	-1.1489318074325765	-0.32924058796316485	-1.968623026901988
CCL21	IGFBP6	1	0	-1.1500387651098716	-1.1500387651098716	-1.1500387651098716
CCL21	DUOXA1	1	0	-1.1532380058636247	-1.1532380058636247	-1.1532380058636247
CCL21	KDM6A	1	0	-1.1646657254334623	-1.1646657254334623	-1.1646657254334623
CCL21	ITGB8	3	0	-1.175065207778642	-1.0782181990850588	-2.6987206947857776
CCL21	FDCSP	1	0	-1.1847386660888402	-1.1847386660888402	-1.1847386660888402
CCL21	DSC1	1	0	-1.191356683412998	-1.191356683412998	-1.191356683412998
CCL21	ARGLU1	2	0	-1.2010921498517084	-0.3463055341857677	-2.055878765517649
CCL21	ESRP1	1	0	-1.2183156074497115	-1.2183156074497115	-1.2183156074497115
CCL21	ACTL8	1	0	-1.224562899582212	-1.224562899582212	-1.224562899582212
CCL21	MAB21L4	1	0	-1.2308623231895692	-1.2308623231895692	-1.2308623231895692
CCL21	SPON1	1	0	-1.2377145494740347	-1.2377145494740347	-1.2377145494740347
CCL21	PKP1	1	0	-1.2599225451620404	-1.2599225451620404	-1.2599225451620404
CCL21	TNFAIP2	1	0	-1.2970845207802726	-1.2970845207802726	-1.2970845207802726
CCL21	CAST	1	0	-1.2980034129943248	-1.2980034129943248	-1.2980034129943248
CCL21	COL19A1	1	0	-1.298177745790022	-1.298177745790022	-1.298177745790022
CCL21	ANLN	1	0	-1.3131499847580732	-1.3131499847580732	-1.3131499847580732
CCL21	SPRY2	1	0	-1.3372730750873676	-1.3372730750873676	-1.3372730750873676
CCL21	ADAM9	1	0	-1.3449525781937053	-1.3449525781937053	-1.3449525781937053
CCL21	ACER2	1	0	-1.351296833115116	-1.351296833115116	-1.351296833115116
CCL21	MYH3	1	0	-1.3620558910129443	-1.3620558910129443	-1.3620558910129443
CCL21	WFDC5	1	0	-1.3676083866210165	-1.3676083866210165	-1.3676083866210165
CCL21	EGR1	4	0	-1.3732258113016114	-0.3010928145629047	-9.50683857180329
CCL21	FLG2	1	0	-1.3903192080910474	-1.3903192080910474	-1.3903192080910474
CCL21	PNCK	1	0	-1.394905425525083	-1.394905425525083	-1.394905425525083
CCL21	HTRA1	5	0	-1.3962568248891454	-0.04549544134613912	-6.424175793321991
CCL21	NQO1	6	0	-1.403974233949841	-0.35195389726470966	-25.550393571898812
CCL21	TGM3	1	0	-1.4064973835816807	-1.4064973835816807	-1.4064973835816807
CCL21	CDH17	2	0	-1.407236859388442	-1.0915198897675398	-1.7229538290093438
CCL21	VSIG1	2	0	-1.4096417898057687	-0.30994199994820126	-2.509341579663336
CCL21	GOLM1	3	0	-1.4132780456975453	-1.2097422644632958	-4.0498403553244735
CCL21	HKDC1	1	0	-1.4417316019462678	-1.4417316019462678	-1.4417316019462678
CCL21	TSPAN3	1	0	-1.4563582414094176	-1.4563582414094176	-1.4563582414094176
CCL21	UQCRQ	1	0	-1.466736209218062	-1.466736209218062	-1.466736209218062
CCL21	KRT14	2	0	-1.4761314120603128	-0.9065700370892639	-2.0456927870313617
CCL21	LTB4R	1	0	-1.48221754201755	-1.48221754201755	-1.48221754201755
CCL21	POLD4	1	0	-1.4863110158027577	-1.4863110158027577	-1.4863110158027577
CCL21	PLTP	1	0	-1.5032931999324985	-1.5032931999324985	-1.5032931999324985
CCL21	SLC5A1	1	0	-1.5194353391884177	-1.5194353391884177	-1.5194353391884177
CCL21	ABLIM3	2	0	-1.5265330485628796	-0.9823760187195693	-2.07069007840619
CCL21	NAP1L5	1	0	-1.5297972177901973	-1.5297972177901973	-1.5297972177901973
CCL21	NCOA7	1	0	-1.532712702698512	-1.532712702698512	-1.532712702698512
CCL21	IVL	1	0	-1.5348014399293175	-1.5348014399293175	-1.5348014399293175
CCL21	APLN	1	0	-1.5365147762363467	-1.5365147762363467	-1.5365147762363467
CCL21	ANG	1	0	-1.547334714570669	-1.547334714570669	-1.547334714570669
CCL21	FAM83H	1	0	-1.5535587252554366	-1.5535587252554366	-1.5535587252554366
CCL21	PLEKHG6	1	0	-1.5599196713672616	-1.5599196713672616	-1.5599196713672616
CCL21	NTSR1	1	0	-1.5603542929182594	-1.5603542929182594	-1.5603542929182594
CCL21	SGCA	1	0	-1.5751445520614722	-1.5751445520614722	-1.5751445520614722
CCL21	BIRC3	1	0	-1.5869669467231564	-1.5869669467231564	-1.5869669467231564
CCL21	CREM	1	0	-1.587160192803828	-1.587160192803828	-1.587160192803828
CCL21	FER1L6	2	0	-1.5873181797668678	-1.408297953217348	-1.7663384063163878
CCL21	PHGDH	1	0	-1.612449236333289	-1.612449236333289	-1.612449236333289
CCL21	ANXA11	1	0	-1.613168966439713	-1.613168966439713	-1.613168966439713
CCL21	OAS1	1	0	-1.6177015834952797	-1.6177015834952797	-1.6177015834952797
CCL21	MALL	3	0	-1.6182431648176292	-0.10396221194503567	-1.9982378552758595
CCL21	PLCH2	1	0	-1.649904724315693	-1.649904724315693	-1.649904724315693
CCL21	PTK7	2	0	-1.6553254582956278	-0.16035022974650653	-3.150300686844749
CCL21	VRK2	1	0	-1.6644807059914934	-1.6644807059914934	-1.6644807059914934
CCL21	CHMP2B	1	0	-1.674059662052239	-1.674059662052239	-1.674059662052239
CCL21	SMIM24	2	0	-1.674167527196631	-0.9821296786621783	-2.3662053757310835
CCL21	FSTL3	1	0	-1.685540063648745	-1.685540063648745	-1.685540063648745
CCL21	MLPH	7	0	-1.6870557650136058	-0.16556203126578686	-12.548102866434105
CCL21	GDF15	1	0	-1.6976904077063262	-1.6976904077063262	-1.6976904077063262
CCL21	MOB4	1	0	-1.7014442217401013	-1.7014442217401013	-1.7014442217401013
CCL21	CPA6	1	0	-1.7035887195356625	-1.7035887195356625	-1.7035887195356625
CCL21	MUC17	3	0	-1.704353602879097	-0.1018113441668013	-1.8857984520256423
CCL21	PDPN	1	0	-1.7177611839210833	-1.7177611839210833	-1.7177611839210833
CCL21	DAPL1	1	0	-1.723663602232319	-1.723663602232319	-1.723663602232319
CCL21	KRT1	1	0	-1.7239995844559552	-1.7239995844559552	-1.7239995844559552
CCL21	SLC3A1	1	0	-1.7414835840889644	-1.7414835840889644	-1.7414835840889644
CCL21	ATP4A	1	0	-1.744834014844541	-1.744834014844541	-1.744834014844541
CCL21	PIM3	1	0	-1.7494178355926668	-1.7494178355926668	-1.7494178355926668
CCL21	B4GALT1	1	0	-1.749807419213159	-1.749807419213159	-1.749807419213159
CCL21	LY6E	2	0	-1.755800892131945	-0.35551606507877775	-3.1560857191851124
CCL21	EZR	1	0	-1.7577588001827946	-1.7577588001827946	-1.7577588001827946
CCL21	BNIP3L	2	0	-1.7817710153178212	-0.12671025027009786	-3.4368317803655444
CCL21	MDFI	1	0	-1.7820309902275913	-1.7820309902275913	-1.7820309902275913
CCL21	MATN3	3	0	-1.7916778512262745	-0.721171059502871	-6.568336689770157
CCL21	ADGRF1	3	0	-1.8218841679516018	-0.5423741317789345	-2.163988164008449
CCL21	PLA2G4F	1	0	-1.8374258957770722	-1.8374258957770722	-1.8374258957770722
CCL21	CYP2S1	1	0	-1.8595825927726015	-1.8595825927726015	-1.8595825927726015
CCL21	HMGCS2	2	0	-1.8663091454796046	-1.7435656961992523	-1.989052594759957
CCL21	NR1I2	1	0	-1.8747209025041458	-1.8747209025041458	-1.8747209025041458
CCL21	CLDN1	3	0	-1.881757788160292	-0.19048529795301272	-15.361627272850354
CCL21	SLC38A5	1	0	-1.8944901966183747	-1.8944901966183747	-1.8944901966183747
CCL21	TFF2	6	0	-1.905630346249262	-0.2709450529538871	-9.346924318114006
CCL21	ATP1B1	7	0	-1.9177535881473886	-0.03590051665335588	-18.731115788116508
CCL21	RAB31	1	0	-1.9242301265799207	-1.9242301265799207	-1.9242301265799207
CCL21	DMKN	1	0	-1.925740210045811	-1.925740210045811	-1.925740210045811
CCL21	BICDL2	1	0	-1.9295391295651363	-1.9295391295651363	-1.9295391295651363
CCL21	SLC2A1	7	0	-1.9322518710976764	-1.1113214619958134	-21.361117771676376
CCL21	ITGA6	1	0	-1.9434886503535755	-1.9434886503535755	-1.9434886503535755
CCL21	KCNK16	1	0	-1.950294653563963	-1.950294653563963	-1.950294653563963
CCL21	CDC123	1	0	-1.9582112735469812	-1.9582112735469812	-1.9582112735469812
CCL21	SCIN	1	0	-1.970357581949303	-1.970357581949303	-1.970357581949303
CCL21	GKN1	1	0	-1.983933519601982	-1.983933519601982	-1.983933519601982
CCL21	NEXN	1	0	-1.9843447262293827	-1.9843447262293827	-1.9843447262293827
CCL21	SH3PXD2A	1	0	-1.9844446426430855	-1.9844446426430855	-1.9844446426430855
CCL21	DEGS1	1	0	-1.9965763154843046	-1.9965763154843046	-1.9965763154843046
CCL21	TP63	1	0	-1.9987104613046733	-1.9987104613046733	-1.9987104613046733
CCL21	NNMT	3	0	-2.005520169895112	-0.9014748616009852	-6.645808162094477
CCL21	CCL11	1	0	-2.012546725246171	-2.012546725246171	-2.012546725246171
CCL21	PLPP4	1	0	-2.013615480264882	-2.013615480264882	-2.013615480264882
CCL21	HS3ST1	1	0	-2.0195213837387667	-2.0195213837387667	-2.0195213837387667
CCL21	SLC6A9	2	0	-2.025784499269348	-0.03950516190038662	-4.012063836638309
CCL21	ACTN1	1	0	-2.049903287173183	-2.049903287173183	-2.049903287173183
CCL21	EFEMP1	2	0	-2.055635380017285	-1.4801462695806902	-2.6311244904538795
CCL21	CLDN7	3	0	-2.0577208549405044	-1.1234850658441369	-15.180387183989046
CCL21	KRT10	1	0	-2.070838951957871	-2.070838951957871	-2.070838951957871
CCL21	PRSS22	4	0	-2.07842820113811	-1.017848788592252	-7.0053056686666695
CCL21	RAB2A	1	0	-2.0999405088272707	-2.0999405088272707	-2.0999405088272707
CCL21	FST	1	0	-2.0999455641903464	-2.0999455641903464	-2.0999455641903464
CCL21	ANTXR2	1	0	-2.1054204320200327	-2.1054204320200327	-2.1054204320200327
CCL21	FOSL1	1	0	-2.1119283589071824	-2.1119283589071824	-2.1119283589071824
CCL21	SDC4	5	0	-2.114120473980171	-1.1493247343291422	-18.192582873471782
CCL21	CEACAM1	1	0	-2.11463789263937	-2.11463789263937	-2.11463789263937
CCL21	FNDC1	5	0	-2.125726040634802	-0.18491773978036827	-9.617444599043578
CCL21	ATP4B	1	0	-2.1361058596838682	-2.1361058596838682	-2.1361058596838682
CCL21	P2RY2	1	0	-2.137219759160146	-2.137219759160146	-2.137219759160146
CCL21	ELN	2	0	-2.1582183381824436	-1.068924055032451	-3.247512621332436
CCL21	LMO7	3	0	-2.1911780397847362	-0.0028744864455388895	-11.491836422832504
CCL21	NOS2	1	0	-2.200202308136189	-2.200202308136189	-2.200202308136189
CCL21	ERBB3	3	0	-2.2055278341599758	-2.0706055239925694	-8.258891277367809
CCL21	MET	1	0	-2.231985235163655	-2.231985235163655	-2.231985235163655
CCL21	ADRA2A	1	0	-2.2387155966359193	-2.2387155966359193	-2.2387155966359193
CCL21	MFSD11	1	0	-2.2551822116768396	-2.2551822116768396	-2.2551822116768396
CCL21	MAL2	7	0	-2.256858262685984	-0.015547963029970554	-21.1844342269342
CCL21	CTNNAL1	1	0	-2.26502718933594	-2.26502718933594	-2.26502718933594
CCL21	CHIA	1	0	-2.277562641191912	-2.277562641191912	-2.277562641191912
CCL21	ANKRD1	1	0	-2.297524624776013	-2.297524624776013	-2.297524624776013
CCL21	PRAP1	3	0	-2.2979695001801628	-0.20109188603698433	-6.68514284785748
CCL21	CDK6	1	0	-2.3111461154895694	-2.3111461154895694	-2.3111461154895694
CCL21	FAM222A	1	0	-2.3331157373223497	-2.3331157373223497	-2.3331157373223497
CCL21	ERO1A	2	0	-2.3422315199768526	-1.3495670224907885	-3.334896017462917
CCL21	S100A14	8	0	-2.359258278038205	-0.08094297030884542	-26.944978263615564
CCL21	A4GNT	2	0	-2.3779316456226085	-1.7127166779370226	-3.043146613308194
CCL21	SLCO2B1	1	0	-2.382517830899816	-2.382517830899816	-2.382517830899816
CCL21	HSP90AA1	1	0	-2.3923523619331073	-2.3923523619331073	-2.3923523619331073
CCL21	SEMA3C	2	0	-2.3977287593861716	-0.09837513640770147	-4.697082382364641
CCL21	PAK4	1	0	-2.41798360252178	-2.41798360252178	-2.41798360252178
CCL21	ITGB2	1	0	-2.4234662926508213	-2.4234662926508213	-2.4234662926508213
CCL21	HK2	2	0	-2.430928857251485	-1.9734679705789115	-2.888389743924059
CCL21	HABP2	1	0	-2.438493774958935	-2.438493774958935	-2.438493774958935
CCL21	HIF3A	1	0	-2.4578773522929467	-2.4578773522929467	-2.4578773522929467
CCL21	MBOAT1	1	0	-2.48491013298293	-2.48491013298293	-2.48491013298293
CCL21	SYT13	1	0	-2.4919736769731786	-2.4919736769731786	-2.4919736769731786
CCL21	INSR	1	0	-2.4965171165999127	-2.4965171165999127	-2.4965171165999127
CCL21	BMP4	1	0	-2.505597487778026	-2.505597487778026	-2.505597487778026
CCL21	RNASEK	1	0	-2.5081471250366074	-2.5081471250366074	-2.5081471250366074
CCL21	UGT1A6	3	0	-2.5098897185512095	-1.1324734094996063	-15.733528395556375
CCL21	CITED2	2	0	-2.5166691874244376	-0.19215057117247517	-4.8411878036764
CCL21	MCOLN3	1	0	-2.5410507490105227	-2.5410507490105227	-2.5410507490105227
CCL21	CAPG	2	0	-2.5692676940828187	-0.0063109587880674735	-5.13222442937757
CCL21	ZBTB21	1	0	-2.5722004136498757	-2.5722004136498757	-2.5722004136498757
CCL21	SLC12A2	1	0	-2.579711169156702	-2.579711169156702	-2.579711169156702
CCL21	L1CAM	1	0	-2.5807848352070977	-2.5807848352070977	-2.5807848352070977
CCL21	SERPINB2	2	0	-2.585144159931947	-2.4631328557026704	-2.7071554641612234
CCL21	CALN1	1	0	-2.588950799426373	-2.588950799426373	-2.588950799426373
CCL21	MUC13	3	0	-2.6023079147452375	-0.019400781271167657	-3.1259280120860837
CCL21	SLC23A2	1	0	-2.6084077765193925	-2.6084077765193925	-2.6084077765193925
CCL21	TNNT1	1	0	-2.6092549623354038	-2.6092549623354038	-2.6092549623354038
CCL21	TSC22D1	2	0	-2.624060749615017	-0.03299010499303724	-5.215131394236996
CCL21	F5	2	0	-2.6332336967557928	-1.4455804158330439	-3.820886977678542
CCL21	IGHMBP2	1	0	-2.6427671965779336	-2.6427671965779336	-2.6427671965779336
CCL21	GRIA3	1	0	-2.6430309106646983	-2.6430309106646983	-2.6430309106646983
CCL21	SEMA4B	4	0	-2.70297708357063	-1.8184792740867903	-14.624765090865939
CCL21	FGF7	3	0	-2.7135841476477807	-0.39393921678096777	-2.7310965224946204
CCL21	C1orf198	2	0	-2.7245624035737457	-0.9810964660846931	-4.468028341062798
CCL21	PLCD3	1	0	-2.7438999341026338	-2.7438999341026338	-2.7438999341026338
CCL21	SLIT2	1	0	-2.776431437700428	-2.776431437700428	-2.776431437700428
CCL21	ANKRD36C	1	0	-2.77990296286279	-2.77990296286279	-2.77990296286279
CCL21	OSR1	1	0	-2.7849281408746167	-2.7849281408746167	-2.7849281408746167
CCL21	MYH14	3	0	-2.820851679055438	-1.17107397642571	-14.662555858207691
CCL21	GATA6	3	0	-2.823983194349371	-0.5614295625381012	-5.2292996489794525
CCL21	KCNQ1	1	0	-2.825172189017007	-2.825172189017007	-2.825172189017007
CCL21	PERP	2	0	-2.879753556472311	-0.8442318406908194	-4.915275272253803
CCL21	MIF	2	0	-2.882799897818133	-1.0543151153464492	-4.7112846802898165
CCL21	SLC6A14	2	0	-2.8876631215294006	-1.1834309461932748	-4.591895296865526
CCL21	CLCF1	1	0	-2.8926787439322696	-2.8926787439322696	-2.8926787439322696
CCL21	CD24	2	0	-2.899219605646157	-2.6237003912490264	-3.174738820043288
CCL21	ISLR	3	0	-2.9054432287521608	-1.1754234690146979	-3.3224047441021023
CCL21	PRSS23	5	0	-2.9088066337652063	-0.11521634366149079	-4.5832293108373765
CCL21	TESC	4	0	-2.9197343796930992	-1.8185227700325897	-4.340378002019315
CCL21	UBE2C	1	0	-2.923234612453841	-2.923234612453841	-2.923234612453841
CCL21	POF1B	1	0	-2.931028431778545	-2.931028431778545	-2.931028431778545
CCL21	MBOAT2	1	0	-2.945113371922472	-2.945113371922472	-2.945113371922472
CCL21	FERMT1	1	0	-2.958721679355931	-2.958721679355931	-2.958721679355931
CCL21	DCBLD2	2	0	-2.9799950236014685	-0.8997743098961413	-5.0602157373067955
CCL21	CD9	1	0	-2.9836999656332948	-2.9836999656332948	-2.9836999656332948
CCL21	CBLIF	1	0	-2.9853062380604034	-2.9853062380604034	-2.9853062380604034
CCL21	VGLL3	2	0	-2.9934613786833264	-2.4122522555967296	-3.574670501769923
CCL21	LGALS3	2	0	-2.994935091850353	-2.425015246803714	-3.5648549368969924
CCL21	FUT9	1	0	-2.997913363383561	-2.997913363383561	-2.997913363383561
CCL21	PRDM1	1	0	-3.001014889422682	-3.001014889422682	-3.001014889422682
CCL21	ANXA10	3	0	-3.001647142581152	-1.2224436737335542	-5.476082189330396
CCL21	TP53INP2	1	0	-3.0128890017641035	-3.0128890017641035	-3.0128890017641035
CCL21	DNTTIP1	1	0	-3.042665610814403	-3.042665610814403	-3.042665610814403
CCL21	GALNT3	1	0	-3.043717287613873	-3.043717287613873	-3.043717287613873
CCL21	ABCB1	1	0	-3.094766656304085	-3.094766656304085	-3.094766656304085
CCL21	GXYLT2	1	0	-3.1089462855918666	-3.1089462855918666	-3.1089462855918666
CCL21	SKIL	1	0	-3.1104590660908484	-3.1104590660908484	-3.1104590660908484
CCL21	KCNJ5	1	0	-3.1465822016136826	-3.1465822016136826	-3.1465822016136826
CCL21	CLDN18	3	0	-3.147736031999651	-0.768621669668616	-4.040505723593618
CCL21	C4BPB	1	0	-3.151569127793235	-3.151569127793235	-3.151569127793235
CCL21	PDE1C	1	0	-3.1699240190786346	-3.1699240190786346	-3.1699240190786346
CCL21	NDRG1	1	0	-3.172694506042933	-3.172694506042933	-3.172694506042933
CCL21	FGF9	1	0	-3.185159862134653	-3.185159862134653	-3.185159862134653
CCL21	SCUBE2	1	0	-3.192534347403141	-3.192534347403141	-3.192534347403141
CCL21	DNAJC12	1	0	-3.2018296256294625	-3.2018296256294625	-3.2018296256294625
CCL21	PLA2G10	1	0	-3.212901464380767	-3.212901464380767	-3.212901464380767
CCL21	SOAT1	1	0	-3.2223467144732214	-3.2223467144732214	-3.2223467144732214
CCL21	AMN	2	0	-3.250969188878252	-0.9901938658498293	-5.511744511906675
CCL21	EGR2	1	0	-3.2631936854691608	-3.2631936854691608	-3.2631936854691608
CCL21	MEGF6	2	0	-3.267210068172049	-1.8386567444850157	-4.6957633918590815
CCL21	ENO2	1	0	-3.313628621891721	-3.313628621891721	-3.313628621891721
CCL21	GABRE	1	0	-3.3166683725579755	-3.3166683725579755	-3.3166683725579755
CCL21	CDHR2	1	0	-3.3175221966614457	-3.3175221966614457	-3.3175221966614457
CCL21	LIPF	1	0	-3.3316862105677707	-3.3316862105677707	-3.3316862105677707
CCL21	MAPK15	1	0	-3.3365974268821965	-3.3365974268821965	-3.3365974268821965
CCL21	PRKAR2B	1	0	-3.3651754975033095	-3.3651754975033095	-3.3651754975033095
CCL21	PGC	4	0	-3.3779563090818883	-0.3673784455557198	-5.02038784969411
CCL21	JAZF1	1	0	-3.3903842370808923	-3.3903842370808923	-3.3903842370808923
CCL21	GADD45A	1	0	-3.3920535180581783	-3.3920535180581783	-3.3920535180581783
CCL21	ALDH3B1	1	0	-3.402987654314781	-3.402987654314781	-3.402987654314781
CCL21	GALNT4	1	0	-3.417162356529637	-3.417162356529637	-3.417162356529637
CCL21	PDGFD	2	0	-3.43845049188668	-1.2741845051779137	-5.602716478595446
CCL21	KLHDC8B	1	0	-3.4450388424697134	-3.4450388424697134	-3.4450388424697134
CCL21	RAP1GAP	1	0	-3.4585869890995347	-3.4585869890995347	-3.4585869890995347
CCL21	FGF12	1	0	-3.4712339197037316	-3.4712339197037316	-3.4712339197037316
CCL21	IL6	1	0	-3.4791014157505273	-3.4791014157505273	-3.4791014157505273
CCL21	EPHB6	1	0	-3.5211216275479327	-3.5211216275479327	-3.5211216275479327
CCL21	PAEP	1	0	-3.5236673472219926	-3.5236673472219926	-3.5236673472219926
CCL21	ABTB2	1	0	-3.5301854373610144	-3.5301854373610144	-3.5301854373610144
CCL21	F3	1	0	-3.5471999796036173	-3.5471999796036173	-3.5471999796036173
CCL21	GSTA4	1	0	-3.560136183539011	-3.560136183539011	-3.560136183539011
CCL21	RNASET2	2	0	-3.5672540501761407	-2.6768755000228563	-4.4576326003294255
CCL21	PROM1	3	0	-3.5691413198116364	-0.6509427420458351	-10.97992360173363
CCL21	AMDHD1	1	0	-3.5891976002670734	-3.5891976002670734	-3.5891976002670734
CCL21	ASPH	1	0	-3.594367463118433	-3.594367463118433	-3.594367463118433
CCL21	ZNF275	1	0	-3.612111198370464	-3.612111198370464	-3.612111198370464
CCL21	POLB	1	0	-3.635526425830655	-3.635526425830655	-3.635526425830655
CCL21	PGAP1	1	0	-3.645165896108098	-3.645165896108098	-3.645165896108098
CCL21	SLC38A2	1	0	-3.7223073813732435	-3.7223073813732435	-3.7223073813732435
CCL21	FMOD	1	0	-3.7304538694174902	-3.7304538694174902	-3.7304538694174902
CCL21	ARMC9	1	0	-3.7317762121927127	-3.7317762121927127	-3.7317762121927127
CCL21	SEL1L3	1	0	-3.7504640380543868	-3.7504640380543868	-3.7504640380543868
CCL21	RAB25	3	0	-3.7617194162761476	-0.5212712956485962	-18.6999526957549
CCL21	CSF3	1	0	-3.775657321150548	-3.775657321150548	-3.775657321150548
CCL21	HMGA2	4	0	-3.7795341483230613	-0.5927995132908767	-10.808175715500255
CCL21	WDR72	1	0	-3.8035178101784965	-3.8035178101784965	-3.8035178101784965
CCL21	UNC93B1	1	0	-3.8366248740099023	-3.8366248740099023	-3.8366248740099023
CCL21	SEMA6A	1	0	-3.863656298800028	-3.863656298800028	-3.863656298800028
CCL21	NGEF	1	0	-3.86751432887881	-3.86751432887881	-3.86751432887881
CCL21	COL8A2	1	0	-3.871081041643093	-3.871081041643093	-3.871081041643093
CCL21	KCNE3	1	0	-3.872741186168814	-3.872741186168814	-3.872741186168814
CCL21	CKLF	1	0	-3.8909652563163992	-3.8909652563163992	-3.8909652563163992
CCL21	SAA2	3	0	-3.927950424339466	-0.8659553702074091	-15.008321599458954
CCL21	FUT2	2	0	-3.9714846509243875	-1.3001706567032856	-6.64279864514549
CCL21	HILPDA	1	0	-3.9900717767507046	-3.9900717767507046	-3.9900717767507046
CCL21	CAMK2N2	1	0	-3.998280558417422	-3.998280558417422	-3.998280558417422
CCL21	FLNB	1	0	-4.029592648636816	-4.029592648636816	-4.029592648636816
CCL21	CALB2	2	0	-4.045506866295941	-0.6931721112043127	-7.3978416213875695
CCL21	RANBP3L	2	0	-4.055064210499478	-1.4323518603187408	-6.677776560680216
CCL21	C4orf19	1	0	-4.0743175144352906	-4.0743175144352906	-4.0743175144352906
CCL21	COL16A1	4	0	-4.0830145105989635	-0.5908791140185701	-8.539956814833321
CCL21	DSP	1	0	-4.118562586335047	-4.118562586335047	-4.118562586335047
CCL21	KLF5	6	0	-4.122041728366977	-2.1100219470683963	-14.488035190976833
CCL21	EGLN3	6	0	-4.138991842048121	-1.4532203487447042	-11.380915213027983
CCL21	SAA1	3	0	-4.16994024939208	-0.9872384444637136	-10.503171354460246
CCL21	ID4	3	0	-4.173019171642094	-0.5355271811736887	-4.236070105232091
CCL21	FGFR3	2	0	-4.188737507893312	-0.016969337431986108	-8.360505678354638
CCL21	PIK3C2G	2	0	-4.207863551992258	-3.6638494008761855	-4.751877703108331
CCL21	C6orf132	1	0	-4.217794389875732	-4.217794389875732	-4.217794389875732
CCL21	C2orf66	1	0	-4.222738590951578	-4.222738590951578	-4.222738590951578
CCL21	CHKA	1	0	-4.22467567432659	-4.22467567432659	-4.22467567432659
CCL21	ITGA2	2	0	-4.233517853887049	-1.369302038629274	-7.097733669144825
CCL21	CDSN	2	0	-4.25406957556635	-0.5792197880015479	-7.928919363131151
CCL21	LAMB3	5	0	-4.271215440935201	-2.2450304547449784	-19.482301463058658
CCL21	CYP19A1	1	0	-4.280957969546676	-4.280957969546676	-4.280957969546676
CCL21	MT1F	1	0	-4.283061192370095	-4.283061192370095	-4.283061192370095
CCL21	DNPH1	1	0	-4.297884320889389	-4.297884320889389	-4.297884320889389
CCL21	CPXM1	1	0	-4.3076948187239905	-4.3076948187239905	-4.3076948187239905
CCL21	GPNMB	1	0	-4.3189309907770665	-4.3189309907770665	-4.3189309907770665
CCL21	FDXR	1	0	-4.320813742149446	-4.320813742149446	-4.320813742149446
CCL21	ARL14	2	0	-4.323614672759082	-2.838522081514919	-5.808707264003245
CCL21	FAM3D	2	0	-4.332275690223527	-0.7170303693475678	-7.947521011099487
CCL21	MRAP	1	0	-4.350651205149861	-4.350651205149861	-4.350651205149861
CCL21	WNT2	1	0	-4.377547753602367	-4.377547753602367	-4.377547753602367
CCL21	SLC1A2	1	0	-4.402029568310453	-4.402029568310453	-4.402029568310453
CCL21	MAF	3	0	-4.412429434371577	-2.992556914026938	-4.719065764130095
CCL21	CAPN12	1	0	-4.4279425479074455	-4.4279425479074455	-4.4279425479074455
CCL21	MOGAT1	1	0	-4.448883165231325	-4.448883165231325	-4.448883165231325
CCL21	TCEAL4	1	0	-4.458517448480297	-4.458517448480297	-4.458517448480297
CCL21	SEMA3B	2	0	-4.4649444843627935	-0.7733722151563612	-8.156516753569226
CCL21	FA2H	1	0	-4.489526411185856	-4.489526411185856	-4.489526411185856
CCL21	GALNT15	1	0	-4.497635589029058	-4.497635589029058	-4.497635589029058
CCL21	CPEB4	1	0	-4.509275637731484	-4.509275637731484	-4.509275637731484
CCL21	NSDHL	1	0	-4.535823761146503	-4.535823761146503	-4.535823761146503
CCL21	UGT2A3	1	0	-4.552976053558438	-4.552976053558438	-4.552976053558438
CCL21	BIRC7	1	0	-4.558577112015671	-4.558577112015671	-4.558577112015671
CCL21	CCDC198	1	0	-4.5614744966317335	-4.5614744966317335	-4.5614744966317335
CCL21	CFH	1	0	-4.564437591481973	-4.564437591481973	-4.564437591481973
CCL21	PEG3	1	0	-4.586733993065083	-4.586733993065083	-4.586733993065083
CCL21	ALAS1	1	0	-4.618834385803896	-4.618834385803896	-4.618834385803896
CCL21	IL1B	1	0	-4.623505320653855	-4.623505320653855	-4.623505320653855
CCL21	HNF4A	1	0	-4.645432951097466	-4.645432951097466	-4.645432951097466
CCL21	CTH	1	0	-4.658384282927903	-4.658384282927903	-4.658384282927903
CCL21	INF2	2	0	-4.66023806533313	-0.533959762432948	-8.786516368233311
CCL21	ITGBL1	1	0	-4.669951218571972	-4.669951218571972	-4.669951218571972
CCL21	VAT1L	1	0	-4.681204641311172	-4.681204641311172	-4.681204641311172
CCL21	ZNF503	1	0	-4.6883336063360925	-4.6883336063360925	-4.6883336063360925
CCL21	RBBP7	1	0	-4.693332978171724	-4.693332978171724	-4.693332978171724
CCL21	NPNT	1	0	-4.69461632892153	-4.69461632892153	-4.69461632892153
CCL21	ALDH3A2	1	0	-4.737091049691001	-4.737091049691001	-4.737091049691001
CCL21	PGA5	1	0	-4.811328719002475	-4.811328719002475	-4.811328719002475
CCL21	TRIM54	1	0	-4.8518421094766975	-4.8518421094766975	-4.8518421094766975
CCL21	IL24	1	0	-4.860475074227847	-4.860475074227847	-4.860475074227847
CCL21	GFPT2	1	0	-4.8788148885958895	-4.8788148885958895	-4.8788148885958895
CCL21	EPS8L3	1	0	-4.891289464484123	-4.891289464484123	-4.891289464484123
CCL21	BACE2	1	0	-4.911707488408266	-4.911707488408266	-4.911707488408266
CCL21	WHRN	1	0	-4.925972155199617	-4.925972155199617	-4.925972155199617
CCL21	BAIAP2L2	2	0	-4.935529828550076	-2.9650563235783323	-6.906003333521821
CCL21	MC2R	1	0	-4.961821223016047	-4.961821223016047	-4.961821223016047
CCL21	AHNAK2	3	0	-4.965030434471555	-0.9866984118920514	-9.953403299807988
CCL21	G0S2	1	0	-5.020231863413673	-5.020231863413673	-5.020231863413673
CCL21	EPPK1	2	0	-5.170405891789493	-2.100056472392886	-8.2407553111861
CCL21	CASP9	1	0	-5.175413542104957	-5.175413542104957	-5.175413542104957
CCL21	AADAC	1	0	-5.178975039218101	-5.178975039218101	-5.178975039218101
CCL21	ACAT2	1	0	-5.1808371721651865	-5.1808371721651865	-5.1808371721651865
CCL21	ALKAL2	1	0	-5.265900891167786	-5.265900891167786	-5.265900891167786
CCL21	PET100	1	0	-5.267076915483014	-5.267076915483014	-5.267076915483014
CCL21	LIF	2	0	-5.284427767753413	-0.302565436212325	-10.266290099294501
CCL21	TPD52L1	1	0	-5.287992000659639	-5.287992000659639	-5.287992000659639
CCL21	STARD4	1	0	-5.315758567344168	-5.315758567344168	-5.315758567344168
CCL21	FN3K	1	0	-5.394455035965446	-5.394455035965446	-5.394455035965446
CCL21	MICAL2	1	0	-5.44922651480596	-5.44922651480596	-5.44922651480596
CCL21	MAPK4	1	0	-5.451554479361082	-5.451554479361082	-5.451554479361082
CCL21	HSD11B2	2	0	-5.45573219243989	-1.4990667178271724	-9.412397667052607
CCL21	SLC16A9	1	0	-5.462398127732073	-5.462398127732073	-5.462398127732073
CCL21	KRT6B	1	0	-5.474009799591507	-5.474009799591507	-5.474009799591507
CCL21	AS3MT	1	0	-5.48170125909183	-5.48170125909183	-5.48170125909183
CCL21	SCUBE3	2	0	-5.488084720578363	-0.9977757190346975	-9.978393722122028
CCL21	ACSS2	1	0	-5.491967845646686	-5.491967845646686	-5.491967845646686
CCL21	ALDH1A3	1	0	-5.5374574892003805	-5.5374574892003805	-5.5374574892003805
CCL21	QPCT	1	0	-5.560891333134181	-5.560891333134181	-5.560891333134181
CCL21	TM7SF2	1	0	-5.594741676010964	-5.594741676010964	-5.594741676010964
CCL21	ASB4	1	0	-5.624350571215936	-5.624350571215936	-5.624350571215936
CCL21	MUC20	2	0	-5.690378583694705	-0.3610145283464942	-11.019742639042915
CCL21	CDH2	1	0	-5.7234507785593935	-5.7234507785593935	-5.7234507785593935
CCL21	NFKBIZ	1	0	-5.742084104008523	-5.742084104008523	-5.742084104008523
CCL21	WT1	1	0	-5.780344502827019	-5.780344502827019	-5.780344502827019
CCL21	CCDC71L	1	0	-5.81512763649345	-5.81512763649345	-5.81512763649345
CCL21	NR5A1	1	0	-5.82264626400184	-5.82264626400184	-5.82264626400184
CCL21	SELENOM	1	0	-5.87038192904372	-5.87038192904372	-5.87038192904372
CCL21	CYB5B	1	0	-5.8782172014349205	-5.8782172014349205	-5.8782172014349205
CCL21	IYD	1	0	-5.898560366891355	-5.898560366891355	-5.898560366891355
CCL21	SPINT1	4	0	-5.957768235994012	-0.4242117658335661	-13.9638570428184
CCL21	HMGCR	1	0	-5.958072212972945	-5.958072212972945	-5.958072212972945
CCL21	NKAIN1	1	0	-6.0139615675087015	-6.0139615675087015	-6.0139615675087015
CCL21	FAM166B	1	0	-6.0390818242025786	-6.0390818242025786	-6.0390818242025786
CCL21	FAM110C	1	0	-6.04280149949676	-6.04280149949676	-6.04280149949676
CCL21	CLDN2	2	0	-6.061593518736828	-3.8486465781534274	-8.274540459320228
CCL21	EREG	2	0	-6.095003163389376	-3.6473639634807404	-8.542642363298011
CCL21	TMEM97	1	0	-6.115432901104031	-6.115432901104031	-6.115432901104031
CCL21	SLC35D3	1	0	-6.151565744889898	-6.151565744889898	-6.151565744889898
CCL21	FADS2	1	0	-6.184753532911738	-6.184753532911738	-6.184753532911738
CCL21	CYP11B2	1	0	-6.21049538254947	-6.21049538254947	-6.21049538254947
CCL21	RNF128	1	0	-6.223537881004583	-6.223537881004583	-6.223537881004583
CCL21	TBX3	1	0	-6.293769424477102	-6.293769424477102	-6.293769424477102
CCL21	SLC47A1	1	0	-6.310185667255923	-6.310185667255923	-6.310185667255923
CCL21	CCL20	2	0	-6.4027540940751	-1.493879753097953	-11.311628435052247
CCL21	CYP51A1	1	0	-6.43084762587004	-6.43084762587004	-6.43084762587004
CCL21	FNDC4	1	0	-6.441311259236234	-6.441311259236234	-6.441311259236234
CCL21	HOXA5	1	0	-6.4555546909312325	-6.4555546909312325	-6.4555546909312325
CCL21	TNFRSF6B	2	0	-6.53596512233269	-1.276433459350736	-11.795496785314644
CCL21	SORBS2	1	0	-6.555553087921976	-6.555553087921976	-6.555553087921976
CCL21	CYP11B1	1	0	-6.586598727741271	-6.586598727741271	-6.586598727741271
CCL21	NPC1	1	0	-6.729190570220558	-6.729190570220558	-6.729190570220558
CCL21	TNS4	4	0	-6.75529624883703	-1.400481010122543	-12.708465475107745
CCL21	RUNX1	1	0	-6.859424244214754	-6.859424244214754	-6.859424244214754
CCL21	MGARP	1	0	-6.903744513266727	-6.903744513266727	-6.903744513266727
CCL21	EFNA1	4	0	-7.012019677036187	-1.8287455782370068	-17.68383244982451
CCL21	CYP17A1	1	0	-7.198831415570089	-7.198831415570089	-7.198831415570089
CCL21	MDK	2	0	-7.201643514697853	-0.6347032523123883	-13.768583777083318
CCL21	FADS1	1	0	-7.224855783771319	-7.224855783771319	-7.224855783771319
CCL21	IFITM10	2	0	-7.24543849881981	-7.146549888320283	-7.3443271093193365
CCL21	SCARB1	1	0	-7.272539531500681	-7.272539531500681	-7.272539531500681
CCL21	S100A2	4	0	-7.3125853092581306	-1.0008240016618084	-21.349224419299677
CCL21	CYP21A2	1	0	-7.5822278401134025	-7.5822278401134025	-7.5822278401134025
CCL21	PTPRF	2	0	-7.588639788363771	-2.726770193333425	-12.450509383394117
CCL21	CYP11A1	1	0	-7.626396657272679	-7.626396657272679	-7.626396657272679
CCL21	SEMA3D	1	0	-7.641146289066126	-7.641146289066126	-7.641146289066126
CCL21	LSS	1	0	-7.798282756440413	-7.798282756440413	-7.798282756440413
CCL21	PI3	1	0	-7.807573429201063	-7.807573429201063	-7.807573429201063
CCL21	CALML5	2	0	-7.814734800523184	-0.6929888479073802	-14.936480753138989
CCL21	FDX1	1	0	-7.853234057959192	-7.853234057959192	-7.853234057959192
CCL21	GOT1	1	0	-7.860444227616836	-7.860444227616836	-7.860444227616836
CCL21	MVD	1	0	-7.880417476760249	-7.880417476760249	-7.880417476760249
CCL21	KRT81	1	0	-7.892160997121151	-7.892160997121151	-7.892160997121151
CCL21	MSMO1	1	0	-7.987607807492257	-7.987607807492257	-7.987607807492257
CCL21	SERPINB5	2	0	-7.989304096277156	-3.145758418888093	-12.832849773666219
CCL21	INSIG1	1	0	-8.252411873042169	-8.252411873042169	-8.252411873042169
CCL21	IDI1	1	0	-8.383314061883828	-8.383314061883828	-8.383314061883828
CCL21	PRSS8	2	0	-8.443557741728913	-2.890948181847187	-13.996167301610638
CCL21	GRAMD1B	1	0	-8.463184794517428	-8.463184794517428	-8.463184794517428
CCL21	KIF26B	1	0	-8.674253360724625	-8.674253360724625	-8.674253360724625
CCL21	SCGB3A1	1	0	-8.719289776628722	-8.719289776628722	-8.719289776628722
CCL21	LDLR	1	0	-8.835750300341326	-8.835750300341326	-8.835750300341326
CCL21	ANKRD37	1	0	-9.120059111404181	-9.120059111404181	-9.120059111404181
CCL21	BAIAP2L1	1	0	-9.231065360995188	-9.231065360995188	-9.231065360995188
CCL21	EPS8L2	1	0	-9.319225071761029	-9.319225071761029	-9.319225071761029
CCL21	PMEPA1	2	0	-9.39116073642046	-2.3922188799230493	-16.39010259291787
CCL21	DLG5	1	0	-9.5903430136968	-9.5903430136968	-9.5903430136968
CCL21	EBP	1	0	-9.590422565885925	-9.590422565885925	-9.590422565885925
CCL21	ZC3H12A	1	0	-9.711089767974123	-9.711089767974123	-9.711089767974123
CCL21	NECTIN4	1	0	-9.824490523075987	-9.824490523075987	-9.824490523075987
CCL21	ALDH3A1	2	0	-9.921469743829888	-0.8079227188701923	-19.035016768789585
CCL21	KRT80	1	0	-9.969710136631159	-9.969710136631159	-9.969710136631159
CCL21	IL11	1	0	-10.002114097347036	-10.002114097347036	-10.002114097347036
CCL21	AKR1C3	2	0	-10.08147553285902	-3.1142372957713516	-17.04871376994669
CCL21	IGFL3	1	0	-10.086501843315784	-10.086501843315784	-10.086501843315784
CCL21	SCGB1A1	1	0	-10.336871839123722	-10.336871839123722	-10.336871839123722
CCL21	DHCR7	1	0	-11.314044741596199	-11.314044741596199	-11.314044741596199
CCL21	EPB41L1	1	0	-11.345201397012882	-11.345201397012882	-11.345201397012882
CCL21	MGST1	1	0	-11.371364223444301	-11.371364223444301	-11.371364223444301
CCL21	H1F0	1	0	-11.405125491178342	-11.405125491178342	-11.405125491178342
CCL21	EHF	1	0	-11.451487791239408	-11.451487791239408	-11.451487791239408
CCL21	ST14	1	0	-11.504835577366977	-11.504835577366977	-11.504835577366977
CCL21	SLC7A11	2	0	-11.513681011106632	-1.4720543266905954	-21.555307695522668
CCL21	KYNU	1	0	-11.530501662774814	-11.530501662774814	-11.530501662774814
CCL21	SERINC2	3	0	-11.5522121712121	-2.571748061277839	-16.36967362890652
CCL21	UCHL1	1	0	-11.639305117292274	-11.639305117292274	-11.639305117292274
CCL21	EPHX1	1	0	-11.842663500816133	-11.842663500816133	-11.842663500816133
CCL21	CCL28	1	0	-12.139392861975537	-12.139392861975537	-12.139392861975537
CCL21	AGRN	2	0	-12.18973360729418	-3.008216898582228	-21.371250316006133
CCL21	DHCR24	1	0	-13.389880212672434	-13.389880212672434	-13.389880212672434
CCL21	FDPS	1	0	-14.29220817958397	-14.29220817958397	-14.29220817958397
CCL21	CHMP2A	1	0	-14.448919291501943	-14.448919291501943	-14.448919291501943
CCL21	CDCP1	1	0	-14.48601579750142	-14.48601579750142	-14.48601579750142
CCL21	CLDN3	1	0	-15.95721031965704	-15.95721031965704	-15.95721031965704
CCL21	TXN	1	0	-17.32655245755664	-17.32655245755664	-17.32655245755664
CCL21	TKT	1	0	-17.646933495975777	-17.646933495975777	-17.646933495975777
CCL21	G6PD	1	0	-18.241715812752968	-18.241715812752968	-18.241715812752968
CCL21	AKR1B10	1	0	-18.9463778375748	-18.9463778375748	-18.9463778375748
CCL21	PGD	1	0	-19.40618536972169	-19.40618536972169	-19.40618536972169
CCL21	AKR1C1	1	0	-20.327447758591834	-20.327447758591834	-20.327447758591834
CLU	C7	10	10	7.713647295146821	20.061052868968023	2.083732226109996
CLU	KCNK3	10	10	3.788211753613502	13.172473125202892	0.8994146060279514
CLU	KCND3	10	10	1.897566121101013	5.794227204760491	0.2946308002411907
CLU	MFAP4	10	9	4.88407222394706	13.034656977710561	-4.669506019042326
CLU	CCL19	10	9	4.5202094358625615	12.816251832457192	-0.8828398366334645
CLU	CCL21	10	9	3.2183636072008364	13.374844685933367	-1.0330700302522005
CLU	KCNK17	10	9	1.1487021229084595	5.894201671087094	-0.013598291246398785
CLU	KCNC4	10	9	0.9166121004479179	2.5888521307357917	-2.117393022038159
CLU	IGHM	10	8	4.060699648012214	10.697149842610196	-0.7178562238291537
CLU	IGHG3	9	8	2.363940013537452	5.420679718193493	-0.8025892706257518
CLU	IGHA1	9	8	2.1348749456405685	6.643078451928539	-2.0085202439089977
CLU	KCNJ8	10	8	1.7403098455724653	6.775172105209827	-2.1039555637457013
CLU	KCNN3	10	8	1.0587599066555786	3.6204332709078555	-0.9451266378979694
CLU	KCNB1	8	8	0.8106519751593475	2.9828919906824476	0.15000138156439527
CLU	KCNA5	9	8	0.7129914586463593	3.039096517339762	-0.5850345052615333
CLU	KCNS3	10	8	0.41418622985754894	7.19946476846553	-8.482561080226386
CLU	KCNMB4	10	8	0.3052873756556499	3.695446880638741	-1.99014746335046
CLU	KCNJ16	10	8	0.24809624173233955	9.530324111143045	-0.37040261915679945
CLU	GCG	7	7	5.254483519009534	8.656690158960393	1.2858692312482476
CLU	C1R	10	7	2.2110924412965316	9.436475607333156	-3.556996502866952
CLU	KCNMA1	10	7	2.0230633887629805	9.829816574445813	-6.446878076665898
CLU	IGLV3-1	8	7	2.0162987021098253	8.074394572651636	-0.8632638123740994
CLU	IGKV4-1	9	7	1.7367994137101768	6.75707248406685	-1.7890988802609735
CLU	IGLC1	10	7	0.7367783264637443	11.002816468578487	-4.7193184231087955
CLU	KCNK15	10	7	0.5820652091772383	1.7423206855142863	-1.800116880195569
CLU	KCNT2	10	7	0.5169908492727453	1.5852494123314247	-0.9215262117800517
CLU	TNXB	6	6	8.060005052373945	18.493439002904886	2.8144067518478075
CLU	HSPB6	7	6	7.801935061767037	16.168711124515223	-0.7000534357567789
CLU	INS	6	6	6.920901521187135	9.15789907344783	1.49643322665514
CLU	TTR	6	6	6.880487361630646	10.708447880769462	2.22979072297113
CLU	ADAMTS1	7	6	5.778029228259239	17.812906195259277	-0.8104426534638061
CLU	SOD3	6	6	5.201700770027059	11.23413657688125	2.7229079254503397
CLU	ABCC8	6	6	4.569416400925553	11.527183615718483	1.4142229879107138
CLU	MGP	7	6	4.3657390771271265	7.0637070175248375	-0.20916262743779773
CLU	AGT	6	6	4.111555503040675	8.351907138544185	0.5356197710497959
CLU	PTGDS	8	6	2.178067854096321	19.641708634235663	-3.2903304396108295
CLU	SERPINA3	7	6	1.6531685175915243	9.140170282009557	-6.412825563647004
CLU	APOD	7	6	1.2445003350934154	8.991330497325997	-5.282934783516756
CLU	PSCA	8	6	1.2226489785901347	7.343270226306727	-1.6164402486710217
CLU	KCNMB1	10	6	0.6438171128405339	10.287457704455894	-2.809847949946235
CLU	KCNQ4	10	6	0.5277320543372682	2.1183671627241356	-1.6317223132900247
CLU	DCN	10	6	0.43926777264138467	7.051311822284593	-5.662597116975559
CLU	KCNAB1	10	6	0.3682158921255263	2.5887856176388806	-0.4151788121207504
CLU	KCNK6	10	6	0.3176121766599347	2.005425188106993	-3.6036939272787865
CLU	SELENOP	5	5	11.674180298617998	18.974340066110226	1.1940384043409884
CLU	AQP1	5	5	10.627438801100702	13.86825081727695	7.2687959514591105
CLU	OGN	5	5	9.325693510757532	14.578186538129922	2.751989380253934
CLU	SYNPO2	5	5	8.489713829458985	13.337015872240924	3.4864903593352667
CLU	CHGB	5	5	7.756379577476519	10.27033951205353	1.4547447324428497
CLU	SCG2	5	5	7.013949414131063	11.206242204972108	2.354539477438583
CLU	RASD1	5	5	6.6664113119104655	15.782881335959825	0.8319567107579471
CLU	BTG2	5	5	5.476524868032502	13.627122882994165	3.0458315823936193
CLU	JCHAIN	6	5	4.8962424849345965	9.91784362822372	-0.1962178866084447
CLU	CXCL12	6	5	4.566659650189942	8.821546084647252	-8.262039850155897
CLU	FBLN1	7	5	4.52916002648432	9.231353182836914	-10.068062746939846
CLU	IGHG1	9	5	3.5887173603171356	10.806253245024141	-3.458922247909944
CLU	HEYL	5	5	3.3700715462443203	7.592735678126192	0.15446324305892684
CLU	IGHD	5	5	3.0634963965161655	11.14005460396988	0.8150111402476977
CLU	THBS4	6	5	2.973101006420073	6.781383700928821	-1.7898939079918645
CLU	C3	6	5	2.823655289326422	4.968009194015228	-4.857237691746737
CLU	IGHJ6	6	5	2.696637619460766	9.48528492284272	-0.09441289248421525
CLU	REG1A	5	5	2.5104425994792603	10.91745310823618	0.9672748089845572
CLU	PIGR	7	5	2.3872155640844994	6.610925553030465	-6.963609072587863
CLU	DUSP1	6	5	2.321236422679691	10.584773383011887	-9.64413999968739
CLU	MUC6	6	5	2.2073490780299228	8.286505436522743	-3.491426268388809
CLU	PDLIM3	7	5	2.173862200922221	9.94941255339205	-10.346807117866426
CLU	IGHG2	8	5	2.112457196700605	8.45075240094409	-3.237192394015966
CLU	CRP	5	5	1.720560504186263	10.88307203657297	0.15270516667789957
CLU	NR4A1	8	5	1.65936609596928	13.477234626313393	-10.94150548490081
CLU	IGHG4	7	5	1.2202487789156906	5.289743217990505	-2.8977466044859277
CLU	CCDC80	7	5	0.899409777108162	11.840079472138944	-10.56228712566633
CLU	CFTR	7	5	0.7673139706587757	10.767819397451625	-6.162483010909296
CLU	CTSE	8	5	0.5554296173716504	7.603469866504952	-6.851046113028611
CLU	LGALS4	9	5	0.1396556899568019	6.860173160514917	-14.783528270868784
CLU	KCND2	10	5	0.09735125535081507	2.8278779844400255	-3.0553711205543714
CLU	KCNAB2	10	5	-0.0859568029848947	2.176083658781904	-2.7314113166966147
CLU	KCNJ15	10	5	-0.17080373609985805	7.068214812483208	-3.0439337594539433
CLU	SPARCL1	4	4	11.284574781763354	12.266094614429964	7.793282547902657
CLU	CPE	5	4	8.828087253337275	13.740790668203486	-9.15403087196364
CLU	ADIRF	5	4	8.698038264638	13.193117747627552	-0.34665557705989936
CLU	GPX3	4	4	8.38194704079785	11.965428733664744	4.8573154602723925
CLU	IGF1	4	4	8.15620440617118	12.770178685435285	3.4597633763875337
CLU	TMOD1	4	4	7.459566971160241	10.52951517880611	6.198568383145726
CLU	MCAM	4	4	7.393175559649382	14.408229354429713	4.334241206936994
CLU	SLC30A8	4	4	6.662595364229479	10.80727069354994	1.082995354262603
CLU	COL14A1	4	4	6.649349530818576	8.978924772929945	2.00813748670473
CLU	S1PR3	4	4	6.49481762597636	9.121356408507502	4.391537961461499
CLU	LTF	4	4	5.848369848342228	7.982745169868803	1.9332299150301027
CLU	SLIT3	4	4	5.826508189692488	10.955279123517826	3.4211152682363086
CLU	PRSS1	4	4	4.6201583496258465	10.25022332923608	1.3900423908054533
CLU	FBLN5	4	4	4.30653200927971	7.366140683777159	0.9635183299409965
CLU	SST	4	4	4.2247438646519795	11.629999744696795	1.0907661982000458
CLU	CNN1	6	4	4.036250526839767	13.365950168579596	-10.348488820815785
CLU	SRPX	4	4	3.904452029502111	8.048363517946141	0.2368709742573225
CLU	EPHA3	4	4	2.881724676671193	6.15226738808668	0.15092877366916654
CLU	SPINK1	7	4	2.878245466237869	5.099504703810632	-8.049066701782715
CLU	TFF2	6	4	2.7645010216580816	6.050042588353533	-8.026899868577178
CLU	GADD45B	5	4	2.6748039383350695	5.644931180714164	-8.17182453073698
CLU	RHOB	4	4	2.488123502766334	4.880954383396801	1.720647689325211
CLU	A2M	5	4	2.438491412540594	10.50921844412878	-1.2810018772593552
CLU	CEBPD	5	4	2.342216328296118	10.638848920032867	-4.285638854483774
CLU	SLC40A1	5	4	2.270498860145134	8.018555095380222	-2.1430991992618096
CLU	MT1G	5	4	2.0536740435752514	5.854179219237723	-0.6441584098202991
CLU	TFF1	7	4	1.9530131095938745	7.935152389519044	-11.077908480664531
CLU	SERPINF1	7	4	1.8614317601503838	11.040554769474138	-8.798010519072491
CLU	IL7R	5	4	1.7035759351257105	8.703600665860089	-6.549662654250904
CLU	SYT8	7	4	1.1916369616506546	9.702221943422828	-10.570157761063903
CLU	AZGP1	6	4	1.180490754680821	7.264533109216898	-7.677732058310041
CLU	TAGLN	6	4	1.1543428791863104	4.454876244834672	-9.145644285854084
CLU	SERPING1	5	4	1.0982554176350667	6.980165944218346	-2.01497705709728
CLU	COLEC11	5	4	0.9166848738798682	8.721168929988433	-0.03014156802964039
CLU	THBS1	7	4	0.8276404826154832	5.234232128102801	-8.83551746627171
CLU	FBLN2	6	4	0.639020200502152	3.3319155983907427	-9.525408879905543
CLU	MT1X	6	4	0.607650529888831	7.7158542463725075	-3.0526389681111445
CLU	IGKC	7	4	0.5600118723512092	14.440071253311839	-3.3662390571677028
CLU	GABRP	7	4	0.44041896079633247	3.028106112377889	-3.3308933620313654
CLU	ACTA2	7	4	0.3648653028157623	5.530254661892072	-7.670755076559157
CLU	TACSTD2	7	4	0.3099263858404057	11.98732132112741	-15.628766316864636
CLU	DMBT1	7	4	0.159891713416903	7.225025453332532	-9.70253582609411
CLU	IGFBP5	8	4	0.15484615488670536	5.804037549941308	-9.482154880248803
CLU	SFRP4	9	4	-0.1129107571151737	9.122713382824951	-7.06782715040592
CLU	CCN1	8	4	-0.16550422109414098	5.2202040410400885	-8.272482699380012
CLU	KCNE4	10	4	-0.4814284929090778	3.5554707040820848	-3.5643998871480993
CLU	CCN2	8	4	-0.6822616160719699	5.711634881553701	-6.71626336673933
CLU	LCN2	10	4	-0.9105042104408287	8.375750688100299	-13.940714155892383
CLU	MMP7	10	4	-0.9277938812917662	8.355202571188237	-17.873130621380792
CLU	TSPAN8	8	4	-1.269660952735582	7.341366863209787	-11.14282904305168
CLU	SLPI	10	4	-1.4103621382061349	8.351716961952874	-8.990053798130718
CLU	KRT18	9	4	-1.476374526607718	5.920692113689557	-15.794775799393705
CLU	ELF3	10	4	-1.9952510979228981	7.635086592334232	-15.287684746177183
CLU	LYVE1	3	3	9.855034859118934	17.919906674374264	1.527695827312249
CLU	CFB	3	3	9.794446841097084	10.485361398629921	0.9130874182108328
CLU	PPP1R14A	3	3	9.572427466276135	11.19545940436763	6.037782708668412
CLU	SCG5	3	3	9.2383993477544	9.618671320735476	7.578985410899882
CLU	LMOD1	3	3	9.048147061876161	12.037976227458435	6.572877908025539
CLU	PLN	3	3	8.768580003721182	8.80214877122688	4.307824609781473
CLU	SNCG	3	3	8.757983645322838	11.58060130903612	7.307381544690719
CLU	FCGBP	4	3	8.444316930418022	12.745605913372476	-2.6712250837319993
CLU	CBLC	3	3	8.23789637749003	13.217386625640302	4.038723543765192
CLU	CHGA	3	3	8.14778821598403	11.791682104939621	1.9235455323582278
CLU	F13A1	3	3	8.104328791180325	9.73869386213931	7.968765596693479
CLU	UBD	4	3	7.844397177624446	20.783231955108977	-3.6669332084505246
CLU	PLAAT4	3	3	7.817420980462134	7.927564605312595	0.9335559856186081
CLU	TM4SF4	3	3	7.812901217592503	8.259323979263245	3.9572850961463595
CLU	SORBS1	3	3	7.783999824667113	12.586960122590947	4.324928201477663
CLU	PDK4	3	3	7.445390709394144	14.949285933839848	4.7150929865009195
CLU	AKAP6	3	3	7.128639328604752	11.039361210157958	2.800753000320207
CLU	CTRB2	3	3	7.069666444043947	10.057942709636837	2.0714689489546743
CLU	NKX2-2	3	3	7.036914700739247	7.906247607852607	5.315418546487355
CLU	PTP4A3	3	3	6.938670530671898	11.106645900404413	1.766763234842456
CLU	ERO1B	3	3	6.648165067718987	10.749280176772503	5.534571048651914
CLU	REG1B	3	3	6.554241188626642	10.152186037897023	0.8902528299907484
CLU	RGS5	3	3	6.481069507325424	8.28154312005091	3.1880332316504387
CLU	CELA3A	3	3	6.4408389226349	10.16821698039299	4.069166127902836
CLU	CPA1	3	3	6.436798000358779	10.06327682020984	2.443051612535677
CLU	DES	5	3	6.401208268040754	11.51802932280486	-7.141284861079924
CLU	SCG3	3	3	6.353997066394932	9.387247633463046	5.013690459880958
CLU	SCGN	3	3	6.340237020856315	7.209910755387574	4.510281564355104
CLU	LIMS2	4	3	6.234597297944716	9.34246957796897	-7.036797349020803
CLU	GC	3	3	6.211631458816689	8.92414144753531	4.600701924350811
CLU	MYLK	4	3	6.048026677792338	12.833721834946566	-10.783007269333979
CLU	ITGA7	3	3	5.9330435812000255	8.324997063222591	5.694138115681311
CLU	PLA2G2A	4	3	5.7982686669309285	17.507403991145413	-2.6797650092811236
CLU	CHRDL2	3	3	5.798221553714799	7.629141010987978	5.751820735111475
CLU	CLPS	3	3	5.791484776723727	9.404043450285808	1.8406000468053498
CLU	ABCA8	3	3	5.621247726936499	6.643306615256654	1.0817998431124187
CLU	MUSTN1	3	3	5.4705738705285585	6.165869713458205	4.0955260657195085
CLU	VGF	3	3	5.431020328077573	5.93403040823686	2.59276823006955
CLU	CPB1	3	3	5.358828160538312	9.930260397801826	2.8600540114209774
CLU	PI16	3	3	5.22762909817463	12.69144129338734	4.163660069251589
CLU	GFRA1	3	3	5.204682487744111	8.255002643374524	4.081800012678472
CLU	NEURL1	3	3	4.981224933138866	7.505770367304725	4.0782720998750195
CLU	TNS1	4	3	4.940445281100838	10.841474069247818	-3.44818021099663
CLU	CPA2	3	3	4.905739060045592	10.193156363123611	2.2677858781053293
CLU	CEL	3	3	4.850885431723038	10.601700917387177	3.114205123968861
CLU	GATA6	3	3	4.8467150870652596	8.39911805168267	4.675529206979729
CLU	KRT13	3	3	4.822048383323764	9.036826431991694	1.809773836216828
CLU	C1S	4	3	4.806462964189377	10.137879689671932	-0.8272187142592244
CLU	CTRB1	3	3	4.768685636588741	10.099919148354651	1.7869144621023902
CLU	BCAM	3	3	4.642426306256053	9.179067450771708	0.7929596160992491
CLU	PNLIP	3	3	4.477708154635148	9.367327950861688	4.2142244264645585
CLU	TOB1	3	3	4.461508573829295	6.31023869965741	2.357803347167163
CLU	LTB	4	3	4.436212342619016	25.832435813172548	-1.817656363897472
CLU	TNC	5	3	4.346256012864996	12.102756988497966	-7.474467725184355
CLU	CCL5	3	3	4.32169565659562	6.254528306877475	0.7296582909620518
CLU	CTRC	3	3	4.291264220279357	9.81942103207745	4.117527956270898
CLU	IGLC7	4	3	3.9808901389192624	7.992851890999048	-0.523236082070703
CLU	MZB1	4	3	3.8909444274039853	6.823043833149432	-0.479093809290774
CLU	ZNF331	4	3	3.649376826537318	12.741370296936521	-3.7758069889498125
CLU	MYC	4	3	3.5905016043992957	7.891718292629882	-2.1090645330968365
CLU	PTGIS	4	3	3.412831032718086	9.265179328455847	-4.876486857407474
CLU	IGFBP4	4	3	2.959363015748795	7.14484986933762	-1.758792747518188
CLU	CXCR4	4	3	2.9540636847377253	10.590577891802857	-2.383964877006573
CLU	ENG	5	3	2.56695374674283	6.035610790203104	-1.00728540315401
CLU	IGHV1-46	4	3	2.34211886884882	3.5265791920250167	-1.5267892651626322
CLU	PDIA2	3	3	2.153136936859703	8.456281206833975	1.6826006866815262
CLU	KRT16	4	3	2.00816106341478	4.037086606778181	-6.226828853265691
CLU	MUC3A	5	3	1.9811982457769797	8.970660180538207	-3.2541037051310733
CLU	NPR3	3	3	1.853522092071391	2.1071634933598045	0.021592236998648987
CLU	DEPP1	4	3	1.7300795308639736	6.84445662605754	-4.842305241235288
CLU	COL4A1	5	3	1.6052055185847343	9.477897508479366	-14.28299724537761
CLU	HBA1	3	3	1.4381755903258073	2.718846632272623	0.5146139977458141
CLU	MT2A	5	3	1.4027895003997857	3.7736633268936433	-6.968717658631447
CLU	PRR15L	4	3	1.1612071781728532	9.15524608458256	-2.0827235277837133
CLU	EPYC	5	3	1.1563190835608004	6.874260055920573	-9.246188390032707
CLU	CRISPLD2	4	3	1.0933669659982144	6.139024559878581	-3.7409969168486543
CLU	CYP3A5	5	3	1.016792954677635	6.4431752221982315	-4.15618281333825
CLU	TIMP1	4	3	0.9540493065174183	5.088669597031107	-5.641193097402151
CLU	GAS1	6	3	0.835640151515438	9.310153516713845	-10.596696756186065
CLU	KLK7	4	3	0.8055855576143138	5.632526537797725	-6.869936980967955
CLU	MUC5AC	4	3	0.7290342763062441	6.5955249864539685	-0.3670513157306081
CLU	SULT1C2	5	3	0.7289715085428098	8.854359106258125	-11.287460808641239
CLU	C11orf96	6	3	0.6580122427437826	14.306726321477479	-9.47043631499388
CLU	HBA2	5	3	0.6564726507250268	2.85256980739462	-1.546936664246014
CLU	PPP1R1B	4	3	0.6258613013929114	0.9464272034499025	-4.147205501550022
CLU	SFTA2	3	3	0.5900847234194949	7.853146469952994	0.05384002037958691
CLU	CRISP3	5	3	0.545716565706812	9.463587147076998	-1.557480214275084
CLU	CXCL17	4	3	0.3593909532821587	1.5579519512875053	-1.4052106267001774
CLU	CDH1	5	3	0.3185745665631362	9.972977473073009	-8.479818119364886
CLU	CEACAM5	5	3	0.16688470681359488	3.096125711429353	-15.075502187412315
CLU	TPM2	5	3	0.12072628318416846	6.568513870926656	-6.727419840873323
CLU	FBXO32	5	3	0.022498772579572647	14.386906863043492	-5.952658480775342
CLU	ACTG2	7	3	-0.03740398338518714	13.030222384042846	-10.632565586582588
CLU	MUC5B	6	3	-0.19853954523591855	5.534057050064746	-5.698197278549985
CLU	WFDC2	8	3	-0.38515338807702104	6.615001386998316	-12.15629600706235
CLU	TMC5	7	3	-0.40918776056930906	6.4177802468527485	-8.23122156490604
CLU	KCNK1	10	3	-0.591687525344541	7.92747471711713	-4.669155796350263
CLU	RARRES2	6	3	-0.6356681365790631	3.0347088924174157	-9.809255766208983
CLU	FOSB	8	3	-0.8107406518294444	10.548626978141195	-10.089069639566532
CLU	SERPINE1	8	3	-1.0608030140339002	1.2853340851092712	-9.053622401385605
CLU	MMP2	8	3	-1.0938898760448372	4.274738220652397	-9.601031192024312
CLU	OLFM4	8	3	-1.1344262170280577	4.352985419169151	-4.359595408121558
CLU	CST1	7	3	-1.2252934388114223	10.062757940810894	-17.681028835286522
CLU	SFRP2	8	3	-1.3445401135243937	2.3036647255599845	-10.455985984534422
CLU	ITGA11	8	3	-1.4498682897908062	3.5909759193529345	-9.900787469046078
CLU	KRT7	9	3	-1.5223064745899468	8.814581981043958	-16.551112620288386
CLU	FXYD3	8	3	-1.5491617133896143	15.28216528419387	-13.804925536666136
CLU	ITGB4	9	3	-1.6218007045864478	6.745164867259093	-9.999430469600792
CLU	TSPAN1	7	3	-1.6633376292134057	6.244909171019329	-15.498693885983698
CLU	ID1	6	3	-1.7473318577241916	5.221944291937888	-9.23443582845525
CLU	MAL2	7	3	-1.8162425967084328	6.13666231829821	-16.564299041731058
CLU	S100P	8	3	-1.8862200543406957	3.058224051764098	-11.643043577970442
CLU	KCNN4	10	3	-1.9938355656631113	2.9892248592350126	-4.8580873418443105
CLU	KRT8	7	3	-2.07959359620944	4.418752521006992	-17.016586169580513
CLU	C19orf33	10	3	-2.089297469273773	6.016518087149953	-16.55568041182334
CLU	MUC1	8	3	-2.1114208068180083	0.9380107479616894	-16.416324283696696
CLU	GREM1	8	3	-2.9069380973692196	1.8208247908001016	-12.242133501438964
CLU	ITGB3	2	2	14.658196763586705	23.395514026413366	5.920879500760046
CLU	CXCL13	2	2	13.825539139548416	15.98795433299823	11.663123946098603
CLU	SVEP1	2	2	11.813015456749014	13.32855972199023	10.297471191507798
CLU	SH3BP5	3	2	11.592383431307876	15.600005629068693	-7.8445591921086315
CLU	SERPINA5	2	2	11.092016570953747	12.26318060118575	9.920852540721745
CLU	STAR	2	2	11.033836243972114	13.038830636151546	9.028841851792683
CLU	ACKR1	2	2	10.676376662518566	14.193381295214321	7.159372029822809
CLU	CCN3	2	2	10.025038146076165	14.76280540853998	5.287270883612349
CLU	PEG10	2	2	9.840351382858362	12.298414042234164	7.382288723482558
CLU	ZBTB16	2	2	9.742990772886253	12.87497016455232	6.611011381220187
CLU	AOX1	2	2	9.678086835492504	13.620309594349793	5.735864076635215
CLU	SYNM	2	2	9.618260066222062	13.748475817369167	5.488044315074956
CLU	C6orf141	3	2	9.477009407150454	11.667693974017626	-4.816839452694272
CLU	CLDN1	3	2	9.265607278315608	13.43710207232154	-12.01762442186302
CLU	ADAMTS9	2	2	9.045096768189918	16.585775092151852	1.5044184442279838
CLU	DLK1	2	2	8.919069668958468	13.27846431717237	4.5596750207445655
CLU	PRUNE2	2	2	8.823093752005446	11.038567917004723	6.607619587006169
CLU	ATRNL1	2	2	8.68760559916166	11.817104940148402	5.55810625817492
CLU	RGMA	2	2	8.456059891240558	11.255771407146684	5.656348375334434
CLU	PPP1R12B	2	2	8.252233378576353	8.771371668761201	7.733095088391505
CLU	TSPAN7	2	2	8.210214573660606	9.350891108267108	7.0695380390541045
CLU	SCRG1	2	2	8.12836723748706	9.259342902156714	6.997391572817405
CLU	NCAM1	2	2	8.032477427201684	11.500644896973485	4.564309957429882
CLU	CRYAB	2	2	8.027431815975092	8.665333515362711	7.389530116587471
CLU	PCSK2	2	2	7.997656545818554	9.005172373979336	6.990140717657773
CLU	RAMP1	2	2	7.963442641685813	9.168528967103207	6.758356316268419
CLU	MMP28	2	2	7.944124553107955	8.61601084144983	7.272238264766081
CLU	STOM	2	2	7.930775176716746	8.473614429479754	7.387935923953737
CLU	RBPMS2	2	2	7.8947303775115865	9.855868887120327	5.933591867902846
CLU	PPP1R14C	2	2	7.727431062731823	14.705920509456483	0.7489416160071628
CLU	PPP1R1A	2	2	7.710985917326035	9.50727990577717	5.914691928874901
CLU	NTRK2	2	2	7.695108840671591	9.005813906004239	6.384403775338944
CLU	CAVIN2	2	2	7.685175466323771	7.764335534206661	7.6060153984408805
CLU	MS4A1	2	2	7.6030490330404685	13.150693706540778	2.0554043595401583
CLU	FCMR	2	2	7.477125220989846	12.171628214399433	2.7826222275802595
CLU	PDGFD	2	2	7.395403987262078	11.181822943361848	3.6089850311623093
CLU	CLIC5	2	2	7.36854329050639	7.743216958789714	6.993869622223067
CLU	PLA2G1B	2	2	7.327399673976283	9.622218705598474	5.03258064235409
CLU	ALS2CL	2	2	7.311088094189678	7.503695230114116	7.11848095826524
CLU	PHACTR3	3	2	7.290503881767196	7.818710459432538	-0.20781000121485738
CLU	CRYBA2	2	2	7.237816522510318	8.04817302321758	6.427460021803058
CLU	FXYD2	2	2	7.180844234727023	7.502748333278264	6.858940136175782
CLU	NBEAL2	2	2	7.120426708243226	10.298779824716789	3.9420735917696628
CLU	PGF	2	2	7.055149796412264	7.10375465221933	7.0065449406052
CLU	CPXM2	2	2	7.04349471347337	7.113322356543425	6.973667070403316
CLU	GP2	2	2	7.013290629988202	9.789369113216178	4.237212146760225
CLU	TBC1D1	2	2	7.00883729588954	7.067962930695147	6.949711661083932
CLU	PALM3	2	2	6.9839752110187145	7.879651225959866	6.088299196077564
CLU	STAB1	2	2	6.960572387943724	8.220386624915673	5.700758150971777
CLU	INMT	2	2	6.79401862939803	11.198772504540484	2.3892647542555765
CLU	NDRG2	2	2	6.7551106819676106	13.357760087683364	0.15246127625185724
CLU	SNAP25	2	2	6.755081981579613	7.835400777092319	5.674763186066906
CLU	SYCN	2	2	6.729466276329042	9.744508175270417	3.7144243773876675
CLU	CLDN5	2	2	6.711680123136311	7.59997104384654	5.823389202426083
CLU	RDH10	2	2	6.638055774874607	10.919769715844174	2.356341833905039
CLU	TNFSF14	2	2	6.630014933180007	7.839187527577932	5.420842338782081
CLU	LBH	2	2	6.598383668342124	7.520007041489046	5.676760295195202
CLU	PNLIPRP1	2	2	6.574335348535989	9.910682753267604	3.237987943804373
CLU	CPLX2	2	2	6.518118114428823	6.664517932805289	6.371718296052358
CLU	GJD2	2	2	6.495499940802036	6.72421406798672	6.266785813617352
CLU	FCRL1	2	2	6.491136800039004	11.109891701736702	1.872381898341306
CLU	GATM	2	2	6.478889507077642	9.378559876613517	3.579219137541767
CLU	IL33	2	2	6.407515613820497	7.056309073481401	5.758722154159592
CLU	LAMA5	3	2	6.3907109818314085	9.775027779375153	-3.8509136973811766
CLU	VILL	2	2	6.342170003490434	8.276202688176399	4.408137318804468
CLU	HPGD	2	2	6.279606933818524	8.52905180207223	4.030162065564819
CLU	CFL2	2	2	6.202173489602067	9.098837120121887	3.3055098590822456
CLU	TRBC1	2	2	6.041219626306814	9.384752465353923	2.697686787259706
CLU	JPH2	2	2	6.015597965933667	9.160145369673618	2.8710505621937163
CLU	HIST1H4A	2	2	6.00952331274827	11.39882737599878	0.6202192494977604
CLU	NEURL3	2	2	5.954191790530569	8.35795081811521	3.550432762945928
CLU	FAM83D	2	2	5.874026390316809	7.686085030262106	4.061967750371512
CLU	CCR7	2	2	5.853959909604382	9.872895260608907	1.8350245585998575
CLU	SPEG	2	2	5.814198256757324	6.077462856312981	5.550933657201667
CLU	CYP26A1	2	2	5.791520771721284	9.11157349197246	2.471468051470109
CLU	SBSPON	2	2	5.743121602122254	6.118750591849547	5.367492612394961
CLU	NR5A2	2	2	5.728117742554822	8.196533736548064	3.2597017485615813
CLU	ONECUT1	2	2	5.6829914482149375	9.477731845950354	1.8882510504795216
CLU	MMP19	2	2	5.667768276527354	7.414282587078953	3.921253965975755
CLU	AMBP	2	2	5.552740579321002	8.062781420673009	3.042699737968996
CLU	SLC4A4	2	2	5.5008312312528735	7.8958911992548835	3.105771263250863
CLU	PODN	2	2	5.459484756757311	10.329973098726464	0.5889964147881571
CLU	PRXL2B	2	2	5.445726490594315	7.6127176574976785	3.2787353236909516
CLU	PTGER3	2	2	5.348743904533964	9.764525329080428	0.932962479987501
CLU	CIITA	3	2	5.280519234057067	14.253515592197921	-1.6850513155585651
CLU	SCTR	2	2	5.267878817069862	8.116881957091948	2.4188756770477755
CLU	NTRK3	2	2	5.122632748691544	5.618078011675095	4.627187485707993
CLU	KIAA1324	2	2	5.117109474602228	5.896008848338856	4.3382101008655995
CLU	ID4	3	2	5.095224187988365	9.900429917520446	-7.9439548879487
CLU	EFEMP1	2	2	5.009215606278859	9.14137230056339	0.8770589119943284
CLU	NRXN1	2	2	4.9966472190972855	6.789032209619321	3.204262228575251
CLU	CCN5	2	2	4.973427097787939	6.366622676865569	3.5802315187103084
CLU	EVPL	2	2	4.914887346543978	7.552283447641741	2.277491245446215
CLU	CLEC14A	2	2	4.849308482057825	6.472608828788543	3.226008135327109
CLU	TSC22D3	2	2	4.798773031522996	5.201776590230103	4.395769472815889
CLU	CCL17	3	2	4.782017567071902	5.669720790250507	-7.33570339269248
CLU	ACHE	2	2	4.722435512396134	8.319056901152793	1.1258141236394752
CLU	FGA	2	2	4.66460390642924	8.768061190460717	0.5611466223977621
CLU	NGFR	2	2	4.619901226119106	6.243693969263294	2.996108482974919
CLU	LYPD2	2	2	4.595650713907341	8.247943912751827	0.9433575150628561
CLU	COL15A1	3	2	4.5927773596638	7.136864371446139	-4.172788506282321
CLU	VSIG1	2	2	4.572505972371474	6.807090328740744	2.3379216160022045
CLU	SAA1	3	2	4.53068326223649	10.16855328398146	-2.541134552290602
CLU	CCDC3	2	2	4.457269610985536	5.79197851778097	3.1225607041901013
CLU	HIST1H2BB	2	2	4.407550789680467	7.172801504957855	1.6423000744030802
CLU	CLDN7	3	2	4.40382161097666	9.417021425188251	-13.43339394827482
CLU	XBP1	2	2	4.373437530405885	4.610210357601464	4.136664703210305
CLU	ARGLU1	2	2	4.350995297892155	4.522407408101622	4.179583187682686
CLU	NEUROD1	2	2	4.336455712934593	4.988816626311497	3.6840947995576894
CLU	FXYD1	2	2	4.250985845331854	5.977265456626634	2.5247062340370743
CLU	CHCHD1	2	2	4.152429620515324	7.163922771157804	1.1409364698728444
CLU	C1orf198	2	2	4.136080608404504	6.390875487968108	1.8812857288409008
CLU	VWF	3	2	4.068037865342199	10.58720916350354	-5.3056310326144915
CLU	G6PC2	2	2	4.004093683738956	6.871907558196082	1.13627980928183
CLU	AC007906.2	2	2	3.9999026605689014	4.930301302891046	3.069504018246757
CLU	PTPRC	2	2	3.975464390491639	4.73007897072535	3.2208498102579286
CLU	GUCY1A1	2	2	3.9041070046534427	5.710772966190691	2.097441043116194
CLU	FRZB	2	2	3.8958969561534422	6.146532637718216	1.6452612745886683
CLU	REG4	3	2	3.727513589703334	8.574758907429187	-2.5407745129893953
CLU	DHRS3	4	2	3.676142196666037	8.59576615989108	-1.2490950178134033
CLU	GJA1	3	2	3.581318692779576	9.62324876789532	-1.541992587874621
CLU	TPSB2	3	2	3.377751113636418	8.817680701182113	-4.358479565750747
CLU	PDGFRA	2	2	3.290894348654081	6.205907531846838	0.3758811654613238
CLU	VSTM2L	2	2	3.1569266303634826	5.969393564929606	0.3444596957973592
CLU	PDGFRB	3	2	3.132119873832335	9.067112355437033	-3.9721148189183
CLU	PTGS2	2	2	2.938724627592031	5.793701801442363	0.0837474537416989
CLU	CKB	3	2	2.9333810686933424	10.659379426287183	-11.536112213538981
CLU	IGHV6-1	3	2	2.8955972526134546	2.907591534638405	-0.23795149164775245
CLU	KLF4	2	2	2.89545336157793	3.2884175271484346	2.502489196007426
CLU	CPA3	3	2	2.797778952407954	8.724797957266949	-0.4811717333436155
CLU	WNT4	2	2	2.794403057988317	5.575561263500558	0.013244852476075562
CLU	CCL2	3	2	2.7922096163776957	6.3117325650625835	-4.649357421950983
CLU	ADAMTSL2	3	2	2.741645523696677	6.103564964057122	-0.3968638983970457
CLU	IGHV5-10-1	3	2	2.7021860102817152	2.997825602159869	-4.549566600568922
CLU	SCN7A	3	2	2.70122510301634	6.97319823516994	-0.17234978847642163
CLU	PDLIM5	2	2	2.672277684662786	4.479686717716641	0.8648686516089307
CLU	NR2F1	2	2	2.6288901722131106	5.0783013098272205	0.17947903459900033
CLU	NCCRP1	4	2	2.556730385365079	12.63020313961793	-0.8738260108496603
CLU	EEF1A2	3	2	2.4989164654248284	5.2892855988385605	-4.273966500984245
CLU	SCUBE3	2	2	2.4873291830786206	3.8991873999688265	1.075470966188415
CLU	MYRF	3	2	2.412072899889623	8.76947901709329	-1.2021701519424357
CLU	ASS1	3	2	2.409678066016852	3.7670436605066877	-1.6908850029744569
CLU	MRC2	3	2	2.253354597129858	2.3911644570146526	-9.233500098265797
CLU	SOX9	3	2	2.2282488479657014	6.110906971116437	-2.3280907226215644
CLU	IGHJ2	3	2	2.210118883970738	4.03595357821094	-4.320427838110563
CLU	PLVAP	2	2	2.1871695806425775	2.696171955584315	1.6781672057008397
CLU	HLA-DPB1	4	2	2.1811671638513657	11.694692301396898	-3.0588453703646263
CLU	SOCS3	3	2	2.1504548048176306	4.756724988515767	-0.34026077832720286
CLU	KIAA1522	3	2	2.0700905434715713	9.475800672159362	-5.154712843889031
CLU	F2RL2	3	2	2.0577148299439347	6.144844410449161	-2.149125770830598
CLU	TFCP2L1	2	2	2.0261093581886556	2.822551266770541	1.2296674496067697
CLU	DCD	2	2	1.8988630373152549	2.138160397857017	1.6595656767734923
CLU	CEMIP	3	2	1.8929140393519432	10.009827239938177	-11.763160441508576
CLU	ITGB8	3	2	1.8359032892531915	7.724764497727049	-6.965404655495263
CLU	CD81	3	2	1.7822205056406912	4.34809579435136	-3.070783095732707
CLU	SPRR3	3	2	1.7395693286142835	2.122545786252938	-1.2610922264399038
CLU	CA2	3	2	1.7088389634531664	7.890789616999457	-3.2860612488431813
CLU	NFATC1	2	2	1.6266077408937867	3.2107201202692948	0.04249536151827846
CLU	AGR2	3	2	1.559420596008067	7.107362782180608	-2.2877731165811452
CLU	HSPA5	2	2	1.5073526379366076	2.9969978345641897	0.017707441309025303
CLU	PRRX1	3	2	1.4466719553911112	8.889131266369658	-5.519533742458542
CLU	SLC34A2	3	2	1.3760144587101741	8.334400722012198	-3.3106974255223944
CLU	INPP4B	4	2	1.2757374943581492	6.852279053609644	-6.909948263669454
CLU	BOC	4	2	1.2437861535430172	8.043430686177132	-0.4700455605321428
CLU	NNMT	3	2	1.2260477396186973	2.717029111815058	-9.028676750309561
CLU	S100G	3	2	1.2254234025875559	4.241008442640466	-0.1051573732102672
CLU	FLNA	3	2	1.2131549220210298	1.4975740551062977	-7.308881964482401
CLU	HLA-DPA1	4	2	1.1087912884892912	8.881233947861011	-4.361149805025176
CLU	CST4	2	2	1.0841902650446213	1.8387960504700593	0.32958447961918347
CLU	EGR3	2	2	1.0578055300207951	1.6320603972363983	0.4835506628051918
CLU	PFKFB3	3	2	0.9920158352081087	12.932248857275335	-2.099631888450638
CLU	SAA2	3	2	0.853758626963811	9.051715307835117	-0.5742867507687776
CLU	MT1E	4	2	0.8390868942064549	7.974422312352864	-3.912884724969969
CLU	PGC	4	2	0.8379557502099484	6.923758330903893	-5.7314301219295
CLU	MYH10	3	2	0.7818265582188121	7.721030649547416	-8.790447774073757
CLU	ATF3	4	2	0.7369346418865341	5.270453018019484	-1.7053049024833355
CLU	MUCL3	2	2	0.7256163468808351	1.3753936298518195	0.07583906390985078
CLU	LMNA	2	2	0.6968240639728513	1.2421345663399213	0.15151356160578142
CLU	IGLV6-57	3	2	0.616145014047057	4.073948222172235	-5.1692439015458325
CLU	MYL9	3	2	0.6080913804893078	4.811564817157988	-5.8274679745553115
CLU	MXRA8	4	2	0.5683466511676689	4.735035356436303	-3.252710629005778
CLU	FGFR3	2	2	0.4843700311362198	0.7722694249937407	0.19647063727869882
CLU	LMCD1	4	2	0.4119032248069649	2.884086219401786	-10.189985478016892
CLU	IGLV9-49	4	2	0.3519846699398569	2.7345766598165318	-2.6987616249536592
CLU	FGF7	3	2	0.32439043125931355	1.5496845343757428	-10.51254833239547
CLU	PLIN2	3	2	0.31327630363729986	5.855527601608916	-6.8128552296762415
CLU	FGG	4	2	0.2790927825697095	8.743052790265937	-0.503866518221836
CLU	CGN	4	2	0.2632265189049884	7.826160933799368	-13.01326754744411
CLU	CYSTM1	4	2	0.22324478837439798	6.330029232611686	-4.8932245683711
CLU	DHRS9	3	2	0.13862542959395344	1.3463135316352888	-9.15717983039778
CLU	CHI3L1	3	2	0.12722529758835205	9.98380579186074	-1.761713777032232
CLU	CP	4	2	0.05262649073195194	1.8467753146555108	-10.046287362416836
CLU	KLK11	3	2	0.005110517297986689	4.5754159024949	-3.94488711225163
CLU	PADI1	4	2	-0.04049864777591217	3.6002344627878475	-7.370155708727592
CLU	PRELP	5	2	-0.10655884927394901	7.6586365977261135	-3.326396807390601
CLU	PCDH1	4	2	-0.2006216344470546	7.406514173351425	-6.733295616690714
CLU	GCNT3	5	2	-0.3360994121707999	5.629318535700733	-6.595197872091172
CLU	NKD2	4	2	-0.360261217923586	3.606985535302016	-6.683169598050449
CLU	EPCAM	7	2	-0.37842848982075095	6.922022067355231	-15.522564261275324
CLU	CD74	4	2	-0.42159762399569645	7.25600366874268	-3.8976716046907987
CLU	MS4A7	4	2	-0.4269696979795772	3.208820875791899	-3.5874877863493713
CLU	LY6D	4	2	-0.4317756039430752	7.830903119886583	-2.553635564482946
CLU	CALD1	4	2	-0.49258661047770447	8.12635801901367	-3.719001431889677
CLU	FSTL1	4	2	-0.5103660062467262	1.098644777217213	-3.626766983915597
CLU	IFI6	4	2	-0.5698563505509371	7.1278408055367475	-13.583697358008916
CLU	EGR1	4	2	-0.6559099750113675	2.389519164211014	-9.840878767621529
CLU	IGFBP2	4	2	-0.6806742453171372	7.247404323656229	-3.1221977188098693
CLU	TCN1	5	2	-0.7163109605019337	2.775198737389687	-4.474520624838104
CLU	COL8A1	5	2	-0.7792713563657143	1.2439211974698592	-7.5184939088613465
CLU	TM4SF1	4	2	-0.795793108253936	4.468328520939452	-12.398546643046522
CLU	FOS	5	2	-0.8359081642035716	3.076942857531081	-3.365462510085559
CLU	LYZ	6	2	-0.8693767508241731	6.895186307949737	-13.829692540433932
CLU	TESC	4	2	-0.913218247192656	8.760609472330124	-6.3284101529941825
CLU	COL6A2	4	2	-0.9233309103596952	1.995091401698222	-8.995161972891465
CLU	AEBP1	6	2	-1.0123083781670683	4.6389679384754645	-5.268878415885501
CLU	FIBIN	4	2	-1.032178308639244	3.4424645680544734	-10.29844613490923
CLU	MLPH	7	2	-1.1354490450059047	7.7579297664383695	-12.542800640553551
CLU	COLEC12	5	2	-1.1699959076891495	2.0424890328516256	-9.415719364331535
CLU	PDLIM7	4	2	-1.1961907637249776	2.961543556537872	-11.544801062658916
CLU	ANTXR1	6	2	-1.2228026027720067	1.8361202400358279	-10.964955695092138
CLU	TRNP1	4	2	-1.2297424700897401	6.581628158633245	-3.9228864252309625
CLU	DPT	6	2	-1.2334092943760484	9.845220644147192	-9.884658789727714
CLU	NUPR1	5	2	-1.251418437533857	6.298506513351087	-6.758328587823898
CLU	FBN1	5	2	-1.273689057583588	7.683996180626366	-11.266600779954056
CLU	NET1	4	2	-1.3048602753056253	7.441048874777495	-14.34295261975405
CLU	PRSS23	5	2	-1.3488620920131622	7.228425659351534	-10.073192047241433
CLU	TGM2	4	2	-1.352275783290923	8.497793303872607	-7.450376234997817
CLU	LRRC15	7	2	-1.4768360998255452	2.6728015676458665	-12.037757804658613
CLU	GPX2	6	2	-1.6460773771277357	6.624415598220051	-15.559230838882844
CLU	SPARC	4	2	-1.677564451168329	2.7175135455595822	-4.323099638327902
CLU	PCOLCE	4	2	-1.6839691956304161	8.212246188660002	-9.410595683178263
CLU	RNASE1	5	2	-1.8048351646706706	4.675858491697092	-4.750100358608587
CLU	NR4A3	5	2	-1.9028099022844884	13.378345920478264	-11.037663861337437
CLU	NR4A2	5	2	-1.9092837111762038	13.014786551825463	-6.4574183284556055
CLU	TMPRSS4	6	2	-1.9483666548180656	4.180765947951534	-9.869369877414039
CLU	SERPINA1	5	2	-1.960436736107663	11.534967946449227	-7.151740455201484
CLU	ABCC3	6	2	-1.9914882533759442	8.966452232161355	-3.771872080267885
CLU	CDH11	7	2	-2.069904354093167	2.1734059989507073	-15.289759803584
CLU	ITGA5	4	2	-2.1553906193180667	8.174076568608616	-10.623065257876313
CLU	C1QTNF3	4	2	-2.204040859287795	0.787437414971359	-7.247421753161557
CLU	SDC4	5	2	-2.312940452890786	6.638868274494383	-7.556761463288031
CLU	LAD1	6	2	-2.366545438305005	11.699509179017294	-12.648725244236905
CLU	SPINT2	7	2	-2.4081504051508165	7.657668420291606	-17.486589058636323
CLU	COL16A1	4	2	-2.412346080115065	6.830255641809297	-10.937291295451779
CLU	CTSK	5	2	-2.412814809718123	2.5457102301397065	-10.110750545931138
CLU	NQO1	6	2	-2.430514264121406	5.724359260710706	-15.135717935881699
CLU	CLDN4	7	2	-2.5051217451439345	7.090705887698427	-16.671851550700723
CLU	GPRC5A	7	2	-2.560422249798721	7.074527378955401	-8.104664213961412
CLU	ITGB6	6	2	-2.6309691926161927	9.402363370318852	-13.02105799912134
CLU	COL12A1	8	2	-2.6339519815490053	3.4534708455914824	-14.571720842084085
CLU	TRIM29	5	2	-2.7269603243254132	4.539617294244756	-14.470542062132242
CLU	INAVA	5	2	-2.7994143593051963	7.916693302651865	-12.991987250389409
CLU	CCL18	6	2	-2.8395754069830645	3.5369942576878795	-7.968906275735347
CLU	KLK6	7	2	-2.855279627815292	9.081055523320991	-11.881886546117938
CLU	VCAN	7	2	-2.93552572803247	1.4376980982402483	-11.95475821494691
CLU	ITGA3	5	2	-3.010554016819405	7.303169136842389	-10.562459855263732
CLU	HLA-DRA	7	2	-3.0587490038181353	12.981792380714163	-6.797663238771497
CLU	CXCL14	9	2	-3.090881819255482	1.4455024517891786	-9.987727970125407
CLU	THBS2	8	2	-3.2196153389427336	0.16655905602007076	-17.105172411475547
CLU	LUM	6	2	-3.7856927130764744	2.8821909373290864	-10.317666877674537
CLU	COL11A1	10	2	-4.139857685364972	1.8400867546444066	-18.334279836936975
CLU	LAPTM5	6	2	-4.14056151567071	9.10658443180955	-6.511970890683335
CLU	CTHRC1	9	2	-4.255407934106926	7.726493005695671	-18.142478222717088
CLU	C1QB	6	2	-4.306758848365494	1.9118896886824803	-6.234201276982141
CLU	KLF5	6	2	-4.69047234595245	7.5246513463531315	-10.920877319510018
CLU	SULF1	6	2	-4.732340625533208	4.584505542582954	-18.374555426056624
CLU	MMP11	10	2	-4.839498317916281	4.707521920577473	-18.372606334858975
CLU	DPYSL3	4	2	-5.0944867603146635	4.555728965968752	-11.156821022441623
CLU	COL5A2	7	2	-5.25284326251964	1.8475465671586617	-16.991384519310195
CLU	ANO1	5	2	-6.076878922352099	7.56877369436189	-13.853624018319108
CLU	INHBA	7	2	-6.916625793892357	0.8676467060600902	-19.154013513922646
CLU	ERN1	1	1	16.623209840281056	16.623209840281056	16.623209840281056
CLU	VCAM1	1	1	15.421199746486126	15.421199746486126	15.421199746486126
CLU	SEMA5A	1	1	15.346634727400382	15.346634727400382	15.346634727400382
CLU	S100B	1	1	14.656985860872537	14.656985860872537	14.656985860872537
CLU	SPOCK2	1	1	14.526693680412594	14.526693680412594	14.526693680412594
CLU	CSTA	1	1	14.449784953241647	14.449784953241647	14.449784953241647
CLU	JMY	1	1	14.014168611447154	14.014168611447154	14.014168611447154
CLU	SLC19A2	1	1	13.855879259616051	13.855879259616051	13.855879259616051
CLU	CYP17A1	1	1	13.813009199937609	13.813009199937609	13.813009199937609
CLU	CYP11B1	1	1	13.797488713016863	13.797488713016863	13.797488713016863
CLU	SCARB1	1	1	13.79145963679651	13.79145963679651	13.79145963679651
CLU	SLC22A3	1	1	13.786463633497053	13.786463633497053	13.786463633497053
CLU	FAM166B	1	1	13.581327871519267	13.581327871519267	13.581327871519267
CLU	DNASE1L3	1	1	13.491061750974223	13.491061750974223	13.491061750974223
CLU	ALDH3A2	1	1	13.473450563451186	13.473450563451186	13.473450563451186
CLU	TRAF1	1	1	13.419814384563807	13.419814384563807	13.419814384563807
CLU	SEMA6A	1	1	13.37440970391262	13.37440970391262	13.37440970391262
CLU	TMEM70	1	1	13.339742361824841	13.339742361824841	13.339742361824841
CLU	PSAPL1	1	1	13.291249205654092	13.291249205654092	13.291249205654092
CLU	CYP21A2	1	1	13.289341886331243	13.289341886331243	13.289341886331243
CLU	RNF19B	1	1	13.149233137951224	13.149233137951224	13.149233137951224
CLU	TGFBR3	1	1	12.85613210817128	12.85613210817128	12.85613210817128
CLU	SLC23A2	1	1	12.829135265205894	12.829135265205894	12.829135265205894
CLU	CR2	1	1	12.758343474407209	12.758343474407209	12.758343474407209
CLU	ALKAL2	1	1	12.700634064884571	12.700634064884571	12.700634064884571
CLU	MOB4	1	1	12.65779696639985	12.65779696639985	12.65779696639985
CLU	TPD52L1	1	1	12.640352354620255	12.640352354620255	12.640352354620255
CLU	VASH1	1	1	12.502678590505662	12.502678590505662	12.502678590505662
CLU	ANKH	1	1	12.489545676677732	12.489545676677732	12.489545676677732
CLU	TBX3	1	1	12.404230324255046	12.404230324255046	12.404230324255046
CLU	PRKAR2B	1	1	12.31397335565393	12.31397335565393	12.31397335565393
CLU	SMTN	1	1	12.306983785423741	12.306983785423741	12.306983785423741
CLU	SLC7A2	1	1	12.297618746081843	12.297618746081843	12.297618746081843
CLU	CPEB4	1	1	12.274629853354284	12.274629853354284	12.274629853354284
CLU	JAK3	1	1	12.25292754301684	12.25292754301684	12.25292754301684
CLU	LTBP1	1	1	12.231337265191396	12.231337265191396	12.231337265191396
CLU	DNAJC12	1	1	12.211622011751025	12.211622011751025	12.211622011751025
CLU	C2CD2	1	1	12.151259537167926	12.151259537167926	12.151259537167926
CLU	SLC16A9	1	1	12.092958489652203	12.092958489652203	12.092958489652203
CLU	MGARP	1	1	12.006430741187907	12.006430741187907	12.006430741187907
CLU	ALAS1	1	1	11.979767484664029	11.979767484664029	11.979767484664029
CLU	ANKRD22	1	1	11.924418396637288	11.924418396637288	11.924418396637288
CLU	SLC47A1	1	1	11.880482698274797	11.880482698274797	11.880482698274797
CLU	ABCB1	1	1	11.870908764209412	11.870908764209412	11.870908764209412
CLU	SOAT1	1	1	11.826564399107069	11.826564399107069	11.826564399107069
CLU	KCNQ1	1	1	11.8263666415816	11.8263666415816	11.8263666415816
CLU	TSPAN2	1	1	11.81036837355746	11.81036837355746	11.81036837355746
CLU	CTH	1	1	11.793728961114187	11.793728961114187	11.793728961114187
CLU	NKAIN1	1	1	11.783649359515104	11.783649359515104	11.783649359515104
CLU	NPC1	1	1	11.78120486855866	11.78120486855866	11.78120486855866
CLU	ROBO1	1	1	11.769486725040316	11.769486725040316	11.769486725040316
CLU	IL22RA2	1	1	11.747001437665608	11.747001437665608	11.747001437665608
CLU	FDX1	1	1	11.726482800292315	11.726482800292315	11.726482800292315
CLU	ABTB2	1	1	11.67424138903045	11.67424138903045	11.67424138903045
CLU	GRAMD1B	1	1	11.642156828444257	11.642156828444257	11.642156828444257
CLU	MAPK4	1	1	11.6420634870696	11.6420634870696	11.6420634870696
CLU	CYP11A1	1	1	11.63304588670623	11.63304588670623	11.63304588670623
CLU	FDXR	1	1	11.608653490007814	11.608653490007814	11.608653490007814
CLU	FGF12	1	1	11.549600721856702	11.549600721856702	11.549600721856702
CLU	CYP11B2	1	1	11.54325514521972	11.54325514521972	11.54325514521972
CLU	LDLR	1	1	11.506992077137122	11.506992077137122	11.506992077137122
CLU	JPH1	1	1	11.471297758692868	11.471297758692868	11.471297758692868
CLU	HMCN2	1	1	11.464838934082463	11.464838934082463	11.464838934082463
CLU	SORBS2	1	1	11.44834061681545	11.44834061681545	11.44834061681545
CLU	C2orf66	1	1	11.377794022040533	11.377794022040533	11.377794022040533
CLU	TNFAIP2	1	1	11.350635719171425	11.350635719171425	11.350635719171425
CLU	DYNLL2	1	1	11.303362118469376	11.303362118469376	11.303362118469376
CLU	CASP9	1	1	11.218877948210217	11.218877948210217	11.218877948210217
CLU	NR5A1	1	1	11.189443033677133	11.189443033677133	11.189443033677133
CLU	CSF2RB	1	1	11.187178477809498	11.187178477809498	11.187178477809498
CLU	SELL	1	1	11.155282940089815	11.155282940089815	11.155282940089815
CLU	AC119396.1	1	1	11.13189005547235	11.13189005547235	11.13189005547235
CLU	IL27RA	1	1	11.121833410885293	11.121833410885293	11.121833410885293
CLU	PEG3	1	1	11.108431371862823	11.108431371862823	11.108431371862823
CLU	GSTA4	1	1	11.051941712394111	11.051941712394111	11.051941712394111
CLU	CREM	1	1	11.02476449310192	11.02476449310192	11.02476449310192
CLU	VAT1L	1	1	10.982291982348494	10.982291982348494	10.982291982348494
CLU	ARNT2	1	1	10.954571267129827	10.954571267129827	10.954571267129827
CLU	FNDC4	1	1	10.948832518221561	10.948832518221561	10.948832518221561
CLU	PAX5	1	1	10.936844697864002	10.936844697864002	10.936844697864002
CLU	LONRF2	1	1	10.934320554849275	10.934320554849275	10.934320554849275
CLU	ZBTB21	1	1	10.916906336475627	10.916906336475627	10.916906336475627
CLU	HLA-DOA	1	1	10.902877790446688	10.902877790446688	10.902877790446688
CLU	MT1A	1	1	10.821320110292957	10.821320110292957	10.821320110292957
CLU	KSR1	1	1	10.819601453290547	10.819601453290547	10.819601453290547
CLU	FGF9	1	1	10.806180631277444	10.806180631277444	10.806180631277444
CLU	CD22	1	1	10.7699176106383	10.7699176106383	10.7699176106383
CLU	KIF12	1	1	10.75739417544774	10.75739417544774	10.75739417544774
CLU	CTNNAL1	1	1	10.746951321114134	10.746951321114134	10.746951321114134
CLU	NIBAN3	1	1	10.742934588912986	10.742934588912986	10.742934588912986
CLU	FCGRT	1	1	10.712693329131458	10.712693329131458	10.712693329131458
CLU	CYP19A1	1	1	10.703787215884724	10.703787215884724	10.703787215884724
CLU	TM7SF2	1	1	10.668060114995255	10.668060114995255	10.668060114995255
CLU	MCOLN3	1	1	10.562206494901739	10.562206494901739	10.562206494901739
CLU	HLA-DQB2	1	1	10.54010883148233	10.54010883148233	10.54010883148233
CLU	AS3MT	1	1	10.535978511814918	10.535978511814918	10.535978511814918
CLU	GATD1	1	1	10.495168553392725	10.495168553392725	10.495168553392725
CLU	PKHD1	1	1	10.484892886477956	10.484892886477956	10.484892886477956
CLU	KLHDC8B	1	1	10.480432528730262	10.480432528730262	10.480432528730262
CLU	ZNF275	1	1	10.432719707745646	10.432719707745646	10.432719707745646
CLU	FN3K	1	1	10.389503937921324	10.389503937921324	10.389503937921324
CLU	KCNJ5	1	1	10.331146955251802	10.331146955251802	10.331146955251802
CLU	QDPR	1	1	10.318460589938748	10.318460589938748	10.318460589938748
CLU	FADS3	1	1	10.30382688514436	10.30382688514436	10.30382688514436
CLU	HOXA5	1	1	10.288289783156847	10.288289783156847	10.288289783156847
CLU	NCKAP5	1	1	10.264721224706909	10.264721224706909	10.264721224706909
CLU	MED13L	1	1	10.244240232080172	10.244240232080172	10.244240232080172
CLU	SLC1A2	1	1	10.235473416250247	10.235473416250247	10.235473416250247
CLU	AADAC	1	1	10.231178216993564	10.231178216993564	10.231178216993564
CLU	GPRC5B	1	1	10.19777615710558	10.19777615710558	10.19777615710558
CLU	MC2R	1	1	10.183694689374091	10.183694689374091	10.183694689374091
CLU	FAS	1	1	10.177961287024171	10.177961287024171	10.177961287024171
CLU	PGAP1	1	1	10.13898527228985	10.13898527228985	10.13898527228985
CLU	CD79A	1	1	10.104375645155308	10.104375645155308	10.104375645155308
CLU	SCARF1	1	1	10.073347075052505	10.073347075052505	10.073347075052505
CLU	ASB4	1	1	10.02644846390378	10.02644846390378	10.02644846390378
CLU	NAP1L5	1	1	10.02614818674301	10.02614818674301	10.02614818674301
CLU	GOT1	1	1	9.98046371597806	9.98046371597806	9.98046371597806
CLU	ZNF503	1	1	9.912233530752884	9.912233530752884	9.912233530752884
CLU	IL4R	1	1	9.907086318204831	9.907086318204831	9.907086318204831
CLU	AZIN2	1	1	9.898494685050046	9.898494685050046	9.898494685050046
CLU	CD79B	1	1	9.848083720506674	9.848083720506674	9.848083720506674
CLU	POU2AF1	1	1	9.826221454827655	9.826221454827655	9.826221454827655
CLU	UNC5CL	1	1	9.812432318856862	9.812432318856862	9.812432318856862
CLU	SEPTIN1	1	1	9.798515472060071	9.798515472060071	9.798515472060071
CLU	SYNGR2	1	1	9.772478468805353	9.772478468805353	9.772478468805353
CLU	CSF1R	1	1	9.771585387982224	9.771585387982224	9.771585387982224
CLU	CSF1	1	1	9.636819320550202	9.636819320550202	9.636819320550202
CLU	IRF8	1	1	9.584553522459883	9.584553522459883	9.584553522459883
CLU	PTN	1	1	9.575035825619059	9.575035825619059	9.575035825619059
CLU	CITED4	1	1	9.55641796901489	9.55641796901489	9.55641796901489
CLU	FADS1	1	1	9.521209739484627	9.521209739484627	9.521209739484627
CLU	AMDHD1	1	1	9.416433179201244	9.416433179201244	9.416433179201244
CLU	C1orf116	1	1	9.353550113589627	9.353550113589627	9.353550113589627
CLU	PLTP	1	1	9.344323370752065	9.344323370752065	9.344323370752065
CLU	MGST1	1	1	9.338342263141406	9.338342263141406	9.338342263141406
CLU	NEXN	1	1	9.331480712778985	9.331480712778985	9.331480712778985
CLU	RIPOR2	1	1	9.328421978465567	9.328421978465567	9.328421978465567
CLU	MPZL2	1	1	9.306840434890283	9.306840434890283	9.306840434890283
CLU	PKIG	1	1	9.292571164245569	9.292571164245569	9.292571164245569
CLU	XKR9	1	1	9.266042685871783	9.266042685871783	9.266042685871783
CLU	CDH2	1	1	9.261107686682319	9.261107686682319	9.261107686682319
CLU	SLC2A4	1	1	9.237042906083307	9.237042906083307	9.237042906083307
CLU	CUZD1	1	1	9.226755481853807	9.226755481853807	9.226755481853807
CLU	CAMK2N2	1	1	9.224752727123887	9.224752727123887	9.224752727123887
CLU	VRK2	1	1	9.20844955661936	9.20844955661936	9.20844955661936
CLU	MSMO1	1	1	9.16112772488244	9.16112772488244	9.16112772488244
CLU	ICA1	1	1	9.128577408519892	9.128577408519892	9.128577408519892
CLU	SLC37A1	1	1	9.115486187845688	9.115486187845688	9.115486187845688
CLU	NMUR2	1	1	9.109203535784589	9.109203535784589	9.109203535784589
CLU	HMGCR	1	1	9.082127977859999	9.082127977859999	9.082127977859999
CLU	ZNF552	1	1	8.998176516931837	8.998176516931837	8.998176516931837
CLU	MRFAP1L1	1	1	8.971591487804456	8.971591487804456	8.971591487804456
CLU	INSIG1	1	1	8.964325596415485	8.964325596415485	8.964325596415485
CLU	ANXA9	1	1	8.937001113151988	8.937001113151988	8.937001113151988
CLU	FAM222A	1	1	8.933809006798354	8.933809006798354	8.933809006798354
CLU	CD19	1	1	8.92505767418078	8.92505767418078	8.92505767418078
CLU	TENM2	1	1	8.915864051276237	8.915864051276237	8.915864051276237
CLU	MRAP	1	1	8.910067563691449	8.910067563691449	8.910067563691449
CLU	C2CD4A	1	1	8.892235056442226	8.892235056442226	8.892235056442226
CLU	JAZF1	1	1	8.89192969074329	8.89192969074329	8.89192969074329
CLU	CX3CL1	1	1	8.89075274453662	8.89075274453662	8.89075274453662
CLU	KCP	1	1	8.886338850733056	8.886338850733056	8.886338850733056
CLU	COL19A1	1	1	8.869604282884557	8.869604282884557	8.869604282884557
CLU	UPK3B	1	1	8.863812099484742	8.863812099484742	8.863812099484742
CLU	B4GALNT3	1	1	8.860120381078149	8.860120381078149	8.860120381078149
CLU	GRIA3	1	1	8.852244573253792	8.852244573253792	8.852244573253792
CLU	TMEM97	1	1	8.849266398850446	8.849266398850446	8.849266398850446
CLU	TMEM238	1	1	8.833433274470002	8.833433274470002	8.833433274470002
CLU	PSD	1	1	8.8220306169312	8.8220306169312	8.8220306169312
CLU	RNF207	1	1	8.806693871118917	8.806693871118917	8.806693871118917
CLU	TMC8	1	1	8.800883277773746	8.800883277773746	8.800883277773746
CLU	TYK2	1	1	8.800817605574716	8.800817605574716	8.800817605574716
CLU	QPCT	1	1	8.798700590285614	8.798700590285614	8.798700590285614
CLU	RASGRP2	1	1	8.794155300208121	8.794155300208121	8.794155300208121
CLU	EPB41L4B	1	1	8.760365622334255	8.760365622334255	8.760365622334255
CLU	WHRN	1	1	8.744745125299582	8.744745125299582	8.744745125299582
CLU	SLC37A4	1	1	8.733616041580586	8.733616041580586	8.733616041580586
CLU	IKBKE	1	1	8.704587210607432	8.704587210607432	8.704587210607432
CLU	WNT10A	1	1	8.63721455677696	8.63721455677696	8.63721455677696
CLU	CTRL	1	1	8.607692531127656	8.607692531127656	8.607692531127656
CLU	CYB5B	1	1	8.597292316074128	8.597292316074128	8.597292316074128
CLU	WNT11	1	1	8.595767377204982	8.595767377204982	8.595767377204982
CLU	ACAT2	1	1	8.584916823418238	8.584916823418238	8.584916823418238
CLU	TNFRSF9	1	1	8.580007779799551	8.580007779799551	8.580007779799551
CLU	ARHGAP31	1	1	8.577330750436522	8.577330750436522	8.577330750436522
CLU	ECRG4	1	1	8.570992649084705	8.570992649084705	8.570992649084705
CLU	TC2N	1	1	8.542081944019824	8.542081944019824	8.542081944019824
CLU	LLGL2	1	1	8.485172075925748	8.485172075925748	8.485172075925748
CLU	AKAP7	1	1	8.479002794034178	8.479002794034178	8.479002794034178
CLU	RBPJL	1	1	8.420762761505197	8.420762761505197	8.420762761505197
CLU	MORN1	1	1	8.406475094985735	8.406475094985735	8.406475094985735
CLU	KLK1	1	1	8.350996907579287	8.350996907579287	8.350996907579287
CLU	SVIL	1	1	8.340913418572544	8.340913418572544	8.340913418572544
CLU	SFRP5	1	1	8.255365862035488	8.255365862035488	8.255365862035488
CLU	LIPF	1	1	8.248356819110176	8.248356819110176	8.248356819110176
CLU	PGA5	1	1	8.157839926297065	8.157839926297065	8.157839926297065
CLU	HSPB8	1	1	8.151058659277393	8.151058659277393	8.151058659277393
CLU	IL2RG	1	1	8.127385144252361	8.127385144252361	8.127385144252361
CLU	NAPRT	1	1	8.12566731267893	8.12566731267893	8.12566731267893
CLU	EPHX1	1	1	8.109118306419823	8.109118306419823	8.109118306419823
CLU	KIF1C	1	1	8.087717169252224	8.087717169252224	8.087717169252224
CLU	NFIB	1	1	8.07122897489928	8.07122897489928	8.07122897489928
CLU	MSLN	1	1	8.052858446267635	8.052858446267635	8.052858446267635
CLU	MSMB	1	1	8.032011309632267	8.032011309632267	8.032011309632267
CLU	TMEM63A	1	1	7.969513704279765	7.969513704279765	7.969513704279765
CLU	ESRP1	1	1	7.966097282484154	7.966097282484154	7.966097282484154
CLU	TRPV6	1	1	7.943345258901533	7.943345258901533	7.943345258901533
CLU	SLIT2	1	1	7.941887505828473	7.941887505828473	7.941887505828473
CLU	ACAP1	1	1	7.9402492547274175	7.9402492547274175	7.9402492547274175
CLU	RBBP7	1	1	7.929399445685582	7.929399445685582	7.929399445685582
CLU	CALN1	1	1	7.893627845151689	7.893627845151689	7.893627845151689
CLU	BHLHA15	1	1	7.8605167727987055	7.8605167727987055	7.8605167727987055
CLU	DTNA	1	1	7.859913869319294	7.859913869319294	7.859913869319294
CLU	NGEF	1	1	7.811653821109223	7.811653821109223	7.811653821109223
CLU	CDH5	1	1	7.8019264267669115	7.8019264267669115	7.8019264267669115
CLU	MFGE8	1	1	7.772948611978133	7.772948611978133	7.772948611978133
CLU	FBLIM1	1	1	7.745316907763738	7.745316907763738	7.745316907763738
CLU	DHCR24	1	1	7.737782241077994	7.737782241077994	7.737782241077994
CLU	TP53INP2	1	1	7.732831287839885	7.732831287839885	7.732831287839885
CLU	C1QTNF1	1	1	7.727054698809023	7.727054698809023	7.727054698809023
CLU	LST1	1	1	7.725288798279412	7.725288798279412	7.725288798279412
CLU	CACNA1H	1	1	7.707993477540259	7.707993477540259	7.707993477540259
CLU	NPDC1	1	1	7.692781735393651	7.692781735393651	7.692781735393651
CLU	OSR1	1	1	7.691662686930539	7.691662686930539	7.691662686930539
CLU	TRBC2	1	1	7.656568217343305	7.656568217343305	7.656568217343305
CLU	BARX1	1	1	7.641059856897067	7.641059856897067	7.641059856897067
CLU	PLAAT3	1	1	7.620557594254943	7.620557594254943	7.620557594254943
CLU	TBC1D10C	1	1	7.615546966163314	7.615546966163314	7.615546966163314
CLU	CYP51A1	1	1	7.613566292065085	7.613566292065085	7.613566292065085
CLU	TFPI2	1	1	7.589449443514829	7.589449443514829	7.589449443514829
CLU	HIST1H2AC	1	1	7.555985635951836	7.555985635951836	7.555985635951836
CLU	CACNB2	1	1	7.4679367392150064	7.4679367392150064	7.4679367392150064
CLU	RBP4	1	1	7.40067876326578	7.40067876326578	7.40067876326578
CLU	PDE1C	1	1	7.369019495080421	7.369019495080421	7.369019495080421
CLU	MT1F	1	1	7.368243193475571	7.368243193475571	7.368243193475571
CLU	RHPN1	1	1	7.366338930899608	7.366338930899608	7.366338930899608
CLU	GREM2	1	1	7.352145968459458	7.352145968459458	7.352145968459458
CLU	KEL	1	1	7.342842953374368	7.342842953374368	7.342842953374368
CLU	SFRP1	1	1	7.333923305423641	7.333923305423641	7.333923305423641
CLU	DHCR7	1	1	7.322625572105664	7.322625572105664	7.322625572105664
CLU	ARHGAP8	1	1	7.299194148714697	7.299194148714697	7.299194148714697
CLU	CD3D	1	1	7.298707467340674	7.298707467340674	7.298707467340674
CLU	IDI1	1	1	7.294037212147244	7.294037212147244	7.294037212147244
CLU	ACSS2	1	1	7.262765255619398	7.262765255619398	7.262765255619398
CLU	CRIP2	1	1	7.261069089619678	7.261069089619678	7.261069089619678
CLU	IKZF1	1	1	7.260755106574832	7.260755106574832	7.260755106574832
CLU	FADS2	1	1	7.258383546593992	7.258383546593992	7.258383546593992
CLU	BIRC3	1	1	7.219877489564266	7.219877489564266	7.219877489564266
CLU	CPXM1	1	1	7.211813007979586	7.211813007979586	7.211813007979586
CLU	TMC4	1	1	7.165921485099426	7.165921485099426	7.165921485099426
CLU	FMOD	1	1	7.163713519508276	7.163713519508276	7.163713519508276
CLU	JAG1	1	1	7.1131003089831175	7.1131003089831175	7.1131003089831175
CLU	TRAF3IP3	1	1	7.069381723737035	7.069381723737035	7.069381723737035
CLU	SLC26A9	2	1	7.0459919143214895	15.098728491927192	-1.0067446632842134
CLU	CCL14	1	1	7.034778874980936	7.034778874980936	7.034778874980936
CLU	SERPINI2	1	1	7.01557819442418	7.01557819442418	7.01557819442418
CLU	FHL5	1	1	6.998804700812279	6.998804700812279	6.998804700812279
CLU	TBX2	1	1	6.986269658721601	6.986269658721601	6.986269658721601
CLU	BANF1	1	1	6.9681456511823106	6.9681456511823106	6.9681456511823106
CLU	TMEM184A	1	1	6.947388033307448	6.947388033307448	6.947388033307448
CLU	TRAJ10	1	1	6.929438119627075	6.929438119627075	6.929438119627075
CLU	FAM3B	1	1	6.89941174151145	6.89941174151145	6.89941174151145
CLU	STARD4	1	1	6.89307522342886	6.89307522342886	6.89307522342886
CLU	PDZK1	1	1	6.859533517306183	6.859533517306183	6.859533517306183
CLU	SYT7	1	1	6.8061775422672826	6.8061775422672826	6.8061775422672826
CLU	MVD	1	1	6.785716633801152	6.785716633801152	6.785716633801152
CLU	ACSM3	1	1	6.7576947165683325	6.7576947165683325	6.7576947165683325
CLU	ANP32E	1	1	6.741309840231972	6.741309840231972	6.741309840231972
CLU	ERG	1	1	6.726055376233062	6.726055376233062	6.726055376233062
CLU	GYPC	1	1	6.712315232964552	6.712315232964552	6.712315232964552
CLU	LSS	1	1	6.704172936607792	6.704172936607792	6.704172936607792
CLU	MAP3K20	1	1	6.697022069488719	6.697022069488719	6.697022069488719
CLU	TSPAN13	1	1	6.695497818255277	6.695497818255277	6.695497818255277
CLU	HOXB3	1	1	6.689735459306562	6.689735459306562	6.689735459306562
CLU	GABRE	1	1	6.638134198786178	6.638134198786178	6.638134198786178
CLU	CDK6	1	1	6.539325150293797	6.539325150293797	6.539325150293797
CLU	SRRT	1	1	6.53320736602543	6.53320736602543	6.53320736602543
CLU	PALM2-AKAP2	1	1	6.520608314244381	6.520608314244381	6.520608314244381
CLU	SCGB2A1	1	1	6.5003243655745795	6.5003243655745795	6.5003243655745795
CLU	CHRDL1	1	1	6.451716716589182	6.451716716589182	6.451716716589182
CLU	TRAC	1	1	6.425023836438628	6.425023836438628	6.425023836438628
CLU	TGFB3	1	1	6.297396759122555	6.297396759122555	6.297396759122555
CLU	LTBP2	1	1	6.272976616129725	6.272976616129725	6.272976616129725
CLU	CORO1A	1	1	6.248527686488174	6.248527686488174	6.248527686488174
CLU	FDCSP	1	1	6.221903285434312	6.221903285434312	6.221903285434312
CLU	NSDHL	1	1	6.173489932874328	6.173489932874328	6.173489932874328
CLU	PTGIR	1	1	6.169631950784928	6.169631950784928	6.169631950784928
CLU	PLCH2	1	1	6.100973243449997	6.100973243449997	6.100973243449997
CLU	MRVI1	1	1	6.069890193688544	6.069890193688544	6.069890193688544
CLU	EFHD1	1	1	6.048529589291986	6.048529589291986	6.048529589291986
CLU	PCSK1N	1	1	6.016083922426203	6.016083922426203	6.016083922426203
CLU	RAB3C	1	1	5.982620775236514	5.982620775236514	5.982620775236514
CLU	ACSF2	1	1	5.963910547152158	5.963910547152158	5.963910547152158
CLU	ZNF185	1	1	5.954774446707182	5.954774446707182	5.954774446707182
CLU	CHMP2B	1	1	5.918809114427445	5.918809114427445	5.918809114427445
CLU	PRG4	1	1	5.913346095259299	5.913346095259299	5.913346095259299
CLU	CRCT1	1	1	5.893508513990646	5.893508513990646	5.893508513990646
CLU	CFH	1	1	5.878107983225826	5.878107983225826	5.878107983225826
CLU	CACNA1A	1	1	5.874794985304342	5.874794985304342	5.874794985304342
CLU	RBP5	1	1	5.860205680827955	5.860205680827955	5.860205680827955
CLU	MMRN1	1	1	5.8525712637603045	5.8525712637603045	5.8525712637603045
CLU	CYP4F22	1	1	5.804549798071878	5.804549798071878	5.804549798071878
CLU	FAM83H	1	1	5.7990704200884355	5.7990704200884355	5.7990704200884355
CLU	GJA4	1	1	5.777661397784358	5.777661397784358	5.777661397784358
CLU	RASL12	1	1	5.767434160067768	5.767434160067768	5.767434160067768
CLU	SLC38A2	1	1	5.756145273665411	5.756145273665411	5.756145273665411
CLU	SLC39A4	1	1	5.7452733434961	5.7452733434961	5.7452733434961
CLU	STEAP4	1	1	5.738423429633554	5.738423429633554	5.738423429633554
CLU	FAM110C	1	1	5.682893353877695	5.682893353877695	5.682893353877695
CLU	CDKN1C	1	1	5.6785312827631245	5.6785312827631245	5.6785312827631245
CLU	HLA-DMA	2	1	5.6763171850874565	13.26590484914037	-1.9132704789654569
CLU	KCNK16	1	1	5.637181759063757	5.637181759063757	5.637181759063757
CLU	TCEAL4	1	1	5.589738640310439	5.589738640310439	5.589738640310439
CLU	CBLIF	1	1	5.589026422519362	5.589026422519362	5.589026422519362
CLU	CCDC69	1	1	5.583235989453045	5.583235989453045	5.583235989453045
CLU	HILPDA	1	1	5.545596047118326	5.545596047118326	5.545596047118326
CLU	RBPMS	1	1	5.538047785643263	5.538047785643263	5.538047785643263
CLU	ZBED2	1	1	5.52318741676743	5.52318741676743	5.52318741676743
CLU	EVL	1	1	5.492117793477607	5.492117793477607	5.492117793477607
CLU	RAPGEFL1	1	1	5.4650388722520225	5.4650388722520225	5.4650388722520225
CLU	ANG	1	1	5.4575494714290365	5.4575494714290365	5.4575494714290365
CLU	CARNS1	1	1	5.430514809387349	5.430514809387349	5.430514809387349
CLU	SCN9A	1	1	5.413769200841068	5.413769200841068	5.413769200841068
CLU	GALNT3	1	1	5.361011997335881	5.361011997335881	5.361011997335881
CLU	ACTC1	1	1	5.350737529373057	5.350737529373057	5.350737529373057
CLU	FABP4	1	1	5.329730059047544	5.329730059047544	5.329730059047544
CLU	SUSD5	1	1	5.265345962127241	5.265345962127241	5.265345962127241
CLU	GADD45A	1	1	5.252321360098521	5.252321360098521	5.252321360098521
CLU	DLG5	1	1	5.233972814255855	5.233972814255855	5.233972814255855
CLU	CAPN13	1	1	5.209057334140759	5.209057334140759	5.209057334140759
CLU	LCN12	1	1	5.189125436123452	5.189125436123452	5.189125436123452
CLU	EBP	1	1	5.147905243269938	5.147905243269938	5.147905243269938
CLU	TRIM31	1	1	5.129083294866939	5.129083294866939	5.129083294866939
CLU	DHRS2	1	1	5.110725988410118	5.110725988410118	5.110725988410118
CLU	POF1B	1	1	5.10445201538706	5.10445201538706	5.10445201538706
CLU	IGFN1	1	1	5.068617065840721	5.068617065840721	5.068617065840721
CLU	KCNMB2	1	1	5.057039066457522	5.057039066457522	5.057039066457522
CLU	PGM5	1	1	5.04350191419283	5.04350191419283	5.04350191419283
CLU	WT1	1	1	5.039491914599201	5.039491914599201	5.039491914599201
CLU	PCSK1	1	1	5.007173177755266	5.007173177755266	5.007173177755266
CLU	TTC9	1	1	4.9539300382763525	4.9539300382763525	4.9539300382763525
CLU	ADAMTS8	1	1	4.936403257461696	4.936403257461696	4.936403257461696
CLU	FLNC	1	1	4.929766520800317	4.929766520800317	4.929766520800317
CLU	WNT7A	1	1	4.909228197696828	4.909228197696828	4.909228197696828
CLU	PTPRN	1	1	4.8773437638690655	4.8773437638690655	4.8773437638690655
CLU	GAP43	1	1	4.86436294686545	4.86436294686545	4.86436294686545
CLU	CDC123	1	1	4.862250615514915	4.862250615514915	4.862250615514915
CLU	GSTK1	1	1	4.8486411481361955	4.8486411481361955	4.8486411481361955
CLU	CTSH	1	1	4.833622465003535	4.833622465003535	4.833622465003535
CLU	CEBPG	1	1	4.825909575002538	4.825909575002538	4.825909575002538
CLU	ARHGDIA	1	1	4.817557809213987	4.817557809213987	4.817557809213987
CLU	RCAN2	1	1	4.753652380524876	4.753652380524876	4.753652380524876
CLU	PHGDH	1	1	4.731588406811645	4.731588406811645	4.731588406811645
CLU	PTPRN2	1	1	4.716755663118774	4.716755663118774	4.716755663118774
CLU	MYH3	1	1	4.688909855279326	4.688909855279326	4.688909855279326
CLU	C1QL1	1	1	4.656942544117502	4.656942544117502	4.656942544117502
CLU	STARD10	2	1	4.630694220781629	10.111108686303737	-0.8497202447404791
CLU	ADCYAP1	1	1	4.585857814202982	4.585857814202982	4.585857814202982
CLU	PCSK6	1	1	4.569291245500954	4.569291245500954	4.569291245500954
CLU	IL20RB	1	1	4.560921326706935	4.560921326706935	4.560921326706935
CLU	MARCKSL1	2	1	4.523635522423064	10.712524641678256	-1.665253596832127
CLU	CHIA	1	1	4.516206776332065	4.516206776332065	4.516206776332065
CLU	MATN2	1	1	4.491080885990624	4.491080885990624	4.491080885990624
CLU	ATP4A	1	1	4.467172094629952	4.467172094629952	4.467172094629952
CLU	LIMD2	1	1	4.418285613158502	4.418285613158502	4.418285613158502
CLU	CELF3	1	1	4.3816467927735685	4.3816467927735685	4.3816467927735685
CLU	MAP1B	1	1	4.377979971615131	4.377979971615131	4.377979971615131
CLU	SULT2B1	1	1	4.310277586811593	4.310277586811593	4.310277586811593
CLU	PSMA7	1	1	4.273070191941043	4.273070191941043	4.273070191941043
CLU	HIST1H3H	1	1	4.259718091549731	4.259718091549731	4.259718091549731
CLU	PPARGC1A	1	1	4.231692448813511	4.231692448813511	4.231692448813511
CLU	NFKBIZ	1	1	4.222478595843451	4.222478595843451	4.222478595843451
CLU	EPB41L1	1	1	4.22214243555807	4.22214243555807	4.22214243555807
CLU	SLC38A4	1	1	4.218639604963681	4.218639604963681	4.218639604963681
CLU	PRIMA1	1	1	4.1823649224261485	4.1823649224261485	4.1823649224261485
CLU	CDH19	1	1	4.179309261681215	4.179309261681215	4.179309261681215
CLU	TMED2	1	1	4.1504368904693925	4.1504368904693925	4.1504368904693925
CLU	NRXN3	1	1	4.1451279641150744	4.1451279641150744	4.1451279641150744
CLU	PLBD1	1	1	4.127382459457174	4.127382459457174	4.127382459457174
CLU	CHCHD2	1	1	4.121819862404663	4.121819862404663	4.121819862404663
CLU	IFITM10	2	1	4.1032687418452385	9.176617361575474	-0.9700798778849966
CLU	ATP4B	1	1	4.090751076473699	4.090751076473699	4.090751076473699
CLU	CXCL11	1	1	4.055670568992809	4.055670568992809	4.055670568992809
CLU	ABI3BP	1	1	4.054424026598774	4.054424026598774	4.054424026598774
CLU	ITGA8	1	1	4.000407405938937	4.000407405938937	4.000407405938937
CLU	PI15	2	1	3.9880378105209036	8.097990968667553	-0.12191534762574516
CLU	C12orf75	1	1	3.985833047476354	3.985833047476354	3.985833047476354
CLU	TSPAN3	1	1	3.9750692603289823	3.9750692603289823	3.9750692603289823
CLU	CD82	1	1	3.899946504142805	3.899946504142805	3.899946504142805
CLU	LXN	2	1	3.8934182946688995	8.283317551163163	-0.49648096182536416
CLU	ANK2	1	1	3.8670820197378926	3.8670820197378926	3.8670820197378926
CLU	NPNT	1	1	3.858926732881552	3.858926732881552	3.858926732881552
CLU	EGFL7	1	1	3.8280801586253035	3.8280801586253035	3.8280801586253035
CLU	PITX1	1	1	3.8253643283203096	3.8253643283203096	3.8253643283203096
CLU	ERBB2	1	1	3.8217586371271066	3.8217586371271066	3.8217586371271066
CLU	ANXA11	1	1	3.773312919897073	3.773312919897073	3.773312919897073
CLU	CFD	2	1	3.763845436653274	13.927014895798202	-6.399324022491654
CLU	HOXB6	1	1	3.734089911116353	3.734089911116353	3.734089911116353
CLU	GPI	1	1	3.7306323341808505	3.7306323341808505	3.7306323341808505
CLU	TRAK1	1	1	3.696536940860696	3.696536940860696	3.696536940860696
CLU	NOP53	1	1	3.636375547716921	3.636375547716921	3.636375547716921
CLU	DDR1	2	1	3.6191548877601605	7.95435660139205	-0.7160468258717285
CLU	FOXF1	1	1	3.617742575924986	3.617742575924986	3.617742575924986
CLU	RERGL	1	1	3.6031859727040927	3.6031859727040927	3.6031859727040927
CLU	ANGPTL7	1	1	3.601135935561166	3.601135935561166	3.601135935561166
CLU	RNF213	2	1	3.5899811808445032	8.047747281144687	-0.867784919455681
CLU	PTGES	1	1	3.5766540086259133	3.5766540086259133	3.5766540086259133
CLU	WFDC1	1	1	3.5668523181167098	3.5668523181167098	3.5668523181167098
CLU	CHRM2	1	1	3.5497280431141394	3.5497280431141394	3.5497280431141394
CLU	ADCY5	1	1	3.539200790430402	3.539200790430402	3.539200790430402
CLU	ARMC9	1	1	3.5350789253280865	3.5350789253280865	3.5350789253280865
CLU	RBM42	1	1	3.4968043542674874	3.4968043542674874	3.4968043542674874
CLU	EIF4B	1	1	3.4652860973276027	3.4652860973276027	3.4652860973276027
CLU	SHANK3	1	1	3.2952898439893366	3.2952898439893366	3.2952898439893366
CLU	EFHD2	1	1	3.290456655816756	3.290456655816756	3.290456655816756
CLU	WASF2	1	1	3.2668455831255336	3.2668455831255336	3.2668455831255336
CLU	FXYD6	2	1	3.249011120170821	6.615306899793747	-0.11728465945210495
CLU	AMTN	1	1	3.2140968869402546	3.2140968869402546	3.2140968869402546
CLU	ATP1A2	1	1	3.187050350523942	3.187050350523942	3.187050350523942
CLU	SLCO2B1	1	1	3.184321162596035	3.184321162596035	3.184321162596035
CLU	CD37	2	1	3.162416486187578	6.890516661868815	-0.5656836894936589
CLU	KDM6B	1	1	3.14174713447529	3.14174713447529	3.14174713447529
CLU	SEMA3B	2	1	3.1208386726902217	6.3966659811349835	-0.15498863575454022
CLU	ACSL1	1	1	3.1082334812216246	3.1082334812216246	3.1082334812216246
CLU	VWA5B2	1	1	3.102586013131278	3.102586013131278	3.102586013131278
CLU	SLC6A9	2	1	3.1019503396935306	8.778266579577219	-2.5743659001901578
CLU	SV2B	1	1	3.079834320198196	3.079834320198196	3.079834320198196
CLU	B4GALT1	1	1	3.0792769748585496	3.0792769748585496	3.0792769748585496
CLU	FST	1	1	3.071941089001044	3.071941089001044	3.071941089001044
CLU	RCAN1	2	1	3.047911012643273	6.346157008223913	-0.25033498293736706
CLU	PLXNB2	1	1	3.0407729076522356	3.0407729076522356	3.0407729076522356
CLU	SOX10	1	1	3.009993301701373	3.009993301701373	3.009993301701373
CLU	ZNF888	1	1	3.002898086653314	3.002898086653314	3.002898086653314
CLU	CRLF1	1	1	2.9523391057750605	2.9523391057750605	2.9523391057750605
CLU	SEMA3D	1	1	2.931946112209694	2.931946112209694	2.931946112209694
CLU	RGS9	1	1	2.8928784773787672	2.8928784773787672	2.8928784773787672
CLU	ADH1C	1	1	2.8906539979843617	2.8906539979843617	2.8906539979843617
CLU	ADARB1	1	1	2.865965579395505	2.865965579395505	2.865965579395505
CLU	CCL20	2	1	2.8656520467863844	8.23976695366368	-2.5084628600909125
CLU	PPL	2	1	2.848693083792486	7.370548912946576	-1.673162745361604
CLU	GKN1	1	1	2.83859083673748	2.83859083673748	2.83859083673748
CLU	ERICH5	2	1	2.824357468081397	9.866847962490189	-4.218133026327394
CLU	TXNDC5	1	1	2.8084159028384703	2.8084159028384703	2.8084159028384703
CLU	HKDC1	1	1	2.7628144912227928	2.7628144912227928	2.7628144912227928
CLU	AKNA	1	1	2.7621478570250284	2.7621478570250284	2.7621478570250284
CLU	PRPH	1	1	2.759804350336949	2.759804350336949	2.759804350336949
CLU	LTBP4	1	1	2.708236087654446	2.708236087654446	2.708236087654446
CLU	GPBAR1	1	1	2.7076372354674128	2.7076372354674128	2.7076372354674128
CLU	GALNT4	1	1	2.696319812169072	2.696319812169072	2.696319812169072
CLU	KRT20	2	1	2.690457579765847	7.842250949808724	-2.461335790277029
CLU	ASB2	1	1	2.6112085805595253	2.6112085805595253	2.6112085805595253
CLU	FJX1	1	1	2.477859660466417	2.477859660466417	2.477859660466417
CLU	IL1R1	1	1	2.420479664088243	2.420479664088243	2.420479664088243
CLU	PROS1	1	1	2.389094152771044	2.389094152771044	2.389094152771044
CLU	CAPN6	1	1	2.383850202671356	2.383850202671356	2.383850202671356
CLU	EMP1	1	1	2.3228459445237193	2.3228459445237193	2.3228459445237193
CLU	RAP1GAP	1	1	2.292180222366063	2.292180222366063	2.292180222366063
CLU	TNNC1	1	1	2.2766778483502166	2.2766778483502166	2.2766778483502166
CLU	IGLV4-60	1	1	2.275135971543477	2.275135971543477	2.275135971543477
CLU	HIST1H4E	1	1	2.256118377818709	2.256118377818709	2.256118377818709
CLU	NFASC	2	1	2.2271567119512397	4.785862048799323	-0.3315486248968436
CLU	SDCBP2	1	1	2.1470375631503944	2.1470375631503944	2.1470375631503944
CLU	TRIM28	1	1	2.101150334825148	2.101150334825148	2.101150334825148
CLU	CITED2	2	1	2.095873103587209	6.336736919000152	-2.144990711825733
CLU	COL4A2	2	1	2.0602127783884003	6.317926358365643	-2.197500801588842
CLU	IGHMBP2	1	1	2.0250389018875237	2.0250389018875237	2.0250389018875237
CLU	SCGB2A2	1	1	1.9851239228192896	1.9851239228192896	1.9851239228192896
CLU	SMIM3	1	1	1.9517625934475231	1.9517625934475231	1.9517625934475231
CLU	PABPC1	1	1	1.927042973903872	1.927042973903872	1.927042973903872
CLU	TM4SF5	1	1	1.9058356268636838	1.9058356268636838	1.9058356268636838
CLU	PDLIM4	1	1	1.8569511755942254	1.8569511755942254	1.8569511755942254
CLU	SYNC	1	1	1.7806138819907478	1.7806138819907478	1.7806138819907478
CLU	TCP1	1	1	1.7309060585012193	1.7309060585012193	1.7309060585012193
CLU	PTK6	1	1	1.7199722107381081	1.7199722107381081	1.7199722107381081
CLU	PTEN	1	1	1.7171297348631687	1.7171297348631687	1.7171297348631687
CLU	SLC6A14	2	1	1.7130708477724046	3.7988579034593672	-0.37271620791455795
CLU	SCGB1D2	1	1	1.711781807060691	1.711781807060691	1.711781807060691
CLU	SLC3A1	1	1	1.6479967533270252	1.6479967533270252	1.6479967533270252
CLU	HID1	1	1	1.6184299795533112	1.6184299795533112	1.6184299795533112
CLU	SCGB3A1	1	1	1.4995878959704985	1.4995878959704985	1.4995878959704985
CLU	MAPK15	1	1	1.464264330728215	1.464264330728215	1.464264330728215
CLU	ETNK1	1	1	1.422917006926653	1.422917006926653	1.422917006926653
CLU	NR2F2	1	1	1.4195163837739293	1.4195163837739293	1.4195163837739293
CLU	HSP90AA1	1	1	1.3740669282816813	1.3740669282816813	1.3740669282816813
CLU	HABP2	1	1	1.3361730156038563	1.3361730156038563	1.3361730156038563
CLU	CABP7	1	1	1.3299894413876214	1.3299894413876214	1.3299894413876214
CLU	NECTIN2	1	1	1.313533286281202	1.313533286281202	1.313533286281202
CLU	ARRDC3	1	1	1.3098129486235737	1.3098129486235737	1.3098129486235737
CLU	CD52	2	1	1.3052619080154115	7.979780918678298	-5.369257102647475
CLU	ALDH2	1	1	1.266864920955836	1.266864920955836	1.266864920955836
CLU	PRRC2C	2	1	1.2642051950490873	3.536813874804027	-1.0084034847058523
CLU	HSPA6	1	1	1.2427040532834954	1.2427040532834954	1.2427040532834954
CLU	CAST	1	1	1.2385714692709198	1.2385714692709198	1.2385714692709198
CLU	CCDC198	1	1	1.225051795059352	1.225051795059352	1.225051795059352
CLU	SPON1	1	1	1.2093222774759413	1.2093222774759413	1.2093222774759413
CLU	RHOV	1	1	1.1341076731269415	1.1341076731269415	1.1341076731269415
CLU	ANPEP	1	1	1.0975055832301805	1.0975055832301805	1.0975055832301805
CLU	CRIM1	1	1	1.0933672744917564	1.0933672744917564	1.0933672744917564
CLU	RAI14	1	1	1.0743225423016538	1.0743225423016538	1.0743225423016538
CLU	AHR	1	1	1.0720320497919764	1.0720320497919764	1.0720320497919764
CLU	MYH9	1	1	1.0522614974477968	1.0522614974477968	1.0522614974477968
CLU	KRT1	1	1	1.050084113786235	1.050084113786235	1.050084113786235
CLU	FUT9	1	1	1.0490329532045721	1.0490329532045721	1.0490329532045721
CLU	WDR72	1	1	1.037015652283535	1.037015652283535	1.037015652283535
CLU	PDGFA	2	1	1.0293437155510317	7.6537640099941	-5.595076578892036
CLU	DUSP2	2	1	1.0230197377104744	2.780602134176605	-0.7345626587556562
CLU	KCNE3	1	1	1.0139554545409384	1.0139554545409384	1.0139554545409384
CLU	KRTDAP	1	1	1.007633343811707	1.007633343811707	1.007633343811707
CLU	TRIM59	1	1	1.0031348621324077	1.0031348621324077	1.0031348621324077
CLU	HLA-DRB1	1	1	0.9723289311010612	0.9723289311010612	0.9723289311010612
CLU	DEFB1	2	1	0.9534669835623895	9.952842078459993	-8.045908111335214
CLU	FER1L6	2	1	0.9111962522623884	4.387206880345377	-2.5648143758206
CLU	CD93	2	1	0.9020192066339705	5.640805867958722	-3.836767454690781
CLU	EPAS1	2	1	0.8946151114881555	6.82112383827364	-5.031893615297329
CLU	NRXN2	2	1	0.8739461462267724	3.727878618465602	-1.9799863260120572
CLU	RGS2	2	1	0.8433340202029798	3.907151171331346	-2.2204831309253863
CLU	TXNIP	1	1	0.8376224155244375	0.8376224155244375	0.8376224155244375
CLU	HIST1H2AB	1	1	0.8322625458927257	0.8322625458927257	0.8322625458927257
CLU	FGB	1	1	0.8096622567611567	0.8096622567611567	0.8096622567611567
CLU	CTNNB1	1	1	0.7755558335508925	0.7755558335508925	0.7755558335508925
CLU	FDPS	1	1	0.7746534953301601	0.7746534953301601	0.7746534953301601
CLU	ACIN1	1	1	0.7677186318508826	0.7677186318508826	0.7677186318508826
CLU	CXCL10	1	1	0.7363123914081954	0.7363123914081954	0.7363123914081954
CLU	SLCO2A1	1	1	0.7265120657431229	0.7265120657431229	0.7265120657431229
CLU	UGT2A3	1	1	0.7041691433256347	0.7041691433256347	0.7041691433256347
CLU	RCC2	1	1	0.7022636050152448	0.7022636050152448	0.7022636050152448
CLU	MUCL1	1	1	0.6939885831429353	0.6939885831429353	0.6939885831429353
CLU	C3orf70	1	1	0.6877091929717625	0.6877091929717625	0.6877091929717625
CLU	PI3	1	1	0.6366044806992186	0.6366044806992186	0.6366044806992186
CLU	ZFP36	1	1	0.6226017320459278	0.6226017320459278	0.6226017320459278
CLU	TNFRSF21	2	1	0.5946218613610472	3.587493584831736	-2.3982498621096418
CLU	CLSTN2	1	1	0.5912387878377701	0.5912387878377701	0.5912387878377701
CLU	ZFP36L1	1	1	0.5869077202343777	0.5869077202343777	0.5869077202343777
CLU	TMEM204	2	1	0.5742449227513137	2.206372487821697	-1.0578826423190695
CLU	CPA6	1	1	0.5701937115133772	0.5701937115133772	0.5701937115133772
CLU	CCL8	1	1	0.5619330612646252	0.5619330612646252	0.5619330612646252
CLU	CCN4	1	1	0.5567338642361405	0.5567338642361405	0.5567338642361405
CLU	PLA2G10	1	1	0.5456966436552423	0.5456966436552423	0.5456966436552423
CLU	ARL14	2	1	0.5174278481419439	1.5526878656080234	-0.5178321693241358
CLU	ENTPD1	1	1	0.5128765198310881	0.5128765198310881	0.5128765198310881
CLU	LTB4R	1	1	0.5032331112349809	0.5032331112349809	0.5032331112349809
CLU	ENAH	1	1	0.4907477980434218	0.4907477980434218	0.4907477980434218
CLU	ZFP36L2	1	1	0.4888338576293501	0.4888338576293501	0.4888338576293501
CLU	MEGF6	2	1	0.4863011027498061	5.756536195442886	-4.783933989943274
CLU	SPHK1	1	1	0.469936198970364	0.469936198970364	0.469936198970364
CLU	CDKN1A	2	1	0.4695595065224851	1.061526159988897	-0.12240714694392668
CLU	JUNB	2	1	0.4650928874752553	1.1442505786189592	-0.2140648036684486
CLU	ZCCHC24	1	1	0.4395715847976004	0.4395715847976004	0.4395715847976004
CLU	PRICKLE4	2	1	0.43192387918455266	1.31203305977764	-0.44818530140853463
CLU	KLF6	2	1	0.4233487934916371	2.4462857660269406	-1.5995881790436663
CLU	ERN2	2	1	0.4134061902753071	1.2098722037979839	-0.38305982324736965
CLU	KIF26B	1	1	0.4104459271151179	0.4104459271151179	0.4104459271151179
CLU	CEBPA	1	1	0.3957578791006068	0.3957578791006068	0.3957578791006068
CLU	LY6E	2	1	0.39107113501026625	3.193987451418384	-2.4118451813978514
CLU	PTK7	2	1	0.3723463205235067	5.090093751871535	-4.345401110824522
CLU	ATP10A	1	1	0.3688665515390462	0.3688665515390462	0.3688665515390462
CLU	COLGALT2	1	1	0.365556679419959	0.365556679419959	0.365556679419959
CLU	MIA	2	1	0.35321914669607346	2.8309796646611547	-2.1245413712690078
CLU	UQCRQ	1	1	0.34605599983557195	0.34605599983557195	0.34605599983557195
CLU	ANKRD37	1	1	0.3447636640593064	0.3447636640593064	0.3447636640593064
CLU	ACTN1	1	1	0.33719271440541765	0.33719271440541765	0.33719271440541765
CLU	KIAA1755	1	1	0.28016880483165213	0.28016880483165213	0.28016880483165213
CLU	FAM49B	1	1	0.27956122285727814	0.27956122285727814	0.27956122285727814
CLU	TRIM54	1	1	0.24911870534015534	0.24911870534015534	0.24911870534015534
CLU	TINCR	1	1	0.22667576358833055	0.22667576358833055	0.22667576358833055
CLU	ITGAX	2	1	0.22390332834007243	3.4777221187580283	-3.0299154620778834
CLU	CRTAP	1	1	0.20502678720304612	0.20502678720304612	0.20502678720304612
CLU	HMOX1	2	1	0.1977211970959204	0.9710991540688236	-0.5756567598769828
CLU	MPST	1	1	0.19376186702685358	0.19376186702685358	0.19376186702685358
CLU	CTNNBIP1	1	1	0.17766266288771546	0.17766266288771546	0.17766266288771546
CLU	TENT5C	1	1	0.17417121800449686	0.17417121800449686	0.17417121800449686
CLU	C4orf19	1	1	0.17327829875122422	0.17327829875122422	0.17327829875122422
CLU	SLC35D3	1	1	0.16519934912435	0.16519934912435	0.16519934912435
CLU	RANBP3L	2	1	0.154519916999029	2.9641575884016635	-2.6551177544036055
CLU	MYEOV	1	1	0.09706572608170431	0.09706572608170431	0.09706572608170431
CLU	KRT2	1	1	0.08835286327907262	0.08835286327907262	0.08835286327907262
CLU	F2R	2	1	0.06971772066097809	0.786433580035484	-0.6469981387135278
CLU	PTGES3	1	1	0.06349164397537674	0.06349164397537674	0.06349164397537674
CLU	ELN	2	1	0.046344663663581476	0.734766317577412	-0.642076990250249
CLU	EEF1B2	1	1	0.040826540246075946	0.040826540246075946	0.040826540246075946
CLU	SPATA20	1	1	0.03949033120396738	0.03949033120396738	0.03949033120396738
CLU	RAC1	1	1	0.039118651328920964	0.039118651328920964	0.039118651328920964
CLU	DSG1	1	1	0.03665787930923922	0.03665787930923922	0.03665787930923922
CLU	ADGRF1	3	1	-0.010799434159368375	7.104332331123562	-0.6773338969814471
CLU	ADAMTS4	3	1	-0.07387774356841091	4.838920966790181	-7.059971539150373
CLU	ISM1	3	1	-0.12119623326662858	5.759138506247384	-5.973496522105831
CLU	ADAMTS16	2	1	-0.12701455082988444	1.993201684407276	-2.247230786067045
CLU	HAND2	3	1	-0.21921626531949123	7.0974691666217575	-0.7075684268332834
CLU	CDC42EP5	2	1	-0.22752101944955527	1.2292076797562808	-1.6842497186553913
CLU	HSD11B2	2	1	-0.2679201685592394	2.16014126602072	-2.6959816031391988
CLU	AQP5	3	1	-0.29743537850767776	2.249535649959789	-1.2301212742114855
CLU	ENO1	2	1	-0.35789894475393785	0.28177790176190454	-0.9975757912697802
CLU	CST6	3	1	-0.3783370578397415	7.0622263511216525	-3.024422613925532
CLU	AQP3	3	1	-0.4023634032169541	8.955237735757967	-5.875463016109902
CLU	CXCL9	2	1	-0.4582909455385568	0.6977763554182007	-1.6143582464953143
CLU	CMTM3	3	1	-0.4643803170604597	2.0145125840666323	-1.4500822635978556
CLU	CAPN8	2	1	-0.4799190599540152	1.7545061084854783	-2.7143442283935086
CLU	CERCAM	3	1	-0.5665928048663365	3.12452223195385	-4.507056372783725
CLU	SMOC2	3	1	-0.5705131774838381	11.664947626831692	-5.821724116793413
CLU	GASK1B	2	1	-0.5868108418303013	7.515020177663327	-8.68864186132393
CLU	MXRA7	2	1	-0.6076743946231153	2.4061496669374667	-3.6214984561836974
CLU	CNN2	3	1	-0.6077886728259086	0.5346777584766519	-9.135790691915819
CLU	PECAM1	2	1	-0.6184199445673537	3.476229868044394	-4.713069757179102
CLU	APLNR	2	1	-0.6187073399451557	0.8646462684160171	-2.1020609483063284
CLU	JUN	4	1	-0.6187613324261837	7.198426864695239	-4.222603790636362
CLU	MIF	2	1	-0.6699603706970477	1.6631290006847979	-3.0030497420788933
CLU	ITPRID2	2	1	-0.7215337665129011	8.756040014078259	-10.199107547104061
CLU	GOLM1	3	1	-0.7599236467760927	7.421608118508308	-9.58882677051197
CLU	PROM2	3	1	-0.7775170878639657	3.0201989157805214	-10.592731121702815
CLU	CDH17	2	1	-0.8072077418626028	0.8431096741277087	-2.4575251578529143
CLU	CAVIN1	2	1	-0.8361424205211134	1.9355931339120152	-3.607877974954242
CLU	PCDH7	2	1	-0.8482281980318229	0.5773817215363407	-2.2738381175999867
CLU	MFAP5	6	1	-0.8778961629930813	1.2321868549488892	-9.526363074113743
CLU	S100A10	3	1	-0.9415195191495679	1.6344638513565581	-1.3609852844658472
CLU	HK2	2	1	-0.9531082933925914	1.4040856928805425	-3.3103022796657253
CLU	ONECUT2	3	1	-0.9559381314746215	10.236408139416012	-5.3345461645280965
CLU	ID3	3	1	-0.9595901055911209	1.274063820379816	-1.1938475389101533
CLU	RASGRF2	3	1	-0.9781277739759298	0.7930941313937735	-8.573361663496502
CLU	KRT15	3	1	-0.9857485055006576	4.8401416061120095	-3.236321437416051
CLU	SEMA3C	2	1	-1.0063977943169538	2.028893745454975	-4.041689334088883
CLU	HTRA1	5	1	-1.009155083368226	4.798306849136392	-9.161779055492595
CLU	ANXA4	3	1	-1.0196701144132356	4.598445021481336	-3.2512411356538387
CLU	DKK1	2	1	-1.0992974401721476	8.398900898766088	-10.597495779110384
CLU	LMO7	3	1	-1.103903155627558	1.6931619479400353	-2.6258867333240556
CLU	CYP1B1	2	1	-1.1074431731494176	0.07734406054722222	-2.2922304068460577
CLU	ANXA10	3	1	-1.1280234079287994	1.5852050616936213	-9.8609900522144
CLU	PERP	2	1	-1.1377339526603976	3.385446293680671	-5.660914199001466
CLU	DCBLD2	2	1	-1.1517172645517038	6.509204846665902	-8.81263937576931
CLU	HSPA1B	4	1	-1.1654785965972831	2.4694839629217875	-4.819856491631775
CLU	FCER1G	2	1	-1.2265070275987864	1.313738633522755	-3.7667526887203278
CLU	MATN3	3	1	-1.2344220656023972	1.8491123591682601	-12.012796096295903
CLU	FAM3D	2	1	-1.2726592182079048	1.1289906280909525	-3.674309064506762
CLU	PROM1	3	1	-1.2998437623864483	0.12324885685160222	-7.199815926159293
CLU	KRT23	3	1	-1.3131989847028964	5.591201701083891	-13.374093255002167
CLU	A4GNT	2	1	-1.3259101541731009	2.6817990042397373	-5.333619312585939
CLU	DPEP1	4	1	-1.4404128748553242	0.9187203749941938	-3.421834677586454
CLU	SOD2	3	1	-1.4860310014408877	4.358416886571847	-4.0272367579695745
CLU	SCNN1A	4	1	-1.5641656164541857	8.918679047456942	-9.175020414103676
CLU	NBL1	4	1	-1.6018241981555472	2.2666207462374057	-14.073176587343013
CLU	COL6A1	2	1	-1.6038921554263066	2.1648777607390173	-5.3726620715916305
CLU	IGFBP7	2	1	-1.633323634790327	0.479376860368023	-3.746024129948677
CLU	GLUL	2	1	-1.6849318368330515	0.013631987660918115	-3.383495661327021
CLU	HIST1H1B	2	1	-1.7059129263344293	0.9559356956816412	-4.3677615483505
CLU	MUC13	3	1	-1.7135514570460986	5.924281122112295	-3.3187926931972096
CLU	CALB2	2	1	-1.7154929798543614	2.2644112485658034	-5.695397208274526
CLU	ATP1B1	7	1	-1.7343336019968005	3.1157565763784167	-10.089969079505703
CLU	F5	2	1	-1.7497184376336161	5.253047501469103	-8.752484376736335
CLU	RAB25	3	1	-1.7537921547871302	11.279347305895012	-14.095277175977408
CLU	CEACAM7	3	1	-1.7884938954040668	1.3979983415106558	-2.305533646929708
CLU	LOXL1	3	1	-1.8154697675737215	1.600744054133226	-3.7215935977086714
CLU	BAIAP2L2	2	1	-1.822285618099016	1.4218720943298806	-5.066443330527912
CLU	FNDC1	5	1	-1.8246956346102892	2.605179053271281	-10.961973879494337
CLU	TIMP2	2	1	-1.828511421523185	0.5998811040342805	-4.256903947080651
CLU	STMN2	4	1	-1.8552657835212458	4.302635346936601	-2.8595167672796777
CLU	DUOX2	6	1	-1.8578336616387565	0.0047607386774768095	-8.34497070612278
CLU	COL17A1	3	1	-1.8661417370606717	0.7344346329932916	-6.381257869044503
CLU	KLK8	2	1	-1.8736430588616142	6.483751088669513	-10.231037206392742
CLU	SERPINB2	2	1	-1.8861664592931149	5.829291729426542	-9.601624648012772
CLU	LGALS1	3	1	-2.0135896007113656	1.03355318631772	-6.526889210457908
CLU	SPON2	4	1	-2.04602278265108	1.8913188615229783	-4.320387563181725
CLU	KLF9	2	1	-2.049356613814519	3.8719420569645173	-7.970655284593556
CLU	DUOXA2	4	1	-2.056183640033034	0.13454134589965008	-5.672159139222371
CLU	SCEL	3	1	-2.0902853308049547	8.808540346648543	-9.611536954737444
CLU	MUC17	3	1	-2.1007436288214905	3.647842382549727	-2.6919409549782394
CLU	PDZK1IP1	7	1	-2.1131684501888293	8.419327913617192	-3.7375223999576255
CLU	EFNA1	4	1	-2.1450545603065074	4.078277723266071	-11.307641286855612
CLU	B2M	2	1	-2.19348476330398	0.9538148365111518	-5.340784363119111
CLU	TNFRSF12A	2	1	-2.2129738459498673	3.5826566022957405	-8.008604294195475
CLU	ISG15	5	1	-2.2137858146723	5.6790270372175975	-8.474109919678169
CLU	POSTN	8	1	-2.216717965656611	3.7682098028788604	-16.895657339155367
CLU	HMGCS2	2	1	-2.268999254628704	2.1392567634920776	-6.677255272749485
CLU	HMGA1	6	1	-2.281497631927321	6.870584634960833	-10.37725633169893
CLU	CDCA7	2	1	-2.3174514054110333	2.0630575444104364	-6.697960355232503
CLU	VIM	2	1	-2.4015184473096984	1.5564111352709868	-6.359448029890384
CLU	FN1	5	1	-2.457896480387048	1.4872807652479976	-13.175083437738795
CLU	MMP3	2	1	-2.59498239561931	2.508198797323274	-7.698163588561894
CLU	VEGFA	4	1	-2.5971380956106978	1.9593331992878653	-8.444318698745938
CLU	TFF3	4	1	-2.603520192417306	0.8391071031046912	-11.039055247643201
CLU	FTL	3	1	-2.6370288595379807	0.024924044011961455	-2.777682891751989
CLU	TIMP3	4	1	-2.6610835446089176	3.2993395425371905	-7.04961110032926
CLU	COL5A1	7	1	-2.6903549653424355	2.0231102454762806	-16.74695059782914
CLU	MAF	3	1	-2.691702115912006	5.1681863271234905	-8.156689537032257
CLU	MMP12	4	1	-2.6996942893543117	0.9526718158151073	-4.306913059284703
CLU	MUC16	4	1	-2.7018000828043998	8.330529463304655	-5.576276164894058
CLU	THY1	3	1	-2.7229599262771633	2.112586794813686	-5.31363793303288
CLU	CD55	5	1	-2.725703216753015	3.010916263903631	-10.570869047582926
CLU	VGLL3	2	1	-2.7505805620362196	5.465692888871503	-10.966854012943942
CLU	APOE	6	1	-2.783258002114504	1.993823178846484	-7.567602403833739
CLU	GABARAPL1	2	1	-2.814937802202302	1.7873473397770712	-7.417222944181675
CLU	FAM83A	3	1	-2.827506837438294	6.513674857013837	-11.193240697009012
CLU	PTGS1	2	1	-2.849492217686122	1.3032741950602396	-7.002258630432484
CLU	LSR	4	1	-2.877012018066005	6.845695541160865	-9.634377585801465
CLU	BPIFB1	2	1	-2.9166234747771758	1.2146129406197792	-7.047859890174131
CLU	SMAD3	4	1	-2.96069190043143	8.683520833503701	-7.90172836022451
CLU	OLFML2B	3	1	-2.963605924898454	1.7750527777009497	-7.098795687755915
CLU	CSTB	4	1	-3.007345186536101	2.2755173799121082	-13.134333514230427
CLU	LRP1	2	1	-3.0605251885970786	3.132122279741442	-9.253172656935599
CLU	S100A9	7	1	-3.094354535401088	11.934567530584877	-7.689211530214032
CLU	TYROBP	5	1	-3.1238587342668023	2.6974690890350885	-5.887672860947959
CLU	CRABP2	6	1	-3.1360121016945186	6.371838947493443	-4.278333869645317
CLU	COL6A3	4	1	-3.1864484719816453	1.8023284876292214	-11.980950467237145
CLU	S100A14	8	1	-3.1944458146101535	7.198607973034458	-15.974447911901596
CLU	CLDN2	2	1	-3.233510413318533	2.3960677232521217	-8.863088549889188
CLU	RGS16	7	1	-3.251078313232042	1.007462783156097	-9.050921384854465
CLU	BCAT1	5	1	-3.2650165856214186	5.687302018096504	-9.134254144769477
CLU	ELL2	2	1	-3.3840296518225164	1.3722851354184822	-8.140344439063515
CLU	CLDN18	3	1	-3.400709478278312	0.45224160593410934	-10.373810010082915
CLU	SGK1	3	1	-3.5248723447673043	4.834760636212402	-6.420323427359604
CLU	EMILIN1	3	1	-3.559702858178101	4.120416022854764	-9.452210560204499
CLU	PIK3C2G	2	1	-3.6367776858056713	0.8285856949245414	-8.102141066535884
CLU	HLA-DQA1	3	1	-3.7302346803988056	1.2661260563780552	-4.89830734558719
CLU	IFI30	4	1	-3.737638305059116	3.1109817671450193	-4.258365650285079
CLU	CXCL5	6	1	-3.806886537181774	3.2935362927419525	-8.904892824490842
CLU	MUC20	2	1	-3.8255447830384512	0.15569474839445543	-7.806784314471358
CLU	INF2	2	1	-3.8361995242015197	4.512117256512179	-12.184516304915219
CLU	KRT14	2	1	-3.9398898099542343	1.1758676772788523	-9.05564729718732
CLU	JUP	4	1	-3.9792919107910336	1.008433492028832	-16.169744659114787
CLU	ADM	7	1	-3.984983970788098	1.306386521721358	-12.980310694635406
CLU	EREG	2	1	-4.0103639853933295	0.6265618860843735	-8.647289856871032
CLU	MUC4	4	1	-4.103334263296035	0.08603792572035239	-14.311857150518218
CLU	KRT5	5	1	-4.122662325016672	1.0557815606635563	-8.704788947868582
CLU	MMP14	5	1	-4.134512892823841	2.1208081288397715	-18.88406055556726
CLU	CNN3	2	1	-4.1761975472297515	0.7551285556553844	-9.107523650114887
CLU	TSC22D1	2	1	-4.181874120674687	0.5077670651672238	-8.871515306516597
CLU	COL1A1	3	1	-4.214841873038013	0.4112049828313518	-7.053483424347497
CLU	KLK10	4	1	-4.36396551443469	7.187274070983095	-12.966058781519335
CLU	SRGN	3	1	-4.398573574248691	16.239378818826268	-5.340083321726543
CLU	CXCL8	8	1	-4.483245798005241	0.6485847853871133	-14.891060200202535
CLU	PXDN	2	1	-4.521332641872015	0.30733623108982167	-9.350001514833853
CLU	IGFBP3	6	1	-4.594968040284922	0.7931101310247101	-16.39960853874073
CLU	ANGPTL2	2	1	-4.706722371724874	0.6900013356365684	-10.103446079086316
CLU	C15orf48	6	1	-4.735670445326768	4.136820144467568	-15.039454542906434
CLU	IFI44L	3	1	-4.735815625258221	8.447871910256199	-6.26841088253294
CLU	ERRFI1	4	1	-4.7467359662794335	0.40103362952448035	-11.699194165874164
CLU	BGN	3	1	-4.748690885533809	1.8257859552573936	-14.305732326149554
CLU	ANXA3	4	1	-5.185160663259263	8.032820609618998	-13.432145202581484
CLU	PLAUR	6	1	-5.246413301622196	1.1999382717190545	-9.201289736023575
CLU	PLAU	6	1	-5.312607885660414	0.5751105661736657	-9.622371994062274
CLU	CLIC3	2	1	-5.330479822520479	3.3522694929279635	-14.01322913796892
CLU	LAMC2	5	1	-5.4713001018878336	2.3479603959286823	-18.31808551404022
CLU	CRIP1	3	1	-5.499523431320716	3.5768121507683985	-10.805212006056378
CLU	MMP9	6	1	-5.609299130298568	16.200640864225775	-10.784565880599438
CLU	SLC2A1	7	1	-5.684978266211861	1.087733218634308	-14.728963034442662
CLU	COL10A1	9	1	-5.729348390749064	3.2054458694908714	-19.869035422346336
CLU	AKR1C2	4	1	-5.7775724435606595	0.747699872869143	-14.630562985382165
CLU	MDK	2	1	-5.7817080790888715	3.4897010643028	-15.053117222480543
CLU	SEMA4B	4	1	-5.858479678776475	2.8832198325364664	-9.881490339823264
CLU	EPHA2	6	1	-6.033637521115059	2.9063659868493614	-11.21133019867235
CLU	COL1A2	3	1	-6.098110805556656	1.0159118907291038	-7.7167619325331
CLU	OCIAD2	4	1	-6.160802488556103	0.28151631344819966	-15.96998077467926
CLU	LOX	4	1	-6.271742266992147	3.462960083627905	-9.314632753406306
CLU	S100A16	3	1	-6.430827782015047	1.2060775368755787	-15.786765660695293
CLU	ISLR	3	1	-6.782515859580155	1.5750701629987542	-11.06762953445853
CLU	S100A2	4	1	-7.0348922464548815	2.2302737439039726	-12.00254028397822
CLU	SPINT1	4	1	-7.0648896167280775	8.69499969722603	-11.787939269754824
CLU	HAS1	3	1	-7.27240967287893	3.9402270416139347	-10.392124872198638
CLU	MYH14	3	1	-8.45219125706148	6.939897192273738	-13.939020794983307
CLU	GNAS	1	0	-0.004944925167112679	-0.004944925167112679	-0.004944925167112679
CLU	IMPA2	1	0	-0.012599985956327846	-0.012599985956327846	-0.012599985956327846
CLU	MAPK10	1	0	-0.01786536775777797	-0.01786536775777797	-0.01786536775777797
CLU	IYD	1	0	-0.018690170014053414	-0.018690170014053414	-0.018690170014053414
CLU	SPRR4	1	0	-0.04288569247220281	-0.04288569247220281	-0.04288569247220281
CLU	RNF128	1	0	-0.044270193554377814	-0.044270193554377814	-0.044270193554377814
CLU	OASL	1	0	-0.061743677825550944	-0.061743677825550944	-0.061743677825550944
CLU	SMG1	1	0	-0.0631384287826587	-0.0631384287826587	-0.0631384287826587
CLU	ST3GAL4	1	0	-0.06609466884359443	-0.06609466884359443	-0.06609466884359443
CLU	SLC14A1	1	0	-0.08145878083759751	-0.08145878083759751	-0.08145878083759751
CLU	EHF	1	0	-0.09048280265073862	-0.09048280265073862	-0.09048280265073862
CLU	CHP2	1	0	-0.13319688157439097	-0.13319688157439097	-0.13319688157439097
CLU	ZG16B	1	0	-0.13969474710189422	-0.13969474710189422	-0.13969474710189422
CLU	MOGAT1	1	0	-0.14131214481628832	-0.14131214481628832	-0.14131214481628832
CLU	LSP1	1	0	-0.14718974722958345	-0.14718974722958345	-0.14718974722958345
CLU	CPED1	1	0	-0.16921045753193575	-0.16921045753193575	-0.16921045753193575
CLU	LUC7L3	1	0	-0.18488400026115648	-0.18488400026115648	-0.18488400026115648
CLU	KDM6A	1	0	-0.19114434919601236	-0.19114434919601236	-0.19114434919601236
CLU	CYGB	1	0	-0.1944824188724119	-0.1944824188724119	-0.1944824188724119
CLU	RGCC	1	0	-0.20035792312881656	-0.20035792312881656	-0.20035792312881656
CLU	MAZ	1	0	-0.21474855573761026	-0.21474855573761026	-0.21474855573761026
CLU	NTSR1	1	0	-0.2410448016664802	-0.2410448016664802	-0.2410448016664802
CLU	EPS8L3	1	0	-0.24286298443596868	-0.24286298443596868	-0.24286298443596868
CLU	DTX1	2	0	-0.24666759477342942	-0.19624315559012942	-0.29709203395672945
CLU	BNIPL	1	0	-0.2526129674864142	-0.2526129674864142	-0.2526129674864142
CLU	TP63	1	0	-0.25463955551660866	-0.25463955551660866	-0.25463955551660866
CLU	DSG3	1	0	-0.2551584471726422	-0.2551584471726422	-0.2551584471726422
CLU	CADM1	1	0	-0.30017058658219686	-0.30017058658219686	-0.30017058658219686
CLU	CAPN12	1	0	-0.3014070186561432	-0.3014070186561432	-0.3014070186561432
CLU	PGK1	1	0	-0.30319210520143536	-0.30319210520143536	-0.30319210520143536
CLU	METRNL	1	0	-0.3093538250907752	-0.3093538250907752	-0.3093538250907752
CLU	TPM1	3	0	-0.31012636305908553	-0.05476554548390968	-13.471996342318095
CLU	HNF4A	1	0	-0.321615395465233	-0.321615395465233	-0.321615395465233
CLU	MAN1C1	1	0	-0.3525145567479492	-0.3525145567479492	-0.3525145567479492
CLU	GRIPAP1	1	0	-0.37389348941519035	-0.37389348941519035	-0.37389348941519035
CLU	DAPL1	1	0	-0.37924732374113573	-0.37924732374113573	-0.37924732374113573
CLU	LCE2A	1	0	-0.38668058841689146	-0.38668058841689146	-0.38668058841689146
CLU	GPC3	1	0	-0.40136865747707473	-0.40136865747707473	-0.40136865747707473
CLU	WNK1	1	0	-0.41461348323981984	-0.41461348323981984	-0.41461348323981984
CLU	PKP1	1	0	-0.48209382325348693	-0.48209382325348693	-0.48209382325348693
CLU	FMO3	1	0	-0.49683842401474815	-0.49683842401474815	-0.49683842401474815
CLU	TLCD3A	1	0	-0.5131309051511838	-0.5131309051511838	-0.5131309051511838
CLU	IGFL3	1	0	-0.5465949189701621	-0.5465949189701621	-0.5465949189701621
CLU	NR1I2	1	0	-0.5509093404300667	-0.5509093404300667	-0.5509093404300667
CLU	NSG1	1	0	-0.5641704012573436	-0.5641704012573436	-0.5641704012573436
CLU	POU3F1	1	0	-0.5702280766587864	-0.5702280766587864	-0.5702280766587864
CLU	C1orf21	1	0	-0.5738533251095644	-0.5738533251095644	-0.5738533251095644
CLU	DSP	1	0	-0.5789712311637747	-0.5789712311637747	-0.5789712311637747
CLU	GATA3	1	0	-0.6000650126558379	-0.6000650126558379	-0.6000650126558379
CLU	LRP4	1	0	-0.6040903961176025	-0.6040903961176025	-0.6040903961176025
CLU	IFIT2	1	0	-0.6495398033135406	-0.6495398033135406	-0.6495398033135406
CLU	CRYBG2	1	0	-0.6560254945536368	-0.6560254945536368	-0.6560254945536368
CLU	DERL3	1	0	-0.6793253518289977	-0.6793253518289977	-0.6793253518289977
CLU	ZNF750	1	0	-0.6818276493662015	-0.6818276493662015	-0.6818276493662015
CLU	SBSN	1	0	-0.6859108356626012	-0.6859108356626012	-0.6859108356626012
CLU	HDAC7	1	0	-0.7255396913331834	-0.7255396913331834	-0.7255396913331834
CLU	TRIM2	1	0	-0.7426765945069022	-0.7426765945069022	-0.7426765945069022
CLU	EPS8L2	1	0	-0.7612577809876641	-0.7612577809876641	-0.7612577809876641
CLU	DSC3	1	0	-0.7631363821680776	-0.7631363821680776	-0.7631363821680776
CLU	ANKRD10	1	0	-0.7645145811199686	-0.7645145811199686	-0.7645145811199686
CLU	TGM3	1	0	-0.7992301970852136	-0.7992301970852136	-0.7992301970852136
CLU	ALDOB	2	0	-0.8035423310617138	-0.3019964645024581	-1.3050881976209696
CLU	LENG8	1	0	-0.8126639378380635	-0.8126639378380635	-0.8126639378380635
CLU	FTH1	1	0	-0.8185152875377169	-0.8185152875377169	-0.8185152875377169
CLU	TAF15	1	0	-0.8323613244702179	-0.8323613244702179	-0.8323613244702179
CLU	RACK1	1	0	-0.8331937818481013	-0.8331937818481013	-0.8331937818481013
CLU	DEGS1	1	0	-0.8556516524306211	-0.8556516524306211	-0.8556516524306211
CLU	ASPRV1	1	0	-0.8970457974943002	-0.8970457974943002	-0.8970457974943002
CLU	CASP14	1	0	-0.9042788810116087	-0.9042788810116087	-0.9042788810116087
CLU	CERS3	1	0	-0.9152806839798562	-0.9152806839798562	-0.9152806839798562
CLU	MAB21L4	1	0	-0.9177948987881286	-0.9177948987881286	-0.9177948987881286
CLU	ANAPC16	1	0	-0.9297718438752792	-0.9297718438752792	-0.9297718438752792
CLU	LAMA2	1	0	-0.9398567890424874	-0.9398567890424874	-0.9398567890424874
CLU	DSC1	1	0	-0.9647443225085901	-0.9647443225085901	-0.9647443225085901
CLU	SLC1A5	1	0	-0.9685493425573175	-0.9685493425573175	-0.9685493425573175
CLU	PHGR1	2	0	-0.9871148240349594	-0.6878265610917925	-1.2864030869781264
CLU	PGLYRP3	1	0	-0.9955252143194788	-0.9955252143194788	-0.9955252143194788
CLU	PIP	1	0	-1.0215128923331784	-1.0215128923331784	-1.0215128923331784
CLU	SLC44A4	3	0	-1.0219151056893667	-0.774386202635712	-2.173654773353343
CLU	TENT5B	1	0	-1.0227491258571755	-1.0227491258571755	-1.0227491258571755
CLU	PTCH1	1	0	-1.0377507804185273	-1.0377507804185273	-1.0377507804185273
CLU	TSHZ2	1	0	-1.0465671866265076	-1.0465671866265076	-1.0465671866265076
CLU	LPCAT4	1	0	-1.0483429538691191	-1.0483429538691191	-1.0483429538691191
CLU	OAF	1	0	-1.0509156039350305	-1.0509156039350305	-1.0509156039350305
CLU	KRT4	1	0	-1.0602240823973381	-1.0602240823973381	-1.0602240823973381
CLU	SRRM2	1	0	-1.0726896963030568	-1.0726896963030568	-1.0726896963030568
CLU	KRT10	1	0	-1.0829556989094296	-1.0829556989094296	-1.0829556989094296
CLU	HGS	1	0	-1.0899176180779073	-1.0899176180779073	-1.0899176180779073
CLU	CHPF	1	0	-1.0932318710380398	-1.0932318710380398	-1.0932318710380398
CLU	NDUFB9	1	0	-1.096172063506268	-1.096172063506268	-1.096172063506268
CLU	CASP5	1	0	-1.1092257300136525	-1.1092257300136525	-1.1092257300136525
CLU	ITGB5	2	0	-1.1274338146417235	-0.04707328770304026	-2.207794341580407
CLU	CDHR1	1	0	-1.1334222070300521	-1.1334222070300521	-1.1334222070300521
CLU	CST3	1	0	-1.1551760392339832	-1.1551760392339832	-1.1551760392339832
CLU	PLA2G4F	1	0	-1.1557119444587851	-1.1557119444587851	-1.1557119444587851
CLU	KIAA1217	1	0	-1.1664625519447838	-1.1664625519447838	-1.1664625519447838
CLU	WFDC5	1	0	-1.1695484931878908	-1.1695484931878908	-1.1695484931878908
CLU	TNFRSF11B	1	0	-1.1712285875775235	-1.1712285875775235	-1.1712285875775235
CLU	FABP1	1	0	-1.1813285900281039	-1.1813285900281039	-1.1813285900281039
CLU	CTSC	1	0	-1.2162127299164547	-1.2162127299164547	-1.2162127299164547
CLU	CNFN	1	0	-1.2405773512841836	-1.2405773512841836	-1.2405773512841836
CLU	SHB	1	0	-1.252536528530776	-1.252536528530776	-1.252536528530776
CLU	GRHL3	1	0	-1.2908400711846268	-1.2908400711846268	-1.2908400711846268
CLU	CCL28	1	0	-1.2947523694601328	-1.2947523694601328	-1.2947523694601328
CLU	FA2H	1	0	-1.2965952941007441	-1.2965952941007441	-1.2965952941007441
CLU	CCL27	1	0	-1.333363746168477	-1.333363746168477	-1.333363746168477
CLU	C1orf68	1	0	-1.3434360791330318	-1.3434360791330318	-1.3434360791330318
CLU	UGT1A6	3	0	-1.3522519018765113	-0.5763832989171495	-12.83797759313248
CLU	RORA	1	0	-1.3675744704373682	-1.3675744704373682	-1.3675744704373682
CLU	PCDH18	1	0	-1.3696349448379241	-1.3696349448379241	-1.3696349448379241
CLU	DUOXA1	1	0	-1.3808789056026498	-1.3808789056026498	-1.3808789056026498
CLU	CLMP	1	0	-1.4315551789530825	-1.4315551789530825	-1.4315551789530825
CLU	CYP2S1	1	0	-1.4372505260175328	-1.4372505260175328	-1.4372505260175328
CLU	IFIT1	1	0	-1.4529389260331234	-1.4529389260331234	-1.4529389260331234
CLU	LAMB4	1	0	-1.4573620015385176	-1.4573620015385176	-1.4573620015385176
CLU	ANKRD40CL	1	0	-1.4608270302144144	-1.4608270302144144	-1.4608270302144144
CLU	ECM1	1	0	-1.4810783548255995	-1.4810783548255995	-1.4810783548255995
CLU	POU2F3	1	0	-1.5198925024907206	-1.5198925024907206	-1.5198925024907206
CLU	ATP6V1C2	1	0	-1.5205423973787386	-1.5205423973787386	-1.5205423973787386
CLU	LYPD3	1	0	-1.547388772217827	-1.547388772217827	-1.547388772217827
CLU	SLC12A7	1	0	-1.5623135148661533	-1.5623135148661533	-1.5623135148661533
CLU	IVL	1	0	-1.5947224544385534	-1.5947224544385534	-1.5947224544385534
CLU	DLX3	1	0	-1.5952091976457707	-1.5952091976457707	-1.5952091976457707
CLU	BICDL2	1	0	-1.5985657753997158	-1.5985657753997158	-1.5985657753997158
CLU	HS3ST6	1	0	-1.6108765696136553	-1.6108765696136553	-1.6108765696136553
CLU	MXD1	2	0	-1.6133021079165484	-0.7956250932588022	-2.4309791225742945
CLU	PLOD2	1	0	-1.6188997963120138	-1.6188997963120138	-1.6188997963120138
CLU	SLC44A1	1	0	-1.6288785590208454	-1.6288785590208454	-1.6288785590208454
CLU	IFIT3	2	0	-1.635492709658903	-1.15389401658224	-2.1170914027355656
CLU	CLCA1	1	0	-1.654289271168769	-1.654289271168769	-1.654289271168769
CLU	CCL15	1	0	-1.6599503194145313	-1.6599503194145313	-1.6599503194145313
CLU	CLEC2A	1	0	-1.6828558617648834	-1.6828558617648834	-1.6828558617648834
CLU	ODF3B	1	0	-1.6896833722451112	-1.6896833722451112	-1.6896833722451112
CLU	NUAK1	1	0	-1.6906209960064635	-1.6906209960064635	-1.6906209960064635
CLU	RARRES1	1	0	-1.7221221327949727	-1.7221221327949727	-1.7221221327949727
CLU	CDHR5	2	0	-1.7278410903888641	-1.1346918120073182	-2.3209903687704103
CLU	ERBB3	3	0	-1.7662060277589164	-0.7761928414260129	-4.36047822222216
CLU	CALU	1	0	-1.7713867112817447	-1.7713867112817447	-1.7713867112817447
CLU	CIRBP	1	0	-1.7906406514463444	-1.7906406514463444	-1.7906406514463444
CLU	SERPINA12	1	0	-1.7927639259103192	-1.7927639259103192	-1.7927639259103192
CLU	ZNF460	1	0	-1.8134724408085194	-1.8134724408085194	-1.8134724408085194
CLU	DUOX1	1	0	-1.8307560180518176	-1.8307560180518176	-1.8307560180518176
CLU	ADAM9	1	0	-1.8541670110278579	-1.8541670110278579	-1.8541670110278579
CLU	ICAM1	2	0	-1.8594089225370993	-0.25299414549503607	-3.4658236995791625
CLU	PLS1	1	0	-1.8599795696947672	-1.8599795696947672	-1.8599795696947672
CLU	NCSTN	1	0	-1.8891135402819434	-1.8891135402819434	-1.8891135402819434
CLU	RSAD2	2	0	-1.9040217782419642	-0.3118788224798621	-3.4961647340040662
CLU	GABARAP	1	0	-1.9252985157384537	-1.9252985157384537	-1.9252985157384537
CLU	TLE5	1	0	-1.9314414013154784	-1.9314414013154784	-1.9314414013154784
CLU	TMEM158	3	0	-1.9373816898969778	-1.922325636924083	-12.04974926305364
CLU	SLURP1	1	0	-1.957707146366422	-1.957707146366422	-1.957707146366422
CLU	ARL4C	1	0	-1.964875219136594	-1.964875219136594	-1.964875219136594
CLU	IL1RN	1	0	-1.9727598743811705	-1.9727598743811705	-1.9727598743811705
CLU	CEACAM1	1	0	-1.9869520385069377	-1.9869520385069377	-1.9869520385069377
CLU	IER2	1	0	-1.9953002167906728	-1.9953002167906728	-1.9953002167906728
CLU	VIL1	1	0	-2.019397882748637	-2.019397882748637	-2.019397882748637
CLU	THEM5	1	0	-2.0592549424989484	-2.0592549424989484	-2.0592549424989484
CLU	FLG2	1	0	-2.086649142601921	-2.086649142601921	-2.086649142601921
CLU	GEM	1	0	-2.112557180773823	-2.112557180773823	-2.112557180773823
CLU	SPRR2G	1	0	-2.129460610772967	-2.129460610772967	-2.129460610772967
CLU	CHIT1	1	0	-2.169702828156688	-2.169702828156688	-2.169702828156688
CLU	CHMP1B	1	0	-2.176371426538234	-2.176371426538234	-2.176371426538234
CLU	PPP1R15A	2	0	-2.1864971130098882	-1.9810083323865177	-2.3919858936332585
CLU	IFI27	3	0	-2.1897729258597307	-1.2135729402971835	-15.047285270573921
CLU	ADAMTS12	1	0	-2.2248442686743046	-2.2248442686743046	-2.2248442686743046
CLU	CDSN	2	0	-2.241878732525395	-2.2062786696528733	-2.277478795397916
CLU	LOR	1	0	-2.2656582190279684	-2.2656582190279684	-2.2656582190279684
CLU	SMIM4	1	0	-2.2841802292537214	-2.2841802292537214	-2.2841802292537214
CLU	SCGB1A1	1	0	-2.285511229698125	-2.285511229698125	-2.285511229698125
CLU	AMN	2	0	-2.292711658876033	-2.1324914721371777	-2.4529318456148883
CLU	GGT5	2	0	-2.345399239876369	-0.6572304574935296	-4.0335680222592085
CLU	DEGS2	1	0	-2.3481700963814083	-2.3481700963814083	-2.3481700963814083
CLU	FLG	1	0	-2.353280640280404	-2.353280640280404	-2.353280640280404
CLU	HSPA1A	5	0	-2.3672001904514466	-0.5290739779645688	-8.518136610424156
CLU	SERF2	1	0	-2.38100768664824	-2.38100768664824	-2.38100768664824
CLU	MX2	1	0	-2.4041501488907793	-2.4041501488907793	-2.4041501488907793
CLU	MME	1	0	-2.4092626439711107	-2.4092626439711107	-2.4092626439711107
CLU	FUT2	2	0	-2.414877988054165	-1.4363423256357108	-3.393413650472619
CLU	KRT80	1	0	-2.4193355916597934	-2.4193355916597934	-2.4193355916597934
CLU	MDFI	1	0	-2.4335611948622557	-2.4335611948622557	-2.4335611948622557
CLU	KRT73	1	0	-2.4443983701934333	-2.4443983701934333	-2.4443983701934333
CLU	CCNI	1	0	-2.445334195125434	-2.445334195125434	-2.445334195125434
CLU	PRAP1	3	0	-2.4515471326736873	-0.21495999019994907	-4.629184077592674
CLU	GDF15	1	0	-2.4619011882689668	-2.4619011882689668	-2.4619011882689668
CLU	PRSS3	1	0	-2.463466267206275	-2.463466267206275	-2.463466267206275
CLU	DMKN	1	0	-2.4855879811766606	-2.4855879811766606	-2.4855879811766606
CLU	INSR	1	0	-2.505660604241059	-2.505660604241059	-2.505660604241059
CLU	CD24	2	0	-2.508911796156642	-0.041534591610454	-4.976289000702829
CLU	HSPH1	1	0	-2.520849013014657	-2.520849013014657	-2.520849013014657
CLU	CPS1	1	0	-2.5343223508791217	-2.5343223508791217	-2.5343223508791217
CLU	SLC9A3	1	0	-2.545180056183793	-2.545180056183793	-2.545180056183793
CLU	F3	1	0	-2.5520206018309515	-2.5520206018309515	-2.5520206018309515
CLU	ADAMTS2	1	0	-2.5630917802363777	-2.5630917802363777	-2.5630917802363777
CLU	BAIAP2L1	1	0	-2.5684649115222595	-2.5684649115222595	-2.5684649115222595
CLU	COL18A1	1	0	-2.607215170897948	-2.607215170897948	-2.607215170897948
CLU	SGMS2	1	0	-2.6173285856292283	-2.6173285856292283	-2.6173285856292283
CLU	EPPK1	2	0	-2.6407255878681193	-2.6366278233291602	-2.6448233524070788
CLU	SLC5A1	1	0	-2.691554907769998	-2.691554907769998	-2.691554907769998
CLU	TAF11L2	1	0	-2.7272914150347396	-2.7272914150347396	-2.7272914150347396
CLU	ANXA2	5	0	-2.744340321461511	-0.1677513620314015	-13.449698267312515
CLU	STRA6	2	0	-2.771265710362674	-1.5068438162504911	-4.035687604474857
CLU	CTSD	1	0	-2.775416850327943	-2.775416850327943	-2.775416850327943
CLU	PLK3	1	0	-2.7826153385483696	-2.7826153385483696	-2.7826153385483696
CLU	ENO2	1	0	-2.7852866389973427	-2.7852866389973427	-2.7852866389973427
CLU	ZC3H12A	1	0	-2.814479590511419	-2.814479590511419	-2.814479590511419
CLU	BNIP5	1	0	-2.837858155296935	-2.837858155296935	-2.837858155296935
CLU	ITLN1	1	0	-2.8983950854561384	-2.8983950854561384	-2.8983950854561384
CLU	ARPC2	1	0	-2.9504298468870256	-2.9504298468870256	-2.9504298468870256
CLU	HS3ST1	1	0	-2.972749484475727	-2.972749484475727	-2.972749484475727
CLU	SCIN	1	0	-2.9854772064833184	-2.9854772064833184	-2.9854772064833184
CLU	CYP1A1	1	0	-3.013745946605479	-3.013745946605479	-3.013745946605479
CLU	PET100	1	0	-3.0193454564681765	-3.0193454564681765	-3.0193454564681765
CLU	PLAT	3	0	-3.03420124999738	-2.523538116048286	-5.030973879726091
CLU	MBOAT1	1	0	-3.0382146051942023	-3.0382146051942023	-3.0382146051942023
CLU	NOS2	1	0	-3.0458864096364513	-3.0458864096364513	-3.0458864096364513
CLU	MYL12B	1	0	-3.05249808268848	-3.05249808268848	-3.05249808268848
CLU	CD9	1	0	-3.0670332037130557	-3.0670332037130557	-3.0670332037130557
CLU	PTPA	1	0	-3.078219207603052	-3.078219207603052	-3.078219207603052
CLU	HEXA	1	0	-3.084259144221688	-3.084259144221688	-3.084259144221688
CLU	NRARP	1	0	-3.0975520971024513	-3.0975520971024513	-3.0975520971024513
CLU	PAEP	1	0	-3.103383066248895	-3.103383066248895	-3.103383066248895
CLU	MT1H	1	0	-3.104347308153291	-3.104347308153291	-3.104347308153291
CLU	APOL1	1	0	-3.1774730005783156	-3.1774730005783156	-3.1774730005783156
CLU	CA12	4	0	-3.2422726686338526	-2.180781807669405	-9.135831543876686
CLU	TMSB4X	1	0	-3.2551411834119692	-3.2551411834119692	-3.2551411834119692
CLU	C5orf46	3	0	-3.2691147327550345	-1.3773054590976812	-9.10365629363104
CLU	PRSS8	2	0	-3.2892798627840145	-3.0130914706782637	-3.565468254889766
CLU	MMP1	2	0	-3.3149185335811984	-0.26022771972167763	-6.369609347440719
CLU	SGCA	1	0	-3.348287004978144	-3.348287004978144	-3.348287004978144
CLU	TM4SF20	1	0	-3.3835506025706823	-3.3835506025706823	-3.3835506025706823
CLU	TNS4	4	0	-3.4041143612996527	-0.5688964533255457	-10.033007325344933
CLU	SLC2A3	3	0	-3.4060132542149444	-2.3039819715922087	-9.318970459304577
CLU	CKLF	1	0	-3.418340864529539	-3.418340864529539	-3.418340864529539
CLU	SAT1	1	0	-3.4316675310703215	-3.4316675310703215	-3.4316675310703215
CLU	DDIT4	3	0	-3.474639973260687	-2.6056135307487462	-6.741724568533268
CLU	GPX4	1	0	-3.4866813701626396	-3.4866813701626396	-3.4866813701626396
CLU	IER3	4	0	-3.4881904415201914	-0.999028281484481	-4.819202544181465
CLU	SMIM24	2	0	-3.4953444601062875	-2.024684099098478	-4.9660048211140975
CLU	SLC9A3R1	1	0	-3.496858386605006	-3.496858386605006	-3.496858386605006
CLU	RUNX1	1	0	-3.4997147444465315	-3.4997147444465315	-3.4997147444465315
CLU	OAS3	1	0	-3.5148177516247805	-3.5148177516247805	-3.5148177516247805
CLU	ANGPTL4	2	0	-3.52440027063754	-2.338969621082453	-4.709830920192627
CLU	EGLN3	6	0	-3.526023005739962	-1.238249373071246	-8.520133060956873
CLU	ERO1A	2	0	-3.546996250685019	-3.0405823041888915	-4.0534101971811465
CLU	SDS	1	0	-3.579471950979436	-3.579471950979436	-3.579471950979436
CLU	SPINK4	1	0	-3.612647721320603	-3.612647721320603	-3.612647721320603
CLU	APOC1	6	0	-3.639603632100214	-0.027616992516169767	-7.150660802834894
CLU	PIM3	1	0	-3.6693132122612386	-3.6693132122612386	-3.6693132122612386
CLU	DKK3	1	0	-3.728285891188452	-3.728285891188452	-3.728285891188452
CLU	CALML5	2	0	-3.7369163929895	-1.3532273793078355	-6.120605406671165
CLU	SLC12A2	1	0	-3.745128967474072	-3.745128967474072	-3.745128967474072
CLU	MSR1	1	0	-3.783261559750856	-3.783261559750856	-3.783261559750856
CLU	ADAM12	3	0	-3.7906124963797665	-0.4709628620821118	-10.730524354373486
CLU	PRSS22	4	0	-3.831778559916936	-1.1942287172777664	-9.193780201549085
CLU	PPBP	2	0	-3.8781586065782516	-3.816536587477483	-3.9397806256790204
CLU	S100A8	3	0	-3.894635087595401	-0.34599451597111275	-4.9354914919604465
CLU	ANKRD1	1	0	-3.9193881698413184	-3.9193881698413184	-3.9193881698413184
CLU	LFNG	1	0	-3.9855674607206732	-3.9855674607206732	-3.9855674607206732
CLU	NDRG1	1	0	-3.9919586364803408	-3.9919586364803408	-3.9919586364803408
CLU	MX1	2	0	-4.0058859446609105	-1.552391051798308	-6.459380837523513
CLU	CTSB	2	0	-4.045198639206681	-2.9852812081364344	-5.105116070276929
CLU	KRT81	1	0	-4.060203125293305	-4.060203125293305	-4.060203125293305
CLU	RGS1	1	0	-4.06352468536126	-4.06352468536126	-4.06352468536126
CLU	PNCK	1	0	-4.071137239837685	-4.071137239837685	-4.071137239837685
CLU	IFNGR2	1	0	-4.130143849538494	-4.130143849538494	-4.130143849538494
CLU	BST2	1	0	-4.1515689988716975	-4.1515689988716975	-4.1515689988716975
CLU	ACTL8	1	0	-4.165553039826592	-4.165553039826592	-4.165553039826592
CLU	SRSF2	1	0	-4.200753755627658	-4.200753755627658	-4.200753755627658
CLU	CD68	4	0	-4.288319256993502	-3.275296928334855	-6.72685125307839
CLU	HS3ST2	1	0	-4.303367040041547	-4.303367040041547	-4.303367040041547
CLU	IL1B	1	0	-4.325166099646217	-4.325166099646217	-4.325166099646217
CLU	ACP5	3	0	-4.347838069785665	-1.9618520529241779	-4.710161112841973
CLU	ASPH	1	0	-4.3671795046148425	-4.3671795046148425	-4.3671795046148425
CLU	GPNMB	1	0	-4.374303066242874	-4.374303066242874	-4.374303066242874
CLU	ACER2	1	0	-4.418871215691237	-4.418871215691237	-4.418871215691237
CLU	LOXL2	7	0	-4.479007378698253	-2.248745037157584	-8.61592915971268
CLU	LIF	2	0	-4.495938016834456	-2.185879861701136	-6.805996171967776
CLU	ADAMTS5	1	0	-4.516241069047088	-4.516241069047088	-4.516241069047088
CLU	COL7A1	4	0	-4.520514900712516	-2.2559758973519943	-9.150436757816236
CLU	ITGB2	1	0	-4.538887028869173	-4.538887028869173	-4.538887028869173
CLU	EGR2	1	0	-4.6396545546780406	-4.6396545546780406	-4.6396545546780406
CLU	SLC38A5	1	0	-4.649644579134551	-4.649644579134551	-4.649644579134551
CLU	DNAJB1	2	0	-4.769459511968675	-1.4973935431656593	-8.041525480771691
CLU	CLIC4	2	0	-4.79963260422061	-0.442110489103037	-9.157154719338184
CLU	SPP1	9	0	-4.9275297522001695	-0.8236942803547779	-14.388604285483295
CLU	HOPX	4	0	-4.935631485861284	-2.581983024918692	-6.939090033279365
CLU	CSF3	1	0	-4.944622899309608	-4.944622899309608	-4.944622899309608
CLU	SCD	2	0	-4.94662222794951	-1.519614568213071	-8.373629887685949
CLU	NECTIN4	1	0	-4.9487831507764115	-4.9487831507764115	-4.9487831507764115
CLU	EPS8L1	1	0	-4.998363921785767	-4.998363921785767	-4.998363921785767
CLU	LAMB3	5	0	-5.033832223628045	-1.782982206120653	-17.579677093081095
CLU	AHNAK2	3	0	-5.045678266995429	-1.082946678602038	-8.53961677759336
CLU	ITPRIP	2	0	-5.0711109778577175	-2.559571725795004	-7.582650229920431
CLU	HIF3A	1	0	-5.086871782894668	-5.086871782894668	-5.086871782894668
CLU	BNIP3L	2	0	-5.118431087206832	-1.2516912911117364	-8.985170883301928
CLU	MFSD11	1	0	-5.1793051697217605	-5.1793051697217605	-5.1793051697217605
CLU	HLA-E	1	0	-5.212245450374013	-5.212245450374013	-5.212245450374013
CLU	BIRC7	1	0	-5.244193777754126	-5.244193777754126	-5.244193777754126
CLU	ALOX5AP	2	0	-5.2504130173018115	-4.889305198179755	-5.6115208364238685
CLU	SLC11A1	7	0	-5.266712523548791	-2.592776246833429	-7.705605445715138
CLU	ABHD2	1	0	-5.314276711237088	-5.314276711237088	-5.314276711237088
CLU	IL24	1	0	-5.33195344644072	-5.33195344644072	-5.33195344644072
CLU	S100A4	5	0	-5.359148113095356	-1.0395940810655444	-15.928262074798301
CLU	SCUBE2	1	0	-5.383428800114092	-5.383428800114092	-5.383428800114092
CLU	C1QA	1	0	-5.399875330585175	-5.399875330585175	-5.399875330585175
CLU	FCGR3A	1	0	-5.400842477003609	-5.400842477003609	-5.400842477003609
CLU	ECH1	1	0	-5.453494861570972	-5.453494861570972	-5.453494861570972
CLU	MARCO	5	0	-5.457582720203133	-3.9910191710359078	-9.815415260259625
CLU	RNASET2	2	0	-5.462423089241862	-2.9461320529937196	-7.978714125490004
CLU	LAMA3	3	0	-5.507970115789059	-3.614434179147138	-9.04483552034942
CLU	ANKRD36C	1	0	-5.511290090913372	-5.511290090913372	-5.511290090913372
CLU	HMGA2	4	0	-5.562562317244682	-3.865325742258594	-8.477030096087205
CLU	ST6GALNAC5	2	0	-5.57755858832493	-2.3808497216683393	-8.774267454981521
CLU	ENC1	1	0	-5.6551745968858125	-5.6551745968858125	-5.6551745968858125
CLU	CAV1	2	0	-5.659254628486892	-0.21092464468923597	-11.107584612284548
CLU	FCGR2B	2	0	-5.6607607394461095	-5.308431330387322	-6.013090148504897
CLU	BHLHE40	1	0	-5.676304397069431	-5.676304397069431	-5.676304397069431
CLU	ABLIM3	2	0	-5.6800527327498695	-1.085778374294395	-10.274327091205345
CLU	TNFRSF6B	2	0	-5.70035246534583	-1.3847235595118013	-10.015981371179858
CLU	TYMP	1	0	-5.771094841531038	-5.771094841531038	-5.771094841531038
CLU	FBP1	3	0	-5.772859405562772	-2.5208758780833738	-7.705247198502258
CLU	C6orf132	1	0	-5.7763502750892215	-5.7763502750892215	-5.7763502750892215
CLU	ADRA2A	1	0	-5.849770935630217	-5.849770935630217	-5.849770935630217
CLU	PSMC4	1	0	-5.878859951693269	-5.878859951693269	-5.878859951693269
CLU	NCOA7	1	0	-5.987117018670909	-5.987117018670909	-5.987117018670909
CLU	SERINC2	3	0	-6.02205129503307	-1.6578126065831689	-13.816845488372776
CLU	SYT13	1	0	-6.036943603216908	-6.036943603216908	-6.036943603216908
CLU	RBP1	2	0	-6.049545712745253	-0.9299953432663992	-11.169096082224106
CLU	OLR1	3	0	-6.110104322700775	-5.567225419322635	-8.519997578277525
CLU	SKIL	1	0	-6.225836102803168	-6.225836102803168	-6.225836102803168
CLU	CLDN6	1	0	-6.246346310747852	-6.246346310747852	-6.246346310747852
CLU	CD163	1	0	-6.294030593351106	-6.294030593351106	-6.294030593351106
CLU	GPC1	2	0	-6.348469906866113	-0.9269641227165268	-11.769975691015699
CLU	PFKP	2	0	-6.362339270395553	-0.8170855575094943	-11.90759298328161
CLU	ADAM19	2	0	-6.372748264684018	-4.027184906046288	-8.71831162332175
CLU	ENTPD2	1	0	-6.38011162356667	-6.38011162356667	-6.38011162356667
CLU	FXYD5	2	0	-6.460380701792353	-5.791901714843274	-7.128859688741433
CLU	TAGLN2	1	0	-6.486028965568643	-6.486028965568643	-6.486028965568643
CLU	TNNT1	1	0	-6.494469950588438	-6.494469950588438	-6.494469950588438
CLU	ITGA2	2	0	-6.5040725082494975	-5.45855281167892	-7.549592204820075
CLU	PAK4	1	0	-6.513230335579633	-6.513230335579633	-6.513230335579633
CLU	EPHB6	1	0	-6.5432446049847455	-6.5432446049847455	-6.5432446049847455
CLU	C1QC	3	0	-6.567512707295607	-3.7556562474874955	-7.616719349253847
CLU	KRT6B	1	0	-6.602492229710743	-6.602492229710743	-6.602492229710743
CLU	TGFBI	5	0	-6.611149271632483	-2.6656596922496094	-12.934968957777718
CLU	G0S2	1	0	-6.631116369794947	-6.631116369794947	-6.631116369794947
CLU	GJB2	7	0	-6.651225364094281	-1.03965227595953	-17.636281422496637
CLU	CCL11	1	0	-6.67425694671365	-6.67425694671365	-6.67425694671365
CLU	COL3A1	3	0	-6.678768241386166	-0.16297414963613602	-7.406735491641888
CLU	CDHR2	1	0	-6.683949383251851	-6.683949383251851	-6.683949383251851
CLU	SEL1L3	1	0	-6.697999330997267	-6.697999330997267	-6.697999330997267
CLU	ALPL	1	0	-6.706277082549287	-6.706277082549287	-6.706277082549287
CLU	CD200	1	0	-6.738890776135941	-6.738890776135941	-6.738890776135941
CLU	L1CAM	1	0	-6.756643072565843	-6.756643072565843	-6.756643072565843
CLU	MALL	3	0	-6.808207901957897	-0.11506679947787507	-11.250398463122938
CLU	TREM1	4	0	-6.882751006827616	-4.129318563585727	-8.96895835040393
CLU	IL32	3	0	-6.9361366490127585	-4.954697137263103	-13.454868973745118
CLU	FLNB	1	0	-6.961252352119549	-6.961252352119549	-6.961252352119549
CLU	STC1	1	0	-7.008183574045286	-7.008183574045286	-7.008183574045286
CLU	PSMD8	1	0	-7.137519263299786	-7.137519263299786	-7.137519263299786
CLU	C4BPB	1	0	-7.201864324971024	-7.201864324971024	-7.201864324971024
CLU	UBE2C	1	0	-7.2200027018323745	-7.2200027018323745	-7.2200027018323745
CLU	BACE2	1	0	-7.268311061950638	-7.268311061950638	-7.268311061950638
CLU	VSIG4	1	0	-7.3129142372034455	-7.3129142372034455	-7.3129142372034455
CLU	POLB	1	0	-7.322707739688494	-7.322707739688494	-7.322707739688494
CLU	ALDH3B1	1	0	-7.339660400778482	-7.339660400778482	-7.339660400778482
CLU	LGALS3	2	0	-7.372968088959178	-6.412613722026321	-8.333322455892036
CLU	UNC93B1	1	0	-7.420196154130828	-7.420196154130828	-7.420196154130828
CLU	CAPG	2	0	-7.422381206810439	-6.589518283435729	-8.25524413018515
CLU	AKR1C3	2	0	-7.469068255234551	-1.3276559918937774	-13.610480518575324
CLU	PODNL1	1	0	-7.641974724552405	-7.641974724552405	-7.641974724552405
CLU	SPRY4	1	0	-7.658565290518154	-7.658565290518154	-7.658565290518154
CLU	APLN	1	0	-7.671644446432527	-7.671644446432527	-7.671644446432527
CLU	AREG	2	0	-7.697186352627888	-6.95430017066466	-8.440072534591115
CLU	FAM20A	1	0	-7.698450340206519	-7.698450340206519	-7.698450340206519
CLU	RAB2A	1	0	-7.951684802403691	-7.951684802403691	-7.951684802403691
CLU	ANLN	1	0	-7.951842411992957	-7.951842411992957	-7.951842411992957
CLU	PPDPF	1	0	-8.032588157217013	-8.032588157217013	-8.032588157217013
CLU	IL11	1	0	-8.065401450832184	-8.065401450832184	-8.065401450832184
CLU	PLEKHG6	1	0	-8.096977054450665	-8.096977054450665	-8.096977054450665
CLU	PODXL	2	0	-8.211825060769842	-6.348984458564044	-10.074665662975638
CLU	POLD4	1	0	-8.242717673099628	-8.242717673099628	-8.242717673099628
CLU	FERMT1	1	0	-8.269688235778764	-8.269688235778764	-8.269688235778764
CLU	ITGBL1	1	0	-8.27177332927291	-8.27177332927291	-8.27177332927291
CLU	CHKA	1	0	-8.289722556775255	-8.289722556775255	-8.289722556775255
CLU	DNPH1	1	0	-8.300916571662219	-8.300916571662219	-8.300916571662219
CLU	ANTXR2	1	0	-8.373587634132063	-8.373587634132063	-8.373587634132063
CLU	AQP9	1	0	-8.407254117921807	-8.407254117921807	-8.407254117921807
CLU	GAS6	1	0	-8.425398945842769	-8.425398945842769	-8.425398945842769
CLU	S100A11	3	0	-8.509340970271845	-0.4806879956271125	-16.49451166033308
CLU	PLPP4	1	0	-8.672482424053701	-8.672482424053701	-8.672482424053701
CLU	EZR	1	0	-8.814261739853578	-8.814261739853578	-8.814261739853578
CLU	RAB31	1	0	-8.878241232139436	-8.878241232139436	-8.878241232139436
CLU	ACTN4	1	0	-8.917207336676766	-8.917207336676766	-8.917207336676766
CLU	MET	1	0	-8.97455911399604	-8.97455911399604	-8.97455911399604
CLU	SLC7A11	2	0	-9.015237781296456	-2.487006256709512	-15.5434693058834
CLU	PTPRF	2	0	-9.042255169071705	-6.854049718120573	-11.230460620022836
CLU	FSTL3	1	0	-9.055308813696616	-9.055308813696616	-9.055308813696616
CLU	BMP4	1	0	-9.06477145603971	-9.06477145603971	-9.06477145603971
CLU	ALDH1B1	1	0	-9.090153803226395	-9.090153803226395	-9.090153803226395
CLU	RNASEK	1	0	-9.185969444025703	-9.185969444025703	-9.185969444025703
CLU	PLCD3	1	0	-9.222112365446277	-9.222112365446277	-9.222112365446277
CLU	IL6	1	0	-9.288608504976274	-9.288608504976274	-9.288608504976274
CLU	DNTTIP1	1	0	-9.348879460473722	-9.348879460473722	-9.348879460473722
CLU	PRDM1	1	0	-9.357918883930877	-9.357918883930877	-9.357918883930877
CLU	MBOAT2	1	0	-9.428547834562359	-9.428547834562359	-9.428547834562359
CLU	OAS1	1	0	-9.51441795988796	-9.51441795988796	-9.51441795988796
CLU	NT5E	1	0	-9.541409156705903	-9.541409156705903	-9.541409156705903
CLU	COL8A2	1	0	-9.546502035994308	-9.546502035994308	-9.546502035994308
CLU	SELENOM	1	0	-9.584073704984549	-9.584073704984549	-9.584073704984549
CLU	CLCF1	1	0	-9.63661766393403	-9.63661766393403	-9.63661766393403
CLU	CCDC71L	1	0	-9.840867892750525	-9.840867892750525	-9.840867892750525
CLU	SH3PXD2A	1	0	-9.867807104298212	-9.867807104298212	-9.867807104298212
CLU	TCEA3	1	0	-9.973783382100306	-9.973783382100306	-9.973783382100306
CLU	CAV2	1	0	-10.055106418296536	-10.055106418296536	-10.055106418296536
CLU	ALDH3A1	2	0	-10.127039331684983	-7.077242030671949	-13.17683663269802
CLU	PDPN	1	0	-10.212105404533306	-10.212105404533306	-10.212105404533306
CLU	GALNT15	1	0	-10.229828280552802	-10.229828280552802	-10.229828280552802
CLU	ITGA6	1	0	-10.296883266832372	-10.296883266832372	-10.296883266832372
CLU	WNT2	1	0	-10.573879017820998	-10.573879017820998	-10.573879017820998
CLU	GFPT2	1	0	-10.676693990173007	-10.676693990173007	-10.676693990173007
CLU	RAB27B	1	0	-10.693195619897518	-10.693195619897518	-10.693195619897518
CLU	CDA	1	0	-10.901157466063415	-10.901157466063415	-10.901157466063415
CLU	P2RY2	1	0	-10.919261409777505	-10.919261409777505	-10.919261409777505
CLU	EMP3	1	0	-10.963726627179854	-10.963726627179854	-10.963726627179854
CLU	UCHL1	1	0	-11.068135028467495	-11.068135028467495	-11.068135028467495
CLU	GXYLT2	1	0	-11.144045231492866	-11.144045231492866	-11.144045231492866
CLU	PHLDA1	1	0	-11.239596806601245	-11.239596806601245	-11.239596806601245
CLU	SDC1	5	0	-11.265924333185225	-1.629323783746439	-15.415147678077924
CLU	KYNU	1	0	-11.285177785247278	-11.285177785247278	-11.285177785247278
CLU	MARCKS	1	0	-11.30586296051665	-11.30586296051665	-11.30586296051665
CLU	SPRY2	1	0	-11.48887005456366	-11.48887005456366	-11.48887005456366
CLU	TKT	1	0	-11.499530338083442	-11.499530338083442	-11.499530338083442
CLU	H1F0	1	0	-11.527039764526771	-11.527039764526771	-11.527039764526771
CLU	CLDN3	1	0	-11.545220426082851	-11.545220426082851	-11.545220426082851
CLU	ARL4D	1	0	-11.598567449841552	-11.598567449841552	-11.598567449841552
CLU	SERPINB5	2	0	-11.72181639217212	-10.701545037283958	-12.74208774706028
CLU	PMEPA1	2	0	-11.798546096485882	-11.428222262475211	-12.168869930496555
CLU	AKR1C1	1	0	-11.942840823381491	-11.942840823381491	-11.942840823381491
CLU	AGRN	2	0	-11.988445785026208	-7.4705719357789	-16.506319634273517
CLU	ST14	1	0	-12.02209440066275	-12.02209440066275	-12.02209440066275
CLU	IGFBP6	1	0	-12.046442029493857	-12.046442029493857	-12.046442029493857
CLU	SNAI2	1	0	-12.281381162660496	-12.281381162660496	-12.281381162660496
CLU	MICAL2	1	0	-12.33198573710858	-12.33198573710858	-12.33198573710858
CLU	G6PD	1	0	-12.47302654572583	-12.47302654572583	-12.47302654572583
CLU	ALDH1A3	1	0	-12.92303551834431	-12.92303551834431	-12.92303551834431
CLU	CHMP2A	1	0	-13.018279152104153	-13.018279152104153	-13.018279152104153
CLU	FOSL1	1	0	-13.2706987541141	-13.2706987541141	-13.2706987541141
CLU	AKR1B10	1	0	-14.123055035321956	-14.123055035321956	-14.123055035321956
CLU	CDCP1	1	0	-14.167362726351728	-14.167362726351728	-14.167362726351728
CLU	TXN	1	0	-15.637099859872738	-15.637099859872738	-15.637099859872738
CLU	PGD	1	0	-16.96987548305923	-16.96987548305923	-16.96987548305923
DCN	C1R	10	10	5.808194928581283	10.540589757583572	1.9787594321438347
DCN	KCNE4	10	10	2.0729410403538804	3.4412070069473866	0.23180604453512893
DCN	SFRP4	9	9	7.359739633857371	9.457822662746421	1.500085154241596
DCN	COL10A1	9	9	5.307113820664044	7.463198847282949	0.33203941606131043
DCN	CTHRC1	9	9	4.216150958005861	8.577159425054441	0.04549111739271221
DCN	MFAP4	10	9	2.4316842386329194	10.153970693182725	-1.2470308495745144
DCN	KCND3	10	9	0.4007037584193711	2.8621393396342407	-0.5506239870939911
DCN	MMP2	8	8	7.069747904379418	9.090718143797739	0.5534216018266586
DCN	SFRP2	8	8	7.054348607477383	9.718221767189073	0.2562604666593018
DCN	ITGA11	8	8	3.443534011715942	6.6739393613838836	0.12450255864083178
DCN	CXCL14	9	8	2.520604992983123	5.396312410097093	-0.35209239464704534
DCN	IGHG1	9	8	2.1694839293476735	12.106361188560424	-1.5503992179789807
DCN	C7	10	8	1.3450917718502537	10.027422869999944	-3.5056844541787866
DCN	IGKV4-1	9	8	0.8344351476399285	7.667644894566281	-3.273158510263912
DCN	CCN2	8	7	8.154783282276831	12.43715037101945	-1.0371243075078027
DCN	SERPINF1	7	7	6.8269150441329876	12.129956909659565	5.582693491370609
DCN	VCAN	7	7	5.304386062588564	7.204295137722509	0.39315563289371946
DCN	CCDC80	7	7	5.294701525120322	6.405862687946599	0.08296520223495976
DCN	THBS2	8	7	4.754892708590374	6.943712010733203	-0.5923254567074756
DCN	CDH11	7	7	4.407121651746895	6.529316034225682	1.270265664089517
DCN	COL5A1	7	7	4.382339151617687	5.1001087821423186	0.3360041792979169
DCN	COL12A1	8	7	4.137424643808269	6.576861097587006	-0.11468401245509213
DCN	FOSB	8	7	3.2520388817649444	7.05395948260642	-0.4415448348356603
DCN	COL11A1	10	7	2.9672470482942206	7.140097547011246	-0.7301704353107732
DCN	COL5A2	7	7	2.944525831518416	4.396795390890223	0.004589106958031514
DCN	PTGDS	8	7	2.9297634790798357	9.020505582399775	-0.895710146354954
DCN	INHBA	7	7	2.7671422211449213	8.681577157338825	1.1205195250668123
DCN	IGHA1	9	7	1.9569266090357647	16.94898840020588	-4.595339859404785
DCN	OLFM4	8	7	1.2175759095740732	3.2781333672983948	-1.2982133182393212
DCN	KCNJ8	10	7	1.1120235875410427	2.7048038476278733	-1.0371090929618132
DCN	IGLC1	10	7	1.0020523503515448	12.816460029959808	-1.7584223392643692
DCN	MMP11	10	7	0.9671825823633857	6.022141122595307	-1.7268004830323962
DCN	KCNMA1	10	7	0.9003037242088929	3.348376218620194	-2.4667656654808314
DCN	KCNS3	10	7	0.773859237370205	5.171854023549952	-2.673550028563939
DCN	KCND2	10	7	0.37684928967193704	2.0324475479037862	-1.0625205750125133
DCN	LUM	6	6	7.122628939768436	9.72239660545472	5.22980903916491
DCN	AEBP1	6	6	6.122236066102381	10.35833133712099	0.9008189079029669
DCN	FBLN1	7	6	6.01121134447157	8.096861047082285	-0.3453492792105143
DCN	CCN1	8	6	5.843604851191463	7.973659936856131	-4.278596188707446
DCN	RARRES2	6	6	5.202775034636528	8.056855619725095	1.1687834929785619
DCN	THBS1	7	6	4.673539210838632	8.725156981984705	-0.889655556534384
DCN	LAPTM5	6	6	4.112344092146941	10.046210503168732	0.6509953747819555
DCN	NR4A1	8	6	3.9894335769790246	7.707339161028414	-1.634940089393064
DCN	C1QB	6	6	3.4354847879275803	8.198419102602017	1.0275568755317073
DCN	HLA-DRA	7	6	3.3310143722527967	10.636819089644225	-1.859247324245612
DCN	MT1X	6	6	2.9992723154310403	6.252038272770328	0.030692393085762538
DCN	IGFBP5	8	6	2.5522316585778313	5.719766045435934	-2.4892075842279837
DCN	SERPINE1	8	6	2.313060267296006	6.536195876843531	-12.201582485140124
DCN	MFAP5	6	6	2.105685779935757	4.570477167600978	0.23037346304562092
DCN	IGHG2	8	6	0.7868887130347516	8.124944979314215	-0.6588844972272117
DCN	IGHM	10	6	0.6309966294312099	8.481064354144818	-2.7723510865652985
DCN	CLU	10	6	0.43926777264138467	7.051311822284593	-5.662597116975559
DCN	KCNMB4	10	6	0.3014902760211916	2.0511299206466367	-1.9553802472048154
DCN	KCNAB2	10	6	0.21604770169760226	1.87644279049416	-1.535221776897641
DCN	CCL19	10	6	0.2047099083186985	5.895774422257233	-3.0476350596446435
DCN	FBN1	5	5	6.415848939220941	11.68226967692052	0.4538605934857559
DCN	DUSP1	6	5	5.616721717316471	6.093228557271744	-2.0644410716066557
DCN	FBLN2	6	5	5.573406993478936	9.994127283698782	-1.6242495917393422
DCN	MGP	7	5	5.449649105552455	9.143642162156118	-0.1510395261518824
DCN	APOD	7	5	5.390000095387121	9.848394646011121	-3.512103489312984
DCN	CTSK	5	5	5.249661119680028	9.09778104681039	0.7045008680579463
DCN	ANTXR1	6	5	4.920154205539932	9.768737250860669	-1.0414105515918588
DCN	CXCL12	6	5	4.878135461980088	6.666151765064433	-0.2072286273729886
DCN	ACTA2	7	5	4.848108351787784	11.980124408069473	-0.9792679865987456
DCN	C3	6	5	4.711315753337109	7.8392445246534965	-3.2209552150317675
DCN	GAS1	6	5	4.616952142178315	5.824873314067015	-0.8126861658013605
DCN	HTRA1	5	5	4.4817201894015986	6.408078426592085	1.2618151383945357
DCN	SULF1	6	5	4.42496136353745	8.284535420094533	-0.5191880636842491
DCN	TAGLN	6	5	4.368526536549268	8.909685214170937	-2.0292573891696253
DCN	IGKC	7	5	4.262287376001961	6.950101281632412	-3.2686821070981678
DCN	ENG	5	5	4.181615302915758	8.431484992985883	0.8600829294420732
DCN	SERPING1	5	5	4.070305183293505	5.4387796094710685	1.5339189064903382
DCN	PDLIM3	7	5	4.05188114612591	8.521686820118342	-1.2372898050636392
DCN	DPT	6	5	3.67222000362964	6.560385861432046	-0.18720155253901294
DCN	HSPA1A	5	5	3.2133650372471005	6.446852850927222	1.1328101277479317
DCN	THBS4	6	5	3.0545728643687786	3.3201648786686753	-3.997610765986363
DCN	APOE	6	5	2.9433239831997904	9.181508660636352	-0.4936026205589349
DCN	PRSS23	5	5	2.942221825187573	6.0288085896173165	0.864391701606325
DCN	RASD1	5	5	2.545101309173159	4.987994806068584	0.4856991952114953
DCN	LRRC15	7	5	2.463123726214451	5.454761517542705	-0.4936996605666956
DCN	SELENOP	5	5	2.3088270495903016	5.6142268749754995	0.39579892876300393
DCN	CPE	5	5	2.0221334953726453	5.993728736966854	0.2960841884988324
DCN	MMP9	6	5	2.001655768511375	5.557512097992797	-5.069116687719503
DCN	ADAMTS1	7	5	1.918563955426891	6.8445368616261515	-4.690474879121329
DCN	PRELP	5	5	1.5783604445814015	7.8109421322345005	0.38055366113352024
DCN	RGS16	7	5	1.4244845237504717	5.192850770013989	-0.5671959539963387
DCN	GREM1	8	5	1.35215310523059	8.697968958467797	-1.437611800535657
DCN	S100A9	7	5	1.2219038864914373	7.543234546710306	-2.3375570272112856
DCN	IGLV3-1	8	5	1.2211385237842984	6.602860019589531	-1.9304425233963705
DCN	CCL18	6	5	0.9601964473391156	4.708754432336528	-1.2061122295987063
DCN	GJB2	7	5	0.9559140621344203	6.2271068786236725	-2.8288764999731995
DCN	POSTN	8	5	0.42072849603898327	5.914801450707703	-2.47114596741664
DCN	IGHG4	7	5	0.2032934214864228	5.9818660448962175	-1.845018828817238
DCN	KCNN3	10	5	0.09649279891012766	2.047096544667922	-3.690881552331003
DCN	IGHG3	9	5	0.013174036064404955	6.474576359316391	-3.077047079553036
DCN	KCNK17	10	5	-0.02490498673522072	1.2597770021632209	-1.3823280155803699
DCN	CCL21	10	5	-0.13975006899691117	2.102305207882466	-3.411409271206977
DCN	MXRA8	4	4	8.677380738697487	11.21264290936899	5.429118249633478
DCN	C1S	4	4	7.439472541455997	9.520446529219177	6.027199618575908
DCN	HLA-DPA1	4	4	7.346122416554795	9.72253529208698	3.14442024930753
DCN	PCOLCE	4	4	6.462883819788562	12.236192550167148	4.734826105288806
DCN	CD74	4	4	6.372536432661004	16.3710796542916	5.23164807618864
DCN	COL16A1	4	4	5.320553236433142	8.432113708237951	2.5896091663418126
DCN	FSTL1	4	4	5.030574955995339	7.92443275350424	1.7326903101533055
DCN	MT2A	5	4	4.696021370361011	10.466590872533493	-3.661625507971389
DCN	GADD45B	5	4	4.367100592553237	7.32392002316944	-0.7027433758227165
DCN	MT1E	4	4	4.345030604270475	6.189371907281373	1.2595694424591735
DCN	PTGIS	4	4	4.027270228251776	6.318093638220776	3.1904150668182614
DCN	C11orf96	6	4	4.0002991749335415	7.868487553974948	-3.2628635061531366
DCN	SPARC	4	4	3.9983709771802065	5.323847944730536	1.9477328134950445
DCN	LOX	4	4	3.9836250511000486	6.454284382719756	0.07953168949060603
DCN	CEBPD	5	4	3.9731996196240806	13.952561458979174	-1.0927045919213025
DCN	NBL1	4	4	3.8901876565396045	4.256288438790153	0.45761230991456997
DCN	FNDC1	5	4	3.503442079897907	5.508773454904687	-0.17150140359715801
DCN	COL6A3	4	4	3.3347259110064136	6.082050385046469	2.3263883347804795
DCN	NR4A3	5	4	3.238779271598458	6.181861042640581	-1.6025694429605406
DCN	COL8A1	5	4	3.0719074868796588	4.929760024884311	-0.09787571741556508
DCN	TGFBI	5	4	2.9574029079629063	3.9548767100629596	-2.3090757507269313
DCN	MS4A7	4	4	2.5543584094102822	5.216962467835257	2.3280878561105545
DCN	EPYC	5	4	2.527343368388552	6.475706409325086	-0.22640352125188637
DCN	SLC11A1	7	4	2.515545042769992	5.6485848267775065	-3.6541155828843275
DCN	PLAU	6	4	2.341659572828987	5.450128012244999	-1.3498757023495036
DCN	IL7R	5	4	2.305983292717052	6.07901924543513	-3.0823148790048096
DCN	NUPR1	5	4	2.197747559422919	4.108981911173254	-4.157394404827519
DCN	GPX3	4	4	2.1539826696477022	4.272079323380357	0.17007464653971083
DCN	MMP14	5	4	2.148590196982169	3.54171458189344	-0.40590623392574826
DCN	IGF1	4	4	2.1387692680210835	5.668224141369409	0.25196856284854796
DCN	COL4A1	5	4	2.1095836220886186	11.709663376105638	-2.4098973040991343
DCN	NKD2	4	4	1.822853552703748	3.6337594081013265	0.13967417744876087
DCN	EPHA3	4	4	1.6397900646501484	7.28395465394621	0.1280108339855989
DCN	JCHAIN	6	4	1.5480852130328087	15.684673799558603	-1.2130489948050398
DCN	INS	6	4	1.5177388391475575	5.5937927986863905	-3.216284828154491
DCN	COLEC11	5	4	1.4316381518974204	1.9806570627276248	-2.623832938388058
DCN	SRPX	4	4	1.360834108210656	6.184757255171755	0.23212691588998835
DCN	IGHJ6	6	4	1.2988746203836836	8.086051300367853	-0.32909667508164614
DCN	OGN	5	4	1.1597269373427093	6.623254363134738	-1.0769293479269115
DCN	CXCR4	4	4	1.1502801329708905	4.906165330265218	0.5811052053941149
DCN	HBA2	5	4	1.097426542638683	6.332377861193961	-0.41504496945762354
DCN	TYROBP	5	4	1.0550883416752184	4.222725577869297	-3.6638447803217176
DCN	TTR	6	4	0.7804113366903608	4.244466008858508	-0.5014470220313223
DCN	CFTR	7	4	0.7111484149940861	2.788587984317473	-5.195010385880376
DCN	SCG2	5	4	0.6241573280901096	3.123109675736757	-2.7139184635806486
DCN	GCG	7	4	0.5324869659593486	6.31213392855955	-4.320610037875014
DCN	KRT5	5	4	0.4757983781856752	2.311023840162662	-0.05333438237737893
DCN	IGHD	5	4	0.3882301270342997	1.3462569676873362	-2.558243610486768
DCN	CST1	7	4	0.28129815727481466	5.058501189547339	-4.4837359279602955
DCN	AZGP1	6	4	0.24687597729712193	0.90642069338411	-4.170578075854329
DCN	LOXL2	7	4	0.23305857805435984	5.639372486004163	-2.356871556004722
DCN	KRT8	7	4	0.18679208220594362	1.0358812906969184	-6.39486984040922
DCN	TNXB	6	4	0.17555294416492181	6.5561507585205385	-3.5647907659658413
DCN	HSPB6	7	4	0.15246942571378597	8.981797209492818	-4.060961061776368
DCN	SDC1	5	4	0.10173268009199533	5.2891878082013895	-0.1564177089456556
DCN	KCNK15	10	4	-0.09050894593930411	1.1925579552591974	-2.024809071072757
DCN	KCNB1	8	4	-0.2459849824124044	0.43004893425995416	-1.699500934362468
DCN	KCNAB1	10	4	-0.3172335783994211	0.36161825090383487	-1.9509408202680845
DCN	KCNQ4	10	4	-0.4751182162619727	0.7069404090414476	-2.5685355295502923
DCN	KCNMB1	10	4	-0.4933795852351838	3.6434787026153743	-3.9307018234174196
DCN	SPP1	9	4	-0.6251265132585972	3.7012969744718442	-5.372489969610339
DCN	KCNJ15	10	4	-0.7069487273079391	2.7364380906559083	-3.539850792578421
DCN	COL1A1	3	3	10.854829186595863	12.738981685191932	5.42360159763018
DCN	COL1A2	3	3	10.807398038039288	13.368901910196836	5.505899393335692
DCN	COL3A1	3	3	10.504371202293836	17.483078819930547	3.4835513311986586
DCN	PDGFRB	3	3	8.41163016092049	9.765527551613346	5.230242031397168
DCN	MYL9	3	3	7.912783260295166	8.529890777553433	3.7428794820398283
DCN	CD81	3	3	7.727898386904031	14.45545779498483	5.51382680017216
DCN	CRISPLD2	4	3	7.065125483533894	8.739352772194318	-0.5819849219798536
DCN	BGN	3	3	6.9698611835202655	18.387735950320458	4.638664248112085
DCN	EMILIN1	3	3	6.420731322932213	8.183032476841067	4.2195371982603165
DCN	TIMP3	4	3	6.213626166106916	6.591488914244371	-0.01578062582778612
DCN	PRRX1	3	3	5.4518660360526585	11.114312928714691	4.496676966301498
DCN	SRGN	3	3	5.423776435833777	7.90599304200737	3.4609811219470243
DCN	LMCD1	4	3	5.232643005755981	7.25307391302384	-0.7230269859153222
DCN	ISLR	3	3	5.138116922600434	5.642447522957194	3.22866644539916
DCN	HBA1	3	3	5.063700953340488	5.855141663034532	1.4225119111124516
DCN	THY1	3	3	4.8770253517195785	8.071044257291215	1.0937905195785882
DCN	C1QC	3	3	4.825044549295471	9.9755173820222	3.4197243689499217
DCN	DPEP1	4	3	4.662670826094181	8.033237339285744	-0.30383527327683657
DCN	LOXL1	3	3	4.535912826893581	5.9963609258364095	0.1478810784276382
DCN	DPYSL3	4	3	4.50086751445258	5.031854290235102	-0.5627051048720378
DCN	VWF	3	3	4.4305981806235355	8.637710425118021	2.6068888579628595
DCN	MRC2	3	3	4.429636715805016	7.974477707853919	4.121504917163872
DCN	NNMT	3	3	4.382600214279673	5.889454503157709	0.39788798481475673
DCN	CEMIP	3	3	4.326852525923177	5.311804955423652	2.4243402917803527
DCN	CNN2	3	3	4.201962125739159	5.033203579540106	0.26201131408094347
DCN	EGR1	4	3	4.054019982154145	5.520595351890775	-0.5497357095335039
DCN	SH3BP5	3	3	4.03330813664195	7.645531389325366	0.8844343479795097
DCN	BOC	4	3	3.9280207640631586	6.944499342050652	-2.852587638364327
DCN	OLFML2B	3	3	3.9270864335764326	5.606113060985413	3.5171552840498
DCN	GATA6	3	3	3.8808827015204894	4.486469586927136	1.2544072863082565
DCN	COL15A1	3	3	3.8136189148725315	6.809650195993129	2.524693971974739
DCN	HLA-DPB1	4	3	3.7802668179900527	7.802924174526257	-0.0022517576234352835
DCN	SGK1	3	3	3.4933060523990127	4.398493951695564	0.27732441249720746
DCN	DEPP1	4	3	3.4242790190319647	12.461288184219228	-0.668842627142707
DCN	LIMS2	4	3	3.3765903691482793	9.246537788035887	-1.477460668634875
DCN	MYC	4	3	3.352953308060661	7.238999090515614	-0.7882813153690368
DCN	FTL	3	3	3.3435210097172545	3.676024660029219	1.8695542205631983
DCN	CMTM3	3	3	3.271537051168435	5.194359586178255	1.0932169864439845
DCN	MATN3	3	3	3.1933480419243683	3.8062753040647244	0.7745670116931958
DCN	SPON2	4	3	2.982621842604869	6.224983702120268	-1.1341474781682392
DCN	NR4A2	5	3	2.867794881975105	4.8163768246807805	-1.5560196140255076
DCN	FOS	5	3	2.737869448355932	6.4319986715103985	-2.9709384795133515
DCN	SAA1	3	3	2.6213983297284744	3.859040525650666	0.07462292199370836
DCN	LYVE1	3	3	2.6189539062242737	5.278904061936381	0.7042927637838332
DCN	COL6A2	4	3	2.597181976377963	4.046396014763752	-2.192467150513795
DCN	GJA1	3	3	2.587169020095327	6.094524566208253	0.23256139916778035
DCN	COL14A1	4	3	2.567183089110273	5.498012127947855	-0.4556778813269251
DCN	CCL5	3	3	2.518474730355584	5.043102799379079	0.5224438033747592
DCN	JUN	4	3	2.191911899392342	4.295777377401514	-0.703817535244459
DCN	CHI3L1	3	3	2.1791995739008403	4.380338487756055	1.6401146934333677
DCN	TIMP1	4	3	2.173157416730024	10.668184967208212	-5.061242923003448
DCN	FIBIN	4	3	2.052247761159425	4.852620040965665	-0.20102572089989323
DCN	BTG2	5	3	1.776911611333498	5.673060178923745	-1.7613230463399279
DCN	SMOC2	3	3	1.7710133391807947	1.9647287929724846	1.316164303838009
DCN	SOD2	3	3	1.6976392407644931	9.09383553908389	1.6867063775851596
DCN	ATF3	4	3	1.649547536907259	3.3893313349705254	-0.1715698148120688
DCN	IGHV6-1	3	3	1.6133829445509273	3.3182476800830663	0.14852612014977187
DCN	F13A1	3	3	1.5601741888757827	6.254669795754146	0.2537668296524222
DCN	HOPX	4	3	1.5214532975749957	6.8383423664661365	-1.856410514886854
DCN	SAA2	3	3	1.4255201573535523	2.5628655917417333	0.12127527876654594
DCN	C1QTNF3	4	3	1.4141702363392388	4.461901736481252	-0.026674799871375995
DCN	IGHV1-46	4	3	1.3981503726381341	4.128180720497248	-1.190560888240657
DCN	CPA3	3	3	1.312347297202373	3.039588288858246	0.12163420490910316
DCN	STMN2	4	3	1.2912447223008896	4.4886119196202285	-0.9798847137118796
DCN	FBXO32	5	3	1.2041509372554726	8.835191779065381	-4.546066194316704
DCN	PGC	4	3	1.0685022680672243	2.6884949001235805	-3.558463489816824
DCN	FCGBP	4	3	0.8533212571980711	4.214831175750383	-1.1142382072403585
DCN	ERRFI1	4	3	0.8510370958454879	2.1817198767862656	-1.374081668000829
DCN	CA12	4	3	0.7903271152408784	2.0704705475828447	-2.566471190037405
DCN	IGHV5-10-1	3	3	0.7694922838636168	2.015917821936949	0.119548358310762
DCN	TPM2	5	3	0.6710208579856388	8.391875603371242	-2.539862919030267
DCN	MZB1	4	3	0.618555277278433	5.085411738596096	-0.1509062928841842
DCN	CNN1	6	3	0.6118706965314307	4.459146663742755	-5.205217377576262
DCN	SST	4	3	0.44723959603829944	1.1899826160402316	-0.4541402552286453
DCN	SLIT3	4	3	0.41737508300959086	2.864021491388922	-2.903187039018757
DCN	FN1	5	3	0.3934811080552569	6.70122264902202	-4.238574119247941
DCN	HEYL	5	3	0.3704563723666077	3.2977875445858427	-2.477574431023066
DCN	IGFBP3	6	3	0.3632370668767785	5.3041983674011925	-4.558344500928048
DCN	CRP	5	3	0.36250137261441384	6.61958848399158	-5.747688996090925
DCN	PRAP1	3	3	0.32888657513125175	1.7169359615044046	0.08782573728637938
DCN	ERO1B	3	3	0.30139581558570444	0.36747717557992154	0.13315418247777128
DCN	KLK7	4	3	0.2549244990791232	2.236258718409218	-4.228232085459339
DCN	APOC1	6	3	0.12809747996030432	3.1403251160183454	-1.331680896313291
DCN	ABCC8	6	3	0.09660132207622064	2.0211129911580645	-1.3816579018515736
DCN	MARCO	5	3	0.028993693223293527	4.582229948075463	-3.059943395787006
DCN	SOD3	6	3	-0.1449645880415592	4.349533384776335	-4.433369828258984
DCN	AGT	6	3	-0.24055048813104754	8.319095400377982	-3.0262608461243596
DCN	S100A14	8	3	-0.2738454334557988	3.5844763446388686	-4.65565500178583
DCN	GABRP	7	3	-0.28921211909771605	6.784644263286909	-5.202842810338809
DCN	ACTG2	7	3	-0.3337771858237073	4.053769526207025	-5.43678575159794
DCN	KCNT2	10	3	-0.4929490787575279	1.0379305083645718	-1.6191863937003645
DCN	SERPINA3	7	3	-0.511948304220486	5.600639743627968	-3.872626458012612
DCN	KCNK6	10	3	-0.5496338126839675	1.7445668904998537	-2.445452569214706
DCN	ADM	7	3	-0.6299341644637648	5.6265560295464105	-3.8940318945677848
DCN	CTSE	8	3	-0.6379219071623458	2.6455681129866493	-4.453336983992062
DCN	KCNK3	10	3	-0.6440755896142389	2.389889696256143	-4.22399614847504
DCN	MUC1	8	3	-1.078900762547598	0.5580140948086966	-5.151523698909309
DCN	MUC6	6	3	-1.15431174615314	5.228099201377792	-3.4852390033873184
DCN	DUOX2	6	3	-1.4154769857862546	1.4360073478115924	-5.7890386118549015
DCN	MMP7	10	3	-1.628913828988461	6.33468834262753	-5.184553352081102
DCN	LCN2	10	3	-1.7007041648181127	0.9814877049779974	-9.139046661922968
DCN	SLPI	10	3	-2.3620784126567735	0.4966425768627196	-7.60414206996957
DCN	SPINK1	7	3	-2.395528295022745	1.0227124789546604	-4.55532053350269
DCN	S100P	8	3	-2.402869174516951	0.780971683562768	-6.209759187090813
DCN	PSCA	8	3	-3.461480904917206	1.2013781223351314	-7.598104547611418
DCN	IGFBP7	2	2	8.517819543121753	16.11170132984598	0.9239377563975248
DCN	VIM	2	2	8.202788689121181	9.998196664144636	6.407380714097726
DCN	PTK7	2	2	8.16833560827984	9.8068190948818	6.52985212167788
DCN	GGT5	2	2	7.450561858838061	13.387836794081085	1.5132869235950352
DCN	LRP1	2	2	7.187298901263334	8.823964077980966	5.550633724545703
DCN	MXRA7	2	2	7.049934925035865	7.8454505921973	6.254419257874431
DCN	GLUL	2	2	6.68790858062445	12.01025847686278	1.3655586843861196
DCN	ANGPTL2	2	2	6.533208585114017	7.136494766556071	5.929922403671963
DCN	GASK1B	2	2	6.505480468564999	8.221570734818243	4.789390202311753
DCN	LBH	2	2	6.336059172430929	8.897596815396888	3.7745215294649688
DCN	SOCS3	3	2	6.269159467671059	7.7613966896733695	-1.3788435063379267
DCN	KLF9	2	2	5.976886223546705	6.276937984622983	5.676834462470427
DCN	TMEM204	2	2	5.702328413589254	7.789467875171702	3.615188952006806
DCN	HAS1	3	2	5.631674333219811	5.706139656286586	-0.6884444464270404
DCN	HLA-DMA	2	2	5.315965165853548	8.827796435339161	1.8041338963679343
DCN	CIITA	3	2	4.998352785524906	8.791748270057532	-1.184207877071724
DCN	HLA-DQA1	3	2	4.932919308922299	6.944057842841201	-0.7348253786545293
DCN	CHCHD1	2	2	4.919225625100845	6.440222809154901	3.3982284410467885
DCN	CFD	2	2	4.729280857356606	5.447089451488513	4.011472263224698
DCN	TSC22D3	2	2	4.71345789146503	5.72475098081928	3.702164802110779
DCN	CYP1B1	2	2	4.586335638825638	7.588296772567427	1.5843745050838496
DCN	ADAMTS4	3	2	4.537857649374061	4.559218800051266	-3.215343393329525
DCN	NDRG2	2	2	4.400189896590538	7.533174201827054	1.2672055913540208
DCN	STAB1	2	2	4.346613865435354	5.7660153499167945	2.927212380953914
DCN	CD93	2	2	4.261819746807874	5.967749683384367	2.5558898102313816
DCN	MYH10	3	2	4.251449112210196	4.283974806856312	-3.2442860896257195
DCN	MMP19	2	2	4.200004531064927	6.120540246047144	2.2794688160827095
DCN	MEGF6	2	2	4.146621077342349	4.928178693362923	3.3650634613217756
DCN	VGLL3	2	2	3.980591843540892	4.936927567675159	3.024256119406624
DCN	CLEC14A	2	2	3.867773780956596	4.583507407277671	3.1520401546355203
DCN	PTGS1	2	2	3.8660366000102484	5.885023195171312	1.8470500048491845
DCN	LGALS1	3	2	3.841612429088827	4.568165532782675	-1.160578699961231
DCN	CBLC	3	2	3.7691616948974143	4.674353791792676	-4.721615474191951
DCN	SVEP1	2	2	3.676256954731441	3.9753850209543438	3.377128888508538
DCN	C1orf198	2	2	3.581133278344625	3.6162171536167667	3.5460494030724834
DCN	MAF	3	2	3.56463516596886	4.4932514928258165	-0.18130379585980594
DCN	ID3	3	2	3.5215028732739113	6.273169840179945	-0.575026673648381
DCN	ZBTB16	2	2	3.440450103625743	3.89468772051795	2.9862124867335362
DCN	EFEMP1	2	2	3.3703013932947465	3.4556144391913985	3.284988347398094
DCN	TIMP2	2	2	3.3597025586842753	4.069929553529016	2.6494755638395353
DCN	STAR	2	2	3.3106480475835305	3.4720026970881235	3.149293398078937
DCN	MDK	2	2	3.3020689915485693	5.829327412992503	0.7748105701046356
DCN	FLNA	3	2	3.2023588244266272	3.779001988773229	-1.4102512937930864
DCN	PECAM1	2	2	3.198303481614568	3.8820373560106396	2.514569607218496
DCN	S100A11	3	2	3.0500098751952844	4.92004040742763	-1.6176259102875346
DCN	TPM1	3	2	3.0432039671112565	3.167538514364456	-0.8631246104513811
DCN	IGFBP4	4	2	3.0422387747399364	7.733192933337366	-1.553319090750193
DCN	EPAS1	2	2	2.988739349815324	3.6461186075865237	2.331360092044124
DCN	PDGFRA	2	2	2.95223674840179	4.5983744811348455	1.3060990156687347
DCN	EGR3	2	2	2.945607799053966	5.339633816664193	0.5515817814437387
DCN	TPSB2	3	2	2.8370129421581396	5.067361998039451	-0.014895245799412957
DCN	PI15	2	2	2.7630418557573013	4.000810377401054	1.525273334113549
DCN	MMP3	2	2	2.725774021255398	5.166655032559453	0.2848930099513422
DCN	CAVIN1	2	2	2.6623878220007464	2.9610810450276444	2.3636945989738485
DCN	NGFR	2	2	2.6539200606359197	5.257555524133066	0.05028459713877343
DCN	PDGFD	2	2	2.606828889511645	3.533208427591359	1.6804493514319307
DCN	CNN3	2	2	2.5602586375034493	3.847663068970604	1.2728542060362942
DCN	PGF	2	2	2.51445391263561	4.613884935398917	0.41502288987230274
DCN	XBP1	2	2	2.4616348329088806	4.346608715716239	0.5766609501015219
DCN	PPBP	2	2	2.4255124777887214	2.9918054124160713	1.8592195431613712
DCN	LXN	2	2	2.278005684722603	2.6548307244477214	1.9011806449974844
DCN	CCL2	3	2	2.2404002630261584	3.3377842524673773	-1.4326629918105451
DCN	ADAM19	2	2	2.2286014963407883	4.109255628422137	0.34794736425943973
DCN	CITED2	2	2	2.203553810765972	3.578126110058954	0.8289815114729895
DCN	APLNR	2	2	2.1429603965648547	3.428915317523289	0.8570054756064207
DCN	MIA	2	2	2.123895514837938	4.174223494892823	0.07356753478305293
DCN	CCL17	3	2	2.1075938962076095	7.31327528800971	-2.4569460995648225
DCN	ID4	3	2	2.0496999346845173	4.541898108291129	-4.377087203739707
DCN	DUSP2	2	2	2.0278183099078317	3.97881467269362	0.0768219471220433
DCN	DTX1	2	2	2.026197125977298	2.035424872339476	2.0169693796151202
DCN	IFITM10	2	2	2.0067108095256785	3.5538750835721555	0.45954653547920143
DCN	AOX1	2	2	1.986798536854662	2.3779493410057277	1.5956477327035963
DCN	FGF7	3	2	1.9301282112900153	5.640124333648599	-0.36980469372128116
DCN	ADAMTSL2	3	2	1.915153939968612	3.0825759522983365	-0.10304982089976562
DCN	SLC6A9	2	2	1.8719906386465879	3.3664994418068495	0.37748183548632636
DCN	PODN	2	2	1.866214587610075	3.0912664281770743	0.6411627470430756
DCN	TSC22D1	2	2	1.8284128229696366	3.496589695735656	0.1602359502036172
DCN	SNAP25	2	2	1.7883882786661325	3.1873413059902265	0.3894352513420383
DCN	FGFR3	2	2	1.76720184836847	3.4719121138935294	0.06249158284341043
DCN	SEMA3C	2	2	1.6076254784696349	2.3001432971413664	0.9151076597979034
DCN	HAND2	3	2	1.5964545584960648	2.566921446204763	-3.47156040130615
DCN	CALD1	4	2	1.590582178629116	4.725421511430628	-2.362040131465149
DCN	CCL20	2	2	1.5473309469386671	3.0428710491462736	0.051790844731060805
DCN	NR2F1	2	2	1.510834059582121	2.7346888780844956	0.28697924107974665
DCN	CST4	2	2	1.3552028223812729	1.5804715251624566	1.1299341196000892
DCN	CCN3	2	2	1.31736076441784	2.6318624924984917	0.002859036337188252
DCN	NCCRP1	4	2	1.2961263697391288	5.401688318296907	-2.4730187475936343
DCN	DLK1	2	2	1.262290157373026	2.312704352588081	0.21187596215797105
DCN	NPR3	3	2	1.2605797134131616	5.634900660647759	-0.15477270292931275
DCN	OLR1	3	2	1.2427630135660697	4.456740887960934	-0.9046499150463745
DCN	TNS1	4	2	1.2328774932553765	7.34920606726247	-4.776960780864926
DCN	MYLK	4	2	1.232013527764458	4.414347538152934	-4.786270674862111
DCN	PNLIP	3	2	1.225252107530007	2.061487818847394	-5.71081572715136
DCN	DDIT4	3	2	1.107093936569913	3.262124100201157	-4.857759806647893
DCN	ISM1	3	2	1.0942633444174243	3.687926698818846	-0.5656633862592331
DCN	PTGER3	2	2	1.053408391918859	2.0921496795489154	0.014667104288802768
DCN	IGHJ2	3	2	1.041921196746494	5.003357660871452	-2.6121584180071875
DCN	LTB	4	2	1.0071729048110813	7.401979057922602	-3.470550735409226
DCN	IFI30	4	2	0.9554242981932675	2.9932962700546764	-1.1006501330811564
DCN	IFIT3	2	2	0.8815495215495461	1.5903762632949932	0.17272277980409917
DCN	ACP5	3	2	0.8529259305941801	1.2612023396161849	-0.6712021539373106
DCN	TSPAN7	2	2	0.8038293062447402	1.57827631353774	0.029382298951740448
DCN	CDSN	2	2	0.7613303428821484	1.4649266352951484	0.0577340504691483
DCN	RASGRF2	3	2	0.720221608052114	1.7086984418720745	-0.1441033272545629
DCN	NRXN2	2	2	0.712961224306864	1.2794056222283656	0.14651682638536248
DCN	RSAD2	2	2	0.7115841629311966	0.8652422102524076	0.5579261156099857
DCN	DCD	2	2	0.7042069661543271	1.0906146365573006	0.31779929575135357
DCN	TFF3	4	2	0.7012358599697122	2.009132914582879	-3.3420350586669665
DCN	NTRK2	2	2	0.6831749465838243	1.1790399632629007	0.18730992990474782
DCN	PEG10	2	2	0.6598922865521203	0.991885680990558	0.32789889211368256
DCN	ITGAX	2	2	0.5771175055349786	0.9693416051642912	0.18489340590566597
DCN	CD68	4	2	0.48928718950293787	3.191530918024104	-0.33853185880990977
DCN	SCN7A	3	2	0.4508578966684321	1.1953583501188745	-3.974089789417112
DCN	CERCAM	3	2	0.4481328185553343	9.303129138082006	-0.6811961311497796
DCN	IGLV9-49	4	2	0.4470558935955222	2.0084054471036104	-1.2207001925541652
DCN	F2R	2	2	0.4117331088021936	0.7248727959868643	0.09859342161752298
DCN	GJD2	2	2	0.3827880113151184	0.46857960859028186	0.2969964140399549
DCN	F2RL2	3	2	0.3683019693888148	0.999188256506124	-0.9269688716976894
DCN	KIAA1324	2	2	0.3605816092454762	0.5627698269132184	0.15839339157773405
DCN	ZNF331	4	2	0.35936223803071654	2.004678096747738	-1.6925479371464986
DCN	ADAMTS16	2	2	0.35924334943749303	0.6887948396209559	0.02969185925403017
DCN	PLIN2	3	2	0.34015524656840596	6.710018643898784	-10.306023177277932
DCN	CHGA	3	2	0.3138713169106953	0.36418363644462853	-1.41621343405739
DCN	SCG5	3	2	0.27732175879640797	1.3376799360923852	-3.0260276463426488
DCN	CLPS	3	2	0.2602237260106559	0.7059344251694448	-6.376416984708487
DCN	FBLN5	4	2	0.2590930783712427	4.144150926165341	-2.925643486175115
DCN	SCGN	3	2	0.23624859283848992	0.28716894925187075	-2.8984506849559426
DCN	EEF1A2	3	2	0.2211102192859751	1.6942362086622544	-4.379997305337372
DCN	WNT4	2	2	0.20363733323518082	0.24183633363990922	0.16543833283045242
DCN	NEUROD1	2	2	0.2020038711051394	0.337963065654431	0.06604467655584775
DCN	PDIA2	3	2	0.1686577969884789	0.5692483239832541	-4.651262703112354
DCN	JUP	4	2	0.1637569327133342	4.8647900404535065	-2.110945112558081
DCN	COL17A1	3	2	0.1629013271097683	2.7443095590578057	-2.721862369864251
DCN	VGF	3	2	0.16156622599166975	1.314650993411741	-2.252209277228101
DCN	CLDN18	3	2	0.15578074906767783	2.173204599404979	-2.684117272579215
DCN	ATRNL1	2	2	0.10856379049567734	0.17540097540626426	0.041726605585090414
DCN	SLC2A3	3	2	0.10640137537167312	5.39185352124442	-0.9369746446682037
DCN	PDK4	3	2	0.08709939572934898	0.14911586959898301	-2.53335441269957
DCN	IGLV6-57	3	2	0.08588633308894779	2.753618499554488	-0.12953650530206837
DCN	SCG3	3	2	0.0750287511756305	0.1550999075136938	-0.05562371981428651
DCN	NKX2-2	3	2	0.05666589325445476	0.271307452314899	-0.01779042052087003
DCN	TMEM158	3	2	0.05560863416974246	6.267339920720944	-0.0797438268947338
DCN	NEURL1	3	2	0.04913245872539875	0.9325801351792571	-3.160856380975236
DCN	PTP4A3	3	2	0.04854840304559013	5.238653685714639	-2.5044130056025993
DCN	ABCA8	3	2	0.047557349335892694	0.062256249750444165	-0.23920996039390666
DCN	CLDN1	3	2	0.017986935294909048	4.812485808149902	-5.563371644621373
DCN	SLC30A8	4	2	0.013011598567439192	0.5646289615431312	-1.6850339580548774
DCN	FGG	4	2	-0.01589832482854331	2.1912989210264238	-2.943224334439424
DCN	CP	4	2	-0.02894677418712957	0.35306629691838437	-5.859832220103034
DCN	PRSS1	4	2	-0.047979886479220135	1.6102639058692694	-6.350583459595221
DCN	PLA2G2A	4	2	-0.055353997091840745	3.9184541682995064	-3.5341894972282644
DCN	COLEC12	5	2	-0.07713627143836337	4.615205276783449	-1.0475515336722425
DCN	S100A2	4	2	-0.1096395370072003	0.9920640617246406	-5.222364062666748
DCN	CHGB	5	2	-0.19344964368187512	0.8259609231445365	-2.7229084679631694
DCN	KCNJ16	10	2	-0.19584805819204637	3.2375656932278107	-3.3950107418171833
DCN	PDLIM7	4	2	-0.20882247806218457	2.227775366060209	-4.0147966374640065
DCN	IGLC7	4	2	-0.21926906463630685	2.7919844005455476	-2.5507449045352493
DCN	SERPINA1	5	2	-0.262857253581429	5.758570861225922	-4.478402616537148
DCN	CD55	5	2	-0.2918468094900579	3.2552101235353765	-8.113101053370796
DCN	DMBT1	7	2	-0.3079544095633609	1.6014039265554751	-2.676299884236075
DCN	CRABP2	6	2	-0.32396401653880713	3.4843032749919334	-6.930030656531855
DCN	CXCL5	6	2	-0.36064989457691854	2.3666020710341247	-4.313597031314227
DCN	DUOXA2	4	2	-0.36497340294848446	1.6384002820316044	-3.763957862293808
DCN	CRISP3	5	2	-0.39966112959063627	2.3869976744742822	-2.7869403830671065
DCN	TESC	4	2	-0.4387167123654139	5.189542685041203	-2.9395589498056784
DCN	REG1A	5	2	-0.4485533309634289	8.970852164779116	-6.146367496301684
DCN	PLAUR	6	2	-0.48204349902063537	6.577117873289075	-8.766672497884855
DCN	TRIM29	5	2	-0.49695831434360993	0.7326593213564848	-4.308186930213762
DCN	RNASE1	5	2	-0.5079605968511506	7.167809703592996	-4.032459081754737
DCN	KLK6	7	2	-0.5116311649850863	1.5467207112361963	-6.276103120515932
DCN	LYZ	6	2	-0.5190794528629884	7.297888424172602	-1.6811708553067783
DCN	BCAT1	5	2	-0.5228698934421484	4.553721865441354	-3.896950620788748
DCN	FXYD3	8	2	-0.5338521610991718	4.719793944244828	-4.749247004153364
DCN	SPARCL1	4	2	-0.5375071519443586	5.821466466575619	-4.4442234787170305
DCN	IFI6	4	2	-0.5427371822224694	1.1723759113937793	-3.963179701836707
DCN	A2M	5	2	-0.5772744188884114	13.232790084073551	-3.533043905901928
DCN	TCN1	5	2	-0.6039446776618527	0.5084336479706938	-3.037991353789988
DCN	TACSTD2	7	2	-0.649459074676352	5.379773803833906	-5.9865483735866984
DCN	KCNC4	10	2	-0.6810519162661537	2.31157720591798	-2.530671961427628
DCN	PIGR	7	2	-0.7522901511986866	0.6806976319514093	-2.909313008252247
DCN	EGLN3	6	2	-0.8220717910761974	3.07894177402007	-11.155080586610696
DCN	DHRS3	4	2	-0.8833170149121566	1.2659005596372703	-3.127500862600552
DCN	SYT8	7	2	-0.9263759782393853	2.9132358225212247	-4.3771003490133085
DCN	WFDC2	8	2	-0.9343490554053113	1.3744160600629567	-3.5291948299257294
DCN	TMOD1	4	2	-1.1783760439296875	2.425712523092385	-4.417362395104591
DCN	MUC16	4	2	-1.4305594382266047	1.1801236082721198	-5.263980664673406
DCN	CXCL8	8	2	-1.4906118741965284	4.7462649876189955	-12.865300703982376
DCN	MT1G	5	2	-1.5172410149388431	4.425463835029363	-2.2614736226206276
DCN	LGALS4	9	2	-1.5960669244224013	4.619623504472637	-6.48177337094434
DCN	SYNPO2	5	2	-1.6168501768477348	3.022999143914091	-4.196208699542153
DCN	KCNN4	10	2	-1.624021307600322	2.9266211028122577	-4.948852606321004
DCN	MUC5B	6	2	-1.625580639588467	3.118978155404114	-7.211526345132085
DCN	SCNN1A	4	2	-1.677415011032459	0.19001340645021234	-4.987163238048292
DCN	ATP1B1	7	2	-1.9354211166925392	0.17410743994648906	-7.707401019108916
DCN	KLF5	6	2	-2.1562369985981094	0.40752736763623965	-7.681448389892659
DCN	S100A4	5	2	-2.3924862395259625	3.68650110952765	-4.093656426587355
DCN	ADIRF	5	2	-2.4079468441208536	0.6645896022950809	-4.87210431605232
DCN	C19orf33	10	2	-2.481837014713051	3.3669691028471656	-6.884396353407238
DCN	ANO1	5	2	-2.520712054580165	1.3116728326092377	-5.390340933613335
DCN	KRT7	9	2	-2.669008700842438	1.2151100669028538	-6.583677055243543
DCN	KCNK1	10	2	-2.76199338587317	0.7143467811200703	-4.3749236673320775
DCN	ITGB4	9	2	-3.1628702283495187	0.6419825903356504	-8.614926723035454
DCN	TSPAN1	7	2	-3.404361680454358	1.1519679665411278	-9.259084033115773
DCN	KRT18	9	2	-3.5461320841405004	0.37543604310587375	-9.081206947377504
DCN	TNC	5	2	-3.6262262009957316	6.1039350355494975	-5.663482428969602
DCN	SERF2	1	1	14.53587792707771	14.53587792707771	14.53587792707771
DCN	GNAS	1	1	13.895893418499368	13.895893418499368	13.895893418499368
DCN	CST3	1	1	11.862627708897897	11.862627708897897	11.862627708897897
DCN	FCGRT	1	1	10.337441706720654	10.337441706720654	10.337441706720654
DCN	BST2	1	1	10.231341150405886	10.231341150405886	10.231341150405886
DCN	ANKRD10	1	1	10.230014819417638	10.230014819417638	10.230014819417638
DCN	TLE5	1	1	9.379877293516733	9.379877293516733	9.379877293516733
DCN	DKK3	1	1	9.311250577832467	9.311250577832467	9.311250577832467
DCN	TRIM28	1	1	9.216863222495926	9.216863222495926	9.216863222495926
DCN	VASH1	1	1	8.878896475468972	8.878896475468972	8.878896475468972
DCN	ARPC2	1	1	8.527510747234336	8.527510747234336	8.527510747234336
DCN	RAC1	1	1	8.468040268082827	8.468040268082827	8.468040268082827
DCN	ZFP36L2	1	1	8.296616774800706	8.296616774800706	8.296616774800706
DCN	CIRBP	1	1	8.172960841921839	8.172960841921839	8.172960841921839
DCN	HLA-DOA	1	1	8.149096344259982	8.149096344259982	8.149096344259982
DCN	TYMP	1	1	8.093585066462966	8.093585066462966	8.093585066462966
DCN	RACK1	1	1	8.090940633636635	8.090940633636635	8.090940633636635
DCN	RCC2	1	1	8.019659239594962	8.019659239594962	8.019659239594962
DCN	CCNI	1	1	7.942706382900779	7.942706382900779	7.942706382900779
DCN	ADAMTS2	1	1	7.928061529703495	7.928061529703495	7.928061529703495
DCN	JAK3	1	1	7.8239875567572446	7.8239875567572446	7.8239875567572446
DCN	COL18A1	1	1	7.729025067934421	7.729025067934421	7.729025067934421
DCN	UQCRQ	1	1	7.672053639183831	7.672053639183831	7.672053639183831
DCN	IL4R	1	1	7.649098234922453	7.649098234922453	7.649098234922453
DCN	ODF3B	1	1	7.538969059349031	7.538969059349031	7.538969059349031
DCN	EEF1B2	1	1	7.43286177437749	7.43286177437749	7.43286177437749
DCN	ARHGAP31	1	1	7.279927666115626	7.279927666115626	7.279927666115626
DCN	AZIN2	1	1	7.227626406377261	7.227626406377261	7.227626406377261
DCN	PTGES3	1	1	7.100897418045696	7.100897418045696	7.100897418045696
DCN	HLA-E	1	1	7.072775998848037	7.072775998848037	7.072775998848037
DCN	CX3CL1	1	1	7.03944023025483	7.03944023025483	7.03944023025483
DCN	ANKH	1	1	7.02376432173638	7.02376432173638	7.02376432173638
DCN	SCARF1	1	1	6.961179345441883	6.961179345441883	6.961179345441883
DCN	TAF15	1	1	6.922320844095181	6.922320844095181	6.922320844095181
DCN	C1QA	1	1	6.871541086230663	6.871541086230663	6.871541086230663
DCN	CSF1R	1	1	6.849096479438117	6.849096479438117	6.849096479438117
DCN	NPDC1	1	1	6.833258192117353	6.833258192117353	6.833258192117353
DCN	MED13L	1	1	6.751028894565065	6.751028894565065	6.751028894565065
DCN	JMY	1	1	6.748122028435917	6.748122028435917	6.748122028435917
DCN	FBLIM1	1	1	6.7444895006943675	6.7444895006943675	6.7444895006943675
DCN	G0S2	1	1	6.653141076895787	6.653141076895787	6.653141076895787
DCN	SRRM2	1	1	6.607278447198235	6.607278447198235	6.607278447198235
DCN	CCDC71L	1	1	6.519510271260606	6.519510271260606	6.519510271260606
DCN	LTBP1	1	1	6.516390463085427	6.516390463085427	6.516390463085427
DCN	HLA-DRB1	1	1	6.486860604354961	6.486860604354961	6.486860604354961
DCN	SYNGR2	1	1	6.43523258865929	6.43523258865929	6.43523258865929
DCN	ROBO1	1	1	6.407127195051829	6.407127195051829	6.407127195051829
DCN	SEMA5A	1	1	6.378810790025135	6.378810790025135	6.378810790025135
DCN	HIST1H4E	1	1	6.372249006382176	6.372249006382176	6.372249006382176
DCN	GATD1	1	1	6.358437275756546	6.358437275756546	6.358437275756546
DCN	TRAF1	1	1	6.342092027276254	6.342092027276254	6.342092027276254
DCN	HDAC7	1	1	6.2616831517709315	6.2616831517709315	6.2616831517709315
DCN	LST1	1	1	6.215378840237821	6.215378840237821	6.215378840237821
DCN	HEXA	1	1	6.1710425906969615	6.1710425906969615	6.1710425906969615
DCN	NCSTN	1	1	6.126711812524106	6.126711812524106	6.126711812524106
DCN	IL11	1	1	6.108528080481013	6.108528080481013	6.108528080481013
DCN	SELENOM	1	1	6.088846879586237	6.088846879586237	6.088846879586237
DCN	TENM2	1	1	6.020197898243405	6.020197898243405	6.020197898243405
DCN	IL1R1	1	1	5.987587101910944	5.987587101910944	5.987587101910944
DCN	FADS3	1	1	5.985252679238869	5.985252679238869	5.985252679238869
DCN	DERL3	1	1	5.9711873363813375	5.9711873363813375	5.9711873363813375
DCN	IL1B	1	1	5.934569587142919	5.934569587142919	5.934569587142919
DCN	IFNGR2	1	1	5.914324269448471	5.914324269448471	5.914324269448471
DCN	ACIN1	1	1	5.857404724893439	5.857404724893439	5.857404724893439
DCN	HGS	1	1	5.8427136537907876	5.8427136537907876	5.8427136537907876
DCN	S100B	1	1	5.823423846477011	5.823423846477011	5.823423846477011
DCN	VCAM1	1	1	5.806746152170392	5.806746152170392	5.806746152170392
DCN	LENG8	1	1	5.767784239541487	5.767784239541487	5.767784239541487
DCN	LUC7L3	1	1	5.682954000390344	5.682954000390344	5.682954000390344
DCN	TYK2	1	1	5.664699475688623	5.664699475688623	5.664699475688623
DCN	IL6	1	1	5.633124113773422	5.633124113773422	5.633124113773422
DCN	GFPT2	1	1	5.5207811692463515	5.5207811692463515	5.5207811692463515
DCN	QDPR	1	1	5.512047229652859	5.512047229652859	5.512047229652859
DCN	MRVI1	1	1	5.511684555377375	5.511684555377375	5.511684555377375
DCN	SMG1	1	1	5.484914310979586	5.484914310979586	5.484914310979586
DCN	FAS	1	1	5.4825616097456455	5.4825616097456455	5.4825616097456455
DCN	HID1	1	1	5.478712974381661	5.478712974381661	5.478712974381661
DCN	MAZ	1	1	5.474119537467637	5.474119537467637	5.474119537467637
DCN	TNFAIP2	1	1	5.454273592342952	5.454273592342952	5.454273592342952
DCN	HIST1H3H	1	1	5.451787983438182	5.451787983438182	5.451787983438182
DCN	CSF1	1	1	5.445266361203501	5.445266361203501	5.445266361203501
DCN	SFRP1	1	1	5.441509672262205	5.441509672262205	5.441509672262205
DCN	ITGBL1	1	1	5.404431086627266	5.404431086627266	5.404431086627266
DCN	CFH	1	1	5.402052245154261	5.402052245154261	5.402052245154261
DCN	ERG	1	1	5.382487130632121	5.382487130632121	5.382487130632121
DCN	RNF19B	1	1	5.3775879400809234	5.3775879400809234	5.3775879400809234
DCN	ANAPC16	1	1	5.274715584685472	5.274715584685472	5.274715584685472
DCN	SPATA20	1	1	5.20502795325884	5.20502795325884	5.20502795325884
DCN	CDH5	1	1	5.18954279613113	5.18954279613113	5.18954279613113
DCN	C1QTNF1	1	1	5.161620603602624	5.161620603602624	5.161620603602624
DCN	PRDM1	1	1	5.128469906935631	5.128469906935631	5.128469906935631
DCN	NDUFB9	1	1	5.087586891899028	5.087586891899028	5.087586891899028
DCN	IL24	1	1	5.045225673897954	5.045225673897954	5.045225673897954
DCN	ARNT2	1	1	5.04426278615601	5.04426278615601	5.04426278615601
DCN	ANKRD22	1	1	5.03028465031325	5.03028465031325	5.03028465031325
DCN	CSTA	1	1	5.030164041956557	5.030164041956557	5.030164041956557
DCN	GRIPAP1	1	1	4.995343673443711	4.995343673443711	4.995343673443711
DCN	KSR1	1	1	4.941273557894957	4.941273557894957	4.941273557894957
DCN	STC1	1	1	4.93408945475822	4.93408945475822	4.93408945475822
DCN	AKNA	1	1	4.9284156646176385	4.9284156646176385	4.9284156646176385
DCN	GXYLT2	1	1	4.923489449724336	4.923489449724336	4.923489449724336
DCN	SH3PXD2A	1	1	4.893346560255552	4.893346560255552	4.893346560255552
DCN	CSF2RB	1	1	4.857226039640129	4.857226039640129	4.857226039640129
DCN	WNT2	1	1	4.853423554375024	4.853423554375024	4.853423554375024
DCN	SLC1A5	1	1	4.845693755013511	4.845693755013511	4.845693755013511
DCN	PSAPL1	1	1	4.840905604909955	4.840905604909955	4.840905604909955
DCN	SMIM3	1	1	4.833832692998958	4.833832692998958	4.833832692998958
DCN	ABI3BP	1	1	4.8262427490386965	4.8262427490386965	4.8262427490386965
DCN	PDPN	1	1	4.805440569258551	4.805440569258551	4.805440569258551
DCN	SLC38A5	1	1	4.792693325945194	4.792693325945194	4.792693325945194
DCN	CSF3	1	1	4.78777197421016	4.78777197421016	4.78777197421016
DCN	MRFAP1L1	1	1	4.760799160726595	4.760799160726595	4.760799160726595
DCN	SLC12A7	1	1	4.720741035567218	4.720741035567218	4.720741035567218
DCN	MPST	1	1	4.711857097327446	4.711857097327446	4.711857097327446
DCN	ADRA2A	1	1	4.495061602967454	4.495061602967454	4.495061602967454
DCN	WT1	1	1	4.492307909330586	4.492307909330586	4.492307909330586
DCN	KDM6B	1	1	4.425062619228264	4.425062619228264	4.425062619228264
DCN	FAM20A	1	1	4.390160994527684	4.390160994527684	4.390160994527684
DCN	GABARAP	1	1	4.356856587284343	4.356856587284343	4.356856587284343
DCN	TLCD3A	1	1	4.350478482877709	4.350478482877709	4.350478482877709
DCN	ALDH2	1	1	4.343224057261971	4.343224057261971	4.343224057261971
DCN	NFKBIZ	1	1	4.342635050925912	4.342635050925912	4.342635050925912
DCN	ALDH1B1	1	1	4.334658570663531	4.334658570663531	4.334658570663531
DCN	IL27RA	1	1	4.300540156622148	4.300540156622148	4.300540156622148
DCN	ETNK1	1	1	4.275120871334034	4.275120871334034	4.275120871334034
DCN	FMOD	1	1	4.233203138451815	4.233203138451815	4.233203138451815
DCN	NCKAP5	1	1	4.227248636473877	4.227248636473877	4.227248636473877
DCN	SCUBE2	1	1	4.210562095648422	4.210562095648422	4.210562095648422
DCN	ZNF460	1	1	4.165498696799905	4.165498696799905	4.165498696799905
DCN	APLN	1	1	4.119425451045349	4.119425451045349	4.119425451045349
DCN	TMEM70	1	1	4.089669946200403	4.089669946200403	4.089669946200403
DCN	PODNL1	1	1	4.061996107107526	4.061996107107526	4.061996107107526
DCN	PTPA	1	1	4.040571953108775	4.040571953108775	4.040571953108775
DCN	SAT1	1	1	4.035794986220579	4.035794986220579	4.035794986220579
DCN	FLG	1	1	4.0252262203915175	4.0252262203915175	4.0252262203915175
DCN	TMSB4X	1	1	3.9933111740978533	3.9933111740978533	3.9933111740978533
DCN	COLGALT2	1	1	3.984559905978684	3.984559905978684	3.984559905978684
DCN	LTBP2	1	1	3.973186283302606	3.973186283302606	3.973186283302606
DCN	FAM110C	1	1	3.9629051765001555	3.9629051765001555	3.9629051765001555
DCN	SLC7A2	1	1	3.962162277488835	3.962162277488835	3.962162277488835
DCN	PDLIM4	1	1	3.8774164836371052	3.8774164836371052	3.8774164836371052
DCN	IKBKE	1	1	3.866023077654572	3.866023077654572	3.866023077654572
DCN	NECTIN2	1	1	3.828470997404788	3.828470997404788	3.828470997404788
DCN	GPNMB	1	1	3.8118096394148075	3.8118096394148075	3.8118096394148075
DCN	GAS6	1	1	3.7984246492740192	3.7984246492740192	3.7984246492740192
DCN	MICAL2	1	1	3.796528382582279	3.796528382582279	3.796528382582279
DCN	GALNT15	1	1	3.766713012512724	3.766713012512724	3.766713012512724
DCN	GPX4	1	1	3.73977714716309	3.73977714716309	3.73977714716309
DCN	TBX2	1	1	3.668753926481172	3.668753926481172	3.668753926481172
DCN	BANF1	1	1	3.6536736700040455	3.6536736700040455	3.6536736700040455
DCN	CDHR1	1	1	3.646474660652674	3.646474660652674	3.646474660652674
DCN	SPON1	1	1	3.6342936607358682	3.6342936607358682	3.6342936607358682
DCN	GJA4	1	1	3.581640338388684	3.581640338388684	3.581640338388684
DCN	ALPL	1	1	3.5769246933839285	3.5769246933839285	3.5769246933839285
DCN	C1orf68	1	1	3.547828566904596	3.547828566904596	3.547828566904596
DCN	LOR	1	1	3.5468187317326825	3.5468187317326825	3.5468187317326825
DCN	PTGIR	1	1	3.5326951764848533	3.5326951764848533	3.5326951764848533
DCN	SRRT	1	1	3.532654360957816	3.532654360957816	3.532654360957816
DCN	CDC42EP5	2	1	3.51556783192538	8.42562829412614	-1.39449263027538
DCN	ADAMTS8	1	1	3.5100917635369946	3.5100917635369946	3.5100917635369946
DCN	RAB31	1	1	3.5068379988777885	3.5068379988777885	3.5068379988777885
DCN	IL22RA2	1	1	3.50082007293681	3.50082007293681	3.50082007293681
DCN	LRP4	1	1	3.488481143991326	3.488481143991326	3.488481143991326
DCN	GABRE	1	1	3.462487501198814	3.462487501198814	3.462487501198814
DCN	CASP14	1	1	3.4120748040798112	3.4120748040798112	3.4120748040798112
DCN	JPH1	1	1	3.408831248968024	3.408831248968024	3.408831248968024
DCN	SCUBE3	2	1	3.404425859314016	6.890990764978832	-0.08213904635079979
DCN	KRTDAP	1	1	3.4007625895385827	3.4007625895385827	3.4007625895385827
DCN	GYPC	1	1	3.3952229115041286	3.3952229115041286	3.3952229115041286
DCN	SLCO2B1	1	1	3.39231034715804	3.39231034715804	3.39231034715804
DCN	ITGB2	1	1	3.3721391481625522	3.3721391481625522	3.3721391481625522
DCN	ATP6V1C2	1	1	3.3551002850827802	3.3551002850827802	3.3551002850827802
DCN	NSG1	1	1	3.3517229861772284	3.3517229861772284	3.3517229861772284
DCN	MARCKS	1	1	3.34989579757191	3.34989579757191	3.34989579757191
DCN	COL8A2	1	1	3.3479259224597566	3.3479259224597566	3.3479259224597566
DCN	LAMB4	1	1	3.3419881959910276	3.3419881959910276	3.3419881959910276
DCN	CCL11	1	1	3.317160857586917	3.317160857586917	3.317160857586917
DCN	ZNF750	1	1	3.304329974456086	3.304329974456086	3.304329974456086
DCN	VSIG4	1	1	3.29894266904324	3.29894266904324	3.29894266904324
DCN	CPXM1	1	1	3.296009250496344	3.296009250496344	3.296009250496344
DCN	HS3ST6	1	1	3.2439890963608033	3.2439890963608033	3.2439890963608033
DCN	HLA-DQB2	1	1	3.235697409333649	3.235697409333649	3.235697409333649
DCN	POU2F3	1	1	3.2344620101356627	3.2344620101356627	3.2344620101356627
DCN	FDCSP	1	1	3.222484900394618	3.222484900394618	3.222484900394618
DCN	ENTPD1	1	1	3.2153140693205122	3.2153140693205122	3.2153140693205122
DCN	THEM5	1	1	3.209506704802271	3.209506704802271	3.209506704802271
DCN	DSC1	1	1	3.204645402401483	3.204645402401483	3.204645402401483
DCN	PLTP	1	1	3.2038230962228527	3.2038230962228527	3.2038230962228527
DCN	FDX1	1	1	3.137374641051236	3.137374641051236	3.137374641051236
DCN	NPNT	1	1	3.121642592653034	3.121642592653034	3.121642592653034
DCN	ANP32E	1	1	3.036738629151936	3.036738629151936	3.036738629151936
DCN	SUSD5	1	1	3.0348581233012903	3.0348581233012903	3.0348581233012903
DCN	PPARGC1A	1	1	3.015975661288076	3.015975661288076	3.015975661288076
DCN	CEBPA	1	1	3.0150323701115274	3.0150323701115274	3.0150323701115274
DCN	DLX3	1	1	3.012476639035758	3.012476639035758	3.012476639035758
DCN	TCEAL4	1	1	2.995491721889868	2.995491721889868	2.995491721889868
DCN	NFIB	1	1	2.992504327325758	2.992504327325758	2.992504327325758
DCN	RERGL	1	1	2.991688786671049	2.991688786671049	2.991688786671049
DCN	ACSL1	1	1	2.9771752522286787	2.9771752522286787	2.9771752522286787
DCN	CYP11B1	1	1	2.9749831541712553	2.9749831541712553	2.9749831541712553
DCN	FJX1	1	1	2.9646771668569625	2.9646771668569625	2.9646771668569625
DCN	RORA	1	1	2.95132989009444	2.95132989009444	2.95132989009444
DCN	TENT5C	1	1	2.950954840602232	2.950954840602232	2.950954840602232
DCN	SLIT2	1	1	2.9357478915231816	2.9357478915231816	2.9357478915231816
DCN	VRK2	1	1	2.91939249784483	2.91939249784483	2.91939249784483
DCN	CCL27	1	1	2.90895812917594	2.90895812917594	2.90895812917594
DCN	STOM	2	1	2.849011020373665	6.930790528738051	-1.232768487990721
DCN	EFHD1	1	1	2.8336217671762394	2.8336217671762394	2.8336217671762394
DCN	SBSN	1	1	2.787278228111888	2.787278228111888	2.787278228111888
DCN	SCARB1	1	1	2.7732658851524703	2.7732658851524703	2.7732658851524703
DCN	HIST1H1B	2	1	2.762571226588367	8.169965512963598	-2.6448230597868636
DCN	CDC123	1	1	2.7544190881388104	2.7544190881388104	2.7544190881388104
DCN	PGLYRP3	1	1	2.746430159570766	2.746430159570766	2.746430159570766
DCN	CCN5	2	1	2.741000554454134	6.002796245152361	-0.5207951362440927
DCN	CYP1A1	1	1	2.7407691461372377	2.7407691461372377	2.7407691461372377
DCN	MFGE8	1	1	2.7275021572398463	2.7275021572398463	2.7275021572398463
DCN	GATA3	1	1	2.700771396406567	2.700771396406567	2.700771396406567
DCN	CNFN	1	1	2.678984565437609	2.678984565437609	2.678984565437609
DCN	BNIPL	1	1	2.6774094959600307	2.6774094959600307	2.6774094959600307
DCN	LYPD3	1	1	2.652850632805714	2.652850632805714	2.652850632805714
DCN	RUNX1	1	1	2.651223032808632	2.651223032808632	2.651223032808632
DCN	ARMC9	1	1	2.648726437433695	2.648726437433695	2.648726437433695
DCN	DEGS1	1	1	2.645152794054569	2.645152794054569	2.645152794054569
DCN	SERPINA12	1	1	2.6398520907092307	2.6398520907092307	2.6398520907092307
DCN	TINCR	1	1	2.581199315494688	2.581199315494688	2.581199315494688
DCN	ACTN1	1	1	2.575391398452068	2.575391398452068	2.575391398452068
DCN	GRHL3	1	1	2.5721364842171104	2.5721364842171104	2.5721364842171104
DCN	CYP21A2	1	1	2.5681429031227285	2.5681429031227285	2.5681429031227285
DCN	WFDC5	1	1	2.5681007744687943	2.5681007744687943	2.5681007744687943
DCN	DUOXA1	1	1	2.520286937470729	2.520286937470729	2.520286937470729
DCN	DSC3	1	1	2.5170029648836585	2.5170029648836585	2.5170029648836585
DCN	SLURP1	1	1	2.499059835878069	2.499059835878069	2.499059835878069
DCN	PLA2G4F	1	1	2.4802937112773	2.4802937112773	2.4802937112773
DCN	POU3F1	1	1	2.477774032470753	2.477774032470753	2.477774032470753
DCN	IVL	1	1	2.465031700663532	2.465031700663532	2.465031700663532
DCN	LIPF	1	1	2.443352633052077	2.443352633052077	2.443352633052077
DCN	SYNC	1	1	2.4291766125519105	2.4291766125519105	2.4291766125519105
DCN	CD200	1	1	2.4265516736553168	2.4265516736553168	2.4265516736553168
DCN	ECM1	1	1	2.4192796027522148	2.4192796027522148	2.4192796027522148
DCN	CTNNBIP1	1	1	2.4091614487873194	2.4091614487873194	2.4091614487873194
DCN	MARCKSL1	2	1	2.392710879640207	7.70720433422257	-2.921782574942156
DCN	FST	1	1	2.3782026225062376	2.3782026225062376	2.3782026225062376
DCN	CERS3	1	1	2.375861626503341	2.375861626503341	2.375861626503341
DCN	CYP17A1	1	1	2.364350437916716	2.364350437916716	2.364350437916716
DCN	DSG1	1	1	2.363832673323737	2.363832673323737	2.363832673323737
DCN	ADAMTS5	1	1	2.3597910186189948	2.3597910186189948	2.3597910186189948
DCN	RHOV	1	1	2.3563046453060514	2.3563046453060514	2.3563046453060514
DCN	PKP1	1	1	2.344682738297761	2.344682738297761	2.344682738297761
DCN	TRBC1	2	1	2.3236976998251135	6.469971915186677	-1.8225765155364493
DCN	TXNDC5	1	1	2.3141542806192876	2.3141542806192876	2.3141542806192876
DCN	LSP1	1	1	2.3057207399010866	2.3057207399010866	2.3057207399010866
DCN	ERN1	1	1	2.3035060880708578	2.3035060880708578	2.3035060880708578
DCN	ITGB3	2	1	2.3020087790614854	7.469940306840675	-2.8659227487177037
DCN	HILPDA	1	1	2.3000553933308043	2.3000553933308043	2.3000553933308043
DCN	NEXN	1	1	2.299651746371223	2.299651746371223	2.299651746371223
DCN	ALDH1A3	1	1	2.2863264859345254	2.2863264859345254	2.2863264859345254
DCN	TGM3	1	1	2.278601046250814	2.278601046250814	2.278601046250814
DCN	PGA5	1	1	2.27486475438291	2.27486475438291	2.27486475438291
DCN	STEAP4	1	1	2.2648245067090125	2.2648245067090125	2.2648245067090125
DCN	PLPP4	1	1	2.2540594764889073	2.2540594764889073	2.2540594764889073
DCN	ZCCHC24	1	1	2.2493164446414062	2.2493164446414062	2.2493164446414062
DCN	PDLIM5	2	1	2.2411942785974572	4.9449864656094125	-0.46259790841449805
DCN	ASPRV1	1	1	2.235932739588343	2.235932739588343	2.235932739588343
DCN	LCE2A	1	1	2.2132153252062756	2.2132153252062756	2.2132153252062756
DCN	GADD45A	1	1	2.211332525272799	2.211332525272799	2.211332525272799
DCN	KRT1	1	1	2.2111259851373144	2.2111259851373144	2.2111259851373144
DCN	KRT73	1	1	2.1848611694217586	2.1848611694217586	2.1848611694217586
DCN	MUCL1	1	1	2.1798704801237023	2.1798704801237023	2.1798704801237023
DCN	TSHZ2	1	1	2.175671561964502	2.175671561964502	2.175671561964502
DCN	CLEC2A	1	1	2.151949132637286	2.151949132637286	2.151949132637286
DCN	COL19A1	1	1	2.140477908905337	2.140477908905337	2.140477908905337
DCN	CDK6	1	1	2.136160884134993	2.136160884134993	2.136160884134993
DCN	KRT2	1	1	2.135338102439266	2.135338102439266	2.135338102439266
DCN	SLC38A2	1	1	2.1345967513994775	2.1345967513994775	2.1345967513994775
DCN	FCGR3A	1	1	2.129055611510987	2.129055611510987	2.129055611510987
DCN	TENT5B	1	1	2.1045941746608454	2.1045941746608454	2.1045941746608454
DCN	CTSD	1	1	2.043460202850187	2.043460202850187	2.043460202850187
DCN	TXNIP	1	1	1.987336514846991	1.987336514846991	1.987336514846991
DCN	RASL12	1	1	1.9706596687044935	1.9706596687044935	1.9706596687044935
DCN	B2M	2	1	1.9556659115603996	5.618460838484862	-1.7071290153640626
DCN	C1orf21	1	1	1.9463972843440147	1.9463972843440147	1.9463972843440147
DCN	TNFRSF9	1	1	1.9385679018080377	1.9385679018080377	1.9385679018080377
DCN	CD163	1	1	1.923631626801932	1.923631626801932	1.923631626801932
DCN	FGB	1	1	1.8978517761441338	1.8978517761441338	1.8978517761441338
DCN	SLC26A9	2	1	1.893978588100544	5.901824400469187	-2.113867224268099
DCN	SCGB1D2	1	1	1.8819990556977417	1.8819990556977417	1.8819990556977417
DCN	MAB21L4	1	1	1.8650965389911396	1.8650965389911396	1.8650965389911396
DCN	BACE2	1	1	1.8615292409057336	1.8615292409057336	1.8615292409057336
DCN	RGS2	2	1	1.8614095457481878	4.6360560271855356	-0.9132369356891598
DCN	GEM	1	1	1.835828487281017	1.835828487281017	1.835828487281017
DCN	CHP2	1	1	1.831933947270848	1.831933947270848	1.831933947270848
DCN	NFATC1	2	1	1.814973350492545	4.484999331277015	-0.8550526302919249
DCN	DUOX1	1	1	1.8112592798335527	1.8112592798335527	1.8112592798335527
DCN	PDE1C	1	1	1.7856960448769748	1.7856960448769748	1.7856960448769748
DCN	WFDC1	1	1	1.7720170928386614	1.7720170928386614	1.7720170928386614
DCN	CLIC4	2	1	1.7617480718086198	5.344690071092616	-1.8211939274753763
DCN	CD9	1	1	1.7420710526881786	1.7420710526881786	1.7420710526881786
DCN	TM4SF5	1	1	1.730477721723613	1.730477721723613	1.730477721723613
DCN	NTSR1	1	1	1.726861352251547	1.726861352251547	1.726861352251547
DCN	CALML5	2	1	1.7210994808414057	3.6240668417761346	-0.18186788009332316
DCN	CBLIF	1	1	1.6938840174404295	1.6938840174404295	1.6938840174404295
DCN	IMPA2	1	1	1.6756800286727402	1.6756800286727402	1.6756800286727402
DCN	SCGB2A2	1	1	1.667014303006068	1.667014303006068	1.667014303006068
DCN	DMKN	1	1	1.6640185332478905	1.6640185332478905	1.6640185332478905
DCN	C2CD4A	1	1	1.6597089072802937	1.6597089072802937	1.6597089072802937
DCN	OAF	1	1	1.6495896540944688	1.6495896540944688	1.6495896540944688
DCN	INSIG1	1	1	1.6494926256742541	1.6494926256742541	1.6494926256742541
DCN	OSR1	1	1	1.6370428081365216	1.6370428081365216	1.6370428081365216
DCN	GABARAPL1	2	1	1.6243715083377541	4.945465662532749	-1.6967226458572406
DCN	GRAMD1B	1	1	1.611767998295356	1.611767998295356	1.611767998295356
DCN	MYH3	1	1	1.5878804823244668	1.5878804823244668	1.5878804823244668
DCN	FLG2	1	1	1.5399508335555157	1.5399508335555157	1.5399508335555157
DCN	PTCH1	1	1	1.5390157165588074	1.5390157165588074	1.5390157165588074
DCN	PPP1R14C	2	1	1.5325851506093593	6.1345826608288965	-3.069412359610178
DCN	COL6A1	2	1	1.522475225367546	5.214555110232717	-2.169604659497625
DCN	CLSTN2	1	1	1.5179069437113415	1.5179069437113415	1.5179069437113415
DCN	KLF6	2	1	1.5047402071109532	4.548717065910075	-1.5392366516881681
DCN	SDS	1	1	1.5016848330540518	1.5016848330540518	1.5016848330540518
DCN	CLDN5	2	1	1.4871739359602683	3.0263782285591385	-0.05203035663860217
DCN	LTB4R	1	1	1.4745112704492631	1.4745112704492631	1.4745112704492631
DCN	ITPRIP	2	1	1.4607972225638837	4.310286173084407	-1.3886917279566395
DCN	HOXA5	1	1	1.450219490977721	1.450219490977721	1.450219490977721
DCN	PXDN	2	1	1.4451805843171381	3.2799101645453574	-0.38954899591108105
DCN	CDH2	1	1	1.426904413610306	1.426904413610306	1.426904413610306
DCN	IL1RN	1	1	1.420735684239338	1.420735684239338	1.420735684239338
DCN	RANBP3L	2	1	1.4092197371590065	3.231590922987799	-0.41315144866978604
DCN	GKN1	1	1	1.4042739268463702	1.4042739268463702	1.4042739268463702
DCN	NR2F2	1	1	1.4032674378070344	1.4032674378070344	1.4032674378070344
DCN	PTEN	1	1	1.4015922049834129	1.4015922049834129	1.4015922049834129
DCN	KDM6A	1	1	1.4014505895712195	1.4014505895712195	1.4014505895712195
DCN	FAM166B	1	1	1.3900324004734923	1.3900324004734923	1.3900324004734923
DCN	TP63	1	1	1.3880285725859234	1.3880285725859234	1.3880285725859234
DCN	MAPK10	1	1	1.3864635233398899	1.3864635233398899	1.3864635233398899
DCN	INMT	2	1	1.376424873174837	3.000577953530066	-0.24772820718039182
DCN	TNFSF14	2	1	1.3751941295718475	2.941032592377562	-0.19064433323386695
DCN	RNF213	2	1	1.3648825770253177	5.390606413315887	-2.660841259265252
DCN	CREM	1	1	1.3569113369688275	1.3569113369688275	1.3569113369688275
DCN	ZG16B	1	1	1.3545621318242356	1.3545621318242356	1.3545621318242356
DCN	RCAN1	2	1	1.3497288194429817	2.8772171340939647	-0.17775949520800113
DCN	TBC1D1	2	1	1.342177626467434	6.01792302904265	-3.3335677761077815
DCN	SLC14A1	1	1	1.3373247357440992	1.3373247357440992	1.3373247357440992
DCN	ATP4A	1	1	1.3322558734944334	1.3322558734944334	1.3322558734944334
DCN	ZNF275	1	1	1.318011212661361	1.318011212661361	1.318011212661361
DCN	ATP4B	1	1	1.3144225631662656	1.3144225631662656	1.3144225631662656
DCN	KIAA1217	1	1	1.2894683661417097	1.2894683661417097	1.2894683661417097
DCN	PDGFA	2	1	1.288012830540283	4.3913262680979415	-1.8153006070173756
DCN	ELL2	2	1	1.2859546987600174	5.259368966961708	-2.6874595694416734
DCN	CRTAP	1	1	1.267991555822224	1.267991555822224	1.267991555822224
DCN	CDHR5	2	1	1.262882216177625	2.9303998772893833	-0.4046354449341335
DCN	CHIA	1	1	1.2591979985578845	1.2591979985578845	1.2591979985578845
DCN	DAPL1	1	1	1.2554929735350737	1.2554929735350737	1.2554929735350737
DCN	SMIM4	1	1	1.2379324559145648	1.2379324559145648	1.2379324559145648
DCN	RARRES1	1	1	1.2350547126744367	1.2350547126744367	1.2350547126744367
DCN	ALKAL2	1	1	1.2244498310144358	1.2244498310144358	1.2244498310144358
DCN	NPC1	1	1	1.1730254314449657	1.1730254314449657	1.1730254314449657
DCN	KRT10	1	1	1.1646725476239832	1.1646725476239832	1.1646725476239832
DCN	ST6GALNAC5	2	1	1.1564704629851186	2.7626463240599066	-0.4497053980896693
DCN	SOAT1	1	1	1.145774841099675	1.145774841099675	1.145774841099675
DCN	VAT1L	1	1	1.1457149482219688	1.1457149482219688	1.1457149482219688
DCN	CYP26A1	2	1	1.1405091526960653	2.531067972046383	-0.2500496666542525
DCN	EGR2	1	1	1.1271046129009887	1.1271046129009887	1.1271046129009887
DCN	CTH	1	1	1.1232129438643057	1.1232129438643057	1.1232129438643057
DCN	IGLV4-60	1	1	1.1173157114974694	1.1173157114974694	1.1173157114974694
DCN	KCNJ5	1	1	1.1135564009286794	1.1135564009286794	1.1135564009286794
DCN	FNDC4	1	1	1.1052605218296065	1.1052605218296065	1.1052605218296065
DCN	FABP1	1	1	1.0746284577768859	1.0746284577768859	1.0746284577768859
DCN	CDH17	2	1	1.060707077866851	2.8177303064296444	-0.6963161506959422
DCN	CPEB4	1	1	1.058023363003863	1.058023363003863	1.058023363003863
DCN	GPC3	1	1	1.0572475560795302	1.0572475560795302	1.0572475560795302
DCN	CTSC	1	1	1.052151820443409	1.052151820443409	1.052151820443409
DCN	SLC9A3R1	1	1	1.0384467637233696	1.0384467637233696	1.0384467637233696
DCN	SGCA	1	1	1.0291002605161919	1.0291002605161919	1.0291002605161919
DCN	SLC44A1	1	1	1.023432947477638	1.023432947477638	1.023432947477638
DCN	UCHL1	1	1	1.0187578320243778	1.0187578320243778	1.0187578320243778
DCN	DNPH1	1	1	1.0153126724351893	1.0153126724351893	1.0153126724351893
DCN	DSG3	1	1	1.0111496128543878	1.0111496128543878	1.0111496128543878
DCN	FCGR2B	2	1	0.9932586873004493	2.4410937470253846	-0.45457637242448606
DCN	PIP	1	1	0.9888890901889648	0.9888890901889648	0.9888890901889648
DCN	CYP11B2	1	1	0.9496587441672678	0.9496587441672678	0.9496587441672678
DCN	HIST1H4A	2	1	0.9379240249363572	4.475500987848518	-2.5996529379758035
DCN	PCDH18	1	1	0.9234216302578032	0.9234216302578032	0.9234216302578032
DCN	CLMP	1	1	0.9113942643394471	0.9113942643394471	0.9113942643394471
DCN	SEMA6A	1	1	0.8893739047875389	0.8893739047875389	0.8893739047875389
DCN	PGD	1	1	0.8848533363852652	0.8848533363852652	0.8848533363852652
DCN	CYP11A1	1	1	0.8732099303712259	0.8732099303712259	0.8732099303712259
DCN	CXCL9	2	1	0.8615786921889816	2.1343398411227814	-0.411182456744818
DCN	FGF12	1	1	0.8454907640201219	0.8454907640201219	0.8454907640201219
DCN	ZNF503	1	1	0.8423629178071322	0.8423629178071322	0.8423629178071322
DCN	GOT1	1	1	0.8236436254327228	0.8236436254327228	0.8236436254327228
DCN	CXCL13	2	1	0.7959940218291122	3.783924967864854	-2.1919369242066296
DCN	STARD10	2	1	0.7772473745627456	3.429058915587321	-1.8745641664618298
DCN	ABTB2	1	1	0.7749589400057993	0.7749589400057993	0.7749589400057993
DCN	GSTA4	1	1	0.766497865797825	0.766497865797825	0.766497865797825
DCN	SGMS2	1	1	0.7492112477509423	0.7492112477509423	0.7492112477509423
DCN	IDI1	1	1	0.7393773100109373	0.7393773100109373	0.7393773100109373
DCN	SLC19A2	1	1	0.7377248428944304	0.7377248428944304	0.7377248428944304
DCN	LDLR	1	1	0.7248043226342296	0.7248043226342296	0.7248043226342296
DCN	KIAA1755	1	1	0.7241644116690741	0.7241644116690741	0.7241644116690741
DCN	SLC16A9	1	1	0.7234409678563986	0.7234409678563986	0.7234409678563986
DCN	TRIM59	1	1	0.7169748286171179	0.7169748286171179	0.7169748286171179
DCN	MGARP	1	1	0.7069179247345349	0.7069179247345349	0.7069179247345349
DCN	ANPEP	1	1	0.7029520283177388	0.7029520283177388	0.7029520283177388
DCN	DNAJC12	1	1	0.6914334715433468	0.6914334715433468	0.6914334715433468
DCN	KLHDC8B	1	1	0.6848713785707754	0.6848713785707754	0.6848713785707754
DCN	NKAIN1	1	1	0.6728016710703371	0.6728016710703371	0.6728016710703371
DCN	KEL	1	1	0.6592302324862163	0.6592302324862163	0.6592302324862163
DCN	NAP1L5	1	1	0.6540460910119672	0.6540460910119672	0.6540460910119672
DCN	IER2	1	1	0.6525016914126985	0.6525016914126985	0.6525016914126985
DCN	MRAP	1	1	0.6518699116530933	0.6518699116530933	0.6518699116530933
DCN	DHCR7	1	1	0.6448163544384027	0.6448163544384027	0.6448163544384027
DCN	CASP5	1	1	0.636774289695741	0.636774289695741	0.636774289695741
DCN	JAZF1	1	1	0.633836884384173	0.633836884384173	0.633836884384173
DCN	MVD	1	1	0.6310816439586869	0.6310816439586869	0.6310816439586869
DCN	ITLN1	1	1	0.6242196631284262	0.6242196631284262	0.6242196631284262
DCN	CALN1	1	1	0.6217322858756907	0.6217322858756907	0.6217322858756907
DCN	LAMA2	1	1	0.6199365809900961	0.6199365809900961	0.6199365809900961
DCN	LONRF2	1	1	0.6175038320174702	0.6175038320174702	0.6175038320174702
DCN	MAN1C1	1	1	0.6020870657835972	0.6020870657835972	0.6020870657835972
DCN	AADAC	1	1	0.5943428952459625	0.5943428952459625	0.5943428952459625
DCN	CYGB	1	1	0.5894622677980429	0.5894622677980429	0.5894622677980429
DCN	SLC23A2	1	1	0.5863641149340715	0.5863641149340715	0.5863641149340715
DCN	PTPRN	1	1	0.5860369208144506	0.5860369208144506	0.5860369208144506
DCN	NCOA7	1	1	0.5850400926306688	0.5850400926306688	0.5850400926306688
DCN	RBM42	1	1	0.5685488952156756	0.5685488952156756	0.5685488952156756
DCN	MAPK4	1	1	0.5655124953501414	0.5655124953501414	0.5655124953501414
DCN	FMO3	1	1	0.5633384286375421	0.5633384286375421	0.5633384286375421
DCN	C2orf66	1	1	0.5631835957328711	0.5631835957328711	0.5631835957328711
DCN	SORBS2	1	1	0.5539207108198182	0.5539207108198182	0.5539207108198182
DCN	BPIFB1	2	1	0.5530673616431634	3.0376896499149746	-1.9315549266286478
DCN	CYP19A1	1	1	0.5420196283063682	0.5420196283063682	0.5420196283063682
DCN	PGAP1	1	1	0.5397401926745847	0.5397401926745847	0.5397401926745847
DCN	MT1A	1	1	0.534946027778555	0.534946027778555	0.534946027778555
DCN	MGST1	1	1	0.5349191170371713	0.5349191170371713	0.5349191170371713
DCN	FDXR	1	1	0.5258083264958502	0.5258083264958502	0.5258083264958502
DCN	IFIT1	1	1	0.49008153657798686	0.49008153657798686	0.49008153657798686
DCN	STARD4	1	1	0.47298005057844467	0.47298005057844467	0.47298005057844467
DCN	ITGB5	2	1	0.4687495320192471	1.4952891109501585	-0.5577900469116643
DCN	CHPF	1	1	0.46610931006034856	0.46610931006034856	0.46610931006034856
DCN	VWA5B2	1	1	0.46165806812168103	0.46165806812168103	0.46165806812168103
DCN	NOS2	1	1	0.4581899296380484	0.4581899296380484	0.4581899296380484
DCN	SPINK4	1	1	0.45743738729812594	0.45743738729812594	0.45743738729812594
DCN	TGFBR3	1	1	0.4362005866339764	0.4362005866339764	0.4362005866339764
DCN	TPD52L1	1	1	0.4322279934465088	0.4322279934465088	0.4322279934465088
DCN	TBX3	1	1	0.42825522216717016	0.42825522216717016	0.42825522216717016
DCN	MX2	1	1	0.41383989786188663	0.41383989786188663	0.41383989786188663
DCN	MCOLN3	1	1	0.40216651859038	0.40216651859038	0.40216651859038
DCN	SLC47A1	1	1	0.39870731211538235	0.39870731211538235	0.39870731211538235
DCN	ARL4C	1	1	0.398562376615159	0.398562376615159	0.398562376615159
DCN	CABP7	1	1	0.39405172661718096	0.39405172661718096	0.39405172661718096
DCN	MSMO1	1	1	0.39236711159955706	0.39236711159955706	0.39236711159955706
DCN	SLC9A3	1	1	0.38981658894272	0.38981658894272	0.38981658894272
DCN	PCSK1N	1	1	0.3781727316792039	0.3781727316792039	0.3781727316792039
DCN	ALAS1	1	1	0.37799929743116956	0.37799929743116956	0.37799929743116956
DCN	ABCB1	1	1	0.3741219714628234	0.3741219714628234	0.3741219714628234
DCN	FN3K	1	1	0.37339952646468794	0.37339952646468794	0.37339952646468794
DCN	ASB4	1	1	0.3577876207026466	0.3577876207026466	0.3577876207026466
DCN	ALDH3A1	2	1	0.3474246330722437	1.4986507503524744	-0.803801484207987
DCN	CASP9	1	1	0.3382726244466852	0.3382726244466852	0.3382726244466852
DCN	SPRR2G	1	1	0.3375186828552853	0.3375186828552853	0.3375186828552853
DCN	TGFB3	1	1	0.33746270686701574	0.33746270686701574	0.33746270686701574
DCN	SYT7	1	1	0.32574922994414635	0.32574922994414635	0.32574922994414635
DCN	ZBTB21	1	1	0.3179507637434345	0.3179507637434345	0.3179507637434345
DCN	CADM1	1	1	0.3019469089881491	0.3019469089881491	0.3019469089881491
DCN	COL4A2	2	1	0.2987281561650993	1.9163007171155175	-1.318844404785319
DCN	GPC1	2	1	0.297205307180052	1.0448947147151988	-0.45048410035509473
DCN	GPBAR1	1	1	0.29281787332886516	0.29281787332886516	0.29281787332886516
DCN	CCN4	1	1	0.27113848463093	0.27113848463093	0.27113848463093
DCN	PTPRC	2	1	0.26987197749481906	5.079488069815579	-4.5397441148259405
DCN	FADS1	1	1	0.26859946271170937	0.26859946271170937	0.26859946271170937
DCN	PRKAR2B	1	1	0.26443661459637796	0.26443661459637796	0.26443661459637796
DCN	FGF9	1	1	0.26432390435539943	0.26432390435539943	0.26432390435539943
DCN	KCNQ1	1	1	0.25802692895930196	0.25802692895930196	0.25802692895930196
DCN	CAMK2N2	1	1	0.24984946579940726	0.24984946579940726	0.24984946579940726
DCN	PCSK1	1	1	0.24403478248955882	0.24403478248955882	0.24403478248955882
DCN	OASL	1	1	0.24176877707347094	0.24176877707347094	0.24176877707347094
DCN	EPHX1	1	1	0.23510789748700367	0.23510789748700367	0.23510789748700367
DCN	EPB41L1	1	1	0.2249294154256617	0.2249294154256617	0.2249294154256617
DCN	CTNNAL1	1	1	0.20469511306673044	0.20469511306673044	0.20469511306673044
DCN	PRG4	1	1	0.20392412059575235	0.20392412059575235	0.20392412059575235
DCN	ALOX5AP	2	1	0.1997950664570849	2.8091145468883987	-2.409524413974229
DCN	MATN2	1	1	0.19853856816990323	0.19853856816990323	0.19853856816990323
DCN	C1QL1	1	1	0.19007219028996453	0.19007219028996453	0.19007219028996453
DCN	RGCC	1	1	0.1679439342430896	0.1679439342430896	0.1679439342430896
DCN	ANKRD37	1	1	0.1606747477695029	0.1606747477695029	0.1606747477695029
DCN	TMEM97	1	1	0.15015949279230234	0.15015949279230234	0.15015949279230234
DCN	CAVIN2	2	1	0.1473563289453502	0.359003382236775	-0.06429072434607463
DCN	KCNMB2	1	1	0.14732355942334782	0.14732355942334782	0.14732355942334782
DCN	TNNT1	1	1	0.1457287872908306	0.1457287872908306	0.1457287872908306
DCN	CPA6	1	1	0.14572727776363734	0.14572727776363734	0.14572727776363734
DCN	TP53INP2	1	1	0.1329061054609945	0.1329061054609945	0.1329061054609945
DCN	KCNE3	1	1	0.1272575600783167	0.1272575600783167	0.1272575600783167
DCN	CHRDL1	1	1	0.12227558845959935	0.12227558845959935	0.12227558845959935
DCN	RAP1GAP	1	1	0.12006080511521391	0.12006080511521391	0.12006080511521391
DCN	CPED1	1	1	0.11987209835234959	0.11987209835234959	0.11987209835234959
DCN	KRT6B	1	1	0.11879220354683584	0.11879220354683584	0.11879220354683584
DCN	ADCYAP1	1	1	0.11737731005371609	0.11737731005371609	0.11737731005371609
DCN	PEG3	1	1	0.10910414233802491	0.10910414233802491	0.10910414233802491
DCN	MSR1	1	1	0.10886799271967172	0.10886799271967172	0.10886799271967172
DCN	PTPRN2	1	1	0.10757504164192158	0.10757504164192158	0.10757504164192158
DCN	CDH19	1	1	0.10246713736809	0.10246713736809	0.10246713736809
DCN	TNNC1	1	1	0.10161368260536684	0.10161368260536684	0.10161368260536684
DCN	ICAM1	2	1	0.09760556987282681	0.7674118691051541	-0.5722007293595005
DCN	QPCT	1	1	0.09692133776583108	0.09692133776583108	0.09692133776583108
DCN	UGT2A3	1	1	0.08986904177946096	0.08986904177946096	0.08986904177946096
DCN	NUAK1	1	1	0.08735042983400707	0.08735042983400707	0.08735042983400707
DCN	BAIAP2L1	1	1	0.08321882237307969	0.08321882237307969	0.08321882237307969
DCN	SV2B	1	1	0.07530883460213203	0.07530883460213203	0.07530883460213203
DCN	EHF	1	1	0.06745086891964869	0.06745086891964869	0.06745086891964869
DCN	SCGB2A1	1	1	0.05652401065523893	0.05652401065523893	0.05652401065523893
DCN	SCGB3A1	1	1	0.05437289704120552	0.05437289704120552	0.05437289704120552
DCN	EPS8L3	1	1	0.047107214611799245	0.047107214611799245	0.047107214611799245
DCN	SOX10	1	1	0.045179219819850534	0.045179219819850534	0.045179219819850534
DCN	PAEP	1	1	0.04494038600100737	0.04494038600100737	0.04494038600100737
DCN	CYP51A1	1	1	0.03945204526059158	0.03945204526059158	0.03945204526059158
DCN	TNFRSF21	2	1	0.03311467502218046	3.492649209923052	-3.426419859878691
DCN	TRIM54	1	1	0.030227730690064913	0.030227730690064913	0.030227730690064913
DCN	CACNA1A	1	1	0.026378754168844464	0.026378754168844464	0.026378754168844464
DCN	CCL14	1	1	0.01705893853595734	0.01705893853595734	0.01705893853595734
DCN	PI3	1	1	0.014499671113397228	0.014499671113397228	0.014499671113397228
DCN	ALDH3A2	1	1	0.013887316371045358	0.013887316371045358	0.013887316371045358
DCN	MC2R	1	1	0.012439597220821103	0.012439597220821103	0.012439597220821103
DCN	ERN2	2	1	0.009257127542879835	0.09528072350274444	-0.07676646841698477
DCN	GAP43	1	1	0.009226217066209939	0.009226217066209939	0.009226217066209939
DCN	RNF128	1	1	0.00811659307617531	0.00811659307617531	0.00811659307617531
DCN	FRZB	2	1	0.0075506819033273	0.03029944205794892	-0.015198078251294319
DCN	IYD	1	1	0.005687673980630544	0.005687673980630544	0.005687673980630544
DCN	PPP1R15A	2	1	0.003800766129519323	0.35360478013913377	-0.3460032478800951
DCN	CLDN2	2	1	-0.0006040532326958802	0.04161295849783637	-0.04282106496322813
DCN	GC	3	1	-0.007290671047785419	1.0546199415769455	-1.4973004108218215
DCN	ELN	2	1	-0.01286750410929638	1.0376897963719895	-1.0634248045905823
DCN	S100A16	3	1	-0.017800430863704208	0.07315176704636465	-1.2386706117232298
DCN	SOX9	3	1	-0.0336146279920301	6.057730800745445	-4.275766772073621
DCN	FXYD6	2	1	-0.04982392256203383	1.2541855705041718	-1.3538334156282394
DCN	PFKFB3	3	1	-0.05447801408487133	5.825552106673529	-10.407098391119833
DCN	SPRR3	3	1	-0.05590435321088355	0.5876477629454083	-2.9796789743058114
DCN	AGRN	2	1	-0.06825906902738169	0.44793278746588144	-0.5844509255206448
DCN	PI16	3	1	-0.07494659871655462	1.653108195175734	-2.51328714287102
DCN	CPLX2	2	1	-0.07899311216685853	0.18719626784944315	-0.3451824921831602
DCN	SERINC2	3	1	-0.09193709181008632	0.864523572061386	-0.5448441274203937
DCN	RDH10	2	1	-0.09639971234744626	3.386496388231593	-3.5792958129264854
DCN	CST6	3	1	-0.1085334220169232	1.3522876071787482	-3.0052497823740087
DCN	PHGR1	2	1	-0.11359913666439686	0.6207711195206946	-0.8479693928494884
DCN	C5orf46	3	1	-0.1152219441161728	3.197573856352133	-0.3980256500678909
DCN	TFCP2L1	2	1	-0.1186448327125077	0.3539253290325729	-0.5912149944575883
DCN	PIK3C2G	2	1	-0.12565605057830165	0.24798278583360991	-0.49929488699021324
DCN	RGS5	3	1	-0.13053022384477647	5.09675903109232	-3.4083655646913016
DCN	CALB2	2	1	-0.1324455017653311	0.09901488189554541	-0.3639058854262076
DCN	CDCA7	2	1	-0.13854502096210997	0.15603114960949488	-0.4331211915337148
DCN	FBP1	3	1	-0.14846316732260062	0.025284088133819993	-2.258527658515932
DCN	AQP3	3	1	-0.15740753728095724	2.2971710894429003	-4.412954645593609
DCN	CEACAM5	5	1	-0.16809211811622388	0.48059173532709343	-13.686997105335562
DCN	HIST1H2BB	2	1	-0.17077435930715912	1.938058484395777	-2.2796072030100953
DCN	S100A8	3	1	-0.18551345002153458	5.830535643405855	-0.2746900478500769
DCN	PLVAP	2	1	-0.19105477862498538	0.8359820756150055	-1.2180916328649762
DCN	BAIAP2L2	2	1	-0.25235747215182963	0.2851294802882741	-0.7898444245919334
DCN	TNFRSF12A	2	1	-0.26126399004054457	0.19427976645596967	-0.7168077465370588
DCN	CTRC	3	1	-0.2936183100247796	1.6724029902672468	-6.897495504633799
DCN	ALDOB	2	1	-0.3088719648289885	1.2234831124610253	-1.8412270421190022
DCN	G6PC2	2	1	-0.32270450896132535	0.19124487495787365	-0.8366538928805244
DCN	A4GNT	2	1	-0.3288034548540707	0.16960053057943258	-0.827207440287574
DCN	KCNA5	9	1	-0.3470115674262374	0.8889600279468465	-1.6569974013529205
DCN	ADAM12	3	1	-0.3484837113120519	4.812101956171203	-0.3726175824677973
DCN	STRA6	2	1	-0.35496626968707046	0.045448243941341004	-0.755380783315482
DCN	RAMP1	2	1	-0.3943530688052532	4.482069549330159	-5.270775686940666
DCN	COL7A1	4	1	-0.3959358198587408	2.4340505158119123	-3.208436356378364
DCN	ADAMTS9	2	1	-0.4055430573240557	1.1598250385777993	-1.9709111532259107
DCN	FCER1G	2	1	-0.4073343138370653	1.3034683613097102	-2.118136988983841
DCN	ACHE	2	1	-0.41938786267250483	1.9146332235879144	-2.753408948932924
DCN	S100G	3	1	-0.4437767147141927	1.0708798167323108	-1.7609662378670694
DCN	SULT1C2	5	1	-0.4470048153694515	1.4739402424510935	-8.834821806171586
DCN	CRYBA2	2	1	-0.4593644963120172	0.20806541031897352	-1.126794402943008
DCN	PRICKLE4	2	1	-0.4619879395846789	1.238289446253769	-2.1622653254231268
DCN	GPX2	6	1	-0.5141008937132071	0.4914043699792473	-3.2952551676544806
DCN	LAMB3	5	1	-0.5192319436201179	0.016668365139331245	-5.605802327390793
DCN	IGFBP2	4	1	-0.5278305100292209	1.8275239798070095	-7.771865345205513
DCN	LY6D	4	1	-0.534797693316651	0.16885088280422206	-1.6243413425046485
DCN	CD37	2	1	-0.5430771708773212	0.1389865838771323	-1.2251409256317747
DCN	CDH1	5	1	-0.551743512470792	6.248872959959832	-4.225263388125526
DCN	RAB25	3	1	-0.6003709284854309	4.0480777318348125	-4.191711849493343
DCN	CPA2	3	1	-0.6003955455804763	1.1830767367457236	-6.518212950881862
DCN	ANXA10	3	1	-0.6134559421040752	0.07476478672005123	-2.3144223335697465
DCN	MUC13	3	1	-0.6193217175348436	1.227070364079347	-2.1710504627388936
DCN	MX1	2	1	-0.6416064176179169	0.28665426545095446	-1.5698671006867884
DCN	PRSS22	4	1	-0.689092109539219	0.005533922865768563	-4.899743065572454
DCN	CLDN4	7	1	-0.7252505378460901	2.2760813642031232	-4.332653927822662
DCN	CD24	2	1	-0.7352468023812162	0.2123255706184074	-1.68281917538084
DCN	HPGD	2	1	-0.7505925966637119	1.6014402225810422	-3.102625415908466
DCN	CLIC5	2	1	-0.801425005502074	0.3843999497629636	-1.9872499607671115
DCN	LAMC2	5	1	-0.8059715042634827	0.4800234546593229	-11.144469748851222
DCN	TREM1	4	1	-0.8270268582684213	4.050879206619878	-3.506967531516056
DCN	AQP1	5	1	-0.8366312551697445	4.915735249105925	-5.281734810481914
DCN	MUSTN1	3	1	-0.8532472055151767	3.553788618594401	-7.309672397527523
DCN	PPP1R1B	4	1	-0.8620284403070989	0.015995186271820883	-2.375588429479576
DCN	SLC2A1	7	1	-0.8679362893595838	0.20975369855633189	-17.125490879286474
DCN	CFB	3	1	-0.895582207947453	3.646961301345275	-5.607024416692142
DCN	UGT1A6	3	1	-0.9273898737916708	0.2838541407379367	-4.91365130804613
DCN	HMOX1	2	1	-0.9644112969250488	0.08568079005103992	-2.0145033839011375
DCN	ANGPTL4	2	1	-0.9839627693102369	4.60890698125998	-6.576832519880454
DCN	PCSK2	2	1	-0.985218895174729	0.2584149226932248	-2.228852713042683
DCN	EPCAM	7	1	-1.0403709204981886	1.6103634217494054	-5.127859369953761
DCN	CPA1	3	1	-1.0564511386425537	0.9724243372446795	-6.722181911970752
DCN	RNASET2	2	1	-1.0601764457206677	1.625400009164762	-3.7457529006060977
DCN	VSTM2L	2	1	-1.0722725215412086	0.17568119953602127	-2.3202262426184386
DCN	IL32	3	1	-1.0730913034676495	6.321390528849187	-1.3853568033782389
DCN	ISG15	5	1	-1.0991452090468208	1.942157137323424	-4.335378949783703
DCN	CELA3A	3	1	-1.1123984420785806	1.0028091324435913	-6.199184557339931
DCN	MUCL3	2	1	-1.1319481863772323	0.2811972126836827	-2.5450935854381473
DCN	CEL	3	1	-1.172774966374877	1.5015389074615506	-6.911830544298373
DCN	MYH14	3	1	-1.212325660836817	0.8862339685989565	-3.900538909737729
DCN	OCIAD2	4	1	-1.2406000910749395	1.0950866601277185	-2.1499505242114365
DCN	CXCL17	4	1	-1.2429097703233407	0.9984747602703137	-2.742753457715965
DCN	NCAM1	2	1	-1.3046452595647031	0.512051134848463	-3.1213416539778693
DCN	ARGLU1	2	1	-1.3204683387240839	1.7941284237507167	-4.435065101198885
DCN	KRT20	2	1	-1.3761380839151436	0.1332058458020322	-2.8854820136323194
DCN	LMOD1	3	1	-1.3774686753149459	4.602741523305933	-4.477447466152381
DCN	NFASC	2	1	-1.3798427063744605	0.036634122503768345	-2.7963195352526893
DCN	FGA	2	1	-1.397239612099617	0.6626595218956705	-3.457138746094904
DCN	CPB1	3	1	-1.4057149498338453	1.1077021973632442	-6.436287917397421
DCN	SLC40A1	5	1	-1.475705304718806	1.0196068226735033	-4.291471022330274
DCN	IL33	2	1	-1.498264315213248	0.46835615298446515	-3.464884783410961
DCN	SLC6A14	2	1	-1.5461849845434819	0.013350161943612734	-3.1057201310305764
DCN	KRT16	4	1	-1.5588768268804278	0.2435440939951337	-5.20106419961148
DCN	SFTA2	3	1	-1.563820439855624	0.05418715150668988	-3.1799299728402124
DCN	SNCG	3	1	-1.5910488020405673	3.697484453501677	-3.965496989011222
DCN	IER3	4	1	-1.6055352829205491	6.097482117510346	-6.0559063327857805
DCN	FUT2	2	1	-1.6108406667043575	0.12312863127225954	-3.344809964680975
DCN	VEGFA	4	1	-1.6617844243806754	1.2062336725895073	-10.709849308386898
DCN	KRT14	2	1	-1.6795461423570137	2.8478896394850337	-6.206981924199061
DCN	GATM	2	1	-1.7103200558701714	1.8556688068176619	-5.276308918558005
DCN	ITGB6	6	1	-1.72629513373557	0.025135642064724385	-4.083170387421324
DCN	REG4	3	1	-1.7300370928490987	0.21695445038801014	-3.9665945594134824
DCN	SLC34A2	3	1	-1.7318773790427173	1.5295858246877718	-4.057908333635626
DCN	SERPINA5	2	1	-1.7490999545253567	0.8225407722285326	-4.320740681279246
DCN	KLK11	3	1	-1.7832248408642133	0.10241940513051033	-2.8746060532447015
DCN	ONECUT1	2	1	-1.8318670858756272	0.36514303994395486	-4.028877211695209
DCN	C6orf141	3	1	-1.8939738690448098	3.05253244813209	-4.411929774366553
DCN	TM4SF4	3	1	-1.9235505120779797	0.31733062961717673	-4.374767466613314
DCN	PLAT	3	1	-1.9316084784070253	4.151738427877358	-2.263877429610976
DCN	PPL	2	1	-1.9320073448963102	0.01124439894657948	-3.8752590887391998
DCN	LAD1	6	1	-2.0559392533007514	5.356693346742831	-3.78040707786008
DCN	KRT23	3	1	-2.134242984493089	0.0017309482699877255	-4.31795256786814
DCN	ITGB8	3	1	-2.162899340346758	0.042100702296009755	-4.008388804536474
DCN	TSPAN8	8	1	-2.1863930645100007	0.05210072396467965	-5.471543328012698
DCN	DES	5	1	-2.2619132982575256	3.427383726327113	-5.928856916180053
DCN	CTRB1	3	1	-2.283164484351293	1.0352566147809357	-6.138096222700131
DCN	ARL14	2	1	-2.290437291982455	0.2399644144944726	-4.820838998459382
DCN	SCEL	3	1	-2.324534414451144	0.02186409039050326	-3.862403293408754
DCN	CGN	4	1	-2.329057891731199	0.009557266169820541	-4.762880467261077
DCN	KLF4	2	1	-2.360088707315469	5.568236285054044	-10.288413699684982
DCN	SCD	2	1	-2.401236608870243	0.1983615035663675	-5.000834721306854
DCN	MUC3A	5	1	-2.4083015833983095	0.055230951002609247	-5.064551619240383
DCN	CTRB2	3	1	-2.4180361362333147	0.8718437376798925	-6.282820789512316
DCN	ANXA2	5	1	-2.423573277388003	3.321023670635876	-4.2610977690887495
DCN	LTF	4	1	-2.4300188775328815	0.410502920775851	-4.088950516677719
DCN	GOLM1	3	1	-2.4427772730521875	2.645815662982801	-8.311273973182079
DCN	VSIG1	2	1	-2.475341144605163	0.2340939119934815	-5.184776201203808
DCN	AKAP6	3	1	-2.4866095708337026	2.5405064137375186	-5.649602115102237
DCN	CYSTM1	4	1	-2.534164006864156	0.9210092362017778	-6.169247728513888
DCN	ITGA5	4	1	-2.5522588448319112	5.633633694769457	-4.038620554177631
DCN	NQO1	6	1	-2.6012803304550207	0.24282044304802794	-4.119786289212395
DCN	TMC5	7	1	-2.607350492405827	0.3441083078676543	-4.517017277763639
DCN	HMGA1	6	1	-2.667205693171021	2.401589169158384	-5.8839434433534565
DCN	KRT15	3	1	-2.6913616197080295	0.15801216124860365	-4.186968604908254
DCN	IFI27	3	1	-2.742138699154146	1.213747516564645	-3.2902318506481865
DCN	RBP1	2	1	-2.766688149427987	1.5507494630113545	-7.084125761867329
DCN	PADI1	4	1	-2.8002428850119503	0.43115263880164095	-3.677147881880913
DCN	TFF1	7	1	-2.902256056342147	2.1534987146995412	-7.6631579070527165
DCN	PPP1R14A	3	1	-2.914856738422861	5.294162925295315	-4.076644850383583
DCN	NTRK3	2	1	-2.9671181919984186	2.193739907975975	-8.127976291972812
DCN	AHNAK2	3	1	-3.11299052367449	0.0994160543486048	-3.324726303255966
DCN	INPP4B	4	1	-3.178786824033017	0.049833772695023267	-4.30994812256432
DCN	PHACTR3	3	1	-3.1927295659714847	0.04213907295583166	-3.3243497586954547
DCN	ITGA7	3	1	-3.226769442653044	3.7201945934713208	-4.274755087275205
DCN	AGR2	3	1	-3.268602966179704	0.06099866922989598	-4.408138049243483
DCN	EREG	2	1	-3.3009531842810684	0.29161085571044376	-6.89351722427258
DCN	ELF3	10	1	-3.3152829438263294	0.09537163090860036	-9.302597900075808
DCN	TNS4	4	1	-3.319013359796785	0.012468921300783213	-5.884633806935954
DCN	DNAJB1	2	1	-3.3201553726065884	0.09213104219211998	-6.732441787405297
DCN	SORBS1	3	1	-3.3555662153886883	2.699353550622193	-4.8524986938814445
DCN	ABCC3	6	1	-3.40425897630866	0.08143705939318832	-4.2922821519021355
DCN	EPHA2	6	1	-3.4530234390027092	0.44679541964001324	-6.54288022052535
DCN	ITGA3	5	1	-3.4546031479645603	0.3182698773208972	-5.30202338358452
DCN	PLAAT4	3	1	-3.465604056604703	1.0089035116827016	-3.914232190341742
DCN	GFRA1	3	1	-3.491178960085379	0.037682868520088696	-5.1181578482751515
DCN	KLK10	4	1	-3.5143694363982485	1.144879136972758	-6.711290966428423
DCN	HSPA1B	4	1	-3.541476291388898	1.7344396169347287	-6.950160554393822
DCN	MCAM	4	1	-3.5805759703002287	6.517896063443802	-7.111865917603981
DCN	CHRDL2	3	1	-3.5970078993195678	0.11936268415452822	-4.253246122802709
DCN	MMP12	4	1	-3.617629169638012	0.23079617254475016	-3.9802750018405404
DCN	RHOB	4	1	-3.64978243433155	2.680556077083171	-8.426828323178905
DCN	TFF2	6	1	-3.730794663618568	0.1131000637190787	-5.276883881042242
DCN	S1PR3	4	1	-3.736992145576128	6.236658936426063	-6.185037017002427
DCN	MYRF	3	1	-3.7703038894067356	1.2375958884227454	-3.942271731897624
DCN	GPRC5A	7	1	-3.80086874593023	0.14018115410588053	-4.704559098494133
DCN	ERBB3	3	1	-3.8832645911389143	0.10042895712300325	-5.177584739363716
DCN	MLPH	7	1	-3.895811656856362	1.116672092984206	-7.888409155353609
DCN	NET1	4	1	-3.962743160451491	0.755048587531786	-8.163233125686796
DCN	PDZK1IP1	7	1	-4.059874025376983	0.9749805811334157	-7.327199894271829
DCN	HSPA5	2	1	-4.09792031191048	0.9500528075474366	-9.145893431368396
DCN	UBD	4	1	-4.11292909466706	7.425773373551686	-6.268906461326944
DCN	DHRS9	3	1	-4.568642681925447	0.5758406714986505	-4.823399466139966
DCN	SEMA3D	1	0	-0.012261931105101135	-0.012261931105101135	-0.012261931105101135
DCN	PLK3	1	0	-0.012357616388308042	-0.012357616388308042	-0.012357616388308042
DCN	CALU	1	0	-0.013028591783369558	-0.013028591783369558	-0.013028591783369558
DCN	PROM1	3	0	-0.015218735478881036	-0.015127996213194515	-0.028817911903240758
DCN	KRT80	1	0	-0.02858367516079136	-0.02858367516079136	-0.02858367516079136
DCN	FDPS	1	0	-0.030040779590603188	-0.030040779590603188	-0.030040779590603188
DCN	KIF26B	1	0	-0.0439149516104134	-0.0439149516104134	-0.0439149516104134
DCN	RBP5	1	0	-0.04459272597008048	-0.04459272597008048	-0.04459272597008048
DCN	NR5A1	1	0	-0.04717955694043155	-0.04717955694043155	-0.04717955694043155
DCN	SLC3A1	1	0	-0.04762808228857229	-0.04762808228857229	-0.04762808228857229
DCN	IGFL3	1	0	-0.048869575416893504	-0.048869575416893504	-0.048869575416893504
DCN	KRT81	1	0	-0.05182249721368468	-0.05182249721368468	-0.05182249721368468
DCN	SLC35D3	1	0	-0.053761718757751265	-0.053761718757751265	-0.053761718757751265
DCN	MMRN1	1	0	-0.05742511255625455	-0.05742511255625455	-0.05742511255625455
DCN	AS3MT	1	0	-0.05935842570214581	-0.05935842570214581	-0.05935842570214581
DCN	SPRR4	1	0	-0.06054493975990958	-0.06054493975990958	-0.06054493975990958
DCN	CCDC198	1	0	-0.06153894884238186	-0.06153894884238186	-0.06153894884238186
DCN	RAB3C	1	0	-0.07368708623323883	-0.07368708623323883	-0.07368708623323883
DCN	MOGAT1	1	0	-0.07548209055574479	-0.07548209055574479	-0.07548209055574479
DCN	HABP2	1	0	-0.08369611547143016	-0.08369611547143016	-0.08369611547143016
DCN	CELF3	1	0	-0.08462244542833346	-0.08462244542833346	-0.08462244542833346
DCN	DHRS2	1	0	-0.08962884308082625	-0.08962884308082625	-0.08962884308082625
DCN	CCL28	1	0	-0.09629383297957371	-0.09629383297957371	-0.09629383297957371
DCN	C4orf19	1	0	-0.10280489815033507	-0.10280489815033507	-0.10280489815033507
DCN	FUT9	1	0	-0.10748423895298093	-0.10748423895298093	-0.10748423895298093
DCN	SCGB1A1	1	0	-0.11180341239541026	-0.11180341239541026	-0.11180341239541026
DCN	WDR72	1	0	-0.114549455430615	-0.114549455430615	-0.114549455430615
DCN	HNF4A	1	0	-0.1551384410876993	-0.1551384410876993	-0.1551384410876993
DCN	BNIP5	1	0	-0.176787321868262	-0.176787321868262	-0.176787321868262
DCN	ADAMTS12	1	0	-0.1807757044858416	-0.1807757044858416	-0.1807757044858416
DCN	NECTIN4	1	0	-0.1838647833167855	-0.1838647833167855	-0.1838647833167855
DCN	EPS8L1	1	0	-0.20522962005727483	-0.20522962005727483	-0.20522962005727483
DCN	SLC38A4	1	0	-0.20725063132393412	-0.20725063132393412	-0.20725063132393412
DCN	CYB5B	1	0	-0.20824895650216244	-0.20824895650216244	-0.20824895650216244
DCN	NGEF	1	0	-0.2168433697142353	-0.2168433697142353	-0.2168433697142353
DCN	EBP	1	0	-0.2200211823721568	-0.2200211823721568	-0.2200211823721568
DCN	AMTN	1	0	-0.22355266195087933	-0.22355266195087933	-0.22355266195087933
DCN	FAM222A	1	0	-0.22523140126244698	-0.22523140126244698	-0.22523140126244698
DCN	ZC3H12A	1	0	-0.22635889926987224	-0.22635889926987224	-0.22635889926987224
DCN	PROS1	1	0	-0.2319653580940477	-0.2319653580940477	-0.2319653580940477
DCN	PLA2G10	1	0	-0.23600733521891387	-0.23600733521891387	-0.23600733521891387
DCN	ATP10A	1	0	-0.23668205323408784	-0.23668205323408784	-0.23668205323408784
DCN	FA2H	1	0	-0.23867211126055016	-0.23867211126055016	-0.23867211126055016
DCN	LSS	1	0	-0.24456527693189287	-0.24456527693189287	-0.24456527693189287
DCN	HMGCR	1	0	-0.2571460696779369	-0.2571460696779369	-0.2571460696779369
DCN	WNK1	1	0	-0.25936846888347354	-0.25936846888347354	-0.25936846888347354
DCN	CPS1	1	0	-0.2628231949019715	-0.2628231949019715	-0.2628231949019715
DCN	CRLF1	1	0	-0.2778870926588656	-0.2778870926588656	-0.2778870926588656
DCN	CAPN12	1	0	-0.27897077103638707	-0.27897077103638707	-0.27897077103638707
DCN	SLC1A2	1	0	-0.2914788405240368	-0.2914788405240368	-0.2914788405240368
DCN	TTC9	1	0	-0.30575138986068834	-0.30575138986068834	-0.30575138986068834
DCN	HSPH1	1	0	-0.30576845484491916	-0.30576845484491916	-0.30576845484491916
DCN	TRIM2	1	0	-0.32392851893161295	-0.32392851893161295	-0.32392851893161295
DCN	POU2AF1	1	0	-0.32851532988968923	-0.32851532988968923	-0.32851532988968923
DCN	EPS8L2	1	0	-0.34989806497447584	-0.34989806497447584	-0.34989806497447584
DCN	GRIA3	1	0	-0.35005339997747287	-0.35005339997747287	-0.35005339997747287
DCN	ADH1C	1	0	-0.3515226050749525	-0.3515226050749525	-0.3515226050749525
DCN	PCDH7	2	0	-0.3530041901312002	-0.0991792189061634	-0.606829161356237
DCN	AMDHD1	1	0	-0.36036654006747243	-0.36036654006747243	-0.36036654006747243
DCN	FHL5	1	0	-0.3617156111884334	-0.3617156111884334	-0.3617156111884334
DCN	ANKRD40CL	1	0	-0.36185923210298865	-0.36185923210298865	-0.36185923210298865
DCN	ITGA2	2	0	-0.3633473745859155	-0.1799712891886434	-0.5467234599831875
DCN	RGS1	1	0	-0.3694875646951365	-0.3694875646951365	-0.3694875646951365
DCN	HSD11B2	2	0	-0.3837558782149839	-0.102047688694576	-0.6654640677353918
DCN	GALNT4	1	0	-0.3930298750493494	-0.3930298750493494	-0.3930298750493494
DCN	MYH9	1	0	-0.40054894650876877	-0.40054894650876877	-0.40054894650876877
DCN	ENAH	1	0	-0.40639473619272276	-0.40639473619272276	-0.40639473619272276
DCN	TM7SF2	1	0	-0.4079751465562546	-0.4079751465562546	-0.4079751465562546
DCN	WHRN	1	0	-0.41605050598609894	-0.41605050598609894	-0.41605050598609894
DCN	TKT	1	0	-0.4168651567079904	-0.4168651567079904	-0.4168651567079904
DCN	ANGPTL7	1	0	-0.41751110416466874	-0.41751110416466874	-0.41751110416466874
DCN	FADS2	1	0	-0.43315926514175734	-0.43315926514175734	-0.43315926514175734
DCN	DHCR24	1	0	-0.4346851929882557	-0.4346851929882557	-0.4346851929882557
DCN	AKR1C1	1	0	-0.4600875967627646	-0.4600875967627646	-0.4600875967627646
DCN	DYNLL2	1	0	-0.48301387366786447	-0.48301387366786447	-0.48301387366786447
DCN	NR1I2	1	0	-0.489800786491757	-0.489800786491757	-0.489800786491757
DCN	C2CD2	1	0	-0.49441338334370666	-0.49441338334370666	-0.49441338334370666
DCN	ABHD2	1	0	-0.5116333603006246	-0.5116333603006246	-0.5116333603006246
DCN	CHIT1	1	0	-0.523516451325676	-0.523516451325676	-0.523516451325676
DCN	HS3ST2	1	0	-0.5253031652962548	-0.5253031652962548	-0.5253031652962548
DCN	SPINT1	4	0	-0.5506131261263053	-0.27685376693188546	-4.003416899811111
DCN	MUC17	3	0	-0.5563767641346424	-0.14166638056377148	-4.85882424067581
DCN	SLCO2A1	1	0	-0.5618965116863974	-0.5618965116863974	-0.5618965116863974
DCN	AKR1C3	2	0	-0.5733986493263227	-0.3222688598202051	-0.8245284388324402
DCN	RBP4	1	0	-0.5748904538229233	-0.5748904538229233	-0.5748904538229233
DCN	PAK4	1	0	-0.5774191308984284	-0.5774191308984284	-0.5774191308984284
DCN	METRNL	1	0	-0.5862514499464462	-0.5862514499464462	-0.5862514499464462
DCN	CDKN1C	1	0	-0.5920434741273034	-0.5920434741273034	-0.5920434741273034
DCN	CLDN6	1	0	-0.6022415654466394	-0.6022415654466394	-0.6022415654466394
DCN	SLC7A11	2	0	-0.6100646005855912	-0.18024916619305997	-1.0398800349781223
DCN	NSDHL	1	0	-0.6137354681519237	-0.6137354681519237	-0.6137354681519237
DCN	CTSB	2	0	-0.6348414797104329	-0.5685713735049206	-0.7011115859159454
DCN	ANKRD1	1	0	-0.6398619070502237	-0.6398619070502237	-0.6398619070502237
DCN	ONECUT2	3	0	-0.6420675477082447	-0.034350332418575415	-5.619635494924141
DCN	DCBLD2	2	0	-0.6647802749737746	-0.2478772075566124	-1.0816833423909367
DCN	FAM3D	2	0	-0.6653798845092104	-0.21611887334582588	-1.1146408956725948
DCN	SRSF2	1	0	-0.6694393132111217	-0.6694393132111217	-0.6694393132111217
DCN	SYT13	1	0	-0.670627911931465	-0.670627911931465	-0.670627911931465
DCN	PHGDH	1	0	-0.6708614367504696	-0.6708614367504696	-0.6708614367504696
DCN	MOB4	1	0	-0.6966379045735298	-0.6966379045735298	-0.6966379045735298
DCN	ANLN	1	0	-0.699907593591353	-0.699907593591353	-0.699907593591353
DCN	B4GALT1	1	0	-0.7005673154589095	-0.7005673154589095	-0.7005673154589095
DCN	CCL8	1	0	-0.715806088765618	-0.715806088765618	-0.715806088765618
DCN	RBBP7	1	0	-0.7197518127311907	-0.7197518127311907	-0.7197518127311907
DCN	TM4SF20	1	0	-0.7244770838006326	-0.7244770838006326	-0.7244770838006326
DCN	PMEPA1	2	0	-0.7250013892338238	-0.03704513855787575	-1.4129576399097719
DCN	HMGCS2	2	0	-0.7371758411155392	-0.09745813864054004	-1.3768935435905385
DCN	LIF	2	0	-0.7401957741178785	-0.11415293501797945	-1.3662386132177775
DCN	PROM2	3	0	-0.7501924320520794	-0.2645219483323953	-3.003540262080519
DCN	ZFP36L1	1	0	-0.7518979632760878	-0.7518979632760878	-0.7518979632760878
DCN	LTBP4	1	0	-0.7762087284669715	-0.7762087284669715	-0.7762087284669715
DCN	CDCP1	1	0	-0.7827817282088588	-0.7827817282088588	-0.7827817282088588
DCN	H1F0	1	0	-0.7909859771553578	-0.7909859771553578	-0.7909859771553578
DCN	FXYD1	2	0	-0.7984807962807392	-0.05232745756786796	-1.5446341349936104
DCN	AQP9	1	0	-0.8031704137984771	-0.8031704137984771	-0.8031704137984771
DCN	ST14	1	0	-0.8053874052252616	-0.8053874052252616	-0.8053874052252616
DCN	ACAT2	1	0	-0.8175573189326703	-0.8175573189326703	-0.8175573189326703
DCN	KYNU	1	0	-0.8543953757773632	-0.8543953757773632	-0.8543953757773632
DCN	AC119396.1	1	0	-0.8788183433466674	-0.8788183433466674	-0.8788183433466674
DCN	CYP2S1	1	0	-0.8893290124693384	-0.8893290124693384	-0.8893290124693384
DCN	INAVA	5	0	-0.8904011874311208	-0.4698998213549497	-3.8002350712339816
DCN	SLC22A3	1	0	-0.8915056967571414	-0.8915056967571414	-0.8915056967571414
DCN	PTGS2	2	0	-0.8946967805570193	-0.5353692805805004	-1.2540242805335382
DCN	SHB	1	0	-0.900168866333385	-0.900168866333385	-0.900168866333385
DCN	TXN	1	0	-0.9063019494052627	-0.9063019494052627	-0.9063019494052627
DCN	DLG5	1	0	-0.9278320485612123	-0.9278320485612123	-0.9278320485612123
DCN	IFIT2	1	0	-0.9309196857830444	-0.9309196857830444	-0.9309196857830444
DCN	CEACAM7	3	0	-0.9398784785881474	-0.48795833143120454	-2.045033062313239
DCN	CTNNB1	1	0	-0.963709899211757	-0.963709899211757	-0.963709899211757
DCN	CLDN3	1	0	-0.9691233236459953	-0.9691233236459953	-0.9691233236459953
DCN	CLCA1	1	0	-0.973742161454267	-0.973742161454267	-0.973742161454267
DCN	SKIL	1	0	-0.9969869233147775	-0.9969869233147775	-0.9969869233147775
DCN	PPP1R1A	2	0	-1.0123693718594846	-0.20801544276798467	-1.8167233009509847
DCN	CAPG	2	0	-1.0155464533634615	-0.7597833335053912	-1.2713095732215318
DCN	KRT13	3	0	-1.030286097788575	-0.3348979404693461	-2.157232985596703
DCN	AKR1B10	1	0	-1.0465231460604634	-1.0465231460604634	-1.0465231460604634
DCN	CXCL10	1	0	-1.0574194736368596	-1.0574194736368596	-1.0574194736368596
DCN	CHMP2A	1	0	-1.0738079268980287	-1.0738079268980287	-1.0738079268980287
DCN	ACTL8	1	0	-1.0793916517530988	-1.0793916517530988	-1.0793916517530988
DCN	CDHR2	1	0	-1.0836998766545778	-1.0836998766545778	-1.0836998766545778
DCN	PALM2-AKAP2	1	0	-1.093985691901575	-1.093985691901575	-1.093985691901575
DCN	PTPRF	2	0	-1.115908538267895	-0.22658237825751887	-2.0052346982782714
DCN	PRPH	1	0	-1.1508435779634174	-1.1508435779634174	-1.1508435779634174
DCN	CD19	1	0	-1.1639253576032975	-1.1639253576032975	-1.1639253576032975
DCN	SPHK1	1	0	-1.1776338957572239	-1.1776338957572239	-1.1776338957572239
DCN	ENTPD2	1	0	-1.1778515796816384	-1.1778515796816384	-1.1778515796816384
DCN	VIL1	1	0	-1.1850974579314848	-1.1850974579314848	-1.1850974579314848
DCN	SEL1L3	1	0	-1.195287561398301	-1.195287561398301	-1.195287561398301
DCN	EMP1	1	0	-1.2143500150090005	-1.2143500150090005	-1.2143500150090005
DCN	EIF4B	1	0	-1.2238636420703675	-1.2238636420703675	-1.2238636420703675
DCN	TNFRSF11B	1	0	-1.2272425257821913	-1.2272425257821913	-1.2272425257821913
DCN	MT1F	1	0	-1.2308603153836224	-1.2308603153836224	-1.2308603153836224
DCN	IRF8	1	0	-1.2446921615472388	-1.2446921615472388	-1.2446921615472388
DCN	SMIM24	2	0	-1.2653465084946673	-0.6680833345679356	-1.8626096824213993
DCN	SEMA3B	2	0	-1.2725091759564395	-0.14950359556355122	-2.395514756349328
DCN	GUCY1A1	2	0	-1.2952042149840852	-0.5845751376069565	-2.005833292361214
DCN	CRIM1	1	0	-1.3336087122184175	-1.3336087122184175	-1.3336087122184175
DCN	CXCL11	1	0	-1.3579420565319162	-1.3579420565319162	-1.3579420565319162
DCN	ACSS2	1	0	-1.360960485497133	-1.360960485497133	-1.360960485497133
DCN	ECH1	1	0	-1.3978831734174146	-1.3978831734174146	-1.3978831734174146
DCN	ANXA3	4	0	-1.3978937339254691	-0.524550143235902	-4.8344576666278165
DCN	CHMP1B	1	0	-1.4667617497848557	-1.4667617497848557	-1.4667617497848557
DCN	MUC4	4	0	-1.4870950022845073	-0.13477817237336312	-4.723048687421017
DCN	PRSS8	2	0	-1.5175814250844262	-0.20622219373405454	-2.828940656434798
DCN	HIST1H2AB	1	0	-1.5186127370074578	-1.5186127370074578	-1.5186127370074578
DCN	PABPC1	1	0	-1.53102201086197	-1.53102201086197	-1.53102201086197
DCN	LMNA	2	0	-1.532217257687045	-0.1278993474816246	-2.9365351678924654
DCN	EGFL7	1	0	-1.56620262683712	-1.56620262683712	-1.56620262683712
DCN	PAX5	1	0	-1.5746301364408701	-1.5746301364408701	-1.5746301364408701
DCN	G6PD	1	0	-1.5870295465126383	-1.5870295465126383	-1.5870295465126383
DCN	SLC39A4	1	0	-1.5955118878653083	-1.5955118878653083	-1.5955118878653083
DCN	DEGS2	1	0	-1.6029870047636745	-1.6029870047636745	-1.6029870047636745
DCN	SULT2B1	1	0	-1.603886742833517	-1.603886742833517	-1.603886742833517
DCN	CRYAB	2	0	-1.6043296733035528	-1.1120156048022645	-2.0966437418048414
DCN	AKR1C2	4	0	-1.627601518271445	-0.25686312144829965	-7.231473902811769
DCN	DSP	1	0	-1.6442869007314735	-1.6442869007314735	-1.6442869007314735
DCN	HSPA6	1	0	-1.6477848142874096	-1.6477848142874096	-1.6477848142874096
DCN	PSMD8	1	0	-1.6581493899253927	-1.6581493899253927	-1.6581493899253927
DCN	MAPK15	1	0	-1.6587079256725776	-1.6587079256725776	-1.6587079256725776
DCN	FAM49B	1	0	-1.664765589661473	-1.664765589661473	-1.664765589661473
DCN	IFI44L	3	0	-1.6847274438371858	-0.7660446870137089	-5.846366975903962
DCN	SPOCK2	1	0	-1.6882150438421402	-1.6882150438421402	-1.6882150438421402
DCN	CRIP1	3	0	-1.6979762951999184	-1.441186551239011	-9.747730393625302
DCN	IGHMBP2	1	0	-1.7152397195021454	-1.7152397195021454	-1.7152397195021454
DCN	UBE2C	1	0	-1.722410398251084	-1.722410398251084	-1.722410398251084
DCN	PCSK6	1	0	-1.7638726006125973	-1.7638726006125973	-1.7638726006125973
DCN	SHANK3	1	0	-1.7647352471453899	-1.7647352471453899	-1.7647352471453899
DCN	CYP4F22	1	0	-1.7789354028447395	-1.7789354028447395	-1.7789354028447395
DCN	KLK8	2	0	-1.8342147143558325	-1.0681976346475117	-2.6002317940641535
DCN	SLC12A2	1	0	-1.8764084553784364	-1.8764084553784364	-1.8764084553784364
DCN	CRCT1	1	0	-1.8854395948364764	-1.8854395948364764	-1.8854395948364764
DCN	ST3GAL4	1	0	-1.896148343878132	-1.896148343878132	-1.896148343878132
DCN	HSPB8	1	0	-1.8988317868941413	-1.8988317868941413	-1.8988317868941413
DCN	CAPN8	2	0	-1.8993377176249697	-0.19329225770414957	-3.60538317754579
DCN	KCNK16	1	0	-1.902881057726946	-1.902881057726946	-1.902881057726946
DCN	AQP5	3	0	-1.9045742959590672	-0.008459238904550618	-1.913775921900474
DCN	TNFRSF6B	2	0	-1.9536483595547738	-1.8348244845567516	-2.072472234552796
DCN	CCL15	1	0	-1.9572599191461608	-1.9572599191461608	-1.9572599191461608
DCN	ZFP36	1	0	-1.9712619787627357	-1.9712619787627357	-1.9712619787627357
DCN	KRT4	1	0	-1.986705622856241	-1.986705622856241	-1.986705622856241
DCN	LMO7	3	0	-2.0047410717428242	-0.1296143578916693	-4.500583602690117
DCN	AMN	2	0	-2.0168293974498694	-0.20623565279423559	-3.827423142105503
DCN	CLIC3	2	0	-2.0193489898331567	-1.327858844601317	-2.710839135064996
DCN	FXYD2	2	0	-2.0269098366737834	-0.06325783021022492	-3.990561843137342
DCN	MSMB	1	0	-2.0411497801347323	-2.0411497801347323	-2.0411497801347323
DCN	SFRP5	1	0	-2.0446284575952034	-2.0446284575952034	-2.0446284575952034
DCN	NEURL3	2	0	-2.0531829490076854	-0.4761047261157597	-3.6302611718996114
DCN	PLCH2	1	0	-2.054233812236498	-2.054233812236498	-2.054233812236498
DCN	SBSPON	2	0	-2.058896606744218	-0.15777615258019298	-3.960017060908243
DCN	CARNS1	1	0	-2.0672931809097173	-2.0672931809097173	-2.0672931809097173
DCN	SEPTIN1	1	0	-2.0795653330053105	-2.0795653330053105	-2.0795653330053105
DCN	REG1B	3	0	-2.089804200687257	-0.03778406769121496	-7.0503467608680195
DCN	ENC1	1	0	-2.0983507733618536	-2.0983507733618536	-2.0983507733618536
DCN	MALL	3	0	-2.102038515999561	-1.0040385558226068	-6.479918085724248
DCN	TFPI2	1	0	-2.1090663859169725	-2.1090663859169725	-2.1090663859169725
DCN	WNT10A	1	0	-2.1424717063119414	-2.1424717063119414	-2.1424717063119414
DCN	SCN9A	1	0	-2.142516570294842	-2.142516570294842	-2.142516570294842
DCN	TRBC2	1	0	-2.1561822720155366	-2.1561822720155366	-2.1561822720155366
DCN	CD79A	1	0	-2.1580621268521756	-2.1580621268521756	-2.1580621268521756
DCN	PSMC4	1	0	-2.162732579119533	-2.162732579119533	-2.162732579119533
DCN	C15orf48	6	0	-2.17641875908863	-0.13186755209507706	-7.484923591164534
DCN	CPXM2	2	0	-2.193932907853886	-1.955167426901969	-2.4326983888058034
DCN	ACAP1	1	0	-2.201964713373408	-2.201964713373408	-2.201964713373408
DCN	EFNA1	4	0	-2.2061604580423313	-0.14151650750843017	-7.2868516901068645
DCN	PTGES	1	0	-2.231375903577338	-2.231375903577338	-2.231375903577338
DCN	UPK3B	1	0	-2.2516677711812063	-2.2516677711812063	-2.2516677711812063
DCN	PLEKHG6	1	0	-2.2531034191414183	-2.2531034191414183	-2.2531034191414183
DCN	LPCAT4	1	0	-2.266139375212209	-2.266139375212209	-2.266139375212209
DCN	PRSS3	1	0	-2.299482866299465	-2.299482866299465	-2.299482866299465
DCN	CORO1A	1	0	-2.3012939805457426	-2.3012939805457426	-2.3012939805457426
DCN	IGFN1	1	0	-2.3090712006431975	-2.3090712006431975	-2.3090712006431975
DCN	BICDL2	1	0	-2.3097811995244824	-2.3097811995244824	-2.3097811995244824
DCN	SLC4A4	2	0	-2.317138792190805	-0.3083843381787571	-4.3258932462028525
DCN	FCRL1	2	0	-2.326339145999178	-1.8509369050685676	-2.8017413869297885
DCN	NR5A2	2	0	-2.341881130442355	-0.13861572407548747	-4.545146536809223
DCN	ZBED2	1	0	-2.3463437502281006	-2.3463437502281006	-2.3463437502281006
DCN	MUC20	2	0	-2.3546728262183163	-0.7283596732146684	-3.980985979221964
DCN	CCDC69	1	0	-2.367757425934258	-2.367757425934258	-2.367757425934258
DCN	IKZF1	1	0	-2.38110523809611	-2.38110523809611	-2.38110523809611
DCN	HOXB6	1	0	-2.3884785688827415	-2.3884785688827415	-2.3884785688827415
DCN	ZNF185	1	0	-2.3912407199188785	-2.3912407199188785	-2.3912407199188785
DCN	IL20RB	1	0	-2.3994619840940286	-2.3994619840940286	-2.3994619840940286
DCN	EPPK1	2	0	-2.4173153943661325	-0.13944914021813387	-4.695181648514131
DCN	LSR	4	0	-2.4194529298251	-0.5805849674418346	-3.6739062138590484
DCN	CRYBG2	1	0	-2.4377672792734004	-2.4377672792734004	-2.4377672792734004
DCN	TRAC	1	0	-2.4453678127431	-2.4453678127431	-2.4453678127431
DCN	SCTR	2	0	-2.456693846676887	-0.17222916773324293	-4.741158525620531
DCN	FER1L6	2	0	-2.4699346002981377	-0.1375947101630165	-4.802274490433259
DCN	GCNT3	5	0	-2.491180769238218	-0.08220479179640477	-4.254565169045789
DCN	ACKR1	2	0	-2.4913541656460807	-1.0366918970615517	-3.94601643423061
DCN	AMBP	2	0	-2.494558490348068	-0.7629217171326176	-4.226195263563518
DCN	NRARP	1	0	-2.496291446114167	-2.496291446114167	-2.496291446114167
DCN	PPP1R12B	2	0	-2.4975579388434017	-0.5415505782360186	-4.453565299450785
DCN	WNT7A	1	0	-2.4995546627311325	-2.4995546627311325	-2.4995546627311325
DCN	SLC5A1	1	0	-2.5026622258441833	-2.5026622258441833	-2.5026622258441833
DCN	RGS9	1	0	-2.510842878280512	-2.510842878280512	-2.510842878280512
DCN	NRXN1	2	0	-2.5173722977844775	-0.14974570167371265	-4.884998893895243
DCN	TBC1D10C	1	0	-2.537003386567751	-2.537003386567751	-2.537003386567751
DCN	CKLF	1	0	-2.550953149279024	-2.550953149279024	-2.550953149279024
DCN	ANK2	1	0	-2.5986084354544277	-2.5986084354544277	-2.5986084354544277
DCN	TMEM184A	1	0	-2.6302766629111587	-2.6302766629111587	-2.6302766629111587
DCN	SERPINI2	1	0	-2.6322930402383293	-2.6322930402383293	-2.6322930402383293
DCN	ECRG4	1	0	-2.6538178116048288	-2.6538178116048288	-2.6538178116048288
DCN	BIRC3	1	0	-2.660333361562206	-2.660333361562206	-2.660333361562206
DCN	MUC5AC	4	0	-2.678386065674987	-0.027409417790218743	-6.776407819990017
DCN	CD3D	1	0	-2.6882104100854898	-2.6882104100854898	-2.6882104100854898
DCN	CR2	1	0	-2.7066740619168113	-2.7066740619168113	-2.7066740619168113
DCN	RIPOR2	1	0	-2.736681291632137	-2.736681291632137	-2.736681291632137
DCN	FAM3B	1	0	-2.7376535605716104	-2.7376535605716104	-2.7376535605716104
DCN	SERPINB2	2	0	-2.7429905662773644	-0.15763225728045624	-5.328348875274273
DCN	ACER2	1	0	-2.7598040548713936	-2.7598040548713936	-2.7598040548713936
DCN	CCR7	2	0	-2.762003926716286	-2.5868703341728594	-2.937137519259713
DCN	TAGLN2	1	0	-2.783989174919849	-2.783989174919849	-2.783989174919849
DCN	MDFI	1	0	-2.7882865525969733	-2.7882865525969733	-2.7882865525969733
DCN	BNIP3L	2	0	-2.8005681476997184	-2.4516901420336294	-3.1494461533658074
DCN	CAPN13	1	0	-2.8008745610432264	-2.8008745610432264	-2.8008745610432264
DCN	CD52	2	0	-2.8050122185751345	-2.240682436384174	-3.3693420007660944
DCN	HMGA2	4	0	-2.8066738474377506	-0.27561405945550144	-4.666022687194636
DCN	TRNP1	4	0	-2.862791749190685	-1.9441726477500005	-4.355430684427946
DCN	SCRG1	2	0	-2.8633457946646432	-2.569505025526096	-3.15718656380319
DCN	DEFB1	2	0	-2.874095087767466	-0.8560818234501688	-4.892108352084763
DCN	PLS1	1	0	-2.8803211470370167	-2.8803211470370167	-2.8803211470370167
DCN	B4GALNT3	1	0	-2.885141848149807	-2.885141848149807	-2.885141848149807
DCN	KCP	1	0	-2.8869581811429117	-2.8869581811429117	-2.8869581811429117
DCN	BHLHE40	1	0	-2.9386515922406926	-2.9386515922406926	-2.9386515922406926
DCN	DNASE1L3	1	0	-2.941952398381996	-2.941952398381996	-2.941952398381996
DCN	TRAF3IP3	1	0	-2.947900484670748	-2.947900484670748	-2.947900484670748
DCN	TAF11L2	1	0	-2.9577452569549894	-2.9577452569549894	-2.9577452569549894
DCN	DTNA	1	0	-2.990603197316978	-2.990603197316978	-2.990603197316978
DCN	PRR15L	4	0	-3.002127717434594	-0.05279898342739672	-4.1051059466582815
DCN	MFSD11	1	0	-3.012950681027325	-3.012950681027325	-3.012950681027325
DCN	TMPRSS4	6	0	-3.018634875533338	-0.21376101681548423	-5.861761711327416
DCN	ANKRD36C	1	0	-3.0249226591081166	-3.0249226591081166	-3.0249226591081166
DCN	CKB	3	0	-3.0405424575126663	-2.542841954585629	-7.5118016946632995
DCN	SYCN	2	0	-3.0406418999721034	-0.03895115105158924	-6.042332648892618
DCN	AHR	1	0	-3.043133297217977	-3.043133297217977	-3.043133297217977
DCN	MS4A1	2	0	-3.0460985013321413	-1.3607804437884035	-4.731416558875879
DCN	C1orf116	1	0	-3.058032541882106	-3.058032541882106	-3.058032541882106
DCN	DDR1	2	0	-3.066063212878381	-2.1204874409358494	-4.011638984820912
DCN	ACTN4	1	0	-3.069753736464411	-3.069753736464411	-3.069753736464411
DCN	CYP3A5	5	0	-3.0794730273489	-0.0779458075657353	-4.727540696344154
DCN	LCN12	1	0	-3.0797998390645787	-3.0797998390645787	-3.0797998390645787
DCN	CA2	3	0	-3.0824980022148494	-0.16655021885820684	-4.563499893201869
DCN	RCAN2	1	0	-3.1048533391954374	-3.1048533391954374	-3.1048533391954374
DCN	ADARB1	1	0	-3.105513090165083	-3.105513090165083	-3.105513090165083
DCN	MSLN	1	0	-3.108623845169337	-3.108623845169337	-3.108623845169337
DCN	TM4SF1	4	0	-3.115857636305588	-0.8608226211095924	-4.538741780223278
DCN	SLC44A4	3	0	-3.132627874133039	-0.01145091987334151	-3.6821274572443596
DCN	CCDC3	2	0	-3.1339063519751806	-1.9123227644061151	-4.355489939544246
DCN	ZNF888	1	0	-3.1424319411911714	-3.1424319411911714	-3.1424319411911714
DCN	MAL2	7	0	-3.145418017162761	-0.07356736530796801	-9.045330793209297
DCN	PRUNE2	2	0	-3.1522738169786417	-2.970802434847485	-3.3337451991097984
DCN	FCMR	2	0	-3.1585977225730586	-2.5288978045878223	-3.788297640558295
DCN	SDC4	5	0	-3.1626427382104962	-0.30284514945068797	-9.710280003803904
DCN	FOXF1	1	0	-3.164293988427851	-3.164293988427851	-3.164293988427851
DCN	PKIG	1	0	-3.1649008741510016	-3.1649008741510016	-3.1649008741510016
DCN	GREM2	1	0	-3.1735419877868005	-3.1735419877868005	-3.1735419877868005
DCN	AC007906.2	2	0	-3.1997720242424323	-2.271935030365414	-4.1276090181194505
DCN	ACSM3	1	0	-3.2257407061036445	-3.2257407061036445	-3.2257407061036445
DCN	PNLIPRP1	2	0	-3.2271707653511887	-1.001394570283152	-5.452946960419226
DCN	JPH2	2	0	-3.227984189740991	-3.1197373254870966	-3.336231053994886
DCN	PTK6	1	0	-3.2476477721139423	-3.2476477721139423	-3.2476477721139423
DCN	PIM3	1	0	-3.2512003908642533	-3.2512003908642533	-3.2512003908642533
DCN	PALM3	2	0	-3.2521262387209315	-1.819078481411908	-4.685173996029955
DCN	PRXL2B	2	0	-3.258195477728516	-1.865301291799153	-4.651089663657879
DCN	NIBAN3	1	0	-3.260565272856179	-3.260565272856179	-3.260565272856179
DCN	MME	1	0	-3.2621628715147155	-3.2621628715147155	-3.2621628715147155
DCN	MYEOV	1	0	-3.2861223687664602	-3.2861223687664602	-3.2861223687664602
DCN	BIRC7	1	0	-3.289240909869661	-3.289240909869661	-3.289240909869661
DCN	PGM5	1	0	-3.297587071699476	-3.297587071699476	-3.297587071699476
DCN	CACNB2	1	0	-3.298562245824655	-3.298562245824655	-3.298562245824655
DCN	TSPAN13	1	0	-3.3104054978679294	-3.3104054978679294	-3.3104054978679294
DCN	CLDN7	3	0	-3.344118265179453	-1.2586572031116388	-9.602315235890643
DCN	PLAAT3	1	0	-3.345119975643369	-3.345119975643369	-3.345119975643369
DCN	CD79B	1	0	-3.348247232891294	-3.348247232891294	-3.348247232891294
DCN	FSTL3	1	0	-3.3764824527491704	-3.3764824527491704	-3.3764824527491704
DCN	GALNT3	1	0	-3.38050382264304	-3.38050382264304	-3.38050382264304
DCN	FABP4	1	0	-3.3812714563010577	-3.3812714563010577	-3.3812714563010577
DCN	MMP1	2	0	-3.391255856220183	-3.133881160483317	-3.6486305519570483
DCN	LYPD2	2	0	-3.406982734857866	-2.2827272013923308	-4.531238268323401
DCN	GP2	2	0	-3.408445656402149	-0.19643877562609344	-6.620452537178204
DCN	CSTB	4	0	-3.414393504165648	-0.9537445170715043	-12.581455043725668
DCN	WNT11	1	0	-3.4155248455472424	-3.4155248455472424	-3.4155248455472424
DCN	C12orf75	1	0	-3.417504885626856	-3.417504885626856	-3.417504885626856
DCN	HMCN2	1	0	-3.4290215228146943	-3.4290215228146943	-3.4290215228146943
DCN	TMC8	1	0	-3.43213785800781	-3.43213785800781	-3.43213785800781
DCN	MT1H	1	0	-3.4468587296282345	-3.4468587296282345	-3.4468587296282345
DCN	ADAM9	1	0	-3.45787718728604	-3.45787718728604	-3.45787718728604
DCN	RAPGEFL1	1	0	-3.461241511249132	-3.461241511249132	-3.461241511249132
DCN	CAV1	2	0	-3.481442753795987	-0.49000401114622916	-6.472881496445745
DCN	RASGRP2	1	0	-3.4834169469983074	-3.4834169469983074	-3.4834169469983074
DCN	OAS3	1	0	-3.4888442864125953	-3.4888442864125953	-3.4888442864125953
DCN	NDRG1	1	0	-3.490919568118327	-3.490919568118327	-3.490919568118327
DCN	CFL2	2	0	-3.5035879128725367	-3.3184996682234105	-3.688676157521663
DCN	ALS2CL	2	0	-3.5155896407777325	-2.866933846619661	-4.164245434935804
DCN	TRPV6	1	0	-3.5429318461625656	-3.5429318461625656	-3.5429318461625656
DCN	MMP28	2	0	-3.5498634063907035	-2.5583220041541868	-4.54140480862722
DCN	RBPJL	1	0	-3.5766183158694727	-3.5766183158694727	-3.5766183158694727
DCN	TMC4	1	0	-3.581198828624278	-3.581198828624278	-3.581198828624278
DCN	MBOAT1	1	0	-3.586504207906607	-3.586504207906607	-3.586504207906607
DCN	PCDH1	4	0	-3.6034934003780332	-0.9174671430850021	-11.114956001632697
DCN	MYL12B	1	0	-3.6085036408494124	-3.6085036408494124	-3.6085036408494124
DCN	PDZK1	1	0	-3.623680240939954	-3.623680240939954	-3.623680240939954
DCN	TRAK1	1	0	-3.640303830695915	-3.640303830695915	-3.640303830695915
DCN	MAP3K20	1	0	-3.642946662512584	-3.642946662512584	-3.642946662512584
DCN	RBPMS	1	0	-3.645809524992789	-3.645809524992789	-3.645809524992789
DCN	EVL	1	0	-3.6461753958095664	-3.6461753958095664	-3.6461753958095664
DCN	C3orf70	1	0	-3.6620751219649716	-3.6620751219649716	-3.6620751219649716
DCN	GSTK1	1	0	-3.6627421318954796	-3.6627421318954796	-3.6627421318954796
DCN	PODXL	2	0	-3.677006836848411	-0.9385016372579053	-6.415512036438916
DCN	CUZD1	1	0	-3.679020241693348	-3.679020241693348	-3.679020241693348
DCN	ERICH5	2	0	-3.739537308541445	-2.7042190076113397	-4.774855609471551
DCN	ERBB2	1	0	-3.746615908856413	-3.746615908856413	-3.746615908856413
DCN	SELL	1	0	-3.77835713223315	-3.77835713223315	-3.77835713223315
DCN	SLC2A4	1	0	-3.7832564271428017	-3.7832564271428017	-3.7832564271428017
DCN	PLA2G1B	2	0	-3.7853291758550744	-0.8613454083524039	-6.709312943357745
DCN	F5	2	0	-3.8202228527026003	-1.2967871187211852	-6.343658586684016
DCN	SERPINB5	2	0	-3.8243206435566623	-1.2759402409312401	-6.372701046182085
DCN	BARX1	1	0	-3.8329674170951886	-3.8329674170951886	-3.8329674170951886
DCN	CD22	1	0	-3.8499557210228303	-3.8499557210228303	-3.8499557210228303
DCN	AREG	2	0	-3.8890328953291875	-1.1890640353462805	-6.589001755312094
DCN	HIST1H2AC	1	0	-3.900591830925926	-3.900591830925926	-3.900591830925926
DCN	CACNA1H	1	0	-3.9231080515260834	-3.9231080515260834	-3.9231080515260834
DCN	ESRP1	1	0	-3.9237841702900886	-3.9237841702900886	-3.9237841702900886
DCN	SMAD3	4	0	-3.9273110699786793	-2.977407011230705	-5.964567994117873
DCN	ASB2	1	0	-3.9369155395719915	-3.9369155395719915	-3.9369155395719915
DCN	IL2RG	1	0	-3.9689793867729644	-3.9689793867729644	-3.9689793867729644
DCN	AKAP7	1	0	-3.980349969463949	-3.980349969463949	-3.980349969463949
DCN	TSPAN2	1	0	-3.982251782855765	-3.982251782855765	-3.982251782855765
DCN	INSR	1	0	-3.9925732364723636	-3.9925732364723636	-3.9925732364723636
DCN	NBEAL2	2	0	-3.99577680619948	-2.667873346934265	-5.323680265464694
DCN	SVIL	1	0	-4.011922162781613	-4.011922162781613	-4.011922162781613
DCN	ADCY5	1	0	-4.017882314102357	-4.017882314102357	-4.017882314102357
DCN	TGM2	4	0	-4.053003898579616	-0.5634388297762087	-5.638581269344386
DCN	OAS1	1	0	-4.067487726472213	-4.067487726472213	-4.067487726472213
DCN	MXD1	2	0	-4.083099857164489	-0.009529250342682993	-8.156670463986297
DCN	ID1	6	0	-4.08717715162642	-1.7217807194573662	-7.498266189781604
DCN	CAPN6	1	0	-4.098759685165756	-4.098759685165756	-4.098759685165756
DCN	FXYD5	2	0	-4.102686081366572	-2.2105071066955935	-5.9948650560375505
DCN	EPHB6	1	0	-4.11212506624005	-4.11212506624005	-4.11212506624005
DCN	VILL	2	0	-4.120062913032259	-3.6132414866333225	-4.626884339431194
DCN	FAM83D	2	0	-4.120782712763246	-3.297176692354522	-4.94438873317197
DCN	C6orf132	1	0	-4.128370354784827	-4.128370354784827	-4.128370354784827
DCN	LIMD2	1	0	-4.132345102256502	-4.132345102256502	-4.132345102256502
DCN	SLC37A1	1	0	-4.134896697981173	-4.134896697981173	-4.134896697981173
DCN	BCAM	3	0	-4.161305308497776	-3.901991256843668	-6.166351575227854
DCN	RGMA	2	0	-4.163718449363651	-4.003749564177528	-4.323687334549774
DCN	PPDPF	1	0	-4.196133111592955	-4.196133111592955	-4.196133111592955
DCN	S100A10	3	0	-4.243293361477102	-0.5620471168509736	-6.10663574690936
DCN	RNF207	1	0	-4.246454030004347	-4.246454030004347	-4.246454030004347
DCN	JUNB	2	0	-4.256742915351446	-2.0323010576619276	-6.481184773040965
DCN	SPINT2	7	0	-4.260440002535039	-1.2329550073346756	-7.369394665227433
DCN	ASS1	3	0	-4.277478722306027	-3.54416541864266	-6.947685623622452
DCN	LFNG	1	0	-4.279347146943162	-4.279347146943162	-4.279347146943162
DCN	PERP	2	0	-4.3218543603194775	-3.503832686943631	-5.139876033695325
DCN	RHPN1	1	0	-4.322234171582331	-4.322234171582331	-4.322234171582331
DCN	PET100	1	0	-4.330121692222534	-4.330121692222534	-4.330121692222534
DCN	RBPMS2	2	0	-4.34327607909007	-3.673143837371224	-5.013408320808916
DCN	HOXB3	1	0	-4.348586958795191	-4.348586958795191	-4.348586958795191
DCN	MAP1B	1	0	-4.349388642145004	-4.349388642145004	-4.349388642145004
DCN	TC2N	1	0	-4.376631609672163	-4.376631609672163	-4.376631609672163
DCN	KIF12	1	0	-4.385068005254819	-4.385068005254819	-4.385068005254819
DCN	ENO2	1	0	-4.393233015315701	-4.393233015315701	-4.393233015315701
DCN	SPEG	2	0	-4.400283083834575	-1.0500259325996708	-7.750540235069479
DCN	PITX1	1	0	-4.412023301695757	-4.412023301695757	-4.412023301695757
DCN	TRAJ10	1	0	-4.412360834052466	-4.412360834052466	-4.412360834052466
DCN	HS3ST1	1	0	-4.414662324306784	-4.414662324306784	-4.414662324306784
DCN	CEACAM1	1	0	-4.416348523147576	-4.416348523147576	-4.416348523147576
DCN	SPRY4	1	0	-4.421326829483083	-4.421326829483083	-4.421326829483083
DCN	TMEM238	1	0	-4.4241016158180315	-4.4241016158180315	-4.4241016158180315
DCN	PRRC2C	2	0	-4.425401205151154	-1.4659222373759764	-7.384880172926331
DCN	SMTN	1	0	-4.426721440118055	-4.426721440118055	-4.426721440118055
DCN	SCIN	1	0	-4.432432177892697	-4.432432177892697	-4.432432177892697
DCN	KIAA1522	3	0	-4.446221847545566	-0.18986273455041813	-4.801992667439559
DCN	ANXA4	3	0	-4.447927381643055	-2.22166147369149	-4.688602972616961
DCN	GDF15	1	0	-4.450993610500901	-4.450993610500901	-4.450993610500901
DCN	TOB1	3	0	-4.459463115136218	-1.3359007270433794	-8.445680060954919
DCN	TRIM31	1	0	-4.460199374246486	-4.460199374246486	-4.460199374246486
DCN	CITED4	1	0	-4.4609220853006954	-4.4609220853006954	-4.4609220853006954
DCN	KIF1C	1	0	-4.464556060414246	-4.464556060414246	-4.464556060414246
DCN	NAPRT	1	0	-4.495095401027589	-4.495095401027589	-4.495095401027589
DCN	EPB41L4B	1	0	-4.508276336649346	-4.508276336649346	-4.508276336649346
DCN	GPRC5B	1	0	-4.546294599420829	-4.546294599420829	-4.546294599420829
DCN	ANXA9	1	0	-4.551595034610446	-4.551595034610446	-4.551595034610446
DCN	PRIMA1	1	0	-4.566886415937799	-4.566886415937799	-4.566886415937799
DCN	TCEA3	1	0	-4.569743561230962	-4.569743561230962	-4.569743561230962
DCN	APOL1	1	0	-4.5790234965913195	-4.5790234965913195	-4.5790234965913195
DCN	FAM83H	1	0	-4.595973913751395	-4.595973913751395	-4.595973913751395
DCN	HIF3A	1	0	-4.6229803997340655	-4.6229803997340655	-4.6229803997340655
DCN	EVPL	2	0	-4.624051780430863	-4.534538303973843	-4.7135652568878825
DCN	ZNF552	1	0	-4.6273982423283	-4.6273982423283	-4.6273982423283
DCN	TMEM63A	1	0	-4.632615475145225	-4.632615475145225	-4.632615475145225
DCN	PLN	3	0	-4.644140123856885	-1.6708385430674524	-7.3604250751461056
DCN	ARHGAP8	1	0	-4.648987907540384	-4.648987907540384	-4.648987907540384
DCN	FAM83A	3	0	-4.652862949285316	-1.6628176565994008	-7.551080387242251
DCN	ERO1A	2	0	-4.65433087845577	-4.153851090123465	-5.154810666788077
DCN	ADGRF1	3	0	-4.680237460714211	-3.6907335957974	-10.023682087117773
DCN	LAMA3	3	0	-4.694418797576173	-0.4384577336755976	-5.290358631976675
DCN	LY6E	2	0	-4.707552757246524	-2.5393857475256643	-6.875719766967383
DCN	MPZL2	1	0	-4.720373781942453	-4.720373781942453	-4.720373781942453
DCN	ICA1	1	0	-4.743767973214743	-4.743767973214743	-4.743767973214743
DCN	CTRL	1	0	-4.755368657604476	-4.755368657604476	-4.755368657604476
DCN	ATP1A2	1	0	-4.7566109392894775	-4.7566109392894775	-4.7566109392894775
DCN	F3	1	0	-4.766068049335584	-4.766068049335584	-4.766068049335584
DCN	PKHD1	1	0	-4.776513924929189	-4.776513924929189	-4.776513924929189
DCN	RAB2A	1	0	-4.781752121236443	-4.781752121236443	-4.781752121236443
DCN	ITPRID2	2	0	-4.791425296685748	-4.284002962383013	-5.298847630988484
DCN	LAMA5	3	0	-4.8004289569515	-3.925399307847075	-4.92946719973171
DCN	PTN	1	0	-4.844853347749088	-4.844853347749088	-4.844853347749088
DCN	SLC37A4	1	0	-4.8823257105181295	-4.8823257105181295	-4.8823257105181295
DCN	NRXN3	1	0	-4.904794832515793	-4.904794832515793	-4.904794832515793
DCN	PSD	1	0	-4.909553204805625	-4.909553204805625	-4.909553204805625
DCN	ITGA8	1	0	-4.9163041350663095	-4.9163041350663095	-4.9163041350663095
DCN	SYNM	2	0	-4.939621910039207	-4.557641680789958	-5.321602139288457
DCN	POLB	1	0	-4.950693016343262	-4.950693016343262	-4.950693016343262
DCN	PLOD2	1	0	-5.019859141809731	-5.019859141809731	-5.019859141809731
DCN	MORN1	1	0	-5.04033927382119	-5.04033927382119	-5.04033927382119
DCN	KLK1	1	0	-5.053599353758609	-5.053599353758609	-5.053599353758609
DCN	ACSF2	1	0	-5.066054931967685	-5.066054931967685	-5.066054931967685
DCN	LGALS3	2	0	-5.077297639496759	-2.726347054103994	-7.428248224889526
DCN	ASPH	1	0	-5.094667265398978	-5.094667265398978	-5.094667265398978
DCN	MET	1	0	-5.115146784574241	-5.115146784574241	-5.115146784574241
DCN	UNC5CL	1	0	-5.132326241378211	-5.132326241378211	-5.132326241378211
DCN	CD82	1	0	-5.171070561997345	-5.171070561997345	-5.171070561997345
DCN	CRIP2	1	0	-5.179181879488292	-5.179181879488292	-5.179181879488292
DCN	JAG1	1	0	-5.189456433229521	-5.189456433229521	-5.189456433229521
DCN	DKK1	2	0	-5.21743417358697	-4.135208360836269	-6.29965998633767
DCN	EMP3	1	0	-5.26475848000365	-5.26475848000365	-5.26475848000365
DCN	CHRM2	1	0	-5.3559779380348935	-5.3559779380348935	-5.3559779380348935
DCN	FLNC	1	0	-5.365024333594708	-5.365024333594708	-5.365024333594708
DCN	POLD4	1	0	-5.366201707841758	-5.366201707841758	-5.366201707841758
DCN	RNASEK	1	0	-5.371436885350453	-5.371436885350453	-5.371436885350453
DCN	FTH1	1	0	-5.450236838968111	-5.450236838968111	-5.450236838968111
DCN	L1CAM	1	0	-5.470560711234989	-5.470560711234989	-5.470560711234989
DCN	BHLHA15	1	0	-5.484398980251295	-5.484398980251295	-5.484398980251295
DCN	WASF2	1	0	-5.511006286555523	-5.511006286555523	-5.511006286555523
DCN	LLGL2	1	0	-5.602556545909841	-5.602556545909841	-5.602556545909841
DCN	XKR9	1	0	-5.61008505727032	-5.61008505727032	-5.61008505727032
DCN	CDKN1A	2	0	-5.688399357815584	-2.935456850891287	-8.441341864739881
DCN	ANTXR2	1	0	-5.698503617810892	-5.698503617810892	-5.698503617810892
DCN	ENO1	2	0	-5.705223874587228	-2.110729283412967	-9.299718465761488
DCN	NMUR2	1	0	-5.705892682654528	-5.705892682654528	-5.705892682654528
DCN	ALDH3B1	1	0	-5.84797676434434	-5.84797676434434	-5.84797676434434
DCN	PHLDA1	1	0	-5.850021308003526	-5.850021308003526	-5.850021308003526
DCN	INF2	2	0	-5.866685578603416	-1.7214769348143835	-10.01189422239245
DCN	DNTTIP1	1	0	-5.983198077808157	-5.983198077808157	-5.983198077808157
DCN	SNAI2	1	0	-5.991814902194417	-5.991814902194417	-5.991814902194417
DCN	NOP53	1	0	-6.062381448437035	-6.062381448437035	-6.062381448437035
DCN	CLCF1	1	0	-6.065921103245413	-6.065921103245413	-6.065921103245413
DCN	MBOAT2	1	0	-6.0934383556100435	-6.0934383556100435	-6.0934383556100435
DCN	BMP4	1	0	-6.106558125967814	-6.106558125967814	-6.106558125967814
DCN	ARL4D	1	0	-6.159597202884384	-6.159597202884384	-6.159597202884384
DCN	P2RY2	1	0	-6.180447026564079	-6.180447026564079	-6.180447026564079
DCN	C4BPB	1	0	-6.239363220909045	-6.239363220909045	-6.239363220909045
DCN	UNC93B1	1	0	-6.261457135530155	-6.261457135530155	-6.261457135530155
DCN	HKDC1	1	0	-6.322948421130075	-6.322948421130075	-6.322948421130075
DCN	TCP1	1	0	-6.337490432319372	-6.337490432319372	-6.337490432319372
DCN	SEMA4B	4	0	-6.444684533721631	-1.120818015185967	-10.983293207886655
DCN	ITGA6	1	0	-6.457863811382399	-6.457863811382399	-6.457863811382399
DCN	MIF	2	0	-6.465758362647744	-3.8917673951842735	-9.039749330111214
DCN	FLNB	1	0	-6.503949128525759	-6.503949128525759	-6.503949128525759
DCN	FOSL1	1	0	-6.515911200940705	-6.515911200940705	-6.515911200940705
DCN	CDA	1	0	-6.690020106092508	-6.690020106092508	-6.690020106092508
DCN	PNCK	1	0	-6.733033331014365	-6.733033331014365	-6.733033331014365
DCN	HSP90AA1	1	0	-6.792482428538157	-6.792482428538157	-6.792482428538157
DCN	NT5E	1	0	-6.813310852130845	-6.813310852130845	-6.813310852130845
DCN	PLCD3	1	0	-6.819717158776567	-6.819717158776567	-6.819717158776567
DCN	ABLIM3	2	0	-6.8533973961558114	-5.645720203355626	-8.061074588955996
DCN	PFKP	2	0	-6.992316426634914	-1.6109737248633564	-12.373659128406471
DCN	CAV2	1	0	-6.996227207372778	-6.996227207372778	-6.996227207372778
DCN	RAB27B	1	0	-7.041350976852488	-7.041350976852488	-7.041350976852488
DCN	CEBPG	1	0	-7.152097367318144	-7.152097367318144	-7.152097367318144
DCN	PSMA7	1	0	-7.16987808371427	-7.16987808371427	-7.16987808371427
DCN	SDCBP2	1	0	-7.251872524895799	-7.251872524895799	-7.251872524895799
DCN	ANXA11	1	0	-7.259579964999733	-7.259579964999733	-7.259579964999733
DCN	PLBD1	1	0	-7.296521064408952	-7.296521064408952	-7.296521064408952
DCN	POF1B	1	0	-7.316636096410362	-7.316636096410362	-7.316636096410362
DCN	IGFBP6	1	0	-7.317370911184204	-7.317370911184204	-7.317370911184204
DCN	CHKA	1	0	-7.539141197895966	-7.539141197895966	-7.539141197895966
DCN	ARHGDIA	1	0	-7.5429967608457344	-7.5429967608457344	-7.5429967608457344
DCN	HK2	2	0	-7.606274487922962	-5.452354385190811	-9.76019459065511
DCN	ARRDC3	1	0	-7.790383784514061	-7.790383784514061	-7.790383784514061
DCN	EZR	1	0	-7.812448270630402	-7.812448270630402	-7.812448270630402
DCN	FERMT1	1	0	-7.854385024368227	-7.854385024368227	-7.854385024368227
DCN	CHMP2B	1	0	-7.861237617780459	-7.861237617780459	-7.861237617780459
DCN	SPRY2	1	0	-7.894737281593581	-7.894737281593581	-7.894737281593581
DCN	CTSH	1	0	-7.94569112922669	-7.94569112922669	-7.94569112922669
DCN	PLXNB2	1	0	-7.98876662163971	-7.98876662163971	-7.98876662163971
DCN	CHCHD2	1	0	-8.094168993937325	-8.094168993937325	-8.094168993937325
DCN	CAST	1	0	-8.11684703257571	-8.11684703257571	-8.11684703257571
DCN	TSPAN3	1	0	-8.25926494723391	-8.25926494723391	-8.25926494723391
DCN	ANG	1	0	-8.29563067835945	-8.29563067835945	-8.29563067835945
DCN	TMED2	1	0	-8.789469669369993	-8.789469669369993	-8.789469669369993
DCN	PGK1	1	0	-8.806381263173291	-8.806381263173291	-8.806381263173291
DCN	ACTC1	1	0	-9.01196419130734	-9.01196419130734	-9.01196419130734
DCN	EFHD2	1	0	-10.146439604048412	-10.146439604048412	-10.146439604048412
DCN	GPI	1	0	-12.407311216262348	-12.407311216262348	-12.407311216262348
DCN	RAI14	1	0	-12.609271269877365	-12.609271269877365	-12.609271269877365
MFAP4	C7	10	10	9.263266646322542	17.96015001796302	0.3054333330274107
MFAP4	C1R	10	10	6.7992997247537215	11.664882986167916	0.5019951411855997
MFAP4	CCL19	10	10	5.244214013036226	14.171171892190825	0.48922078389288826
MFAP4	KCNJ8	10	10	1.9161551104137935	6.355366086980388	0.526559496936876
MFAP4	CLU	10	9	4.88407222394706	13.034656977710561	-4.669506019042326
MFAP4	KCND3	10	9	3.1382045731722137	8.878753838061085	-0.2755364286611723
MFAP4	KCNMA1	10	9	2.748655052066984	8.247847072838624	-4.905241665280095
MFAP4	DCN	10	9	2.4316842386329194	10.153970693182725	-1.2470308495745144
MFAP4	KCNE4	10	9	1.2022302796344664	4.897567822898571	-0.3387001242427361
MFAP4	KCNN3	10	9	0.8053654384400173	5.557072978241851	-0.14246455438547787
MFAP4	KCNA5	9	9	0.7229791813856953	5.726723316868784	0.13144385903355463
MFAP4	KCNAB1	10	9	0.5682562127381001	5.795918770059318	-0.6974175882605472
MFAP4	SFRP4	9	8	5.776970961439673	9.80504113220324	-1.600802020558773
MFAP4	IGKV4-1	9	8	4.85287158572582	9.055941496806863	-0.6493470875332089
MFAP4	CCL21	10	8	4.346514201327138	12.623183040149074	-2.7688336836250316
MFAP4	KCNK3	10	8	0.8569748689567283	8.201532710386008	-3.035235967176304
MFAP4	KCNT2	10	8	0.635768434352163	1.996352604817095	-0.22278513207371234
MFAP4	KCNAB2	10	8	0.6188116986414602	2.6067951719719424	-0.9428749262177822
MFAP4	KCNK17	10	8	0.5414377011568303	8.64133632830345	-0.6455914030735139
MFAP4	KCNJ16	10	8	0.3734109150493136	3.567167761299274	-5.251469635272285
MFAP4	HSPB6	7	7	10.731172275650023	16.71425032915009	7.054315088238924
MFAP4	ADAMTS1	7	7	10.330404721305632	18.79330782160583	4.9733212704749805
MFAP4	PTGDS	8	7	8.935893738198686	16.473821672374587	-1.0049498359488438
MFAP4	MGP	7	7	8.638614749810547	16.24728538670566	3.0191727644656923
MFAP4	IGLC1	10	7	2.2694152259118083	11.47317498981849	-3.6501016016514316
MFAP4	KCNMB1	10	7	1.432230012552648	8.002119449089644	-0.8309485609145424
MFAP4	KCNS3	10	7	1.336517574573067	5.13741891353293	-9.005349570282657
MFAP4	KCNMB4	10	7	1.027168688132851	2.6563760846900815	-0.9232630342722331
MFAP4	KCNB1	8	7	0.9323125467711081	4.613981703412328	-0.17808372942818645
MFAP4	KCNC4	10	7	0.5579772123399408	1.12704764030952	-1.4128086089519833
MFAP4	JCHAIN	6	6	10.205917493057656	11.642067679517666	1.5409653824909098
MFAP4	TNXB	6	6	8.681554650968156	16.433110163791813	5.090517073784519
MFAP4	SOD3	6	6	7.609605515955259	15.070031693359113	5.520740627846329
MFAP4	SERPINF1	7	6	6.824957408760803	8.697721175053596	-4.825652022323964
MFAP4	MMP2	8	6	3.627665937229722	9.591069921576377	-6.866187303018387
MFAP4	IGHG3	9	6	3.335404022209376	9.516274543113935	-2.875488983638165
MFAP4	IGLV3-1	8	6	3.155363584752482	5.8763466410491985	-1.2680859500140813
MFAP4	ABCC8	6	6	3.0941455519334937	10.464463026851972	0.3820076041256244
MFAP4	MT1X	6	6	2.9024655050719774	5.462986366154715	1.874944763927163
MFAP4	IGHM	10	6	2.9010157305758795	12.83170339641067	-0.72990158063116
MFAP4	IGHG1	9	6	1.2008227056879717	12.277772364904765	-4.697918844632358
MFAP4	KCND2	10	6	0.7246144127337624	2.7201491334367462	-1.779194303898716
MFAP4	SELENOP	5	5	10.950657571252083	18.022411388535453	7.392159236792805
MFAP4	OGN	5	5	10.879526336574063	15.536546992113145	8.258474782266997
MFAP4	A2M	5	5	9.129484197450623	10.685158242374975	3.1377408369134687
MFAP4	ENG	5	5	8.909366748941682	11.216280014713053	3.9705677123588154
MFAP4	SYNPO2	5	5	8.06321971312093	13.717452529234288	5.389528759466472
MFAP4	CEBPD	5	5	7.638804330108229	8.847498792580373	3.1714752396678074
MFAP4	BTG2	5	5	7.637150368309576	17.517649436856473	1.1080806751273746
MFAP4	C11orf96	6	5	7.141781454007251	12.885979389274455	-3.410442148471608
MFAP4	HEYL	5	5	7.089613672069527	13.979864469980233	1.9817887692046923
MFAP4	SERPING1	5	5	6.9540089828992855	10.252208074947564	3.2515114159459397
MFAP4	CNN1	6	5	6.895823705525217	9.370114766250737	-6.215159228741185
MFAP4	CXCL12	6	5	6.070161327868755	10.853324997373086	-3.3789190490517846
MFAP4	FBLN1	7	5	6.069413736620596	9.68203556510933	-3.2702568009794177
MFAP4	AGT	6	5	5.37035867785812	13.253746107405028	-4.7968974911079405
MFAP4	PRELP	5	5	5.196748586841841	12.646986247436754	1.1013039903001345
MFAP4	HLA-DRA	7	5	3.79761093736949	9.27217631669523	-3.2816672397792934
MFAP4	CCDC80	7	5	3.6147211568858557	17.508809229803827	-2.484582389294537
MFAP4	SCG2	5	5	3.564587713586522	12.9669051488149	0.4094319641002036
MFAP4	TTR	6	5	3.51501441133865	10.113874503885478	-3.7058795737349146
MFAP4	IGHJ6	6	5	3.5006687880383947	9.330980922652577	-0.3602004465954275
MFAP4	IGHG4	7	5	3.0336950202571757	5.877112349038807	-0.8508211605237673
MFAP4	IGHD	5	5	2.127212689308851	11.519408059360886	0.22130090928812057
MFAP4	IGHG2	8	5	1.8806791863064096	11.15722710785445	-4.018360918665423
MFAP4	FOSB	8	5	1.643983222221563	15.177949357928798	-7.957214768357782
MFAP4	IGKC	7	5	1.3396667196574572	7.181704369372954	-0.9191844253702257
MFAP4	IGHA1	9	5	1.2017753763966654	9.695676054499094	-1.1360008285186276
MFAP4	APOD	7	5	1.1027589166028366	9.55874614735301	-3.1479952100597095
MFAP4	GABRP	7	5	0.8296121379779553	6.982772071212211	-5.647146751451049
MFAP4	SFRP2	8	5	0.540182921553146	6.124014316261557	-7.134257236669864
MFAP4	KCNK15	10	5	0.14755369960923695	1.6937901083319475	-1.92697830409708
MFAP4	KCNJ15	10	5	-0.3114081361718749	1.9516528929746702	-10.416137103813675
MFAP4	COL14A1	4	4	11.399114306634136	16.946495446912756	7.902053491460053
MFAP4	GPX3	4	4	10.524021634052971	14.232054249416516	7.791483458880653
MFAP4	EPHA3	4	4	9.54794769822454	15.23153085079139	5.728587703551869
MFAP4	RASD1	5	4	9.542058277853641	12.33313746487187	-0.40618595294159626
MFAP4	ADIRF	5	4	9.330585364778289	12.302209818408679	-2.021431442667595
MFAP4	PTGIS	4	4	8.909499854850296	13.65216752804181	2.5501431091010103
MFAP4	FBLN5	4	4	8.475772761523398	16.419067660727055	3.371727298319533
MFAP4	NR4A3	5	4	7.96426302488551	10.410751023912212	-5.230552877953203
MFAP4	C1S	4	4	7.926923469725044	9.376167562191256	3.64195931419327
MFAP4	DPT	6	4	7.812136187153209	15.429377343227314	-2.1177475477219696
MFAP4	MYLK	4	4	7.603884475041697	9.131721419917596	0.5354996449330025
MFAP4	SPARCL1	4	4	7.49074880271694	14.015813715282038	5.8413646966863215
MFAP4	COLEC11	5	4	7.328711448711325	15.03845841165459	-5.7789425869203175
MFAP4	CRISPLD2	4	4	7.262334231870648	12.139680137700084	3.8823586762755786
MFAP4	SRPX	4	4	6.82306488110256	11.396936820696897	5.83829378333114
MFAP4	DES	5	4	6.621757565424087	12.65735983864746	-3.309092181790135
MFAP4	TMOD1	4	4	6.56785388674688	12.622453854717087	4.3121639672767875
MFAP4	AQP1	5	4	6.230179355573291	14.905975826657968	-5.37794279498118
MFAP4	TNS1	4	4	6.1966304677369175	11.44605460757844	4.910202596887636
MFAP4	BOC	4	4	6.0415353730207535	7.827590174292621	4.419800866127605
MFAP4	DEPP1	4	4	5.882184880212616	8.283736795354766	2.416946875193252
MFAP4	DUSP1	6	4	5.682863279767713	14.336371161021058	-6.901786895594762
MFAP4	HLA-DPA1	4	4	5.55124939906391	9.509017201699107	3.6927970691024155
MFAP4	CHGB	5	4	4.93954534734713	11.802280255861314	-3.5987914954056985
MFAP4	DPEP1	4	4	4.805132123456627	7.399395593732864	1.3472469923485366
MFAP4	IGFBP4	4	4	4.732650077451787	12.628007971625832	4.063986303084796
MFAP4	HLA-DPB1	4	4	4.58246098282539	9.879360845245998	2.8227357874597527
MFAP4	SST	4	4	4.5193926268171545	8.107812422698306	1.8739342776313754
MFAP4	CPE	5	4	4.318738476297765	11.691630287196197	-3.964603017743216
MFAP4	MYC	4	4	4.2721504111832935	7.357665082385676	1.249101430877016
MFAP4	IGLC7	4	4	3.98353949871008	9.11870529394947	0.2960341176750164
MFAP4	SLC30A8	4	4	3.674366924783053	11.993415094218141	0.43732580810946475
MFAP4	MXRA8	4	4	3.4065965265976312	7.550510735286874	0.765741164106714
MFAP4	C3	6	4	3.311223088386486	12.424955937889056	-4.2570436142332735
MFAP4	ANTXR1	6	4	3.273850333278626	9.825032572436681	-8.133127557875909
MFAP4	S1PR3	4	4	3.1598826041126244	6.370509024736329	1.8767434278040864
MFAP4	IL7R	5	4	2.871356816319334	10.644675462775197	-0.31182460772229986
MFAP4	TIMP1	4	4	2.3867465097536393	6.275001888911451	0.4712417892129542
MFAP4	PDLIM3	7	4	1.9449607311275239	7.798316997878073	-6.2261253532720655
MFAP4	LAPTM5	6	4	1.9347810635376947	5.153441328361164	-4.816138159627664
MFAP4	ACTG2	7	4	1.8177446713033316	10.111376761593299	-7.01467089873191
MFAP4	ACTA2	7	4	1.6316885771875482	8.449964978074496	-4.680355845927966
MFAP4	MT2A	5	4	1.5256543210370268	4.318068762466551	-1.9734453319270282
MFAP4	GCG	7	4	1.493713936449212	9.041502539029151	-5.089867458510109
MFAP4	SLC40A1	5	4	1.4466840118549482	9.525086334853526	-0.09191666767635741
MFAP4	C1QB	6	4	1.2758676886869367	6.211698119272261	-2.6603388663409437
MFAP4	DMBT1	7	4	1.097650553395457	8.671527704848199	-6.123848275106051
MFAP4	FBLN2	6	4	1.0409034198004274	8.459799941477113	-5.390207478270062
MFAP4	MUC5B	6	4	0.8688042403953037	6.228597818075447	-4.767285115571862
MFAP4	PIGR	7	4	0.7933159174172336	6.237785817450482	-7.351081836539999
MFAP4	CFTR	7	4	0.6809795271493173	6.426573640690172	-8.595613080931555
MFAP4	SERPINA3	7	4	0.552444188121124	3.4083204079870644	-6.187108227482213
MFAP4	NUPR1	5	4	0.3640721587000578	6.67702019031728	-4.706822309172818
MFAP4	NR4A1	8	4	0.09346994314537699	16.37227363000598	-7.022859228820502
MFAP4	KCNK6	10	4	-0.09746770619216774	2.111011340602811	-3.2134707568615353
MFAP4	KCNQ4	10	4	-0.19050270140223793	2.6396400098193853	-1.3692764598046663
MFAP4	CCN2	8	4	-0.37266710664370883	6.561237007831873	-6.736280042635524
MFAP4	ADAMTSL2	3	3	11.27030165957625	13.047726339277979	7.051255801066732
MFAP4	PDK4	3	3	10.798554281420934	13.968935530998078	3.385690601081715
MFAP4	LMOD1	3	3	8.977360132954033	10.572786690746351	5.768641336455862
MFAP4	SLIT3	4	3	8.825170754848	9.835713206964483	-3.8519740211818374
MFAP4	CD81	3	3	8.6528796196926	11.385608207240177	1.3076711066611677
MFAP4	MZB1	4	3	8.374362164908042	13.031993179096524	-1.3635751376525869
MFAP4	ITGA7	3	3	8.133372236942618	8.384469700407315	3.69648794491058
MFAP4	LIMS2	4	3	8.063670157728575	8.44134914062879	-0.17668344647155312
MFAP4	GFRA1	3	3	7.972190450275732	9.744768949284785	1.511517326767954
MFAP4	LYVE1	3	3	7.962222580104138	12.090838397506344	5.034601255958572
MFAP4	SORBS1	3	3	7.830559284065767	8.668784748089154	2.648263713497846
MFAP4	HAND2	3	3	7.690115345385639	10.462661175883008	4.710584481982687
MFAP4	IGF1	4	3	7.559721509330704	19.220194639744335	-0.4589883612141237
MFAP4	NR4A2	5	3	7.389005190652695	9.115653981734127	-6.16879126032678
MFAP4	PI16	3	3	7.333424359267738	15.20725464340731	2.4105944055651496
MFAP4	EMILIN1	3	3	7.320833507849175	10.230255564666848	4.248154964203087
MFAP4	ADAMTS4	3	3	6.785593864240282	9.271467191376702	0.44378898291736724
MFAP4	VWF	3	3	6.750512112573682	11.158417487841396	4.335499608717532
MFAP4	ABCA8	3	3	6.2933764627542	12.442444081190342	4.899029414208914
MFAP4	PTP4A3	3	3	6.20339847109805	12.935744656610167	0.8500220450469209
MFAP4	SCN7A	3	3	5.839671164589076	12.865641450090427	1.2648974825336226
MFAP4	PLA2G2A	4	3	5.7356666364169735	16.291084972266805	-3.390785464129184
MFAP4	RGS5	3	3	5.650527920850327	10.044052000409357	5.496324912190431
MFAP4	SH3BP5	3	3	5.587800259982617	10.64915154782443	4.693526907203255
MFAP4	AKAP6	3	3	5.422087613282396	8.53752996764167	1.6981689228857177
MFAP4	PCOLCE	4	3	5.354947989094342	6.175222289242485	-3.3584449413727344
MFAP4	PPP1R14A	3	3	5.103056301938952	7.810103937678421	3.984615146911137
MFAP4	ERO1B	3	3	5.0231888534304465	10.410124975708827	3.8569184949119877
MFAP4	F13A1	3	3	5.021945475675412	5.845688958159274	4.741284099635369
MFAP4	CD74	4	3	4.9639898146646075	7.231772155854157	-0.04726903273122669
MFAP4	HBA1	3	3	4.919997911440736	8.429887154489842	0.18072111660540574
MFAP4	LMCD1	4	3	4.872934199591974	7.803135596383673	-4.747330416940413
MFAP4	CHRDL2	3	3	4.869788782607807	12.704352799724264	2.4103687525824733
MFAP4	PDGFRB	3	3	4.8414714838768145	5.431367071113855	2.5254039128120436
MFAP4	CIITA	3	3	4.459519705290722	5.472856417378523	2.144637215976745
MFAP4	TNC	5	3	4.414446157948795	7.472443117354884	-1.0612365344991561
MFAP4	CPA3	3	3	4.2815549278883624	12.627259944420583	3.0754891419658907
MFAP4	MCAM	4	3	3.869670497473141	6.937469112233786	-0.5491572021626787
MFAP4	HTRA1	5	3	3.847341643512556	7.310679284655933	-3.951136151821679
MFAP4	GATA6	3	3	3.804945252617492	5.349433744381522	3.617397158853494
MFAP4	LTB	4	3	3.546166287189335	9.273649233507157	-2.436736721743083
MFAP4	COL4A1	5	3	3.404540885191045	6.120818046076643	-9.091194847125678
MFAP4	CRP	5	3	3.3338232008350883	7.933068684921523	-8.575203025968278
MFAP4	MUSTN1	3	3	3.005130033382191	9.378370657072903	1.2198462448266623
MFAP4	EGR1	4	3	2.829474234083974	7.778998097627355	-8.019013037485113
MFAP4	ZNF331	4	3	2.600609986953651	7.197163878045756	-4.980199201061212
MFAP4	LTF	4	3	2.490520361379418	8.274468111504254	-8.01709582935045
MFAP4	MT1E	4	3	2.4329809951645047	4.615756649798862	-1.2353580175335799
MFAP4	SCGN	3	3	2.389632133222172	10.769179606692449	0.7247879903212749
MFAP4	GAS1	6	3	2.3649465625970856	7.061538586323919	-8.726306809016213
MFAP4	GADD45B	5	3	2.244245195149543	15.257329273280048	-8.24165299974939
MFAP4	SRGN	3	3	2.156865186106457	4.696962933232253	0.17961784067757428
MFAP4	MS4A7	4	3	2.150390092041034	5.832239821843031	-1.9895836876236226
MFAP4	HLA-DQA1	3	3	2.098164017165366	6.631602638494238	0.720988286764142
MFAP4	SPON2	4	3	2.034630181330786	4.747229234484147	-1.5028946979555233
MFAP4	CRISP3	5	3	1.8476872998861413	7.938800421406437	-3.8759402415443533
MFAP4	MT1G	5	3	1.8058941792081138	2.99963660019586	-4.4280238027234
MFAP4	FOS	5	3	1.656709120441698	10.898325654672632	-7.290460159638798
MFAP4	IGLV9-49	4	3	1.6177315029388375	6.093045466157934	-0.8093412203559459
MFAP4	HBA2	5	3	1.4884831168189852	5.437362802369019	-2.181837361113233
MFAP4	MUC3A	5	3	0.881829357359918	4.998175805683915	-7.948751084338415
MFAP4	IGHV1-46	4	3	0.8006654877083289	2.330400066544468	-0.6755500409070719
MFAP4	MUC6	6	3	0.7438315113105816	7.0409965488976365	-6.026421492476683
MFAP4	RARRES2	6	3	0.6936821722407386	7.92140167519982	-7.699391292276258
MFAP4	THBS4	6	3	0.5687534125445076	11.890686571134202	-0.9890809808658432
MFAP4	CTSK	5	3	0.5552919631623778	8.116297041135264	-7.9045993904830345
MFAP4	RNASE1	5	3	0.4317649601173896	7.711947979842128	-2.205858485154714
MFAP4	INS	6	3	0.35399609134869037	9.719833528677071	-2.1969437458832948
MFAP4	VGF	3	3	0.2990035297271047	9.647439289561724	0.14434291415348727
MFAP4	TAGLN	6	3	0.23363543807866605	11.337155271289516	-6.996043541131758
MFAP4	NCCRP1	4	3	0.22288127054264126	3.270114477270608	-6.089375385313918
MFAP4	TCN1	5	3	0.07890690737721552	2.705963017009614	-2.123490909627595
MFAP4	THBS1	7	3	-0.0640479733424568	9.978910559640573	-7.793367724542661
MFAP4	CDH11	7	3	-0.22706298822009433	7.570271634589698	-8.693242086408175
MFAP4	AEBP1	6	3	-0.25462500099353996	8.593773649736216	-2.6249631617031737
MFAP4	OLFM4	8	3	-0.4287154680168229	7.167310028060176	-4.536274216559635
MFAP4	CST1	7	3	-0.9741198875198306	3.705056644547608	-12.145901734138294
MFAP4	PSCA	8	3	-1.0082477317091467	2.2691059148034007	-4.610941885034605
MFAP4	COL5A2	7	3	-1.3422251068626663	6.6770949842926575	-8.78328202285988
MFAP4	CCN1	8	3	-1.4145256571957203	15.782443790679043	-5.426408710255323
MFAP4	SPINK1	7	3	-1.6092801484512897	2.9307673054147174	-5.326334688577901
MFAP4	ITGA11	8	3	-1.654964500082298	8.259055011713377	-8.998628409399176
MFAP4	COL10A1	9	3	-1.9409541759368723	5.969786329179622	-12.265207158517553
MFAP4	CTHRC1	9	3	-1.9600038280945522	6.373855274909411	-11.63510411298766
MFAP4	WFDC2	8	3	-2.0359260255252565	2.672100821621489	-15.111854430131565
MFAP4	TSPAN8	8	3	-2.3970406161365454	2.238056248075302	-12.775977169762477
MFAP4	AZGP1	6	3	-2.444969411782422	2.0444241114580968	-6.742662620549283
MFAP4	LGALS4	9	3	-2.785013985215022	1.3236158956173647	-13.847432306035826
MFAP4	IGFBP5	8	3	-2.8530102660500396	8.230209552198758	-7.41873035631852
MFAP4	S100A9	7	3	-3.0405861011751965	4.077439148429902	-9.93051480041285
MFAP4	CXCL14	9	3	-3.4309622890155356	6.1598435654386465	-6.993589688917231
MFAP4	SLPI	10	3	-4.946914541860767	1.2937036643421145	-12.765828566365354
MFAP4	ZBTB16	2	2	13.741096602746573	18.614422473620323	8.867770731872826
MFAP4	SVEP1	2	2	12.451825245520999	18.383530880546704	6.520119610495294
MFAP4	CLDN5	2	2	10.849203644769231	13.40736532446095	8.291041965077513
MFAP4	FRZB	2	2	10.665226291362181	12.819033643492764	8.511418939231596
MFAP4	GGT5	2	2	10.333980145466903	11.415487092819122	9.252473198114682
MFAP4	NR2F1	2	2	10.16369391460109	11.71391167194237	8.61347615725981
MFAP4	CAVIN2	2	2	10.096964477982048	13.863413698408783	6.330515257555313
MFAP4	NRXN2	2	2	9.868527897342991	11.19204914689962	8.545006647786362
MFAP4	CCN3	2	2	9.74204993705067	10.554094012400174	8.930005861701167
MFAP4	TRBC1	2	2	9.459498875439975	10.281155597693685	8.637842153186265
MFAP4	F2R	2	2	9.40273178949867	11.216896863623585	7.588566715373756
MFAP4	KLF9	2	2	9.389189870248586	9.684852919120297	9.093526821376873
MFAP4	ACKR1	2	2	9.164450292490667	15.22676407156337	3.1021365134179635
MFAP4	NTRK2	2	2	9.080532231288641	12.333770321658617	5.827294140918666
MFAP4	TSPAN7	2	2	9.01509215916928	10.967836818408513	7.0623474999300475
MFAP4	WNT4	2	2	8.849915714065354	10.738666716116702	6.961164712014004
MFAP4	TSC22D1	2	2	8.829680923394212	8.832465083261594	8.82689676352683
MFAP4	PGF	2	2	8.726656725924059	10.702690291585224	6.750623160262893
MFAP4	INMT	2	2	8.704199579037674	10.150915819190619	7.257483338884729
MFAP4	FXYD1	2	2	8.36597961224808	9.880054759275051	6.851904465221109
MFAP4	LRP1	2	2	8.324976076213431	9.836760036337555	6.813192116089306
MFAP4	NGFR	2	2	8.124029450034547	10.512607111891342	5.735451788177753
MFAP4	GASK1B	2	2	7.791747944985375	8.710806188599554	6.872689701371197
MFAP4	FXYD6	2	2	7.689948471238465	7.779054471567197	7.6008424709097335
MFAP4	PODN	2	2	7.652901598550239	7.846861228060562	7.458941969039914
MFAP4	HAS1	3	2	7.540555944350035	7.637190064304244	-4.701707208811857
MFAP4	MMP19	2	2	7.5100732828593415	9.210494413253512	5.809652152465171
MFAP4	DLK1	2	2	7.483925257881144	8.716249872444594	6.251600643317694
MFAP4	ANGPTL2	2	2	7.348639950777493	7.4400287233924045	7.257251178162582
MFAP4	PDGFD	2	2	7.274944520625694	10.28639350165801	4.263495539593379
MFAP4	NDRG2	2	2	7.197613659993326	10.450892251903777	3.9443350680828755
MFAP4	PTPRC	2	2	7.171536230130163	7.830661287570166	6.512411172690159
MFAP4	PPP1R12B	2	2	7.124690871884736	7.6663637585872415	6.58301798518223
MFAP4	AOX1	2	2	7.10702380261044	7.481059245816167	6.732988359404713
MFAP4	GJD2	2	2	7.091544607368798	10.91104461684662	3.272044597890975
MFAP4	PDGFRA	2	2	7.002702733076342	8.593203845079158	5.412201621073526
MFAP4	CRYAB	2	2	6.957263904596774	6.9732663434068085	6.94126146578674
MFAP4	ATRNL1	2	2	6.8525607137619335	10.054684033240047	3.6504373942838204
MFAP4	SMOC2	3	2	6.777897786108882	9.271190425296655	-2.720477166771489
MFAP4	ID4	3	2	6.749100660716312	8.179390626663626	-0.3018476092433788
MFAP4	FCRL1	2	2	6.7487862328833925	13.112148038055873	0.3854244277109121
MFAP4	CHGA	3	2	6.695198741613237	11.463057678295673	-0.7548879020932794
MFAP4	CD93	2	2	6.59819861204517	9.014957602470673	4.181439621619667
MFAP4	DTX1	2	2	6.543611648853492	9.957077237866525	3.130146059840459
MFAP4	G6PC2	2	2	6.5187027938461375	10.046384066465235	2.9910215212270406
MFAP4	ADAMTS9	2	2	6.402323874016882	10.407926955986241	2.396720792047523
MFAP4	MRC2	3	2	6.365810122176242	8.345811003283654	-1.2840669787331298
MFAP4	PRUNE2	2	2	6.3557492503290005	8.201766616927456	4.509731883730545
MFAP4	LXN	2	2	6.327769000473946	6.938120094960709	5.717417905987184
MFAP4	FCMR	2	2	6.3134676216294245	12.08839936800956	0.5385358752492893
MFAP4	CPXM2	2	2	6.300936116632223	9.102913042224483	3.498959191039963
MFAP4	F2RL2	3	2	6.290740481918163	8.871971350452824	-2.231829303106133
MFAP4	VGLL3	2	2	6.2690272274291114	7.90178991046178	4.636264544396443
MFAP4	LBH	2	2	6.1904967563220055	8.541644091441546	3.8393494212024653
MFAP4	KIAA1324	2	2	6.129469352191311	10.256166598955382	2.00277210542724
MFAP4	RGMA	2	2	6.127764208406684	9.495008191953724	2.760520224859643
MFAP4	GUCY1A1	2	2	5.9769151413899015	8.543840787228378	3.409989495551425
MFAP4	TBC1D1	2	2	5.951135152921624	5.994517285938701	5.907753019904546
MFAP4	TSC22D3	2	2	5.949482468998631	7.599847094146879	4.299117843850382
MFAP4	NEUROD1	2	2	5.854415256112771	9.241106242137745	2.4677242700877975
MFAP4	CCR7	2	2	5.843927730688519	11.634002985576462	0.05385247580057738
MFAP4	CYP1B1	2	2	5.836615257908072	7.590712006880263	4.082518508935881
MFAP4	SBSPON	2	2	5.771753089402677	9.018156445214954	2.5253497335903994
MFAP4	CLEC14A	2	2	5.729477300048298	6.59192020043039	4.867034399666208
MFAP4	IGFBP7	2	2	5.7208934642282605	8.54084633869268	2.900940589763841
MFAP4	MYH10	3	2	5.717258791265496	8.42234321992756	-3.983400613794315
MFAP4	CPLX2	2	2	5.630760161123615	10.29519631903818	0.966324003209051
MFAP4	NRXN1	2	2	5.6025069066637165	10.02684487619372	1.1781689371337118
MFAP4	CD52	2	2	5.590419528938851	9.802172024917743	1.3786670329599577
MFAP4	PCSK2	2	2	5.574371077270812	10.47701830268243	0.6717238518591944
MFAP4	PLN	3	2	5.559570045274322	7.4544439388571515	-0.9576858658341112
MFAP4	NFASC	2	2	5.539115837277907	7.6092006438941135	3.4690310306617014
MFAP4	SCRG1	2	2	5.4755621242003345	5.5678638438495875	5.3832604045510815
MFAP4	PPP1R1A	2	2	5.2656575971585005	9.859271490061637	0.672043704255363
MFAP4	CCDC3	2	2	5.025309277699847	7.073866216870793	2.976752338528901
MFAP4	STAB1	2	2	5.006011438536651	5.8832592660811915	4.128763610992111
MFAP4	PI15	2	2	4.913590143936593	7.188576119409412	2.6386041684637753
MFAP4	TPSB2	3	2	4.908351792830719	13.742477262542929	-0.9733629497346941
MFAP4	RBPMS2	2	2	4.870061464694331	7.532083055992462	2.2080398733961992
MFAP4	STOM	2	2	4.850296535785326	5.783180670895202	3.917412400675449
MFAP4	SYNM	2	2	4.8427191609246005	7.929873956275139	1.7555643655740625
MFAP4	PECAM1	2	2	4.786792765592679	6.078368351994758	3.495217179190601
MFAP4	IGHV5-10-1	3	2	4.637575825622404	4.977033289090474	-3.264318301241001
MFAP4	CFL2	2	2	4.601157230945633	7.0208400716827395	2.1814743902085274
MFAP4	MXRA7	2	2	4.473118866062229	5.651576507582051	3.294661224542408
MFAP4	XBP1	2	2	4.406829220609567	7.941476393551532	0.8721820476676033
MFAP4	PEG10	2	2	4.346223662836915	5.080202165086919	3.612245160586911
MFAP4	TMEM204	2	2	4.06518163924477	5.655587001665871	2.4747762768236683
MFAP4	NKX2-2	3	2	4.043835676133261	11.346660310769396	-0.9680302491163767
MFAP4	MAF	3	2	3.9755954389776593	8.650145016321009	-3.0279144992396247
MFAP4	NTRK3	2	2	3.969762394079289	7.435105472638681	0.5044193155198965
MFAP4	GJA1	3	2	3.9694302911137194	6.0108366071998764	-7.515545450884078
MFAP4	CLIC5	2	2	3.9284885731953594	5.152888068372575	2.7040890780181432
MFAP4	FAM83D	2	2	3.8542729249649144	6.010415114157253	1.6981307357725761
MFAP4	ITGB3	2	2	3.8388560318864755	4.986856503217505	2.6908555605554456
MFAP4	CFB	3	2	3.7817410091401538	5.8256543940390735	-6.8731315598223635
MFAP4	EPAS1	2	2	3.7578475557623703	4.737036440355746	2.778658671168994
MFAP4	TIMP2	2	2	3.6891394802704447	6.579764639572103	0.798514320968787
MFAP4	ISM1	3	2	3.594310739815997	8.024636406833357	-5.949476526028641
MFAP4	RAMP1	2	2	3.47019642619724	6.496107307707303	0.44428554468717657
MFAP4	NCAM1	2	2	3.4340457560888296	4.739593648011233	2.128497864166426
MFAP4	GLUL	2	2	3.4284389382094194	5.98826406430463	0.868613812114209
MFAP4	CDC42EP5	2	2	3.402754974095818	5.437059271772904	1.3684506764187316
MFAP4	CXCR4	4	2	3.368341549385306	11.417149574443199	-5.8264375655209095
MFAP4	NNMT	3	2	3.3468181236726657	6.063733730942803	-1.3978579041536294
MFAP4	SCG5	3	2	3.275262574511062	10.977316672459109	-0.93101543905918
MFAP4	PTGS1	2	2	3.2683781500234925	5.388015809734657	1.1487404903123277
MFAP4	SCG3	3	2	3.235178124873012	10.702156293327501	-0.7728642485834053
MFAP4	IGLV6-57	3	2	3.069862241115468	6.557057522163584	-2.1565876052799693
MFAP4	EGR3	2	2	3.0320976146747287	5.384460897497655	0.6797343318518031
MFAP4	VIM	2	2	3.0223756623962057	5.0351053893740625	1.0096459354183487
MFAP4	MYL9	3	2	2.947920685728166	9.916433556024682	-0.16072844501040334
MFAP4	SOCS3	3	2	2.9217044388116884	7.864585036735757	-1.827859526483924
MFAP4	SFTA2	3	2	2.8941895465988785	3.7448791904129832	-7.587006843116588
MFAP4	SGK1	3	2	2.6781122048969586	3.4834681860607586	-7.441679547245171
MFAP4	CCL17	3	2	2.6231554647982986	3.285070216548413	-0.44123091906983164
MFAP4	PLIN2	3	2	2.523615743149974	4.27186454232589	-6.931675696403711
MFAP4	BGN	3	2	2.451973226222444	9.757301282256972	-4.124146163747582
MFAP4	SOD2	3	2	2.4394691887971325	4.524319633732913	-0.8859637788271868
MFAP4	IL33	2	2	2.4059123722598432	2.4437414092245753	2.368083335295111
MFAP4	C1QC	3	2	2.3829772958009556	4.1642433380077755	-0.5346684898096012
MFAP4	CCL2	3	2	2.366467213416234	4.257409063518212	-2.0766057961023083
MFAP4	STAR	2	2	2.115646313176813	4.221971184423637	0.00932144192998875
MFAP4	COL1A2	3	2	2.109686579784635	5.175650257843822	-2.9801545557094076
MFAP4	FTL	3	2	2.0938176028296565	2.9565688286837735	-1.9431160785063561
MFAP4	DHRS9	3	2	2.0670894659012164	4.064500637969684	-1.1922154579568027
MFAP4	COL1A1	3	2	1.905820599718885	2.8627155767484678	-2.385918418833148
MFAP4	HLA-DMA	2	2	1.9012080527654607	2.383671219697239	1.4187448858336822
MFAP4	HPGD	2	2	1.8644459739883192	3.008958180012086	0.7199337679645527
MFAP4	CKB	3	2	1.737872462262474	7.66959525531818	-3.965544687470923
MFAP4	NEURL1	3	2	1.6595509983898276	8.682749265056751	-1.0602224308968085
MFAP4	PRICKLE4	2	2	1.4687397031410079	1.6226280202890313	1.3148513859929847
MFAP4	GC	3	2	1.422674118550254	8.218723663688436	-0.5720462352544885
MFAP4	CEMIP	3	2	1.3599939207325873	8.285980020318359	-1.3990056291224622
MFAP4	COL15A1	3	2	1.2409478236727127	11.68086051556082	-0.618030411708415
MFAP4	PLAAT4	3	2	1.1052859712877958	2.7541335155228164	-5.413320090988176
MFAP4	COL3A1	3	2	1.0770247922983816	6.061551404076545	-2.3862272314430326
MFAP4	CCL5	3	2	0.9639475859808716	4.9545287029436365	-0.9348104333110364
MFAP4	FCGBP	4	2	0.9605782841709868	4.739305095348092	-0.9862901127250844
MFAP4	ATF3	4	2	0.9310329897983511	4.275242244997638	-3.5255380267278373
MFAP4	CMTM3	3	2	0.8907857790141488	6.436695122615683	-6.495487617202336
MFAP4	FGF7	3	2	0.8508609821645081	9.207252976640358	-3.9423499534292987
MFAP4	CST6	3	2	0.7949205231899451	0.9187845713251828	-8.935221838494472
MFAP4	PDIA2	3	2	0.6999022218266572	1.1522592357229247	-6.638765437408699
MFAP4	STMN2	4	2	0.5840430457320767	2.283025539287303	-3.339464655198096
MFAP4	CALD1	4	2	0.5761622379548931	5.117854774610381	-5.365264847835911
MFAP4	FSTL1	4	2	0.5631602343807491	8.026040333242644	-5.800195226217808
MFAP4	KRT13	3	2	0.4973708245098801	2.9441335768262213	-4.046304270272456
MFAP4	CDH17	2	2	0.45965433630538344	0.6102739041747046	0.3090347684360623
MFAP4	PLAT	3	2	0.4082028094019751	2.5957807310954277	-2.38614794041709
MFAP4	REG4	3	2	0.40142907688355073	4.374382897725648	-7.994132174430411
MFAP4	TGM2	4	2	0.36000185250981165	11.510331470850373	-3.4751985033447417
MFAP4	SAA1	3	2	0.3272486379267666	3.1334522718353237	-10.079951550125118
MFAP4	SLC34A2	3	2	0.3062191434082381	5.2048344453936535	-6.551863734318604
MFAP4	IGHV6-1	3	2	0.30032279592227157	5.617386866981783	-0.9301083358946759
MFAP4	FGG	4	2	0.288706671460246	8.466535031262175	-7.200667492376729
MFAP4	SNCG	3	2	0.27902601530063736	2.7835561299830522	-7.0425718911104935
MFAP4	MUC5AC	4	2	0.2537395996790679	2.8691024729598786	-3.643020929424137
MFAP4	SAA2	3	2	0.23504754128758648	1.3438451339226596	-9.239793593190248
MFAP4	ID3	3	2	0.20241145155022747	7.5679492463633835	-6.88635741639634
MFAP4	OLFML2B	3	2	0.18065301690671215	6.068856713006435	-0.4555395192239764
MFAP4	HOPX	4	2	0.1299579972001721	7.488735008626635	-5.012362067158018
MFAP4	CERCAM	3	2	0.009150423727659441	7.302909084572308	-4.192542273941618
MFAP4	HSPA1A	5	2	-0.05419966310856096	3.642539540524737	-4.598358425432777
MFAP4	LOX	4	2	-0.1940214329075636	6.041463806211163	-3.6748276527497925
MFAP4	ITGA5	4	2	-0.26834596365430574	5.49562592948871	-7.250558824504197
MFAP4	KLK7	4	2	-0.3701215470275705	4.8522688759551915	-5.8731406376465864
MFAP4	MUC16	4	2	-0.4707929171249683	4.655087407873754	-6.646588274901556
MFAP4	PRSS23	5	2	-0.4779991738161573	7.561601236074183	-8.069984235096298
MFAP4	DPYSL3	4	2	-0.5540752596311684	7.462548819440257	-6.270053376670207
MFAP4	LUM	6	2	-0.5972226903106155	6.091593237642991	-4.006527706628165
MFAP4	PGC	4	2	-0.5994176072064116	3.098312477340956	-4.039495873884032
MFAP4	COL6A3	4	2	-0.6286655550350486	1.1021357736314665	-3.3291504040869073
MFAP4	TGFBI	5	2	-0.6743789428073875	2.475760820648446	-14.828264674935077
MFAP4	JUN	4	2	-0.7130734496935145	6.122351402909311	-3.860806339562142
MFAP4	COL6A2	4	2	-0.7535234259647765	0.7270891157021314	-6.571944268681808
MFAP4	COL8A1	5	2	-0.8442291789080233	8.453044169732857	-9.24230601569077
MFAP4	UBD	4	2	-0.8974781058329352	1.650994266191709	-7.602551171438273
MFAP4	GCNT3	5	2	-0.9587623089687246	1.720186285340743	-4.99123218265484
MFAP4	FBXO32	5	2	-1.2455331820947844	6.189708537281459	-8.244034880467446
MFAP4	APOE	6	2	-1.3510455963774053	1.903443711480289	-4.349593841722441
MFAP4	RHOB	4	2	-1.4075612336536805	3.2249508776655693	-7.0429998076807205
MFAP4	LYZ	6	2	-1.431143374966853	3.544467948541317	-4.46759961676006
MFAP4	APOC1	6	2	-1.5296138256001772	0.7783066571400098	-4.363304408682019
MFAP4	CYSTM1	4	2	-1.5599500328845126	1.763375662276857	-4.637151254834793
MFAP4	TFF2	6	2	-1.6008778992550075	2.5542574940039966	-7.807727812969412
MFAP4	MFAP5	6	2	-1.7846551367445538	8.047877274217994	-8.952225234386432
MFAP4	SLC11A1	7	2	-1.8721826464080062	1.7956067720866706	-9.907889920720669
MFAP4	KCNN4	10	2	-1.9004849728165794	2.8537462813144514	-6.748433633167742
MFAP4	FXYD3	8	2	-1.9020721560868628	0.34891651213206143	-15.641880908445552
MFAP4	TREM1	4	2	-2.1555898681694243	3.509521462144785	-9.383358644070995
MFAP4	KCNK1	10	2	-2.205119213192005	0.8993086907680204	-7.367149652705793
MFAP4	SERPINE1	8	2	-2.290115030693375	2.342951236375097	-9.185815225240232
MFAP4	REG1A	5	2	-2.396832912684314	6.276533056189277	-7.371567853827161
MFAP4	ANO1	5	2	-2.4109292382603273	7.59009161862485	-13.616952237569878
MFAP4	SULF1	6	2	-2.465825013872057	10.254602266676095	-11.207476944664128
MFAP4	GREM1	8	2	-2.478151249846317	4.8787535098535475	-8.706267302727639
MFAP4	IGFBP3	6	2	-2.551624019550058	7.49038540486155	-8.694733200122663
MFAP4	TYROBP	5	2	-2.591573110927193	3.8181543676549876	-4.208795015487762
MFAP4	COL12A1	8	2	-2.6438205610103136	7.7118340516730255	-10.39931481997273
MFAP4	TPM2	5	2	-2.654182136979905	4.21187581431967	-4.264308661692199
MFAP4	MMP7	10	2	-3.0148716953567876	2.480700326937391	-14.589237985165541
MFAP4	KLK6	7	2	-3.046994805018879	7.070317364902076	-14.03040306498885
MFAP4	LOXL2	7	2	-3.0654907387252894	5.512106724661043	-8.478898242569255
MFAP4	RGS16	7	2	-3.185954290375645	7.752866347704236	-11.38426835942339
MFAP4	TMC5	7	2	-3.299396702731721	1.8197429924127015	-11.697668858861528
MFAP4	LRRC15	7	2	-3.349806405540526	7.875769721773179	-9.70889978666997
MFAP4	BCAT1	5	2	-3.370300493525264	6.922144308243151	-5.7000576052958065
MFAP4	EPYC	5	2	-3.4273647871657427	1.3760185264095184	-7.706099463163354
MFAP4	SPP1	9	2	-3.4334403886468583	2.00528144930095	-13.667840502395377
MFAP4	COLEC12	5	2	-3.488171532275547	8.546662696630388	-7.074248330493385
MFAP4	CRABP2	6	2	-3.5933046889159006	4.089923930334117	-7.474947945972522
MFAP4	MMP9	6	2	-3.737471458993612	6.487478500237161	-4.7556705572004265
MFAP4	POSTN	8	2	-3.976928463446105	7.58644805555891	-12.08523059302068
MFAP4	MMP11	10	2	-4.1177664138289485	3.6510510511236305	-13.729450760190389
MFAP4	COL11A1	10	2	-4.241757348496868	7.437820439483052	-12.4925171317681
MFAP4	LCN2	10	2	-4.243705726686429	3.6614539012430662	-12.689398093945506
MFAP4	ATP1B1	7	2	-4.245931079993797	3.859916342072068	-14.563061127527696
MFAP4	SERPINA1	5	2	-4.412294407062721	2.430219281951636	-6.3213641356583645
MFAP4	SYT8	7	2	-5.602315561354922	2.9910707437733173	-13.692376951823038
MFAP4	SFRP1	1	1	14.754729285671367	14.754729285671367	14.754729285671367
MFAP4	FHL5	1	1	14.459718562782221	14.459718562782221	14.459718562782221
MFAP4	DNASE1L3	1	1	13.444774073332901	13.444774073332901	13.444774073332901
MFAP4	AC119396.1	1	1	13.010485646341637	13.010485646341637	13.010485646341637
MFAP4	SEPTIN1	1	1	12.937647380534504	12.937647380534504	12.937647380534504
MFAP4	RIPOR2	1	1	12.825432101849911	12.825432101849911	12.825432101849911
MFAP4	CD19	1	1	12.731425043163627	12.731425043163627	12.731425043163627
MFAP4	RASGRP2	1	1	12.567271616412754	12.567271616412754	12.567271616412754
MFAP4	CR2	1	1	12.541566653192449	12.541566653192449	12.541566653192449
MFAP4	CD3D	1	1	12.520885071056412	12.520885071056412	12.520885071056412
MFAP4	POU2AF1	1	1	12.514795898689409	12.514795898689409	12.514795898689409
MFAP4	PAX5	1	1	12.332093771653046	12.332093771653046	12.332093771653046
MFAP4	NIBAN3	1	1	12.231744677421025	12.231744677421025	12.231744677421025
MFAP4	IRF8	1	1	12.218725718724057	12.218725718724057	12.218725718724057
MFAP4	ERN1	1	1	12.11704035592519	12.11704035592519	12.11704035592519
MFAP4	CCL14	1	1	12.06522061635975	12.06522061635975	12.06522061635975
MFAP4	CD22	1	1	12.018147114610516	12.018147114610516	12.018147114610516
MFAP4	SELL	1	1	11.963868485875974	11.963868485875974	11.963868485875974
MFAP4	CD79B	1	1	11.920646505370565	11.920646505370565	11.920646505370565
MFAP4	TMC8	1	1	11.808882240244195	11.808882240244195	11.808882240244195
MFAP4	CD79A	1	1	11.635167004683296	11.635167004683296	11.635167004683296
MFAP4	SYT7	1	1	11.467952084521102	11.467952084521102	11.467952084521102
MFAP4	PRG4	1	1	11.392568527428757	11.392568527428757	11.392568527428757
MFAP4	TBC1D10C	1	1	11.347230071768264	11.347230071768264	11.347230071768264
MFAP4	SPOCK2	1	1	11.261113419579392	11.261113419579392	11.261113419579392
MFAP4	PCSK1N	1	1	10.96902069076738	10.96902069076738	10.96902069076738
MFAP4	EVL	1	1	10.644020447808671	10.644020447808671	10.644020447808671
MFAP4	LAMA2	1	1	10.63037067501759	10.63037067501759	10.63037067501759
MFAP4	MATN2	1	1	10.612300038960509	10.612300038960509	10.612300038960509
MFAP4	TRAF3IP3	1	1	10.58774556856286	10.58774556856286	10.58774556856286
MFAP4	ACAP1	1	1	10.467410366474363	10.467410366474363	10.467410366474363
MFAP4	CORO1A	1	1	10.441194481621498	10.441194481621498	10.441194481621498
MFAP4	GPBAR1	1	1	10.222947785594647	10.222947785594647	10.222947785594647
MFAP4	IKZF1	1	1	10.106224421172874	10.106224421172874	10.106224421172874
MFAP4	RAB3C	1	1	10.094798469709291	10.094798469709291	10.094798469709291
MFAP4	TSHZ2	1	1	10.079745113424073	10.079745113424073	10.079745113424073
MFAP4	TRAJ10	1	1	10.059740430342362	10.059740430342362	10.059740430342362
MFAP4	CYGB	1	1	9.88623028512046	9.88623028512046	9.88623028512046
MFAP4	TRBC2	1	1	9.633793119675971	9.633793119675971	9.633793119675971
MFAP4	DTNA	1	1	9.615045301842448	9.615045301842448	9.615045301842448
MFAP4	PCSK1	1	1	9.584782496700644	9.584782496700644	9.584782496700644
MFAP4	CHRDL1	1	1	9.582799292908364	9.582799292908364	9.582799292908364
MFAP4	WFDC1	1	1	9.432841506788298	9.432841506788298	9.432841506788298
MFAP4	MRVI1	1	1	9.217932048087937	9.217932048087937	9.217932048087937
MFAP4	MMRN1	1	1	9.102875132164852	9.102875132164852	9.102875132164852
MFAP4	C1QL1	1	1	8.906884320130098	8.906884320130098	8.906884320130098
MFAP4	FMO3	1	1	8.893746313946417	8.893746313946417	8.893746313946417
MFAP4	SUSD5	1	1	8.886949836655125	8.886949836655125	8.886949836655125
MFAP4	GNAS	1	1	8.886662668636435	8.886662668636435	8.886662668636435
MFAP4	EGR2	1	1	8.855341186777945	8.855341186777945	8.855341186777945
MFAP4	NR2F2	1	1	8.843936926804398	8.843936926804398	8.843936926804398
MFAP4	PTGIR	1	1	8.837628216419455	8.837628216419455	8.837628216419455
MFAP4	PRDM1	1	1	8.832572720725459	8.832572720725459	8.832572720725459
MFAP4	C1QTNF1	1	1	8.825805295634245	8.825805295634245	8.825805295634245
MFAP4	CCL11	1	1	8.762100597569779	8.762100597569779	8.762100597569779
MFAP4	TGFB3	1	1	8.713940934803928	8.713940934803928	8.713940934803928
MFAP4	ERG	1	1	8.541195425407476	8.541195425407476	8.541195425407476
MFAP4	PTEN	1	1	8.524927580310651	8.524927580310651	8.524927580310651
MFAP4	CACNA1A	1	1	8.487082162545784	8.487082162545784	8.487082162545784
MFAP4	SMTN	1	1	8.343678844578845	8.343678844578845	8.343678844578845
MFAP4	SCGB2A1	1	1	8.258954022550276	8.258954022550276	8.258954022550276
MFAP4	ADAMTS8	1	1	8.24253394767967	8.24253394767967	8.24253394767967
MFAP4	GAS6	1	1	8.223009969732768	8.223009969732768	8.223009969732768
MFAP4	FBLIM1	1	1	8.213826338027204	8.213826338027204	8.213826338027204
MFAP4	TRAC	1	1	8.191361987947301	8.191361987947301	8.191361987947301
MFAP4	ABI3BP	1	1	8.14867085512505	8.14867085512505	8.14867085512505
MFAP4	RASL12	1	1	8.143204846474797	8.143204846474797	8.143204846474797
MFAP4	PROS1	1	1	8.109735426075481	8.109735426075481	8.109735426075481
MFAP4	PSD	1	1	8.079753210763252	8.079753210763252	8.079753210763252
MFAP4	COL8A2	1	1	8.068857925006583	8.068857925006583	8.068857925006583
MFAP4	SLC22A3	1	1	8.05371132698216	8.05371132698216	8.05371132698216
MFAP4	OAF	1	1	8.013351185545027	8.013351185545027	8.013351185545027
MFAP4	CELF3	1	1	7.916710328390209	7.916710328390209	7.916710328390209
MFAP4	TBX2	1	1	7.8842515434039475	7.8842515434039475	7.8842515434039475
MFAP4	KCNMB2	1	1	7.86759605042034	7.86759605042034	7.86759605042034
MFAP4	SH3PXD2A	1	1	7.832656893201203	7.832656893201203	7.832656893201203
MFAP4	ANKRD10	1	1	7.750706399437681	7.750706399437681	7.750706399437681
MFAP4	CLSTN2	1	1	7.701309306574538	7.701309306574538	7.701309306574538
MFAP4	GPC3	1	1	7.693052107467239	7.693052107467239	7.693052107467239
MFAP4	ZCCHC24	1	1	7.692787008762601	7.692787008762601	7.692787008762601
MFAP4	SELENOM	1	1	7.6673901108353775	7.6673901108353775	7.6673901108353775
MFAP4	EIF4B	1	1	7.6499052700281	7.6499052700281	7.6499052700281
MFAP4	HMCN2	1	1	7.643869965548635	7.643869965548635	7.643869965548635
MFAP4	GFPT2	1	1	7.6231855425927275	7.6231855425927275	7.6231855425927275
MFAP4	EFHD1	1	1	7.621247437082876	7.621247437082876	7.621247437082876
MFAP4	PDPN	1	1	7.6161218656532	7.6161218656532	7.6161218656532
MFAP4	DHRS2	1	1	7.596249455718843	7.596249455718843	7.596249455718843
MFAP4	CST3	1	1	7.548497285719734	7.548497285719734	7.548497285719734
MFAP4	KIF1C	1	1	7.489211529829005	7.489211529829005	7.489211529829005
MFAP4	MAPK10	1	1	7.485259362056036	7.485259362056036	7.485259362056036
MFAP4	STC1	1	1	7.474255032455221	7.474255032455221	7.474255032455221
MFAP4	SGCA	1	1	7.429827587116811	7.429827587116811	7.429827587116811
MFAP4	KDM6B	1	1	7.336943404068267	7.336943404068267	7.336943404068267
MFAP4	PTN	1	1	7.318128172759535	7.318128172759535	7.318128172759535
MFAP4	SLC19A2	1	1	7.283667399848136	7.283667399848136	7.283667399848136
MFAP4	PCDH18	1	1	7.259996495241258	7.259996495241258	7.259996495241258
MFAP4	SVIL	1	1	7.249418138837529	7.249418138837529	7.249418138837529
MFAP4	GJA4	1	1	7.198945818147919	7.198945818147919	7.198945818147919
MFAP4	ADCYAP1	1	1	7.179878345978678	7.179878345978678	7.179878345978678
MFAP4	SERF2	1	1	7.095471094666119	7.095471094666119	7.095471094666119
MFAP4	LIMD2	1	1	7.049671536288327	7.049671536288327	7.049671536288327
MFAP4	GXYLT2	1	1	7.037976125415241	7.037976125415241	7.037976125415241
MFAP4	CIRBP	1	1	7.001373553059415	7.001373553059415	7.001373553059415
MFAP4	HIST1H3H	1	1	6.971001195530211	6.971001195530211	6.971001195530211
MFAP4	WNT2	1	1	6.937734294253807	6.937734294253807	6.937734294253807
MFAP4	PODNL1	1	1	6.865840873253376	6.865840873253376	6.865840873253376
MFAP4	CACNA1H	1	1	6.852793651627754	6.852793651627754	6.852793651627754
MFAP4	CYP21A2	1	1	6.842751457191759	6.842751457191759	6.842751457191759
MFAP4	KIAA1755	1	1	6.812734446996021	6.812734446996021	6.812734446996021
MFAP4	HLA-DRB1	1	1	6.804103685889739	6.804103685889739	6.804103685889739
MFAP4	TGFBR3	1	1	6.801454645869329	6.801454645869329	6.801454645869329
MFAP4	TRIM28	1	1	6.771690813038408	6.771690813038408	6.771690813038408
MFAP4	TSPAN2	1	1	6.762674995934988	6.762674995934988	6.762674995934988
MFAP4	ALDH1B1	1	1	6.7383933605018544	6.7383933605018544	6.7383933605018544
MFAP4	GREM2	1	1	6.735981733613435	6.735981733613435	6.735981733613435
MFAP4	AKNA	1	1	6.730939807309837	6.730939807309837	6.730939807309837
MFAP4	HIST1H4E	1	1	6.602908788941783	6.602908788941783	6.602908788941783
MFAP4	CRTAP	1	1	6.578675600530725	6.578675600530725	6.578675600530725
MFAP4	RAB31	1	1	6.576188070755781	6.576188070755781	6.576188070755781
MFAP4	TNNC1	1	1	6.541794717837447	6.541794717837447	6.541794717837447
MFAP4	OSR1	1	1	6.540324609208368	6.540324609208368	6.540324609208368
MFAP4	CDH5	1	1	6.508078784453024	6.508078784453024	6.508078784453024
MFAP4	CDH19	1	1	6.4859741155395065	6.4859741155395065	6.4859741155395065
MFAP4	SLC2A4	1	1	6.4584089931910595	6.4584089931910595	6.4584089931910595
MFAP4	GALNT15	1	1	6.451229154939878	6.451229154939878	6.451229154939878
MFAP4	RERGL	1	1	6.4448809874149795	6.4448809874149795	6.4448809874149795
MFAP4	ADAMTS2	1	1	6.436888579118261	6.436888579118261	6.436888579118261
MFAP4	CPED1	1	1	6.424848190331165	6.424848190331165	6.424848190331165
MFAP4	ZFP36L2	1	1	6.416813597179442	6.416813597179442	6.416813597179442
MFAP4	LONRF2	1	1	6.409921305097225	6.409921305097225	6.409921305097225
MFAP4	PTCH1	1	1	6.388374579835498	6.388374579835498	6.388374579835498
MFAP4	CACNB2	1	1	6.380314310389184	6.380314310389184	6.380314310389184
MFAP4	C1orf21	1	1	6.377235422524801	6.377235422524801	6.377235422524801
MFAP4	NEXN	1	1	6.373896006937632	6.373896006937632	6.373896006937632
MFAP4	DYNLL2	1	1	6.36718071339964	6.36718071339964	6.36718071339964
MFAP4	CREM	1	1	6.3221466758767875	6.3221466758767875	6.3221466758767875
MFAP4	CPEB4	1	1	6.282470818026482	6.282470818026482	6.282470818026482
MFAP4	EEF1B2	1	1	6.251954768003402	6.251954768003402	6.251954768003402
MFAP4	CCDC71L	1	1	6.2498205042713275	6.2498205042713275	6.2498205042713275
MFAP4	BST2	1	1	6.238566249299259	6.238566249299259	6.238566249299259
MFAP4	ADAMTS5	1	1	6.234733925752148	6.234733925752148	6.234733925752148
MFAP4	TXNIP	1	1	6.215923287591842	6.215923287591842	6.215923287591842
MFAP4	MAN1C1	1	1	6.193297748722707	6.193297748722707	6.193297748722707
MFAP4	CFD	2	1	6.143394867184025	14.900164457037544	-2.6133747226694943
MFAP4	GABRE	1	1	6.133306444379602	6.133306444379602	6.133306444379602
MFAP4	LTBP4	1	1	6.112206436295418	6.112206436295418	6.112206436295418
MFAP4	MOB4	1	1	6.10595431149071	6.10595431149071	6.10595431149071
MFAP4	ANAPC16	1	1	6.047681697826415	6.047681697826415	6.047681697826415
MFAP4	LTBP1	1	1	6.042234329567184	6.042234329567184	6.042234329567184
MFAP4	MFGE8	1	1	6.019957021626139	6.019957021626139	6.019957021626139
MFAP4	CD200	1	1	6.01823355997461	6.01823355997461	6.01823355997461
MFAP4	PKIG	1	1	5.979767165482881	5.979767165482881	5.979767165482881
MFAP4	RACK1	1	1	5.977878246819748	5.977878246819748	5.977878246819748
MFAP4	NFIB	1	1	5.965606070537055	5.965606070537055	5.965606070537055
MFAP4	MT1A	1	1	5.957513989621056	5.957513989621056	5.957513989621056
MFAP4	NAP1L5	1	1	5.95713750935346	5.95713750935346	5.95713750935346
MFAP4	SEMA6A	1	1	5.9400251513036615	5.9400251513036615	5.9400251513036615
MFAP4	CYP11B1	1	1	5.938144240058582	5.938144240058582	5.938144240058582
MFAP4	MS4A1	2	1	5.8306156802446205	12.626251888655844	-0.9650205281666031
MFAP4	ECRG4	1	1	5.794431461266725	5.794431461266725	5.794431461266725
MFAP4	FAM166B	1	1	5.792426754244087	5.792426754244087	5.792426754244087
MFAP4	PLPP4	1	1	5.783715249118032	5.783715249118032	5.783715249118032
MFAP4	CYP17A1	1	1	5.755874622728922	5.755874622728922	5.755874622728922
MFAP4	FMOD	1	1	5.6938349140618945	5.6938349140618945	5.6938349140618945
MFAP4	FGB	1	1	5.687834663236746	5.687834663236746	5.687834663236746
MFAP4	SLIT2	1	1	5.6705949452750595	5.6705949452750595	5.6705949452750595
MFAP4	TLE5	1	1	5.640970700021871	5.640970700021871	5.640970700021871
MFAP4	RCC2	1	1	5.629995588924011	5.629995588924011	5.629995588924011
MFAP4	CPXM1	1	1	5.615769646090402	5.615769646090402	5.615769646090402
MFAP4	LTBP2	1	1	5.602772668526266	5.602772668526266	5.602772668526266
MFAP4	HSPB8	1	1	5.586343944861523	5.586343944861523	5.586343944861523
MFAP4	SLC23A2	1	1	5.513943202852848	5.513943202852848	5.513943202852848
MFAP4	FAM20A	1	1	5.495214136051526	5.495214136051526	5.495214136051526
MFAP4	GAP43	1	1	5.450210810701846	5.450210810701846	5.450210810701846
MFAP4	TCEAL4	1	1	5.433761044577669	5.433761044577669	5.433761044577669
MFAP4	SRRM2	1	1	5.412330969120739	5.412330969120739	5.412330969120739
MFAP4	PLTP	1	1	5.3946417757971	5.3946417757971	5.3946417757971
MFAP4	ZNF275	1	1	5.390583614842943	5.390583614842943	5.390583614842943
MFAP4	CXCL13	2	1	5.371974366779935	12.407247318018946	-1.6632985844590757
MFAP4	IL6	1	1	5.3463995865719465	5.3463995865719465	5.3463995865719465
MFAP4	HGS	1	1	5.27111628946039	5.27111628946039	5.27111628946039
MFAP4	HDAC7	1	1	5.181154166919969	5.181154166919969	5.181154166919969
MFAP4	ALKAL2	1	1	5.160053299539851	5.160053299539851	5.160053299539851
MFAP4	CSF1R	1	1	5.157301021686719	5.157301021686719	5.157301021686719
MFAP4	MAP3K20	1	1	5.155290353852012	5.155290353852012	5.155290353852012
MFAP4	PALM2-AKAP2	1	1	5.113757677923419	5.113757677923419	5.113757677923419
MFAP4	VAT1L	1	1	5.111362062789413	5.111362062789413	5.111362062789413
MFAP4	SCARB1	1	1	5.091399698413043	5.091399698413043	5.091399698413043
MFAP4	SMIM4	1	1	5.007481922305108	5.007481922305108	5.007481922305108
MFAP4	SOX10	1	1	4.999648467833313	4.999648467833313	4.999648467833313
MFAP4	HID1	1	1	4.94101463491312	4.94101463491312	4.94101463491312
MFAP4	PTGES3	1	1	4.929161643704504	4.929161643704504	4.929161643704504
MFAP4	JAZF1	1	1	4.906403668219492	4.906403668219492	4.906403668219492
MFAP4	MGARP	1	1	4.893763844123562	4.893763844123562	4.893763844123562
MFAP4	DERL3	1	1	4.873729155906376	4.873729155906376	4.873729155906376
MFAP4	PRKAR2B	1	1	4.8712772602459715	4.8712772602459715	4.8712772602459715
MFAP4	ALDH3A2	1	1	4.863467697688967	4.863467697688967	4.863467697688967
MFAP4	RAC1	1	1	4.860130556333684	4.860130556333684	4.860130556333684
MFAP4	STEAP4	1	1	4.851045691982857	4.851045691982857	4.851045691982857
MFAP4	SOAT1	1	1	4.84628452370654	4.84628452370654	4.84628452370654
MFAP4	CD37	2	1	4.838393357201354	10.070183349937837	-0.39339663553512905
MFAP4	BARX1	1	1	4.829231547894593	4.829231547894593	4.829231547894593
MFAP4	CSF1	1	1	4.815954392870466	4.815954392870466	4.815954392870466
MFAP4	ACIN1	1	1	4.808241837076522	4.808241837076522	4.808241837076522
MFAP4	ETNK1	1	1	4.791405789252815	4.791405789252815	4.791405789252815
MFAP4	LCN12	1	1	4.79128104710925	4.79128104710925	4.79128104710925
MFAP4	PTPRN2	1	1	4.75660644587847	4.75660644587847	4.75660644587847
MFAP4	PPARGC1A	1	1	4.75337338242624	4.75337338242624	4.75337338242624
MFAP4	SPATA20	1	1	4.734136145478995	4.734136145478995	4.734136145478995
MFAP4	FADS3	1	1	4.728393511602067	4.728393511602067	4.728393511602067
MFAP4	WNT11	1	1	4.702491075649561	4.702491075649561	4.702491075649561
MFAP4	CDKN1C	1	1	4.700620678881434	4.700620678881434	4.700620678881434
MFAP4	NPDC1	1	1	4.697436615954331	4.697436615954331	4.697436615954331
MFAP4	PDE1C	1	1	4.640365402207163	4.640365402207163	4.640365402207163
MFAP4	MAPK4	1	1	4.543814614603537	4.543814614603537	4.543814614603537
MFAP4	GRIPAP1	1	1	4.542555108820276	4.542555108820276	4.542555108820276
MFAP4	LIPF	1	1	4.541092641135309	4.541092641135309	4.541092641135309
MFAP4	CYP11A1	1	1	4.506344289918405	4.506344289918405	4.506344289918405
MFAP4	SLC47A1	1	1	4.50552571257056	4.50552571257056	4.50552571257056
MFAP4	RARRES1	1	1	4.502108498133293	4.502108498133293	4.502108498133293
MFAP4	MPST	1	1	4.467982511633867	4.467982511633867	4.467982511633867
MFAP4	KLHDC8B	1	1	4.46143879660391	4.46143879660391	4.46143879660391
MFAP4	SLC38A4	1	1	4.456633237807352	4.456633237807352	4.456633237807352
MFAP4	LST1	1	1	4.452152851290974	4.452152851290974	4.452152851290974
MFAP4	FAM110C	1	1	4.448645312363264	4.448645312363264	4.448645312363264
MFAP4	CCNI	1	1	4.447352758519395	4.447352758519395	4.447352758519395
MFAP4	VASH1	1	1	4.441037206403893	4.441037206403893	4.441037206403893
MFAP4	GRAMD1B	1	1	4.435246397727103	4.435246397727103	4.435246397727103
MFAP4	CYP11B2	1	1	4.428598485098751	4.428598485098751	4.428598485098751
MFAP4	FNDC4	1	1	4.414503113411237	4.414503113411237	4.414503113411237
MFAP4	LDLR	1	1	4.408391700161096	4.408391700161096	4.408391700161096
MFAP4	AMTN	1	1	4.396031681475376	4.396031681475376	4.396031681475376
MFAP4	NKAIN1	1	1	4.386575534127196	4.386575534127196	4.386575534127196
MFAP4	TAF15	1	1	4.382034747991929	4.382034747991929	4.382034747991929
MFAP4	FGF9	1	1	4.3691976683863345	4.3691976683863345	4.3691976683863345
MFAP4	TM4SF5	1	1	4.320679793181446	4.320679793181446	4.320679793181446
MFAP4	ARPC2	1	1	4.3094979117413	4.3094979117413	4.3094979117413
MFAP4	CX3CL1	1	1	4.306015176242754	4.306015176242754	4.306015176242754
MFAP4	UQCRQ	1	1	4.303475506095228	4.303475506095228	4.303475506095228
MFAP4	NCSTN	1	1	4.302677461326611	4.302677461326611	4.302677461326611
MFAP4	ABCB1	1	1	4.300180115766004	4.300180115766004	4.300180115766004
MFAP4	HOXB3	1	1	4.293084603214216	4.293084603214216	4.293084603214216
MFAP4	FABP4	1	1	4.285053642186252	4.285053642186252	4.285053642186252
MFAP4	WT1	1	1	4.2810376622217605	4.2810376622217605	4.2810376622217605
MFAP4	SLC16A9	1	1	4.27895780785753	4.27895780785753	4.27895780785753
MFAP4	PTPRN	1	1	4.276017312089222	4.276017312089222	4.276017312089222
MFAP4	C2CD2	1	1	4.2634624976577316	4.2634624976577316	4.2634624976577316
MFAP4	CFH	1	1	4.245995758303394	4.245995758303394	4.245995758303394
MFAP4	WNT10A	1	1	4.242710842548337	4.242710842548337	4.242710842548337
MFAP4	ACSL1	1	1	4.223468694576339	4.223468694576339	4.223468694576339
MFAP4	IL11	1	1	4.216056150854855	4.216056150854855	4.216056150854855
MFAP4	ANGPTL7	1	1	4.200940764414744	4.200940764414744	4.200940764414744
MFAP4	CTNNAL1	1	1	4.199091259505715	4.199091259505715	4.199091259505715
MFAP4	CDH2	1	1	4.183508889433442	4.183508889433442	4.183508889433442
MFAP4	CTH	1	1	4.160359947947023	4.160359947947023	4.160359947947023
MFAP4	FGF12	1	1	4.139289495786011	4.139289495786011	4.139289495786011
MFAP4	C2orf66	1	1	4.089441294637938	4.089441294637938	4.089441294637938
MFAP4	HIST1H2AC	1	1	4.071624516848322	4.071624516848322	4.071624516848322
MFAP4	ELN	2	1	4.059920545775771	8.200019707722593	-0.08017861617105096
MFAP4	LUC7L3	1	1	4.058892974224856	4.058892974224856	4.058892974224856
MFAP4	ZBTB21	1	1	4.043523624678213	4.043523624678213	4.043523624678213
MFAP4	RBPMS	1	1	4.034209915160764	4.034209915160764	4.034209915160764
MFAP4	DNAJC12	1	1	4.015333070263687	4.015333070263687	4.015333070263687
MFAP4	PEG3	1	1	3.989756392193292	3.989756392193292	3.989756392193292
MFAP4	MYH3	1	1	3.9857196533687653	3.9857196533687653	3.9857196533687653
MFAP4	TBX3	1	1	3.9812435043321877	3.9812435043321877	3.9812435043321877
MFAP4	CRYBA2	2	1	3.9774048955159094	9.57544671630981	-1.62063692527799
MFAP4	CCN5	2	1	3.9733461140239603	8.782028293152594	-0.8353360651046733
MFAP4	GYPC	1	1	3.9283514534191744	3.9283514534191744	3.9283514534191744
MFAP4	FDX1	1	1	3.928123858144165	3.928123858144165	3.928123858144165
MFAP4	NFATC1	2	1	3.923974577842727	9.239125516980312	-1.3911763612948587
MFAP4	HEXA	1	1	3.9172654478860274	3.9172654478860274	3.9172654478860274
MFAP4	NFKBIZ	1	1	3.8958836399539645	3.8958836399539645	3.8958836399539645
MFAP4	SMG1	1	1	3.837481868831512	3.837481868831512	3.837481868831512
MFAP4	ABTB2	1	1	3.817085084070885	3.817085084070885	3.817085084070885
MFAP4	KCP	1	1	3.8148015475374057	3.8148015475374057	3.8148015475374057
MFAP4	ALDH2	1	1	3.8085430820106168	3.8085430820106168	3.8085430820106168
MFAP4	CALN1	1	1	3.7736396807669244	3.7736396807669244	3.7736396807669244
MFAP4	CRIP2	1	1	3.7591903950799797	3.7591903950799797	3.7591903950799797
MFAP4	IGFN1	1	1	3.7579090551750705	3.7579090551750705	3.7579090551750705
MFAP4	COLGALT2	1	1	3.7349489165494356	3.7349489165494356	3.7349489165494356
MFAP4	TRIM31	1	1	3.6981755250373047	3.6981755250373047	3.6981755250373047
MFAP4	SLC38A2	1	1	3.693919467539759	3.693919467539759	3.693919467539759
MFAP4	MCOLN3	1	1	3.6830885981726094	3.6830885981726094	3.6830885981726094
MFAP4	AS3MT	1	1	3.636710086998328	3.636710086998328	3.636710086998328
MFAP4	KCNQ1	1	1	3.624898304739468	3.624898304739468	3.624898304739468
MFAP4	VWA5B2	1	1	3.586091291100047	3.586091291100047	3.586091291100047
MFAP4	MSLN	1	1	3.585958217488995	3.585958217488995	3.585958217488995
MFAP4	FJX1	1	1	3.582598193089183	3.582598193089183	3.582598193089183
MFAP4	ALAS1	1	1	3.5694298333188526	3.5694298333188526	3.5694298333188526
MFAP4	NPC1	1	1	3.5680782433438907	3.5680782433438907	3.5680782433438907
MFAP4	NPNT	1	1	3.5541223200530823	3.5541223200530823	3.5541223200530823
MFAP4	VCAM1	1	1	3.5408575895534677	3.5408575895534677	3.5408575895534677
MFAP4	PGA5	1	1	3.5277168680250672	3.5277168680250672	3.5277168680250672
MFAP4	ST3GAL4	1	1	3.5085611097953984	3.5085611097953984	3.5085611097953984
MFAP4	SLCO2B1	1	1	3.500276183059566	3.500276183059566	3.500276183059566
MFAP4	PGAP1	1	1	3.4779918262271172	3.4779918262271172	3.4779918262271172
MFAP4	DKK3	1	1	3.472192157972264	3.472192157972264	3.472192157972264
MFAP4	IL20RB	1	1	3.451736061419211	3.451736061419211	3.451736061419211
MFAP4	TENT5C	1	1	3.425244509230446	3.425244509230446	3.425244509230446
MFAP4	MAZ	1	1	3.410153859416459	3.410153859416459	3.410153859416459
MFAP4	HLA-E	1	1	3.4093482385769254	3.4093482385769254	3.4093482385769254
MFAP4	CYP19A1	1	1	3.4030171907629523	3.4030171907629523	3.4030171907629523
MFAP4	EFEMP1	2	1	3.3833350861270692	7.107372339670121	-0.3407021674159827
MFAP4	RAPGEFL1	1	1	3.3470709996487717	3.3470709996487717	3.3470709996487717
MFAP4	SMIM3	1	1	3.346584824858718	3.346584824858718	3.346584824858718
MFAP4	SORBS2	1	1	3.3335930409854946	3.3335930409854946	3.3335930409854946
MFAP4	MSMB	1	1	3.3250211845344295	3.3250211845344295	3.3250211845344295
MFAP4	ANKH	1	1	3.323785625699989	3.323785625699989	3.323785625699989
MFAP4	GADD45A	1	1	3.3204793093797798	3.3204793093797798	3.3204793093797798
MFAP4	KCNJ5	1	1	3.316996818732015	3.316996818732015	3.316996818732015
MFAP4	FN3K	1	1	3.310904475113159	3.310904475113159	3.310904475113159
MFAP4	IL1R1	1	1	3.303688318362958	3.303688318362958	3.303688318362958
MFAP4	TPD52L1	1	1	3.300429149957781	3.300429149957781	3.300429149957781
MFAP4	ZNF503	1	1	3.2851344127797018	3.2851344127797018	3.2851344127797018
MFAP4	IGLV4-60	1	1	3.279515282388395	3.279515282388395	3.279515282388395
MFAP4	NDUFB9	1	1	3.264940859387374	3.264940859387374	3.264940859387374
MFAP4	NR5A1	1	1	3.2616580802836403	3.2616580802836403	3.2616580802836403
MFAP4	GABARAP	1	1	3.2407886071372007	3.2407886071372007	3.2407886071372007
MFAP4	AADAC	1	1	3.2142334240281376	3.2142334240281376	3.2142334240281376
MFAP4	HOXA5	1	1	3.1946459323561966	3.1946459323561966	3.1946459323561966
MFAP4	RGS9	1	1	3.1847939978997086	3.1847939978997086	3.1847939978997086
MFAP4	WNT7A	1	1	3.184516342391626	3.184516342391626	3.184516342391626
MFAP4	GSTA4	1	1	3.183133807623213	3.183133807623213	3.183133807623213
MFAP4	ODF3B	1	1	3.090246828030357	3.090246828030357	3.090246828030357
MFAP4	CARNS1	1	1	3.084240900059963	3.084240900059963	3.084240900059963
MFAP4	PABPC1	1	1	3.0627098408198576	3.0627098408198576	3.0627098408198576
MFAP4	UPK3B	1	1	3.0603685143254498	3.0603685143254498	3.0603685143254498
MFAP4	SLC39A4	1	1	3.0400115028297128	3.0400115028297128	3.0400115028297128
MFAP4	PTGER3	2	1	3.0388186602435723	8.2645398909452	-2.186902570458055
MFAP4	PGM5	1	1	3.025374335755193	3.025374335755193	3.025374335755193
MFAP4	HILPDA	1	1	2.9962584295273578	2.9962584295273578	2.9962584295273578
MFAP4	RCAN2	1	1	2.995878575872894	2.995878575872894	2.995878575872894
MFAP4	SLC1A5	1	1	2.9926116504339086	2.9926116504339086	2.9926116504339086
MFAP4	HOXB6	1	1	2.9848739189093365	2.9848739189093365	2.9848739189093365
MFAP4	CAPN13	1	1	2.942788243946433	2.942788243946433	2.942788243946433
MFAP4	RBP1	2	1	2.9284998022480875	9.52786756966852	-3.670867965172346
MFAP4	APLN	1	1	2.914810151304284	2.914810151304284	2.914810151304284
MFAP4	CCDC69	1	1	2.9126146312415537	2.9126146312415537	2.9126146312415537
MFAP4	FDCSP	1	1	2.906535778447415	2.906535778447415	2.906535778447415
MFAP4	ZBED2	1	1	2.8035175654990536	2.8035175654990536	2.8035175654990536
MFAP4	CASP9	1	1	2.7941173999281603	2.7941173999281603	2.7941173999281603
MFAP4	ALPL	1	1	2.786297943543029	2.786297943543029	2.786297943543029
MFAP4	IFNGR2	1	1	2.746961930900375	2.746961930900375	2.746961930900375
MFAP4	PITX1	1	1	2.698040363038416	2.698040363038416	2.698040363038416
MFAP4	COL18A1	1	1	2.649179674316317	2.649179674316317	2.649179674316317
MFAP4	PRPH	1	1	2.6480810830525474	2.6480810830525474	2.6480810830525474
MFAP4	FLNC	1	1	2.6409622141366254	2.6409622141366254	2.6409622141366254
MFAP4	LPCAT4	1	1	2.609833112992273	2.609833112992273	2.609833112992273
MFAP4	SHB	1	1	2.6049065229467985	2.6049065229467985	2.6049065229467985
MFAP4	CAMK2N2	1	1	2.596465815059681	2.596465815059681	2.596465815059681
MFAP4	MRAP	1	1	2.5552165174132515	2.5552165174132515	2.5552165174132515
MFAP4	ADAM19	2	1	2.5542844532174698	6.479146264392051	-1.3705773579571114
MFAP4	ROBO1	1	1	2.5415384007831214	2.5415384007831214	2.5415384007831214
MFAP4	G0S2	1	1	2.503485986020269	2.503485986020269	2.503485986020269
MFAP4	ACSF2	1	1	2.4295981726104516	2.4295981726104516	2.4295981726104516
MFAP4	ARMC9	1	1	2.4147359109278006	2.4147359109278006	2.4147359109278006
MFAP4	CRLF1	1	1	2.406074846131823	2.406074846131823	2.406074846131823
MFAP4	FCGRT	1	1	2.4018826143061593	2.4018826143061593	2.4018826143061593
MFAP4	LENG8	1	1	2.3958818199911667	2.3958818199911667	2.3958818199911667
MFAP4	JMY	1	1	2.3838560752323614	2.3838560752323614	2.3838560752323614
MFAP4	RBBP7	1	1	2.377221045993087	2.377221045993087	2.377221045993087
MFAP4	FOXF1	1	1	2.3732535081860586	2.3732535081860586	2.3732535081860586
MFAP4	SLC1A2	1	1	2.3504006654831358	2.3504006654831358	2.3504006654831358
MFAP4	FAM222A	1	1	2.2940658993378173	2.2940658993378173	2.2940658993378173
MFAP4	FAS	1	1	2.288571342290418	2.288571342290418	2.288571342290418
MFAP4	CYP4F22	1	1	2.2779793153161805	2.2779793153161805	2.2779793153161805
MFAP4	SLCO2A1	1	1	2.2755056475406823	2.2755056475406823	2.2755056475406823
MFAP4	QPCT	1	1	2.2230452895263166	2.2230452895263166	2.2230452895263166
MFAP4	JPH2	2	1	2.2188964805556406	8.763159919537507	-4.325366958426226
MFAP4	FDXR	1	1	2.2164972130281244	2.2164972130281244	2.2164972130281244
MFAP4	ANK2	1	1	2.2069722859169008	2.2069722859169008	2.2069722859169008
MFAP4	TRAK1	1	1	2.1728794815143133	2.1728794815143133	2.1728794815143133
MFAP4	TENM2	1	1	2.16742297714492	2.16742297714492	2.16742297714492
MFAP4	GABARAPL1	2	1	2.1372470433004196	6.431554381486844	-2.157060294886005
MFAP4	ZG16B	1	1	2.1074141702563196	2.1074141702563196	2.1074141702563196
MFAP4	IL4R	1	1	2.08680327976334	2.08680327976334	2.08680327976334
MFAP4	C1orf198	2	1	2.08127372851765	4.312417709746965	-0.1498702527116652
MFAP4	PTK7	2	1	2.0737517562726766	5.7660459871581375	-1.6185424746127843
MFAP4	ASB4	1	1	2.0680853592491677	2.0680853592491677	2.0680853592491677
MFAP4	ZNF460	1	1	2.043681470526788	2.043681470526788	2.043681470526788
MFAP4	NECTIN2	1	1	2.036330091861691	2.036330091861691	2.036330091861691
MFAP4	SNAP25	2	1	2.026295112529785	5.296513915949652	-1.2439236908900826
MFAP4	SEMA5A	1	1	2.0152304574025597	2.0152304574025597	2.0152304574025597
MFAP4	ATP4A	1	1	1.9842271673501453	1.9842271673501453	1.9842271673501453
MFAP4	TMSB4X	1	1	1.9683603682429391	1.9683603682429391	1.9683603682429391
MFAP4	HIST1H2BB	2	1	1.9460391674565738	5.266479317094018	-1.3744009821808707
MFAP4	SULT2B1	1	1	1.9359542077830756	1.9359542077830756	1.9359542077830756
MFAP4	GSTK1	1	1	1.922761752726384	1.922761752726384	1.922761752726384
MFAP4	ELL2	2	1	1.9218316791372816	7.956899880380506	-4.113236522105943
MFAP4	MAP1B	1	1	1.9091648975269149	1.9091648975269149	1.9091648975269149
MFAP4	SCARF1	1	1	1.905655070301716	1.905655070301716	1.905655070301716
MFAP4	B4GALT1	1	1	1.8955262933231245	1.8955262933231245	1.8955262933231245
MFAP4	PTGES	1	1	1.881568985979956	1.881568985979956	1.881568985979956
MFAP4	TM7SF2	1	1	1.8730223452703774	1.8730223452703774	1.8730223452703774
MFAP4	MAPK15	1	1	1.870389790872775	1.870389790872775	1.870389790872775
MFAP4	PRIMA1	1	1	1.8681610988222523	1.8681610988222523	1.8681610988222523
MFAP4	INSIG1	1	1	1.8298571335888238	1.8298571335888238	1.8298571335888238
MFAP4	EGFL7	1	1	1.8190858431714412	1.8190858431714412	1.8190858431714412
MFAP4	TRIM2	1	1	1.7956470541160725	1.7956470541160725	1.7956470541160725
MFAP4	TYMP	1	1	1.7940672858640814	1.7940672858640814	1.7940672858640814
MFAP4	ARHGAP31	1	1	1.7767975556229971	1.7767975556229971	1.7767975556229971
MFAP4	GRIA3	1	1	1.7403862431012036	1.7403862431012036	1.7403862431012036
MFAP4	CSTA	1	1	1.7315048978991994	1.7315048978991994	1.7315048978991994
MFAP4	NGEF	1	1	1.7217461474378257	1.7217461474378257	1.7217461474378257
MFAP4	AMDHD1	1	1	1.7192848360314976	1.7192848360314976	1.7192848360314976
MFAP4	LTB4R	1	1	1.7001709230344124	1.7001709230344124	1.7001709230344124
MFAP4	IL24	1	1	1.6980744936945147	1.6980744936945147	1.6980744936945147
MFAP4	TNFSF14	2	1	1.6966374995801679	5.496541502019813	-2.1032665028594772
MFAP4	KRT4	1	1	1.6838601970266638	1.6838601970266638	1.6838601970266638
MFAP4	ZNF888	1	1	1.6619385295932032	1.6619385295932032	1.6619385295932032
MFAP4	SNAI2	1	1	1.651800584341251	1.651800584341251	1.651800584341251
MFAP4	MC2R	1	1	1.6462712102134687	1.6462712102134687	1.6462712102134687
MFAP4	CRYBG2	1	1	1.6262349479069125	1.6262349479069125	1.6262349479069125
MFAP4	PTPA	1	1	1.6204057631396978	1.6204057631396978	1.6204057631396978
MFAP4	TMEM97	1	1	1.6097922058910732	1.6097922058910732	1.6097922058910732
MFAP4	CD82	1	1	1.606682221898834	1.606682221898834	1.606682221898834
MFAP4	CHRM2	1	1	1.5945945478325714	1.5945945478325714	1.5945945478325714
MFAP4	TP53INP2	1	1	1.5900094850002218	1.5900094850002218	1.5900094850002218
MFAP4	LSS	1	1	1.57310828632734	1.57310828632734	1.57310828632734
MFAP4	ADH1C	1	1	1.572960574862746	1.572960574862746	1.572960574862746
MFAP4	ADCY5	1	1	1.5605594190022827	1.5605594190022827	1.5605594190022827
MFAP4	CYB5B	1	1	1.555525761838024	1.555525761838024	1.555525761838024
MFAP4	GKN1	1	1	1.5308815279856955	1.5308815279856955	1.5308815279856955
MFAP4	JAK3	1	1	1.5215052892604728	1.5215052892604728	1.5215052892604728
MFAP4	NRXN3	1	1	1.512644497950399	1.512644497950399	1.512644497950399
MFAP4	RGS2	2	1	1.50803017979813	9.827026858768264	-6.810966499172004
MFAP4	ATP4B	1	1	1.5039907621513156	1.5039907621513156	1.5039907621513156
MFAP4	HIST1H1B	2	1	1.5004040182749083	7.718618726601303	-4.717810690051486
MFAP4	ACTC1	1	1	1.493379848783567	1.493379848783567	1.493379848783567
MFAP4	CNN3	2	1	1.4878103001513943	6.339805617654382	-3.3641850173515935
MFAP4	LYPD2	2	1	1.4829316765090488	4.363917923705876	-1.3980545706877785
MFAP4	MARCKSL1	2	1	1.4774668682750165	3.4769596654312753	-0.5220259288812424
MFAP4	EMP3	1	1	1.4514488973380841	1.4514488973380841	1.4514488973380841
MFAP4	SLC7A2	1	1	1.4454022013698231	1.4454022013698231	1.4454022013698231
MFAP4	RHOV	1	1	1.4039245251539256	1.4039245251539256	1.4039245251539256
MFAP4	GOT1	1	1	1.393757468538831	1.393757468538831	1.393757468538831
MFAP4	LFNG	1	1	1.368505793390932	1.368505793390932	1.368505793390932
MFAP4	DCD	2	1	1.3554970858098434	3.1052658536355144	-0.3942716820158275
MFAP4	HLA-DOA	1	1	1.3188076623771876	1.3188076623771876	1.3188076623771876
MFAP4	ITGA8	1	1	1.3146643103562985	1.3146643103562985	1.3146643103562985
MFAP4	CSF2RB	1	1	1.3032901546218654	1.3032901546218654	1.3032901546218654
MFAP4	CHIA	1	1	1.2948026665301369	1.2948026665301369	1.2948026665301369
MFAP4	DLX3	1	1	1.2868292220897501	1.2868292220897501	1.2868292220897501
MFAP4	MSMO1	1	1	1.2742901812887797	1.2742901812887797	1.2742901812887797
MFAP4	SYNGR2	1	1	1.2429149247249045	1.2429149247249045	1.2429149247249045
MFAP4	SLC12A7	1	1	1.2299383054047177	1.2299383054047177	1.2299383054047177
MFAP4	FST	1	1	1.2046097120618549	1.2046097120618549	1.2046097120618549
MFAP4	C1QA	1	1	1.2018712698853051	1.2018712698853051	1.2018712698853051
MFAP4	CHCHD1	2	1	1.1994666813063366	5.002974917012072	-2.6040415543993984
MFAP4	CHIT1	1	1	1.1993062838937163	1.1993062838937163	1.1993062838937163
MFAP4	MMP3	2	1	1.176382502869441	4.282335239992899	-1.929570234254017
MFAP4	AZIN2	1	1	1.1720367283657551	1.1720367283657551	1.1720367283657551
MFAP4	C3orf70	1	1	1.1646765528574683	1.1646765528574683	1.1646765528574683
MFAP4	CLIC4	2	1	1.164404956332989	6.49388541332615	-4.165075500660172
MFAP4	MEGF6	2	1	1.1602234956100952	5.971814203384752	-3.6513672121645615
MFAP4	CAVIN1	2	1	1.1464632307910847	2.711166643684085	-0.4182401821019156
MFAP4	ATP1A2	1	1	1.1459625079899243	1.1459625079899243	1.1459625079899243
MFAP4	CITED2	2	1	1.1270827984093248	4.600451471885847	-2.3462858750671978
MFAP4	CBLIF	1	1	1.1235216528174952	1.1235216528174952	1.1235216528174952
MFAP4	ASPRV1	1	1	1.1217247747583072	1.1217247747583072	1.1217247747583072
MFAP4	ZNF185	1	1	1.0776303769516649	1.0776303769516649	1.0776303769516649
MFAP4	CNFN	1	1	1.067073441861572	1.067073441861572	1.067073441861572
MFAP4	NSG1	1	1	1.0410521067518674	1.0410521067518674	1.0410521067518674
MFAP4	RORA	1	1	1.0333568012422756	1.0333568012422756	1.0333568012422756
MFAP4	TRAF1	1	1	1.0305469976123804	1.0305469976123804	1.0305469976123804
MFAP4	ITPRIP	2	1	1.029491380790649	8.086689269675864	-6.027706508094566
MFAP4	SPEG	2	1	1.0140408472931703	4.79812582068833	-2.7700441261019897
MFAP4	KRT20	2	1	0.9388263015163634	3.9754960150998717	-2.097843412067145
MFAP4	LSP1	1	1	0.9261529868757583	0.9261529868757583	0.9261529868757583
MFAP4	CST4	2	1	0.9239152821497911	5.430152502243425	-3.582321937943843
MFAP4	PCSK6	1	1	0.906253015830066	0.906253015830066	0.906253015830066
MFAP4	LCE2A	1	1	0.9020924093188065	0.9020924093188065	0.9020924093188065
MFAP4	ERBB2	1	1	0.8760711711210916	0.8760711711210916	0.8760711711210916
MFAP4	TTC9	1	1	0.8374221553121829	0.8374221553121829	0.8374221553121829
MFAP4	IMPA2	1	1	0.821892881929221	0.821892881929221	0.821892881929221
MFAP4	CSF3	1	1	0.8025589521497899	0.8025589521497899	0.8025589521497899
MFAP4	FADS1	1	1	0.7756468377452065	0.7756468377452065	0.7756468377452065
MFAP4	SLC5A1	1	1	0.7698704442646194	0.7698704442646194	0.7698704442646194
MFAP4	SLC6A9	2	1	0.7655584387240645	1.8473323926089444	-0.3162155151608154
MFAP4	SHANK3	1	1	0.7399546063923182	0.7399546063923182	0.7399546063923182
MFAP4	BNIPL	1	1	0.7188900139788562	0.7188900139788562	0.7188900139788562
MFAP4	LOR	1	1	0.7013501284871874	0.7013501284871874	0.7013501284871874
MFAP4	ALDOB	2	1	0.6958840950256802	5.05799322787414	-3.6662250378227794
MFAP4	PTK6	1	1	0.6574442856216486	0.6574442856216486	0.6574442856216486
MFAP4	TLCD3A	1	1	0.5961919461201335	0.5961919461201335	0.5961919461201335
MFAP4	TNFRSF21	2	1	0.5849276924151112	1.6175875503916497	-0.4477321655614273
MFAP4	CAPN6	1	1	0.5820744491723728	0.5820744491723728	0.5820744491723728
MFAP4	ITPRID2	2	1	0.5686975536720063	4.36276792667927	-3.2253728193352575
MFAP4	PSAPL1	1	1	0.5458312920887441	0.5458312920887441	0.5458312920887441
MFAP4	MUCL3	2	1	0.5396862141899373	2.4994375446719634	-1.4200651162920888
MFAP4	ACSS2	1	1	0.537164533505898	0.537164533505898	0.537164533505898
MFAP4	PPDPF	1	1	0.5310187947563983	0.5310187947563983	0.5310187947563983
MFAP4	KSR1	1	1	0.5048672436752859	0.5048672436752859	0.5048672436752859
MFAP4	ST6GALNAC5	2	1	0.49217448827549193	8.48000252209299	-7.495653545542006
MFAP4	COL4A2	2	1	0.48545859935433455	3.3813216168142795	-2.4104044181056103
MFAP4	SYNC	1	1	0.4755333172677633	0.4755333172677633	0.4755333172677633
MFAP4	ACAT2	1	1	0.46391745400795104	0.46391745400795104	0.46391745400795104
MFAP4	C1orf68	1	1	0.45168865577648787	0.45168865577648787	0.45168865577648787
MFAP4	TINCR	1	1	0.4498073206186462	0.4498073206186462	0.4498073206186462
MFAP4	SDS	1	1	0.43966722071076175	0.43966722071076175	0.43966722071076175
MFAP4	SCGB1D2	1	1	0.43131117523927465	0.43131117523927465	0.43131117523927465
MFAP4	PPBP	2	1	0.4249867527344753	3.6802350883713997	-2.830261582902449
MFAP4	PDGFA	2	1	0.4191475793945094	5.188961962069685	-4.350666803280666
MFAP4	CABP7	1	1	0.41905800768723145	0.41905800768723145	0.41905800768723145
MFAP4	FSTL3	1	1	0.4037234586784411	0.4037234586784411	0.4037234586784411
MFAP4	PGLYRP3	1	1	0.39435545989405046	0.39435545989405046	0.39435545989405046
MFAP4	MVD	1	1	0.38818228194894494	0.38818228194894494	0.38818228194894494
MFAP4	S100B	1	1	0.37760961293890166	0.37760961293890166	0.37760961293890166
MFAP4	HMGCR	1	1	0.35789837935645413	0.35789837935645413	0.35789837935645413
MFAP4	ERN2	2	1	0.353840055516207	1.977425127358922	-1.269745016326508
MFAP4	IDI1	1	1	0.34272339031967086	0.34272339031967086	0.34272339031967086
MFAP4	SCGB2A2	1	1	0.3182550220092795	0.3182550220092795	0.3182550220092795
MFAP4	DUSP2	2	1	0.3116237412943499	4.352660365235891	-3.729412882647191
MFAP4	MUCL1	1	1	0.3062296807886696	0.3062296807886696	0.3062296807886696
MFAP4	GPX4	1	1	0.3054896238835477	0.3054896238835477	0.3054896238835477
MFAP4	DEGS2	1	1	0.2954820000391365	0.2954820000391365	0.2954820000391365
MFAP4	MMP1	2	1	0.2483256210219339	1.8679432354880035	-1.3712919934441357
MFAP4	ZNF750	1	1	0.2368842425197151	0.2368842425197151	0.2368842425197151
MFAP4	RNF19B	1	1	0.2291644864332843	0.2291644864332843	0.2291644864332843
MFAP4	IVL	1	1	0.20659522785358772	0.20659522785358772	0.20659522785358772
MFAP4	IL22RA2	1	1	0.2007603064942677	0.2007603064942677	0.2007603064942677
MFAP4	FGA	2	1	0.19901445048611954	7.874734154159301	-7.4767052531870615
MFAP4	SERPINA12	1	1	0.1771186236440199	0.1771186236440199	0.1771186236440199
MFAP4	WHRN	1	1	0.1631461202477441	0.1631461202477441	0.1631461202477441
MFAP4	TXNDC5	1	1	0.14787320652559052	0.14787320652559052	0.14787320652559052
MFAP4	HS3ST1	1	1	0.14439986977816574	0.14439986977816574	0.14439986977816574
MFAP4	TYK2	1	1	0.13736802801511583	0.13736802801511583	0.13736802801511583
MFAP4	CERS3	1	1	0.13411972658479426	0.13411972658479426	0.13411972658479426
MFAP4	SBSN	1	1	0.13372745081759096	0.13372745081759096	0.13372745081759096
MFAP4	MIA	2	1	0.11126890321546301	2.9194038817725887	-2.6968660753416627
MFAP4	FCGR2B	2	1	0.07457257234540862	0.4773081776681193	-0.32816303297730204
MFAP4	STARD4	1	1	0.07249505662090099	0.07249505662090099	0.07249505662090099
MFAP4	MED13L	1	1	0.05881304206850658	0.05881304206850658	0.05881304206850658
MFAP4	BICDL2	1	1	0.04638473949276157	0.04638473949276157	0.04638473949276157
MFAP4	MGST1	1	1	0.034699187444991925	0.034699187444991925	0.034699187444991925
MFAP4	DHCR7	1	1	0.01297810021313422	0.01297810021313422	0.01297810021313422
MFAP4	PHGR1	2	1	-0.03141278209484666	1.4556816677459634	-1.5185072319356567
MFAP4	STARD10	2	1	-0.0758469270155111	2.562903457411718	-2.7145973114427404
MFAP4	IFIT3	2	1	-0.11619076877109591	2.218328586226605	-2.450710123768797
MFAP4	PPP1R1B	4	1	-0.16868901461302468	2.8390150043855478	-1.1078524966300471
MFAP4	ISLR	3	1	-0.19988408324673276	7.3399391259468505	-4.833696652723778
MFAP4	CDHR5	2	1	-0.21318536757628248	0.7714678607472398	-1.1978385958998048
MFAP4	ANXA4	3	1	-0.27098008648561134	0.5587637620814339	-2.225761254500234
MFAP4	TOB1	3	1	-0.28846764842216155	1.8555830820279249	-6.62003527838259
MFAP4	CEACAM7	3	1	-0.29393873076738314	1.4837218601185782	-4.799819785205139
MFAP4	S100G	3	1	-0.35538637455150535	3.521161813005312	-3.8035122900515472
MFAP4	IGHJ2	3	1	-0.3897825218856686	1.2616894256199815	-0.5677604578111557
MFAP4	ACHE	2	1	-0.46212279327857786	4.339022905465471	-5.263268492022627
MFAP4	CHI3L1	3	1	-0.4624637565417134	3.8553984621024906	-0.983623630826318
MFAP4	IFITM10	2	1	-0.5240841347362155	0.22056083112559097	-1.268729100598022
MFAP4	B2M	2	1	-0.5319983400657223	1.251923953727019	-2.3159206338584637
MFAP4	RDH10	2	1	-0.5490907113078072	0.7848818734178127	-1.883063296033427
MFAP4	ASS1	3	1	-0.6072217640611551	1.7819973134470406	-4.774021316758356
MFAP4	ALS2CL	2	1	-0.6138179334273355	5.024535877464636	-6.252171744319307
MFAP4	RCAN1	2	1	-0.6141784901560516	4.121699007143473	-5.350055987455576
MFAP4	CXCL9	2	1	-0.6409126132753562	0.8861017124282434	-2.167926938978956
MFAP4	PLVAP	2	1	-0.7213349867294422	0.020253409451738418	-1.4629233829106227
MFAP4	STRA6	2	1	-0.7684241780702805	2.407736185110382	-3.944584541250943
MFAP4	ITGAX	2	1	-0.791484966376071	2.1735932994097755	-3.7565632321619176
MFAP4	IGFBP2	4	1	-0.8206860669905651	2.762157080721802	-5.237635148787465
MFAP4	AC007906.2	2	1	-0.9087553244035949	1.3480430570282254	-3.165553705835415
MFAP4	KLF4	2	1	-0.9213945079673707	4.928967216039321	-6.771756231974062
MFAP4	CCL18	6	1	-0.9610786788530641	1.314680252347738	-5.391676795989078
MFAP4	SCUBE3	2	1	-1.017764701531482	4.079832701624523	-6.115362104687486
MFAP4	FXYD2	2	1	-1.0454344882539457	3.587198354623648	-5.6780673311315395
MFAP4	SLC6A14	2	1	-1.0757360776813067	1.4490746558488414	-3.600546811211455
MFAP4	PRRX1	3	1	-1.0825998499163243	4.58647639965849	-3.0630665572973417
MFAP4	FIBIN	4	1	-1.0950446806600371	8.769063605099632	-7.044574379961571
MFAP4	FBN1	5	1	-1.0980749879788607	7.4986670943638245	-5.947009309907514
MFAP4	COL5A1	7	1	-1.1054510472314212	6.751572881723704	-9.258546676636497
MFAP4	MARCO	5	1	-1.1733674521768787	1.8031418816729605	-6.618859792261066
MFAP4	MYRF	3	1	-1.2457180885693149	1.3807171625284635	-6.736174373348856
MFAP4	PXDN	2	1	-1.265839233900166	6.177219233616753	-8.708897701417085
MFAP4	SPARC	4	1	-1.2874671913762943	1.5609486334098195	-3.3171923276723536
MFAP4	CBLC	3	1	-1.3052714794650984	4.133591965473236	-6.039608110735249
MFAP4	EEF1A2	3	1	-1.3115008227663842	8.22627085644946	-6.498011828261714
MFAP4	SERPINA5	2	1	-1.3213040025496126	4.974644237337389	-7.6172522424366145
MFAP4	PDLIM5	2	1	-1.3396913644420982	3.0501143628840715	-5.729497091768268
MFAP4	VSTM2L	2	1	-1.3755443715761184	3.9152060630474725	-6.666294806199709
MFAP4	RSAD2	2	1	-1.409670170481951	1.4032980900284073	-4.222638430992309
MFAP4	LGALS1	3	1	-1.465239260529007	0.41730619041724704	-6.298442276858454
MFAP4	THY1	3	1	-1.4839574890199168	4.777630783681265	-4.041438607535092
MFAP4	BNIP3L	2	1	-1.4965018490330633	1.627195063695523	-4.62019876176165
MFAP4	AQP5	3	1	-1.4973985813566706	0.8665452730091971	-2.026110034240766
MFAP4	NKD2	4	1	-1.538144438055753	8.098024581231586	-6.05409530770998
MFAP4	DHRS3	4	1	-1.6491918136394919	7.060901146951029	-8.641748725509558
MFAP4	CA12	4	1	-1.6510313398550551	3.6239724674708187	-6.310526131965508
MFAP4	TFCP2L1	2	1	-1.6913552775313416	1.4159843547734534	-4.7986949098361364
MFAP4	SCEL	3	1	-1.7269061938962231	3.2832648025842026	-8.784350471160266
MFAP4	COL16A1	4	1	-1.7384779617594388	4.848682637548029	-3.411313040422081
MFAP4	AMBP	2	1	-1.7445421600969564	1.972364161180567	-5.46144848137448
MFAP4	ANXA10	3	1	-1.7882354388598434	0.5102242528750287	-6.118177542332794
MFAP4	TM4SF4	3	1	-1.8375695111779704	5.747433145361149	-6.0209765188131605
MFAP4	PALM3	2	1	-1.846632583896751	3.2912398211137495	-6.9845049889072515
MFAP4	CTSE	8	1	-1.8612762496725521	0.37994755188252993	-5.725542152517875
MFAP4	TIMP3	4	1	-1.8767674553640583	4.222339440142128	-8.49931400535587
MFAP4	TESC	4	1	-1.9046244127869372	0.9047261874271355	-4.211108996132823
MFAP4	S100P	8	1	-1.9278313273345324	1.500922425486126	-15.060019788366027
MFAP4	CAPN8	2	1	-1.9383970000973416	0.15295461076517336	-4.029748610959857
MFAP4	BPIFB1	2	1	-1.9679813823988521	2.4788149553357304	-6.414777720133435
MFAP4	TRIM29	5	1	-2.015547188341126	0.7839212551696454	-15.61522390186385
MFAP4	CXCL17	4	1	-2.0307933884573264	1.986467088110624	-2.6346946844165267
MFAP4	FLNA	3	1	-2.0795367157586706	2.7767673971642086	-4.068987677197007
MFAP4	DCBLD2	2	1	-2.0983845642166195	2.0347639475819355	-6.231533076015174
MFAP4	NR5A2	2	1	-2.1024155513658025	1.643073576997788	-5.847904679729393
MFAP4	TFF3	4	1	-2.1177990119126076	2.3904236810561894	-6.0494064098485305
MFAP4	KRT14	2	1	-2.1208338028879505	0.218949085445944	-4.460616691221845
MFAP4	NBL1	4	1	-2.1627744514707725	1.5106729891397623	-9.128810231510103
MFAP4	HMOX1	2	1	-2.16946308297101	0.3613947669930712	-4.7003209329350915
MFAP4	PERP	2	1	-2.1871856704114245	1.3210723006314287	-5.695443641454277
MFAP4	PPP1R14C	2	1	-2.2283039449298934	0.28395808684042406	-4.740565976700211
MFAP4	DUOX2	6	1	-2.39028649693054	4.3209606195061045	-6.096148878328344
MFAP4	FER1L6	2	1	-2.4512713766267678	0.4391285093299364	-5.341671262583472
MFAP4	CD68	4	1	-2.4723560037158285	3.6361583940126407	-3.216451067845303
MFAP4	DUOXA2	4	1	-2.531769859241846	6.041849538350747	-4.436684765271245
MFAP4	COL6A1	2	1	-2.5484469115063364	1.9474207484688688	-7.044314571481541
MFAP4	VCAN	7	1	-2.5640955472851643	7.574961815443197	-5.798537332643951
MFAP4	IFI30	4	1	-2.570302504177631	0.010109995820316712	-6.594494257732607
MFAP4	MMP28	2	1	-2.6110017385385724	2.9942143522399753	-8.21621782931712
MFAP4	SLC4A4	2	1	-2.8295570474936387	2.453135890246602	-8.112249985233879
MFAP4	THBS2	8	1	-2.853060629178305	9.035827492223504	-9.501446591605738
MFAP4	NPR3	3	1	-2.867553815842564	0.42486479632127155	-3.8240277123010413
MFAP4	CCL20	2	1	-2.8739236477988297	1.1367070163778135	-6.884554311975473
MFAP4	PADI1	4	1	-2.896436494715578	0.922360118235666	-7.147540625903384
MFAP4	SLC44A4	3	1	-2.9144927890136447	2.26944580982996	-5.179569874469547
MFAP4	VILL	2	1	-2.9822428532095695	1.6892926750515533	-7.653778381470692
MFAP4	CD55	5	1	-3.054205804886463	5.142684028644736	-7.13855725162282
MFAP4	LOXL1	3	1	-3.0880604036933472	0.8109879585110794	-8.496510005186003
MFAP4	ADM	7	1	-3.0940430484130945	2.7971303931706	-10.7293890679137
MFAP4	NBEAL2	2	1	-3.1037124652402284	1.1812181396491155	-7.388643070129572
MFAP4	PLAU	6	1	-3.1337454445617468	6.989630122625218	-10.92413745334548
MFAP4	IER3	4	1	-3.1381630379955037	4.1819447845927735	-7.595109319508663
MFAP4	C19orf33	10	1	-3.141191989636069	1.6904894353173412	-16.436643112761416
MFAP4	MUC1	8	1	-3.160031687133901	0.3502667200533533	-14.027274843074299
MFAP4	GPX2	6	1	-3.2953418503494536	4.721000545160637	-15.333583937743539
MFAP4	SYCN	2	1	-3.39269436804323	0.2860213161533188	-7.071410052239779
MFAP4	CYP3A5	5	1	-3.4023872857771997	0.22506163853344216	-4.914875360391513
MFAP4	TFF1	7	1	-3.440882853956705	1.5472667131516396	-5.906178698566767
MFAP4	S100A14	8	1	-3.45375358004767	1.6374148486284497	-14.914828165753907
MFAP4	CEACAM5	5	1	-3.49012776864437	0.031124058606219886	-14.727169002181528
MFAP4	EVPL	2	1	-3.4970863361315194	0.4701929920559346	-7.464365664318973
MFAP4	PRXL2B	2	1	-3.509368315041916	1.2372115627467195	-8.255948192830552
MFAP4	SCTR	2	1	-3.6180983062862806	1.0271765238622217	-8.263373136434783
MFAP4	KLK10	4	1	-3.6228385620769004	3.0094611244866027	-4.842178933412217
MFAP4	IFI44L	3	1	-3.6365919701850653	0.9814586353514988	-4.178369359802281
MFAP4	LAMA5	3	1	-3.7587003858772268	3.065418328143719	-6.625955203435056
MFAP4	ONECUT1	2	1	-3.788918078787323	1.1568322949947605	-8.734668452569407
MFAP4	KLF6	2	1	-3.8198532955688247	2.302328860316207	-9.942035451453856
MFAP4	BCAM	3	1	-3.829651156338159	1.7204358975382636	-6.4082703957124485
MFAP4	FAM83A	3	1	-3.8505455762050547	3.977955893169245	-4.3511001117519985
MFAP4	ID1	6	1	-3.896221714111529	0.7974792393609271	-5.043261011286978
MFAP4	LAD1	6	1	-3.9092628975462573	0.624442286664162	-15.747994727398993
MFAP4	OLR1	3	1	-3.944085021049076	2.323193445249683	-10.207618070924303
MFAP4	CDSN	2	1	-4.1149974535963265	0.3023591594128305	-8.532354066605484
MFAP4	PPL	2	1	-4.148840752586163	1.6752933922230078	-9.972974897395334
MFAP4	CP	4	1	-4.200710517398148	5.634057540576505	-6.702767325495662
MFAP4	ABCC3	6	1	-4.222038611450951	0.11722395003619207	-11.774026620585303
MFAP4	CPB1	3	1	-4.232801006419735	0.2782269200707902	-7.986212427283687
MFAP4	JUP	4	1	-4.281988185335763	1.848145124006613	-15.224123712710405
MFAP4	CLDN4	7	1	-4.347810722456775	0.7737960646070842	-16.56362270354597
MFAP4	DDIT4	3	1	-4.361083925335719	0.03213260038623506	-4.920972998071951
MFAP4	LY6D	4	1	-4.430061245529718	4.580460442088638	-9.047262863129864
MFAP4	KRT15	3	1	-4.471565110780706	2.113745744160153	-8.262511889423884
MFAP4	CALB2	2	1	-4.574089526945792	1.465382064930339	-10.613561118821922
MFAP4	TMPRSS4	6	1	-4.592111051561417	2.2787310685046833	-14.429363610352286
MFAP4	ELF3	10	1	-4.663086937421306	1.9648609134322415	-14.92025407465843
MFAP4	KRT5	5	1	-4.6735598451933456	1.417355639999167	-11.031319678290728
MFAP4	S100A4	5	1	-4.690693066114134	0.7980753754922392	-13.655840492095718
MFAP4	FNDC1	5	1	-4.698944195294791	9.202581763773725	-7.373177996570306
MFAP4	MALL	3	1	-4.702854436266559	1.0906188624000714	-5.1852561902206356
MFAP4	PRSS22	4	1	-4.738829267574408	0.3929008683945105	-7.115659563686452
MFAP4	PFKFB3	3	1	-4.753483395697884	2.731363453928952	-8.01575119032164
MFAP4	GOLM1	3	1	-4.851326164584393	0.2448214499935854	-5.707991978197266
MFAP4	PROM1	3	1	-4.889612827980264	0.7431922672225705	-7.186191445812704
MFAP4	GATM	2	1	-4.930442683433295	0.19557302823797795	-10.056458395104569
MFAP4	KLK11	3	1	-4.958488425258911	2.3000824950985455	-8.484806389748403
MFAP4	TSPAN1	7	1	-4.971837393166228	0.054910713348696245	-15.539214010968342
MFAP4	TACSTD2	7	1	-5.039969006586059	0.8640926412527791	-15.802378907813617
MFAP4	KRT8	7	1	-5.137036723137677	2.090314368774109	-14.097329668048719
MFAP4	MLPH	7	1	-5.195563919009057	0.6750550422919952	-14.685801529698015
MFAP4	KLK8	2	1	-5.22191722161233	3.296868615629793	-13.740703058854452
MFAP4	GJB2	7	1	-5.257300138890853	6.76901796919225	-13.997394317002952
MFAP4	KRT18	9	1	-5.299035609886423	1.316511913244551	-16.60805110742494
MFAP4	KRT16	4	1	-5.369694522343637	3.76160642610789	-8.233063461456531
MFAP4	CALML5	2	1	-5.406389257424955	0.6803328412044101	-11.493111356054321
MFAP4	MDK	2	1	-5.47259529282144	4.833394481511654	-15.778585067154534
MFAP4	KRT7	9	1	-5.540899131210451	1.5076484698139703	-16.380869516765713
MFAP4	C1QTNF3	4	1	-5.583488585480637	6.684901086989954	-8.739129281758494
MFAP4	NET1	4	1	-5.593598002428971	2.8762850942017986	-13.224427260045482
MFAP4	INHBA	7	1	-5.701441873852305	7.666120214752685	-12.048275699378397
MFAP4	EPCAM	7	1	-5.748478789252706	1.6559196043792408	-15.709085763948194
MFAP4	SMAD3	4	1	-5.756216264743213	3.5950217458936162	-9.083447707433121
MFAP4	EGLN3	6	1	-5.932178766521755	2.588833264275629	-13.263210475867421
MFAP4	INPP4B	4	1	-5.944512353113262	2.1275345101088616	-6.966492797093529
MFAP4	PHACTR3	3	1	-6.0562887243744195	3.4201646334620643	-7.478052280806205
MFAP4	SLC2A3	3	1	-6.220421296814678	7.233109203838326	-9.602729544339143
MFAP4	IL32	3	1	-6.285041963036505	2.1681417152755413	-6.750690461552104
MFAP4	CLIC3	2	1	-6.2926141819004435	0.39579561353149323	-12.98102397733238
MFAP4	CNN2	3	1	-6.325807948059722	1.5352589848480112	-7.379156463420406
MFAP4	TNFRSF6B	2	1	-6.335785163123463	0.8595174988986392	-13.531087825145564
MFAP4	RASGRF2	3	1	-6.415867187030731	6.5997740827360705	-8.070434002494878
MFAP4	SULT1C2	5	1	-6.471210282166119	2.790925182853194	-8.105652921219326
MFAP4	CGN	4	1	-6.507381823515955	0.7873134225811459	-14.653461084658593
MFAP4	HMGA1	6	1	-6.561179632744446	0.18485154228462275	-12.429366175821487
MFAP4	PLAUR	6	1	-6.665089835900007	3.1377960686925697	-12.754320533107915
MFAP4	SOX9	3	1	-6.712351344219006	4.876908920251906	-9.980136068712493
MFAP4	S100A11	3	1	-6.7515396437845885	2.5988542511093606	-8.072004169990254
MFAP4	C15orf48	6	1	-6.845521602692795	0.8678938422752935	-14.62526647742627
MFAP4	ITGB6	6	1	-7.083814034049324	1.2748341902461113	-15.142243113753933
MFAP4	SCNN1A	4	1	-7.1207257834605056	0.035859444027717687	-8.952187819270279
MFAP4	C5orf46	3	1	-7.319812412667847	6.601865081938268	-11.840944215003418
MFAP4	CDH1	5	1	-7.454539129750991	0.9007467328066062	-7.739535987329695
MFAP4	ADAM12	3	1	-7.663210207549131	7.0238391050979505	-9.683668324217585
MFAP4	TMEM158	3	1	-7.7192548681623085	6.446105530270784	-9.173595339301018
MFAP4	AQP3	3	1	-8.169409503765007	0.06518954209259761	-11.139523286949803
MFAP4	KRT23	3	1	-8.692673395840115	1.3242660829004151	-16.40023051424162
MFAP4	SLC14A1	1	0	-0.0031437181577891266	-0.0031437181577891266	-0.0031437181577891266
MFAP4	CYP51A1	1	0	-0.009138528974577686	-0.009138528974577686	-0.009138528974577686
MFAP4	DSG3	1	0	-0.012084005546909178	-0.012084005546909178	-0.012084005546909178
MFAP4	SAT1	1	0	-0.015623900056499983	-0.015623900056499983	-0.015623900056499983
MFAP4	KRT73	1	0	-0.03260306574500286	-0.03260306574500286	-0.03260306574500286
MFAP4	SV2B	1	0	-0.04375522464998513	-0.04375522464998513	-0.04375522464998513
MFAP4	FLG2	1	0	-0.05123416780575891	-0.05123416780575891	-0.05123416780575891
MFAP4	KRTDAP	1	0	-0.08450172702569368	-0.08450172702569368	-0.08450172702569368
MFAP4	ATP6V1C2	1	0	-0.09282557939411923	-0.09282557939411923	-0.09282557939411923
MFAP4	PDLIM4	1	0	-0.11244150849157611	-0.11244150849157611	-0.11244150849157611
MFAP4	GEM	1	0	-0.122312319752559	-0.122312319752559	-0.122312319752559
MFAP4	MRFAP1L1	1	0	-0.1265166867139174	-0.1265166867139174	-0.1265166867139174
MFAP4	IL1RN	1	0	-0.12669072725390937	-0.12669072725390937	-0.12669072725390937
MFAP4	SPRR2G	1	0	-0.14547813683857713	-0.14547813683857713	-0.14547813683857713
MFAP4	IL1B	1	0	-0.14738878042971426	-0.14738878042971426	-0.14738878042971426
MFAP4	CD163	1	0	-0.14852426829338855	-0.14852426829338855	-0.14852426829338855
MFAP4	SPRR4	1	0	-0.16209490959548029	-0.16209490959548029	-0.16209490959548029
MFAP4	ECM1	1	0	-0.16568599608365148	-0.16568599608365148	-0.16568599608365148
MFAP4	LRP4	1	0	-0.16793474163046876	-0.16793474163046876	-0.16793474163046876
MFAP4	KRT2	1	0	-0.23081469312308742	-0.23081469312308742	-0.23081469312308742
MFAP4	RAB2A	1	0	-0.2606383493815874	-0.2606383493815874	-0.2606383493815874
MFAP4	HS3ST6	1	0	-0.3150462082144362	-0.3150462082144362	-0.3150462082144362
MFAP4	NSDHL	1	0	-0.3362565492951079	-0.3362565492951079	-0.3362565492951079
MFAP4	POU3F1	1	0	-0.36616341548156794	-0.36616341548156794	-0.36616341548156794
MFAP4	SLURP1	1	0	-0.3692580686239958	-0.3692580686239958	-0.3692580686239958
MFAP4	NTSR1	1	0	-0.38881732566025734	-0.38881732566025734	-0.38881732566025734
MFAP4	GATD1	1	0	-0.3928732478390756	-0.3928732478390756	-0.3928732478390756
MFAP4	ENTPD1	1	0	-0.3992680293455995	-0.3992680293455995	-0.3992680293455995
MFAP4	POU2F3	1	0	-0.4044174275463994	-0.4044174275463994	-0.4044174275463994
MFAP4	RBP4	1	0	-0.4075802970430361	-0.4075802970430361	-0.4075802970430361
MFAP4	C2CD4A	1	0	-0.42044903592684396	-0.42044903592684396	-0.42044903592684396
MFAP4	FLG	1	0	-0.430428794938357	-0.430428794938357	-0.430428794938357
MFAP4	DUOXA1	1	0	-0.43393249728461614	-0.43393249728461614	-0.43393249728461614
MFAP4	MT1F	1	0	-0.44472076805200983	-0.44472076805200983	-0.44472076805200983
MFAP4	RAP1GAP	1	0	-0.4466868352736946	-0.4466868352736946	-0.4466868352736946
MFAP4	CHP2	1	0	-0.447379133342228	-0.447379133342228	-0.447379133342228
MFAP4	LAMB4	1	0	-0.4693095057340931	-0.4693095057340931	-0.4693095057340931
MFAP4	KDM6A	1	0	-0.4725551289010459	-0.4725551289010459	-0.4725551289010459
MFAP4	WFDC5	1	0	-0.4848293149631106	-0.4848293149631106	-0.4848293149631106
MFAP4	DUOX1	1	0	-0.5064304373723211	-0.5064304373723211	-0.5064304373723211
MFAP4	SLC26A9	2	0	-0.5155514677163902	-0.25953193974166855	-0.7715709956911116
MFAP4	PHLDA1	1	0	-0.5223141934069097	-0.5223141934069097	-0.5223141934069097
MFAP4	MYH9	1	0	-0.5427551436074572	-0.5427551436074572	-0.5427551436074572
MFAP4	TNFRSF9	1	0	-0.5468057069068689	-0.5468057069068689	-0.5468057069068689
MFAP4	CLEC2A	1	0	-0.5492224360828897	-0.5492224360828897	-0.5492224360828897
MFAP4	TCEA3	1	0	-0.575275031227532	-0.575275031227532	-0.575275031227532
MFAP4	MBOAT1	1	0	-0.5827328510099693	-0.5827328510099693	-0.5827328510099693
MFAP4	CASP14	1	0	-0.5844595836775638	-0.5844595836775638	-0.5844595836775638
MFAP4	AHR	1	0	-0.5852021888729075	-0.5852021888729075	-0.5852021888729075
MFAP4	CPS1	1	0	-0.6044733642251591	-0.6044733642251591	-0.6044733642251591
MFAP4	KCNK16	1	0	-0.6285971512242461	-0.6285971512242461	-0.6285971512242461
MFAP4	TAF11L2	1	0	-0.6296746165370047	-0.6296746165370047	-0.6296746165370047
MFAP4	HLA-DQB2	1	0	-0.6861193239262147	-0.6861193239262147	-0.6861193239262147
MFAP4	IL27RA	1	0	-0.693725247788411	-0.693725247788411	-0.693725247788411
MFAP4	DEGS1	1	0	-0.706335683145568	-0.706335683145568	-0.706335683145568
MFAP4	CTNNBIP1	1	0	-0.7115482565183344	-0.7115482565183344	-0.7115482565183344
MFAP4	TGM3	1	0	-0.7217554194325108	-0.7217554194325108	-0.7217554194325108
MFAP4	GATA3	1	0	-0.7293388626260732	-0.7293388626260732	-0.7293388626260732
MFAP4	GRHL3	1	0	-0.7521800362090072	-0.7521800362090072	-0.7521800362090072
MFAP4	MUC13	3	0	-0.7523141149593443	-0.5257208426469232	-4.1436281109321556
MFAP4	FBP1	3	0	-0.7581895229473852	-0.23999939102999387	-3.9411221207569946
MFAP4	VSIG4	1	0	-0.7603963237589003	-0.7603963237589003	-0.7603963237589003
MFAP4	RNASEK	1	0	-0.7802561451275524	-0.7802561451275524	-0.7802561451275524
MFAP4	SRSF2	1	0	-0.8235511458659407	-0.8235511458659407	-0.8235511458659407
MFAP4	NOS2	1	0	-0.8464061685590418	-0.8464061685590418	-0.8464061685590418
MFAP4	PLA2G4F	1	0	-0.8622475560256156	-0.8622475560256156	-0.8622475560256156
MFAP4	VSIG1	2	0	-0.8663966239587594	-0.1995404653638104	-1.5332527825537083
MFAP4	CYP2S1	1	0	-0.8882635183297505	-0.8882635183297505	-0.8882635183297505
MFAP4	ARNT2	1	0	-0.9455689577851317	-0.9455689577851317	-0.9455689577851317
MFAP4	PIP	1	0	-0.9613607807450053	-0.9613607807450053	-0.9613607807450053
MFAP4	SPRY4	1	0	-0.9710647373901818	-0.9710647373901818	-0.9710647373901818
MFAP4	NCKAP5	1	0	-0.9715962617992018	-0.9715962617992018	-0.9715962617992018
MFAP4	MAB21L4	1	0	-0.977199748916821	-0.977199748916821	-0.977199748916821
MFAP4	KCNE3	1	0	-0.9869860412798311	-0.9869860412798311	-0.9869860412798311
MFAP4	CTSD	1	0	-0.993910433237068	-0.993910433237068	-0.993910433237068
MFAP4	CYP1A1	1	0	-1.0108857583244812	-1.0108857583244812	-1.0108857583244812
MFAP4	VIL1	1	0	-1.0140107226812394	-1.0140107226812394	-1.0140107226812394
MFAP4	TMEM70	1	0	-1.0458997569419388	-1.0458997569419388	-1.0458997569419388
MFAP4	PKP1	1	0	-1.0601617266713246	-1.0601617266713246	-1.0601617266713246
MFAP4	THEM5	1	0	-1.0671256991781242	-1.0671256991781242	-1.0671256991781242
MFAP4	ASB2	1	0	-1.0748894945008753	-1.0748894945008753	-1.0748894945008753
MFAP4	KRT1	1	0	-1.0957732984078907	-1.0957732984078907	-1.0957732984078907
MFAP4	ANKRD22	1	0	-1.0960021865507898	-1.0960021865507898	-1.0960021865507898
MFAP4	CDHR1	1	0	-1.1525733002165808	-1.1525733002165808	-1.1525733002165808
MFAP4	APLNR	2	0	-1.1638086294454248	-0.9741227798342739	-1.353494479056576
MFAP4	RBP5	1	0	-1.1718381517984926	-1.1718381517984926	-1.1718381517984926
MFAP4	MMP12	4	0	-1.1785227189404255	-0.06799744040594585	-3.679150511407422
MFAP4	QDPR	1	0	-1.1797622410391078	-1.1797622410391078	-1.1797622410391078
MFAP4	LYPD3	1	0	-1.1972367204312244	-1.1972367204312244	-1.1972367204312244
MFAP4	TP63	1	0	-1.2096877969833693	-1.2096877969833693	-1.2096877969833693
MFAP4	TENT5B	1	0	-1.2251748732492553	-1.2251748732492553	-1.2251748732492553
MFAP4	C12orf75	1	0	-1.2788702858625478	-1.2788702858625478	-1.2788702858625478
MFAP4	DSG1	1	0	-1.2956431925021443	-1.2956431925021443	-1.2956431925021443
MFAP4	DSC1	1	0	-1.328191243272606	-1.328191243272606	-1.328191243272606
MFAP4	PIM3	1	0	-1.338015439527331	-1.338015439527331	-1.338015439527331
MFAP4	SEMA3B	2	0	-1.339688060242511	-0.21247514221577093	-2.466900978269251
MFAP4	CA2	3	0	-1.3460393563836202	-0.7476462665276942	-8.536756241872242
MFAP4	TNFRSF11B	1	0	-1.4147705857442558	-1.4147705857442558	-1.4147705857442558
MFAP4	KRT10	1	0	-1.4237869821199298	-1.4237869821199298	-1.4237869821199298
MFAP4	OAS1	1	0	-1.4316912769787664	-1.4316912769787664	-1.4316912769787664
MFAP4	MYL12B	1	0	-1.4371242557125894	-1.4371242557125894	-1.4371242557125894
MFAP4	DMKN	1	0	-1.4802498086263383	-1.4802498086263383	-1.4802498086263383
MFAP4	DAPL1	1	0	-1.5079253861150292	-1.5079253861150292	-1.5079253861150292
MFAP4	TNFAIP2	1	0	-1.5500583149374216	-1.5500583149374216	-1.5500583149374216
MFAP4	CASP5	1	0	-1.6549376476688809	-1.6549376476688809	-1.6549376476688809
MFAP4	FADS2	1	0	-1.6767972118845869	-1.6767972118845869	-1.6767972118845869
MFAP4	CLPS	3	0	-1.68424199757177	-1.2703912555253276	-6.743234904288329
MFAP4	SERPINB2	2	0	-1.7104793335009503	-1.4573632125659743	-1.963595454435926
MFAP4	ARL14	2	0	-1.7308107009615354	-1.208109606377916	-2.253511795545155
MFAP4	CCL27	1	0	-1.735557964159099	-1.735557964159099	-1.735557964159099
MFAP4	NOP53	1	0	-1.7389076279434799	-1.7389076279434799	-1.7389076279434799
MFAP4	HS3ST2	1	0	-1.7522041183356056	-1.7522041183356056	-1.7522041183356056
MFAP4	EBP	1	0	-1.7553965302138694	-1.7553965302138694	-1.7553965302138694
MFAP4	SPON1	1	0	-1.7611866752433512	-1.7611866752433512	-1.7611866752433512
MFAP4	IGFBP6	1	0	-1.780258854636061	-1.780258854636061	-1.780258854636061
MFAP4	HIST1H4A	2	0	-1.7968580729655517	-1.3226307923649656	-2.271085353566138
MFAP4	EPB41L1	1	0	-1.799562761028627	-1.799562761028627	-1.799562761028627
MFAP4	JPH1	1	0	-1.808996445900417	-1.808996445900417	-1.808996445900417
MFAP4	CEBPG	1	0	-1.8098589658454836	-1.8098589658454836	-1.8098589658454836
MFAP4	HABP2	1	0	-1.843939985690068	-1.843939985690068	-1.843939985690068
MFAP4	COL19A1	1	0	-1.8543938693192272	-1.8543938693192272	-1.8543938693192272
MFAP4	CCL15	1	0	-1.8548388964720794	-1.8548388964720794	-1.8548388964720794
MFAP4	ISG15	5	0	-1.8707006441639042	-0.5210024268518316	-5.945164294255488
MFAP4	CXCL11	1	0	-1.874048067496363	-1.874048067496363	-1.874048067496363
MFAP4	DHCR24	1	0	-1.8822585808621475	-1.8822585808621475	-1.8822585808621475
MFAP4	VRK2	1	0	-1.8890612836009801	-1.8890612836009801	-1.8890612836009801
MFAP4	EPHX1	1	0	-1.9053605196822683	-1.9053605196822683	-1.9053605196822683
MFAP4	RUNX1	1	0	-1.9142628142412128	-1.9142628142412128	-1.9142628142412128
MFAP4	ADAM9	1	0	-1.9257259489840566	-1.9257259489840566	-1.9257259489840566
MFAP4	FCGR3A	1	0	-1.92988234423458	-1.92988234423458	-1.92988234423458
MFAP4	RANBP3L	2	0	-1.937385695059538	-1.2526178322942263	-2.62215355782485
MFAP4	MT1H	1	0	-1.942534278590845	-1.942534278590845	-1.942534278590845
MFAP4	FUT9	1	0	-1.9434890306045485	-1.9434890306045485	-1.9434890306045485
MFAP4	CLCA1	1	0	-1.9436536046246111	-1.9436536046246111	-1.9436536046246111
MFAP4	DLG5	1	0	-1.9565540063339901	-1.9565540063339901	-1.9565540063339901
MFAP4	MME	1	0	-1.9654714038334713	-1.9654714038334713	-1.9654714038334713
MFAP4	RNF213	2	0	-1.9734390850663133	-0.9850094351692685	-2.961868734963358
MFAP4	ACP5	3	0	-2.0052525365311387	-0.9688730355757195	-2.043596897850128
MFAP4	HNF4A	1	0	-2.012235813337804	-2.012235813337804	-2.012235813337804
MFAP4	PAEP	1	0	-2.015500855234054	-2.015500855234054	-2.015500855234054
MFAP4	ANKRD36C	1	0	-2.026461317058178	-2.026461317058178	-2.026461317058178
MFAP4	BANF1	1	0	-2.0388703062070985	-2.0388703062070985	-2.0388703062070985
MFAP4	IKBKE	1	0	-2.0883035247272423	-2.0883035247272423	-2.0883035247272423
MFAP4	MFSD11	1	0	-2.09315213457022	-2.09315213457022	-2.09315213457022
MFAP4	ANKRD40CL	1	0	-2.109437410685398	-2.109437410685398	-2.109437410685398
MFAP4	POF1B	1	0	-2.1306356540584286	-2.1306356540584286	-2.1306356540584286
MFAP4	SRRT	1	0	-2.141506597456594	-2.141506597456594	-2.141506597456594
MFAP4	SLC9A3R1	1	0	-2.162214581656585	-2.162214581656585	-2.162214581656585
MFAP4	DSC3	1	0	-2.1634131166395423	-2.1634131166395423	-2.1634131166395423
MFAP4	TM4SF20	1	0	-2.173521562282961	-2.173521562282961	-2.173521562282961
MFAP4	ICAM1	2	0	-2.2347841704643407	-1.9861640821117126	-2.483404258816969
MFAP4	CCDC198	1	0	-2.2371666875484832	-2.2371666875484832	-2.2371666875484832
MFAP4	POLD4	1	0	-2.2393771756533667	-2.2393771756533667	-2.2393771756533667
MFAP4	SPRR3	3	0	-2.2487962655275457	-0.3194106884127231	-3.1332167568425544
MFAP4	GALNT4	1	0	-2.254667093897466	-2.254667093897466	-2.254667093897466
MFAP4	HSD11B2	2	0	-2.2806027276890664	-0.19841563984806773	-4.362789815530065
MFAP4	MX2	1	0	-2.2969017049232834	-2.2969017049232834	-2.2969017049232834
MFAP4	C6orf132	1	0	-2.3256198160992727	-2.3256198160992727	-2.3256198160992727
MFAP4	ADRA2A	1	0	-2.32678170676033	-2.32678170676033	-2.32678170676033
MFAP4	CDCA7	2	0	-2.378866585614355	-0.07835780947225189	-4.679375361756459
MFAP4	HMGCS2	2	0	-2.4011449631042465	-0.8558034973611738	-3.9464864288473196
MFAP4	HIST1H2AB	1	0	-2.4028154399670316	-2.4028154399670316	-2.4028154399670316
MFAP4	CPA6	1	0	-2.405311618881377	-2.405311618881377	-2.405311618881377
MFAP4	LMO7	3	0	-2.427927741232155	-1.312936953186402	-6.806255843918764
MFAP4	CLDN18	3	0	-2.444396358383486	-1.5815478063138928	-6.649756532992009
MFAP4	CEBPA	1	0	-2.4638241230150575	-2.4638241230150575	-2.4638241230150575
MFAP4	SEMA3C	2	0	-2.470153236269023	-2.4079396861449593	-2.5323667863930868
MFAP4	ACTN1	1	0	-2.471202772355664	-2.471202772355664	-2.471202772355664
MFAP4	PRR15L	4	0	-2.4753027640310803	-0.3148581548970945	-6.416004069865377
MFAP4	IFIT2	1	0	-2.487113447633799	-2.487113447633799	-2.487113447633799
MFAP4	SMIM24	2	0	-2.4992114623959845	-1.1514293603085366	-3.8469935644834323
MFAP4	CXCL10	1	0	-2.510105307836589	-2.510105307836589	-2.510105307836589
MFAP4	A4GNT	2	0	-2.526677577454851	-0.5851344224400946	-4.468220732469607
MFAP4	TPM1	3	0	-2.5392730892564703	-1.6787176846205447	-5.835809768076841
MFAP4	CD9	1	0	-2.549224608262589	-2.549224608262589	-2.549224608262589
MFAP4	ERBB3	3	0	-2.554896202735901	-1.901180653892601	-5.641408056784095
MFAP4	SPRY2	1	0	-2.555644800320061	-2.555644800320061	-2.555644800320061
MFAP4	NRARP	1	0	-2.5583922547807236	-2.5583922547807236	-2.5583922547807236
MFAP4	ANKRD1	1	0	-2.592923630768135	-2.592923630768135	-2.592923630768135
MFAP4	ACER2	1	0	-2.5983148737743784	-2.5983148737743784	-2.5983148737743784
MFAP4	FAM49B	1	0	-2.600473453036507	-2.600473453036507	-2.600473453036507
MFAP4	CCL8	1	0	-2.6011600875939247	-2.6011600875939247	-2.6011600875939247
MFAP4	C4orf19	1	0	-2.60479809904381	-2.60479809904381	-2.60479809904381
MFAP4	WASF2	1	0	-2.642596823068256	-2.642596823068256	-2.642596823068256
MFAP4	EPHB6	1	0	-2.6531869506365395	-2.6531869506365395	-2.6531869506365395
MFAP4	FUT2	2	0	-2.6569886899156563	-1.010859070532628	-4.303118309298685
MFAP4	DDR1	2	0	-2.6868996593034957	-0.3485210679760534	-5.025278250630938
MFAP4	TRNP1	4	0	-2.6935007010218124	-0.15120095576106432	-6.4392490573592935
MFAP4	TMEM184A	1	0	-2.6951290814337354	-2.6951290814337354	-2.6951290814337354
MFAP4	SLC12A2	1	0	-2.720797070179549	-2.720797070179549	-2.720797070179549
MFAP4	PLS1	1	0	-2.7319147143717606	-2.7319147143717606	-2.7319147143717606
MFAP4	PRSS1	4	0	-2.7385723217847584	-0.749309050549864	-8.23192904673663
MFAP4	ENO2	1	0	-2.7466173282685364	-2.7466173282685364	-2.7466173282685364
MFAP4	CAV2	1	0	-2.750516133823355	-2.750516133823355	-2.750516133823355
MFAP4	CYP26A1	2	0	-2.7663392732437133	-1.012604590392315	-4.5200739560951115
MFAP4	SPINK4	1	0	-2.776395284048011	-2.776395284048011	-2.776395284048011
MFAP4	MUC4	4	0	-2.7944542521550377	-0.911920088831329	-16.151539729902364
MFAP4	PRSS3	1	0	-2.812439047447358	-2.812439047447358	-2.812439047447358
MFAP4	CHCHD2	1	0	-2.8144908833502407	-2.8144908833502407	-2.8144908833502407
MFAP4	SCIN	1	0	-2.8251315146860683	-2.8251315146860683	-2.8251315146860683
MFAP4	HSPA6	1	0	-2.8313522802123963	-2.8313522802123963	-2.8313522802123963
MFAP4	MX1	2	0	-2.8521026285300994	-0.8044216112694734	-4.899783645790725
MFAP4	AGR2	3	0	-2.8570733806853483	-1.0392330701337673	-8.4121792723653
MFAP4	MUC17	3	0	-2.881718266427821	-1.4164818103435421	-5.334333820450158
MFAP4	FCER1G	2	0	-2.8899456372184247	-0.02315682947467533	-5.7567344449621745
MFAP4	PLA2G10	1	0	-2.9007708403923202	-2.9007708403923202	-2.9007708403923202
MFAP4	LGALS3	2	0	-2.9099236440562954	-2.4514437097614334	-3.3684035783511574
MFAP4	PNLIP	3	0	-2.917425216755805	-2.00843802634483	-7.1051476610536035
MFAP4	NQO1	6	0	-2.919376114732793	-1.1377427657193713	-16.511375938075407
MFAP4	CPA2	3	0	-2.9297996924697034	-0.5974103477469312	-8.347602232063377
MFAP4	CAV1	2	0	-2.9451376597805616	-1.8115545577739238	-4.078720761787199
MFAP4	ITGB2	1	0	-2.950934258020081	-2.950934258020081	-2.950934258020081
MFAP4	FABP1	1	0	-2.9855756386517234	-2.9855756386517234	-2.9855756386517234
MFAP4	ARGLU1	2	0	-2.986508202524753	-2.3373788429468756	-3.635637562102631
MFAP4	IFI27	3	0	-2.9882223467837576	-2.869428029811361	-14.950793658906939
MFAP4	ANG	1	0	-2.990012263148921	-2.990012263148921	-2.990012263148921
MFAP4	PRAP1	3	0	-2.9910234454263245	-1.8752348069396578	-4.6743962204236045
MFAP4	DNTTIP1	1	0	-3.0177914303588307	-3.0177914303588307	-3.0177914303588307
MFAP4	KEL	1	0	-3.02978566710387	-3.02978566710387	-3.02978566710387
MFAP4	POLB	1	0	-3.0352610854558484	-3.0352610854558484	-3.0352610854558484
MFAP4	NT5E	1	0	-3.074724429680329	-3.074724429680329	-3.074724429680329
MFAP4	AMN	2	0	-3.082595584009258	-0.9970149689009015	-5.168176199117614
MFAP4	ITLN1	1	0	-3.1118588831242135	-3.1118588831242135	-3.1118588831242135
MFAP4	LY6E	2	0	-3.1188464041788415	-1.4336028400975815	-4.804089968260102
MFAP4	ABHD2	1	0	-3.157049264768034	-3.157049264768034	-3.157049264768034
MFAP4	ADARB1	1	0	-3.1638911677650703	-3.1638911677650703	-3.1638911677650703
MFAP4	UGT2A3	1	0	-3.174571248164695	-3.174571248164695	-3.174571248164695
MFAP4	FAM3D	2	0	-3.1887818064249664	-2.3646984429329856	-4.012865169916947
MFAP4	CRIM1	1	0	-3.1929148175605953	-3.1929148175605953	-3.1929148175605953
MFAP4	CTSC	1	0	-3.193348363955675	-3.193348363955675	-3.193348363955675
MFAP4	MSR1	1	0	-3.201974851946964	-3.201974851946964	-3.201974851946964
MFAP4	ANTXR2	1	0	-3.2049498349941556	-3.2049498349941556	-3.2049498349941556
MFAP4	COL17A1	3	0	-3.242231113371786	-0.255304288499907	-7.781381904280983
MFAP4	PODXL	2	0	-3.263174498845971	-2.5098295386443543	-4.016519459047587
MFAP4	PDZK1IP1	7	0	-3.2685547803709034	-0.03741631454239204	-8.541395953924129
MFAP4	SLC9A3	1	0	-3.277936969475935	-3.277936969475935	-3.277936969475935
MFAP4	ASPH	1	0	-3.3163059385174543	-3.3163059385174543	-3.3163059385174543
MFAP4	TRIM54	1	0	-3.3181563899186033	-3.3181563899186033	-3.3181563899186033
MFAP4	WNK1	1	0	-3.332218539990733	-3.332218539990733	-3.332218539990733
MFAP4	EMP1	1	0	-3.358134300025623	-3.358134300025623	-3.358134300025623
MFAP4	BMP4	1	0	-3.373984175167991	-3.373984175167991	-3.373984175167991
MFAP4	F5	2	0	-3.3954835837779016	-1.2232906756779782	-5.567676491877825
MFAP4	ARHGDIA	1	0	-3.4149141459898833	-3.4149141459898833	-3.4149141459898833
MFAP4	GPNMB	1	0	-3.4226919357528867	-3.4226919357528867	-3.4226919357528867
MFAP4	MOGAT1	1	0	-3.464174220096542	-3.464174220096542	-3.464174220096542
MFAP4	EZR	1	0	-3.4678911599888367	-3.4678911599888367	-3.4678911599888367
MFAP4	RAB27B	1	0	-3.4826057919552555	-3.4826057919552555	-3.4826057919552555
MFAP4	ANGPTL4	2	0	-3.519855605016131	-1.9456669559449913	-5.094044254087271
MFAP4	CEACAM1	1	0	-3.522623414122168	-3.522623414122168	-3.522623414122168
MFAP4	IYD	1	0	-3.563969521373593	-3.563969521373593	-3.563969521373593
MFAP4	ALOX5AP	2	0	-3.585182416355841	-2.6521191370499597	-4.518245695661722
MFAP4	WDR72	1	0	-3.587893683501172	-3.587893683501172	-3.587893683501172
MFAP4	SCUBE2	1	0	-3.6098668430557384	-3.6098668430557384	-3.6098668430557384
MFAP4	ANP32E	1	0	-3.6194909775869974	-3.6194909775869974	-3.6194909775869974
MFAP4	MET	1	0	-3.635116455343016	-3.635116455343016	-3.635116455343016
MFAP4	CLDN2	2	0	-3.6367923612541104	-0.7226707894907627	-6.550913933017458
MFAP4	PTGS2	2	0	-3.6651849945779005	-1.025710673284571	-6.30465931587123
MFAP4	TCP1	1	0	-3.6696492191809877	-3.6696492191809877	-3.6696492191809877
MFAP4	SLC38A5	1	0	-3.6892131270496873	-3.6892131270496873	-3.6892131270496873
MFAP4	BAIAP2L2	2	0	-3.6895483495914023	-2.5774172397246047	-4.8016794594582
MFAP4	IFIT1	1	0	-3.696114991929759	-3.696114991929759	-3.696114991929759
MFAP4	CLCF1	1	0	-3.7007222695033968	-3.7007222695033968	-3.7007222695033968
MFAP4	P2RY2	1	0	-3.706220952941977	-3.706220952941977	-3.706220952941977
MFAP4	PLBD1	1	0	-3.7103898033813207	-3.7103898033813207	-3.7103898033813207
MFAP4	PRRC2C	2	0	-3.7165643318381356	-2.3875325752890624	-5.045596088387208
MFAP4	CDA	1	0	-3.7290755546994916	-3.7290755546994916	-3.7290755546994916
MFAP4	CTRC	3	0	-3.734691202643678	-0.2145812992497295	-7.468189400777872
MFAP4	GDF15	1	0	-3.755064569037703	-3.755064569037703	-3.755064569037703
MFAP4	BNIP5	1	0	-3.7722628767886976	-3.7722628767886976	-3.7722628767886976
MFAP4	MXD1	2	0	-3.775898191004804	-0.766216480603027	-6.785579901406582
MFAP4	CLDN6	1	0	-3.78256988332558	-3.78256988332558	-3.78256988332558
MFAP4	HSPA5	2	0	-3.800997799191015	-2.080400378606205	-5.521595219775825
MFAP4	CHMP2B	1	0	-3.8739241144975347	-3.8739241144975347	-3.8739241144975347
MFAP4	ITGB5	2	0	-3.9108800381429734	-0.7027058193508621	-7.119054256935085
MFAP4	INSR	1	0	-3.9138605683529764	-3.9138605683529764	-3.9138605683529764
MFAP4	FLNB	1	0	-3.930173104443797	-3.930173104443797	-3.930173104443797
MFAP4	SLC3A1	1	0	-3.9376865037132553	-3.9376865037132553	-3.9376865037132553
MFAP4	RAB25	3	0	-3.9499385642222484	-1.1077046474874341	-15.955612922315144
MFAP4	RNF128	1	0	-3.954629739057394	-3.954629739057394	-3.954629739057394
MFAP4	ITGBL1	1	0	-3.959851794421206	-3.959851794421206	-3.959851794421206
MFAP4	ITGA6	1	0	-3.9807544217772217	-3.9807544217772217	-3.9807544217772217
MFAP4	FGFR3	2	0	-3.995240389912716	-1.0378615134854405	-6.952619266339991
MFAP4	ERRFI1	4	0	-3.9955875391580653	-1.3459950106179484	-13.094945366873853
MFAP4	TMED2	1	0	-4.010095986590055	-4.010095986590055	-4.010095986590055
MFAP4	MATN3	3	0	-4.016399672118835	-0.22890069204535077	-6.48381066246016
MFAP4	EPS8L3	1	0	-4.057026464432899	-4.057026464432899	-4.057026464432899
MFAP4	PET100	1	0	-4.0771485246240164	-4.0771485246240164	-4.0771485246240164
MFAP4	OASL	1	0	-4.078737380035708	-4.078737380035708	-4.078737380035708
MFAP4	ACTL8	1	0	-4.08832033179356	-4.08832033179356	-4.08832033179356
MFAP4	NEURL3	2	0	-4.095012701270975	-0.36044283768745866	-7.829582564854492
MFAP4	LMNA	2	0	-4.120058930072294	-1.4043917171267515	-6.835726143017837
MFAP4	CDC123	1	0	-4.126036043532965	-4.126036043532965	-4.126036043532965
MFAP4	PIK3C2G	2	0	-4.139581993010145	-2.0074070539265794	-6.271756932093711
MFAP4	FAM83H	1	0	-4.172890705012552	-4.172890705012552	-4.172890705012552
MFAP4	SCN9A	1	0	-4.177741081287999	-4.177741081287999	-4.177741081287999
MFAP4	S100A10	3	0	-4.178344767139262	-3.1628230150114294	-8.400701136456927
MFAP4	LAMA3	3	0	-4.193008431864368	-3.7120432815843865	-6.435145278430732
MFAP4	PNLIPRP1	2	0	-4.207215217434845	-1.656409936157517	-6.758020498712172
MFAP4	NDRG1	1	0	-4.211348602211986	-4.211348602211986	-4.211348602211986
MFAP4	JAG1	1	0	-4.21424300995067	-4.21424300995067	-4.21424300995067
MFAP4	CPA1	3	0	-4.2371433965088885	-0.5103978763645307	-8.454238557744953
MFAP4	ARL4D	1	0	-4.246989327725652	-4.246989327725652	-4.246989327725652
MFAP4	CEL	3	0	-4.247777192149993	-1.8326996847708221	-7.909717342003017
MFAP4	ANXA11	1	0	-4.258211127063097	-4.258211127063097	-4.258211127063097
MFAP4	SCGB3A1	1	0	-4.288241005141497	-4.288241005141497	-4.288241005141497
MFAP4	RHPN1	1	0	-4.292489708743805	-4.292489708743805	-4.292489708743805
MFAP4	S100A8	3	0	-4.306045230475105	-0.46252511355703807	-8.43828510880611
MFAP4	EREG	2	0	-4.31214759168662	-3.392325736910001	-5.231969446463239
MFAP4	MMP14	5	0	-4.331223538526184	-0.18443478803717298	-12.390260678637405
MFAP4	MDFI	1	0	-4.379380779101686	-4.379380779101686	-4.379380779101686
MFAP4	CXCL8	8	0	-4.401568506509255	-1.8220362029343269	-14.413001043866208
MFAP4	CD24	2	0	-4.407602686569207	-2.885569077890164	-5.929636295248249
MFAP4	PSMC4	1	0	-4.424196331342463	-4.424196331342463	-4.424196331342463
MFAP4	IFI6	4	0	-4.437691223677986	-3.198303710962346	-13.05348155353155
MFAP4	FTH1	1	0	-4.441428600226876	-4.441428600226876	-4.441428600226876
MFAP4	ABLIM3	2	0	-4.443767927957121	-2.996201192214261	-5.891334663699982
MFAP4	FA2H	1	0	-4.494061665844352	-4.494061665844352	-4.494061665844352
MFAP4	ENC1	1	0	-4.505741003766643	-4.505741003766643	-4.505741003766643
MFAP4	FXYD5	2	0	-4.534779240791789	-3.7972321327316507	-5.272326348851926
MFAP4	L1CAM	1	0	-4.55403265938829	-4.55403265938829	-4.55403265938829
MFAP4	NR1I2	1	0	-4.579045057898278	-4.579045057898278	-4.579045057898278
MFAP4	C6orf141	3	0	-4.598337703551617	-2.130256582889179	-8.271672039979757
MFAP4	GPRC5A	7	0	-4.599705478978241	-1.302832790282148	-7.485428093598674
MFAP4	AHNAK2	3	0	-4.622531755491237	-0.8378253771989363	-9.515410473089943
MFAP4	PLCD3	1	0	-4.626466960433114	-4.626466960433114	-4.626466960433114
MFAP4	PSMA7	1	0	-4.651380057027548	-4.651380057027548	-4.651380057027548
MFAP4	CAPN12	1	0	-4.66105319131832	-4.66105319131832	-4.66105319131832
MFAP4	PLCH2	1	0	-4.6734801597755435	-4.6734801597755435	-4.6734801597755435
MFAP4	PPP1R15A	2	0	-4.674607926421389	-2.997905582250482	-6.351310270592298
MFAP4	PI3	1	0	-4.675405761915235	-4.675405761915235	-4.675405761915235
MFAP4	TSPAN3	1	0	-4.72490908517027	-4.72490908517027	-4.72490908517027
MFAP4	PLOD2	1	0	-4.753143785497246	-4.753143785497246	-4.753143785497246
MFAP4	PCDH1	4	0	-4.772265299006819	-3.546710198279881	-7.091375658001129
MFAP4	ECH1	1	0	-4.781896922860391	-4.781896922860391	-4.781896922860391
MFAP4	CDK6	1	0	-4.7930619811426896	-4.7930619811426896	-4.7930619811426896
MFAP4	ANPEP	1	0	-4.801823165059742	-4.801823165059742	-4.801823165059742
MFAP4	BHLHE40	1	0	-4.8299682443282625	-4.8299682443282625	-4.8299682443282625
MFAP4	COL7A1	4	0	-4.864283362317927	-2.9217288586447117	-12.834677643754064
MFAP4	PLK3	1	0	-4.875808870236174	-4.875808870236174	-4.875808870236174
MFAP4	ENAH	1	0	-4.93866393328231	-4.93866393328231	-4.93866393328231
MFAP4	CELA3A	3	0	-4.948310242010337	-0.918326897640591	-6.890596503317801
MFAP4	PAK4	1	0	-4.952995512693828	-4.952995512693828	-4.952995512693828
MFAP4	MYEOV	1	0	-4.958837493051526	-4.958837493051526	-4.958837493051526
MFAP4	OCIAD2	4	0	-4.960651937357342	-0.033801740660022526	-15.807012850858804
MFAP4	KLF5	6	0	-4.962596151452786	-3.621942146517952	-14.647578106429163
MFAP4	VEGFA	4	0	-4.988940405095523	-2.73346363120611	-7.44860532666915
MFAP4	SKIL	1	0	-5.002961987429479	-5.002961987429479	-5.002961987429479
MFAP4	RBM42	1	0	-5.004225215038067	-5.004225215038067	-5.004225215038067
MFAP4	TMEM63A	1	0	-5.0281812612190295	-5.0281812612190295	-5.0281812612190295
MFAP4	TM4SF1	4	0	-5.0345722689744346	-3.694375235870955	-14.21703669334316
MFAP4	FN1	5	0	-5.093747410557756	-3.3678460932908445	-5.964295316663096
MFAP4	ERICH5	2	0	-5.102899694343555	-2.55458126728802	-7.65121812139909
MFAP4	MIF	2	0	-5.125042501837108	-3.7579714744921255	-6.492113529182092
MFAP4	AKR1C2	4	0	-5.12863388319158	-0.16628573001345429	-15.883167249970334
MFAP4	REG1B	3	0	-5.139170273324392	-1.3926567267228604	-7.925898715928534
MFAP4	ENTPD2	1	0	-5.1401734491600015	-5.1401734491600015	-5.1401734491600015
MFAP4	CTSB	2	0	-5.145406756970505	-3.316364613726379	-6.9744489002146315
MFAP4	AQP9	1	0	-5.156494257937335	-5.156494257937335	-5.156494257937335
MFAP4	OAS3	1	0	-5.1637449032241785	-5.1637449032241785	-5.1637449032241785
MFAP4	MARCKS	1	0	-5.164666039904857	-5.164666039904857	-5.164666039904857
MFAP4	ARRDC3	1	0	-5.1969865263462625	-5.1969865263462625	-5.1969865263462625
MFAP4	ANXA2	5	0	-5.197826165675404	-2.5620104037366955	-10.855312992443775
MFAP4	SEMA3D	1	0	-5.199677528200166	-5.199677528200166	-5.199677528200166
MFAP4	ITGA3	5	0	-5.215408449406185	-1.4924236464048144	-15.03728156865462
MFAP4	HSPA1B	4	0	-5.21841694756743	-1.1563341510417198	-5.692802182657207
MFAP4	GP2	2	0	-5.223428447220231	-2.6143734761965702	-7.832483418243892
MFAP4	APOL1	1	0	-5.226577338075464	-5.226577338075464	-5.226577338075464
MFAP4	HIF3A	1	0	-5.232958887763096	-5.232958887763096	-5.232958887763096
MFAP4	TNNT1	1	0	-5.244891286799455	-5.244891286799455	-5.244891286799455
MFAP4	MPZL2	1	0	-5.256410042192995	-5.256410042192995	-5.256410042192995
MFAP4	DNPH1	1	0	-5.258227794646592	-5.258227794646592	-5.258227794646592
MFAP4	DNAJB1	2	0	-5.289009334508995	-4.443232561180955	-6.134786107837034
MFAP4	DSP	1	0	-5.308862851270147	-5.308862851270147	-5.308862851270147
MFAP4	ALDH3B1	1	0	-5.313667646149563	-5.313667646149563	-5.313667646149563
MFAP4	BIRC7	1	0	-5.315603635698794	-5.315603635698794	-5.315603635698794
MFAP4	CLMP	1	0	-5.35020682745707	-5.35020682745707	-5.35020682745707
MFAP4	RNASET2	2	0	-5.360416436039907	-4.219234804738003	-6.501598067341812
MFAP4	LSR	4	0	-5.364104940390224	-4.291502591306648	-7.141926330112803
MFAP4	SPINT2	7	0	-5.381048989692922	-1.566858389796952	-16.048710681129617
MFAP4	HK2	2	0	-5.383377482192119	-2.813202830511908	-7.95355213387233
MFAP4	TRIM59	1	0	-5.384409852079693	-5.384409852079693	-5.384409852079693
MFAP4	AREG	2	0	-5.425200810890994	-5.024786841128203	-5.825614780653785
MFAP4	ANLN	1	0	-5.426068276295513	-5.426068276295513	-5.426068276295513
MFAP4	PLEKHG6	1	0	-5.452721286123965	-5.452721286123965	-5.452721286123965
MFAP4	DKK1	2	0	-5.457525643994671	-2.950658834502514	-7.964392453486828
MFAP4	UGT1A6	3	0	-5.460709493001827	-4.675015212534075	-15.481281143498531
MFAP4	ENO1	2	0	-5.4869195280466965	-3.495797423125894	-7.478041632967498
MFAP4	FOSL1	1	0	-5.48802003595381	-5.48802003595381	-5.48802003595381
MFAP4	CXCL5	6	0	-5.514897129705703	-4.377895950536259	-7.089649649907569
MFAP4	IL2RG	1	0	-5.522690882534111	-5.522690882534111	-5.522690882534111
MFAP4	PDLIM7	4	0	-5.523102140370764	-1.8800664300528667	-6.92274471934373
MFAP4	SDCBP2	1	0	-5.528426490984574	-5.528426490984574	-5.528426490984574
MFAP4	ACTN4	1	0	-5.562627652010373	-5.562627652010373	-5.562627652010373
MFAP4	SLC35D3	1	0	-5.578702483084337	-5.578702483084337	-5.578702483084337
MFAP4	TRPV6	1	0	-5.590349671304022	-5.590349671304022	-5.590349671304022
MFAP4	EPHA2	6	0	-5.603515606793778	-0.3322968764371128	-14.337816374559464
MFAP4	ATP10A	1	0	-5.629869038339711	-5.629869038339711	-5.629869038339711
MFAP4	PLXNB2	1	0	-5.69295789836198	-5.69295789836198	-5.69295789836198
MFAP4	CRCT1	1	0	-5.716057891516533	-5.716057891516533	-5.716057891516533
MFAP4	CHKA	1	0	-5.724255143715397	-5.724255143715397	-5.724255143715397
MFAP4	CDHR2	1	0	-5.727918448871652	-5.727918448871652	-5.727918448871652
MFAP4	MBOAT2	1	0	-5.739610394221817	-5.739610394221817	-5.739610394221817
MFAP4	ITGB8	3	0	-5.748451418506958	-4.043638273946275	-6.34626368265653
MFAP4	UBE2C	1	0	-5.758861032470139	-5.758861032470139	-5.758861032470139
MFAP4	PLA2G1B	2	0	-5.7908889567575095	-4.349378678829459	-7.23239923468556
MFAP4	ERO1A	2	0	-5.791165499146993	-4.583315030349111	-6.999015967944877
MFAP4	HKDC1	1	0	-5.808849770065684	-5.808849770065684	-5.808849770065684
MFAP4	CKLF	1	0	-5.833212799812152	-5.833212799812152	-5.833212799812152
MFAP4	CCN4	1	0	-5.839825782587813	-5.839825782587813	-5.839825782587813
MFAP4	SYT13	1	0	-5.8510402224086375	-5.8510402224086375	-5.8510402224086375
MFAP4	EPS8L1	1	0	-5.8824847958587325	-5.8824847958587325	-5.8824847958587325
MFAP4	PRSS8	2	0	-5.882960520453689	-0.665246785263983	-11.100674255643394
MFAP4	PGK1	1	0	-5.884256070742066	-5.884256070742066	-5.884256070742066
MFAP4	ARL4C	1	0	-5.896759878847973	-5.896759878847973	-5.896759878847973
MFAP4	CRIP1	3	0	-5.90076941260562	-3.8801259862859325	-11.394865423084724
MFAP4	BHLHA15	1	0	-5.963673564057168	-5.963673564057168	-5.963673564057168
MFAP4	MAL2	7	0	-5.9663243424010615	-0.9405680925335329	-16.071031609972668
MFAP4	TMC4	1	0	-5.969435816690819	-5.969435816690819	-5.969435816690819
MFAP4	JUNB	2	0	-5.9813016159706205	-4.555315523723447	-7.407287708217793
MFAP4	ADGRF1	3	0	-5.99798162307321	-2.3664755863067977	-7.433458011183303
MFAP4	FERMT1	1	0	-6.001184173762178	-6.001184173762178	-6.001184173762178
MFAP4	RGS1	1	0	-6.005621415478038	-6.005621415478038	-6.005621415478038
MFAP4	ACSM3	1	0	-6.007430023656865	-6.007430023656865	-6.007430023656865
MFAP4	METRNL	1	0	-6.023020699199589	-6.023020699199589	-6.023020699199589
MFAP4	SPHK1	1	0	-6.042264207345428	-6.042264207345428	-6.042264207345428
MFAP4	TNFRSF12A	2	0	-6.047549939244504	-5.3050895439677115	-6.790010334521296
MFAP4	CAST	1	0	-6.049201392570747	-6.049201392570747	-6.049201392570747
MFAP4	S100A2	4	0	-6.078718753335055	-5.182645576273946	-12.785460920067877
MFAP4	HSPH1	1	0	-6.098205312073024	-6.098205312073024	-6.098205312073024
MFAP4	BACE2	1	0	-6.103917005704984	-6.103917005704984	-6.103917005704984
MFAP4	CTSH	1	0	-6.112847067001337	-6.112847067001337	-6.112847067001337
MFAP4	NCOA7	1	0	-6.181489559296679	-6.181489559296679	-6.181489559296679
MFAP4	PHGDH	1	0	-6.187736529837755	-6.187736529837755	-6.187736529837755
MFAP4	ONECUT2	3	0	-6.22100234794346	-5.6441675755244844	-8.412258309940732
MFAP4	ADAMTS12	1	0	-6.282759472968407	-6.282759472968407	-6.282759472968407
MFAP4	HSP90AA1	1	0	-6.284374222446671	-6.284374222446671	-6.284374222446671
MFAP4	TFPI2	1	0	-6.29740259332382	-6.29740259332382	-6.29740259332382
MFAP4	SGMS2	1	0	-6.299234985803919	-6.299234985803919	-6.299234985803919
MFAP4	ITGB4	9	0	-6.300014121166438	-0.305914998445359	-13.18508019057442
MFAP4	SEL1L3	1	0	-6.329238408319718	-6.329238408319718	-6.329238408319718
MFAP4	PDZK1	1	0	-6.334004169426351	-6.334004169426351	-6.334004169426351
MFAP4	MYH14	3	0	-6.359685558537528	-5.7946962603761225	-16.827917214086256
MFAP4	CTRB1	3	0	-6.376869818561495	-0.8898590208483198	-6.650385808494937
MFAP4	F3	1	0	-6.43841370121159	-6.43841370121159	-6.43841370121159
MFAP4	FDPS	1	0	-6.444076833106523	-6.444076833106523	-6.444076833106523
MFAP4	UNC93B1	1	0	-6.451908563701928	-6.451908563701928	-6.451908563701928
MFAP4	SCD	2	0	-6.468565159801104	-3.6537323067807095	-9.283398012821499
MFAP4	EFNA1	4	0	-6.477452137923209	-2.5220306049637595	-15.623897106881317
MFAP4	CADM1	1	0	-6.493467703676289	-6.493467703676289	-6.493467703676289
MFAP4	SEMA4B	4	0	-6.513055213228909	-3.6912480465129893	-13.336064794092414
MFAP4	ARHGAP8	1	0	-6.564106582845773	-6.564106582845773	-6.564106582845773
MFAP4	CTRB2	3	0	-6.575374071162683	-1.6894810700340812	-6.83916823785919
MFAP4	CTNNB1	1	0	-6.580139209057585	-6.580139209057585	-6.580139209057585
MFAP4	PSMD8	1	0	-6.5929179141598375	-6.5929179141598375	-6.5929179141598375
MFAP4	SDC4	5	0	-6.5940693404339505	-0.5007239847632046	-13.227688657653024
MFAP4	SFRP5	1	0	-6.598752587705612	-6.598752587705612	-6.598752587705612
MFAP4	SERPINI2	1	0	-6.609598693301036	-6.609598693301036	-6.609598693301036
MFAP4	MICAL2	1	0	-6.649772509598916	-6.649772509598916	-6.649772509598916
MFAP4	ANXA3	4	0	-6.657721451131026	-5.68050557648218	-14.347375036107744
MFAP4	PROM2	3	0	-6.658845408054648	-0.5383978824839496	-15.146423065881743
MFAP4	CUZD1	1	0	-6.699510975388213	-6.699510975388213	-6.699510975388213
MFAP4	EPPK1	2	0	-6.701252023562961	-4.3842002758375695	-9.018303771288352
MFAP4	LLGL2	1	0	-6.713952296069539	-6.713952296069539	-6.713952296069539
MFAP4	CTRL	1	0	-6.713992985933689	-6.713992985933689	-6.713992985933689
MFAP4	MORN1	1	0	-6.737085892713613	-6.737085892713613	-6.737085892713613
MFAP4	C1orf116	1	0	-6.740565792946877	-6.740565792946877	-6.740565792946877
MFAP4	EPS8L2	1	0	-6.750559724718916	-6.750559724718916	-6.750559724718916
MFAP4	EPB41L4B	1	0	-6.756879248903924	-6.756879248903924	-6.756879248903924
MFAP4	NAPRT	1	0	-6.783917198450138	-6.783917198450138	-6.783917198450138
MFAP4	TSPAN13	1	0	-6.820010264812601	-6.820010264812601	-6.820010264812601
MFAP4	TAGLN2	1	0	-6.842230191655475	-6.842230191655475	-6.842230191655475
MFAP4	C4BPB	1	0	-6.847742953385855	-6.847742953385855	-6.847742953385855
MFAP4	BIRC3	1	0	-6.880953276523907	-6.880953276523907	-6.880953276523907
MFAP4	TMEM238	1	0	-6.890556759286802	-6.890556759286802	-6.890556759286802
MFAP4	SLC44A1	1	0	-6.922246827170719	-6.922246827170719	-6.922246827170719
MFAP4	KLK1	1	0	-6.958157156846237	-6.958157156846237	-6.958157156846237
MFAP4	TC2N	1	0	-6.961794802574535	-6.961794802574535	-6.961794802574535
MFAP4	RBPJL	1	0	-6.966088372930658	-6.966088372930658	-6.966088372930658
MFAP4	ZC3H12A	1	0	-6.969444155204985	-6.969444155204985	-6.969444155204985
MFAP4	CHMP1B	1	0	-7.048319801756802	-7.048319801756802	-7.048319801756802
MFAP4	GALNT3	1	0	-7.0580155724930105	-7.0580155724930105	-7.0580155724930105
MFAP4	CLDN1	3	0	-7.06755416318967	-1.0577303663952162	-15.949338239854807
MFAP4	ZFP36	1	0	-7.122507348209798	-7.122507348209798	-7.122507348209798
MFAP4	ICA1	1	0	-7.131593352641813	-7.131593352641813	-7.131593352641813
MFAP4	ESRP1	1	0	-7.138697045375599	-7.138697045375599	-7.138697045375599
MFAP4	B4GALNT3	1	0	-7.1389164600169375	-7.1389164600169375	-7.1389164600169375
MFAP4	S100A16	3	0	-7.147748251266994	-5.7950619122560445	-15.229350600165544
MFAP4	ZNF552	1	0	-7.2027106174134525	-7.2027106174134525	-7.2027106174134525
MFAP4	AKAP7	1	0	-7.217089299331661	-7.217089299331661	-7.217089299331661
MFAP4	CDKN1A	2	0	-7.242857225447681	-6.1703205576698705	-8.315393893225492
MFAP4	CSTB	4	0	-7.267238028350207	-0.7480853918206015	-13.285403009962307
MFAP4	ADAMTS16	2	0	-7.267991245159914	-6.940901447064424	-7.595081043255405
MFAP4	CHPF	1	0	-7.2848986173259105	-7.2848986173259105	-7.2848986173259105
MFAP4	LAMB3	5	0	-7.3462171339489295	-4.702575285486216	-16.430663174911516
MFAP4	RNF207	1	0	-7.366611567643682	-7.366611567643682	-7.366611567643682
MFAP4	ZFP36L1	1	0	-7.367633768031334	-7.367633768031334	-7.367633768031334
MFAP4	KIF26B	1	0	-7.371748125104898	-7.371748125104898	-7.371748125104898
MFAP4	SLC2A1	7	0	-7.403194931994308	-4.725667329316525	-14.78229303544155
MFAP4	EFHD2	1	0	-7.421825663794923	-7.421825663794923	-7.421825663794923
MFAP4	IGFL3	1	0	-7.4576661641178585	-7.4576661641178585	-7.4576661641178585
MFAP4	INAVA	5	0	-7.476055715113624	-1.0412105775790599	-16.258024125694785
MFAP4	IGHMBP2	1	0	-7.489778109666053	-7.489778109666053	-7.489778109666053
MFAP4	MUC20	2	0	-7.498190295962826	-1.892374011277125	-13.104006580648527
MFAP4	NUAK1	1	0	-7.580865913398974	-7.580865913398974	-7.580865913398974
MFAP4	TNS4	4	0	-7.60516132903671	-0.8054506923071455	-14.60035948222803
MFAP4	ITGA2	2	0	-7.618100982579206	-6.457303363820325	-8.778898601338087
MFAP4	SLC37A4	1	0	-7.636328214582909	-7.636328214582909	-7.636328214582909
MFAP4	KIAA1217	1	0	-7.730202754870465	-7.730202754870465	-7.730202754870465
MFAP4	HMGA2	4	0	-7.816344162768941	-2.187966975979498	-10.96277812241753
MFAP4	EHF	1	0	-7.879415494439079	-7.879415494439079	-7.879415494439079
MFAP4	PLAAT3	1	0	-7.934276896407444	-7.934276896407444	-7.934276896407444
MFAP4	PCDH7	2	0	-7.966604525216727	-6.611366425559962	-9.321842624873494
MFAP4	XKR9	1	0	-7.9722022223266995	-7.9722022223266995	-7.9722022223266995
MFAP4	CLDN7	3	0	-8.008252050520792	-6.273979033497729	-16.149315355285914
MFAP4	KIAA1522	3	0	-8.021664120548573	-1.516775766532426	-12.928417885833742
MFAP4	IER2	1	0	-8.026624447587603	-8.026624447587603	-8.026624447587603
MFAP4	PNCK	1	0	-8.101015865651878	-8.101015865651878	-8.101015865651878
MFAP4	ANKRD37	1	0	-8.1304450199624	-8.1304450199624	-8.1304450199624
MFAP4	CAPG	2	0	-8.201980759040698	-6.760707382254485	-9.64325413582691
MFAP4	FAM3B	1	0	-8.260918358179719	-8.260918358179719	-8.260918358179719
MFAP4	KIF12	1	0	-8.329611314660543	-8.329611314660543	-8.329611314660543
MFAP4	SERINC2	3	0	-8.374292586108076	-4.694836808385301	-15.650708019557436
MFAP4	UNC5CL	1	0	-8.374913567648292	-8.374913567648292	-8.374913567648292
MFAP4	NMUR2	1	0	-8.379095950088947	-8.379095950088947	-8.379095950088947
MFAP4	BAIAP2L1	1	0	-8.400665164501884	-8.400665164501884	-8.400665164501884
MFAP4	PKHD1	1	0	-8.403137938533451	-8.403137938533451	-8.403137938533451
MFAP4	SLC37A1	1	0	-8.419476006971333	-8.419476006971333	-8.419476006971333
MFAP4	LIF	2	0	-8.510558066169672	-7.129082269346858	-9.892033862992484
MFAP4	ANXA9	1	0	-8.571401263581366	-8.571401263581366	-8.571401263581366
MFAP4	GPI	1	0	-8.612250926329116	-8.612250926329116	-8.612250926329116
MFAP4	CALU	1	0	-8.643206028862888	-8.643206028862888	-8.643206028862888
MFAP4	SCGB1A1	1	0	-8.738813177616526	-8.738813177616526	-8.738813177616526
MFAP4	SERPINB5	2	0	-8.833867179906203	-3.816219805889914	-13.851514553922494
MFAP4	LAMC2	5	0	-8.853736520602194	-0.6228099879746786	-14.824446933522944
MFAP4	INF2	2	0	-8.868992231849882	-5.852036940135306	-11.88594752356446
MFAP4	CITED4	1	0	-8.886931461933989	-8.886931461933989	-8.886931461933989
MFAP4	SPINT1	4	0	-8.905456466816739	-6.00427094914507	-15.366611970683055
MFAP4	KRT80	1	0	-9.032917528490088	-9.032917528490088	-9.032917528490088
MFAP4	KRT6B	1	0	-9.039062295633467	-9.039062295633467	-9.039062295633467
MFAP4	SLC7A11	2	0	-9.156316326014403	-2.510232015898006	-15.8024006361308
MFAP4	RAI14	1	0	-9.269102037078627	-9.269102037078627	-9.269102037078627
MFAP4	RGCC	1	0	-9.358329536781213	-9.358329536781213	-9.358329536781213
MFAP4	AKR1C3	2	0	-9.652470841333617	-4.074228794968106	-15.230712887699129
MFAP4	CCL28	1	0	-9.676281826451554	-9.676281826451554	-9.676281826451554
MFAP4	PTPRF	2	0	-9.752240116816374	-4.79779217042112	-14.70668806321163
MFAP4	DEFB1	2	0	-9.854211606255895	-6.358105269868977	-13.350317942642812
MFAP4	SDC1	5	0	-10.050764471911705	-5.356567462254331	-15.471995449434846
MFAP4	GPRC5B	1	0	-10.057838479346234	-10.057838479346234	-10.057838479346234
MFAP4	NECTIN4	1	0	-10.444154406169883	-10.444154406169883	-10.444154406169883
MFAP4	ALDH3A1	2	0	-10.535011728974094	-5.463444224094153	-15.606579233854037
MFAP4	KRT81	1	0	-10.721968880436007	-10.721968880436007	-10.721968880436007
MFAP4	PMEPA1	2	0	-11.20491852741457	-6.506297587992324	-15.903539466836817
MFAP4	AGRN	2	0	-11.215040955481584	-5.856071653864574	-16.574010257098593
MFAP4	ALDH1A3	1	0	-11.867913865834362	-11.867913865834362	-11.867913865834362
MFAP4	GPC1	2	0	-12.530021242060524	-9.285413493134573	-15.774628990986473
MFAP4	PFKP	2	0	-12.553148728361833	-9.753317634365882	-15.352979822357785
MFAP4	ST14	1	0	-14.025493155408874	-14.025493155408874	-14.025493155408874
MFAP4	CLDN3	1	0	-14.100009838968845	-14.100009838968845	-14.100009838968845
MFAP4	UCHL1	1	0	-14.196515000548683	-14.196515000548683	-14.196515000548683
MFAP4	AKR1C1	1	0	-14.397310410090997	-14.397310410090997	-14.397310410090997
MFAP4	TKT	1	0	-14.558798926182206	-14.558798926182206	-14.558798926182206
MFAP4	H1F0	1	0	-14.610483059761455	-14.610483059761455	-14.610483059761455
MFAP4	KYNU	1	0	-14.759858503761867	-14.759858503761867	-14.759858503761867
MFAP4	CHMP2A	1	0	-14.919073435508468	-14.919073435508468	-14.919073435508468
MFAP4	TXN	1	0	-15.475707044287722	-15.475707044287722	-15.475707044287722
MFAP4	PGD	1	0	-15.489927076606133	-15.489927076606133	-15.489927076606133
MFAP4	CDCP1	1	0	-15.612487027074172	-15.612487027074172	-15.612487027074172
MFAP4	AKR1B10	1	0	-16.025697026255177	-16.025697026255177	-16.025697026255177
MFAP4	G6PD	1	0	-16.828782529963874	-16.828782529963874	-16.828782529963874
