spot	tissue	row	col	imagerow	imagecol
PDACNP_10_AAACAAGTATCTCCCA-1	1	50	102	16274	9378
PDACNP_10_AAACACCAATAACTGC-1	1	59	19	5042	7263
PDACNP_10_AAACAGAGCGACTCCT-1	1	14	94	15195	17854
PDACNP_10_AAACAGCTTTCAGAAG-1	1	43	9	3690	11031
PDACNP_10_AAACAGGGTCTATATT-1	1	47	13	4231	10089
PDACNP_10_AAACAGTGTTCCTGGG-1	1	73	43	8288	3966
PDACNP_10_AAACATTTCCCGGATT-1	1	61	97	15596	6788
PDACNP_10_AAACCGGGTAGGTACC-1	1	42	28	6261	11265
PDACNP_10_AAACCGTTCGTCCAGG-1	1	52	42	8155	8910
PDACNP_10_AAACCTAAGCAGCCGG-1	1	65	83	13701	5847
PDACNP_10_AAACCTCATGAAGTTG-1	1	37	19	5044	12443
PDACNP_10_AAACGAAGATGGAGTA-1	1	58	4	3012	7499
PDACNP_10_AAACGAGACGGTTGAT-1	1	35	79	13163	12911
PDACNP_10_AAACGGGCGTACGGGT-1	1	65	91	14784	5847
PDACNP_10_AAACGGTTGCGAACTG-1	1	67	59	10454	5377
PDACNP_10_AAACTCGGTTCGCAAT-1	1	66	70	11942	5612
PDACNP_10_AAACTCGTGATATAAG-1	1	23	113	17765	15734
PDACNP_10_AAACTGCTGGCTCCAA-1	1	45	67	11538	10557
PDACNP_10_AAACTTAATTGCACGC-1	1	64	12	4094	6086
PDACNP_10_AAACTTGCAAACGTAT-1	1	45	19	5043	10559
PDACNP_10_AAAGAATGACCTTAGA-1	1	64	2	2741	6087
PDACNP_10_AAAGAATGTGGACTAA-1	1	71	105	16678	4433
PDACNP_10_AAAGACCCAAGTCGCG-1	1	10	48	8971	18798
PDACNP_10_AAAGACTGGGCGCTTT-1	1	29	15	4504	14327
PDACNP_10_AAAGGCCCTATAATAC-1	1	66	22	5447	5615
PDACNP_10_AAAGGCTACGGACCAT-1	1	62	54	9778	6555
PDACNP_10_AAAGGCTCTCGCGCCG-1	1	55	55	9914	8203
PDACNP_10_AAAGGGATGTAGCAAG-1	1	24	62	10864	15501
PDACNP_10_AAAGGGCAGCTTGAAT-1	1	24	26	5992	15503
PDACNP_10_AAAGTAGCATTGCTCA-1	1	51	27	6125	9146
PDACNP_10_AAAGTCACTGATGTAA-1	1	10	52	9512	18798
PDACNP_10_AAAGTCGACCCTCAGT-1	1	37	15	4503	12443
PDACNP_10_AAAGTGTGATTTATCT-1	1	44	94	15192	10791
PDACNP_10_AAAGTTGACTCCCGTA-1	1	42	96	15463	11262
PDACNP_10_AAATAACCATACGGGA-1	1	14	88	14383	17854
PDACNP_10_AAATAAGGTAGTGCCC-1	1	31	115	18035	13850
PDACNP_10_AAATACCTATAAGCAT-1	1	47	69	11809	10086
PDACNP_10_AAATAGCTTAGACTTT-1	1	36	106	16816	12674
PDACNP_10_AAATAGGGTGCTATTG-1	1	53	79	13161	8673
PDACNP_10_AAATCCGATACACGCC-1	1	65	87	14243	5847
PDACNP_10_AAATCGCGGAAGGAGT-1	1	57	5	3148	7735
PDACNP_10_AAATCGTGTACCACAA-1	1	44	56	10050	10793
PDACNP_10_AAATCTAGCCCTGCTA-1	1	53	101	16138	8671
PDACNP_10_AAATGACTGATCAAAC-1	1	76	60	10588	3258
PDACNP_10_AAATGATTCGATCAGC-1	1	21	111	17494	16205
PDACNP_10_AAATGCTCGTTACGTT-1	1	16	24	5723	17387
PDACNP_10_AAATGGCATGTCTTGT-1	1	13	69	11812	18091
PDACNP_10_AAATGGCCCGTGCCCT-1	1	49	17	4772	9618
PDACNP_10_AAATGGTCAATGTGCC-1	1	33	51	9374	13383
PDACNP_10_AAATTAACGGGTAGCT-1	1	34	58	10321	13147
PDACNP_10_AAATTAATAAGCGCGA-1	1	32	4	3015	13621
PDACNP_10_AAATTACACGACTCTG-1	1	14	86	14112	17855
PDACNP_10_AAATTACCTATCGATG-1	1	26	94	15193	15029
PDACNP_10_AAATTGCGGCGGTTCT-1	1	5	19	5047	19977
PDACNP_10_AAATTTGCGGGTGTGG-1	1	47	33	6937	10088
PDACNP_10_AACAACTGGTAGTTGC-1	1	28	42	8157	14561
PDACNP_10_AACAATACATTGTCGA-1	1	61	37	7477	6791
PDACNP_10_AACAATTACTCTACGC-1	1	29	25	5857	14326
PDACNP_10_AACACACGCTCGCCGC-1	1	51	93	15056	9143
PDACNP_10_AACACGACTGTACTGA-1	1	9	65	11271	19033
PDACNP_10_AACACGAGACGCGGCC-1	1	45	21	5314	10559
PDACNP_10_AACAGCTGTGTGGCAA-1	1	59	31	6666	7263
PDACNP_10_AACAGGAAATCGAATA-1	1	15	67	11541	17620
PDACNP_10_AACAGGATGGGCCGCG-1	1	29	31	6669	14326
PDACNP_10_AACATATCAACTGGTG-1	1	27	99	15870	14793
PDACNP_10_AACATCGATACGTCTA-1	1	17	113	17765	17147
PDACNP_10_AACATTGAAGTTGATC-1	1	67	23	5583	5379
PDACNP_10_AACATTGTGACTCGAG-1	1	64	52	9507	6084
PDACNP_10_AACCAAGACTTCTCTG-1	1	36	24	5721	12678
PDACNP_10_AACCATAGGGTTGAAC-1	1	65	11	3959	5851
PDACNP_10_AACCATGGGATCGCTA-1	1	14	30	6535	17857
PDACNP_10_AACCCAGAGACGGAGA-1	1	15	39	7752	17622
PDACNP_10_AACCCATCCCATGATC-1	1	56	14	4366	7970
PDACNP_10_AACCCGACAACCCGTG-1	1	67	43	8289	5378
PDACNP_10_AACCCGCTGTATTCCA-1	1	75	59	10453	3494
PDACNP_10_AACCCTACTGTCAATA-1	1	40	96	15463	11732
PDACNP_10_AACCGAGCTTGGTCAT-1	1	24	70	11946	15501
PDACNP_10_AACCGCTAAGGGATGC-1	1	46	92	14921	10320
PDACNP_10_AACCGTTGTGTTTGCT-1	1	12	64	11135	18327
PDACNP_10_AACCTCGCTTTAGCCC-1	1	62	82	13566	6553
PDACNP_10_AACCTTTAAATACGGT-1	1	54	68	11673	8438
PDACNP_10_AACCTTTACGACGTCT-1	1	16	92	14924	17383
PDACNP_10_AACGAAAGTCGTCCCA-1	1	58	8	3554	7499
PDACNP_10_AACGATAATGCCGTAG-1	1	53	73	12349	8673
PDACNP_10_AACGATAGAAGGGCCG-1	1	15	53	9647	17621
PDACNP_10_AACGATATGTCAACTG-1	1	24	76	12758	15501
PDACNP_10_AACGCATGATCTGGGT-1	1	20	104	16547	16441
PDACNP_10_AACGCGAACGGCAACA-1	1	8	22	5453	19271
PDACNP_10_AACGCGACCTTGGGCG-1	1	67	53	9642	5378
PDACNP_10_AACGCGGTCTCCAGCC-1	1	23	65	11270	15737
PDACNP_10_AACGCTGTTGCTGAAA-1	1	54	94	15191	8436
PDACNP_10_AACGGACGTACGTATA-1	1	50	92	14921	9378
PDACNP_10_AACGGCCATCTCCGGT-1	1	47	39	7749	10087
PDACNP_10_AACGTACTGTGGGTAC-1	1	48	42	8155	9852
PDACNP_10_AACGTCAGACTAGTGG-1	1	24	40	7887	15503
PDACNP_10_AACGTCATCCGGCTTG-1	1	77	57	10182	3023
PDACNP_10_AACGTCGCTGCACTTC-1	1	73	109	17219	3962
PDACNP_10_AACGTGCGAAAGTCTC-1	1	36	74	12486	12675
PDACNP_10_AACGTTATCAGCACCT-1	1	22	10	3828	15975
PDACNP_10_AACTAGGCTTGGGTGT-1	1	55	61	10725	8203
PDACNP_10_AACTCAAGTTAATTGC-1	1	38	44	8427	12206
PDACNP_10_AACTCCAGAGCGTGTT-1	1	60	92	14920	7024
PDACNP_10_AACTCCTAATCCCATG-1	1	12	92	14924	18325
PDACNP_10_AACTCGATGGCGCAGT-1	1	11	27	6129	18564
PDACNP_10_AACTCTCAATAGAGCG-1	1	35	93	15057	12910
PDACNP_10_AACTCTCAGTGTGCTC-1	1	53	41	8019	8675
PDACNP_10_AACTGATATTAGGCCT-1	1	16	66	11406	17385
PDACNP_10_AACTGGGTCCCGACGT-1	1	20	66	11405	16443
PDACNP_10_AACTTCTGCGTCTATC-1	1	18	18	4910	16916
PDACNP_10_AACTTGCCCGTATGCA-1	1	29	27	6127	14326
PDACNP_10_AACTTGCGTTCTCGCG-1	1	14	20	5181	17858
PDACNP_10_AACTTTACGGGAGCTT-1	1	31	7	3421	13856
PDACNP_10_AAGAAAGTTTGATGGG-1	1	75	7	3417	3497
PDACNP_10_AAGAAGGATCAGTTAG-1	1	13	25	5858	18093
PDACNP_10_AAGACCAAATAACTCA-1	1	62	6	3283	6557
PDACNP_10_AAGACCCAACTGAACA-1	1	60	54	9778	7026
PDACNP_10_AAGACTGCAAGCTACT-1	1	36	68	11674	12676
PDACNP_10_AAGAGATGAATCGGTA-1	1	27	27	6127	14797
PDACNP_10_AAGAGCTCTTTATCGG-1	1	35	77	12892	12911
PDACNP_10_AAGAGGATGTACGCGA-1	1	39	29	6397	11971
PDACNP_10_AAGAGGCATGGATCGC-1	1	36	80	13298	12675
PDACNP_10_AAGAGGCCCTTTGGAA-1	1	59	109	17220	7258
PDACNP_10_AAGATGGCACCGGACC-1	1	59	39	7748	7262
PDACNP_10_AAGATTGGCGGAACGT-1	1	26	90	14652	15029
PDACNP_10_AAGCACCCTGCGTATC-1	1	59	73	12349	7260
PDACNP_10_AAGCATACTCTCCTGA-1	1	53	69	11808	8673
PDACNP_10_AAGCCACTTGCAGGTA-1	1	74	30	6529	3731
PDACNP_10_AAGCCGAAGCGGTTTA-1	1	49	107	16950	9613
PDACNP_10_AAGCCGCCGTGAAATC-1	1	65	23	5583	5850
PDACNP_10_AAGCGCAGGGCTTTGA-1	1	67	73	12348	5377
PDACNP_10_AAGCGTCCCTCATCGA-1	1	57	35	7207	7733
PDACNP_10_AAGCTAGATCGAGTAA-1	1	50	68	11673	9380
PDACNP_10_AAGCTCGTGCCAAGTC-1	1	35	73	12351	12911
PDACNP_10_AAGCTCTTTCATGGTG-1	1	57	81	13432	7731
PDACNP_10_AAGGAGCGGTTGGTGC-1	1	28	48	8969	14560
PDACNP_10_AAGGATCGATCGCTTG-1	1	39	109	17222	11967
PDACNP_10_AAGGATGAGGGACCTC-1	1	27	87	14246	14794
PDACNP_10_AAGGCGCGTAAAGCTT-1	1	24	38	7616	15503
PDACNP_10_AAGGCTGTGCTCATCG-1	1	30	46	8698	14090
PDACNP_10_AAGGGAACGACTGGCT-1	1	63	21	5312	6321
PDACNP_10_AAGGGACAGATTCTGT-1	1	26	92	14923	15029
PDACNP_10_AAGGGACTATGCATTC-1	1	60	26	5989	7027
PDACNP_10_AAGGGTTTGATTTCAG-1	1	59	1	2606	7264
PDACNP_10_AAGGTATCCTAATATA-1	1	25	81	13434	15265
PDACNP_10_AAGGTGATAAACCAGC-1	1	44	92	14921	10791
PDACNP_10_AAGTAGAAGACCGGGT-1	1	19	47	8834	16679
PDACNP_10_AAGTAGTGACGCGAGG-1	1	33	31	6668	13384
PDACNP_10_AAGTCAATTGTCGTCA-1	1	45	101	16139	10555
PDACNP_10_AAGTCTTCTGTGGCCT-1	1	39	3	2879	11973
PDACNP_10_AAGTGACGACCGAATT-1	1	41	25	5856	11501
PDACNP_10_AAGTGAGTCGGGTTTA-1	1	62	48	8966	6555
PDACNP_10_AAGTGCAAAGGTAGAC-1	1	28	10	3827	14562
PDACNP_10_AAGTGCCTTGACTGTA-1	1	44	104	16545	10790
PDACNP_10_AAGTGCGTTAGAATCT-1	1	49	27	6125	9617
PDACNP_10_AAGTGCTTCTCTATTG-1	1	69	37	7477	4908
PDACNP_10_AAGTGTTTGGAGACGG-1	1	52	80	13297	8908
PDACNP_10_AAGTTCACTCCAAGCT-1	1	57	85	13973	7731
PDACNP_10_AAGTTCAGTCTGCGTA-1	1	18	104	16547	16912
PDACNP_10_AAGTTCGGCCAACAGG-1	1	46	34	7073	10323
PDACNP_10_AAGTTGTGATGTTATA-1	1	66	106	16813	5610
PDACNP_10_AAGTTTATGGGCCCAA-1	1	68	70	11942	5141
PDACNP_10_AATAACAACGCTCGGC-1	1	36	30	6533	12678
PDACNP_10_AATAACACTAGAACAA-1	1	52	38	7614	8910
PDACNP_10_AATACAATGTTTCAGG-1	1	23	19	5045	15739
PDACNP_10_AATACCGGAGGGCTGT-1	1	67	37	7477	5379
PDACNP_10_AATACCTGATGTGAAC-1	1	74	100	16001	3727
PDACNP_10_AATAGAACAGAGTGGC-1	1	52	46	8696	8910
PDACNP_10_AATAGAATCTGTTTCA-1	1	48	86	14109	9849
PDACNP_10_AATAGCTACCGCGTGC-1	1	19	111	17494	16676
PDACNP_10_AATAGTCCGTCCCGAC-1	1	57	57	10184	7732
PDACNP_10_AATAGTCGCGAGTCGG-1	1	25	7	3421	15269
PDACNP_10_AATATCAAGGTCGGAT-1	1	8	42	8159	19269
PDACNP_10_AATATCCTAGCAAACT-1	1	46	2	2743	10325
PDACNP_10_AATATCGAATCAATGC-1	1	49	109	17221	9613
PDACNP_10_AATATCGAGGGTTCTC-1	1	27	101	16141	14793
PDACNP_10_AATATTGGAGTATTGA-1	1	36	22	5450	12678
PDACNP_10_AATCAGGTTTCATTTA-1	1	69	33	6935	4908
PDACNP_10_AATCATGTAAAGACTC-1	1	54	98	15732	8436
PDACNP_10_AATCCAAGGGCCTGAG-1	1	13	47	8835	18092
PDACNP_10_AATCCATGCAAGGGTG-1	1	8	26	5994	19270
PDACNP_10_AATCCCGCTCAGAGCC-1	1	76	56	10047	3259
PDACNP_10_AATCGCCTCAGCGCCA-1	1	39	79	13163	11969
PDACNP_10_AATCGGTATAGCCCTC-1	1	71	109	17219	4433
PDACNP_10_AATCGTGAGCCGAGCA-1	1	67	83	13701	5376
PDACNP_10_AATCTAGGTTTACTTG-1	1	52	16	4637	8911
PDACNP_10_AATCTATGCCGGAGCC-1	1	26	110	17358	15028
PDACNP_10_AATCTCTACTGTGGTT-1	1	38	10	3826	12208
PDACNP_10_AATCTGCGTTGGGACG-1	1	32	92	14922	13616
PDACNP_10_AATCTGGCTTTCTAGT-1	1	51	15	4501	9147
PDACNP_10_AATGACAGCAATGTCT-1	1	48	30	6531	9852
PDACNP_10_AATGACGTAGGATGTC-1	1	44	78	13027	10792
PDACNP_10_AATGACTGTCAGCCGG-1	1	23	47	8834	15738
PDACNP_10_AATGAGTTCGCATATG-1	1	15	21	5317	17622
PDACNP_10_AATGATGATACGCTAT-1	1	23	93	15058	15735
PDACNP_10_AATGATGCGACTCCTG-1	1	25	101	16141	15264
PDACNP_10_AATGCAACCGGGTACC-1	1	25	59	10458	15266
PDACNP_10_AATGCACCAAGCAATG-1	1	19	97	15600	16677
PDACNP_10_AATGGTCCACCGTTCA-1	1	30	16	4639	14091
PDACNP_10_AATGGTTCTCACAAGC-1	1	19	35	7211	16680
PDACNP_10_AATGTATGGCACTGTA-1	1	65	9	3688	5851
PDACNP_10_AATGTGCCCGAGGTGT-1	1	55	27	6125	8204
PDACNP_10_AATGTGCTAATCTGAG-1	1	66	32	6800	5614
PDACNP_10_AATGTTGTCGTGAGAC-1	1	68	108	17084	5139
PDACNP_10_AATTAAAGGTCGGCGT-1	1	40	50	9238	11735
PDACNP_10_AATTAACGGATTTCCA-1	1	58	66	11402	7496
PDACNP_10_AATTACGAGACCCATC-1	1	59	5	3148	7264
PDACNP_10_AATTACTCGTACGCTC-1	1	10	8	3558	18800
PDACNP_10_AATTAGCGCTGCAGCG-1	1	51	63	10996	9144
PDACNP_10_AATTATACCCAGCAAG-1	1	75	89	14512	3492
PDACNP_10_AATTCATAAGGGATCT-1	1	23	91	14788	15735
PDACNP_10_AATTCATTGTCATGCA-1	1	63	9	3689	6322
PDACNP_10_AATTCCAAGCATGTAC-1	1	66	58	10319	5613
PDACNP_10_AATTCGATTCGAGGAT-1	1	66	76	12754	5612
PDACNP_10_AATTCTAGAGTTAGGC-1	1	49	63	10997	9615
PDACNP_10_AATTGAACGCTCTGGT-1	1	45	83	13703	10556
PDACNP_10_AATTGCAGCAATCGAC-1	1	64	102	16272	6082
PDACNP_10_AATTGCGTGGATTACA-1	1	67	9	3688	5380
PDACNP_10_AATTTGGGACATAGTA-1	1	13	91	14789	18090
PDACNP_10_AATTTGGTTCCAAAGA-1	1	11	67	11541	18562
PDACNP_10_ACAAACCATGCGTCCT-1	1	64	16	4636	6086
PDACNP_10_ACAAACTCCATCAGAG-1	1	76	40	7882	3260
PDACNP_10_ACAAAGAAGGTAGGCC-1	1	46	4	3014	10325
PDACNP_10_ACAAAGCATGACCTAG-1	1	63	97	15596	6317
PDACNP_10_ACAAATCGCACCGAAT-1	1	50	82	13567	9379
PDACNP_10_ACAAATGGTAGTGTTT-1	1	44	84	13839	10791
PDACNP_10_ACAACAGCATGAGCTA-1	1	32	72	12216	13617
PDACNP_10_ACAACGGTCCCTGCGA-1	1	22	30	6534	15974
PDACNP_10_ACAAGCAGTGCCTAGC-1	1	30	26	5992	14091
PDACNP_10_ACAAGGAAATCCGCCC-1	1	49	75	12620	9615
PDACNP_10_ACAAGGACAAGAGGTT-1	1	29	37	7480	14325
PDACNP_10_ACAAGGATGCTTTAGG-1	1	61	87	14243	6789
PDACNP_10_ACAAGGGCAGGCTCTG-1	1	44	76	12756	10792
PDACNP_10_ACAAGTAATTGTAAGG-1	1	77	21	5311	3025
PDACNP_10_ACAATAGTCGTACGTT-1	1	42	20	5179	11266
PDACNP_10_ACAATCCATTTAAACC-1	1	36	32	6803	12678
PDACNP_10_ACAATGAATACGGAGA-1	1	57	31	6666	7733
PDACNP_10_ACAATTGTGTCTCTTT-1	1	51	97	15597	9143
PDACNP_10_ACAATTTAGGAGGCTC-1	1	31	9	3691	13856
PDACNP_10_ACAATTTGAGCAGTGG-1	1	28	82	13569	14559
PDACNP_10_ACACAAAGACGGGTGG-1	1	24	56	10052	15502
PDACNP_10_ACACACCAGGACCAGT-1	1	44	90	14651	10791
PDACNP_10_ACACACTTTCTACACG-1	1	14	64	11135	17856
PDACNP_10_ACACATGATCAAATCT-1	1	60	16	4636	7028
PDACNP_10_ACACATTGACGCAACA-1	1	8	8	3558	19271
PDACNP_10_ACACATTTCCGTAGAC-1	1	73	67	11536	3964
PDACNP_10_ACACCCAGCATGCAGC-1	1	24	50	9240	15502
PDACNP_10_ACACCCGAGAAATCCG-1	1	19	39	7752	16680
PDACNP_10_ACACCGGTCTGACCGC-1	1	65	17	4771	5851
PDACNP_10_ACACCTTAAGTAGGGC-1	1	25	43	8293	15267
PDACNP_10_ACACCTTACTACTTGC-1	1	41	111	17492	11496
PDACNP_10_ACACGAGACTCCTTCT-1	1	31	71	12081	13853
PDACNP_10_ACACGGGAACTTAGGG-1	1	27	71	12081	14795
PDACNP_10_ACACGTAGGCCACAAG-1	1	58	110	17355	7494
PDACNP_10_ACACTCCAATGTCACT-1	1	17	17	4775	17152
PDACNP_10_ACACTGATCAAGGTGT-1	1	52	48	8967	8910
PDACNP_10_ACAGAACTGAGAACAA-1	1	52	24	5719	8911
PDACNP_10_ACAGCATAGAGCCAGT-1	1	10	58	10324	18798
PDACNP_10_ACAGCGACATTCTCAT-1	1	59	99	15867	7259
PDACNP_10_ACAGCGCACCCGCAGC-1	1	10	80	13301	18797
PDACNP_10_ACAGGCACGGATCCTT-1	1	69	95	15325	4905
PDACNP_10_ACAGGCTTGCCCGACT-1	1	53	87	14244	8672
PDACNP_10_ACAGGTGGAGGTGAGG-1	1	51	39	7749	9146
PDACNP_10_ACAGTAATACAACTTG-1	1	46	14	4367	10324
PDACNP_10_ACATAAGTCGTGGTGA-1	1	59	9	3689	7264
PDACNP_10_ACATAATAAGGCGGTG-1	1	21	63	10999	16208
PDACNP_10_ACATACAATCAAGCGG-1	1	76	96	15459	3257
PDACNP_10_ACATCAGCTGGGACGC-1	1	32	12	4097	13620
PDACNP_10_ACATCCCGGCCATACG-1	1	55	57	10184	8203
PDACNP_10_ACATCCTGGTAACTGT-1	1	42	102	16274	11261
PDACNP_10_ACATCGATCGTTTACC-1	1	42	62	10862	11263
PDACNP_10_ACATCGCAATATTCGG-1	1	77	27	6123	3025
PDACNP_10_ACATCGGTCAGCCGCG-1	1	41	37	7479	11500
PDACNP_10_ACATCGTATGCAATGG-1	1	45	81	13433	10556
PDACNP_10_ACATCGTTAACCTAGT-1	1	9	75	12624	19032
PDACNP_10_ACATGCTTACGGCAGC-1	1	75	17	4770	3496
PDACNP_10_ACATGGCGCCAAAGTA-1	1	40	104	16545	11732
PDACNP_10_ACATGGCTCAATTTAG-1	1	8	14	4370	19271
PDACNP_10_ACATTAGTTTATATCC-1	1	51	61	10726	9144
PDACNP_10_ACATTCGCGCGGAATA-1	1	73	27	6123	3967
PDACNP_10_ACATTTGAAACCTAAC-1	1	73	99	15866	3963
PDACNP_10_ACCAAACACCCAGCGA-1	1	17	115	18036	17147
PDACNP_10_ACCAACACCACACACT-1	1	20	110	17359	16441
PDACNP_10_ACCAACCGCACTCCAC-1	1	65	97	15596	5846
PDACNP_10_ACCAACGCTTATTTAT-1	1	53	49	9102	8674
PDACNP_10_ACCAAGAACGCGTGTC-1	1	17	49	9105	17150
PDACNP_10_ACCAAGTCATCGGCAG-1	1	70	106	16813	4669
PDACNP_10_ACCAATATGCAAGTTA-1	1	56	78	13026	7966
PDACNP_10_ACCACAAGTTTCTATC-1	1	30	54	9781	14089
PDACNP_10_ACCACACGGTTGATGG-1	1	75	79	13159	3493
PDACNP_10_ACCACCAATGTAACAA-1	1	41	107	16951	11496
PDACNP_10_ACCACGTGCAGCTATA-1	1	48	76	12756	9850
PDACNP_10_ACCAGACCATAACAAC-1	1	38	4	3014	12208
PDACNP_10_ACCAGTGCGGGAGACG-1	1	48	94	15191	9849
PDACNP_10_ACCATATCCGCAATAA-1	1	38	56	10050	12205
PDACNP_10_ACCATCCGCCAACTAG-1	1	44	12	4096	10795
PDACNP_10_ACCATCGTATATGGTA-1	1	42	42	8156	11264
PDACNP_10_ACCCAACGCCCGTGGC-1	1	30	86	14111	14087
PDACNP_10_ACCCACCTACATGCTC-1	1	25	25	5857	15268
PDACNP_10_ACCCATCTTGAGGGTA-1	1	37	37	7480	12442
PDACNP_10_ACCCATTTGTCCCTCT-1	1	60	100	16002	7023
PDACNP_10_ACCCGAGCGAAATTAC-1	1	61	29	6395	6792
PDACNP_10_ACCCGATTGGTTCCGA-1	1	69	35	7206	4908
PDACNP_10_ACCCGGAAACTCCCAG-1	1	57	65	11267	7732
PDACNP_10_ACCCGGATGACGCATC-1	1	38	100	16004	12203
PDACNP_10_ACCCGGTTACACTTCC-1	1	42	48	8968	11264
PDACNP_10_ACCCGTAGCAGAGAAT-1	1	73	9	3688	3967
PDACNP_10_ACCCGTGTCATCAGTA-1	1	58	54	9778	7497
PDACNP_10_ACCCTATAGGACTGAG-1	1	12	20	5182	18329
PDACNP_10_ACCCTATGCCATATCG-1	1	56	40	7884	7968
PDACNP_10_ACCCTCCCGTCAGGGC-1	1	69	99	15866	4904
PDACNP_10_ACCCTCCCTTGCTATT-1	1	48	84	13838	9850
PDACNP_10_ACCCTGGTAACGCCCT-1	1	21	115	18035	16205
PDACNP_10_ACCCTTCATCTGCGAA-1	1	13	65	11271	18091
PDACNP_10_ACCGAAAGGGCCCTGC-1	1	9	53	9647	19033
PDACNP_10_ACCGAAGAGTCTGGTT-1	1	57	11	3960	7734
PDACNP_10_ACCGACACATCTCCCA-1	1	61	67	11537	6790
PDACNP_10_ACCGACTGAGTCCCAC-1	1	28	66	11405	14559
PDACNP_10_ACCGAGTCTCCTTATT-1	1	71	79	13160	4435
PDACNP_10_ACCGATGGTAGCATCG-1	1	36	92	14922	12674
PDACNP_10_ACCGCAATAACTGCCT-1	1	51	79	13161	9144
PDACNP_10_ACCGCGGTGGAAGTCG-1	1	44	106	16816	10790
PDACNP_10_ACCGCTAGTCATTGGT-1	1	74	32	6800	3731
PDACNP_10_ACCGGGCCTTTGTTGA-1	1	46	98	15733	10320
PDACNP_10_ACCGGTCAGGTACACC-1	1	59	15	4501	7263
PDACNP_10_ACCGTCCACTGGGCCC-1	1	63	5	3147	6322
PDACNP_10_ACCGTGACCACGTGGG-1	1	61	39	7748	6791
PDACNP_10_ACCTAAGTACCTTTCA-1	1	50	30	6531	9382
PDACNP_10_ACCTAATCGACTTCCT-1	1	32	30	6533	13620
PDACNP_10_ACCTACTATAAATCTA-1	1	68	58	10318	5142
PDACNP_10_ACCTCCGCCCTCGCTG-1	1	55	107	16950	8200
PDACNP_10_ACCTCCGTTATTCACC-1	1	34	112	17628	13144
PDACNP_10_ACCTCGAACTTATGCT-1	1	65	15	4500	5851
PDACNP_10_ACCTGCGTGTCATGTT-1	1	46	18	4908	10324
PDACNP_10_ACGAAATGGGCGGCAC-1	1	32	24	5721	13620
PDACNP_10_ACGACTCTAGGGCCGA-1	1	71	93	15054	4434
PDACNP_10_ACGACTGGTCATACTC-1	1	64	34	7071	6085
PDACNP_10_ACGAGAACCCATCACG-1	1	8	34	7076	19270
PDACNP_10_ACGAGGATACCACTCT-1	1	50	18	4908	9382
PDACNP_10_ACGAGGTTTACAACGT-1	1	57	13	4230	7734
PDACNP_10_ACGAGTACGGATGCCC-1	1	28	104	16546	14557
PDACNP_10_ACGAGTCGCCGGCGTT-1	1	4	8	3559	20213
PDACNP_10_ACGATACATAGAACTA-1	1	22	80	13299	15971
PDACNP_10_ACGATCATACATAGAG-1	1	25	63	10999	15266
PDACNP_10_ACGATCATCTTGTAAA-1	1	36	102	16275	12674
PDACNP_10_ACGATGCATATGTTAT-1	1	37	43	8292	12442
PDACNP_10_ACGATGGATCCGATGC-1	1	10	70	11947	18797
PDACNP_10_ACGCAAACTAATAGAT-1	1	63	47	8830	6320
PDACNP_10_ACGCAATCACTACAGC-1	1	25	109	17223	15263
PDACNP_10_ACGCATACGTTTACTA-1	1	56	102	16273	7965
PDACNP_10_ACGCATTCGTGAGTAC-1	1	33	61	10727	13382
PDACNP_10_ACGCCACTCGAAACAG-1	1	75	71	12077	3493
PDACNP_10_ACGCCAGATGATTTCT-1	1	17	73	12353	17149
PDACNP_10_ACGCCAGTGCGTTTGC-1	1	72	102	16272	4198
PDACNP_10_ACGCCGCTAGACGACC-1	1	43	71	12080	11027
PDACNP_10_ACGCGAAGTCAGACGA-1	1	49	59	10455	9615
PDACNP_10_ACGCGCTACACAGGGT-1	1	41	31	6667	11500
PDACNP_10_ACGCGGGCCAAGGACA-1	1	34	62	10863	13147
PDACNP_10_ACGCGTTTCTTAAGAG-1	1	29	5	3150	14327
PDACNP_10_ACGCTAGTGATACACT-1	1	28	100	16005	14558
PDACNP_10_ACGCTGTGAGGCGTAG-1	1	39	13	4232	11972
PDACNP_10_ACGGAACACGAGTGCC-1	1	73	101	16136	3963
PDACNP_10_ACGGAATTTAGCAAAT-1	1	15	27	6129	17622
PDACNP_10_ACGGACGCAGCGACAA-1	1	74	16	4635	3732
PDACNP_10_ACGGACTCTCAAAGCG-1	1	61	75	12619	6789
PDACNP_10_ACGGAGCGCAAATTAC-1	1	18	108	17089	16912
PDACNP_10_ACGGATGGTGCGGATA-1	1	57	79	13161	7731
PDACNP_10_ACGGCACTTGCTTGGG-1	1	52	60	10590	8909
PDACNP_10_ACGGCCAACATGGACT-1	1	53	55	9914	8674
PDACNP_10_ACGGCGACGATGGGAA-1	1	49	77	12891	9615
PDACNP_10_ACGGCTGGATGTAGAA-1	1	61	11	3959	6793
PDACNP_10_ACGGGAGTGTCGGCCC-1	1	47	25	5855	10088
PDACNP_10_ACGGGTCATGTGACTT-1	1	15	9	3693	17623
PDACNP_10_ACGGGTTGTGACCTGT-1	1	73	5	3146	3968
PDACNP_10_ACGGTACAGTTCAATG-1	1	71	97	15595	4434
PDACNP_10_ACGGTCACCGAGAACA-1	1	71	13	4229	4438
PDACNP_10_ACGTACAGATTTCTCT-1	1	10	66	11406	18797
PDACNP_10_ACGTACTTTGGCACGG-1	1	70	32	6800	4673
PDACNP_10_ACGTAGATTGCTGATG-1	1	33	67	11539	13382
PDACNP_10_ACGTAGGAGAGTCGCT-1	1	70	72	12213	4670
PDACNP_10_ACGTATTACTCCGATC-1	1	41	97	15598	11497
PDACNP_10_ACGTCGGGCAACTCGG-1	1	68	2	2741	5145
PDACNP_10_ACGTCTCGTTCCGGGA-1	1	44	6	3284	10795
PDACNP_10_ACGTGACAAAGTAAGT-1	1	52	4	3013	8912
PDACNP_10_ACGTGCGCCTCGTGCA-1	1	17	63	11000	17149
PDACNP_10_ACGTTAATGTCGAAGA-1	1	41	69	11809	11498
PDACNP_10_ACGTTAGATTTGCCCG-1	1	39	39	7750	11971
PDACNP_10_ACGTTATTGGTCACTC-1	1	19	13	4234	16681
PDACNP_10_ACGTTCACTATGCCGC-1	1	74	38	7612	3731
PDACNP_10_ACGTTCCGCGCTCCGT-1	1	8	54	9783	19269
PDACNP_10_ACGTTCGCAATCAATT-1	1	33	113	17764	13380
PDACNP_10_ACGTTCGTTCAGGAAA-1	1	60	44	8425	7026
PDACNP_10_ACGTTCTGTACAAGTC-1	1	65	95	15325	5846
PDACNP_10_ACGTTGTCGTTGAAAG-1	1	75	31	6664	3495
PDACNP_10_ACGTTTAGTTGTGATC-1	1	14	68	11676	17855
PDACNP_10_ACTACAAAGAGAGGTG-1	1	71	49	9100	4436
PDACNP_10_ACTACATCCCGACAAG-1	1	63	17	4771	6321
PDACNP_10_ACTACCAGCTCTCTGG-1	1	25	41	8022	15267
PDACNP_10_ACTACCATCCGAGGGC-1	1	74	28	6258	3731
PDACNP_10_ACTACGCGTTAGAATT-1	1	60	56	10048	7026
PDACNP_10_ACTAGTTGCGATCGTC-1	1	50	104	16544	9378
PDACNP_10_ACTATATGCTGTGTTC-1	1	13	105	16683	18089
PDACNP_10_ACTATCCAGGGCATGG-1	1	38	108	17087	12203
PDACNP_10_ACTATGTCCAGCTGCC-1	1	64	22	5447	6086
PDACNP_10_ACTATTCGTCCGTGGT-1	1	14	74	12488	17855
PDACNP_10_ACTATTTCCGGGCCCA-1	1	59	41	8019	7262
PDACNP_10_ACTCAACGAATGTATT-1	1	7	33	6941	19505
PDACNP_10_ACTCAAGTGCAAGGCT-1	1	60	86	14108	7024
PDACNP_10_ACTCAATAAAGGCACG-1	1	25	69	11811	15266
PDACNP_10_ACTCAGACCTGCTTCT-1	1	9	43	8294	19034
PDACNP_10_ACTCATGGCAGCCTTC-1	1	67	17	4771	5380
PDACNP_10_ACTCCAATATCATCAT-1	1	63	29	6395	6321
PDACNP_10_ACTCCCATTCCTAAAG-1	1	47	17	4772	10089
PDACNP_10_ACTCCCGAATTCGTTT-1	1	32	104	16546	13616
PDACNP_10_ACTCCCTAATGCTAAA-1	1	57	69	11808	7731
PDACNP_10_ACTCCCTAGAATAGTA-1	1	48	70	11944	9850
PDACNP_10_ACTCCGGCCGACCACT-1	1	70	90	14648	4670
PDACNP_10_ACTCGATGTATTTCAT-1	1	18	10	3828	16917
PDACNP_10_ACTCGCCGTTCGATAA-1	1	67	111	17490	5375
PDACNP_10_ACTCGCGATCTGACGC-1	1	42	126	19522	11260
PDACNP_10_ACTCGTAACCCGTCCT-1	1	49	23	5584	9617
PDACNP_10_ACTCGTCAGTAATCCC-1	1	36	78	13028	12675
PDACNP_10_ACTCTCTGACTTAGGT-1	1	42	78	13027	11263
PDACNP_10_ACTCTGACCTAATAGA-1	1	69	97	15595	4905
PDACNP_10_ACTCTTGTATAGTAAC-1	1	36	70	11945	12676
PDACNP_10_ACTGAAACGCCGTTAG-1	1	57	93	15055	7730
PDACNP_10_ACTGAATGGCGAAAGT-1	1	47	83	13703	10085
PDACNP_10_ACTGCCCGCCATTCTC-1	1	68	30	6530	5144
PDACNP_10_ACTGCCGTCGTAACTC-1	1	16	70	11947	17384
PDACNP_10_ACTGCTCGGAAGGATG-1	1	53	9	3689	8676
PDACNP_10_ACTGGGATGCCAGTGC-1	1	73	53	9641	3965
PDACNP_10_ACTGTACGATACACAT-1	1	30	78	13028	14088
PDACNP_10_ACTGTAGCACTTTGGA-1	1	27	39	7751	14796
PDACNP_10_ACTGTATACGCGAGCA-1	1	10	36	7347	18799
PDACNP_10_ACTGTCCAGGATTATA-1	1	33	55	9916	13383
PDACNP_10_ACTGTCTTCTTTAGAA-1	1	30	64	11134	14089
PDACNP_10_ACTGTGCTAGTAGATC-1	1	13	31	6670	18093
PDACNP_10_ACTTACCGGGCGCGCA-1	1	11	95	15330	18560
PDACNP_10_ACTTACGCATCCACGC-1	1	58	78	13025	7495
PDACNP_10_ACTTAGTACGACAAGA-1	1	14	32	6805	17857
PDACNP_10_ACTTATACTTACCCGG-1	1	36	90	14651	12675
PDACNP_10_ACTTATTAGGATCGGT-1	1	38	52	9509	12206
PDACNP_10_ACTTATTTATGTGCCA-1	1	46	90	14650	10320
PDACNP_10_ACTTCAGGCTGATCCC-1	1	51	81	13432	9143
PDACNP_10_ACTTCCAGTGGAAGCT-1	1	57	3	2877	7735
PDACNP_10_ACTTCCATGCGGGACA-1	1	61	85	13972	6789
PDACNP_10_ACTTCGCCATACGCAC-1	1	27	75	12622	14794
PDACNP_10_ACTTGACTCCCTCTTT-1	1	42	72	12215	11263
PDACNP_10_ACTTGGGACCCGGTGG-1	1	29	49	9104	14325
PDACNP_10_ACTTGTAGTCCCTTCA-1	1	44	10	3826	10795
PDACNP_10_ACTTGTGGATGGAACG-1	1	52	108	17085	8907
PDACNP_10_ACTTGTTACCGGATCA-1	1	75	57	10182	3494
PDACNP_10_ACTTTACCCTCATGAA-1	1	32	106	16817	13615
PDACNP_10_ACTTTATACACCACTT-1	1	74	10	3823	3732
PDACNP_10_ACTTTCCTATAGCTTC-1	1	28	62	10863	14560
PDACNP_10_ACTTTGACTGCATCCT-1	1	39	11	3961	11972
PDACNP_10_ACTTTGGTCGTGCTCC-1	1	61	13	4230	6793
PDACNP_10_AGAACACGGCGATGGT-1	1	75	13	4229	3496
PDACNP_10_AGAACCCTCAATTGGG-1	1	61	9	3689	6793
PDACNP_10_AGAACGTGGTACATTC-1	1	27	73	12352	14794
PDACNP_10_AGAACTGTACTTTGTA-1	1	74	96	15460	3727
PDACNP_10_AGAAGAGCGCCGTTCC-1	1	38	88	14380	12204
PDACNP_10_AGAAGGTACACTTCAC-1	1	52	14	4366	8911
PDACNP_10_AGAAGGTTGCCGAATT-1	1	42	44	8426	11264
PDACNP_10_AGAAGGTTGTAGGTCG-1	1	64	78	13025	6083
PDACNP_10_AGAAGTGATTCGTGAT-1	1	48	28	6261	9853
PDACNP_10_AGAATAAATCTTCAGG-1	1	37	11	3962	12443
PDACNP_10_AGAATACAGGCTATCC-1	1	75	99	15865	3492
PDACNP_10_AGAATGCGGGTTCGGA-1	1	12	108	17089	18324
PDACNP_10_AGAATTATGGATTCGA-1	1	32	98	15734	13616
PDACNP_10_AGAATTGTTTGACATA-1	1	17	23	5587	17152
PDACNP_10_AGACAGCTCAGAATCC-1	1	22	12	4098	15975
PDACNP_10_AGACCAAACCACACCT-1	1	51	9	3690	9147
PDACNP_10_AGACCATGGGATACAA-1	1	22	28	6263	15974
PDACNP_10_AGACCCACCGCTGATC-1	1	49	65	11267	9615
PDACNP_10_AGACCCGCCCTCCTCG-1	1	26	56	10052	15031
PDACNP_10_AGACCGCTCCGCGGTT-1	1	51	111	17491	9142
PDACNP_10_AGACCGGGAAACCCTG-1	1	41	17	4773	11501
PDACNP_10_AGACGAAGTGCCGGTC-1	1	49	97	15597	9613
PDACNP_10_AGACGACGATGCCGCT-1	1	53	33	6937	8675
PDACNP_10_AGACTAGCCTTCCAGA-1	1	28	46	8698	14560
PDACNP_10_AGACTGTTACCGGGTC-1	1	63	45	8560	6320
PDACNP_10_AGAGAAACACCAGAAA-1	1	68	34	7071	5143
PDACNP_10_AGAGAACCGTCTAGGA-1	1	26	88	14382	15029
PDACNP_10_AGAGAAGGAGTACAAT-1	1	58	34	7072	7498
PDACNP_10_AGAGATCTCTAAAGCG-1	1	40	18	4908	11737
PDACNP_10_AGAGCAGTTATGAGAC-1	1	29	19	5045	14326
PDACNP_10_AGAGCGGGCTAATCAT-1	1	16	64	11135	17385
PDACNP_10_AGAGCGTACAAGCTCG-1	1	24	28	6263	15503
PDACNP_10_AGAGCTACGAAAGCAT-1	1	10	16	4641	18800
PDACNP_10_AGAGGCTTCGGAAACC-1	1	51	101	16138	9142
PDACNP_10_AGAGTAAACTTCACTA-1	1	48	106	16815	9848
PDACNP_10_AGATAACTTCAGGGCC-1	1	32	44	8427	13619
PDACNP_10_AGATAATCACACCTAT-1	1	77	13	4228	3025
PDACNP_10_AGATACCAATAGAACC-1	1	64	110	17355	6081
PDACNP_10_AGATACCGGTGTTCAC-1	1	40	38	7615	11736
PDACNP_10_AGATACGACTTCATAT-1	1	15	35	7211	17622
PDACNP_10_AGATACTCAAGATCGA-1	1	46	82	13568	10321
PDACNP_10_AGATATAATACGACTA-1	1	64	72	12213	6083
PDACNP_10_AGATCGTGCATAAGAT-1	1	21	97	15600	16206
PDACNP_10_AGATCTCAGGTGTGAT-1	1	29	75	12622	14323
PDACNP_10_AGATCTGGAGAGGATA-1	1	75	11	3958	3496
PDACNP_10_AGATGACTCGCCCACG-1	1	21	55	9917	16208
PDACNP_10_AGATGAGGGTTGCGAT-1	1	14	98	15736	17854
PDACNP_10_AGATGATGGAGTCTGG-1	1	34	106	16816	13145
PDACNP_10_AGATGCAAGACGTGCA-1	1	58	24	5719	7498
PDACNP_10_AGATGCATCCTGTGTC-1	1	48	6	3284	9854
PDACNP_10_AGATGCTATAACGAGC-1	1	11	7	3423	18565
PDACNP_10_AGATTATAGGACGTTT-1	1	36	54	9780	12676
PDACNP_10_AGATTCACAACCGATA-1	1	53	13	4231	8676
PDACNP_10_AGCAAAGGCCGCTAGT-1	1	60	72	12213	7025
PDACNP_10_AGCAACATATCTTATT-1	1	41	93	15057	11497
PDACNP_10_AGCAACCGAAAGTAAT-1	1	56	20	5178	7969
PDACNP_10_AGCACACGTTTAGACT-1	1	68	26	5988	5144
PDACNP_10_AGCACCAGTACTCACG-1	1	27	65	11269	14795
PDACNP_10_AGCACTACCGGCCTGT-1	1	34	20	5180	13149
PDACNP_10_AGCACTACCTCACCAG-1	1	53	81	13432	8673
PDACNP_10_AGCACTTAAGGACGCC-1	1	31	35	7210	13855
PDACNP_10_AGCAGAAGGAGAAAGA-1	1	64	68	11672	6083
PDACNP_10_AGCAGCCAGATGAATA-1	1	56	58	10319	7967
PDACNP_10_AGCAGTCGAAGCATGC-1	1	74	84	13836	3728
PDACNP_10_AGCATATCAATATGCT-1	1	51	95	15326	9143
PDACNP_10_AGCATCATTTCGAAAG-1	1	53	19	5043	8676
PDACNP_10_AGCATCGTCGATAATT-1	1	22	52	9511	15973
PDACNP_10_AGCATTACGAGGCAAG-1	1	67	105	16678	5375
PDACNP_10_AGCCAAGCTTTGTGTC-1	1	64	58	10319	6084
PDACNP_10_AGCCACAGGTTACCCG-1	1	63	89	14513	6318
PDACNP_10_AGCCACTCCCGTGCTT-1	1	23	81	13435	15736
PDACNP_10_AGCCATATAGTATGTG-1	1	71	65	11265	4435
PDACNP_10_AGCCCATACATGTAAG-1	1	42	26	5991	11265
PDACNP_10_AGCCCGCAACAAGCAG-1	1	68	54	9777	5142
PDACNP_10_AGCCCGCACTACAATG-1	1	73	111	17489	3962
PDACNP_10_AGCCCGGCATTAGAGG-1	1	64	26	5989	6086
PDACNP_10_AGCCCGGTAGCCTGTA-1	1	61	49	9101	6791
PDACNP_10_AGCCCTAAGCGAAGTT-1	1	15	65	11270	17620
PDACNP_10_AGCCCTCCCTGGTGGC-1	1	67	29	6394	5379
PDACNP_10_AGCCCTTCTAATCCGA-1	1	17	103	16412	17147
PDACNP_10_AGCCGCAAATTCAAAT-1	1	37	3	2879	12444
PDACNP_10_AGCCGTGGCTAAATGT-1	1	50	22	5449	9382
PDACNP_10_AGCCTAATACCCACGT-1	1	50	14	4366	9382
PDACNP_10_AGCCTTAAAGCGGAAG-1	1	21	15	4504	16210
PDACNP_10_AGCCTTGTCACTGATA-1	1	72	2	2741	4203
PDACNP_10_AGCGACAGGAACGGTC-1	1	51	37	7478	9146
PDACNP_10_AGCGACATCCCATTCA-1	1	17	59	10458	17150
PDACNP_10_AGCGACCAACGATATT-1	1	25	55	9916	15266
PDACNP_10_AGCGACTTTGAAGACA-1	1	77	45	8558	3024
PDACNP_10_AGCGAGACGTGAAGGC-1	1	68	22	5447	5144
PDACNP_10_AGCGATGCGCCTAATA-1	1	64	108	17084	6081
PDACNP_10_AGCGCATAATGAATCG-1	1	57	55	9913	7732
PDACNP_10_AGCGCGGGTGCCAATG-1	1	24	92	14923	15500
PDACNP_10_AGCGGACACTTCGTAG-1	1	62	62	10860	6555
PDACNP_10_AGCGGCGGTTAGCGGT-1	1	50	12	4096	9382
PDACNP_10_AGCGGGAAGGGTCCAT-1	1	13	37	7482	18093
PDACNP_10_AGCGGGTCTGACACTC-1	1	66	66	11401	5613
PDACNP_10_AGCGGTTGCCGCTCTG-1	1	18	116	18171	16911
PDACNP_10_AGCGTACGAGAGCTAG-1	1	8	24	5723	19270
PDACNP_10_AGCGTGGTATTCTACT-1	1	45	71	12080	10557
PDACNP_10_AGCTAACAAGCAATGT-1	1	61	33	6936	6792
PDACNP_10_AGCTAAGTACGCAGGC-1	1	64	86	14107	6082
PDACNP_10_AGCTACGAATGGTGGT-1	1	77	109	17218	3020
PDACNP_10_AGCTAGAAGCAGAAGT-1	1	21	99	15870	16206
PDACNP_10_AGCTATTTAATCCAAC-1	1	16	74	12488	17384
PDACNP_10_AGCTCCATATATGTTC-1	1	57	109	17220	7729
PDACNP_10_AGCTCCTTCGCACATC-1	1	52	86	14109	8908
PDACNP_10_AGCTCTAGACGTTCCA-1	1	38	76	12757	12204
PDACNP_10_AGCTCTTCCCAGTGCA-1	1	18	88	14382	16913
PDACNP_10_AGCTCTTCGTAACCTT-1	1	39	107	16951	11967
PDACNP_10_AGCTCTTTACTCAGTT-1	1	41	45	8562	11500
PDACNP_10_AGCTGAAGTAAACCAA-1	1	20	84	13841	16442
PDACNP_10_AGCTGTAACCTCAATC-1	1	54	28	6260	8440
PDACNP_10_AGCTTCTTCTCGAGCA-1	1	68	100	16001	5140
PDACNP_10_AGCTTGATCAGGGTAG-1	1	72	10	3823	4203
PDACNP_10_AGCTTGATCTTAACTT-1	1	41	23	5585	11501
PDACNP_10_AGGAAAGCCTCTGATG-1	1	5	13	4235	19977
PDACNP_10_AGGAAGCTGTCCGCCG-1	1	61	65	11266	6790
PDACNP_10_AGGACAGTCGAATCCC-1	1	43	85	13974	11027
PDACNP_10_AGGACATCGCACGTCG-1	1	16	38	7617	17386
PDACNP_10_AGGACGACCCATTAGA-1	1	43	45	8562	11029
PDACNP_10_AGGACGCTCGATGTTG-1	1	18	98	15735	16912
PDACNP_10_AGGAGGCCTTCGCGCG-1	1	52	98	15732	8907
PDACNP_10_AGGATAAAGTCGGGAT-1	1	53	65	11267	8673
PDACNP_10_AGGATATAGGGATTTA-1	1	46	96	15462	10320
PDACNP_10_AGGATATCCGACTGCA-1	1	71	95	15325	4434
PDACNP_10_AGGATCACGCGATCTG-1	1	48	16	4637	9853
PDACNP_10_AGGCAGATGCGTAAAC-1	1	26	86	14111	15029
PDACNP_10_AGGCAGGGAGCGTACT-1	1	59	49	9101	7262
PDACNP_10_AGGCATTGTCGTAGGG-1	1	49	99	15868	9613
PDACNP_10_AGGCCACCCGTTATGA-1	1	28	38	7616	14561
PDACNP_10_AGGCCCAGTGACTGGT-1	1	9	15	4505	19035
PDACNP_10_AGGCCCATTGTACAGG-1	1	15	55	9917	17621
PDACNP_10_AGGCCCTAGAACGCCA-1	1	45	25	5855	10559
PDACNP_10_AGGCCTATCATACCAA-1	1	72	52	9506	4201
PDACNP_10_AGGCCTGAGAATCTCG-1	1	62	88	14378	6553
PDACNP_10_AGGCGGTTTGTCCCGC-1	1	59	17	4771	7263
PDACNP_10_AGGCGTCTATGGACGG-1	1	16	112	17630	17382
PDACNP_10_AGGCTATGGTTAGCTT-1	1	26	30	6533	15032
PDACNP_10_AGGCTTCCCGAAGAAG-1	1	50	42	8155	9381
PDACNP_10_AGGCTTGCTAGACACC-1	1	24	18	4910	15504
PDACNP_10_AGGGAAACGAGGTACT-1	1	13	89	14518	18090
PDACNP_10_AGGGACCGGCTGCGTT-1	1	36	110	17357	12674
PDACNP_10_AGGGACTCTACGCGAC-1	1	55	53	9643	8203
PDACNP_10_AGGGAGACATACTTCG-1	1	29	113	17764	14321
PDACNP_10_AGGGCGAGCAGCTGAT-1	1	44	20	5179	10795
PDACNP_10_AGGGCGTGATCGGCTA-1	1	17	45	8564	17150
PDACNP_10_AGGGCTGCAGTTACAG-1	1	35	65	11269	12911
PDACNP_10_AGGGTCAGAGCACTCG-1	1	68	40	7883	5143
PDACNP_10_AGGGTCAGTAACCCTA-1	1	15	113	17765	17618
PDACNP_10_AGGGTCGATGCGAACT-1	1	37	97	15598	12439
PDACNP_10_AGGGTGCCGTTCTTTA-1	1	65	33	6936	5850
PDACNP_10_AGGGTGCTCTCGAGGG-1	1	34	92	14922	13145
PDACNP_10_AGGGTGGATAGTGCAT-1	1	29	11	3962	14327
PDACNP_10_AGGGTTCAGACGGTCC-1	1	69	45	8559	4907
PDACNP_10_AGGGTTCCCTTTGGTT-1	1	30	88	14381	14087
PDACNP_10_AGGGTTTAGTTCGGGA-1	1	33	63	10998	13382
PDACNP_10_AGGTAACCTCCTATTC-1	1	13	41	8023	18092
PDACNP_10_AGGTACGATATTGCCA-1	1	12	76	12759	18326
PDACNP_10_AGGTAGATCGAGATAT-1	1	63	35	7207	6321
PDACNP_10_AGGTAGGTACAAAGCT-1	1	35	31	6668	12913
PDACNP_10_AGGTATAATTGATAGT-1	1	35	109	17222	12909
PDACNP_10_AGGTATGCGGACATTA-1	1	38	124	19252	12202
PDACNP_10_AGGTCAGGTGAGAGTG-1	1	46	20	5179	10324
PDACNP_10_AGGTCGCGGAGTTACT-1	1	26	104	16547	15028
PDACNP_10_AGGTGCACGTCCACAT-1	1	70	104	16542	4669
PDACNP_10_AGGTGGTGACCTTCGC-1	1	64	56	10048	6084
PDACNP_10_AGGTGTATCGCCATGA-1	1	37	17	4773	12443
PDACNP_10_AGGTTCTCCTTTCCGG-1	1	66	8	3553	5616
PDACNP_10_AGGTTGAGGCACGCTT-1	1	22	74	12488	15972
PDACNP_10_AGGTTTCACACACCTT-1	1	41	67	11539	11499
PDACNP_10_AGTAACTATAGCAGCC-1	1	71	107	16948	4433
PDACNP_10_AGTAATCTAAGGGTGG-1	1	74	88	14377	3728
PDACNP_10_AGTAATGTCTTGCCGC-1	1	16	60	10594	17385
PDACNP_10_AGTACAGAAGCTTATA-1	1	71	77	12889	4435
PDACNP_10_AGTACATCATTTATCA-1	1	29	109	17223	14322
PDACNP_10_AGTACGGCCCGTATCG-1	1	35	11	3962	12914
PDACNP_10_AGTACGGGCACCTGGC-1	1	25	79	13164	15265
PDACNP_10_AGTACTCTTATGCCCA-1	1	56	88	14379	7966
PDACNP_10_AGTAGAAGGCGCCTCA-1	1	70	62	10859	4671
PDACNP_10_AGTAGGAAGGAAGTTG-1	1	16	98	15736	17383
PDACNP_10_AGTAGGTAACATACAT-1	1	13	51	9376	18092
PDACNP_10_AGTATAATACTAGGCA-1	1	25	33	6939	15267
PDACNP_10_AGTATACACAGCGACA-1	1	64	48	8966	6084
PDACNP_10_AGTATGCTGGAGACCA-1	1	58	26	5989	7498
PDACNP_10_AGTATTTGGCACGACC-1	1	58	52	9507	7497
PDACNP_10_AGTCAAATGATGTGAT-1	1	67	35	7206	5379
PDACNP_10_AGTCAACACCACCATC-1	1	41	47	8832	11500
PDACNP_10_AGTCAAGATGACACTT-1	1	48	90	14650	9849
PDACNP_10_AGTCACTAGCTCTCGA-1	1	55	99	15867	8201
PDACNP_10_AGTCACTCCGCCTCAT-1	1	6	30	6535	19741
PDACNP_10_AGTCAGCCACCGCCTG-1	1	16	28	6264	17387
PDACNP_10_AGTCCATTGGCTGATG-1	1	42	100	16004	11261
PDACNP_10_AGTCCCGCCTTTAATT-1	1	17	93	15059	17148
PDACNP_10_AGTCGAAACGATTCAG-1	1	69	1	2605	4910
PDACNP_10_AGTCGACGGTCTCAAG-1	1	38	90	14651	12204
PDACNP_10_AGTCGGCCCAAACGAC-1	1	25	39	7751	15267
PDACNP_10_AGTCGGCTCAACTTTA-1	1	47	23	5584	10088
PDACNP_10_AGTCGTATAAAGCAGA-1	1	65	81	13431	5847
PDACNP_10_AGTCGTCGACCACCAA-1	1	57	91	14785	7730
PDACNP_10_AGTCGTGGGCATTACG-1	1	51	29	6396	9146
PDACNP_10_AGTCTAAAGTATACTC-1	1	29	111	17493	14322
PDACNP_10_AGTCTCACAAGACTAC-1	1	54	30	6531	8440
PDACNP_10_AGTCTGGACATCCTTG-1	1	18	20	5181	16916
PDACNP_10_AGTCTTCTCCTCAAAT-1	1	24	66	11405	15501
PDACNP_10_AGTCTTTAAAGTGTCC-1	1	67	77	12889	5377
PDACNP_10_AGTGAACAAACTTCTC-1	1	44	102	16274	10790
PDACNP_10_AGTGACCTACTTTACG-1	1	44	52	9509	10793
PDACNP_10_AGTGACTGTGACACAA-1	1	66	28	6259	5615
PDACNP_10_AGTGAGACTTCCAGTA-1	1	35	87	14245	12910
PDACNP_10_AGTGAGCCTCGCCGCC-1	1	29	103	16411	14322
PDACNP_10_AGTGAGTCGAATTAAC-1	1	67	109	17219	5375
PDACNP_10_AGTGATAACCTGCGCG-1	1	59	89	14514	7259
PDACNP_10_AGTGATATGAGTAGTT-1	1	45	49	9103	10558
PDACNP_10_AGTGATTCAAGCAGGA-1	1	33	87	14246	13381
PDACNP_10_AGTGCACGCTTAAGAA-1	1	52	96	15462	8907
PDACNP_10_AGTGCGTAGCTCGTAA-1	1	46	42	8155	10323
PDACNP_10_AGTGCTAAACACAGCA-1	1	61	91	14784	6788
PDACNP_10_AGTGCTTGCACGAATA-1	1	41	89	14515	11497
PDACNP_10_AGTGGCCCGCAAATGG-1	1	73	95	15324	3963
PDACNP_10_AGTGGCGGCAATTTGA-1	1	24	94	15194	15500
PDACNP_10_AGTGGCGTCTGAAGGT-1	1	62	86	14108	6553
PDACNP_10_AGTGGCTCCGTCGGCC-1	1	40	12	4097	11737
PDACNP_10_AGTGGTGTTACCCGTG-1	1	47	9	3690	10089
PDACNP_10_AGTGGTTGCGTATAGG-1	1	35	7	3420	12914
PDACNP_10_AGTGTATTGCGCATTG-1	1	17	95	15330	17148
PDACNP_10_AGTGTGCTAAGATCGC-1	1	14	10	3828	17859
PDACNP_10_AGTGTGGTCTATTGTG-1	1	21	23	5587	16210
PDACNP_10_AGTTAAACACTTGCGA-1	1	40	44	8427	11735
PDACNP_10_AGTTAAGCGGTCCCGG-1	1	16	80	13300	17384
PDACNP_10_AGTTAAGTCAACCGCT-1	1	51	25	5855	9146
PDACNP_10_AGTTACCCTTAAGACT-1	1	24	8	3557	15504
PDACNP_10_AGTTACCGCACATGGT-1	1	26	14	4368	15033
PDACNP_10_AGTTACTCTATCGTGG-1	1	15	89	14518	17619
PDACNP_10_AGTTATTCAGACTGTG-1	1	76	112	17624	3256
PDACNP_10_AGTTCACCGGTTGGAC-1	1	20	8	3557	16446
PDACNP_10_AGTTCCTACAGAATTA-1	1	30	50	9239	14089
PDACNP_10_AGTTCCTATTTATGTT-1	1	43	65	11268	11028
PDACNP_10_AGTTCTGCGTTGTATC-1	1	13	19	5046	18093
PDACNP_10_AGTTGACATCGGCTGG-1	1	10	26	5994	18799
PDACNP_10_AGTTGACGGTCCTTGC-1	1	65	63	10995	5848
PDACNP_10_AGTTGCTGACTGATAT-1	1	16	18	4911	17387
PDACNP_10_AGTTGGCAAGGCTAGA-1	1	68	106	16813	5140
PDACNP_10_AGTTTCGCAGGTCGGA-1	1	12	62	10865	18327
PDACNP_10_AGTTTGCACCTGCCTC-1	1	58	74	12484	7496
PDACNP_10_AGTTTGGCACGGGTTG-1	1	48	102	16274	9849
PDACNP_10_AGTTTGGCCAGACCTA-1	1	47	31	6667	10088
PDACNP_10_ATAAACGGACCCGTAA-1	1	47	61	10726	10086
PDACNP_10_ATAAACGTTGCACCAC-1	1	57	107	16950	7729
PDACNP_10_ATAAAGGCTCGGTCGT-1	1	34	50	9239	13148
PDACNP_10_ATAAATATTAGCAGCT-1	1	38	28	6262	12207
PDACNP_10_ATAACGCCGGAGGGTC-1	1	35	81	13434	12910
PDACNP_10_ATAACGGAGTCCAACG-1	1	25	75	12623	15265
PDACNP_10_ATAAGGTGGAGAACAT-1	1	50	72	12214	9379
PDACNP_10_ATAAGTAGGATTCAGA-1	1	27	103	16411	14793
PDACNP_10_ATAAGTAGGGCGACTC-1	1	36	108	17087	12674
PDACNP_10_ATAAGTTACCGCGACG-1	1	46	52	9508	10322
PDACNP_10_ATAATACCGTTAGCCG-1	1	16	16	4640	17387
PDACNP_10_ATAATAGCTGTTGAAT-1	1	47	63	10997	10086
PDACNP_10_ATAATAGTGTAGGGAC-1	1	18	30	6534	16916
PDACNP_10_ATAATCTTGGAGAACC-1	1	61	77	12890	6789
PDACNP_10_ATAATTAGCTAAGTAG-1	1	64	64	11131	6084
PDACNP_10_ATACAGCGTCCACTGA-1	1	74	0	2470	3733
PDACNP_10_ATACAGGCCCTCCAAT-1	1	56	72	12214	7967
PDACNP_10_ATACCACGGGCAACTT-1	1	35	29	6397	12913
PDACNP_10_ATACCAGGCTAATAGA-1	1	9	55	9918	19033
PDACNP_10_ATACCCTCCCGGCCAA-1	1	76	8	3552	3261
PDACNP_10_ATACCGTCATCCATAA-1	1	15	115	18036	17618
PDACNP_10_ATACCTAACCAAGAAA-1	1	58	64	11131	7496
PDACNP_10_ATACGAAGGCTTTCCA-1	1	37	123	19116	12437
PDACNP_10_ATACGAGGTTTGTAAG-1	1	75	49	9100	3494
PDACNP_10_ATACGCCGGCGAAACC-1	1	40	78	13027	11733
PDACNP_10_ATACGGAACGTCGTTT-1	1	56	22	5448	7969
PDACNP_10_ATACGGGTTTCGATTG-1	1	22	82	13570	15971
PDACNP_10_ATACGGTGAAGATGCA-1	1	33	11	3962	13385
PDACNP_10_ATACGTACTTAGCCAC-1	1	55	77	12890	8202
PDACNP_10_ATACGTCCACTCCTGT-1	1	47	93	15056	10085
PDACNP_10_ATACGTTATGCACGGA-1	1	63	63	10995	6319
PDACNP_10_ATACTACCCGTACCAC-1	1	59	105	16679	7259
PDACNP_10_ATACTAGCATGACCCT-1	1	21	61	10729	16208
PDACNP_10_ATACTCTCGCCACTCT-1	1	9	25	5858	19035
PDACNP_10_ATACTGCCTTACACCG-1	1	58	84	13837	7495
PDACNP_10_ATACTTGTTCTCGAGC-1	1	30	10	3827	14091
PDACNP_10_ATAGACAACGGGACCT-1	1	28	92	14923	14558
PDACNP_10_ATAGACGAAGAGAAAG-1	1	33	45	8563	13383
PDACNP_10_ATAGAGTACTGGGACA-1	1	26	48	8969	15031
PDACNP_10_ATAGAGTTATCAACTT-1	1	27	93	15058	14793
PDACNP_10_ATAGCAACTAGGGAAG-1	1	62	98	15731	6553
PDACNP_10_ATAGCCTCAGTACCCA-1	1	18	14	4369	16917
PDACNP_10_ATAGCTGCTCTTGTTA-1	1	16	10	3828	17388
PDACNP_10_ATAGGCGGCTATAGAA-1	1	43	33	6938	11029
PDACNP_10_ATAGGCTAGCTTCGCA-1	1	25	97	15599	15264
PDACNP_10_ATAGGGATATCCTTGA-1	1	21	71	12082	16207
PDACNP_10_ATAGGTTGGGCAGATG-1	1	28	64	11134	14559
PDACNP_10_ATAGTGAAGCGTTCTC-1	1	41	57	10186	11499
PDACNP_10_ATAGTTCCACCCACTC-1	1	38	102	16275	12203
PDACNP_10_ATATAAAGCGCTCGTG-1	1	58	68	11672	7496
PDACNP_10_ATATAAATGTAGCTGC-1	1	54	74	12485	8437
PDACNP_10_ATATAACACGGGCGCA-1	1	66	94	15190	5611
PDACNP_10_ATATACATGTATGGTA-1	1	49	1	2607	9619
PDACNP_10_ATATACGCTCGTGACG-1	1	62	108	17084	6552
PDACNP_10_ATATAGAGTATTGGTC-1	1	63	11	3959	6322
PDACNP_10_ATATCAACCTACAGAG-1	1	37	105	16681	12438
PDACNP_10_ATATCAATTCCAGCCT-1	1	56	6	3283	7970
PDACNP_10_ATATCGGTAGGGAGAT-1	1	38	110	17357	12203
PDACNP_10_ATATCGTTCCTCGAAC-1	1	58	92	14920	7495
PDACNP_10_ATATCTCCCTCGTTAA-1	1	19	87	14247	16677
PDACNP_10_ATATCTTAGGGCCTTC-1	1	35	61	10727	12912
PDACNP_10_ATATGGGATAGCAACT-1	1	71	55	9912	4436
PDACNP_10_ATATGTCTAGAGCGTG-1	1	74	68	11671	3729
PDACNP_10_ATATGTCTCCCTAGCC-1	1	35	97	15599	12910
PDACNP_10_ATATTCAGTTAAACCT-1	1	44	40	7885	10794
PDACNP_10_ATATTCCACATAGTGA-1	1	51	77	12891	9144
PDACNP_10_ATATTCCCACAGGTCA-1	1	11	59	10459	18562
PDACNP_10_ATATTGCTGTCAAAGT-1	1	18	32	6805	16916
PDACNP_10_ATATTTAACCCTCAAG-1	1	31	55	9916	13854
PDACNP_10_ATCAAACACTGTTCCA-1	1	47	107	16951	10084
PDACNP_10_ATCAAACGAAGGTTTG-1	1	49	33	6937	9617
PDACNP_10_ATCAAAGAGCCGTGGT-1	1	76	62	10859	3258
PDACNP_10_ATCAAGATCCCAGGAC-1	1	72	58	10318	4200
PDACNP_10_ATCAATCTGGGCTGCA-1	1	33	65	11269	13382
PDACNP_10_ATCAATGCCGTGGCTG-1	1	61	19	5042	6792
PDACNP_10_ATCACATTAGAATATC-1	1	20	82	13570	16442
PDACNP_10_ATCACGTGCTAATTAA-1	1	46	36	7344	10323
PDACNP_10_ATCACTTCATCCTCGC-1	1	21	67	11540	16207
PDACNP_10_ATCAGACGGCACGCCG-1	1	44	42	8156	10794
PDACNP_10_ATCAGCCTCATGCTGC-1	1	57	87	14243	7730
PDACNP_10_ATCAGCTCGTCCACTA-1	1	49	15	4502	9618
PDACNP_10_ATCAGTAGGCAGGGAT-1	1	23	87	14247	15735
PDACNP_10_ATCATAGATCGACGAG-1	1	74	44	8423	3730
PDACNP_10_ATCATAGCCCTATGTA-1	1	62	106	16814	6552
PDACNP_10_ATCATCCAATATTTGT-1	1	39	59	10456	11970
PDACNP_10_ATCATGGACTACCGAC-1	1	44	126	19522	10789
PDACNP_10_ATCATTGTACCGCATT-1	1	63	1	2606	6322
PDACNP_10_ATCCAACGCAGTCATA-1	1	25	37	7481	15267
PDACNP_10_ATCCAATGGAGGGTCC-1	1	43	27	6126	11030
PDACNP_10_ATCCAATGGTACCGAA-1	1	36	6	3285	12679
PDACNP_10_ATCCACATCGACAGAA-1	1	62	72	12213	6554
PDACNP_10_ATCCAGAGCAACAACC-1	1	50	52	9508	9380
PDACNP_10_ATCCAGGATTCGTGAA-1	1	40	46	8697	11735
PDACNP_10_ATCCCATCCACAGCGC-1	1	62	14	4365	6557
PDACNP_10_ATCCCATTTCCGTGGG-1	1	71	57	10183	4436
PDACNP_10_ATCCTACCTAAGCTCT-1	1	44	48	8967	10793
PDACNP_10_ATCCTGAATCGCTGCG-1	1	38	26	5991	12207
PDACNP_10_ATCCTGCGTGGAATGG-1	1	45	47	8832	10558
PDACNP_10_ATCGACCCAATACAGA-1	1	43	63	10997	11028
PDACNP_10_ATCGACTCTTTCCGTT-1	1	23	61	10728	15737
PDACNP_10_ATCGCACGATTGTTCA-1	1	7	17	4776	19506
PDACNP_10_ATCGCACGCCGGGAGA-1	1	25	57	10187	15266
PDACNP_10_ATCGCCAGTCAACATT-1	1	45	105	16680	10555
PDACNP_10_ATCGCTGCGTGCAGCA-1	1	23	111	17494	15734
PDACNP_10_ATCGGAGACAGACGGC-1	1	52	76	12755	8908
PDACNP_10_ATCGGCAAGCAGTCCA-1	1	20	96	15465	16441
PDACNP_10_ATCGGTTACCTAGTAA-1	1	34	8	3556	13150
PDACNP_10_ATCGTCCAATCGAGTC-1	1	9	13	4235	19036
PDACNP_10_ATCGTGGAAAGTCTGG-1	1	63	23	5583	6321
PDACNP_10_ATCGTTAGCTAGCGGA-1	1	58	98	15732	7494
PDACNP_10_ATCGTTCACTTTCGCC-1	1	10	94	15195	18796
PDACNP_10_ATCTAATATCCTACGG-1	1	55	67	11537	8202
PDACNP_10_ATCTACCATCTGCTCC-1	1	70	88	14378	4670
PDACNP_10_ATCTAGCTTGTGAGGG-1	1	67	65	11266	5377
PDACNP_10_ATCTCCCACGGAATAT-1	1	60	108	17085	7023
PDACNP_10_ATCTCCCTGCAATCTA-1	1	16	72	12217	17384
PDACNP_10_ATCTGACATGGAAGGA-1	1	63	41	8018	6320
PDACNP_10_ATCTGATAGTGTCTTA-1	1	16	12	4099	17388
PDACNP_10_ATCTGCACCTCTGCGA-1	1	29	101	16140	14322
PDACNP_10_ATCTGCTGTTATCGCC-1	1	67	57	10183	5378
PDACNP_10_ATCTGGGCTGTTCTTG-1	1	61	69	11807	6790
PDACNP_10_ATCTGGTTAAGACTGT-1	1	26	76	12758	15030
PDACNP_10_ATCTGTAATTGTACCC-1	1	15	57	10188	17621
PDACNP_10_ATCTTAGGGCATTAAT-1	1	69	11	3959	4909
PDACNP_10_ATCTTATCGCACACCC-1	1	64	104	16543	6081
PDACNP_10_ATCTTGACCTGCAACG-1	1	26	44	8428	15031
PDACNP_10_ATCTTGACTTGTCCAA-1	1	30	108	17087	14086
PDACNP_10_ATGAAGCCAAGGAGCC-1	1	22	46	8699	15973
PDACNP_10_ATGAAGTGGACCCAGC-1	1	30	4	3015	14092
PDACNP_10_ATGACGCCGGCTCTAA-1	1	16	58	10323	17385
PDACNP_10_ATGACGCGTTCTATCC-1	1	52	30	6531	8911
PDACNP_10_ATGACTATCAGCTGTG-1	1	63	43	8289	6320
PDACNP_10_ATGACTATGCGACATT-1	1	48	88	14380	9849
PDACNP_10_ATGAGGAGTGTTAATC-1	1	25	35	7210	15267
PDACNP_10_ATGATCGGGAATAGAC-1	1	16	54	9782	17385
PDACNP_10_ATGATGCAATGGTACA-1	1	44	50	9238	10793
PDACNP_10_ATGCACCTTCCTTAAT-1	1	20	6	3287	16446
PDACNP_10_ATGCACGCGCTGTTCA-1	1	59	11	3960	7264
PDACNP_10_ATGCACTACCGCATTG-1	1	27	45	8563	14796
PDACNP_10_ATGCATGATCCAGGAT-1	1	25	65	11269	15266
PDACNP_10_ATGCCAATCGCTCTGC-1	1	15	105	16683	17618
PDACNP_10_ATGCCATTTGCGACCA-1	1	43	91	14786	11026
PDACNP_10_ATGCCGGTCTTGCATA-1	1	31	75	12622	13853
PDACNP_10_ATGCCGGTTGATGGGA-1	1	19	83	13706	16677
PDACNP_10_ATGCGACAATTGGTCC-1	1	13	109	17224	18089
PDACNP_10_ATGCGACAGTCCCATT-1	1	35	71	12080	12911
PDACNP_10_ATGCGAGTCCCACCAC-1	1	48	104	16545	9849
PDACNP_10_ATGCTCAGTGTTGCAT-1	1	21	29	6399	16209
PDACNP_10_ATGCTCTGGCGCGGTA-1	1	60	76	12755	7025
PDACNP_10_ATGGAAATTTAAGGAG-1	1	53	7	3419	8676
PDACNP_10_ATGGACTGCTTAGTTG-1	1	75	39	7747	3495
PDACNP_10_ATGGAGCAGGCCGTGA-1	1	36	66	11404	12676
PDACNP_10_ATGGATCCGGCGTCCG-1	1	19	79	13164	16678
PDACNP_10_ATGGATTGACCAAACG-1	1	27	61	10728	14795
PDACNP_10_ATGGCAGCATTACGAT-1	1	64	18	4906	6086
PDACNP_10_ATGGCAGCCGAGAAAC-1	1	33	9	3691	13385
PDACNP_10_ATGGGACCTGCTGAAC-1	1	61	31	6666	6792
PDACNP_10_ATGGGCCTCGGCCTCT-1	1	45	91	14786	10556
PDACNP_10_ATGGGTGTATACCTCC-1	1	64	24	5718	6086
PDACNP_10_ATGGTATTGGGAACCG-1	1	73	61	10724	3965
PDACNP_10_ATGGTATTTACTGATT-1	1	69	13	4229	4909
PDACNP_10_ATGGTCGCGTGGTTTC-1	1	45	85	13974	10556
PDACNP_10_ATGTAAGGCTGCTCTT-1	1	32	112	17628	13615
PDACNP_10_ATGTACGATGACGTCG-1	1	66	64	11130	5613
PDACNP_10_ATGTAGCGCGCGTAGG-1	1	68	72	12213	5141
PDACNP_10_ATGTCTTGTTTGACTC-1	1	74	34	7070	3731
PDACNP_10_ATGTGAAAGCCTAATG-1	1	46	22	5449	10324
PDACNP_10_ATGTGCATCCGACGCA-1	1	23	57	10187	15737
PDACNP_10_ATGTGGACATCTTGAT-1	1	47	71	12079	10086
PDACNP_10_ATGTTACGAGCAATAC-1	1	15	29	6399	17622
PDACNP_10_ATGTTCCTGCCCACCT-1	1	16	8	3558	17388
PDACNP_10_ATGTTCGTCGACCCAC-1	1	34	14	4368	13149
PDACNP_10_ATGTTGATTAGAGACT-1	1	68	92	14919	5140
PDACNP_10_ATGTTGTAGTCTGTTT-1	1	65	47	8830	5849
PDACNP_10_ATTAAACATGCGGACC-1	1	43	59	10456	11028
PDACNP_10_ATTAATACTACGCGGG-1	1	22	66	11405	15972
PDACNP_10_ATTAATGAACCAGTCG-1	1	23	79	13164	15736
PDACNP_10_ATTAATTCGGTCACTC-1	1	14	66	11406	17856
PDACNP_10_ATTACAACTACCGGCC-1	1	11	87	14248	18561
PDACNP_10_ATTACATGTCAGTCTT-1	1	50	108	17086	9377
PDACNP_10_ATTACGCGCTGGCAGG-1	1	40	30	6532	11736
PDACNP_10_ATTACTAGCCTCTTGC-1	1	18	44	8429	16915
PDACNP_10_ATTACTTACTGGGCAT-1	1	22	100	16006	15970
PDACNP_10_ATTAGATTCCTCAGCA-1	1	25	105	16682	15264
PDACNP_10_ATTAGATTGATAGCGG-1	1	19	49	9105	16679
PDACNP_10_ATTAGGCGATGCTTTC-1	1	37	71	12080	12440
PDACNP_10_ATTATACTTTGCTCGT-1	1	18	78	13029	16913
PDACNP_10_ATTATAGCTACTTTAC-1	1	33	115	18034	13380
PDACNP_10_ATTATCGGAATGTACG-1	1	69	57	10183	4907
PDACNP_10_ATTATGAGACCCAATT-1	1	66	12	4094	5615
PDACNP_10_ATTATGCCATAGGGAG-1	1	21	53	9646	16208
PDACNP_10_ATTATTATGTCCGTCA-1	1	59	37	7478	7262
PDACNP_10_ATTATTCAGAGTCACT-1	1	67	97	15596	5375
PDACNP_10_ATTCAACCATTTAAGG-1	1	58	100	16002	7494
PDACNP_10_ATTCACTGATGTTGGA-1	1	56	68	11673	7967
PDACNP_10_ATTCAGGACCTATTTC-1	1	20	98	15735	16441
PDACNP_10_ATTCAGTAGCAGGGTC-1	1	27	25	5857	14797
PDACNP_10_ATTCATATACTGTCCA-1	1	46	60	10591	10322
PDACNP_10_ATTCATCGTTGAGGCA-1	1	61	89	14514	6789
PDACNP_10_ATTCCCACATAAACAA-1	1	26	24	5722	15032
PDACNP_10_ATTCCCGAAGGTACAG-1	1	60	0	2471	7029
PDACNP_10_ATTCCTAAGACGTGGA-1	1	15	107	16953	17618
PDACNP_10_ATTCCTCCGCCAGTGC-1	1	23	39	7752	15738
PDACNP_10_ATTCCTTCCAGGCGGT-1	1	10	24	5723	18800
PDACNP_10_ATTCGACGCCGGGCCT-1	1	36	26	5991	12678
PDACNP_10_ATTCGCGCCTTGAGAG-1	1	65	107	16949	5846
PDACNP_10_ATTCGTGCTATCTCTT-1	1	42	110	17357	11261
PDACNP_10_ATTCGTTTATCGTATT-1	1	76	110	17354	3256
PDACNP_10_ATTCTCGTCTCTTTAG-1	1	11	51	9376	18563
PDACNP_10_ATTGAAGATCTTAGTG-1	1	31	49	9104	13854
PDACNP_10_ATTGACCGGCGATGAC-1	1	20	114	17900	16440
PDACNP_10_ATTGATAGCAACGAGA-1	1	12	22	5452	18329
PDACNP_10_ATTGATCACCACATTT-1	1	52	8	3554	8912
PDACNP_10_ATTGATGAGTCCTAAC-1	1	33	99	15869	13380
PDACNP_10_ATTGCCTATTAGACCG-1	1	67	25	5853	5379
PDACNP_10_ATTGCCTTTATGTTTG-1	1	64	84	13837	6082
PDACNP_10_ATTGCGATCAGTAACT-1	1	51	99	15868	9142
PDACNP_10_ATTGCTGCTCCTCCAT-1	1	35	43	8292	12912
PDACNP_10_ATTGGATTACAGCGTA-1	1	54	102	16273	8436
PDACNP_10_ATTGGGAATATCTTGG-1	1	12	52	9512	18327
PDACNP_10_ATTGGTAGGATCCGCT-1	1	25	3	2880	15269
PDACNP_10_ATTGGTTGTGCATTAC-1	1	72	106	16813	4198
PDACNP_10_ATTGTACAACTCGGCT-1	1	35	103	16410	12909
PDACNP_10_ATTGTCGCAATACCTT-1	1	15	85	13977	17619
PDACNP_10_ATTGTCTGTTTCATGT-1	1	71	53	9642	4436
PDACNP_10_ATTGTGACTTCGCTGC-1	1	11	109	17224	18560
PDACNP_10_ATTTAACTCGTATTAC-1	1	14	52	9511	17856
PDACNP_10_ATTTACAGTTTACTGG-1	1	30	38	7616	14090
PDACNP_10_ATTTACTAAGTCCATT-1	1	31	111	17493	13851
PDACNP_10_ATTTATACTGGTAAAG-1	1	75	75	12618	3493
PDACNP_10_ATTTCATTATTTCGCG-1	1	14	78	13030	17855
PDACNP_10_ATTTCCGGGTTCTGCG-1	1	55	35	7207	8204
PDACNP_10_ATTTGCGCGAGTAGCT-1	1	53	31	6666	8675
PDACNP_10_ATTTGGAGATTGCGGT-1	1	58	0	2471	7500
PDACNP_10_ATTTGTCTTGGGAGCT-1	1	40	84	13839	11733
PDACNP_10_ATTTGTTCCAGGGCTC-1	1	19	71	12082	16678
PDACNP_10_CAAACCCTCCGGCGGG-1	1	70	70	11942	4671
PDACNP_10_CAAACGAGTATCGCAG-1	1	47	47	8832	10087
PDACNP_10_CAAACGGTCGCACTTT-1	1	30	40	7886	14090
PDACNP_10_CAAACTACGATAGAGA-1	1	12	84	13842	18325
PDACNP_10_CAAACTATTGAGCTTC-1	1	11	75	12624	18561
PDACNP_10_CAAACTCGCGACGCCG-1	1	45	111	17492	10554
PDACNP_10_CAAAGATTATTGGGCC-1	1	56	30	6531	7969
PDACNP_10_CAAAGTCAGGTTAGCT-1	1	9	11	3964	19036
PDACNP_10_CAAATCTCTCACAAGG-1	1	44	24	5720	10795
PDACNP_10_CAAATGTCCTTCCGTG-1	1	45	53	9644	10558
PDACNP_10_CAAATTGGATTATGCC-1	1	22	116	18171	15969
PDACNP_10_CAAATTGTCAGCAAGC-1	1	13	67	11541	18091
PDACNP_10_CAACATGGCCTGATAA-1	1	6	12	4100	19742
PDACNP_10_CAACCTACCGAGCAGT-1	1	61	103	16408	6788
PDACNP_10_CAACGACCCGTTTACA-1	1	20	50	9240	16444
PDACNP_10_CAACGAGCTTATTATG-1	1	76	10	3823	3261
PDACNP_10_CAACGCGATGAGCCAA-1	1	74	36	7341	3731
PDACNP_10_CAACGGTTCTTGATAC-1	1	18	38	7617	16915
PDACNP_10_CAACTATATCGAATGC-1	1	15	79	13165	17619
PDACNP_10_CAACTCCTTGATCCCG-1	1	18	46	8699	16915
PDACNP_10_CAACTGCTCATCCGAT-1	1	59	55	9913	7261
PDACNP_10_CAACTTGTAGTGGGCA-1	1	9	41	8023	19034
PDACNP_10_CAAGAGGGCGGAGTAC-1	1	46	74	12485	10321
PDACNP_10_CAAGATATTATAACGT-1	1	45	89	14515	10556
PDACNP_10_CAAGCAACGTCGGAGT-1	1	32	38	7615	13619
PDACNP_10_CAAGCACCAAATGCCT-1	1	18	66	11405	16914
PDACNP_10_CAAGCGGCACATAATT-1	1	54	72	12214	8438
PDACNP_10_CAAGGATCGCATGTTC-1	1	40	68	11674	11734
PDACNP_10_CAAGGCCAGTGGTGCA-1	1	66	100	16002	5611
PDACNP_10_CAAGGTCCTATAGGCT-1	1	34	110	17358	13144
PDACNP_10_CAAGTAAGTGATAGAC-1	1	69	53	9642	4907
PDACNP_10_CAAGTCGTTGAAATCT-1	1	76	48	8964	3259
PDACNP_10_CAAGTGTGGTTGCAAA-1	1	40	94	15192	11733
PDACNP_10_CAATAAACCTTGGCCC-1	1	26	74	12487	15030
PDACNP_10_CAATACGCTCTGAGGC-1	1	40	10	3826	11737
PDACNP_10_CAATATTCTTGACCTA-1	1	54	40	7884	8439
PDACNP_10_CAATATTGGACTAGTG-1	1	8	18	4911	19271
PDACNP_10_CAATCCCTATACCAGC-1	1	12	88	14383	18325
PDACNP_10_CAATCCTGCCGTGGAG-1	1	14	24	5723	17858
PDACNP_10_CAATGACCCTTAATTT-1	1	73	57	10183	3965
PDACNP_10_CAATGCGAGAAGTATC-1	1	54	82	13567	8437
PDACNP_10_CAATGGATCTCTACCA-1	1	28	86	14111	14558
PDACNP_10_CAATTAAGGGTGATGA-1	1	29	65	11269	14324
PDACNP_10_CAATTGGGCCGCACTC-1	1	56	4	3013	7970
PDACNP_10_CAATTTCGTATAAGGG-1	1	37	63	10998	12441
PDACNP_10_CAATTTGACCGGGAAG-1	1	7	13	4235	19506
PDACNP_10_CACAAGAAAGATATTA-1	1	14	112	17630	17853
PDACNP_10_CACAAGCTAAGAAAGG-1	1	67	15	4500	5380
PDACNP_10_CACAATGAGCTGCTAT-1	1	42	50	9238	11264
PDACNP_10_CACACACGCTAACGAG-1	1	55	103	16409	8200
PDACNP_10_CACACAGGGATAGATT-1	1	25	27	6128	15268
PDACNP_10_CACACGCGCTGTCTTA-1	1	33	89	14516	13381
PDACNP_10_CACAGAGACGAGGACG-1	1	64	20	5177	6086
PDACNP_10_CACAGCACCCACGGCA-1	1	31	59	10457	13853
PDACNP_10_CACAGCTAGGGAGTGA-1	1	20	60	10593	16443
PDACNP_10_CACAGGGCCATATAGT-1	1	57	97	15597	7730
PDACNP_10_CACAGGGCCGTTGTCA-1	1	62	60	10590	6555
PDACNP_10_CACATATTAGCAGGAT-1	1	47	73	12350	10086
PDACNP_10_CACATCGTGCACGCGC-1	1	60	38	7613	7027
PDACNP_10_CACATCTCACCGACGA-1	1	57	75	12620	7731
PDACNP_10_CACATGATTCAGCAAC-1	1	38	64	11133	12205
PDACNP_10_CACATGTTTGGACATG-1	1	10	18	4911	18800
PDACNP_10_CACATTCTTTCGATGG-1	1	18	90	14653	16913
PDACNP_10_CACATTTCTTGTCAGA-1	1	44	108	17086	10790
PDACNP_10_CACCAATCATCCGTCT-1	1	54	4	3013	8441
PDACNP_10_CACCACGCCACACAGA-1	1	40	8	3555	11737
PDACNP_10_CACCAGTCAGCATGCA-1	1	60	22	5448	7028
PDACNP_10_CACCATCGGAGGAGAC-1	1	11	61	10730	18562
PDACNP_10_CACCATGATCGCAAAG-1	1	12	114	17901	18324
PDACNP_10_CACCCAAATCTTATGT-1	1	35	105	16681	12909
PDACNP_10_CACCCACACGTCACCC-1	1	17	43	8293	17150
PDACNP_10_CACCCACGAGGCAATT-1	1	20	86	14111	16442
PDACNP_10_CACCCGGTTTGTGACT-1	1	53	39	7749	8675
PDACNP_10_CACCCTAACAAGATCT-1	1	56	80	13296	7966
PDACNP_10_CACCCTTGGTGAGACC-1	1	50	16	4637	9382
PDACNP_10_CACCCTTTCCTCGCTC-1	1	8	40	7888	19270
PDACNP_10_CACCGATACACCGAGC-1	1	10	84	13842	18796
PDACNP_10_CACCGCCAGAAGGTTT-1	1	27	59	10457	14795
PDACNP_10_CACCGCCGACCAGCGA-1	1	9	67	11542	19033
PDACNP_10_CACCGCGTCCACTCTA-1	1	16	104	16547	17383
PDACNP_10_CACCGGGCATCACAAG-1	1	72	94	15189	4198
PDACNP_10_CACCGGTAGAGACATT-1	1	66	16	4635	5615
PDACNP_10_CACCGTATCCCATCCG-1	1	52	104	16544	8907
PDACNP_10_CACCGTTAGGGATCAC-1	1	53	37	7478	8675
PDACNP_10_CACCGTTGCGCGATAT-1	1	47	29	6396	10088
PDACNP_10_CACCTAATAGAGTCGT-1	1	17	25	5858	17151
PDACNP_10_CACCTAATCAGTTTAC-1	1	20	72	12217	16443
PDACNP_10_CACCTCGATGGTGGAC-1	1	18	70	11947	16914
PDACNP_10_CACCTTGCGAAACTCG-1	1	24	84	13840	15500
PDACNP_10_CACCTTGGCGCCTTTG-1	1	43	103	16410	11026
PDACNP_10_CACGAAAGTTAGTCCC-1	1	33	29	6398	13384
PDACNP_10_CACGAGCAAACCAGAC-1	1	74	22	5447	3731
PDACNP_10_CACGCACAGCGCAGCT-1	1	24	72	12217	15501
PDACNP_10_CACGCAGCGAGGCTTT-1	1	31	43	8292	13854
PDACNP_10_CACGCGGAACTGTTGC-1	1	42	98	15733	11261
PDACNP_10_CACGGCGCGCCAAAGG-1	1	15	103	16412	17618
PDACNP_10_CACGGGATTGAGGGTT-1	1	31	11	3962	13856
PDACNP_10_CACGTCGGCAACCTCT-1	1	49	37	7479	9617
PDACNP_10_CACGTTCGTGCTCTAG-1	1	37	81	13433	12440
PDACNP_10_CACGTTTCGTACACAC-1	1	55	91	14785	8201
PDACNP_10_CACTAAAGTTGCCTAT-1	1	35	51	9374	12912
PDACNP_10_CACTACGGGAGCTGCC-1	1	59	107	16949	7258
PDACNP_10_CACTCAAGAGCTATGG-1	1	39	57	10186	11970
PDACNP_10_CACTCAGCTCTTGAGG-1	1	11	71	12083	18562
PDACNP_10_CACTCCTATGTAAGAT-1	1	56	36	7343	7969
PDACNP_10_CACTCCTCTCGGTCGG-1	1	15	87	14247	17619
PDACNP_10_CACTCGAGCTGAACAA-1	1	48	74	12485	9850
PDACNP_10_CACTCGGTTAGGAGGA-1	1	35	13	4232	12914
PDACNP_10_CACTCTCAAGCATCGA-1	1	69	47	8830	4907
PDACNP_10_CACTCTTCTGCTAGCC-1	1	59	101	16138	7259
PDACNP_10_CACTGACGATTGTGGA-1	1	65	51	9371	5849
PDACNP_10_CACTGTCCAAGTGAGA-1	1	19	43	8293	16680
PDACNP_10_CACTTAATCAGACGGA-1	1	34	48	8968	13148
PDACNP_10_CACTTCGCCACAGGCT-1	1	21	31	6669	16209
PDACNP_10_CACTTCGTCTTATCTC-1	1	14	14	4370	17858
PDACNP_10_CAGAACTTAGCCCTCT-1	1	53	85	13973	8672
PDACNP_10_CAGAATAACACACGGA-1	1	55	111	17491	8200
PDACNP_10_CAGACACCGATCGCTG-1	1	53	51	9373	8674
PDACNP_10_CAGACCTGTAAGTGTT-1	1	31	99	15870	13851
PDACNP_10_CAGACGAACCTGATAC-1	1	50	50	9237	9380
PDACNP_10_CAGAGACGGTCACCCA-1	1	51	57	10185	9145
PDACNP_10_CAGAGCATGAGCTTGC-1	1	26	70	11946	15030
PDACNP_10_CAGAGGCGATGCATGA-1	1	54	48	8967	8439
PDACNP_10_CAGAGTGATTTAACGT-1	1	9	69	11812	19033
PDACNP_10_CAGATAATGGGCGGGT-1	1	66	102	16272	5611
PDACNP_10_CAGATACTAACATAGT-1	1	26	46	8698	15031
PDACNP_10_CAGATATGAAGATGAC-1	1	67	19	5041	5380
PDACNP_10_CAGATCATTTAAAGTC-1	1	22	108	17088	15970
PDACNP_10_CAGATCCTGGTTTGAA-1	1	55	17	4772	8205
PDACNP_10_CAGATGTTTGTCCCAA-1	1	52	2	2742	8912
PDACNP_10_CAGCAGCCCGTTCCTT-1	1	28	78	13028	14559
PDACNP_10_CAGCAGTCCAGACTAT-1	1	50	100	16003	9378
PDACNP_10_CAGCAGTCTGTGCTGC-1	1	62	74	12484	6554
PDACNP_10_CAGCCGGGCCCTCTAT-1	1	11	85	13977	18561
PDACNP_10_CAGCCTCCTGCAGAGG-1	1	23	77	12893	15736
PDACNP_10_CAGCCTCTCCTCAAGA-1	1	15	95	15330	17619
PDACNP_10_CAGCGATTCCCTTCAA-1	1	53	43	8290	8675
PDACNP_10_CAGCGCCAACACGATA-1	1	37	5	3150	12444
PDACNP_10_CAGCTCACTGAGACAT-1	1	33	59	10457	13383
PDACNP_10_CAGCTCGACAAGTTAA-1	1	28	90	14652	14558
PDACNP_10_CAGCTCGTGCTTGTGT-1	1	14	42	8158	17857
PDACNP_10_CAGCTCTGGGCTCACT-1	1	73	35	7206	3966
PDACNP_10_CAGCTGGCGTAACCGT-1	1	48	22	5449	9853
PDACNP_10_CAGCTTAGTAGGTAGC-1	1	32	28	6262	13620
PDACNP_10_CAGGAAGACTTTATAT-1	1	13	85	13977	18090
PDACNP_10_CAGGATATATCGTTGT-1	1	44	60	10591	10793
PDACNP_10_CAGGCAGTCTTACCAG-1	1	65	85	13972	5847
PDACNP_10_CAGGCCAGTACCACCT-1	1	71	17	4770	4438
PDACNP_10_CAGGCCGTTTGGGTGT-1	1	39	43	8291	11971
PDACNP_10_CAGGCGCACGGTGGTC-1	1	56	28	6260	7969
PDACNP_10_CAGGCGCCATGCTAGG-1	1	49	73	12350	9615
PDACNP_10_CAGGGAGATAGGCCAG-1	1	74	18	4905	3732
PDACNP_10_CAGTAACTATTTATTG-1	1	19	101	16141	16677
PDACNP_10_CAGTAAGGGACGTCTC-1	1	64	4	3012	6087
PDACNP_10_CAGTAATCCCTCCCAG-1	1	21	25	5857	16210
PDACNP_10_CAGTACATTCTCTAAA-1	1	20	102	16276	16441
PDACNP_10_CAGTACCAGTTTACGT-1	1	48	18	4908	9853
PDACNP_10_CAGTAGCCCACGCGGT-1	1	25	91	14788	15264
PDACNP_10_CAGTCGAGGATGCAAT-1	1	25	99	15870	15264
PDACNP_10_CAGTCGGCCTAGATAT-1	1	45	3	2878	10560
PDACNP_10_CAGTCTCTCGGCTAAT-1	1	6	28	6265	19741
PDACNP_10_CAGTCTGTATACTGGG-1	1	42	66	11403	11263
PDACNP_10_CAGTGAATAAATGACT-1	1	25	83	13705	15265
PDACNP_10_CAGTGGTTGCACATGA-1	1	16	22	5452	17387
PDACNP_10_CAGTGTCCGCAGAATG-1	1	15	37	7482	17622
PDACNP_10_CAGTGTCGGCTGGCCC-1	1	52	92	14920	8907
PDACNP_10_CAGTGTTAATCTCTCA-1	1	70	16	4635	4673
PDACNP_10_CAGTTCAAATTGACAC-1	1	29	51	9375	14325
PDACNP_10_CAGTTCCGCGGGTCGA-1	1	26	26	5992	15032
PDACNP_10_CAGTTCGAGGACCCGA-1	1	69	49	9100	4907
PDACNP_10_CATAACGGACAGTCGT-1	1	36	94	15192	12674
PDACNP_10_CATAAGAAGCTTGGCT-1	1	58	72	12214	7496
PDACNP_10_CATAAGCTCTCCGTCT-1	1	42	14	4367	11266
PDACNP_10_CATACAAAGCCGAACC-1	1	13	35	7211	18093
PDACNP_10_CATACACAAAGTCAGC-1	1	56	0	2471	7970
PDACNP_10_CATACACGGTTCCCAC-1	1	61	55	9913	6790
PDACNP_10_CATACCCGTACCCAGT-1	1	37	31	6668	12442
PDACNP_10_CATACGAACTAGCTGG-1	1	65	31	6665	5850
PDACNP_10_CATACGGCGTCTGGGC-1	1	39	63	10998	11970
PDACNP_10_CATACGGGTGCATGAT-1	1	5	17	4776	19977
PDACNP_10_CATACTATGTAATTGT-1	1	36	48	8968	12677
PDACNP_10_CATACTTCTTTCTCCG-1	1	68	52	9506	5142
PDACNP_10_CATAGAGGAGATACTA-1	1	69	87	14242	4905
PDACNP_10_CATAGCCGCCCGGGAT-1	1	26	22	5451	15033
PDACNP_10_CATAGCGTTGCCCACC-1	1	54	42	8155	8439
PDACNP_10_CATAGGGACACTTGTG-1	1	75	21	5311	3496
PDACNP_10_CATAGTACATTGAGAG-1	1	15	77	12894	17620
PDACNP_10_CATAGTAGCATAGTAG-1	1	19	45	8564	16679
PDACNP_10_CATAGTCAAATACATA-1	1	65	93	15055	5847
PDACNP_10_CATAGTCCACAAGAAC-1	1	45	31	6667	10559
PDACNP_10_CATATACTACTGATAA-1	1	18	102	16277	16912
PDACNP_10_CATATAGGTACAGTCA-1	1	43	55	9915	11028
PDACNP_10_CATATGTCAGGCTACG-1	1	48	24	5720	9853
PDACNP_10_CATCAAACTGGCGCCC-1	1	15	117	18307	17617
PDACNP_10_CATCAACACCTACTAA-1	1	15	7	3422	17623
PDACNP_10_CATCATCTACCCGGAC-1	1	11	69	11812	18562
PDACNP_10_CATCATTACCCTGAGG-1	1	52	94	15191	8907
PDACNP_10_CATCCAATATAGTTTG-1	1	66	18	4906	5615
PDACNP_10_CATCCGCAGGCCCGAA-1	1	15	15	4505	17623
PDACNP_10_CATCCTCTCAAAGATC-1	1	54	92	14920	8436
PDACNP_10_CATCGCCCGCGGCCAA-1	1	14	44	8429	17857
PDACNP_10_CATCGGACGGGTTAAT-1	1	42	58	10321	11264
PDACNP_10_CATCGTCCGGTTACTA-1	1	23	11	3963	15739
PDACNP_10_CATCTATCCCGTGTCT-1	1	18	100	16006	16912
PDACNP_10_CATCTGCAGGATCATT-1	1	28	8	3556	14562
PDACNP_10_CATCTTACACCACCTC-1	1	37	99	15869	12439
PDACNP_10_CATGAACCGACATTTG-1	1	11	43	8294	18563
PDACNP_10_CATGACTTCGCTGAAT-1	1	40	106	16816	11732
PDACNP_10_CATGAGATGCACTCTC-1	1	59	79	13161	7260
PDACNP_10_CATGAGTCCATCACGG-1	1	75	33	6935	3495
PDACNP_10_CATGATACGGTGAAAC-1	1	76	76	12753	3258
PDACNP_10_CATGATGCACAATTCT-1	1	21	69	11811	16207
PDACNP_10_CATGATGGAAGTTAGC-1	1	45	103	16409	10555
PDACNP_10_CATGCACATGAGAGGC-1	1	73	21	5311	3967
PDACNP_10_CATGCCAACTCGCAAA-1	1	43	21	5314	11030
PDACNP_10_CATGCGACCAGTTTAA-1	1	26	98	15735	15029
PDACNP_10_CATGCGTTAGACAGAA-1	1	15	63	11000	17620
PDACNP_10_CATGCGTTGAGAGGAG-1	1	72	46	8694	4201
PDACNP_10_CATGCTGGCTCCAATT-1	1	12	60	10594	18327
PDACNP_10_CATGGATTGTCTTCCG-1	1	55	101	16138	8201
PDACNP_10_CATGGCAGGAAGATCG-1	1	17	57	10188	17150
PDACNP_10_CATGGGTATGCCTTAT-1	1	56	82	13567	7966
PDACNP_10_CATGGGTCGGGTGTGG-1	1	21	85	13976	16206
PDACNP_10_CATGGTAAGTAGCGTT-1	1	45	73	12350	10556
PDACNP_10_CATGGTATTAGTTTGT-1	1	59	7	3418	7264
PDACNP_10_CATGGTCTAGATACCG-1	1	26	66	11405	15030
PDACNP_10_CATGGTTTATTAATCA-1	1	69	103	16407	4904
PDACNP_10_CATGTAAGAGACATTT-1	1	54	90	14650	8437
PDACNP_10_CATGTAGGAGCGCCAA-1	1	15	111	17495	17618
PDACNP_10_CATGTCTCATTTATGG-1	1	49	85	13973	9614
PDACNP_10_CATGTGGGCTCATCAC-1	1	76	90	14648	3257
PDACNP_10_CATTACATAGATTGTG-1	1	27	117	18305	14792
PDACNP_10_CATTACGCAGGAAGGG-1	1	71	101	16136	4434
PDACNP_10_CATTACGTCGGCCCGT-1	1	19	65	11270	16678
PDACNP_10_CATTATCCCATTAACG-1	1	67	31	6665	5379
PDACNP_10_CATTATGCTTGTTGTG-1	1	26	52	9510	15031
PDACNP_10_CATTCCCTAAGTACAA-1	1	12	18	4911	18329
PDACNP_10_CATTGCGAAATGGGCG-1	1	36	12	4097	12679
PDACNP_10_CATTGCGGGTCAATTC-1	1	25	115	18035	15263
PDACNP_10_CATTGTGTGCTAGATC-1	1	13	15	4505	18094
PDACNP_10_CATTTAGCGGACCATG-1	1	25	85	13976	15265
PDACNP_10_CATTTCTAGCAGACTA-1	1	16	26	5993	17387
PDACNP_10_CATTTGAGTGGTACGT-1	1	50	48	8967	9381
PDACNP_10_CCAAACAGAACCCTCG-1	1	22	48	8969	15973
PDACNP_10_CCAAAGCAGTTGGTTG-1	1	10	10	3829	18800
PDACNP_10_CCAAATCAAAGGGCAA-1	1	72	22	5447	4202
PDACNP_10_CCAACCTTATGTAACT-1	1	67	41	8018	5378
PDACNP_10_CCAACGATGCACTGAT-1	1	31	37	7480	13855
PDACNP_10_CCAAGAAAGTGGGCGA-1	1	52	52	9508	8909
PDACNP_10_CCAAGACTTCTGCGAA-1	1	20	62	10864	16443
PDACNP_10_CCAAGCGTAACTCGTA-1	1	33	71	12081	13382
PDACNP_10_CCAAGGAACAGAGAGG-1	1	14	48	8970	17857
PDACNP_10_CCAAGGTTGCCCTTTC-1	1	69	109	17219	4904
PDACNP_10_CCAAGTTTCTACAGAT-1	1	14	8	3558	17859
PDACNP_10_CCAATAGTGCCGTCGA-1	1	34	42	8156	13148
PDACNP_10_CCAATCGGTAGATCGA-1	1	14	84	13841	17855
PDACNP_10_CCAATGTCACAGCAAG-1	1	37	49	9103	12441
PDACNP_10_CCAATTACGGGTCGAG-1	1	19	93	15059	16677
PDACNP_10_CCAATTGAATGTTAAT-1	1	20	46	8699	16444
PDACNP_10_CCACAATGTACGTCTT-1	1	29	85	13975	14323
PDACNP_10_CCACACTGAGATATTA-1	1	39	49	9103	11970
PDACNP_10_CCACAGCTGAAATCAT-1	1	8	28	6264	19270
PDACNP_10_CCACAGTACCCATCCT-1	1	48	92	14921	9849
PDACNP_10_CCACATGGCTCTTTAT-1	1	55	5	3148	8206
PDACNP_10_CCACCAACTTTACTGT-1	1	52	40	7884	8910
PDACNP_10_CCACCCAAGGAAAGTG-1	1	37	75	12621	12440
PDACNP_10_CCACGAATTTAACCTC-1	1	41	109	17222	11496
PDACNP_10_CCACGAGAAGAGAATC-1	1	17	75	12623	17149
PDACNP_10_CCACGGAGCCATAAGA-1	1	47	27	6126	10088
PDACNP_10_CCACGGCAGGTGTAGG-1	1	71	31	6665	4437
PDACNP_10_CCACGGTGCCCGGTAG-1	1	35	107	16952	12909
PDACNP_10_CCACGTAAATTAGACT-1	1	34	122	18981	13144
PDACNP_10_CCACTATCCGGGTCAC-1	1	30	116	18170	14086
PDACNP_10_CCACTCAGATCCGCAA-1	1	72	80	13295	4199
PDACNP_10_CCACTGGTGGCTGGTT-1	1	39	21	5314	11972
PDACNP_10_CCACTGTTTGGATTAA-1	1	58	106	16814	7494
PDACNP_10_CCAGAAAGCAACTCAT-1	1	52	36	7343	8910
PDACNP_10_CCAGAGACAAAGCCGG-1	1	23	21	5316	15739
PDACNP_10_CCAGATAGTTGAGTGA-1	1	28	84	13840	14558
PDACNP_10_CCAGCCTGGACCAATA-1	1	37	65	11268	12440
PDACNP_10_CCAGCTACGCCTCATA-1	1	9	35	7212	19034
PDACNP_10_CCAGCTCGAACGCATT-1	1	63	65	11266	6319
PDACNP_10_CCAGCTGATGGTACTT-1	1	37	21	5315	12443
PDACNP_10_CCAGCTTCCGCCCGCA-1	1	29	17	4774	14327
PDACNP_10_CCAGGCGAGATGGTCT-1	1	76	16	4635	3261
PDACNP_10_CCAGGGACGTGGCCTC-1	1	27	53	9646	14795
PDACNP_10_CCAGTAGTCTGATCCA-1	1	27	91	14787	14793
PDACNP_10_CCAGTCAAATCTCTTA-1	1	42	8	3555	11266
PDACNP_10_CCAGTCCATTATTCGA-1	1	10	22	5452	18800
PDACNP_10_CCAGTCTAGACGGCGC-1	1	24	86	14111	15500
PDACNP_10_CCAGTCTTGTCATAGA-1	1	59	59	10454	7261
PDACNP_10_CCAGTGTACAGACCGA-1	1	72	18	4906	4202
PDACNP_10_CCAGTTCGGTAACTCA-1	1	73	89	14513	3963
PDACNP_10_CCATAAACAACCCGAC-1	1	14	76	12759	17855
PDACNP_10_CCATAACCTGTGCAGT-1	1	51	5	3148	9147
PDACNP_10_CCATACCTTTACTTGT-1	1	30	102	16276	14087
PDACNP_10_CCATAGAGGCTGCCAG-1	1	60	4	3012	7028
PDACNP_10_CCATAGGTTGGCGTGG-1	1	18	62	10864	16914
PDACNP_10_CCATAGTCAGTAACCC-1	1	15	17	4775	17623
PDACNP_10_CCATATGGAAACTATA-1	1	53	103	16409	8671
PDACNP_10_CCATATTGGATCATGA-1	1	11	11	3964	18565
PDACNP_10_CCATCCATACCAAGTC-1	1	14	38	7617	17857
PDACNP_10_CCATCGCAGTTAAACT-1	1	50	62	10861	9380
PDACNP_10_CCATCTCACCAGTGAA-1	1	38	98	15734	12203
PDACNP_10_CCATCTTGTTCACAAT-1	1	7	41	8024	19505
PDACNP_10_CCATGCCCTAGATTTC-1	1	56	98	15732	7965
PDACNP_10_CCATGCCTGTTTAGTA-1	1	35	53	9645	12912
PDACNP_10_CCATGCTCTGCAGGAA-1	1	21	43	8293	16209
PDACNP_10_CCATGGCAAACGCTCA-1	1	74	40	7882	3730
PDACNP_10_CCATGGCCCTTGTACC-1	1	32	22	5450	13620
PDACNP_10_CCATGTTCATCTATAT-1	1	68	28	6259	5144
PDACNP_10_CCATTAGCGATAATCC-1	1	32	42	8157	13619
PDACNP_10_CCATTCCCTGCCCACA-1	1	33	39	7751	13384
PDACNP_10_CCATTTCTACCTATTA-1	1	55	71	12079	8202
PDACNP_10_CCCAAACATGCTGCTC-1	1	34	88	14381	13146
PDACNP_10_CCCAACATACGTCGCG-1	1	43	35	7208	11029
PDACNP_10_CCCAAGTCATTACACT-1	1	68	96	15460	5140
PDACNP_10_CCCAATGAGATTTGCA-1	1	60	40	7883	7027
PDACNP_10_CCCAATTTCACAACTT-1	1	39	33	6938	11971
PDACNP_10_CCCACTCCACGGTATC-1	1	49	3	2878	9618
PDACNP_10_CCCAGAGGAGGGCGTA-1	1	21	105	16682	16205
PDACNP_10_CCCAGATTCCCGTGAC-1	1	76	38	7611	3260
PDACNP_10_CCCAGGAAGAATTCGA-1	1	74	66	11400	3729
PDACNP_10_CCCAGGTCTGAAGGCT-1	1	53	111	17491	8671
PDACNP_10_CCCAGTAAACTTGGGA-1	1	52	12	4095	8912
PDACNP_10_CCCAGTTAAGGCGCCG-1	1	42	82	13568	11262
PDACNP_10_CCCGAAGTTTCGCGAA-1	1	45	11	3961	10560
PDACNP_10_CCCGACCATAGTCCGC-1	1	20	74	12488	16442
PDACNP_10_CCCGAGTTTCTCCGTA-1	1	48	108	17086	9848
PDACNP_10_CCCGCAAATAATCATC-1	1	77	55	9912	3023
PDACNP_10_CCCGCAGCGCGAACTA-1	1	49	67	11538	9615
PDACNP_10_CCCGCAGGGCCCAAAG-1	1	11	79	13165	18561
PDACNP_10_CCCGCCATGCTCCCGT-1	1	19	41	8023	16680
PDACNP_10_CCCGCGCAATGCACCC-1	1	19	23	5587	16681
PDACNP_10_CCCGGCACGTGTCAGG-1	1	76	104	16542	3256
PDACNP_10_CCCGGGTCGTTCAGGG-1	1	65	57	10183	5848
PDACNP_10_CCCGGTGGAAGAACCT-1	1	25	21	5316	15268
PDACNP_10_CCCGGTGTATCGGAAT-1	1	53	17	4772	8676
PDACNP_10_CCCGTAAGTCTAGGCC-1	1	40	28	6262	11736
PDACNP_10_CCCGTAGCTGGGAAGA-1	1	57	39	7748	7733
PDACNP_10_CCCGTCAGCGTCTGAC-1	1	23	51	9375	15737
PDACNP_10_CCCGTGAGGGCGGTGA-1	1	44	4	3014	10796
PDACNP_10_CCCGTTTCGCAGATGT-1	1	52	106	16815	8907
PDACNP_10_CCCTACCCACACCCAG-1	1	74	90	14648	3728
PDACNP_10_CCCTACTTGAACAATG-1	1	70	86	14107	4670
PDACNP_10_CCCTAGCTCTAAGGTC-1	1	77	53	9641	3023
PDACNP_10_CCCTAGGCAACAAGAG-1	1	47	3	2878	10089
PDACNP_10_CCCTAGTGTCAGGTGT-1	1	10	20	5182	18800
PDACNP_10_CCCTATGTAGAGCAGA-1	1	60	24	5718	7027
PDACNP_10_CCCTCAAGCTCTTAGT-1	1	20	4	3016	16446
PDACNP_10_CCCTCAGATCGAGAAC-1	1	72	26	5988	4202
PDACNP_10_CCCTCATCACAGAGTA-1	1	77	25	5852	3025
PDACNP_10_CCCTCATTCTGGAATT-1	1	16	44	8429	17386
PDACNP_10_CCCTCCTCGCTCGTAT-1	1	50	106	16815	9378
PDACNP_10_CCCTCGATAATACACA-1	1	69	29	6394	4908
PDACNP_10_CCCTGAAATGAGTTGA-1	1	31	39	7751	13854
PDACNP_10_CCCTGACTAACAAATT-1	1	38	12	4097	12208
PDACNP_10_CCCTGATGTAACTCGT-1	1	14	16	4640	17858
PDACNP_10_CCCTGCCCAATCCGCT-1	1	41	19	5044	11501
PDACNP_10_CCCTGCGCTACGCATA-1	1	34	24	5721	13149
PDACNP_10_CCCTGGCTGTTCCTTC-1	1	47	5	3149	10089
PDACNP_10_CCCTGGGAGGGATCCT-1	1	76	72	12212	3258
PDACNP_10_CCCTGTTGGCAAAGAC-1	1	12	10	3829	18329
PDACNP_10_CCCTTTAATGGAGTTC-1	1	63	109	17220	6317
PDACNP_10_CCCTTTGACAGGTCTT-1	1	50	56	10049	9380
PDACNP_10_CCGAAACACGACCTCT-1	1	76	4	3011	3261
PDACNP_10_CCGAAAGTGGTGAGCA-1	1	17	27	6128	17151
PDACNP_10_CCGAACACTGGGCCTC-1	1	44	18	4908	10795
PDACNP_10_CCGAACCTTCCCGGCC-1	1	49	71	12079	9615
PDACNP_10_CCGAAGCATTGACCAA-1	1	61	5	3147	6793
PDACNP_10_CCGAAGTATATTGTTC-1	1	22	22	5451	15974
PDACNP_10_CCGACAAACACATGAG-1	1	16	14	4369	17387
PDACNP_10_CCGACAAAGGGAGTGC-1	1	33	21	5315	13385
PDACNP_10_CCGACAATAGGCCGCC-1	1	57	111	17491	7729
PDACNP_10_CCGACGGGCATGAGGT-1	1	54	26	5990	8440
PDACNP_10_CCGACGTAAACACAAC-1	1	13	97	15601	18089
PDACNP_10_CCGAGCTGTGCTTGTC-1	1	18	112	17630	16911
PDACNP_10_CCGATCTCAACCTTAT-1	1	37	101	16140	12439
PDACNP_10_CCGATTCGAGGGACCC-1	1	38	20	5179	12207
PDACNP_10_CCGCACAAAGACCAAC-1	1	36	76	12757	12675
PDACNP_10_CCGCACGTGACCTCGG-1	1	28	26	5992	14561
PDACNP_10_CCGCACTTGCAATGAC-1	1	69	107	16949	4904
PDACNP_10_CCGCATGTGGTACGAT-1	1	56	66	11402	7967
PDACNP_10_CCGCCGGAACTTCTCG-1	1	54	12	4095	8441
PDACNP_10_CCGCCGGTCAACACAC-1	1	13	55	9917	18092
PDACNP_10_CCGCCTGCGAATTGGT-1	1	15	97	15600	17618
PDACNP_10_CCGCCTTGCGATGTCG-1	1	43	7	3420	11031
PDACNP_10_CCGCGATTTGGTAGGT-1	1	39	9	3691	11973
PDACNP_10_CCGCGCAAGATACCCA-1	1	63	3	2877	6322
PDACNP_10_CCGCGGAATGCGTCAC-1	1	51	45	8561	9145
PDACNP_10_CCGCGGGTACGAAGAA-1	1	32	26	5992	13620
PDACNP_10_CCGCGTAGGTAAGGGC-1	1	30	22	5451	14091
PDACNP_10_CCGCTATCAGCACCAG-1	1	45	63	10997	10557
PDACNP_10_CCGCTCCAGGGCGATC-1	1	71	69	11806	4435
PDACNP_10_CCGCTCCGGATAAGCT-1	1	74	14	4364	3732
PDACNP_10_CCGCTCTTCCGAACTA-1	1	63	99	15867	6317
PDACNP_10_CCGCTTACCTCACTCT-1	1	47	35	7208	10088
PDACNP_10_CCGCTTGCTGACATGG-1	1	27	113	17764	14792
PDACNP_10_CCGGAAGTGCAATATG-1	1	75	105	16677	3492
PDACNP_10_CCGGAATGGTTTCAGT-1	1	24	32	6804	15503
PDACNP_10_CCGGAGCGTACTTTCT-1	1	58	56	10049	7497
PDACNP_10_CCGGCACGACCGTTTC-1	1	35	111	17493	12909
PDACNP_10_CCGGCCGCGAGCATAT-1	1	58	2	2742	7499
PDACNP_10_CCGGCGCATATTGGAT-1	1	14	56	10053	17856
PDACNP_10_CCGGCGTGAGACTCTG-1	1	47	11	3961	10089
PDACNP_10_CCGGGACCCGCAGAGA-1	1	16	52	9511	17385
PDACNP_10_CCGGGCGGTCTCGTCA-1	1	32	76	12757	13617
PDACNP_10_CCGGGCTAAGAATTTC-1	1	70	20	5176	4673
PDACNP_10_CCGGGCTGCTCCATAC-1	1	36	86	14110	12675
PDACNP_10_CCGGGTTCGAGGTTAC-1	1	38	32	6803	12207
PDACNP_10_CCGGTTTGTAATTGTG-1	1	56	42	8154	7968
PDACNP_10_CCGTAAGTTGGTCCCA-1	1	33	77	12892	13382
PDACNP_10_CCGTACCCAAGCGCCA-1	1	12	34	7076	18328
PDACNP_10_CCGTAGGAAATCCCTG-1	1	60	96	15461	7024
PDACNP_10_CCGTAGGGTTGTTTAC-1	1	60	104	16543	7023
PDACNP_10_CCGTATCTCGTCGTAG-1	1	53	27	6125	8675
PDACNP_10_CCGTATTAGCGCAGTT-1	1	17	111	17495	17147
PDACNP_10_CCGTCAACCTCTGGCG-1	1	68	14	4365	5144
PDACNP_10_CCGTGAGGCATTCATG-1	1	36	120	18711	12673
PDACNP_10_CCGTGCCCATGACGGC-1	1	12	48	8970	18327
PDACNP_10_CCGTGGAACGATCCAA-1	1	24	106	16817	15499
PDACNP_10_CCGTGTTAAATTCCAT-1	1	48	36	7343	9852
PDACNP_10_CCGTTACGTTAGAACA-1	1	20	88	14382	16442
PDACNP_10_CCGTTCCGAATCTCGG-1	1	40	22	5450	11736
PDACNP_10_CCGTTTCCTTTCCGTG-1	1	76	46	8694	3259
PDACNP_10_CCTAAAGGCTGACGCT-1	1	14	82	13571	17855
PDACNP_10_CCTAAATTAACGGTTC-1	1	42	68	11674	11263
PDACNP_10_CCTAACCCAAACAAGT-1	1	49	89	14515	9614
PDACNP_10_CCTAACTAAGGCTCTA-1	1	21	93	15059	16206
PDACNP_10_CCTACATTCACAGACG-1	1	51	33	6937	9146
PDACNP_10_CCTACGGCTCAGTCGA-1	1	16	32	6805	17386
PDACNP_10_CCTACTGCTTACACTT-1	1	27	49	9104	14796
PDACNP_10_CCTAGGCGTAGCGATC-1	1	36	88	14381	12675
PDACNP_10_CCTAGGTAAAGGTAGC-1	1	51	11	3960	9147
PDACNP_10_CCTAGTTAGTCGCATG-1	1	12	72	12218	18326
PDACNP_10_CCTATAATGAGTGCCC-1	1	55	81	13432	8202
PDACNP_10_CCTATACCGTCCTGTC-1	1	55	45	8560	8204
PDACNP_10_CCTATATCGTGTCACG-1	1	60	10	3824	7028
PDACNP_10_CCTATATTTGTCCTGG-1	1	62	52	9507	6555
PDACNP_10_CCTATCTATATCGGAA-1	1	19	77	12894	16678
PDACNP_10_CCTATGAAGTGGTGCC-1	1	37	111	17493	12438
PDACNP_10_CCTATGGCTCCTAGTG-1	1	62	24	5718	6557
PDACNP_10_CCTATGGGTTACCGTC-1	1	29	69	11810	14324
PDACNP_10_CCTATGGTCAAAGCTG-1	1	68	68	11671	5142
PDACNP_10_CCTATGTCCACTCCAC-1	1	62	92	14919	6553
PDACNP_10_CCTATTATTCCGGCCG-1	1	65	3	2876	5851
PDACNP_10_CCTCAACGATCGCTGT-1	1	52	0	2472	8912
PDACNP_10_CCTCACCAATCTTGAC-1	1	17	35	7211	17151
PDACNP_10_CCTCACCTGAGGGAGC-1	1	28	102	16276	14557
PDACNP_10_CCTCACCTTAGCATCG-1	1	27	97	15599	14793
PDACNP_10_CCTCATGCAGCTACGA-1	1	10	30	6535	18799
PDACNP_10_CCTCCCGACAATCCCT-1	1	9	63	11000	19033
PDACNP_10_CCTCCGACAATTCAAG-1	1	33	33	6939	13384
PDACNP_10_CCTCCTAGCTAGAGTC-1	1	67	13	4229	5380
PDACNP_10_CCTCCTGAGCCCACAT-1	1	38	8	3556	12208
PDACNP_10_CCTCCTGTTGTGTCGT-1	1	62	96	15461	6553
PDACNP_10_CCTCGAAGTGGACGGG-1	1	15	71	12082	17620
PDACNP_10_CCTCGCCAGCAAATTA-1	1	18	74	12488	16913
PDACNP_10_CCTCGCGCGATATAGG-1	1	21	95	15329	16206
PDACNP_10_CCTCGCGCTGTGCGAT-1	1	57	59	10455	7732
PDACNP_10_CCTCGGACCGGGATAG-1	1	41	85	13974	11498
PDACNP_10_CCTCGGATGCTACCTG-1	1	32	10	3827	13621
PDACNP_10_CCTCGGTTTCCTTGCC-1	1	70	38	7612	4672
PDACNP_10_CCTCTAATCTGCCAAG-1	1	23	73	12352	15736
PDACNP_10_CCTCTACAAGGATTGG-1	1	67	27	6124	5379
PDACNP_10_CCTCTATCGATTAGCA-1	1	52	26	5990	8911
PDACNP_10_CCTCTCTCCCATCTAG-1	1	34	36	7345	13148
PDACNP_10_CCTCTGGCCTAGACGG-1	1	15	75	12624	17620
PDACNP_10_CCTCTGTACTATTCTA-1	1	53	61	10726	8674
PDACNP_10_CCTGAACGATATATTC-1	1	37	85	13975	12439
PDACNP_10_CCTGAATATTTACATA-1	1	23	71	12082	15736
PDACNP_10_CCTGACCACCGATGGT-1	1	45	61	10726	10557
PDACNP_10_CCTGAGAATAAATGCA-1	1	71	33	6935	4437
PDACNP_10_CCTGATTCGCGAAGAA-1	1	75	93	15054	3492
PDACNP_10_CCTGCCCGTTGTCTAG-1	1	35	9	3691	12914
PDACNP_10_CCTGCGATAGAACTGT-1	1	8	20	5182	19271
PDACNP_10_CCTGCGTTCTACGCTT-1	1	32	14	4368	13620
PDACNP_10_CCTGCTATTTGAGAAG-1	1	26	50	9240	15031
PDACNP_10_CCTGGCTAGACCCGCC-1	1	29	43	8292	14325
PDACNP_10_CCTGGTCGAATGTGGG-1	1	59	69	11808	7261
PDACNP_10_CCTGTAAGACATGATA-1	1	37	41	8021	12442
PDACNP_10_CCTGTACTCACGCCCA-1	1	40	24	5720	11736
PDACNP_10_CCTGTCACCCGGGCTC-1	1	29	67	11540	14324
PDACNP_10_CCTGTCGCCCGTAAAT-1	1	36	62	10863	12676
PDACNP_10_CCTGTTCAACCTCGGG-1	1	71	51	9371	4436
PDACNP_10_CCTGTTTGAAGACACG-1	1	58	94	15190	7495
PDACNP_10_CCTTAAGTACGCAATT-1	1	75	97	15595	3492
PDACNP_10_CCTTCAGTTAAAGTGA-1	1	61	47	8831	6791
PDACNP_10_CCTTCCGCAACGCTGC-1	1	71	15	4500	4438
PDACNP_10_CCTTCGTATAGAATCC-1	1	69	61	10724	4906
PDACNP_10_CCTTCTCAGCGTTCCT-1	1	43	15	4502	11030
PDACNP_10_CCTTCTTGATCCAGTG-1	1	19	73	12353	16678
PDACNP_10_CCTTGACCACTTTATT-1	1	55	109	17220	8200
PDACNP_10_CCTTGTGAACGTGGTT-1	1	72	48	8965	4201
PDACNP_10_CCTTTAAGGGAGCACT-1	1	58	50	9237	7497
PDACNP_10_CCTTTCAATGAAGAAA-1	1	25	95	15329	15264
PDACNP_10_CCTTTGAATTATGGCT-1	1	58	6	3283	7499
PDACNP_10_CGAAACATAGATGGCA-1	1	11	77	12894	18561
PDACNP_10_CGAAACGCAATTCATG-1	1	41	33	6938	11500
PDACNP_10_CGAACAGTATGGGCGT-1	1	50	96	15462	9378
PDACNP_10_CGAACCCGCATGCGTC-1	1	49	49	9102	9616
PDACNP_10_CGAACCTCTTTCCTAG-1	1	72	20	5176	4202
PDACNP_10_CGAACGCCCAGTGCCG-1	1	14	70	11947	17855
PDACNP_10_CGAACGGCCGGACAAC-1	1	47	15	4502	10089
PDACNP_10_CGAAGACGGTGAGTGC-1	1	33	3	2879	13385
PDACNP_10_CGAAGATCAGTTTCAT-1	1	74	70	11942	3729
PDACNP_10_CGAAGCCACAGCATGG-1	1	72	8	3552	4203
PDACNP_10_CGAAGCTATAAATTCA-1	1	19	105	16682	16676
PDACNP_10_CGAAGGGTTTCAGATT-1	1	66	14	4365	5615
PDACNP_10_CGAAGTTGCTCTGTGT-1	1	33	35	7209	13384
PDACNP_10_CGAATCTGCTCGACGC-1	1	62	22	5448	6557
PDACNP_10_CGAATGAAGTCATTGC-1	1	62	20	5177	6557
PDACNP_10_CGAATGACGCATAATG-1	1	63	57	10183	6319
PDACNP_10_CGAATGGTAGGTCGTC-1	1	73	29	6394	3966
PDACNP_10_CGACAATTTGATCTAA-1	1	43	95	15327	11026
PDACNP_10_CGACACGCTCCGACAG-1	1	46	94	15192	10320
PDACNP_10_CGACAGTTCGCGTTAT-1	1	36	42	8156	12677
PDACNP_10_CGACCCTTAACGCCGG-1	1	48	12	4096	9853
PDACNP_10_CGACCGTTGGTATTCG-1	1	75	27	6123	3496
PDACNP_10_CGACGCATCCGTACCT-1	1	50	10	3825	9383
PDACNP_10_CGACTCAGGATGTTAT-1	1	23	89	14517	15735
PDACNP_10_CGACTTGCCGGGAAAT-1	1	77	17	4770	3025
PDACNP_10_CGACTTTGTATAGCCT-1	1	33	109	17222	13380
PDACNP_10_CGAGACCCTAGAGTGT-1	1	43	61	10727	11028
PDACNP_10_CGAGACTACTGCTGCT-1	1	72	98	15730	4198
PDACNP_10_CGAGAGATGTGAACCT-1	1	29	73	12352	14324
PDACNP_10_CGAGAGCGCGTAGATA-1	1	45	7	3420	10560
PDACNP_10_CGAGAGCTTTCACTAC-1	1	64	88	14378	6082
PDACNP_10_CGAGAGGGTAGCCGCG-1	1	56	104	16544	7965
PDACNP_10_CGAGCACTTCAAGTTT-1	1	23	25	5857	15739
PDACNP_10_CGAGCGTTGATCAGCC-1	1	12	46	8700	18328
PDACNP_10_CGAGCTGGGCTTTAGG-1	1	17	67	11541	17149
PDACNP_10_CGAGGATCGGGAACGA-1	1	28	118	18441	14557
PDACNP_10_CGAGGCCAGGCATTGG-1	1	14	22	5452	17858
PDACNP_10_CGAGGCTAAATATGGC-1	1	29	71	12081	14324
PDACNP_10_CGAGGGACTGCGGTCG-1	1	38	78	13027	12204
PDACNP_10_CGAGGGTATCCAGGTG-1	1	64	60	10589	6084
PDACNP_10_CGAGTACTAAAGAGGA-1	1	45	35	7208	10558
PDACNP_10_CGAGTGAAGGTACCAG-1	1	55	29	6395	8204
PDACNP_10_CGAGTGCTATAGTTCG-1	1	10	38	7617	18799
PDACNP_10_CGAGTTCTGTCCCACC-1	1	27	85	13976	14794
PDACNP_10_CGAGTTTATCGGACTG-1	1	37	93	15057	12439
PDACNP_10_CGATACCTCGCGGACA-1	1	40	48	8968	11735
PDACNP_10_CGATAGCGATACAGTG-1	1	66	10	3824	5616
PDACNP_10_CGATAGTCGTACTGCA-1	1	66	88	14378	5611
PDACNP_10_CGATATTAGCCGCAGG-1	1	7	35	7212	19505
PDACNP_10_CGATCCACCATTGTTG-1	1	72	54	9777	4201
PDACNP_10_CGATCCGACCCAGTGC-1	1	38	50	9239	12206
PDACNP_10_CGATCCTCGCAACATA-1	1	66	40	7883	5614
PDACNP_10_CGATCGAGAAGCACCA-1	1	74	64	11130	3729
PDACNP_10_CGATCTGTTGGAGGAC-1	1	46	24	5720	10324
PDACNP_10_CGATGGACCCTACGCC-1	1	22	96	15464	15970
PDACNP_10_CGATGTTGTTATCTAC-1	1	58	12	4095	7499
PDACNP_10_CGATTAAATATCTCCT-1	1	56	62	10861	7967
PDACNP_10_CGATTCGCCTGGCTGC-1	1	57	73	12349	7731
PDACNP_10_CGATTTGTCATTAATG-1	1	75	25	5852	3496
PDACNP_10_CGCAAACACGAGTTAC-1	1	27	37	7481	14796
PDACNP_10_CGCAATTACTTTCGGT-1	1	23	33	6940	15738
PDACNP_10_CGCAATTAGGGTAATA-1	1	28	44	8428	14561
PDACNP_10_CGCAATTCTACAATAA-1	1	26	28	6263	15032
PDACNP_10_CGCACATGTCCACTAC-1	1	39	87	14245	11968
PDACNP_10_CGCACGTCTGTTTATG-1	1	68	32	6800	5143
PDACNP_10_CGCACGTGCGCTATCA-1	1	39	99	15869	11968
PDACNP_10_CGCAGATCTTCACCCG-1	1	25	113	17764	15263
PDACNP_10_CGCAGGCGATCCAAAC-1	1	52	102	16274	8907
PDACNP_10_CGCATCCATCAGCCAG-1	1	28	116	18170	14557
PDACNP_10_CGCATGCCGAATGCGT-1	1	67	89	14513	5376
PDACNP_10_CGCATGGTGCGATGCT-1	1	40	66	11403	11734
PDACNP_10_CGCATTAGCTAATAGG-1	1	27	57	10187	14795
PDACNP_10_CGCCAAGAAGCCGAGT-1	1	39	17	4773	11972
PDACNP_10_CGCCACAGGTCGCGAT-1	1	49	9	3690	9618
PDACNP_10_CGCCACCCGCATTAAC-1	1	6	18	4912	19742
PDACNP_10_CGCCAGTAGTACCTTG-1	1	74	8	3552	3732
PDACNP_10_CGCCATCCGATTATGA-1	1	24	80	13299	15500
PDACNP_10_CGCCCAGCACGCCTAG-1	1	59	51	9372	7261
PDACNP_10_CGCCCAGCGTTTCACG-1	1	65	89	14513	5847
PDACNP_10_CGCCCGCTTCCGTACA-1	1	18	80	13300	16913
PDACNP_10_CGCCCTAATTGTTCAA-1	1	67	11	3959	5380
PDACNP_10_CGCCCTTGAAGGCTGA-1	1	24	20	5181	15504
PDACNP_10_CGCCGACTATTCGCTA-1	1	35	5	3150	12914
PDACNP_10_CGCCGCCCATGCCTGT-1	1	39	83	13704	11969
PDACNP_10_CGCCGCGTTCTGAACG-1	1	73	45	8559	3966
PDACNP_10_CGCCGTCTACCCATCG-1	1	38	122	18981	12202
PDACNP_10_CGCCGTTCAGCATAGT-1	1	58	104	16544	7494
PDACNP_10_CGCCTCCCTCCTCTAT-1	1	43	73	12350	11027
PDACNP_10_CGCCTGGCCTACGTAA-1	1	41	27	6126	11501
PDACNP_10_CGCGAAGTGGCATACT-1	1	64	96	15461	6082
PDACNP_10_CGCGACACTGCGCAGC-1	1	24	12	4098	15504
PDACNP_10_CGCGACCGCGACAGAT-1	1	59	81	13431	7260
PDACNP_10_CGCGAGAGGGACTTGT-1	1	16	108	17089	17382
PDACNP_10_CGCGAGTCTGCCGGGT-1	1	52	20	5178	8911
PDACNP_10_CGCGCAAATGTCCAGA-1	1	56	24	5719	7969
PDACNP_10_CGCGCATGTTTGATTG-1	1	50	54	9779	9380
PDACNP_10_CGCGCCCGACTTAATA-1	1	21	75	12623	16207
PDACNP_10_CGCGGCAGTATTACGG-1	1	12	16	4640	18329
PDACNP_10_CGCGGCTCAACTTGAA-1	1	43	97	15598	11026
PDACNP_10_CGCGGGAATTAGGCAG-1	1	28	80	13299	14559
PDACNP_10_CGCGGGAATTCCTTTC-1	1	72	84	13836	4199
PDACNP_10_CGCGGTCACAAACCAA-1	1	18	106	16818	16912
PDACNP_10_CGCGTTCATGAAATAC-1	1	27	51	9375	14796
PDACNP_10_CGCTACGGGACATTTA-1	1	38	48	8968	12206
PDACNP_10_CGCTAGAGACCGCTGC-1	1	39	101	16139	11968
PDACNP_10_CGCTATACCGCCCACT-1	1	14	36	7346	17857
PDACNP_10_CGCTATTCAATGTATG-1	1	19	31	6669	16680
PDACNP_10_CGCTATTCTTAGGCTC-1	1	38	60	10592	12205
PDACNP_10_CGCTCGACATAATGAT-1	1	21	45	8564	16209
PDACNP_10_CGCTCTCCGTAGATTA-1	1	33	37	7480	13384
PDACNP_10_CGCTGGTGACTACCCT-1	1	48	98	15733	9849
PDACNP_10_CGCTGTGACGCCGCAC-1	1	25	47	8834	15267
PDACNP_10_CGCTGTGTGGATGTTG-1	1	59	43	8289	7262
PDACNP_10_CGCTTAGTATTGATAC-1	1	66	52	9507	5613
PDACNP_10_CGCTTATTCCCGGTCG-1	1	42	30	6532	11265
PDACNP_10_CGCTTCCACTGAAATC-1	1	18	42	8158	16915
PDACNP_10_CGCTTCGGTCTAAGAC-1	1	66	104	16543	5611
PDACNP_10_CGCTTTCATACCGGTG-1	1	14	50	9241	17856
PDACNP_10_CGCTTTCCGCCAAGGT-1	1	73	77	12889	3964
PDACNP_10_CGCTTTCTTGCATTCG-1	1	31	85	13975	13852
PDACNP_10_CGGAAAGAATCAAACG-1	1	58	48	8966	7497
PDACNP_10_CGGAAAGCAAATGTGC-1	1	18	6	3287	16917
PDACNP_10_CGGAACGTAAACATAG-1	1	47	45	8561	10087
PDACNP_10_CGGACCTCTGTAGTTA-1	1	76	52	9506	3259
PDACNP_10_CGGACCTTTACGTCCC-1	1	71	71	12077	4435
PDACNP_10_CGGACGTTACTTGAAG-1	1	42	6	3285	11266
PDACNP_10_CGGAGCAATTTAATCG-1	1	54	60	10590	8438
PDACNP_10_CGGAGCATGGCGATCC-1	1	39	67	11539	11969
PDACNP_10_CGGAGCTTATAACACC-1	1	10	86	14112	18796
PDACNP_10_CGGAGTTTGAGAGACA-1	1	30	34	7074	14090
PDACNP_10_CGGATAAGCGGACATG-1	1	19	17	4775	16681
PDACNP_10_CGGATCCTCAAGGACT-1	1	60	80	13296	7024
PDACNP_10_CGGATGAATGCTGTGA-1	1	70	22	5447	4673
PDACNP_10_CGGATTCTGCCTTATG-1	1	77	29	6393	3025
PDACNP_10_CGGCAAACATCGTGCG-1	1	52	66	11402	8909
PDACNP_10_CGGCAATAAGATCGCC-1	1	54	108	17085	8436
PDACNP_10_CGGCACCGTTAGCGCC-1	1	11	89	14518	18561
PDACNP_10_CGGCACTCAAGAAAGT-1	1	12	28	6264	18328
PDACNP_10_CGGCAGGGTCGGGTTG-1	1	32	94	15193	13616
PDACNP_10_CGGCCACGCACAAAGT-1	1	35	59	10457	12912
PDACNP_10_CGGCCAGAGCGACCAT-1	1	67	49	9101	5378
PDACNP_10_CGGCCCAACCTGTAGT-1	1	28	112	17629	14557
PDACNP_10_CGGCCCAGGTATATCC-1	1	43	105	16680	11026
PDACNP_10_CGGCGCCATCAATCCC-1	1	59	93	15055	7259
PDACNP_10_CGGCTCTAAAGCTGCA-1	1	46	110	17357	10319
PDACNP_10_CGGCTTTGTATGATAA-1	1	8	56	10053	19269
PDACNP_10_CGGGAACGCCCTGCAT-1	1	71	9	3688	4438
PDACNP_10_CGGGAAGTACCGTGGC-1	1	70	12	4094	4674
PDACNP_10_CGGGAATATAGTATAC-1	1	47	105	16680	10084
PDACNP_10_CGGGAATTTATGTAAA-1	1	45	65	11268	10557
PDACNP_10_CGGGAGCTTCAGTGTA-1	1	49	91	14785	9614
PDACNP_10_CGGGAGTATACCGCCG-1	1	19	15	4504	16681
PDACNP_10_CGGGATCAATGTAAGA-1	1	23	59	10458	15737
PDACNP_10_CGGGCAGCTAAACCGC-1	1	32	56	10051	13618
PDACNP_10_CGGGCCATAGCCGCAC-1	1	14	18	4911	17858
PDACNP_10_CGGGCCTTCTTTGTAA-1	1	41	55	9915	11499
PDACNP_10_CGGGCGATGGATCACG-1	1	69	75	12619	4906
PDACNP_10_CGGGTGTACCCATTTA-1	1	32	86	14110	13617
PDACNP_10_CGGTACGGCAAACCCA-1	1	53	1	2607	8677
PDACNP_10_CGGTACTAGAATCAAA-1	1	43	83	13703	11027
PDACNP_10_CGGTAGAGGTGCAGGT-1	1	22	92	14923	15971
PDACNP_10_CGGTATAGGTATTAGC-1	1	11	99	15871	18560
PDACNP_10_CGGTATGGGCACTCTG-1	1	75	77	12889	3493
PDACNP_10_CGGTCAAGTGGGAACC-1	1	26	80	13299	15030
PDACNP_10_CGGTCCGTCGCAAGCC-1	1	63	51	9372	6320
PDACNP_10_CGGTCTATCAACCCGT-1	1	18	82	13570	16913
PDACNP_10_CGGTGAAGACTAAAGT-1	1	35	23	5585	12914
PDACNP_10_CGGTGCAGATAGAACG-1	1	42	36	7344	11265
PDACNP_10_CGGTGCGCGTTGGTCC-1	1	49	39	7749	9617
PDACNP_10_CGGTGGGCTCCAGCCT-1	1	15	99	15871	17618
PDACNP_10_CGGTGTACTTGATCCC-1	1	17	31	6670	17151
PDACNP_10_CGGTTATCCAACAGTG-1	1	30	98	15734	14087
PDACNP_10_CGGTTCAAGTAGGTGT-1	1	24	98	15735	15499
PDACNP_10_CGGTTCCGGCTTCTTG-1	1	9	29	6400	19035
PDACNP_10_CGGTTGACCTGGCATA-1	1	39	25	5856	11972
PDACNP_10_CGGTTGAGTATCCTTC-1	1	66	30	6530	5614
PDACNP_10_CGGTTGGGCAGGGTCC-1	1	73	75	12618	3964
PDACNP_10_CGGTTTACTGAACATT-1	1	66	2	2741	5616
PDACNP_10_CGTAAACGCTTGAGTG-1	1	11	23	5588	18564
PDACNP_10_CGTAAAGCAAGAAATC-1	1	70	28	6259	4673
PDACNP_10_CGTAAATAACAAAGGG-1	1	75	55	9912	3494
PDACNP_10_CGTAACTTCGACACTT-1	1	68	50	9236	5143
PDACNP_10_CGTAATAATTACGAGT-1	1	14	6	3287	17859
PDACNP_10_CGTACCGAAAGTCTAG-1	1	10	12	4099	18800
PDACNP_10_CGTACCTGATAGGCCT-1	1	22	68	11676	15972
PDACNP_10_CGTAGAGAGTAATTAT-1	1	67	87	14242	5376
PDACNP_10_CGTAGCGAATTGTCAG-1	1	13	71	12082	18091
PDACNP_10_CGTATTAAGAGATCTA-1	1	32	54	9780	13618
PDACNP_10_CGTATTGTTTGGCGCC-1	1	71	1	2605	4439
PDACNP_10_CGTCAAGGCTATAAAT-1	1	30	14	4368	14091
PDACNP_10_CGTCAATCTTTAACAT-1	1	11	9	3693	18565
PDACNP_10_CGTCACGTCCATTGGT-1	1	47	51	9373	10087
PDACNP_10_CGTCAGCTATTTACTC-1	1	17	11	3963	17152
PDACNP_10_CGTCAGTGCGCACAAG-1	1	11	49	9106	18563
PDACNP_10_CGTCATACCATATCCA-1	1	20	20	5181	16445
PDACNP_10_CGTCCTCATCGCGTGC-1	1	71	111	17490	4433
PDACNP_10_CGTCGCATGTGAGCCA-1	1	65	77	12890	5847
PDACNP_10_CGTCGCGGCGGGATTT-1	1	12	14	4370	18329
PDACNP_10_CGTCGCTTGGTTATAC-1	1	63	25	5854	6321
PDACNP_10_CGTCGGATAGTGTTGA-1	1	34	96	15463	13145
PDACNP_10_CGTCGGGTCTAAGCGC-1	1	54	22	5448	8440
PDACNP_10_CGTCGTCCTTCGCGAA-1	1	56	76	12755	7966
PDACNP_10_CGTCTGGAAGGGCCCG-1	1	16	62	10864	17385
PDACNP_10_CGTCTTGAGTGTGACG-1	1	41	125	19387	11496
PDACNP_10_CGTGAACTGACCCGAT-1	1	74	2	2740	3732
PDACNP_10_CGTGAAGTTAATTCAC-1	1	40	56	10050	11735
PDACNP_10_CGTGACATTGGGTCGT-1	1	15	83	13706	17619
PDACNP_10_CGTGACCAGTCCTCTG-1	1	63	55	9913	6319
PDACNP_10_CGTGCACACCACTGTA-1	1	72	90	14648	4199
PDACNP_10_CGTGCAGACTGGGACA-1	1	40	74	12486	11734
PDACNP_10_CGTGCATTGTCGACGC-1	1	39	31	6668	11971
PDACNP_10_CGTGCCCTCCCGAAGA-1	1	43	77	12892	11027
PDACNP_10_CGTGCTGGCCTAGTCG-1	1	9	19	5047	19035
PDACNP_10_CGTGCTTCTACCTAAA-1	1	62	28	6260	6556
PDACNP_10_CGTGGCCGAATATCTA-1	1	47	101	16139	10084
PDACNP_10_CGTGGTACCCAAAGGC-1	1	66	42	8154	5614
PDACNP_10_CGTGTATGGGAGCTGA-1	1	65	111	17490	5846
PDACNP_10_CGTGTCCCATTCGCGA-1	1	28	40	7886	14561
PDACNP_10_CGTGTCTCGTTACGAC-1	1	60	34	7072	7027
PDACNP_10_CGTGTGTTAAACCCTG-1	1	32	116	18170	13615
PDACNP_10_CGTTAAACTAGTTAGG-1	1	49	111	17492	9613
PDACNP_10_CGTTAATGTCCCGACG-1	1	59	87	14243	7260
PDACNP_10_CGTTAGCTCACAACTG-1	1	14	90	14653	17854
PDACNP_10_CGTTATCATACTTCCA-1	1	45	1	2608	10560
PDACNP_10_CGTTCAAGGAAACGGA-1	1	70	46	8694	4672
PDACNP_10_CGTTCAGACCCGCGAA-1	1	65	61	10725	5848
PDACNP_10_CGTTCATGGTGCGCGT-1	1	48	20	5178	9853
PDACNP_10_CGTTCTTCGCACACCT-1	1	19	109	17224	16676
PDACNP_10_CGTTGAATACCGCGCT-1	1	57	77	12890	7731
PDACNP_10_CGTTGAGCGACCGTCG-1	1	44	74	12486	10792
PDACNP_10_CGTTGAGTAATTGCGT-1	1	11	101	16142	18560
PDACNP_10_CGTTGCCCGCGTGGGA-1	1	65	45	8560	5849
PDACNP_10_CGTTGTAAACGTCAGG-1	1	21	13	4234	16210
PDACNP_10_CGTTGTAAGATTGATT-1	1	26	108	17088	15028
PDACNP_10_CGTTGTCGGCAATTGA-1	1	64	66	11401	6083
PDACNP_10_CGTTGTTTCAATTCCC-1	1	34	40	7886	13148
PDACNP_10_CGTTTAAGCGGAGCAC-1	1	13	59	10459	18091
PDACNP_10_CGTTTACAAGGCAGCT-1	1	21	117	18306	16205
PDACNP_10_CGTTTCACTTCGGGCG-1	1	18	92	14924	16912
PDACNP_10_CGTTTCGCTCATTACA-1	1	35	49	9104	12912
PDACNP_10_CGTTTGTGTAGAGGGT-1	1	55	41	8019	8204
PDACNP_10_CTAAAGAATGCCTACT-1	1	36	36	7344	12677
PDACNP_10_CTAAAGGGAAATAGGA-1	1	44	62	10862	10793
PDACNP_10_CTAAATCCGGTGTACA-1	1	61	35	7207	6791
PDACNP_10_CTAAATCCTATTCCGG-1	1	26	84	13840	15029
PDACNP_10_CTAACAGCACAATAAC-1	1	61	1	2606	6793
PDACNP_10_CTAACCGCGCGCCCGT-1	1	37	35	7209	12442
PDACNP_10_CTAACGAAACTTGCTG-1	1	30	94	15193	14087
PDACNP_10_CTAACTGATAATCGCC-1	1	58	102	16273	7494
PDACNP_10_CTAACTGGTCCGGTTC-1	1	50	36	7343	9381
PDACNP_10_CTAAGGGAATGATTGG-1	1	44	72	12215	10792
PDACNP_10_CTAATTCGCACGCGCT-1	1	28	34	7075	14561
PDACNP_10_CTAATTCTCAGATATT-1	1	27	105	16682	14793
PDACNP_10_CTAATTTCAACAACAC-1	1	21	27	6128	16210
PDACNP_10_CTACAAGAAATAACCC-1	1	58	40	7884	7497
PDACNP_10_CTACACTCGCAGATGG-1	1	57	101	16138	7730
PDACNP_10_CTACATATCGCGGGAC-1	1	68	12	4094	5145
PDACNP_10_CTACCCTAAGGTCATA-1	1	31	91	14787	13852
PDACNP_10_CTACGACTAGCTATAA-1	1	38	24	5720	12207
PDACNP_10_CTACGATCCTATCCTA-1	1	69	19	5041	4909
PDACNP_10_CTACGCACGGAGTACC-1	1	35	57	10186	12912
PDACNP_10_CTACGCCATTTCCGAT-1	1	12	80	13300	18326
PDACNP_10_CTACGTGTTGCCACCA-1	1	6	24	5723	19741
PDACNP_10_CTACTATCATAGGTTT-1	1	53	25	5854	8675
PDACNP_10_CTACTATCTTTCAGAG-1	1	29	93	15058	14323
PDACNP_10_CTACTCAAGGTATAGT-1	1	60	42	8154	7026
PDACNP_10_CTACTCTAGGCCCGGC-1	1	31	25	5856	13855
PDACNP_10_CTACTGCCACCTGACC-1	1	27	63	10999	14795
PDACNP_10_CTAGATAAACTCCTCG-1	1	7	25	5859	19506
PDACNP_10_CTAGATGTGAGTGTAA-1	1	33	103	16411	13380
PDACNP_10_CTAGATTTACGACGGC-1	1	42	74	12486	11263
PDACNP_10_CTAGCATAGTATAATG-1	1	34	66	11404	13147
PDACNP_10_CTAGCCGATGTTATGA-1	1	23	101	16141	15735
PDACNP_10_CTAGGCGCCCTATCAG-1	1	51	91	14785	9143
PDACNP_10_CTAGGGATAGGGACAA-1	1	71	43	8288	4437
PDACNP_10_CTAGGTCTGAAGGAAT-1	1	36	104	16546	12674
PDACNP_10_CTAGGTTCGGACGTGA-1	1	58	70	11943	7496
PDACNP_10_CTAGTAGAAAGGGATT-1	1	63	81	13431	6318
PDACNP_10_CTAGTATTCGGAATTA-1	1	14	80	13300	17855
PDACNP_10_CTAGTCACGTCTTAAG-1	1	37	69	11810	12440
PDACNP_10_CTAGTGAAGGACAGGA-1	1	34	38	7615	13148
PDACNP_10_CTAGTTACAACCCGGT-1	1	53	67	11538	8673
PDACNP_10_CTAGTTGGGCCCGGTA-1	1	26	68	11675	15030
PDACNP_10_CTATAAGAGCCAATCG-1	1	26	100	16005	15028
PDACNP_10_CTATAAGTAGGGTTTG-1	1	73	11	3958	3967
PDACNP_10_CTATACTTAAAGCGAG-1	1	62	4	3012	6558
PDACNP_10_CTATAGGCGTTGATGT-1	1	62	38	7613	6556
PDACNP_10_CTATATCCAGCCTGGC-1	1	69	31	6665	4908
PDACNP_10_CTATCACAACGCTGGA-1	1	74	78	13024	3728
PDACNP_10_CTATCGACGAAATACA-1	1	53	93	15056	8672
PDACNP_10_CTATCGGGTCTCAACA-1	1	35	69	11810	12911
PDACNP_10_CTATGAACACCTTGCC-1	1	72	28	6259	4202
PDACNP_10_CTATGCCCGAATGCAA-1	1	63	59	10454	6319
PDACNP_10_CTATGGGAAGCGGAAT-1	1	54	104	16544	8436
PDACNP_10_CTATGTCACTAGCCCA-1	1	30	66	11404	14088
PDACNP_10_CTATGTCTATTGAAAC-1	1	11	55	9918	18562
PDACNP_10_CTATGTGAGTCACGGC-1	1	45	17	4773	10559
PDACNP_10_CTATTCATGTGTCCCA-1	1	52	62	10861	8909
PDACNP_10_CTATTGTGTTTGGTCA-1	1	13	101	16142	18089
PDACNP_10_CTATTTGCTTGGAGGA-1	1	70	64	11130	4671
PDACNP_10_CTATTTGGTTACGGAT-1	1	36	82	13569	12675
PDACNP_10_CTCAAACCACTGCCCG-1	1	64	40	7883	6085
PDACNP_10_CTCAACTAACCCGGAT-1	1	63	85	13972	6318
PDACNP_10_CTCAAGACATTAGCGC-1	1	14	102	16277	17854
PDACNP_10_CTCACATTTACTAAAT-1	1	62	68	11672	6554
PDACNP_10_CTCACCAGTACAAGTG-1	1	32	2	2744	13621
PDACNP_10_CTCACTGTGATACTTA-1	1	63	75	12619	6318
PDACNP_10_CTCACTTGGCTGGTAA-1	1	40	26	5991	11736
PDACNP_10_CTCAGAGCTAATGTCG-1	1	73	59	10453	3965
PDACNP_10_CTCAGATTGTGATAAG-1	1	43	5	3149	11031
PDACNP_10_CTCAGGACTCACCTGT-1	1	16	30	6534	17387
PDACNP_10_CTCAGTCACGACAAAT-1	1	24	96	15464	15500
PDACNP_10_CTCATAAATGTGTATA-1	1	74	106	16813	3727
PDACNP_10_CTCATGGCTCACAATC-1	1	13	63	11000	18091
PDACNP_10_CTCATGGTAATTTGCG-1	1	50	26	5990	9382
PDACNP_10_CTCATTCGTGAACATC-1	1	27	3	2880	14798
PDACNP_10_CTCATTGCTCTAACAA-1	1	60	78	13025	7025
PDACNP_10_CTCATTTGATGGGCGG-1	1	22	62	10864	15972
PDACNP_10_CTCCCTCCTTTCGATC-1	1	51	23	5584	9146
PDACNP_10_CTCCCTTGTATCAAGG-1	1	75	9	3687	3497
PDACNP_10_CTCCGCCCACATGAGG-1	1	43	39	7750	11029
PDACNP_10_CTCCGGCCTAATATGC-1	1	19	59	10458	16679
PDACNP_10_CTCCGGCTTGTAGACA-1	1	15	19	5046	17623
PDACNP_10_CTCCTAAGTTATGTCT-1	1	12	30	6535	18328
PDACNP_10_CTCCTAGTAATCGTGA-1	1	76	24	5717	3260
PDACNP_10_CTCCTCCAGCTCACAC-1	1	62	50	9236	6555
PDACNP_10_CTCCTTTACGCAAGTC-1	1	23	109	17223	15734
PDACNP_10_CTCGAGACATACGATA-1	1	55	7	3419	8206
PDACNP_10_CTCGAGATCCAAAGCA-1	1	11	13	4235	18565
PDACNP_10_CTCGAGGCAAGTTTCA-1	1	72	32	6800	4202
PDACNP_10_CTCGAGGTCGAACAGT-1	1	29	59	10457	14324
PDACNP_10_CTCGATATTTGCGAGC-1	1	23	99	15870	15735
PDACNP_10_CTCGCACCTATATAGT-1	1	24	68	11675	15501
PDACNP_10_CTCGCATTGCATAGCC-1	1	60	12	4095	7028
PDACNP_10_CTCGCCGAATGTAGGG-1	1	60	64	11131	7025
PDACNP_10_CTCGCTAGGTAAGCGA-1	1	72	96	15460	4198
PDACNP_10_CTCGGGTTCTCTGGCC-1	1	61	27	6124	6792
PDACNP_10_CTCGGTACCACTGCTC-1	1	41	81	13433	11498
PDACNP_10_CTCGGTCCGTAGCCTG-1	1	18	50	9240	16915
PDACNP_10_CTCGGTTGTCGGCCCT-1	1	56	26	5989	7969
PDACNP_10_CTCGTCGAGGGCTCAT-1	1	60	18	4907	7028
PDACNP_10_CTCGTCTGTGCCTTCG-1	1	70	82	13566	4670
PDACNP_10_CTCGTGGCACTGAAAG-1	1	76	58	10318	3259
PDACNP_10_CTCGTTACGGCTACCA-1	1	70	40	7883	4672
PDACNP_10_CTCGTTTCTAATGTTT-1	1	22	104	16547	15970
PDACNP_10_CTCTAATGCATTGATC-1	1	24	110	17359	15499
PDACNP_10_CTCTACACTGGCGATT-1	1	43	17	4773	11030
PDACNP_10_CTCTACATCCTGCGTG-1	1	72	66	11400	4200
PDACNP_10_CTCTAGCCCTCGGAAA-1	1	66	90	14648	5611
PDACNP_10_CTCTATTTGGCTGCAG-1	1	48	68	11673	9850
PDACNP_10_CTCTCACAATCGATGA-1	1	32	70	11945	13617
PDACNP_10_CTCTCGCTGTACTATG-1	1	24	6	3286	15504
PDACNP_10_CTCTCTAACTGCCTAG-1	1	57	21	5313	7734
PDACNP_10_CTCTGCAGGCATTCTT-1	1	71	23	5582	4438
PDACNP_10_CTCTGCGAAGCAAGCA-1	1	12	50	9241	18327
PDACNP_10_CTCTGGACGCCTGGTG-1	1	32	62	10863	13618
PDACNP_10_CTCTGTCCATGCACCA-1	1	75	91	14783	3492
PDACNP_10_CTCTGTTTGAGGATTC-1	1	14	72	12218	17855
PDACNP_10_CTCTTCTATTGACTGG-1	1	46	100	16003	10320
PDACNP_10_CTCTTCTGGAAGTTAG-1	1	62	40	7883	6556
PDACNP_10_CTCTTGTCCCGCTTGG-1	1	54	58	10320	8438
PDACNP_10_CTGAAAGAGATCCGAC-1	1	19	69	11811	16678
PDACNP_10_CTGAATCCGAGACCTC-1	1	47	53	9644	10087
PDACNP_10_CTGAATTTATTGCCAG-1	1	22	106	16818	15970
PDACNP_10_CTGACTGCGCAGCTCG-1	1	31	101	16140	13851
PDACNP_10_CTGAGCAAGTAACAAG-1	1	15	25	5858	17622
PDACNP_10_CTGATAGTGTATCTCA-1	1	32	16	4639	13620
PDACNP_10_CTGATCCCTTTATGCA-1	1	71	29	6394	4437
PDACNP_10_CTGCAAGCACGTTCCG-1	1	61	111	17490	6787
PDACNP_10_CTGCACAACTACATAT-1	1	50	76	12756	9379
PDACNP_10_CTGCACCTAGTCCACA-1	1	29	117	18305	14321
PDACNP_10_CTGCACCTGGAACCGC-1	1	15	49	9105	17621
PDACNP_10_CTGCACTCCAGTACAG-1	1	54	70	11943	8438
PDACNP_10_CTGCAGAGAATCAGAG-1	1	61	101	16137	6788
PDACNP_10_CTGCCAAGGTTGGAAG-1	1	21	77	12894	16207
PDACNP_10_CTGCCATGCATCACAT-1	1	40	62	10862	11734
PDACNP_10_CTGCCCACGAAGCGTT-1	1	32	6	3285	13621
PDACNP_10_CTGCCTTTAATACCTT-1	1	64	28	6259	6085
PDACNP_10_CTGCCTTTCTAGTAAA-1	1	63	93	15055	6317
PDACNP_10_CTGCGACCTCGCCGAA-1	1	71	73	12348	4435
PDACNP_10_CTGCGATTTCGAGATT-1	1	72	60	10589	4200
PDACNP_10_CTGCGGGTGAAATGTT-1	1	31	23	5586	13855
PDACNP_10_CTGCGGTAGTCACGTG-1	1	10	92	14924	18796
PDACNP_10_CTGCGTTACGATATAA-1	1	16	90	14653	17383
PDACNP_10_CTGCTCTGACGGCAAA-1	1	75	65	11265	3494
PDACNP_10_CTGCTGAGGCCACGAA-1	1	49	35	7208	9617
PDACNP_10_CTGCTTGGCGATAGCT-1	1	53	75	12620	8673
PDACNP_10_CTGCTTTATGTCCGCG-1	1	20	112	17630	16440
PDACNP_10_CTGGAAATGGATGCTT-1	1	29	53	9645	14325
PDACNP_10_CTGGAAGACACGGTGG-1	1	50	88	14379	9378
PDACNP_10_CTGGACGCAGTCCGGC-1	1	51	13	4231	9147
PDACNP_10_CTGGATTTACACTTGA-1	1	49	55	9914	9616
PDACNP_10_CTGGCATCCGAATGAG-1	1	48	26	5990	9853
PDACNP_10_CTGGCGACATAAGTCC-1	1	17	81	13435	17148
PDACNP_10_CTGGCGATTTACATGT-1	1	73	107	16948	3962
PDACNP_10_CTGGCGCACAGGTCTG-1	1	37	89	14516	12439
PDACNP_10_CTGGCGGGAATAAGTA-1	1	20	22	5452	16445
PDACNP_10_CTGGCTCCTGCGGGAT-1	1	7	27	6129	19506
PDACNP_10_CTGGCTGATTCATCCT-1	1	44	96	15462	10791
PDACNP_10_CTGGCTGGTTGTCAGT-1	1	54	56	10049	8438
PDACNP_10_CTGGGATAAATAATGG-1	1	38	84	13839	12204
PDACNP_10_CTGGGCCTGCTATATC-1	1	44	30	6532	10794
PDACNP_10_CTGGGCTACTGGAGAG-1	1	76	108	17083	3256
PDACNP_10_CTGGGTAGGCAGTTAA-1	1	43	79	13162	11027
PDACNP_10_CTGGGTTGAGTTAAAG-1	1	53	11	3960	8676
PDACNP_10_CTGGTAAAGACTTACA-1	1	71	99	15866	4434
PDACNP_10_CTGGTAACACATAGAA-1	1	42	88	14380	11262
PDACNP_10_CTGGTAACGAGCTCTT-1	1	29	97	15599	14322
PDACNP_10_CTGGTCATTCCAATCC-1	1	23	15	4504	15739
PDACNP_10_CTGGTGAATGGGCCTA-1	1	65	19	5041	5850
PDACNP_10_CTGGTTCAACGCATCA-1	1	8	38	7618	19270
PDACNP_10_CTGGTTCGCGAGCTAC-1	1	42	124	19251	11260
PDACNP_10_CTGGTTTCGAGCAAGA-1	1	46	88	14380	10320
PDACNP_10_CTGTACTTCTTAGCAT-1	1	39	51	9374	11970
PDACNP_10_CTGTAGCCATCTCACT-1	1	56	46	8696	7968
PDACNP_10_CTGTAGTGAGGATCGA-1	1	69	43	8289	4907
PDACNP_10_CTGTATGGTGTAGAAA-1	1	20	32	6805	16445
PDACNP_10_CTGTCAAATGGCTCGG-1	1	23	83	13705	15736
PDACNP_10_CTGTCCTGCGCACTAC-1	1	76	0	2470	3262
PDACNP_10_CTGTGCAGGGTAGGTC-1	1	42	70	11944	11263
PDACNP_10_CTGTGGTCGGGAGATA-1	1	55	89	14514	8201
PDACNP_10_CTGTTACCCAATCTAG-1	1	48	58	10320	9851
PDACNP_10_CTGTTCACTGCCTGTG-1	1	22	56	10052	15973
PDACNP_10_CTGTTCATCTCACGGG-1	1	22	34	7075	15974
PDACNP_10_CTGTTGTTCAGTCGTA-1	1	67	21	5312	5379
PDACNP_10_CTTAAATAAGACCCAT-1	1	25	9	3692	15269
PDACNP_10_CTTAACTTCGAAGTAC-1	1	11	63	11000	18562
PDACNP_10_CTTAAGCAGCGAGCCG-1	1	51	3	2878	9148
PDACNP_10_CTTAATCGACTTAGTA-1	1	76	64	11129	3258
PDACNP_10_CTTACACGGTATTCCA-1	1	31	45	8563	13854
PDACNP_10_CTTACACTGGGAAATA-1	1	16	48	8970	17386
PDACNP_10_CTTACATAGATTTCTT-1	1	74	82	13565	3728
PDACNP_10_CTTAGATGTTTCATCC-1	1	74	72	12212	3729
PDACNP_10_CTTAGCCCGGATAGTG-1	1	27	9	3692	14798
PDACNP_10_CTTAGCCTTCCACATG-1	1	22	78	13029	15971
PDACNP_10_CTTAGGTATAGACCAG-1	1	63	15	4500	6322
PDACNP_10_CTTAGTAGGCCTACAG-1	1	32	102	16275	13616
PDACNP_10_CTTAGTGTAGTAGCAT-1	1	61	83	13702	6789
PDACNP_10_CTTAGTTGAGGAATCG-1	1	67	33	6936	5379
PDACNP_10_CTTATGCGCTCAGGGC-1	1	43	11	3961	11031
PDACNP_10_CTTATGTTGACTACCA-1	1	13	27	6129	18093
PDACNP_10_CTTCAACTCCACTTGG-1	1	59	77	12890	7260
PDACNP_10_CTTCACGCCCTGGTAC-1	1	71	21	5312	4438
PDACNP_10_CTTCAGTGGTCGCCTA-1	1	54	18	4907	8440
PDACNP_10_CTTCAGTTGGACAACG-1	1	73	91	14783	3963
PDACNP_10_CTTCATAGCTCAAGAA-1	1	19	37	7481	16680
PDACNP_10_CTTCATTGTCAGTGGA-1	1	36	60	10592	12676
PDACNP_10_CTTCCGCTCCGTGAAG-1	1	56	50	9237	7968
PDACNP_10_CTTCGATTGCGCAAGC-1	1	68	88	14378	5141
PDACNP_10_CTTCGGCCAATTGTTT-1	1	50	110	17356	9377
PDACNP_10_CTTCGTAGATAGGTGA-1	1	39	45	8562	11971
PDACNP_10_CTTCTATGTTGAAGTA-1	1	46	28	6261	10323
PDACNP_10_CTTCTATTAATGCTAG-1	1	51	47	8831	9145
PDACNP_10_CTTCTGGGCGTACCTA-1	1	66	34	7071	5614
PDACNP_10_CTTCTTACGTCGTATA-1	1	14	60	10594	17856
PDACNP_10_CTTGACCCGAAAGATA-1	1	9	57	10188	19033
PDACNP_10_CTTGAGGTTATCCCGA-1	1	12	24	5723	18329
PDACNP_10_CTTGAGTTAGGGTAAT-1	1	39	93	15057	11968
PDACNP_10_CTTGATGACCATCCAG-1	1	70	98	15731	4669
PDACNP_10_CTTGCAACCGCCTCCT-1	1	43	25	5855	11030
PDACNP_10_CTTGCCCACCCACGCA-1	1	70	100	16001	4669
PDACNP_10_CTTGCCCAGGCTCTAC-1	1	45	55	9915	10557
PDACNP_10_CTTGGCCAAGCTGGGA-1	1	61	57	10184	6790
PDACNP_10_CTTGTACTTGTTGACT-1	1	21	51	9375	16208
PDACNP_10_CTTGTCAACATTCGAG-1	1	50	66	11402	9380
PDACNP_10_CTTGTGAGGACAGCGG-1	1	6	10	3829	19742
PDACNP_10_CTTGTGAGTCTTTGAC-1	1	10	34	7076	18799
PDACNP_10_CTTGTGCTCACCGATT-1	1	22	94	15194	15971
PDACNP_10_CTTGTTGCTGAGTCAA-1	1	38	80	13298	12204
PDACNP_10_CTTGTTTATGTAGCCA-1	1	18	28	6264	16916
PDACNP_10_CTTTAACTTTCAAAGG-1	1	23	67	11540	15737
PDACNP_10_CTTTAATATTGGTCGA-1	1	51	73	12350	9144
PDACNP_10_CTTTACCGAATAGTAG-1	1	50	84	13838	9379
PDACNP_10_CTTTAGGAACACTGTT-1	1	41	87	14245	11498
PDACNP_10_CTTTAGTGCTATTATT-1	1	44	64	11132	10792
PDACNP_10_CTTTATCCGACGCATG-1	1	77	59	10453	3023
PDACNP_10_CTTTCTGTGCGGGCTT-1	1	54	66	11402	8438
PDACNP_10_CTTTGCATCGCTCTTG-1	1	60	94	15190	7024
PDACNP_10_CTTTGGCGCTTTATAC-1	1	32	18	4909	13620
PDACNP_10_CTTTGGCTTTAGTAAA-1	1	32	40	7886	13619
PDACNP_10_CTTTGGGATTGTTGCA-1	1	62	44	8425	6555
PDACNP_10_CTTTGTCGAATGCTCC-1	1	57	7	3418	7735
PDACNP_10_GAAACAGATGACCACC-1	1	40	92	14922	11733
PDACNP_10_GAAACAGCCATGCAGT-1	1	13	61	10729	18091
PDACNP_10_GAAACATAGGAAACAG-1	1	60	20	5177	7028
PDACNP_10_GAAACCATGGTGCGCT-1	1	27	109	17223	14793
PDACNP_10_GAAACCGAATTACCTT-1	1	45	51	9373	10558
PDACNP_10_GAAACCTATACAAATG-1	1	60	52	9507	7026
PDACNP_10_GAAACTCGTGCGATGC-1	1	28	24	5721	14562
PDACNP_10_GAAACTCTAATGAAGG-1	1	13	73	12353	18091
PDACNP_10_GAAAGAACAGCGTTAT-1	1	37	103	16410	12438
PDACNP_10_GAAAGCAGTGCACTTT-1	1	56	54	9778	7968
PDACNP_10_GAAAGCCCTTTGGACC-1	1	35	21	5315	12914
PDACNP_10_GAAAGTGACTAACTGC-1	1	25	31	6669	15268
PDACNP_10_GAAATACTAAACGTTT-1	1	18	22	5452	16916
PDACNP_10_GAAATATCACCATCAG-1	1	33	23	5586	13384
PDACNP_10_GAAATATGCTTGAATG-1	1	16	110	17359	17382
PDACNP_10_GAAATCGCGCGCAACT-1	1	18	68	11676	16914
PDACNP_10_GAAATGGCGGTGTTAG-1	1	30	52	9510	14089
PDACNP_10_GAAATGGGATGTAAAC-1	1	13	17	4776	18094
PDACNP_10_GAAATTAGCACGGATA-1	1	18	96	15465	16912
PDACNP_10_GAAATTCACATCGCTG-1	1	13	49	9106	18092
PDACNP_10_GAAATTGTCTCTATAA-1	1	43	53	9644	11028
PDACNP_10_GAACAACTGGGATGAA-1	1	67	85	13972	5376
PDACNP_10_GAACACACATCAACCA-1	1	22	50	9240	15973
PDACNP_10_GAACAGATTACTAAAT-1	1	57	71	12078	7731
PDACNP_10_GAACCCTCTGTGTTCT-1	1	59	67	11537	7261
PDACNP_10_GAACCTCGACCTACAC-1	1	41	9	3691	11502
PDACNP_10_GAACCTTTAACGATCC-1	1	63	79	13160	6318
PDACNP_10_GAACGACCGAATGATA-1	1	19	63	10999	16679
PDACNP_10_GAACGTCTCATGGTCG-1	1	31	87	14246	13852
PDACNP_10_GAACGTTAGGAAGACG-1	1	33	15	4503	13385
PDACNP_10_GAACTGTGGAGAGACA-1	1	68	66	11401	5142
PDACNP_10_GAAGAAACGATATTGT-1	1	59	29	6395	7263
PDACNP_10_GAAGAACGGTGCAGGT-1	1	14	40	7888	17857
PDACNP_10_GAAGCCACTGATTATG-1	1	65	69	11807	5848
PDACNP_10_GAAGCCGGGTAAGCTC-1	1	23	3	2880	15740
PDACNP_10_GAAGCCTGCACATTCC-1	1	61	61	10725	6790
PDACNP_10_GAAGCGTGAGGAATTT-1	1	34	60	10592	13147
PDACNP_10_GAAGCTCGGACCCGTC-1	1	55	21	5313	8205
PDACNP_10_GAAGCTTGCTGACCGC-1	1	29	35	7210	14326
PDACNP_10_GAAGGAGTCGAGTGCG-1	1	66	60	10589	5613
PDACNP_10_GAAGGGCATAACCATG-1	1	7	11	3964	19507
PDACNP_10_GAAGGGTCATTAAGAC-1	1	73	81	13430	3964
PDACNP_10_GAAGTCAGTTGCACTA-1	1	52	58	10320	8909
PDACNP_10_GAAGTCTCCCTAGCGA-1	1	37	91	14786	12439
PDACNP_10_GAAGTGATTTATCGTG-1	1	39	47	8833	11971
PDACNP_10_GAAGTGCTGGATAGCT-1	1	15	61	10729	17620
PDACNP_10_GAAGTTTCCACTCAAT-1	1	36	46	8698	12677
PDACNP_10_GAATAGACGCGACCCA-1	1	42	92	14921	11262
PDACNP_10_GAATAGCCCTGCGGTC-1	1	18	110	17359	16911
PDACNP_10_GAATAGTGCTCGATTA-1	1	60	36	7342	7027
PDACNP_10_GAATATTCGGAGTCCC-1	1	13	83	13706	18090
PDACNP_10_GAATCGACATGGTCAC-1	1	26	42	8157	15032
PDACNP_10_GAATCGCCGGACACGG-1	1	11	41	8023	18563
PDACNP_10_GAATCTGAACATTCTC-1	1	42	64	11133	11263
PDACNP_10_GAATGAAGGTCTTCAG-1	1	17	117	18306	17147
PDACNP_10_GAATGCCGAAATGACC-1	1	21	17	4775	16210
PDACNP_10_GAATGCGAATCGGTTC-1	1	63	69	11807	6319
PDACNP_10_GAATGGGCTTATCGAC-1	1	40	6	3285	11737
PDACNP_10_GAATGTATGGCAGGTC-1	1	15	91	14788	17619
PDACNP_10_GAATGTGGTCCGGATT-1	1	43	81	13433	11027
PDACNP_10_GAATGTTGGGTAATCT-1	1	23	69	11811	15736
PDACNP_10_GAATTATAGTGAAAGG-1	1	34	68	11675	13147
PDACNP_10_GAATTCACCCGGGTGT-1	1	47	55	9914	10087
PDACNP_10_GAATTTCTCGCTGCAG-1	1	28	30	6533	14561
PDACNP_10_GACAAACATATGCAGG-1	1	44	100	16004	10790
PDACNP_10_GACAACGACCATTGAA-1	1	25	77	12893	15265
PDACNP_10_GACAACGCAGCTTACG-1	1	20	54	9782	16444
PDACNP_10_GACACAAGGGAAGAAA-1	1	30	72	12216	14088
PDACNP_10_GACACAGCCGGGACTG-1	1	72	100	16001	4198
PDACNP_10_GACACCCAAAGACGCG-1	1	75	37	7476	3495
PDACNP_10_GACACGAGTTAGAGGA-1	1	19	25	5858	16681
PDACNP_10_GACACTGAGTTCAGTG-1	1	44	46	8697	10793
PDACNP_10_GACACTGGAACCCGAT-1	1	52	110	17356	8906
PDACNP_10_GACACTTCCAATTACC-1	1	70	96	15460	4669
PDACNP_10_GACAGATTTCTGGCTC-1	1	44	8	3555	10795
PDACNP_10_GACAGCCAGACCTGAC-1	1	42	86	14109	11262
PDACNP_10_GACAGGCACACACTAT-1	1	38	22	5450	12207
PDACNP_10_GACATACTGTCGCAGA-1	1	21	9	3692	16210
PDACNP_10_GACATCCGTCGAACTG-1	1	65	71	12078	5848
PDACNP_10_GACATCGATTTATAAC-1	1	52	50	9237	8910
PDACNP_10_GACATTTCGCCCAGCC-1	1	72	16	4635	4203
PDACNP_10_GACCAAACGTTGACTG-1	1	58	108	17085	7494
PDACNP_10_GACCACACTTCCCTTT-1	1	70	80	13295	4670
PDACNP_10_GACCAGAGCCCTGTAG-1	1	31	47	8833	13854
PDACNP_10_GACCCAATTATGATAC-1	1	54	20	5178	8440
PDACNP_10_GACCCGTCGCCGGCTA-1	1	9	59	10459	19033
PDACNP_10_GACCGACTGAAGCGTC-1	1	34	22	5450	13149
PDACNP_10_GACCGATTAAATATGT-1	1	68	16	4635	5144
PDACNP_10_GACCGGTGATACTCTC-1	1	74	4	3011	3732
PDACNP_10_GACCGTCAGGTCGTGA-1	1	13	81	13436	18090
PDACNP_10_GACCGTGCTGACGGTG-1	1	40	52	9509	11735
PDACNP_10_GACCGTTACATGCGAC-1	1	38	6	3285	12208
PDACNP_10_GACCTTCCACGTCTAC-1	1	66	74	12484	5612
PDACNP_10_GACGACGATCCGCGTT-1	1	52	70	11944	8909
PDACNP_10_GACGAGGCTAATAAAC-1	1	56	100	16003	7965
PDACNP_10_GACGATATCACTGGGT-1	1	72	34	7070	4202
PDACNP_10_GACGCATACCCGTCGG-1	1	64	6	3282	6087
PDACNP_10_GACGCCGTAAAGGCTA-1	1	54	54	9778	8439
PDACNP_10_GACGCCTGTTGCAGGG-1	1	11	31	6670	18564
PDACNP_10_GACGCTTGCTTCTAAA-1	1	38	36	7344	12207
PDACNP_10_GACGGGCATCGAATTT-1	1	75	107	16948	3491
PDACNP_10_GACGGGTTGGCCCGTA-1	1	61	51	9372	6791
PDACNP_10_GACGGTCAATAGAAGC-1	1	30	100	16005	14087
PDACNP_10_GACGGTCCTAGGGTGT-1	1	43	125	19387	11025
PDACNP_10_GACGTGAGACTCCATG-1	1	8	30	6535	19270
PDACNP_10_GACGTGTAGGGATTAT-1	1	28	32	6804	14561
PDACNP_10_GACGTTGCTCGGCGGC-1	1	73	31	6664	3966
PDACNP_10_GACTAAGATCATGCAC-1	1	23	53	9646	15737
PDACNP_10_GACTAAGTAGGCTCAC-1	1	27	43	8292	14796
PDACNP_10_GACTACAAAGCGGTGG-1	1	49	21	5314	9617
PDACNP_10_GACTAGGCCGTTAGGT-1	1	66	78	13025	5612
PDACNP_10_GACTCACCCACGTGAG-1	1	38	106	16816	12203
PDACNP_10_GACTCCCAGAATAAGG-1	1	27	111	17494	14792
PDACNP_10_GACTCCTTCCAATTGA-1	1	56	10	3824	7970
PDACNP_10_GACTCGCGGGAATGAC-1	1	28	96	15464	14558
PDACNP_10_GACTCTAGAGTTCCAA-1	1	74	56	10047	3730
PDACNP_10_GACTGCAAATCGAGCT-1	1	59	75	12619	7260
PDACNP_10_GACTGCACCAGCCCAG-1	1	46	80	13297	10321
PDACNP_10_GACTGCGGCACGTGTA-1	1	27	15	4504	14798
PDACNP_10_GACTGCTGGTGAGAAA-1	1	67	39	7748	5379
PDACNP_10_GACTTCAACGCATCAA-1	1	74	94	15189	3728
PDACNP_10_GAGAACGGTTCTGACT-1	1	67	103	16407	5375
PDACNP_10_GAGAATCTCACGATCA-1	1	31	5	3150	13856
PDACNP_10_GAGACCCTGCAACGCC-1	1	11	111	17495	18560
PDACNP_10_GAGACTGATGGGTAGA-1	1	28	56	10051	14560
PDACNP_10_GAGACTTCGCGACCGA-1	1	53	57	10184	8674
PDACNP_10_GAGAGCGCAGTCCCTG-1	1	28	6	3286	14563
PDACNP_10_GAGAGGGCGCGAGGTT-1	1	38	40	7885	12206
PDACNP_10_GAGAGGTGCATTCTGG-1	1	44	28	6261	10794
PDACNP_10_GAGAGTCTCGGGAGAG-1	1	72	40	7882	4201
PDACNP_10_GAGATCTGCTTGGCAT-1	1	34	44	8427	13148
PDACNP_10_GAGATCTGTCACTCCG-1	1	30	74	12487	14088
PDACNP_10_GAGATCTTCCATGACA-1	1	45	77	12891	10556
PDACNP_10_GAGATGGCTTTAATCA-1	1	70	76	12754	4670
PDACNP_10_GAGATGGGAGTCGACA-1	1	52	72	12214	8908
PDACNP_10_GAGCACCTGTGTCCAG-1	1	58	80	13296	7495
PDACNP_10_GAGCATCAACAACTTG-1	1	64	30	6530	6085
PDACNP_10_GAGCATCATCCCTGGG-1	1	12	40	7888	18328
PDACNP_10_GAGCCACGGTAGTAGG-1	1	9	47	8835	19034
PDACNP_10_GAGCCAGCTACCTGTG-1	1	53	89	14514	8672
PDACNP_10_GAGCCGAGCGTTTATT-1	1	13	107	16954	18089
PDACNP_10_GAGCGAGGGAGTACCG-1	1	14	58	10323	17856
PDACNP_10_GAGCGCAAATACTCCG-1	1	51	107	16950	9142
PDACNP_10_GAGCGCGCACGAGTAG-1	1	49	93	15056	9614
PDACNP_10_GAGCGCTGTTAGGTAA-1	1	61	23	5583	6792
PDACNP_10_GAGCGGAATGCGGTGT-1	1	68	48	8965	5143
PDACNP_10_GAGCTAAGGGCATATC-1	1	29	83	13705	14323
PDACNP_10_GAGCTCAACATGAGCG-1	1	73	69	11806	3964
PDACNP_10_GAGCTCTCGGACCTAA-1	1	15	33	6940	17622
PDACNP_10_GAGCTGTCGTCTCGGA-1	1	20	108	17088	16441
PDACNP_10_GAGGAATATCTCTTTG-1	1	71	45	8559	4436
PDACNP_10_GAGGAATGGAGAGGTT-1	1	27	31	6669	14797
PDACNP_10_GAGGAGATCCTCATGC-1	1	12	8	3558	18330
PDACNP_10_GAGGCCCGACTCCGCA-1	1	55	23	5584	8205
PDACNP_10_GAGGCCTGTTGATACA-1	1	63	107	16949	6317
PDACNP_10_GAGGCTATCAAAGTCG-1	1	35	27	6127	12913
PDACNP_10_GAGGGAGTCAGATCGC-1	1	65	41	8018	5849
PDACNP_10_GAGGGCATCGCGTATC-1	1	11	33	6941	18564
PDACNP_10_GAGGGCGCAGCTCTGC-1	1	27	89	14517	14794
PDACNP_10_GAGGGTAGTAACAAAG-1	1	63	31	6665	6321
PDACNP_10_GAGGTACATCCATCTT-1	1	12	68	11677	18326
PDACNP_10_GAGGTACGCGTGTCCC-1	1	67	67	11536	5377
PDACNP_10_GAGGTCCCAAAGATCT-1	1	18	26	5993	16916
PDACNP_10_GAGTAAGGCCACGGGA-1	1	48	14	4366	9853
PDACNP_10_GAGTACGGGTATACAA-1	1	15	43	8294	17621
PDACNP_10_GAGTAGATACTAGTTG-1	1	62	64	11131	6554
PDACNP_10_GAGTATACCCTAATCA-1	1	70	30	6529	4673
PDACNP_10_GAGTATGCCCGCCTTG-1	1	49	43	8290	9616
PDACNP_10_GAGTATGCGCGTGCAT-1	1	63	71	12078	6319
PDACNP_10_GAGTCAGACCAGAATC-1	1	56	48	8966	7968
PDACNP_10_GAGTCCGCTTACCGGA-1	1	46	58	10320	10322
PDACNP_10_GAGTCGACAGACCCTC-1	1	29	9	3692	14327
PDACNP_10_GAGTGTCAACCAGAAA-1	1	63	83	13702	6318
PDACNP_10_GAGTGTGCGGTACCCA-1	1	44	88	14380	10791
PDACNP_10_GAGTTCTGTGGGTGCT-1	1	59	3	2877	7264
PDACNP_10_GAGTTGATGGCAATTT-1	1	51	19	5043	9147
PDACNP_10_GATAAATCGGTGGATG-1	1	15	41	8023	17621
PDACNP_10_GATAACTCGCACTGTG-1	1	39	89	14516	11968
PDACNP_10_GATAAGGCAGATGCAA-1	1	10	28	6264	18799
PDACNP_10_GATACCGTGTCGGAGT-1	1	41	127	19657	11495
PDACNP_10_GATACGATGGGAGTCA-1	1	45	45	8561	10558
PDACNP_10_GATAGAACCCGCTAGG-1	1	70	56	10048	4671
PDACNP_10_GATAGATAGTACAGTC-1	1	73	97	15595	3963
PDACNP_10_GATAGGATTAATTACA-1	1	40	126	19522	11731
PDACNP_10_GATAGGTAACGTTGAC-1	1	48	60	10591	9851
PDACNP_10_GATAGGTGTCCCGGGC-1	1	39	123	19116	11966
PDACNP_10_GATAGTGCGAGTAAGT-1	1	68	44	8424	5143
PDACNP_10_GATATCAAGCAGGAGC-1	1	55	3	2877	8206
PDACNP_10_GATATCAGTATGTATC-1	1	9	9	3693	19036
PDACNP_10_GATATCTCATGCAATA-1	1	12	58	10323	18327
PDACNP_10_GATATGAGACACTAAC-1	1	39	81	13433	11969
PDACNP_10_GATATGCGGTAGCCAA-1	1	19	91	14788	16677
PDACNP_10_GATATGGATTACGCGG-1	1	28	18	4910	14562
PDACNP_10_GATATTGAGATTGGCG-1	1	34	100	16005	13145
PDACNP_10_GATATTTCCTACATGG-1	1	17	89	14518	17148
PDACNP_10_GATCAACATAAAGGGA-1	1	62	36	7342	6556
PDACNP_10_GATCATTCCAAACATT-1	1	30	56	10051	14089
PDACNP_10_GATCCAACCTTTAAAC-1	1	77	11	3958	3026
PDACNP_10_GATCCCTTTATACTGC-1	1	28	60	10593	14560
PDACNP_10_GATCCGGGAATTAACA-1	1	39	73	12351	11969
PDACNP_10_GATCCTAAATCGGGAC-1	1	27	95	15329	14793
PDACNP_10_GATCCTCGACACTGGC-1	1	50	32	6802	9381
PDACNP_10_GATCGACACTATCTGA-1	1	27	47	8834	14796
PDACNP_10_GATCGCGGGCTCTCCA-1	1	36	52	9509	12677
PDACNP_10_GATCGCTACCCGATTT-1	1	50	98	15732	9378
PDACNP_10_GATCGCTATATCTCAG-1	1	61	25	5854	6792
PDACNP_10_GATCGCTGTGGTGCGT-1	1	70	18	4906	4673
PDACNP_10_GATCGGATAGAACCAT-1	1	41	13	4232	11501
PDACNP_10_GATCGGCGATAAGTCG-1	1	20	14	4369	16446
PDACNP_10_GATCGGTGGCCATAAC-1	1	28	68	11675	14559
PDACNP_10_GATCGTGACTGATATC-1	1	38	72	12215	12205
PDACNP_10_GATCTAACCGTATTCA-1	1	52	6	3284	8912
PDACNP_10_GATCTGCTATCTAAGG-1	1	62	56	10048	6555
PDACNP_10_GATCTTCATTGTCCTC-1	1	19	9	3693	16681
PDACNP_10_GATCTTGGAGGGCATA-1	1	44	70	11944	10792
PDACNP_10_GATCTTTGCAGGGTAT-1	1	36	38	7615	12677
PDACNP_10_GATGACAAGTAGGGCA-1	1	57	33	6937	7733
PDACNP_10_GATGACGATGATCGCG-1	1	19	113	17765	16676
PDACNP_10_GATGAGGAACCTTCGG-1	1	67	81	13431	5376
PDACNP_10_GATGCCAGCAGAAGGC-1	1	23	17	4775	15739
PDACNP_10_GATGCCTTCTGCGGCA-1	1	58	14	4366	7499
PDACNP_10_GATGCGAATGGTATTA-1	1	26	10	3827	15033
PDACNP_10_GATGCGTCCTGCATTC-1	1	37	57	10186	12441
PDACNP_10_GATGCTACAAGCGCCT-1	1	17	51	9376	17150
PDACNP_10_GATGCTACCTTCGATG-1	1	70	58	10318	4671
PDACNP_10_GATGCTGTATTTCATC-1	1	43	75	12621	11027
PDACNP_10_GATGGCGCACACATTA-1	1	19	29	6399	16680
PDACNP_10_GATGGTGCCCTAGGCA-1	1	10	78	13030	18797
PDACNP_10_GATGTAACGAACCACC-1	1	51	21	5313	9147
PDACNP_10_GATGTCCGGATCACAT-1	1	7	37	7482	19505
PDACNP_10_GATGTCGGTCAACTGC-1	1	9	73	12353	19032
PDACNP_10_GATGTTCAATCCACGA-1	1	41	43	8291	11500
PDACNP_10_GATGTTTGTGCGAGAT-1	1	20	30	6534	16445
PDACNP_10_GATTAACCGAAAGCCC-1	1	55	93	15055	8201
PDACNP_10_GATTACTGAATTTGGG-1	1	41	39	7750	11500
PDACNP_10_GATTAGAAACAAGCGT-1	1	75	45	8559	3495
PDACNP_10_GATTATCTTGCATTAT-1	1	76	92	14918	3257
PDACNP_10_GATTCCCTTGTCGCAG-1	1	25	67	11540	15266
PDACNP_10_GATTCCGCGTTTCCGT-1	1	16	76	12759	17384
PDACNP_10_GATTCCTATACGGCGC-1	1	25	23	5586	15268
PDACNP_10_GATTCGACGGTTCACG-1	1	41	71	12080	11498
PDACNP_10_GATTCTGTTAATGAGT-1	1	74	62	10859	3729
PDACNP_10_GATTGCTCCAGTTGCA-1	1	63	27	6124	6321
PDACNP_10_GATTGGGAAAGGTTGT-1	1	66	80	13295	5612
PDACNP_10_GATTTGCGCTAACACC-1	1	75	51	9371	3494
PDACNP_10_GCAAACCCTACATTAT-1	1	48	82	13568	9850
PDACNP_10_GCAAACCTTGGCCATA-1	1	57	67	11537	7731
PDACNP_10_GCAAAGGGCGTTAGCC-1	1	66	20	5177	5615
PDACNP_10_GCAAATATTACGCTTT-1	1	35	41	8021	12913
PDACNP_10_GCAAATGAGGACACTT-1	1	41	5	3149	11502
PDACNP_10_GCAACACACTAGAACT-1	1	46	16	4637	10324
PDACNP_10_GCAACAGCAGTATGCG-1	1	46	106	16815	10319
PDACNP_10_GCAACCACCAGACCGG-1	1	14	92	14924	17854
PDACNP_10_GCAACCACGGCCGCGT-1	1	43	29	6397	11030
PDACNP_10_GCAACCCAAGTTGTTT-1	1	31	3	2880	13856
PDACNP_10_GCAAGAATTCCTTGGC-1	1	44	36	7344	10794
PDACNP_10_GCAAGATGTGTTCGCG-1	1	11	105	16683	18560
PDACNP_10_GCAAGCTGGAAACCGC-1	1	54	2	2742	8441
PDACNP_10_GCAAGTGCACAGAGAA-1	1	24	42	8157	15502
PDACNP_10_GCAAGTGTAAAGCATG-1	1	67	45	8559	5378
PDACNP_10_GCACAAACCCTAGATG-1	1	65	21	5312	5850
PDACNP_10_GCACAACCTCGGGCGT-1	1	58	10	3824	7499
PDACNP_10_GCACAAGTGGATCATA-1	1	16	6	3287	17388
PDACNP_10_GCACAAGTGTCGGAAG-1	1	10	64	11136	18797
PDACNP_10_GCACACACTGGTAGCC-1	1	56	94	15191	7966
PDACNP_10_GCACACAGCTATTACC-1	1	72	70	11942	4200
PDACNP_10_GCACACGCCCATGGTC-1	1	34	10	3827	13150
PDACNP_10_GCACAGCACGGGCCGA-1	1	72	42	8153	4201
PDACNP_10_GCACCTAGGCGAGTCC-1	1	73	103	16407	3963
PDACNP_10_GCACGCCGATTCCCGC-1	1	72	76	12754	4199
PDACNP_10_GCACGCCTACTTAGAT-1	1	55	39	7749	8204
PDACNP_10_GCACGTGGTTTACTTA-1	1	64	106	16814	6081
PDACNP_10_GCACTAGTCGCGCTAT-1	1	13	43	8294	18092
PDACNP_10_GCACTGCCTACCTTTA-1	1	66	68	11672	5612
PDACNP_10_GCACTGTGCAAATGTA-1	1	9	33	6941	19035
PDACNP_10_GCAGACCCAGCACGTA-1	1	39	103	16410	11968
PDACNP_10_GCAGATCCATAAGACT-1	1	51	85	13973	9143
PDACNP_10_GCAGATCCTCGCAAAT-1	1	23	13	4233	15739
PDACNP_10_GCAGATTAGGGATATC-1	1	37	61	10727	12441
PDACNP_10_GCAGCACACAGCCCAG-1	1	38	42	8156	12206
PDACNP_10_GCAGCCTATATCACAT-1	1	35	113	17764	12909
PDACNP_10_GCAGCGGTGGGCATTA-1	1	7	31	6671	19506
PDACNP_10_GCAGCTATGGACAGGT-1	1	13	113	17766	18089
PDACNP_10_GCAGCTGTCAACGCAT-1	1	71	87	14242	4434
PDACNP_10_GCAGGAACTTAGATCT-1	1	53	15	4501	8676
PDACNP_10_GCAGGACTATAGAATA-1	1	35	37	7480	12913
PDACNP_10_GCAGGTAGAGTATGGT-1	1	18	94	15194	16912
PDACNP_10_GCAGTGTGGCTATAGG-1	1	59	83	13702	7260
PDACNP_10_GCATACGAGGTCTTTA-1	1	38	14	4367	12208
PDACNP_10_GCATAGAGCACTCAGG-1	1	37	59	10456	12441
PDACNP_10_GCATCCCTAACTTTGA-1	1	16	42	8158	17386
PDACNP_10_GCATCGGCCGTGTAGG-1	1	49	103	16409	9613
PDACNP_10_GCATGAGGGACGCGGC-1	1	30	90	14652	14087
PDACNP_10_GCATGCTAATAACGAT-1	1	67	95	15325	5376
PDACNP_10_GCATGGGTACTGACGC-1	1	41	3	2879	11502
PDACNP_10_GCATTCAAGGCAACGC-1	1	28	108	17088	14557
PDACNP_10_GCATTCGAAATGAACA-1	1	28	14	4368	14562
PDACNP_10_GCATTGACTTGCGGAA-1	1	50	4	3013	9383
PDACNP_10_GCATTGTAATTCATAT-1	1	41	21	5314	11501
PDACNP_10_GCATTTCCAAGGCTCC-1	1	33	111	17493	13380
PDACNP_10_GCCAACCATTTCCGGA-1	1	26	106	16817	15028
PDACNP_10_GCCAAGAATACTTCTG-1	1	46	10	3825	10324
PDACNP_10_GCCAATAGGGCATCTC-1	1	25	103	16411	15264
PDACNP_10_GCCACAATTTAAGGAC-1	1	45	39	7750	10558
PDACNP_10_GCCACCTTATTCGCGA-1	1	77	9	3687	3026
PDACNP_10_GCCACTCAGAGCGCGA-1	1	59	95	15326	7259
PDACNP_10_GCCAGGAAAGAACACT-1	1	71	35	7206	4437
PDACNP_10_GCCAGGAGTAACCGAT-1	1	21	89	14517	16206
PDACNP_10_GCCATATTGCACACAG-1	1	22	90	14653	15971
PDACNP_10_GCCATCGAGCTGCGTG-1	1	53	47	8831	8674
PDACNP_10_GCCATCGATGCTGCAT-1	1	32	110	17358	13615
PDACNP_10_GCCATTAGCCTCAAAC-1	1	55	13	4231	8205
PDACNP_10_GCCCACCAAGGCTGTC-1	1	12	38	7617	18328
PDACNP_10_GCCCAGATGCTGGAGA-1	1	37	121	18846	12437
PDACNP_10_GCCCAGTTGGTATGCC-1	1	22	38	7616	15974
PDACNP_10_GCCCGACTTCTTCCCG-1	1	49	25	5855	9617
PDACNP_10_GCCCGAGAGTCTAAAT-1	1	62	10	3824	6557
PDACNP_10_GCCCGATCTGTGGTCG-1	1	53	63	10996	8673
PDACNP_10_GCCCGATGCCCAGTTC-1	1	73	19	5041	3967
PDACNP_10_GCCCGCGCGTAAACGG-1	1	49	41	8020	9616
PDACNP_10_GCCCGCGCGTTTGACA-1	1	20	40	7887	16444
PDACNP_10_GCCCGTAATACCTTCT-1	1	27	79	13164	14794
PDACNP_10_GCCCGTTCACACAATT-1	1	77	39	7747	3024
PDACNP_10_GCCCTAAGTGCAGGAT-1	1	76	74	12483	3258
PDACNP_10_GCCCTAGCCGTCGCGA-1	1	54	16	4637	8441
PDACNP_10_GCCCTGAGGATGGGCT-1	1	68	74	12483	5141
PDACNP_10_GCCGAAATTCCTACGT-1	1	35	45	8562	12912
PDACNP_10_GCCGACCCACGACTGC-1	1	62	30	6530	6556
PDACNP_10_GCCGATTGGCCAAGCT-1	1	41	61	10727	11499
PDACNP_10_GCCGCATTAGTCCGGC-1	1	35	17	4774	12914
PDACNP_10_GCCGCTTGTGAGAAAC-1	1	36	40	7886	12677
PDACNP_10_GCCGGGTTAGGGTCGC-1	1	41	59	10456	11499
PDACNP_10_GCCGGTCGTATCTCTC-1	1	70	54	9777	4671
PDACNP_10_GCCGTCGGTTTCGGGC-1	1	71	41	8018	4437
PDACNP_10_GCCTACGTTCTGTGCA-1	1	68	82	13566	5141
PDACNP_10_GCCTAGCGATCTGACC-1	1	20	42	8158	16444
PDACNP_10_GCCTATAGTGTCAGGG-1	1	29	91	14787	14323
PDACNP_10_GCCTATGCTGGGCCTT-1	1	18	114	17900	16911
PDACNP_10_GCCTATTCCGATATAG-1	1	24	30	6534	15503
PDACNP_10_GCCTATTTGCTACACA-1	1	8	50	9241	19269
PDACNP_10_GCCTCAGGTACCGGTC-1	1	76	20	5176	3261
PDACNP_10_GCCTCATCTGGAAATA-1	1	41	95	15327	11497
PDACNP_10_GCCTCCGACAATTCAC-1	1	60	98	15732	7024
PDACNP_10_GCCTCTATACATAGCA-1	1	55	75	12620	8202
PDACNP_10_GCCTGTCCCGGTGCAT-1	1	73	63	10994	3965
PDACNP_10_GCCTTCAGCCCTACCG-1	1	16	50	9241	17386
PDACNP_10_GCCTTGTATATGCAGT-1	1	17	15	4505	17152
PDACNP_10_GCCTTTGTCAGTGGAC-1	1	64	10	3824	6086
PDACNP_10_GCGAAACGATCGGGAG-1	1	54	100	16003	8436
PDACNP_10_GCGAAACTTAACTGGA-1	1	44	82	13568	10791
PDACNP_10_GCGAAGAATCTGACGG-1	1	66	84	13837	5612
PDACNP_10_GCGAAGCCATACCCGT-1	1	31	61	10728	13853
PDACNP_10_GCGAATGGACTAGCGA-1	1	75	73	12347	3493
PDACNP_10_GCGACATGTAAACATC-1	1	37	107	16951	12438
PDACNP_10_GCGACCCAACCATCTG-1	1	59	33	6936	7262
PDACNP_10_GCGACGATAGTTGTAC-1	1	48	54	9779	9851
PDACNP_10_GCGACGGTAGTCTCCT-1	1	73	71	12077	3964
PDACNP_10_GCGAGAAACGGGAGTT-1	1	13	13	4234	18094
PDACNP_10_GCGAGAGGCCATGTAA-1	1	21	113	17765	16205
PDACNP_10_GCGAGAGTTGCGTCCA-1	1	33	107	16952	13380
PDACNP_10_GCGAGCGCATGCTCCC-1	1	37	109	17222	12438
PDACNP_10_GCGAGGCCCGAGCAGA-1	1	37	47	8833	12441
PDACNP_10_GCGAGTTCTGCAAAGA-1	1	35	63	10998	12911
PDACNP_10_GCGATTCTGGAAGCAG-1	1	10	74	12489	18797
PDACNP_10_GCGATTGTTAACGTTA-1	1	37	77	12892	12440
PDACNP_10_GCGCAAATATATTCAA-1	1	58	28	6260	7498
PDACNP_10_GCGCAAGAGCGCGCTG-1	1	40	100	16004	11732
PDACNP_10_GCGCATCCAGTCAGCA-1	1	29	95	15328	14322
PDACNP_10_GCGCCGTTCCACGATA-1	1	41	65	11268	11499
PDACNP_10_GCGCCTCCCACTCCGA-1	1	48	110	17356	9848
PDACNP_10_GCGCGGTCTAGTAACT-1	1	68	60	10589	5142
PDACNP_10_GCGCGTCATTGGTACA-1	1	57	83	13702	7731
PDACNP_10_GCGCTAATTGAATAGA-1	1	34	70	11945	13147
PDACNP_10_GCGCTATGCCGAGGCA-1	1	43	47	8832	11029
PDACNP_10_GCGCTGATCCAGACTC-1	1	17	87	14247	17148
PDACNP_10_GCGCTGCTTTGCATTT-1	1	28	94	15193	14558
PDACNP_10_GCGCTTAAATAATTGG-1	1	57	89	14514	7730
PDACNP_10_GCGGACCGCGTTGTGG-1	1	51	43	8290	9145
PDACNP_10_GCGGAGAAACTTCGCA-1	1	55	33	6937	8204
PDACNP_10_GCGGAGAGGGAGAACG-1	1	46	78	13027	10321
PDACNP_10_GCGGATTACTTGTTCT-1	1	74	110	17354	3727
PDACNP_10_GCGGCAAAGTATTGCC-1	1	59	27	6125	7263
PDACNP_10_GCGGCTCTGACGTACC-1	1	38	38	7615	12206
PDACNP_10_GCGGCTTTAGCAAGTT-1	1	70	78	13024	4670
PDACNP_10_GCGGGAACCAGGCCCT-1	1	18	48	8970	16915
PDACNP_10_GCGGGCAGACGGGTGA-1	1	75	69	11806	3493
PDACNP_10_GCGGGCGAGCCTTACC-1	1	55	51	9372	8203
PDACNP_10_GCGGTAACCCAAATGA-1	1	7	23	5588	19506
PDACNP_10_GCGGTCCCTAGACGCA-1	1	13	45	8564	18092
PDACNP_10_GCGGTCTTGCTTTCAC-1	1	72	82	13565	4199
PDACNP_10_GCGGTGAACTGCGCTC-1	1	20	94	15194	16441
PDACNP_10_GCGGTGCGGAGCATCG-1	1	19	5	3151	16682
PDACNP_10_GCGGTTCCCTATCATG-1	1	47	49	9102	10087
PDACNP_10_GCGTAAATGGCCATAA-1	1	34	102	16275	13145
PDACNP_10_GCGTCCCTAAGACATA-1	1	64	42	8154	6085
PDACNP_10_GCGTCGAAATGTCGGT-1	1	17	65	11270	17149
PDACNP_10_GCGTCGCCAGGGTGAT-1	1	54	62	10861	8438
PDACNP_10_GCGTCGTAACATGGTC-1	1	74	76	12753	3728
PDACNP_10_GCGTCTCTGCATTGGG-1	1	39	41	8021	11971
PDACNP_10_GCGTGGTACTGGGTTA-1	1	35	95	15328	12910
PDACNP_10_GCGTTATATTTGGAAC-1	1	31	13	4233	13856
PDACNP_10_GCGTTCGGAGACCGGG-1	1	19	103	16412	16676
PDACNP_10_GCTAAACCTGAGGTGA-1	1	23	23	5587	15739
PDACNP_10_GCTAACTGAAGTCTGA-1	1	58	88	14379	7495
PDACNP_10_GCTAAGCCCAGTATGC-1	1	74	108	17083	3727
PDACNP_10_GCTAAGTAAAGGCGAT-1	1	27	13	4233	14798
PDACNP_10_GCTAAGTAGTTTCTCT-1	1	34	80	13298	13146
PDACNP_10_GCTAATACCGAATGCC-1	1	21	47	8834	16208
PDACNP_10_GCTACAATCGAGGATA-1	1	62	104	16543	6552
PDACNP_10_GCTACAGTACGGACCG-1	1	40	14	4367	11737
PDACNP_10_GCTACGACTTATTGGG-1	1	43	69	11809	11028
PDACNP_10_GCTACTATAGTAGAGT-1	1	50	94	15191	9378
PDACNP_10_GCTACTCGGACGCAGA-1	1	74	6	3282	3732
PDACNP_10_GCTAGACCGTCTACTG-1	1	42	104	16545	11261
PDACNP_10_GCTAGAGTAGAGATGT-1	1	56	96	15461	7965
PDACNP_10_GCTAGCAGGGAGTGGG-1	1	15	101	16142	17618
PDACNP_10_GCTAGCGATAGGTCTT-1	1	66	24	5718	5615
PDACNP_10_GCTAGCTTGAATAGCT-1	1	52	44	8425	8910
PDACNP_10_GCTAGGCACCACGGAG-1	1	54	84	13838	8437
PDACNP_10_GCTAGTAGAGCTTGTA-1	1	39	65	11268	11970
PDACNP_10_GCTAGTTTCATTGAGG-1	1	17	37	7481	17151
PDACNP_10_GCTATAAGGGCCAGGA-1	1	75	109	17219	3491
PDACNP_10_GCTATACGTCTCGGAC-1	1	52	88	14379	8908
PDACNP_10_GCTATCATACTCATGG-1	1	54	78	13026	8437
PDACNP_10_GCTATCGCGGCGCAAC-1	1	20	24	5722	16445
PDACNP_10_GCTATGCCAGCTTATG-1	1	44	2	2743	10796
PDACNP_10_GCTCAACCTCTTAGAG-1	1	17	9	3693	17152
PDACNP_10_GCTCAATCCGTTTATT-1	1	53	35	7208	8675
PDACNP_10_GCTCAATGTAATACCG-1	1	62	58	10319	6555
PDACNP_10_GCTCATTACTGCATGT-1	1	13	93	15059	18090
PDACNP_10_GCTCATTGATCATATC-1	1	74	48	8965	3730
PDACNP_10_GCTCCATGCAAAGCAA-1	1	69	55	9912	4907
PDACNP_10_GCTCCCAGTCGGTCCA-1	1	43	109	17222	11025
PDACNP_10_GCTCCTGACATACTGG-1	1	56	32	6801	7969
PDACNP_10_GCTCGCGGTTCCGCTC-1	1	25	13	4233	15268
PDACNP_10_GCTCGCTCATGTCCAA-1	1	41	99	15869	11497
PDACNP_10_GCTCGGAATTTAAAGC-1	1	22	84	13841	15971
PDACNP_10_GCTCTAAACCCTGACG-1	1	24	58	10322	15502
PDACNP_10_GCTCTATGTTACGTGC-1	1	26	40	7887	15032
PDACNP_10_GCTCTCGGGTACCGAA-1	1	26	58	10322	15031
PDACNP_10_GCTCTTTCCGCTAGTG-1	1	64	54	9777	6084
PDACNP_10_GCTGAATCTTCCAATC-1	1	59	23	5583	7263
PDACNP_10_GCTGAGCAACGGTTCT-1	1	19	7	3422	16681
PDACNP_10_GCTGAGGCGTGAGTAT-1	1	40	64	11133	11734
PDACNP_10_GCTGCACGGTTTCTTA-1	1	41	73	12350	11498
PDACNP_10_GCTGCGAAGAATTATT-1	1	74	46	8694	3730
PDACNP_10_GCTGCTAAGTAGTCGA-1	1	56	56	10049	7968
PDACNP_10_GCTGCTACTGCGTAGC-1	1	51	75	12620	9144
PDACNP_10_GCTGCTCTCCGGACAC-1	1	31	63	10998	13853
PDACNP_10_GCTGGACCCAAAGTGG-1	1	14	106	16818	17853
PDACNP_10_GCTGGCATATTCACCT-1	1	31	31	6668	13855
PDACNP_10_GCTGGCGGCGCATGCT-1	1	54	64	11131	8438
PDACNP_10_GCTGGGAGCGCGTCAA-1	1	73	33	6935	3966
PDACNP_10_GCTGGTTTAGGCCATA-1	1	60	14	4365	7028
PDACNP_10_GCTGTATTACTGGCCC-1	1	46	38	7614	10323
PDACNP_10_GCTGTTGCTACCGAAC-1	1	39	95	15328	11968
PDACNP_10_GCTTAATGTAACTAAC-1	1	42	84	13839	11262
PDACNP_10_GCTTATGAAGCAGGAA-1	1	35	89	14516	12910
PDACNP_10_GCTTCCAGCTTAGATT-1	1	8	16	4641	19271
PDACNP_10_GCTTCCATGTAACCGC-1	1	74	102	16272	3727
PDACNP_10_GCTTCCCGTAAGCTCC-1	1	75	95	15324	3492
PDACNP_10_GCTTCCGTCCCTAGAC-1	1	29	77	12893	14323
PDACNP_10_GCTTCGACGTTCAATC-1	1	69	15	4500	4909
PDACNP_10_GCTTGATGATAATCAG-1	1	22	36	7346	15974
PDACNP_10_GCTTGCAGCACAATTG-1	1	19	117	18306	16676
PDACNP_10_GCTTGGATCGATTAGG-1	1	31	97	15599	13851
PDACNP_10_GCTTTCAGAGGAGGTG-1	1	33	95	15328	13381
PDACNP_10_GGAAACAGAGCTTGGG-1	1	76	26	5988	3260
PDACNP_10_GGAAACCTTGTTGAAT-1	1	20	106	16818	16441
PDACNP_10_GGAAACTAAATGGGCC-1	1	60	102	16273	7023
PDACNP_10_GGAAAGGGAATTGAGC-1	1	73	73	12348	3964
PDACNP_10_GGAAAGTCTTGATTGT-1	1	75	43	8288	3495
PDACNP_10_GGAAAGTGCCCATGCC-1	1	20	90	14653	16442
PDACNP_10_GGAACCCGAACAAGAA-1	1	23	9	3692	15740
PDACNP_10_GGAACCGTGTAAATTG-1	1	49	47	8832	9616
PDACNP_10_GGAACCTTGACTCTGC-1	1	59	21	5313	7263
PDACNP_10_GGAACGGCCTGCAGCC-1	1	25	15	4504	15268
PDACNP_10_GGAACTCGTGAATACG-1	1	77	43	8288	3024
PDACNP_10_GGAACTTTGGCGATTA-1	1	60	110	17355	7023
PDACNP_10_GGAAGCTCGCTTACAG-1	1	11	83	13706	18561
PDACNP_10_GGAAGGACACCGTATA-1	1	73	83	13701	3964
PDACNP_10_GGAATGCGCTAGCGTG-1	1	32	82	13569	13617
PDACNP_10_GGACAACCATGAAGCC-1	1	70	102	16272	4669
PDACNP_10_GGACAAGTTGCAGTGA-1	1	33	7	3421	13385
PDACNP_10_GGACACAAGTTTACAC-1	1	47	111	17492	10084
PDACNP_10_GGACACCTCGGTGTTG-1	1	75	63	10994	3494
PDACNP_10_GGACCAACAGGATAAC-1	1	51	67	11538	9144
PDACNP_10_GGACCTACGGTAACGT-1	1	17	109	17224	17147
PDACNP_10_GGACCTCTAGGCCGCC-1	1	58	30	6531	7498
PDACNP_10_GGACGTCCATAGTTGG-1	1	14	116	18171	17853
PDACNP_10_GGACTAAGTCAGGAGT-1	1	27	5	3151	14798
PDACNP_10_GGACTCGACAGCGCAT-1	1	68	46	8695	5143
PDACNP_10_GGACTCGTGAGTGGTC-1	1	64	38	7612	6085
PDACNP_10_GGACTCTTTGACTAAG-1	1	71	83	13701	4434
PDACNP_10_GGAGAAGTCATTGGCA-1	1	23	41	8022	15738
PDACNP_10_GGAGACCATCTACATA-1	1	50	8	3554	9383
PDACNP_10_GGAGACGACACCTTTG-1	1	43	67	11538	11028
PDACNP_10_GGAGCAACATTTCAAG-1	1	57	103	16408	7730
PDACNP_10_GGAGCACCAAGAACTA-1	1	26	82	13570	15029
PDACNP_10_GGAGCGAGGCCTACTT-1	1	67	69	11807	5377
PDACNP_10_GGAGGGCTTGGTTGGC-1	1	32	78	13028	13617
PDACNP_10_GGAGTGCCGCCCTGGA-1	1	19	53	9646	16679
PDACNP_10_GGATACTCATGAATTG-1	1	9	45	8565	19034
PDACNP_10_GGATCAGAGCCATCAG-1	1	43	1	2608	11031
PDACNP_10_GGATCATCCCGTACGC-1	1	17	101	16141	17147
PDACNP_10_GGATCCCTACCAGCTA-1	1	8	12	4100	19271
PDACNP_10_GGATCCGGAATATACT-1	1	34	82	13569	13146
PDACNP_10_GGATCTACCGTTCGTC-1	1	77	31	6664	3025
PDACNP_10_GGATCTTACTGCCCTT-1	1	65	35	7206	5850
PDACNP_10_GGATCTTGACTCAACC-1	1	51	17	4772	9147
PDACNP_10_GGATGAAGATCGCTGA-1	1	42	94	15192	11262
PDACNP_10_GGATGACGCGAGTTTA-1	1	37	45	8562	12441
PDACNP_10_GGATGCTGGCGTTCCT-1	1	39	19	5044	11972
PDACNP_10_GGATGGCTTGAAGTAT-1	1	68	98	15731	5140
PDACNP_10_GGATGTCCTTACCGCA-1	1	35	91	14787	12910
PDACNP_10_GGATTAATCATGGACC-1	1	71	75	12618	4435
PDACNP_10_GGATTCAGTACGGTGG-1	1	19	33	6940	16680
PDACNP_10_GGATTCCGCTATACCC-1	1	19	81	13435	16678
PDACNP_10_GGATTGAAGTAGCCTC-1	1	76	102	16271	3256
PDACNP_10_GGATTGCTGTGACTCC-1	1	60	84	13837	7024
PDACNP_10_GGATTTCACTTCTATA-1	1	31	83	13705	13852
PDACNP_10_GGCAAAGGCGCCAATA-1	1	54	34	7072	8440
PDACNP_10_GGCAAATTACTTTACT-1	1	41	53	9644	11499
PDACNP_10_GGCAAGCCCATAGTGG-1	1	67	61	10724	5377
PDACNP_10_GGCAAGGCGAAATAGC-1	1	45	69	11809	10557
PDACNP_10_GGCAATAGTCAATGAG-1	1	30	70	11946	14088
PDACNP_10_GGCACGCTGCTACAGT-1	1	72	112	17625	4197
PDACNP_10_GGCACTCCACTGGGCA-1	1	34	46	8698	13148
PDACNP_10_GGCACTGCGGTGGTTT-1	1	70	110	17354	4668
PDACNP_10_GGCAGAGAGATCGGGA-1	1	35	3	2879	12915
PDACNP_10_GGCAGCAAACCTATGC-1	1	51	103	16409	9142
PDACNP_10_GGCAGCGGTAATCCTA-1	1	14	100	16006	17854
PDACNP_10_GGCATACAGGTAGCGG-1	1	34	32	6803	13149
PDACNP_10_GGCATATCGGTTCTGC-1	1	17	83	13706	17148
PDACNP_10_GGCATTCCCTCCCTCG-1	1	77	111	17489	3020
PDACNP_10_GGCATTGAACATCTCA-1	1	74	58	10318	3729
PDACNP_10_GGCCAATTGTATAGAC-1	1	74	98	15730	3727
PDACNP_10_GGCCCAGCTGGTTTGC-1	1	70	74	12483	4670
PDACNP_10_GGCCCGGAGCATGTCT-1	1	35	119	18575	12908
PDACNP_10_GGCCCTCACCCACTTA-1	1	37	23	5585	12443
PDACNP_10_GGCCGAGACTCTGGTG-1	1	62	32	6801	6556
PDACNP_10_GGCCGGCGTCTGCTAT-1	1	65	79	13160	5847
PDACNP_10_GGCCGTTTGGGTTTCA-1	1	59	45	8560	7262
PDACNP_10_GGCCTGCTCTGATGTT-1	1	72	64	11130	4200
PDACNP_10_GGCCTTTGCAACTGGC-1	1	36	8	3556	12679
PDACNP_10_GGCGAAATCTAACTTG-1	1	43	87	14245	11027
PDACNP_10_GGCGAGCGAAACGGCA-1	1	51	7	3419	9147
PDACNP_10_GGCGCACAGTTTACCT-1	1	77	103	16407	3021
PDACNP_10_GGCGCAGGACATCTTC-1	1	37	27	6127	12442
PDACNP_10_GGCGCATGAATTGATG-1	1	42	54	9779	11264
PDACNP_10_GGCGCGGAGATCTTTC-1	1	58	86	14108	7495
PDACNP_10_GGCGCGTTCGAGTTTA-1	1	47	59	10456	10086
PDACNP_10_GGCGCTCCTCATCAAT-1	1	17	19	5046	17152
PDACNP_10_GGCGCTTCATTCCCTG-1	1	67	71	12077	5377
PDACNP_10_GGCGGAGTAATATTAG-1	1	32	46	8698	13619
PDACNP_10_GGCGGTAGGATCATTG-1	1	31	69	11810	13853
PDACNP_10_GGCGGTTTGCCGGTGC-1	1	15	11	3964	17623
PDACNP_10_GGCGTAGGGAAAGCTG-1	1	64	82	13566	6083
PDACNP_10_GGCGTCCTATCCGCTG-1	1	31	33	6939	13855
PDACNP_10_GGCTAAAGGGCGGGTC-1	1	19	99	15871	16677
PDACNP_10_GGCTAATGATTGAAAT-1	1	11	113	17766	18559
PDACNP_10_GGCTACTATACACTCC-1	1	64	44	8424	6085
PDACNP_10_GGCTATTAAGTTGTAT-1	1	33	41	8021	13383
PDACNP_10_GGCTCCTCCACCTGTT-1	1	59	35	7207	7262
PDACNP_10_GGCTCGCGTTGAGGTA-1	1	31	93	15058	13852
PDACNP_10_GGCTCGTGCCACCAGC-1	1	20	38	7617	16444
PDACNP_10_GGCTCTGCTCCAACGC-1	1	26	72	12217	15030
PDACNP_10_GGCTGAAATAGCAAAG-1	1	49	79	13162	9614
PDACNP_10_GGCTGGCAATCCCACG-1	1	76	88	14377	3257
PDACNP_10_GGCTGGCTAGCTTAAA-1	1	11	29	6400	18564
PDACNP_10_GGCTGTCCTACTGCGG-1	1	76	50	9235	3259
PDACNP_10_GGCTTTCAATAAGGGT-1	1	60	62	10860	7025
PDACNP_10_GGGAAAGAATGCCAAC-1	1	70	108	17084	4669
PDACNP_10_GGGAACGGGAGGTTAG-1	1	39	37	7479	11971
PDACNP_10_GGGAACGGTTTCAGAT-1	1	64	32	6801	6085
PDACNP_10_GGGAAGACGGTCTGTC-1	1	64	76	12754	6083
PDACNP_10_GGGAAGGGCTTTCTCA-1	1	63	87	14243	6318
PDACNP_10_GGGAATGAGCCCTCAC-1	1	19	107	16953	16676
PDACNP_10_GGGAATTCTGTCCAGT-1	1	28	4	3015	14563
PDACNP_10_GGGACAGAGTTACTCC-1	1	57	19	5042	7734
PDACNP_10_GGGACCCGTATATCTT-1	1	57	53	9643	7732
PDACNP_10_GGGACTGCATAGATAG-1	1	32	60	10592	13618
PDACNP_10_GGGAGAACTCACAGTA-1	1	32	64	11134	13618
PDACNP_10_GGGAGCGACCGTAGTG-1	1	68	86	14107	5141
PDACNP_10_GGGAGGATGCCCGAAA-1	1	37	51	9374	12441
PDACNP_10_GGGAGTAATGGCTGGC-1	1	10	42	8159	18799
PDACNP_10_GGGAGTTAATGAGGCG-1	1	33	75	12622	13382
PDACNP_10_GGGATACGGTAATAAT-1	1	21	7	3422	16211
PDACNP_10_GGGATATTGATCGCCA-1	1	75	23	5582	3496
PDACNP_10_GGGATGGACCCGCGTC-1	1	65	5	3147	5851
PDACNP_10_GGGATGGTCGTAACCG-1	1	47	43	8291	10087
PDACNP_10_GGGATTTACCGCACCT-1	1	42	90	14651	11262
PDACNP_10_GGGCAACCGCACGTGC-1	1	55	19	5042	8205
PDACNP_10_GGGCACGTAGTACTGT-1	1	70	48	8965	4672
PDACNP_10_GGGCACTATTGACCAT-1	1	61	3	2877	6793
PDACNP_10_GGGCAGACGTCACTGC-1	1	48	4	3013	9854
PDACNP_10_GGGCAGAGCAATCGTT-1	1	58	60	10590	7496
PDACNP_10_GGGCAGGATTTCTGTG-1	1	65	7	3418	5851
PDACNP_10_GGGCAGTCAACGCCAA-1	1	69	79	13160	4906
PDACNP_10_GGGCATGCATGTCGAG-1	1	73	55	9912	3965
PDACNP_10_GGGCCCGTCTTAAACA-1	1	42	52	9509	11264
PDACNP_10_GGGCCCTACGAAAGGG-1	1	38	16	4638	12208
PDACNP_10_GGGCCCTTATCTATAC-1	1	33	5	3150	13385
PDACNP_10_GGGCCGGCCGAAGTAC-1	1	36	84	13839	12675
PDACNP_10_GGGCCTAAATGGGCTA-1	1	45	9	3690	10560
PDACNP_10_GGGCGAATTTCTCCAC-1	1	17	7	3422	17152
PDACNP_10_GGGCGATATGTGTGAA-1	1	28	58	10322	14560
PDACNP_10_GGGCGCAGCGTTACTC-1	1	34	120	18711	13144
PDACNP_10_GGGCGGCAAATGAATT-1	1	49	45	8561	9616
PDACNP_10_GGGCGGGTTCCCTACG-1	1	43	37	7479	11029
PDACNP_10_GGGCGGTCCTATTGTC-1	1	14	28	6264	17858
PDACNP_10_GGGCGTACATTTATAT-1	1	24	54	9781	15502
PDACNP_10_GGGCGTCACCACGTAA-1	1	48	50	9238	9851
PDACNP_10_GGGCGTCCACTGGCTC-1	1	16	84	13841	17384
PDACNP_10_GGGCGTGGTTTCCCAG-1	1	61	81	13431	6789
PDACNP_10_GGGCGTTTACATTCAT-1	1	66	26	5989	5615
PDACNP_10_GGGCTACTATTTCGTG-1	1	50	6	3284	9383
PDACNP_10_GGGCTATGATCGATGG-1	1	57	51	9372	7732
PDACNP_10_GGGCTCATCGAACCCA-1	1	25	89	14517	15264
PDACNP_10_GGGCTGCCTAGGGCGA-1	1	33	69	11810	13382
PDACNP_10_GGGCTGGTTAGTCGCG-1	1	31	51	9375	13854
PDACNP_10_GGGTAATGCTGTGTTT-1	1	9	21	5317	19035
PDACNP_10_GGGTACACTCTGGAGG-1	1	6	8	3558	19742
PDACNP_10_GGGTACCCACGGTCCT-1	1	14	26	5993	17858
PDACNP_10_GGGTACTTCATGAACT-1	1	37	39	7750	12442
PDACNP_10_GGGTATGTATGCACTT-1	1	28	28	6263	14561
PDACNP_10_GGGTATTCTAGCAAAC-1	1	55	15	4501	8205
PDACNP_10_GGGTCACCGTGACGGT-1	1	35	47	8833	12912
PDACNP_10_GGGTCAGGAGCTAGAT-1	1	65	55	9913	5849
PDACNP_10_GGGTCATGCGTACCAT-1	1	22	14	4369	15975
PDACNP_10_GGGTCCTTGGAAGAAG-1	1	71	11	3958	4438
PDACNP_10_GGGTCGTGGCAAGTGT-1	1	25	107	16953	15264
PDACNP_10_GGGTGACACCTTAACT-1	1	46	56	10050	10322
PDACNP_10_GGGTGCATATGAAAGC-1	1	30	112	17629	14086
PDACNP_10_GGGTGTTTCAGCTATG-1	1	16	68	11676	17385
PDACNP_10_GGGTTAACATTTGAGT-1	1	54	50	9237	8439
PDACNP_10_GGGTTCAGACGAACAA-1	1	19	19	5046	16681
PDACNP_10_GGGTTTAGGATAGGAT-1	1	43	107	16951	11026
PDACNP_10_GGTAAATGTGCGTTAC-1	1	11	81	13436	18561
PDACNP_10_GGTAACCGGGAGGATA-1	1	57	27	6125	7734
PDACNP_10_GGTAACTATGTATCTG-1	1	12	44	8429	18328
PDACNP_10_GGTACAAACATGCTAT-1	1	40	54	9780	11735
PDACNP_10_GGTACATCTGGGACGA-1	1	38	18	4909	12207
PDACNP_10_GGTACCATTAAGACGG-1	1	29	105	16682	14322
PDACNP_10_GGTAGAAGACCGCCTG-1	1	53	71	12079	8673
PDACNP_10_GGTAGACCGTTGGGCG-1	1	53	53	9643	8674
PDACNP_10_GGTAGGCCAATATCAC-1	1	74	54	9777	3730
PDACNP_10_GGTAGTGCTCGCACCA-1	1	34	72	12216	13146
PDACNP_10_GGTATAGTGACACATA-1	1	34	114	17899	13144
PDACNP_10_GGTATTGCCGAGTTTA-1	1	33	53	9645	13383
PDACNP_10_GGTCAAGACTACTTCG-1	1	53	105	16679	8671
PDACNP_10_GGTCAGTGGGTCCCAC-1	1	48	62	10861	9851
PDACNP_10_GGTCCACGTCTATTTG-1	1	73	25	5853	3967
PDACNP_10_GGTCCTTCATACGACT-1	1	13	9	3693	18094
PDACNP_10_GGTCGGATAAACGGCG-1	1	23	97	15600	15735
PDACNP_10_GGTCGGCCAGGAGCTT-1	1	32	84	13840	13617
PDACNP_10_GGTCGGTAATTAGACA-1	1	12	36	7347	18328
PDACNP_10_GGTCGGTCGTCCACAG-1	1	56	52	9508	7968
PDACNP_10_GGTCGTAAGCTCGCAC-1	1	49	19	5043	9618
PDACNP_10_GGTCTCCGTCCAGGTT-1	1	63	101	16137	6317
PDACNP_10_GGTCTCTGAATGGACT-1	1	52	34	7072	8910
PDACNP_10_GGTCTGAGAATCTGGA-1	1	30	80	13299	14088
PDACNP_10_GGTCTTGAGCGCTCTT-1	1	65	65	11266	5848
PDACNP_10_GGTGAACGGGCTAGCC-1	1	8	32	6806	19270
PDACNP_10_GGTGAAGTACAGGGAT-1	1	47	37	7479	10087
PDACNP_10_GGTGAGATGCAGATAA-1	1	16	36	7346	17386
PDACNP_10_GGTGATAAGGAGCAGT-1	1	37	79	13163	12440
PDACNP_10_GGTGATTTCATCTTGT-1	1	9	39	7753	19034
PDACNP_10_GGTGCAGAGCCTATCG-1	1	12	104	16548	18324
PDACNP_10_GGTGCATAAATGATTA-1	1	67	47	8830	5378
PDACNP_10_GGTGCGGATAAGTGGC-1	1	16	46	8699	17386
PDACNP_10_GGTGCTGATCACAAAG-1	1	27	21	5316	14797
PDACNP_10_GGTGCTGGTACACATT-1	1	42	46	8697	11264
PDACNP_10_GGTGGACTGCTCTGGC-1	1	55	85	13973	8201
PDACNP_10_GGTGGGATTAGGTCCC-1	1	76	32	6799	3260
PDACNP_10_GGTGTAAATCGATTGT-1	1	69	65	11265	4906
PDACNP_10_GGTGTAGGTAAGTAAA-1	1	70	50	9236	4672
PDACNP_10_GGTTACCACCCTCGGG-1	1	45	33	6938	10559
PDACNP_10_GGTTACCGCTCCCTAC-1	1	76	44	8423	3259
PDACNP_10_GGTTAGCTATATGTCT-1	1	47	87	14244	10085
PDACNP_10_GGTTAGGCTTGGAGAA-1	1	28	36	7345	14561
PDACNP_10_GGTTAGGGATGCTAAT-1	1	76	14	4364	3261
PDACNP_10_GGTTAGTTACGGCGCC-1	1	27	23	5586	14797
PDACNP_10_GGTTCCGTACGACTAA-1	1	77	41	8017	3024
PDACNP_10_GGTTCGCATTTGCCGT-1	1	75	103	16407	3492
PDACNP_10_GGTTCGGATTATACTA-1	1	39	7	3420	11973
PDACNP_10_GGTTCTACTCGTCTGA-1	1	39	105	16681	11967
PDACNP_10_GGTTGTGCTCTTGTCC-1	1	24	10	3827	15504
PDACNP_10_GGTTGTGTAGCCTGGC-1	1	33	13	4233	13385
PDACNP_10_GGTTTAATTACCATCG-1	1	63	39	7748	6320
PDACNP_10_GGTTTAATTGAGCAGG-1	1	26	116	18170	15028
PDACNP_10_GGTTTACAATCTCAAT-1	1	25	73	12352	15265
PDACNP_10_GGTTTAGCCTTTCTTG-1	1	46	102	16274	10320
PDACNP_10_GGTTTCAATCGGTCAG-1	1	33	91	14787	13381
PDACNP_10_GGTTTGACAAGAAGCT-1	1	12	112	17630	18324
PDACNP_10_GGTTTGAGTGCTGGAA-1	1	12	42	8158	18328
PDACNP_10_GGTTTGTGACCTGAGG-1	1	61	105	16679	6788
PDACNP_10_GTAACAGGTTAACGGC-1	1	76	54	9776	3259
PDACNP_10_GTAACATCTAAGATAA-1	1	56	110	17356	7965
PDACNP_10_GTAACTACGTAGACCT-1	1	73	17	4770	3967
PDACNP_10_GTAACTGCCCAAGGAG-1	1	66	46	8695	5614
PDACNP_10_GTAACTTGCGGCAGTC-1	1	10	40	7888	18799
PDACNP_10_GTAAGCGGGCAGTCAG-1	1	23	63	10999	15737
PDACNP_10_GTAAGGATTTGTCGGA-1	1	10	68	11677	18797
PDACNP_10_GTAAGTAACAGTCTGG-1	1	40	82	13568	11733
PDACNP_10_GTAAGTAGGGTATACC-1	1	26	36	7345	15032
PDACNP_10_GTAATAAAGGGCTCCC-1	1	31	103	16411	13851
PDACNP_10_GTAATCTGATTCTTCG-1	1	50	44	8426	9381
PDACNP_10_GTACACTTACCTGAAG-1	1	36	64	11133	12676
PDACNP_10_GTACAGAGGCAAGGGT-1	1	37	83	13704	12439
PDACNP_10_GTACGACGGCGCTGCG-1	1	12	26	5994	18329
PDACNP_10_GTACGAGATTGCGACA-1	1	21	57	10187	16208
PDACNP_10_GTACGCTTCATTGCAC-1	1	46	72	12215	10321
PDACNP_10_GTACGTCACGTATTAA-1	1	11	107	16954	18560
PDACNP_10_GTACGTTTGCCCGTCA-1	1	44	68	11674	10792
PDACNP_10_GTACTAAGATTTGGAG-1	1	27	55	9916	14795
PDACNP_10_GTACTCCCTTATCGCT-1	1	36	28	6262	12678
PDACNP_10_GTACTCCTGGGTATGC-1	1	26	102	16276	15028
PDACNP_10_GTACTGAGGTCGTAAC-1	1	11	47	8835	18563
PDACNP_10_GTACTGCATGAAGCGT-1	1	11	39	7753	18563
PDACNP_10_GTACTGGAGTTAGACC-1	1	33	81	13434	13381
PDACNP_10_GTACTTGGGCACTTCT-1	1	17	33	6940	17151
PDACNP_10_GTAGAAACGGGTGGAG-1	1	24	16	4639	15504
PDACNP_10_GTAGACACGCCTGACT-1	1	63	67	11537	6319
PDACNP_10_GTAGACGTCGTTACAT-1	1	13	39	7752	18092
PDACNP_10_GTAGAGGGAGACAAGT-1	1	51	31	6666	9146
PDACNP_10_GTAGCCAAACATGGGA-1	1	50	70	11944	9379
PDACNP_10_GTAGCGGCTATACACT-1	1	39	69	11809	11969
PDACNP_10_GTAGCTCCGGGAGGCT-1	1	65	37	7477	5850
PDACNP_10_GTAGCTTCCTCTTGTT-1	1	31	89	14516	13852
PDACNP_10_GTAGGTGATCCGTGTA-1	1	17	79	13165	17149
PDACNP_10_GTAGTCGCGGGAATCA-1	1	49	81	13432	9614
PDACNP_10_GTAGTCTACGATATTG-1	1	63	77	12890	6318
PDACNP_10_GTAGTTCGAAGGCGAA-1	1	65	39	7748	5849
PDACNP_10_GTAGTTTAAGCACACG-1	1	73	23	5582	3967
PDACNP_10_GTATAATCTCCCGGAT-1	1	14	12	4099	17858
PDACNP_10_GTATAGGACTCAGTAG-1	1	20	58	10323	16443
PDACNP_10_GTATATGTTACGGCGG-1	1	6	20	5182	19742
PDACNP_10_GTATCAAACGTTAGCT-1	1	55	97	15597	8201
PDACNP_10_GTATCAAGGTACTTCC-1	1	72	72	12212	4200
PDACNP_10_GTATCAGCTTGGGTTC-1	1	20	34	7075	16445
PDACNP_10_GTATCCTTTGGTAACC-1	1	64	92	14919	6082
PDACNP_10_GTATCGGGACGAGCTG-1	1	5	15	4506	19977
PDACNP_10_GTATCTCAGTCTTGAC-1	1	58	22	5448	7498
PDACNP_10_GTATCTCGGGCGCTTT-1	1	71	19	5041	4438
PDACNP_10_GTATCTTTCATAACCA-1	1	46	66	11403	10321
PDACNP_10_GTATGAAATTTCACTC-1	1	52	22	5449	8911
PDACNP_10_GTATGACGTGGGAAAC-1	1	7	29	6400	19506
PDACNP_10_GTATGTGGGTCTAGTT-1	1	38	92	14922	12204
PDACNP_10_GTATTAAGGCGTCTAA-1	1	20	26	5993	16445
PDACNP_10_GTATTCTGAGAAACGA-1	1	48	38	7614	9852
PDACNP_10_GTATTCTTACCGTGCT-1	1	7	21	5317	19506
PDACNP_10_GTCAAAGAAGTGGTGT-1	1	56	18	4907	7970
PDACNP_10_GTCAAAGTTTACATAG-1	1	13	29	6399	18093
PDACNP_10_GTCAACCAGGCCTATA-1	1	65	103	16408	5846
PDACNP_10_GTCAAGCGGACTCGGG-1	1	39	77	12892	11969
PDACNP_10_GTCACAAAGTTTCCAA-1	1	9	61	10730	19033
PDACNP_10_GTCACTCTCCAAATCT-1	1	23	31	6669	15738
PDACNP_10_GTCAGAATAGTCTATG-1	1	30	32	6804	14090
PDACNP_10_GTCAGTTGTGCTCGTT-1	1	9	71	12083	19033
PDACNP_10_GTCAGTTTGGTAGTCG-1	1	29	13	4233	14327
PDACNP_10_GTCATCCCAAACTCAC-1	1	77	23	5582	3025
PDACNP_10_GTCATCTCCTACAGCT-1	1	12	12	4099	18329
PDACNP_10_GTCATGCACCTCCGTT-1	1	29	61	10728	14324
PDACNP_10_GTCATGCGCGAGGGCT-1	1	64	98	15731	6082
PDACNP_10_GTCATGGACATGACTA-1	1	26	62	10863	15030
PDACNP_10_GTCATTAGAGCGAACG-1	1	37	67	11539	12440
PDACNP_10_GTCATTGCATTGACCC-1	1	31	17	4774	13856
PDACNP_10_GTCCAATATTTAGCCT-1	1	65	53	9642	5849
PDACNP_10_GTCCAGGCACGTGTGC-1	1	70	44	8424	4672
PDACNP_10_GTCCATTACTGCTACG-1	1	42	106	16816	11261
PDACNP_10_GTCCCAACGTAAAGTA-1	1	33	73	12351	13382
PDACNP_10_GTCCCAATCATCCCGC-1	1	42	2	2743	11267
PDACNP_10_GTCCCGCGACGTTATG-1	1	58	82	13567	7495
PDACNP_10_GTCCGAGAGCAATCAT-1	1	32	8	3556	13621
PDACNP_10_GTCCGGACCTGAAATT-1	1	54	88	14379	8437
PDACNP_10_GTCCGGCTGAATTGCG-1	1	28	52	9510	14560
PDACNP_10_GTCCGGGTTCACATTA-1	1	69	71	12077	4906
PDACNP_10_GTCCGTTAGAGGGCCT-1	1	76	78	13024	3258
PDACNP_10_GTCCTACAGGCGGCTC-1	1	18	16	4640	16916
PDACNP_10_GTCCTACGAATAGTCT-1	1	53	91	14785	8672
PDACNP_10_GTCCTACTCTACGGGC-1	1	54	6	3283	8441
PDACNP_10_GTCCTAGGATACCTTA-1	1	66	6	3282	5616
PDACNP_10_GTCCTATTGTTGTGGT-1	1	29	7	3421	14327
PDACNP_10_GTCCTTCTACAACCCA-1	1	22	6	3286	15975
PDACNP_10_GTCCTTCTAGTGGGTT-1	1	10	82	13571	18796
PDACNP_10_GTCGAATTTGGGCGCT-1	1	69	17	4770	4909
PDACNP_10_GTCGCCGTTGTGTGTT-1	1	57	43	8290	7733
PDACNP_10_GTCGCGTAACCCGTTG-1	1	39	75	12621	11969
PDACNP_10_GTCGGAAGGATACCAG-1	1	13	115	18036	18088
PDACNP_10_GTCGGATATCTCAGAC-1	1	32	36	7345	13619
PDACNP_10_GTCGGATGTAGCGCGC-1	1	17	77	12894	17149
PDACNP_10_GTCGGGAACATGGTAG-1	1	40	4	3014	11737
PDACNP_10_GTCGGGAAGCAGAAAC-1	1	59	65	11266	7261
PDACNP_10_GTCGTACCATCTCGGG-1	1	46	62	10862	10322
PDACNP_10_GTCGTACCTACGATTG-1	1	37	9	3691	12443
PDACNP_10_GTCGTATTGGCGTACA-1	1	19	95	15329	16677
PDACNP_10_GTCGTCAATTATAAGG-1	1	11	45	8565	18563
PDACNP_10_GTCGTGTCTGGTCATC-1	1	28	110	17358	14557
PDACNP_10_GTCGTTATTCGCTTAT-1	1	46	76	12756	10321
PDACNP_10_GTCTACTCAATTACAA-1	1	37	13	4232	12443
PDACNP_10_GTCTAGTGAGCCGCTT-1	1	66	92	14919	5611
PDACNP_10_GTCTATACACGCATGG-1	1	74	50	9235	3730
PDACNP_10_GTCTATCTGAGTTTCT-1	1	40	42	8156	11735
PDACNP_10_GTCTATTGCATGCTCG-1	1	65	105	16678	5846
PDACNP_10_GTCTATTGGTTCCGGT-1	1	50	90	14650	9378
PDACNP_10_GTCTCAAGGCCCGGCT-1	1	60	66	11402	7025
PDACNP_10_GTCTCCCGAGTCCCGT-1	1	72	110	17354	4198
PDACNP_10_GTCTCCGCCTCAATAC-1	1	71	61	10724	4436
PDACNP_10_GTCTCCTGCCAGTATG-1	1	59	13	4230	7263
PDACNP_10_GTCTCGACTAAGTTTG-1	1	25	111	17494	15263
PDACNP_10_GTCTCGATCTGCTTTC-1	1	20	80	13300	16442
PDACNP_10_GTCTGCCGACTCGACG-1	1	73	87	14242	3963
PDACNP_10_GTCTGGGCGGTCGAGA-1	1	46	44	8426	10323
PDACNP_10_GTCTGTAGGTTGAACA-1	1	73	39	7747	3966
PDACNP_10_GTCTTAGTACAGCCGG-1	1	12	78	13030	18326
PDACNP_10_GTGAAACGGCGCCACC-1	1	24	88	14382	15500
PDACNP_10_GTGAAACGTGCTCCAC-1	1	11	37	7482	18563
PDACNP_10_GTGAACTCCCATTCGA-1	1	30	104	16546	14086
PDACNP_10_GTGAAGATTTCAAGTG-1	1	21	103	16412	16206
PDACNP_10_GTGAAGCCGTATAGTC-1	1	21	107	16953	16205
PDACNP_10_GTGAAGTCACGACTCG-1	1	49	7	3419	9618
PDACNP_10_GTGACAGCTTCCCACT-1	1	64	74	12484	6083
PDACNP_10_GTGACCGCACACTACG-1	1	39	91	14786	11968
PDACNP_10_GTGACGAGGGTGACCC-1	1	32	114	17899	13615
PDACNP_10_GTGACGCAGGTTTCAT-1	1	65	75	12619	5848
PDACNP_10_GTGACTTCAGTAGTGC-1	1	46	50	9238	10322
PDACNP_10_GTGAGATAACCTTATA-1	1	69	41	8018	4908
PDACNP_10_GTGAGCGTGCTGCACT-1	1	33	25	5856	13384
PDACNP_10_GTGAGGACACTTAAGG-1	1	41	77	12892	11498
PDACNP_10_GTGAGGAGCGGTTGAG-1	1	13	87	14247	18090
PDACNP_10_GTGAGTCTAAGACGGA-1	1	25	11	3963	15269
PDACNP_10_GTGAGTGGTACAACGC-1	1	52	56	10049	8909
PDACNP_10_GTGATCAAGCGTGCAC-1	1	65	27	6124	5850
PDACNP_10_GTGATCACTAACGCCT-1	1	47	97	15597	10084
PDACNP_10_GTGATCATAGATCTGC-1	1	45	57	10185	10557
PDACNP_10_GTGATCCTTGTCATGA-1	1	62	84	13837	6553
PDACNP_10_GTGATGCACAACATCT-1	1	12	96	15465	18325
PDACNP_10_GTGATTCGCCGCTCAA-1	1	48	40	7885	9852
PDACNP_10_GTGCAACAAATGTGGC-1	1	14	62	10865	17856
PDACNP_10_GTGCACCAGCTTCAAC-1	1	66	54	9777	5613
PDACNP_10_GTGCACGAAAGTGACT-1	1	17	71	12082	17149
PDACNP_10_GTGCCAAACGTTTCGA-1	1	76	18	4905	3261
PDACNP_10_GTGCCATCACACGGTG-1	1	42	34	7073	11265
PDACNP_10_GTGCCCGTTCGGATTC-1	1	39	85	13974	11969
PDACNP_10_GTGCCGCTTCAAAGGT-1	1	44	44	8426	10793
PDACNP_10_GTGCCTAGCTATGCTT-1	1	13	11	3964	18094
PDACNP_10_GTGCCTCAGTGTACGG-1	1	11	93	15059	18560
PDACNP_10_GTGCCTGAGACCAAAC-1	1	69	89	14513	4905
PDACNP_10_GTGCGAAATCGAACAC-1	1	45	43	8291	10558
PDACNP_10_GTGCGACAGGGAGTGT-1	1	36	100	16004	12674
PDACNP_10_GTGCGGGTCTCCAAAT-1	1	20	56	10052	16443
PDACNP_10_GTGCGTGTATATGAGC-1	1	41	83	13704	11498
PDACNP_10_GTGCTATCCAGCTGGA-1	1	76	66	11400	3258
PDACNP_10_GTGCTCAAGTACTGTC-1	1	34	52	9510	13147
PDACNP_10_GTGCTGCAGATAAGGA-1	1	37	7	3420	12444
PDACNP_10_GTGGAACCTACATGCG-1	1	15	81	13435	17619
PDACNP_10_GTGGACCAACCCGATT-1	1	45	29	6396	10559
PDACNP_10_GTGGACGCATTTGTCC-1	1	56	64	11131	7967
PDACNP_10_GTGGACGTGCTGAGAC-1	1	17	39	7752	17151
PDACNP_10_GTGGAGCGTTTACCGA-1	1	58	16	4636	7499
PDACNP_10_GTGGAGTCGGCGGTTG-1	1	54	38	7613	8439
PDACNP_10_GTGGCAAACAGCGGCA-1	1	50	20	5178	9382
PDACNP_10_GTGGCGGTCCCAGCGT-1	1	40	20	5179	11736
PDACNP_10_GTGGCTGTTTCTGTTC-1	1	70	92	14919	4669
PDACNP_10_GTGGGAACAAACCGGG-1	1	71	47	8830	4436
PDACNP_10_GTGGGAAGACTGAATC-1	1	45	15	4502	10560
PDACNP_10_GTGGGCTTAGACACAC-1	1	29	39	7751	14325
PDACNP_10_GTGGGTACTGAGCGTA-1	1	50	2	2743	9383
PDACNP_10_GTGGTATAGTCTGCCG-1	1	57	41	8019	7733
PDACNP_10_GTGGTGGCCAAGTGAA-1	1	45	79	13162	10556
PDACNP_10_GTGGTTACTTCTTTCG-1	1	31	105	16681	13851
PDACNP_10_GTGGTTTCCGCCTTTC-1	1	42	32	6803	11265
PDACNP_10_GTGTACCTTGGCTACG-1	1	26	78	13028	15030
PDACNP_10_GTGTACGAACCGTTCC-1	1	43	127	19657	11025
PDACNP_10_GTGTATATCAGCGGGC-1	1	58	76	12755	7496
PDACNP_10_GTGTCAGTGTACGTGG-1	1	68	42	8153	5143
PDACNP_10_GTGTCGTATAGCGTTC-1	1	54	76	12755	8437
PDACNP_10_GTGTGAATAACTTAGG-1	1	33	83	13704	13381
PDACNP_10_GTGTTACTATGCGTCC-1	1	41	75	12621	11498
PDACNP_10_GTTAAAGTAGGACTGG-1	1	49	83	13703	9614
PDACNP_10_GTTAACATCACTTAAA-1	1	55	73	12349	8202
PDACNP_10_GTTAACTATGTTGTCA-1	1	43	111	17492	11025
PDACNP_10_GTTAAGGGTGCGATGT-1	1	61	71	12078	6790
PDACNP_10_GTTAATGTCTATCTTA-1	1	30	12	4097	14091
PDACNP_10_GTTACAATTGGTGACG-1	1	37	33	6938	12442
PDACNP_10_GTTACCTACAACTTGC-1	1	47	67	11538	10086
PDACNP_10_GTTACTTTGGGCCTAG-1	1	43	51	9373	11029
PDACNP_10_GTTAGCCCATGACATC-1	1	67	75	12619	5377
PDACNP_10_GTTAGCCGTAAATCAA-1	1	30	110	17358	14086
PDACNP_10_GTTAGGCTACCCGTTT-1	1	54	14	4366	8441
PDACNP_10_GTTATAATACGGTGAA-1	1	53	107	16950	8671
PDACNP_10_GTTATATCAGGAGCCA-1	1	23	115	18035	15734
PDACNP_10_GTTATATTATCTCCCT-1	1	48	56	10050	9851
PDACNP_10_GTTATCAAGCTATCGA-1	1	71	103	16407	4433
PDACNP_10_GTTATTAACGTGGGAG-1	1	22	18	4910	15975
PDACNP_10_GTTCACAGGAGTCTAG-1	1	32	34	7074	13619
PDACNP_10_GTTCAGTCGCCAAATG-1	1	70	60	10589	4671
PDACNP_10_GTTCATCGTTTGGCTG-1	1	33	105	16681	13380
PDACNP_10_GTTCCAGTCTGACCAT-1	1	17	53	9646	17150
PDACNP_10_GTTCCGTCCGCCTGCA-1	1	70	42	8153	4672
PDACNP_10_GTTCGACAATTGTATA-1	1	69	27	6124	4908
PDACNP_10_GTTCGCCATAAGTGCC-1	1	37	53	9645	12441
PDACNP_10_GTTCGCTGAGACGTCT-1	1	53	109	17221	8671
PDACNP_10_GTTCGGATCGGGAACA-1	1	44	110	17357	10790
PDACNP_10_GTTCGGGCGTACCATT-1	1	32	108	17087	13615
PDACNP_10_GTTCGTCTAAAGAACT-1	1	51	89	14515	9143
PDACNP_10_GTTCTTCCCTCGATGT-1	1	15	51	9376	17621
PDACNP_10_GTTCTTGTAACTCAAT-1	1	75	61	10724	3494
PDACNP_10_GTTGAACCGGTTCCAT-1	1	42	40	7885	11265
PDACNP_10_GTTGAGTCCCGCCGGT-1	1	52	78	13026	8908
PDACNP_10_GTTGCACGGAGTTTCG-1	1	24	48	8969	15502
PDACNP_10_GTTGCCCTAACGGGTG-1	1	73	15	4499	3967
PDACNP_10_GTTGGACCGCATCAGG-1	1	20	116	18171	16440
PDACNP_10_GTTGGATTCAGTGGCT-1	1	16	96	15465	17383
PDACNP_10_GTTGGATTGAGAACAC-1	1	32	88	14381	13616
PDACNP_10_GTTGGATTTGCGTTGG-1	1	36	50	9239	12677
PDACNP_10_GTTGGTCATGCTATCC-1	1	55	63	10996	8203
PDACNP_10_GTTGTAGATTTATGAG-1	1	71	63	10995	4436
PDACNP_10_GTTGTCGTGTTAGTTG-1	1	15	47	8835	17621
PDACNP_10_GTTTACGTTCCATCTG-1	1	48	64	11132	9851
PDACNP_10_GTTTATGGGATTTAGA-1	1	22	8	3557	15975
PDACNP_10_GTTTCAAACGAGTTGT-1	1	61	109	17220	6788
PDACNP_10_GTTTCATATCGTCGCT-1	1	39	27	6126	11972
PDACNP_10_GTTTCCTGGAGGGTGA-1	1	25	49	9104	15267
PDACNP_10_GTTTCTAGAGGCGCGG-1	1	69	93	15054	4905
PDACNP_10_GTTTCTGCAGTCTCCC-1	1	40	72	12215	11734
PDACNP_10_GTTTCTTGTTAGAGCT-1	1	73	3	2876	3968
PDACNP_10_GTTTGACCAAATCCTA-1	1	30	58	10322	14089
PDACNP_10_GTTTGGCCCAAGTTAT-1	1	42	80	13298	11262
PDACNP_10_GTTTGGCCGCTCAGCG-1	1	12	32	6805	18328
PDACNP_10_GTTTGGGCTTGTGAGC-1	1	51	65	11267	9144
PDACNP_10_GTTTGGGTTTCGCCCG-1	1	63	91	14784	6318
PDACNP_10_GTTTGGTAGGGTCAAC-1	1	53	59	10455	8674
PDACNP_10_GTTTGGTGATCGGTGC-1	1	66	38	7612	5614
PDACNP_10_GTTTGTTAGCCAAGTA-1	1	53	3	2878	8677
PDACNP_10_TAAACCCAGGAGGGCA-1	1	54	36	7343	8439
PDACNP_10_TAAACGTCGTCAATGA-1	1	18	12	4099	16917
PDACNP_10_TAAAGAGCCCGAAACC-1	1	10	46	8700	18798
PDACNP_10_TAAAGCGGTATTTCCA-1	1	63	49	9101	6320
PDACNP_10_TAAAGCGTTAGGAGAA-1	1	28	88	14381	14558
PDACNP_10_TAAAGCTGCAATAGGG-1	1	17	97	15600	17148
PDACNP_10_TAAAGTGCACGTCTCG-1	1	72	50	9235	4201
PDACNP_10_TAAATGAATCCGTTTC-1	1	23	29	6398	15739
PDACNP_10_TAAATGCCGTCTCATG-1	1	11	103	16413	18560
PDACNP_10_TAAATTGTGGGTAAAG-1	1	74	74	12483	3729
PDACNP_10_TAAATTTAGTAACACC-1	1	71	39	7747	4437
PDACNP_10_TAACAAAGGGAGAAGC-1	1	21	35	7210	16209
PDACNP_10_TAACAATATTTGTTGC-1	1	28	16	4639	14562
PDACNP_10_TAACAGCGTTTGTGCT-1	1	63	37	7477	6320
PDACNP_10_TAACAGGTTCCCTTAG-1	1	74	60	10588	3729
PDACNP_10_TAACATACAATGTGGG-1	1	38	70	11945	12205
PDACNP_10_TAACATACACGCGATC-1	1	55	25	5854	8205
PDACNP_10_TAACCGCCCGCAGTGC-1	1	9	49	9106	19034
PDACNP_10_TAACCTACCGTCCGAG-1	1	33	101	16140	13380
PDACNP_10_TAACCTAGGGAGTCCA-1	1	60	106	16814	7023
PDACNP_10_TAACGCTTTGAGAGCG-1	1	27	29	6398	14797
PDACNP_10_TAACTATCGAAGGTCC-1	1	24	34	7075	15503
PDACNP_10_TAACTATTACGCCAAA-1	1	29	107	16952	14322
PDACNP_10_TAACTCATCCGCGCGG-1	1	43	49	9103	11029
PDACNP_10_TAACTCCATGGAGGCT-1	1	19	27	6128	16680
PDACNP_10_TAAGAGGGACAGGGAC-1	1	63	19	5042	6321
PDACNP_10_TAAGCAGGCGACACGC-1	1	35	19	5044	12914
PDACNP_10_TAAGCCCTTACGACCA-1	1	14	114	17901	17853
PDACNP_10_TAAGCGCGAATCAAAT-1	1	65	25	5853	5850
PDACNP_10_TAAGGAACTTGTGGGA-1	1	16	40	7888	17386
PDACNP_10_TAAGGCAACATAAGAT-1	1	25	71	12081	15265
PDACNP_10_TAAGGCATAACATCAA-1	1	57	49	9102	7732
PDACNP_10_TAAGGCCCGTCACCCT-1	1	62	70	11943	6554
PDACNP_10_TAAGGCTGAATCCCTC-1	1	45	97	15598	10555
PDACNP_10_TAAGGGCCTGTCCGAT-1	1	57	95	15326	7730
PDACNP_10_TAAGGGCTGGGAGAGG-1	1	34	18	4909	13149
PDACNP_10_TAAGTAACATCTTGAC-1	1	46	40	7885	10323
PDACNP_10_TAAGTCGCCGAGTATC-1	1	54	32	6802	8440
PDACNP_10_TAAGTGAATAGTCTAC-1	1	72	24	5717	4202
PDACNP_10_TAAGTTGCGACGTAGG-1	1	53	95	15326	8672
PDACNP_10_TAATAAACAAGGAGAT-1	1	17	91	14788	17148
PDACNP_10_TAATACACAGTAGTAT-1	1	20	64	11135	16443
PDACNP_10_TAATACTAGAACAGAC-1	1	69	77	12889	4906
PDACNP_10_TAATAGAACAGAGTTA-1	1	50	38	7614	9381
PDACNP_10_TAATAGGTCACCAGAA-1	1	61	21	5312	6792
PDACNP_10_TAATAGTGACGACCAG-1	1	27	83	13705	14794
PDACNP_10_TAATATTGAAATTCGC-1	1	17	47	8835	17150
PDACNP_10_TAATCGATCCGTACGT-1	1	25	93	15058	15264
PDACNP_10_TAATGAAAGACCCTTG-1	1	25	17	4775	15268
PDACNP_10_TAATGTCGGTTCATGG-1	1	74	24	5717	3731
PDACNP_10_TAATTACGTCAGTAGA-1	1	62	102	16273	6552
PDACNP_10_TAATTAGATGGATATG-1	1	10	32	6806	18799
PDACNP_10_TAATTAGGACATCCGT-1	1	42	108	17086	11261
PDACNP_10_TAATTGGAATCGGGAA-1	1	17	105	16683	17147
PDACNP_10_TACAACAGCGCATACA-1	1	75	111	17489	3491
PDACNP_10_TACAACGCACAACTCA-1	1	41	49	9103	11500
PDACNP_10_TACAAGGGCTTCTTTA-1	1	68	94	15190	5140
PDACNP_10_TACAAGTCTCGTGCAT-1	1	31	27	6127	13855
PDACNP_10_TACACAGCCGTGGTGC-1	1	72	74	12483	4199
PDACNP_10_TACACCTCTTCGAATC-1	1	71	91	14783	4434
PDACNP_10_TACAGAAACGGTGGGC-1	1	59	85	13973	7260
PDACNP_10_TACATAGGCATACACC-1	1	40	60	10592	11734
PDACNP_10_TACATCCCTATCCCTG-1	1	44	14	4367	10795
PDACNP_10_TACATGACCTTATCCG-1	1	23	5	3151	15740
PDACNP_10_TACATTTCTAACGTGC-1	1	39	55	9915	11970
PDACNP_10_TACCAAATAGCCCAGA-1	1	59	61	10725	7261
PDACNP_10_TACCAATAAAGTACCA-1	1	55	83	13702	8202
PDACNP_10_TACCAGAAGTAGGTTC-1	1	49	51	9373	9616
PDACNP_10_TACCAGCTAGGTTTAA-1	1	11	65	11271	18562
PDACNP_10_TACCAGGAATCCCGTC-1	1	68	36	7341	5143
PDACNP_10_TACCGAATAATTGTAA-1	1	67	93	15054	5376
PDACNP_10_TACCGCGGACTTGCAG-1	1	33	97	15599	13381
PDACNP_10_TACCGGCTCACTGCCC-1	1	47	65	11267	10086
PDACNP_10_TACCGTAGGTTAACTA-1	1	59	57	10184	7261
PDACNP_10_TACCGTGCCTCGGACC-1	1	51	69	11808	9144
PDACNP_10_TACCTACTCCCAGTAT-1	1	58	62	10861	7496
PDACNP_10_TACCTATCCCTAGAGG-1	1	40	2	2743	11737
PDACNP_10_TACCTCACGCTTGTAC-1	1	16	56	10052	17385
PDACNP_10_TACCTCAGTTGTCTGT-1	1	60	50	9237	7026
PDACNP_10_TACCTCCACACCAATG-1	1	65	29	6395	5850
PDACNP_10_TACCTGCTGCACTGTG-1	1	28	22	5451	14562
PDACNP_10_TACCTTAAGATTTCCC-1	1	49	29	6396	9617
PDACNP_10_TACGAACACGACTTCA-1	1	31	53	9645	13854
PDACNP_10_TACGACGCTTGCTGCG-1	1	46	54	9779	10322
PDACNP_10_TACGACTGCCTCTTAG-1	1	44	66	11403	10792
PDACNP_10_TACGAGAACTTCACGT-1	1	35	39	7750	12913
PDACNP_10_TACGATGTTGATCATC-1	1	35	35	7209	12913
PDACNP_10_TACGCAGTTCTTTCCT-1	1	41	51	9374	11499
PDACNP_10_TACGCCATATTCTAAT-1	1	40	58	10321	11734
PDACNP_10_TACGCCGAGGGTACCC-1	1	56	34	7072	7969
PDACNP_10_TACGCCGCCTCAGAAG-1	1	45	127	19657	10554
PDACNP_10_TACGCCTCCATTCCGA-1	1	55	59	10455	8203
PDACNP_10_TACGCTATAGAAACCT-1	1	34	104	16546	13145
PDACNP_10_TACGCTCCTAGAACTG-1	1	73	47	8829	3965
PDACNP_10_TACGCTGATAGTTGTA-1	1	73	13	4229	3967
PDACNP_10_TACGCTGCTGTGTTAA-1	1	68	24	5718	5144
PDACNP_10_TACGGAAGCCAAACCA-1	1	69	73	12348	4906
PDACNP_10_TACGGGATGCTAGCAG-1	1	21	83	13705	16207
PDACNP_10_TACGGGTAATAACATA-1	1	72	88	14377	4199
PDACNP_10_TACGTAAAGCGGAGTG-1	1	63	103	16408	6317
PDACNP_10_TACGTACTAGTGCTGA-1	1	62	42	8154	6556
PDACNP_10_TACGTGCACTATGCTG-1	1	21	33	6940	16209
PDACNP_10_TACGTGGGCCCAGGGC-1	1	69	81	13430	4905
PDACNP_10_TACGTTTACCGGCAAT-1	1	40	32	6803	11736
PDACNP_10_TACTACGTGCAATGCG-1	1	71	85	13971	4434
PDACNP_10_TACTATGGTTCCTCAG-1	1	57	47	8831	7733
PDACNP_10_TACTCCTCTAGTTGAC-1	1	64	36	7342	6085
PDACNP_10_TACTCGGCACGCCGGG-1	1	36	16	4638	12678
PDACNP_10_TACTCGTTTGAATCAA-1	1	72	86	14107	4199
PDACNP_10_TACTCTCCGAACAAAT-1	1	21	81	13435	16207
PDACNP_10_TACTCTTACTTTACTG-1	1	59	111	17491	7258
PDACNP_10_TACTCTTTCGTCTTCA-1	1	58	46	8696	7497
PDACNP_10_TACTGAACAGATTTAG-1	1	56	44	8425	7968
PDACNP_10_TACTGAGGGAAGAAAG-1	1	60	6	3283	7028
PDACNP_10_TACTGCAATCAATTAC-1	1	22	102	16276	15970
PDACNP_10_TACTGCATGATTAAAT-1	1	77	51	9370	3023
PDACNP_10_TACTGGACAGCTCGGC-1	1	35	25	5856	12913
PDACNP_10_TACTTAAACATGTACA-1	1	66	108	17084	5610
PDACNP_10_TACTTGTTAGTAGTCC-1	1	37	87	14245	12439
PDACNP_10_TACTTTACTGAGCCGG-1	1	30	96	15464	14087
PDACNP_10_TACTTTCCGCACGCCA-1	1	47	19	5043	10088
PDACNP_10_TAGAAAGGTGGCGCTA-1	1	31	81	13434	13852
PDACNP_10_TAGAAATTCACGTATA-1	1	36	10	3826	12679
PDACNP_10_TAGAATAGCCGATGAA-1	1	62	100	16002	6553
PDACNP_10_TAGAATTAAGGGCAAC-1	1	10	76	12759	18797
PDACNP_10_TAGACGAAACGCCAAT-1	1	63	73	12348	6319
PDACNP_10_TAGACGCCCGTACCGG-1	1	32	90	14652	13616
PDACNP_10_TAGACTACCTAGCGTT-1	1	38	104	16545	12203
PDACNP_10_TAGACTCAGTTGGCCT-1	1	70	14	4364	4674
PDACNP_10_TAGAGATCATGCAACT-1	1	44	26	5991	10794
PDACNP_10_TAGAGCTACGAAGAAC-1	1	13	53	9647	18092
PDACNP_10_TAGAGGGAGTTTATCT-1	1	73	65	11265	3965
PDACNP_10_TAGAGGTTCTACTTGT-1	1	54	96	15461	8436
PDACNP_10_TAGAGTCTAAGCGAAC-1	1	29	55	9916	14325
PDACNP_10_TAGAGTGTTCCGGGTA-1	1	75	101	16136	3492
PDACNP_10_TAGATATGGACTGGAA-1	1	49	53	9644	9616
PDACNP_10_TAGATCCGAAGTCGCA-1	1	10	72	12218	18797
PDACNP_10_TAGATGGTTCCTTACT-1	1	59	97	15596	7259
PDACNP_10_TAGATTCAAAGTGCGG-1	1	69	39	7747	4908
PDACNP_10_TAGATTCCTGGTTATT-1	1	32	20	5180	13620
PDACNP_10_TAGCAACCTGTCACAA-1	1	22	26	5993	15974
PDACNP_10_TAGCAGATACTTAGGG-1	1	73	93	15054	3963
PDACNP_10_TAGCAGTATGACTAAA-1	1	66	98	15731	5611
PDACNP_10_TAGCCAGAGGGTCCGG-1	1	7	9	3694	19507
PDACNP_10_TAGCCATGATTGCCTA-1	1	73	7	3417	3968
PDACNP_10_TAGCCATTTCAAAGTC-1	1	43	89	14515	11027
PDACNP_10_TAGCCGGCGGTCAGCG-1	1	33	85	13975	13381
PDACNP_10_TAGCGTCCCTCGATTG-1	1	45	109	17221	10555
PDACNP_10_TAGCGTCCGGTGTGGT-1	1	53	77	12891	8673
PDACNP_10_TAGCGTCGAATATTGA-1	1	34	4	3015	13150
PDACNP_10_TAGCGTTGGGTCTTAC-1	1	38	68	11674	12205
PDACNP_10_TAGCTAAGTCCGGGAG-1	1	29	57	10187	14324
PDACNP_10_TAGCTAGAAGGCATGA-1	1	51	51	9373	9145
PDACNP_10_TAGCTAGTGATGATGG-1	1	60	48	8966	7026
PDACNP_10_TAGCTCGCCTGATAAC-1	1	50	58	10320	9380
PDACNP_10_TAGCTGATGTGAAGCG-1	1	42	10	3826	11266
PDACNP_10_TAGGATCTTAACCGCA-1	1	76	70	11941	3258
PDACNP_10_TAGGCATGTTACGCCA-1	1	23	85	13976	15736
PDACNP_10_TAGGCCTATATAGTCT-1	1	66	110	17355	5610
PDACNP_10_TAGGCGATGAGGTCTC-1	1	55	11	3960	8205
PDACNP_10_TAGGCGGCTGCAAAGA-1	1	65	13	4230	5851
PDACNP_10_TAGGCTAAAGTGGCAC-1	1	65	99	15866	5846
PDACNP_10_TAGGGAGCTTGGGATG-1	1	36	96	15463	12674
PDACNP_10_TAGGGTGTTTCAAGAG-1	1	22	54	9781	15973
PDACNP_10_TAGGTCCAAGTAAGGA-1	1	29	23	5586	14326
PDACNP_10_TAGGTCGCCGGAACTG-1	1	32	100	16005	13616
PDACNP_10_TAGGTGACGATAACCT-1	1	61	79	13161	6789
PDACNP_10_TAGGTGAGCCCTACTC-1	1	29	33	6939	14326
PDACNP_10_TAGGTGCTCGCCTAGC-1	1	40	86	14110	11733
PDACNP_10_TAGGTGTTCCACAGAT-1	1	60	60	10590	7026
PDACNP_10_TAGGTTCGAGTTCGTC-1	1	35	67	11539	12911
PDACNP_10_TAGGTTCTGCTGAGAA-1	1	72	62	10859	4200
PDACNP_10_TAGTACCACAACTTTC-1	1	63	13	4230	6322
PDACNP_10_TAGTACCTTAGTGGTC-1	1	21	21	5316	16210
PDACNP_10_TAGTAGCTTATACCAG-1	1	61	43	8289	6791
PDACNP_10_TAGTCCCGGAGACCAC-1	1	66	48	8965	5614
PDACNP_10_TAGTCCGCAGAGAATG-1	1	39	53	9644	11970
PDACNP_10_TAGTCCGTATGCATAA-1	1	15	13	4234	17623
PDACNP_10_TAGTCCTGCACTAAGC-1	1	69	25	5853	4908
PDACNP_10_TAGTCGATCACGGGTT-1	1	48	96	15462	9849
PDACNP_10_TAGTCTAACAACGAGA-1	1	40	34	7073	11736
PDACNP_10_TAGTCTGCGGCACATT-1	1	72	36	7341	4201
PDACNP_10_TAGTCTGTGACGTTGC-1	1	23	103	16411	15735
PDACNP_10_TAGTGCCCTCCAGAGT-1	1	32	52	9510	13618
PDACNP_10_TAGTGTCAGAAACGGC-1	1	21	19	5045	16210
PDACNP_10_TAGTTAAGATAGGATA-1	1	12	82	13571	18326
PDACNP_10_TAGTTTATTCTTGCTT-1	1	13	57	10188	18091
PDACNP_10_TATAAATCCACAAGCT-1	1	20	44	8428	16444
PDACNP_10_TATAAGTGAGGATAGC-1	1	21	39	7752	16209
PDACNP_10_TATACACAGACGCCTT-1	1	50	60	10591	9380
PDACNP_10_TATACACGCAAAGTAT-1	1	18	36	7346	16915
PDACNP_10_TATACGCGTCATCACT-1	1	60	68	11672	7025
PDACNP_10_TATACTCATGCGGCAA-1	1	20	18	4910	16445
PDACNP_10_TATAGATGGTCGCAGT-1	1	40	102	16275	11732
PDACNP_10_TATAGCGCACGTTATC-1	1	47	7	3419	10089
PDACNP_10_TATAGCTATTATCTCT-1	1	76	2	2740	3262
PDACNP_10_TATAGGGTACTCATGA-1	1	36	20	5179	12678
PDACNP_10_TATAGTTAGGTGTACT-1	1	72	12	4094	4203
PDACNP_10_TATATAGGGCTTTACG-1	1	63	33	6936	6321
PDACNP_10_TATATATCGAGAAATG-1	1	60	28	6260	7027
PDACNP_10_TATATCAAAGTGATCT-1	1	71	37	7477	4437
PDACNP_10_TATATCATTGATCAGT-1	1	30	6	3286	14092
PDACNP_10_TATATCCCTGGGAGGA-1	1	36	98	15734	12674
PDACNP_10_TATATGCTGGGTTGCC-1	1	23	7	3422	15740
PDACNP_10_TATATTACAAATGTCG-1	1	17	107	16953	17147
PDACNP_10_TATCAAAGGTCTGTAA-1	1	26	6	3286	15033
PDACNP_10_TATCACCCAACCGACC-1	1	24	100	16005	15499
PDACNP_10_TATCACTTCGAGTAAC-1	1	17	99	15871	17147
PDACNP_10_TATCAGTGGCGTAGTC-1	1	54	8	3554	8441
PDACNP_10_TATCCAATTGGTTATC-1	1	55	79	13161	8202
PDACNP_10_TATCCATATCATGCGA-1	1	18	52	9511	16915
PDACNP_10_TATCCATCTCGGTTAG-1	1	61	17	4771	6792
PDACNP_10_TATCCGCACCGTCGGG-1	1	59	53	9643	7261
PDACNP_10_TATCCTATCAACTGGT-1	1	69	59	10454	4907
PDACNP_10_TATCCTGCATGGGAAT-1	1	14	54	9782	17856
PDACNP_10_TATCGATCTATGCATA-1	1	22	88	14382	15971
PDACNP_10_TATCGATGATTAAACG-1	1	23	49	9105	15737
PDACNP_10_TATCTACAGAGGTAAT-1	1	30	24	5721	14091
PDACNP_10_TATCTACCACAGCGGG-1	1	42	60	10591	11263
PDACNP_10_TATCTAGCCTAAAGGA-1	1	34	12	4097	13150
PDACNP_10_TATCTGAGCCGATATT-1	1	64	8	3553	6087
PDACNP_10_TATCTTGCAATACAAC-1	1	56	16	4636	7970
PDACNP_10_TATGAAGAATTAAGGT-1	1	67	99	15866	5375
PDACNP_10_TATGAAGACAGGTGCG-1	1	29	21	5315	14326
PDACNP_10_TATGATCCGGCACGCC-1	1	26	112	17629	15028
PDACNP_10_TATGATCTTCTCTTTA-1	1	58	90	14649	7495
PDACNP_10_TATGCTCCCTACTTAC-1	1	25	61	10728	15266
PDACNP_10_TATGGAGTTTCTCGTT-1	1	6	32	6806	19741
PDACNP_10_TATGGATGTGCTACGC-1	1	26	54	9781	15031
PDACNP_10_TATGGCCCGGCCTCGC-1	1	30	30	6533	14090
PDACNP_10_TATGGGACCGAGCAGG-1	1	36	56	10051	12676
PDACNP_10_TATGGGTACGTATCGT-1	1	32	58	10322	13618
PDACNP_10_TATGGTCTGAGTAACA-1	1	36	58	10321	12676
PDACNP_10_TATGGTTAGTGGGAGA-1	1	41	105	16680	11497
PDACNP_10_TATGTAAAGTGCTTAA-1	1	66	44	8424	5614
PDACNP_10_TATGTAGAAACCCGGC-1	1	61	7	3418	6793
PDACNP_10_TATGTCAAGACCGACT-1	1	20	92	14923	16442
PDACNP_10_TATGTCTCATTGTGCC-1	1	30	82	13569	14088
PDACNP_10_TATTAACACCAAAGCA-1	1	54	10	3825	8441
PDACNP_10_TATTAACCTGACCGCG-1	1	57	45	8560	7733
PDACNP_10_TATTACCATCCTGCTT-1	1	38	96	15463	12203
PDACNP_10_TATTATGTTTGCCTGC-1	1	57	17	4772	7734
PDACNP_10_TATTCAATTCTAATCC-1	1	34	74	12486	13146
PDACNP_10_TATTCCACTCAGCTCG-1	1	49	57	10185	9616
PDACNP_10_TATTCCGAGCTGTTAT-1	1	54	86	14108	8437
PDACNP_10_TATTCCTCCGCCCACT-1	1	48	32	6802	9852
PDACNP_10_TATTCGTGCCAGAATA-1	1	34	64	11133	13147
PDACNP_10_TATTGACATTTCTGCC-1	1	35	117	18305	12909
PDACNP_10_TATTTAGTCTAGATCG-1	1	18	58	10323	16914
PDACNP_10_TATTTATACCGAGTAG-1	1	16	78	13029	17384
PDACNP_10_TATTTGTTACCCTTTA-1	1	24	46	8699	15502
PDACNP_10_TCAAACAACCGCGTCG-1	1	24	60	10593	15501
PDACNP_10_TCAAACTTAGATTGTT-1	1	31	65	11269	13853
PDACNP_10_TCAAAGAGCTATCTGT-1	1	49	5	3149	9618
PDACNP_10_TCAAAGTCACGGCGTC-1	1	70	24	5718	4673
PDACNP_10_TCAAATTGTTGTGCCG-1	1	68	78	13025	5141
PDACNP_10_TCAAATTTGAGACTCA-1	1	60	70	11943	7025
PDACNP_10_TCAACAAAGATAATTC-1	1	53	29	6396	8675
PDACNP_10_TCAACACATTGGGTAA-1	1	11	35	7211	18564
PDACNP_10_TCAACATAGCGCCCTA-1	1	58	44	8425	7497
PDACNP_10_TCAACATCGACCGAGA-1	1	44	16	4637	10795
PDACNP_10_TCAACCATGTTCGGGC-1	1	25	51	9375	15266
PDACNP_10_TCAACGAGGAGACAAA-1	1	42	56	10050	11264
PDACNP_10_TCAACGCAGGAAATAA-1	1	49	31	6667	9617
PDACNP_10_TCAACGCGACCGGCAG-1	1	39	23	5585	11972
PDACNP_10_TCAACTAACGTATAAC-1	1	31	19	5045	13856
PDACNP_10_TCAACTGCAGAGTCAG-1	1	56	108	17085	7965
PDACNP_10_TCAAGAAATACTAGCT-1	1	34	108	17087	13144
PDACNP_10_TCAAGGTTACTACACC-1	1	47	103	16409	10084
PDACNP_10_TCAATACGCCGTCATG-1	1	63	61	10725	6319
PDACNP_10_TCAATCCGGGAAGTTT-1	1	74	104	16542	3727
PDACNP_10_TCACAAACCGAGGTAC-1	1	61	95	15326	6788
PDACNP_10_TCACAGATCCTCAAAC-1	1	11	15	4505	18565
PDACNP_10_TCACAGCAAACTCGAA-1	1	51	49	9102	9145
PDACNP_10_TCACAGGAGAATAAGA-1	1	55	49	9102	8203
PDACNP_10_TCACAGGGAATCGCAA-1	1	47	79	13162	10085
PDACNP_10_TCACAGGTTATTGGGC-1	1	32	48	8969	13619
PDACNP_10_TCACATCTTATCTGAT-1	1	28	20	5180	14562
PDACNP_10_TCACCCTCTTAAGATT-1	1	45	59	10456	10557
PDACNP_10_TCACCGCTCGGCACTC-1	1	30	92	14922	14087
PDACNP_10_TCACGATGTCCGTGGA-1	1	52	28	6260	8911
PDACNP_10_TCACGATTAATACGTT-1	1	75	1	2605	3497
PDACNP_10_TCACGCATTGTAGATC-1	1	33	49	9104	13383
PDACNP_10_TCACGGCCCAAGAGAG-1	1	68	18	4906	5144
PDACNP_10_TCACGGTCATCGCACA-1	1	23	45	8563	15738
PDACNP_10_TCACGTGCCCGATTCA-1	1	38	62	10862	12205
PDACNP_10_TCACTACGACCAATGC-1	1	13	95	15330	18089
PDACNP_10_TCACTATCCCTTCGGT-1	1	72	104	16542	4198
PDACNP_10_TCACTCGTGCAACGGC-1	1	15	93	15059	17619
PDACNP_10_TCACTCTTCGTCTGTC-1	1	18	8	3557	16917
PDACNP_10_TCAGAACCTCCACAGG-1	1	30	106	16817	14086
PDACNP_10_TCAGAACGGCGGTAAT-1	1	73	79	13159	3964
PDACNP_10_TCAGACGCTATAGAAG-1	1	48	72	12215	9850
PDACNP_10_TCAGAGCATGTCAACG-1	1	77	7	3417	3026
PDACNP_10_TCAGCAAATGCATCTC-1	1	31	73	12351	13853
PDACNP_10_TCAGCAGTAGGCCCTG-1	1	61	41	8019	6791
PDACNP_10_TCAGCCAATCCGTAAA-1	1	63	105	16678	6317
PDACNP_10_TCAGCGCACGCCGTTT-1	1	74	80	13295	3728
PDACNP_10_TCAGCTTGAGCTTTCG-1	1	62	2	2741	6558
PDACNP_10_TCAGGGCGACTTCCTT-1	1	24	4	3016	15504
PDACNP_10_TCAGGGCGCAAACTCG-1	1	22	16	4639	15975
PDACNP_10_TCAGGGTGTAACGTAA-1	1	28	72	12216	14559
PDACNP_10_TCAGGTTCTTTGAGAA-1	1	30	42	8157	14090
PDACNP_10_TCAGTACTGACCCGCG-1	1	26	34	7075	15032
PDACNP_10_TCAGTAGGGACTATAA-1	1	46	48	8967	10322
PDACNP_10_TCAGTGTATACGTCAT-1	1	58	36	7342	7498
PDACNP_10_TCATACTTACAGATCC-1	1	22	24	5722	15974
PDACNP_10_TCATATGAGCTTTGTT-1	1	64	62	10860	6084
PDACNP_10_TCATCACTCGAGCTCG-1	1	17	29	6399	17151
PDACNP_10_TCATCCATCTGATCAC-1	1	74	12	4093	3732
PDACNP_10_TCATCCCAGAGGGTGG-1	1	12	70	11947	18326
PDACNP_10_TCATCCTCAGCTGCTT-1	1	68	90	14648	5140
PDACNP_10_TCATCGACGACCGTCG-1	1	70	84	13836	4670
PDACNP_10_TCATCGATGGTCCCAA-1	1	57	29	6395	7733
PDACNP_10_TCATGAAGCGCTGCAT-1	1	77	15	4499	3025
PDACNP_10_TCATGCAGGTTCTCAT-1	1	18	84	13841	16913
PDACNP_10_TCATTTAAGTCTCCGA-1	1	35	99	15869	12910
PDACNP_10_TCATTTAGAAGTGTGA-1	1	54	110	17356	8436
PDACNP_10_TCCAACTCAGCTATCT-1	1	67	91	14784	5376
PDACNP_10_TCCAACTTTAAATTCT-1	1	40	40	7885	11735
PDACNP_10_TCCAAGCCTAGACACA-1	1	67	79	13160	5376
PDACNP_10_TCCAATAAAGGCTACC-1	1	63	53	9642	6320
PDACNP_10_TCCAATGCGTCGCCGC-1	1	65	1	2606	5851
PDACNP_10_TCCACAATGGTTTACG-1	1	30	36	7345	14090
PDACNP_10_TCCACATCGTATATTG-1	1	69	67	11536	4906
PDACNP_10_TCCACCAAGACATAGG-1	1	72	108	17084	4198
PDACNP_10_TCCACCTCTAGCCTTT-1	1	61	53	9642	6790
PDACNP_10_TCCACTTTATCTAGGT-1	1	31	79	13163	13852
PDACNP_10_TCCAGAGCACCGGTTC-1	1	40	70	11945	11734
PDACNP_10_TCCAGATGTACGCCAA-1	1	24	114	17900	15499
PDACNP_10_TCCAGGCAGGACGATC-1	1	72	56	10047	4200
PDACNP_10_TCCAGGCGAGTACGGT-1	1	31	57	10186	13854
PDACNP_10_TCCAGGGTATATACGA-1	1	61	63	10996	6790
PDACNP_10_TCCATCAATACTAATC-1	1	64	14	4365	6086
PDACNP_10_TCCATTAGTTGGATAG-1	1	6	26	5994	19741
PDACNP_10_TCCCAAACAGACAACG-1	1	22	110	17359	15970
PDACNP_10_TCCCAAAGACGAAGGA-1	1	26	60	10593	15031
PDACNP_10_TCCCAATATCGACGAC-1	1	77	101	16136	3021
PDACNP_10_TCCCACTCTCTTCCGG-1	1	31	107	16952	13851
PDACNP_10_TCCCAGCTTTAGTCTG-1	1	34	56	10051	13147
PDACNP_10_TCCCAGGCTTAGCTAA-1	1	30	48	8969	14089
PDACNP_10_TCCCGCGTACTCCTGG-1	1	27	69	11811	14795
PDACNP_10_TCCCGGGTGTGCTGCT-1	1	34	34	7074	13148
PDACNP_10_TCCCGGTCAGGAATTT-1	1	8	36	7347	19270
PDACNP_10_TCCCGTCAGTCCCGCA-1	1	23	75	12623	15736
PDACNP_10_TCCCGTCGCGTCATAG-1	1	29	115	18035	14321
PDACNP_10_TCCCGTGTGCAATTTG-1	1	44	80	13297	10792
PDACNP_10_TCCCTAGATCAATAGG-1	1	28	114	17899	14557
PDACNP_10_TCCCTGGCGTATTAAC-1	1	58	18	4907	7499
PDACNP_10_TCCCTGGCTCGCTGGA-1	1	33	27	6127	13384
PDACNP_10_TCCCTTAGATTACTCG-1	1	18	86	14112	16913
PDACNP_10_TCCGAACTTGGCTTAC-1	1	33	19	5044	13385
PDACNP_10_TCCGAAGTAGTCACCA-1	1	14	110	17360	17853
PDACNP_10_TCCGAATGGTCCTGAG-1	1	31	113	17764	13851
PDACNP_10_TCCGACCGCTAATCAA-1	1	70	36	7341	4672
PDACNP_10_TCCGATAATTGCCATA-1	1	18	64	11135	16914
PDACNP_10_TCCGATGACTGAGCTC-1	1	22	76	12758	15971
PDACNP_10_TCCGATGGTGCGACAT-1	1	25	53	9646	15266
PDACNP_10_TCCGATTACATTGCCG-1	1	32	32	6804	13619
PDACNP_10_TCCGCAGCCACCTAGC-1	1	13	7	3422	18094
PDACNP_10_TCCGCCTGTCTACAAG-1	1	56	74	12484	7967
PDACNP_10_TCCGCGGCAGCATCTG-1	1	34	84	13840	13146
PDACNP_10_TCCGCGGCCCAATGAA-1	1	53	99	15867	8672
PDACNP_10_TCCGCTGTCATCCCGG-1	1	47	81	13432	10085
PDACNP_10_TCCGCTTATCCCATTA-1	1	50	64	11132	9380
PDACNP_10_TCCGGAGGAAGGGCTG-1	1	14	108	17089	17853
PDACNP_10_TCCGGCCTAGCGTACA-1	1	28	98	15734	14558
PDACNP_10_TCCGGGCTTGACGGGA-1	1	66	96	15460	5611
PDACNP_10_TCCGGTTCGTCCGGTC-1	1	51	53	9643	9145
PDACNP_10_TCCGTAACCACAATCC-1	1	20	16	4640	16446
PDACNP_10_TCCGTTAAGCTAATAT-1	1	52	100	16003	8907
PDACNP_10_TCCGTTTAGCCTTGAA-1	1	29	89	14517	14323
PDACNP_10_TCCTAAAGATTCAGAC-1	1	68	84	13836	5141
PDACNP_10_TCCTAAATTGGGAAGC-1	1	56	70	11943	7967
PDACNP_10_TCCTAACCGTCGGGCA-1	1	62	46	8695	6555
PDACNP_10_TCCTACATCCACGGCC-1	1	46	84	13838	10320
PDACNP_10_TCCTAGCAAAGAAGCT-1	1	41	41	8021	11500
PDACNP_10_TCCTCCTAAGACATTC-1	1	47	21	5314	10088
PDACNP_10_TCCTCGGGCTGGGCTT-1	1	40	76	12757	11734
PDACNP_10_TCCTCTACGAGATGGC-1	1	26	32	6804	15032
PDACNP_10_TCCTCTCCAGTTGTCC-1	1	30	20	5180	14091
PDACNP_10_TCCTGCCAACTGGAGA-1	1	12	90	14653	18325
PDACNP_10_TCCTGCGTTGATACTC-1	1	38	30	6532	12207
PDACNP_10_TCCTGGCGCTGCCTGG-1	1	12	106	16818	18324
PDACNP_10_TCCTTACGACGGTCCG-1	1	49	95	15327	9614
PDACNP_10_TCCTTCAATCCCTACG-1	1	41	1	2608	11502
PDACNP_10_TCCTTCAGTGGTCGAA-1	1	15	69	11812	17620
PDACNP_10_TCCTTGTCCTTTAATT-1	1	69	69	11807	4906
PDACNP_10_TCCTTTAAATCCGCTT-1	1	56	92	14920	7966
PDACNP_10_TCCTTTCTTACGCTTA-1	1	30	62	10863	14089
PDACNP_10_TCGAAATTTAGGACCA-1	1	29	45	8563	14325
PDACNP_10_TCGAAGAACCGAGCAC-1	1	45	99	15868	10555
PDACNP_10_TCGAATATCCCGCAGG-1	1	58	32	6801	7498
PDACNP_10_TCGAATCGCAGGGTAG-1	1	75	53	9641	3494
PDACNP_10_TCGACAACTGAACCCG-1	1	57	15	4501	7734
PDACNP_10_TCGACATAGCGTAGCG-1	1	72	30	6529	4202
PDACNP_10_TCGAGACCAACACCGT-1	1	37	55	9915	12441
PDACNP_10_TCGAGCCAGGCAGGCC-1	1	57	37	7478	7733
PDACNP_10_TCGAGTCTACGATTCG-1	1	56	2	2742	7970
PDACNP_10_TCGATAGGCTAGTCGC-1	1	8	48	8971	19269
PDACNP_10_TCGATGTTACGGCCGT-1	1	75	3	2876	3497
PDACNP_10_TCGATTTACGAAACGA-1	1	76	68	11671	3258
PDACNP_10_TCGCAAAGATGCATTT-1	1	47	75	12621	10085
PDACNP_10_TCGCACCAGGAGGCAG-1	1	50	80	13297	9379
PDACNP_10_TCGCATAAAGGGCGCA-1	1	63	111	17490	6317
PDACNP_10_TCGCATCCCTAAGTGT-1	1	15	31	6670	17622
PDACNP_10_TCGCATTCAATGACTT-1	1	9	37	7482	19034
PDACNP_10_TCGCCACCCGGATTAC-1	1	75	19	5041	3496
PDACNP_10_TCGCCCACTGCGAGAG-1	1	36	2	2744	12679
PDACNP_10_TCGCCGAAGTTGCGTC-1	1	45	37	7479	10558
PDACNP_10_TCGCCGACATATTCGC-1	1	66	86	14107	5612
PDACNP_10_TCGCCGCACCGCGTGA-1	1	46	6	3284	10325
PDACNP_10_TCGCCGGATGGGCAAG-1	1	26	4	3015	15034
PDACNP_10_TCGCCGGTCGATCCGT-1	1	19	61	10729	16679
PDACNP_10_TCGCCTCCTTCGGCTC-1	1	74	92	14918	3728
PDACNP_10_TCGCCTCGACCTGTTG-1	1	5	11	3964	19977
PDACNP_10_TCGCGTAGCAGTGTCC-1	1	57	99	15867	7730
PDACNP_10_TCGCGTCCAGAAGGTC-1	1	31	29	6398	13855
PDACNP_10_TCGCTAAACCGCTATC-1	1	19	89	14518	16677
PDACNP_10_TCGCTACTGGCTTTGA-1	1	65	73	12348	5848
PDACNP_10_TCGCTCGATATATTCC-1	1	29	63	10998	14324
PDACNP_10_TCGCTCGGCACCAGCG-1	1	24	108	17088	15499
PDACNP_10_TCGCTGCCAATGCTGT-1	1	68	80	13295	5141
PDACNP_10_TCGCTGGGCGGATTGT-1	1	28	74	12487	14559
PDACNP_10_TCGCTGTGCGTAAATC-1	1	17	41	8023	17151
PDACNP_10_TCGCTTTAAACGTTTG-1	1	25	87	14246	15265
PDACNP_10_TCGGAATGCGCTCTGA-1	1	30	28	6262	14090
PDACNP_10_TCGGACGCCCAGCCCA-1	1	33	79	13163	13381
PDACNP_10_TCGGAGAGTATCGGGA-1	1	45	23	5585	10559
PDACNP_10_TCGGAGTACATGAGTA-1	1	32	74	12487	13617
PDACNP_10_TCGGATCTGGATGACC-1	1	67	5	3147	5380
PDACNP_10_TCGGCGAACCCAAACC-1	1	49	105	16680	9613
PDACNP_10_TCGGCGTACTGCACAA-1	1	49	13	4231	9618
PDACNP_10_TCGGCTTGTATCGACG-1	1	58	96	15461	7495
PDACNP_10_TCGGGAACGTGCCTAG-1	1	31	109	17223	13851
PDACNP_10_TCGGGAGACAGCGTAC-1	1	59	71	12078	7260
PDACNP_10_TCGGGATTCAAACATA-1	1	39	15	4503	11972
PDACNP_10_TCGGGCCGTCGTGGTA-1	1	40	88	14380	11733
PDACNP_10_TCGGGTGAAACTGCTA-1	1	10	56	10053	18798
PDACNP_10_TCGGTCCCGACAATAG-1	1	57	23	5583	7734
PDACNP_10_TCGGTCCCTGACTCCA-1	1	10	90	14654	18796
PDACNP_10_TCGGTGACCGCTCCGG-1	1	15	109	17224	17618
PDACNP_10_TCGTAAGACGACATTG-1	1	27	77	12893	14794
PDACNP_10_TCGTAAGCTCCGAGGA-1	1	16	106	16818	17383
PDACNP_10_TCGTACCGACGTCAAG-1	1	68	56	10048	5142
PDACNP_10_TCGTATAGTGCAATTA-1	1	12	56	10053	18327
PDACNP_10_TCGTATTACCCATTGC-1	1	37	25	5856	12443
PDACNP_10_TCGTCAAGTACGCGCA-1	1	56	38	7613	7968
PDACNP_10_TCGTCACACTGTTAGC-1	1	27	19	5045	14797
PDACNP_10_TCGTCCGCTGGCGTCT-1	1	22	40	7887	15973
PDACNP_10_TCGTCTTAGGCGTTAA-1	1	53	83	13703	8672
PDACNP_10_TCGTGTACTATGGATG-1	1	47	77	12891	10085
PDACNP_10_TCGTGTCACGCTGACA-1	1	43	23	5585	11030
PDACNP_10_TCGTGTTCGACCACAA-1	1	57	105	16679	7729
PDACNP_10_TCGTTAGGAGTCCCTA-1	1	52	54	9779	8909
PDACNP_10_TCGTTCGTTATTATGT-1	1	10	62	10865	18798
PDACNP_10_TCGTTGCTATCCGGTC-1	1	54	46	8696	8439
PDACNP_10_TCGTTGGCTCGTCAAT-1	1	9	31	6670	19035
PDACNP_10_TCGTTTACGCGACCCT-1	1	70	94	15189	4669
PDACNP_10_TCTAAAGAACAGTCTC-1	1	52	10	3825	8912
PDACNP_10_TCTAACCTAGCCTGCG-1	1	74	112	17625	3727
PDACNP_10_TCTAACTGTATGTAAA-1	1	27	11	3962	14798
PDACNP_10_TCTAATACTGCCTCAG-1	1	57	25	5854	7734
PDACNP_10_TCTACCCAATAGAGAG-1	1	56	106	16814	7965
PDACNP_10_TCTACCCGCATCATTT-1	1	75	113	17760	3491
PDACNP_10_TCTACCGTCCACAAGC-1	1	27	67	11540	14795
PDACNP_10_TCTACGCACGATCTCC-1	1	75	29	6394	3496
PDACNP_10_TCTAGCAATCTCCGCC-1	1	46	30	6532	10323
PDACNP_10_TCTAGCATCTTCGATG-1	1	23	43	8293	15738
PDACNP_10_TCTAGCATGCCCAGAA-1	1	48	66	11403	9851
PDACNP_10_TCTAGGTGGCGACGCT-1	1	29	99	15870	14322
PDACNP_10_TCTAGTGATATCGTGG-1	1	44	98	15733	10791
PDACNP_10_TCTAGTTATCAGAAGA-1	1	34	54	9780	13147
PDACNP_10_TCTATAGGTGGGTAAT-1	1	65	109	17220	5846
PDACNP_10_TCTATCATGCAGTTAC-1	1	18	40	7887	16915
PDACNP_10_TCTATCCGATTGCACA-1	1	73	85	13971	3963
PDACNP_10_TCTATCGGTCGCAACA-1	1	22	64	11134	15972
PDACNP_10_TCTATGCTATAACGAC-1	1	64	94	15190	6082
PDACNP_10_TCTATTACGCTGGCGA-1	1	14	34	7076	17857
PDACNP_10_TCTATTACTAGAGGAT-1	1	41	15	4502	11501
PDACNP_10_TCTCAAATCAATCGGG-1	1	71	89	14513	4434
PDACNP_10_TCTCATGAGATAGGGT-1	1	49	87	14244	9614
PDACNP_10_TCTCCAACGTAGGTTA-1	1	20	78	13029	16442
PDACNP_10_TCTCCACAAGTTGAAT-1	1	61	93	15055	6788
PDACNP_10_TCTCCCTGGGCAGCGT-1	1	54	80	13296	8437
PDACNP_10_TCTCGAACGAGGTCAC-1	1	12	94	15195	18325
PDACNP_10_TCTCGGCTCCAGGACT-1	1	13	23	5587	18093
PDACNP_10_TCTCGTGTTACGAGGA-1	1	45	5	3149	10560
PDACNP_10_TCTCTAATAGCTGGTA-1	1	20	52	9511	16444
PDACNP_10_TCTCTTACCGCGAACC-1	1	65	43	8289	5849
PDACNP_10_TCTGAACCGGTCGGCT-1	1	21	37	7481	16209
PDACNP_10_TCTGAACTCGTACCCG-1	1	47	95	15327	10084
PDACNP_10_TCTGAAGCACGTGGTC-1	1	56	84	13838	7966
PDACNP_10_TCTGAATTCCGTACAA-1	1	34	94	15193	13145
PDACNP_10_TCTGACTGTAATGGTT-1	1	6	14	4370	19742
PDACNP_10_TCTGATCGGGTGCTAG-1	1	34	118	18440	13144
PDACNP_10_TCTGATGTATTCTGTC-1	1	51	83	13703	9143
PDACNP_10_TCTGATTGGAAATGGA-1	1	35	123	19117	12908
PDACNP_10_TCTGCAGATTCGAGTC-1	1	25	5	3151	15269
PDACNP_10_TCTGCATACCTTGCTT-1	1	61	99	15867	6788
PDACNP_10_TCTGCCAGAAACTGCA-1	1	41	79	13162	11498
PDACNP_10_TCTGCGTCCGGTTTCT-1	1	15	23	5587	17622
PDACNP_10_TCTGGCCGTTCAAGTT-1	1	36	122	18981	12673
PDACNP_10_TCTGGCGCAAGCCGGG-1	1	34	6	3285	13150
PDACNP_10_TCTGGGAACCTTTGAA-1	1	40	98	15733	11732
PDACNP_10_TCTGGGTAGCGCTCAT-1	1	40	36	7344	11736
PDACNP_10_TCTGTCATACAAGAGC-1	1	10	44	8429	18798
PDACNP_10_TCTGTGCCATCATAGT-1	1	32	80	13299	13617
PDACNP_10_TCTGTTACCCAGCATA-1	1	51	35	7208	9146
PDACNP_10_TCTGTTTAGATTGTTC-1	1	75	5	3146	3497
PDACNP_10_TCTTACAGAGGTACCG-1	1	15	45	8564	17621
PDACNP_10_TCTTACCGGAACTCGT-1	1	21	91	14788	16206
PDACNP_10_TCTTACGGCATCCGAC-1	1	25	29	6398	15268
PDACNP_10_TCTTACTTATGCCTCT-1	1	45	93	15056	10555
PDACNP_10_TCTTAGAGCTCCAATT-1	1	40	108	17086	11732
PDACNP_10_TCTTAGAGTGAACTCT-1	1	43	99	15868	11026
PDACNP_10_TCTTCCCATGGGCACA-1	1	32	96	15463	13616
PDACNP_10_TCTTCGAATAGACGTT-1	1	39	71	12080	11969
PDACNP_10_TCTTCGATACCAATAA-1	1	32	66	11404	13618
PDACNP_10_TCTTCTATAACCCGCC-1	1	45	107	16951	10555
PDACNP_10_TCTTGATGCGTAGCGA-1	1	32	68	11675	13617
PDACNP_10_TCTTGCTCCCGATACT-1	1	65	67	11536	5848
PDACNP_10_TCTTGGTAACACCAAA-1	1	21	65	11270	16208
PDACNP_10_TCTTGGTCAATGATAC-1	1	74	20	5176	3731
PDACNP_10_TCTTTAAGACTATGAA-1	1	34	98	15734	13145
PDACNP_10_TCTTTAGCAGGCGAAC-1	1	34	116	18170	13144
PDACNP_10_TCTTTCATCCGTCCTT-1	1	66	4	3012	5616
PDACNP_10_TGAAACTTATGCAAGC-1	1	11	73	12353	18562
PDACNP_10_TGAAAGGACCTGACTC-1	1	35	83	13704	12910
PDACNP_10_TGAACAAGCAGGGACT-1	1	66	36	7342	5614
PDACNP_10_TGAACCTGAATGTGAG-1	1	76	6	3281	3261
PDACNP_10_TGAAGAGCGGTCCTAG-1	1	19	11	3963	16681
PDACNP_10_TGAATACCGACGCGTA-1	1	66	82	13566	5612
PDACNP_10_TGAATATGCTATAAAC-1	1	16	114	17901	17382
PDACNP_10_TGAATGAGTGTTTCCC-1	1	66	50	9236	5613
PDACNP_10_TGAATGTCAGCCGGCC-1	1	47	109	17221	10084
PDACNP_10_TGAATTTCACTTGCCT-1	1	42	4	3014	11266
PDACNP_10_TGACAACGCATGTCGC-1	1	40	124	19251	11731
PDACNP_10_TGACACTTCTCTTTGC-1	1	16	102	16277	17383
PDACNP_10_TGACAGAAATCTTGCT-1	1	72	6	3282	4203
PDACNP_10_TGACAGGACAAGTCCA-1	1	55	9	3689	8205
PDACNP_10_TGACATATATGACGAT-1	1	38	2	2744	12208
PDACNP_10_TGACATCGAGCGGACC-1	1	35	101	16140	12909
PDACNP_10_TGACATGTAACGTGAC-1	1	69	63	10995	4906
PDACNP_10_TGACCAAATCTTAAAC-1	1	66	62	10860	5613
PDACNP_10_TGACCCACGTTAGACA-1	1	33	47	8833	13383
PDACNP_10_TGACGAATATTTCCCT-1	1	44	22	5449	10795
PDACNP_10_TGACGATGCACTAGAA-1	1	37	95	15328	12439
PDACNP_10_TGACTATAATCCTTTC-1	1	46	68	11673	10321
PDACNP_10_TGACTCCGAATCATAC-1	1	62	16	4636	6557
PDACNP_10_TGAGAATGCTTTACCG-1	1	18	54	9782	16914
PDACNP_10_TGAGACGTACCTCTCA-1	1	39	5	3149	11973
PDACNP_10_TGAGAGATTTACCACG-1	1	41	91	14786	11497
PDACNP_10_TGAGATTAGGCCCTAA-1	1	16	94	15194	17383
PDACNP_10_TGAGCCATACAGTCTC-1	1	42	38	7614	11265
PDACNP_10_TGAGCGGAAAGTGTTC-1	1	55	65	11267	8202
PDACNP_10_TGAGCTTTAATGACGC-1	1	19	85	13976	16677
PDACNP_10_TGAGGAGTGCCAGCTT-1	1	58	58	10319	7497
PDACNP_10_TGAGGCATGTACTGTG-1	1	56	8	3554	7970
PDACNP_10_TGAGGTGTGTGGCGGA-1	1	70	52	9506	4672
PDACNP_10_TGAGTAAATTAGCGTA-1	1	47	57	10185	10086
PDACNP_10_TGAGTGCCTCTTAAAT-1	1	45	41	8020	10558
PDACNP_10_TGAGTGGTCCGTGACG-1	1	30	84	13840	14088
PDACNP_10_TGAGTGTAACAACGGG-1	1	73	105	16678	3962
PDACNP_10_TGATACATTTAGCCGT-1	1	55	43	8290	8204
PDACNP_10_TGATAGCGGGATTCTA-1	1	28	12	4098	14562
PDACNP_10_TGATCACCACACTGAC-1	1	69	51	9371	4907
PDACNP_10_TGATCAGGGAACTGCT-1	1	42	24	5720	11265
PDACNP_10_TGATCCCAGCATTAGT-1	1	27	107	16952	14793
PDACNP_10_TGATCGGTTTGACCCT-1	1	28	54	9781	14560
PDACNP_10_TGATCTACGCTGATCT-1	1	16	100	16006	17383
PDACNP_10_TGATCTATCACACTCT-1	1	72	92	14919	4199
PDACNP_10_TGATCTCCGGCGCCAG-1	1	28	50	9240	14560
PDACNP_10_TGATGGCTGTTTCTGA-1	1	30	114	17899	14086
PDACNP_10_TGATGGGACTAAGTCA-1	1	5	9	3694	19978
PDACNP_10_TGATGTCAATTAAGTG-1	1	59	103	16408	7259
PDACNP_10_TGATTATGGCACGCAG-1	1	13	111	17495	18089
PDACNP_10_TGATTCAGGTCCCGCG-1	1	48	8	3555	9854
PDACNP_10_TGATTCCCGGTTACCT-1	1	64	50	9236	6084
PDACNP_10_TGATTCGTCTATCACT-1	1	31	41	8021	13854
PDACNP_10_TGATTCTGTCGCCGGT-1	1	48	44	8426	9852
PDACNP_10_TGATTTATTAGCTGTG-1	1	38	34	7074	12207
PDACNP_10_TGATTTCCTCCTGACG-1	1	16	34	7076	17386
PDACNP_10_TGCAAACGTACTAGTT-1	1	77	49	9100	3024
PDACNP_10_TGCAAAGTTCGTCTGT-1	1	71	59	10453	4436
PDACNP_10_TGCAACCCATCTGCGG-1	1	60	90	14649	7024
PDACNP_10_TGCAACTACTGGTTGA-1	1	69	91	14784	4905
PDACNP_10_TGCAAGAATGACGTAA-1	1	30	60	10592	14089
PDACNP_10_TGCAATCTAACACGGT-1	1	62	90	14649	6553
PDACNP_10_TGCAATTTGGGCACGG-1	1	14	104	16548	17854
PDACNP_10_TGCACAGTGAAGTTAT-1	1	12	100	16007	18325
PDACNP_10_TGCACTATGTGAGTGC-1	1	17	13	4234	17152
PDACNP_10_TGCAGAACTATATCGT-1	1	42	22	5450	11266
PDACNP_10_TGCAGAGTACCGAGCA-1	1	38	46	8697	12206
PDACNP_10_TGCAGATCGTCCTAGG-1	1	42	18	4908	11266
PDACNP_10_TGCAGCTACGTACTTC-1	1	42	16	4638	11266
PDACNP_10_TGCAGGATCGGCAAAG-1	1	24	74	12487	15501
PDACNP_10_TGCAGTGGTAGGGAAC-1	1	68	20	5176	5144
PDACNP_10_TGCAGTTTCCTCCCAT-1	1	40	90	14651	11733
PDACNP_10_TGCATATGTCTGTCAC-1	1	35	85	13975	12910
PDACNP_10_TGCATGGATCGGATCT-1	1	19	67	11541	16678
PDACNP_10_TGCATGTGACCCATAG-1	1	68	38	7612	5143
PDACNP_10_TGCATGTGGTAATCTA-1	1	29	81	13434	14323
PDACNP_10_TGCCAAAGTCAGACTT-1	1	43	19	5043	11030
PDACNP_10_TGCCAATGGGTACTCT-1	1	54	52	9508	8439
PDACNP_10_TGCCACACTAGAGGAA-1	1	43	3	2878	11031
PDACNP_10_TGCCACCTGGCGAAAC-1	1	20	76	12758	16442
PDACNP_10_TGCCAGTACGTGGAGA-1	1	51	71	12079	9144
PDACNP_10_TGCCATTACTAAAGAA-1	1	21	87	14247	16206
PDACNP_10_TGCCCGATAGTTAGAA-1	1	72	78	13024	4199
PDACNP_10_TGCCCGTACCGTTAAA-1	1	45	75	12621	10556
PDACNP_10_TGCCGGATGTACGAGC-1	1	62	34	7071	6556
PDACNP_10_TGCCGTGGATCGTCCT-1	1	57	63	10996	7732
PDACNP_10_TGCCGTGGGACCCAAT-1	1	71	67	11536	4435
PDACNP_10_TGCCGTTCTTAATCGG-1	1	57	1	2607	7735
PDACNP_10_TGCCTAATTGAAGATT-1	1	55	105	16679	8200
PDACNP_10_TGCCTGACATCGGTCA-1	1	16	20	5181	17387
PDACNP_10_TGCCTGATCAAACGAT-1	1	20	70	11946	16443
PDACNP_10_TGCCTTGGCCAGGCAA-1	1	52	82	13567	8908
PDACNP_10_TGCGAATATGGGATTT-1	1	45	13	4231	10560
PDACNP_10_TGCGACACCCTAGTGC-1	1	46	46	8697	10322
PDACNP_10_TGCGACGGCCGAACGT-1	1	60	32	6801	7027
PDACNP_10_TGCGAGAATATTACCC-1	1	50	40	7884	9381
PDACNP_10_TGCGAGCCCTTCCGCG-1	1	12	102	16277	18325
PDACNP_10_TGCGATGCTAATGGCT-1	1	21	11	3963	16210
PDACNP_10_TGCGCAAAGCATTTGG-1	1	31	67	11540	13853
PDACNP_10_TGCGCCGTTAATAACG-1	1	41	123	19116	11496
PDACNP_10_TGCGCGATTAACGGAG-1	1	27	41	8022	14796
PDACNP_10_TGCGGACTTGACTCCG-1	1	68	76	12754	5141
PDACNP_10_TGCGGAGTAAAGGTGC-1	1	22	70	11946	15972
PDACNP_10_TGCGGCATAGTTCAAC-1	1	12	54	9782	18327
PDACNP_10_TGCGGTGAAATTTCAT-1	1	12	66	11406	18326
PDACNP_10_TGCGTAAGAACCTGAT-1	1	43	43	8291	11029
PDACNP_10_TGCGTACGGCTAATTG-1	1	67	101	16137	5375
PDACNP_10_TGCGTCATGACTGAGC-1	1	53	21	5313	8676
PDACNP_10_TGCGTGATTGGGTGTC-1	1	11	17	4776	18564
PDACNP_10_TGCGTTTGTTGACACT-1	1	42	76	12756	11263
PDACNP_10_TGCTAAGTGTCTATTT-1	1	52	90	14650	8907
PDACNP_10_TGCTATGGCAAAGGGA-1	1	70	26	5988	4673
PDACNP_10_TGCTCAAAGGATGCAC-1	1	77	19	5040	3025
PDACNP_10_TGCTCCACAGTTCTTA-1	1	45	95	15327	10555
PDACNP_10_TGCTCGGCGAAACCCA-1	1	57	61	10725	7732
PDACNP_10_TGCTCGGTGGGTCACC-1	1	66	72	12213	5612
PDACNP_10_TGCTCTTGAGAGTTTG-1	1	64	70	11942	6083
PDACNP_10_TGCTGGTTGGACAATT-1	1	21	41	8022	16209
PDACNP_10_TGCTGTTGAAGAACTC-1	1	38	66	11404	12205
PDACNP_10_TGCTTAGAGAGAATGC-1	1	62	26	5989	6556
PDACNP_10_TGCTTCCCAAGCAGTA-1	1	62	66	11401	6554
PDACNP_10_TGCTTGAAACCATGCA-1	1	9	17	4776	19035
PDACNP_10_TGGAAACGGAGTGAAC-1	1	6	16	4641	19742
PDACNP_10_TGGAACCACTGACACA-1	1	24	102	16276	15499
PDACNP_10_TGGAAGAAGGGAACGT-1	1	39	35	7209	11971
PDACNP_10_TGGAAGACGAACACCA-1	1	14	46	8700	17857
PDACNP_10_TGGAAGGATAAAGATG-1	1	20	68	11676	16443
PDACNP_10_TGGAATATCCTTGACC-1	1	23	107	16953	15734
PDACNP_10_TGGAATTAGACGCTTT-1	1	26	18	4910	15033
PDACNP_10_TGGACACCGTTGCTTG-1	1	20	10	3828	16446
PDACNP_10_TGGACCAATCTAAGAT-1	1	62	80	13296	6554
PDACNP_10_TGGACCACGGCGTTGA-1	1	7	19	5047	19506
PDACNP_10_TGGACGCAATCCAGCC-1	1	58	20	5177	7499
PDACNP_10_TGGACGTAGGCGAATC-1	1	9	7	3423	19036
PDACNP_10_TGGACTGTTCGCTCAA-1	1	37	73	12351	12440
PDACNP_10_TGGAGAATAATCGTCC-1	1	72	44	8424	4201
PDACNP_10_TGGAGTGATGCGATGA-1	1	29	41	8022	14325
PDACNP_10_TGGATAGAGTAACAGA-1	1	10	14	4370	18800
PDACNP_10_TGGATGGCATCTTGGA-1	1	77	47	8829	3024
PDACNP_10_TGGCAAACTAAATTAC-1	1	50	78	13026	9379
PDACNP_10_TGGCAACTCGCGCGCC-1	1	22	86	14111	15971
PDACNP_10_TGGCAAGCACAAGTCG-1	1	66	56	10048	5613
PDACNP_10_TGGCAATGGGACGGCG-1	1	54	106	16815	8436
PDACNP_10_TGGCAGATTACGATCA-1	1	44	58	10321	10793
PDACNP_10_TGGCAGCAGTAATAGT-1	1	39	61	10727	11970
PDACNP_10_TGGCATGAAGTTTGGG-1	1	56	12	4095	7970
PDACNP_10_TGGCCAAACTGAAGTA-1	1	28	76	12758	14559
PDACNP_10_TGGCCAATTTGGTACT-1	1	49	11	3960	9618
PDACNP_10_TGGCCGTATATTGACC-1	1	26	38	7616	15032
PDACNP_10_TGGCGACTGCTCCAAA-1	1	55	47	8831	8203
PDACNP_10_TGGCGATCAAGTTATG-1	1	51	55	9914	9145
PDACNP_10_TGGCGGTGTGCGATTG-1	1	7	43	8294	19505
PDACNP_10_TGGCTACACTCTACCT-1	1	64	100	16002	6082
PDACNP_10_TGGCTATGTGACATAC-1	1	60	82	13567	7024
PDACNP_10_TGGCTCTTGTCGCGTA-1	1	42	12	4096	11266
PDACNP_10_TGGCTTATGTATAATG-1	1	55	1	2607	8206
PDACNP_10_TGGCTTGTACAAGCTT-1	1	16	116	18171	17382
PDACNP_10_TGGCTTTGGGTAGACA-1	1	19	51	9376	16679
PDACNP_10_TGGGAAATGCCTTTCC-1	1	23	27	6128	15739
PDACNP_10_TGGGATGCACTCATTC-1	1	12	98	15736	18325
PDACNP_10_TGGGCAATAGTTGGGT-1	1	46	108	17086	10319
PDACNP_10_TGGGCACAAACAGAAC-1	1	8	46	8700	19269
PDACNP_10_TGGGCACGTTCTATGG-1	1	15	73	12353	17620
PDACNP_10_TGGGCCACAAGAGCGC-1	1	18	72	12217	16913
PDACNP_10_TGGGCCCATACTAATT-1	1	47	89	14515	10085
PDACNP_10_TGGGCCTTGCCTGCAT-1	1	8	10	3829	19271
PDACNP_10_TGGGCGATACAATAAG-1	1	68	62	10860	5142
PDACNP_10_TGGGTAAGGTTCCCGC-1	1	13	79	13165	18090
PDACNP_10_TGGGTGCACAAGCCAT-1	1	69	85	13972	4905
PDACNP_10_TGGGTGTAATAGATTT-1	1	68	102	16272	5140
PDACNP_10_TGGGTGTTAAGTAGAA-1	1	72	68	11671	4200
PDACNP_10_TGGGTTTCGGGCGTAC-1	1	71	25	5853	4438
PDACNP_10_TGGTAAGCAGGATTGA-1	1	41	11	3961	11502
PDACNP_10_TGGTAGAATATATGGG-1	1	48	100	16003	9849
PDACNP_10_TGGTCCCACGCTACGG-1	1	52	74	12485	8908
PDACNP_10_TGGTCGATATACCTCT-1	1	73	37	7476	3966
PDACNP_10_TGGTCGGGTACAGGGC-1	1	75	15	4499	3496
PDACNP_10_TGGTCGTGCAAGGCAA-1	1	41	7	3420	11502
PDACNP_10_TGGTCTAGCTTACATG-1	1	21	5	3151	16211
PDACNP_10_TGGTCTGTTGGGCGTA-1	1	37	29	6397	12442
PDACNP_10_TGGTGATCGTATTTGT-1	1	26	16	4639	15033
PDACNP_10_TGGTGCCCTGCCTTAC-1	1	74	52	9506	3730
PDACNP_10_TGGTTAACTTACATTT-1	1	60	8	3553	7028
PDACNP_10_TGGTTAAGGGCGCTGG-1	1	26	114	17900	15028
PDACNP_10_TGGTTCAACGGGTAAT-1	1	50	74	12485	9379
PDACNP_10_TGGTTCGTAGCAAAGG-1	1	23	55	9917	15737
PDACNP_10_TGGTTGGAGGATCCTG-1	1	11	91	14789	18561
PDACNP_10_TGGTTTAAACGTGGGT-1	1	24	112	17629	15499
PDACNP_10_TGTAATGACCACAATA-1	1	36	14	4368	12679
PDACNP_10_TGTACCCGACCCTAAT-1	1	67	7	3418	5380
PDACNP_10_TGTACCTACACGAGGG-1	1	59	91	14784	7259
PDACNP_10_TGTACGAACAAATCCG-1	1	38	58	10321	12205
PDACNP_10_TGTACTATCGCTCGTT-1	1	76	94	15189	3257
PDACNP_10_TGTAGCCAATTCCGTT-1	1	71	81	13430	4435
PDACNP_10_TGTAGGAGAAATTTCC-1	1	34	86	14110	13146
PDACNP_10_TGTAGTGATCTATAAT-1	1	35	33	6939	12913
PDACNP_10_TGTATAACAGATCCTG-1	1	29	79	13163	14323
PDACNP_10_TGTATCCTTATTCCAT-1	1	10	50	9241	18798
PDACNP_10_TGTATGGCGCAGACAG-1	1	43	93	15057	11026
PDACNP_10_TGTCATTTGTTGGGAA-1	1	21	109	17224	16205
PDACNP_10_TGTCCACGGCTCAACT-1	1	65	101	16137	5846
PDACNP_10_TGTCCCGACATAGCAC-1	1	11	57	10188	18562
PDACNP_10_TGTCCGCAAACAATTC-1	1	73	51	9371	3965
PDACNP_10_TGTCCGTGGCGCCTTT-1	1	30	18	4909	14091
PDACNP_10_TGTCCTAAGTCACCGC-1	1	34	30	6533	13149
PDACNP_10_TGTCGGCATGGTGGAA-1	1	9	23	5588	19035
PDACNP_10_TGTCGTGGGTATAGGC-1	1	75	67	11535	3494
PDACNP_10_TGTCGTTATCACATAT-1	1	61	15	4501	6792
PDACNP_10_TGTCTACAGTTTCTGT-1	1	11	53	9647	18563
PDACNP_10_TGTGACTACGCCAGTC-1	1	21	73	12352	16207
PDACNP_10_TGTGACTAGAGTTTGC-1	1	68	110	17355	5139
PDACNP_10_TGTGAGACTAGCCCAA-1	1	59	63	10996	7261
PDACNP_10_TGTGCCAGAGGCAAAG-1	1	54	0	2472	8441
PDACNP_10_TGTGCCGGTGCCGGAA-1	1	53	97	15597	8672
PDACNP_10_TGTGCTTTACGTAAGA-1	1	36	18	4909	12678
PDACNP_10_TGTGGCAAAGCGTATG-1	1	29	87	14246	14323
PDACNP_10_TGTGGCGGGCTTCTGG-1	1	65	59	10454	5848
PDACNP_10_TGTGGTTGCTAAAGCT-1	1	65	49	9101	5849
PDACNP_10_TGTGTCGAAGTCGAGG-1	1	42	0	2473	11267
PDACNP_10_TGTGTCGCGAGTTGCA-1	1	24	36	7346	15503
PDACNP_10_TGTGTGACCATGAATC-1	1	48	2	2743	9854
PDACNP_10_TGTGTTCGTATCCAAG-1	1	31	21	5315	13855
PDACNP_10_TGTTATTGTATGTGGC-1	1	44	86	14109	10791
PDACNP_10_TGTTCATAAATGTGCT-1	1	26	8	3557	15033
PDACNP_10_TGTTCCGCTTCCATGA-1	1	36	44	8427	12677
PDACNP_10_TGTTCCGGCCTGAGCT-1	1	70	66	11401	4671
PDACNP_10_TGTTCGTATTGCGGTG-1	1	49	61	10726	9615
PDACNP_10_TGTTCTTCCATTGACT-1	1	33	43	8292	13383
PDACNP_10_TGTTGTCAAGAAGTCT-1	1	24	82	13570	15500
PDACNP_10_TGTTTAATACTTCATC-1	1	9	77	12895	19032
PDACNP_10_TGTTTCGGTACTTCTC-1	1	18	56	10052	16914
PDACNP_10_TGTTTCTGAAGCGTGC-1	1	63	7	3418	6322
PDACNP_10_TTAAACAGAGTCCCGC-1	1	9	27	6129	19035
PDACNP_10_TTAAACCGGTAGCGAC-1	1	8	52	9512	19269
PDACNP_10_TTAAACCTGGTTCCTT-1	1	26	12	4098	15033
PDACNP_10_TTAAACTCGAATTCAT-1	1	31	95	15328	13852
PDACNP_10_TTAAAGGCGATGCTCG-1	1	73	49	9100	3965
PDACNP_10_TTAAAGTAAGTCGCCA-1	1	69	105	16678	4904
PDACNP_10_TTAACACCTCGAACAT-1	1	24	22	5451	15503
PDACNP_10_TTAACCAACCCTCCCT-1	1	19	55	9917	16679
PDACNP_10_TTAACGAACAAGCAGT-1	1	22	114	17900	15969
PDACNP_10_TTAACGTCGCAAGACC-1	1	10	54	9782	18798
PDACNP_10_TTAACGTTAAAGCCTG-1	1	36	4	3014	12679
PDACNP_10_TTAACTCACGCGTGGA-1	1	24	14	4369	15504
PDACNP_10_TTAACTTCAGGTAGGA-1	1	46	26	5990	10324
PDACNP_10_TTAAGATACCCAGAGA-1	1	74	26	5988	3731
PDACNP_10_TTAAGATAGGATTGAC-1	1	43	101	16139	11026
PDACNP_10_TTAAGCCGACAACTTC-1	1	13	77	12894	18090
PDACNP_10_TTAAGCGCCTGACCCA-1	1	30	44	8427	14090
PDACNP_10_TTAAGGATACGGAGGT-1	1	7	39	7753	19505
PDACNP_10_TTAAGGCCCGTACTTT-1	1	59	25	5854	7263
PDACNP_10_TTAAGTATTGTTATCC-1	1	64	90	14649	6082
PDACNP_10_TTAATCAGTACGTCAG-1	1	18	76	12759	16913
PDACNP_10_TTAATGTAGACCAGGT-1	1	30	68	11675	14088
PDACNP_10_TTAATTGCTTTGGGTG-1	1	62	76	12754	6554
PDACNP_10_TTAATTTCAGACGCGG-1	1	17	69	11811	17149
PDACNP_10_TTACAACTACGCATCC-1	1	24	52	9511	15502
PDACNP_10_TTACACGATCTGCGAC-1	1	62	110	17355	6552
PDACNP_10_TTACAGACCTAAATGA-1	1	26	96	15464	15029
PDACNP_10_TTACATCGTGGCCTGG-1	1	20	36	7346	16444
PDACNP_10_TTACATGCCACAACTA-1	1	41	103	16410	11497
PDACNP_10_TTACCATTGATTACCC-1	1	34	28	6262	13149
PDACNP_10_TTACCCATTGCCGGGT-1	1	17	85	13976	17148
PDACNP_10_TTACCCTAACAGTCCT-1	1	24	24	5722	15503
PDACNP_10_TTACCCTAGGGATTGG-1	1	60	58	10319	7026
PDACNP_10_TTACCGCCTTAGGGAA-1	1	11	21	5317	18564
PDACNP_10_TTACGGATGGTTCGAG-1	1	33	93	15057	13381
PDACNP_10_TTACTAAAGGACTTTA-1	1	48	78	13026	9850
PDACNP_10_TTACTATCGGCTTCTC-1	1	34	16	4638	13149
PDACNP_10_TTACTCCGGCCGGGAA-1	1	34	78	13028	13146
PDACNP_10_TTACTCTGGTACGTAC-1	1	43	31	6667	11030
PDACNP_10_TTACTGGGATATTTCA-1	1	44	54	9779	10793
PDACNP_10_TTACTGTCTAGAGCTC-1	1	19	115	18036	16676
PDACNP_10_TTAGAAGAACATGACT-1	1	52	64	11132	8909
PDACNP_10_TTAGAATAAGGGTCGG-1	1	61	45	8560	6791
PDACNP_10_TTAGACACGATCGTTG-1	1	16	86	14112	17384
PDACNP_10_TTAGACGAGTCACCTC-1	1	48	80	13297	9850
PDACNP_10_TTAGAGTATTGTCGAG-1	1	76	22	5446	3260
PDACNP_10_TTAGAGTTTAGAAGGA-1	1	46	86	14109	10320
PDACNP_10_TTAGATAGGTCGATAC-1	1	13	21	5317	18093
PDACNP_10_TTAGCAACATGGATGT-1	1	20	28	6263	16445
PDACNP_10_TTAGCATCCCTCACGT-1	1	73	1	2605	3968
PDACNP_10_TTAGCCATAGGGCTCG-1	1	76	28	6258	3260
PDACNP_10_TTAGCTAATACGATCT-1	1	22	98	15735	15970
PDACNP_10_TTAGCTCTGTAATCCG-1	1	31	15	4503	13856
PDACNP_10_TTAGCTGATTTGCCGT-1	1	38	94	15192	12203
PDACNP_10_TTAGGTCATAACCGAC-1	1	58	38	7613	7498
PDACNP_10_TTAGTAAACCTGCTCT-1	1	62	94	15190	6553
PDACNP_10_TTAGTAGGGCGGCGGG-1	1	34	26	5991	13149
PDACNP_10_TTAGTTATTCGTGGCA-1	1	47	91	14786	10085
PDACNP_10_TTAGTTCAAGTGTTCG-1	1	22	112	17629	15970
PDACNP_10_TTATAGGTAATTGTCT-1	1	61	73	12349	6789
PDACNP_10_TTATATACGCTGTCAC-1	1	38	74	12486	12205
PDACNP_10_TTATATTTGGCAATCC-1	1	26	64	11134	15030
PDACNP_10_TTATCCAATCGAACTC-1	1	13	33	6941	18093
PDACNP_10_TTATCCGGGATCTATA-1	1	51	87	14244	9143
PDACNP_10_TTATCCTCAAGGAATA-1	1	52	18	4907	8911
PDACNP_10_TTATCGCCTGCGAAGC-1	1	27	17	4774	14797
PDACNP_10_TTATCTGACATTAGGA-1	1	46	8	3555	10324
PDACNP_10_TTATCTGTATCATAAC-1	1	22	60	10593	15972
PDACNP_10_TTATGAATGAAAGGGA-1	1	41	63	10997	11499
PDACNP_10_TTATGACAAACTGGAT-1	1	27	35	7210	14796
PDACNP_10_TTATGATCTTAACGAA-1	1	38	82	13569	12204
PDACNP_10_TTATGTTTGCGATAGA-1	1	26	20	5180	15033
PDACNP_10_TTATTAGAGCGTGTTC-1	1	46	70	11944	10321
PDACNP_10_TTATTAGGGAAGCATC-1	1	15	59	10459	17620
PDACNP_10_TTCAAAGTCTCTAGCC-1	1	35	75	12622	12911
PDACNP_10_TTCAACGACCCGACCG-1	1	20	48	8970	16444
PDACNP_10_TTCAAGCCGAGCTGAG-1	1	13	75	12624	18091
PDACNP_10_TTCAATACTCTGAATC-1	1	38	86	14110	12204
PDACNP_10_TTCACGAAAGGATCAC-1	1	38	54	9780	12206
PDACNP_10_TTCACGGTCGTCACGT-1	1	71	27	6123	4437
PDACNP_10_TTCACTCGAGCACCTA-1	1	55	69	11808	8202
PDACNP_10_TTCACTTCCTAGAACG-1	1	67	51	9371	5378
PDACNP_10_TTCAGAGTAACCTGAC-1	1	6	22	5453	19741
PDACNP_10_TTCAGCCCTGGTCCAC-1	1	47	85	13974	10085
PDACNP_10_TTCAGCTGGCGTGCCC-1	1	55	95	15326	8201
PDACNP_10_TTCAGGCGTCAAAGCC-1	1	40	16	4638	11737
PDACNP_10_TTCAGTTCAAGAGGAG-1	1	72	38	7612	4201
PDACNP_10_TTCAGTTTGTGGCAGC-1	1	27	7	3421	14798
PDACNP_10_TTCATAGCCTTGTAAC-1	1	7	15	4506	19506
PDACNP_10_TTCATGGCGCAACAGG-1	1	19	75	12623	16678
PDACNP_10_TTCCAATCAGAGCTAG-1	1	23	95	15329	15735
PDACNP_10_TTCCAATCTGGCTATC-1	1	48	46	8696	9852
PDACNP_10_TTCCACACAGATTTGA-1	1	50	46	8696	9381
PDACNP_10_TTCCAGACGAGATTTA-1	1	39	111	17493	11967
PDACNP_10_TTCCAGTGGGTTTCGT-1	1	75	47	8829	3495
PDACNP_10_TTCCATCATGCGGTGA-1	1	13	99	15871	18089
PDACNP_10_TTCCATCGACAGCGTG-1	1	61	107	16949	6788
PDACNP_10_TTCCCGGCGCCAATAG-1	1	46	12	4096	10324
PDACNP_10_TTCCGCAGAGAAATAT-1	1	21	101	16141	16206
PDACNP_10_TTCCGCGTGAGGCGAT-1	1	46	64	11132	10322
PDACNP_10_TTCCGGCCTTGAGGCT-1	1	54	44	8425	8439
PDACNP_10_TTCCGGCTCGACTTCT-1	1	12	110	17360	18324
PDACNP_10_TTCCGGTTACCCACTT-1	1	45	87	14244	10556
PDACNP_10_TTCCTCGAGGGTGTCT-1	1	21	49	9105	16208
PDACNP_10_TTCCTCGGACTAACCA-1	1	50	86	14109	9379
PDACNP_10_TTCCTCTGCCCGAATA-1	1	35	15	4503	12914
PDACNP_10_TTCCTTTCTGTGTTGC-1	1	11	25	5858	18564
PDACNP_10_TTCGAACGAAACATGC-1	1	74	42	8153	3730
PDACNP_10_TTCGACAGAGCCCGTG-1	1	52	68	11673	8909
PDACNP_10_TTCGACGGGAAGGGCG-1	1	24	44	8428	15502
PDACNP_10_TTCGCACTCGCGTGCT-1	1	25	45	8563	15267
PDACNP_10_TTCGCACTGTACGACA-1	1	61	59	10454	6790
PDACNP_10_TTCGCATCCGGAAGCA-1	1	11	19	5046	18564
PDACNP_10_TTCGCCGCTCGCGCTA-1	1	57	9	3689	7735
PDACNP_10_TTCGCGCGCCATACGA-1	1	59	47	8831	7262
PDACNP_10_TTCGCTATCTGACGTG-1	1	20	100	16006	16441
PDACNP_10_TTCGGCAACCCGCTGA-1	1	16	88	14382	17384
PDACNP_10_TTCGGCTAGAGATGGT-1	1	18	24	5722	16916
PDACNP_10_TTCGGGACTAATCGCG-1	1	36	72	12216	12676
PDACNP_10_TTCGGGCGCTAGTCTT-1	1	55	37	7478	8204
PDACNP_10_TTCGGTACTGTAGAGG-1	1	67	63	10995	5377
PDACNP_10_TTCGTAATCCCAGCGG-1	1	12	86	14112	18325
PDACNP_10_TTCGTACTCCAGAACG-1	1	29	29	6398	14326
PDACNP_10_TTCGTGCATGTTATAG-1	1	77	61	10723	3023
PDACNP_10_TTCGTTCAACGAAGTT-1	1	23	105	16682	15735
PDACNP_10_TTCTAACCGAAGCTTA-1	1	34	90	14651	13145
PDACNP_10_TTCTACCTCAATCGGT-1	1	69	23	5582	4909
PDACNP_10_TTCTACTTGCGAGGGC-1	1	22	32	6804	15974
PDACNP_10_TTCTAGAAAGTCTTAT-1	1	60	46	8695	7026
PDACNP_10_TTCTAGGCCAATTGTG-1	1	22	44	8428	15973
PDACNP_10_TTCTATTAAACGCAGC-1	1	67	55	9912	5378
PDACNP_10_TTCTCAATTGCTACAA-1	1	72	14	4364	4203
PDACNP_10_TTCTCTTACAGGTGAT-1	1	62	8	3553	6557
PDACNP_10_TTCTGACCGGGCTCAA-1	1	52	84	13838	8908
PDACNP_10_TTCTGCCGCGCCTAGA-1	1	49	69	11809	9615
PDACNP_10_TTCTGCGAGCGCCCTT-1	1	33	17	4774	13385
PDACNP_10_TTCTGCGGGTTAGCGG-1	1	40	80	13298	11733
PDACNP_10_TTCTGCTAGACTCCAA-1	1	28	106	16817	14557
PDACNP_10_TTCTGTTTCCTGTCGC-1	1	20	12	4098	16446
PDACNP_10_TTCTTAGTGAACGGTG-1	1	18	34	7075	16915
PDACNP_10_TTCTTAGTGGCTCAGA-1	1	17	61	10729	17150
PDACNP_10_TTCTTATCCGCTGGGT-1	1	49	101	16138	9613
PDACNP_10_TTCTTGAGCCGCGCTA-1	1	47	41	8020	10087
PDACNP_10_TTCTTGCTAGCATCTC-1	1	40	110	17357	11732
PDACNP_10_TTCTTGGACGATCTGC-1	1	52	32	6802	8911
PDACNP_10_TTCTTGGAGTAATGAG-1	1	21	79	13164	16207
PDACNP_10_TTCTTGTAACCTAATG-1	1	23	35	7210	15738
PDACNP_10_TTCTTGTGTCCATCAG-1	1	30	8	3556	14092
PDACNP_10_TTCTTTGGTCGCGACG-1	1	24	104	16547	15499
PDACNP_10_TTGAAAGGTGTAAAGG-1	1	13	103	16412	18089
PDACNP_10_TTGAACGAATCCTTTG-1	1	19	21	5316	16681
PDACNP_10_TTGAACGACGTGCTGA-1	1	60	88	14378	7024
PDACNP_10_TTGAAGAATTCCCAGG-1	1	32	50	9239	13618
PDACNP_10_TTGAAGGATGGGCGCC-1	1	62	12	4095	6557
PDACNP_10_TTGAATATGGACTTTC-1	1	34	76	12757	13146
PDACNP_10_TTGAATCGTTGTATAA-1	1	48	10	3825	9853
PDACNP_10_TTGAATTCACGTGAGG-1	1	39	97	15598	11968
PDACNP_10_TTGACAGGAGCTCCCG-1	1	47	99	15868	10084
PDACNP_10_TTGACATGAACGTGGA-1	1	44	32	6802	10794
PDACNP_10_TTGACCAGGAACAACT-1	1	64	80	13296	6083
PDACNP_10_TTGACCATGTTCTCCG-1	1	24	78	13029	15501
PDACNP_10_TTGACCGTGTTAATGA-1	1	50	34	7073	9381
PDACNP_10_TTGACGATTCAGCACG-1	1	9	51	9377	19034
PDACNP_10_TTGACGCTCCATGAGC-1	1	41	101	16139	11497
PDACNP_10_TTGACTACCATATGGT-1	1	43	41	8020	11029
PDACNP_10_TTGACTATTGTCCGGC-1	1	46	104	16545	10319
PDACNP_10_TTGAGAAGTTTAGCAT-1	1	55	87	14244	8201
PDACNP_10_TTGAGAGTACTGCTAA-1	1	44	38	7614	10794
PDACNP_10_TTGATAGTCAATACAT-1	1	27	115	18035	14792
PDACNP_10_TTGATCTAACTTTGTC-1	1	29	47	8833	14325
PDACNP_10_TTGATGCCGCTCGTCG-1	1	70	34	7071	4672
PDACNP_10_TTGATGTGTAGTCCCG-1	1	24	90	14652	15500
PDACNP_10_TTGATTAGCTGTTTCT-1	1	48	34	7073	9852
PDACNP_10_TTGATTATGCAGATGA-1	1	27	33	6939	14797
PDACNP_10_TTGCAAGAAGACTCCT-1	1	70	68	11671	4671
PDACNP_10_TTGCACAATTCAGAAA-1	1	43	57	10185	11028
PDACNP_10_TTGCACGGAGCAGCAC-1	1	21	59	10458	16208
PDACNP_10_TTGCATGCTGATCACG-1	1	41	35	7209	11500
PDACNP_10_TTGCCATAGCCCGCTC-1	1	54	24	5719	8440
PDACNP_10_TTGCCCTGATCACGGG-1	1	36	34	7074	12678
PDACNP_10_TTGCCGCAGACCTACA-1	1	62	18	4906	6557
PDACNP_10_TTGCCGCTTTCTAGTA-1	1	62	78	13025	6554
PDACNP_10_TTGCCGGTGATCCCTC-1	1	11	97	15601	18560
PDACNP_10_TTGCCTAATCCAAAGT-1	1	69	21	5312	4909
PDACNP_10_TTGCCTTCTCGCCGGG-1	1	68	104	16543	5140
PDACNP_10_TTGCGCACAACCACGT-1	1	76	106	16813	3256
PDACNP_10_TTGCGCTCTCTCGCTT-1	1	22	4	3016	15975
PDACNP_10_TTGCGCTTGATCAATA-1	1	69	101	16137	4904
PDACNP_10_TTGCGGAAAGCTGCCC-1	1	76	42	8153	3259
PDACNP_10_TTGCGGCATCAGAAAG-1	1	53	45	8561	8674
PDACNP_10_TTGCGTAGTTTGAGGA-1	1	25	19	5045	15268
PDACNP_10_TTGCGTCGGCCAACCG-1	1	51	41	8020	9146
PDACNP_10_TTGCGTGAACGCTTAG-1	1	14	96	15465	17854
PDACNP_10_TTGCGTGTGTAGGCAT-1	1	69	83	13701	4905
PDACNP_10_TTGCTCATAGTACGTG-1	1	67	107	16949	5375
PDACNP_10_TTGCTCCCATACCGGA-1	1	22	72	12217	15972
PDACNP_10_TTGCTGAAGGAACCAC-1	1	19	57	10188	16679
PDACNP_10_TTGCTGATCATGTTCG-1	1	33	57	10186	13383
PDACNP_10_TTGCTGCACCTATCCA-1	1	22	20	5181	15974
PDACNP_10_TTGGAAGAATACAGTC-1	1	50	24	5719	9382
PDACNP_10_TTGGACATGTGGCTTA-1	1	41	29	6397	11501
PDACNP_10_TTGGACCATCTGGCAA-1	1	51	105	16680	9142
PDACNP_10_TTGGACCTATAACAGT-1	1	56	86	14108	7966
PDACNP_10_TTGGAGTCTCCCTTCT-1	1	8	44	8429	19269
PDACNP_10_TTGGATATCGTCTACG-1	1	48	52	9508	9851
PDACNP_10_TTGGATCGACTTCTGG-1	1	10	60	10594	18798
PDACNP_10_TTGGATTGGGTACCAC-1	1	17	55	9917	17150
PDACNP_10_TTGGCCAAATTGTATC-1	1	74	86	14107	3728
PDACNP_10_TTGGCCATCTTGCGCT-1	1	17	21	5316	17152
PDACNP_10_TTGGCCTAGAATTTCG-1	1	16	82	13571	17384
PDACNP_10_TTGGCGATCCGAATAT-1	1	35	121	18846	12908
PDACNP_10_TTGGCTCGCATGAGAC-1	1	23	37	7481	15738
PDACNP_10_TTGGGAAGACGAGCCG-1	1	68	64	11130	5142
PDACNP_10_TTGGGACACTGCCCGC-1	1	28	70	11946	14559
PDACNP_10_TTGGGACGTAAGAGTT-1	1	51	109	17221	9142
PDACNP_10_TTGGGCGGCGGTTGCC-1	1	30	76	12757	14088
PDACNP_10_TTGGTCACACTCGTAA-1	1	48	48	8967	9851
PDACNP_10_TTGGTTCGCTCAAAGG-1	1	39	125	19387	11966
PDACNP_10_TTGGTTGCGGTGCGCG-1	1	53	23	5584	8676
PDACNP_10_TTGTAAGGACCTAAGT-1	1	46	32	6802	10323
PDACNP_10_TTGTAAGGCCAGTTGG-1	1	27	81	13434	14794
PDACNP_10_TTGTAATCCGTACTCG-1	1	35	55	9915	12912
PDACNP_10_TTGTACACCTCGAACA-1	1	51	1	2607	9148
PDACNP_10_TTGTATCACACAGAAT-1	1	12	74	12488	18326
PDACNP_10_TTGTCACCGCGGTATC-1	1	53	5	3148	8677
PDACNP_10_TTGTCGTTCAGTTACC-1	1	22	58	10323	15972
PDACNP_10_TTGTCTCGGCAAGATG-1	1	75	41	8017	3495
PDACNP_10_TTGTGAACCTAATCCG-1	1	56	90	14649	7966
PDACNP_10_TTGTGAGGCATGACGC-1	1	43	13	4232	11031
PDACNP_10_TTGTGATCTGTTCAGT-1	1	69	111	17490	4904
PDACNP_10_TTGTGCAGCCACGTCA-1	1	60	74	12484	7025
PDACNP_10_TTGTGCGGAAGCGGAT-1	1	60	2	2742	7029
PDACNP_10_TTGTGGAGACAGCCGG-1	1	76	12	4093	3261
PDACNP_10_TTGTGGCCCTGACAGT-1	1	18	60	10594	16914
PDACNP_10_TTGTGGTAGGAGGGAT-1	1	50	28	6261	9382
PDACNP_10_TTGTGGTGGTACTAAG-1	1	63	95	15325	6317
PDACNP_10_TTGTGTATGCCACCAA-1	1	56	60	10590	7967
PDACNP_10_TTGTGTTTCCCGAAAG-1	1	51	59	10455	9145
PDACNP_10_TTGTTAGCAAATTCGA-1	1	22	42	8158	15973
PDACNP_10_TTGTTCAGTGTGCTAC-1	1	24	64	11134	15501
PDACNP_10_TTGTTGGCAATGACTG-1	1	76	30	6529	3260
PDACNP_10_TTGTTGTGTGTCAAGA-1	1	31	77	12893	13852
PDACNP_10_TTGTTTCACATCCAGG-1	1	58	42	8154	7497
PDACNP_10_TTGTTTCATTAGTCTA-1	1	60	30	6530	7027
PDACNP_10_TTGTTTCCATACAACT-1	1	45	27	6126	10559
PDACNP_10_TTGTTTGTATTACACG-1	1	73	41	8018	3966
