spot	orig.ident	Origin	cc_ischia_10	first_type
PDACNP_10_AAACAAGTATCTCCCA-1	IU_PDA_NP11	Normal Pancreas	CC10	Normal Epithelial cells
PDACNP_10_AAACACCAATAACTGC-1	IU_PDA_NP11	Normal Pancreas	CC10	Normal Epithelial cells
PDACNP_10_AAACAGAGCGACTCCT-1	IU_PDA_NP11	Normal Pancreas	CC10	Normal Epithelial cells
PDACNP_10_AAACAGCTTTCAGAAG-1	IU_PDA_NP11	Normal Pancreas	CC10	Normal Epithelial cells
PDACNP_10_AAACAGGGTCTATATT-1	IU_PDA_NP11	Normal Pancreas	CC10	Normal Epithelial cells
PDACNP_10_AAACAGTGTTCCTGGG-1	IU_PDA_NP11	Normal Pancreas	CC10	Normal Epithelial cells
PDACNP_10_AAACATTTCCCGGATT-1	IU_PDA_NP11	Normal Pancreas	CC10	Normal Epithelial cells
PDACNP_10_AAACCGGGTAGGTACC-1	IU_PDA_NP11	Normal Pancreas	CC10	Normal Epithelial cells
PDACNP_10_AAACCGTTCGTCCAGG-1	IU_PDA_NP11	Normal Pancreas	CC10	Normal Epithelial cells
PDACNP_10_AAACCTAAGCAGCCGG-1	IU_PDA_NP11	Normal Pancreas	CC10	Normal Epithelial cells
PDACNP_10_AAACCTCATGAAGTTG-1	IU_PDA_NP11	Normal Pancreas	CC10	Normal Epithelial cells
PDACNP_10_AAACGAAGATGGAGTA-1	IU_PDA_NP11	Normal Pancreas	CC10	Normal Epithelial cells
PDACNP_10_AAACGAGACGGTTGAT-1	IU_PDA_NP11	Normal Pancreas	CC10	Normal Epithelial cells
PDACNP_10_AAACGGGCGTACGGGT-1	IU_PDA_NP11	Normal Pancreas	CC10	Normal Epithelial cells
PDACNP_10_AAACGGTTGCGAACTG-1	IU_PDA_NP11	Normal Pancreas	CC10	Normal Epithelial cells
PDACNP_10_AAACTCGGTTCGCAAT-1	IU_PDA_NP11	Normal Pancreas	CC10	Normal Epithelial cells
PDACNP_10_AAACTCGTGATATAAG-1	IU_PDA_NP11	Normal Pancreas	CC10	Normal Epithelial cells
PDACNP_10_AAACTGCTGGCTCCAA-1	IU_PDA_NP11	Normal Pancreas	CC10	Normal Epithelial cells
PDACNP_10_AAACTTAATTGCACGC-1	IU_PDA_NP11	Normal Pancreas	CC10	Normal Epithelial cells
PDACNP_10_AAACTTGCAAACGTAT-1	IU_PDA_NP11	Normal Pancreas	CC10	Normal Epithelial cells
PDACNP_10_AAAGAATGACCTTAGA-1	IU_PDA_NP11	Normal Pancreas	CC10	Normal Epithelial cells
PDACNP_10_AAAGAATGTGGACTAA-1	IU_PDA_NP11	Normal Pancreas	CC10	Normal Epithelial cells
PDACNP_10_AAAGACCCAAGTCGCG-1	IU_PDA_NP11	Normal Pancreas	CC10	Normal Epithelial cells
PDACNP_10_AAAGACTGGGCGCTTT-1	IU_PDA_NP11	Normal Pancreas	CC10	Normal Epithelial cells
PDACNP_10_AAAGGCCCTATAATAC-1	IU_PDA_NP11	Normal Pancreas	CC10	Normal Epithelial cells
PDACNP_10_AAAGGCTACGGACCAT-1	IU_PDA_NP11	Normal Pancreas	CC10	Normal Epithelial cells
PDACNP_10_AAAGGCTCTCGCGCCG-1	IU_PDA_NP11	Normal Pancreas	CC10	Normal Epithelial cells
PDACNP_10_AAAGGGATGTAGCAAG-1	IU_PDA_NP11	Normal Pancreas	CC10	Normal Epithelial cells
PDACNP_10_AAAGGGCAGCTTGAAT-1	IU_PDA_NP11	Normal Pancreas	CC10	Normal Epithelial cells
PDACNP_10_AAAGTAGCATTGCTCA-1	IU_PDA_NP11	Normal Pancreas	CC10	Normal Epithelial cells
PDACNP_10_AAAGTCACTGATGTAA-1	IU_PDA_NP11	Normal Pancreas	CC10	Normal Epithelial cells
PDACNP_10_AAAGTCGACCCTCAGT-1	IU_PDA_NP11	Normal Pancreas	CC10	Normal Epithelial cells
PDACNP_10_AAAGTGTGATTTATCT-1	IU_PDA_NP11	Normal Pancreas	CC10	Normal Epithelial cells
PDACNP_10_AAAGTTGACTCCCGTA-1	IU_PDA_NP11	Normal Pancreas	CC10	Normal Epithelial cells
PDACNP_10_AAATAACCATACGGGA-1	IU_PDA_NP11	Normal Pancreas	CC2	Normal Epithelial cells
PDACNP_10_AAATAAGGTAGTGCCC-1	IU_PDA_NP11	Normal Pancreas	CC10	Normal Epithelial cells
PDACNP_10_AAATACCTATAAGCAT-1	IU_PDA_NP11	Normal Pancreas	CC10	Normal Epithelial cells
PDACNP_10_AAATAGCTTAGACTTT-1	IU_PDA_NP11	Normal Pancreas	CC10	Normal Epithelial cells
PDACNP_10_AAATAGGGTGCTATTG-1	IU_PDA_NP11	Normal Pancreas	CC10	Normal Epithelial cells
PDACNP_10_AAATCCGATACACGCC-1	IU_PDA_NP11	Normal Pancreas	CC10	Normal Epithelial cells
PDACNP_10_AAATCGCGGAAGGAGT-1	IU_PDA_NP11	Normal Pancreas	CC10	Normal Epithelial cells
PDACNP_10_AAATCGTGTACCACAA-1	IU_PDA_NP11	Normal Pancreas	CC10	Normal Epithelial cells
PDACNP_10_AAATCTAGCCCTGCTA-1	IU_PDA_NP11	Normal Pancreas	CC10	Normal Epithelial cells
PDACNP_10_AAATGACTGATCAAAC-1	IU_PDA_NP11	Normal Pancreas	CC10	Normal Epithelial cells
PDACNP_10_AAATGATTCGATCAGC-1	IU_PDA_NP11	Normal Pancreas	CC10	Normal Epithelial cells
PDACNP_10_AAATGCTCGTTACGTT-1	IU_PDA_NP11	Normal Pancreas	CC10	Normal Epithelial cells
PDACNP_10_AAATGGCATGTCTTGT-1	IU_PDA_NP11	Normal Pancreas	CC10	Normal Epithelial cells
PDACNP_10_AAATGGCCCGTGCCCT-1	IU_PDA_NP11	Normal Pancreas	CC10	Normal Epithelial cells
PDACNP_10_AAATGGTCAATGTGCC-1	IU_PDA_NP11	Normal Pancreas	CC10	Normal Epithelial cells
PDACNP_10_AAATTAACGGGTAGCT-1	IU_PDA_NP11	Normal Pancreas	CC10	Normal Epithelial cells
PDACNP_10_AAATTAATAAGCGCGA-1	IU_PDA_NP11	Normal Pancreas	CC10	Normal Epithelial cells
PDACNP_10_AAATTACACGACTCTG-1	IU_PDA_NP11	Normal Pancreas	CC2	Normal Epithelial cells
PDACNP_10_AAATTACCTATCGATG-1	IU_PDA_NP11	Normal Pancreas	CC10	Normal Epithelial cells
PDACNP_10_AAATTGCGGCGGTTCT-1	IU_PDA_NP11	Normal Pancreas	CC10	Normal Epithelial cells
PDACNP_10_AAATTTGCGGGTGTGG-1	IU_PDA_NP11	Normal Pancreas	CC10	Normal Epithelial cells
PDACNP_10_AACAACTGGTAGTTGC-1	IU_PDA_NP11	Normal Pancreas	CC10	Normal Epithelial cells
PDACNP_10_AACAATACATTGTCGA-1	IU_PDA_NP11	Normal Pancreas	CC10	Normal Epithelial cells
PDACNP_10_AACAATTACTCTACGC-1	IU_PDA_NP11	Normal Pancreas	CC10	Normal Epithelial cells
PDACNP_10_AACACACGCTCGCCGC-1	IU_PDA_NP11	Normal Pancreas	CC10	Normal Epithelial cells
PDACNP_10_AACACGACTGTACTGA-1	IU_PDA_NP11	Normal Pancreas	CC10	Normal Epithelial cells
PDACNP_10_AACACGAGACGCGGCC-1	IU_PDA_NP11	Normal Pancreas	CC10	Normal Epithelial cells
PDACNP_10_AACAGCTGTGTGGCAA-1	IU_PDA_NP11	Normal Pancreas	CC10	Normal Epithelial cells
PDACNP_10_AACAGGAAATCGAATA-1	IU_PDA_NP11	Normal Pancreas	CC10	Normal Epithelial cells
PDACNP_10_AACAGGATGGGCCGCG-1	IU_PDA_NP11	Normal Pancreas	CC10	Normal Epithelial cells
PDACNP_10_AACATATCAACTGGTG-1	IU_PDA_NP11	Normal Pancreas	CC10	Normal Epithelial cells
PDACNP_10_AACATCGATACGTCTA-1	IU_PDA_NP11	Normal Pancreas	CC10	Normal Epithelial cells
PDACNP_10_AACATTGAAGTTGATC-1	IU_PDA_NP11	Normal Pancreas	CC10	Normal Epithelial cells
PDACNP_10_AACATTGTGACTCGAG-1	IU_PDA_NP11	Normal Pancreas	CC10	Normal Epithelial cells
PDACNP_10_AACCAAGACTTCTCTG-1	IU_PDA_NP11	Normal Pancreas	CC10	Normal Epithelial cells
PDACNP_10_AACCATAGGGTTGAAC-1	IU_PDA_NP11	Normal Pancreas	CC10	Normal Epithelial cells
PDACNP_10_AACCATGGGATCGCTA-1	IU_PDA_NP11	Normal Pancreas	CC10	Normal Epithelial cells
PDACNP_10_AACCCAGAGACGGAGA-1	IU_PDA_NP11	Normal Pancreas	CC10	Normal Epithelial cells
PDACNP_10_AACCCATCCCATGATC-1	IU_PDA_NP11	Normal Pancreas	CC10	Normal Epithelial cells
PDACNP_10_AACCCGACAACCCGTG-1	IU_PDA_NP11	Normal Pancreas	CC10	Normal Epithelial cells
PDACNP_10_AACCCGCTGTATTCCA-1	IU_PDA_NP11	Normal Pancreas	CC10	Normal Epithelial cells
PDACNP_10_AACCCTACTGTCAATA-1	IU_PDA_NP11	Normal Pancreas	CC10	Normal Epithelial cells
PDACNP_10_AACCGAGCTTGGTCAT-1	IU_PDA_NP11	Normal Pancreas	CC10	Normal Epithelial cells
PDACNP_10_AACCGCTAAGGGATGC-1	IU_PDA_NP11	Normal Pancreas	CC10	Normal Epithelial cells
PDACNP_10_AACCGTTGTGTTTGCT-1	IU_PDA_NP11	Normal Pancreas	CC10	Normal Epithelial cells
PDACNP_10_AACCTCGCTTTAGCCC-1	IU_PDA_NP11	Normal Pancreas	CC10	Normal Epithelial cells
PDACNP_10_AACCTTTAAATACGGT-1	IU_PDA_NP11	Normal Pancreas	CC10	Normal Epithelial cells
PDACNP_10_AACCTTTACGACGTCT-1	IU_PDA_NP11	Normal Pancreas	CC10	Normal Epithelial cells
PDACNP_10_AACGAAAGTCGTCCCA-1	IU_PDA_NP11	Normal Pancreas	CC10	Normal Epithelial cells
PDACNP_10_AACGATAATGCCGTAG-1	IU_PDA_NP11	Normal Pancreas	CC10	Normal Epithelial cells
PDACNP_10_AACGATAGAAGGGCCG-1	IU_PDA_NP11	Normal Pancreas	CC10	Normal Epithelial cells
PDACNP_10_AACGATATGTCAACTG-1	IU_PDA_NP11	Normal Pancreas	CC10	Normal Epithelial cells
PDACNP_10_AACGCATGATCTGGGT-1	IU_PDA_NP11	Normal Pancreas	CC10	Normal Epithelial cells
PDACNP_10_AACGCGAACGGCAACA-1	IU_PDA_NP11	Normal Pancreas	CC10	Normal Epithelial cells
PDACNP_10_AACGCGACCTTGGGCG-1	IU_PDA_NP11	Normal Pancreas	CC10	Normal Epithelial cells
PDACNP_10_AACGCGGTCTCCAGCC-1	IU_PDA_NP11	Normal Pancreas	CC10	Normal Epithelial cells
PDACNP_10_AACGCTGTTGCTGAAA-1	IU_PDA_NP11	Normal Pancreas	CC10	Normal Epithelial cells
PDACNP_10_AACGGACGTACGTATA-1	IU_PDA_NP11	Normal Pancreas	CC10	Normal Epithelial cells
PDACNP_10_AACGGCCATCTCCGGT-1	IU_PDA_NP11	Normal Pancreas	CC10	Normal Epithelial cells
PDACNP_10_AACGTACTGTGGGTAC-1	IU_PDA_NP11	Normal Pancreas	CC10	Normal Epithelial cells
PDACNP_10_AACGTCAGACTAGTGG-1	IU_PDA_NP11	Normal Pancreas	CC10	Normal Epithelial cells
PDACNP_10_AACGTCATCCGGCTTG-1	IU_PDA_NP11	Normal Pancreas	CC10	Normal Epithelial cells
PDACNP_10_AACGTCGCTGCACTTC-1	IU_PDA_NP11	Normal Pancreas	CC10	Normal Epithelial cells
PDACNP_10_AACGTGCGAAAGTCTC-1	IU_PDA_NP11	Normal Pancreas	CC10	Normal Epithelial cells
PDACNP_10_AACGTTATCAGCACCT-1	IU_PDA_NP11	Normal Pancreas	CC10	Normal Epithelial cells
PDACNP_10_AACTAGGCTTGGGTGT-1	IU_PDA_NP11	Normal Pancreas	CC10	Normal Epithelial cells
PDACNP_10_AACTCAAGTTAATTGC-1	IU_PDA_NP11	Normal Pancreas	CC10	Normal Epithelial cells
PDACNP_10_AACTCCAGAGCGTGTT-1	IU_PDA_NP11	Normal Pancreas	CC10	Normal Epithelial cells
PDACNP_10_AACTCCTAATCCCATG-1	IU_PDA_NP11	Normal Pancreas	CC10	Normal Epithelial cells
PDACNP_10_AACTCGATGGCGCAGT-1	IU_PDA_NP11	Normal Pancreas	CC10	Normal Epithelial cells
PDACNP_10_AACTCTCAATAGAGCG-1	IU_PDA_NP11	Normal Pancreas	CC10	Normal Epithelial cells
PDACNP_10_AACTCTCAGTGTGCTC-1	IU_PDA_NP11	Normal Pancreas	CC10	Normal Epithelial cells
PDACNP_10_AACTGATATTAGGCCT-1	IU_PDA_NP11	Normal Pancreas	CC10	Normal Epithelial cells
PDACNP_10_AACTGGGTCCCGACGT-1	IU_PDA_NP11	Normal Pancreas	CC10	Normal Epithelial cells
PDACNP_10_AACTTCTGCGTCTATC-1	IU_PDA_NP11	Normal Pancreas	CC10	Normal Epithelial cells
PDACNP_10_AACTTGCCCGTATGCA-1	IU_PDA_NP11	Normal Pancreas	CC10	Normal Epithelial cells
PDACNP_10_AACTTGCGTTCTCGCG-1	IU_PDA_NP11	Normal Pancreas	CC10	Normal Epithelial cells
PDACNP_10_AACTTTACGGGAGCTT-1	IU_PDA_NP11	Normal Pancreas	CC10	Normal Epithelial cells
PDACNP_10_AAGAAAGTTTGATGGG-1	IU_PDA_NP11	Normal Pancreas	CC10	Normal Epithelial cells
PDACNP_10_AAGAAGGATCAGTTAG-1	IU_PDA_NP11	Normal Pancreas	CC10	Normal Epithelial cells
PDACNP_10_AAGACCAAATAACTCA-1	IU_PDA_NP11	Normal Pancreas	CC10	Normal Epithelial cells
PDACNP_10_AAGACCCAACTGAACA-1	IU_PDA_NP11	Normal Pancreas	CC10	Normal Epithelial cells
PDACNP_10_AAGACTGCAAGCTACT-1	IU_PDA_NP11	Normal Pancreas	CC10	Normal Epithelial cells
PDACNP_10_AAGAGATGAATCGGTA-1	IU_PDA_NP11	Normal Pancreas	CC10	Normal Epithelial cells
PDACNP_10_AAGAGCTCTTTATCGG-1	IU_PDA_NP11	Normal Pancreas	CC10	Normal Epithelial cells
PDACNP_10_AAGAGGATGTACGCGA-1	IU_PDA_NP11	Normal Pancreas	CC10	Normal Epithelial cells
PDACNP_10_AAGAGGCATGGATCGC-1	IU_PDA_NP11	Normal Pancreas	CC10	Normal Epithelial cells
PDACNP_10_AAGAGGCCCTTTGGAA-1	IU_PDA_NP11	Normal Pancreas	CC10	Normal Epithelial cells
PDACNP_10_AAGATGGCACCGGACC-1	IU_PDA_NP11	Normal Pancreas	CC10	Normal Epithelial cells
PDACNP_10_AAGATTGGCGGAACGT-1	IU_PDA_NP11	Normal Pancreas	CC10	Normal Epithelial cells
PDACNP_10_AAGCACCCTGCGTATC-1	IU_PDA_NP11	Normal Pancreas	CC10	Normal Epithelial cells
PDACNP_10_AAGCATACTCTCCTGA-1	IU_PDA_NP11	Normal Pancreas	CC10	Normal Epithelial cells
PDACNP_10_AAGCCACTTGCAGGTA-1	IU_PDA_NP11	Normal Pancreas	CC10	Normal Epithelial cells
PDACNP_10_AAGCCGAAGCGGTTTA-1	IU_PDA_NP11	Normal Pancreas	CC10	Normal Epithelial cells
PDACNP_10_AAGCCGCCGTGAAATC-1	IU_PDA_NP11	Normal Pancreas	CC10	Normal Epithelial cells
PDACNP_10_AAGCGCAGGGCTTTGA-1	IU_PDA_NP11	Normal Pancreas	CC10	Normal Epithelial cells
PDACNP_10_AAGCGTCCCTCATCGA-1	IU_PDA_NP11	Normal Pancreas	CC10	Normal Epithelial cells
PDACNP_10_AAGCTAGATCGAGTAA-1	IU_PDA_NP11	Normal Pancreas	CC10	Normal Epithelial cells
PDACNP_10_AAGCTCGTGCCAAGTC-1	IU_PDA_NP11	Normal Pancreas	CC10	Normal Epithelial cells
PDACNP_10_AAGCTCTTTCATGGTG-1	IU_PDA_NP11	Normal Pancreas	CC10	Normal Epithelial cells
PDACNP_10_AAGGAGCGGTTGGTGC-1	IU_PDA_NP11	Normal Pancreas	CC10	Normal Epithelial cells
PDACNP_10_AAGGATCGATCGCTTG-1	IU_PDA_NP11	Normal Pancreas	CC10	Normal Epithelial cells
PDACNP_10_AAGGATGAGGGACCTC-1	IU_PDA_NP11	Normal Pancreas	CC10	Normal Epithelial cells
PDACNP_10_AAGGCGCGTAAAGCTT-1	IU_PDA_NP11	Normal Pancreas	CC10	Normal Epithelial cells
PDACNP_10_AAGGCTGTGCTCATCG-1	IU_PDA_NP11	Normal Pancreas	CC10	Normal Epithelial cells
PDACNP_10_AAGGGAACGACTGGCT-1	IU_PDA_NP11	Normal Pancreas	CC10	Normal Epithelial cells
PDACNP_10_AAGGGACAGATTCTGT-1	IU_PDA_NP11	Normal Pancreas	CC10	Normal Epithelial cells
PDACNP_10_AAGGGACTATGCATTC-1	IU_PDA_NP11	Normal Pancreas	CC10	Normal Epithelial cells
PDACNP_10_AAGGGTTTGATTTCAG-1	IU_PDA_NP11	Normal Pancreas	CC10	Normal Epithelial cells
PDACNP_10_AAGGTATCCTAATATA-1	IU_PDA_NP11	Normal Pancreas	CC10	Normal Epithelial cells
PDACNP_10_AAGGTGATAAACCAGC-1	IU_PDA_NP11	Normal Pancreas	CC10	Normal Epithelial cells
PDACNP_10_AAGTAGAAGACCGGGT-1	IU_PDA_NP11	Normal Pancreas	CC10	Normal Epithelial cells
PDACNP_10_AAGTAGTGACGCGAGG-1	IU_PDA_NP11	Normal Pancreas	CC10	Normal Epithelial cells
PDACNP_10_AAGTCAATTGTCGTCA-1	IU_PDA_NP11	Normal Pancreas	CC10	Normal Epithelial cells
PDACNP_10_AAGTCTTCTGTGGCCT-1	IU_PDA_NP11	Normal Pancreas	CC10	Normal Epithelial cells
PDACNP_10_AAGTGACGACCGAATT-1	IU_PDA_NP11	Normal Pancreas	CC10	Normal Epithelial cells
PDACNP_10_AAGTGAGTCGGGTTTA-1	IU_PDA_NP11	Normal Pancreas	CC10	Normal Epithelial cells
PDACNP_10_AAGTGCAAAGGTAGAC-1	IU_PDA_NP11	Normal Pancreas	CC10	Normal Epithelial cells
PDACNP_10_AAGTGCCTTGACTGTA-1	IU_PDA_NP11	Normal Pancreas	CC10	Normal Epithelial cells
PDACNP_10_AAGTGCGTTAGAATCT-1	IU_PDA_NP11	Normal Pancreas	CC10	Normal Epithelial cells
PDACNP_10_AAGTGCTTCTCTATTG-1	IU_PDA_NP11	Normal Pancreas	CC10	Normal Epithelial cells
PDACNP_10_AAGTGTTTGGAGACGG-1	IU_PDA_NP11	Normal Pancreas	CC10	Normal Epithelial cells
PDACNP_10_AAGTTCACTCCAAGCT-1	IU_PDA_NP11	Normal Pancreas	CC10	Normal Epithelial cells
PDACNP_10_AAGTTCAGTCTGCGTA-1	IU_PDA_NP11	Normal Pancreas	CC10	Normal Epithelial cells
PDACNP_10_AAGTTCGGCCAACAGG-1	IU_PDA_NP11	Normal Pancreas	CC10	Normal Epithelial cells
PDACNP_10_AAGTTGTGATGTTATA-1	IU_PDA_NP11	Normal Pancreas	CC10	Normal Epithelial cells
PDACNP_10_AAGTTTATGGGCCCAA-1	IU_PDA_NP11	Normal Pancreas	CC10	Normal Epithelial cells
PDACNP_10_AATAACAACGCTCGGC-1	IU_PDA_NP11	Normal Pancreas	CC10	Normal Epithelial cells
PDACNP_10_AATAACACTAGAACAA-1	IU_PDA_NP11	Normal Pancreas	CC10	Normal Epithelial cells
PDACNP_10_AATACAATGTTTCAGG-1	IU_PDA_NP11	Normal Pancreas	CC10	Normal Epithelial cells
PDACNP_10_AATACCGGAGGGCTGT-1	IU_PDA_NP11	Normal Pancreas	CC10	Normal Epithelial cells
PDACNP_10_AATACCTGATGTGAAC-1	IU_PDA_NP11	Normal Pancreas	CC10	Normal Epithelial cells
PDACNP_10_AATAGAACAGAGTGGC-1	IU_PDA_NP11	Normal Pancreas	CC10	Normal Epithelial cells
PDACNP_10_AATAGAATCTGTTTCA-1	IU_PDA_NP11	Normal Pancreas	CC10	Normal Epithelial cells
PDACNP_10_AATAGCTACCGCGTGC-1	IU_PDA_NP11	Normal Pancreas	CC10	Normal Epithelial cells
PDACNP_10_AATAGTCCGTCCCGAC-1	IU_PDA_NP11	Normal Pancreas	CC10	Normal Epithelial cells
PDACNP_10_AATAGTCGCGAGTCGG-1	IU_PDA_NP11	Normal Pancreas	CC10	Normal Epithelial cells
PDACNP_10_AATATCAAGGTCGGAT-1	IU_PDA_NP11	Normal Pancreas	CC10	Normal Epithelial cells
PDACNP_10_AATATCCTAGCAAACT-1	IU_PDA_NP11	Normal Pancreas	CC10	Normal Epithelial cells
PDACNP_10_AATATCGAATCAATGC-1	IU_PDA_NP11	Normal Pancreas	CC10	Normal Epithelial cells
PDACNP_10_AATATCGAGGGTTCTC-1	IU_PDA_NP11	Normal Pancreas	CC10	Normal Epithelial cells
PDACNP_10_AATATTGGAGTATTGA-1	IU_PDA_NP11	Normal Pancreas	CC10	Normal Epithelial cells
PDACNP_10_AATCAGGTTTCATTTA-1	IU_PDA_NP11	Normal Pancreas	CC10	Normal Epithelial cells
PDACNP_10_AATCATGTAAAGACTC-1	IU_PDA_NP11	Normal Pancreas	CC10	Normal Epithelial cells
PDACNP_10_AATCCAAGGGCCTGAG-1	IU_PDA_NP11	Normal Pancreas	CC10	Normal Epithelial cells
PDACNP_10_AATCCATGCAAGGGTG-1	IU_PDA_NP11	Normal Pancreas	CC10	Normal Epithelial cells
PDACNP_10_AATCCCGCTCAGAGCC-1	IU_PDA_NP11	Normal Pancreas	CC10	Normal Epithelial cells
PDACNP_10_AATCGCCTCAGCGCCA-1	IU_PDA_NP11	Normal Pancreas	CC10	Normal Epithelial cells
PDACNP_10_AATCGGTATAGCCCTC-1	IU_PDA_NP11	Normal Pancreas	CC10	Normal Epithelial cells
PDACNP_10_AATCGTGAGCCGAGCA-1	IU_PDA_NP11	Normal Pancreas	CC10	Normal Epithelial cells
PDACNP_10_AATCTAGGTTTACTTG-1	IU_PDA_NP11	Normal Pancreas	CC10	Normal Epithelial cells
PDACNP_10_AATCTATGCCGGAGCC-1	IU_PDA_NP11	Normal Pancreas	CC10	Normal Epithelial cells
PDACNP_10_AATCTCTACTGTGGTT-1	IU_PDA_NP11	Normal Pancreas	CC10	Normal Epithelial cells
PDACNP_10_AATCTGCGTTGGGACG-1	IU_PDA_NP11	Normal Pancreas	CC10	Normal Epithelial cells
PDACNP_10_AATCTGGCTTTCTAGT-1	IU_PDA_NP11	Normal Pancreas	CC10	Normal Epithelial cells
PDACNP_10_AATGACAGCAATGTCT-1	IU_PDA_NP11	Normal Pancreas	CC10	Normal Epithelial cells
PDACNP_10_AATGACGTAGGATGTC-1	IU_PDA_NP11	Normal Pancreas	CC10	Normal Epithelial cells
PDACNP_10_AATGACTGTCAGCCGG-1	IU_PDA_NP11	Normal Pancreas	CC10	Normal Epithelial cells
PDACNP_10_AATGAGTTCGCATATG-1	IU_PDA_NP11	Normal Pancreas	CC10	Normal Epithelial cells
PDACNP_10_AATGATGATACGCTAT-1	IU_PDA_NP11	Normal Pancreas	CC10	Normal Epithelial cells
PDACNP_10_AATGATGCGACTCCTG-1	IU_PDA_NP11	Normal Pancreas	CC10	Normal Epithelial cells
PDACNP_10_AATGCAACCGGGTACC-1	IU_PDA_NP11	Normal Pancreas	CC10	Normal Epithelial cells
PDACNP_10_AATGCACCAAGCAATG-1	IU_PDA_NP11	Normal Pancreas	CC10	Normal Epithelial cells
PDACNP_10_AATGGTCCACCGTTCA-1	IU_PDA_NP11	Normal Pancreas	CC10	Normal Epithelial cells
PDACNP_10_AATGGTTCTCACAAGC-1	IU_PDA_NP11	Normal Pancreas	CC10	Normal Epithelial cells
PDACNP_10_AATGTATGGCACTGTA-1	IU_PDA_NP11	Normal Pancreas	CC10	Normal Epithelial cells
PDACNP_10_AATGTGCCCGAGGTGT-1	IU_PDA_NP11	Normal Pancreas	CC10	Normal Epithelial cells
PDACNP_10_AATGTGCTAATCTGAG-1	IU_PDA_NP11	Normal Pancreas	CC10	Normal Epithelial cells
PDACNP_10_AATGTTGTCGTGAGAC-1	IU_PDA_NP11	Normal Pancreas	CC10	Normal Epithelial cells
PDACNP_10_AATTAAAGGTCGGCGT-1	IU_PDA_NP11	Normal Pancreas	CC10	Normal Epithelial cells
PDACNP_10_AATTAACGGATTTCCA-1	IU_PDA_NP11	Normal Pancreas	CC10	Normal Epithelial cells
PDACNP_10_AATTACGAGACCCATC-1	IU_PDA_NP11	Normal Pancreas	CC10	Normal Epithelial cells
PDACNP_10_AATTACTCGTACGCTC-1	IU_PDA_NP11	Normal Pancreas	CC10	Normal Epithelial cells
PDACNP_10_AATTAGCGCTGCAGCG-1	IU_PDA_NP11	Normal Pancreas	CC10	Normal Epithelial cells
PDACNP_10_AATTATACCCAGCAAG-1	IU_PDA_NP11	Normal Pancreas	CC10	Normal Epithelial cells
PDACNP_10_AATTCATAAGGGATCT-1	IU_PDA_NP11	Normal Pancreas	CC10	Normal Epithelial cells
PDACNP_10_AATTCATTGTCATGCA-1	IU_PDA_NP11	Normal Pancreas	CC10	Normal Epithelial cells
PDACNP_10_AATTCCAAGCATGTAC-1	IU_PDA_NP11	Normal Pancreas	CC10	Normal Epithelial cells
PDACNP_10_AATTCGATTCGAGGAT-1	IU_PDA_NP11	Normal Pancreas	CC10	Normal Epithelial cells
PDACNP_10_AATTCTAGAGTTAGGC-1	IU_PDA_NP11	Normal Pancreas	CC10	Normal Epithelial cells
PDACNP_10_AATTGAACGCTCTGGT-1	IU_PDA_NP11	Normal Pancreas	CC10	Normal Epithelial cells
PDACNP_10_AATTGCAGCAATCGAC-1	IU_PDA_NP11	Normal Pancreas	CC10	Normal Epithelial cells
PDACNP_10_AATTGCGTGGATTACA-1	IU_PDA_NP11	Normal Pancreas	CC10	Normal Epithelial cells
PDACNP_10_AATTTGGGACATAGTA-1	IU_PDA_NP11	Normal Pancreas	CC10	Normal Epithelial cells
PDACNP_10_AATTTGGTTCCAAAGA-1	IU_PDA_NP11	Normal Pancreas	CC10	Normal Epithelial cells
PDACNP_10_ACAAACCATGCGTCCT-1	IU_PDA_NP11	Normal Pancreas	CC10	Normal Epithelial cells
PDACNP_10_ACAAACTCCATCAGAG-1	IU_PDA_NP11	Normal Pancreas	CC10	Normal Epithelial cells
PDACNP_10_ACAAAGAAGGTAGGCC-1	IU_PDA_NP11	Normal Pancreas	CC10	Normal Epithelial cells
PDACNP_10_ACAAAGCATGACCTAG-1	IU_PDA_NP11	Normal Pancreas	CC10	Normal Epithelial cells
PDACNP_10_ACAAATCGCACCGAAT-1	IU_PDA_NP11	Normal Pancreas	CC10	Normal Epithelial cells
PDACNP_10_ACAAATGGTAGTGTTT-1	IU_PDA_NP11	Normal Pancreas	CC10	Normal Epithelial cells
PDACNP_10_ACAACAGCATGAGCTA-1	IU_PDA_NP11	Normal Pancreas	CC10	Normal Epithelial cells
PDACNP_10_ACAACGGTCCCTGCGA-1	IU_PDA_NP11	Normal Pancreas	CC10	Normal Epithelial cells
PDACNP_10_ACAAGCAGTGCCTAGC-1	IU_PDA_NP11	Normal Pancreas	CC10	Normal Epithelial cells
PDACNP_10_ACAAGGAAATCCGCCC-1	IU_PDA_NP11	Normal Pancreas	CC10	Normal Epithelial cells
PDACNP_10_ACAAGGACAAGAGGTT-1	IU_PDA_NP11	Normal Pancreas	CC10	Normal Epithelial cells
PDACNP_10_ACAAGGATGCTTTAGG-1	IU_PDA_NP11	Normal Pancreas	CC10	Normal Epithelial cells
PDACNP_10_ACAAGGGCAGGCTCTG-1	IU_PDA_NP11	Normal Pancreas	CC10	Normal Epithelial cells
PDACNP_10_ACAAGTAATTGTAAGG-1	IU_PDA_NP11	Normal Pancreas	CC10	Normal Epithelial cells
PDACNP_10_ACAATAGTCGTACGTT-1	IU_PDA_NP11	Normal Pancreas	CC10	Normal Epithelial cells
PDACNP_10_ACAATCCATTTAAACC-1	IU_PDA_NP11	Normal Pancreas	CC10	Normal Epithelial cells
PDACNP_10_ACAATGAATACGGAGA-1	IU_PDA_NP11	Normal Pancreas	CC10	Normal Epithelial cells
PDACNP_10_ACAATTGTGTCTCTTT-1	IU_PDA_NP11	Normal Pancreas	CC10	Normal Epithelial cells
PDACNP_10_ACAATTTAGGAGGCTC-1	IU_PDA_NP11	Normal Pancreas	CC10	Normal Epithelial cells
PDACNP_10_ACAATTTGAGCAGTGG-1	IU_PDA_NP11	Normal Pancreas	CC10	Normal Epithelial cells
PDACNP_10_ACACAAAGACGGGTGG-1	IU_PDA_NP11	Normal Pancreas	CC10	Normal Epithelial cells
PDACNP_10_ACACACCAGGACCAGT-1	IU_PDA_NP11	Normal Pancreas	CC10	Normal Epithelial cells
PDACNP_10_ACACACTTTCTACACG-1	IU_PDA_NP11	Normal Pancreas	CC10	Normal Epithelial cells
PDACNP_10_ACACATGATCAAATCT-1	IU_PDA_NP11	Normal Pancreas	CC10	Normal Epithelial cells
PDACNP_10_ACACATTGACGCAACA-1	IU_PDA_NP11	Normal Pancreas	CC10	Normal Epithelial cells
PDACNP_10_ACACATTTCCGTAGAC-1	IU_PDA_NP11	Normal Pancreas	CC10	Normal Epithelial cells
PDACNP_10_ACACCCAGCATGCAGC-1	IU_PDA_NP11	Normal Pancreas	CC10	Normal Epithelial cells
PDACNP_10_ACACCCGAGAAATCCG-1	IU_PDA_NP11	Normal Pancreas	CC10	Normal Epithelial cells
PDACNP_10_ACACCGGTCTGACCGC-1	IU_PDA_NP11	Normal Pancreas	CC10	Normal Epithelial cells
PDACNP_10_ACACCTTAAGTAGGGC-1	IU_PDA_NP11	Normal Pancreas	CC10	Normal Epithelial cells
PDACNP_10_ACACCTTACTACTTGC-1	IU_PDA_NP11	Normal Pancreas	CC10	Normal Epithelial cells
PDACNP_10_ACACGAGACTCCTTCT-1	IU_PDA_NP11	Normal Pancreas	CC10	Normal Epithelial cells
PDACNP_10_ACACGGGAACTTAGGG-1	IU_PDA_NP11	Normal Pancreas	CC10	Normal Epithelial cells
PDACNP_10_ACACGTAGGCCACAAG-1	IU_PDA_NP11	Normal Pancreas	CC10	Normal Epithelial cells
PDACNP_10_ACACTCCAATGTCACT-1	IU_PDA_NP11	Normal Pancreas	CC10	Normal Epithelial cells
PDACNP_10_ACACTGATCAAGGTGT-1	IU_PDA_NP11	Normal Pancreas	CC10	Normal Epithelial cells
PDACNP_10_ACAGAACTGAGAACAA-1	IU_PDA_NP11	Normal Pancreas	CC10	Normal Epithelial cells
PDACNP_10_ACAGCATAGAGCCAGT-1	IU_PDA_NP11	Normal Pancreas	CC10	Normal Epithelial cells
PDACNP_10_ACAGCGACATTCTCAT-1	IU_PDA_NP11	Normal Pancreas	CC10	Normal Epithelial cells
PDACNP_10_ACAGCGCACCCGCAGC-1	IU_PDA_NP11	Normal Pancreas	CC10	Normal Epithelial cells
PDACNP_10_ACAGGCACGGATCCTT-1	IU_PDA_NP11	Normal Pancreas	CC10	Normal Epithelial cells
PDACNP_10_ACAGGCTTGCCCGACT-1	IU_PDA_NP11	Normal Pancreas	CC10	Normal Epithelial cells
PDACNP_10_ACAGGTGGAGGTGAGG-1	IU_PDA_NP11	Normal Pancreas	CC10	Normal Epithelial cells
PDACNP_10_ACAGTAATACAACTTG-1	IU_PDA_NP11	Normal Pancreas	CC10	Normal Epithelial cells
PDACNP_10_ACATAAGTCGTGGTGA-1	IU_PDA_NP11	Normal Pancreas	CC10	Normal Epithelial cells
PDACNP_10_ACATAATAAGGCGGTG-1	IU_PDA_NP11	Normal Pancreas	CC10	Normal Epithelial cells
PDACNP_10_ACATACAATCAAGCGG-1	IU_PDA_NP11	Normal Pancreas	CC10	Normal Epithelial cells
PDACNP_10_ACATCAGCTGGGACGC-1	IU_PDA_NP11	Normal Pancreas	CC10	Normal Epithelial cells
PDACNP_10_ACATCCCGGCCATACG-1	IU_PDA_NP11	Normal Pancreas	CC10	Normal Epithelial cells
PDACNP_10_ACATCCTGGTAACTGT-1	IU_PDA_NP11	Normal Pancreas	CC10	Normal Epithelial cells
PDACNP_10_ACATCGATCGTTTACC-1	IU_PDA_NP11	Normal Pancreas	CC10	Normal Epithelial cells
PDACNP_10_ACATCGCAATATTCGG-1	IU_PDA_NP11	Normal Pancreas	CC10	Normal Epithelial cells
PDACNP_10_ACATCGGTCAGCCGCG-1	IU_PDA_NP11	Normal Pancreas	CC10	Normal Epithelial cells
PDACNP_10_ACATCGTATGCAATGG-1	IU_PDA_NP11	Normal Pancreas	CC10	Normal Epithelial cells
PDACNP_10_ACATCGTTAACCTAGT-1	IU_PDA_NP11	Normal Pancreas	CC10	Normal Epithelial cells
PDACNP_10_ACATGCTTACGGCAGC-1	IU_PDA_NP11	Normal Pancreas	CC10	Normal Epithelial cells
PDACNP_10_ACATGGCGCCAAAGTA-1	IU_PDA_NP11	Normal Pancreas	CC10	Normal Epithelial cells
PDACNP_10_ACATGGCTCAATTTAG-1	IU_PDA_NP11	Normal Pancreas	CC10	Normal Epithelial cells
PDACNP_10_ACATTAGTTTATATCC-1	IU_PDA_NP11	Normal Pancreas	CC10	Normal Epithelial cells
PDACNP_10_ACATTCGCGCGGAATA-1	IU_PDA_NP11	Normal Pancreas	CC10	Normal Epithelial cells
PDACNP_10_ACATTTGAAACCTAAC-1	IU_PDA_NP11	Normal Pancreas	CC10	Normal Epithelial cells
PDACNP_10_ACCAAACACCCAGCGA-1	IU_PDA_NP11	Normal Pancreas	CC10	Normal Epithelial cells
PDACNP_10_ACCAACACCACACACT-1	IU_PDA_NP11	Normal Pancreas	CC10	Normal Epithelial cells
PDACNP_10_ACCAACCGCACTCCAC-1	IU_PDA_NP11	Normal Pancreas	CC10	Normal Epithelial cells
PDACNP_10_ACCAACGCTTATTTAT-1	IU_PDA_NP11	Normal Pancreas	CC10	Normal Epithelial cells
PDACNP_10_ACCAAGAACGCGTGTC-1	IU_PDA_NP11	Normal Pancreas	CC10	Normal Epithelial cells
PDACNP_10_ACCAAGTCATCGGCAG-1	IU_PDA_NP11	Normal Pancreas	CC10	Normal Epithelial cells
PDACNP_10_ACCAATATGCAAGTTA-1	IU_PDA_NP11	Normal Pancreas	CC10	Normal Epithelial cells
PDACNP_10_ACCACAAGTTTCTATC-1	IU_PDA_NP11	Normal Pancreas	CC10	Normal Epithelial cells
PDACNP_10_ACCACACGGTTGATGG-1	IU_PDA_NP11	Normal Pancreas	CC10	Normal Epithelial cells
PDACNP_10_ACCACCAATGTAACAA-1	IU_PDA_NP11	Normal Pancreas	CC10	Normal Epithelial cells
PDACNP_10_ACCACGTGCAGCTATA-1	IU_PDA_NP11	Normal Pancreas	CC10	Normal Epithelial cells
PDACNP_10_ACCAGACCATAACAAC-1	IU_PDA_NP11	Normal Pancreas	CC10	Normal Epithelial cells
PDACNP_10_ACCAGTGCGGGAGACG-1	IU_PDA_NP11	Normal Pancreas	CC10	Normal Epithelial cells
PDACNP_10_ACCATATCCGCAATAA-1	IU_PDA_NP11	Normal Pancreas	CC10	Normal Epithelial cells
PDACNP_10_ACCATCCGCCAACTAG-1	IU_PDA_NP11	Normal Pancreas	CC10	Normal Epithelial cells
PDACNP_10_ACCATCGTATATGGTA-1	IU_PDA_NP11	Normal Pancreas	CC10	Normal Epithelial cells
PDACNP_10_ACCCAACGCCCGTGGC-1	IU_PDA_NP11	Normal Pancreas	CC10	Normal Epithelial cells
PDACNP_10_ACCCACCTACATGCTC-1	IU_PDA_NP11	Normal Pancreas	CC10	Normal Epithelial cells
PDACNP_10_ACCCATCTTGAGGGTA-1	IU_PDA_NP11	Normal Pancreas	CC10	Normal Epithelial cells
PDACNP_10_ACCCATTTGTCCCTCT-1	IU_PDA_NP11	Normal Pancreas	CC10	Normal Epithelial cells
PDACNP_10_ACCCGAGCGAAATTAC-1	IU_PDA_NP11	Normal Pancreas	CC10	Normal Epithelial cells
PDACNP_10_ACCCGATTGGTTCCGA-1	IU_PDA_NP11	Normal Pancreas	CC10	Normal Epithelial cells
PDACNP_10_ACCCGGAAACTCCCAG-1	IU_PDA_NP11	Normal Pancreas	CC10	Normal Epithelial cells
PDACNP_10_ACCCGGATGACGCATC-1	IU_PDA_NP11	Normal Pancreas	CC10	Normal Epithelial cells
PDACNP_10_ACCCGGTTACACTTCC-1	IU_PDA_NP11	Normal Pancreas	CC10	Normal Epithelial cells
PDACNP_10_ACCCGTAGCAGAGAAT-1	IU_PDA_NP11	Normal Pancreas	CC10	Normal Epithelial cells
PDACNP_10_ACCCGTGTCATCAGTA-1	IU_PDA_NP11	Normal Pancreas	CC10	Normal Epithelial cells
PDACNP_10_ACCCTATAGGACTGAG-1	IU_PDA_NP11	Normal Pancreas	CC10	Normal Epithelial cells
PDACNP_10_ACCCTATGCCATATCG-1	IU_PDA_NP11	Normal Pancreas	CC10	Normal Epithelial cells
PDACNP_10_ACCCTCCCGTCAGGGC-1	IU_PDA_NP11	Normal Pancreas	CC10	Normal Epithelial cells
PDACNP_10_ACCCTCCCTTGCTATT-1	IU_PDA_NP11	Normal Pancreas	CC10	Normal Epithelial cells
PDACNP_10_ACCCTGGTAACGCCCT-1	IU_PDA_NP11	Normal Pancreas	CC10	Normal Epithelial cells
PDACNP_10_ACCCTTCATCTGCGAA-1	IU_PDA_NP11	Normal Pancreas	CC10	Normal Epithelial cells
PDACNP_10_ACCGAAAGGGCCCTGC-1	IU_PDA_NP11	Normal Pancreas	CC10	Normal Epithelial cells
PDACNP_10_ACCGAAGAGTCTGGTT-1	IU_PDA_NP11	Normal Pancreas	CC10	Normal Epithelial cells
PDACNP_10_ACCGACACATCTCCCA-1	IU_PDA_NP11	Normal Pancreas	CC10	Normal Epithelial cells
PDACNP_10_ACCGACTGAGTCCCAC-1	IU_PDA_NP11	Normal Pancreas	CC10	Normal Epithelial cells
PDACNP_10_ACCGAGTCTCCTTATT-1	IU_PDA_NP11	Normal Pancreas	CC10	Normal Epithelial cells
PDACNP_10_ACCGATGGTAGCATCG-1	IU_PDA_NP11	Normal Pancreas	CC10	Normal Epithelial cells
PDACNP_10_ACCGCAATAACTGCCT-1	IU_PDA_NP11	Normal Pancreas	CC10	Normal Epithelial cells
PDACNP_10_ACCGCGGTGGAAGTCG-1	IU_PDA_NP11	Normal Pancreas	CC10	Normal Epithelial cells
PDACNP_10_ACCGCTAGTCATTGGT-1	IU_PDA_NP11	Normal Pancreas	CC10	Normal Epithelial cells
PDACNP_10_ACCGGGCCTTTGTTGA-1	IU_PDA_NP11	Normal Pancreas	CC10	Normal Epithelial cells
PDACNP_10_ACCGGTCAGGTACACC-1	IU_PDA_NP11	Normal Pancreas	CC10	Normal Epithelial cells
PDACNP_10_ACCGTCCACTGGGCCC-1	IU_PDA_NP11	Normal Pancreas	CC10	Normal Epithelial cells
PDACNP_10_ACCGTGACCACGTGGG-1	IU_PDA_NP11	Normal Pancreas	CC10	Normal Epithelial cells
PDACNP_10_ACCTAAGTACCTTTCA-1	IU_PDA_NP11	Normal Pancreas	CC10	Normal Epithelial cells
PDACNP_10_ACCTAATCGACTTCCT-1	IU_PDA_NP11	Normal Pancreas	CC10	Normal Epithelial cells
PDACNP_10_ACCTACTATAAATCTA-1	IU_PDA_NP11	Normal Pancreas	CC10	Normal Epithelial cells
PDACNP_10_ACCTCCGCCCTCGCTG-1	IU_PDA_NP11	Normal Pancreas	CC10	Normal Epithelial cells
PDACNP_10_ACCTCCGTTATTCACC-1	IU_PDA_NP11	Normal Pancreas	CC10	Normal Epithelial cells
PDACNP_10_ACCTCGAACTTATGCT-1	IU_PDA_NP11	Normal Pancreas	CC10	Normal Epithelial cells
PDACNP_10_ACCTGCGTGTCATGTT-1	IU_PDA_NP11	Normal Pancreas	CC10	Normal Epithelial cells
PDACNP_10_ACGAAATGGGCGGCAC-1	IU_PDA_NP11	Normal Pancreas	CC10	Normal Epithelial cells
PDACNP_10_ACGACTCTAGGGCCGA-1	IU_PDA_NP11	Normal Pancreas	CC10	Normal Epithelial cells
PDACNP_10_ACGACTGGTCATACTC-1	IU_PDA_NP11	Normal Pancreas	CC10	Normal Epithelial cells
PDACNP_10_ACGAGAACCCATCACG-1	IU_PDA_NP11	Normal Pancreas	CC10	Normal Epithelial cells
PDACNP_10_ACGAGGATACCACTCT-1	IU_PDA_NP11	Normal Pancreas	CC10	Normal Epithelial cells
PDACNP_10_ACGAGGTTTACAACGT-1	IU_PDA_NP11	Normal Pancreas	CC10	Normal Epithelial cells
PDACNP_10_ACGAGTACGGATGCCC-1	IU_PDA_NP11	Normal Pancreas	CC10	Normal Epithelial cells
PDACNP_10_ACGAGTCGCCGGCGTT-1	IU_PDA_NP11	Normal Pancreas	CC10	Normal Epithelial cells
PDACNP_10_ACGATACATAGAACTA-1	IU_PDA_NP11	Normal Pancreas	CC10	Normal Epithelial cells
PDACNP_10_ACGATCATACATAGAG-1	IU_PDA_NP11	Normal Pancreas	CC10	Normal Epithelial cells
PDACNP_10_ACGATCATCTTGTAAA-1	IU_PDA_NP11	Normal Pancreas	CC10	Normal Epithelial cells
PDACNP_10_ACGATGCATATGTTAT-1	IU_PDA_NP11	Normal Pancreas	CC10	Normal Epithelial cells
PDACNP_10_ACGATGGATCCGATGC-1	IU_PDA_NP11	Normal Pancreas	CC10	Normal Epithelial cells
PDACNP_10_ACGCAAACTAATAGAT-1	IU_PDA_NP11	Normal Pancreas	CC10	Normal Epithelial cells
PDACNP_10_ACGCAATCACTACAGC-1	IU_PDA_NP11	Normal Pancreas	CC10	Normal Epithelial cells
PDACNP_10_ACGCATACGTTTACTA-1	IU_PDA_NP11	Normal Pancreas	CC10	Normal Epithelial cells
PDACNP_10_ACGCATTCGTGAGTAC-1	IU_PDA_NP11	Normal Pancreas	CC10	Normal Epithelial cells
PDACNP_10_ACGCCACTCGAAACAG-1	IU_PDA_NP11	Normal Pancreas	CC10	Normal Epithelial cells
PDACNP_10_ACGCCAGATGATTTCT-1	IU_PDA_NP11	Normal Pancreas	CC10	Normal Epithelial cells
PDACNP_10_ACGCCAGTGCGTTTGC-1	IU_PDA_NP11	Normal Pancreas	CC10	Normal Epithelial cells
PDACNP_10_ACGCCGCTAGACGACC-1	IU_PDA_NP11	Normal Pancreas	CC10	Normal Epithelial cells
PDACNP_10_ACGCGAAGTCAGACGA-1	IU_PDA_NP11	Normal Pancreas	CC10	Normal Epithelial cells
PDACNP_10_ACGCGCTACACAGGGT-1	IU_PDA_NP11	Normal Pancreas	CC10	Normal Epithelial cells
PDACNP_10_ACGCGGGCCAAGGACA-1	IU_PDA_NP11	Normal Pancreas	CC10	Normal Epithelial cells
PDACNP_10_ACGCGTTTCTTAAGAG-1	IU_PDA_NP11	Normal Pancreas	CC10	Normal Epithelial cells
PDACNP_10_ACGCTAGTGATACACT-1	IU_PDA_NP11	Normal Pancreas	CC10	Normal Epithelial cells
PDACNP_10_ACGCTGTGAGGCGTAG-1	IU_PDA_NP11	Normal Pancreas	CC10	Normal Epithelial cells
PDACNP_10_ACGGAACACGAGTGCC-1	IU_PDA_NP11	Normal Pancreas	CC10	Normal Epithelial cells
PDACNP_10_ACGGAATTTAGCAAAT-1	IU_PDA_NP11	Normal Pancreas	CC10	Normal Epithelial cells
PDACNP_10_ACGGACGCAGCGACAA-1	IU_PDA_NP11	Normal Pancreas	CC10	Normal Epithelial cells
PDACNP_10_ACGGACTCTCAAAGCG-1	IU_PDA_NP11	Normal Pancreas	CC10	Normal Epithelial cells
PDACNP_10_ACGGAGCGCAAATTAC-1	IU_PDA_NP11	Normal Pancreas	CC10	Normal Epithelial cells
PDACNP_10_ACGGATGGTGCGGATA-1	IU_PDA_NP11	Normal Pancreas	CC10	Normal Epithelial cells
PDACNP_10_ACGGCACTTGCTTGGG-1	IU_PDA_NP11	Normal Pancreas	CC10	Normal Epithelial cells
PDACNP_10_ACGGCCAACATGGACT-1	IU_PDA_NP11	Normal Pancreas	CC10	Normal Epithelial cells
PDACNP_10_ACGGCGACGATGGGAA-1	IU_PDA_NP11	Normal Pancreas	CC10	Normal Epithelial cells
PDACNP_10_ACGGCTGGATGTAGAA-1	IU_PDA_NP11	Normal Pancreas	CC10	Normal Epithelial cells
PDACNP_10_ACGGGAGTGTCGGCCC-1	IU_PDA_NP11	Normal Pancreas	CC10	Normal Epithelial cells
PDACNP_10_ACGGGTCATGTGACTT-1	IU_PDA_NP11	Normal Pancreas	CC10	Normal Epithelial cells
PDACNP_10_ACGGGTTGTGACCTGT-1	IU_PDA_NP11	Normal Pancreas	CC10	Normal Epithelial cells
PDACNP_10_ACGGTACAGTTCAATG-1	IU_PDA_NP11	Normal Pancreas	CC10	Normal Epithelial cells
PDACNP_10_ACGGTCACCGAGAACA-1	IU_PDA_NP11	Normal Pancreas	CC10	Normal Epithelial cells
PDACNP_10_ACGTACAGATTTCTCT-1	IU_PDA_NP11	Normal Pancreas	CC10	Normal Epithelial cells
PDACNP_10_ACGTACTTTGGCACGG-1	IU_PDA_NP11	Normal Pancreas	CC10	Normal Epithelial cells
PDACNP_10_ACGTAGATTGCTGATG-1	IU_PDA_NP11	Normal Pancreas	CC10	Normal Epithelial cells
PDACNP_10_ACGTAGGAGAGTCGCT-1	IU_PDA_NP11	Normal Pancreas	CC10	Normal Epithelial cells
PDACNP_10_ACGTATTACTCCGATC-1	IU_PDA_NP11	Normal Pancreas	CC10	Normal Epithelial cells
PDACNP_10_ACGTCGGGCAACTCGG-1	IU_PDA_NP11	Normal Pancreas	CC10	Normal Epithelial cells
PDACNP_10_ACGTCTCGTTCCGGGA-1	IU_PDA_NP11	Normal Pancreas	CC10	Normal Epithelial cells
PDACNP_10_ACGTGACAAAGTAAGT-1	IU_PDA_NP11	Normal Pancreas	CC10	Normal Epithelial cells
PDACNP_10_ACGTGCGCCTCGTGCA-1	IU_PDA_NP11	Normal Pancreas	CC10	Normal Epithelial cells
PDACNP_10_ACGTTAATGTCGAAGA-1	IU_PDA_NP11	Normal Pancreas	CC10	Normal Epithelial cells
PDACNP_10_ACGTTAGATTTGCCCG-1	IU_PDA_NP11	Normal Pancreas	CC10	Normal Epithelial cells
PDACNP_10_ACGTTATTGGTCACTC-1	IU_PDA_NP11	Normal Pancreas	CC10	Normal Epithelial cells
PDACNP_10_ACGTTCACTATGCCGC-1	IU_PDA_NP11	Normal Pancreas	CC10	Normal Epithelial cells
PDACNP_10_ACGTTCCGCGCTCCGT-1	IU_PDA_NP11	Normal Pancreas	CC10	Normal Epithelial cells
PDACNP_10_ACGTTCGCAATCAATT-1	IU_PDA_NP11	Normal Pancreas	CC10	Normal Epithelial cells
PDACNP_10_ACGTTCGTTCAGGAAA-1	IU_PDA_NP11	Normal Pancreas	CC10	Normal Epithelial cells
PDACNP_10_ACGTTCTGTACAAGTC-1	IU_PDA_NP11	Normal Pancreas	CC10	Normal Epithelial cells
PDACNP_10_ACGTTGTCGTTGAAAG-1	IU_PDA_NP11	Normal Pancreas	CC10	Normal Epithelial cells
PDACNP_10_ACGTTTAGTTGTGATC-1	IU_PDA_NP11	Normal Pancreas	CC10	Normal Epithelial cells
PDACNP_10_ACTACAAAGAGAGGTG-1	IU_PDA_NP11	Normal Pancreas	CC10	Normal Epithelial cells
PDACNP_10_ACTACATCCCGACAAG-1	IU_PDA_NP11	Normal Pancreas	CC10	Normal Epithelial cells
PDACNP_10_ACTACCAGCTCTCTGG-1	IU_PDA_NP11	Normal Pancreas	CC10	Normal Epithelial cells
PDACNP_10_ACTACCATCCGAGGGC-1	IU_PDA_NP11	Normal Pancreas	CC10	Normal Epithelial cells
PDACNP_10_ACTACGCGTTAGAATT-1	IU_PDA_NP11	Normal Pancreas	CC10	Normal Epithelial cells
PDACNP_10_ACTAGTTGCGATCGTC-1	IU_PDA_NP11	Normal Pancreas	CC10	Normal Epithelial cells
PDACNP_10_ACTATATGCTGTGTTC-1	IU_PDA_NP11	Normal Pancreas	CC10	Normal Epithelial cells
PDACNP_10_ACTATCCAGGGCATGG-1	IU_PDA_NP11	Normal Pancreas	CC10	Normal Epithelial cells
PDACNP_10_ACTATGTCCAGCTGCC-1	IU_PDA_NP11	Normal Pancreas	CC10	Normal Epithelial cells
PDACNP_10_ACTATTCGTCCGTGGT-1	IU_PDA_NP11	Normal Pancreas	CC10	Normal Epithelial cells
PDACNP_10_ACTATTTCCGGGCCCA-1	IU_PDA_NP11	Normal Pancreas	CC10	Normal Epithelial cells
PDACNP_10_ACTCAACGAATGTATT-1	IU_PDA_NP11	Normal Pancreas	CC10	Normal Epithelial cells
PDACNP_10_ACTCAAGTGCAAGGCT-1	IU_PDA_NP11	Normal Pancreas	CC10	Normal Epithelial cells
PDACNP_10_ACTCAATAAAGGCACG-1	IU_PDA_NP11	Normal Pancreas	CC10	Normal Epithelial cells
PDACNP_10_ACTCAGACCTGCTTCT-1	IU_PDA_NP11	Normal Pancreas	CC10	Normal Epithelial cells
PDACNP_10_ACTCATGGCAGCCTTC-1	IU_PDA_NP11	Normal Pancreas	CC10	Normal Epithelial cells
PDACNP_10_ACTCCAATATCATCAT-1	IU_PDA_NP11	Normal Pancreas	CC10	Normal Epithelial cells
PDACNP_10_ACTCCCATTCCTAAAG-1	IU_PDA_NP11	Normal Pancreas	CC10	Normal Epithelial cells
PDACNP_10_ACTCCCGAATTCGTTT-1	IU_PDA_NP11	Normal Pancreas	CC10	Normal Epithelial cells
PDACNP_10_ACTCCCTAATGCTAAA-1	IU_PDA_NP11	Normal Pancreas	CC10	Normal Epithelial cells
PDACNP_10_ACTCCCTAGAATAGTA-1	IU_PDA_NP11	Normal Pancreas	CC10	Normal Epithelial cells
PDACNP_10_ACTCCGGCCGACCACT-1	IU_PDA_NP11	Normal Pancreas	CC10	Normal Epithelial cells
PDACNP_10_ACTCGATGTATTTCAT-1	IU_PDA_NP11	Normal Pancreas	CC10	Normal Epithelial cells
PDACNP_10_ACTCGCCGTTCGATAA-1	IU_PDA_NP11	Normal Pancreas	CC10	Normal Epithelial cells
PDACNP_10_ACTCGCGATCTGACGC-1	IU_PDA_NP11	Normal Pancreas	CC10	Normal Epithelial cells
PDACNP_10_ACTCGTAACCCGTCCT-1	IU_PDA_NP11	Normal Pancreas	CC10	Normal Epithelial cells
PDACNP_10_ACTCGTCAGTAATCCC-1	IU_PDA_NP11	Normal Pancreas	CC10	Normal Epithelial cells
PDACNP_10_ACTCTCTGACTTAGGT-1	IU_PDA_NP11	Normal Pancreas	CC10	Normal Epithelial cells
PDACNP_10_ACTCTGACCTAATAGA-1	IU_PDA_NP11	Normal Pancreas	CC10	Normal Epithelial cells
PDACNP_10_ACTCTTGTATAGTAAC-1	IU_PDA_NP11	Normal Pancreas	CC10	Normal Epithelial cells
PDACNP_10_ACTGAAACGCCGTTAG-1	IU_PDA_NP11	Normal Pancreas	CC10	Normal Epithelial cells
PDACNP_10_ACTGAATGGCGAAAGT-1	IU_PDA_NP11	Normal Pancreas	CC10	Normal Epithelial cells
PDACNP_10_ACTGCCCGCCATTCTC-1	IU_PDA_NP11	Normal Pancreas	CC10	Normal Epithelial cells
PDACNP_10_ACTGCCGTCGTAACTC-1	IU_PDA_NP11	Normal Pancreas	CC10	Normal Epithelial cells
PDACNP_10_ACTGCTCGGAAGGATG-1	IU_PDA_NP11	Normal Pancreas	CC10	Normal Epithelial cells
PDACNP_10_ACTGGGATGCCAGTGC-1	IU_PDA_NP11	Normal Pancreas	CC10	Normal Epithelial cells
PDACNP_10_ACTGTACGATACACAT-1	IU_PDA_NP11	Normal Pancreas	CC10	Normal Epithelial cells
PDACNP_10_ACTGTAGCACTTTGGA-1	IU_PDA_NP11	Normal Pancreas	CC10	Normal Epithelial cells
PDACNP_10_ACTGTATACGCGAGCA-1	IU_PDA_NP11	Normal Pancreas	CC10	Normal Epithelial cells
PDACNP_10_ACTGTCCAGGATTATA-1	IU_PDA_NP11	Normal Pancreas	CC10	Normal Epithelial cells
PDACNP_10_ACTGTCTTCTTTAGAA-1	IU_PDA_NP11	Normal Pancreas	CC10	Normal Epithelial cells
PDACNP_10_ACTGTGCTAGTAGATC-1	IU_PDA_NP11	Normal Pancreas	CC10	Normal Epithelial cells
PDACNP_10_ACTTACCGGGCGCGCA-1	IU_PDA_NP11	Normal Pancreas	CC10	Normal Epithelial cells
PDACNP_10_ACTTACGCATCCACGC-1	IU_PDA_NP11	Normal Pancreas	CC10	Normal Epithelial cells
PDACNP_10_ACTTAGTACGACAAGA-1	IU_PDA_NP11	Normal Pancreas	CC10	Normal Epithelial cells
PDACNP_10_ACTTATACTTACCCGG-1	IU_PDA_NP11	Normal Pancreas	CC10	Normal Epithelial cells
PDACNP_10_ACTTATTAGGATCGGT-1	IU_PDA_NP11	Normal Pancreas	CC10	Normal Epithelial cells
PDACNP_10_ACTTATTTATGTGCCA-1	IU_PDA_NP11	Normal Pancreas	CC10	Normal Epithelial cells
PDACNP_10_ACTTCAGGCTGATCCC-1	IU_PDA_NP11	Normal Pancreas	CC10	Normal Epithelial cells
PDACNP_10_ACTTCCAGTGGAAGCT-1	IU_PDA_NP11	Normal Pancreas	CC10	Normal Epithelial cells
PDACNP_10_ACTTCCATGCGGGACA-1	IU_PDA_NP11	Normal Pancreas	CC10	Normal Epithelial cells
PDACNP_10_ACTTCGCCATACGCAC-1	IU_PDA_NP11	Normal Pancreas	CC10	Normal Epithelial cells
PDACNP_10_ACTTGACTCCCTCTTT-1	IU_PDA_NP11	Normal Pancreas	CC10	Normal Epithelial cells
PDACNP_10_ACTTGGGACCCGGTGG-1	IU_PDA_NP11	Normal Pancreas	CC10	Normal Epithelial cells
PDACNP_10_ACTTGTAGTCCCTTCA-1	IU_PDA_NP11	Normal Pancreas	CC10	Normal Epithelial cells
PDACNP_10_ACTTGTGGATGGAACG-1	IU_PDA_NP11	Normal Pancreas	CC10	Normal Epithelial cells
PDACNP_10_ACTTGTTACCGGATCA-1	IU_PDA_NP11	Normal Pancreas	CC10	Normal Epithelial cells
PDACNP_10_ACTTTACCCTCATGAA-1	IU_PDA_NP11	Normal Pancreas	CC10	Normal Epithelial cells
PDACNP_10_ACTTTATACACCACTT-1	IU_PDA_NP11	Normal Pancreas	CC10	Normal Epithelial cells
PDACNP_10_ACTTTCCTATAGCTTC-1	IU_PDA_NP11	Normal Pancreas	CC10	Normal Epithelial cells
PDACNP_10_ACTTTGACTGCATCCT-1	IU_PDA_NP11	Normal Pancreas	CC10	Normal Epithelial cells
PDACNP_10_ACTTTGGTCGTGCTCC-1	IU_PDA_NP11	Normal Pancreas	CC10	Normal Epithelial cells
PDACNP_10_AGAACACGGCGATGGT-1	IU_PDA_NP11	Normal Pancreas	CC10	Normal Epithelial cells
PDACNP_10_AGAACCCTCAATTGGG-1	IU_PDA_NP11	Normal Pancreas	CC10	Normal Epithelial cells
PDACNP_10_AGAACGTGGTACATTC-1	IU_PDA_NP11	Normal Pancreas	CC10	Normal Epithelial cells
PDACNP_10_AGAACTGTACTTTGTA-1	IU_PDA_NP11	Normal Pancreas	CC10	Normal Epithelial cells
PDACNP_10_AGAAGAGCGCCGTTCC-1	IU_PDA_NP11	Normal Pancreas	CC10	Normal Epithelial cells
PDACNP_10_AGAAGGTACACTTCAC-1	IU_PDA_NP11	Normal Pancreas	CC10	Normal Epithelial cells
PDACNP_10_AGAAGGTTGCCGAATT-1	IU_PDA_NP11	Normal Pancreas	CC10	Normal Epithelial cells
PDACNP_10_AGAAGGTTGTAGGTCG-1	IU_PDA_NP11	Normal Pancreas	CC10	Normal Epithelial cells
PDACNP_10_AGAAGTGATTCGTGAT-1	IU_PDA_NP11	Normal Pancreas	CC10	Normal Epithelial cells
PDACNP_10_AGAATAAATCTTCAGG-1	IU_PDA_NP11	Normal Pancreas	CC10	Normal Epithelial cells
PDACNP_10_AGAATACAGGCTATCC-1	IU_PDA_NP11	Normal Pancreas	CC10	Normal Epithelial cells
PDACNP_10_AGAATGCGGGTTCGGA-1	IU_PDA_NP11	Normal Pancreas	CC10	Normal Epithelial cells
PDACNP_10_AGAATTATGGATTCGA-1	IU_PDA_NP11	Normal Pancreas	CC10	Normal Epithelial cells
PDACNP_10_AGAATTGTTTGACATA-1	IU_PDA_NP11	Normal Pancreas	CC10	Normal Epithelial cells
PDACNP_10_AGACAGCTCAGAATCC-1	IU_PDA_NP11	Normal Pancreas	CC10	Normal Epithelial cells
PDACNP_10_AGACCAAACCACACCT-1	IU_PDA_NP11	Normal Pancreas	CC10	Normal Epithelial cells
PDACNP_10_AGACCATGGGATACAA-1	IU_PDA_NP11	Normal Pancreas	CC10	Normal Epithelial cells
PDACNP_10_AGACCCACCGCTGATC-1	IU_PDA_NP11	Normal Pancreas	CC10	Normal Epithelial cells
PDACNP_10_AGACCCGCCCTCCTCG-1	IU_PDA_NP11	Normal Pancreas	CC10	Normal Epithelial cells
PDACNP_10_AGACCGCTCCGCGGTT-1	IU_PDA_NP11	Normal Pancreas	CC10	Normal Epithelial cells
PDACNP_10_AGACCGGGAAACCCTG-1	IU_PDA_NP11	Normal Pancreas	CC10	Normal Epithelial cells
PDACNP_10_AGACGAAGTGCCGGTC-1	IU_PDA_NP11	Normal Pancreas	CC10	Normal Epithelial cells
PDACNP_10_AGACGACGATGCCGCT-1	IU_PDA_NP11	Normal Pancreas	CC10	Normal Epithelial cells
PDACNP_10_AGACTAGCCTTCCAGA-1	IU_PDA_NP11	Normal Pancreas	CC10	Normal Epithelial cells
PDACNP_10_AGACTGTTACCGGGTC-1	IU_PDA_NP11	Normal Pancreas	CC10	Normal Epithelial cells
PDACNP_10_AGAGAAACACCAGAAA-1	IU_PDA_NP11	Normal Pancreas	CC10	Normal Epithelial cells
PDACNP_10_AGAGAACCGTCTAGGA-1	IU_PDA_NP11	Normal Pancreas	CC10	Normal Epithelial cells
PDACNP_10_AGAGAAGGAGTACAAT-1	IU_PDA_NP11	Normal Pancreas	CC10	Normal Epithelial cells
PDACNP_10_AGAGATCTCTAAAGCG-1	IU_PDA_NP11	Normal Pancreas	CC10	Normal Epithelial cells
PDACNP_10_AGAGCAGTTATGAGAC-1	IU_PDA_NP11	Normal Pancreas	CC10	Normal Epithelial cells
PDACNP_10_AGAGCGGGCTAATCAT-1	IU_PDA_NP11	Normal Pancreas	CC10	Normal Epithelial cells
PDACNP_10_AGAGCGTACAAGCTCG-1	IU_PDA_NP11	Normal Pancreas	CC10	Normal Epithelial cells
PDACNP_10_AGAGCTACGAAAGCAT-1	IU_PDA_NP11	Normal Pancreas	CC10	Normal Epithelial cells
PDACNP_10_AGAGGCTTCGGAAACC-1	IU_PDA_NP11	Normal Pancreas	CC10	Normal Epithelial cells
PDACNP_10_AGAGTAAACTTCACTA-1	IU_PDA_NP11	Normal Pancreas	CC10	Normal Epithelial cells
PDACNP_10_AGATAACTTCAGGGCC-1	IU_PDA_NP11	Normal Pancreas	CC10	Normal Epithelial cells
PDACNP_10_AGATAATCACACCTAT-1	IU_PDA_NP11	Normal Pancreas	CC10	Normal Epithelial cells
PDACNP_10_AGATACCAATAGAACC-1	IU_PDA_NP11	Normal Pancreas	CC10	Normal Epithelial cells
PDACNP_10_AGATACCGGTGTTCAC-1	IU_PDA_NP11	Normal Pancreas	CC10	Normal Epithelial cells
PDACNP_10_AGATACGACTTCATAT-1	IU_PDA_NP11	Normal Pancreas	CC10	Normal Epithelial cells
PDACNP_10_AGATACTCAAGATCGA-1	IU_PDA_NP11	Normal Pancreas	CC10	Normal Epithelial cells
PDACNP_10_AGATATAATACGACTA-1	IU_PDA_NP11	Normal Pancreas	CC10	Normal Epithelial cells
PDACNP_10_AGATCGTGCATAAGAT-1	IU_PDA_NP11	Normal Pancreas	CC10	Normal Epithelial cells
PDACNP_10_AGATCTCAGGTGTGAT-1	IU_PDA_NP11	Normal Pancreas	CC10	Normal Epithelial cells
PDACNP_10_AGATCTGGAGAGGATA-1	IU_PDA_NP11	Normal Pancreas	CC10	Normal Epithelial cells
PDACNP_10_AGATGACTCGCCCACG-1	IU_PDA_NP11	Normal Pancreas	CC10	Normal Epithelial cells
PDACNP_10_AGATGAGGGTTGCGAT-1	IU_PDA_NP11	Normal Pancreas	CC10	Normal Epithelial cells
PDACNP_10_AGATGATGGAGTCTGG-1	IU_PDA_NP11	Normal Pancreas	CC10	Normal Epithelial cells
PDACNP_10_AGATGCAAGACGTGCA-1	IU_PDA_NP11	Normal Pancreas	CC10	Normal Epithelial cells
PDACNP_10_AGATGCATCCTGTGTC-1	IU_PDA_NP11	Normal Pancreas	CC10	Normal Epithelial cells
PDACNP_10_AGATGCTATAACGAGC-1	IU_PDA_NP11	Normal Pancreas	CC10	Normal Epithelial cells
PDACNP_10_AGATTATAGGACGTTT-1	IU_PDA_NP11	Normal Pancreas	CC10	Normal Epithelial cells
PDACNP_10_AGATTCACAACCGATA-1	IU_PDA_NP11	Normal Pancreas	CC10	Normal Epithelial cells
PDACNP_10_AGCAAAGGCCGCTAGT-1	IU_PDA_NP11	Normal Pancreas	CC10	Normal Epithelial cells
PDACNP_10_AGCAACATATCTTATT-1	IU_PDA_NP11	Normal Pancreas	CC10	Normal Epithelial cells
PDACNP_10_AGCAACCGAAAGTAAT-1	IU_PDA_NP11	Normal Pancreas	CC10	Normal Epithelial cells
PDACNP_10_AGCACACGTTTAGACT-1	IU_PDA_NP11	Normal Pancreas	CC10	Normal Epithelial cells
PDACNP_10_AGCACCAGTACTCACG-1	IU_PDA_NP11	Normal Pancreas	CC10	Normal Epithelial cells
PDACNP_10_AGCACTACCGGCCTGT-1	IU_PDA_NP11	Normal Pancreas	CC10	Normal Epithelial cells
PDACNP_10_AGCACTACCTCACCAG-1	IU_PDA_NP11	Normal Pancreas	CC10	Normal Epithelial cells
PDACNP_10_AGCACTTAAGGACGCC-1	IU_PDA_NP11	Normal Pancreas	CC10	Normal Epithelial cells
PDACNP_10_AGCAGAAGGAGAAAGA-1	IU_PDA_NP11	Normal Pancreas	CC10	Normal Epithelial cells
PDACNP_10_AGCAGCCAGATGAATA-1	IU_PDA_NP11	Normal Pancreas	CC10	Normal Epithelial cells
PDACNP_10_AGCAGTCGAAGCATGC-1	IU_PDA_NP11	Normal Pancreas	CC10	Normal Epithelial cells
PDACNP_10_AGCATATCAATATGCT-1	IU_PDA_NP11	Normal Pancreas	CC10	Normal Epithelial cells
PDACNP_10_AGCATCATTTCGAAAG-1	IU_PDA_NP11	Normal Pancreas	CC10	Normal Epithelial cells
PDACNP_10_AGCATCGTCGATAATT-1	IU_PDA_NP11	Normal Pancreas	CC10	Normal Epithelial cells
PDACNP_10_AGCATTACGAGGCAAG-1	IU_PDA_NP11	Normal Pancreas	CC10	Normal Epithelial cells
PDACNP_10_AGCCAAGCTTTGTGTC-1	IU_PDA_NP11	Normal Pancreas	CC10	Normal Epithelial cells
PDACNP_10_AGCCACAGGTTACCCG-1	IU_PDA_NP11	Normal Pancreas	CC10	Normal Epithelial cells
PDACNP_10_AGCCACTCCCGTGCTT-1	IU_PDA_NP11	Normal Pancreas	CC10	Normal Epithelial cells
PDACNP_10_AGCCATATAGTATGTG-1	IU_PDA_NP11	Normal Pancreas	CC10	Normal Epithelial cells
PDACNP_10_AGCCCATACATGTAAG-1	IU_PDA_NP11	Normal Pancreas	CC10	Normal Epithelial cells
PDACNP_10_AGCCCGCAACAAGCAG-1	IU_PDA_NP11	Normal Pancreas	CC10	Normal Epithelial cells
PDACNP_10_AGCCCGCACTACAATG-1	IU_PDA_NP11	Normal Pancreas	CC10	Normal Epithelial cells
PDACNP_10_AGCCCGGCATTAGAGG-1	IU_PDA_NP11	Normal Pancreas	CC10	Normal Epithelial cells
PDACNP_10_AGCCCGGTAGCCTGTA-1	IU_PDA_NP11	Normal Pancreas	CC10	Normal Epithelial cells
PDACNP_10_AGCCCTAAGCGAAGTT-1	IU_PDA_NP11	Normal Pancreas	CC10	Normal Epithelial cells
PDACNP_10_AGCCCTCCCTGGTGGC-1	IU_PDA_NP11	Normal Pancreas	CC10	Normal Epithelial cells
PDACNP_10_AGCCCTTCTAATCCGA-1	IU_PDA_NP11	Normal Pancreas	CC10	Normal Epithelial cells
PDACNP_10_AGCCGCAAATTCAAAT-1	IU_PDA_NP11	Normal Pancreas	CC10	Normal Epithelial cells
PDACNP_10_AGCCGTGGCTAAATGT-1	IU_PDA_NP11	Normal Pancreas	CC10	Normal Epithelial cells
PDACNP_10_AGCCTAATACCCACGT-1	IU_PDA_NP11	Normal Pancreas	CC10	Normal Epithelial cells
PDACNP_10_AGCCTTAAAGCGGAAG-1	IU_PDA_NP11	Normal Pancreas	CC10	Normal Epithelial cells
PDACNP_10_AGCCTTGTCACTGATA-1	IU_PDA_NP11	Normal Pancreas	CC10	Normal Epithelial cells
PDACNP_10_AGCGACAGGAACGGTC-1	IU_PDA_NP11	Normal Pancreas	CC10	Normal Epithelial cells
PDACNP_10_AGCGACATCCCATTCA-1	IU_PDA_NP11	Normal Pancreas	CC10	Normal Epithelial cells
PDACNP_10_AGCGACCAACGATATT-1	IU_PDA_NP11	Normal Pancreas	CC10	Normal Epithelial cells
PDACNP_10_AGCGACTTTGAAGACA-1	IU_PDA_NP11	Normal Pancreas	CC10	Normal Epithelial cells
PDACNP_10_AGCGAGACGTGAAGGC-1	IU_PDA_NP11	Normal Pancreas	CC10	Normal Epithelial cells
PDACNP_10_AGCGATGCGCCTAATA-1	IU_PDA_NP11	Normal Pancreas	CC10	Normal Epithelial cells
PDACNP_10_AGCGCATAATGAATCG-1	IU_PDA_NP11	Normal Pancreas	CC10	Normal Epithelial cells
PDACNP_10_AGCGCGGGTGCCAATG-1	IU_PDA_NP11	Normal Pancreas	CC10	Normal Epithelial cells
PDACNP_10_AGCGGACACTTCGTAG-1	IU_PDA_NP11	Normal Pancreas	CC10	Normal Epithelial cells
PDACNP_10_AGCGGCGGTTAGCGGT-1	IU_PDA_NP11	Normal Pancreas	CC10	Normal Epithelial cells
PDACNP_10_AGCGGGAAGGGTCCAT-1	IU_PDA_NP11	Normal Pancreas	CC10	Normal Epithelial cells
PDACNP_10_AGCGGGTCTGACACTC-1	IU_PDA_NP11	Normal Pancreas	CC10	Normal Epithelial cells
PDACNP_10_AGCGGTTGCCGCTCTG-1	IU_PDA_NP11	Normal Pancreas	CC10	Normal Epithelial cells
PDACNP_10_AGCGTACGAGAGCTAG-1	IU_PDA_NP11	Normal Pancreas	CC10	Normal Epithelial cells
PDACNP_10_AGCGTGGTATTCTACT-1	IU_PDA_NP11	Normal Pancreas	CC10	Normal Epithelial cells
PDACNP_10_AGCTAACAAGCAATGT-1	IU_PDA_NP11	Normal Pancreas	CC10	Normal Epithelial cells
PDACNP_10_AGCTAAGTACGCAGGC-1	IU_PDA_NP11	Normal Pancreas	CC10	Normal Epithelial cells
PDACNP_10_AGCTACGAATGGTGGT-1	IU_PDA_NP11	Normal Pancreas	CC10	Normal Epithelial cells
PDACNP_10_AGCTAGAAGCAGAAGT-1	IU_PDA_NP11	Normal Pancreas	CC10	Normal Epithelial cells
PDACNP_10_AGCTATTTAATCCAAC-1	IU_PDA_NP11	Normal Pancreas	CC10	Normal Epithelial cells
PDACNP_10_AGCTCCATATATGTTC-1	IU_PDA_NP11	Normal Pancreas	CC10	Normal Epithelial cells
PDACNP_10_AGCTCCTTCGCACATC-1	IU_PDA_NP11	Normal Pancreas	CC10	Normal Epithelial cells
PDACNP_10_AGCTCTAGACGTTCCA-1	IU_PDA_NP11	Normal Pancreas	CC10	Normal Epithelial cells
PDACNP_10_AGCTCTTCCCAGTGCA-1	IU_PDA_NP11	Normal Pancreas	CC10	Normal Epithelial cells
PDACNP_10_AGCTCTTCGTAACCTT-1	IU_PDA_NP11	Normal Pancreas	CC10	Normal Epithelial cells
PDACNP_10_AGCTCTTTACTCAGTT-1	IU_PDA_NP11	Normal Pancreas	CC10	Normal Epithelial cells
PDACNP_10_AGCTGAAGTAAACCAA-1	IU_PDA_NP11	Normal Pancreas	CC10	Normal Epithelial cells
PDACNP_10_AGCTGTAACCTCAATC-1	IU_PDA_NP11	Normal Pancreas	CC10	Normal Epithelial cells
PDACNP_10_AGCTTCTTCTCGAGCA-1	IU_PDA_NP11	Normal Pancreas	CC10	Normal Epithelial cells
PDACNP_10_AGCTTGATCAGGGTAG-1	IU_PDA_NP11	Normal Pancreas	CC10	Normal Epithelial cells
PDACNP_10_AGCTTGATCTTAACTT-1	IU_PDA_NP11	Normal Pancreas	CC10	Normal Epithelial cells
PDACNP_10_AGGAAAGCCTCTGATG-1	IU_PDA_NP11	Normal Pancreas	CC10	Normal Epithelial cells
PDACNP_10_AGGAAGCTGTCCGCCG-1	IU_PDA_NP11	Normal Pancreas	CC10	Normal Epithelial cells
PDACNP_10_AGGACAGTCGAATCCC-1	IU_PDA_NP11	Normal Pancreas	CC10	Normal Epithelial cells
PDACNP_10_AGGACATCGCACGTCG-1	IU_PDA_NP11	Normal Pancreas	CC10	Normal Epithelial cells
PDACNP_10_AGGACGACCCATTAGA-1	IU_PDA_NP11	Normal Pancreas	CC10	Normal Epithelial cells
PDACNP_10_AGGACGCTCGATGTTG-1	IU_PDA_NP11	Normal Pancreas	CC10	Normal Epithelial cells
PDACNP_10_AGGAGGCCTTCGCGCG-1	IU_PDA_NP11	Normal Pancreas	CC10	Normal Epithelial cells
PDACNP_10_AGGATAAAGTCGGGAT-1	IU_PDA_NP11	Normal Pancreas	CC10	Normal Epithelial cells
PDACNP_10_AGGATATAGGGATTTA-1	IU_PDA_NP11	Normal Pancreas	CC10	Normal Epithelial cells
PDACNP_10_AGGATATCCGACTGCA-1	IU_PDA_NP11	Normal Pancreas	CC10	Normal Epithelial cells
PDACNP_10_AGGATCACGCGATCTG-1	IU_PDA_NP11	Normal Pancreas	CC10	Normal Epithelial cells
PDACNP_10_AGGCAGATGCGTAAAC-1	IU_PDA_NP11	Normal Pancreas	CC10	Normal Epithelial cells
PDACNP_10_AGGCAGGGAGCGTACT-1	IU_PDA_NP11	Normal Pancreas	CC10	Normal Epithelial cells
PDACNP_10_AGGCATTGTCGTAGGG-1	IU_PDA_NP11	Normal Pancreas	CC10	Normal Epithelial cells
PDACNP_10_AGGCCACCCGTTATGA-1	IU_PDA_NP11	Normal Pancreas	CC10	Normal Epithelial cells
PDACNP_10_AGGCCCAGTGACTGGT-1	IU_PDA_NP11	Normal Pancreas	CC10	Normal Epithelial cells
PDACNP_10_AGGCCCATTGTACAGG-1	IU_PDA_NP11	Normal Pancreas	CC10	Normal Epithelial cells
PDACNP_10_AGGCCCTAGAACGCCA-1	IU_PDA_NP11	Normal Pancreas	CC10	Normal Epithelial cells
PDACNP_10_AGGCCTATCATACCAA-1	IU_PDA_NP11	Normal Pancreas	CC10	Normal Epithelial cells
PDACNP_10_AGGCCTGAGAATCTCG-1	IU_PDA_NP11	Normal Pancreas	CC10	Normal Epithelial cells
PDACNP_10_AGGCGGTTTGTCCCGC-1	IU_PDA_NP11	Normal Pancreas	CC10	Normal Epithelial cells
PDACNP_10_AGGCGTCTATGGACGG-1	IU_PDA_NP11	Normal Pancreas	CC10	Normal Epithelial cells
PDACNP_10_AGGCTATGGTTAGCTT-1	IU_PDA_NP11	Normal Pancreas	CC10	Normal Epithelial cells
PDACNP_10_AGGCTTCCCGAAGAAG-1	IU_PDA_NP11	Normal Pancreas	CC10	Normal Epithelial cells
PDACNP_10_AGGCTTGCTAGACACC-1	IU_PDA_NP11	Normal Pancreas	CC10	Normal Epithelial cells
PDACNP_10_AGGGAAACGAGGTACT-1	IU_PDA_NP11	Normal Pancreas	CC2	Normal Epithelial cells
PDACNP_10_AGGGACCGGCTGCGTT-1	IU_PDA_NP11	Normal Pancreas	CC10	Normal Epithelial cells
PDACNP_10_AGGGACTCTACGCGAC-1	IU_PDA_NP11	Normal Pancreas	CC10	Normal Epithelial cells
PDACNP_10_AGGGAGACATACTTCG-1	IU_PDA_NP11	Normal Pancreas	CC10	Normal Epithelial cells
PDACNP_10_AGGGCGAGCAGCTGAT-1	IU_PDA_NP11	Normal Pancreas	CC10	Normal Epithelial cells
PDACNP_10_AGGGCGTGATCGGCTA-1	IU_PDA_NP11	Normal Pancreas	CC10	Normal Epithelial cells
PDACNP_10_AGGGCTGCAGTTACAG-1	IU_PDA_NP11	Normal Pancreas	CC10	Normal Epithelial cells
PDACNP_10_AGGGTCAGAGCACTCG-1	IU_PDA_NP11	Normal Pancreas	CC10	Normal Epithelial cells
PDACNP_10_AGGGTCAGTAACCCTA-1	IU_PDA_NP11	Normal Pancreas	CC10	Normal Epithelial cells
PDACNP_10_AGGGTCGATGCGAACT-1	IU_PDA_NP11	Normal Pancreas	CC10	Normal Epithelial cells
PDACNP_10_AGGGTGCCGTTCTTTA-1	IU_PDA_NP11	Normal Pancreas	CC10	Normal Epithelial cells
PDACNP_10_AGGGTGCTCTCGAGGG-1	IU_PDA_NP11	Normal Pancreas	CC10	Normal Epithelial cells
PDACNP_10_AGGGTGGATAGTGCAT-1	IU_PDA_NP11	Normal Pancreas	CC10	Normal Epithelial cells
PDACNP_10_AGGGTTCAGACGGTCC-1	IU_PDA_NP11	Normal Pancreas	CC10	Normal Epithelial cells
PDACNP_10_AGGGTTCCCTTTGGTT-1	IU_PDA_NP11	Normal Pancreas	CC10	Normal Epithelial cells
PDACNP_10_AGGGTTTAGTTCGGGA-1	IU_PDA_NP11	Normal Pancreas	CC10	Normal Epithelial cells
PDACNP_10_AGGTAACCTCCTATTC-1	IU_PDA_NP11	Normal Pancreas	CC10	Normal Epithelial cells
PDACNP_10_AGGTACGATATTGCCA-1	IU_PDA_NP11	Normal Pancreas	CC10	Normal Epithelial cells
PDACNP_10_AGGTAGATCGAGATAT-1	IU_PDA_NP11	Normal Pancreas	CC10	Normal Epithelial cells
PDACNP_10_AGGTAGGTACAAAGCT-1	IU_PDA_NP11	Normal Pancreas	CC10	Normal Epithelial cells
PDACNP_10_AGGTATAATTGATAGT-1	IU_PDA_NP11	Normal Pancreas	CC10	Normal Epithelial cells
PDACNP_10_AGGTATGCGGACATTA-1	IU_PDA_NP11	Normal Pancreas	CC10	Normal Epithelial cells
PDACNP_10_AGGTCAGGTGAGAGTG-1	IU_PDA_NP11	Normal Pancreas	CC10	Normal Epithelial cells
PDACNP_10_AGGTCGCGGAGTTACT-1	IU_PDA_NP11	Normal Pancreas	CC10	Normal Epithelial cells
PDACNP_10_AGGTGCACGTCCACAT-1	IU_PDA_NP11	Normal Pancreas	CC10	Normal Epithelial cells
PDACNP_10_AGGTGGTGACCTTCGC-1	IU_PDA_NP11	Normal Pancreas	CC10	Normal Epithelial cells
PDACNP_10_AGGTGTATCGCCATGA-1	IU_PDA_NP11	Normal Pancreas	CC10	Normal Epithelial cells
PDACNP_10_AGGTTCTCCTTTCCGG-1	IU_PDA_NP11	Normal Pancreas	CC10	Normal Epithelial cells
PDACNP_10_AGGTTGAGGCACGCTT-1	IU_PDA_NP11	Normal Pancreas	CC10	Normal Epithelial cells
PDACNP_10_AGGTTTCACACACCTT-1	IU_PDA_NP11	Normal Pancreas	CC10	Normal Epithelial cells
PDACNP_10_AGTAACTATAGCAGCC-1	IU_PDA_NP11	Normal Pancreas	CC10	Normal Epithelial cells
PDACNP_10_AGTAATCTAAGGGTGG-1	IU_PDA_NP11	Normal Pancreas	CC10	Normal Epithelial cells
PDACNP_10_AGTAATGTCTTGCCGC-1	IU_PDA_NP11	Normal Pancreas	CC10	Normal Epithelial cells
PDACNP_10_AGTACAGAAGCTTATA-1	IU_PDA_NP11	Normal Pancreas	CC10	Normal Epithelial cells
PDACNP_10_AGTACATCATTTATCA-1	IU_PDA_NP11	Normal Pancreas	CC10	Normal Epithelial cells
PDACNP_10_AGTACGGCCCGTATCG-1	IU_PDA_NP11	Normal Pancreas	CC10	Normal Epithelial cells
PDACNP_10_AGTACGGGCACCTGGC-1	IU_PDA_NP11	Normal Pancreas	CC10	Normal Epithelial cells
PDACNP_10_AGTACTCTTATGCCCA-1	IU_PDA_NP11	Normal Pancreas	CC10	Normal Epithelial cells
PDACNP_10_AGTAGAAGGCGCCTCA-1	IU_PDA_NP11	Normal Pancreas	CC10	Normal Epithelial cells
PDACNP_10_AGTAGGAAGGAAGTTG-1	IU_PDA_NP11	Normal Pancreas	CC10	Normal Epithelial cells
PDACNP_10_AGTAGGTAACATACAT-1	IU_PDA_NP11	Normal Pancreas	CC10	Normal Epithelial cells
PDACNP_10_AGTATAATACTAGGCA-1	IU_PDA_NP11	Normal Pancreas	CC10	Normal Epithelial cells
PDACNP_10_AGTATACACAGCGACA-1	IU_PDA_NP11	Normal Pancreas	CC10	Normal Epithelial cells
PDACNP_10_AGTATGCTGGAGACCA-1	IU_PDA_NP11	Normal Pancreas	CC10	Normal Epithelial cells
PDACNP_10_AGTATTTGGCACGACC-1	IU_PDA_NP11	Normal Pancreas	CC10	Normal Epithelial cells
PDACNP_10_AGTCAAATGATGTGAT-1	IU_PDA_NP11	Normal Pancreas	CC10	Normal Epithelial cells
PDACNP_10_AGTCAACACCACCATC-1	IU_PDA_NP11	Normal Pancreas	CC10	Normal Epithelial cells
PDACNP_10_AGTCAAGATGACACTT-1	IU_PDA_NP11	Normal Pancreas	CC10	Normal Epithelial cells
PDACNP_10_AGTCACTAGCTCTCGA-1	IU_PDA_NP11	Normal Pancreas	CC10	Normal Epithelial cells
PDACNP_10_AGTCACTCCGCCTCAT-1	IU_PDA_NP11	Normal Pancreas	CC10	Normal Epithelial cells
PDACNP_10_AGTCAGCCACCGCCTG-1	IU_PDA_NP11	Normal Pancreas	CC10	Normal Epithelial cells
PDACNP_10_AGTCCATTGGCTGATG-1	IU_PDA_NP11	Normal Pancreas	CC10	Normal Epithelial cells
PDACNP_10_AGTCCCGCCTTTAATT-1	IU_PDA_NP11	Normal Pancreas	CC10	Normal Epithelial cells
PDACNP_10_AGTCGAAACGATTCAG-1	IU_PDA_NP11	Normal Pancreas	CC10	Normal Epithelial cells
PDACNP_10_AGTCGACGGTCTCAAG-1	IU_PDA_NP11	Normal Pancreas	CC10	Normal Epithelial cells
PDACNP_10_AGTCGGCCCAAACGAC-1	IU_PDA_NP11	Normal Pancreas	CC10	Normal Epithelial cells
PDACNP_10_AGTCGGCTCAACTTTA-1	IU_PDA_NP11	Normal Pancreas	CC10	Normal Epithelial cells
PDACNP_10_AGTCGTATAAAGCAGA-1	IU_PDA_NP11	Normal Pancreas	CC10	Normal Epithelial cells
PDACNP_10_AGTCGTCGACCACCAA-1	IU_PDA_NP11	Normal Pancreas	CC10	Normal Epithelial cells
PDACNP_10_AGTCGTGGGCATTACG-1	IU_PDA_NP11	Normal Pancreas	CC10	Normal Epithelial cells
PDACNP_10_AGTCTAAAGTATACTC-1	IU_PDA_NP11	Normal Pancreas	CC10	Normal Epithelial cells
PDACNP_10_AGTCTCACAAGACTAC-1	IU_PDA_NP11	Normal Pancreas	CC10	Normal Epithelial cells
PDACNP_10_AGTCTGGACATCCTTG-1	IU_PDA_NP11	Normal Pancreas	CC10	Normal Epithelial cells
PDACNP_10_AGTCTTCTCCTCAAAT-1	IU_PDA_NP11	Normal Pancreas	CC10	Normal Epithelial cells
PDACNP_10_AGTCTTTAAAGTGTCC-1	IU_PDA_NP11	Normal Pancreas	CC10	Normal Epithelial cells
PDACNP_10_AGTGAACAAACTTCTC-1	IU_PDA_NP11	Normal Pancreas	CC10	Normal Epithelial cells
PDACNP_10_AGTGACCTACTTTACG-1	IU_PDA_NP11	Normal Pancreas	CC10	Normal Epithelial cells
PDACNP_10_AGTGACTGTGACACAA-1	IU_PDA_NP11	Normal Pancreas	CC10	Normal Epithelial cells
PDACNP_10_AGTGAGACTTCCAGTA-1	IU_PDA_NP11	Normal Pancreas	CC10	Normal Epithelial cells
PDACNP_10_AGTGAGCCTCGCCGCC-1	IU_PDA_NP11	Normal Pancreas	CC10	Normal Epithelial cells
PDACNP_10_AGTGAGTCGAATTAAC-1	IU_PDA_NP11	Normal Pancreas	CC10	Normal Epithelial cells
PDACNP_10_AGTGATAACCTGCGCG-1	IU_PDA_NP11	Normal Pancreas	CC10	Normal Epithelial cells
PDACNP_10_AGTGATATGAGTAGTT-1	IU_PDA_NP11	Normal Pancreas	CC10	Normal Epithelial cells
PDACNP_10_AGTGATTCAAGCAGGA-1	IU_PDA_NP11	Normal Pancreas	CC10	Normal Epithelial cells
PDACNP_10_AGTGCACGCTTAAGAA-1	IU_PDA_NP11	Normal Pancreas	CC10	Normal Epithelial cells
PDACNP_10_AGTGCGTAGCTCGTAA-1	IU_PDA_NP11	Normal Pancreas	CC10	Normal Epithelial cells
PDACNP_10_AGTGCTAAACACAGCA-1	IU_PDA_NP11	Normal Pancreas	CC10	Normal Epithelial cells
PDACNP_10_AGTGCTTGCACGAATA-1	IU_PDA_NP11	Normal Pancreas	CC10	Normal Epithelial cells
PDACNP_10_AGTGGCCCGCAAATGG-1	IU_PDA_NP11	Normal Pancreas	CC10	Normal Epithelial cells
PDACNP_10_AGTGGCGGCAATTTGA-1	IU_PDA_NP11	Normal Pancreas	CC10	Normal Epithelial cells
PDACNP_10_AGTGGCGTCTGAAGGT-1	IU_PDA_NP11	Normal Pancreas	CC10	Normal Epithelial cells
PDACNP_10_AGTGGCTCCGTCGGCC-1	IU_PDA_NP11	Normal Pancreas	CC10	Normal Epithelial cells
PDACNP_10_AGTGGTGTTACCCGTG-1	IU_PDA_NP11	Normal Pancreas	CC10	Normal Epithelial cells
PDACNP_10_AGTGGTTGCGTATAGG-1	IU_PDA_NP11	Normal Pancreas	CC10	Normal Epithelial cells
PDACNP_10_AGTGTATTGCGCATTG-1	IU_PDA_NP11	Normal Pancreas	CC10	Normal Epithelial cells
PDACNP_10_AGTGTGCTAAGATCGC-1	IU_PDA_NP11	Normal Pancreas	CC10	Normal Epithelial cells
PDACNP_10_AGTGTGGTCTATTGTG-1	IU_PDA_NP11	Normal Pancreas	CC10	Normal Epithelial cells
PDACNP_10_AGTTAAACACTTGCGA-1	IU_PDA_NP11	Normal Pancreas	CC10	Normal Epithelial cells
PDACNP_10_AGTTAAGCGGTCCCGG-1	IU_PDA_NP11	Normal Pancreas	CC7	Normal Epithelial cells
PDACNP_10_AGTTAAGTCAACCGCT-1	IU_PDA_NP11	Normal Pancreas	CC10	Normal Epithelial cells
PDACNP_10_AGTTACCCTTAAGACT-1	IU_PDA_NP11	Normal Pancreas	CC10	Normal Epithelial cells
PDACNP_10_AGTTACCGCACATGGT-1	IU_PDA_NP11	Normal Pancreas	CC10	Normal Epithelial cells
PDACNP_10_AGTTACTCTATCGTGG-1	IU_PDA_NP11	Normal Pancreas	CC2	Normal Epithelial cells
PDACNP_10_AGTTATTCAGACTGTG-1	IU_PDA_NP11	Normal Pancreas	CC10	Normal Epithelial cells
PDACNP_10_AGTTCACCGGTTGGAC-1	IU_PDA_NP11	Normal Pancreas	CC10	Normal Epithelial cells
PDACNP_10_AGTTCCTACAGAATTA-1	IU_PDA_NP11	Normal Pancreas	CC10	Normal Epithelial cells
PDACNP_10_AGTTCCTATTTATGTT-1	IU_PDA_NP11	Normal Pancreas	CC10	Normal Epithelial cells
PDACNP_10_AGTTCTGCGTTGTATC-1	IU_PDA_NP11	Normal Pancreas	CC10	Normal Epithelial cells
PDACNP_10_AGTTGACATCGGCTGG-1	IU_PDA_NP11	Normal Pancreas	CC10	Normal Epithelial cells
PDACNP_10_AGTTGACGGTCCTTGC-1	IU_PDA_NP11	Normal Pancreas	CC10	Normal Epithelial cells
PDACNP_10_AGTTGCTGACTGATAT-1	IU_PDA_NP11	Normal Pancreas	CC10	Normal Epithelial cells
PDACNP_10_AGTTGGCAAGGCTAGA-1	IU_PDA_NP11	Normal Pancreas	CC10	Normal Epithelial cells
PDACNP_10_AGTTTCGCAGGTCGGA-1	IU_PDA_NP11	Normal Pancreas	CC10	Normal Epithelial cells
PDACNP_10_AGTTTGCACCTGCCTC-1	IU_PDA_NP11	Normal Pancreas	CC10	Normal Epithelial cells
PDACNP_10_AGTTTGGCACGGGTTG-1	IU_PDA_NP11	Normal Pancreas	CC10	Normal Epithelial cells
PDACNP_10_AGTTTGGCCAGACCTA-1	IU_PDA_NP11	Normal Pancreas	CC10	Normal Epithelial cells
PDACNP_10_ATAAACGGACCCGTAA-1	IU_PDA_NP11	Normal Pancreas	CC10	Normal Epithelial cells
PDACNP_10_ATAAACGTTGCACCAC-1	IU_PDA_NP11	Normal Pancreas	CC10	Normal Epithelial cells
PDACNP_10_ATAAAGGCTCGGTCGT-1	IU_PDA_NP11	Normal Pancreas	CC10	Normal Epithelial cells
PDACNP_10_ATAAATATTAGCAGCT-1	IU_PDA_NP11	Normal Pancreas	CC10	Normal Epithelial cells
PDACNP_10_ATAACGCCGGAGGGTC-1	IU_PDA_NP11	Normal Pancreas	CC10	Normal Epithelial cells
PDACNP_10_ATAACGGAGTCCAACG-1	IU_PDA_NP11	Normal Pancreas	CC10	Normal Epithelial cells
PDACNP_10_ATAAGGTGGAGAACAT-1	IU_PDA_NP11	Normal Pancreas	CC10	Normal Epithelial cells
PDACNP_10_ATAAGTAGGATTCAGA-1	IU_PDA_NP11	Normal Pancreas	CC10	Normal Epithelial cells
PDACNP_10_ATAAGTAGGGCGACTC-1	IU_PDA_NP11	Normal Pancreas	CC10	Normal Epithelial cells
PDACNP_10_ATAAGTTACCGCGACG-1	IU_PDA_NP11	Normal Pancreas	CC10	Normal Epithelial cells
PDACNP_10_ATAATACCGTTAGCCG-1	IU_PDA_NP11	Normal Pancreas	CC10	Normal Epithelial cells
PDACNP_10_ATAATAGCTGTTGAAT-1	IU_PDA_NP11	Normal Pancreas	CC10	Normal Epithelial cells
PDACNP_10_ATAATAGTGTAGGGAC-1	IU_PDA_NP11	Normal Pancreas	CC10	Normal Epithelial cells
PDACNP_10_ATAATCTTGGAGAACC-1	IU_PDA_NP11	Normal Pancreas	CC10	Normal Epithelial cells
PDACNP_10_ATAATTAGCTAAGTAG-1	IU_PDA_NP11	Normal Pancreas	CC10	Normal Epithelial cells
PDACNP_10_ATACAGCGTCCACTGA-1	IU_PDA_NP11	Normal Pancreas	CC10	Normal Epithelial cells
PDACNP_10_ATACAGGCCCTCCAAT-1	IU_PDA_NP11	Normal Pancreas	CC10	Normal Epithelial cells
PDACNP_10_ATACCACGGGCAACTT-1	IU_PDA_NP11	Normal Pancreas	CC10	Normal Epithelial cells
PDACNP_10_ATACCAGGCTAATAGA-1	IU_PDA_NP11	Normal Pancreas	CC10	Normal Epithelial cells
PDACNP_10_ATACCCTCCCGGCCAA-1	IU_PDA_NP11	Normal Pancreas	CC10	Normal Epithelial cells
PDACNP_10_ATACCGTCATCCATAA-1	IU_PDA_NP11	Normal Pancreas	CC10	Normal Epithelial cells
PDACNP_10_ATACCTAACCAAGAAA-1	IU_PDA_NP11	Normal Pancreas	CC10	Normal Epithelial cells
PDACNP_10_ATACGAAGGCTTTCCA-1	IU_PDA_NP11	Normal Pancreas	CC10	Normal Epithelial cells
PDACNP_10_ATACGAGGTTTGTAAG-1	IU_PDA_NP11	Normal Pancreas	CC10	Normal Epithelial cells
PDACNP_10_ATACGCCGGCGAAACC-1	IU_PDA_NP11	Normal Pancreas	CC10	Normal Epithelial cells
PDACNP_10_ATACGGAACGTCGTTT-1	IU_PDA_NP11	Normal Pancreas	CC10	Normal Epithelial cells
PDACNP_10_ATACGGGTTTCGATTG-1	IU_PDA_NP11	Normal Pancreas	CC10	Normal Epithelial cells
PDACNP_10_ATACGGTGAAGATGCA-1	IU_PDA_NP11	Normal Pancreas	CC10	Normal Epithelial cells
PDACNP_10_ATACGTACTTAGCCAC-1	IU_PDA_NP11	Normal Pancreas	CC10	Normal Epithelial cells
PDACNP_10_ATACGTCCACTCCTGT-1	IU_PDA_NP11	Normal Pancreas	CC10	Normal Epithelial cells
PDACNP_10_ATACGTTATGCACGGA-1	IU_PDA_NP11	Normal Pancreas	CC10	Normal Epithelial cells
PDACNP_10_ATACTACCCGTACCAC-1	IU_PDA_NP11	Normal Pancreas	CC10	Normal Epithelial cells
PDACNP_10_ATACTAGCATGACCCT-1	IU_PDA_NP11	Normal Pancreas	CC10	Normal Epithelial cells
PDACNP_10_ATACTCTCGCCACTCT-1	IU_PDA_NP11	Normal Pancreas	CC10	Normal Epithelial cells
PDACNP_10_ATACTGCCTTACACCG-1	IU_PDA_NP11	Normal Pancreas	CC10	Normal Epithelial cells
PDACNP_10_ATACTTGTTCTCGAGC-1	IU_PDA_NP11	Normal Pancreas	CC10	Normal Epithelial cells
PDACNP_10_ATAGACAACGGGACCT-1	IU_PDA_NP11	Normal Pancreas	CC10	Normal Epithelial cells
PDACNP_10_ATAGACGAAGAGAAAG-1	IU_PDA_NP11	Normal Pancreas	CC10	Normal Epithelial cells
PDACNP_10_ATAGAGTACTGGGACA-1	IU_PDA_NP11	Normal Pancreas	CC10	Normal Epithelial cells
PDACNP_10_ATAGAGTTATCAACTT-1	IU_PDA_NP11	Normal Pancreas	CC10	Normal Epithelial cells
PDACNP_10_ATAGCAACTAGGGAAG-1	IU_PDA_NP11	Normal Pancreas	CC10	Normal Epithelial cells
PDACNP_10_ATAGCCTCAGTACCCA-1	IU_PDA_NP11	Normal Pancreas	CC10	Normal Epithelial cells
PDACNP_10_ATAGCTGCTCTTGTTA-1	IU_PDA_NP11	Normal Pancreas	CC10	Normal Epithelial cells
PDACNP_10_ATAGGCGGCTATAGAA-1	IU_PDA_NP11	Normal Pancreas	CC10	Normal Epithelial cells
PDACNP_10_ATAGGCTAGCTTCGCA-1	IU_PDA_NP11	Normal Pancreas	CC10	Normal Epithelial cells
PDACNP_10_ATAGGGATATCCTTGA-1	IU_PDA_NP11	Normal Pancreas	CC10	Normal Epithelial cells
PDACNP_10_ATAGGTTGGGCAGATG-1	IU_PDA_NP11	Normal Pancreas	CC10	Normal Epithelial cells
PDACNP_10_ATAGTGAAGCGTTCTC-1	IU_PDA_NP11	Normal Pancreas	CC10	Normal Epithelial cells
PDACNP_10_ATAGTTCCACCCACTC-1	IU_PDA_NP11	Normal Pancreas	CC10	Normal Epithelial cells
PDACNP_10_ATATAAAGCGCTCGTG-1	IU_PDA_NP11	Normal Pancreas	CC10	Normal Epithelial cells
PDACNP_10_ATATAAATGTAGCTGC-1	IU_PDA_NP11	Normal Pancreas	CC10	Normal Epithelial cells
PDACNP_10_ATATAACACGGGCGCA-1	IU_PDA_NP11	Normal Pancreas	CC10	Normal Epithelial cells
PDACNP_10_ATATACATGTATGGTA-1	IU_PDA_NP11	Normal Pancreas	CC10	Normal Epithelial cells
PDACNP_10_ATATACGCTCGTGACG-1	IU_PDA_NP11	Normal Pancreas	CC10	Normal Epithelial cells
PDACNP_10_ATATAGAGTATTGGTC-1	IU_PDA_NP11	Normal Pancreas	CC10	Normal Epithelial cells
PDACNP_10_ATATCAACCTACAGAG-1	IU_PDA_NP11	Normal Pancreas	CC10	Normal Epithelial cells
PDACNP_10_ATATCAATTCCAGCCT-1	IU_PDA_NP11	Normal Pancreas	CC10	Normal Epithelial cells
PDACNP_10_ATATCGGTAGGGAGAT-1	IU_PDA_NP11	Normal Pancreas	CC10	Normal Epithelial cells
PDACNP_10_ATATCGTTCCTCGAAC-1	IU_PDA_NP11	Normal Pancreas	CC10	Normal Epithelial cells
PDACNP_10_ATATCTCCCTCGTTAA-1	IU_PDA_NP11	Normal Pancreas	CC10	Normal Epithelial cells
PDACNP_10_ATATCTTAGGGCCTTC-1	IU_PDA_NP11	Normal Pancreas	CC10	Normal Epithelial cells
PDACNP_10_ATATGGGATAGCAACT-1	IU_PDA_NP11	Normal Pancreas	CC10	Normal Epithelial cells
PDACNP_10_ATATGTCTAGAGCGTG-1	IU_PDA_NP11	Normal Pancreas	CC10	Normal Epithelial cells
PDACNP_10_ATATGTCTCCCTAGCC-1	IU_PDA_NP11	Normal Pancreas	CC10	Normal Epithelial cells
PDACNP_10_ATATTCAGTTAAACCT-1	IU_PDA_NP11	Normal Pancreas	CC10	Normal Epithelial cells
PDACNP_10_ATATTCCACATAGTGA-1	IU_PDA_NP11	Normal Pancreas	CC10	Normal Epithelial cells
PDACNP_10_ATATTCCCACAGGTCA-1	IU_PDA_NP11	Normal Pancreas	CC10	Normal Epithelial cells
PDACNP_10_ATATTGCTGTCAAAGT-1	IU_PDA_NP11	Normal Pancreas	CC10	Normal Epithelial cells
PDACNP_10_ATATTTAACCCTCAAG-1	IU_PDA_NP11	Normal Pancreas	CC10	Normal Epithelial cells
PDACNP_10_ATCAAACACTGTTCCA-1	IU_PDA_NP11	Normal Pancreas	CC10	Normal Epithelial cells
PDACNP_10_ATCAAACGAAGGTTTG-1	IU_PDA_NP11	Normal Pancreas	CC10	Normal Epithelial cells
PDACNP_10_ATCAAAGAGCCGTGGT-1	IU_PDA_NP11	Normal Pancreas	CC10	Normal Epithelial cells
PDACNP_10_ATCAAGATCCCAGGAC-1	IU_PDA_NP11	Normal Pancreas	CC10	Normal Epithelial cells
PDACNP_10_ATCAATCTGGGCTGCA-1	IU_PDA_NP11	Normal Pancreas	CC10	Normal Epithelial cells
PDACNP_10_ATCAATGCCGTGGCTG-1	IU_PDA_NP11	Normal Pancreas	CC10	Normal Epithelial cells
PDACNP_10_ATCACATTAGAATATC-1	IU_PDA_NP11	Normal Pancreas	CC10	Normal Epithelial cells
PDACNP_10_ATCACGTGCTAATTAA-1	IU_PDA_NP11	Normal Pancreas	CC10	Normal Epithelial cells
PDACNP_10_ATCACTTCATCCTCGC-1	IU_PDA_NP11	Normal Pancreas	CC10	Normal Epithelial cells
PDACNP_10_ATCAGACGGCACGCCG-1	IU_PDA_NP11	Normal Pancreas	CC10	Normal Epithelial cells
PDACNP_10_ATCAGCCTCATGCTGC-1	IU_PDA_NP11	Normal Pancreas	CC10	Normal Epithelial cells
PDACNP_10_ATCAGCTCGTCCACTA-1	IU_PDA_NP11	Normal Pancreas	CC10	Normal Epithelial cells
PDACNP_10_ATCAGTAGGCAGGGAT-1	IU_PDA_NP11	Normal Pancreas	CC10	Normal Epithelial cells
PDACNP_10_ATCATAGATCGACGAG-1	IU_PDA_NP11	Normal Pancreas	CC10	Normal Epithelial cells
PDACNP_10_ATCATAGCCCTATGTA-1	IU_PDA_NP11	Normal Pancreas	CC10	Normal Epithelial cells
PDACNP_10_ATCATCCAATATTTGT-1	IU_PDA_NP11	Normal Pancreas	CC10	Normal Epithelial cells
PDACNP_10_ATCATGGACTACCGAC-1	IU_PDA_NP11	Normal Pancreas	CC10	Normal Epithelial cells
PDACNP_10_ATCATTGTACCGCATT-1	IU_PDA_NP11	Normal Pancreas	CC10	Normal Epithelial cells
PDACNP_10_ATCCAACGCAGTCATA-1	IU_PDA_NP11	Normal Pancreas	CC10	Normal Epithelial cells
PDACNP_10_ATCCAATGGAGGGTCC-1	IU_PDA_NP11	Normal Pancreas	CC10	Normal Epithelial cells
PDACNP_10_ATCCAATGGTACCGAA-1	IU_PDA_NP11	Normal Pancreas	CC10	Normal Epithelial cells
PDACNP_10_ATCCACATCGACAGAA-1	IU_PDA_NP11	Normal Pancreas	CC10	Normal Epithelial cells
PDACNP_10_ATCCAGAGCAACAACC-1	IU_PDA_NP11	Normal Pancreas	CC10	Normal Epithelial cells
PDACNP_10_ATCCAGGATTCGTGAA-1	IU_PDA_NP11	Normal Pancreas	CC10	Normal Epithelial cells
PDACNP_10_ATCCCATCCACAGCGC-1	IU_PDA_NP11	Normal Pancreas	CC10	Normal Epithelial cells
PDACNP_10_ATCCCATTTCCGTGGG-1	IU_PDA_NP11	Normal Pancreas	CC10	Normal Epithelial cells
PDACNP_10_ATCCTACCTAAGCTCT-1	IU_PDA_NP11	Normal Pancreas	CC10	Normal Epithelial cells
PDACNP_10_ATCCTGAATCGCTGCG-1	IU_PDA_NP11	Normal Pancreas	CC10	Normal Epithelial cells
PDACNP_10_ATCCTGCGTGGAATGG-1	IU_PDA_NP11	Normal Pancreas	CC10	Normal Epithelial cells
PDACNP_10_ATCGACCCAATACAGA-1	IU_PDA_NP11	Normal Pancreas	CC10	Normal Epithelial cells
PDACNP_10_ATCGACTCTTTCCGTT-1	IU_PDA_NP11	Normal Pancreas	CC10	Normal Epithelial cells
PDACNP_10_ATCGCACGATTGTTCA-1	IU_PDA_NP11	Normal Pancreas	CC10	Normal Epithelial cells
PDACNP_10_ATCGCACGCCGGGAGA-1	IU_PDA_NP11	Normal Pancreas	CC10	Normal Epithelial cells
PDACNP_10_ATCGCCAGTCAACATT-1	IU_PDA_NP11	Normal Pancreas	CC10	Normal Epithelial cells
PDACNP_10_ATCGCTGCGTGCAGCA-1	IU_PDA_NP11	Normal Pancreas	CC10	Normal Epithelial cells
PDACNP_10_ATCGGAGACAGACGGC-1	IU_PDA_NP11	Normal Pancreas	CC10	Normal Epithelial cells
PDACNP_10_ATCGGCAAGCAGTCCA-1	IU_PDA_NP11	Normal Pancreas	CC10	Normal Epithelial cells
PDACNP_10_ATCGGTTACCTAGTAA-1	IU_PDA_NP11	Normal Pancreas	CC10	Normal Epithelial cells
PDACNP_10_ATCGTCCAATCGAGTC-1	IU_PDA_NP11	Normal Pancreas	CC10	Normal Epithelial cells
PDACNP_10_ATCGTGGAAAGTCTGG-1	IU_PDA_NP11	Normal Pancreas	CC10	Normal Epithelial cells
PDACNP_10_ATCGTTAGCTAGCGGA-1	IU_PDA_NP11	Normal Pancreas	CC10	Normal Epithelial cells
PDACNP_10_ATCGTTCACTTTCGCC-1	IU_PDA_NP11	Normal Pancreas	CC10	Normal Epithelial cells
PDACNP_10_ATCTAATATCCTACGG-1	IU_PDA_NP11	Normal Pancreas	CC10	Normal Epithelial cells
PDACNP_10_ATCTACCATCTGCTCC-1	IU_PDA_NP11	Normal Pancreas	CC10	Normal Epithelial cells
PDACNP_10_ATCTAGCTTGTGAGGG-1	IU_PDA_NP11	Normal Pancreas	CC10	Normal Epithelial cells
PDACNP_10_ATCTCCCACGGAATAT-1	IU_PDA_NP11	Normal Pancreas	CC10	Normal Epithelial cells
PDACNP_10_ATCTCCCTGCAATCTA-1	IU_PDA_NP11	Normal Pancreas	CC10	Normal Epithelial cells
PDACNP_10_ATCTGACATGGAAGGA-1	IU_PDA_NP11	Normal Pancreas	CC10	Normal Epithelial cells
PDACNP_10_ATCTGATAGTGTCTTA-1	IU_PDA_NP11	Normal Pancreas	CC10	Normal Epithelial cells
PDACNP_10_ATCTGCACCTCTGCGA-1	IU_PDA_NP11	Normal Pancreas	CC10	Normal Epithelial cells
PDACNP_10_ATCTGCTGTTATCGCC-1	IU_PDA_NP11	Normal Pancreas	CC10	Normal Epithelial cells
PDACNP_10_ATCTGGGCTGTTCTTG-1	IU_PDA_NP11	Normal Pancreas	CC10	Normal Epithelial cells
PDACNP_10_ATCTGGTTAAGACTGT-1	IU_PDA_NP11	Normal Pancreas	CC10	Normal Epithelial cells
PDACNP_10_ATCTGTAATTGTACCC-1	IU_PDA_NP11	Normal Pancreas	CC10	Normal Epithelial cells
PDACNP_10_ATCTTAGGGCATTAAT-1	IU_PDA_NP11	Normal Pancreas	CC10	Normal Epithelial cells
PDACNP_10_ATCTTATCGCACACCC-1	IU_PDA_NP11	Normal Pancreas	CC10	Normal Epithelial cells
PDACNP_10_ATCTTGACCTGCAACG-1	IU_PDA_NP11	Normal Pancreas	CC10	Normal Epithelial cells
PDACNP_10_ATCTTGACTTGTCCAA-1	IU_PDA_NP11	Normal Pancreas	CC10	Normal Epithelial cells
PDACNP_10_ATGAAGCCAAGGAGCC-1	IU_PDA_NP11	Normal Pancreas	CC10	Normal Epithelial cells
PDACNP_10_ATGAAGTGGACCCAGC-1	IU_PDA_NP11	Normal Pancreas	CC10	Normal Epithelial cells
PDACNP_10_ATGACGCCGGCTCTAA-1	IU_PDA_NP11	Normal Pancreas	CC10	Normal Epithelial cells
PDACNP_10_ATGACGCGTTCTATCC-1	IU_PDA_NP11	Normal Pancreas	CC10	Normal Epithelial cells
PDACNP_10_ATGACTATCAGCTGTG-1	IU_PDA_NP11	Normal Pancreas	CC10	Normal Epithelial cells
PDACNP_10_ATGACTATGCGACATT-1	IU_PDA_NP11	Normal Pancreas	CC10	Normal Epithelial cells
PDACNP_10_ATGAGGAGTGTTAATC-1	IU_PDA_NP11	Normal Pancreas	CC10	Normal Epithelial cells
PDACNP_10_ATGATCGGGAATAGAC-1	IU_PDA_NP11	Normal Pancreas	CC10	Normal Epithelial cells
PDACNP_10_ATGATGCAATGGTACA-1	IU_PDA_NP11	Normal Pancreas	CC10	Normal Epithelial cells
PDACNP_10_ATGCACCTTCCTTAAT-1	IU_PDA_NP11	Normal Pancreas	CC10	Normal Epithelial cells
PDACNP_10_ATGCACGCGCTGTTCA-1	IU_PDA_NP11	Normal Pancreas	CC10	Normal Epithelial cells
PDACNP_10_ATGCACTACCGCATTG-1	IU_PDA_NP11	Normal Pancreas	CC10	Normal Epithelial cells
PDACNP_10_ATGCATGATCCAGGAT-1	IU_PDA_NP11	Normal Pancreas	CC10	Normal Epithelial cells
PDACNP_10_ATGCCAATCGCTCTGC-1	IU_PDA_NP11	Normal Pancreas	CC10	Normal Epithelial cells
PDACNP_10_ATGCCATTTGCGACCA-1	IU_PDA_NP11	Normal Pancreas	CC10	Normal Epithelial cells
PDACNP_10_ATGCCGGTCTTGCATA-1	IU_PDA_NP11	Normal Pancreas	CC10	Normal Epithelial cells
PDACNP_10_ATGCCGGTTGATGGGA-1	IU_PDA_NP11	Normal Pancreas	CC10	Normal Epithelial cells
PDACNP_10_ATGCGACAATTGGTCC-1	IU_PDA_NP11	Normal Pancreas	CC10	Normal Epithelial cells
PDACNP_10_ATGCGACAGTCCCATT-1	IU_PDA_NP11	Normal Pancreas	CC10	Normal Epithelial cells
PDACNP_10_ATGCGAGTCCCACCAC-1	IU_PDA_NP11	Normal Pancreas	CC10	Normal Epithelial cells
PDACNP_10_ATGCTCAGTGTTGCAT-1	IU_PDA_NP11	Normal Pancreas	CC10	Normal Epithelial cells
PDACNP_10_ATGCTCTGGCGCGGTA-1	IU_PDA_NP11	Normal Pancreas	CC10	Normal Epithelial cells
PDACNP_10_ATGGAAATTTAAGGAG-1	IU_PDA_NP11	Normal Pancreas	CC10	Normal Epithelial cells
PDACNP_10_ATGGACTGCTTAGTTG-1	IU_PDA_NP11	Normal Pancreas	CC10	Normal Epithelial cells
PDACNP_10_ATGGAGCAGGCCGTGA-1	IU_PDA_NP11	Normal Pancreas	CC10	Normal Epithelial cells
PDACNP_10_ATGGATCCGGCGTCCG-1	IU_PDA_NP11	Normal Pancreas	CC10	Normal Epithelial cells
PDACNP_10_ATGGATTGACCAAACG-1	IU_PDA_NP11	Normal Pancreas	CC10	Normal Epithelial cells
PDACNP_10_ATGGCAGCATTACGAT-1	IU_PDA_NP11	Normal Pancreas	CC10	Normal Epithelial cells
PDACNP_10_ATGGCAGCCGAGAAAC-1	IU_PDA_NP11	Normal Pancreas	CC10	Normal Epithelial cells
PDACNP_10_ATGGGACCTGCTGAAC-1	IU_PDA_NP11	Normal Pancreas	CC10	Normal Epithelial cells
PDACNP_10_ATGGGCCTCGGCCTCT-1	IU_PDA_NP11	Normal Pancreas	CC10	Normal Epithelial cells
PDACNP_10_ATGGGTGTATACCTCC-1	IU_PDA_NP11	Normal Pancreas	CC10	Normal Epithelial cells
PDACNP_10_ATGGTATTGGGAACCG-1	IU_PDA_NP11	Normal Pancreas	CC10	Normal Epithelial cells
PDACNP_10_ATGGTATTTACTGATT-1	IU_PDA_NP11	Normal Pancreas	CC10	Normal Epithelial cells
PDACNP_10_ATGGTCGCGTGGTTTC-1	IU_PDA_NP11	Normal Pancreas	CC10	Normal Epithelial cells
PDACNP_10_ATGTAAGGCTGCTCTT-1	IU_PDA_NP11	Normal Pancreas	CC10	Normal Epithelial cells
PDACNP_10_ATGTACGATGACGTCG-1	IU_PDA_NP11	Normal Pancreas	CC10	Normal Epithelial cells
PDACNP_10_ATGTAGCGCGCGTAGG-1	IU_PDA_NP11	Normal Pancreas	CC10	Normal Epithelial cells
PDACNP_10_ATGTCTTGTTTGACTC-1	IU_PDA_NP11	Normal Pancreas	CC10	Normal Epithelial cells
PDACNP_10_ATGTGAAAGCCTAATG-1	IU_PDA_NP11	Normal Pancreas	CC10	Normal Epithelial cells
PDACNP_10_ATGTGCATCCGACGCA-1	IU_PDA_NP11	Normal Pancreas	CC10	Normal Epithelial cells
PDACNP_10_ATGTGGACATCTTGAT-1	IU_PDA_NP11	Normal Pancreas	CC10	Normal Epithelial cells
PDACNP_10_ATGTTACGAGCAATAC-1	IU_PDA_NP11	Normal Pancreas	CC10	Normal Epithelial cells
PDACNP_10_ATGTTCCTGCCCACCT-1	IU_PDA_NP11	Normal Pancreas	CC10	Normal Epithelial cells
PDACNP_10_ATGTTCGTCGACCCAC-1	IU_PDA_NP11	Normal Pancreas	CC10	Normal Epithelial cells
PDACNP_10_ATGTTGATTAGAGACT-1	IU_PDA_NP11	Normal Pancreas	CC10	Normal Epithelial cells
PDACNP_10_ATGTTGTAGTCTGTTT-1	IU_PDA_NP11	Normal Pancreas	CC10	Normal Epithelial cells
PDACNP_10_ATTAAACATGCGGACC-1	IU_PDA_NP11	Normal Pancreas	CC10	Normal Epithelial cells
PDACNP_10_ATTAATACTACGCGGG-1	IU_PDA_NP11	Normal Pancreas	CC10	Normal Epithelial cells
PDACNP_10_ATTAATGAACCAGTCG-1	IU_PDA_NP11	Normal Pancreas	CC10	Normal Epithelial cells
PDACNP_10_ATTAATTCGGTCACTC-1	IU_PDA_NP11	Normal Pancreas	CC10	Normal Epithelial cells
PDACNP_10_ATTACAACTACCGGCC-1	IU_PDA_NP11	Normal Pancreas	CC3	Normal Epithelial cells
PDACNP_10_ATTACATGTCAGTCTT-1	IU_PDA_NP11	Normal Pancreas	CC10	Normal Epithelial cells
PDACNP_10_ATTACGCGCTGGCAGG-1	IU_PDA_NP11	Normal Pancreas	CC10	Normal Epithelial cells
PDACNP_10_ATTACTAGCCTCTTGC-1	IU_PDA_NP11	Normal Pancreas	CC10	Normal Epithelial cells
PDACNP_10_ATTACTTACTGGGCAT-1	IU_PDA_NP11	Normal Pancreas	CC10	Normal Epithelial cells
PDACNP_10_ATTAGATTCCTCAGCA-1	IU_PDA_NP11	Normal Pancreas	CC10	Normal Epithelial cells
PDACNP_10_ATTAGATTGATAGCGG-1	IU_PDA_NP11	Normal Pancreas	CC10	Normal Epithelial cells
PDACNP_10_ATTAGGCGATGCTTTC-1	IU_PDA_NP11	Normal Pancreas	CC10	Normal Epithelial cells
PDACNP_10_ATTATACTTTGCTCGT-1	IU_PDA_NP11	Normal Pancreas	CC10	Normal Epithelial cells
PDACNP_10_ATTATAGCTACTTTAC-1	IU_PDA_NP11	Normal Pancreas	CC10	Normal Epithelial cells
PDACNP_10_ATTATCGGAATGTACG-1	IU_PDA_NP11	Normal Pancreas	CC10	Normal Epithelial cells
PDACNP_10_ATTATGAGACCCAATT-1	IU_PDA_NP11	Normal Pancreas	CC10	Normal Epithelial cells
PDACNP_10_ATTATGCCATAGGGAG-1	IU_PDA_NP11	Normal Pancreas	CC10	Normal Epithelial cells
PDACNP_10_ATTATTATGTCCGTCA-1	IU_PDA_NP11	Normal Pancreas	CC10	Normal Epithelial cells
PDACNP_10_ATTATTCAGAGTCACT-1	IU_PDA_NP11	Normal Pancreas	CC10	Normal Epithelial cells
PDACNP_10_ATTCAACCATTTAAGG-1	IU_PDA_NP11	Normal Pancreas	CC10	Normal Epithelial cells
PDACNP_10_ATTCACTGATGTTGGA-1	IU_PDA_NP11	Normal Pancreas	CC10	Normal Epithelial cells
PDACNP_10_ATTCAGGACCTATTTC-1	IU_PDA_NP11	Normal Pancreas	CC10	Normal Epithelial cells
PDACNP_10_ATTCAGTAGCAGGGTC-1	IU_PDA_NP11	Normal Pancreas	CC10	Normal Epithelial cells
PDACNP_10_ATTCATATACTGTCCA-1	IU_PDA_NP11	Normal Pancreas	CC10	Normal Epithelial cells
PDACNP_10_ATTCATCGTTGAGGCA-1	IU_PDA_NP11	Normal Pancreas	CC10	Normal Epithelial cells
PDACNP_10_ATTCCCACATAAACAA-1	IU_PDA_NP11	Normal Pancreas	CC10	Normal Epithelial cells
PDACNP_10_ATTCCCGAAGGTACAG-1	IU_PDA_NP11	Normal Pancreas	CC10	Normal Epithelial cells
PDACNP_10_ATTCCTAAGACGTGGA-1	IU_PDA_NP11	Normal Pancreas	CC10	Normal Epithelial cells
PDACNP_10_ATTCCTCCGCCAGTGC-1	IU_PDA_NP11	Normal Pancreas	CC10	Normal Epithelial cells
PDACNP_10_ATTCCTTCCAGGCGGT-1	IU_PDA_NP11	Normal Pancreas	CC10	Normal Epithelial cells
PDACNP_10_ATTCGACGCCGGGCCT-1	IU_PDA_NP11	Normal Pancreas	CC10	Normal Epithelial cells
PDACNP_10_ATTCGCGCCTTGAGAG-1	IU_PDA_NP11	Normal Pancreas	CC10	Normal Epithelial cells
PDACNP_10_ATTCGTGCTATCTCTT-1	IU_PDA_NP11	Normal Pancreas	CC10	Normal Epithelial cells
PDACNP_10_ATTCGTTTATCGTATT-1	IU_PDA_NP11	Normal Pancreas	CC10	Normal Epithelial cells
PDACNP_10_ATTCTCGTCTCTTTAG-1	IU_PDA_NP11	Normal Pancreas	CC10	Normal Epithelial cells
PDACNP_10_ATTGAAGATCTTAGTG-1	IU_PDA_NP11	Normal Pancreas	CC10	Normal Epithelial cells
PDACNP_10_ATTGACCGGCGATGAC-1	IU_PDA_NP11	Normal Pancreas	CC10	Normal Epithelial cells
PDACNP_10_ATTGATAGCAACGAGA-1	IU_PDA_NP11	Normal Pancreas	CC10	Normal Epithelial cells
PDACNP_10_ATTGATCACCACATTT-1	IU_PDA_NP11	Normal Pancreas	CC10	Normal Epithelial cells
PDACNP_10_ATTGATGAGTCCTAAC-1	IU_PDA_NP11	Normal Pancreas	CC10	Normal Epithelial cells
PDACNP_10_ATTGCCTATTAGACCG-1	IU_PDA_NP11	Normal Pancreas	CC10	Normal Epithelial cells
PDACNP_10_ATTGCCTTTATGTTTG-1	IU_PDA_NP11	Normal Pancreas	CC10	Normal Epithelial cells
PDACNP_10_ATTGCGATCAGTAACT-1	IU_PDA_NP11	Normal Pancreas	CC10	Normal Epithelial cells
PDACNP_10_ATTGCTGCTCCTCCAT-1	IU_PDA_NP11	Normal Pancreas	CC10	Normal Epithelial cells
PDACNP_10_ATTGGATTACAGCGTA-1	IU_PDA_NP11	Normal Pancreas	CC10	Normal Epithelial cells
PDACNP_10_ATTGGGAATATCTTGG-1	IU_PDA_NP11	Normal Pancreas	CC10	Normal Epithelial cells
PDACNP_10_ATTGGTAGGATCCGCT-1	IU_PDA_NP11	Normal Pancreas	CC10	Normal Epithelial cells
PDACNP_10_ATTGGTTGTGCATTAC-1	IU_PDA_NP11	Normal Pancreas	CC10	Normal Epithelial cells
PDACNP_10_ATTGTACAACTCGGCT-1	IU_PDA_NP11	Normal Pancreas	CC10	Normal Epithelial cells
PDACNP_10_ATTGTCGCAATACCTT-1	IU_PDA_NP11	Normal Pancreas	CC2	Normal Epithelial cells
PDACNP_10_ATTGTCTGTTTCATGT-1	IU_PDA_NP11	Normal Pancreas	CC10	Normal Epithelial cells
PDACNP_10_ATTGTGACTTCGCTGC-1	IU_PDA_NP11	Normal Pancreas	CC10	Normal Epithelial cells
PDACNP_10_ATTTAACTCGTATTAC-1	IU_PDA_NP11	Normal Pancreas	CC10	Normal Epithelial cells
PDACNP_10_ATTTACAGTTTACTGG-1	IU_PDA_NP11	Normal Pancreas	CC10	Normal Epithelial cells
PDACNP_10_ATTTACTAAGTCCATT-1	IU_PDA_NP11	Normal Pancreas	CC10	Normal Epithelial cells
PDACNP_10_ATTTATACTGGTAAAG-1	IU_PDA_NP11	Normal Pancreas	CC10	Normal Epithelial cells
PDACNP_10_ATTTCATTATTTCGCG-1	IU_PDA_NP11	Normal Pancreas	CC10	Normal Epithelial cells
PDACNP_10_ATTTCCGGGTTCTGCG-1	IU_PDA_NP11	Normal Pancreas	CC10	Normal Epithelial cells
PDACNP_10_ATTTGCGCGAGTAGCT-1	IU_PDA_NP11	Normal Pancreas	CC10	Normal Epithelial cells
PDACNP_10_ATTTGGAGATTGCGGT-1	IU_PDA_NP11	Normal Pancreas	CC10	Normal Epithelial cells
PDACNP_10_ATTTGTCTTGGGAGCT-1	IU_PDA_NP11	Normal Pancreas	CC10	Normal Epithelial cells
PDACNP_10_ATTTGTTCCAGGGCTC-1	IU_PDA_NP11	Normal Pancreas	CC10	Normal Epithelial cells
PDACNP_10_CAAACCCTCCGGCGGG-1	IU_PDA_NP11	Normal Pancreas	CC10	Normal Epithelial cells
PDACNP_10_CAAACGAGTATCGCAG-1	IU_PDA_NP11	Normal Pancreas	CC10	Normal Epithelial cells
PDACNP_10_CAAACGGTCGCACTTT-1	IU_PDA_NP11	Normal Pancreas	CC10	Normal Epithelial cells
PDACNP_10_CAAACTACGATAGAGA-1	IU_PDA_NP11	Normal Pancreas	CC2	Normal Epithelial cells
PDACNP_10_CAAACTATTGAGCTTC-1	IU_PDA_NP11	Normal Pancreas	CC10	Normal Epithelial cells
PDACNP_10_CAAACTCGCGACGCCG-1	IU_PDA_NP11	Normal Pancreas	CC10	Normal Epithelial cells
PDACNP_10_CAAAGATTATTGGGCC-1	IU_PDA_NP11	Normal Pancreas	CC10	Normal Epithelial cells
PDACNP_10_CAAAGTCAGGTTAGCT-1	IU_PDA_NP11	Normal Pancreas	CC10	Normal Epithelial cells
PDACNP_10_CAAATCTCTCACAAGG-1	IU_PDA_NP11	Normal Pancreas	CC10	Normal Epithelial cells
PDACNP_10_CAAATGTCCTTCCGTG-1	IU_PDA_NP11	Normal Pancreas	CC10	Normal Epithelial cells
PDACNP_10_CAAATTGGATTATGCC-1	IU_PDA_NP11	Normal Pancreas	CC10	Normal Epithelial cells
PDACNP_10_CAAATTGTCAGCAAGC-1	IU_PDA_NP11	Normal Pancreas	CC10	Normal Epithelial cells
PDACNP_10_CAACATGGCCTGATAA-1	IU_PDA_NP11	Normal Pancreas	CC10	Normal Epithelial cells
PDACNP_10_CAACCTACCGAGCAGT-1	IU_PDA_NP11	Normal Pancreas	CC10	Normal Epithelial cells
PDACNP_10_CAACGACCCGTTTACA-1	IU_PDA_NP11	Normal Pancreas	CC10	Normal Epithelial cells
PDACNP_10_CAACGAGCTTATTATG-1	IU_PDA_NP11	Normal Pancreas	CC10	Normal Epithelial cells
PDACNP_10_CAACGCGATGAGCCAA-1	IU_PDA_NP11	Normal Pancreas	CC10	Normal Epithelial cells
PDACNP_10_CAACGGTTCTTGATAC-1	IU_PDA_NP11	Normal Pancreas	CC10	Normal Epithelial cells
PDACNP_10_CAACTATATCGAATGC-1	IU_PDA_NP11	Normal Pancreas	CC10	Normal Epithelial cells
PDACNP_10_CAACTCCTTGATCCCG-1	IU_PDA_NP11	Normal Pancreas	CC10	Normal Epithelial cells
PDACNP_10_CAACTGCTCATCCGAT-1	IU_PDA_NP11	Normal Pancreas	CC10	Normal Epithelial cells
PDACNP_10_CAACTTGTAGTGGGCA-1	IU_PDA_NP11	Normal Pancreas	CC10	Normal Epithelial cells
PDACNP_10_CAAGAGGGCGGAGTAC-1	IU_PDA_NP11	Normal Pancreas	CC10	Normal Epithelial cells
PDACNP_10_CAAGATATTATAACGT-1	IU_PDA_NP11	Normal Pancreas	CC10	Normal Epithelial cells
PDACNP_10_CAAGCAACGTCGGAGT-1	IU_PDA_NP11	Normal Pancreas	CC10	Normal Epithelial cells
PDACNP_10_CAAGCACCAAATGCCT-1	IU_PDA_NP11	Normal Pancreas	CC10	Normal Epithelial cells
PDACNP_10_CAAGCGGCACATAATT-1	IU_PDA_NP11	Normal Pancreas	CC10	Normal Epithelial cells
PDACNP_10_CAAGGATCGCATGTTC-1	IU_PDA_NP11	Normal Pancreas	CC10	Normal Epithelial cells
PDACNP_10_CAAGGCCAGTGGTGCA-1	IU_PDA_NP11	Normal Pancreas	CC10	Normal Epithelial cells
PDACNP_10_CAAGGTCCTATAGGCT-1	IU_PDA_NP11	Normal Pancreas	CC10	Normal Epithelial cells
PDACNP_10_CAAGTAAGTGATAGAC-1	IU_PDA_NP11	Normal Pancreas	CC10	Normal Epithelial cells
PDACNP_10_CAAGTCGTTGAAATCT-1	IU_PDA_NP11	Normal Pancreas	CC10	Normal Epithelial cells
PDACNP_10_CAAGTGTGGTTGCAAA-1	IU_PDA_NP11	Normal Pancreas	CC10	Normal Epithelial cells
PDACNP_10_CAATAAACCTTGGCCC-1	IU_PDA_NP11	Normal Pancreas	CC10	Normal Epithelial cells
PDACNP_10_CAATACGCTCTGAGGC-1	IU_PDA_NP11	Normal Pancreas	CC10	Normal Epithelial cells
PDACNP_10_CAATATTCTTGACCTA-1	IU_PDA_NP11	Normal Pancreas	CC10	Normal Epithelial cells
PDACNP_10_CAATATTGGACTAGTG-1	IU_PDA_NP11	Normal Pancreas	CC10	Normal Epithelial cells
PDACNP_10_CAATCCCTATACCAGC-1	IU_PDA_NP11	Normal Pancreas	CC3	Normal Epithelial cells
PDACNP_10_CAATCCTGCCGTGGAG-1	IU_PDA_NP11	Normal Pancreas	CC10	Normal Epithelial cells
PDACNP_10_CAATGACCCTTAATTT-1	IU_PDA_NP11	Normal Pancreas	CC10	Normal Epithelial cells
PDACNP_10_CAATGCGAGAAGTATC-1	IU_PDA_NP11	Normal Pancreas	CC10	Normal Epithelial cells
PDACNP_10_CAATGGATCTCTACCA-1	IU_PDA_NP11	Normal Pancreas	CC10	Normal Epithelial cells
PDACNP_10_CAATTAAGGGTGATGA-1	IU_PDA_NP11	Normal Pancreas	CC10	Normal Epithelial cells
PDACNP_10_CAATTGGGCCGCACTC-1	IU_PDA_NP11	Normal Pancreas	CC10	Normal Epithelial cells
PDACNP_10_CAATTTCGTATAAGGG-1	IU_PDA_NP11	Normal Pancreas	CC10	Normal Epithelial cells
PDACNP_10_CAATTTGACCGGGAAG-1	IU_PDA_NP11	Normal Pancreas	CC10	Normal Epithelial cells
PDACNP_10_CACAAGAAAGATATTA-1	IU_PDA_NP11	Normal Pancreas	CC10	Normal Epithelial cells
PDACNP_10_CACAAGCTAAGAAAGG-1	IU_PDA_NP11	Normal Pancreas	CC10	Normal Epithelial cells
PDACNP_10_CACAATGAGCTGCTAT-1	IU_PDA_NP11	Normal Pancreas	CC10	Normal Epithelial cells
PDACNP_10_CACACACGCTAACGAG-1	IU_PDA_NP11	Normal Pancreas	CC10	Normal Epithelial cells
PDACNP_10_CACACAGGGATAGATT-1	IU_PDA_NP11	Normal Pancreas	CC10	Normal Epithelial cells
PDACNP_10_CACACGCGCTGTCTTA-1	IU_PDA_NP11	Normal Pancreas	CC10	Normal Epithelial cells
PDACNP_10_CACAGAGACGAGGACG-1	IU_PDA_NP11	Normal Pancreas	CC10	Normal Epithelial cells
PDACNP_10_CACAGCACCCACGGCA-1	IU_PDA_NP11	Normal Pancreas	CC10	Normal Epithelial cells
PDACNP_10_CACAGCTAGGGAGTGA-1	IU_PDA_NP11	Normal Pancreas	CC10	Normal Epithelial cells
PDACNP_10_CACAGGGCCATATAGT-1	IU_PDA_NP11	Normal Pancreas	CC10	Normal Epithelial cells
PDACNP_10_CACAGGGCCGTTGTCA-1	IU_PDA_NP11	Normal Pancreas	CC10	Normal Epithelial cells
PDACNP_10_CACATATTAGCAGGAT-1	IU_PDA_NP11	Normal Pancreas	CC10	Normal Epithelial cells
PDACNP_10_CACATCGTGCACGCGC-1	IU_PDA_NP11	Normal Pancreas	CC10	Normal Epithelial cells
PDACNP_10_CACATCTCACCGACGA-1	IU_PDA_NP11	Normal Pancreas	CC10	Normal Epithelial cells
PDACNP_10_CACATGATTCAGCAAC-1	IU_PDA_NP11	Normal Pancreas	CC10	Normal Epithelial cells
PDACNP_10_CACATGTTTGGACATG-1	IU_PDA_NP11	Normal Pancreas	CC10	Normal Epithelial cells
PDACNP_10_CACATTCTTTCGATGG-1	IU_PDA_NP11	Normal Pancreas	CC10	Normal Epithelial cells
PDACNP_10_CACATTTCTTGTCAGA-1	IU_PDA_NP11	Normal Pancreas	CC10	Normal Epithelial cells
PDACNP_10_CACCAATCATCCGTCT-1	IU_PDA_NP11	Normal Pancreas	CC10	Normal Epithelial cells
PDACNP_10_CACCACGCCACACAGA-1	IU_PDA_NP11	Normal Pancreas	CC10	Normal Epithelial cells
PDACNP_10_CACCAGTCAGCATGCA-1	IU_PDA_NP11	Normal Pancreas	CC10	Normal Epithelial cells
PDACNP_10_CACCATCGGAGGAGAC-1	IU_PDA_NP11	Normal Pancreas	CC10	Normal Epithelial cells
PDACNP_10_CACCATGATCGCAAAG-1	IU_PDA_NP11	Normal Pancreas	CC10	Normal Epithelial cells
PDACNP_10_CACCCAAATCTTATGT-1	IU_PDA_NP11	Normal Pancreas	CC10	Normal Epithelial cells
PDACNP_10_CACCCACACGTCACCC-1	IU_PDA_NP11	Normal Pancreas	CC10	Normal Epithelial cells
PDACNP_10_CACCCACGAGGCAATT-1	IU_PDA_NP11	Normal Pancreas	CC10	Normal Epithelial cells
PDACNP_10_CACCCGGTTTGTGACT-1	IU_PDA_NP11	Normal Pancreas	CC10	Normal Epithelial cells
PDACNP_10_CACCCTAACAAGATCT-1	IU_PDA_NP11	Normal Pancreas	CC10	Normal Epithelial cells
PDACNP_10_CACCCTTGGTGAGACC-1	IU_PDA_NP11	Normal Pancreas	CC10	Normal Epithelial cells
PDACNP_10_CACCCTTTCCTCGCTC-1	IU_PDA_NP11	Normal Pancreas	CC10	Normal Epithelial cells
PDACNP_10_CACCGATACACCGAGC-1	IU_PDA_NP11	Normal Pancreas	CC10	Normal Epithelial cells
PDACNP_10_CACCGCCAGAAGGTTT-1	IU_PDA_NP11	Normal Pancreas	CC10	Normal Epithelial cells
PDACNP_10_CACCGCCGACCAGCGA-1	IU_PDA_NP11	Normal Pancreas	CC10	Normal Epithelial cells
PDACNP_10_CACCGCGTCCACTCTA-1	IU_PDA_NP11	Normal Pancreas	CC10	Normal Epithelial cells
PDACNP_10_CACCGGGCATCACAAG-1	IU_PDA_NP11	Normal Pancreas	CC10	Normal Epithelial cells
PDACNP_10_CACCGGTAGAGACATT-1	IU_PDA_NP11	Normal Pancreas	CC10	Normal Epithelial cells
PDACNP_10_CACCGTATCCCATCCG-1	IU_PDA_NP11	Normal Pancreas	CC10	Normal Epithelial cells
PDACNP_10_CACCGTTAGGGATCAC-1	IU_PDA_NP11	Normal Pancreas	CC10	Normal Epithelial cells
PDACNP_10_CACCGTTGCGCGATAT-1	IU_PDA_NP11	Normal Pancreas	CC10	Normal Epithelial cells
PDACNP_10_CACCTAATAGAGTCGT-1	IU_PDA_NP11	Normal Pancreas	CC10	Normal Epithelial cells
PDACNP_10_CACCTAATCAGTTTAC-1	IU_PDA_NP11	Normal Pancreas	CC10	Normal Epithelial cells
PDACNP_10_CACCTCGATGGTGGAC-1	IU_PDA_NP11	Normal Pancreas	CC10	Normal Epithelial cells
PDACNP_10_CACCTTGCGAAACTCG-1	IU_PDA_NP11	Normal Pancreas	CC10	Normal Epithelial cells
PDACNP_10_CACCTTGGCGCCTTTG-1	IU_PDA_NP11	Normal Pancreas	CC10	Normal Epithelial cells
PDACNP_10_CACGAAAGTTAGTCCC-1	IU_PDA_NP11	Normal Pancreas	CC10	Normal Epithelial cells
PDACNP_10_CACGAGCAAACCAGAC-1	IU_PDA_NP11	Normal Pancreas	CC10	Normal Epithelial cells
PDACNP_10_CACGCACAGCGCAGCT-1	IU_PDA_NP11	Normal Pancreas	CC10	Normal Epithelial cells
PDACNP_10_CACGCAGCGAGGCTTT-1	IU_PDA_NP11	Normal Pancreas	CC10	Normal Epithelial cells
PDACNP_10_CACGCGGAACTGTTGC-1	IU_PDA_NP11	Normal Pancreas	CC10	Normal Epithelial cells
PDACNP_10_CACGGCGCGCCAAAGG-1	IU_PDA_NP11	Normal Pancreas	CC10	Normal Epithelial cells
PDACNP_10_CACGGGATTGAGGGTT-1	IU_PDA_NP11	Normal Pancreas	CC10	Normal Epithelial cells
PDACNP_10_CACGTCGGCAACCTCT-1	IU_PDA_NP11	Normal Pancreas	CC10	Normal Epithelial cells
PDACNP_10_CACGTTCGTGCTCTAG-1	IU_PDA_NP11	Normal Pancreas	CC10	Normal Epithelial cells
PDACNP_10_CACGTTTCGTACACAC-1	IU_PDA_NP11	Normal Pancreas	CC10	Normal Epithelial cells
PDACNP_10_CACTAAAGTTGCCTAT-1	IU_PDA_NP11	Normal Pancreas	CC10	Normal Epithelial cells
PDACNP_10_CACTACGGGAGCTGCC-1	IU_PDA_NP11	Normal Pancreas	CC10	Normal Epithelial cells
PDACNP_10_CACTCAAGAGCTATGG-1	IU_PDA_NP11	Normal Pancreas	CC10	Normal Epithelial cells
PDACNP_10_CACTCAGCTCTTGAGG-1	IU_PDA_NP11	Normal Pancreas	CC10	Normal Epithelial cells
PDACNP_10_CACTCCTATGTAAGAT-1	IU_PDA_NP11	Normal Pancreas	CC10	Normal Epithelial cells
PDACNP_10_CACTCCTCTCGGTCGG-1	IU_PDA_NP11	Normal Pancreas	CC2	Normal Epithelial cells
PDACNP_10_CACTCGAGCTGAACAA-1	IU_PDA_NP11	Normal Pancreas	CC10	Normal Epithelial cells
PDACNP_10_CACTCGGTTAGGAGGA-1	IU_PDA_NP11	Normal Pancreas	CC10	Normal Epithelial cells
PDACNP_10_CACTCTCAAGCATCGA-1	IU_PDA_NP11	Normal Pancreas	CC10	Normal Epithelial cells
PDACNP_10_CACTCTTCTGCTAGCC-1	IU_PDA_NP11	Normal Pancreas	CC10	Normal Epithelial cells
PDACNP_10_CACTGACGATTGTGGA-1	IU_PDA_NP11	Normal Pancreas	CC10	Normal Epithelial cells
PDACNP_10_CACTGTCCAAGTGAGA-1	IU_PDA_NP11	Normal Pancreas	CC10	Normal Epithelial cells
PDACNP_10_CACTTAATCAGACGGA-1	IU_PDA_NP11	Normal Pancreas	CC10	Normal Epithelial cells
PDACNP_10_CACTTCGCCACAGGCT-1	IU_PDA_NP11	Normal Pancreas	CC10	Normal Epithelial cells
PDACNP_10_CACTTCGTCTTATCTC-1	IU_PDA_NP11	Normal Pancreas	CC10	Normal Epithelial cells
PDACNP_10_CAGAACTTAGCCCTCT-1	IU_PDA_NP11	Normal Pancreas	CC10	Normal Epithelial cells
PDACNP_10_CAGAATAACACACGGA-1	IU_PDA_NP11	Normal Pancreas	CC10	Normal Epithelial cells
PDACNP_10_CAGACACCGATCGCTG-1	IU_PDA_NP11	Normal Pancreas	CC10	Normal Epithelial cells
PDACNP_10_CAGACCTGTAAGTGTT-1	IU_PDA_NP11	Normal Pancreas	CC10	Normal Epithelial cells
PDACNP_10_CAGACGAACCTGATAC-1	IU_PDA_NP11	Normal Pancreas	CC10	Normal Epithelial cells
PDACNP_10_CAGAGACGGTCACCCA-1	IU_PDA_NP11	Normal Pancreas	CC10	Normal Epithelial cells
PDACNP_10_CAGAGCATGAGCTTGC-1	IU_PDA_NP11	Normal Pancreas	CC10	Normal Epithelial cells
PDACNP_10_CAGAGGCGATGCATGA-1	IU_PDA_NP11	Normal Pancreas	CC10	Normal Epithelial cells
PDACNP_10_CAGAGTGATTTAACGT-1	IU_PDA_NP11	Normal Pancreas	CC10	Normal Epithelial cells
PDACNP_10_CAGATAATGGGCGGGT-1	IU_PDA_NP11	Normal Pancreas	CC10	Normal Epithelial cells
PDACNP_10_CAGATACTAACATAGT-1	IU_PDA_NP11	Normal Pancreas	CC10	Normal Epithelial cells
PDACNP_10_CAGATATGAAGATGAC-1	IU_PDA_NP11	Normal Pancreas	CC10	Normal Epithelial cells
PDACNP_10_CAGATCATTTAAAGTC-1	IU_PDA_NP11	Normal Pancreas	CC10	Normal Epithelial cells
PDACNP_10_CAGATCCTGGTTTGAA-1	IU_PDA_NP11	Normal Pancreas	CC10	Normal Epithelial cells
PDACNP_10_CAGATGTTTGTCCCAA-1	IU_PDA_NP11	Normal Pancreas	CC10	Normal Epithelial cells
PDACNP_10_CAGCAGCCCGTTCCTT-1	IU_PDA_NP11	Normal Pancreas	CC10	Normal Epithelial cells
PDACNP_10_CAGCAGTCCAGACTAT-1	IU_PDA_NP11	Normal Pancreas	CC10	Normal Epithelial cells
PDACNP_10_CAGCAGTCTGTGCTGC-1	IU_PDA_NP11	Normal Pancreas	CC10	Normal Epithelial cells
PDACNP_10_CAGCCGGGCCCTCTAT-1	IU_PDA_NP11	Normal Pancreas	CC3	Normal Epithelial cells
PDACNP_10_CAGCCTCCTGCAGAGG-1	IU_PDA_NP11	Normal Pancreas	CC10	Normal Epithelial cells
PDACNP_10_CAGCCTCTCCTCAAGA-1	IU_PDA_NP11	Normal Pancreas	CC10	Normal Epithelial cells
PDACNP_10_CAGCGATTCCCTTCAA-1	IU_PDA_NP11	Normal Pancreas	CC10	Normal Epithelial cells
PDACNP_10_CAGCGCCAACACGATA-1	IU_PDA_NP11	Normal Pancreas	CC10	Normal Epithelial cells
PDACNP_10_CAGCTCACTGAGACAT-1	IU_PDA_NP11	Normal Pancreas	CC10	Normal Epithelial cells
PDACNP_10_CAGCTCGACAAGTTAA-1	IU_PDA_NP11	Normal Pancreas	CC10	Normal Epithelial cells
PDACNP_10_CAGCTCGTGCTTGTGT-1	IU_PDA_NP11	Normal Pancreas	CC10	Normal Epithelial cells
PDACNP_10_CAGCTCTGGGCTCACT-1	IU_PDA_NP11	Normal Pancreas	CC10	Normal Epithelial cells
PDACNP_10_CAGCTGGCGTAACCGT-1	IU_PDA_NP11	Normal Pancreas	CC10	Normal Epithelial cells
PDACNP_10_CAGCTTAGTAGGTAGC-1	IU_PDA_NP11	Normal Pancreas	CC10	Normal Epithelial cells
PDACNP_10_CAGGAAGACTTTATAT-1	IU_PDA_NP11	Normal Pancreas	CC3	Normal Epithelial cells
PDACNP_10_CAGGATATATCGTTGT-1	IU_PDA_NP11	Normal Pancreas	CC10	Normal Epithelial cells
PDACNP_10_CAGGCAGTCTTACCAG-1	IU_PDA_NP11	Normal Pancreas	CC10	Normal Epithelial cells
PDACNP_10_CAGGCCAGTACCACCT-1	IU_PDA_NP11	Normal Pancreas	CC10	Normal Epithelial cells
PDACNP_10_CAGGCCGTTTGGGTGT-1	IU_PDA_NP11	Normal Pancreas	CC10	Normal Epithelial cells
PDACNP_10_CAGGCGCACGGTGGTC-1	IU_PDA_NP11	Normal Pancreas	CC10	Normal Epithelial cells
PDACNP_10_CAGGCGCCATGCTAGG-1	IU_PDA_NP11	Normal Pancreas	CC10	Normal Epithelial cells
PDACNP_10_CAGGGAGATAGGCCAG-1	IU_PDA_NP11	Normal Pancreas	CC10	Normal Epithelial cells
PDACNP_10_CAGTAACTATTTATTG-1	IU_PDA_NP11	Normal Pancreas	CC10	Normal Epithelial cells
PDACNP_10_CAGTAAGGGACGTCTC-1	IU_PDA_NP11	Normal Pancreas	CC10	Normal Epithelial cells
PDACNP_10_CAGTAATCCCTCCCAG-1	IU_PDA_NP11	Normal Pancreas	CC10	Normal Epithelial cells
PDACNP_10_CAGTACATTCTCTAAA-1	IU_PDA_NP11	Normal Pancreas	CC10	Normal Epithelial cells
PDACNP_10_CAGTACCAGTTTACGT-1	IU_PDA_NP11	Normal Pancreas	CC10	Normal Epithelial cells
PDACNP_10_CAGTAGCCCACGCGGT-1	IU_PDA_NP11	Normal Pancreas	CC10	Normal Epithelial cells
PDACNP_10_CAGTCGAGGATGCAAT-1	IU_PDA_NP11	Normal Pancreas	CC10	Normal Epithelial cells
PDACNP_10_CAGTCGGCCTAGATAT-1	IU_PDA_NP11	Normal Pancreas	CC10	Normal Epithelial cells
PDACNP_10_CAGTCTCTCGGCTAAT-1	IU_PDA_NP11	Normal Pancreas	CC10	Normal Epithelial cells
PDACNP_10_CAGTCTGTATACTGGG-1	IU_PDA_NP11	Normal Pancreas	CC10	Normal Epithelial cells
PDACNP_10_CAGTGAATAAATGACT-1	IU_PDA_NP11	Normal Pancreas	CC10	Normal Epithelial cells
PDACNP_10_CAGTGGTTGCACATGA-1	IU_PDA_NP11	Normal Pancreas	CC10	Normal Epithelial cells
PDACNP_10_CAGTGTCCGCAGAATG-1	IU_PDA_NP11	Normal Pancreas	CC10	Normal Epithelial cells
PDACNP_10_CAGTGTCGGCTGGCCC-1	IU_PDA_NP11	Normal Pancreas	CC10	Normal Epithelial cells
PDACNP_10_CAGTGTTAATCTCTCA-1	IU_PDA_NP11	Normal Pancreas	CC10	Normal Epithelial cells
PDACNP_10_CAGTTCAAATTGACAC-1	IU_PDA_NP11	Normal Pancreas	CC10	Normal Epithelial cells
PDACNP_10_CAGTTCCGCGGGTCGA-1	IU_PDA_NP11	Normal Pancreas	CC10	Normal Epithelial cells
PDACNP_10_CAGTTCGAGGACCCGA-1	IU_PDA_NP11	Normal Pancreas	CC10	Normal Epithelial cells
PDACNP_10_CATAACGGACAGTCGT-1	IU_PDA_NP11	Normal Pancreas	CC10	Normal Epithelial cells
PDACNP_10_CATAAGAAGCTTGGCT-1	IU_PDA_NP11	Normal Pancreas	CC10	Normal Epithelial cells
PDACNP_10_CATAAGCTCTCCGTCT-1	IU_PDA_NP11	Normal Pancreas	CC10	Normal Epithelial cells
PDACNP_10_CATACAAAGCCGAACC-1	IU_PDA_NP11	Normal Pancreas	CC10	Normal Epithelial cells
PDACNP_10_CATACACAAAGTCAGC-1	IU_PDA_NP11	Normal Pancreas	CC10	Normal Epithelial cells
PDACNP_10_CATACACGGTTCCCAC-1	IU_PDA_NP11	Normal Pancreas	CC10	Normal Epithelial cells
PDACNP_10_CATACCCGTACCCAGT-1	IU_PDA_NP11	Normal Pancreas	CC10	Normal Epithelial cells
PDACNP_10_CATACGAACTAGCTGG-1	IU_PDA_NP11	Normal Pancreas	CC10	Normal Epithelial cells
PDACNP_10_CATACGGCGTCTGGGC-1	IU_PDA_NP11	Normal Pancreas	CC10	Normal Epithelial cells
PDACNP_10_CATACGGGTGCATGAT-1	IU_PDA_NP11	Normal Pancreas	CC10	Normal Epithelial cells
PDACNP_10_CATACTATGTAATTGT-1	IU_PDA_NP11	Normal Pancreas	CC10	Normal Epithelial cells
PDACNP_10_CATACTTCTTTCTCCG-1	IU_PDA_NP11	Normal Pancreas	CC10	Normal Epithelial cells
PDACNP_10_CATAGAGGAGATACTA-1	IU_PDA_NP11	Normal Pancreas	CC10	Normal Epithelial cells
PDACNP_10_CATAGCCGCCCGGGAT-1	IU_PDA_NP11	Normal Pancreas	CC10	Normal Epithelial cells
PDACNP_10_CATAGCGTTGCCCACC-1	IU_PDA_NP11	Normal Pancreas	CC10	Normal Epithelial cells
PDACNP_10_CATAGGGACACTTGTG-1	IU_PDA_NP11	Normal Pancreas	CC10	Normal Epithelial cells
PDACNP_10_CATAGTACATTGAGAG-1	IU_PDA_NP11	Normal Pancreas	CC10	Normal Epithelial cells
PDACNP_10_CATAGTAGCATAGTAG-1	IU_PDA_NP11	Normal Pancreas	CC10	Normal Epithelial cells
PDACNP_10_CATAGTCAAATACATA-1	IU_PDA_NP11	Normal Pancreas	CC10	Normal Epithelial cells
PDACNP_10_CATAGTCCACAAGAAC-1	IU_PDA_NP11	Normal Pancreas	CC10	Normal Epithelial cells
PDACNP_10_CATATACTACTGATAA-1	IU_PDA_NP11	Normal Pancreas	CC10	Normal Epithelial cells
PDACNP_10_CATATAGGTACAGTCA-1	IU_PDA_NP11	Normal Pancreas	CC10	Normal Epithelial cells
PDACNP_10_CATATGTCAGGCTACG-1	IU_PDA_NP11	Normal Pancreas	CC10	Normal Epithelial cells
PDACNP_10_CATCAAACTGGCGCCC-1	IU_PDA_NP11	Normal Pancreas	CC10	Normal Epithelial cells
PDACNP_10_CATCAACACCTACTAA-1	IU_PDA_NP11	Normal Pancreas	CC10	Normal Epithelial cells
PDACNP_10_CATCATCTACCCGGAC-1	IU_PDA_NP11	Normal Pancreas	CC10	Normal Epithelial cells
PDACNP_10_CATCATTACCCTGAGG-1	IU_PDA_NP11	Normal Pancreas	CC10	Normal Epithelial cells
PDACNP_10_CATCCAATATAGTTTG-1	IU_PDA_NP11	Normal Pancreas	CC10	Normal Epithelial cells
PDACNP_10_CATCCGCAGGCCCGAA-1	IU_PDA_NP11	Normal Pancreas	CC10	Normal Epithelial cells
PDACNP_10_CATCCTCTCAAAGATC-1	IU_PDA_NP11	Normal Pancreas	CC10	Normal Epithelial cells
PDACNP_10_CATCGCCCGCGGCCAA-1	IU_PDA_NP11	Normal Pancreas	CC10	Normal Epithelial cells
PDACNP_10_CATCGGACGGGTTAAT-1	IU_PDA_NP11	Normal Pancreas	CC10	Normal Epithelial cells
PDACNP_10_CATCGTCCGGTTACTA-1	IU_PDA_NP11	Normal Pancreas	CC10	Normal Epithelial cells
PDACNP_10_CATCTATCCCGTGTCT-1	IU_PDA_NP11	Normal Pancreas	CC10	Normal Epithelial cells
PDACNP_10_CATCTGCAGGATCATT-1	IU_PDA_NP11	Normal Pancreas	CC10	Normal Epithelial cells
PDACNP_10_CATCTTACACCACCTC-1	IU_PDA_NP11	Normal Pancreas	CC10	Normal Epithelial cells
PDACNP_10_CATGAACCGACATTTG-1	IU_PDA_NP11	Normal Pancreas	CC10	Normal Epithelial cells
PDACNP_10_CATGACTTCGCTGAAT-1	IU_PDA_NP11	Normal Pancreas	CC10	Normal Epithelial cells
PDACNP_10_CATGAGATGCACTCTC-1	IU_PDA_NP11	Normal Pancreas	CC10	Normal Epithelial cells
PDACNP_10_CATGAGTCCATCACGG-1	IU_PDA_NP11	Normal Pancreas	CC10	Normal Epithelial cells
PDACNP_10_CATGATACGGTGAAAC-1	IU_PDA_NP11	Normal Pancreas	CC10	Normal Epithelial cells
PDACNP_10_CATGATGCACAATTCT-1	IU_PDA_NP11	Normal Pancreas	CC10	Normal Epithelial cells
PDACNP_10_CATGATGGAAGTTAGC-1	IU_PDA_NP11	Normal Pancreas	CC10	Normal Epithelial cells
PDACNP_10_CATGCACATGAGAGGC-1	IU_PDA_NP11	Normal Pancreas	CC10	Normal Epithelial cells
PDACNP_10_CATGCCAACTCGCAAA-1	IU_PDA_NP11	Normal Pancreas	CC10	Normal Epithelial cells
PDACNP_10_CATGCGACCAGTTTAA-1	IU_PDA_NP11	Normal Pancreas	CC10	Normal Epithelial cells
PDACNP_10_CATGCGTTAGACAGAA-1	IU_PDA_NP11	Normal Pancreas	CC10	Normal Epithelial cells
PDACNP_10_CATGCGTTGAGAGGAG-1	IU_PDA_NP11	Normal Pancreas	CC10	Normal Epithelial cells
PDACNP_10_CATGCTGGCTCCAATT-1	IU_PDA_NP11	Normal Pancreas	CC10	Normal Epithelial cells
PDACNP_10_CATGGATTGTCTTCCG-1	IU_PDA_NP11	Normal Pancreas	CC10	Normal Epithelial cells
PDACNP_10_CATGGCAGGAAGATCG-1	IU_PDA_NP11	Normal Pancreas	CC10	Normal Epithelial cells
PDACNP_10_CATGGGTATGCCTTAT-1	IU_PDA_NP11	Normal Pancreas	CC10	Normal Epithelial cells
PDACNP_10_CATGGGTCGGGTGTGG-1	IU_PDA_NP11	Normal Pancreas	CC10	Normal Epithelial cells
PDACNP_10_CATGGTAAGTAGCGTT-1	IU_PDA_NP11	Normal Pancreas	CC10	Normal Epithelial cells
PDACNP_10_CATGGTATTAGTTTGT-1	IU_PDA_NP11	Normal Pancreas	CC10	Normal Epithelial cells
PDACNP_10_CATGGTCTAGATACCG-1	IU_PDA_NP11	Normal Pancreas	CC10	Normal Epithelial cells
PDACNP_10_CATGGTTTATTAATCA-1	IU_PDA_NP11	Normal Pancreas	CC10	Normal Epithelial cells
PDACNP_10_CATGTAAGAGACATTT-1	IU_PDA_NP11	Normal Pancreas	CC10	Normal Epithelial cells
PDACNP_10_CATGTAGGAGCGCCAA-1	IU_PDA_NP11	Normal Pancreas	CC10	Normal Epithelial cells
PDACNP_10_CATGTCTCATTTATGG-1	IU_PDA_NP11	Normal Pancreas	CC10	Normal Epithelial cells
PDACNP_10_CATGTGGGCTCATCAC-1	IU_PDA_NP11	Normal Pancreas	CC10	Normal Epithelial cells
PDACNP_10_CATTACATAGATTGTG-1	IU_PDA_NP11	Normal Pancreas	CC10	Normal Epithelial cells
PDACNP_10_CATTACGCAGGAAGGG-1	IU_PDA_NP11	Normal Pancreas	CC10	Normal Epithelial cells
PDACNP_10_CATTACGTCGGCCCGT-1	IU_PDA_NP11	Normal Pancreas	CC10	Normal Epithelial cells
PDACNP_10_CATTATCCCATTAACG-1	IU_PDA_NP11	Normal Pancreas	CC10	Normal Epithelial cells
PDACNP_10_CATTATGCTTGTTGTG-1	IU_PDA_NP11	Normal Pancreas	CC10	Normal Epithelial cells
PDACNP_10_CATTCCCTAAGTACAA-1	IU_PDA_NP11	Normal Pancreas	CC10	Normal Epithelial cells
PDACNP_10_CATTGCGAAATGGGCG-1	IU_PDA_NP11	Normal Pancreas	CC10	Normal Epithelial cells
PDACNP_10_CATTGCGGGTCAATTC-1	IU_PDA_NP11	Normal Pancreas	CC10	Normal Epithelial cells
PDACNP_10_CATTGTGTGCTAGATC-1	IU_PDA_NP11	Normal Pancreas	CC10	Normal Epithelial cells
PDACNP_10_CATTTAGCGGACCATG-1	IU_PDA_NP11	Normal Pancreas	CC10	Normal Epithelial cells
PDACNP_10_CATTTCTAGCAGACTA-1	IU_PDA_NP11	Normal Pancreas	CC10	Normal Epithelial cells
PDACNP_10_CATTTGAGTGGTACGT-1	IU_PDA_NP11	Normal Pancreas	CC10	Normal Epithelial cells
PDACNP_10_CCAAACAGAACCCTCG-1	IU_PDA_NP11	Normal Pancreas	CC10	Normal Epithelial cells
PDACNP_10_CCAAAGCAGTTGGTTG-1	IU_PDA_NP11	Normal Pancreas	CC10	Normal Epithelial cells
PDACNP_10_CCAAATCAAAGGGCAA-1	IU_PDA_NP11	Normal Pancreas	CC10	Normal Epithelial cells
PDACNP_10_CCAACCTTATGTAACT-1	IU_PDA_NP11	Normal Pancreas	CC10	Normal Epithelial cells
PDACNP_10_CCAACGATGCACTGAT-1	IU_PDA_NP11	Normal Pancreas	CC10	Normal Epithelial cells
PDACNP_10_CCAAGAAAGTGGGCGA-1	IU_PDA_NP11	Normal Pancreas	CC10	Normal Epithelial cells
PDACNP_10_CCAAGACTTCTGCGAA-1	IU_PDA_NP11	Normal Pancreas	CC10	Normal Epithelial cells
PDACNP_10_CCAAGCGTAACTCGTA-1	IU_PDA_NP11	Normal Pancreas	CC10	Normal Epithelial cells
PDACNP_10_CCAAGGAACAGAGAGG-1	IU_PDA_NP11	Normal Pancreas	CC10	Normal Epithelial cells
PDACNP_10_CCAAGGTTGCCCTTTC-1	IU_PDA_NP11	Normal Pancreas	CC10	Normal Epithelial cells
PDACNP_10_CCAAGTTTCTACAGAT-1	IU_PDA_NP11	Normal Pancreas	CC10	Normal Epithelial cells
PDACNP_10_CCAATAGTGCCGTCGA-1	IU_PDA_NP11	Normal Pancreas	CC10	Normal Epithelial cells
PDACNP_10_CCAATCGGTAGATCGA-1	IU_PDA_NP11	Normal Pancreas	CC3	Normal Epithelial cells
PDACNP_10_CCAATGTCACAGCAAG-1	IU_PDA_NP11	Normal Pancreas	CC10	Normal Epithelial cells
PDACNP_10_CCAATTACGGGTCGAG-1	IU_PDA_NP11	Normal Pancreas	CC10	Normal Epithelial cells
PDACNP_10_CCAATTGAATGTTAAT-1	IU_PDA_NP11	Normal Pancreas	CC10	Normal Epithelial cells
PDACNP_10_CCACAATGTACGTCTT-1	IU_PDA_NP11	Normal Pancreas	CC10	Normal Epithelial cells
PDACNP_10_CCACACTGAGATATTA-1	IU_PDA_NP11	Normal Pancreas	CC10	Normal Epithelial cells
PDACNP_10_CCACAGCTGAAATCAT-1	IU_PDA_NP11	Normal Pancreas	CC10	Normal Epithelial cells
PDACNP_10_CCACAGTACCCATCCT-1	IU_PDA_NP11	Normal Pancreas	CC10	Normal Epithelial cells
PDACNP_10_CCACATGGCTCTTTAT-1	IU_PDA_NP11	Normal Pancreas	CC10	Normal Epithelial cells
PDACNP_10_CCACCAACTTTACTGT-1	IU_PDA_NP11	Normal Pancreas	CC10	Normal Epithelial cells
PDACNP_10_CCACCCAAGGAAAGTG-1	IU_PDA_NP11	Normal Pancreas	CC10	Normal Epithelial cells
PDACNP_10_CCACGAATTTAACCTC-1	IU_PDA_NP11	Normal Pancreas	CC10	Normal Epithelial cells
PDACNP_10_CCACGAGAAGAGAATC-1	IU_PDA_NP11	Normal Pancreas	CC10	Normal Epithelial cells
PDACNP_10_CCACGGAGCCATAAGA-1	IU_PDA_NP11	Normal Pancreas	CC10	Normal Epithelial cells
PDACNP_10_CCACGGCAGGTGTAGG-1	IU_PDA_NP11	Normal Pancreas	CC10	Normal Epithelial cells
PDACNP_10_CCACGGTGCCCGGTAG-1	IU_PDA_NP11	Normal Pancreas	CC10	Normal Epithelial cells
PDACNP_10_CCACGTAAATTAGACT-1	IU_PDA_NP11	Normal Pancreas	CC10	Normal Epithelial cells
PDACNP_10_CCACTATCCGGGTCAC-1	IU_PDA_NP11	Normal Pancreas	CC10	Normal Epithelial cells
PDACNP_10_CCACTCAGATCCGCAA-1	IU_PDA_NP11	Normal Pancreas	CC10	Normal Epithelial cells
PDACNP_10_CCACTGGTGGCTGGTT-1	IU_PDA_NP11	Normal Pancreas	CC10	Normal Epithelial cells
PDACNP_10_CCACTGTTTGGATTAA-1	IU_PDA_NP11	Normal Pancreas	CC10	Normal Epithelial cells
PDACNP_10_CCAGAAAGCAACTCAT-1	IU_PDA_NP11	Normal Pancreas	CC10	Normal Epithelial cells
PDACNP_10_CCAGAGACAAAGCCGG-1	IU_PDA_NP11	Normal Pancreas	CC10	Normal Epithelial cells
PDACNP_10_CCAGATAGTTGAGTGA-1	IU_PDA_NP11	Normal Pancreas	CC10	Normal Epithelial cells
PDACNP_10_CCAGCCTGGACCAATA-1	IU_PDA_NP11	Normal Pancreas	CC10	Normal Epithelial cells
PDACNP_10_CCAGCTACGCCTCATA-1	IU_PDA_NP11	Normal Pancreas	CC10	Normal Epithelial cells
PDACNP_10_CCAGCTCGAACGCATT-1	IU_PDA_NP11	Normal Pancreas	CC10	Normal Epithelial cells
PDACNP_10_CCAGCTGATGGTACTT-1	IU_PDA_NP11	Normal Pancreas	CC10	Normal Epithelial cells
PDACNP_10_CCAGCTTCCGCCCGCA-1	IU_PDA_NP11	Normal Pancreas	CC10	Normal Epithelial cells
PDACNP_10_CCAGGCGAGATGGTCT-1	IU_PDA_NP11	Normal Pancreas	CC10	Normal Epithelial cells
PDACNP_10_CCAGGGACGTGGCCTC-1	IU_PDA_NP11	Normal Pancreas	CC10	Normal Epithelial cells
PDACNP_10_CCAGTAGTCTGATCCA-1	IU_PDA_NP11	Normal Pancreas	CC10	Normal Epithelial cells
PDACNP_10_CCAGTCAAATCTCTTA-1	IU_PDA_NP11	Normal Pancreas	CC10	Normal Epithelial cells
PDACNP_10_CCAGTCCATTATTCGA-1	IU_PDA_NP11	Normal Pancreas	CC10	Normal Epithelial cells
PDACNP_10_CCAGTCTAGACGGCGC-1	IU_PDA_NP11	Normal Pancreas	CC10	Normal Epithelial cells
PDACNP_10_CCAGTCTTGTCATAGA-1	IU_PDA_NP11	Normal Pancreas	CC10	Normal Epithelial cells
PDACNP_10_CCAGTGTACAGACCGA-1	IU_PDA_NP11	Normal Pancreas	CC10	Normal Epithelial cells
PDACNP_10_CCAGTTCGGTAACTCA-1	IU_PDA_NP11	Normal Pancreas	CC10	Normal Epithelial cells
PDACNP_10_CCATAAACAACCCGAC-1	IU_PDA_NP11	Normal Pancreas	CC10	Normal Epithelial cells
PDACNP_10_CCATAACCTGTGCAGT-1	IU_PDA_NP11	Normal Pancreas	CC10	Normal Epithelial cells
PDACNP_10_CCATACCTTTACTTGT-1	IU_PDA_NP11	Normal Pancreas	CC10	Normal Epithelial cells
PDACNP_10_CCATAGAGGCTGCCAG-1	IU_PDA_NP11	Normal Pancreas	CC10	Normal Epithelial cells
PDACNP_10_CCATAGGTTGGCGTGG-1	IU_PDA_NP11	Normal Pancreas	CC10	Normal Epithelial cells
PDACNP_10_CCATAGTCAGTAACCC-1	IU_PDA_NP11	Normal Pancreas	CC10	Normal Epithelial cells
PDACNP_10_CCATATGGAAACTATA-1	IU_PDA_NP11	Normal Pancreas	CC10	Normal Epithelial cells
PDACNP_10_CCATATTGGATCATGA-1	IU_PDA_NP11	Normal Pancreas	CC10	Normal Epithelial cells
PDACNP_10_CCATCCATACCAAGTC-1	IU_PDA_NP11	Normal Pancreas	CC10	Normal Epithelial cells
PDACNP_10_CCATCGCAGTTAAACT-1	IU_PDA_NP11	Normal Pancreas	CC10	Normal Epithelial cells
PDACNP_10_CCATCTCACCAGTGAA-1	IU_PDA_NP11	Normal Pancreas	CC10	Normal Epithelial cells
PDACNP_10_CCATCTTGTTCACAAT-1	IU_PDA_NP11	Normal Pancreas	CC10	Normal Epithelial cells
PDACNP_10_CCATGCCCTAGATTTC-1	IU_PDA_NP11	Normal Pancreas	CC10	Normal Epithelial cells
PDACNP_10_CCATGCCTGTTTAGTA-1	IU_PDA_NP11	Normal Pancreas	CC10	Normal Epithelial cells
PDACNP_10_CCATGCTCTGCAGGAA-1	IU_PDA_NP11	Normal Pancreas	CC10	Normal Epithelial cells
PDACNP_10_CCATGGCAAACGCTCA-1	IU_PDA_NP11	Normal Pancreas	CC10	Normal Epithelial cells
PDACNP_10_CCATGGCCCTTGTACC-1	IU_PDA_NP11	Normal Pancreas	CC10	Normal Epithelial cells
PDACNP_10_CCATGTTCATCTATAT-1	IU_PDA_NP11	Normal Pancreas	CC10	Normal Epithelial cells
PDACNP_10_CCATTAGCGATAATCC-1	IU_PDA_NP11	Normal Pancreas	CC10	Normal Epithelial cells
PDACNP_10_CCATTCCCTGCCCACA-1	IU_PDA_NP11	Normal Pancreas	CC10	Normal Epithelial cells
PDACNP_10_CCATTTCTACCTATTA-1	IU_PDA_NP11	Normal Pancreas	CC10	Normal Epithelial cells
PDACNP_10_CCCAAACATGCTGCTC-1	IU_PDA_NP11	Normal Pancreas	CC10	Normal Epithelial cells
PDACNP_10_CCCAACATACGTCGCG-1	IU_PDA_NP11	Normal Pancreas	CC10	Normal Epithelial cells
PDACNP_10_CCCAAGTCATTACACT-1	IU_PDA_NP11	Normal Pancreas	CC10	Normal Epithelial cells
PDACNP_10_CCCAATGAGATTTGCA-1	IU_PDA_NP11	Normal Pancreas	CC10	Normal Epithelial cells
PDACNP_10_CCCAATTTCACAACTT-1	IU_PDA_NP11	Normal Pancreas	CC10	Normal Epithelial cells
PDACNP_10_CCCACTCCACGGTATC-1	IU_PDA_NP11	Normal Pancreas	CC10	Normal Epithelial cells
PDACNP_10_CCCAGAGGAGGGCGTA-1	IU_PDA_NP11	Normal Pancreas	CC10	Normal Epithelial cells
PDACNP_10_CCCAGATTCCCGTGAC-1	IU_PDA_NP11	Normal Pancreas	CC10	Normal Epithelial cells
PDACNP_10_CCCAGGAAGAATTCGA-1	IU_PDA_NP11	Normal Pancreas	CC10	Normal Epithelial cells
PDACNP_10_CCCAGGTCTGAAGGCT-1	IU_PDA_NP11	Normal Pancreas	CC10	Normal Epithelial cells
PDACNP_10_CCCAGTAAACTTGGGA-1	IU_PDA_NP11	Normal Pancreas	CC10	Normal Epithelial cells
PDACNP_10_CCCAGTTAAGGCGCCG-1	IU_PDA_NP11	Normal Pancreas	CC10	Normal Epithelial cells
PDACNP_10_CCCGAAGTTTCGCGAA-1	IU_PDA_NP11	Normal Pancreas	CC10	Normal Epithelial cells
PDACNP_10_CCCGACCATAGTCCGC-1	IU_PDA_NP11	Normal Pancreas	CC10	Normal Epithelial cells
PDACNP_10_CCCGAGTTTCTCCGTA-1	IU_PDA_NP11	Normal Pancreas	CC10	Normal Epithelial cells
PDACNP_10_CCCGCAAATAATCATC-1	IU_PDA_NP11	Normal Pancreas	CC10	Normal Epithelial cells
PDACNP_10_CCCGCAGCGCGAACTA-1	IU_PDA_NP11	Normal Pancreas	CC10	Normal Epithelial cells
PDACNP_10_CCCGCAGGGCCCAAAG-1	IU_PDA_NP11	Normal Pancreas	CC10	Normal Epithelial cells
PDACNP_10_CCCGCCATGCTCCCGT-1	IU_PDA_NP11	Normal Pancreas	CC10	Normal Epithelial cells
PDACNP_10_CCCGCGCAATGCACCC-1	IU_PDA_NP11	Normal Pancreas	CC10	Normal Epithelial cells
PDACNP_10_CCCGGCACGTGTCAGG-1	IU_PDA_NP11	Normal Pancreas	CC10	Normal Epithelial cells
PDACNP_10_CCCGGGTCGTTCAGGG-1	IU_PDA_NP11	Normal Pancreas	CC10	Normal Epithelial cells
PDACNP_10_CCCGGTGGAAGAACCT-1	IU_PDA_NP11	Normal Pancreas	CC10	Normal Epithelial cells
PDACNP_10_CCCGGTGTATCGGAAT-1	IU_PDA_NP11	Normal Pancreas	CC10	Normal Epithelial cells
PDACNP_10_CCCGTAAGTCTAGGCC-1	IU_PDA_NP11	Normal Pancreas	CC10	Normal Epithelial cells
PDACNP_10_CCCGTAGCTGGGAAGA-1	IU_PDA_NP11	Normal Pancreas	CC10	Normal Epithelial cells
PDACNP_10_CCCGTCAGCGTCTGAC-1	IU_PDA_NP11	Normal Pancreas	CC10	Normal Epithelial cells
PDACNP_10_CCCGTGAGGGCGGTGA-1	IU_PDA_NP11	Normal Pancreas	CC10	Normal Epithelial cells
PDACNP_10_CCCGTTTCGCAGATGT-1	IU_PDA_NP11	Normal Pancreas	CC10	Normal Epithelial cells
PDACNP_10_CCCTACCCACACCCAG-1	IU_PDA_NP11	Normal Pancreas	CC10	Normal Epithelial cells
PDACNP_10_CCCTACTTGAACAATG-1	IU_PDA_NP11	Normal Pancreas	CC10	Normal Epithelial cells
PDACNP_10_CCCTAGCTCTAAGGTC-1	IU_PDA_NP11	Normal Pancreas	CC10	Normal Epithelial cells
PDACNP_10_CCCTAGGCAACAAGAG-1	IU_PDA_NP11	Normal Pancreas	CC10	Normal Epithelial cells
PDACNP_10_CCCTAGTGTCAGGTGT-1	IU_PDA_NP11	Normal Pancreas	CC10	Normal Epithelial cells
PDACNP_10_CCCTATGTAGAGCAGA-1	IU_PDA_NP11	Normal Pancreas	CC10	Normal Epithelial cells
PDACNP_10_CCCTCAAGCTCTTAGT-1	IU_PDA_NP11	Normal Pancreas	CC10	Normal Epithelial cells
PDACNP_10_CCCTCAGATCGAGAAC-1	IU_PDA_NP11	Normal Pancreas	CC10	Normal Epithelial cells
PDACNP_10_CCCTCATCACAGAGTA-1	IU_PDA_NP11	Normal Pancreas	CC10	Normal Epithelial cells
PDACNP_10_CCCTCATTCTGGAATT-1	IU_PDA_NP11	Normal Pancreas	CC10	Normal Epithelial cells
PDACNP_10_CCCTCCTCGCTCGTAT-1	IU_PDA_NP11	Normal Pancreas	CC10	Normal Epithelial cells
PDACNP_10_CCCTCGATAATACACA-1	IU_PDA_NP11	Normal Pancreas	CC10	Normal Epithelial cells
PDACNP_10_CCCTGAAATGAGTTGA-1	IU_PDA_NP11	Normal Pancreas	CC10	Normal Epithelial cells
PDACNP_10_CCCTGACTAACAAATT-1	IU_PDA_NP11	Normal Pancreas	CC10	Normal Epithelial cells
PDACNP_10_CCCTGATGTAACTCGT-1	IU_PDA_NP11	Normal Pancreas	CC10	Normal Epithelial cells
PDACNP_10_CCCTGCCCAATCCGCT-1	IU_PDA_NP11	Normal Pancreas	CC10	Normal Epithelial cells
PDACNP_10_CCCTGCGCTACGCATA-1	IU_PDA_NP11	Normal Pancreas	CC10	Normal Epithelial cells
PDACNP_10_CCCTGGCTGTTCCTTC-1	IU_PDA_NP11	Normal Pancreas	CC10	Normal Epithelial cells
PDACNP_10_CCCTGGGAGGGATCCT-1	IU_PDA_NP11	Normal Pancreas	CC10	Normal Epithelial cells
PDACNP_10_CCCTGTTGGCAAAGAC-1	IU_PDA_NP11	Normal Pancreas	CC10	Normal Epithelial cells
PDACNP_10_CCCTTTAATGGAGTTC-1	IU_PDA_NP11	Normal Pancreas	CC10	Normal Epithelial cells
PDACNP_10_CCCTTTGACAGGTCTT-1	IU_PDA_NP11	Normal Pancreas	CC10	Normal Epithelial cells
PDACNP_10_CCGAAACACGACCTCT-1	IU_PDA_NP11	Normal Pancreas	CC10	Normal Epithelial cells
PDACNP_10_CCGAAAGTGGTGAGCA-1	IU_PDA_NP11	Normal Pancreas	CC10	Normal Epithelial cells
PDACNP_10_CCGAACACTGGGCCTC-1	IU_PDA_NP11	Normal Pancreas	CC10	Normal Epithelial cells
PDACNP_10_CCGAACCTTCCCGGCC-1	IU_PDA_NP11	Normal Pancreas	CC10	Normal Epithelial cells
PDACNP_10_CCGAAGCATTGACCAA-1	IU_PDA_NP11	Normal Pancreas	CC10	Normal Epithelial cells
PDACNP_10_CCGAAGTATATTGTTC-1	IU_PDA_NP11	Normal Pancreas	CC10	Normal Epithelial cells
PDACNP_10_CCGACAAACACATGAG-1	IU_PDA_NP11	Normal Pancreas	CC10	Normal Epithelial cells
PDACNP_10_CCGACAAAGGGAGTGC-1	IU_PDA_NP11	Normal Pancreas	CC10	Normal Epithelial cells
PDACNP_10_CCGACAATAGGCCGCC-1	IU_PDA_NP11	Normal Pancreas	CC10	Normal Epithelial cells
PDACNP_10_CCGACGGGCATGAGGT-1	IU_PDA_NP11	Normal Pancreas	CC10	Normal Epithelial cells
PDACNP_10_CCGACGTAAACACAAC-1	IU_PDA_NP11	Normal Pancreas	CC10	Normal Epithelial cells
PDACNP_10_CCGAGCTGTGCTTGTC-1	IU_PDA_NP11	Normal Pancreas	CC10	Normal Epithelial cells
PDACNP_10_CCGATCTCAACCTTAT-1	IU_PDA_NP11	Normal Pancreas	CC10	Normal Epithelial cells
PDACNP_10_CCGATTCGAGGGACCC-1	IU_PDA_NP11	Normal Pancreas	CC10	Normal Epithelial cells
PDACNP_10_CCGCACAAAGACCAAC-1	IU_PDA_NP11	Normal Pancreas	CC10	Normal Epithelial cells
PDACNP_10_CCGCACGTGACCTCGG-1	IU_PDA_NP11	Normal Pancreas	CC10	Normal Epithelial cells
PDACNP_10_CCGCACTTGCAATGAC-1	IU_PDA_NP11	Normal Pancreas	CC10	Normal Epithelial cells
PDACNP_10_CCGCATGTGGTACGAT-1	IU_PDA_NP11	Normal Pancreas	CC10	Normal Epithelial cells
PDACNP_10_CCGCCGGAACTTCTCG-1	IU_PDA_NP11	Normal Pancreas	CC10	Normal Epithelial cells
PDACNP_10_CCGCCGGTCAACACAC-1	IU_PDA_NP11	Normal Pancreas	CC10	Normal Epithelial cells
PDACNP_10_CCGCCTGCGAATTGGT-1	IU_PDA_NP11	Normal Pancreas	CC10	Normal Epithelial cells
PDACNP_10_CCGCCTTGCGATGTCG-1	IU_PDA_NP11	Normal Pancreas	CC10	Normal Epithelial cells
PDACNP_10_CCGCGATTTGGTAGGT-1	IU_PDA_NP11	Normal Pancreas	CC10	Normal Epithelial cells
PDACNP_10_CCGCGCAAGATACCCA-1	IU_PDA_NP11	Normal Pancreas	CC10	Normal Epithelial cells
PDACNP_10_CCGCGGAATGCGTCAC-1	IU_PDA_NP11	Normal Pancreas	CC10	Normal Epithelial cells
PDACNP_10_CCGCGGGTACGAAGAA-1	IU_PDA_NP11	Normal Pancreas	CC10	Normal Epithelial cells
PDACNP_10_CCGCGTAGGTAAGGGC-1	IU_PDA_NP11	Normal Pancreas	CC10	Normal Epithelial cells
PDACNP_10_CCGCTATCAGCACCAG-1	IU_PDA_NP11	Normal Pancreas	CC10	Normal Epithelial cells
PDACNP_10_CCGCTCCAGGGCGATC-1	IU_PDA_NP11	Normal Pancreas	CC10	Normal Epithelial cells
PDACNP_10_CCGCTCCGGATAAGCT-1	IU_PDA_NP11	Normal Pancreas	CC10	Normal Epithelial cells
PDACNP_10_CCGCTCTTCCGAACTA-1	IU_PDA_NP11	Normal Pancreas	CC10	Normal Epithelial cells
PDACNP_10_CCGCTTACCTCACTCT-1	IU_PDA_NP11	Normal Pancreas	CC10	Normal Epithelial cells
PDACNP_10_CCGCTTGCTGACATGG-1	IU_PDA_NP11	Normal Pancreas	CC10	Normal Epithelial cells
PDACNP_10_CCGGAAGTGCAATATG-1	IU_PDA_NP11	Normal Pancreas	CC10	Normal Epithelial cells
PDACNP_10_CCGGAATGGTTTCAGT-1	IU_PDA_NP11	Normal Pancreas	CC10	Normal Epithelial cells
PDACNP_10_CCGGAGCGTACTTTCT-1	IU_PDA_NP11	Normal Pancreas	CC10	Normal Epithelial cells
PDACNP_10_CCGGCACGACCGTTTC-1	IU_PDA_NP11	Normal Pancreas	CC10	Normal Epithelial cells
PDACNP_10_CCGGCCGCGAGCATAT-1	IU_PDA_NP11	Normal Pancreas	CC10	Normal Epithelial cells
PDACNP_10_CCGGCGCATATTGGAT-1	IU_PDA_NP11	Normal Pancreas	CC10	Normal Epithelial cells
PDACNP_10_CCGGCGTGAGACTCTG-1	IU_PDA_NP11	Normal Pancreas	CC10	Normal Epithelial cells
PDACNP_10_CCGGGACCCGCAGAGA-1	IU_PDA_NP11	Normal Pancreas	CC10	Normal Epithelial cells
PDACNP_10_CCGGGCGGTCTCGTCA-1	IU_PDA_NP11	Normal Pancreas	CC10	Normal Epithelial cells
PDACNP_10_CCGGGCTAAGAATTTC-1	IU_PDA_NP11	Normal Pancreas	CC10	Normal Epithelial cells
PDACNP_10_CCGGGCTGCTCCATAC-1	IU_PDA_NP11	Normal Pancreas	CC10	Normal Epithelial cells
PDACNP_10_CCGGGTTCGAGGTTAC-1	IU_PDA_NP11	Normal Pancreas	CC10	Normal Epithelial cells
PDACNP_10_CCGGTTTGTAATTGTG-1	IU_PDA_NP11	Normal Pancreas	CC10	Normal Epithelial cells
PDACNP_10_CCGTAAGTTGGTCCCA-1	IU_PDA_NP11	Normal Pancreas	CC10	Normal Epithelial cells
PDACNP_10_CCGTACCCAAGCGCCA-1	IU_PDA_NP11	Normal Pancreas	CC10	Normal Epithelial cells
PDACNP_10_CCGTAGGAAATCCCTG-1	IU_PDA_NP11	Normal Pancreas	CC10	Normal Epithelial cells
PDACNP_10_CCGTAGGGTTGTTTAC-1	IU_PDA_NP11	Normal Pancreas	CC10	Normal Epithelial cells
PDACNP_10_CCGTATCTCGTCGTAG-1	IU_PDA_NP11	Normal Pancreas	CC10	Normal Epithelial cells
PDACNP_10_CCGTATTAGCGCAGTT-1	IU_PDA_NP11	Normal Pancreas	CC10	Normal Epithelial cells
PDACNP_10_CCGTCAACCTCTGGCG-1	IU_PDA_NP11	Normal Pancreas	CC10	Normal Epithelial cells
PDACNP_10_CCGTGAGGCATTCATG-1	IU_PDA_NP11	Normal Pancreas	CC10	Normal Epithelial cells
PDACNP_10_CCGTGCCCATGACGGC-1	IU_PDA_NP11	Normal Pancreas	CC10	Normal Epithelial cells
PDACNP_10_CCGTGGAACGATCCAA-1	IU_PDA_NP11	Normal Pancreas	CC10	Normal Epithelial cells
PDACNP_10_CCGTGTTAAATTCCAT-1	IU_PDA_NP11	Normal Pancreas	CC10	Normal Epithelial cells
PDACNP_10_CCGTTACGTTAGAACA-1	IU_PDA_NP11	Normal Pancreas	CC10	Normal Epithelial cells
PDACNP_10_CCGTTCCGAATCTCGG-1	IU_PDA_NP11	Normal Pancreas	CC10	Normal Epithelial cells
PDACNP_10_CCGTTTCCTTTCCGTG-1	IU_PDA_NP11	Normal Pancreas	CC10	Normal Epithelial cells
PDACNP_10_CCTAAAGGCTGACGCT-1	IU_PDA_NP11	Normal Pancreas	CC2	Normal Epithelial cells
PDACNP_10_CCTAAATTAACGGTTC-1	IU_PDA_NP11	Normal Pancreas	CC10	Normal Epithelial cells
PDACNP_10_CCTAACCCAAACAAGT-1	IU_PDA_NP11	Normal Pancreas	CC10	Normal Epithelial cells
PDACNP_10_CCTAACTAAGGCTCTA-1	IU_PDA_NP11	Normal Pancreas	CC10	Normal Epithelial cells
PDACNP_10_CCTACATTCACAGACG-1	IU_PDA_NP11	Normal Pancreas	CC10	Normal Epithelial cells
PDACNP_10_CCTACGGCTCAGTCGA-1	IU_PDA_NP11	Normal Pancreas	CC10	Normal Epithelial cells
PDACNP_10_CCTACTGCTTACACTT-1	IU_PDA_NP11	Normal Pancreas	CC10	Normal Epithelial cells
PDACNP_10_CCTAGGCGTAGCGATC-1	IU_PDA_NP11	Normal Pancreas	CC10	Normal Epithelial cells
PDACNP_10_CCTAGGTAAAGGTAGC-1	IU_PDA_NP11	Normal Pancreas	CC10	Normal Epithelial cells
PDACNP_10_CCTAGTTAGTCGCATG-1	IU_PDA_NP11	Normal Pancreas	CC10	Normal Epithelial cells
PDACNP_10_CCTATAATGAGTGCCC-1	IU_PDA_NP11	Normal Pancreas	CC10	Normal Epithelial cells
PDACNP_10_CCTATACCGTCCTGTC-1	IU_PDA_NP11	Normal Pancreas	CC10	Normal Epithelial cells
PDACNP_10_CCTATATCGTGTCACG-1	IU_PDA_NP11	Normal Pancreas	CC10	Normal Epithelial cells
PDACNP_10_CCTATATTTGTCCTGG-1	IU_PDA_NP11	Normal Pancreas	CC10	Normal Epithelial cells
PDACNP_10_CCTATCTATATCGGAA-1	IU_PDA_NP11	Normal Pancreas	CC10	Normal Epithelial cells
PDACNP_10_CCTATGAAGTGGTGCC-1	IU_PDA_NP11	Normal Pancreas	CC10	Normal Epithelial cells
PDACNP_10_CCTATGGCTCCTAGTG-1	IU_PDA_NP11	Normal Pancreas	CC10	Normal Epithelial cells
PDACNP_10_CCTATGGGTTACCGTC-1	IU_PDA_NP11	Normal Pancreas	CC10	Normal Epithelial cells
PDACNP_10_CCTATGGTCAAAGCTG-1	IU_PDA_NP11	Normal Pancreas	CC10	Normal Epithelial cells
PDACNP_10_CCTATGTCCACTCCAC-1	IU_PDA_NP11	Normal Pancreas	CC10	Normal Epithelial cells
PDACNP_10_CCTATTATTCCGGCCG-1	IU_PDA_NP11	Normal Pancreas	CC10	Normal Epithelial cells
PDACNP_10_CCTCAACGATCGCTGT-1	IU_PDA_NP11	Normal Pancreas	CC10	Normal Epithelial cells
PDACNP_10_CCTCACCAATCTTGAC-1	IU_PDA_NP11	Normal Pancreas	CC10	Normal Epithelial cells
PDACNP_10_CCTCACCTGAGGGAGC-1	IU_PDA_NP11	Normal Pancreas	CC10	Normal Epithelial cells
PDACNP_10_CCTCACCTTAGCATCG-1	IU_PDA_NP11	Normal Pancreas	CC10	Normal Epithelial cells
PDACNP_10_CCTCATGCAGCTACGA-1	IU_PDA_NP11	Normal Pancreas	CC10	Normal Epithelial cells
PDACNP_10_CCTCCCGACAATCCCT-1	IU_PDA_NP11	Normal Pancreas	CC10	Normal Epithelial cells
PDACNP_10_CCTCCGACAATTCAAG-1	IU_PDA_NP11	Normal Pancreas	CC10	Normal Epithelial cells
PDACNP_10_CCTCCTAGCTAGAGTC-1	IU_PDA_NP11	Normal Pancreas	CC10	Normal Epithelial cells
PDACNP_10_CCTCCTGAGCCCACAT-1	IU_PDA_NP11	Normal Pancreas	CC10	Normal Epithelial cells
PDACNP_10_CCTCCTGTTGTGTCGT-1	IU_PDA_NP11	Normal Pancreas	CC10	Normal Epithelial cells
PDACNP_10_CCTCGAAGTGGACGGG-1	IU_PDA_NP11	Normal Pancreas	CC10	Normal Epithelial cells
PDACNP_10_CCTCGCCAGCAAATTA-1	IU_PDA_NP11	Normal Pancreas	CC10	Normal Epithelial cells
PDACNP_10_CCTCGCGCGATATAGG-1	IU_PDA_NP11	Normal Pancreas	CC10	Normal Epithelial cells
PDACNP_10_CCTCGCGCTGTGCGAT-1	IU_PDA_NP11	Normal Pancreas	CC10	Normal Epithelial cells
PDACNP_10_CCTCGGACCGGGATAG-1	IU_PDA_NP11	Normal Pancreas	CC10	Normal Epithelial cells
PDACNP_10_CCTCGGATGCTACCTG-1	IU_PDA_NP11	Normal Pancreas	CC10	Normal Epithelial cells
PDACNP_10_CCTCGGTTTCCTTGCC-1	IU_PDA_NP11	Normal Pancreas	CC10	Normal Epithelial cells
PDACNP_10_CCTCTAATCTGCCAAG-1	IU_PDA_NP11	Normal Pancreas	CC10	Normal Epithelial cells
PDACNP_10_CCTCTACAAGGATTGG-1	IU_PDA_NP11	Normal Pancreas	CC10	Normal Epithelial cells
PDACNP_10_CCTCTATCGATTAGCA-1	IU_PDA_NP11	Normal Pancreas	CC10	Normal Epithelial cells
PDACNP_10_CCTCTCTCCCATCTAG-1	IU_PDA_NP11	Normal Pancreas	CC10	Normal Epithelial cells
PDACNP_10_CCTCTGGCCTAGACGG-1	IU_PDA_NP11	Normal Pancreas	CC10	Normal Epithelial cells
PDACNP_10_CCTCTGTACTATTCTA-1	IU_PDA_NP11	Normal Pancreas	CC10	Normal Epithelial cells
PDACNP_10_CCTGAACGATATATTC-1	IU_PDA_NP11	Normal Pancreas	CC10	Normal Epithelial cells
PDACNP_10_CCTGAATATTTACATA-1	IU_PDA_NP11	Normal Pancreas	CC10	Normal Epithelial cells
PDACNP_10_CCTGACCACCGATGGT-1	IU_PDA_NP11	Normal Pancreas	CC10	Normal Epithelial cells
PDACNP_10_CCTGAGAATAAATGCA-1	IU_PDA_NP11	Normal Pancreas	CC10	Normal Epithelial cells
PDACNP_10_CCTGATTCGCGAAGAA-1	IU_PDA_NP11	Normal Pancreas	CC10	Normal Epithelial cells
PDACNP_10_CCTGCCCGTTGTCTAG-1	IU_PDA_NP11	Normal Pancreas	CC10	Normal Epithelial cells
PDACNP_10_CCTGCGATAGAACTGT-1	IU_PDA_NP11	Normal Pancreas	CC10	Normal Epithelial cells
PDACNP_10_CCTGCGTTCTACGCTT-1	IU_PDA_NP11	Normal Pancreas	CC10	Normal Epithelial cells
PDACNP_10_CCTGCTATTTGAGAAG-1	IU_PDA_NP11	Normal Pancreas	CC10	Normal Epithelial cells
PDACNP_10_CCTGGCTAGACCCGCC-1	IU_PDA_NP11	Normal Pancreas	CC10	Normal Epithelial cells
PDACNP_10_CCTGGTCGAATGTGGG-1	IU_PDA_NP11	Normal Pancreas	CC10	Normal Epithelial cells
PDACNP_10_CCTGTAAGACATGATA-1	IU_PDA_NP11	Normal Pancreas	CC10	Normal Epithelial cells
PDACNP_10_CCTGTACTCACGCCCA-1	IU_PDA_NP11	Normal Pancreas	CC10	Normal Epithelial cells
PDACNP_10_CCTGTCACCCGGGCTC-1	IU_PDA_NP11	Normal Pancreas	CC10	Normal Epithelial cells
PDACNP_10_CCTGTCGCCCGTAAAT-1	IU_PDA_NP11	Normal Pancreas	CC10	Normal Epithelial cells
PDACNP_10_CCTGTTCAACCTCGGG-1	IU_PDA_NP11	Normal Pancreas	CC10	Normal Epithelial cells
PDACNP_10_CCTGTTTGAAGACACG-1	IU_PDA_NP11	Normal Pancreas	CC10	Normal Epithelial cells
PDACNP_10_CCTTAAGTACGCAATT-1	IU_PDA_NP11	Normal Pancreas	CC10	Normal Epithelial cells
PDACNP_10_CCTTCAGTTAAAGTGA-1	IU_PDA_NP11	Normal Pancreas	CC10	Normal Epithelial cells
PDACNP_10_CCTTCCGCAACGCTGC-1	IU_PDA_NP11	Normal Pancreas	CC10	Normal Epithelial cells
PDACNP_10_CCTTCGTATAGAATCC-1	IU_PDA_NP11	Normal Pancreas	CC10	Normal Epithelial cells
PDACNP_10_CCTTCTCAGCGTTCCT-1	IU_PDA_NP11	Normal Pancreas	CC10	Normal Epithelial cells
PDACNP_10_CCTTCTTGATCCAGTG-1	IU_PDA_NP11	Normal Pancreas	CC10	Normal Epithelial cells
PDACNP_10_CCTTGACCACTTTATT-1	IU_PDA_NP11	Normal Pancreas	CC10	Normal Epithelial cells
PDACNP_10_CCTTGTGAACGTGGTT-1	IU_PDA_NP11	Normal Pancreas	CC10	Normal Epithelial cells
PDACNP_10_CCTTTAAGGGAGCACT-1	IU_PDA_NP11	Normal Pancreas	CC10	Normal Epithelial cells
PDACNP_10_CCTTTCAATGAAGAAA-1	IU_PDA_NP11	Normal Pancreas	CC10	Normal Epithelial cells
PDACNP_10_CCTTTGAATTATGGCT-1	IU_PDA_NP11	Normal Pancreas	CC10	Normal Epithelial cells
PDACNP_10_CGAAACATAGATGGCA-1	IU_PDA_NP11	Normal Pancreas	CC10	Normal Epithelial cells
PDACNP_10_CGAAACGCAATTCATG-1	IU_PDA_NP11	Normal Pancreas	CC10	Normal Epithelial cells
PDACNP_10_CGAACAGTATGGGCGT-1	IU_PDA_NP11	Normal Pancreas	CC10	Normal Epithelial cells
PDACNP_10_CGAACCCGCATGCGTC-1	IU_PDA_NP11	Normal Pancreas	CC10	Normal Epithelial cells
PDACNP_10_CGAACCTCTTTCCTAG-1	IU_PDA_NP11	Normal Pancreas	CC10	Normal Epithelial cells
PDACNP_10_CGAACGCCCAGTGCCG-1	IU_PDA_NP11	Normal Pancreas	CC10	Normal Epithelial cells
PDACNP_10_CGAACGGCCGGACAAC-1	IU_PDA_NP11	Normal Pancreas	CC10	Normal Epithelial cells
PDACNP_10_CGAAGACGGTGAGTGC-1	IU_PDA_NP11	Normal Pancreas	CC10	Normal Epithelial cells
PDACNP_10_CGAAGATCAGTTTCAT-1	IU_PDA_NP11	Normal Pancreas	CC10	Normal Epithelial cells
PDACNP_10_CGAAGCCACAGCATGG-1	IU_PDA_NP11	Normal Pancreas	CC10	Normal Epithelial cells
PDACNP_10_CGAAGCTATAAATTCA-1	IU_PDA_NP11	Normal Pancreas	CC10	Normal Epithelial cells
PDACNP_10_CGAAGGGTTTCAGATT-1	IU_PDA_NP11	Normal Pancreas	CC10	Normal Epithelial cells
PDACNP_10_CGAAGTTGCTCTGTGT-1	IU_PDA_NP11	Normal Pancreas	CC10	Normal Epithelial cells
PDACNP_10_CGAATCTGCTCGACGC-1	IU_PDA_NP11	Normal Pancreas	CC10	Normal Epithelial cells
PDACNP_10_CGAATGAAGTCATTGC-1	IU_PDA_NP11	Normal Pancreas	CC10	Normal Epithelial cells
PDACNP_10_CGAATGACGCATAATG-1	IU_PDA_NP11	Normal Pancreas	CC10	Normal Epithelial cells
PDACNP_10_CGAATGGTAGGTCGTC-1	IU_PDA_NP11	Normal Pancreas	CC10	Normal Epithelial cells
PDACNP_10_CGACAATTTGATCTAA-1	IU_PDA_NP11	Normal Pancreas	CC10	Normal Epithelial cells
PDACNP_10_CGACACGCTCCGACAG-1	IU_PDA_NP11	Normal Pancreas	CC10	Normal Epithelial cells
PDACNP_10_CGACAGTTCGCGTTAT-1	IU_PDA_NP11	Normal Pancreas	CC10	Normal Epithelial cells
PDACNP_10_CGACCCTTAACGCCGG-1	IU_PDA_NP11	Normal Pancreas	CC10	Normal Epithelial cells
PDACNP_10_CGACCGTTGGTATTCG-1	IU_PDA_NP11	Normal Pancreas	CC10	Normal Epithelial cells
PDACNP_10_CGACGCATCCGTACCT-1	IU_PDA_NP11	Normal Pancreas	CC10	Normal Epithelial cells
PDACNP_10_CGACTCAGGATGTTAT-1	IU_PDA_NP11	Normal Pancreas	CC10	Normal Epithelial cells
PDACNP_10_CGACTTGCCGGGAAAT-1	IU_PDA_NP11	Normal Pancreas	CC10	Normal Epithelial cells
PDACNP_10_CGACTTTGTATAGCCT-1	IU_PDA_NP11	Normal Pancreas	CC10	Normal Epithelial cells
PDACNP_10_CGAGACCCTAGAGTGT-1	IU_PDA_NP11	Normal Pancreas	CC10	Normal Epithelial cells
PDACNP_10_CGAGACTACTGCTGCT-1	IU_PDA_NP11	Normal Pancreas	CC10	Normal Epithelial cells
PDACNP_10_CGAGAGATGTGAACCT-1	IU_PDA_NP11	Normal Pancreas	CC10	Normal Epithelial cells
PDACNP_10_CGAGAGCGCGTAGATA-1	IU_PDA_NP11	Normal Pancreas	CC10	Normal Epithelial cells
PDACNP_10_CGAGAGCTTTCACTAC-1	IU_PDA_NP11	Normal Pancreas	CC10	Normal Epithelial cells
PDACNP_10_CGAGAGGGTAGCCGCG-1	IU_PDA_NP11	Normal Pancreas	CC10	Normal Epithelial cells
PDACNP_10_CGAGCACTTCAAGTTT-1	IU_PDA_NP11	Normal Pancreas	CC10	Normal Epithelial cells
PDACNP_10_CGAGCGTTGATCAGCC-1	IU_PDA_NP11	Normal Pancreas	CC10	Normal Epithelial cells
PDACNP_10_CGAGCTGGGCTTTAGG-1	IU_PDA_NP11	Normal Pancreas	CC10	Normal Epithelial cells
PDACNP_10_CGAGGATCGGGAACGA-1	IU_PDA_NP11	Normal Pancreas	CC10	Normal Epithelial cells
PDACNP_10_CGAGGCCAGGCATTGG-1	IU_PDA_NP11	Normal Pancreas	CC10	Normal Epithelial cells
PDACNP_10_CGAGGCTAAATATGGC-1	IU_PDA_NP11	Normal Pancreas	CC10	Normal Epithelial cells
PDACNP_10_CGAGGGACTGCGGTCG-1	IU_PDA_NP11	Normal Pancreas	CC10	Normal Epithelial cells
PDACNP_10_CGAGGGTATCCAGGTG-1	IU_PDA_NP11	Normal Pancreas	CC10	Normal Epithelial cells
PDACNP_10_CGAGTACTAAAGAGGA-1	IU_PDA_NP11	Normal Pancreas	CC10	Normal Epithelial cells
PDACNP_10_CGAGTGAAGGTACCAG-1	IU_PDA_NP11	Normal Pancreas	CC10	Normal Epithelial cells
PDACNP_10_CGAGTGCTATAGTTCG-1	IU_PDA_NP11	Normal Pancreas	CC10	Normal Epithelial cells
PDACNP_10_CGAGTTCTGTCCCACC-1	IU_PDA_NP11	Normal Pancreas	CC10	Normal Epithelial cells
PDACNP_10_CGAGTTTATCGGACTG-1	IU_PDA_NP11	Normal Pancreas	CC10	Normal Epithelial cells
PDACNP_10_CGATACCTCGCGGACA-1	IU_PDA_NP11	Normal Pancreas	CC10	Normal Epithelial cells
PDACNP_10_CGATAGCGATACAGTG-1	IU_PDA_NP11	Normal Pancreas	CC10	Normal Epithelial cells
PDACNP_10_CGATAGTCGTACTGCA-1	IU_PDA_NP11	Normal Pancreas	CC10	Normal Epithelial cells
PDACNP_10_CGATATTAGCCGCAGG-1	IU_PDA_NP11	Normal Pancreas	CC10	Normal Epithelial cells
PDACNP_10_CGATCCACCATTGTTG-1	IU_PDA_NP11	Normal Pancreas	CC10	Normal Epithelial cells
PDACNP_10_CGATCCGACCCAGTGC-1	IU_PDA_NP11	Normal Pancreas	CC10	Normal Epithelial cells
PDACNP_10_CGATCCTCGCAACATA-1	IU_PDA_NP11	Normal Pancreas	CC10	Normal Epithelial cells
PDACNP_10_CGATCGAGAAGCACCA-1	IU_PDA_NP11	Normal Pancreas	CC10	Normal Epithelial cells
PDACNP_10_CGATCTGTTGGAGGAC-1	IU_PDA_NP11	Normal Pancreas	CC10	Normal Epithelial cells
PDACNP_10_CGATGGACCCTACGCC-1	IU_PDA_NP11	Normal Pancreas	CC10	Normal Epithelial cells
PDACNP_10_CGATGTTGTTATCTAC-1	IU_PDA_NP11	Normal Pancreas	CC10	Normal Epithelial cells
PDACNP_10_CGATTAAATATCTCCT-1	IU_PDA_NP11	Normal Pancreas	CC10	Normal Epithelial cells
PDACNP_10_CGATTCGCCTGGCTGC-1	IU_PDA_NP11	Normal Pancreas	CC10	Normal Epithelial cells
PDACNP_10_CGATTTGTCATTAATG-1	IU_PDA_NP11	Normal Pancreas	CC10	Normal Epithelial cells
PDACNP_10_CGCAAACACGAGTTAC-1	IU_PDA_NP11	Normal Pancreas	CC10	Normal Epithelial cells
PDACNP_10_CGCAATTACTTTCGGT-1	IU_PDA_NP11	Normal Pancreas	CC10	Normal Epithelial cells
PDACNP_10_CGCAATTAGGGTAATA-1	IU_PDA_NP11	Normal Pancreas	CC10	Normal Epithelial cells
PDACNP_10_CGCAATTCTACAATAA-1	IU_PDA_NP11	Normal Pancreas	CC10	Normal Epithelial cells
PDACNP_10_CGCACATGTCCACTAC-1	IU_PDA_NP11	Normal Pancreas	CC10	Normal Epithelial cells
PDACNP_10_CGCACGTCTGTTTATG-1	IU_PDA_NP11	Normal Pancreas	CC10	Normal Epithelial cells
PDACNP_10_CGCACGTGCGCTATCA-1	IU_PDA_NP11	Normal Pancreas	CC10	Normal Epithelial cells
PDACNP_10_CGCAGATCTTCACCCG-1	IU_PDA_NP11	Normal Pancreas	CC10	Normal Epithelial cells
PDACNP_10_CGCAGGCGATCCAAAC-1	IU_PDA_NP11	Normal Pancreas	CC10	Normal Epithelial cells
PDACNP_10_CGCATCCATCAGCCAG-1	IU_PDA_NP11	Normal Pancreas	CC10	Normal Epithelial cells
PDACNP_10_CGCATGCCGAATGCGT-1	IU_PDA_NP11	Normal Pancreas	CC10	Normal Epithelial cells
PDACNP_10_CGCATGGTGCGATGCT-1	IU_PDA_NP11	Normal Pancreas	CC10	Normal Epithelial cells
PDACNP_10_CGCATTAGCTAATAGG-1	IU_PDA_NP11	Normal Pancreas	CC10	Normal Epithelial cells
PDACNP_10_CGCCAAGAAGCCGAGT-1	IU_PDA_NP11	Normal Pancreas	CC10	Normal Epithelial cells
PDACNP_10_CGCCACAGGTCGCGAT-1	IU_PDA_NP11	Normal Pancreas	CC10	Normal Epithelial cells
PDACNP_10_CGCCACCCGCATTAAC-1	IU_PDA_NP11	Normal Pancreas	CC10	Normal Epithelial cells
PDACNP_10_CGCCAGTAGTACCTTG-1	IU_PDA_NP11	Normal Pancreas	CC10	Normal Epithelial cells
PDACNP_10_CGCCATCCGATTATGA-1	IU_PDA_NP11	Normal Pancreas	CC10	Normal Epithelial cells
PDACNP_10_CGCCCAGCACGCCTAG-1	IU_PDA_NP11	Normal Pancreas	CC10	Normal Epithelial cells
PDACNP_10_CGCCCAGCGTTTCACG-1	IU_PDA_NP11	Normal Pancreas	CC10	Normal Epithelial cells
PDACNP_10_CGCCCGCTTCCGTACA-1	IU_PDA_NP11	Normal Pancreas	CC10	Normal Epithelial cells
PDACNP_10_CGCCCTAATTGTTCAA-1	IU_PDA_NP11	Normal Pancreas	CC10	Normal Epithelial cells
PDACNP_10_CGCCCTTGAAGGCTGA-1	IU_PDA_NP11	Normal Pancreas	CC10	Normal Epithelial cells
PDACNP_10_CGCCGACTATTCGCTA-1	IU_PDA_NP11	Normal Pancreas	CC10	Normal Epithelial cells
PDACNP_10_CGCCGCCCATGCCTGT-1	IU_PDA_NP11	Normal Pancreas	CC10	Normal Epithelial cells
PDACNP_10_CGCCGCGTTCTGAACG-1	IU_PDA_NP11	Normal Pancreas	CC10	Normal Epithelial cells
PDACNP_10_CGCCGTCTACCCATCG-1	IU_PDA_NP11	Normal Pancreas	CC10	Normal Epithelial cells
PDACNP_10_CGCCGTTCAGCATAGT-1	IU_PDA_NP11	Normal Pancreas	CC10	Normal Epithelial cells
PDACNP_10_CGCCTCCCTCCTCTAT-1	IU_PDA_NP11	Normal Pancreas	CC10	Normal Epithelial cells
PDACNP_10_CGCCTGGCCTACGTAA-1	IU_PDA_NP11	Normal Pancreas	CC10	Normal Epithelial cells
PDACNP_10_CGCGAAGTGGCATACT-1	IU_PDA_NP11	Normal Pancreas	CC10	Normal Epithelial cells
PDACNP_10_CGCGACACTGCGCAGC-1	IU_PDA_NP11	Normal Pancreas	CC10	Normal Epithelial cells
PDACNP_10_CGCGACCGCGACAGAT-1	IU_PDA_NP11	Normal Pancreas	CC10	Normal Epithelial cells
PDACNP_10_CGCGAGAGGGACTTGT-1	IU_PDA_NP11	Normal Pancreas	CC10	Normal Epithelial cells
PDACNP_10_CGCGAGTCTGCCGGGT-1	IU_PDA_NP11	Normal Pancreas	CC10	Normal Epithelial cells
PDACNP_10_CGCGCAAATGTCCAGA-1	IU_PDA_NP11	Normal Pancreas	CC10	Normal Epithelial cells
PDACNP_10_CGCGCATGTTTGATTG-1	IU_PDA_NP11	Normal Pancreas	CC10	Normal Epithelial cells
PDACNP_10_CGCGCCCGACTTAATA-1	IU_PDA_NP11	Normal Pancreas	CC10	Normal Epithelial cells
PDACNP_10_CGCGGCAGTATTACGG-1	IU_PDA_NP11	Normal Pancreas	CC10	Normal Epithelial cells
PDACNP_10_CGCGGCTCAACTTGAA-1	IU_PDA_NP11	Normal Pancreas	CC10	Normal Epithelial cells
PDACNP_10_CGCGGGAATTAGGCAG-1	IU_PDA_NP11	Normal Pancreas	CC10	Normal Epithelial cells
PDACNP_10_CGCGGGAATTCCTTTC-1	IU_PDA_NP11	Normal Pancreas	CC10	Normal Epithelial cells
PDACNP_10_CGCGGTCACAAACCAA-1	IU_PDA_NP11	Normal Pancreas	CC10	Normal Epithelial cells
PDACNP_10_CGCGTTCATGAAATAC-1	IU_PDA_NP11	Normal Pancreas	CC10	Normal Epithelial cells
PDACNP_10_CGCTACGGGACATTTA-1	IU_PDA_NP11	Normal Pancreas	CC10	Normal Epithelial cells
PDACNP_10_CGCTAGAGACCGCTGC-1	IU_PDA_NP11	Normal Pancreas	CC10	Normal Epithelial cells
PDACNP_10_CGCTATACCGCCCACT-1	IU_PDA_NP11	Normal Pancreas	CC10	Normal Epithelial cells
PDACNP_10_CGCTATTCAATGTATG-1	IU_PDA_NP11	Normal Pancreas	CC10	Normal Epithelial cells
PDACNP_10_CGCTATTCTTAGGCTC-1	IU_PDA_NP11	Normal Pancreas	CC10	Normal Epithelial cells
PDACNP_10_CGCTCGACATAATGAT-1	IU_PDA_NP11	Normal Pancreas	CC10	Normal Epithelial cells
PDACNP_10_CGCTCTCCGTAGATTA-1	IU_PDA_NP11	Normal Pancreas	CC10	Normal Epithelial cells
PDACNP_10_CGCTGGTGACTACCCT-1	IU_PDA_NP11	Normal Pancreas	CC10	Normal Epithelial cells
PDACNP_10_CGCTGTGACGCCGCAC-1	IU_PDA_NP11	Normal Pancreas	CC10	Normal Epithelial cells
PDACNP_10_CGCTGTGTGGATGTTG-1	IU_PDA_NP11	Normal Pancreas	CC10	Normal Epithelial cells
PDACNP_10_CGCTTAGTATTGATAC-1	IU_PDA_NP11	Normal Pancreas	CC10	Normal Epithelial cells
PDACNP_10_CGCTTATTCCCGGTCG-1	IU_PDA_NP11	Normal Pancreas	CC10	Normal Epithelial cells
PDACNP_10_CGCTTCCACTGAAATC-1	IU_PDA_NP11	Normal Pancreas	CC10	Normal Epithelial cells
PDACNP_10_CGCTTCGGTCTAAGAC-1	IU_PDA_NP11	Normal Pancreas	CC10	Normal Epithelial cells
PDACNP_10_CGCTTTCATACCGGTG-1	IU_PDA_NP11	Normal Pancreas	CC10	Normal Epithelial cells
PDACNP_10_CGCTTTCCGCCAAGGT-1	IU_PDA_NP11	Normal Pancreas	CC10	Normal Epithelial cells
PDACNP_10_CGCTTTCTTGCATTCG-1	IU_PDA_NP11	Normal Pancreas	CC10	Normal Epithelial cells
PDACNP_10_CGGAAAGAATCAAACG-1	IU_PDA_NP11	Normal Pancreas	CC10	Normal Epithelial cells
PDACNP_10_CGGAAAGCAAATGTGC-1	IU_PDA_NP11	Normal Pancreas	CC10	Normal Epithelial cells
PDACNP_10_CGGAACGTAAACATAG-1	IU_PDA_NP11	Normal Pancreas	CC10	Normal Epithelial cells
PDACNP_10_CGGACCTCTGTAGTTA-1	IU_PDA_NP11	Normal Pancreas	CC10	Normal Epithelial cells
PDACNP_10_CGGACCTTTACGTCCC-1	IU_PDA_NP11	Normal Pancreas	CC10	Normal Epithelial cells
PDACNP_10_CGGACGTTACTTGAAG-1	IU_PDA_NP11	Normal Pancreas	CC10	Normal Epithelial cells
PDACNP_10_CGGAGCAATTTAATCG-1	IU_PDA_NP11	Normal Pancreas	CC10	Normal Epithelial cells
PDACNP_10_CGGAGCATGGCGATCC-1	IU_PDA_NP11	Normal Pancreas	CC10	Normal Epithelial cells
PDACNP_10_CGGAGCTTATAACACC-1	IU_PDA_NP11	Normal Pancreas	CC3	Normal Epithelial cells
PDACNP_10_CGGAGTTTGAGAGACA-1	IU_PDA_NP11	Normal Pancreas	CC10	Normal Epithelial cells
PDACNP_10_CGGATAAGCGGACATG-1	IU_PDA_NP11	Normal Pancreas	CC10	Normal Epithelial cells
PDACNP_10_CGGATCCTCAAGGACT-1	IU_PDA_NP11	Normal Pancreas	CC10	Normal Epithelial cells
PDACNP_10_CGGATGAATGCTGTGA-1	IU_PDA_NP11	Normal Pancreas	CC10	Normal Epithelial cells
PDACNP_10_CGGATTCTGCCTTATG-1	IU_PDA_NP11	Normal Pancreas	CC10	Normal Epithelial cells
PDACNP_10_CGGCAAACATCGTGCG-1	IU_PDA_NP11	Normal Pancreas	CC10	Normal Epithelial cells
PDACNP_10_CGGCAATAAGATCGCC-1	IU_PDA_NP11	Normal Pancreas	CC10	Normal Epithelial cells
PDACNP_10_CGGCACCGTTAGCGCC-1	IU_PDA_NP11	Normal Pancreas	CC2	Normal Epithelial cells
PDACNP_10_CGGCACTCAAGAAAGT-1	IU_PDA_NP11	Normal Pancreas	CC10	Normal Epithelial cells
PDACNP_10_CGGCAGGGTCGGGTTG-1	IU_PDA_NP11	Normal Pancreas	CC10	Normal Epithelial cells
PDACNP_10_CGGCCACGCACAAAGT-1	IU_PDA_NP11	Normal Pancreas	CC10	Normal Epithelial cells
PDACNP_10_CGGCCAGAGCGACCAT-1	IU_PDA_NP11	Normal Pancreas	CC10	Normal Epithelial cells
PDACNP_10_CGGCCCAACCTGTAGT-1	IU_PDA_NP11	Normal Pancreas	CC10	Hepatocytes
PDACNP_10_CGGCCCAGGTATATCC-1	IU_PDA_NP11	Normal Pancreas	CC10	Normal Epithelial cells
PDACNP_10_CGGCGCCATCAATCCC-1	IU_PDA_NP11	Normal Pancreas	CC10	Normal Epithelial cells
PDACNP_10_CGGCTCTAAAGCTGCA-1	IU_PDA_NP11	Normal Pancreas	CC10	Normal Epithelial cells
PDACNP_10_CGGCTTTGTATGATAA-1	IU_PDA_NP11	Normal Pancreas	CC10	Normal Epithelial cells
PDACNP_10_CGGGAACGCCCTGCAT-1	IU_PDA_NP11	Normal Pancreas	CC10	Normal Epithelial cells
PDACNP_10_CGGGAAGTACCGTGGC-1	IU_PDA_NP11	Normal Pancreas	CC10	Normal Epithelial cells
PDACNP_10_CGGGAATATAGTATAC-1	IU_PDA_NP11	Normal Pancreas	CC10	Normal Epithelial cells
PDACNP_10_CGGGAATTTATGTAAA-1	IU_PDA_NP11	Normal Pancreas	CC10	Normal Epithelial cells
PDACNP_10_CGGGAGCTTCAGTGTA-1	IU_PDA_NP11	Normal Pancreas	CC10	Normal Epithelial cells
PDACNP_10_CGGGAGTATACCGCCG-1	IU_PDA_NP11	Normal Pancreas	CC10	Normal Epithelial cells
PDACNP_10_CGGGATCAATGTAAGA-1	IU_PDA_NP11	Normal Pancreas	CC10	Normal Epithelial cells
PDACNP_10_CGGGCAGCTAAACCGC-1	IU_PDA_NP11	Normal Pancreas	CC10	Normal Epithelial cells
PDACNP_10_CGGGCCATAGCCGCAC-1	IU_PDA_NP11	Normal Pancreas	CC10	Normal Epithelial cells
PDACNP_10_CGGGCCTTCTTTGTAA-1	IU_PDA_NP11	Normal Pancreas	CC10	Normal Epithelial cells
PDACNP_10_CGGGCGATGGATCACG-1	IU_PDA_NP11	Normal Pancreas	CC10	Normal Epithelial cells
PDACNP_10_CGGGTGTACCCATTTA-1	IU_PDA_NP11	Normal Pancreas	CC10	Normal Epithelial cells
PDACNP_10_CGGTACGGCAAACCCA-1	IU_PDA_NP11	Normal Pancreas	CC10	Normal Epithelial cells
PDACNP_10_CGGTACTAGAATCAAA-1	IU_PDA_NP11	Normal Pancreas	CC10	Normal Epithelial cells
PDACNP_10_CGGTAGAGGTGCAGGT-1	IU_PDA_NP11	Normal Pancreas	CC10	Normal Epithelial cells
PDACNP_10_CGGTATAGGTATTAGC-1	IU_PDA_NP11	Normal Pancreas	CC10	Normal Epithelial cells
PDACNP_10_CGGTATGGGCACTCTG-1	IU_PDA_NP11	Normal Pancreas	CC10	Normal Epithelial cells
PDACNP_10_CGGTCAAGTGGGAACC-1	IU_PDA_NP11	Normal Pancreas	CC10	Normal Epithelial cells
PDACNP_10_CGGTCCGTCGCAAGCC-1	IU_PDA_NP11	Normal Pancreas	CC10	Normal Epithelial cells
PDACNP_10_CGGTCTATCAACCCGT-1	IU_PDA_NP11	Normal Pancreas	CC10	Normal Epithelial cells
PDACNP_10_CGGTGAAGACTAAAGT-1	IU_PDA_NP11	Normal Pancreas	CC10	Normal Epithelial cells
PDACNP_10_CGGTGCAGATAGAACG-1	IU_PDA_NP11	Normal Pancreas	CC10	Normal Epithelial cells
PDACNP_10_CGGTGCGCGTTGGTCC-1	IU_PDA_NP11	Normal Pancreas	CC10	Normal Epithelial cells
PDACNP_10_CGGTGGGCTCCAGCCT-1	IU_PDA_NP11	Normal Pancreas	CC10	Normal Epithelial cells
PDACNP_10_CGGTGTACTTGATCCC-1	IU_PDA_NP11	Normal Pancreas	CC10	Normal Epithelial cells
PDACNP_10_CGGTTATCCAACAGTG-1	IU_PDA_NP11	Normal Pancreas	CC10	Normal Epithelial cells
PDACNP_10_CGGTTCAAGTAGGTGT-1	IU_PDA_NP11	Normal Pancreas	CC10	Normal Epithelial cells
PDACNP_10_CGGTTCCGGCTTCTTG-1	IU_PDA_NP11	Normal Pancreas	CC10	Normal Epithelial cells
PDACNP_10_CGGTTGACCTGGCATA-1	IU_PDA_NP11	Normal Pancreas	CC10	Normal Epithelial cells
PDACNP_10_CGGTTGAGTATCCTTC-1	IU_PDA_NP11	Normal Pancreas	CC10	Normal Epithelial cells
PDACNP_10_CGGTTGGGCAGGGTCC-1	IU_PDA_NP11	Normal Pancreas	CC10	Normal Epithelial cells
PDACNP_10_CGGTTTACTGAACATT-1	IU_PDA_NP11	Normal Pancreas	CC10	Normal Epithelial cells
PDACNP_10_CGTAAACGCTTGAGTG-1	IU_PDA_NP11	Normal Pancreas	CC10	Normal Epithelial cells
PDACNP_10_CGTAAAGCAAGAAATC-1	IU_PDA_NP11	Normal Pancreas	CC10	Normal Epithelial cells
PDACNP_10_CGTAAATAACAAAGGG-1	IU_PDA_NP11	Normal Pancreas	CC10	Normal Epithelial cells
PDACNP_10_CGTAACTTCGACACTT-1	IU_PDA_NP11	Normal Pancreas	CC10	Normal Epithelial cells
PDACNP_10_CGTAATAATTACGAGT-1	IU_PDA_NP11	Normal Pancreas	CC10	Normal Epithelial cells
PDACNP_10_CGTACCGAAAGTCTAG-1	IU_PDA_NP11	Normal Pancreas	CC10	Normal Epithelial cells
PDACNP_10_CGTACCTGATAGGCCT-1	IU_PDA_NP11	Normal Pancreas	CC10	Normal Epithelial cells
PDACNP_10_CGTAGAGAGTAATTAT-1	IU_PDA_NP11	Normal Pancreas	CC10	Normal Epithelial cells
PDACNP_10_CGTAGCGAATTGTCAG-1	IU_PDA_NP11	Normal Pancreas	CC10	Normal Epithelial cells
PDACNP_10_CGTATTAAGAGATCTA-1	IU_PDA_NP11	Normal Pancreas	CC10	Normal Epithelial cells
PDACNP_10_CGTATTGTTTGGCGCC-1	IU_PDA_NP11	Normal Pancreas	CC10	Normal Epithelial cells
PDACNP_10_CGTCAAGGCTATAAAT-1	IU_PDA_NP11	Normal Pancreas	CC10	Normal Epithelial cells
PDACNP_10_CGTCAATCTTTAACAT-1	IU_PDA_NP11	Normal Pancreas	CC10	Normal Epithelial cells
PDACNP_10_CGTCACGTCCATTGGT-1	IU_PDA_NP11	Normal Pancreas	CC10	Normal Epithelial cells
PDACNP_10_CGTCAGCTATTTACTC-1	IU_PDA_NP11	Normal Pancreas	CC10	Normal Epithelial cells
PDACNP_10_CGTCAGTGCGCACAAG-1	IU_PDA_NP11	Normal Pancreas	CC10	Normal Epithelial cells
PDACNP_10_CGTCATACCATATCCA-1	IU_PDA_NP11	Normal Pancreas	CC10	Normal Epithelial cells
PDACNP_10_CGTCCTCATCGCGTGC-1	IU_PDA_NP11	Normal Pancreas	CC10	Normal Epithelial cells
PDACNP_10_CGTCGCATGTGAGCCA-1	IU_PDA_NP11	Normal Pancreas	CC10	Normal Epithelial cells
PDACNP_10_CGTCGCGGCGGGATTT-1	IU_PDA_NP11	Normal Pancreas	CC10	Normal Epithelial cells
PDACNP_10_CGTCGCTTGGTTATAC-1	IU_PDA_NP11	Normal Pancreas	CC10	Normal Epithelial cells
PDACNP_10_CGTCGGATAGTGTTGA-1	IU_PDA_NP11	Normal Pancreas	CC10	Normal Epithelial cells
PDACNP_10_CGTCGGGTCTAAGCGC-1	IU_PDA_NP11	Normal Pancreas	CC10	Normal Epithelial cells
PDACNP_10_CGTCGTCCTTCGCGAA-1	IU_PDA_NP11	Normal Pancreas	CC10	Normal Epithelial cells
PDACNP_10_CGTCTGGAAGGGCCCG-1	IU_PDA_NP11	Normal Pancreas	CC10	Normal Epithelial cells
PDACNP_10_CGTCTTGAGTGTGACG-1	IU_PDA_NP11	Normal Pancreas	CC10	Normal Epithelial cells
PDACNP_10_CGTGAACTGACCCGAT-1	IU_PDA_NP11	Normal Pancreas	CC10	Normal Epithelial cells
PDACNP_10_CGTGAAGTTAATTCAC-1	IU_PDA_NP11	Normal Pancreas	CC10	Normal Epithelial cells
PDACNP_10_CGTGACATTGGGTCGT-1	IU_PDA_NP11	Normal Pancreas	CC4	Normal Epithelial cells
PDACNP_10_CGTGACCAGTCCTCTG-1	IU_PDA_NP11	Normal Pancreas	CC10	Normal Epithelial cells
PDACNP_10_CGTGCACACCACTGTA-1	IU_PDA_NP11	Normal Pancreas	CC10	Normal Epithelial cells
PDACNP_10_CGTGCAGACTGGGACA-1	IU_PDA_NP11	Normal Pancreas	CC10	Normal Epithelial cells
PDACNP_10_CGTGCATTGTCGACGC-1	IU_PDA_NP11	Normal Pancreas	CC10	Normal Epithelial cells
PDACNP_10_CGTGCCCTCCCGAAGA-1	IU_PDA_NP11	Normal Pancreas	CC10	Normal Epithelial cells
PDACNP_10_CGTGCTGGCCTAGTCG-1	IU_PDA_NP11	Normal Pancreas	CC10	Normal Epithelial cells
PDACNP_10_CGTGCTTCTACCTAAA-1	IU_PDA_NP11	Normal Pancreas	CC10	Normal Epithelial cells
PDACNP_10_CGTGGCCGAATATCTA-1	IU_PDA_NP11	Normal Pancreas	CC10	Normal Epithelial cells
PDACNP_10_CGTGGTACCCAAAGGC-1	IU_PDA_NP11	Normal Pancreas	CC10	Normal Epithelial cells
PDACNP_10_CGTGTATGGGAGCTGA-1	IU_PDA_NP11	Normal Pancreas	CC10	Normal Epithelial cells
PDACNP_10_CGTGTCCCATTCGCGA-1	IU_PDA_NP11	Normal Pancreas	CC10	Normal Epithelial cells
PDACNP_10_CGTGTCTCGTTACGAC-1	IU_PDA_NP11	Normal Pancreas	CC10	Normal Epithelial cells
PDACNP_10_CGTGTGTTAAACCCTG-1	IU_PDA_NP11	Normal Pancreas	CC10	Normal Epithelial cells
PDACNP_10_CGTTAAACTAGTTAGG-1	IU_PDA_NP11	Normal Pancreas	CC10	Normal Epithelial cells
PDACNP_10_CGTTAATGTCCCGACG-1	IU_PDA_NP11	Normal Pancreas	CC10	Normal Epithelial cells
PDACNP_10_CGTTAGCTCACAACTG-1	IU_PDA_NP11	Normal Pancreas	CC10	Normal Epithelial cells
PDACNP_10_CGTTATCATACTTCCA-1	IU_PDA_NP11	Normal Pancreas	CC10	Normal Epithelial cells
PDACNP_10_CGTTCAAGGAAACGGA-1	IU_PDA_NP11	Normal Pancreas	CC10	Normal Epithelial cells
PDACNP_10_CGTTCAGACCCGCGAA-1	IU_PDA_NP11	Normal Pancreas	CC10	Normal Epithelial cells
PDACNP_10_CGTTCATGGTGCGCGT-1	IU_PDA_NP11	Normal Pancreas	CC10	Normal Epithelial cells
PDACNP_10_CGTTCTTCGCACACCT-1	IU_PDA_NP11	Normal Pancreas	CC10	Normal Epithelial cells
PDACNP_10_CGTTGAATACCGCGCT-1	IU_PDA_NP11	Normal Pancreas	CC10	Normal Epithelial cells
PDACNP_10_CGTTGAGCGACCGTCG-1	IU_PDA_NP11	Normal Pancreas	CC10	Normal Epithelial cells
PDACNP_10_CGTTGAGTAATTGCGT-1	IU_PDA_NP11	Normal Pancreas	CC10	Normal Epithelial cells
PDACNP_10_CGTTGCCCGCGTGGGA-1	IU_PDA_NP11	Normal Pancreas	CC10	Normal Epithelial cells
PDACNP_10_CGTTGTAAACGTCAGG-1	IU_PDA_NP11	Normal Pancreas	CC10	Normal Epithelial cells
PDACNP_10_CGTTGTAAGATTGATT-1	IU_PDA_NP11	Normal Pancreas	CC10	Normal Epithelial cells
PDACNP_10_CGTTGTCGGCAATTGA-1	IU_PDA_NP11	Normal Pancreas	CC10	Normal Epithelial cells
PDACNP_10_CGTTGTTTCAATTCCC-1	IU_PDA_NP11	Normal Pancreas	CC10	Normal Epithelial cells
PDACNP_10_CGTTTAAGCGGAGCAC-1	IU_PDA_NP11	Normal Pancreas	CC10	Normal Epithelial cells
PDACNP_10_CGTTTACAAGGCAGCT-1	IU_PDA_NP11	Normal Pancreas	CC10	Normal Epithelial cells
PDACNP_10_CGTTTCACTTCGGGCG-1	IU_PDA_NP11	Normal Pancreas	CC10	Normal Epithelial cells
PDACNP_10_CGTTTCGCTCATTACA-1	IU_PDA_NP11	Normal Pancreas	CC10	Normal Epithelial cells
PDACNP_10_CGTTTGTGTAGAGGGT-1	IU_PDA_NP11	Normal Pancreas	CC10	Normal Epithelial cells
PDACNP_10_CTAAAGAATGCCTACT-1	IU_PDA_NP11	Normal Pancreas	CC10	Normal Epithelial cells
PDACNP_10_CTAAAGGGAAATAGGA-1	IU_PDA_NP11	Normal Pancreas	CC10	Normal Epithelial cells
PDACNP_10_CTAAATCCGGTGTACA-1	IU_PDA_NP11	Normal Pancreas	CC10	Normal Epithelial cells
PDACNP_10_CTAAATCCTATTCCGG-1	IU_PDA_NP11	Normal Pancreas	CC10	Normal Epithelial cells
PDACNP_10_CTAACAGCACAATAAC-1	IU_PDA_NP11	Normal Pancreas	CC10	Normal Epithelial cells
PDACNP_10_CTAACCGCGCGCCCGT-1	IU_PDA_NP11	Normal Pancreas	CC10	Normal Epithelial cells
PDACNP_10_CTAACGAAACTTGCTG-1	IU_PDA_NP11	Normal Pancreas	CC10	Normal Epithelial cells
PDACNP_10_CTAACTGATAATCGCC-1	IU_PDA_NP11	Normal Pancreas	CC10	Normal Epithelial cells
PDACNP_10_CTAACTGGTCCGGTTC-1	IU_PDA_NP11	Normal Pancreas	CC10	Normal Epithelial cells
PDACNP_10_CTAAGGGAATGATTGG-1	IU_PDA_NP11	Normal Pancreas	CC10	Normal Epithelial cells
PDACNP_10_CTAATTCGCACGCGCT-1	IU_PDA_NP11	Normal Pancreas	CC10	Normal Epithelial cells
PDACNP_10_CTAATTCTCAGATATT-1	IU_PDA_NP11	Normal Pancreas	CC10	Normal Epithelial cells
PDACNP_10_CTAATTTCAACAACAC-1	IU_PDA_NP11	Normal Pancreas	CC10	Normal Epithelial cells
PDACNP_10_CTACAAGAAATAACCC-1	IU_PDA_NP11	Normal Pancreas	CC10	Normal Epithelial cells
PDACNP_10_CTACACTCGCAGATGG-1	IU_PDA_NP11	Normal Pancreas	CC10	Normal Epithelial cells
PDACNP_10_CTACATATCGCGGGAC-1	IU_PDA_NP11	Normal Pancreas	CC10	Normal Epithelial cells
PDACNP_10_CTACCCTAAGGTCATA-1	IU_PDA_NP11	Normal Pancreas	CC10	Normal Epithelial cells
PDACNP_10_CTACGACTAGCTATAA-1	IU_PDA_NP11	Normal Pancreas	CC10	Normal Epithelial cells
PDACNP_10_CTACGATCCTATCCTA-1	IU_PDA_NP11	Normal Pancreas	CC10	Normal Epithelial cells
PDACNP_10_CTACGCACGGAGTACC-1	IU_PDA_NP11	Normal Pancreas	CC10	Normal Epithelial cells
PDACNP_10_CTACGCCATTTCCGAT-1	IU_PDA_NP11	Normal Pancreas	CC10	Normal Epithelial cells
PDACNP_10_CTACGTGTTGCCACCA-1	IU_PDA_NP11	Normal Pancreas	CC10	Normal Epithelial cells
PDACNP_10_CTACTATCATAGGTTT-1	IU_PDA_NP11	Normal Pancreas	CC10	Normal Epithelial cells
PDACNP_10_CTACTATCTTTCAGAG-1	IU_PDA_NP11	Normal Pancreas	CC10	Normal Epithelial cells
PDACNP_10_CTACTCAAGGTATAGT-1	IU_PDA_NP11	Normal Pancreas	CC10	Normal Epithelial cells
PDACNP_10_CTACTCTAGGCCCGGC-1	IU_PDA_NP11	Normal Pancreas	CC10	Normal Epithelial cells
PDACNP_10_CTACTGCCACCTGACC-1	IU_PDA_NP11	Normal Pancreas	CC10	Normal Epithelial cells
PDACNP_10_CTAGATAAACTCCTCG-1	IU_PDA_NP11	Normal Pancreas	CC10	Normal Epithelial cells
PDACNP_10_CTAGATGTGAGTGTAA-1	IU_PDA_NP11	Normal Pancreas	CC10	Normal Epithelial cells
PDACNP_10_CTAGATTTACGACGGC-1	IU_PDA_NP11	Normal Pancreas	CC10	Normal Epithelial cells
PDACNP_10_CTAGCATAGTATAATG-1	IU_PDA_NP11	Normal Pancreas	CC10	Normal Epithelial cells
PDACNP_10_CTAGCCGATGTTATGA-1	IU_PDA_NP11	Normal Pancreas	CC10	Normal Epithelial cells
PDACNP_10_CTAGGCGCCCTATCAG-1	IU_PDA_NP11	Normal Pancreas	CC10	Normal Epithelial cells
PDACNP_10_CTAGGGATAGGGACAA-1	IU_PDA_NP11	Normal Pancreas	CC10	Normal Epithelial cells
PDACNP_10_CTAGGTCTGAAGGAAT-1	IU_PDA_NP11	Normal Pancreas	CC10	Normal Epithelial cells
PDACNP_10_CTAGGTTCGGACGTGA-1	IU_PDA_NP11	Normal Pancreas	CC10	Normal Epithelial cells
PDACNP_10_CTAGTAGAAAGGGATT-1	IU_PDA_NP11	Normal Pancreas	CC10	Normal Epithelial cells
PDACNP_10_CTAGTATTCGGAATTA-1	IU_PDA_NP11	Normal Pancreas	CC10	Normal Epithelial cells
PDACNP_10_CTAGTCACGTCTTAAG-1	IU_PDA_NP11	Normal Pancreas	CC10	Normal Epithelial cells
PDACNP_10_CTAGTGAAGGACAGGA-1	IU_PDA_NP11	Normal Pancreas	CC10	Normal Epithelial cells
PDACNP_10_CTAGTTACAACCCGGT-1	IU_PDA_NP11	Normal Pancreas	CC10	Normal Epithelial cells
PDACNP_10_CTAGTTGGGCCCGGTA-1	IU_PDA_NP11	Normal Pancreas	CC10	Normal Epithelial cells
PDACNP_10_CTATAAGAGCCAATCG-1	IU_PDA_NP11	Normal Pancreas	CC10	Normal Epithelial cells
PDACNP_10_CTATAAGTAGGGTTTG-1	IU_PDA_NP11	Normal Pancreas	CC10	Normal Epithelial cells
PDACNP_10_CTATACTTAAAGCGAG-1	IU_PDA_NP11	Normal Pancreas	CC10	Normal Epithelial cells
PDACNP_10_CTATAGGCGTTGATGT-1	IU_PDA_NP11	Normal Pancreas	CC10	Normal Epithelial cells
PDACNP_10_CTATATCCAGCCTGGC-1	IU_PDA_NP11	Normal Pancreas	CC10	Normal Epithelial cells
PDACNP_10_CTATCACAACGCTGGA-1	IU_PDA_NP11	Normal Pancreas	CC10	Normal Epithelial cells
PDACNP_10_CTATCGACGAAATACA-1	IU_PDA_NP11	Normal Pancreas	CC10	Normal Epithelial cells
PDACNP_10_CTATCGGGTCTCAACA-1	IU_PDA_NP11	Normal Pancreas	CC10	Normal Epithelial cells
PDACNP_10_CTATGAACACCTTGCC-1	IU_PDA_NP11	Normal Pancreas	CC10	Normal Epithelial cells
PDACNP_10_CTATGCCCGAATGCAA-1	IU_PDA_NP11	Normal Pancreas	CC10	Normal Epithelial cells
PDACNP_10_CTATGGGAAGCGGAAT-1	IU_PDA_NP11	Normal Pancreas	CC10	Normal Epithelial cells
PDACNP_10_CTATGTCACTAGCCCA-1	IU_PDA_NP11	Normal Pancreas	CC10	Normal Epithelial cells
PDACNP_10_CTATGTCTATTGAAAC-1	IU_PDA_NP11	Normal Pancreas	CC10	Normal Epithelial cells
PDACNP_10_CTATGTGAGTCACGGC-1	IU_PDA_NP11	Normal Pancreas	CC10	Normal Epithelial cells
PDACNP_10_CTATTCATGTGTCCCA-1	IU_PDA_NP11	Normal Pancreas	CC10	Normal Epithelial cells
PDACNP_10_CTATTGTGTTTGGTCA-1	IU_PDA_NP11	Normal Pancreas	CC10	Normal Epithelial cells
PDACNP_10_CTATTTGCTTGGAGGA-1	IU_PDA_NP11	Normal Pancreas	CC10	Normal Epithelial cells
PDACNP_10_CTATTTGGTTACGGAT-1	IU_PDA_NP11	Normal Pancreas	CC10	Normal Epithelial cells
PDACNP_10_CTCAAACCACTGCCCG-1	IU_PDA_NP11	Normal Pancreas	CC10	Normal Epithelial cells
PDACNP_10_CTCAACTAACCCGGAT-1	IU_PDA_NP11	Normal Pancreas	CC10	Normal Epithelial cells
PDACNP_10_CTCAAGACATTAGCGC-1	IU_PDA_NP11	Normal Pancreas	CC10	Normal Epithelial cells
PDACNP_10_CTCACATTTACTAAAT-1	IU_PDA_NP11	Normal Pancreas	CC10	Normal Epithelial cells
PDACNP_10_CTCACCAGTACAAGTG-1	IU_PDA_NP11	Normal Pancreas	CC10	Normal Epithelial cells
PDACNP_10_CTCACTGTGATACTTA-1	IU_PDA_NP11	Normal Pancreas	CC10	Normal Epithelial cells
PDACNP_10_CTCACTTGGCTGGTAA-1	IU_PDA_NP11	Normal Pancreas	CC10	Normal Epithelial cells
PDACNP_10_CTCAGAGCTAATGTCG-1	IU_PDA_NP11	Normal Pancreas	CC10	Normal Epithelial cells
PDACNP_10_CTCAGATTGTGATAAG-1	IU_PDA_NP11	Normal Pancreas	CC10	Normal Epithelial cells
PDACNP_10_CTCAGGACTCACCTGT-1	IU_PDA_NP11	Normal Pancreas	CC10	Normal Epithelial cells
PDACNP_10_CTCAGTCACGACAAAT-1	IU_PDA_NP11	Normal Pancreas	CC10	Normal Epithelial cells
PDACNP_10_CTCATAAATGTGTATA-1	IU_PDA_NP11	Normal Pancreas	CC10	Normal Epithelial cells
PDACNP_10_CTCATGGCTCACAATC-1	IU_PDA_NP11	Normal Pancreas	CC10	Normal Epithelial cells
PDACNP_10_CTCATGGTAATTTGCG-1	IU_PDA_NP11	Normal Pancreas	CC10	Normal Epithelial cells
PDACNP_10_CTCATTCGTGAACATC-1	IU_PDA_NP11	Normal Pancreas	CC10	Normal Epithelial cells
PDACNP_10_CTCATTGCTCTAACAA-1	IU_PDA_NP11	Normal Pancreas	CC10	Normal Epithelial cells
PDACNP_10_CTCATTTGATGGGCGG-1	IU_PDA_NP11	Normal Pancreas	CC10	Normal Epithelial cells
PDACNP_10_CTCCCTCCTTTCGATC-1	IU_PDA_NP11	Normal Pancreas	CC10	Normal Epithelial cells
PDACNP_10_CTCCCTTGTATCAAGG-1	IU_PDA_NP11	Normal Pancreas	CC10	Normal Epithelial cells
PDACNP_10_CTCCGCCCACATGAGG-1	IU_PDA_NP11	Normal Pancreas	CC10	Normal Epithelial cells
PDACNP_10_CTCCGGCCTAATATGC-1	IU_PDA_NP11	Normal Pancreas	CC10	Normal Epithelial cells
PDACNP_10_CTCCGGCTTGTAGACA-1	IU_PDA_NP11	Normal Pancreas	CC10	Normal Epithelial cells
PDACNP_10_CTCCTAAGTTATGTCT-1	IU_PDA_NP11	Normal Pancreas	CC10	Normal Epithelial cells
PDACNP_10_CTCCTAGTAATCGTGA-1	IU_PDA_NP11	Normal Pancreas	CC10	Normal Epithelial cells
PDACNP_10_CTCCTCCAGCTCACAC-1	IU_PDA_NP11	Normal Pancreas	CC10	Normal Epithelial cells
PDACNP_10_CTCCTTTACGCAAGTC-1	IU_PDA_NP11	Normal Pancreas	CC10	Normal Epithelial cells
PDACNP_10_CTCGAGACATACGATA-1	IU_PDA_NP11	Normal Pancreas	CC10	Normal Epithelial cells
PDACNP_10_CTCGAGATCCAAAGCA-1	IU_PDA_NP11	Normal Pancreas	CC10	Normal Epithelial cells
PDACNP_10_CTCGAGGCAAGTTTCA-1	IU_PDA_NP11	Normal Pancreas	CC10	Normal Epithelial cells
PDACNP_10_CTCGAGGTCGAACAGT-1	IU_PDA_NP11	Normal Pancreas	CC10	Normal Epithelial cells
PDACNP_10_CTCGATATTTGCGAGC-1	IU_PDA_NP11	Normal Pancreas	CC10	Normal Epithelial cells
PDACNP_10_CTCGCACCTATATAGT-1	IU_PDA_NP11	Normal Pancreas	CC10	Normal Epithelial cells
PDACNP_10_CTCGCATTGCATAGCC-1	IU_PDA_NP11	Normal Pancreas	CC10	Normal Epithelial cells
PDACNP_10_CTCGCCGAATGTAGGG-1	IU_PDA_NP11	Normal Pancreas	CC10	Normal Epithelial cells
PDACNP_10_CTCGCTAGGTAAGCGA-1	IU_PDA_NP11	Normal Pancreas	CC10	Normal Epithelial cells
PDACNP_10_CTCGGGTTCTCTGGCC-1	IU_PDA_NP11	Normal Pancreas	CC10	Normal Epithelial cells
PDACNP_10_CTCGGTACCACTGCTC-1	IU_PDA_NP11	Normal Pancreas	CC10	Normal Epithelial cells
PDACNP_10_CTCGGTCCGTAGCCTG-1	IU_PDA_NP11	Normal Pancreas	CC10	Normal Epithelial cells
PDACNP_10_CTCGGTTGTCGGCCCT-1	IU_PDA_NP11	Normal Pancreas	CC10	Normal Epithelial cells
PDACNP_10_CTCGTCGAGGGCTCAT-1	IU_PDA_NP11	Normal Pancreas	CC10	Normal Epithelial cells
PDACNP_10_CTCGTCTGTGCCTTCG-1	IU_PDA_NP11	Normal Pancreas	CC10	Normal Epithelial cells
PDACNP_10_CTCGTGGCACTGAAAG-1	IU_PDA_NP11	Normal Pancreas	CC10	Normal Epithelial cells
PDACNP_10_CTCGTTACGGCTACCA-1	IU_PDA_NP11	Normal Pancreas	CC10	Normal Epithelial cells
PDACNP_10_CTCGTTTCTAATGTTT-1	IU_PDA_NP11	Normal Pancreas	CC10	Normal Epithelial cells
PDACNP_10_CTCTAATGCATTGATC-1	IU_PDA_NP11	Normal Pancreas	CC10	Normal Epithelial cells
PDACNP_10_CTCTACACTGGCGATT-1	IU_PDA_NP11	Normal Pancreas	CC10	Normal Epithelial cells
PDACNP_10_CTCTACATCCTGCGTG-1	IU_PDA_NP11	Normal Pancreas	CC10	Normal Epithelial cells
PDACNP_10_CTCTAGCCCTCGGAAA-1	IU_PDA_NP11	Normal Pancreas	CC10	Normal Epithelial cells
PDACNP_10_CTCTATTTGGCTGCAG-1	IU_PDA_NP11	Normal Pancreas	CC10	Normal Epithelial cells
PDACNP_10_CTCTCACAATCGATGA-1	IU_PDA_NP11	Normal Pancreas	CC10	Normal Epithelial cells
PDACNP_10_CTCTCGCTGTACTATG-1	IU_PDA_NP11	Normal Pancreas	CC10	Normal Epithelial cells
PDACNP_10_CTCTCTAACTGCCTAG-1	IU_PDA_NP11	Normal Pancreas	CC10	Normal Epithelial cells
PDACNP_10_CTCTGCAGGCATTCTT-1	IU_PDA_NP11	Normal Pancreas	CC10	Normal Epithelial cells
PDACNP_10_CTCTGCGAAGCAAGCA-1	IU_PDA_NP11	Normal Pancreas	CC10	Normal Epithelial cells
PDACNP_10_CTCTGGACGCCTGGTG-1	IU_PDA_NP11	Normal Pancreas	CC10	Normal Epithelial cells
PDACNP_10_CTCTGTCCATGCACCA-1	IU_PDA_NP11	Normal Pancreas	CC10	Normal Epithelial cells
PDACNP_10_CTCTGTTTGAGGATTC-1	IU_PDA_NP11	Normal Pancreas	CC10	Normal Epithelial cells
PDACNP_10_CTCTTCTATTGACTGG-1	IU_PDA_NP11	Normal Pancreas	CC10	Normal Epithelial cells
PDACNP_10_CTCTTCTGGAAGTTAG-1	IU_PDA_NP11	Normal Pancreas	CC10	Normal Epithelial cells
PDACNP_10_CTCTTGTCCCGCTTGG-1	IU_PDA_NP11	Normal Pancreas	CC10	Normal Epithelial cells
PDACNP_10_CTGAAAGAGATCCGAC-1	IU_PDA_NP11	Normal Pancreas	CC10	Normal Epithelial cells
PDACNP_10_CTGAATCCGAGACCTC-1	IU_PDA_NP11	Normal Pancreas	CC10	Normal Epithelial cells
PDACNP_10_CTGAATTTATTGCCAG-1	IU_PDA_NP11	Normal Pancreas	CC10	Normal Epithelial cells
PDACNP_10_CTGACTGCGCAGCTCG-1	IU_PDA_NP11	Normal Pancreas	CC10	Normal Epithelial cells
PDACNP_10_CTGAGCAAGTAACAAG-1	IU_PDA_NP11	Normal Pancreas	CC10	Normal Epithelial cells
PDACNP_10_CTGATAGTGTATCTCA-1	IU_PDA_NP11	Normal Pancreas	CC10	Normal Epithelial cells
PDACNP_10_CTGATCCCTTTATGCA-1	IU_PDA_NP11	Normal Pancreas	CC10	Normal Epithelial cells
PDACNP_10_CTGCAAGCACGTTCCG-1	IU_PDA_NP11	Normal Pancreas	CC10	Normal Epithelial cells
PDACNP_10_CTGCACAACTACATAT-1	IU_PDA_NP11	Normal Pancreas	CC10	Normal Epithelial cells
PDACNP_10_CTGCACCTAGTCCACA-1	IU_PDA_NP11	Normal Pancreas	CC10	Normal Epithelial cells
PDACNP_10_CTGCACCTGGAACCGC-1	IU_PDA_NP11	Normal Pancreas	CC10	Normal Epithelial cells
PDACNP_10_CTGCACTCCAGTACAG-1	IU_PDA_NP11	Normal Pancreas	CC10	Normal Epithelial cells
PDACNP_10_CTGCAGAGAATCAGAG-1	IU_PDA_NP11	Normal Pancreas	CC10	Normal Epithelial cells
PDACNP_10_CTGCCAAGGTTGGAAG-1	IU_PDA_NP11	Normal Pancreas	CC10	Normal Epithelial cells
PDACNP_10_CTGCCATGCATCACAT-1	IU_PDA_NP11	Normal Pancreas	CC10	Normal Epithelial cells
PDACNP_10_CTGCCCACGAAGCGTT-1	IU_PDA_NP11	Normal Pancreas	CC10	Normal Epithelial cells
PDACNP_10_CTGCCTTTAATACCTT-1	IU_PDA_NP11	Normal Pancreas	CC10	Normal Epithelial cells
PDACNP_10_CTGCCTTTCTAGTAAA-1	IU_PDA_NP11	Normal Pancreas	CC10	Normal Epithelial cells
PDACNP_10_CTGCGACCTCGCCGAA-1	IU_PDA_NP11	Normal Pancreas	CC10	Normal Epithelial cells
PDACNP_10_CTGCGATTTCGAGATT-1	IU_PDA_NP11	Normal Pancreas	CC10	Normal Epithelial cells
PDACNP_10_CTGCGGGTGAAATGTT-1	IU_PDA_NP11	Normal Pancreas	CC10	Normal Epithelial cells
PDACNP_10_CTGCGGTAGTCACGTG-1	IU_PDA_NP11	Normal Pancreas	CC10	Normal Epithelial cells
PDACNP_10_CTGCGTTACGATATAA-1	IU_PDA_NP11	Normal Pancreas	CC10	Normal Epithelial cells
PDACNP_10_CTGCTCTGACGGCAAA-1	IU_PDA_NP11	Normal Pancreas	CC10	Normal Epithelial cells
PDACNP_10_CTGCTGAGGCCACGAA-1	IU_PDA_NP11	Normal Pancreas	CC10	Normal Epithelial cells
PDACNP_10_CTGCTTGGCGATAGCT-1	IU_PDA_NP11	Normal Pancreas	CC10	Normal Epithelial cells
PDACNP_10_CTGCTTTATGTCCGCG-1	IU_PDA_NP11	Normal Pancreas	CC10	Normal Epithelial cells
PDACNP_10_CTGGAAATGGATGCTT-1	IU_PDA_NP11	Normal Pancreas	CC10	Normal Epithelial cells
PDACNP_10_CTGGAAGACACGGTGG-1	IU_PDA_NP11	Normal Pancreas	CC10	Normal Epithelial cells
PDACNP_10_CTGGACGCAGTCCGGC-1	IU_PDA_NP11	Normal Pancreas	CC10	Normal Epithelial cells
PDACNP_10_CTGGATTTACACTTGA-1	IU_PDA_NP11	Normal Pancreas	CC10	Normal Epithelial cells
PDACNP_10_CTGGCATCCGAATGAG-1	IU_PDA_NP11	Normal Pancreas	CC10	Normal Epithelial cells
PDACNP_10_CTGGCGACATAAGTCC-1	IU_PDA_NP11	Normal Pancreas	CC7	Normal Epithelial cells
PDACNP_10_CTGGCGATTTACATGT-1	IU_PDA_NP11	Normal Pancreas	CC10	Normal Epithelial cells
PDACNP_10_CTGGCGCACAGGTCTG-1	IU_PDA_NP11	Normal Pancreas	CC10	Normal Epithelial cells
PDACNP_10_CTGGCGGGAATAAGTA-1	IU_PDA_NP11	Normal Pancreas	CC10	Normal Epithelial cells
PDACNP_10_CTGGCTCCTGCGGGAT-1	IU_PDA_NP11	Normal Pancreas	CC10	Normal Epithelial cells
PDACNP_10_CTGGCTGATTCATCCT-1	IU_PDA_NP11	Normal Pancreas	CC10	Normal Epithelial cells
PDACNP_10_CTGGCTGGTTGTCAGT-1	IU_PDA_NP11	Normal Pancreas	CC10	Normal Epithelial cells
PDACNP_10_CTGGGATAAATAATGG-1	IU_PDA_NP11	Normal Pancreas	CC10	Normal Epithelial cells
PDACNP_10_CTGGGCCTGCTATATC-1	IU_PDA_NP11	Normal Pancreas	CC10	Normal Epithelial cells
PDACNP_10_CTGGGCTACTGGAGAG-1	IU_PDA_NP11	Normal Pancreas	CC10	Normal Epithelial cells
PDACNP_10_CTGGGTAGGCAGTTAA-1	IU_PDA_NP11	Normal Pancreas	CC10	Normal Epithelial cells
PDACNP_10_CTGGGTTGAGTTAAAG-1	IU_PDA_NP11	Normal Pancreas	CC10	Normal Epithelial cells
PDACNP_10_CTGGTAAAGACTTACA-1	IU_PDA_NP11	Normal Pancreas	CC10	Normal Epithelial cells
PDACNP_10_CTGGTAACACATAGAA-1	IU_PDA_NP11	Normal Pancreas	CC10	Normal Epithelial cells
PDACNP_10_CTGGTAACGAGCTCTT-1	IU_PDA_NP11	Normal Pancreas	CC10	Normal Epithelial cells
PDACNP_10_CTGGTCATTCCAATCC-1	IU_PDA_NP11	Normal Pancreas	CC10	Normal Epithelial cells
PDACNP_10_CTGGTGAATGGGCCTA-1	IU_PDA_NP11	Normal Pancreas	CC10	Normal Epithelial cells
PDACNP_10_CTGGTTCAACGCATCA-1	IU_PDA_NP11	Normal Pancreas	CC10	Normal Epithelial cells
PDACNP_10_CTGGTTCGCGAGCTAC-1	IU_PDA_NP11	Normal Pancreas	CC10	Normal Epithelial cells
PDACNP_10_CTGGTTTCGAGCAAGA-1	IU_PDA_NP11	Normal Pancreas	CC10	Normal Epithelial cells
PDACNP_10_CTGTACTTCTTAGCAT-1	IU_PDA_NP11	Normal Pancreas	CC10	Normal Epithelial cells
PDACNP_10_CTGTAGCCATCTCACT-1	IU_PDA_NP11	Normal Pancreas	CC10	Normal Epithelial cells
PDACNP_10_CTGTAGTGAGGATCGA-1	IU_PDA_NP11	Normal Pancreas	CC10	Normal Epithelial cells
PDACNP_10_CTGTATGGTGTAGAAA-1	IU_PDA_NP11	Normal Pancreas	CC10	Normal Epithelial cells
PDACNP_10_CTGTCAAATGGCTCGG-1	IU_PDA_NP11	Normal Pancreas	CC10	Normal Epithelial cells
PDACNP_10_CTGTCCTGCGCACTAC-1	IU_PDA_NP11	Normal Pancreas	CC10	Normal Epithelial cells
PDACNP_10_CTGTGCAGGGTAGGTC-1	IU_PDA_NP11	Normal Pancreas	CC10	Normal Epithelial cells
PDACNP_10_CTGTGGTCGGGAGATA-1	IU_PDA_NP11	Normal Pancreas	CC10	Normal Epithelial cells
PDACNP_10_CTGTTACCCAATCTAG-1	IU_PDA_NP11	Normal Pancreas	CC10	Normal Epithelial cells
PDACNP_10_CTGTTCACTGCCTGTG-1	IU_PDA_NP11	Normal Pancreas	CC10	Normal Epithelial cells
PDACNP_10_CTGTTCATCTCACGGG-1	IU_PDA_NP11	Normal Pancreas	CC10	Normal Epithelial cells
PDACNP_10_CTGTTGTTCAGTCGTA-1	IU_PDA_NP11	Normal Pancreas	CC10	Normal Epithelial cells
PDACNP_10_CTTAAATAAGACCCAT-1	IU_PDA_NP11	Normal Pancreas	CC10	Normal Epithelial cells
PDACNP_10_CTTAACTTCGAAGTAC-1	IU_PDA_NP11	Normal Pancreas	CC10	Normal Epithelial cells
PDACNP_10_CTTAAGCAGCGAGCCG-1	IU_PDA_NP11	Normal Pancreas	CC10	Normal Epithelial cells
PDACNP_10_CTTAATCGACTTAGTA-1	IU_PDA_NP11	Normal Pancreas	CC10	Normal Epithelial cells
PDACNP_10_CTTACACGGTATTCCA-1	IU_PDA_NP11	Normal Pancreas	CC10	Normal Epithelial cells
PDACNP_10_CTTACACTGGGAAATA-1	IU_PDA_NP11	Normal Pancreas	CC10	Normal Epithelial cells
PDACNP_10_CTTACATAGATTTCTT-1	IU_PDA_NP11	Normal Pancreas	CC10	Normal Epithelial cells
PDACNP_10_CTTAGATGTTTCATCC-1	IU_PDA_NP11	Normal Pancreas	CC10	Normal Epithelial cells
PDACNP_10_CTTAGCCCGGATAGTG-1	IU_PDA_NP11	Normal Pancreas	CC10	Normal Epithelial cells
PDACNP_10_CTTAGCCTTCCACATG-1	IU_PDA_NP11	Normal Pancreas	CC10	Normal Epithelial cells
PDACNP_10_CTTAGGTATAGACCAG-1	IU_PDA_NP11	Normal Pancreas	CC10	Normal Epithelial cells
PDACNP_10_CTTAGTAGGCCTACAG-1	IU_PDA_NP11	Normal Pancreas	CC10	Normal Epithelial cells
PDACNP_10_CTTAGTGTAGTAGCAT-1	IU_PDA_NP11	Normal Pancreas	CC10	Normal Epithelial cells
PDACNP_10_CTTAGTTGAGGAATCG-1	IU_PDA_NP11	Normal Pancreas	CC10	Normal Epithelial cells
PDACNP_10_CTTATGCGCTCAGGGC-1	IU_PDA_NP11	Normal Pancreas	CC10	Normal Epithelial cells
PDACNP_10_CTTATGTTGACTACCA-1	IU_PDA_NP11	Normal Pancreas	CC10	Normal Epithelial cells
PDACNP_10_CTTCAACTCCACTTGG-1	IU_PDA_NP11	Normal Pancreas	CC10	Normal Epithelial cells
PDACNP_10_CTTCACGCCCTGGTAC-1	IU_PDA_NP11	Normal Pancreas	CC10	Normal Epithelial cells
PDACNP_10_CTTCAGTGGTCGCCTA-1	IU_PDA_NP11	Normal Pancreas	CC10	Normal Epithelial cells
PDACNP_10_CTTCAGTTGGACAACG-1	IU_PDA_NP11	Normal Pancreas	CC10	Normal Epithelial cells
PDACNP_10_CTTCATAGCTCAAGAA-1	IU_PDA_NP11	Normal Pancreas	CC10	Normal Epithelial cells
PDACNP_10_CTTCATTGTCAGTGGA-1	IU_PDA_NP11	Normal Pancreas	CC10	Normal Epithelial cells
PDACNP_10_CTTCCGCTCCGTGAAG-1	IU_PDA_NP11	Normal Pancreas	CC10	Normal Epithelial cells
PDACNP_10_CTTCGATTGCGCAAGC-1	IU_PDA_NP11	Normal Pancreas	CC10	Normal Epithelial cells
PDACNP_10_CTTCGGCCAATTGTTT-1	IU_PDA_NP11	Normal Pancreas	CC10	Normal Epithelial cells
PDACNP_10_CTTCGTAGATAGGTGA-1	IU_PDA_NP11	Normal Pancreas	CC10	Normal Epithelial cells
PDACNP_10_CTTCTATGTTGAAGTA-1	IU_PDA_NP11	Normal Pancreas	CC10	Normal Epithelial cells
PDACNP_10_CTTCTATTAATGCTAG-1	IU_PDA_NP11	Normal Pancreas	CC10	Normal Epithelial cells
PDACNP_10_CTTCTGGGCGTACCTA-1	IU_PDA_NP11	Normal Pancreas	CC10	Normal Epithelial cells
PDACNP_10_CTTCTTACGTCGTATA-1	IU_PDA_NP11	Normal Pancreas	CC10	Normal Epithelial cells
PDACNP_10_CTTGACCCGAAAGATA-1	IU_PDA_NP11	Normal Pancreas	CC10	Normal Epithelial cells
PDACNP_10_CTTGAGGTTATCCCGA-1	IU_PDA_NP11	Normal Pancreas	CC10	Normal Epithelial cells
PDACNP_10_CTTGAGTTAGGGTAAT-1	IU_PDA_NP11	Normal Pancreas	CC10	Normal Epithelial cells
PDACNP_10_CTTGATGACCATCCAG-1	IU_PDA_NP11	Normal Pancreas	CC10	Normal Epithelial cells
PDACNP_10_CTTGCAACCGCCTCCT-1	IU_PDA_NP11	Normal Pancreas	CC10	Normal Epithelial cells
PDACNP_10_CTTGCCCACCCACGCA-1	IU_PDA_NP11	Normal Pancreas	CC10	Normal Epithelial cells
PDACNP_10_CTTGCCCAGGCTCTAC-1	IU_PDA_NP11	Normal Pancreas	CC10	Normal Epithelial cells
PDACNP_10_CTTGGCCAAGCTGGGA-1	IU_PDA_NP11	Normal Pancreas	CC10	Normal Epithelial cells
PDACNP_10_CTTGTACTTGTTGACT-1	IU_PDA_NP11	Normal Pancreas	CC10	Normal Epithelial cells
PDACNP_10_CTTGTCAACATTCGAG-1	IU_PDA_NP11	Normal Pancreas	CC10	Normal Epithelial cells
PDACNP_10_CTTGTGAGGACAGCGG-1	IU_PDA_NP11	Normal Pancreas	CC10	Normal Epithelial cells
PDACNP_10_CTTGTGAGTCTTTGAC-1	IU_PDA_NP11	Normal Pancreas	CC10	Normal Epithelial cells
PDACNP_10_CTTGTGCTCACCGATT-1	IU_PDA_NP11	Normal Pancreas	CC10	Normal Epithelial cells
PDACNP_10_CTTGTTGCTGAGTCAA-1	IU_PDA_NP11	Normal Pancreas	CC10	Normal Epithelial cells
PDACNP_10_CTTGTTTATGTAGCCA-1	IU_PDA_NP11	Normal Pancreas	CC10	Normal Epithelial cells
PDACNP_10_CTTTAACTTTCAAAGG-1	IU_PDA_NP11	Normal Pancreas	CC10	Normal Epithelial cells
PDACNP_10_CTTTAATATTGGTCGA-1	IU_PDA_NP11	Normal Pancreas	CC10	Normal Epithelial cells
PDACNP_10_CTTTACCGAATAGTAG-1	IU_PDA_NP11	Normal Pancreas	CC10	Normal Epithelial cells
PDACNP_10_CTTTAGGAACACTGTT-1	IU_PDA_NP11	Normal Pancreas	CC10	Normal Epithelial cells
PDACNP_10_CTTTAGTGCTATTATT-1	IU_PDA_NP11	Normal Pancreas	CC10	Normal Epithelial cells
PDACNP_10_CTTTATCCGACGCATG-1	IU_PDA_NP11	Normal Pancreas	CC10	Normal Epithelial cells
PDACNP_10_CTTTCTGTGCGGGCTT-1	IU_PDA_NP11	Normal Pancreas	CC10	Normal Epithelial cells
PDACNP_10_CTTTGCATCGCTCTTG-1	IU_PDA_NP11	Normal Pancreas	CC10	Normal Epithelial cells
PDACNP_10_CTTTGGCGCTTTATAC-1	IU_PDA_NP11	Normal Pancreas	CC10	Normal Epithelial cells
PDACNP_10_CTTTGGCTTTAGTAAA-1	IU_PDA_NP11	Normal Pancreas	CC10	Normal Epithelial cells
PDACNP_10_CTTTGGGATTGTTGCA-1	IU_PDA_NP11	Normal Pancreas	CC10	Normal Epithelial cells
PDACNP_10_CTTTGTCGAATGCTCC-1	IU_PDA_NP11	Normal Pancreas	CC10	Normal Epithelial cells
PDACNP_10_GAAACAGATGACCACC-1	IU_PDA_NP11	Normal Pancreas	CC10	Normal Epithelial cells
PDACNP_10_GAAACAGCCATGCAGT-1	IU_PDA_NP11	Normal Pancreas	CC10	Normal Epithelial cells
PDACNP_10_GAAACATAGGAAACAG-1	IU_PDA_NP11	Normal Pancreas	CC10	Normal Epithelial cells
PDACNP_10_GAAACCATGGTGCGCT-1	IU_PDA_NP11	Normal Pancreas	CC10	Normal Epithelial cells
PDACNP_10_GAAACCGAATTACCTT-1	IU_PDA_NP11	Normal Pancreas	CC10	Normal Epithelial cells
PDACNP_10_GAAACCTATACAAATG-1	IU_PDA_NP11	Normal Pancreas	CC10	Normal Epithelial cells
PDACNP_10_GAAACTCGTGCGATGC-1	IU_PDA_NP11	Normal Pancreas	CC10	Normal Epithelial cells
PDACNP_10_GAAACTCTAATGAAGG-1	IU_PDA_NP11	Normal Pancreas	CC10	Normal Epithelial cells
PDACNP_10_GAAAGAACAGCGTTAT-1	IU_PDA_NP11	Normal Pancreas	CC10	Normal Epithelial cells
PDACNP_10_GAAAGCAGTGCACTTT-1	IU_PDA_NP11	Normal Pancreas	CC10	Normal Epithelial cells
PDACNP_10_GAAAGCCCTTTGGACC-1	IU_PDA_NP11	Normal Pancreas	CC10	Normal Epithelial cells
PDACNP_10_GAAAGTGACTAACTGC-1	IU_PDA_NP11	Normal Pancreas	CC10	Normal Epithelial cells
PDACNP_10_GAAATACTAAACGTTT-1	IU_PDA_NP11	Normal Pancreas	CC10	Normal Epithelial cells
PDACNP_10_GAAATATCACCATCAG-1	IU_PDA_NP11	Normal Pancreas	CC10	Normal Epithelial cells
PDACNP_10_GAAATATGCTTGAATG-1	IU_PDA_NP11	Normal Pancreas	CC10	Normal Epithelial cells
PDACNP_10_GAAATCGCGCGCAACT-1	IU_PDA_NP11	Normal Pancreas	CC10	Normal Epithelial cells
PDACNP_10_GAAATGGCGGTGTTAG-1	IU_PDA_NP11	Normal Pancreas	CC10	Normal Epithelial cells
PDACNP_10_GAAATGGGATGTAAAC-1	IU_PDA_NP11	Normal Pancreas	CC10	Normal Epithelial cells
PDACNP_10_GAAATTAGCACGGATA-1	IU_PDA_NP11	Normal Pancreas	CC10	Normal Epithelial cells
PDACNP_10_GAAATTCACATCGCTG-1	IU_PDA_NP11	Normal Pancreas	CC10	Normal Epithelial cells
PDACNP_10_GAAATTGTCTCTATAA-1	IU_PDA_NP11	Normal Pancreas	CC10	Normal Epithelial cells
PDACNP_10_GAACAACTGGGATGAA-1	IU_PDA_NP11	Normal Pancreas	CC10	Normal Epithelial cells
PDACNP_10_GAACACACATCAACCA-1	IU_PDA_NP11	Normal Pancreas	CC10	Normal Epithelial cells
PDACNP_10_GAACAGATTACTAAAT-1	IU_PDA_NP11	Normal Pancreas	CC10	Normal Epithelial cells
PDACNP_10_GAACCCTCTGTGTTCT-1	IU_PDA_NP11	Normal Pancreas	CC10	Normal Epithelial cells
PDACNP_10_GAACCTCGACCTACAC-1	IU_PDA_NP11	Normal Pancreas	CC10	Normal Epithelial cells
PDACNP_10_GAACCTTTAACGATCC-1	IU_PDA_NP11	Normal Pancreas	CC10	Normal Epithelial cells
PDACNP_10_GAACGACCGAATGATA-1	IU_PDA_NP11	Normal Pancreas	CC10	Normal Epithelial cells
PDACNP_10_GAACGTCTCATGGTCG-1	IU_PDA_NP11	Normal Pancreas	CC10	Normal Epithelial cells
PDACNP_10_GAACGTTAGGAAGACG-1	IU_PDA_NP11	Normal Pancreas	CC10	Normal Epithelial cells
PDACNP_10_GAACTGTGGAGAGACA-1	IU_PDA_NP11	Normal Pancreas	CC10	Normal Epithelial cells
PDACNP_10_GAAGAAACGATATTGT-1	IU_PDA_NP11	Normal Pancreas	CC10	Normal Epithelial cells
PDACNP_10_GAAGAACGGTGCAGGT-1	IU_PDA_NP11	Normal Pancreas	CC10	Normal Epithelial cells
PDACNP_10_GAAGCCACTGATTATG-1	IU_PDA_NP11	Normal Pancreas	CC10	Normal Epithelial cells
PDACNP_10_GAAGCCGGGTAAGCTC-1	IU_PDA_NP11	Normal Pancreas	CC10	Normal Epithelial cells
PDACNP_10_GAAGCCTGCACATTCC-1	IU_PDA_NP11	Normal Pancreas	CC10	Normal Epithelial cells
PDACNP_10_GAAGCGTGAGGAATTT-1	IU_PDA_NP11	Normal Pancreas	CC10	Normal Epithelial cells
PDACNP_10_GAAGCTCGGACCCGTC-1	IU_PDA_NP11	Normal Pancreas	CC10	Normal Epithelial cells
PDACNP_10_GAAGCTTGCTGACCGC-1	IU_PDA_NP11	Normal Pancreas	CC10	Normal Epithelial cells
PDACNP_10_GAAGGAGTCGAGTGCG-1	IU_PDA_NP11	Normal Pancreas	CC10	Normal Epithelial cells
PDACNP_10_GAAGGGCATAACCATG-1	IU_PDA_NP11	Normal Pancreas	CC10	Normal Epithelial cells
PDACNP_10_GAAGGGTCATTAAGAC-1	IU_PDA_NP11	Normal Pancreas	CC10	Normal Epithelial cells
PDACNP_10_GAAGTCAGTTGCACTA-1	IU_PDA_NP11	Normal Pancreas	CC10	Normal Epithelial cells
PDACNP_10_GAAGTCTCCCTAGCGA-1	IU_PDA_NP11	Normal Pancreas	CC10	Normal Epithelial cells
PDACNP_10_GAAGTGATTTATCGTG-1	IU_PDA_NP11	Normal Pancreas	CC10	Normal Epithelial cells
PDACNP_10_GAAGTGCTGGATAGCT-1	IU_PDA_NP11	Normal Pancreas	CC10	Normal Epithelial cells
PDACNP_10_GAAGTTTCCACTCAAT-1	IU_PDA_NP11	Normal Pancreas	CC10	Normal Epithelial cells
PDACNP_10_GAATAGACGCGACCCA-1	IU_PDA_NP11	Normal Pancreas	CC10	Normal Epithelial cells
PDACNP_10_GAATAGCCCTGCGGTC-1	IU_PDA_NP11	Normal Pancreas	CC10	Normal Epithelial cells
PDACNP_10_GAATAGTGCTCGATTA-1	IU_PDA_NP11	Normal Pancreas	CC10	Normal Epithelial cells
PDACNP_10_GAATATTCGGAGTCCC-1	IU_PDA_NP11	Normal Pancreas	CC2	Normal Epithelial cells
PDACNP_10_GAATCGACATGGTCAC-1	IU_PDA_NP11	Normal Pancreas	CC10	Normal Epithelial cells
PDACNP_10_GAATCGCCGGACACGG-1	IU_PDA_NP11	Normal Pancreas	CC10	Normal Epithelial cells
PDACNP_10_GAATCTGAACATTCTC-1	IU_PDA_NP11	Normal Pancreas	CC10	Normal Epithelial cells
PDACNP_10_GAATGAAGGTCTTCAG-1	IU_PDA_NP11	Normal Pancreas	CC10	Normal Epithelial cells
PDACNP_10_GAATGCCGAAATGACC-1	IU_PDA_NP11	Normal Pancreas	CC10	Normal Epithelial cells
PDACNP_10_GAATGCGAATCGGTTC-1	IU_PDA_NP11	Normal Pancreas	CC10	Normal Epithelial cells
PDACNP_10_GAATGGGCTTATCGAC-1	IU_PDA_NP11	Normal Pancreas	CC10	Normal Epithelial cells
PDACNP_10_GAATGTATGGCAGGTC-1	IU_PDA_NP11	Normal Pancreas	CC10	Normal Epithelial cells
PDACNP_10_GAATGTGGTCCGGATT-1	IU_PDA_NP11	Normal Pancreas	CC10	Normal Epithelial cells
PDACNP_10_GAATGTTGGGTAATCT-1	IU_PDA_NP11	Normal Pancreas	CC10	Normal Epithelial cells
PDACNP_10_GAATTATAGTGAAAGG-1	IU_PDA_NP11	Normal Pancreas	CC10	Normal Epithelial cells
PDACNP_10_GAATTCACCCGGGTGT-1	IU_PDA_NP11	Normal Pancreas	CC10	Normal Epithelial cells
PDACNP_10_GAATTTCTCGCTGCAG-1	IU_PDA_NP11	Normal Pancreas	CC10	Normal Epithelial cells
PDACNP_10_GACAAACATATGCAGG-1	IU_PDA_NP11	Normal Pancreas	CC10	Normal Epithelial cells
PDACNP_10_GACAACGACCATTGAA-1	IU_PDA_NP11	Normal Pancreas	CC10	Normal Epithelial cells
PDACNP_10_GACAACGCAGCTTACG-1	IU_PDA_NP11	Normal Pancreas	CC10	Normal Epithelial cells
PDACNP_10_GACACAAGGGAAGAAA-1	IU_PDA_NP11	Normal Pancreas	CC10	Normal Epithelial cells
PDACNP_10_GACACAGCCGGGACTG-1	IU_PDA_NP11	Normal Pancreas	CC10	Normal Epithelial cells
PDACNP_10_GACACCCAAAGACGCG-1	IU_PDA_NP11	Normal Pancreas	CC10	Normal Epithelial cells
PDACNP_10_GACACGAGTTAGAGGA-1	IU_PDA_NP11	Normal Pancreas	CC10	Normal Epithelial cells
PDACNP_10_GACACTGAGTTCAGTG-1	IU_PDA_NP11	Normal Pancreas	CC10	Normal Epithelial cells
PDACNP_10_GACACTGGAACCCGAT-1	IU_PDA_NP11	Normal Pancreas	CC10	Normal Epithelial cells
PDACNP_10_GACACTTCCAATTACC-1	IU_PDA_NP11	Normal Pancreas	CC10	Normal Epithelial cells
PDACNP_10_GACAGATTTCTGGCTC-1	IU_PDA_NP11	Normal Pancreas	CC10	Normal Epithelial cells
PDACNP_10_GACAGCCAGACCTGAC-1	IU_PDA_NP11	Normal Pancreas	CC10	Normal Epithelial cells
PDACNP_10_GACAGGCACACACTAT-1	IU_PDA_NP11	Normal Pancreas	CC10	Normal Epithelial cells
PDACNP_10_GACATACTGTCGCAGA-1	IU_PDA_NP11	Normal Pancreas	CC10	Normal Epithelial cells
PDACNP_10_GACATCCGTCGAACTG-1	IU_PDA_NP11	Normal Pancreas	CC10	Normal Epithelial cells
PDACNP_10_GACATCGATTTATAAC-1	IU_PDA_NP11	Normal Pancreas	CC10	Normal Epithelial cells
PDACNP_10_GACATTTCGCCCAGCC-1	IU_PDA_NP11	Normal Pancreas	CC10	Normal Epithelial cells
PDACNP_10_GACCAAACGTTGACTG-1	IU_PDA_NP11	Normal Pancreas	CC10	Normal Epithelial cells
PDACNP_10_GACCACACTTCCCTTT-1	IU_PDA_NP11	Normal Pancreas	CC10	Normal Epithelial cells
PDACNP_10_GACCAGAGCCCTGTAG-1	IU_PDA_NP11	Normal Pancreas	CC10	Normal Epithelial cells
PDACNP_10_GACCCAATTATGATAC-1	IU_PDA_NP11	Normal Pancreas	CC10	Normal Epithelial cells
PDACNP_10_GACCCGTCGCCGGCTA-1	IU_PDA_NP11	Normal Pancreas	CC10	Normal Epithelial cells
PDACNP_10_GACCGACTGAAGCGTC-1	IU_PDA_NP11	Normal Pancreas	CC10	Normal Epithelial cells
PDACNP_10_GACCGATTAAATATGT-1	IU_PDA_NP11	Normal Pancreas	CC10	Normal Epithelial cells
PDACNP_10_GACCGGTGATACTCTC-1	IU_PDA_NP11	Normal Pancreas	CC10	Normal Epithelial cells
PDACNP_10_GACCGTCAGGTCGTGA-1	IU_PDA_NP11	Normal Pancreas	CC10	Normal Epithelial cells
PDACNP_10_GACCGTGCTGACGGTG-1	IU_PDA_NP11	Normal Pancreas	CC10	Normal Epithelial cells
PDACNP_10_GACCGTTACATGCGAC-1	IU_PDA_NP11	Normal Pancreas	CC10	Normal Epithelial cells
PDACNP_10_GACCTTCCACGTCTAC-1	IU_PDA_NP11	Normal Pancreas	CC10	Normal Epithelial cells
PDACNP_10_GACGACGATCCGCGTT-1	IU_PDA_NP11	Normal Pancreas	CC10	Normal Epithelial cells
PDACNP_10_GACGAGGCTAATAAAC-1	IU_PDA_NP11	Normal Pancreas	CC10	Normal Epithelial cells
PDACNP_10_GACGATATCACTGGGT-1	IU_PDA_NP11	Normal Pancreas	CC10	Normal Epithelial cells
PDACNP_10_GACGCATACCCGTCGG-1	IU_PDA_NP11	Normal Pancreas	CC10	Normal Epithelial cells
PDACNP_10_GACGCCGTAAAGGCTA-1	IU_PDA_NP11	Normal Pancreas	CC10	Normal Epithelial cells
PDACNP_10_GACGCCTGTTGCAGGG-1	IU_PDA_NP11	Normal Pancreas	CC10	Normal Epithelial cells
PDACNP_10_GACGCTTGCTTCTAAA-1	IU_PDA_NP11	Normal Pancreas	CC10	Normal Epithelial cells
PDACNP_10_GACGGGCATCGAATTT-1	IU_PDA_NP11	Normal Pancreas	CC10	Normal Epithelial cells
PDACNP_10_GACGGGTTGGCCCGTA-1	IU_PDA_NP11	Normal Pancreas	CC10	Normal Epithelial cells
PDACNP_10_GACGGTCAATAGAAGC-1	IU_PDA_NP11	Normal Pancreas	CC10	Normal Epithelial cells
PDACNP_10_GACGGTCCTAGGGTGT-1	IU_PDA_NP11	Normal Pancreas	CC10	Normal Epithelial cells
PDACNP_10_GACGTGAGACTCCATG-1	IU_PDA_NP11	Normal Pancreas	CC10	Normal Epithelial cells
PDACNP_10_GACGTGTAGGGATTAT-1	IU_PDA_NP11	Normal Pancreas	CC10	Normal Epithelial cells
PDACNP_10_GACGTTGCTCGGCGGC-1	IU_PDA_NP11	Normal Pancreas	CC10	Normal Epithelial cells
PDACNP_10_GACTAAGATCATGCAC-1	IU_PDA_NP11	Normal Pancreas	CC10	Normal Epithelial cells
PDACNP_10_GACTAAGTAGGCTCAC-1	IU_PDA_NP11	Normal Pancreas	CC10	Normal Epithelial cells
PDACNP_10_GACTACAAAGCGGTGG-1	IU_PDA_NP11	Normal Pancreas	CC10	Normal Epithelial cells
PDACNP_10_GACTAGGCCGTTAGGT-1	IU_PDA_NP11	Normal Pancreas	CC10	Normal Epithelial cells
PDACNP_10_GACTCACCCACGTGAG-1	IU_PDA_NP11	Normal Pancreas	CC10	Normal Epithelial cells
PDACNP_10_GACTCCCAGAATAAGG-1	IU_PDA_NP11	Normal Pancreas	CC10	Normal Epithelial cells
PDACNP_10_GACTCCTTCCAATTGA-1	IU_PDA_NP11	Normal Pancreas	CC10	Normal Epithelial cells
PDACNP_10_GACTCGCGGGAATGAC-1	IU_PDA_NP11	Normal Pancreas	CC10	Normal Epithelial cells
PDACNP_10_GACTCTAGAGTTCCAA-1	IU_PDA_NP11	Normal Pancreas	CC10	Normal Epithelial cells
PDACNP_10_GACTGCAAATCGAGCT-1	IU_PDA_NP11	Normal Pancreas	CC10	Normal Epithelial cells
PDACNP_10_GACTGCACCAGCCCAG-1	IU_PDA_NP11	Normal Pancreas	CC10	Normal Epithelial cells
PDACNP_10_GACTGCGGCACGTGTA-1	IU_PDA_NP11	Normal Pancreas	CC10	Normal Epithelial cells
PDACNP_10_GACTGCTGGTGAGAAA-1	IU_PDA_NP11	Normal Pancreas	CC10	Normal Epithelial cells
PDACNP_10_GACTTCAACGCATCAA-1	IU_PDA_NP11	Normal Pancreas	CC10	Normal Epithelial cells
PDACNP_10_GAGAACGGTTCTGACT-1	IU_PDA_NP11	Normal Pancreas	CC10	Normal Epithelial cells
PDACNP_10_GAGAATCTCACGATCA-1	IU_PDA_NP11	Normal Pancreas	CC10	Normal Epithelial cells
PDACNP_10_GAGACCCTGCAACGCC-1	IU_PDA_NP11	Normal Pancreas	CC10	Normal Epithelial cells
PDACNP_10_GAGACTGATGGGTAGA-1	IU_PDA_NP11	Normal Pancreas	CC10	Normal Epithelial cells
PDACNP_10_GAGACTTCGCGACCGA-1	IU_PDA_NP11	Normal Pancreas	CC10	Normal Epithelial cells
PDACNP_10_GAGAGCGCAGTCCCTG-1	IU_PDA_NP11	Normal Pancreas	CC10	Normal Epithelial cells
PDACNP_10_GAGAGGGCGCGAGGTT-1	IU_PDA_NP11	Normal Pancreas	CC10	Normal Epithelial cells
PDACNP_10_GAGAGGTGCATTCTGG-1	IU_PDA_NP11	Normal Pancreas	CC10	Normal Epithelial cells
PDACNP_10_GAGAGTCTCGGGAGAG-1	IU_PDA_NP11	Normal Pancreas	CC10	Normal Epithelial cells
PDACNP_10_GAGATCTGCTTGGCAT-1	IU_PDA_NP11	Normal Pancreas	CC10	Normal Epithelial cells
PDACNP_10_GAGATCTGTCACTCCG-1	IU_PDA_NP11	Normal Pancreas	CC10	Normal Epithelial cells
PDACNP_10_GAGATCTTCCATGACA-1	IU_PDA_NP11	Normal Pancreas	CC10	Normal Epithelial cells
PDACNP_10_GAGATGGCTTTAATCA-1	IU_PDA_NP11	Normal Pancreas	CC10	Normal Epithelial cells
PDACNP_10_GAGATGGGAGTCGACA-1	IU_PDA_NP11	Normal Pancreas	CC10	Normal Epithelial cells
PDACNP_10_GAGCACCTGTGTCCAG-1	IU_PDA_NP11	Normal Pancreas	CC10	Normal Epithelial cells
PDACNP_10_GAGCATCAACAACTTG-1	IU_PDA_NP11	Normal Pancreas	CC10	Normal Epithelial cells
PDACNP_10_GAGCATCATCCCTGGG-1	IU_PDA_NP11	Normal Pancreas	CC10	Normal Epithelial cells
PDACNP_10_GAGCCACGGTAGTAGG-1	IU_PDA_NP11	Normal Pancreas	CC10	Normal Epithelial cells
PDACNP_10_GAGCCAGCTACCTGTG-1	IU_PDA_NP11	Normal Pancreas	CC10	Normal Epithelial cells
PDACNP_10_GAGCCGAGCGTTTATT-1	IU_PDA_NP11	Normal Pancreas	CC10	Normal Epithelial cells
PDACNP_10_GAGCGAGGGAGTACCG-1	IU_PDA_NP11	Normal Pancreas	CC10	Normal Epithelial cells
PDACNP_10_GAGCGCAAATACTCCG-1	IU_PDA_NP11	Normal Pancreas	CC10	Normal Epithelial cells
PDACNP_10_GAGCGCGCACGAGTAG-1	IU_PDA_NP11	Normal Pancreas	CC10	Normal Epithelial cells
PDACNP_10_GAGCGCTGTTAGGTAA-1	IU_PDA_NP11	Normal Pancreas	CC10	Normal Epithelial cells
PDACNP_10_GAGCGGAATGCGGTGT-1	IU_PDA_NP11	Normal Pancreas	CC10	Normal Epithelial cells
PDACNP_10_GAGCTAAGGGCATATC-1	IU_PDA_NP11	Normal Pancreas	CC10	Normal Epithelial cells
PDACNP_10_GAGCTCAACATGAGCG-1	IU_PDA_NP11	Normal Pancreas	CC10	Normal Epithelial cells
PDACNP_10_GAGCTCTCGGACCTAA-1	IU_PDA_NP11	Normal Pancreas	CC10	Normal Epithelial cells
PDACNP_10_GAGCTGTCGTCTCGGA-1	IU_PDA_NP11	Normal Pancreas	CC10	Normal Epithelial cells
PDACNP_10_GAGGAATATCTCTTTG-1	IU_PDA_NP11	Normal Pancreas	CC10	Normal Epithelial cells
PDACNP_10_GAGGAATGGAGAGGTT-1	IU_PDA_NP11	Normal Pancreas	CC10	Normal Epithelial cells
PDACNP_10_GAGGAGATCCTCATGC-1	IU_PDA_NP11	Normal Pancreas	CC10	Normal Epithelial cells
PDACNP_10_GAGGCCCGACTCCGCA-1	IU_PDA_NP11	Normal Pancreas	CC10	Normal Epithelial cells
PDACNP_10_GAGGCCTGTTGATACA-1	IU_PDA_NP11	Normal Pancreas	CC10	Normal Epithelial cells
PDACNP_10_GAGGCTATCAAAGTCG-1	IU_PDA_NP11	Normal Pancreas	CC10	Normal Epithelial cells
PDACNP_10_GAGGGAGTCAGATCGC-1	IU_PDA_NP11	Normal Pancreas	CC10	Normal Epithelial cells
PDACNP_10_GAGGGCATCGCGTATC-1	IU_PDA_NP11	Normal Pancreas	CC10	Normal Epithelial cells
PDACNP_10_GAGGGCGCAGCTCTGC-1	IU_PDA_NP11	Normal Pancreas	CC10	Normal Epithelial cells
PDACNP_10_GAGGGTAGTAACAAAG-1	IU_PDA_NP11	Normal Pancreas	CC10	Normal Epithelial cells
PDACNP_10_GAGGTACATCCATCTT-1	IU_PDA_NP11	Normal Pancreas	CC10	Normal Epithelial cells
PDACNP_10_GAGGTACGCGTGTCCC-1	IU_PDA_NP11	Normal Pancreas	CC10	Normal Epithelial cells
PDACNP_10_GAGGTCCCAAAGATCT-1	IU_PDA_NP11	Normal Pancreas	CC10	Normal Epithelial cells
PDACNP_10_GAGTAAGGCCACGGGA-1	IU_PDA_NP11	Normal Pancreas	CC10	Normal Epithelial cells
PDACNP_10_GAGTACGGGTATACAA-1	IU_PDA_NP11	Normal Pancreas	CC10	Normal Epithelial cells
PDACNP_10_GAGTAGATACTAGTTG-1	IU_PDA_NP11	Normal Pancreas	CC10	Normal Epithelial cells
PDACNP_10_GAGTATACCCTAATCA-1	IU_PDA_NP11	Normal Pancreas	CC10	Normal Epithelial cells
PDACNP_10_GAGTATGCCCGCCTTG-1	IU_PDA_NP11	Normal Pancreas	CC10	Normal Epithelial cells
PDACNP_10_GAGTATGCGCGTGCAT-1	IU_PDA_NP11	Normal Pancreas	CC10	Normal Epithelial cells
PDACNP_10_GAGTCAGACCAGAATC-1	IU_PDA_NP11	Normal Pancreas	CC10	Normal Epithelial cells
PDACNP_10_GAGTCCGCTTACCGGA-1	IU_PDA_NP11	Normal Pancreas	CC10	Normal Epithelial cells
PDACNP_10_GAGTCGACAGACCCTC-1	IU_PDA_NP11	Normal Pancreas	CC10	Normal Epithelial cells
PDACNP_10_GAGTGTCAACCAGAAA-1	IU_PDA_NP11	Normal Pancreas	CC10	Normal Epithelial cells
PDACNP_10_GAGTGTGCGGTACCCA-1	IU_PDA_NP11	Normal Pancreas	CC10	Normal Epithelial cells
PDACNP_10_GAGTTCTGTGGGTGCT-1	IU_PDA_NP11	Normal Pancreas	CC10	Normal Epithelial cells
PDACNP_10_GAGTTGATGGCAATTT-1	IU_PDA_NP11	Normal Pancreas	CC10	Normal Epithelial cells
PDACNP_10_GATAAATCGGTGGATG-1	IU_PDA_NP11	Normal Pancreas	CC10	Normal Epithelial cells
PDACNP_10_GATAACTCGCACTGTG-1	IU_PDA_NP11	Normal Pancreas	CC10	Normal Epithelial cells
PDACNP_10_GATAAGGCAGATGCAA-1	IU_PDA_NP11	Normal Pancreas	CC10	Normal Epithelial cells
PDACNP_10_GATACCGTGTCGGAGT-1	IU_PDA_NP11	Normal Pancreas	CC10	Normal Epithelial cells
PDACNP_10_GATACGATGGGAGTCA-1	IU_PDA_NP11	Normal Pancreas	CC10	Normal Epithelial cells
PDACNP_10_GATAGAACCCGCTAGG-1	IU_PDA_NP11	Normal Pancreas	CC10	Normal Epithelial cells
PDACNP_10_GATAGATAGTACAGTC-1	IU_PDA_NP11	Normal Pancreas	CC10	Normal Epithelial cells
PDACNP_10_GATAGGATTAATTACA-1	IU_PDA_NP11	Normal Pancreas	CC10	Normal Epithelial cells
PDACNP_10_GATAGGTAACGTTGAC-1	IU_PDA_NP11	Normal Pancreas	CC10	Normal Epithelial cells
PDACNP_10_GATAGGTGTCCCGGGC-1	IU_PDA_NP11	Normal Pancreas	CC10	Normal Epithelial cells
PDACNP_10_GATAGTGCGAGTAAGT-1	IU_PDA_NP11	Normal Pancreas	CC10	Normal Epithelial cells
PDACNP_10_GATATCAAGCAGGAGC-1	IU_PDA_NP11	Normal Pancreas	CC10	Normal Epithelial cells
PDACNP_10_GATATCAGTATGTATC-1	IU_PDA_NP11	Normal Pancreas	CC10	Normal Epithelial cells
PDACNP_10_GATATCTCATGCAATA-1	IU_PDA_NP11	Normal Pancreas	CC10	Normal Epithelial cells
PDACNP_10_GATATGAGACACTAAC-1	IU_PDA_NP11	Normal Pancreas	CC10	Normal Epithelial cells
PDACNP_10_GATATGCGGTAGCCAA-1	IU_PDA_NP11	Normal Pancreas	CC10	Normal Epithelial cells
PDACNP_10_GATATGGATTACGCGG-1	IU_PDA_NP11	Normal Pancreas	CC10	Normal Epithelial cells
PDACNP_10_GATATTGAGATTGGCG-1	IU_PDA_NP11	Normal Pancreas	CC10	Normal Epithelial cells
PDACNP_10_GATATTTCCTACATGG-1	IU_PDA_NP11	Normal Pancreas	CC10	Normal Epithelial cells
PDACNP_10_GATCAACATAAAGGGA-1	IU_PDA_NP11	Normal Pancreas	CC10	Normal Epithelial cells
PDACNP_10_GATCATTCCAAACATT-1	IU_PDA_NP11	Normal Pancreas	CC10	Normal Epithelial cells
PDACNP_10_GATCCAACCTTTAAAC-1	IU_PDA_NP11	Normal Pancreas	CC10	Normal Epithelial cells
PDACNP_10_GATCCCTTTATACTGC-1	IU_PDA_NP11	Normal Pancreas	CC10	Normal Epithelial cells
PDACNP_10_GATCCGGGAATTAACA-1	IU_PDA_NP11	Normal Pancreas	CC10	Normal Epithelial cells
PDACNP_10_GATCCTAAATCGGGAC-1	IU_PDA_NP11	Normal Pancreas	CC10	Normal Epithelial cells
PDACNP_10_GATCCTCGACACTGGC-1	IU_PDA_NP11	Normal Pancreas	CC10	Normal Epithelial cells
PDACNP_10_GATCGACACTATCTGA-1	IU_PDA_NP11	Normal Pancreas	CC10	Normal Epithelial cells
PDACNP_10_GATCGCGGGCTCTCCA-1	IU_PDA_NP11	Normal Pancreas	CC10	Normal Epithelial cells
PDACNP_10_GATCGCTACCCGATTT-1	IU_PDA_NP11	Normal Pancreas	CC10	Normal Epithelial cells
PDACNP_10_GATCGCTATATCTCAG-1	IU_PDA_NP11	Normal Pancreas	CC10	Normal Epithelial cells
PDACNP_10_GATCGCTGTGGTGCGT-1	IU_PDA_NP11	Normal Pancreas	CC10	Normal Epithelial cells
PDACNP_10_GATCGGATAGAACCAT-1	IU_PDA_NP11	Normal Pancreas	CC10	Normal Epithelial cells
PDACNP_10_GATCGGCGATAAGTCG-1	IU_PDA_NP11	Normal Pancreas	CC10	Normal Epithelial cells
PDACNP_10_GATCGGTGGCCATAAC-1	IU_PDA_NP11	Normal Pancreas	CC10	Normal Epithelial cells
PDACNP_10_GATCGTGACTGATATC-1	IU_PDA_NP11	Normal Pancreas	CC10	Normal Epithelial cells
PDACNP_10_GATCTAACCGTATTCA-1	IU_PDA_NP11	Normal Pancreas	CC10	Normal Epithelial cells
PDACNP_10_GATCTGCTATCTAAGG-1	IU_PDA_NP11	Normal Pancreas	CC10	Normal Epithelial cells
PDACNP_10_GATCTTCATTGTCCTC-1	IU_PDA_NP11	Normal Pancreas	CC10	Normal Epithelial cells
PDACNP_10_GATCTTGGAGGGCATA-1	IU_PDA_NP11	Normal Pancreas	CC10	Normal Epithelial cells
PDACNP_10_GATCTTTGCAGGGTAT-1	IU_PDA_NP11	Normal Pancreas	CC10	Normal Epithelial cells
PDACNP_10_GATGACAAGTAGGGCA-1	IU_PDA_NP11	Normal Pancreas	CC10	Normal Epithelial cells
PDACNP_10_GATGACGATGATCGCG-1	IU_PDA_NP11	Normal Pancreas	CC10	Normal Epithelial cells
PDACNP_10_GATGAGGAACCTTCGG-1	IU_PDA_NP11	Normal Pancreas	CC10	Normal Epithelial cells
PDACNP_10_GATGCCAGCAGAAGGC-1	IU_PDA_NP11	Normal Pancreas	CC10	Normal Epithelial cells
PDACNP_10_GATGCCTTCTGCGGCA-1	IU_PDA_NP11	Normal Pancreas	CC10	Normal Epithelial cells
PDACNP_10_GATGCGAATGGTATTA-1	IU_PDA_NP11	Normal Pancreas	CC10	Normal Epithelial cells
PDACNP_10_GATGCGTCCTGCATTC-1	IU_PDA_NP11	Normal Pancreas	CC10	Normal Epithelial cells
PDACNP_10_GATGCTACAAGCGCCT-1	IU_PDA_NP11	Normal Pancreas	CC10	Normal Epithelial cells
PDACNP_10_GATGCTACCTTCGATG-1	IU_PDA_NP11	Normal Pancreas	CC10	Normal Epithelial cells
PDACNP_10_GATGCTGTATTTCATC-1	IU_PDA_NP11	Normal Pancreas	CC10	Normal Epithelial cells
PDACNP_10_GATGGCGCACACATTA-1	IU_PDA_NP11	Normal Pancreas	CC10	Normal Epithelial cells
PDACNP_10_GATGGTGCCCTAGGCA-1	IU_PDA_NP11	Normal Pancreas	CC10	Normal Epithelial cells
PDACNP_10_GATGTAACGAACCACC-1	IU_PDA_NP11	Normal Pancreas	CC10	Normal Epithelial cells
PDACNP_10_GATGTCCGGATCACAT-1	IU_PDA_NP11	Normal Pancreas	CC10	Normal Epithelial cells
PDACNP_10_GATGTCGGTCAACTGC-1	IU_PDA_NP11	Normal Pancreas	CC10	Normal Epithelial cells
PDACNP_10_GATGTTCAATCCACGA-1	IU_PDA_NP11	Normal Pancreas	CC10	Normal Epithelial cells
PDACNP_10_GATGTTTGTGCGAGAT-1	IU_PDA_NP11	Normal Pancreas	CC10	Normal Epithelial cells
PDACNP_10_GATTAACCGAAAGCCC-1	IU_PDA_NP11	Normal Pancreas	CC10	Normal Epithelial cells
PDACNP_10_GATTACTGAATTTGGG-1	IU_PDA_NP11	Normal Pancreas	CC10	Normal Epithelial cells
PDACNP_10_GATTAGAAACAAGCGT-1	IU_PDA_NP11	Normal Pancreas	CC10	Normal Epithelial cells
PDACNP_10_GATTATCTTGCATTAT-1	IU_PDA_NP11	Normal Pancreas	CC10	Normal Epithelial cells
PDACNP_10_GATTCCCTTGTCGCAG-1	IU_PDA_NP11	Normal Pancreas	CC10	Normal Epithelial cells
PDACNP_10_GATTCCGCGTTTCCGT-1	IU_PDA_NP11	Normal Pancreas	CC10	Normal Epithelial cells
PDACNP_10_GATTCCTATACGGCGC-1	IU_PDA_NP11	Normal Pancreas	CC10	Normal Epithelial cells
PDACNP_10_GATTCGACGGTTCACG-1	IU_PDA_NP11	Normal Pancreas	CC10	Normal Epithelial cells
PDACNP_10_GATTCTGTTAATGAGT-1	IU_PDA_NP11	Normal Pancreas	CC10	Normal Epithelial cells
PDACNP_10_GATTGCTCCAGTTGCA-1	IU_PDA_NP11	Normal Pancreas	CC10	Normal Epithelial cells
PDACNP_10_GATTGGGAAAGGTTGT-1	IU_PDA_NP11	Normal Pancreas	CC10	Normal Epithelial cells
PDACNP_10_GATTTGCGCTAACACC-1	IU_PDA_NP11	Normal Pancreas	CC10	Normal Epithelial cells
PDACNP_10_GCAAACCCTACATTAT-1	IU_PDA_NP11	Normal Pancreas	CC10	Normal Epithelial cells
PDACNP_10_GCAAACCTTGGCCATA-1	IU_PDA_NP11	Normal Pancreas	CC10	Normal Epithelial cells
PDACNP_10_GCAAAGGGCGTTAGCC-1	IU_PDA_NP11	Normal Pancreas	CC10	Normal Epithelial cells
PDACNP_10_GCAAATATTACGCTTT-1	IU_PDA_NP11	Normal Pancreas	CC10	Normal Epithelial cells
PDACNP_10_GCAAATGAGGACACTT-1	IU_PDA_NP11	Normal Pancreas	CC10	Normal Epithelial cells
PDACNP_10_GCAACACACTAGAACT-1	IU_PDA_NP11	Normal Pancreas	CC10	Normal Epithelial cells
PDACNP_10_GCAACAGCAGTATGCG-1	IU_PDA_NP11	Normal Pancreas	CC10	Normal Epithelial cells
PDACNP_10_GCAACCACCAGACCGG-1	IU_PDA_NP11	Normal Pancreas	CC10	Normal Epithelial cells
PDACNP_10_GCAACCACGGCCGCGT-1	IU_PDA_NP11	Normal Pancreas	CC10	Normal Epithelial cells
PDACNP_10_GCAACCCAAGTTGTTT-1	IU_PDA_NP11	Normal Pancreas	CC10	Normal Epithelial cells
PDACNP_10_GCAAGAATTCCTTGGC-1	IU_PDA_NP11	Normal Pancreas	CC10	Normal Epithelial cells
PDACNP_10_GCAAGATGTGTTCGCG-1	IU_PDA_NP11	Normal Pancreas	CC10	Normal Epithelial cells
PDACNP_10_GCAAGCTGGAAACCGC-1	IU_PDA_NP11	Normal Pancreas	CC10	Normal Epithelial cells
PDACNP_10_GCAAGTGCACAGAGAA-1	IU_PDA_NP11	Normal Pancreas	CC10	Normal Epithelial cells
PDACNP_10_GCAAGTGTAAAGCATG-1	IU_PDA_NP11	Normal Pancreas	CC10	Normal Epithelial cells
PDACNP_10_GCACAAACCCTAGATG-1	IU_PDA_NP11	Normal Pancreas	CC10	Normal Epithelial cells
PDACNP_10_GCACAACCTCGGGCGT-1	IU_PDA_NP11	Normal Pancreas	CC10	Normal Epithelial cells
PDACNP_10_GCACAAGTGGATCATA-1	IU_PDA_NP11	Normal Pancreas	CC10	Normal Epithelial cells
PDACNP_10_GCACAAGTGTCGGAAG-1	IU_PDA_NP11	Normal Pancreas	CC10	Normal Epithelial cells
PDACNP_10_GCACACACTGGTAGCC-1	IU_PDA_NP11	Normal Pancreas	CC10	Normal Epithelial cells
PDACNP_10_GCACACAGCTATTACC-1	IU_PDA_NP11	Normal Pancreas	CC10	Normal Epithelial cells
PDACNP_10_GCACACGCCCATGGTC-1	IU_PDA_NP11	Normal Pancreas	CC10	Normal Epithelial cells
PDACNP_10_GCACAGCACGGGCCGA-1	IU_PDA_NP11	Normal Pancreas	CC10	Normal Epithelial cells
PDACNP_10_GCACCTAGGCGAGTCC-1	IU_PDA_NP11	Normal Pancreas	CC10	Normal Epithelial cells
PDACNP_10_GCACGCCGATTCCCGC-1	IU_PDA_NP11	Normal Pancreas	CC10	Normal Epithelial cells
PDACNP_10_GCACGCCTACTTAGAT-1	IU_PDA_NP11	Normal Pancreas	CC10	Normal Epithelial cells
PDACNP_10_GCACGTGGTTTACTTA-1	IU_PDA_NP11	Normal Pancreas	CC10	Normal Epithelial cells
PDACNP_10_GCACTAGTCGCGCTAT-1	IU_PDA_NP11	Normal Pancreas	CC10	Normal Epithelial cells
PDACNP_10_GCACTGCCTACCTTTA-1	IU_PDA_NP11	Normal Pancreas	CC10	Hepatocytes
PDACNP_10_GCACTGTGCAAATGTA-1	IU_PDA_NP11	Normal Pancreas	CC10	Normal Epithelial cells
PDACNP_10_GCAGACCCAGCACGTA-1	IU_PDA_NP11	Normal Pancreas	CC10	Normal Epithelial cells
PDACNP_10_GCAGATCCATAAGACT-1	IU_PDA_NP11	Normal Pancreas	CC10	Normal Epithelial cells
PDACNP_10_GCAGATCCTCGCAAAT-1	IU_PDA_NP11	Normal Pancreas	CC10	Normal Epithelial cells
PDACNP_10_GCAGATTAGGGATATC-1	IU_PDA_NP11	Normal Pancreas	CC10	Normal Epithelial cells
PDACNP_10_GCAGCACACAGCCCAG-1	IU_PDA_NP11	Normal Pancreas	CC10	Normal Epithelial cells
PDACNP_10_GCAGCCTATATCACAT-1	IU_PDA_NP11	Normal Pancreas	CC10	Normal Epithelial cells
PDACNP_10_GCAGCGGTGGGCATTA-1	IU_PDA_NP11	Normal Pancreas	CC10	Normal Epithelial cells
PDACNP_10_GCAGCTATGGACAGGT-1	IU_PDA_NP11	Normal Pancreas	CC10	Normal Epithelial cells
PDACNP_10_GCAGCTGTCAACGCAT-1	IU_PDA_NP11	Normal Pancreas	CC10	Normal Epithelial cells
PDACNP_10_GCAGGAACTTAGATCT-1	IU_PDA_NP11	Normal Pancreas	CC10	Normal Epithelial cells
PDACNP_10_GCAGGACTATAGAATA-1	IU_PDA_NP11	Normal Pancreas	CC10	Normal Epithelial cells
PDACNP_10_GCAGGTAGAGTATGGT-1	IU_PDA_NP11	Normal Pancreas	CC10	Normal Epithelial cells
PDACNP_10_GCAGTGTGGCTATAGG-1	IU_PDA_NP11	Normal Pancreas	CC10	Normal Epithelial cells
PDACNP_10_GCATACGAGGTCTTTA-1	IU_PDA_NP11	Normal Pancreas	CC10	Normal Epithelial cells
PDACNP_10_GCATAGAGCACTCAGG-1	IU_PDA_NP11	Normal Pancreas	CC10	Normal Epithelial cells
PDACNP_10_GCATCCCTAACTTTGA-1	IU_PDA_NP11	Normal Pancreas	CC10	Normal Epithelial cells
PDACNP_10_GCATCGGCCGTGTAGG-1	IU_PDA_NP11	Normal Pancreas	CC10	Normal Epithelial cells
PDACNP_10_GCATGAGGGACGCGGC-1	IU_PDA_NP11	Normal Pancreas	CC10	Normal Epithelial cells
PDACNP_10_GCATGCTAATAACGAT-1	IU_PDA_NP11	Normal Pancreas	CC10	Normal Epithelial cells
PDACNP_10_GCATGGGTACTGACGC-1	IU_PDA_NP11	Normal Pancreas	CC10	Normal Epithelial cells
PDACNP_10_GCATTCAAGGCAACGC-1	IU_PDA_NP11	Normal Pancreas	CC10	Normal Epithelial cells
PDACNP_10_GCATTCGAAATGAACA-1	IU_PDA_NP11	Normal Pancreas	CC10	Normal Epithelial cells
PDACNP_10_GCATTGACTTGCGGAA-1	IU_PDA_NP11	Normal Pancreas	CC10	Normal Epithelial cells
PDACNP_10_GCATTGTAATTCATAT-1	IU_PDA_NP11	Normal Pancreas	CC10	Normal Epithelial cells
PDACNP_10_GCATTTCCAAGGCTCC-1	IU_PDA_NP11	Normal Pancreas	CC10	Normal Epithelial cells
PDACNP_10_GCCAACCATTTCCGGA-1	IU_PDA_NP11	Normal Pancreas	CC10	Normal Epithelial cells
PDACNP_10_GCCAAGAATACTTCTG-1	IU_PDA_NP11	Normal Pancreas	CC10	Normal Epithelial cells
PDACNP_10_GCCAATAGGGCATCTC-1	IU_PDA_NP11	Normal Pancreas	CC10	Normal Epithelial cells
PDACNP_10_GCCACAATTTAAGGAC-1	IU_PDA_NP11	Normal Pancreas	CC10	Normal Epithelial cells
PDACNP_10_GCCACCTTATTCGCGA-1	IU_PDA_NP11	Normal Pancreas	CC10	Normal Epithelial cells
PDACNP_10_GCCACTCAGAGCGCGA-1	IU_PDA_NP11	Normal Pancreas	CC10	Normal Epithelial cells
PDACNP_10_GCCAGGAAAGAACACT-1	IU_PDA_NP11	Normal Pancreas	CC10	Normal Epithelial cells
PDACNP_10_GCCAGGAGTAACCGAT-1	IU_PDA_NP11	Normal Pancreas	CC10	Normal Epithelial cells
PDACNP_10_GCCATATTGCACACAG-1	IU_PDA_NP11	Normal Pancreas	CC10	Normal Epithelial cells
PDACNP_10_GCCATCGAGCTGCGTG-1	IU_PDA_NP11	Normal Pancreas	CC10	Normal Epithelial cells
PDACNP_10_GCCATCGATGCTGCAT-1	IU_PDA_NP11	Normal Pancreas	CC10	Normal Epithelial cells
PDACNP_10_GCCATTAGCCTCAAAC-1	IU_PDA_NP11	Normal Pancreas	CC10	Normal Epithelial cells
PDACNP_10_GCCCACCAAGGCTGTC-1	IU_PDA_NP11	Normal Pancreas	CC10	Normal Epithelial cells
PDACNP_10_GCCCAGATGCTGGAGA-1	IU_PDA_NP11	Normal Pancreas	CC10	Normal Epithelial cells
PDACNP_10_GCCCAGTTGGTATGCC-1	IU_PDA_NP11	Normal Pancreas	CC10	Normal Epithelial cells
PDACNP_10_GCCCGACTTCTTCCCG-1	IU_PDA_NP11	Normal Pancreas	CC10	Normal Epithelial cells
PDACNP_10_GCCCGAGAGTCTAAAT-1	IU_PDA_NP11	Normal Pancreas	CC10	Normal Epithelial cells
PDACNP_10_GCCCGATCTGTGGTCG-1	IU_PDA_NP11	Normal Pancreas	CC10	Normal Epithelial cells
PDACNP_10_GCCCGATGCCCAGTTC-1	IU_PDA_NP11	Normal Pancreas	CC10	Normal Epithelial cells
PDACNP_10_GCCCGCGCGTAAACGG-1	IU_PDA_NP11	Normal Pancreas	CC10	Normal Epithelial cells
PDACNP_10_GCCCGCGCGTTTGACA-1	IU_PDA_NP11	Normal Pancreas	CC10	Normal Epithelial cells
PDACNP_10_GCCCGTAATACCTTCT-1	IU_PDA_NP11	Normal Pancreas	CC10	Normal Epithelial cells
PDACNP_10_GCCCGTTCACACAATT-1	IU_PDA_NP11	Normal Pancreas	CC10	Normal Epithelial cells
PDACNP_10_GCCCTAAGTGCAGGAT-1	IU_PDA_NP11	Normal Pancreas	CC10	Normal Epithelial cells
PDACNP_10_GCCCTAGCCGTCGCGA-1	IU_PDA_NP11	Normal Pancreas	CC10	Normal Epithelial cells
PDACNP_10_GCCCTGAGGATGGGCT-1	IU_PDA_NP11	Normal Pancreas	CC10	Normal Epithelial cells
PDACNP_10_GCCGAAATTCCTACGT-1	IU_PDA_NP11	Normal Pancreas	CC10	Normal Epithelial cells
PDACNP_10_GCCGACCCACGACTGC-1	IU_PDA_NP11	Normal Pancreas	CC10	Normal Epithelial cells
PDACNP_10_GCCGATTGGCCAAGCT-1	IU_PDA_NP11	Normal Pancreas	CC10	Normal Epithelial cells
PDACNP_10_GCCGCATTAGTCCGGC-1	IU_PDA_NP11	Normal Pancreas	CC10	Normal Epithelial cells
PDACNP_10_GCCGCTTGTGAGAAAC-1	IU_PDA_NP11	Normal Pancreas	CC10	Normal Epithelial cells
PDACNP_10_GCCGGGTTAGGGTCGC-1	IU_PDA_NP11	Normal Pancreas	CC10	Normal Epithelial cells
PDACNP_10_GCCGGTCGTATCTCTC-1	IU_PDA_NP11	Normal Pancreas	CC10	Normal Epithelial cells
PDACNP_10_GCCGTCGGTTTCGGGC-1	IU_PDA_NP11	Normal Pancreas	CC10	Normal Epithelial cells
PDACNP_10_GCCTACGTTCTGTGCA-1	IU_PDA_NP11	Normal Pancreas	CC10	Normal Epithelial cells
PDACNP_10_GCCTAGCGATCTGACC-1	IU_PDA_NP11	Normal Pancreas	CC10	Normal Epithelial cells
PDACNP_10_GCCTATAGTGTCAGGG-1	IU_PDA_NP11	Normal Pancreas	CC10	Normal Epithelial cells
PDACNP_10_GCCTATGCTGGGCCTT-1	IU_PDA_NP11	Normal Pancreas	CC10	Normal Epithelial cells
PDACNP_10_GCCTATTCCGATATAG-1	IU_PDA_NP11	Normal Pancreas	CC10	Normal Epithelial cells
PDACNP_10_GCCTATTTGCTACACA-1	IU_PDA_NP11	Normal Pancreas	CC10	Normal Epithelial cells
PDACNP_10_GCCTCAGGTACCGGTC-1	IU_PDA_NP11	Normal Pancreas	CC10	Normal Epithelial cells
PDACNP_10_GCCTCATCTGGAAATA-1	IU_PDA_NP11	Normal Pancreas	CC10	Normal Epithelial cells
PDACNP_10_GCCTCCGACAATTCAC-1	IU_PDA_NP11	Normal Pancreas	CC10	Normal Epithelial cells
PDACNP_10_GCCTCTATACATAGCA-1	IU_PDA_NP11	Normal Pancreas	CC10	Normal Epithelial cells
PDACNP_10_GCCTGTCCCGGTGCAT-1	IU_PDA_NP11	Normal Pancreas	CC10	Normal Epithelial cells
PDACNP_10_GCCTTCAGCCCTACCG-1	IU_PDA_NP11	Normal Pancreas	CC10	Normal Epithelial cells
PDACNP_10_GCCTTGTATATGCAGT-1	IU_PDA_NP11	Normal Pancreas	CC10	Normal Epithelial cells
PDACNP_10_GCCTTTGTCAGTGGAC-1	IU_PDA_NP11	Normal Pancreas	CC10	Normal Epithelial cells
PDACNP_10_GCGAAACGATCGGGAG-1	IU_PDA_NP11	Normal Pancreas	CC10	Normal Epithelial cells
PDACNP_10_GCGAAACTTAACTGGA-1	IU_PDA_NP11	Normal Pancreas	CC10	Normal Epithelial cells
PDACNP_10_GCGAAGAATCTGACGG-1	IU_PDA_NP11	Normal Pancreas	CC10	Normal Epithelial cells
PDACNP_10_GCGAAGCCATACCCGT-1	IU_PDA_NP11	Normal Pancreas	CC10	Normal Epithelial cells
PDACNP_10_GCGAATGGACTAGCGA-1	IU_PDA_NP11	Normal Pancreas	CC10	Normal Epithelial cells
PDACNP_10_GCGACATGTAAACATC-1	IU_PDA_NP11	Normal Pancreas	CC10	Normal Epithelial cells
PDACNP_10_GCGACCCAACCATCTG-1	IU_PDA_NP11	Normal Pancreas	CC10	Normal Epithelial cells
PDACNP_10_GCGACGATAGTTGTAC-1	IU_PDA_NP11	Normal Pancreas	CC10	Normal Epithelial cells
PDACNP_10_GCGACGGTAGTCTCCT-1	IU_PDA_NP11	Normal Pancreas	CC10	Normal Epithelial cells
PDACNP_10_GCGAGAAACGGGAGTT-1	IU_PDA_NP11	Normal Pancreas	CC10	Normal Epithelial cells
PDACNP_10_GCGAGAGGCCATGTAA-1	IU_PDA_NP11	Normal Pancreas	CC10	Normal Epithelial cells
PDACNP_10_GCGAGAGTTGCGTCCA-1	IU_PDA_NP11	Normal Pancreas	CC10	Normal Epithelial cells
PDACNP_10_GCGAGCGCATGCTCCC-1	IU_PDA_NP11	Normal Pancreas	CC10	Normal Epithelial cells
PDACNP_10_GCGAGGCCCGAGCAGA-1	IU_PDA_NP11	Normal Pancreas	CC10	Normal Epithelial cells
PDACNP_10_GCGAGTTCTGCAAAGA-1	IU_PDA_NP11	Normal Pancreas	CC10	Normal Epithelial cells
PDACNP_10_GCGATTCTGGAAGCAG-1	IU_PDA_NP11	Normal Pancreas	CC10	Normal Epithelial cells
PDACNP_10_GCGATTGTTAACGTTA-1	IU_PDA_NP11	Normal Pancreas	CC10	Normal Epithelial cells
PDACNP_10_GCGCAAATATATTCAA-1	IU_PDA_NP11	Normal Pancreas	CC10	Normal Epithelial cells
PDACNP_10_GCGCAAGAGCGCGCTG-1	IU_PDA_NP11	Normal Pancreas	CC10	Normal Epithelial cells
PDACNP_10_GCGCATCCAGTCAGCA-1	IU_PDA_NP11	Normal Pancreas	CC10	Normal Epithelial cells
PDACNP_10_GCGCCGTTCCACGATA-1	IU_PDA_NP11	Normal Pancreas	CC10	Normal Epithelial cells
PDACNP_10_GCGCCTCCCACTCCGA-1	IU_PDA_NP11	Normal Pancreas	CC10	Normal Epithelial cells
PDACNP_10_GCGCGGTCTAGTAACT-1	IU_PDA_NP11	Normal Pancreas	CC10	Normal Epithelial cells
PDACNP_10_GCGCGTCATTGGTACA-1	IU_PDA_NP11	Normal Pancreas	CC10	Normal Epithelial cells
PDACNP_10_GCGCTAATTGAATAGA-1	IU_PDA_NP11	Normal Pancreas	CC10	Normal Epithelial cells
PDACNP_10_GCGCTATGCCGAGGCA-1	IU_PDA_NP11	Normal Pancreas	CC10	Normal Epithelial cells
PDACNP_10_GCGCTGATCCAGACTC-1	IU_PDA_NP11	Normal Pancreas	CC10	Normal Epithelial cells
PDACNP_10_GCGCTGCTTTGCATTT-1	IU_PDA_NP11	Normal Pancreas	CC10	Normal Epithelial cells
PDACNP_10_GCGCTTAAATAATTGG-1	IU_PDA_NP11	Normal Pancreas	CC10	Normal Epithelial cells
PDACNP_10_GCGGACCGCGTTGTGG-1	IU_PDA_NP11	Normal Pancreas	CC10	Normal Epithelial cells
PDACNP_10_GCGGAGAAACTTCGCA-1	IU_PDA_NP11	Normal Pancreas	CC10	Normal Epithelial cells
PDACNP_10_GCGGAGAGGGAGAACG-1	IU_PDA_NP11	Normal Pancreas	CC10	Normal Epithelial cells
PDACNP_10_GCGGATTACTTGTTCT-1	IU_PDA_NP11	Normal Pancreas	CC10	Normal Epithelial cells
PDACNP_10_GCGGCAAAGTATTGCC-1	IU_PDA_NP11	Normal Pancreas	CC10	Normal Epithelial cells
PDACNP_10_GCGGCTCTGACGTACC-1	IU_PDA_NP11	Normal Pancreas	CC10	Normal Epithelial cells
PDACNP_10_GCGGCTTTAGCAAGTT-1	IU_PDA_NP11	Normal Pancreas	CC10	Normal Epithelial cells
PDACNP_10_GCGGGAACCAGGCCCT-1	IU_PDA_NP11	Normal Pancreas	CC10	Normal Epithelial cells
PDACNP_10_GCGGGCAGACGGGTGA-1	IU_PDA_NP11	Normal Pancreas	CC10	Normal Epithelial cells
PDACNP_10_GCGGGCGAGCCTTACC-1	IU_PDA_NP11	Normal Pancreas	CC10	Normal Epithelial cells
PDACNP_10_GCGGTAACCCAAATGA-1	IU_PDA_NP11	Normal Pancreas	CC10	Normal Epithelial cells
PDACNP_10_GCGGTCCCTAGACGCA-1	IU_PDA_NP11	Normal Pancreas	CC10	Normal Epithelial cells
PDACNP_10_GCGGTCTTGCTTTCAC-1	IU_PDA_NP11	Normal Pancreas	CC10	Normal Epithelial cells
PDACNP_10_GCGGTGAACTGCGCTC-1	IU_PDA_NP11	Normal Pancreas	CC10	Normal Epithelial cells
PDACNP_10_GCGGTGCGGAGCATCG-1	IU_PDA_NP11	Normal Pancreas	CC10	Normal Epithelial cells
PDACNP_10_GCGGTTCCCTATCATG-1	IU_PDA_NP11	Normal Pancreas	CC10	Normal Epithelial cells
PDACNP_10_GCGTAAATGGCCATAA-1	IU_PDA_NP11	Normal Pancreas	CC10	Normal Epithelial cells
PDACNP_10_GCGTCCCTAAGACATA-1	IU_PDA_NP11	Normal Pancreas	CC10	Normal Epithelial cells
PDACNP_10_GCGTCGAAATGTCGGT-1	IU_PDA_NP11	Normal Pancreas	CC10	Normal Epithelial cells
PDACNP_10_GCGTCGCCAGGGTGAT-1	IU_PDA_NP11	Normal Pancreas	CC10	Normal Epithelial cells
PDACNP_10_GCGTCGTAACATGGTC-1	IU_PDA_NP11	Normal Pancreas	CC10	Normal Epithelial cells
PDACNP_10_GCGTCTCTGCATTGGG-1	IU_PDA_NP11	Normal Pancreas	CC10	Normal Epithelial cells
PDACNP_10_GCGTGGTACTGGGTTA-1	IU_PDA_NP11	Normal Pancreas	CC10	Normal Epithelial cells
PDACNP_10_GCGTTATATTTGGAAC-1	IU_PDA_NP11	Normal Pancreas	CC10	Normal Epithelial cells
PDACNP_10_GCGTTCGGAGACCGGG-1	IU_PDA_NP11	Normal Pancreas	CC10	Normal Epithelial cells
PDACNP_10_GCTAAACCTGAGGTGA-1	IU_PDA_NP11	Normal Pancreas	CC10	Normal Epithelial cells
PDACNP_10_GCTAACTGAAGTCTGA-1	IU_PDA_NP11	Normal Pancreas	CC10	Normal Epithelial cells
PDACNP_10_GCTAAGCCCAGTATGC-1	IU_PDA_NP11	Normal Pancreas	CC10	Normal Epithelial cells
PDACNP_10_GCTAAGTAAAGGCGAT-1	IU_PDA_NP11	Normal Pancreas	CC10	Normal Epithelial cells
PDACNP_10_GCTAAGTAGTTTCTCT-1	IU_PDA_NP11	Normal Pancreas	CC10	Normal Epithelial cells
PDACNP_10_GCTAATACCGAATGCC-1	IU_PDA_NP11	Normal Pancreas	CC10	Normal Epithelial cells
PDACNP_10_GCTACAATCGAGGATA-1	IU_PDA_NP11	Normal Pancreas	CC10	Normal Epithelial cells
PDACNP_10_GCTACAGTACGGACCG-1	IU_PDA_NP11	Normal Pancreas	CC10	Normal Epithelial cells
PDACNP_10_GCTACGACTTATTGGG-1	IU_PDA_NP11	Normal Pancreas	CC10	Normal Epithelial cells
PDACNP_10_GCTACTATAGTAGAGT-1	IU_PDA_NP11	Normal Pancreas	CC10	Normal Epithelial cells
PDACNP_10_GCTACTCGGACGCAGA-1	IU_PDA_NP11	Normal Pancreas	CC10	Normal Epithelial cells
PDACNP_10_GCTAGACCGTCTACTG-1	IU_PDA_NP11	Normal Pancreas	CC10	Normal Epithelial cells
PDACNP_10_GCTAGAGTAGAGATGT-1	IU_PDA_NP11	Normal Pancreas	CC10	Normal Epithelial cells
PDACNP_10_GCTAGCAGGGAGTGGG-1	IU_PDA_NP11	Normal Pancreas	CC10	Normal Epithelial cells
PDACNP_10_GCTAGCGATAGGTCTT-1	IU_PDA_NP11	Normal Pancreas	CC10	Normal Epithelial cells
PDACNP_10_GCTAGCTTGAATAGCT-1	IU_PDA_NP11	Normal Pancreas	CC10	Normal Epithelial cells
PDACNP_10_GCTAGGCACCACGGAG-1	IU_PDA_NP11	Normal Pancreas	CC10	Normal Epithelial cells
PDACNP_10_GCTAGTAGAGCTTGTA-1	IU_PDA_NP11	Normal Pancreas	CC10	Normal Epithelial cells
PDACNP_10_GCTAGTTTCATTGAGG-1	IU_PDA_NP11	Normal Pancreas	CC10	Normal Epithelial cells
PDACNP_10_GCTATAAGGGCCAGGA-1	IU_PDA_NP11	Normal Pancreas	CC10	Normal Epithelial cells
PDACNP_10_GCTATACGTCTCGGAC-1	IU_PDA_NP11	Normal Pancreas	CC10	Normal Epithelial cells
PDACNP_10_GCTATCATACTCATGG-1	IU_PDA_NP11	Normal Pancreas	CC10	Normal Epithelial cells
PDACNP_10_GCTATCGCGGCGCAAC-1	IU_PDA_NP11	Normal Pancreas	CC10	Normal Epithelial cells
PDACNP_10_GCTATGCCAGCTTATG-1	IU_PDA_NP11	Normal Pancreas	CC10	Normal Epithelial cells
PDACNP_10_GCTCAACCTCTTAGAG-1	IU_PDA_NP11	Normal Pancreas	CC10	Normal Epithelial cells
PDACNP_10_GCTCAATCCGTTTATT-1	IU_PDA_NP11	Normal Pancreas	CC10	Normal Epithelial cells
PDACNP_10_GCTCAATGTAATACCG-1	IU_PDA_NP11	Normal Pancreas	CC10	Normal Epithelial cells
PDACNP_10_GCTCATTACTGCATGT-1	IU_PDA_NP11	Normal Pancreas	CC10	Normal Epithelial cells
PDACNP_10_GCTCATTGATCATATC-1	IU_PDA_NP11	Normal Pancreas	CC10	Normal Epithelial cells
PDACNP_10_GCTCCATGCAAAGCAA-1	IU_PDA_NP11	Normal Pancreas	CC10	Normal Epithelial cells
PDACNP_10_GCTCCCAGTCGGTCCA-1	IU_PDA_NP11	Normal Pancreas	CC10	Normal Epithelial cells
PDACNP_10_GCTCCTGACATACTGG-1	IU_PDA_NP11	Normal Pancreas	CC10	Normal Epithelial cells
PDACNP_10_GCTCGCGGTTCCGCTC-1	IU_PDA_NP11	Normal Pancreas	CC10	Normal Epithelial cells
PDACNP_10_GCTCGCTCATGTCCAA-1	IU_PDA_NP11	Normal Pancreas	CC10	Normal Epithelial cells
PDACNP_10_GCTCGGAATTTAAAGC-1	IU_PDA_NP11	Normal Pancreas	CC10	Normal Epithelial cells
PDACNP_10_GCTCTAAACCCTGACG-1	IU_PDA_NP11	Normal Pancreas	CC10	Normal Epithelial cells
PDACNP_10_GCTCTATGTTACGTGC-1	IU_PDA_NP11	Normal Pancreas	CC10	Normal Epithelial cells
PDACNP_10_GCTCTCGGGTACCGAA-1	IU_PDA_NP11	Normal Pancreas	CC10	Normal Epithelial cells
PDACNP_10_GCTCTTTCCGCTAGTG-1	IU_PDA_NP11	Normal Pancreas	CC10	Normal Epithelial cells
PDACNP_10_GCTGAATCTTCCAATC-1	IU_PDA_NP11	Normal Pancreas	CC10	Normal Epithelial cells
PDACNP_10_GCTGAGCAACGGTTCT-1	IU_PDA_NP11	Normal Pancreas	CC10	Normal Epithelial cells
PDACNP_10_GCTGAGGCGTGAGTAT-1	IU_PDA_NP11	Normal Pancreas	CC10	Normal Epithelial cells
PDACNP_10_GCTGCACGGTTTCTTA-1	IU_PDA_NP11	Normal Pancreas	CC10	Normal Epithelial cells
PDACNP_10_GCTGCGAAGAATTATT-1	IU_PDA_NP11	Normal Pancreas	CC10	Normal Epithelial cells
PDACNP_10_GCTGCTAAGTAGTCGA-1	IU_PDA_NP11	Normal Pancreas	CC10	Normal Epithelial cells
PDACNP_10_GCTGCTACTGCGTAGC-1	IU_PDA_NP11	Normal Pancreas	CC10	Normal Epithelial cells
PDACNP_10_GCTGCTCTCCGGACAC-1	IU_PDA_NP11	Normal Pancreas	CC10	Normal Epithelial cells
PDACNP_10_GCTGGACCCAAAGTGG-1	IU_PDA_NP11	Normal Pancreas	CC10	Normal Epithelial cells
PDACNP_10_GCTGGCATATTCACCT-1	IU_PDA_NP11	Normal Pancreas	CC10	Normal Epithelial cells
PDACNP_10_GCTGGCGGCGCATGCT-1	IU_PDA_NP11	Normal Pancreas	CC10	Normal Epithelial cells
PDACNP_10_GCTGGGAGCGCGTCAA-1	IU_PDA_NP11	Normal Pancreas	CC10	Normal Epithelial cells
PDACNP_10_GCTGGTTTAGGCCATA-1	IU_PDA_NP11	Normal Pancreas	CC10	Normal Epithelial cells
PDACNP_10_GCTGTATTACTGGCCC-1	IU_PDA_NP11	Normal Pancreas	CC10	Normal Epithelial cells
PDACNP_10_GCTGTTGCTACCGAAC-1	IU_PDA_NP11	Normal Pancreas	CC10	Normal Epithelial cells
PDACNP_10_GCTTAATGTAACTAAC-1	IU_PDA_NP11	Normal Pancreas	CC10	Normal Epithelial cells
PDACNP_10_GCTTATGAAGCAGGAA-1	IU_PDA_NP11	Normal Pancreas	CC10	Normal Epithelial cells
PDACNP_10_GCTTCCAGCTTAGATT-1	IU_PDA_NP11	Normal Pancreas	CC10	Normal Epithelial cells
PDACNP_10_GCTTCCATGTAACCGC-1	IU_PDA_NP11	Normal Pancreas	CC10	Normal Epithelial cells
PDACNP_10_GCTTCCCGTAAGCTCC-1	IU_PDA_NP11	Normal Pancreas	CC10	Normal Epithelial cells
PDACNP_10_GCTTCCGTCCCTAGAC-1	IU_PDA_NP11	Normal Pancreas	CC10	Normal Epithelial cells
PDACNP_10_GCTTCGACGTTCAATC-1	IU_PDA_NP11	Normal Pancreas	CC10	Normal Epithelial cells
PDACNP_10_GCTTGATGATAATCAG-1	IU_PDA_NP11	Normal Pancreas	CC10	Normal Epithelial cells
PDACNP_10_GCTTGCAGCACAATTG-1	IU_PDA_NP11	Normal Pancreas	CC10	Normal Epithelial cells
PDACNP_10_GCTTGGATCGATTAGG-1	IU_PDA_NP11	Normal Pancreas	CC10	Normal Epithelial cells
PDACNP_10_GCTTTCAGAGGAGGTG-1	IU_PDA_NP11	Normal Pancreas	CC10	Normal Epithelial cells
PDACNP_10_GGAAACAGAGCTTGGG-1	IU_PDA_NP11	Normal Pancreas	CC10	Normal Epithelial cells
PDACNP_10_GGAAACCTTGTTGAAT-1	IU_PDA_NP11	Normal Pancreas	CC10	Normal Epithelial cells
PDACNP_10_GGAAACTAAATGGGCC-1	IU_PDA_NP11	Normal Pancreas	CC10	Normal Epithelial cells
PDACNP_10_GGAAAGGGAATTGAGC-1	IU_PDA_NP11	Normal Pancreas	CC10	Normal Epithelial cells
PDACNP_10_GGAAAGTCTTGATTGT-1	IU_PDA_NP11	Normal Pancreas	CC10	Normal Epithelial cells
PDACNP_10_GGAAAGTGCCCATGCC-1	IU_PDA_NP11	Normal Pancreas	CC10	Normal Epithelial cells
PDACNP_10_GGAACCCGAACAAGAA-1	IU_PDA_NP11	Normal Pancreas	CC10	Normal Epithelial cells
PDACNP_10_GGAACCGTGTAAATTG-1	IU_PDA_NP11	Normal Pancreas	CC10	Normal Epithelial cells
PDACNP_10_GGAACCTTGACTCTGC-1	IU_PDA_NP11	Normal Pancreas	CC10	Normal Epithelial cells
PDACNP_10_GGAACGGCCTGCAGCC-1	IU_PDA_NP11	Normal Pancreas	CC10	Normal Epithelial cells
PDACNP_10_GGAACTCGTGAATACG-1	IU_PDA_NP11	Normal Pancreas	CC10	Normal Epithelial cells
PDACNP_10_GGAACTTTGGCGATTA-1	IU_PDA_NP11	Normal Pancreas	CC10	Normal Epithelial cells
PDACNP_10_GGAAGCTCGCTTACAG-1	IU_PDA_NP11	Normal Pancreas	CC2	Normal Epithelial cells
PDACNP_10_GGAAGGACACCGTATA-1	IU_PDA_NP11	Normal Pancreas	CC10	Normal Epithelial cells
PDACNP_10_GGAATGCGCTAGCGTG-1	IU_PDA_NP11	Normal Pancreas	CC10	Normal Epithelial cells
PDACNP_10_GGACAACCATGAAGCC-1	IU_PDA_NP11	Normal Pancreas	CC10	Normal Epithelial cells
PDACNP_10_GGACAAGTTGCAGTGA-1	IU_PDA_NP11	Normal Pancreas	CC10	Normal Epithelial cells
PDACNP_10_GGACACAAGTTTACAC-1	IU_PDA_NP11	Normal Pancreas	CC10	Normal Epithelial cells
PDACNP_10_GGACACCTCGGTGTTG-1	IU_PDA_NP11	Normal Pancreas	CC10	Normal Epithelial cells
PDACNP_10_GGACCAACAGGATAAC-1	IU_PDA_NP11	Normal Pancreas	CC10	Normal Epithelial cells
PDACNP_10_GGACCTACGGTAACGT-1	IU_PDA_NP11	Normal Pancreas	CC10	Normal Epithelial cells
PDACNP_10_GGACCTCTAGGCCGCC-1	IU_PDA_NP11	Normal Pancreas	CC10	Normal Epithelial cells
PDACNP_10_GGACGTCCATAGTTGG-1	IU_PDA_NP11	Normal Pancreas	CC10	Normal Epithelial cells
PDACNP_10_GGACTAAGTCAGGAGT-1	IU_PDA_NP11	Normal Pancreas	CC10	Normal Epithelial cells
PDACNP_10_GGACTCGACAGCGCAT-1	IU_PDA_NP11	Normal Pancreas	CC10	Normal Epithelial cells
PDACNP_10_GGACTCGTGAGTGGTC-1	IU_PDA_NP11	Normal Pancreas	CC10	Normal Epithelial cells
PDACNP_10_GGACTCTTTGACTAAG-1	IU_PDA_NP11	Normal Pancreas	CC10	Normal Epithelial cells
PDACNP_10_GGAGAAGTCATTGGCA-1	IU_PDA_NP11	Normal Pancreas	CC10	Normal Epithelial cells
PDACNP_10_GGAGACCATCTACATA-1	IU_PDA_NP11	Normal Pancreas	CC10	Normal Epithelial cells
PDACNP_10_GGAGACGACACCTTTG-1	IU_PDA_NP11	Normal Pancreas	CC10	Normal Epithelial cells
PDACNP_10_GGAGCAACATTTCAAG-1	IU_PDA_NP11	Normal Pancreas	CC10	Normal Epithelial cells
PDACNP_10_GGAGCACCAAGAACTA-1	IU_PDA_NP11	Normal Pancreas	CC10	Normal Epithelial cells
PDACNP_10_GGAGCGAGGCCTACTT-1	IU_PDA_NP11	Normal Pancreas	CC10	Normal Epithelial cells
PDACNP_10_GGAGGGCTTGGTTGGC-1	IU_PDA_NP11	Normal Pancreas	CC10	Normal Epithelial cells
PDACNP_10_GGAGTGCCGCCCTGGA-1	IU_PDA_NP11	Normal Pancreas	CC10	Normal Epithelial cells
PDACNP_10_GGATACTCATGAATTG-1	IU_PDA_NP11	Normal Pancreas	CC10	Normal Epithelial cells
PDACNP_10_GGATCAGAGCCATCAG-1	IU_PDA_NP11	Normal Pancreas	CC10	Normal Epithelial cells
PDACNP_10_GGATCATCCCGTACGC-1	IU_PDA_NP11	Normal Pancreas	CC10	Normal Epithelial cells
PDACNP_10_GGATCCCTACCAGCTA-1	IU_PDA_NP11	Normal Pancreas	CC10	Normal Epithelial cells
PDACNP_10_GGATCCGGAATATACT-1	IU_PDA_NP11	Normal Pancreas	CC10	Normal Epithelial cells
PDACNP_10_GGATCTACCGTTCGTC-1	IU_PDA_NP11	Normal Pancreas	CC10	Normal Epithelial cells
PDACNP_10_GGATCTTACTGCCCTT-1	IU_PDA_NP11	Normal Pancreas	CC10	Normal Epithelial cells
PDACNP_10_GGATCTTGACTCAACC-1	IU_PDA_NP11	Normal Pancreas	CC10	Normal Epithelial cells
PDACNP_10_GGATGAAGATCGCTGA-1	IU_PDA_NP11	Normal Pancreas	CC10	Normal Epithelial cells
PDACNP_10_GGATGACGCGAGTTTA-1	IU_PDA_NP11	Normal Pancreas	CC10	Normal Epithelial cells
PDACNP_10_GGATGCTGGCGTTCCT-1	IU_PDA_NP11	Normal Pancreas	CC10	Normal Epithelial cells
PDACNP_10_GGATGGCTTGAAGTAT-1	IU_PDA_NP11	Normal Pancreas	CC10	Normal Epithelial cells
PDACNP_10_GGATGTCCTTACCGCA-1	IU_PDA_NP11	Normal Pancreas	CC10	Normal Epithelial cells
PDACNP_10_GGATTAATCATGGACC-1	IU_PDA_NP11	Normal Pancreas	CC10	Normal Epithelial cells
PDACNP_10_GGATTCAGTACGGTGG-1	IU_PDA_NP11	Normal Pancreas	CC10	Normal Epithelial cells
PDACNP_10_GGATTCCGCTATACCC-1	IU_PDA_NP11	Normal Pancreas	CC10	Normal Epithelial cells
PDACNP_10_GGATTGAAGTAGCCTC-1	IU_PDA_NP11	Normal Pancreas	CC10	Normal Epithelial cells
PDACNP_10_GGATTGCTGTGACTCC-1	IU_PDA_NP11	Normal Pancreas	CC10	Normal Epithelial cells
PDACNP_10_GGATTTCACTTCTATA-1	IU_PDA_NP11	Normal Pancreas	CC10	Normal Epithelial cells
PDACNP_10_GGCAAAGGCGCCAATA-1	IU_PDA_NP11	Normal Pancreas	CC10	Normal Epithelial cells
PDACNP_10_GGCAAATTACTTTACT-1	IU_PDA_NP11	Normal Pancreas	CC10	Normal Epithelial cells
PDACNP_10_GGCAAGCCCATAGTGG-1	IU_PDA_NP11	Normal Pancreas	CC10	Normal Epithelial cells
PDACNP_10_GGCAAGGCGAAATAGC-1	IU_PDA_NP11	Normal Pancreas	CC10	Normal Epithelial cells
PDACNP_10_GGCAATAGTCAATGAG-1	IU_PDA_NP11	Normal Pancreas	CC10	Normal Epithelial cells
PDACNP_10_GGCACGCTGCTACAGT-1	IU_PDA_NP11	Normal Pancreas	CC10	Normal Epithelial cells
PDACNP_10_GGCACTCCACTGGGCA-1	IU_PDA_NP11	Normal Pancreas	CC10	Normal Epithelial cells
PDACNP_10_GGCACTGCGGTGGTTT-1	IU_PDA_NP11	Normal Pancreas	CC10	Normal Epithelial cells
PDACNP_10_GGCAGAGAGATCGGGA-1	IU_PDA_NP11	Normal Pancreas	CC10	Normal Epithelial cells
PDACNP_10_GGCAGCAAACCTATGC-1	IU_PDA_NP11	Normal Pancreas	CC10	Normal Epithelial cells
PDACNP_10_GGCAGCGGTAATCCTA-1	IU_PDA_NP11	Normal Pancreas	CC10	Normal Epithelial cells
PDACNP_10_GGCATACAGGTAGCGG-1	IU_PDA_NP11	Normal Pancreas	CC10	Normal Epithelial cells
PDACNP_10_GGCATATCGGTTCTGC-1	IU_PDA_NP11	Normal Pancreas	CC10	Normal Epithelial cells
PDACNP_10_GGCATTCCCTCCCTCG-1	IU_PDA_NP11	Normal Pancreas	CC10	Normal Epithelial cells
PDACNP_10_GGCATTGAACATCTCA-1	IU_PDA_NP11	Normal Pancreas	CC10	Normal Epithelial cells
PDACNP_10_GGCCAATTGTATAGAC-1	IU_PDA_NP11	Normal Pancreas	CC10	Normal Epithelial cells
PDACNP_10_GGCCCAGCTGGTTTGC-1	IU_PDA_NP11	Normal Pancreas	CC10	Normal Epithelial cells
PDACNP_10_GGCCCGGAGCATGTCT-1	IU_PDA_NP11	Normal Pancreas	CC10	Normal Epithelial cells
PDACNP_10_GGCCCTCACCCACTTA-1	IU_PDA_NP11	Normal Pancreas	CC10	Normal Epithelial cells
PDACNP_10_GGCCGAGACTCTGGTG-1	IU_PDA_NP11	Normal Pancreas	CC10	Normal Epithelial cells
PDACNP_10_GGCCGGCGTCTGCTAT-1	IU_PDA_NP11	Normal Pancreas	CC10	Normal Epithelial cells
PDACNP_10_GGCCGTTTGGGTTTCA-1	IU_PDA_NP11	Normal Pancreas	CC10	Normal Epithelial cells
PDACNP_10_GGCCTGCTCTGATGTT-1	IU_PDA_NP11	Normal Pancreas	CC10	Normal Epithelial cells
PDACNP_10_GGCCTTTGCAACTGGC-1	IU_PDA_NP11	Normal Pancreas	CC10	Normal Epithelial cells
PDACNP_10_GGCGAAATCTAACTTG-1	IU_PDA_NP11	Normal Pancreas	CC10	Normal Epithelial cells
PDACNP_10_GGCGAGCGAAACGGCA-1	IU_PDA_NP11	Normal Pancreas	CC10	Normal Epithelial cells
PDACNP_10_GGCGCACAGTTTACCT-1	IU_PDA_NP11	Normal Pancreas	CC10	Normal Epithelial cells
PDACNP_10_GGCGCAGGACATCTTC-1	IU_PDA_NP11	Normal Pancreas	CC10	Normal Epithelial cells
PDACNP_10_GGCGCATGAATTGATG-1	IU_PDA_NP11	Normal Pancreas	CC10	Normal Epithelial cells
PDACNP_10_GGCGCGGAGATCTTTC-1	IU_PDA_NP11	Normal Pancreas	CC10	Normal Epithelial cells
PDACNP_10_GGCGCGTTCGAGTTTA-1	IU_PDA_NP11	Normal Pancreas	CC10	Normal Epithelial cells
PDACNP_10_GGCGCTCCTCATCAAT-1	IU_PDA_NP11	Normal Pancreas	CC10	Normal Epithelial cells
PDACNP_10_GGCGCTTCATTCCCTG-1	IU_PDA_NP11	Normal Pancreas	CC10	Normal Epithelial cells
PDACNP_10_GGCGGAGTAATATTAG-1	IU_PDA_NP11	Normal Pancreas	CC10	Normal Epithelial cells
PDACNP_10_GGCGGTAGGATCATTG-1	IU_PDA_NP11	Normal Pancreas	CC10	Normal Epithelial cells
PDACNP_10_GGCGGTTTGCCGGTGC-1	IU_PDA_NP11	Normal Pancreas	CC10	Normal Epithelial cells
PDACNP_10_GGCGTAGGGAAAGCTG-1	IU_PDA_NP11	Normal Pancreas	CC10	Normal Epithelial cells
PDACNP_10_GGCGTCCTATCCGCTG-1	IU_PDA_NP11	Normal Pancreas	CC10	Normal Epithelial cells
PDACNP_10_GGCTAAAGGGCGGGTC-1	IU_PDA_NP11	Normal Pancreas	CC10	Normal Epithelial cells
PDACNP_10_GGCTAATGATTGAAAT-1	IU_PDA_NP11	Normal Pancreas	CC10	Normal Epithelial cells
PDACNP_10_GGCTACTATACACTCC-1	IU_PDA_NP11	Normal Pancreas	CC10	Normal Epithelial cells
PDACNP_10_GGCTATTAAGTTGTAT-1	IU_PDA_NP11	Normal Pancreas	CC10	Normal Epithelial cells
PDACNP_10_GGCTCCTCCACCTGTT-1	IU_PDA_NP11	Normal Pancreas	CC10	Normal Epithelial cells
PDACNP_10_GGCTCGCGTTGAGGTA-1	IU_PDA_NP11	Normal Pancreas	CC10	Normal Epithelial cells
PDACNP_10_GGCTCGTGCCACCAGC-1	IU_PDA_NP11	Normal Pancreas	CC10	Normal Epithelial cells
PDACNP_10_GGCTCTGCTCCAACGC-1	IU_PDA_NP11	Normal Pancreas	CC10	Normal Epithelial cells
PDACNP_10_GGCTGAAATAGCAAAG-1	IU_PDA_NP11	Normal Pancreas	CC10	Normal Epithelial cells
PDACNP_10_GGCTGGCAATCCCACG-1	IU_PDA_NP11	Normal Pancreas	CC10	Normal Epithelial cells
PDACNP_10_GGCTGGCTAGCTTAAA-1	IU_PDA_NP11	Normal Pancreas	CC10	Normal Epithelial cells
PDACNP_10_GGCTGTCCTACTGCGG-1	IU_PDA_NP11	Normal Pancreas	CC10	Normal Epithelial cells
PDACNP_10_GGCTTTCAATAAGGGT-1	IU_PDA_NP11	Normal Pancreas	CC10	Normal Epithelial cells
PDACNP_10_GGGAAAGAATGCCAAC-1	IU_PDA_NP11	Normal Pancreas	CC10	Normal Epithelial cells
PDACNP_10_GGGAACGGGAGGTTAG-1	IU_PDA_NP11	Normal Pancreas	CC10	Normal Epithelial cells
PDACNP_10_GGGAACGGTTTCAGAT-1	IU_PDA_NP11	Normal Pancreas	CC10	Normal Epithelial cells
PDACNP_10_GGGAAGACGGTCTGTC-1	IU_PDA_NP11	Normal Pancreas	CC10	Normal Epithelial cells
PDACNP_10_GGGAAGGGCTTTCTCA-1	IU_PDA_NP11	Normal Pancreas	CC10	Normal Epithelial cells
PDACNP_10_GGGAATGAGCCCTCAC-1	IU_PDA_NP11	Normal Pancreas	CC10	Normal Epithelial cells
PDACNP_10_GGGAATTCTGTCCAGT-1	IU_PDA_NP11	Normal Pancreas	CC10	Normal Epithelial cells
PDACNP_10_GGGACAGAGTTACTCC-1	IU_PDA_NP11	Normal Pancreas	CC10	Normal Epithelial cells
PDACNP_10_GGGACCCGTATATCTT-1	IU_PDA_NP11	Normal Pancreas	CC10	Normal Epithelial cells
PDACNP_10_GGGACTGCATAGATAG-1	IU_PDA_NP11	Normal Pancreas	CC10	Normal Epithelial cells
PDACNP_10_GGGAGAACTCACAGTA-1	IU_PDA_NP11	Normal Pancreas	CC10	Normal Epithelial cells
PDACNP_10_GGGAGCGACCGTAGTG-1	IU_PDA_NP11	Normal Pancreas	CC10	Normal Epithelial cells
PDACNP_10_GGGAGGATGCCCGAAA-1	IU_PDA_NP11	Normal Pancreas	CC10	Normal Epithelial cells
PDACNP_10_GGGAGTAATGGCTGGC-1	IU_PDA_NP11	Normal Pancreas	CC10	Normal Epithelial cells
PDACNP_10_GGGAGTTAATGAGGCG-1	IU_PDA_NP11	Normal Pancreas	CC10	Normal Epithelial cells
PDACNP_10_GGGATACGGTAATAAT-1	IU_PDA_NP11	Normal Pancreas	CC10	Normal Epithelial cells
PDACNP_10_GGGATATTGATCGCCA-1	IU_PDA_NP11	Normal Pancreas	CC10	Normal Epithelial cells
PDACNP_10_GGGATGGACCCGCGTC-1	IU_PDA_NP11	Normal Pancreas	CC10	Normal Epithelial cells
PDACNP_10_GGGATGGTCGTAACCG-1	IU_PDA_NP11	Normal Pancreas	CC10	Normal Epithelial cells
PDACNP_10_GGGATTTACCGCACCT-1	IU_PDA_NP11	Normal Pancreas	CC10	Normal Epithelial cells
PDACNP_10_GGGCAACCGCACGTGC-1	IU_PDA_NP11	Normal Pancreas	CC10	Normal Epithelial cells
PDACNP_10_GGGCACGTAGTACTGT-1	IU_PDA_NP11	Normal Pancreas	CC10	Normal Epithelial cells
PDACNP_10_GGGCACTATTGACCAT-1	IU_PDA_NP11	Normal Pancreas	CC10	Normal Epithelial cells
PDACNP_10_GGGCAGACGTCACTGC-1	IU_PDA_NP11	Normal Pancreas	CC10	Normal Epithelial cells
PDACNP_10_GGGCAGAGCAATCGTT-1	IU_PDA_NP11	Normal Pancreas	CC10	Normal Epithelial cells
PDACNP_10_GGGCAGGATTTCTGTG-1	IU_PDA_NP11	Normal Pancreas	CC10	Normal Epithelial cells
PDACNP_10_GGGCAGTCAACGCCAA-1	IU_PDA_NP11	Normal Pancreas	CC10	Normal Epithelial cells
PDACNP_10_GGGCATGCATGTCGAG-1	IU_PDA_NP11	Normal Pancreas	CC10	Normal Epithelial cells
PDACNP_10_GGGCCCGTCTTAAACA-1	IU_PDA_NP11	Normal Pancreas	CC10	Normal Epithelial cells
PDACNP_10_GGGCCCTACGAAAGGG-1	IU_PDA_NP11	Normal Pancreas	CC10	Normal Epithelial cells
PDACNP_10_GGGCCCTTATCTATAC-1	IU_PDA_NP11	Normal Pancreas	CC10	Normal Epithelial cells
PDACNP_10_GGGCCGGCCGAAGTAC-1	IU_PDA_NP11	Normal Pancreas	CC10	Normal Epithelial cells
PDACNP_10_GGGCCTAAATGGGCTA-1	IU_PDA_NP11	Normal Pancreas	CC10	Normal Epithelial cells
PDACNP_10_GGGCGAATTTCTCCAC-1	IU_PDA_NP11	Normal Pancreas	CC10	Normal Epithelial cells
PDACNP_10_GGGCGATATGTGTGAA-1	IU_PDA_NP11	Normal Pancreas	CC10	Normal Epithelial cells
PDACNP_10_GGGCGCAGCGTTACTC-1	IU_PDA_NP11	Normal Pancreas	CC10	Normal Epithelial cells
PDACNP_10_GGGCGGCAAATGAATT-1	IU_PDA_NP11	Normal Pancreas	CC10	Normal Epithelial cells
PDACNP_10_GGGCGGGTTCCCTACG-1	IU_PDA_NP11	Normal Pancreas	CC10	Normal Epithelial cells
PDACNP_10_GGGCGGTCCTATTGTC-1	IU_PDA_NP11	Normal Pancreas	CC10	Normal Epithelial cells
PDACNP_10_GGGCGTACATTTATAT-1	IU_PDA_NP11	Normal Pancreas	CC10	Normal Epithelial cells
PDACNP_10_GGGCGTCACCACGTAA-1	IU_PDA_NP11	Normal Pancreas	CC10	Normal Epithelial cells
PDACNP_10_GGGCGTCCACTGGCTC-1	IU_PDA_NP11	Normal Pancreas	CC2	Normal Epithelial cells
PDACNP_10_GGGCGTGGTTTCCCAG-1	IU_PDA_NP11	Normal Pancreas	CC10	Normal Epithelial cells
PDACNP_10_GGGCGTTTACATTCAT-1	IU_PDA_NP11	Normal Pancreas	CC10	Normal Epithelial cells
PDACNP_10_GGGCTACTATTTCGTG-1	IU_PDA_NP11	Normal Pancreas	CC10	Normal Epithelial cells
PDACNP_10_GGGCTATGATCGATGG-1	IU_PDA_NP11	Normal Pancreas	CC10	Normal Epithelial cells
PDACNP_10_GGGCTCATCGAACCCA-1	IU_PDA_NP11	Normal Pancreas	CC10	Normal Epithelial cells
PDACNP_10_GGGCTGCCTAGGGCGA-1	IU_PDA_NP11	Normal Pancreas	CC10	Normal Epithelial cells
PDACNP_10_GGGCTGGTTAGTCGCG-1	IU_PDA_NP11	Normal Pancreas	CC10	Normal Epithelial cells
PDACNP_10_GGGTAATGCTGTGTTT-1	IU_PDA_NP11	Normal Pancreas	CC10	Normal Epithelial cells
PDACNP_10_GGGTACACTCTGGAGG-1	IU_PDA_NP11	Normal Pancreas	CC10	Normal Epithelial cells
PDACNP_10_GGGTACCCACGGTCCT-1	IU_PDA_NP11	Normal Pancreas	CC10	Normal Epithelial cells
PDACNP_10_GGGTACTTCATGAACT-1	IU_PDA_NP11	Normal Pancreas	CC10	Normal Epithelial cells
PDACNP_10_GGGTATGTATGCACTT-1	IU_PDA_NP11	Normal Pancreas	CC10	Normal Epithelial cells
PDACNP_10_GGGTATTCTAGCAAAC-1	IU_PDA_NP11	Normal Pancreas	CC10	Normal Epithelial cells
PDACNP_10_GGGTCACCGTGACGGT-1	IU_PDA_NP11	Normal Pancreas	CC10	Normal Epithelial cells
PDACNP_10_GGGTCAGGAGCTAGAT-1	IU_PDA_NP11	Normal Pancreas	CC10	Normal Epithelial cells
PDACNP_10_GGGTCATGCGTACCAT-1	IU_PDA_NP11	Normal Pancreas	CC10	Normal Epithelial cells
PDACNP_10_GGGTCCTTGGAAGAAG-1	IU_PDA_NP11	Normal Pancreas	CC10	Normal Epithelial cells
PDACNP_10_GGGTCGTGGCAAGTGT-1	IU_PDA_NP11	Normal Pancreas	CC10	Normal Epithelial cells
PDACNP_10_GGGTGACACCTTAACT-1	IU_PDA_NP11	Normal Pancreas	CC10	Normal Epithelial cells
PDACNP_10_GGGTGCATATGAAAGC-1	IU_PDA_NP11	Normal Pancreas	CC10	Normal Epithelial cells
PDACNP_10_GGGTGTTTCAGCTATG-1	IU_PDA_NP11	Normal Pancreas	CC10	Normal Epithelial cells
PDACNP_10_GGGTTAACATTTGAGT-1	IU_PDA_NP11	Normal Pancreas	CC10	Normal Epithelial cells
PDACNP_10_GGGTTCAGACGAACAA-1	IU_PDA_NP11	Normal Pancreas	CC10	Normal Epithelial cells
PDACNP_10_GGGTTTAGGATAGGAT-1	IU_PDA_NP11	Normal Pancreas	CC10	Normal Epithelial cells
PDACNP_10_GGTAAATGTGCGTTAC-1	IU_PDA_NP11	Normal Pancreas	CC10	Normal Epithelial cells
PDACNP_10_GGTAACCGGGAGGATA-1	IU_PDA_NP11	Normal Pancreas	CC10	Normal Epithelial cells
PDACNP_10_GGTAACTATGTATCTG-1	IU_PDA_NP11	Normal Pancreas	CC10	Normal Epithelial cells
PDACNP_10_GGTACAAACATGCTAT-1	IU_PDA_NP11	Normal Pancreas	CC10	Normal Epithelial cells
PDACNP_10_GGTACATCTGGGACGA-1	IU_PDA_NP11	Normal Pancreas	CC10	Normal Epithelial cells
PDACNP_10_GGTACCATTAAGACGG-1	IU_PDA_NP11	Normal Pancreas	CC10	Normal Epithelial cells
PDACNP_10_GGTAGAAGACCGCCTG-1	IU_PDA_NP11	Normal Pancreas	CC10	Normal Epithelial cells
PDACNP_10_GGTAGACCGTTGGGCG-1	IU_PDA_NP11	Normal Pancreas	CC10	Normal Epithelial cells
PDACNP_10_GGTAGGCCAATATCAC-1	IU_PDA_NP11	Normal Pancreas	CC10	Normal Epithelial cells
PDACNP_10_GGTAGTGCTCGCACCA-1	IU_PDA_NP11	Normal Pancreas	CC10	Normal Epithelial cells
PDACNP_10_GGTATAGTGACACATA-1	IU_PDA_NP11	Normal Pancreas	CC10	Normal Epithelial cells
PDACNP_10_GGTATTGCCGAGTTTA-1	IU_PDA_NP11	Normal Pancreas	CC10	Normal Epithelial cells
PDACNP_10_GGTCAAGACTACTTCG-1	IU_PDA_NP11	Normal Pancreas	CC10	Normal Epithelial cells
PDACNP_10_GGTCAGTGGGTCCCAC-1	IU_PDA_NP11	Normal Pancreas	CC10	Normal Epithelial cells
PDACNP_10_GGTCCACGTCTATTTG-1	IU_PDA_NP11	Normal Pancreas	CC10	Normal Epithelial cells
PDACNP_10_GGTCCTTCATACGACT-1	IU_PDA_NP11	Normal Pancreas	CC7	Normal Epithelial cells
PDACNP_10_GGTCGGATAAACGGCG-1	IU_PDA_NP11	Normal Pancreas	CC10	Normal Epithelial cells
PDACNP_10_GGTCGGCCAGGAGCTT-1	IU_PDA_NP11	Normal Pancreas	CC10	Normal Epithelial cells
PDACNP_10_GGTCGGTAATTAGACA-1	IU_PDA_NP11	Normal Pancreas	CC10	Normal Epithelial cells
PDACNP_10_GGTCGGTCGTCCACAG-1	IU_PDA_NP11	Normal Pancreas	CC10	Normal Epithelial cells
PDACNP_10_GGTCGTAAGCTCGCAC-1	IU_PDA_NP11	Normal Pancreas	CC10	Normal Epithelial cells
PDACNP_10_GGTCTCCGTCCAGGTT-1	IU_PDA_NP11	Normal Pancreas	CC10	Normal Epithelial cells
PDACNP_10_GGTCTCTGAATGGACT-1	IU_PDA_NP11	Normal Pancreas	CC10	Normal Epithelial cells
PDACNP_10_GGTCTGAGAATCTGGA-1	IU_PDA_NP11	Normal Pancreas	CC10	Normal Epithelial cells
PDACNP_10_GGTCTTGAGCGCTCTT-1	IU_PDA_NP11	Normal Pancreas	CC10	Normal Epithelial cells
PDACNP_10_GGTGAACGGGCTAGCC-1	IU_PDA_NP11	Normal Pancreas	CC10	Normal Epithelial cells
PDACNP_10_GGTGAAGTACAGGGAT-1	IU_PDA_NP11	Normal Pancreas	CC10	Normal Epithelial cells
PDACNP_10_GGTGAGATGCAGATAA-1	IU_PDA_NP11	Normal Pancreas	CC10	Normal Epithelial cells
PDACNP_10_GGTGATAAGGAGCAGT-1	IU_PDA_NP11	Normal Pancreas	CC10	Normal Epithelial cells
PDACNP_10_GGTGATTTCATCTTGT-1	IU_PDA_NP11	Normal Pancreas	CC10	Normal Epithelial cells
PDACNP_10_GGTGCAGAGCCTATCG-1	IU_PDA_NP11	Normal Pancreas	CC10	Normal Epithelial cells
PDACNP_10_GGTGCATAAATGATTA-1	IU_PDA_NP11	Normal Pancreas	CC10	Normal Epithelial cells
PDACNP_10_GGTGCGGATAAGTGGC-1	IU_PDA_NP11	Normal Pancreas	CC10	Normal Epithelial cells
PDACNP_10_GGTGCTGATCACAAAG-1	IU_PDA_NP11	Normal Pancreas	CC10	Normal Epithelial cells
PDACNP_10_GGTGCTGGTACACATT-1	IU_PDA_NP11	Normal Pancreas	CC10	Normal Epithelial cells
PDACNP_10_GGTGGACTGCTCTGGC-1	IU_PDA_NP11	Normal Pancreas	CC10	Normal Epithelial cells
PDACNP_10_GGTGGGATTAGGTCCC-1	IU_PDA_NP11	Normal Pancreas	CC10	Normal Epithelial cells
PDACNP_10_GGTGTAAATCGATTGT-1	IU_PDA_NP11	Normal Pancreas	CC10	Normal Epithelial cells
PDACNP_10_GGTGTAGGTAAGTAAA-1	IU_PDA_NP11	Normal Pancreas	CC10	Normal Epithelial cells
PDACNP_10_GGTTACCACCCTCGGG-1	IU_PDA_NP11	Normal Pancreas	CC10	Normal Epithelial cells
PDACNP_10_GGTTACCGCTCCCTAC-1	IU_PDA_NP11	Normal Pancreas	CC10	Normal Epithelial cells
PDACNP_10_GGTTAGCTATATGTCT-1	IU_PDA_NP11	Normal Pancreas	CC10	Normal Epithelial cells
PDACNP_10_GGTTAGGCTTGGAGAA-1	IU_PDA_NP11	Normal Pancreas	CC10	Normal Epithelial cells
PDACNP_10_GGTTAGGGATGCTAAT-1	IU_PDA_NP11	Normal Pancreas	CC10	Normal Epithelial cells
PDACNP_10_GGTTAGTTACGGCGCC-1	IU_PDA_NP11	Normal Pancreas	CC10	Normal Epithelial cells
PDACNP_10_GGTTCCGTACGACTAA-1	IU_PDA_NP11	Normal Pancreas	CC10	Normal Epithelial cells
PDACNP_10_GGTTCGCATTTGCCGT-1	IU_PDA_NP11	Normal Pancreas	CC10	Normal Epithelial cells
PDACNP_10_GGTTCGGATTATACTA-1	IU_PDA_NP11	Normal Pancreas	CC10	Normal Epithelial cells
PDACNP_10_GGTTCTACTCGTCTGA-1	IU_PDA_NP11	Normal Pancreas	CC10	Normal Epithelial cells
PDACNP_10_GGTTGTGCTCTTGTCC-1	IU_PDA_NP11	Normal Pancreas	CC10	Normal Epithelial cells
PDACNP_10_GGTTGTGTAGCCTGGC-1	IU_PDA_NP11	Normal Pancreas	CC10	Normal Epithelial cells
PDACNP_10_GGTTTAATTACCATCG-1	IU_PDA_NP11	Normal Pancreas	CC10	Normal Epithelial cells
PDACNP_10_GGTTTAATTGAGCAGG-1	IU_PDA_NP11	Normal Pancreas	CC10	Normal Epithelial cells
PDACNP_10_GGTTTACAATCTCAAT-1	IU_PDA_NP11	Normal Pancreas	CC10	Normal Epithelial cells
PDACNP_10_GGTTTAGCCTTTCTTG-1	IU_PDA_NP11	Normal Pancreas	CC10	Normal Epithelial cells
PDACNP_10_GGTTTCAATCGGTCAG-1	IU_PDA_NP11	Normal Pancreas	CC10	Normal Epithelial cells
PDACNP_10_GGTTTGACAAGAAGCT-1	IU_PDA_NP11	Normal Pancreas	CC10	Normal Epithelial cells
PDACNP_10_GGTTTGAGTGCTGGAA-1	IU_PDA_NP11	Normal Pancreas	CC10	Normal Epithelial cells
PDACNP_10_GGTTTGTGACCTGAGG-1	IU_PDA_NP11	Normal Pancreas	CC10	Normal Epithelial cells
PDACNP_10_GTAACAGGTTAACGGC-1	IU_PDA_NP11	Normal Pancreas	CC10	Normal Epithelial cells
PDACNP_10_GTAACATCTAAGATAA-1	IU_PDA_NP11	Normal Pancreas	CC10	Normal Epithelial cells
PDACNP_10_GTAACTACGTAGACCT-1	IU_PDA_NP11	Normal Pancreas	CC10	Normal Epithelial cells
PDACNP_10_GTAACTGCCCAAGGAG-1	IU_PDA_NP11	Normal Pancreas	CC10	Normal Epithelial cells
PDACNP_10_GTAACTTGCGGCAGTC-1	IU_PDA_NP11	Normal Pancreas	CC10	Normal Epithelial cells
PDACNP_10_GTAAGCGGGCAGTCAG-1	IU_PDA_NP11	Normal Pancreas	CC10	Normal Epithelial cells
PDACNP_10_GTAAGGATTTGTCGGA-1	IU_PDA_NP11	Normal Pancreas	CC10	Normal Epithelial cells
PDACNP_10_GTAAGTAACAGTCTGG-1	IU_PDA_NP11	Normal Pancreas	CC10	Normal Epithelial cells
PDACNP_10_GTAAGTAGGGTATACC-1	IU_PDA_NP11	Normal Pancreas	CC10	Normal Epithelial cells
PDACNP_10_GTAATAAAGGGCTCCC-1	IU_PDA_NP11	Normal Pancreas	CC10	Normal Epithelial cells
PDACNP_10_GTAATCTGATTCTTCG-1	IU_PDA_NP11	Normal Pancreas	CC10	Normal Epithelial cells
PDACNP_10_GTACACTTACCTGAAG-1	IU_PDA_NP11	Normal Pancreas	CC10	Normal Epithelial cells
PDACNP_10_GTACAGAGGCAAGGGT-1	IU_PDA_NP11	Normal Pancreas	CC10	Normal Epithelial cells
PDACNP_10_GTACGACGGCGCTGCG-1	IU_PDA_NP11	Normal Pancreas	CC10	Normal Epithelial cells
PDACNP_10_GTACGAGATTGCGACA-1	IU_PDA_NP11	Normal Pancreas	CC10	Normal Epithelial cells
PDACNP_10_GTACGCTTCATTGCAC-1	IU_PDA_NP11	Normal Pancreas	CC10	Normal Epithelial cells
PDACNP_10_GTACGTCACGTATTAA-1	IU_PDA_NP11	Normal Pancreas	CC10	Normal Epithelial cells
PDACNP_10_GTACGTTTGCCCGTCA-1	IU_PDA_NP11	Normal Pancreas	CC10	Normal Epithelial cells
PDACNP_10_GTACTAAGATTTGGAG-1	IU_PDA_NP11	Normal Pancreas	CC10	Normal Epithelial cells
PDACNP_10_GTACTCCCTTATCGCT-1	IU_PDA_NP11	Normal Pancreas	CC10	Normal Epithelial cells
PDACNP_10_GTACTCCTGGGTATGC-1	IU_PDA_NP11	Normal Pancreas	CC10	Normal Epithelial cells
PDACNP_10_GTACTGAGGTCGTAAC-1	IU_PDA_NP11	Normal Pancreas	CC10	Normal Epithelial cells
PDACNP_10_GTACTGCATGAAGCGT-1	IU_PDA_NP11	Normal Pancreas	CC10	Normal Epithelial cells
PDACNP_10_GTACTGGAGTTAGACC-1	IU_PDA_NP11	Normal Pancreas	CC10	Normal Epithelial cells
PDACNP_10_GTACTTGGGCACTTCT-1	IU_PDA_NP11	Normal Pancreas	CC10	Normal Epithelial cells
PDACNP_10_GTAGAAACGGGTGGAG-1	IU_PDA_NP11	Normal Pancreas	CC10	Normal Epithelial cells
PDACNP_10_GTAGACACGCCTGACT-1	IU_PDA_NP11	Normal Pancreas	CC10	Normal Epithelial cells
PDACNP_10_GTAGACGTCGTTACAT-1	IU_PDA_NP11	Normal Pancreas	CC10	Normal Epithelial cells
PDACNP_10_GTAGAGGGAGACAAGT-1	IU_PDA_NP11	Normal Pancreas	CC10	Normal Epithelial cells
PDACNP_10_GTAGCCAAACATGGGA-1	IU_PDA_NP11	Normal Pancreas	CC10	Normal Epithelial cells
PDACNP_10_GTAGCGGCTATACACT-1	IU_PDA_NP11	Normal Pancreas	CC10	Normal Epithelial cells
PDACNP_10_GTAGCTCCGGGAGGCT-1	IU_PDA_NP11	Normal Pancreas	CC10	Normal Epithelial cells
PDACNP_10_GTAGCTTCCTCTTGTT-1	IU_PDA_NP11	Normal Pancreas	CC10	Normal Epithelial cells
PDACNP_10_GTAGGTGATCCGTGTA-1	IU_PDA_NP11	Normal Pancreas	CC10	Normal Epithelial cells
PDACNP_10_GTAGTCGCGGGAATCA-1	IU_PDA_NP11	Normal Pancreas	CC10	Normal Epithelial cells
PDACNP_10_GTAGTCTACGATATTG-1	IU_PDA_NP11	Normal Pancreas	CC10	Normal Epithelial cells
PDACNP_10_GTAGTTCGAAGGCGAA-1	IU_PDA_NP11	Normal Pancreas	CC10	Normal Epithelial cells
PDACNP_10_GTAGTTTAAGCACACG-1	IU_PDA_NP11	Normal Pancreas	CC10	Normal Epithelial cells
PDACNP_10_GTATAATCTCCCGGAT-1	IU_PDA_NP11	Normal Pancreas	CC10	Normal Epithelial cells
PDACNP_10_GTATAGGACTCAGTAG-1	IU_PDA_NP11	Normal Pancreas	CC10	Normal Epithelial cells
PDACNP_10_GTATATGTTACGGCGG-1	IU_PDA_NP11	Normal Pancreas	CC10	Normal Epithelial cells
PDACNP_10_GTATCAAACGTTAGCT-1	IU_PDA_NP11	Normal Pancreas	CC10	Normal Epithelial cells
PDACNP_10_GTATCAAGGTACTTCC-1	IU_PDA_NP11	Normal Pancreas	CC10	Normal Epithelial cells
PDACNP_10_GTATCAGCTTGGGTTC-1	IU_PDA_NP11	Normal Pancreas	CC10	Normal Epithelial cells
PDACNP_10_GTATCCTTTGGTAACC-1	IU_PDA_NP11	Normal Pancreas	CC10	Normal Epithelial cells
PDACNP_10_GTATCGGGACGAGCTG-1	IU_PDA_NP11	Normal Pancreas	CC10	Normal Epithelial cells
PDACNP_10_GTATCTCAGTCTTGAC-1	IU_PDA_NP11	Normal Pancreas	CC10	Normal Epithelial cells
PDACNP_10_GTATCTCGGGCGCTTT-1	IU_PDA_NP11	Normal Pancreas	CC10	Normal Epithelial cells
PDACNP_10_GTATCTTTCATAACCA-1	IU_PDA_NP11	Normal Pancreas	CC10	Normal Epithelial cells
PDACNP_10_GTATGAAATTTCACTC-1	IU_PDA_NP11	Normal Pancreas	CC10	Normal Epithelial cells
PDACNP_10_GTATGACGTGGGAAAC-1	IU_PDA_NP11	Normal Pancreas	CC10	Normal Epithelial cells
PDACNP_10_GTATGTGGGTCTAGTT-1	IU_PDA_NP11	Normal Pancreas	CC10	Normal Epithelial cells
PDACNP_10_GTATTAAGGCGTCTAA-1	IU_PDA_NP11	Normal Pancreas	CC10	Normal Epithelial cells
PDACNP_10_GTATTCTGAGAAACGA-1	IU_PDA_NP11	Normal Pancreas	CC10	Normal Epithelial cells
PDACNP_10_GTATTCTTACCGTGCT-1	IU_PDA_NP11	Normal Pancreas	CC10	Normal Epithelial cells
PDACNP_10_GTCAAAGAAGTGGTGT-1	IU_PDA_NP11	Normal Pancreas	CC10	Normal Epithelial cells
PDACNP_10_GTCAAAGTTTACATAG-1	IU_PDA_NP11	Normal Pancreas	CC10	Normal Epithelial cells
PDACNP_10_GTCAACCAGGCCTATA-1	IU_PDA_NP11	Normal Pancreas	CC10	Normal Epithelial cells
PDACNP_10_GTCAAGCGGACTCGGG-1	IU_PDA_NP11	Normal Pancreas	CC10	Normal Epithelial cells
PDACNP_10_GTCACAAAGTTTCCAA-1	IU_PDA_NP11	Normal Pancreas	CC10	Normal Epithelial cells
PDACNP_10_GTCACTCTCCAAATCT-1	IU_PDA_NP11	Normal Pancreas	CC10	Normal Epithelial cells
PDACNP_10_GTCAGAATAGTCTATG-1	IU_PDA_NP11	Normal Pancreas	CC10	Normal Epithelial cells
PDACNP_10_GTCAGTTGTGCTCGTT-1	IU_PDA_NP11	Normal Pancreas	CC10	Normal Epithelial cells
PDACNP_10_GTCAGTTTGGTAGTCG-1	IU_PDA_NP11	Normal Pancreas	CC10	Normal Epithelial cells
PDACNP_10_GTCATCCCAAACTCAC-1	IU_PDA_NP11	Normal Pancreas	CC10	Normal Epithelial cells
PDACNP_10_GTCATCTCCTACAGCT-1	IU_PDA_NP11	Normal Pancreas	CC10	Normal Epithelial cells
PDACNP_10_GTCATGCACCTCCGTT-1	IU_PDA_NP11	Normal Pancreas	CC10	Normal Epithelial cells
PDACNP_10_GTCATGCGCGAGGGCT-1	IU_PDA_NP11	Normal Pancreas	CC10	Normal Epithelial cells
PDACNP_10_GTCATGGACATGACTA-1	IU_PDA_NP11	Normal Pancreas	CC10	Normal Epithelial cells
PDACNP_10_GTCATTAGAGCGAACG-1	IU_PDA_NP11	Normal Pancreas	CC10	Normal Epithelial cells
PDACNP_10_GTCATTGCATTGACCC-1	IU_PDA_NP11	Normal Pancreas	CC10	Normal Epithelial cells
PDACNP_10_GTCCAATATTTAGCCT-1	IU_PDA_NP11	Normal Pancreas	CC10	Normal Epithelial cells
PDACNP_10_GTCCAGGCACGTGTGC-1	IU_PDA_NP11	Normal Pancreas	CC10	Normal Epithelial cells
PDACNP_10_GTCCATTACTGCTACG-1	IU_PDA_NP11	Normal Pancreas	CC10	Normal Epithelial cells
PDACNP_10_GTCCCAACGTAAAGTA-1	IU_PDA_NP11	Normal Pancreas	CC10	Normal Epithelial cells
PDACNP_10_GTCCCAATCATCCCGC-1	IU_PDA_NP11	Normal Pancreas	CC10	Normal Epithelial cells
PDACNP_10_GTCCCGCGACGTTATG-1	IU_PDA_NP11	Normal Pancreas	CC10	Normal Epithelial cells
PDACNP_10_GTCCGAGAGCAATCAT-1	IU_PDA_NP11	Normal Pancreas	CC10	Normal Epithelial cells
PDACNP_10_GTCCGGACCTGAAATT-1	IU_PDA_NP11	Normal Pancreas	CC10	Normal Epithelial cells
PDACNP_10_GTCCGGCTGAATTGCG-1	IU_PDA_NP11	Normal Pancreas	CC10	Normal Epithelial cells
PDACNP_10_GTCCGGGTTCACATTA-1	IU_PDA_NP11	Normal Pancreas	CC10	Normal Epithelial cells
PDACNP_10_GTCCGTTAGAGGGCCT-1	IU_PDA_NP11	Normal Pancreas	CC10	Normal Epithelial cells
PDACNP_10_GTCCTACAGGCGGCTC-1	IU_PDA_NP11	Normal Pancreas	CC10	Normal Epithelial cells
PDACNP_10_GTCCTACGAATAGTCT-1	IU_PDA_NP11	Normal Pancreas	CC10	Normal Epithelial cells
PDACNP_10_GTCCTACTCTACGGGC-1	IU_PDA_NP11	Normal Pancreas	CC10	Normal Epithelial cells
PDACNP_10_GTCCTAGGATACCTTA-1	IU_PDA_NP11	Normal Pancreas	CC10	Normal Epithelial cells
PDACNP_10_GTCCTATTGTTGTGGT-1	IU_PDA_NP11	Normal Pancreas	CC10	Normal Epithelial cells
PDACNP_10_GTCCTTCTACAACCCA-1	IU_PDA_NP11	Normal Pancreas	CC10	Normal Epithelial cells
PDACNP_10_GTCCTTCTAGTGGGTT-1	IU_PDA_NP11	Normal Pancreas	CC10	Normal Epithelial cells
PDACNP_10_GTCGAATTTGGGCGCT-1	IU_PDA_NP11	Normal Pancreas	CC10	Normal Epithelial cells
PDACNP_10_GTCGCCGTTGTGTGTT-1	IU_PDA_NP11	Normal Pancreas	CC10	Normal Epithelial cells
PDACNP_10_GTCGCGTAACCCGTTG-1	IU_PDA_NP11	Normal Pancreas	CC10	Normal Epithelial cells
PDACNP_10_GTCGGAAGGATACCAG-1	IU_PDA_NP11	Normal Pancreas	CC10	Normal Epithelial cells
PDACNP_10_GTCGGATATCTCAGAC-1	IU_PDA_NP11	Normal Pancreas	CC10	Normal Epithelial cells
PDACNP_10_GTCGGATGTAGCGCGC-1	IU_PDA_NP11	Normal Pancreas	CC10	Normal Epithelial cells
PDACNP_10_GTCGGGAACATGGTAG-1	IU_PDA_NP11	Normal Pancreas	CC10	Normal Epithelial cells
PDACNP_10_GTCGGGAAGCAGAAAC-1	IU_PDA_NP11	Normal Pancreas	CC10	Normal Epithelial cells
PDACNP_10_GTCGTACCATCTCGGG-1	IU_PDA_NP11	Normal Pancreas	CC10	Normal Epithelial cells
PDACNP_10_GTCGTACCTACGATTG-1	IU_PDA_NP11	Normal Pancreas	CC10	Normal Epithelial cells
PDACNP_10_GTCGTATTGGCGTACA-1	IU_PDA_NP11	Normal Pancreas	CC10	Normal Epithelial cells
PDACNP_10_GTCGTCAATTATAAGG-1	IU_PDA_NP11	Normal Pancreas	CC10	Normal Epithelial cells
PDACNP_10_GTCGTGTCTGGTCATC-1	IU_PDA_NP11	Normal Pancreas	CC10	Normal Epithelial cells
PDACNP_10_GTCGTTATTCGCTTAT-1	IU_PDA_NP11	Normal Pancreas	CC10	Normal Epithelial cells
PDACNP_10_GTCTACTCAATTACAA-1	IU_PDA_NP11	Normal Pancreas	CC10	Normal Epithelial cells
PDACNP_10_GTCTAGTGAGCCGCTT-1	IU_PDA_NP11	Normal Pancreas	CC10	Normal Epithelial cells
PDACNP_10_GTCTATACACGCATGG-1	IU_PDA_NP11	Normal Pancreas	CC10	Normal Epithelial cells
PDACNP_10_GTCTATCTGAGTTTCT-1	IU_PDA_NP11	Normal Pancreas	CC10	Normal Epithelial cells
PDACNP_10_GTCTATTGCATGCTCG-1	IU_PDA_NP11	Normal Pancreas	CC10	Normal Epithelial cells
PDACNP_10_GTCTATTGGTTCCGGT-1	IU_PDA_NP11	Normal Pancreas	CC10	Normal Epithelial cells
PDACNP_10_GTCTCAAGGCCCGGCT-1	IU_PDA_NP11	Normal Pancreas	CC10	Normal Epithelial cells
PDACNP_10_GTCTCCCGAGTCCCGT-1	IU_PDA_NP11	Normal Pancreas	CC10	Normal Epithelial cells
PDACNP_10_GTCTCCGCCTCAATAC-1	IU_PDA_NP11	Normal Pancreas	CC10	Normal Epithelial cells
PDACNP_10_GTCTCCTGCCAGTATG-1	IU_PDA_NP11	Normal Pancreas	CC10	Normal Epithelial cells
PDACNP_10_GTCTCGACTAAGTTTG-1	IU_PDA_NP11	Normal Pancreas	CC10	Normal Epithelial cells
PDACNP_10_GTCTCGATCTGCTTTC-1	IU_PDA_NP11	Normal Pancreas	CC10	Normal Epithelial cells
PDACNP_10_GTCTGCCGACTCGACG-1	IU_PDA_NP11	Normal Pancreas	CC10	Normal Epithelial cells
PDACNP_10_GTCTGGGCGGTCGAGA-1	IU_PDA_NP11	Normal Pancreas	CC10	Normal Epithelial cells
PDACNP_10_GTCTGTAGGTTGAACA-1	IU_PDA_NP11	Normal Pancreas	CC10	Normal Epithelial cells
PDACNP_10_GTCTTAGTACAGCCGG-1	IU_PDA_NP11	Normal Pancreas	CC10	Normal Epithelial cells
PDACNP_10_GTGAAACGGCGCCACC-1	IU_PDA_NP11	Normal Pancreas	CC10	Normal Epithelial cells
PDACNP_10_GTGAAACGTGCTCCAC-1	IU_PDA_NP11	Normal Pancreas	CC10	Normal Epithelial cells
PDACNP_10_GTGAACTCCCATTCGA-1	IU_PDA_NP11	Normal Pancreas	CC10	Normal Epithelial cells
PDACNP_10_GTGAAGATTTCAAGTG-1	IU_PDA_NP11	Normal Pancreas	CC10	Normal Epithelial cells
PDACNP_10_GTGAAGCCGTATAGTC-1	IU_PDA_NP11	Normal Pancreas	CC10	Normal Epithelial cells
PDACNP_10_GTGAAGTCACGACTCG-1	IU_PDA_NP11	Normal Pancreas	CC10	Normal Epithelial cells
PDACNP_10_GTGACAGCTTCCCACT-1	IU_PDA_NP11	Normal Pancreas	CC10	Normal Epithelial cells
PDACNP_10_GTGACCGCACACTACG-1	IU_PDA_NP11	Normal Pancreas	CC10	Normal Epithelial cells
PDACNP_10_GTGACGAGGGTGACCC-1	IU_PDA_NP11	Normal Pancreas	CC10	Normal Epithelial cells
PDACNP_10_GTGACGCAGGTTTCAT-1	IU_PDA_NP11	Normal Pancreas	CC10	Normal Epithelial cells
PDACNP_10_GTGACTTCAGTAGTGC-1	IU_PDA_NP11	Normal Pancreas	CC10	Normal Epithelial cells
PDACNP_10_GTGAGATAACCTTATA-1	IU_PDA_NP11	Normal Pancreas	CC10	Normal Epithelial cells
PDACNP_10_GTGAGCGTGCTGCACT-1	IU_PDA_NP11	Normal Pancreas	CC10	Normal Epithelial cells
PDACNP_10_GTGAGGACACTTAAGG-1	IU_PDA_NP11	Normal Pancreas	CC10	Normal Epithelial cells
PDACNP_10_GTGAGGAGCGGTTGAG-1	IU_PDA_NP11	Normal Pancreas	CC3	Normal Epithelial cells
PDACNP_10_GTGAGTCTAAGACGGA-1	IU_PDA_NP11	Normal Pancreas	CC10	Normal Epithelial cells
PDACNP_10_GTGAGTGGTACAACGC-1	IU_PDA_NP11	Normal Pancreas	CC10	Normal Epithelial cells
PDACNP_10_GTGATCAAGCGTGCAC-1	IU_PDA_NP11	Normal Pancreas	CC10	Normal Epithelial cells
PDACNP_10_GTGATCACTAACGCCT-1	IU_PDA_NP11	Normal Pancreas	CC10	Normal Epithelial cells
PDACNP_10_GTGATCATAGATCTGC-1	IU_PDA_NP11	Normal Pancreas	CC10	Normal Epithelial cells
PDACNP_10_GTGATCCTTGTCATGA-1	IU_PDA_NP11	Normal Pancreas	CC10	Normal Epithelial cells
PDACNP_10_GTGATGCACAACATCT-1	IU_PDA_NP11	Normal Pancreas	CC10	Normal Epithelial cells
PDACNP_10_GTGATTCGCCGCTCAA-1	IU_PDA_NP11	Normal Pancreas	CC10	Normal Epithelial cells
PDACNP_10_GTGCAACAAATGTGGC-1	IU_PDA_NP11	Normal Pancreas	CC10	Normal Epithelial cells
PDACNP_10_GTGCACCAGCTTCAAC-1	IU_PDA_NP11	Normal Pancreas	CC10	Normal Epithelial cells
PDACNP_10_GTGCACGAAAGTGACT-1	IU_PDA_NP11	Normal Pancreas	CC10	Normal Epithelial cells
PDACNP_10_GTGCCAAACGTTTCGA-1	IU_PDA_NP11	Normal Pancreas	CC10	Normal Epithelial cells
PDACNP_10_GTGCCATCACACGGTG-1	IU_PDA_NP11	Normal Pancreas	CC10	Normal Epithelial cells
PDACNP_10_GTGCCCGTTCGGATTC-1	IU_PDA_NP11	Normal Pancreas	CC10	Normal Epithelial cells
PDACNP_10_GTGCCGCTTCAAAGGT-1	IU_PDA_NP11	Normal Pancreas	CC10	Normal Epithelial cells
PDACNP_10_GTGCCTAGCTATGCTT-1	IU_PDA_NP11	Normal Pancreas	CC7	Normal Epithelial cells
PDACNP_10_GTGCCTCAGTGTACGG-1	IU_PDA_NP11	Normal Pancreas	CC10	Normal Epithelial cells
PDACNP_10_GTGCCTGAGACCAAAC-1	IU_PDA_NP11	Normal Pancreas	CC10	Normal Epithelial cells
PDACNP_10_GTGCGAAATCGAACAC-1	IU_PDA_NP11	Normal Pancreas	CC10	Normal Epithelial cells
PDACNP_10_GTGCGACAGGGAGTGT-1	IU_PDA_NP11	Normal Pancreas	CC10	Normal Epithelial cells
PDACNP_10_GTGCGGGTCTCCAAAT-1	IU_PDA_NP11	Normal Pancreas	CC10	Normal Epithelial cells
PDACNP_10_GTGCGTGTATATGAGC-1	IU_PDA_NP11	Normal Pancreas	CC10	Normal Epithelial cells
PDACNP_10_GTGCTATCCAGCTGGA-1	IU_PDA_NP11	Normal Pancreas	CC10	Normal Epithelial cells
PDACNP_10_GTGCTCAAGTACTGTC-1	IU_PDA_NP11	Normal Pancreas	CC10	Normal Epithelial cells
PDACNP_10_GTGCTGCAGATAAGGA-1	IU_PDA_NP11	Normal Pancreas	CC10	Normal Epithelial cells
PDACNP_10_GTGGAACCTACATGCG-1	IU_PDA_NP11	Normal Pancreas	CC7	Normal Epithelial cells
PDACNP_10_GTGGACCAACCCGATT-1	IU_PDA_NP11	Normal Pancreas	CC10	Normal Epithelial cells
PDACNP_10_GTGGACGCATTTGTCC-1	IU_PDA_NP11	Normal Pancreas	CC10	Normal Epithelial cells
PDACNP_10_GTGGACGTGCTGAGAC-1	IU_PDA_NP11	Normal Pancreas	CC10	Normal Epithelial cells
PDACNP_10_GTGGAGCGTTTACCGA-1	IU_PDA_NP11	Normal Pancreas	CC10	Normal Epithelial cells
PDACNP_10_GTGGAGTCGGCGGTTG-1	IU_PDA_NP11	Normal Pancreas	CC10	Normal Epithelial cells
PDACNP_10_GTGGCAAACAGCGGCA-1	IU_PDA_NP11	Normal Pancreas	CC10	Normal Epithelial cells
PDACNP_10_GTGGCGGTCCCAGCGT-1	IU_PDA_NP11	Normal Pancreas	CC10	Normal Epithelial cells
PDACNP_10_GTGGCTGTTTCTGTTC-1	IU_PDA_NP11	Normal Pancreas	CC10	Normal Epithelial cells
PDACNP_10_GTGGGAACAAACCGGG-1	IU_PDA_NP11	Normal Pancreas	CC10	Normal Epithelial cells
PDACNP_10_GTGGGAAGACTGAATC-1	IU_PDA_NP11	Normal Pancreas	CC10	Normal Epithelial cells
PDACNP_10_GTGGGCTTAGACACAC-1	IU_PDA_NP11	Normal Pancreas	CC10	Normal Epithelial cells
PDACNP_10_GTGGGTACTGAGCGTA-1	IU_PDA_NP11	Normal Pancreas	CC10	Normal Epithelial cells
PDACNP_10_GTGGTATAGTCTGCCG-1	IU_PDA_NP11	Normal Pancreas	CC10	Normal Epithelial cells
PDACNP_10_GTGGTGGCCAAGTGAA-1	IU_PDA_NP11	Normal Pancreas	CC10	Normal Epithelial cells
PDACNP_10_GTGGTTACTTCTTTCG-1	IU_PDA_NP11	Normal Pancreas	CC10	Normal Epithelial cells
PDACNP_10_GTGGTTTCCGCCTTTC-1	IU_PDA_NP11	Normal Pancreas	CC10	Normal Epithelial cells
PDACNP_10_GTGTACCTTGGCTACG-1	IU_PDA_NP11	Normal Pancreas	CC10	Normal Epithelial cells
PDACNP_10_GTGTACGAACCGTTCC-1	IU_PDA_NP11	Normal Pancreas	CC10	Normal Epithelial cells
PDACNP_10_GTGTATATCAGCGGGC-1	IU_PDA_NP11	Normal Pancreas	CC10	Normal Epithelial cells
PDACNP_10_GTGTCAGTGTACGTGG-1	IU_PDA_NP11	Normal Pancreas	CC10	Normal Epithelial cells
PDACNP_10_GTGTCGTATAGCGTTC-1	IU_PDA_NP11	Normal Pancreas	CC10	Normal Epithelial cells
PDACNP_10_GTGTGAATAACTTAGG-1	IU_PDA_NP11	Normal Pancreas	CC10	Normal Epithelial cells
PDACNP_10_GTGTTACTATGCGTCC-1	IU_PDA_NP11	Normal Pancreas	CC10	Normal Epithelial cells
PDACNP_10_GTTAAAGTAGGACTGG-1	IU_PDA_NP11	Normal Pancreas	CC10	Normal Epithelial cells
PDACNP_10_GTTAACATCACTTAAA-1	IU_PDA_NP11	Normal Pancreas	CC10	Normal Epithelial cells
PDACNP_10_GTTAACTATGTTGTCA-1	IU_PDA_NP11	Normal Pancreas	CC10	Normal Epithelial cells
PDACNP_10_GTTAAGGGTGCGATGT-1	IU_PDA_NP11	Normal Pancreas	CC10	Normal Epithelial cells
PDACNP_10_GTTAATGTCTATCTTA-1	IU_PDA_NP11	Normal Pancreas	CC10	Normal Epithelial cells
PDACNP_10_GTTACAATTGGTGACG-1	IU_PDA_NP11	Normal Pancreas	CC10	Normal Epithelial cells
PDACNP_10_GTTACCTACAACTTGC-1	IU_PDA_NP11	Normal Pancreas	CC10	Normal Epithelial cells
PDACNP_10_GTTACTTTGGGCCTAG-1	IU_PDA_NP11	Normal Pancreas	CC10	Normal Epithelial cells
PDACNP_10_GTTAGCCCATGACATC-1	IU_PDA_NP11	Normal Pancreas	CC10	Normal Epithelial cells
PDACNP_10_GTTAGCCGTAAATCAA-1	IU_PDA_NP11	Normal Pancreas	CC10	Normal Epithelial cells
PDACNP_10_GTTAGGCTACCCGTTT-1	IU_PDA_NP11	Normal Pancreas	CC10	Normal Epithelial cells
PDACNP_10_GTTATAATACGGTGAA-1	IU_PDA_NP11	Normal Pancreas	CC10	Normal Epithelial cells
PDACNP_10_GTTATATCAGGAGCCA-1	IU_PDA_NP11	Normal Pancreas	CC10	Normal Epithelial cells
PDACNP_10_GTTATATTATCTCCCT-1	IU_PDA_NP11	Normal Pancreas	CC10	Normal Epithelial cells
PDACNP_10_GTTATCAAGCTATCGA-1	IU_PDA_NP11	Normal Pancreas	CC10	Normal Epithelial cells
PDACNP_10_GTTATTAACGTGGGAG-1	IU_PDA_NP11	Normal Pancreas	CC10	Normal Epithelial cells
PDACNP_10_GTTCACAGGAGTCTAG-1	IU_PDA_NP11	Normal Pancreas	CC10	Normal Epithelial cells
PDACNP_10_GTTCAGTCGCCAAATG-1	IU_PDA_NP11	Normal Pancreas	CC10	Normal Epithelial cells
PDACNP_10_GTTCATCGTTTGGCTG-1	IU_PDA_NP11	Normal Pancreas	CC10	Normal Epithelial cells
PDACNP_10_GTTCCAGTCTGACCAT-1	IU_PDA_NP11	Normal Pancreas	CC10	Normal Epithelial cells
PDACNP_10_GTTCCGTCCGCCTGCA-1	IU_PDA_NP11	Normal Pancreas	CC10	Normal Epithelial cells
PDACNP_10_GTTCGACAATTGTATA-1	IU_PDA_NP11	Normal Pancreas	CC10	Normal Epithelial cells
PDACNP_10_GTTCGCCATAAGTGCC-1	IU_PDA_NP11	Normal Pancreas	CC10	Normal Epithelial cells
PDACNP_10_GTTCGCTGAGACGTCT-1	IU_PDA_NP11	Normal Pancreas	CC10	Normal Epithelial cells
PDACNP_10_GTTCGGATCGGGAACA-1	IU_PDA_NP11	Normal Pancreas	CC10	Normal Epithelial cells
PDACNP_10_GTTCGGGCGTACCATT-1	IU_PDA_NP11	Normal Pancreas	CC10	Normal Epithelial cells
PDACNP_10_GTTCGTCTAAAGAACT-1	IU_PDA_NP11	Normal Pancreas	CC10	Normal Epithelial cells
PDACNP_10_GTTCTTCCCTCGATGT-1	IU_PDA_NP11	Normal Pancreas	CC10	Normal Epithelial cells
PDACNP_10_GTTCTTGTAACTCAAT-1	IU_PDA_NP11	Normal Pancreas	CC10	Normal Epithelial cells
PDACNP_10_GTTGAACCGGTTCCAT-1	IU_PDA_NP11	Normal Pancreas	CC10	Normal Epithelial cells
PDACNP_10_GTTGAGTCCCGCCGGT-1	IU_PDA_NP11	Normal Pancreas	CC10	Normal Epithelial cells
PDACNP_10_GTTGCACGGAGTTTCG-1	IU_PDA_NP11	Normal Pancreas	CC10	Normal Epithelial cells
PDACNP_10_GTTGCCCTAACGGGTG-1	IU_PDA_NP11	Normal Pancreas	CC10	Normal Epithelial cells
PDACNP_10_GTTGGACCGCATCAGG-1	IU_PDA_NP11	Normal Pancreas	CC10	Normal Epithelial cells
PDACNP_10_GTTGGATTCAGTGGCT-1	IU_PDA_NP11	Normal Pancreas	CC10	Normal Epithelial cells
PDACNP_10_GTTGGATTGAGAACAC-1	IU_PDA_NP11	Normal Pancreas	CC10	Normal Epithelial cells
PDACNP_10_GTTGGATTTGCGTTGG-1	IU_PDA_NP11	Normal Pancreas	CC10	Normal Epithelial cells
PDACNP_10_GTTGGTCATGCTATCC-1	IU_PDA_NP11	Normal Pancreas	CC10	Normal Epithelial cells
PDACNP_10_GTTGTAGATTTATGAG-1	IU_PDA_NP11	Normal Pancreas	CC10	Normal Epithelial cells
PDACNP_10_GTTGTCGTGTTAGTTG-1	IU_PDA_NP11	Normal Pancreas	CC10	Normal Epithelial cells
PDACNP_10_GTTTACGTTCCATCTG-1	IU_PDA_NP11	Normal Pancreas	CC10	Normal Epithelial cells
PDACNP_10_GTTTATGGGATTTAGA-1	IU_PDA_NP11	Normal Pancreas	CC10	Normal Epithelial cells
PDACNP_10_GTTTCAAACGAGTTGT-1	IU_PDA_NP11	Normal Pancreas	CC10	Normal Epithelial cells
PDACNP_10_GTTTCATATCGTCGCT-1	IU_PDA_NP11	Normal Pancreas	CC10	Normal Epithelial cells
PDACNP_10_GTTTCCTGGAGGGTGA-1	IU_PDA_NP11	Normal Pancreas	CC10	Normal Epithelial cells
PDACNP_10_GTTTCTAGAGGCGCGG-1	IU_PDA_NP11	Normal Pancreas	CC10	Normal Epithelial cells
PDACNP_10_GTTTCTGCAGTCTCCC-1	IU_PDA_NP11	Normal Pancreas	CC10	Normal Epithelial cells
PDACNP_10_GTTTCTTGTTAGAGCT-1	IU_PDA_NP11	Normal Pancreas	CC10	Normal Epithelial cells
PDACNP_10_GTTTGACCAAATCCTA-1	IU_PDA_NP11	Normal Pancreas	CC10	Normal Epithelial cells
PDACNP_10_GTTTGGCCCAAGTTAT-1	IU_PDA_NP11	Normal Pancreas	CC10	Normal Epithelial cells
PDACNP_10_GTTTGGCCGCTCAGCG-1	IU_PDA_NP11	Normal Pancreas	CC10	Normal Epithelial cells
PDACNP_10_GTTTGGGCTTGTGAGC-1	IU_PDA_NP11	Normal Pancreas	CC10	Normal Epithelial cells
PDACNP_10_GTTTGGGTTTCGCCCG-1	IU_PDA_NP11	Normal Pancreas	CC10	Normal Epithelial cells
PDACNP_10_GTTTGGTAGGGTCAAC-1	IU_PDA_NP11	Normal Pancreas	CC10	Normal Epithelial cells
PDACNP_10_GTTTGGTGATCGGTGC-1	IU_PDA_NP11	Normal Pancreas	CC10	Normal Epithelial cells
PDACNP_10_GTTTGTTAGCCAAGTA-1	IU_PDA_NP11	Normal Pancreas	CC10	Normal Epithelial cells
PDACNP_10_TAAACCCAGGAGGGCA-1	IU_PDA_NP11	Normal Pancreas	CC10	Normal Epithelial cells
PDACNP_10_TAAACGTCGTCAATGA-1	IU_PDA_NP11	Normal Pancreas	CC10	Normal Epithelial cells
PDACNP_10_TAAAGAGCCCGAAACC-1	IU_PDA_NP11	Normal Pancreas	CC10	Normal Epithelial cells
PDACNP_10_TAAAGCGGTATTTCCA-1	IU_PDA_NP11	Normal Pancreas	CC10	Normal Epithelial cells
PDACNP_10_TAAAGCGTTAGGAGAA-1	IU_PDA_NP11	Normal Pancreas	CC10	Normal Epithelial cells
PDACNP_10_TAAAGCTGCAATAGGG-1	IU_PDA_NP11	Normal Pancreas	CC10	Normal Epithelial cells
PDACNP_10_TAAAGTGCACGTCTCG-1	IU_PDA_NP11	Normal Pancreas	CC10	Normal Epithelial cells
PDACNP_10_TAAATGAATCCGTTTC-1	IU_PDA_NP11	Normal Pancreas	CC10	Normal Epithelial cells
PDACNP_10_TAAATGCCGTCTCATG-1	IU_PDA_NP11	Normal Pancreas	CC10	Normal Epithelial cells
PDACNP_10_TAAATTGTGGGTAAAG-1	IU_PDA_NP11	Normal Pancreas	CC10	Normal Epithelial cells
PDACNP_10_TAAATTTAGTAACACC-1	IU_PDA_NP11	Normal Pancreas	CC10	Normal Epithelial cells
PDACNP_10_TAACAAAGGGAGAAGC-1	IU_PDA_NP11	Normal Pancreas	CC10	Normal Epithelial cells
PDACNP_10_TAACAATATTTGTTGC-1	IU_PDA_NP11	Normal Pancreas	CC10	Normal Epithelial cells
PDACNP_10_TAACAGCGTTTGTGCT-1	IU_PDA_NP11	Normal Pancreas	CC10	Normal Epithelial cells
PDACNP_10_TAACAGGTTCCCTTAG-1	IU_PDA_NP11	Normal Pancreas	CC10	Normal Epithelial cells
PDACNP_10_TAACATACAATGTGGG-1	IU_PDA_NP11	Normal Pancreas	CC10	Normal Epithelial cells
PDACNP_10_TAACATACACGCGATC-1	IU_PDA_NP11	Normal Pancreas	CC10	Normal Epithelial cells
PDACNP_10_TAACCGCCCGCAGTGC-1	IU_PDA_NP11	Normal Pancreas	CC10	Normal Epithelial cells
PDACNP_10_TAACCTACCGTCCGAG-1	IU_PDA_NP11	Normal Pancreas	CC10	Normal Epithelial cells
PDACNP_10_TAACCTAGGGAGTCCA-1	IU_PDA_NP11	Normal Pancreas	CC10	Normal Epithelial cells
PDACNP_10_TAACGCTTTGAGAGCG-1	IU_PDA_NP11	Normal Pancreas	CC10	Normal Epithelial cells
PDACNP_10_TAACTATCGAAGGTCC-1	IU_PDA_NP11	Normal Pancreas	CC10	Normal Epithelial cells
PDACNP_10_TAACTATTACGCCAAA-1	IU_PDA_NP11	Normal Pancreas	CC10	Normal Epithelial cells
PDACNP_10_TAACTCATCCGCGCGG-1	IU_PDA_NP11	Normal Pancreas	CC10	Normal Epithelial cells
PDACNP_10_TAACTCCATGGAGGCT-1	IU_PDA_NP11	Normal Pancreas	CC10	Normal Epithelial cells
PDACNP_10_TAAGAGGGACAGGGAC-1	IU_PDA_NP11	Normal Pancreas	CC10	Normal Epithelial cells
PDACNP_10_TAAGCAGGCGACACGC-1	IU_PDA_NP11	Normal Pancreas	CC10	Normal Epithelial cells
PDACNP_10_TAAGCCCTTACGACCA-1	IU_PDA_NP11	Normal Pancreas	CC10	Normal Epithelial cells
PDACNP_10_TAAGCGCGAATCAAAT-1	IU_PDA_NP11	Normal Pancreas	CC10	Normal Epithelial cells
PDACNP_10_TAAGGAACTTGTGGGA-1	IU_PDA_NP11	Normal Pancreas	CC10	Normal Epithelial cells
PDACNP_10_TAAGGCAACATAAGAT-1	IU_PDA_NP11	Normal Pancreas	CC10	Normal Epithelial cells
PDACNP_10_TAAGGCATAACATCAA-1	IU_PDA_NP11	Normal Pancreas	CC10	Normal Epithelial cells
PDACNP_10_TAAGGCCCGTCACCCT-1	IU_PDA_NP11	Normal Pancreas	CC10	Normal Epithelial cells
PDACNP_10_TAAGGCTGAATCCCTC-1	IU_PDA_NP11	Normal Pancreas	CC10	Normal Epithelial cells
PDACNP_10_TAAGGGCCTGTCCGAT-1	IU_PDA_NP11	Normal Pancreas	CC10	Normal Epithelial cells
PDACNP_10_TAAGGGCTGGGAGAGG-1	IU_PDA_NP11	Normal Pancreas	CC10	Normal Epithelial cells
PDACNP_10_TAAGTAACATCTTGAC-1	IU_PDA_NP11	Normal Pancreas	CC10	Normal Epithelial cells
PDACNP_10_TAAGTCGCCGAGTATC-1	IU_PDA_NP11	Normal Pancreas	CC10	Normal Epithelial cells
PDACNP_10_TAAGTGAATAGTCTAC-1	IU_PDA_NP11	Normal Pancreas	CC10	Normal Epithelial cells
PDACNP_10_TAAGTTGCGACGTAGG-1	IU_PDA_NP11	Normal Pancreas	CC10	Normal Epithelial cells
PDACNP_10_TAATAAACAAGGAGAT-1	IU_PDA_NP11	Normal Pancreas	CC10	Normal Epithelial cells
PDACNP_10_TAATACACAGTAGTAT-1	IU_PDA_NP11	Normal Pancreas	CC10	Normal Epithelial cells
PDACNP_10_TAATACTAGAACAGAC-1	IU_PDA_NP11	Normal Pancreas	CC10	Normal Epithelial cells
PDACNP_10_TAATAGAACAGAGTTA-1	IU_PDA_NP11	Normal Pancreas	CC10	Normal Epithelial cells
PDACNP_10_TAATAGGTCACCAGAA-1	IU_PDA_NP11	Normal Pancreas	CC10	Normal Epithelial cells
PDACNP_10_TAATAGTGACGACCAG-1	IU_PDA_NP11	Normal Pancreas	CC10	Normal Epithelial cells
PDACNP_10_TAATATTGAAATTCGC-1	IU_PDA_NP11	Normal Pancreas	CC10	Normal Epithelial cells
PDACNP_10_TAATCGATCCGTACGT-1	IU_PDA_NP11	Normal Pancreas	CC10	Normal Epithelial cells
PDACNP_10_TAATGAAAGACCCTTG-1	IU_PDA_NP11	Normal Pancreas	CC10	Normal Epithelial cells
PDACNP_10_TAATGTCGGTTCATGG-1	IU_PDA_NP11	Normal Pancreas	CC10	Normal Epithelial cells
PDACNP_10_TAATTACGTCAGTAGA-1	IU_PDA_NP11	Normal Pancreas	CC10	Normal Epithelial cells
PDACNP_10_TAATTAGATGGATATG-1	IU_PDA_NP11	Normal Pancreas	CC10	Normal Epithelial cells
PDACNP_10_TAATTAGGACATCCGT-1	IU_PDA_NP11	Normal Pancreas	CC10	Normal Epithelial cells
PDACNP_10_TAATTGGAATCGGGAA-1	IU_PDA_NP11	Normal Pancreas	CC10	Normal Epithelial cells
PDACNP_10_TACAACAGCGCATACA-1	IU_PDA_NP11	Normal Pancreas	CC10	Normal Epithelial cells
PDACNP_10_TACAACGCACAACTCA-1	IU_PDA_NP11	Normal Pancreas	CC10	Normal Epithelial cells
PDACNP_10_TACAAGGGCTTCTTTA-1	IU_PDA_NP11	Normal Pancreas	CC10	Normal Epithelial cells
PDACNP_10_TACAAGTCTCGTGCAT-1	IU_PDA_NP11	Normal Pancreas	CC10	Normal Epithelial cells
PDACNP_10_TACACAGCCGTGGTGC-1	IU_PDA_NP11	Normal Pancreas	CC10	Normal Epithelial cells
PDACNP_10_TACACCTCTTCGAATC-1	IU_PDA_NP11	Normal Pancreas	CC10	Normal Epithelial cells
PDACNP_10_TACAGAAACGGTGGGC-1	IU_PDA_NP11	Normal Pancreas	CC10	Normal Epithelial cells
PDACNP_10_TACATAGGCATACACC-1	IU_PDA_NP11	Normal Pancreas	CC10	Normal Epithelial cells
PDACNP_10_TACATCCCTATCCCTG-1	IU_PDA_NP11	Normal Pancreas	CC10	Normal Epithelial cells
PDACNP_10_TACATGACCTTATCCG-1	IU_PDA_NP11	Normal Pancreas	CC10	Normal Epithelial cells
PDACNP_10_TACATTTCTAACGTGC-1	IU_PDA_NP11	Normal Pancreas	CC10	Normal Epithelial cells
PDACNP_10_TACCAAATAGCCCAGA-1	IU_PDA_NP11	Normal Pancreas	CC10	Normal Epithelial cells
PDACNP_10_TACCAATAAAGTACCA-1	IU_PDA_NP11	Normal Pancreas	CC10	Normal Epithelial cells
PDACNP_10_TACCAGAAGTAGGTTC-1	IU_PDA_NP11	Normal Pancreas	CC10	Normal Epithelial cells
PDACNP_10_TACCAGCTAGGTTTAA-1	IU_PDA_NP11	Normal Pancreas	CC10	Normal Epithelial cells
PDACNP_10_TACCAGGAATCCCGTC-1	IU_PDA_NP11	Normal Pancreas	CC10	Normal Epithelial cells
PDACNP_10_TACCGAATAATTGTAA-1	IU_PDA_NP11	Normal Pancreas	CC10	Normal Epithelial cells
PDACNP_10_TACCGCGGACTTGCAG-1	IU_PDA_NP11	Normal Pancreas	CC10	Normal Epithelial cells
PDACNP_10_TACCGGCTCACTGCCC-1	IU_PDA_NP11	Normal Pancreas	CC10	Normal Epithelial cells
PDACNP_10_TACCGTAGGTTAACTA-1	IU_PDA_NP11	Normal Pancreas	CC10	Normal Epithelial cells
PDACNP_10_TACCGTGCCTCGGACC-1	IU_PDA_NP11	Normal Pancreas	CC10	Normal Epithelial cells
PDACNP_10_TACCTACTCCCAGTAT-1	IU_PDA_NP11	Normal Pancreas	CC10	Normal Epithelial cells
PDACNP_10_TACCTATCCCTAGAGG-1	IU_PDA_NP11	Normal Pancreas	CC10	Normal Epithelial cells
PDACNP_10_TACCTCACGCTTGTAC-1	IU_PDA_NP11	Normal Pancreas	CC10	Normal Epithelial cells
PDACNP_10_TACCTCAGTTGTCTGT-1	IU_PDA_NP11	Normal Pancreas	CC10	Normal Epithelial cells
PDACNP_10_TACCTCCACACCAATG-1	IU_PDA_NP11	Normal Pancreas	CC10	Normal Epithelial cells
PDACNP_10_TACCTGCTGCACTGTG-1	IU_PDA_NP11	Normal Pancreas	CC10	Normal Epithelial cells
PDACNP_10_TACCTTAAGATTTCCC-1	IU_PDA_NP11	Normal Pancreas	CC10	Normal Epithelial cells
PDACNP_10_TACGAACACGACTTCA-1	IU_PDA_NP11	Normal Pancreas	CC10	Normal Epithelial cells
PDACNP_10_TACGACGCTTGCTGCG-1	IU_PDA_NP11	Normal Pancreas	CC10	Normal Epithelial cells
PDACNP_10_TACGACTGCCTCTTAG-1	IU_PDA_NP11	Normal Pancreas	CC10	Normal Epithelial cells
PDACNP_10_TACGAGAACTTCACGT-1	IU_PDA_NP11	Normal Pancreas	CC10	Normal Epithelial cells
PDACNP_10_TACGATGTTGATCATC-1	IU_PDA_NP11	Normal Pancreas	CC10	Normal Epithelial cells
PDACNP_10_TACGCAGTTCTTTCCT-1	IU_PDA_NP11	Normal Pancreas	CC10	Normal Epithelial cells
PDACNP_10_TACGCCATATTCTAAT-1	IU_PDA_NP11	Normal Pancreas	CC10	Normal Epithelial cells
PDACNP_10_TACGCCGAGGGTACCC-1	IU_PDA_NP11	Normal Pancreas	CC10	Normal Epithelial cells
PDACNP_10_TACGCCGCCTCAGAAG-1	IU_PDA_NP11	Normal Pancreas	CC10	Normal Epithelial cells
PDACNP_10_TACGCCTCCATTCCGA-1	IU_PDA_NP11	Normal Pancreas	CC10	Normal Epithelial cells
PDACNP_10_TACGCTATAGAAACCT-1	IU_PDA_NP11	Normal Pancreas	CC10	Normal Epithelial cells
PDACNP_10_TACGCTCCTAGAACTG-1	IU_PDA_NP11	Normal Pancreas	CC10	Normal Epithelial cells
PDACNP_10_TACGCTGATAGTTGTA-1	IU_PDA_NP11	Normal Pancreas	CC10	Normal Epithelial cells
PDACNP_10_TACGCTGCTGTGTTAA-1	IU_PDA_NP11	Normal Pancreas	CC10	Normal Epithelial cells
PDACNP_10_TACGGAAGCCAAACCA-1	IU_PDA_NP11	Normal Pancreas	CC10	Normal Epithelial cells
PDACNP_10_TACGGGATGCTAGCAG-1	IU_PDA_NP11	Normal Pancreas	CC10	Normal Epithelial cells
PDACNP_10_TACGGGTAATAACATA-1	IU_PDA_NP11	Normal Pancreas	CC10	Normal Epithelial cells
PDACNP_10_TACGTAAAGCGGAGTG-1	IU_PDA_NP11	Normal Pancreas	CC10	Normal Epithelial cells
PDACNP_10_TACGTACTAGTGCTGA-1	IU_PDA_NP11	Normal Pancreas	CC10	Normal Epithelial cells
PDACNP_10_TACGTGCACTATGCTG-1	IU_PDA_NP11	Normal Pancreas	CC10	Normal Epithelial cells
PDACNP_10_TACGTGGGCCCAGGGC-1	IU_PDA_NP11	Normal Pancreas	CC10	Normal Epithelial cells
PDACNP_10_TACGTTTACCGGCAAT-1	IU_PDA_NP11	Normal Pancreas	CC10	Normal Epithelial cells
PDACNP_10_TACTACGTGCAATGCG-1	IU_PDA_NP11	Normal Pancreas	CC10	Normal Epithelial cells
PDACNP_10_TACTATGGTTCCTCAG-1	IU_PDA_NP11	Normal Pancreas	CC10	Normal Epithelial cells
PDACNP_10_TACTCCTCTAGTTGAC-1	IU_PDA_NP11	Normal Pancreas	CC10	Normal Epithelial cells
PDACNP_10_TACTCGGCACGCCGGG-1	IU_PDA_NP11	Normal Pancreas	CC10	Normal Epithelial cells
PDACNP_10_TACTCGTTTGAATCAA-1	IU_PDA_NP11	Normal Pancreas	CC10	Normal Epithelial cells
PDACNP_10_TACTCTCCGAACAAAT-1	IU_PDA_NP11	Normal Pancreas	CC10	Normal Epithelial cells
PDACNP_10_TACTCTTACTTTACTG-1	IU_PDA_NP11	Normal Pancreas	CC10	Normal Epithelial cells
PDACNP_10_TACTCTTTCGTCTTCA-1	IU_PDA_NP11	Normal Pancreas	CC10	Normal Epithelial cells
PDACNP_10_TACTGAACAGATTTAG-1	IU_PDA_NP11	Normal Pancreas	CC10	Normal Epithelial cells
PDACNP_10_TACTGAGGGAAGAAAG-1	IU_PDA_NP11	Normal Pancreas	CC10	Normal Epithelial cells
PDACNP_10_TACTGCAATCAATTAC-1	IU_PDA_NP11	Normal Pancreas	CC10	Normal Epithelial cells
PDACNP_10_TACTGCATGATTAAAT-1	IU_PDA_NP11	Normal Pancreas	CC10	Normal Epithelial cells
PDACNP_10_TACTGGACAGCTCGGC-1	IU_PDA_NP11	Normal Pancreas	CC10	Normal Epithelial cells
PDACNP_10_TACTTAAACATGTACA-1	IU_PDA_NP11	Normal Pancreas	CC10	Normal Epithelial cells
PDACNP_10_TACTTGTTAGTAGTCC-1	IU_PDA_NP11	Normal Pancreas	CC10	Normal Epithelial cells
PDACNP_10_TACTTTACTGAGCCGG-1	IU_PDA_NP11	Normal Pancreas	CC10	Normal Epithelial cells
PDACNP_10_TACTTTCCGCACGCCA-1	IU_PDA_NP11	Normal Pancreas	CC10	Normal Epithelial cells
PDACNP_10_TAGAAAGGTGGCGCTA-1	IU_PDA_NP11	Normal Pancreas	CC10	Normal Epithelial cells
PDACNP_10_TAGAAATTCACGTATA-1	IU_PDA_NP11	Normal Pancreas	CC10	Normal Epithelial cells
PDACNP_10_TAGAATAGCCGATGAA-1	IU_PDA_NP11	Normal Pancreas	CC10	Normal Epithelial cells
PDACNP_10_TAGAATTAAGGGCAAC-1	IU_PDA_NP11	Normal Pancreas	CC10	Normal Epithelial cells
PDACNP_10_TAGACGAAACGCCAAT-1	IU_PDA_NP11	Normal Pancreas	CC10	Normal Epithelial cells
PDACNP_10_TAGACGCCCGTACCGG-1	IU_PDA_NP11	Normal Pancreas	CC10	Normal Epithelial cells
PDACNP_10_TAGACTACCTAGCGTT-1	IU_PDA_NP11	Normal Pancreas	CC10	Normal Epithelial cells
PDACNP_10_TAGACTCAGTTGGCCT-1	IU_PDA_NP11	Normal Pancreas	CC10	Normal Epithelial cells
PDACNP_10_TAGAGATCATGCAACT-1	IU_PDA_NP11	Normal Pancreas	CC10	Normal Epithelial cells
PDACNP_10_TAGAGCTACGAAGAAC-1	IU_PDA_NP11	Normal Pancreas	CC10	Normal Epithelial cells
PDACNP_10_TAGAGGGAGTTTATCT-1	IU_PDA_NP11	Normal Pancreas	CC10	Normal Epithelial cells
PDACNP_10_TAGAGGTTCTACTTGT-1	IU_PDA_NP11	Normal Pancreas	CC10	Normal Epithelial cells
PDACNP_10_TAGAGTCTAAGCGAAC-1	IU_PDA_NP11	Normal Pancreas	CC10	Normal Epithelial cells
PDACNP_10_TAGAGTGTTCCGGGTA-1	IU_PDA_NP11	Normal Pancreas	CC10	Normal Epithelial cells
PDACNP_10_TAGATATGGACTGGAA-1	IU_PDA_NP11	Normal Pancreas	CC10	Normal Epithelial cells
PDACNP_10_TAGATCCGAAGTCGCA-1	IU_PDA_NP11	Normal Pancreas	CC10	Normal Epithelial cells
PDACNP_10_TAGATGGTTCCTTACT-1	IU_PDA_NP11	Normal Pancreas	CC10	Normal Epithelial cells
PDACNP_10_TAGATTCAAAGTGCGG-1	IU_PDA_NP11	Normal Pancreas	CC10	Normal Epithelial cells
PDACNP_10_TAGATTCCTGGTTATT-1	IU_PDA_NP11	Normal Pancreas	CC10	Normal Epithelial cells
PDACNP_10_TAGCAACCTGTCACAA-1	IU_PDA_NP11	Normal Pancreas	CC10	Normal Epithelial cells
PDACNP_10_TAGCAGATACTTAGGG-1	IU_PDA_NP11	Normal Pancreas	CC10	Normal Epithelial cells
PDACNP_10_TAGCAGTATGACTAAA-1	IU_PDA_NP11	Normal Pancreas	CC10	Normal Epithelial cells
PDACNP_10_TAGCCAGAGGGTCCGG-1	IU_PDA_NP11	Normal Pancreas	CC10	Normal Epithelial cells
PDACNP_10_TAGCCATGATTGCCTA-1	IU_PDA_NP11	Normal Pancreas	CC10	Normal Epithelial cells
PDACNP_10_TAGCCATTTCAAAGTC-1	IU_PDA_NP11	Normal Pancreas	CC10	Normal Epithelial cells
PDACNP_10_TAGCCGGCGGTCAGCG-1	IU_PDA_NP11	Normal Pancreas	CC10	Normal Epithelial cells
PDACNP_10_TAGCGTCCCTCGATTG-1	IU_PDA_NP11	Normal Pancreas	CC10	Normal Epithelial cells
PDACNP_10_TAGCGTCCGGTGTGGT-1	IU_PDA_NP11	Normal Pancreas	CC10	Normal Epithelial cells
PDACNP_10_TAGCGTCGAATATTGA-1	IU_PDA_NP11	Normal Pancreas	CC10	Normal Epithelial cells
PDACNP_10_TAGCGTTGGGTCTTAC-1	IU_PDA_NP11	Normal Pancreas	CC10	Normal Epithelial cells
PDACNP_10_TAGCTAAGTCCGGGAG-1	IU_PDA_NP11	Normal Pancreas	CC10	Normal Epithelial cells
PDACNP_10_TAGCTAGAAGGCATGA-1	IU_PDA_NP11	Normal Pancreas	CC10	Normal Epithelial cells
PDACNP_10_TAGCTAGTGATGATGG-1	IU_PDA_NP11	Normal Pancreas	CC10	Normal Epithelial cells
PDACNP_10_TAGCTCGCCTGATAAC-1	IU_PDA_NP11	Normal Pancreas	CC10	Normal Epithelial cells
PDACNP_10_TAGCTGATGTGAAGCG-1	IU_PDA_NP11	Normal Pancreas	CC10	Normal Epithelial cells
PDACNP_10_TAGGATCTTAACCGCA-1	IU_PDA_NP11	Normal Pancreas	CC10	Normal Epithelial cells
PDACNP_10_TAGGCATGTTACGCCA-1	IU_PDA_NP11	Normal Pancreas	CC10	Normal Epithelial cells
PDACNP_10_TAGGCCTATATAGTCT-1	IU_PDA_NP11	Normal Pancreas	CC10	Normal Epithelial cells
PDACNP_10_TAGGCGATGAGGTCTC-1	IU_PDA_NP11	Normal Pancreas	CC10	Normal Epithelial cells
PDACNP_10_TAGGCGGCTGCAAAGA-1	IU_PDA_NP11	Normal Pancreas	CC10	Normal Epithelial cells
PDACNP_10_TAGGCTAAAGTGGCAC-1	IU_PDA_NP11	Normal Pancreas	CC10	Normal Epithelial cells
PDACNP_10_TAGGGAGCTTGGGATG-1	IU_PDA_NP11	Normal Pancreas	CC10	Normal Epithelial cells
PDACNP_10_TAGGGTGTTTCAAGAG-1	IU_PDA_NP11	Normal Pancreas	CC10	Normal Epithelial cells
PDACNP_10_TAGGTCCAAGTAAGGA-1	IU_PDA_NP11	Normal Pancreas	CC10	Normal Epithelial cells
PDACNP_10_TAGGTCGCCGGAACTG-1	IU_PDA_NP11	Normal Pancreas	CC10	Normal Epithelial cells
PDACNP_10_TAGGTGACGATAACCT-1	IU_PDA_NP11	Normal Pancreas	CC10	Normal Epithelial cells
PDACNP_10_TAGGTGAGCCCTACTC-1	IU_PDA_NP11	Normal Pancreas	CC10	Normal Epithelial cells
PDACNP_10_TAGGTGCTCGCCTAGC-1	IU_PDA_NP11	Normal Pancreas	CC10	Normal Epithelial cells
PDACNP_10_TAGGTGTTCCACAGAT-1	IU_PDA_NP11	Normal Pancreas	CC10	Normal Epithelial cells
PDACNP_10_TAGGTTCGAGTTCGTC-1	IU_PDA_NP11	Normal Pancreas	CC10	Normal Epithelial cells
PDACNP_10_TAGGTTCTGCTGAGAA-1	IU_PDA_NP11	Normal Pancreas	CC10	Normal Epithelial cells
PDACNP_10_TAGTACCACAACTTTC-1	IU_PDA_NP11	Normal Pancreas	CC10	Normal Epithelial cells
PDACNP_10_TAGTACCTTAGTGGTC-1	IU_PDA_NP11	Normal Pancreas	CC10	Normal Epithelial cells
PDACNP_10_TAGTAGCTTATACCAG-1	IU_PDA_NP11	Normal Pancreas	CC10	Normal Epithelial cells
PDACNP_10_TAGTCCCGGAGACCAC-1	IU_PDA_NP11	Normal Pancreas	CC10	Normal Epithelial cells
PDACNP_10_TAGTCCGCAGAGAATG-1	IU_PDA_NP11	Normal Pancreas	CC10	Normal Epithelial cells
PDACNP_10_TAGTCCGTATGCATAA-1	IU_PDA_NP11	Normal Pancreas	CC10	Normal Epithelial cells
PDACNP_10_TAGTCCTGCACTAAGC-1	IU_PDA_NP11	Normal Pancreas	CC10	Normal Epithelial cells
PDACNP_10_TAGTCGATCACGGGTT-1	IU_PDA_NP11	Normal Pancreas	CC10	Normal Epithelial cells
PDACNP_10_TAGTCTAACAACGAGA-1	IU_PDA_NP11	Normal Pancreas	CC10	Normal Epithelial cells
PDACNP_10_TAGTCTGCGGCACATT-1	IU_PDA_NP11	Normal Pancreas	CC10	Normal Epithelial cells
PDACNP_10_TAGTCTGTGACGTTGC-1	IU_PDA_NP11	Normal Pancreas	CC10	Normal Epithelial cells
PDACNP_10_TAGTGCCCTCCAGAGT-1	IU_PDA_NP11	Normal Pancreas	CC10	Normal Epithelial cells
PDACNP_10_TAGTGTCAGAAACGGC-1	IU_PDA_NP11	Normal Pancreas	CC10	Normal Epithelial cells
PDACNP_10_TAGTTAAGATAGGATA-1	IU_PDA_NP11	Normal Pancreas	CC10	Normal Epithelial cells
PDACNP_10_TAGTTTATTCTTGCTT-1	IU_PDA_NP11	Normal Pancreas	CC10	Normal Epithelial cells
PDACNP_10_TATAAATCCACAAGCT-1	IU_PDA_NP11	Normal Pancreas	CC10	Normal Epithelial cells
PDACNP_10_TATAAGTGAGGATAGC-1	IU_PDA_NP11	Normal Pancreas	CC10	Normal Epithelial cells
PDACNP_10_TATACACAGACGCCTT-1	IU_PDA_NP11	Normal Pancreas	CC10	Normal Epithelial cells
PDACNP_10_TATACACGCAAAGTAT-1	IU_PDA_NP11	Normal Pancreas	CC10	Normal Epithelial cells
PDACNP_10_TATACGCGTCATCACT-1	IU_PDA_NP11	Normal Pancreas	CC10	Normal Epithelial cells
PDACNP_10_TATACTCATGCGGCAA-1	IU_PDA_NP11	Normal Pancreas	CC10	Normal Epithelial cells
PDACNP_10_TATAGATGGTCGCAGT-1	IU_PDA_NP11	Normal Pancreas	CC10	Normal Epithelial cells
PDACNP_10_TATAGCGCACGTTATC-1	IU_PDA_NP11	Normal Pancreas	CC10	Normal Epithelial cells
PDACNP_10_TATAGCTATTATCTCT-1	IU_PDA_NP11	Normal Pancreas	CC10	Normal Epithelial cells
PDACNP_10_TATAGGGTACTCATGA-1	IU_PDA_NP11	Normal Pancreas	CC10	Normal Epithelial cells
PDACNP_10_TATAGTTAGGTGTACT-1	IU_PDA_NP11	Normal Pancreas	CC10	Normal Epithelial cells
PDACNP_10_TATATAGGGCTTTACG-1	IU_PDA_NP11	Normal Pancreas	CC10	Normal Epithelial cells
PDACNP_10_TATATATCGAGAAATG-1	IU_PDA_NP11	Normal Pancreas	CC10	Normal Epithelial cells
PDACNP_10_TATATCAAAGTGATCT-1	IU_PDA_NP11	Normal Pancreas	CC10	Normal Epithelial cells
PDACNP_10_TATATCATTGATCAGT-1	IU_PDA_NP11	Normal Pancreas	CC10	Normal Epithelial cells
PDACNP_10_TATATCCCTGGGAGGA-1	IU_PDA_NP11	Normal Pancreas	CC10	Normal Epithelial cells
PDACNP_10_TATATGCTGGGTTGCC-1	IU_PDA_NP11	Normal Pancreas	CC10	Normal Epithelial cells
PDACNP_10_TATATTACAAATGTCG-1	IU_PDA_NP11	Normal Pancreas	CC10	Normal Epithelial cells
PDACNP_10_TATCAAAGGTCTGTAA-1	IU_PDA_NP11	Normal Pancreas	CC10	Normal Epithelial cells
PDACNP_10_TATCACCCAACCGACC-1	IU_PDA_NP11	Normal Pancreas	CC10	Normal Epithelial cells
PDACNP_10_TATCACTTCGAGTAAC-1	IU_PDA_NP11	Normal Pancreas	CC10	Normal Epithelial cells
PDACNP_10_TATCAGTGGCGTAGTC-1	IU_PDA_NP11	Normal Pancreas	CC10	Normal Epithelial cells
PDACNP_10_TATCCAATTGGTTATC-1	IU_PDA_NP11	Normal Pancreas	CC10	Normal Epithelial cells
PDACNP_10_TATCCATATCATGCGA-1	IU_PDA_NP11	Normal Pancreas	CC10	Normal Epithelial cells
PDACNP_10_TATCCATCTCGGTTAG-1	IU_PDA_NP11	Normal Pancreas	CC10	Normal Epithelial cells
PDACNP_10_TATCCGCACCGTCGGG-1	IU_PDA_NP11	Normal Pancreas	CC10	Normal Epithelial cells
PDACNP_10_TATCCTATCAACTGGT-1	IU_PDA_NP11	Normal Pancreas	CC10	Normal Epithelial cells
PDACNP_10_TATCCTGCATGGGAAT-1	IU_PDA_NP11	Normal Pancreas	CC10	Normal Epithelial cells
PDACNP_10_TATCGATCTATGCATA-1	IU_PDA_NP11	Normal Pancreas	CC10	Normal Epithelial cells
PDACNP_10_TATCGATGATTAAACG-1	IU_PDA_NP11	Normal Pancreas	CC10	Normal Epithelial cells
PDACNP_10_TATCTACAGAGGTAAT-1	IU_PDA_NP11	Normal Pancreas	CC10	Normal Epithelial cells
PDACNP_10_TATCTACCACAGCGGG-1	IU_PDA_NP11	Normal Pancreas	CC10	Normal Epithelial cells
PDACNP_10_TATCTAGCCTAAAGGA-1	IU_PDA_NP11	Normal Pancreas	CC10	Normal Epithelial cells
PDACNP_10_TATCTGAGCCGATATT-1	IU_PDA_NP11	Normal Pancreas	CC10	Normal Epithelial cells
PDACNP_10_TATCTTGCAATACAAC-1	IU_PDA_NP11	Normal Pancreas	CC10	Normal Epithelial cells
PDACNP_10_TATGAAGAATTAAGGT-1	IU_PDA_NP11	Normal Pancreas	CC10	Normal Epithelial cells
PDACNP_10_TATGAAGACAGGTGCG-1	IU_PDA_NP11	Normal Pancreas	CC10	Normal Epithelial cells
PDACNP_10_TATGATCCGGCACGCC-1	IU_PDA_NP11	Normal Pancreas	CC10	Normal Epithelial cells
PDACNP_10_TATGATCTTCTCTTTA-1	IU_PDA_NP11	Normal Pancreas	CC10	Normal Epithelial cells
PDACNP_10_TATGCTCCCTACTTAC-1	IU_PDA_NP11	Normal Pancreas	CC10	Normal Epithelial cells
PDACNP_10_TATGGAGTTTCTCGTT-1	IU_PDA_NP11	Normal Pancreas	CC10	Normal Epithelial cells
PDACNP_10_TATGGATGTGCTACGC-1	IU_PDA_NP11	Normal Pancreas	CC10	Normal Epithelial cells
PDACNP_10_TATGGCCCGGCCTCGC-1	IU_PDA_NP11	Normal Pancreas	CC10	Normal Epithelial cells
PDACNP_10_TATGGGACCGAGCAGG-1	IU_PDA_NP11	Normal Pancreas	CC10	Normal Epithelial cells
PDACNP_10_TATGGGTACGTATCGT-1	IU_PDA_NP11	Normal Pancreas	CC10	Normal Epithelial cells
PDACNP_10_TATGGTCTGAGTAACA-1	IU_PDA_NP11	Normal Pancreas	CC10	Normal Epithelial cells
PDACNP_10_TATGGTTAGTGGGAGA-1	IU_PDA_NP11	Normal Pancreas	CC10	Normal Epithelial cells
PDACNP_10_TATGTAAAGTGCTTAA-1	IU_PDA_NP11	Normal Pancreas	CC10	Normal Epithelial cells
PDACNP_10_TATGTAGAAACCCGGC-1	IU_PDA_NP11	Normal Pancreas	CC10	Normal Epithelial cells
PDACNP_10_TATGTCAAGACCGACT-1	IU_PDA_NP11	Normal Pancreas	CC10	Normal Epithelial cells
PDACNP_10_TATGTCTCATTGTGCC-1	IU_PDA_NP11	Normal Pancreas	CC10	Normal Epithelial cells
PDACNP_10_TATTAACACCAAAGCA-1	IU_PDA_NP11	Normal Pancreas	CC10	Normal Epithelial cells
PDACNP_10_TATTAACCTGACCGCG-1	IU_PDA_NP11	Normal Pancreas	CC10	Normal Epithelial cells
PDACNP_10_TATTACCATCCTGCTT-1	IU_PDA_NP11	Normal Pancreas	CC10	Normal Epithelial cells
PDACNP_10_TATTATGTTTGCCTGC-1	IU_PDA_NP11	Normal Pancreas	CC10	Normal Epithelial cells
PDACNP_10_TATTCAATTCTAATCC-1	IU_PDA_NP11	Normal Pancreas	CC10	Normal Epithelial cells
PDACNP_10_TATTCCACTCAGCTCG-1	IU_PDA_NP11	Normal Pancreas	CC10	Normal Epithelial cells
PDACNP_10_TATTCCGAGCTGTTAT-1	IU_PDA_NP11	Normal Pancreas	CC10	Normal Epithelial cells
PDACNP_10_TATTCCTCCGCCCACT-1	IU_PDA_NP11	Normal Pancreas	CC10	Normal Epithelial cells
PDACNP_10_TATTCGTGCCAGAATA-1	IU_PDA_NP11	Normal Pancreas	CC10	Normal Epithelial cells
PDACNP_10_TATTGACATTTCTGCC-1	IU_PDA_NP11	Normal Pancreas	CC10	Normal Epithelial cells
PDACNP_10_TATTTAGTCTAGATCG-1	IU_PDA_NP11	Normal Pancreas	CC10	Normal Epithelial cells
PDACNP_10_TATTTATACCGAGTAG-1	IU_PDA_NP11	Normal Pancreas	CC10	Normal Epithelial cells
PDACNP_10_TATTTGTTACCCTTTA-1	IU_PDA_NP11	Normal Pancreas	CC10	Normal Epithelial cells
PDACNP_10_TCAAACAACCGCGTCG-1	IU_PDA_NP11	Normal Pancreas	CC10	Normal Epithelial cells
PDACNP_10_TCAAACTTAGATTGTT-1	IU_PDA_NP11	Normal Pancreas	CC10	Normal Epithelial cells
PDACNP_10_TCAAAGAGCTATCTGT-1	IU_PDA_NP11	Normal Pancreas	CC10	Normal Epithelial cells
PDACNP_10_TCAAAGTCACGGCGTC-1	IU_PDA_NP11	Normal Pancreas	CC10	Normal Epithelial cells
PDACNP_10_TCAAATTGTTGTGCCG-1	IU_PDA_NP11	Normal Pancreas	CC10	Normal Epithelial cells
PDACNP_10_TCAAATTTGAGACTCA-1	IU_PDA_NP11	Normal Pancreas	CC10	Normal Epithelial cells
PDACNP_10_TCAACAAAGATAATTC-1	IU_PDA_NP11	Normal Pancreas	CC10	Normal Epithelial cells
PDACNP_10_TCAACACATTGGGTAA-1	IU_PDA_NP11	Normal Pancreas	CC10	Normal Epithelial cells
PDACNP_10_TCAACATAGCGCCCTA-1	IU_PDA_NP11	Normal Pancreas	CC10	Normal Epithelial cells
PDACNP_10_TCAACATCGACCGAGA-1	IU_PDA_NP11	Normal Pancreas	CC10	Normal Epithelial cells
PDACNP_10_TCAACCATGTTCGGGC-1	IU_PDA_NP11	Normal Pancreas	CC10	Normal Epithelial cells
PDACNP_10_TCAACGAGGAGACAAA-1	IU_PDA_NP11	Normal Pancreas	CC10	Normal Epithelial cells
PDACNP_10_TCAACGCAGGAAATAA-1	IU_PDA_NP11	Normal Pancreas	CC10	Normal Epithelial cells
PDACNP_10_TCAACGCGACCGGCAG-1	IU_PDA_NP11	Normal Pancreas	CC10	Normal Epithelial cells
PDACNP_10_TCAACTAACGTATAAC-1	IU_PDA_NP11	Normal Pancreas	CC10	Normal Epithelial cells
PDACNP_10_TCAACTGCAGAGTCAG-1	IU_PDA_NP11	Normal Pancreas	CC10	Normal Epithelial cells
PDACNP_10_TCAAGAAATACTAGCT-1	IU_PDA_NP11	Normal Pancreas	CC10	Normal Epithelial cells
PDACNP_10_TCAAGGTTACTACACC-1	IU_PDA_NP11	Normal Pancreas	CC10	Normal Epithelial cells
PDACNP_10_TCAATACGCCGTCATG-1	IU_PDA_NP11	Normal Pancreas	CC10	Normal Epithelial cells
PDACNP_10_TCAATCCGGGAAGTTT-1	IU_PDA_NP11	Normal Pancreas	CC10	Normal Epithelial cells
PDACNP_10_TCACAAACCGAGGTAC-1	IU_PDA_NP11	Normal Pancreas	CC10	Normal Epithelial cells
PDACNP_10_TCACAGATCCTCAAAC-1	IU_PDA_NP11	Normal Pancreas	CC10	Normal Epithelial cells
PDACNP_10_TCACAGCAAACTCGAA-1	IU_PDA_NP11	Normal Pancreas	CC10	Normal Epithelial cells
PDACNP_10_TCACAGGAGAATAAGA-1	IU_PDA_NP11	Normal Pancreas	CC10	Normal Epithelial cells
PDACNP_10_TCACAGGGAATCGCAA-1	IU_PDA_NP11	Normal Pancreas	CC10	Normal Epithelial cells
PDACNP_10_TCACAGGTTATTGGGC-1	IU_PDA_NP11	Normal Pancreas	CC10	Normal Epithelial cells
PDACNP_10_TCACATCTTATCTGAT-1	IU_PDA_NP11	Normal Pancreas	CC10	Normal Epithelial cells
PDACNP_10_TCACCCTCTTAAGATT-1	IU_PDA_NP11	Normal Pancreas	CC10	Normal Epithelial cells
PDACNP_10_TCACCGCTCGGCACTC-1	IU_PDA_NP11	Normal Pancreas	CC10	Normal Epithelial cells
PDACNP_10_TCACGATGTCCGTGGA-1	IU_PDA_NP11	Normal Pancreas	CC10	Normal Epithelial cells
PDACNP_10_TCACGATTAATACGTT-1	IU_PDA_NP11	Normal Pancreas	CC10	Normal Epithelial cells
PDACNP_10_TCACGCATTGTAGATC-1	IU_PDA_NP11	Normal Pancreas	CC10	Normal Epithelial cells
PDACNP_10_TCACGGCCCAAGAGAG-1	IU_PDA_NP11	Normal Pancreas	CC10	Normal Epithelial cells
PDACNP_10_TCACGGTCATCGCACA-1	IU_PDA_NP11	Normal Pancreas	CC10	Normal Epithelial cells
PDACNP_10_TCACGTGCCCGATTCA-1	IU_PDA_NP11	Normal Pancreas	CC10	Normal Epithelial cells
PDACNP_10_TCACTACGACCAATGC-1	IU_PDA_NP11	Normal Pancreas	CC10	Normal Epithelial cells
PDACNP_10_TCACTATCCCTTCGGT-1	IU_PDA_NP11	Normal Pancreas	CC10	Normal Epithelial cells
PDACNP_10_TCACTCGTGCAACGGC-1	IU_PDA_NP11	Normal Pancreas	CC10	Normal Epithelial cells
PDACNP_10_TCACTCTTCGTCTGTC-1	IU_PDA_NP11	Normal Pancreas	CC10	Normal Epithelial cells
PDACNP_10_TCAGAACCTCCACAGG-1	IU_PDA_NP11	Normal Pancreas	CC10	Normal Epithelial cells
PDACNP_10_TCAGAACGGCGGTAAT-1	IU_PDA_NP11	Normal Pancreas	CC10	Normal Epithelial cells
PDACNP_10_TCAGACGCTATAGAAG-1	IU_PDA_NP11	Normal Pancreas	CC10	Normal Epithelial cells
PDACNP_10_TCAGAGCATGTCAACG-1	IU_PDA_NP11	Normal Pancreas	CC10	Normal Epithelial cells
PDACNP_10_TCAGCAAATGCATCTC-1	IU_PDA_NP11	Normal Pancreas	CC10	Normal Epithelial cells
PDACNP_10_TCAGCAGTAGGCCCTG-1	IU_PDA_NP11	Normal Pancreas	CC10	Normal Epithelial cells
PDACNP_10_TCAGCCAATCCGTAAA-1	IU_PDA_NP11	Normal Pancreas	CC10	Normal Epithelial cells
PDACNP_10_TCAGCGCACGCCGTTT-1	IU_PDA_NP11	Normal Pancreas	CC10	Normal Epithelial cells
PDACNP_10_TCAGCTTGAGCTTTCG-1	IU_PDA_NP11	Normal Pancreas	CC10	Normal Epithelial cells
PDACNP_10_TCAGGGCGACTTCCTT-1	IU_PDA_NP11	Normal Pancreas	CC10	Normal Epithelial cells
PDACNP_10_TCAGGGCGCAAACTCG-1	IU_PDA_NP11	Normal Pancreas	CC10	Normal Epithelial cells
PDACNP_10_TCAGGGTGTAACGTAA-1	IU_PDA_NP11	Normal Pancreas	CC10	Normal Epithelial cells
PDACNP_10_TCAGGTTCTTTGAGAA-1	IU_PDA_NP11	Normal Pancreas	CC10	Normal Epithelial cells
PDACNP_10_TCAGTACTGACCCGCG-1	IU_PDA_NP11	Normal Pancreas	CC10	Normal Epithelial cells
PDACNP_10_TCAGTAGGGACTATAA-1	IU_PDA_NP11	Normal Pancreas	CC10	Normal Epithelial cells
PDACNP_10_TCAGTGTATACGTCAT-1	IU_PDA_NP11	Normal Pancreas	CC10	Normal Epithelial cells
PDACNP_10_TCATACTTACAGATCC-1	IU_PDA_NP11	Normal Pancreas	CC10	Normal Epithelial cells
PDACNP_10_TCATATGAGCTTTGTT-1	IU_PDA_NP11	Normal Pancreas	CC10	Normal Epithelial cells
PDACNP_10_TCATCACTCGAGCTCG-1	IU_PDA_NP11	Normal Pancreas	CC10	Normal Epithelial cells
PDACNP_10_TCATCCATCTGATCAC-1	IU_PDA_NP11	Normal Pancreas	CC10	Normal Epithelial cells
PDACNP_10_TCATCCCAGAGGGTGG-1	IU_PDA_NP11	Normal Pancreas	CC10	Normal Epithelial cells
PDACNP_10_TCATCCTCAGCTGCTT-1	IU_PDA_NP11	Normal Pancreas	CC10	Normal Epithelial cells
PDACNP_10_TCATCGACGACCGTCG-1	IU_PDA_NP11	Normal Pancreas	CC10	Normal Epithelial cells
PDACNP_10_TCATCGATGGTCCCAA-1	IU_PDA_NP11	Normal Pancreas	CC10	Normal Epithelial cells
PDACNP_10_TCATGAAGCGCTGCAT-1	IU_PDA_NP11	Normal Pancreas	CC10	Normal Epithelial cells
PDACNP_10_TCATGCAGGTTCTCAT-1	IU_PDA_NP11	Normal Pancreas	CC10	Normal Epithelial cells
PDACNP_10_TCATTTAAGTCTCCGA-1	IU_PDA_NP11	Normal Pancreas	CC10	Normal Epithelial cells
PDACNP_10_TCATTTAGAAGTGTGA-1	IU_PDA_NP11	Normal Pancreas	CC10	Normal Epithelial cells
PDACNP_10_TCCAACTCAGCTATCT-1	IU_PDA_NP11	Normal Pancreas	CC10	Normal Epithelial cells
PDACNP_10_TCCAACTTTAAATTCT-1	IU_PDA_NP11	Normal Pancreas	CC10	Normal Epithelial cells
PDACNP_10_TCCAAGCCTAGACACA-1	IU_PDA_NP11	Normal Pancreas	CC10	Normal Epithelial cells
PDACNP_10_TCCAATAAAGGCTACC-1	IU_PDA_NP11	Normal Pancreas	CC10	Normal Epithelial cells
PDACNP_10_TCCAATGCGTCGCCGC-1	IU_PDA_NP11	Normal Pancreas	CC10	Normal Epithelial cells
PDACNP_10_TCCACAATGGTTTACG-1	IU_PDA_NP11	Normal Pancreas	CC10	Normal Epithelial cells
PDACNP_10_TCCACATCGTATATTG-1	IU_PDA_NP11	Normal Pancreas	CC10	Normal Epithelial cells
PDACNP_10_TCCACCAAGACATAGG-1	IU_PDA_NP11	Normal Pancreas	CC10	Normal Epithelial cells
PDACNP_10_TCCACCTCTAGCCTTT-1	IU_PDA_NP11	Normal Pancreas	CC10	Normal Epithelial cells
PDACNP_10_TCCACTTTATCTAGGT-1	IU_PDA_NP11	Normal Pancreas	CC10	Normal Epithelial cells
PDACNP_10_TCCAGAGCACCGGTTC-1	IU_PDA_NP11	Normal Pancreas	CC10	Normal Epithelial cells
PDACNP_10_TCCAGATGTACGCCAA-1	IU_PDA_NP11	Normal Pancreas	CC10	Normal Epithelial cells
PDACNP_10_TCCAGGCAGGACGATC-1	IU_PDA_NP11	Normal Pancreas	CC10	Normal Epithelial cells
PDACNP_10_TCCAGGCGAGTACGGT-1	IU_PDA_NP11	Normal Pancreas	CC10	Normal Epithelial cells
PDACNP_10_TCCAGGGTATATACGA-1	IU_PDA_NP11	Normal Pancreas	CC10	Normal Epithelial cells
PDACNP_10_TCCATCAATACTAATC-1	IU_PDA_NP11	Normal Pancreas	CC10	Normal Epithelial cells
PDACNP_10_TCCATTAGTTGGATAG-1	IU_PDA_NP11	Normal Pancreas	CC10	Normal Epithelial cells
PDACNP_10_TCCCAAACAGACAACG-1	IU_PDA_NP11	Normal Pancreas	CC10	Normal Epithelial cells
PDACNP_10_TCCCAAAGACGAAGGA-1	IU_PDA_NP11	Normal Pancreas	CC10	Normal Epithelial cells
PDACNP_10_TCCCAATATCGACGAC-1	IU_PDA_NP11	Normal Pancreas	CC10	Normal Epithelial cells
PDACNP_10_TCCCACTCTCTTCCGG-1	IU_PDA_NP11	Normal Pancreas	CC10	Normal Epithelial cells
PDACNP_10_TCCCAGCTTTAGTCTG-1	IU_PDA_NP11	Normal Pancreas	CC10	Normal Epithelial cells
PDACNP_10_TCCCAGGCTTAGCTAA-1	IU_PDA_NP11	Normal Pancreas	CC10	Normal Epithelial cells
PDACNP_10_TCCCGCGTACTCCTGG-1	IU_PDA_NP11	Normal Pancreas	CC10	Normal Epithelial cells
PDACNP_10_TCCCGGGTGTGCTGCT-1	IU_PDA_NP11	Normal Pancreas	CC10	Normal Epithelial cells
PDACNP_10_TCCCGGTCAGGAATTT-1	IU_PDA_NP11	Normal Pancreas	CC10	Normal Epithelial cells
PDACNP_10_TCCCGTCAGTCCCGCA-1	IU_PDA_NP11	Normal Pancreas	CC10	Normal Epithelial cells
PDACNP_10_TCCCGTCGCGTCATAG-1	IU_PDA_NP11	Normal Pancreas	CC10	Normal Epithelial cells
PDACNP_10_TCCCGTGTGCAATTTG-1	IU_PDA_NP11	Normal Pancreas	CC10	Normal Epithelial cells
PDACNP_10_TCCCTAGATCAATAGG-1	IU_PDA_NP11	Normal Pancreas	CC10	Normal Epithelial cells
PDACNP_10_TCCCTGGCGTATTAAC-1	IU_PDA_NP11	Normal Pancreas	CC10	Normal Epithelial cells
PDACNP_10_TCCCTGGCTCGCTGGA-1	IU_PDA_NP11	Normal Pancreas	CC10	Normal Epithelial cells
PDACNP_10_TCCCTTAGATTACTCG-1	IU_PDA_NP11	Normal Pancreas	CC10	Normal Epithelial cells
PDACNP_10_TCCGAACTTGGCTTAC-1	IU_PDA_NP11	Normal Pancreas	CC10	Normal Epithelial cells
PDACNP_10_TCCGAAGTAGTCACCA-1	IU_PDA_NP11	Normal Pancreas	CC10	Normal Epithelial cells
PDACNP_10_TCCGAATGGTCCTGAG-1	IU_PDA_NP11	Normal Pancreas	CC10	Normal Epithelial cells
PDACNP_10_TCCGACCGCTAATCAA-1	IU_PDA_NP11	Normal Pancreas	CC10	Normal Epithelial cells
PDACNP_10_TCCGATAATTGCCATA-1	IU_PDA_NP11	Normal Pancreas	CC10	Normal Epithelial cells
PDACNP_10_TCCGATGACTGAGCTC-1	IU_PDA_NP11	Normal Pancreas	CC10	Normal Epithelial cells
PDACNP_10_TCCGATGGTGCGACAT-1	IU_PDA_NP11	Normal Pancreas	CC10	Normal Epithelial cells
PDACNP_10_TCCGATTACATTGCCG-1	IU_PDA_NP11	Normal Pancreas	CC10	Normal Epithelial cells
PDACNP_10_TCCGCAGCCACCTAGC-1	IU_PDA_NP11	Normal Pancreas	CC10	Normal Epithelial cells
PDACNP_10_TCCGCCTGTCTACAAG-1	IU_PDA_NP11	Normal Pancreas	CC10	Normal Epithelial cells
PDACNP_10_TCCGCGGCAGCATCTG-1	IU_PDA_NP11	Normal Pancreas	CC10	Normal Epithelial cells
PDACNP_10_TCCGCGGCCCAATGAA-1	IU_PDA_NP11	Normal Pancreas	CC10	Normal Epithelial cells
PDACNP_10_TCCGCTGTCATCCCGG-1	IU_PDA_NP11	Normal Pancreas	CC10	Normal Epithelial cells
PDACNP_10_TCCGCTTATCCCATTA-1	IU_PDA_NP11	Normal Pancreas	CC10	Normal Epithelial cells
PDACNP_10_TCCGGAGGAAGGGCTG-1	IU_PDA_NP11	Normal Pancreas	CC10	Normal Epithelial cells
PDACNP_10_TCCGGCCTAGCGTACA-1	IU_PDA_NP11	Normal Pancreas	CC10	Normal Epithelial cells
PDACNP_10_TCCGGGCTTGACGGGA-1	IU_PDA_NP11	Normal Pancreas	CC10	Normal Epithelial cells
PDACNP_10_TCCGGTTCGTCCGGTC-1	IU_PDA_NP11	Normal Pancreas	CC10	Normal Epithelial cells
PDACNP_10_TCCGTAACCACAATCC-1	IU_PDA_NP11	Normal Pancreas	CC10	Normal Epithelial cells
PDACNP_10_TCCGTTAAGCTAATAT-1	IU_PDA_NP11	Normal Pancreas	CC10	Normal Epithelial cells
PDACNP_10_TCCGTTTAGCCTTGAA-1	IU_PDA_NP11	Normal Pancreas	CC10	Normal Epithelial cells
PDACNP_10_TCCTAAAGATTCAGAC-1	IU_PDA_NP11	Normal Pancreas	CC10	Normal Epithelial cells
PDACNP_10_TCCTAAATTGGGAAGC-1	IU_PDA_NP11	Normal Pancreas	CC10	Normal Epithelial cells
PDACNP_10_TCCTAACCGTCGGGCA-1	IU_PDA_NP11	Normal Pancreas	CC10	Normal Epithelial cells
PDACNP_10_TCCTACATCCACGGCC-1	IU_PDA_NP11	Normal Pancreas	CC10	Normal Epithelial cells
PDACNP_10_TCCTAGCAAAGAAGCT-1	IU_PDA_NP11	Normal Pancreas	CC10	Normal Epithelial cells
PDACNP_10_TCCTCCTAAGACATTC-1	IU_PDA_NP11	Normal Pancreas	CC10	Normal Epithelial cells
PDACNP_10_TCCTCGGGCTGGGCTT-1	IU_PDA_NP11	Normal Pancreas	CC10	Normal Epithelial cells
PDACNP_10_TCCTCTACGAGATGGC-1	IU_PDA_NP11	Normal Pancreas	CC10	Normal Epithelial cells
PDACNP_10_TCCTCTCCAGTTGTCC-1	IU_PDA_NP11	Normal Pancreas	CC10	Normal Epithelial cells
PDACNP_10_TCCTGCCAACTGGAGA-1	IU_PDA_NP11	Normal Pancreas	CC10	Normal Epithelial cells
PDACNP_10_TCCTGCGTTGATACTC-1	IU_PDA_NP11	Normal Pancreas	CC10	Normal Epithelial cells
PDACNP_10_TCCTGGCGCTGCCTGG-1	IU_PDA_NP11	Normal Pancreas	CC10	Normal Epithelial cells
PDACNP_10_TCCTTACGACGGTCCG-1	IU_PDA_NP11	Normal Pancreas	CC10	Normal Epithelial cells
PDACNP_10_TCCTTCAATCCCTACG-1	IU_PDA_NP11	Normal Pancreas	CC10	Normal Epithelial cells
PDACNP_10_TCCTTCAGTGGTCGAA-1	IU_PDA_NP11	Normal Pancreas	CC10	Normal Epithelial cells
PDACNP_10_TCCTTGTCCTTTAATT-1	IU_PDA_NP11	Normal Pancreas	CC10	Normal Epithelial cells
PDACNP_10_TCCTTTAAATCCGCTT-1	IU_PDA_NP11	Normal Pancreas	CC10	Normal Epithelial cells
PDACNP_10_TCCTTTCTTACGCTTA-1	IU_PDA_NP11	Normal Pancreas	CC10	Normal Epithelial cells
PDACNP_10_TCGAAATTTAGGACCA-1	IU_PDA_NP11	Normal Pancreas	CC10	Normal Epithelial cells
PDACNP_10_TCGAAGAACCGAGCAC-1	IU_PDA_NP11	Normal Pancreas	CC10	Normal Epithelial cells
PDACNP_10_TCGAATATCCCGCAGG-1	IU_PDA_NP11	Normal Pancreas	CC10	Normal Epithelial cells
PDACNP_10_TCGAATCGCAGGGTAG-1	IU_PDA_NP11	Normal Pancreas	CC10	Normal Epithelial cells
PDACNP_10_TCGACAACTGAACCCG-1	IU_PDA_NP11	Normal Pancreas	CC10	Normal Epithelial cells
PDACNP_10_TCGACATAGCGTAGCG-1	IU_PDA_NP11	Normal Pancreas	CC10	Normal Epithelial cells
PDACNP_10_TCGAGACCAACACCGT-1	IU_PDA_NP11	Normal Pancreas	CC10	Normal Epithelial cells
PDACNP_10_TCGAGCCAGGCAGGCC-1	IU_PDA_NP11	Normal Pancreas	CC10	Normal Epithelial cells
PDACNP_10_TCGAGTCTACGATTCG-1	IU_PDA_NP11	Normal Pancreas	CC10	Normal Epithelial cells
PDACNP_10_TCGATAGGCTAGTCGC-1	IU_PDA_NP11	Normal Pancreas	CC10	Normal Epithelial cells
PDACNP_10_TCGATGTTACGGCCGT-1	IU_PDA_NP11	Normal Pancreas	CC10	Normal Epithelial cells
PDACNP_10_TCGATTTACGAAACGA-1	IU_PDA_NP11	Normal Pancreas	CC10	Normal Epithelial cells
PDACNP_10_TCGCAAAGATGCATTT-1	IU_PDA_NP11	Normal Pancreas	CC10	Normal Epithelial cells
PDACNP_10_TCGCACCAGGAGGCAG-1	IU_PDA_NP11	Normal Pancreas	CC10	Normal Epithelial cells
PDACNP_10_TCGCATAAAGGGCGCA-1	IU_PDA_NP11	Normal Pancreas	CC10	Normal Epithelial cells
PDACNP_10_TCGCATCCCTAAGTGT-1	IU_PDA_NP11	Normal Pancreas	CC10	Normal Epithelial cells
PDACNP_10_TCGCATTCAATGACTT-1	IU_PDA_NP11	Normal Pancreas	CC10	Normal Epithelial cells
PDACNP_10_TCGCCACCCGGATTAC-1	IU_PDA_NP11	Normal Pancreas	CC10	Normal Epithelial cells
PDACNP_10_TCGCCCACTGCGAGAG-1	IU_PDA_NP11	Normal Pancreas	CC10	Normal Epithelial cells
PDACNP_10_TCGCCGAAGTTGCGTC-1	IU_PDA_NP11	Normal Pancreas	CC10	Normal Epithelial cells
PDACNP_10_TCGCCGACATATTCGC-1	IU_PDA_NP11	Normal Pancreas	CC10	Normal Epithelial cells
PDACNP_10_TCGCCGCACCGCGTGA-1	IU_PDA_NP11	Normal Pancreas	CC10	Normal Epithelial cells
PDACNP_10_TCGCCGGATGGGCAAG-1	IU_PDA_NP11	Normal Pancreas	CC10	Normal Epithelial cells
PDACNP_10_TCGCCGGTCGATCCGT-1	IU_PDA_NP11	Normal Pancreas	CC10	Normal Epithelial cells
PDACNP_10_TCGCCTCCTTCGGCTC-1	IU_PDA_NP11	Normal Pancreas	CC10	Normal Epithelial cells
PDACNP_10_TCGCCTCGACCTGTTG-1	IU_PDA_NP11	Normal Pancreas	CC10	Normal Epithelial cells
PDACNP_10_TCGCGTAGCAGTGTCC-1	IU_PDA_NP11	Normal Pancreas	CC10	Normal Epithelial cells
PDACNP_10_TCGCGTCCAGAAGGTC-1	IU_PDA_NP11	Normal Pancreas	CC10	Normal Epithelial cells
PDACNP_10_TCGCTAAACCGCTATC-1	IU_PDA_NP11	Normal Pancreas	CC10	Normal Epithelial cells
PDACNP_10_TCGCTACTGGCTTTGA-1	IU_PDA_NP11	Normal Pancreas	CC10	Normal Epithelial cells
PDACNP_10_TCGCTCGATATATTCC-1	IU_PDA_NP11	Normal Pancreas	CC10	Normal Epithelial cells
PDACNP_10_TCGCTCGGCACCAGCG-1	IU_PDA_NP11	Normal Pancreas	CC10	Normal Epithelial cells
PDACNP_10_TCGCTGCCAATGCTGT-1	IU_PDA_NP11	Normal Pancreas	CC10	Normal Epithelial cells
PDACNP_10_TCGCTGGGCGGATTGT-1	IU_PDA_NP11	Normal Pancreas	CC10	Normal Epithelial cells
PDACNP_10_TCGCTGTGCGTAAATC-1	IU_PDA_NP11	Normal Pancreas	CC10	Normal Epithelial cells
PDACNP_10_TCGCTTTAAACGTTTG-1	IU_PDA_NP11	Normal Pancreas	CC10	Normal Epithelial cells
PDACNP_10_TCGGAATGCGCTCTGA-1	IU_PDA_NP11	Normal Pancreas	CC10	Normal Epithelial cells
PDACNP_10_TCGGACGCCCAGCCCA-1	IU_PDA_NP11	Normal Pancreas	CC10	Normal Epithelial cells
PDACNP_10_TCGGAGAGTATCGGGA-1	IU_PDA_NP11	Normal Pancreas	CC10	Normal Epithelial cells
PDACNP_10_TCGGAGTACATGAGTA-1	IU_PDA_NP11	Normal Pancreas	CC10	Normal Epithelial cells
PDACNP_10_TCGGATCTGGATGACC-1	IU_PDA_NP11	Normal Pancreas	CC10	Normal Epithelial cells
PDACNP_10_TCGGCGAACCCAAACC-1	IU_PDA_NP11	Normal Pancreas	CC10	Normal Epithelial cells
PDACNP_10_TCGGCGTACTGCACAA-1	IU_PDA_NP11	Normal Pancreas	CC10	Normal Epithelial cells
PDACNP_10_TCGGCTTGTATCGACG-1	IU_PDA_NP11	Normal Pancreas	CC10	Normal Epithelial cells
PDACNP_10_TCGGGAACGTGCCTAG-1	IU_PDA_NP11	Normal Pancreas	CC10	Normal Epithelial cells
PDACNP_10_TCGGGAGACAGCGTAC-1	IU_PDA_NP11	Normal Pancreas	CC10	Normal Epithelial cells
PDACNP_10_TCGGGATTCAAACATA-1	IU_PDA_NP11	Normal Pancreas	CC10	Normal Epithelial cells
PDACNP_10_TCGGGCCGTCGTGGTA-1	IU_PDA_NP11	Normal Pancreas	CC10	Normal Epithelial cells
PDACNP_10_TCGGGTGAAACTGCTA-1	IU_PDA_NP11	Normal Pancreas	CC10	Normal Epithelial cells
PDACNP_10_TCGGTCCCGACAATAG-1	IU_PDA_NP11	Normal Pancreas	CC10	Normal Epithelial cells
PDACNP_10_TCGGTCCCTGACTCCA-1	IU_PDA_NP11	Normal Pancreas	CC10	Normal Epithelial cells
PDACNP_10_TCGGTGACCGCTCCGG-1	IU_PDA_NP11	Normal Pancreas	CC10	Normal Epithelial cells
PDACNP_10_TCGTAAGACGACATTG-1	IU_PDA_NP11	Normal Pancreas	CC10	Normal Epithelial cells
PDACNP_10_TCGTAAGCTCCGAGGA-1	IU_PDA_NP11	Normal Pancreas	CC10	Normal Epithelial cells
PDACNP_10_TCGTACCGACGTCAAG-1	IU_PDA_NP11	Normal Pancreas	CC10	Normal Epithelial cells
PDACNP_10_TCGTATAGTGCAATTA-1	IU_PDA_NP11	Normal Pancreas	CC10	Normal Epithelial cells
PDACNP_10_TCGTATTACCCATTGC-1	IU_PDA_NP11	Normal Pancreas	CC10	Normal Epithelial cells
PDACNP_10_TCGTCAAGTACGCGCA-1	IU_PDA_NP11	Normal Pancreas	CC10	Normal Epithelial cells
PDACNP_10_TCGTCACACTGTTAGC-1	IU_PDA_NP11	Normal Pancreas	CC10	Normal Epithelial cells
PDACNP_10_TCGTCCGCTGGCGTCT-1	IU_PDA_NP11	Normal Pancreas	CC10	Normal Epithelial cells
PDACNP_10_TCGTCTTAGGCGTTAA-1	IU_PDA_NP11	Normal Pancreas	CC10	Normal Epithelial cells
PDACNP_10_TCGTGTACTATGGATG-1	IU_PDA_NP11	Normal Pancreas	CC10	Normal Epithelial cells
PDACNP_10_TCGTGTCACGCTGACA-1	IU_PDA_NP11	Normal Pancreas	CC10	Normal Epithelial cells
PDACNP_10_TCGTGTTCGACCACAA-1	IU_PDA_NP11	Normal Pancreas	CC10	Normal Epithelial cells
PDACNP_10_TCGTTAGGAGTCCCTA-1	IU_PDA_NP11	Normal Pancreas	CC10	Normal Epithelial cells
PDACNP_10_TCGTTCGTTATTATGT-1	IU_PDA_NP11	Normal Pancreas	CC10	Normal Epithelial cells
PDACNP_10_TCGTTGCTATCCGGTC-1	IU_PDA_NP11	Normal Pancreas	CC10	Normal Epithelial cells
PDACNP_10_TCGTTGGCTCGTCAAT-1	IU_PDA_NP11	Normal Pancreas	CC10	Normal Epithelial cells
PDACNP_10_TCGTTTACGCGACCCT-1	IU_PDA_NP11	Normal Pancreas	CC10	Normal Epithelial cells
PDACNP_10_TCTAAAGAACAGTCTC-1	IU_PDA_NP11	Normal Pancreas	CC10	Normal Epithelial cells
PDACNP_10_TCTAACCTAGCCTGCG-1	IU_PDA_NP11	Normal Pancreas	CC10	Normal Epithelial cells
PDACNP_10_TCTAACTGTATGTAAA-1	IU_PDA_NP11	Normal Pancreas	CC10	Normal Epithelial cells
PDACNP_10_TCTAATACTGCCTCAG-1	IU_PDA_NP11	Normal Pancreas	CC10	Normal Epithelial cells
PDACNP_10_TCTACCCAATAGAGAG-1	IU_PDA_NP11	Normal Pancreas	CC10	Normal Epithelial cells
PDACNP_10_TCTACCCGCATCATTT-1	IU_PDA_NP11	Normal Pancreas	CC10	Normal Epithelial cells
PDACNP_10_TCTACCGTCCACAAGC-1	IU_PDA_NP11	Normal Pancreas	CC10	Normal Epithelial cells
PDACNP_10_TCTACGCACGATCTCC-1	IU_PDA_NP11	Normal Pancreas	CC10	Normal Epithelial cells
PDACNP_10_TCTAGCAATCTCCGCC-1	IU_PDA_NP11	Normal Pancreas	CC10	Normal Epithelial cells
PDACNP_10_TCTAGCATCTTCGATG-1	IU_PDA_NP11	Normal Pancreas	CC10	Normal Epithelial cells
PDACNP_10_TCTAGCATGCCCAGAA-1	IU_PDA_NP11	Normal Pancreas	CC10	Normal Epithelial cells
PDACNP_10_TCTAGGTGGCGACGCT-1	IU_PDA_NP11	Normal Pancreas	CC10	Normal Epithelial cells
PDACNP_10_TCTAGTGATATCGTGG-1	IU_PDA_NP11	Normal Pancreas	CC10	Normal Epithelial cells
PDACNP_10_TCTAGTTATCAGAAGA-1	IU_PDA_NP11	Normal Pancreas	CC10	Normal Epithelial cells
PDACNP_10_TCTATAGGTGGGTAAT-1	IU_PDA_NP11	Normal Pancreas	CC10	Normal Epithelial cells
PDACNP_10_TCTATCATGCAGTTAC-1	IU_PDA_NP11	Normal Pancreas	CC10	Normal Epithelial cells
PDACNP_10_TCTATCCGATTGCACA-1	IU_PDA_NP11	Normal Pancreas	CC10	Normal Epithelial cells
PDACNP_10_TCTATCGGTCGCAACA-1	IU_PDA_NP11	Normal Pancreas	CC10	Normal Epithelial cells
PDACNP_10_TCTATGCTATAACGAC-1	IU_PDA_NP11	Normal Pancreas	CC10	Normal Epithelial cells
PDACNP_10_TCTATTACGCTGGCGA-1	IU_PDA_NP11	Normal Pancreas	CC10	Normal Epithelial cells
PDACNP_10_TCTATTACTAGAGGAT-1	IU_PDA_NP11	Normal Pancreas	CC10	Normal Epithelial cells
PDACNP_10_TCTCAAATCAATCGGG-1	IU_PDA_NP11	Normal Pancreas	CC10	Normal Epithelial cells
PDACNP_10_TCTCATGAGATAGGGT-1	IU_PDA_NP11	Normal Pancreas	CC10	Normal Epithelial cells
PDACNP_10_TCTCCAACGTAGGTTA-1	IU_PDA_NP11	Normal Pancreas	CC10	Normal Epithelial cells
PDACNP_10_TCTCCACAAGTTGAAT-1	IU_PDA_NP11	Normal Pancreas	CC10	Normal Epithelial cells
PDACNP_10_TCTCCCTGGGCAGCGT-1	IU_PDA_NP11	Normal Pancreas	CC10	Normal Epithelial cells
PDACNP_10_TCTCGAACGAGGTCAC-1	IU_PDA_NP11	Normal Pancreas	CC10	Normal Epithelial cells
PDACNP_10_TCTCGGCTCCAGGACT-1	IU_PDA_NP11	Normal Pancreas	CC10	Normal Epithelial cells
PDACNP_10_TCTCGTGTTACGAGGA-1	IU_PDA_NP11	Normal Pancreas	CC10	Normal Epithelial cells
PDACNP_10_TCTCTAATAGCTGGTA-1	IU_PDA_NP11	Normal Pancreas	CC10	Normal Epithelial cells
PDACNP_10_TCTCTTACCGCGAACC-1	IU_PDA_NP11	Normal Pancreas	CC10	Normal Epithelial cells
PDACNP_10_TCTGAACCGGTCGGCT-1	IU_PDA_NP11	Normal Pancreas	CC10	Normal Epithelial cells
PDACNP_10_TCTGAACTCGTACCCG-1	IU_PDA_NP11	Normal Pancreas	CC10	Normal Epithelial cells
PDACNP_10_TCTGAAGCACGTGGTC-1	IU_PDA_NP11	Normal Pancreas	CC10	Normal Epithelial cells
PDACNP_10_TCTGAATTCCGTACAA-1	IU_PDA_NP11	Normal Pancreas	CC10	Normal Epithelial cells
PDACNP_10_TCTGACTGTAATGGTT-1	IU_PDA_NP11	Normal Pancreas	CC10	Normal Epithelial cells
PDACNP_10_TCTGATCGGGTGCTAG-1	IU_PDA_NP11	Normal Pancreas	CC10	Normal Epithelial cells
PDACNP_10_TCTGATGTATTCTGTC-1	IU_PDA_NP11	Normal Pancreas	CC10	Normal Epithelial cells
PDACNP_10_TCTGATTGGAAATGGA-1	IU_PDA_NP11	Normal Pancreas	CC10	Normal Epithelial cells
PDACNP_10_TCTGCAGATTCGAGTC-1	IU_PDA_NP11	Normal Pancreas	CC10	Normal Epithelial cells
PDACNP_10_TCTGCATACCTTGCTT-1	IU_PDA_NP11	Normal Pancreas	CC10	Normal Epithelial cells
PDACNP_10_TCTGCCAGAAACTGCA-1	IU_PDA_NP11	Normal Pancreas	CC10	Normal Epithelial cells
PDACNP_10_TCTGCGTCCGGTTTCT-1	IU_PDA_NP11	Normal Pancreas	CC10	Normal Epithelial cells
PDACNP_10_TCTGGCCGTTCAAGTT-1	IU_PDA_NP11	Normal Pancreas	CC10	Normal Epithelial cells
PDACNP_10_TCTGGCGCAAGCCGGG-1	IU_PDA_NP11	Normal Pancreas	CC10	Normal Epithelial cells
PDACNP_10_TCTGGGAACCTTTGAA-1	IU_PDA_NP11	Normal Pancreas	CC10	Normal Epithelial cells
PDACNP_10_TCTGGGTAGCGCTCAT-1	IU_PDA_NP11	Normal Pancreas	CC10	Normal Epithelial cells
PDACNP_10_TCTGTCATACAAGAGC-1	IU_PDA_NP11	Normal Pancreas	CC10	Normal Epithelial cells
PDACNP_10_TCTGTGCCATCATAGT-1	IU_PDA_NP11	Normal Pancreas	CC10	Normal Epithelial cells
PDACNP_10_TCTGTTACCCAGCATA-1	IU_PDA_NP11	Normal Pancreas	CC10	Normal Epithelial cells
PDACNP_10_TCTGTTTAGATTGTTC-1	IU_PDA_NP11	Normal Pancreas	CC10	Normal Epithelial cells
PDACNP_10_TCTTACAGAGGTACCG-1	IU_PDA_NP11	Normal Pancreas	CC10	Normal Epithelial cells
PDACNP_10_TCTTACCGGAACTCGT-1	IU_PDA_NP11	Normal Pancreas	CC10	Normal Epithelial cells
PDACNP_10_TCTTACGGCATCCGAC-1	IU_PDA_NP11	Normal Pancreas	CC10	Normal Epithelial cells
PDACNP_10_TCTTACTTATGCCTCT-1	IU_PDA_NP11	Normal Pancreas	CC10	Normal Epithelial cells
PDACNP_10_TCTTAGAGCTCCAATT-1	IU_PDA_NP11	Normal Pancreas	CC10	Normal Epithelial cells
PDACNP_10_TCTTAGAGTGAACTCT-1	IU_PDA_NP11	Normal Pancreas	CC10	Normal Epithelial cells
PDACNP_10_TCTTCCCATGGGCACA-1	IU_PDA_NP11	Normal Pancreas	CC10	Normal Epithelial cells
PDACNP_10_TCTTCGAATAGACGTT-1	IU_PDA_NP11	Normal Pancreas	CC10	Normal Epithelial cells
PDACNP_10_TCTTCGATACCAATAA-1	IU_PDA_NP11	Normal Pancreas	CC10	Normal Epithelial cells
PDACNP_10_TCTTCTATAACCCGCC-1	IU_PDA_NP11	Normal Pancreas	CC10	Normal Epithelial cells
PDACNP_10_TCTTGATGCGTAGCGA-1	IU_PDA_NP11	Normal Pancreas	CC10	Normal Epithelial cells
PDACNP_10_TCTTGCTCCCGATACT-1	IU_PDA_NP11	Normal Pancreas	CC10	Normal Epithelial cells
PDACNP_10_TCTTGGTAACACCAAA-1	IU_PDA_NP11	Normal Pancreas	CC10	Normal Epithelial cells
PDACNP_10_TCTTGGTCAATGATAC-1	IU_PDA_NP11	Normal Pancreas	CC10	Normal Epithelial cells
PDACNP_10_TCTTTAAGACTATGAA-1	IU_PDA_NP11	Normal Pancreas	CC10	Normal Epithelial cells
PDACNP_10_TCTTTAGCAGGCGAAC-1	IU_PDA_NP11	Normal Pancreas	CC10	Normal Epithelial cells
PDACNP_10_TCTTTCATCCGTCCTT-1	IU_PDA_NP11	Normal Pancreas	CC10	Normal Epithelial cells
PDACNP_10_TGAAACTTATGCAAGC-1	IU_PDA_NP11	Normal Pancreas	CC10	Normal Epithelial cells
PDACNP_10_TGAAAGGACCTGACTC-1	IU_PDA_NP11	Normal Pancreas	CC10	Normal Epithelial cells
PDACNP_10_TGAACAAGCAGGGACT-1	IU_PDA_NP11	Normal Pancreas	CC10	Normal Epithelial cells
PDACNP_10_TGAACCTGAATGTGAG-1	IU_PDA_NP11	Normal Pancreas	CC10	Normal Epithelial cells
PDACNP_10_TGAAGAGCGGTCCTAG-1	IU_PDA_NP11	Normal Pancreas	CC10	Normal Epithelial cells
PDACNP_10_TGAATACCGACGCGTA-1	IU_PDA_NP11	Normal Pancreas	CC10	Normal Epithelial cells
PDACNP_10_TGAATATGCTATAAAC-1	IU_PDA_NP11	Normal Pancreas	CC10	Normal Epithelial cells
PDACNP_10_TGAATGAGTGTTTCCC-1	IU_PDA_NP11	Normal Pancreas	CC10	Normal Epithelial cells
PDACNP_10_TGAATGTCAGCCGGCC-1	IU_PDA_NP11	Normal Pancreas	CC10	Normal Epithelial cells
PDACNP_10_TGAATTTCACTTGCCT-1	IU_PDA_NP11	Normal Pancreas	CC10	Normal Epithelial cells
PDACNP_10_TGACAACGCATGTCGC-1	IU_PDA_NP11	Normal Pancreas	CC10	Normal Epithelial cells
PDACNP_10_TGACACTTCTCTTTGC-1	IU_PDA_NP11	Normal Pancreas	CC10	Normal Epithelial cells
PDACNP_10_TGACAGAAATCTTGCT-1	IU_PDA_NP11	Normal Pancreas	CC10	Normal Epithelial cells
PDACNP_10_TGACAGGACAAGTCCA-1	IU_PDA_NP11	Normal Pancreas	CC10	Normal Epithelial cells
PDACNP_10_TGACATATATGACGAT-1	IU_PDA_NP11	Normal Pancreas	CC10	Normal Epithelial cells
PDACNP_10_TGACATCGAGCGGACC-1	IU_PDA_NP11	Normal Pancreas	CC10	Normal Epithelial cells
PDACNP_10_TGACATGTAACGTGAC-1	IU_PDA_NP11	Normal Pancreas	CC10	Normal Epithelial cells
PDACNP_10_TGACCAAATCTTAAAC-1	IU_PDA_NP11	Normal Pancreas	CC10	Normal Epithelial cells
PDACNP_10_TGACCCACGTTAGACA-1	IU_PDA_NP11	Normal Pancreas	CC10	Normal Epithelial cells
PDACNP_10_TGACGAATATTTCCCT-1	IU_PDA_NP11	Normal Pancreas	CC10	Normal Epithelial cells
PDACNP_10_TGACGATGCACTAGAA-1	IU_PDA_NP11	Normal Pancreas	CC10	Normal Epithelial cells
PDACNP_10_TGACTATAATCCTTTC-1	IU_PDA_NP11	Normal Pancreas	CC10	Normal Epithelial cells
PDACNP_10_TGACTCCGAATCATAC-1	IU_PDA_NP11	Normal Pancreas	CC10	Normal Epithelial cells
PDACNP_10_TGAGAATGCTTTACCG-1	IU_PDA_NP11	Normal Pancreas	CC10	Normal Epithelial cells
PDACNP_10_TGAGACGTACCTCTCA-1	IU_PDA_NP11	Normal Pancreas	CC10	Normal Epithelial cells
PDACNP_10_TGAGAGATTTACCACG-1	IU_PDA_NP11	Normal Pancreas	CC10	Normal Epithelial cells
PDACNP_10_TGAGATTAGGCCCTAA-1	IU_PDA_NP11	Normal Pancreas	CC10	Normal Epithelial cells
PDACNP_10_TGAGCCATACAGTCTC-1	IU_PDA_NP11	Normal Pancreas	CC10	Normal Epithelial cells
PDACNP_10_TGAGCGGAAAGTGTTC-1	IU_PDA_NP11	Normal Pancreas	CC10	Normal Epithelial cells
PDACNP_10_TGAGCTTTAATGACGC-1	IU_PDA_NP11	Normal Pancreas	CC10	Normal Epithelial cells
PDACNP_10_TGAGGAGTGCCAGCTT-1	IU_PDA_NP11	Normal Pancreas	CC10	Normal Epithelial cells
PDACNP_10_TGAGGCATGTACTGTG-1	IU_PDA_NP11	Normal Pancreas	CC10	Normal Epithelial cells
PDACNP_10_TGAGGTGTGTGGCGGA-1	IU_PDA_NP11	Normal Pancreas	CC10	Normal Epithelial cells
PDACNP_10_TGAGTAAATTAGCGTA-1	IU_PDA_NP11	Normal Pancreas	CC10	Normal Epithelial cells
PDACNP_10_TGAGTGCCTCTTAAAT-1	IU_PDA_NP11	Normal Pancreas	CC10	Normal Epithelial cells
PDACNP_10_TGAGTGGTCCGTGACG-1	IU_PDA_NP11	Normal Pancreas	CC10	Normal Epithelial cells
PDACNP_10_TGAGTGTAACAACGGG-1	IU_PDA_NP11	Normal Pancreas	CC10	Normal Epithelial cells
PDACNP_10_TGATACATTTAGCCGT-1	IU_PDA_NP11	Normal Pancreas	CC10	Normal Epithelial cells
PDACNP_10_TGATAGCGGGATTCTA-1	IU_PDA_NP11	Normal Pancreas	CC10	Normal Epithelial cells
PDACNP_10_TGATCACCACACTGAC-1	IU_PDA_NP11	Normal Pancreas	CC10	Normal Epithelial cells
PDACNP_10_TGATCAGGGAACTGCT-1	IU_PDA_NP11	Normal Pancreas	CC10	Normal Epithelial cells
PDACNP_10_TGATCCCAGCATTAGT-1	IU_PDA_NP11	Normal Pancreas	CC10	Normal Epithelial cells
PDACNP_10_TGATCGGTTTGACCCT-1	IU_PDA_NP11	Normal Pancreas	CC10	Normal Epithelial cells
PDACNP_10_TGATCTACGCTGATCT-1	IU_PDA_NP11	Normal Pancreas	CC10	Normal Epithelial cells
PDACNP_10_TGATCTATCACACTCT-1	IU_PDA_NP11	Normal Pancreas	CC10	Normal Epithelial cells
PDACNP_10_TGATCTCCGGCGCCAG-1	IU_PDA_NP11	Normal Pancreas	CC10	Normal Epithelial cells
PDACNP_10_TGATGGCTGTTTCTGA-1	IU_PDA_NP11	Normal Pancreas	CC10	Normal Epithelial cells
PDACNP_10_TGATGGGACTAAGTCA-1	IU_PDA_NP11	Normal Pancreas	CC10	Normal Epithelial cells
PDACNP_10_TGATGTCAATTAAGTG-1	IU_PDA_NP11	Normal Pancreas	CC10	Normal Epithelial cells
PDACNP_10_TGATTATGGCACGCAG-1	IU_PDA_NP11	Normal Pancreas	CC10	Normal Epithelial cells
PDACNP_10_TGATTCAGGTCCCGCG-1	IU_PDA_NP11	Normal Pancreas	CC10	Normal Epithelial cells
PDACNP_10_TGATTCCCGGTTACCT-1	IU_PDA_NP11	Normal Pancreas	CC10	Normal Epithelial cells
PDACNP_10_TGATTCGTCTATCACT-1	IU_PDA_NP11	Normal Pancreas	CC10	Normal Epithelial cells
PDACNP_10_TGATTCTGTCGCCGGT-1	IU_PDA_NP11	Normal Pancreas	CC10	Normal Epithelial cells
PDACNP_10_TGATTTATTAGCTGTG-1	IU_PDA_NP11	Normal Pancreas	CC10	Normal Epithelial cells
PDACNP_10_TGATTTCCTCCTGACG-1	IU_PDA_NP11	Normal Pancreas	CC10	Normal Epithelial cells
PDACNP_10_TGCAAACGTACTAGTT-1	IU_PDA_NP11	Normal Pancreas	CC10	Normal Epithelial cells
PDACNP_10_TGCAAAGTTCGTCTGT-1	IU_PDA_NP11	Normal Pancreas	CC10	Normal Epithelial cells
PDACNP_10_TGCAACCCATCTGCGG-1	IU_PDA_NP11	Normal Pancreas	CC10	Normal Epithelial cells
PDACNP_10_TGCAACTACTGGTTGA-1	IU_PDA_NP11	Normal Pancreas	CC10	Normal Epithelial cells
PDACNP_10_TGCAAGAATGACGTAA-1	IU_PDA_NP11	Normal Pancreas	CC10	Normal Epithelial cells
PDACNP_10_TGCAATCTAACACGGT-1	IU_PDA_NP11	Normal Pancreas	CC10	Normal Epithelial cells
PDACNP_10_TGCAATTTGGGCACGG-1	IU_PDA_NP11	Normal Pancreas	CC10	Normal Epithelial cells
PDACNP_10_TGCACAGTGAAGTTAT-1	IU_PDA_NP11	Normal Pancreas	CC10	Normal Epithelial cells
PDACNP_10_TGCACTATGTGAGTGC-1	IU_PDA_NP11	Normal Pancreas	CC10	Normal Epithelial cells
PDACNP_10_TGCAGAACTATATCGT-1	IU_PDA_NP11	Normal Pancreas	CC10	Normal Epithelial cells
PDACNP_10_TGCAGAGTACCGAGCA-1	IU_PDA_NP11	Normal Pancreas	CC10	Normal Epithelial cells
PDACNP_10_TGCAGATCGTCCTAGG-1	IU_PDA_NP11	Normal Pancreas	CC10	Normal Epithelial cells
PDACNP_10_TGCAGCTACGTACTTC-1	IU_PDA_NP11	Normal Pancreas	CC10	Normal Epithelial cells
PDACNP_10_TGCAGGATCGGCAAAG-1	IU_PDA_NP11	Normal Pancreas	CC10	Normal Epithelial cells
PDACNP_10_TGCAGTGGTAGGGAAC-1	IU_PDA_NP11	Normal Pancreas	CC10	Normal Epithelial cells
PDACNP_10_TGCAGTTTCCTCCCAT-1	IU_PDA_NP11	Normal Pancreas	CC10	Normal Epithelial cells
PDACNP_10_TGCATATGTCTGTCAC-1	IU_PDA_NP11	Normal Pancreas	CC10	Normal Epithelial cells
PDACNP_10_TGCATGGATCGGATCT-1	IU_PDA_NP11	Normal Pancreas	CC10	Normal Epithelial cells
PDACNP_10_TGCATGTGACCCATAG-1	IU_PDA_NP11	Normal Pancreas	CC10	Normal Epithelial cells
PDACNP_10_TGCATGTGGTAATCTA-1	IU_PDA_NP11	Normal Pancreas	CC10	Normal Epithelial cells
PDACNP_10_TGCCAAAGTCAGACTT-1	IU_PDA_NP11	Normal Pancreas	CC10	Normal Epithelial cells
PDACNP_10_TGCCAATGGGTACTCT-1	IU_PDA_NP11	Normal Pancreas	CC10	Normal Epithelial cells
PDACNP_10_TGCCACACTAGAGGAA-1	IU_PDA_NP11	Normal Pancreas	CC10	Normal Epithelial cells
PDACNP_10_TGCCACCTGGCGAAAC-1	IU_PDA_NP11	Normal Pancreas	CC10	Normal Epithelial cells
PDACNP_10_TGCCAGTACGTGGAGA-1	IU_PDA_NP11	Normal Pancreas	CC10	Normal Epithelial cells
PDACNP_10_TGCCATTACTAAAGAA-1	IU_PDA_NP11	Normal Pancreas	CC10	Normal Epithelial cells
PDACNP_10_TGCCCGATAGTTAGAA-1	IU_PDA_NP11	Normal Pancreas	CC10	Normal Epithelial cells
PDACNP_10_TGCCCGTACCGTTAAA-1	IU_PDA_NP11	Normal Pancreas	CC10	Normal Epithelial cells
PDACNP_10_TGCCGGATGTACGAGC-1	IU_PDA_NP11	Normal Pancreas	CC10	Normal Epithelial cells
PDACNP_10_TGCCGTGGATCGTCCT-1	IU_PDA_NP11	Normal Pancreas	CC10	Normal Epithelial cells
PDACNP_10_TGCCGTGGGACCCAAT-1	IU_PDA_NP11	Normal Pancreas	CC10	Normal Epithelial cells
PDACNP_10_TGCCGTTCTTAATCGG-1	IU_PDA_NP11	Normal Pancreas	CC10	Normal Epithelial cells
PDACNP_10_TGCCTAATTGAAGATT-1	IU_PDA_NP11	Normal Pancreas	CC10	Normal Epithelial cells
PDACNP_10_TGCCTGACATCGGTCA-1	IU_PDA_NP11	Normal Pancreas	CC10	Normal Epithelial cells
PDACNP_10_TGCCTGATCAAACGAT-1	IU_PDA_NP11	Normal Pancreas	CC10	Normal Epithelial cells
PDACNP_10_TGCCTTGGCCAGGCAA-1	IU_PDA_NP11	Normal Pancreas	CC10	Normal Epithelial cells
PDACNP_10_TGCGAATATGGGATTT-1	IU_PDA_NP11	Normal Pancreas	CC10	Normal Epithelial cells
PDACNP_10_TGCGACACCCTAGTGC-1	IU_PDA_NP11	Normal Pancreas	CC10	Normal Epithelial cells
PDACNP_10_TGCGACGGCCGAACGT-1	IU_PDA_NP11	Normal Pancreas	CC10	Normal Epithelial cells
PDACNP_10_TGCGAGAATATTACCC-1	IU_PDA_NP11	Normal Pancreas	CC10	Normal Epithelial cells
PDACNP_10_TGCGAGCCCTTCCGCG-1	IU_PDA_NP11	Normal Pancreas	CC10	Normal Epithelial cells
PDACNP_10_TGCGATGCTAATGGCT-1	IU_PDA_NP11	Normal Pancreas	CC10	Normal Epithelial cells
PDACNP_10_TGCGCAAAGCATTTGG-1	IU_PDA_NP11	Normal Pancreas	CC10	Normal Epithelial cells
PDACNP_10_TGCGCCGTTAATAACG-1	IU_PDA_NP11	Normal Pancreas	CC10	Normal Epithelial cells
PDACNP_10_TGCGCGATTAACGGAG-1	IU_PDA_NP11	Normal Pancreas	CC10	Normal Epithelial cells
PDACNP_10_TGCGGACTTGACTCCG-1	IU_PDA_NP11	Normal Pancreas	CC10	Normal Epithelial cells
PDACNP_10_TGCGGAGTAAAGGTGC-1	IU_PDA_NP11	Normal Pancreas	CC10	Normal Epithelial cells
PDACNP_10_TGCGGCATAGTTCAAC-1	IU_PDA_NP11	Normal Pancreas	CC10	Normal Epithelial cells
PDACNP_10_TGCGGTGAAATTTCAT-1	IU_PDA_NP11	Normal Pancreas	CC10	Normal Epithelial cells
PDACNP_10_TGCGTAAGAACCTGAT-1	IU_PDA_NP11	Normal Pancreas	CC10	Normal Epithelial cells
PDACNP_10_TGCGTACGGCTAATTG-1	IU_PDA_NP11	Normal Pancreas	CC10	Normal Epithelial cells
PDACNP_10_TGCGTCATGACTGAGC-1	IU_PDA_NP11	Normal Pancreas	CC10	Normal Epithelial cells
PDACNP_10_TGCGTGATTGGGTGTC-1	IU_PDA_NP11	Normal Pancreas	CC10	Normal Epithelial cells
PDACNP_10_TGCGTTTGTTGACACT-1	IU_PDA_NP11	Normal Pancreas	CC10	Normal Epithelial cells
PDACNP_10_TGCTAAGTGTCTATTT-1	IU_PDA_NP11	Normal Pancreas	CC10	Normal Epithelial cells
PDACNP_10_TGCTATGGCAAAGGGA-1	IU_PDA_NP11	Normal Pancreas	CC10	Normal Epithelial cells
PDACNP_10_TGCTCAAAGGATGCAC-1	IU_PDA_NP11	Normal Pancreas	CC10	Normal Epithelial cells
PDACNP_10_TGCTCCACAGTTCTTA-1	IU_PDA_NP11	Normal Pancreas	CC10	Normal Epithelial cells
PDACNP_10_TGCTCGGCGAAACCCA-1	IU_PDA_NP11	Normal Pancreas	CC10	Normal Epithelial cells
PDACNP_10_TGCTCGGTGGGTCACC-1	IU_PDA_NP11	Normal Pancreas	CC10	Normal Epithelial cells
PDACNP_10_TGCTCTTGAGAGTTTG-1	IU_PDA_NP11	Normal Pancreas	CC10	Normal Epithelial cells
PDACNP_10_TGCTGGTTGGACAATT-1	IU_PDA_NP11	Normal Pancreas	CC10	Normal Epithelial cells
PDACNP_10_TGCTGTTGAAGAACTC-1	IU_PDA_NP11	Normal Pancreas	CC10	Normal Epithelial cells
PDACNP_10_TGCTTAGAGAGAATGC-1	IU_PDA_NP11	Normal Pancreas	CC10	Normal Epithelial cells
PDACNP_10_TGCTTCCCAAGCAGTA-1	IU_PDA_NP11	Normal Pancreas	CC10	Normal Epithelial cells
PDACNP_10_TGCTTGAAACCATGCA-1	IU_PDA_NP11	Normal Pancreas	CC10	Normal Epithelial cells
PDACNP_10_TGGAAACGGAGTGAAC-1	IU_PDA_NP11	Normal Pancreas	CC10	Normal Epithelial cells
PDACNP_10_TGGAACCACTGACACA-1	IU_PDA_NP11	Normal Pancreas	CC10	Normal Epithelial cells
PDACNP_10_TGGAAGAAGGGAACGT-1	IU_PDA_NP11	Normal Pancreas	CC10	Normal Epithelial cells
PDACNP_10_TGGAAGACGAACACCA-1	IU_PDA_NP11	Normal Pancreas	CC10	Normal Epithelial cells
PDACNP_10_TGGAAGGATAAAGATG-1	IU_PDA_NP11	Normal Pancreas	CC10	Normal Epithelial cells
PDACNP_10_TGGAATATCCTTGACC-1	IU_PDA_NP11	Normal Pancreas	CC10	Normal Epithelial cells
PDACNP_10_TGGAATTAGACGCTTT-1	IU_PDA_NP11	Normal Pancreas	CC10	Normal Epithelial cells
PDACNP_10_TGGACACCGTTGCTTG-1	IU_PDA_NP11	Normal Pancreas	CC10	Normal Epithelial cells
PDACNP_10_TGGACCAATCTAAGAT-1	IU_PDA_NP11	Normal Pancreas	CC10	Normal Epithelial cells
PDACNP_10_TGGACCACGGCGTTGA-1	IU_PDA_NP11	Normal Pancreas	CC10	Normal Epithelial cells
PDACNP_10_TGGACGCAATCCAGCC-1	IU_PDA_NP11	Normal Pancreas	CC10	Normal Epithelial cells
PDACNP_10_TGGACGTAGGCGAATC-1	IU_PDA_NP11	Normal Pancreas	CC10	Normal Epithelial cells
PDACNP_10_TGGACTGTTCGCTCAA-1	IU_PDA_NP11	Normal Pancreas	CC10	Normal Epithelial cells
PDACNP_10_TGGAGAATAATCGTCC-1	IU_PDA_NP11	Normal Pancreas	CC10	Normal Epithelial cells
PDACNP_10_TGGAGTGATGCGATGA-1	IU_PDA_NP11	Normal Pancreas	CC10	Normal Epithelial cells
PDACNP_10_TGGATAGAGTAACAGA-1	IU_PDA_NP11	Normal Pancreas	CC10	Normal Epithelial cells
PDACNP_10_TGGATGGCATCTTGGA-1	IU_PDA_NP11	Normal Pancreas	CC10	Normal Epithelial cells
PDACNP_10_TGGCAAACTAAATTAC-1	IU_PDA_NP11	Normal Pancreas	CC10	Normal Epithelial cells
PDACNP_10_TGGCAACTCGCGCGCC-1	IU_PDA_NP11	Normal Pancreas	CC10	Normal Epithelial cells
PDACNP_10_TGGCAAGCACAAGTCG-1	IU_PDA_NP11	Normal Pancreas	CC10	Normal Epithelial cells
PDACNP_10_TGGCAATGGGACGGCG-1	IU_PDA_NP11	Normal Pancreas	CC10	Normal Epithelial cells
PDACNP_10_TGGCAGATTACGATCA-1	IU_PDA_NP11	Normal Pancreas	CC10	Normal Epithelial cells
PDACNP_10_TGGCAGCAGTAATAGT-1	IU_PDA_NP11	Normal Pancreas	CC10	Normal Epithelial cells
PDACNP_10_TGGCATGAAGTTTGGG-1	IU_PDA_NP11	Normal Pancreas	CC10	Normal Epithelial cells
PDACNP_10_TGGCCAAACTGAAGTA-1	IU_PDA_NP11	Normal Pancreas	CC10	Normal Epithelial cells
PDACNP_10_TGGCCAATTTGGTACT-1	IU_PDA_NP11	Normal Pancreas	CC10	Normal Epithelial cells
PDACNP_10_TGGCCGTATATTGACC-1	IU_PDA_NP11	Normal Pancreas	CC10	Normal Epithelial cells
PDACNP_10_TGGCGACTGCTCCAAA-1	IU_PDA_NP11	Normal Pancreas	CC10	Normal Epithelial cells
PDACNP_10_TGGCGATCAAGTTATG-1	IU_PDA_NP11	Normal Pancreas	CC10	Normal Epithelial cells
PDACNP_10_TGGCGGTGTGCGATTG-1	IU_PDA_NP11	Normal Pancreas	CC10	Normal Epithelial cells
PDACNP_10_TGGCTACACTCTACCT-1	IU_PDA_NP11	Normal Pancreas	CC10	Normal Epithelial cells
PDACNP_10_TGGCTATGTGACATAC-1	IU_PDA_NP11	Normal Pancreas	CC10	Normal Epithelial cells
PDACNP_10_TGGCTCTTGTCGCGTA-1	IU_PDA_NP11	Normal Pancreas	CC10	Normal Epithelial cells
PDACNP_10_TGGCTTATGTATAATG-1	IU_PDA_NP11	Normal Pancreas	CC10	Normal Epithelial cells
PDACNP_10_TGGCTTGTACAAGCTT-1	IU_PDA_NP11	Normal Pancreas	CC10	Normal Epithelial cells
PDACNP_10_TGGCTTTGGGTAGACA-1	IU_PDA_NP11	Normal Pancreas	CC10	Normal Epithelial cells
PDACNP_10_TGGGAAATGCCTTTCC-1	IU_PDA_NP11	Normal Pancreas	CC10	Normal Epithelial cells
PDACNP_10_TGGGATGCACTCATTC-1	IU_PDA_NP11	Normal Pancreas	CC10	Normal Epithelial cells
PDACNP_10_TGGGCAATAGTTGGGT-1	IU_PDA_NP11	Normal Pancreas	CC10	Normal Epithelial cells
PDACNP_10_TGGGCACAAACAGAAC-1	IU_PDA_NP11	Normal Pancreas	CC10	Normal Epithelial cells
PDACNP_10_TGGGCACGTTCTATGG-1	IU_PDA_NP11	Normal Pancreas	CC10	Normal Epithelial cells
PDACNP_10_TGGGCCACAAGAGCGC-1	IU_PDA_NP11	Normal Pancreas	CC10	Normal Epithelial cells
PDACNP_10_TGGGCCCATACTAATT-1	IU_PDA_NP11	Normal Pancreas	CC10	Normal Epithelial cells
PDACNP_10_TGGGCCTTGCCTGCAT-1	IU_PDA_NP11	Normal Pancreas	CC10	Normal Epithelial cells
PDACNP_10_TGGGCGATACAATAAG-1	IU_PDA_NP11	Normal Pancreas	CC10	Normal Epithelial cells
PDACNP_10_TGGGTAAGGTTCCCGC-1	IU_PDA_NP11	Normal Pancreas	CC10	Normal Epithelial cells
PDACNP_10_TGGGTGCACAAGCCAT-1	IU_PDA_NP11	Normal Pancreas	CC10	Normal Epithelial cells
PDACNP_10_TGGGTGTAATAGATTT-1	IU_PDA_NP11	Normal Pancreas	CC10	Normal Epithelial cells
PDACNP_10_TGGGTGTTAAGTAGAA-1	IU_PDA_NP11	Normal Pancreas	CC10	Normal Epithelial cells
PDACNP_10_TGGGTTTCGGGCGTAC-1	IU_PDA_NP11	Normal Pancreas	CC10	Normal Epithelial cells
PDACNP_10_TGGTAAGCAGGATTGA-1	IU_PDA_NP11	Normal Pancreas	CC10	Normal Epithelial cells
PDACNP_10_TGGTAGAATATATGGG-1	IU_PDA_NP11	Normal Pancreas	CC10	Normal Epithelial cells
PDACNP_10_TGGTCCCACGCTACGG-1	IU_PDA_NP11	Normal Pancreas	CC10	Normal Epithelial cells
PDACNP_10_TGGTCGATATACCTCT-1	IU_PDA_NP11	Normal Pancreas	CC10	Normal Epithelial cells
PDACNP_10_TGGTCGGGTACAGGGC-1	IU_PDA_NP11	Normal Pancreas	CC10	Normal Epithelial cells
PDACNP_10_TGGTCGTGCAAGGCAA-1	IU_PDA_NP11	Normal Pancreas	CC10	Normal Epithelial cells
PDACNP_10_TGGTCTAGCTTACATG-1	IU_PDA_NP11	Normal Pancreas	CC10	Normal Epithelial cells
PDACNP_10_TGGTCTGTTGGGCGTA-1	IU_PDA_NP11	Normal Pancreas	CC10	Normal Epithelial cells
PDACNP_10_TGGTGATCGTATTTGT-1	IU_PDA_NP11	Normal Pancreas	CC10	Normal Epithelial cells
PDACNP_10_TGGTGCCCTGCCTTAC-1	IU_PDA_NP11	Normal Pancreas	CC10	Normal Epithelial cells
PDACNP_10_TGGTTAACTTACATTT-1	IU_PDA_NP11	Normal Pancreas	CC10	Normal Epithelial cells
PDACNP_10_TGGTTAAGGGCGCTGG-1	IU_PDA_NP11	Normal Pancreas	CC10	Normal Epithelial cells
PDACNP_10_TGGTTCAACGGGTAAT-1	IU_PDA_NP11	Normal Pancreas	CC10	Normal Epithelial cells
PDACNP_10_TGGTTCGTAGCAAAGG-1	IU_PDA_NP11	Normal Pancreas	CC10	Normal Epithelial cells
PDACNP_10_TGGTTGGAGGATCCTG-1	IU_PDA_NP11	Normal Pancreas	CC10	Normal Epithelial cells
PDACNP_10_TGGTTTAAACGTGGGT-1	IU_PDA_NP11	Normal Pancreas	CC10	Normal Epithelial cells
PDACNP_10_TGTAATGACCACAATA-1	IU_PDA_NP11	Normal Pancreas	CC10	Normal Epithelial cells
PDACNP_10_TGTACCCGACCCTAAT-1	IU_PDA_NP11	Normal Pancreas	CC10	Normal Epithelial cells
PDACNP_10_TGTACCTACACGAGGG-1	IU_PDA_NP11	Normal Pancreas	CC10	Normal Epithelial cells
PDACNP_10_TGTACGAACAAATCCG-1	IU_PDA_NP11	Normal Pancreas	CC10	Normal Epithelial cells
PDACNP_10_TGTACTATCGCTCGTT-1	IU_PDA_NP11	Normal Pancreas	CC10	Normal Epithelial cells
PDACNP_10_TGTAGCCAATTCCGTT-1	IU_PDA_NP11	Normal Pancreas	CC10	Normal Epithelial cells
PDACNP_10_TGTAGGAGAAATTTCC-1	IU_PDA_NP11	Normal Pancreas	CC10	Normal Epithelial cells
PDACNP_10_TGTAGTGATCTATAAT-1	IU_PDA_NP11	Normal Pancreas	CC10	Normal Epithelial cells
PDACNP_10_TGTATAACAGATCCTG-1	IU_PDA_NP11	Normal Pancreas	CC10	Normal Epithelial cells
PDACNP_10_TGTATCCTTATTCCAT-1	IU_PDA_NP11	Normal Pancreas	CC10	Normal Epithelial cells
PDACNP_10_TGTATGGCGCAGACAG-1	IU_PDA_NP11	Normal Pancreas	CC10	Normal Epithelial cells
PDACNP_10_TGTCATTTGTTGGGAA-1	IU_PDA_NP11	Normal Pancreas	CC10	Normal Epithelial cells
PDACNP_10_TGTCCACGGCTCAACT-1	IU_PDA_NP11	Normal Pancreas	CC10	Normal Epithelial cells
PDACNP_10_TGTCCCGACATAGCAC-1	IU_PDA_NP11	Normal Pancreas	CC10	Normal Epithelial cells
PDACNP_10_TGTCCGCAAACAATTC-1	IU_PDA_NP11	Normal Pancreas	CC10	Normal Epithelial cells
PDACNP_10_TGTCCGTGGCGCCTTT-1	IU_PDA_NP11	Normal Pancreas	CC10	Normal Epithelial cells
PDACNP_10_TGTCCTAAGTCACCGC-1	IU_PDA_NP11	Normal Pancreas	CC10	Normal Epithelial cells
PDACNP_10_TGTCGGCATGGTGGAA-1	IU_PDA_NP11	Normal Pancreas	CC10	Normal Epithelial cells
PDACNP_10_TGTCGTGGGTATAGGC-1	IU_PDA_NP11	Normal Pancreas	CC10	Normal Epithelial cells
PDACNP_10_TGTCGTTATCACATAT-1	IU_PDA_NP11	Normal Pancreas	CC10	Normal Epithelial cells
PDACNP_10_TGTCTACAGTTTCTGT-1	IU_PDA_NP11	Normal Pancreas	CC10	Normal Epithelial cells
PDACNP_10_TGTGACTACGCCAGTC-1	IU_PDA_NP11	Normal Pancreas	CC10	Normal Epithelial cells
PDACNP_10_TGTGACTAGAGTTTGC-1	IU_PDA_NP11	Normal Pancreas	CC10	Normal Epithelial cells
PDACNP_10_TGTGAGACTAGCCCAA-1	IU_PDA_NP11	Normal Pancreas	CC10	Normal Epithelial cells
PDACNP_10_TGTGCCAGAGGCAAAG-1	IU_PDA_NP11	Normal Pancreas	CC10	Normal Epithelial cells
PDACNP_10_TGTGCCGGTGCCGGAA-1	IU_PDA_NP11	Normal Pancreas	CC10	Normal Epithelial cells
PDACNP_10_TGTGCTTTACGTAAGA-1	IU_PDA_NP11	Normal Pancreas	CC10	Normal Epithelial cells
PDACNP_10_TGTGGCAAAGCGTATG-1	IU_PDA_NP11	Normal Pancreas	CC10	Normal Epithelial cells
PDACNP_10_TGTGGCGGGCTTCTGG-1	IU_PDA_NP11	Normal Pancreas	CC10	Normal Epithelial cells
PDACNP_10_TGTGGTTGCTAAAGCT-1	IU_PDA_NP11	Normal Pancreas	CC10	Normal Epithelial cells
PDACNP_10_TGTGTCGAAGTCGAGG-1	IU_PDA_NP11	Normal Pancreas	CC10	Normal Epithelial cells
PDACNP_10_TGTGTCGCGAGTTGCA-1	IU_PDA_NP11	Normal Pancreas	CC10	Normal Epithelial cells
PDACNP_10_TGTGTGACCATGAATC-1	IU_PDA_NP11	Normal Pancreas	CC10	Normal Epithelial cells
PDACNP_10_TGTGTTCGTATCCAAG-1	IU_PDA_NP11	Normal Pancreas	CC10	Normal Epithelial cells
PDACNP_10_TGTTATTGTATGTGGC-1	IU_PDA_NP11	Normal Pancreas	CC10	Normal Epithelial cells
PDACNP_10_TGTTCATAAATGTGCT-1	IU_PDA_NP11	Normal Pancreas	CC10	Normal Epithelial cells
PDACNP_10_TGTTCCGCTTCCATGA-1	IU_PDA_NP11	Normal Pancreas	CC10	Normal Epithelial cells
PDACNP_10_TGTTCCGGCCTGAGCT-1	IU_PDA_NP11	Normal Pancreas	CC10	Normal Epithelial cells
PDACNP_10_TGTTCGTATTGCGGTG-1	IU_PDA_NP11	Normal Pancreas	CC10	Normal Epithelial cells
PDACNP_10_TGTTCTTCCATTGACT-1	IU_PDA_NP11	Normal Pancreas	CC10	Normal Epithelial cells
PDACNP_10_TGTTGTCAAGAAGTCT-1	IU_PDA_NP11	Normal Pancreas	CC10	Normal Epithelial cells
PDACNP_10_TGTTTAATACTTCATC-1	IU_PDA_NP11	Normal Pancreas	CC10	Normal Epithelial cells
PDACNP_10_TGTTTCGGTACTTCTC-1	IU_PDA_NP11	Normal Pancreas	CC10	Normal Epithelial cells
PDACNP_10_TGTTTCTGAAGCGTGC-1	IU_PDA_NP11	Normal Pancreas	CC10	Normal Epithelial cells
PDACNP_10_TTAAACAGAGTCCCGC-1	IU_PDA_NP11	Normal Pancreas	CC10	Normal Epithelial cells
PDACNP_10_TTAAACCGGTAGCGAC-1	IU_PDA_NP11	Normal Pancreas	CC10	Normal Epithelial cells
PDACNP_10_TTAAACCTGGTTCCTT-1	IU_PDA_NP11	Normal Pancreas	CC10	Normal Epithelial cells
PDACNP_10_TTAAACTCGAATTCAT-1	IU_PDA_NP11	Normal Pancreas	CC10	Normal Epithelial cells
PDACNP_10_TTAAAGGCGATGCTCG-1	IU_PDA_NP11	Normal Pancreas	CC10	Normal Epithelial cells
PDACNP_10_TTAAAGTAAGTCGCCA-1	IU_PDA_NP11	Normal Pancreas	CC10	Normal Epithelial cells
PDACNP_10_TTAACACCTCGAACAT-1	IU_PDA_NP11	Normal Pancreas	CC10	Normal Epithelial cells
PDACNP_10_TTAACCAACCCTCCCT-1	IU_PDA_NP11	Normal Pancreas	CC10	Normal Epithelial cells
PDACNP_10_TTAACGAACAAGCAGT-1	IU_PDA_NP11	Normal Pancreas	CC10	Normal Epithelial cells
PDACNP_10_TTAACGTCGCAAGACC-1	IU_PDA_NP11	Normal Pancreas	CC10	Normal Epithelial cells
PDACNP_10_TTAACGTTAAAGCCTG-1	IU_PDA_NP11	Normal Pancreas	CC10	Normal Epithelial cells
PDACNP_10_TTAACTCACGCGTGGA-1	IU_PDA_NP11	Normal Pancreas	CC10	Normal Epithelial cells
PDACNP_10_TTAACTTCAGGTAGGA-1	IU_PDA_NP11	Normal Pancreas	CC10	Normal Epithelial cells
PDACNP_10_TTAAGATACCCAGAGA-1	IU_PDA_NP11	Normal Pancreas	CC10	Normal Epithelial cells
PDACNP_10_TTAAGATAGGATTGAC-1	IU_PDA_NP11	Normal Pancreas	CC10	Normal Epithelial cells
PDACNP_10_TTAAGCCGACAACTTC-1	IU_PDA_NP11	Normal Pancreas	CC10	Normal Epithelial cells
PDACNP_10_TTAAGCGCCTGACCCA-1	IU_PDA_NP11	Normal Pancreas	CC10	Normal Epithelial cells
PDACNP_10_TTAAGGATACGGAGGT-1	IU_PDA_NP11	Normal Pancreas	CC10	Normal Epithelial cells
PDACNP_10_TTAAGGCCCGTACTTT-1	IU_PDA_NP11	Normal Pancreas	CC10	Normal Epithelial cells
PDACNP_10_TTAAGTATTGTTATCC-1	IU_PDA_NP11	Normal Pancreas	CC10	Normal Epithelial cells
PDACNP_10_TTAATCAGTACGTCAG-1	IU_PDA_NP11	Normal Pancreas	CC10	Normal Epithelial cells
PDACNP_10_TTAATGTAGACCAGGT-1	IU_PDA_NP11	Normal Pancreas	CC10	Normal Epithelial cells
PDACNP_10_TTAATTGCTTTGGGTG-1	IU_PDA_NP11	Normal Pancreas	CC10	Normal Epithelial cells
PDACNP_10_TTAATTTCAGACGCGG-1	IU_PDA_NP11	Normal Pancreas	CC10	Normal Epithelial cells
PDACNP_10_TTACAACTACGCATCC-1	IU_PDA_NP11	Normal Pancreas	CC10	Normal Epithelial cells
PDACNP_10_TTACACGATCTGCGAC-1	IU_PDA_NP11	Normal Pancreas	CC10	Normal Epithelial cells
PDACNP_10_TTACAGACCTAAATGA-1	IU_PDA_NP11	Normal Pancreas	CC10	Normal Epithelial cells
PDACNP_10_TTACATCGTGGCCTGG-1	IU_PDA_NP11	Normal Pancreas	CC10	Normal Epithelial cells
PDACNP_10_TTACATGCCACAACTA-1	IU_PDA_NP11	Normal Pancreas	CC10	Normal Epithelial cells
PDACNP_10_TTACCATTGATTACCC-1	IU_PDA_NP11	Normal Pancreas	CC10	Normal Epithelial cells
PDACNP_10_TTACCCATTGCCGGGT-1	IU_PDA_NP11	Normal Pancreas	CC10	Normal Epithelial cells
PDACNP_10_TTACCCTAACAGTCCT-1	IU_PDA_NP11	Normal Pancreas	CC10	Normal Epithelial cells
PDACNP_10_TTACCCTAGGGATTGG-1	IU_PDA_NP11	Normal Pancreas	CC10	Normal Epithelial cells
PDACNP_10_TTACCGCCTTAGGGAA-1	IU_PDA_NP11	Normal Pancreas	CC10	Normal Epithelial cells
PDACNP_10_TTACGGATGGTTCGAG-1	IU_PDA_NP11	Normal Pancreas	CC10	Normal Epithelial cells
PDACNP_10_TTACTAAAGGACTTTA-1	IU_PDA_NP11	Normal Pancreas	CC10	Normal Epithelial cells
PDACNP_10_TTACTATCGGCTTCTC-1	IU_PDA_NP11	Normal Pancreas	CC10	Normal Epithelial cells
PDACNP_10_TTACTCCGGCCGGGAA-1	IU_PDA_NP11	Normal Pancreas	CC10	Normal Epithelial cells
PDACNP_10_TTACTCTGGTACGTAC-1	IU_PDA_NP11	Normal Pancreas	CC10	Normal Epithelial cells
PDACNP_10_TTACTGGGATATTTCA-1	IU_PDA_NP11	Normal Pancreas	CC10	Normal Epithelial cells
PDACNP_10_TTACTGTCTAGAGCTC-1	IU_PDA_NP11	Normal Pancreas	CC10	Normal Epithelial cells
PDACNP_10_TTAGAAGAACATGACT-1	IU_PDA_NP11	Normal Pancreas	CC10	Normal Epithelial cells
PDACNP_10_TTAGAATAAGGGTCGG-1	IU_PDA_NP11	Normal Pancreas	CC10	Normal Epithelial cells
PDACNP_10_TTAGACACGATCGTTG-1	IU_PDA_NP11	Normal Pancreas	CC10	Normal Epithelial cells
PDACNP_10_TTAGACGAGTCACCTC-1	IU_PDA_NP11	Normal Pancreas	CC10	Normal Epithelial cells
PDACNP_10_TTAGAGTATTGTCGAG-1	IU_PDA_NP11	Normal Pancreas	CC10	Normal Epithelial cells
PDACNP_10_TTAGAGTTTAGAAGGA-1	IU_PDA_NP11	Normal Pancreas	CC10	Normal Epithelial cells
PDACNP_10_TTAGATAGGTCGATAC-1	IU_PDA_NP11	Normal Pancreas	CC10	Normal Epithelial cells
PDACNP_10_TTAGCAACATGGATGT-1	IU_PDA_NP11	Normal Pancreas	CC10	Normal Epithelial cells
PDACNP_10_TTAGCATCCCTCACGT-1	IU_PDA_NP11	Normal Pancreas	CC10	Normal Epithelial cells
PDACNP_10_TTAGCCATAGGGCTCG-1	IU_PDA_NP11	Normal Pancreas	CC10	Normal Epithelial cells
PDACNP_10_TTAGCTAATACGATCT-1	IU_PDA_NP11	Normal Pancreas	CC10	Normal Epithelial cells
PDACNP_10_TTAGCTCTGTAATCCG-1	IU_PDA_NP11	Normal Pancreas	CC10	Normal Epithelial cells
PDACNP_10_TTAGCTGATTTGCCGT-1	IU_PDA_NP11	Normal Pancreas	CC10	Normal Epithelial cells
PDACNP_10_TTAGGTCATAACCGAC-1	IU_PDA_NP11	Normal Pancreas	CC10	Normal Epithelial cells
PDACNP_10_TTAGTAAACCTGCTCT-1	IU_PDA_NP11	Normal Pancreas	CC10	Normal Epithelial cells
PDACNP_10_TTAGTAGGGCGGCGGG-1	IU_PDA_NP11	Normal Pancreas	CC10	Normal Epithelial cells
PDACNP_10_TTAGTTATTCGTGGCA-1	IU_PDA_NP11	Normal Pancreas	CC10	Normal Epithelial cells
PDACNP_10_TTAGTTCAAGTGTTCG-1	IU_PDA_NP11	Normal Pancreas	CC10	Normal Epithelial cells
PDACNP_10_TTATAGGTAATTGTCT-1	IU_PDA_NP11	Normal Pancreas	CC10	Normal Epithelial cells
PDACNP_10_TTATATACGCTGTCAC-1	IU_PDA_NP11	Normal Pancreas	CC10	Normal Epithelial cells
PDACNP_10_TTATATTTGGCAATCC-1	IU_PDA_NP11	Normal Pancreas	CC10	Normal Epithelial cells
PDACNP_10_TTATCCAATCGAACTC-1	IU_PDA_NP11	Normal Pancreas	CC10	Normal Epithelial cells
PDACNP_10_TTATCCGGGATCTATA-1	IU_PDA_NP11	Normal Pancreas	CC10	Normal Epithelial cells
PDACNP_10_TTATCCTCAAGGAATA-1	IU_PDA_NP11	Normal Pancreas	CC10	Normal Epithelial cells
PDACNP_10_TTATCGCCTGCGAAGC-1	IU_PDA_NP11	Normal Pancreas	CC10	Normal Epithelial cells
PDACNP_10_TTATCTGACATTAGGA-1	IU_PDA_NP11	Normal Pancreas	CC10	Normal Epithelial cells
PDACNP_10_TTATCTGTATCATAAC-1	IU_PDA_NP11	Normal Pancreas	CC10	Normal Epithelial cells
PDACNP_10_TTATGAATGAAAGGGA-1	IU_PDA_NP11	Normal Pancreas	CC10	Normal Epithelial cells
PDACNP_10_TTATGACAAACTGGAT-1	IU_PDA_NP11	Normal Pancreas	CC10	Normal Epithelial cells
PDACNP_10_TTATGATCTTAACGAA-1	IU_PDA_NP11	Normal Pancreas	CC10	Normal Epithelial cells
PDACNP_10_TTATGTTTGCGATAGA-1	IU_PDA_NP11	Normal Pancreas	CC10	Normal Epithelial cells
PDACNP_10_TTATTAGAGCGTGTTC-1	IU_PDA_NP11	Normal Pancreas	CC10	Normal Epithelial cells
PDACNP_10_TTATTAGGGAAGCATC-1	IU_PDA_NP11	Normal Pancreas	CC10	Normal Epithelial cells
PDACNP_10_TTCAAAGTCTCTAGCC-1	IU_PDA_NP11	Normal Pancreas	CC10	Normal Epithelial cells
PDACNP_10_TTCAACGACCCGACCG-1	IU_PDA_NP11	Normal Pancreas	CC10	Normal Epithelial cells
PDACNP_10_TTCAAGCCGAGCTGAG-1	IU_PDA_NP11	Normal Pancreas	CC10	Normal Epithelial cells
PDACNP_10_TTCAATACTCTGAATC-1	IU_PDA_NP11	Normal Pancreas	CC10	Normal Epithelial cells
PDACNP_10_TTCACGAAAGGATCAC-1	IU_PDA_NP11	Normal Pancreas	CC10	Normal Epithelial cells
PDACNP_10_TTCACGGTCGTCACGT-1	IU_PDA_NP11	Normal Pancreas	CC10	Normal Epithelial cells
PDACNP_10_TTCACTCGAGCACCTA-1	IU_PDA_NP11	Normal Pancreas	CC10	Normal Epithelial cells
PDACNP_10_TTCACTTCCTAGAACG-1	IU_PDA_NP11	Normal Pancreas	CC10	Normal Epithelial cells
PDACNP_10_TTCAGAGTAACCTGAC-1	IU_PDA_NP11	Normal Pancreas	CC10	Normal Epithelial cells
PDACNP_10_TTCAGCCCTGGTCCAC-1	IU_PDA_NP11	Normal Pancreas	CC10	Normal Epithelial cells
PDACNP_10_TTCAGCTGGCGTGCCC-1	IU_PDA_NP11	Normal Pancreas	CC10	Normal Epithelial cells
PDACNP_10_TTCAGGCGTCAAAGCC-1	IU_PDA_NP11	Normal Pancreas	CC10	Normal Epithelial cells
PDACNP_10_TTCAGTTCAAGAGGAG-1	IU_PDA_NP11	Normal Pancreas	CC10	Normal Epithelial cells
PDACNP_10_TTCAGTTTGTGGCAGC-1	IU_PDA_NP11	Normal Pancreas	CC10	Normal Epithelial cells
PDACNP_10_TTCATAGCCTTGTAAC-1	IU_PDA_NP11	Normal Pancreas	CC10	Normal Epithelial cells
PDACNP_10_TTCATGGCGCAACAGG-1	IU_PDA_NP11	Normal Pancreas	CC10	Normal Epithelial cells
PDACNP_10_TTCCAATCAGAGCTAG-1	IU_PDA_NP11	Normal Pancreas	CC10	Normal Epithelial cells
PDACNP_10_TTCCAATCTGGCTATC-1	IU_PDA_NP11	Normal Pancreas	CC10	Normal Epithelial cells
PDACNP_10_TTCCACACAGATTTGA-1	IU_PDA_NP11	Normal Pancreas	CC10	Normal Epithelial cells
PDACNP_10_TTCCAGACGAGATTTA-1	IU_PDA_NP11	Normal Pancreas	CC10	Normal Epithelial cells
PDACNP_10_TTCCAGTGGGTTTCGT-1	IU_PDA_NP11	Normal Pancreas	CC10	Normal Epithelial cells
PDACNP_10_TTCCATCATGCGGTGA-1	IU_PDA_NP11	Normal Pancreas	CC10	Normal Epithelial cells
PDACNP_10_TTCCATCGACAGCGTG-1	IU_PDA_NP11	Normal Pancreas	CC10	Normal Epithelial cells
PDACNP_10_TTCCCGGCGCCAATAG-1	IU_PDA_NP11	Normal Pancreas	CC10	Normal Epithelial cells
PDACNP_10_TTCCGCAGAGAAATAT-1	IU_PDA_NP11	Normal Pancreas	CC10	Normal Epithelial cells
PDACNP_10_TTCCGCGTGAGGCGAT-1	IU_PDA_NP11	Normal Pancreas	CC10	Normal Epithelial cells
PDACNP_10_TTCCGGCCTTGAGGCT-1	IU_PDA_NP11	Normal Pancreas	CC10	Normal Epithelial cells
PDACNP_10_TTCCGGCTCGACTTCT-1	IU_PDA_NP11	Normal Pancreas	CC10	Normal Epithelial cells
PDACNP_10_TTCCGGTTACCCACTT-1	IU_PDA_NP11	Normal Pancreas	CC10	Normal Epithelial cells
PDACNP_10_TTCCTCGAGGGTGTCT-1	IU_PDA_NP11	Normal Pancreas	CC10	Normal Epithelial cells
PDACNP_10_TTCCTCGGACTAACCA-1	IU_PDA_NP11	Normal Pancreas	CC10	Normal Epithelial cells
PDACNP_10_TTCCTCTGCCCGAATA-1	IU_PDA_NP11	Normal Pancreas	CC10	Normal Epithelial cells
PDACNP_10_TTCCTTTCTGTGTTGC-1	IU_PDA_NP11	Normal Pancreas	CC10	Normal Epithelial cells
PDACNP_10_TTCGAACGAAACATGC-1	IU_PDA_NP11	Normal Pancreas	CC10	Normal Epithelial cells
PDACNP_10_TTCGACAGAGCCCGTG-1	IU_PDA_NP11	Normal Pancreas	CC10	Normal Epithelial cells
PDACNP_10_TTCGACGGGAAGGGCG-1	IU_PDA_NP11	Normal Pancreas	CC10	Normal Epithelial cells
PDACNP_10_TTCGCACTCGCGTGCT-1	IU_PDA_NP11	Normal Pancreas	CC10	Normal Epithelial cells
PDACNP_10_TTCGCACTGTACGACA-1	IU_PDA_NP11	Normal Pancreas	CC10	Normal Epithelial cells
PDACNP_10_TTCGCATCCGGAAGCA-1	IU_PDA_NP11	Normal Pancreas	CC10	Normal Epithelial cells
PDACNP_10_TTCGCCGCTCGCGCTA-1	IU_PDA_NP11	Normal Pancreas	CC10	Normal Epithelial cells
PDACNP_10_TTCGCGCGCCATACGA-1	IU_PDA_NP11	Normal Pancreas	CC10	Normal Epithelial cells
PDACNP_10_TTCGCTATCTGACGTG-1	IU_PDA_NP11	Normal Pancreas	CC10	Normal Epithelial cells
PDACNP_10_TTCGGCAACCCGCTGA-1	IU_PDA_NP11	Normal Pancreas	CC10	Normal Epithelial cells
PDACNP_10_TTCGGCTAGAGATGGT-1	IU_PDA_NP11	Normal Pancreas	CC10	Normal Epithelial cells
PDACNP_10_TTCGGGACTAATCGCG-1	IU_PDA_NP11	Normal Pancreas	CC10	Normal Epithelial cells
PDACNP_10_TTCGGGCGCTAGTCTT-1	IU_PDA_NP11	Normal Pancreas	CC10	Normal Epithelial cells
PDACNP_10_TTCGGTACTGTAGAGG-1	IU_PDA_NP11	Normal Pancreas	CC10	Normal Epithelial cells
PDACNP_10_TTCGTAATCCCAGCGG-1	IU_PDA_NP11	Normal Pancreas	CC3	Normal Epithelial cells
PDACNP_10_TTCGTACTCCAGAACG-1	IU_PDA_NP11	Normal Pancreas	CC10	Normal Epithelial cells
PDACNP_10_TTCGTGCATGTTATAG-1	IU_PDA_NP11	Normal Pancreas	CC10	Normal Epithelial cells
PDACNP_10_TTCGTTCAACGAAGTT-1	IU_PDA_NP11	Normal Pancreas	CC10	Normal Epithelial cells
PDACNP_10_TTCTAACCGAAGCTTA-1	IU_PDA_NP11	Normal Pancreas	CC10	Normal Epithelial cells
PDACNP_10_TTCTACCTCAATCGGT-1	IU_PDA_NP11	Normal Pancreas	CC10	Normal Epithelial cells
PDACNP_10_TTCTACTTGCGAGGGC-1	IU_PDA_NP11	Normal Pancreas	CC10	Normal Epithelial cells
PDACNP_10_TTCTAGAAAGTCTTAT-1	IU_PDA_NP11	Normal Pancreas	CC10	Normal Epithelial cells
PDACNP_10_TTCTAGGCCAATTGTG-1	IU_PDA_NP11	Normal Pancreas	CC10	Normal Epithelial cells
PDACNP_10_TTCTATTAAACGCAGC-1	IU_PDA_NP11	Normal Pancreas	CC10	Normal Epithelial cells
PDACNP_10_TTCTCAATTGCTACAA-1	IU_PDA_NP11	Normal Pancreas	CC10	Normal Epithelial cells
PDACNP_10_TTCTCTTACAGGTGAT-1	IU_PDA_NP11	Normal Pancreas	CC10	Normal Epithelial cells
PDACNP_10_TTCTGACCGGGCTCAA-1	IU_PDA_NP11	Normal Pancreas	CC10	Normal Epithelial cells
PDACNP_10_TTCTGCCGCGCCTAGA-1	IU_PDA_NP11	Normal Pancreas	CC10	Normal Epithelial cells
PDACNP_10_TTCTGCGAGCGCCCTT-1	IU_PDA_NP11	Normal Pancreas	CC10	Normal Epithelial cells
PDACNP_10_TTCTGCGGGTTAGCGG-1	IU_PDA_NP11	Normal Pancreas	CC10	Normal Epithelial cells
PDACNP_10_TTCTGCTAGACTCCAA-1	IU_PDA_NP11	Normal Pancreas	CC10	Normal Epithelial cells
PDACNP_10_TTCTGTTTCCTGTCGC-1	IU_PDA_NP11	Normal Pancreas	CC10	Normal Epithelial cells
PDACNP_10_TTCTTAGTGAACGGTG-1	IU_PDA_NP11	Normal Pancreas	CC10	Normal Epithelial cells
PDACNP_10_TTCTTAGTGGCTCAGA-1	IU_PDA_NP11	Normal Pancreas	CC10	Normal Epithelial cells
PDACNP_10_TTCTTATCCGCTGGGT-1	IU_PDA_NP11	Normal Pancreas	CC10	Normal Epithelial cells
PDACNP_10_TTCTTGAGCCGCGCTA-1	IU_PDA_NP11	Normal Pancreas	CC10	Normal Epithelial cells
PDACNP_10_TTCTTGCTAGCATCTC-1	IU_PDA_NP11	Normal Pancreas	CC10	Normal Epithelial cells
PDACNP_10_TTCTTGGACGATCTGC-1	IU_PDA_NP11	Normal Pancreas	CC10	Normal Epithelial cells
PDACNP_10_TTCTTGGAGTAATGAG-1	IU_PDA_NP11	Normal Pancreas	CC10	Normal Epithelial cells
PDACNP_10_TTCTTGTAACCTAATG-1	IU_PDA_NP11	Normal Pancreas	CC10	Normal Epithelial cells
PDACNP_10_TTCTTGTGTCCATCAG-1	IU_PDA_NP11	Normal Pancreas	CC10	Normal Epithelial cells
PDACNP_10_TTCTTTGGTCGCGACG-1	IU_PDA_NP11	Normal Pancreas	CC10	Normal Epithelial cells
PDACNP_10_TTGAAAGGTGTAAAGG-1	IU_PDA_NP11	Normal Pancreas	CC10	Normal Epithelial cells
PDACNP_10_TTGAACGAATCCTTTG-1	IU_PDA_NP11	Normal Pancreas	CC10	Normal Epithelial cells
PDACNP_10_TTGAACGACGTGCTGA-1	IU_PDA_NP11	Normal Pancreas	CC10	Normal Epithelial cells
PDACNP_10_TTGAAGAATTCCCAGG-1	IU_PDA_NP11	Normal Pancreas	CC10	Normal Epithelial cells
PDACNP_10_TTGAAGGATGGGCGCC-1	IU_PDA_NP11	Normal Pancreas	CC10	Normal Epithelial cells
PDACNP_10_TTGAATATGGACTTTC-1	IU_PDA_NP11	Normal Pancreas	CC10	Normal Epithelial cells
PDACNP_10_TTGAATCGTTGTATAA-1	IU_PDA_NP11	Normal Pancreas	CC10	Normal Epithelial cells
PDACNP_10_TTGAATTCACGTGAGG-1	IU_PDA_NP11	Normal Pancreas	CC10	Normal Epithelial cells
PDACNP_10_TTGACAGGAGCTCCCG-1	IU_PDA_NP11	Normal Pancreas	CC10	Normal Epithelial cells
PDACNP_10_TTGACATGAACGTGGA-1	IU_PDA_NP11	Normal Pancreas	CC10	Normal Epithelial cells
PDACNP_10_TTGACCAGGAACAACT-1	IU_PDA_NP11	Normal Pancreas	CC10	Normal Epithelial cells
PDACNP_10_TTGACCATGTTCTCCG-1	IU_PDA_NP11	Normal Pancreas	CC10	Normal Epithelial cells
PDACNP_10_TTGACCGTGTTAATGA-1	IU_PDA_NP11	Normal Pancreas	CC10	Normal Epithelial cells
PDACNP_10_TTGACGATTCAGCACG-1	IU_PDA_NP11	Normal Pancreas	CC10	Normal Epithelial cells
PDACNP_10_TTGACGCTCCATGAGC-1	IU_PDA_NP11	Normal Pancreas	CC10	Normal Epithelial cells
PDACNP_10_TTGACTACCATATGGT-1	IU_PDA_NP11	Normal Pancreas	CC10	Normal Epithelial cells
PDACNP_10_TTGACTATTGTCCGGC-1	IU_PDA_NP11	Normal Pancreas	CC10	Normal Epithelial cells
PDACNP_10_TTGAGAAGTTTAGCAT-1	IU_PDA_NP11	Normal Pancreas	CC10	Normal Epithelial cells
PDACNP_10_TTGAGAGTACTGCTAA-1	IU_PDA_NP11	Normal Pancreas	CC10	Normal Epithelial cells
PDACNP_10_TTGATAGTCAATACAT-1	IU_PDA_NP11	Normal Pancreas	CC10	Normal Epithelial cells
PDACNP_10_TTGATCTAACTTTGTC-1	IU_PDA_NP11	Normal Pancreas	CC10	Normal Epithelial cells
PDACNP_10_TTGATGCCGCTCGTCG-1	IU_PDA_NP11	Normal Pancreas	CC10	Normal Epithelial cells
PDACNP_10_TTGATGTGTAGTCCCG-1	IU_PDA_NP11	Normal Pancreas	CC10	Normal Epithelial cells
PDACNP_10_TTGATTAGCTGTTTCT-1	IU_PDA_NP11	Normal Pancreas	CC10	Normal Epithelial cells
PDACNP_10_TTGATTATGCAGATGA-1	IU_PDA_NP11	Normal Pancreas	CC10	Normal Epithelial cells
PDACNP_10_TTGCAAGAAGACTCCT-1	IU_PDA_NP11	Normal Pancreas	CC10	Normal Epithelial cells
PDACNP_10_TTGCACAATTCAGAAA-1	IU_PDA_NP11	Normal Pancreas	CC10	Normal Epithelial cells
PDACNP_10_TTGCACGGAGCAGCAC-1	IU_PDA_NP11	Normal Pancreas	CC10	Normal Epithelial cells
PDACNP_10_TTGCATGCTGATCACG-1	IU_PDA_NP11	Normal Pancreas	CC10	Normal Epithelial cells
PDACNP_10_TTGCCATAGCCCGCTC-1	IU_PDA_NP11	Normal Pancreas	CC10	Normal Epithelial cells
PDACNP_10_TTGCCCTGATCACGGG-1	IU_PDA_NP11	Normal Pancreas	CC10	Normal Epithelial cells
PDACNP_10_TTGCCGCAGACCTACA-1	IU_PDA_NP11	Normal Pancreas	CC10	Normal Epithelial cells
PDACNP_10_TTGCCGCTTTCTAGTA-1	IU_PDA_NP11	Normal Pancreas	CC10	Normal Epithelial cells
PDACNP_10_TTGCCGGTGATCCCTC-1	IU_PDA_NP11	Normal Pancreas	CC10	Normal Epithelial cells
PDACNP_10_TTGCCTAATCCAAAGT-1	IU_PDA_NP11	Normal Pancreas	CC10	Normal Epithelial cells
PDACNP_10_TTGCCTTCTCGCCGGG-1	IU_PDA_NP11	Normal Pancreas	CC10	Normal Epithelial cells
PDACNP_10_TTGCGCACAACCACGT-1	IU_PDA_NP11	Normal Pancreas	CC10	Normal Epithelial cells
PDACNP_10_TTGCGCTCTCTCGCTT-1	IU_PDA_NP11	Normal Pancreas	CC10	Normal Epithelial cells
PDACNP_10_TTGCGCTTGATCAATA-1	IU_PDA_NP11	Normal Pancreas	CC10	Normal Epithelial cells
PDACNP_10_TTGCGGAAAGCTGCCC-1	IU_PDA_NP11	Normal Pancreas	CC10	Normal Epithelial cells
PDACNP_10_TTGCGGCATCAGAAAG-1	IU_PDA_NP11	Normal Pancreas	CC10	Normal Epithelial cells
PDACNP_10_TTGCGTAGTTTGAGGA-1	IU_PDA_NP11	Normal Pancreas	CC10	Normal Epithelial cells
PDACNP_10_TTGCGTCGGCCAACCG-1	IU_PDA_NP11	Normal Pancreas	CC10	Normal Epithelial cells
PDACNP_10_TTGCGTGAACGCTTAG-1	IU_PDA_NP11	Normal Pancreas	CC10	Normal Epithelial cells
PDACNP_10_TTGCGTGTGTAGGCAT-1	IU_PDA_NP11	Normal Pancreas	CC10	Normal Epithelial cells
PDACNP_10_TTGCTCATAGTACGTG-1	IU_PDA_NP11	Normal Pancreas	CC10	Normal Epithelial cells
PDACNP_10_TTGCTCCCATACCGGA-1	IU_PDA_NP11	Normal Pancreas	CC10	Normal Epithelial cells
PDACNP_10_TTGCTGAAGGAACCAC-1	IU_PDA_NP11	Normal Pancreas	CC10	Normal Epithelial cells
PDACNP_10_TTGCTGATCATGTTCG-1	IU_PDA_NP11	Normal Pancreas	CC10	Normal Epithelial cells
PDACNP_10_TTGCTGCACCTATCCA-1	IU_PDA_NP11	Normal Pancreas	CC10	Normal Epithelial cells
PDACNP_10_TTGGAAGAATACAGTC-1	IU_PDA_NP11	Normal Pancreas	CC10	Normal Epithelial cells
PDACNP_10_TTGGACATGTGGCTTA-1	IU_PDA_NP11	Normal Pancreas	CC10	Normal Epithelial cells
PDACNP_10_TTGGACCATCTGGCAA-1	IU_PDA_NP11	Normal Pancreas	CC10	Normal Epithelial cells
PDACNP_10_TTGGACCTATAACAGT-1	IU_PDA_NP11	Normal Pancreas	CC10	Normal Epithelial cells
PDACNP_10_TTGGAGTCTCCCTTCT-1	IU_PDA_NP11	Normal Pancreas	CC10	Normal Epithelial cells
PDACNP_10_TTGGATATCGTCTACG-1	IU_PDA_NP11	Normal Pancreas	CC10	Normal Epithelial cells
PDACNP_10_TTGGATCGACTTCTGG-1	IU_PDA_NP11	Normal Pancreas	CC10	Normal Epithelial cells
PDACNP_10_TTGGATTGGGTACCAC-1	IU_PDA_NP11	Normal Pancreas	CC10	Normal Epithelial cells
PDACNP_10_TTGGCCAAATTGTATC-1	IU_PDA_NP11	Normal Pancreas	CC10	Normal Epithelial cells
PDACNP_10_TTGGCCATCTTGCGCT-1	IU_PDA_NP11	Normal Pancreas	CC10	Normal Epithelial cells
PDACNP_10_TTGGCCTAGAATTTCG-1	IU_PDA_NP11	Normal Pancreas	CC10	Normal Epithelial cells
PDACNP_10_TTGGCGATCCGAATAT-1	IU_PDA_NP11	Normal Pancreas	CC10	Normal Epithelial cells
PDACNP_10_TTGGCTCGCATGAGAC-1	IU_PDA_NP11	Normal Pancreas	CC10	Normal Epithelial cells
PDACNP_10_TTGGGAAGACGAGCCG-1	IU_PDA_NP11	Normal Pancreas	CC10	Normal Epithelial cells
PDACNP_10_TTGGGACACTGCCCGC-1	IU_PDA_NP11	Normal Pancreas	CC10	Normal Epithelial cells
PDACNP_10_TTGGGACGTAAGAGTT-1	IU_PDA_NP11	Normal Pancreas	CC10	Normal Epithelial cells
PDACNP_10_TTGGGCGGCGGTTGCC-1	IU_PDA_NP11	Normal Pancreas	CC10	Normal Epithelial cells
PDACNP_10_TTGGTCACACTCGTAA-1	IU_PDA_NP11	Normal Pancreas	CC10	Normal Epithelial cells
PDACNP_10_TTGGTTCGCTCAAAGG-1	IU_PDA_NP11	Normal Pancreas	CC10	Normal Epithelial cells
PDACNP_10_TTGGTTGCGGTGCGCG-1	IU_PDA_NP11	Normal Pancreas	CC10	Normal Epithelial cells
PDACNP_10_TTGTAAGGACCTAAGT-1	IU_PDA_NP11	Normal Pancreas	CC10	Normal Epithelial cells
PDACNP_10_TTGTAAGGCCAGTTGG-1	IU_PDA_NP11	Normal Pancreas	CC10	Normal Epithelial cells
PDACNP_10_TTGTAATCCGTACTCG-1	IU_PDA_NP11	Normal Pancreas	CC10	Normal Epithelial cells
PDACNP_10_TTGTACACCTCGAACA-1	IU_PDA_NP11	Normal Pancreas	CC10	Normal Epithelial cells
PDACNP_10_TTGTATCACACAGAAT-1	IU_PDA_NP11	Normal Pancreas	CC10	Normal Epithelial cells
PDACNP_10_TTGTCACCGCGGTATC-1	IU_PDA_NP11	Normal Pancreas	CC10	Normal Epithelial cells
PDACNP_10_TTGTCGTTCAGTTACC-1	IU_PDA_NP11	Normal Pancreas	CC10	Normal Epithelial cells
PDACNP_10_TTGTCTCGGCAAGATG-1	IU_PDA_NP11	Normal Pancreas	CC10	Normal Epithelial cells
PDACNP_10_TTGTGAACCTAATCCG-1	IU_PDA_NP11	Normal Pancreas	CC10	Normal Epithelial cells
PDACNP_10_TTGTGAGGCATGACGC-1	IU_PDA_NP11	Normal Pancreas	CC10	Normal Epithelial cells
PDACNP_10_TTGTGATCTGTTCAGT-1	IU_PDA_NP11	Normal Pancreas	CC10	Normal Epithelial cells
PDACNP_10_TTGTGCAGCCACGTCA-1	IU_PDA_NP11	Normal Pancreas	CC10	Normal Epithelial cells
PDACNP_10_TTGTGCGGAAGCGGAT-1	IU_PDA_NP11	Normal Pancreas	CC10	Normal Epithelial cells
PDACNP_10_TTGTGGAGACAGCCGG-1	IU_PDA_NP11	Normal Pancreas	CC10	Normal Epithelial cells
PDACNP_10_TTGTGGCCCTGACAGT-1	IU_PDA_NP11	Normal Pancreas	CC10	Normal Epithelial cells
PDACNP_10_TTGTGGTAGGAGGGAT-1	IU_PDA_NP11	Normal Pancreas	CC10	Normal Epithelial cells
PDACNP_10_TTGTGGTGGTACTAAG-1	IU_PDA_NP11	Normal Pancreas	CC10	Normal Epithelial cells
PDACNP_10_TTGTGTATGCCACCAA-1	IU_PDA_NP11	Normal Pancreas	CC10	Normal Epithelial cells
PDACNP_10_TTGTGTTTCCCGAAAG-1	IU_PDA_NP11	Normal Pancreas	CC10	Normal Epithelial cells
PDACNP_10_TTGTTAGCAAATTCGA-1	IU_PDA_NP11	Normal Pancreas	CC10	Normal Epithelial cells
PDACNP_10_TTGTTCAGTGTGCTAC-1	IU_PDA_NP11	Normal Pancreas	CC10	Normal Epithelial cells
PDACNP_10_TTGTTGGCAATGACTG-1	IU_PDA_NP11	Normal Pancreas	CC10	Normal Epithelial cells
PDACNP_10_TTGTTGTGTGTCAAGA-1	IU_PDA_NP11	Normal Pancreas	CC10	Normal Epithelial cells
PDACNP_10_TTGTTTCACATCCAGG-1	IU_PDA_NP11	Normal Pancreas	CC10	Normal Epithelial cells
PDACNP_10_TTGTTTCATTAGTCTA-1	IU_PDA_NP11	Normal Pancreas	CC10	Normal Epithelial cells
PDACNP_10_TTGTTTCCATACAACT-1	IU_PDA_NP11	Normal Pancreas	CC10	Normal Epithelial cells
PDACNP_10_TTGTTTGTATTACACG-1	IU_PDA_NP11	Normal Pancreas	CC10	Normal Epithelial cells
