target_gene	partner_gene	n_sections_tested	n_sections_positive_z	median_local_corr_z	max_local_corr_z	min_local_corr_z
SIGMAR1	KCNQ4	10	9	0.963529795036784	2.2186651282575878	-0.04394618310829432
SIGMAR1	KCNMB4	10	8	1.1012244168994376	2.9774552647317827	-1.3161127803067856
SIGMAR1	IGHM	10	8	0.9374822627097267	3.4161512474090547	-3.3210447314706957
SIGMAR1	KCNJ16	10	8	0.5884391744448166	2.7536891800559906	-0.4025258557307412
SIGMAR1	KCNK15	10	8	0.25484219779461637	0.9614616262220371	-0.17439347453009416
SIGMAR1	APOD	7	7	1.3237730847587568	1.9243445241015835	0.6155733816248504
SIGMAR1	KCNN4	10	7	0.9721115645646017	2.0550500752461094	-2.2983525083509697
SIGMAR1	KCNJ15	10	7	0.962370674337413	3.0205310495482567	-2.5735299713847812
SIGMAR1	TSPAN8	8	7	0.7778515566524855	2.945697472623809	-0.5132136263665866
SIGMAR1	C7	10	7	0.6710603299843962	4.1452551646949	-3.878216663732067
SIGMAR1	CCL21	8	7	0.6019735829156078	1.9767706176445983	-3.505094861239652
SIGMAR1	GCG	7	7	0.5994577766980912	2.2990389582413018	0.039651315294039834
SIGMAR1	IGHA1	9	7	0.5874178014700172	3.3932001969761663	-4.037495040145171
SIGMAR1	KCNAB1	10	7	0.5681220175506783	2.366437607350494	-1.4555629488175548
SIGMAR1	KCND3	10	7	0.5010431103297208	2.701977775343966	-4.141347237277872
SIGMAR1	IGLC1	10	7	0.49058279224959217	3.069959915812074	-0.8483869338243197
SIGMAR1	KCNK3	10	7	0.39422433321250633	2.3049506816206926	-1.5509459841230464
SIGMAR1	CST1	7	6	1.6168828428428654	2.9135171876993713	-1.2336169740052076
SIGMAR1	MGP	7	6	1.2842047575423376	5.22399149612358	-3.850647942888893
SIGMAR1	IGLV3-1	8	6	1.0950307036702627	4.392867701431792	-2.61927711835858
SIGMAR1	LCN2	10	6	0.9983920234808885	3.7252100783842215	-1.3581520390969288
SIGMAR1	IGKV4-1	9	6	0.7172540894802667	3.7926849598754537	-2.5353135895153884
SIGMAR1	EPHA2	6	6	0.6121640909999644	4.859555569459891	0.1972980668089875
SIGMAR1	CTSE	8	6	0.5939526367615888	2.2326179332943	-0.4668870277728484
SIGMAR1	ITGB4	9	6	0.5870979989884678	4.955387053517756	-2.210360545417027
SIGMAR1	MUC1	8	6	0.5819175022159935	3.4709214197031266	-0.6124721455040991
SIGMAR1	IGHG1	9	6	0.5582691297076939	3.0677349612567	-2.0510475783905835
SIGMAR1	IGFBP5	8	6	0.5132788861683463	1.9592405720440456	-0.8215864820474928
SIGMAR1	KCNK17	10	6	0.49410984797735724	2.4818840737966337	-0.8588328250491959
SIGMAR1	KCNMB1	10	6	0.4618679538710986	2.18102496283744	-2.11241272584924
SIGMAR1	ELF3	10	6	0.41894604798861856	4.110349222590509	-1.7483908210481303
SIGMAR1	WFDC2	8	6	0.403387944642085	4.8359778856737154	-1.5889472555047486
SIGMAR1	KCNA5	9	6	0.3765144705939933	1.8637518818970027	-1.1680671867925472
SIGMAR1	SPINT2	7	6	0.3172892193331041	3.838758468646775	-0.7945698554859131
SIGMAR1	KCNC4	10	6	0.22841444781471804	2.1318223397124796	-0.461772643711179
SIGMAR1	FXYD3	8	6	0.19568902262072246	4.889165918580495	-0.9639259594349627
SIGMAR1	C19orf33	10	6	0.18895096797306493	4.9714722091756585	-1.5877059939487346
SIGMAR1	ANO1	5	5	2.761115037513516	3.6615193418257674	0.211309782650974
SIGMAR1	ENG	5	5	1.6066070028521258	3.902590807888779	0.24088397941516335
SIGMAR1	S100P	8	5	1.5841767008273764	5.015290571729803	-1.83083475704683
SIGMAR1	TNXB	6	5	1.5247387009466977	2.8146151466209264	-3.0926303335854173
SIGMAR1	AGT	6	5	1.5169154017925344	2.5522482486226385	-0.3307902601150989
SIGMAR1	HMGA1	6	5	1.4452320811878179	3.978302710772195	-0.361149812969488
SIGMAR1	HSPB6	7	5	1.3145419495942963	4.769729313692593	-3.3076852582383593
SIGMAR1	CLDN4	7	5	1.2880206314130611	4.313193897354137	-2.291462914700685
SIGMAR1	MFAP4	8	5	1.2393766861872382	5.078836937162001	-3.3103408201769042
SIGMAR1	IGHG4	7	5	1.2190764118014694	1.8908815609149654	-0.30604757908815167
SIGMAR1	MLPH	7	5	1.1897373153990995	3.364005284731913	-0.6661717500304697
SIGMAR1	CXCL5	6	5	0.9664803264732185	2.6563804906605624	-4.1225325647927775
SIGMAR1	IGKC	7	5	0.8572669547290869	2.1698231123024314	-0.48908944286920747
SIGMAR1	ATP1B1	7	5	0.8197359884385573	5.063408390643775	-2.7758920487884553
SIGMAR1	TTR	6	5	0.7946579131508547	2.1452063101575845	-0.37349101452753175
SIGMAR1	ID1	6	5	0.7457833653615351	3.919183656002131	-0.36399019897761153
SIGMAR1	ABCC8	6	5	0.7273598640904643	1.07433973863501	-0.5280917356517588
SIGMAR1	NQO1	6	5	0.7213138802576465	4.572581395702262	-0.6308099192769867
SIGMAR1	SERPINF1	7	5	0.7048866484926986	2.0361002177166454	-2.6876047044791216
SIGMAR1	GABRP	7	5	0.6973198878145357	3.576375030191192	-1.3999960738357669
SIGMAR1	PTGDS	8	5	0.6488279713822762	3.19080486707842	-3.5173887594972957
SIGMAR1	THBS4	6	5	0.5451923588952613	3.3568060974190757	-4.475811338242705
SIGMAR1	TFF1	7	5	0.41936088548504225	1.8971023203647055	-3.225536232545816
SIGMAR1	CHGB	5	5	0.3646991352829942	2.662119164888055	0.016881595752021188
SIGMAR1	KCNE4	10	5	0.3580887926504377	1.978342704448553	-0.9052503989487423
SIGMAR1	TACSTD2	7	5	0.35373398194914607	4.375052153902072	-1.7251888031343996
SIGMAR1	KCNB1	8	5	0.3365062954441995	1.3319549825695907	-0.5977112706816211
SIGMAR1	KRT8	7	5	0.31368122240427765	3.2987085901404694	-1.1146099433419971
SIGMAR1	S100A14	8	5	0.21975220555368596	3.5485566527615835	-0.91912300246906
SIGMAR1	KRT7	9	5	0.1918313431276628	4.297981059064553	-0.8105610541094509
SIGMAR1	KRT18	9	5	0.17474204938315863	4.305691801732409	-1.9317912685038257
SIGMAR1	KCNK1	10	5	0.15984383364041363	3.7303143300198864	-1.8421768974547932
SIGMAR1	KCNAB2	10	5	0.14121682735413515	2.0966839071178835	-2.02815704822752
SIGMAR1	SLPI	10	5	0.12819101973093217	4.5641971841237385	-1.5685085940174397
SIGMAR1	KCNN3	10	5	0.12461805066136047	2.460855428895202	-0.6514924209203912
SIGMAR1	SFRP4	9	5	0.058479323225066424	4.525892027526434	-2.0896086698005063
SIGMAR1	OLFM4	8	5	0.03939807787426804	1.3109980083356845	-1.3824542147931602
SIGMAR1	LGALS4	9	5	0.03060440747924844	3.2924739930055615	-1.5192261415153427
SIGMAR1	CCL19	8	5	0.023252726175191463	2.515539982203457	-3.6786070466980916
SIGMAR1	MMP11	10	5	0.012733537562597819	2.740631723474305	-2.383208768849056
SIGMAR1	KCNT2	10	5	-0.03109134380719042	1.6383454053664324	-0.9455026691831051
SIGMAR1	KCNK6	10	5	-0.0682062980021029	1.319562099228513	-0.8282362153162409
SIGMAR1	MMP7	10	5	-0.23752724024678618	3.383937013216992	-1.8432531748271161
SIGMAR1	EPHA3	4	4	2.7852721096512	5.29300446050331	1.9473190679597845
SIGMAR1	COLEC11	5	4	2.286015438709819	4.609267127507008	-0.9316630676720097
SIGMAR1	ANXA3	4	4	2.0535418455045282	3.785126049854772	0.14220749214183262
SIGMAR1	INAVA	5	4	1.7962630248340734	4.865096498717541	-1.7190645800224567
SIGMAR1	A2M	5	4	1.7776015822447881	2.217151908483175	-1.1063790530840878
SIGMAR1	KRT5	5	4	1.472842801928844	4.658929536028267	-2.7349774169331833
SIGMAR1	ADIRF	5	4	1.4696231944668894	4.2232250601787715	-1.2407041921231632
SIGMAR1	ITGA3	5	4	1.4414887739583297	4.287144618891706	-1.0603638909587545
SIGMAR1	SLC30A8	4	4	1.393716186083684	2.154929565681882	0.3123121574559216
SIGMAR1	BTG2	5	4	1.353315736020054	2.4654798410942664	-4.402247625440492
SIGMAR1	BOC	4	4	1.2832720358347367	1.7743124283033471	1.0548832599468618
SIGMAR1	JCHAIN	6	4	1.1908889361300712	3.2764158283976923	-3.9159852971916282
SIGMAR1	INS	6	4	1.1864440981998792	2.3832563157830493	-0.04494131899564032
SIGMAR1	EPCAM	7	4	1.149792295790529	4.0510542960095925	-1.203757911998473
SIGMAR1	SOD3	6	4	1.1489439471692129	5.687005156493077	-1.3129104019845457
SIGMAR1	RASD1	5	4	1.1265316757838668	2.044148632601245	-2.9428095467564876
SIGMAR1	COL4A1	5	4	1.1183551972785173	2.941331379688536	-0.1386561709567549
SIGMAR1	CEBPD	5	4	1.1048692627314032	2.4229833548502824	-0.002597640371482957
SIGMAR1	CDH1	5	4	1.099913168818914	2.630304091653261	-1.2693813592803098
SIGMAR1	TIMP1	4	4	1.0765514183473928	2.087226746544938	0.4839536439234971
SIGMAR1	UBD	4	4	1.0561670859077614	3.3211878817126887	0.002316899737649581
SIGMAR1	TMC5	7	4	1.0361286376884387	3.3186324407197363	-1.656425669172532
SIGMAR1	ISG15	5	4	1.0329231182493523	1.6091705971009014	-0.18779606162291498
SIGMAR1	HEYL	5	4	0.9724862580471555	4.748432629044952	-1.1799828106025971
SIGMAR1	SRPX	4	4	0.9719691586709247	3.089924323962627	0.47431348162357884
SIGMAR1	C3	6	4	0.9588504018637369	1.8084519778946258	-3.3762172863946693
SIGMAR1	IGFBP4	4	4	0.9526918434741362	2.4268956934907138	0.6028142717700236
SIGMAR1	SYNPO2	5	4	0.9278895589093782	3.7387426425074937	-0.31794007755083364
SIGMAR1	SST	4	4	0.9001313964330986	1.629484670506545	0.11445195500281807
SIGMAR1	TFF2	6	4	0.8574221995549205	2.422047718826764	-0.7877500616071992
SIGMAR1	DCN	4	4	0.825267685264123	3.6713959976599253	0.3048018694590151
SIGMAR1	TMOD1	4	4	0.8241942224083629	1.9140254991740833	0.07879513997161224
SIGMAR1	DMBT1	7	4	0.741791552336708	1.8802298666745245	-2.964448912790465
SIGMAR1	ABCC3	6	4	0.6934104422006229	5.137319048834189	-1.4798291021257333
SIGMAR1	MUC6	6	4	0.6789876050806731	1.5834851120333358	-2.5968048885925574
SIGMAR1	CCL18	6	4	0.6782364947006915	3.095139416053044	-2.0379474258591777
SIGMAR1	KLF5	6	4	0.6356176132410258	5.312096140544736	-2.742976359166655
SIGMAR1	CFTR	7	4	0.5860752366857611	3.0918187872883527	-3.082851422083926
SIGMAR1	CRP	5	4	0.5187622383620877	2.729412835856951	-0.8648637600802501
SIGMAR1	SYT8	7	4	0.4946679845042472	5.155533267889734	-1.785294246672788
SIGMAR1	GPRC5A	7	4	0.4856087405494064	2.9765317142243943	-0.8509127476786206
SIGMAR1	C1R	6	4	0.4254632078496428	2.055959004472604	-1.1455450584248186
SIGMAR1	TSPAN1	7	4	0.3483289179165637	4.361256458529696	-1.0218162461693177
SIGMAR1	SERPINA3	7	4	0.3412642094546293	1.9017637319937506	-3.5813082795706856
SIGMAR1	HLA-DRA	7	4	0.3179930387981996	1.3670174512707416	-3.72227065521948
SIGMAR1	AZGP1	6	4	0.2555412792398708	2.9013042190384675	-1.6539516878031453
SIGMAR1	FBLN2	6	4	0.21870425978647884	0.736620448964447	-2.41685510538273
SIGMAR1	IGHG2	8	4	0.19207737053720855	2.7623751456572525	-1.3016111277541755
SIGMAR1	PDLIM3	7	4	0.1424788677780864	1.7570446758907672	-2.8776225569790093
SIGMAR1	GREM1	8	4	0.09851225175010436	1.5771718328991131	-2.298554712108846
SIGMAR1	ADAMTS1	7	4	0.015049576149480473	1.9027776581438507	-3.800625489136287
SIGMAR1	KCNS3	10	4	-0.01912291355530802	3.8317443030102956	-0.8172137998355529
SIGMAR1	CLU	9	4	-0.029178703157582586	2.8030864203539267	-1.0243859214662188
SIGMAR1	CXCL8	8	4	-0.16477335032816884	3.35363910146001	-1.8774650232018648
SIGMAR1	IGHG3	9	4	-0.16664843196691076	2.9846349072353546	-2.1367726858666747
SIGMAR1	KCND2	10	4	-0.2509021218708731	3.114408011169444	-1.30286436811677
SIGMAR1	COL10A1	9	4	-0.35455258096664527	2.2025622788672625	-1.413088936197688
SIGMAR1	KCNMA1	10	4	-0.48150929603102527	2.511144492249295	-1.4435241914294135
SIGMAR1	KCNJ8	10	4	-0.5271938935574627	2.3581305085067137	-2.9068721016148
SIGMAR1	KIAA1522	3	3	3.7034684053526483	4.445158305343016	2.7715438694722785
SIGMAR1	JUP	4	3	3.542524259754134	4.34632530623442	-0.29969929937827244
SIGMAR1	CLDN1	3	3	3.39276941628736	4.910155452378192	0.8076754282800808
SIGMAR1	LY6D	4	3	3.004208436363828	5.266467174841868	-2.3373411969165594
SIGMAR1	MYRF	3	3	2.717181496221444	3.611353393073692	0.2582616234198003
SIGMAR1	CBLC	3	3	2.686408004061157	2.9850883550197604	0.9923717589097871
SIGMAR1	CGN	4	3	2.261955737494339	4.782365933896185	-2.61902510285824
SIGMAR1	DPEP1	4	3	2.246881662894662	4.004502307630896	-0.5703119637277375
SIGMAR1	LAMA5	3	3	2.116147134237719	3.8532261208325784	0.3016718083539769
SIGMAR1	AQP3	3	3	2.101970253393165	5.915682353749561	1.3188601237294524
SIGMAR1	TM4SF1	4	3	2.037968424324533	4.345038398136703	-1.7663057306528152
SIGMAR1	PRELP	5	3	1.964689614373994	4.875850631957978	-2.3830342754786606
SIGMAR1	CTRB2	3	3	1.9080428138076178	2.1302874321536276	0.26251241070739323
SIGMAR1	SCG5	3	3	1.8922739711116094	2.2144396664782593	0.5715861256871975
SIGMAR1	AKR1C2	4	3	1.8315833264955002	4.209953501166532	-0.2543294480943549
SIGMAR1	KRT13	3	3	1.7946214995204992	2.1791391041850248	0.7343254210252481
SIGMAR1	S100A11	3	3	1.7670242880025264	2.801781606118348	0.428953417804972
SIGMAR1	TRIM29	5	3	1.7497332322321673	5.469213648253076	-1.730269692469496
SIGMAR1	IFI6	4	3	1.7472362608488612	2.3018121804238723	-0.7686179103051294
SIGMAR1	COL14A1	4	3	1.735316305387149	4.619158137929415	-0.8208179382461892
SIGMAR1	SPON2	4	3	1.7091600009181334	2.010068229725405	-1.2355722820657504
SIGMAR1	GFRA1	3	3	1.5902991293515623	2.216927391514523	0.6844295833510636
SIGMAR1	RGS5	3	3	1.5206953771288154	4.0477591963761475	0.9963668418731736
SIGMAR1	FBLN5	4	3	1.4950916067846294	4.619318710441287	-0.6346120198032581
SIGMAR1	CLPS	3	3	1.4699951003509155	1.7022359095198927	0.3854320895082247
SIGMAR1	INPP4B	4	3	1.467616484760265	3.8437130968697044	-0.35401023175308965
SIGMAR1	IGHJ2	3	3	1.464579006291523	2.823253104747707	0.054375798997403774
SIGMAR1	SCN7A	3	3	1.4463736100251225	3.629795807097152	0.46833424469733925
SIGMAR1	SCG3	3	3	1.4229233332292697	1.599999489470727	0.4070039567036772
SIGMAR1	ITGB6	6	3	1.4187674554924024	4.384060758731153	-1.3155799626714368
SIGMAR1	CPA2	3	3	1.4088738726320382	2.170611372199251	0.9862066200457357
SIGMAR1	NCCRP1	4	3	1.3168988899953344	3.510420614718141	-2.7115686812192
SIGMAR1	CHRDL2	3	3	1.2994128666105174	2.229840262784443	0.3710328322119147
SIGMAR1	SLC40A1	5	3	1.242030285513108	2.8082642862541434	-1.2337577298739653
SIGMAR1	REG1B	3	3	1.2118034733043475	2.4650096340162975	0.1548100413055808
SIGMAR1	SPARCL1	4	3	1.2104257878961733	3.745344802900758	-1.1629178383182754
SIGMAR1	CTRB1	3	3	1.1901954074256198	1.6650158911872364	0.7738602655151283
SIGMAR1	CEL	3	3	1.1651422396050444	1.5116150989249084	0.7653967816670394
SIGMAR1	MYC	4	3	1.1641999337419	1.940302591530665	-0.09640733298796363
SIGMAR1	TGM2	4	3	1.159796625238658	2.287098662939178	-0.7135968509241024
SIGMAR1	SELENOP	5	3	1.1488204517982255	2.74877694263016	-3.8428766056437973
SIGMAR1	MZB1	4	3	1.1422690018196617	3.9865265000025287	-4.220949751716795
SIGMAR1	SPINT1	4	3	1.1333446948754893	4.797360414087216	-1.6343323459208616
SIGMAR1	IL32	3	3	1.0926380852620863	1.91360346938853	0.3554264297835842
SIGMAR1	SMAD3	4	3	1.0827436629731644	4.712366136160117	-0.2957153662159527
SIGMAR1	IGLC7	4	3	1.0598134169139524	2.9458421719042	-2.924775004387631
SIGMAR1	TNS1	4	3	1.0593780521311449	4.031959585074303	-0.7380502437273442
SIGMAR1	CA2	3	3	1.0514796191985731	3.6363348310756773	0.9383554210538745
SIGMAR1	KLK10	4	3	1.0354877320178846	3.024425239313774	-0.6344878248697774
SIGMAR1	SNCG	3	3	1.0219754065827424	2.7315873281195358	0.09674666995387597
SIGMAR1	OCIAD2	4	3	0.9746361085143589	4.927878778427101	-0.9407174126993374
SIGMAR1	CPB1	3	3	0.9506940627096667	2.064467069546551	0.8768847144251962
SIGMAR1	SCGN	3	3	0.9120787160256909	1.4045550384578918	0.5606456504645366
SIGMAR1	PNLIP	3	3	0.89428038845971	1.3276942673344563	0.6714962484936696
SIGMAR1	TCN1	5	3	0.8868368101067788	2.5107606567519096	-1.8086961772841497
SIGMAR1	NEURL1	3	3	0.8607607242243498	1.6981018755668977	0.37790721738357447
SIGMAR1	CTRC	3	3	0.8602181055489048	1.3850819174226179	0.7799759366420109
SIGMAR1	SLC44A4	3	3	0.8505478016211395	2.09199381692071	0.10305963768039066
SIGMAR1	PRSS1	4	3	0.8462005848526829	1.8930146834576924	-0.06166311391955388
SIGMAR1	CD74	4	3	0.8276278543549784	1.5681057302350492	-0.40157100966918174
SIGMAR1	MUC13	3	3	0.8274211367879637	2.8033893190557855	0.7066995510925764
SIGMAR1	TNS4	4	3	0.8245802136251378	4.840732578053593	-2.353424433766727
SIGMAR1	IGHV1-46	4	3	0.8034749276976985	1.8547509403235662	-0.7759565982277418
SIGMAR1	BGN	3	3	0.7830100889426618	3.481304936859363	0.26199460061743374
SIGMAR1	PLA2G2A	4	3	0.7757578027720287	2.7727581563220176	-3.456981851882167
SIGMAR1	TESC	4	3	0.7746054080214748	1.8379894866837911	-2.2214457879311107
SIGMAR1	PDGFRB	3	3	0.7002344894430059	1.8977820686767364	0.42186259639322604
SIGMAR1	CELA3A	3	3	0.6978963839501969	1.7384787061401918	0.6975461292872415
SIGMAR1	CHGA	3	3	0.6881762949548762	2.2949880527629163	0.11810785092268648
SIGMAR1	FOS	5	3	0.6806847907651737	2.2387793228175505	-3.472590796545058
SIGMAR1	PLN	3	3	0.678568076743029	1.1856083029820506	0.3737921661913838
SIGMAR1	REG4	3	3	0.6676608714872864	2.9830629110447715	0.1360857022021531
SIGMAR1	MCAM	4	3	0.6500773215143473	0.8124485258464025	-0.111046344967349
SIGMAR1	REG1A	5	3	0.6447760239019711	2.1882319056729123	-0.6632237579450396
SIGMAR1	MUC4	4	3	0.6403444036093136	4.235821952390431	-2.0246955015221575
SIGMAR1	IFI30	4	3	0.57993123265904	2.399505239259992	-0.6369903281865454
SIGMAR1	MT1X	6	3	0.549900550233128	3.9149398616427207	-0.9220421586792347
SIGMAR1	HLA-DPA1	4	3	0.5491142214148855	2.854562046965668	-0.9325426545909834
SIGMAR1	MXRA8	4	3	0.5090438131268843	1.8676292393286604	-0.7639606000199899
SIGMAR1	PPP1R1B	4	3	0.48947722892077905	1.7429121846732565	-0.2994523043957562
SIGMAR1	S1PR3	4	3	0.4848621409686342	1.8744306880501764	-0.1911165293442717
SIGMAR1	CRISPLD2	4	3	0.4814586922375102	1.4048398300837732	-0.3289162556226402
SIGMAR1	FLNA	3	3	0.4721966812924254	0.5769994565997502	0.23600696740439653
SIGMAR1	MT1G	5	3	0.4709531263079083	1.2630175260850656	-1.4293285412371481
SIGMAR1	CXCL17	4	3	0.4543712248972287	1.1915696108145575	-0.18555690098353528
SIGMAR1	VGF	3	3	0.4360340504795125	0.5725198888787222	0.13124994481772964
SIGMAR1	TMPRSS4	6	3	0.42838778049022364	5.268473836342141	-1.7408605654550333
SIGMAR1	NKX2-2	3	3	0.4248162161454819	1.1885493915539116	0.24146128678074422
SIGMAR1	MUC5AC	4	3	0.41150247592366673	3.6075977393054193	-0.8559512481293965
SIGMAR1	FCGBP	4	3	0.39257482247880315	1.1049506775868576	-0.8008839336104161
SIGMAR1	LAD1	6	3	0.33788477689755264	5.407436981678689	-1.31819225981013
SIGMAR1	CYP3A5	5	3	0.3326663011405654	2.977826845875855	-1.211077280042668
SIGMAR1	TGFBI	5	3	0.33159875189678206	2.3060554321030957	-1.5326241957781361
SIGMAR1	IGHD	5	3	0.32181094757636375	1.0599100614188888	-2.256490950393463
SIGMAR1	OGN	5	3	0.3110283538244788	2.9733768297862606	-2.0621135896441345
SIGMAR1	PADI1	4	3	0.2670327930916141	2.7917086089732592	-0.5461724067553722
SIGMAR1	LAMB3	5	3	0.2425113987536385	4.766811095087477	-0.8225137136892045
SIGMAR1	CALD1	4	3	0.18247247858634763	0.9366666086037044	-0.6129066281197912
SIGMAR1	IGLV9-49	4	3	0.16177269467208713	1.7172448555858437	-0.11376448867503665
SIGMAR1	FN1	5	3	0.15317441802085546	1.6123731137694697	-1.5838839027867802
SIGMAR1	LUM	6	3	0.15065155569594968	0.6862743058291706	-0.6926317091158533
SIGMAR1	FSTL1	4	3	0.14962322443117929	0.9127294038752685	-1.079908584391609
SIGMAR1	ANXA2	5	3	0.13925439263246447	2.970134668429126	-2.2106610135131537
SIGMAR1	SCG2	5	3	0.1392424652705978	2.5190171646813533	-0.9053984447250069
SIGMAR1	HSPA1A	5	3	0.13313960300942634	2.3893602245998395	-2.7490901309202167
SIGMAR1	PDIA2	3	3	0.1284946357035874	1.2065480769593115	0.11362170845484307
SIGMAR1	SULT1C2	5	3	0.1161134903598547	2.6193625462795023	-3.845568818526621
SIGMAR1	MMP14	5	3	0.09612263837013746	2.381823224293482	-1.5297137175169029
SIGMAR1	STMN2	4	3	0.08296342935408016	1.642714145701796	-0.8859929485499269
SIGMAR1	FBXO32	5	3	0.06493918288620985	1.8086226279200694	-2.192817103858023
SIGMAR1	CNN1	6	3	0.009533864778288326	2.233398159379367	-2.181207500047049
SIGMAR1	PDZK1IP1	7	3	-0.025007025793598044	1.9118166607593938	-0.4060891103951473
SIGMAR1	IGHJ6	6	3	-0.08645228862089512	1.2299230855527499	-2.4828485779208034
SIGMAR1	LAPTM5	6	3	-0.19829043434154808	2.9263781090046117	-2.9368934616397766
SIGMAR1	C15orf48	6	3	-0.20117466424238584	2.9587776772554775	-1.7376108847074507
SIGMAR1	APOE	6	3	-0.26984309527234795	3.650667344237295	-1.5966534902704883
SIGMAR1	DUOX2	6	3	-0.3400149002000818	1.2226609374790183	-2.1917360455091353
SIGMAR1	MAL2	7	3	-0.35000784413856584	4.417582891816273	-1.6198355735781609
SIGMAR1	SPINK1	7	3	-0.365696390534309	0.47195816314427197	-2.2914374483899844
SIGMAR1	ACTA2	7	3	-0.4256797787488579	2.27568862965152	-0.9593705947739287
SIGMAR1	AEBP1	6	3	-0.44734632566916865	2.296486115612361	-1.2110031504855205
SIGMAR1	PSCA	8	3	-0.5088590357363979	4.4133902130260285	-2.0588581768873433
SIGMAR1	CXCL14	9	3	-0.5148020103305028	3.5340806087951906	-2.820264445607321
SIGMAR1	PIGR	7	3	-0.5997027908566066	2.8713493028867485	-2.6630589395251723
SIGMAR1	ACTG2	7	3	-0.6359076331266954	3.224372453863241	-2.7424913886325673
SIGMAR1	POSTN	8	3	-0.6604985531425378	1.2663463300940137	-2.821530175850235
SIGMAR1	CCN2	8	3	-0.6872267727386212	2.5520835428087967	-1.8464098788773815
SIGMAR1	S100A9	7	3	-0.7546288231615504	2.7757306379355895	-1.1013048175566746
SIGMAR1	MMP2	8	3	-0.8552401098803246	0.5653583516895018	-2.065718304744111
SIGMAR1	SLC11A1	7	3	-1.3194786444039224	2.0320402994112974	-2.545873701083111
SIGMAR1	KLK8	2	2	5.061132104391309	5.975782952350011	4.1464812564326055
SIGMAR1	MMP28	2	2	4.167884487337893	4.502187640508449	3.8335813341673357
SIGMAR1	CLIC3	2	2	4.076935295034801	4.450093555109863	3.703777034959739
SIGMAR1	CALML5	2	2	3.7306979112386927	5.171699997842691	2.2896958246346935
SIGMAR1	ALS2CL	2	2	3.6823481146745145	4.414889950318096	2.9498062790309327
SIGMAR1	NBEAL2	2	2	3.67076465030857	4.160427254529039	3.1811020460881
SIGMAR1	PALM3	2	2	3.6231790599312776	4.636368609319687	2.609989510542868
SIGMAR1	NRXN2	2	2	3.6028210629459827	4.836826702803469	2.3688154230884964
SIGMAR1	KRT20	2	2	3.595659583700133	5.142647291411754	2.048671875988513
SIGMAR1	GGT5	2	2	3.53882245119088	3.6379438791949466	3.4397010231868137
SIGMAR1	NR2F1	2	2	3.486092612049606	5.381525391328066	1.5906598327711456
SIGMAR1	MDK	2	2	3.4463566247031556	3.890872399271641	3.0018408501346703
SIGMAR1	F2R	2	2	3.246253891560235	3.903613971251561	2.588893811868909
SIGMAR1	VILL	2	2	3.212895047720593	4.12086450083146	2.304925594609726
SIGMAR1	DEFB1	2	2	3.145740414881148	4.699299686126452	1.5921811436358433
SIGMAR1	KRT23	3	2	3.1169876461015877	5.65736240365942	-2.314902685718049
SIGMAR1	PTPRF	2	2	3.044297152361174	5.054182720572624	1.0344115841497248
SIGMAR1	PRXL2B	2	2	3.003826276141773	3.231239565930967	2.7764129863525793
SIGMAR1	F2RL2	3	2	2.942676141030155	3.5331104736893275	-0.7612742299942229
SIGMAR1	MUC20	2	2	2.870163813255812	4.284923728349542	1.4554038981620823
SIGMAR1	TNFRSF21	2	2	2.782939649662226	3.1629964223166516	2.4028828770078
SIGMAR1	FRZB	2	2	2.722335758928215	4.421764468237813	1.0229070496186166
SIGMAR1	DDR1	2	2	2.6254934299012223	2.885600052712543	2.3653868070899016
SIGMAR1	GATM	2	2	2.5672376703769166	2.960277392218821	2.1741979485350122
SIGMAR1	SLC7A11	2	2	2.5418414050722347	4.389052248945341	0.6946305611991279
SIGMAR1	AGRN	2	2	2.4615268184258237	4.0313269776769225	0.891726659174725
SIGMAR1	CHCHD1	2	2	2.454000448634394	3.0617316789413094	1.8462692183274783
SIGMAR1	EVPL	2	2	2.4538362880180475	3.475307682830682	1.4323648932054134
SIGMAR1	SERPINB5	2	2	2.313129747858048	4.562337683895199	0.06392181182089707
SIGMAR1	ITPRID2	2	2	2.2982115656225264	3.5412975282639576	1.055125602981095
SIGMAR1	ONECUT1	2	2	2.2928772154712838	3.6883362633939463	0.8974181675486212
SIGMAR1	PROM2	3	2	2.2824482953024523	5.8436874788314555	-1.3680111108361195
SIGMAR1	SLC6A14	2	2	2.2488266937319215	3.352697894243104	1.144955493220739
SIGMAR1	PHACTR3	3	2	2.2321332992917298	4.475261654291112	-1.6117277667298024
SIGMAR1	AMBP	2	2	2.2030844224282484	2.561765999405871	1.8444028454506256
SIGMAR1	CPA3	3	2	2.1710442310503812	3.735204236399288	-0.040727540385285116
SIGMAR1	PMEPA1	2	2	2.169403072464289	4.226663875062497	0.11214226986608111
SIGMAR1	SCD	2	2	2.1573756293134605	4.203097728623286	0.11165353000363527
SIGMAR1	ADAMTSL2	3	2	2.1421435251945797	4.059982627713432	-0.39382868369458784
SIGMAR1	CCDC3	2	2	2.0520891604835776	2.982740573482995	1.1214377474841604
SIGMAR1	PHGR1	2	2	2.046870968583826	3.1792945794371708	0.9144473577304804
SIGMAR1	AC007906.2	2	2	2.0226321764889548	2.7273075924858334	1.317956760492076
SIGMAR1	VIM	2	2	1.9844948380077752	3.3063851176263177	0.6626045583892325
SIGMAR1	ABCA8	3	2	1.872830411074199	1.9612056230418762	-0.32036677258916085
SIGMAR1	IGFBP7	2	2	1.8641093020805246	2.331395270853416	1.3968233333076332
SIGMAR1	KIAA1324	2	2	1.841225857320946	1.8796500972297943	1.8028016174120978
SIGMAR1	SYCN	2	2	1.8375344247282588	1.9346418412406587	1.7404270082158588
SIGMAR1	CLDN7	3	2	1.832105565438729	3.9146830949763722	-2.9322537490424647
SIGMAR1	SYNM	2	2	1.803604648776147	2.3314506078100385	1.2757586897422557
SIGMAR1	HIST1H1B	2	2	1.778946586292349	2.1319033756145163	1.4259897969701818
SIGMAR1	TM4SF4	3	2	1.7753065054906978	4.8323208887831814	-0.9659904397275275
SIGMAR1	HAND2	3	2	1.7598205873939343	1.8912397978660067	-1.0960382656877405
SIGMAR1	DCBLD2	2	2	1.7411946791828583	2.873697253914044	0.6086921044516727
SIGMAR1	RGMA	2	2	1.725998401502137	1.8820985733906668	1.5698982296136073
SIGMAR1	BCAM	3	2	1.717138195439035	2.2038241821296154	-1.521671315747051
SIGMAR1	NGFR	2	2	1.7152843618957627	1.901124655108047	1.5294440686834785
SIGMAR1	GP2	2	2	1.7032746738431577	1.8813361357499099	1.5252132119364057
SIGMAR1	ACHE	2	2	1.6803769114107054	1.775605728483606	1.5851480943378047
SIGMAR1	IGHV6-1	3	2	1.6721632179560786	2.7201868519466568	-0.5776982369903871
SIGMAR1	EGR3	2	2	1.6567560937403816	1.9096406753245878	1.4038715121561753
SIGMAR1	HIST1H2BB	2	2	1.6039222357091378	2.760304445410274	0.44754002600800175
SIGMAR1	SCRG1	2	2	1.6020840132375267	1.797986148410185	1.4061818780648685
SIGMAR1	IGHV5-10-1	3	2	1.5795832404609884	2.495974632333626	-1.6018403523984597
SIGMAR1	SLC4A4	2	2	1.5791081730554046	2.636770969751435	0.5214453763593744
SIGMAR1	CYP1B1	2	2	1.5786485844048261	2.010801259170641	1.1464959096390113
SIGMAR1	MYH14	3	2	1.5755508295403589	4.379144670427333	-0.8880890376832883
SIGMAR1	CKB	3	2	1.5705030094243013	2.0341438152873357	-0.006512219142674175
SIGMAR1	PLAAT4	3	2	1.541031690034895	3.8309473429977587	-0.0044798308859490795
SIGMAR1	HAS1	3	2	1.480771112889567	1.9819666904932736	-1.9878652974164304
SIGMAR1	SERPINB2	2	2	1.479246219494156	1.5381939035957506	1.4202985353925615
SIGMAR1	ERO1B	3	2	1.4334790237124493	1.6394296049719403	-0.9865317404497908
SIGMAR1	PRUNE2	2	2	1.4193209783507656	2.0937159825866005	0.7449259741149307
SIGMAR1	PNLIPRP1	2	2	1.4139849695725033	1.4363442925063703	1.391625646638636
SIGMAR1	PRR15L	4	2	1.388825122311863	3.1501683234005613	-0.25069020246081325
SIGMAR1	NEURL3	2	2	1.381814114267677	1.4564160334916751	1.307212195043679
SIGMAR1	RBPMS2	2	2	1.3716879612594892	1.8547775796426313	0.8885983428763471
SIGMAR1	FXYD6	2	2	1.3700933290705013	2.0254760281981556	0.7147106299428472
SIGMAR1	PPP1R14A	3	2	1.339934077921037	2.3312316601748733	-0.4207512904114221
SIGMAR1	DEPP1	4	2	1.3255730878103769	2.801516292141294	-0.7439893147018886
SIGMAR1	SOX9	3	2	1.3137146073131194	1.5574307288147353	-2.4732441196417407
SIGMAR1	IGLV6-57	3	2	1.2986392538228033	1.3066901410083311	-2.7046539064107415
SIGMAR1	CRYBA2	2	2	1.2862555609404613	1.772839980020887	0.7996711418600359
SIGMAR1	CPLX2	2	2	1.266942609226281	1.606608291307199	0.927276927145363
SIGMAR1	MMP19	2	2	1.2654074548407976	1.6171194661978832	0.9136954434837119
SIGMAR1	CPXM2	2	2	1.262714078091069	1.6338406478017413	0.8915875083803966
SIGMAR1	SORBS1	3	2	1.2498061357068866	1.490483138566195	-1.5514448622372103
SIGMAR1	CPA1	3	2	1.2133088583677265	1.5909680092133474	-0.15926626359722645
SIGMAR1	PPP1R12B	2	2	1.2106108437399152	1.7530523723195057	0.6681693151603247
SIGMAR1	SOD2	3	2	1.2026613967655315	2.576799399774865	-4.577664703591242
SIGMAR1	AHNAK2	3	2	1.1615931017084293	1.349820606537762	-1.909852923475766
SIGMAR1	RBP1	2	2	1.1447532230082236	1.1905132537207928	1.0989931922956542
SIGMAR1	APLNR	2	2	1.1389435511549424	1.8750961888979778	0.40279091341190687
SIGMAR1	SERINC2	3	2	1.1379081330893361	5.390264832897016	-0.7987482577360218
SIGMAR1	NR5A2	2	2	1.101697400421924	1.4517544421901802	0.7516403586536677
SIGMAR1	NFASC	2	2	1.0911939078529755	1.8965990770482661	0.2857887386576847
SIGMAR1	G6PC2	2	2	1.065080973843726	1.5221337996741047	0.608028148013347
SIGMAR1	FAM83D	2	2	1.0532350448806247	1.9337157545715566	0.17275433518969258
SIGMAR1	AKAP6	3	2	1.0524669690870334	2.3137003442825472	-0.8801713213593908
SIGMAR1	TMEM204	2	2	1.0470165506651898	2.081894927327251	0.012138174003128402
SIGMAR1	COL4A2	2	2	1.0415607453539466	1.8354114734826057	0.24771001722528746
SIGMAR1	KRT14	2	2	1.029150523987408	1.2991267255150596	0.7591743224597562
SIGMAR1	SBSPON	2	2	1.0283454722895384	1.2015488352806463	0.8551421092984306
SIGMAR1	ITGB8	3	2	1.0248871577399121	3.0453645255891533	-1.6092337066247646
SIGMAR1	CFL2	2	2	0.9769562396792619	1.7315513367619724	0.22236114259655157
SIGMAR1	GJD2	2	2	0.9615677211287015	1.153994389253574	0.769141053003829
SIGMAR1	NET1	4	2	0.9511959299719561	3.7047982185337123	-2.218077990853046
SIGMAR1	NDRG2	2	2	0.9291677545682536	1.7275286603597513	0.13080684877675589
SIGMAR1	PPP1R1A	2	2	0.8965221172867204	1.1166779414444752	0.6763662931289657
SIGMAR1	AREG	2	2	0.8914500188075769	0.9944864546993514	0.7884135829158025
SIGMAR1	SPEG	2	2	0.8794929638669073	1.4912382366591768	0.2677476910746379
SIGMAR1	WNT4	2	2	0.8727390444828962	1.224626992276108	0.5208510966896844
SIGMAR1	DTX1	2	2	0.8719311870585409	1.2444439018115006	0.4994184723055813
SIGMAR1	CRIP1	3	2	0.8699903652637858	2.9288632571323916	-2.1514310699967396
SIGMAR1	PRAP1	3	2	0.8699054143818741	1.4204782196709047	-1.7426424457250074
SIGMAR1	PODXL	2	2	0.8663190344666762	1.0563034161500156	0.6763346527833368
SIGMAR1	PTP4A3	3	2	0.8516003512403482	3.34274279468955	-0.39172535114377705
SIGMAR1	LMOD1	3	2	0.8163687489723795	2.082352706111851	-0.46244890640567304
SIGMAR1	NRXN1	2	2	0.8112540350169521	1.209630702834188	0.41287736719971635
SIGMAR1	PLA2G1B	2	2	0.8103753983504418	1.5005364523434457	0.12021434435743786
SIGMAR1	NFATC1	2	2	0.8054931096379179	1.026387248436592	0.584598970839244
SIGMAR1	IFITM10	2	2	0.8051881636428735	1.0890960667163083	0.5212802605694388
SIGMAR1	CLDN18	3	2	0.779678513939447	2.0327936128929704	-3.432971302078746
SIGMAR1	CST6	3	2	0.7183055510261238	2.469817477184764	-2.359862551400728
SIGMAR1	FXYD1	2	2	0.7167660131384888	0.9161890187552728	0.5173430075217046
SIGMAR1	CXCL9	2	2	0.7147226383138124	1.37973118968603	0.04971408694159483
SIGMAR1	RDH10	2	2	0.7047037973947835	0.8655257071743637	0.5438818876152033
SIGMAR1	CDH17	2	2	0.7019615874250122	1.2136317292231986	0.19029144562682587
SIGMAR1	HIST1H4A	2	2	0.6972576022635252	0.9312994789578937	0.46321572556915674
SIGMAR1	PDGFRA	2	2	0.6958496822097447	1.1933554473072079	0.1983439171122816
SIGMAR1	THY1	3	2	0.6763785808664269	1.6445269643076212	-0.4655453541640795
SIGMAR1	GC	3	2	0.6525168991779275	0.7980546486275549	-0.5820221300210132
SIGMAR1	ERN2	2	2	0.6503364889786026	0.8583273118099788	0.44234566614722653
SIGMAR1	COL1A1	3	2	0.6363062485721485	1.603398235041321	-0.262674060946827
SIGMAR1	ANXA10	3	2	0.6336537081315275	1.2090958435130787	-4.332210300375405
SIGMAR1	HBA1	3	2	0.6264572589984109	0.654077527928482	-0.686235274269076
SIGMAR1	FCER1G	2	2	0.6116627963599129	0.8705965345336139	0.352729058186212
SIGMAR1	PIK3C2G	2	2	0.5996648057623375	0.7958727530155552	0.40345685850911994
SIGMAR1	CRYAB	2	2	0.5895001471128456	0.9286015968312005	0.2503986973944907
SIGMAR1	COL3A1	3	2	0.5894141291010497	2.3532526096312645	-0.26167933205865285
SIGMAR1	MATN3	3	2	0.5494915103807063	0.8312108975803426	-0.12068132406717152
SIGMAR1	NEUROD1	2	2	0.5431663000279503	0.7773512838355836	0.30898131622031705
SIGMAR1	CCL5	3	2	0.5356840334542944	1.8433012833243898	-0.6516100374256931
SIGMAR1	CD81	3	2	0.49944920554238253	3.1545773247230016	-1.3727401253684457
SIGMAR1	TPSB2	3	2	0.48741221036429694	3.8824841976547178	-1.8823480864668019
SIGMAR1	IFI44L	3	2	0.48159430679834375	2.427980909494486	-2.596619938577975
SIGMAR1	LYVE1	3	2	0.45106069190505416	1.1731855610055628	-2.0846703659074084
SIGMAR1	TBC1D1	2	2	0.426988239030513	0.5480780728584714	0.3058984052025545
SIGMAR1	C6orf141	3	2	0.41599017038904673	1.9689173393330512	-3.1856739042041453
SIGMAR1	CIITA	3	2	0.41086479564540906	0.7146128474084598	-3.0158198057957777
SIGMAR1	RNF213	2	2	0.41027803029095594	0.6106318630841011	0.20992419749781077
SIGMAR1	LAMA3	3	2	0.3977812571990934	0.7613239973221526	-0.20828376421266667
SIGMAR1	PI16	3	2	0.36606140198321496	0.6150021965364639	-2.4720445133240703
SIGMAR1	TSC22D3	2	2	0.3572464644815341	0.4032755626514945	0.3112173663115736
SIGMAR1	TRNP1	4	2	0.35383091660036287	2.026726800685086	-0.8619733879960422
SIGMAR1	CCL17	3	2	0.3192965373511339	1.1968142628060947	-2.199066167802627
SIGMAR1	GATA6	3	2	0.2798968413400309	1.3274898489085407	-1.0442107675520733
SIGMAR1	MYLK	4	2	0.26741454886742805	2.9263673841118694	-2.491252824077284
SIGMAR1	LMO7	3	2	0.2586877069701101	2.9620939669331405	-0.9450054519211042
SIGMAR1	AQP5	3	2	0.25657466278358726	0.49522939765081364	-1.3858479400010262
SIGMAR1	ASS1	3	2	0.2203345919827378	3.8249662668664435	-1.3434986521368573
SIGMAR1	MS4A7	4	2	0.21659456905921326	1.612364797943785	-3.1254430236837067
SIGMAR1	CHI3L1	3	2	0.21259189823039204	1.7254941291026111	-0.9268728409251098
SIGMAR1	MAF	3	2	0.211815086494753	0.841224837043321	-2.907351165838545
SIGMAR1	FGG	4	2	0.20578578011574303	2.136948841379652	-0.8456264727585193
SIGMAR1	MRC2	3	2	0.20088189917612354	0.3800375886385198	-2.54862780236869
SIGMAR1	TIMP3	4	2	0.19941017702956257	0.8763079963343915	-1.7315413156215578
SIGMAR1	COL1A2	3	2	0.19468354366578722	1.8522507819973455	-0.4750733429911242
SIGMAR1	LSR	4	2	0.19118333586654215	2.1596455743353764	-0.7188048049776133
SIGMAR1	SLC34A2	3	2	0.18539384246612428	1.1619103401032136	-1.9134155522257406
SIGMAR1	ADAMTS4	3	2	0.18537130223053766	1.6332342114750207	-2.081880969763868
SIGMAR1	CERCAM	3	2	0.18266387271497772	0.6771030747566905	-0.5046924677773139
SIGMAR1	UGT1A6	3	2	0.17341120442978425	4.834958296634458	-0.5880128960156793
SIGMAR1	DHRS9	3	2	0.16555598757366313	1.027044673497696	-0.6917743585072131
SIGMAR1	C1S	4	2	0.1607797814568363	1.1287182304565755	-0.6170799083547425
SIGMAR1	ITGA7	3	2	0.14750661082896818	1.188441848774742	-0.2659109301188165
SIGMAR1	PDK4	3	2	0.1469358991209395	2.4858861476798277	-1.968943348153324
SIGMAR1	COL6A3	4	2	0.14285713767127906	0.73104192670766	-2.2047186010881394
SIGMAR1	GPX3	4	2	0.13638226086288519	4.065100220980582	-1.3468235215802715
SIGMAR1	ACP5	3	2	0.12616520807713524	1.2682320500005992	-0.04214475338513279
SIGMAR1	CCL2	3	2	0.11682393692961159	0.3530644951528522	-1.7032228591028868
SIGMAR1	S100A2	4	2	0.1138636160451516	4.4683784998912985	-0.771286396344982
SIGMAR1	FAM83A	3	2	0.11088220626752923	4.129255757989561	-1.0492592378247545
SIGMAR1	JUN	4	2	0.10827709423101822	3.447692197852684	-1.575833309613058
SIGMAR1	BPIFB1	2	2	0.10645991671902962	0.14479292610419114	0.06812690733386809
SIGMAR1	CYSTM1	4	2	0.0905644469398458	0.986462289753144	-0.8135368265959118
SIGMAR1	ATF3	4	2	0.06077675121255478	0.8501858242705944	-1.7023589576949125
SIGMAR1	MUC17	3	2	0.04526764072325247	0.43374101416520994	-1.0704858609481749
SIGMAR1	LIMS2	4	2	0.03866232694548346	1.447099054384446	-0.13588218537539956
SIGMAR1	LTF	4	2	0.03825908268701736	3.8101723343390344	-0.2575173378027316
SIGMAR1	ADGRF1	3	2	0.03355193128314662	2.2818026262805153	-1.8572737066321363
SIGMAR1	PRRX1	3	2	0.0022665250668002226	1.0617373789660072	-0.9139377159901927
SIGMAR1	COL7A1	4	2	-0.0040844656580233535	4.692865950261908	-0.29116268565325615
SIGMAR1	ERRFI1	4	2	-0.007427369317607568	3.1649246410588163	-2.24183560346313
SIGMAR1	SERPING1	5	2	-0.04323569142296484	2.289689916012206	-1.509835221861573
SIGMAR1	SERPINA1	5	2	-0.07735185218467364	1.103664482669904	-3.0769049783608855
SIGMAR1	MARCO	5	2	-0.07909277672566993	0.6313586728769793	-4.318122065069057
SIGMAR1	IL7R	5	2	-0.08889751512559571	1.3744075176710406	-2.6730207214955217
SIGMAR1	GPX2	6	2	-0.09031868778673846	3.963580703678464	-1.0150559482528774
SIGMAR1	CRISP3	5	2	-0.13023049171844264	3.705976314537853	-1.1326731331089341
SIGMAR1	C1QB	6	2	-0.14534787890285084	2.1569052306778236	-2.526304829088811
SIGMAR1	CEACAM5	5	2	-0.1560127011083017	4.16118263204317	-1.7182652399552487
SIGMAR1	HLA-DPB1	4	2	-0.16086117667877467	0.38356050090312	-1.2718812749459978
SIGMAR1	IER3	4	2	-0.16273443243473504	3.633122433976785	-1.0403012815827475
SIGMAR1	TREM1	4	2	-0.16640750285875275	0.6987212554151631	-2.25020496861491
SIGMAR1	ZNF331	4	2	-0.18804812289109277	0.273252697899174	-2.6011061005010405
SIGMAR1	CPE	5	2	-0.19826168151668605	2.20220223260726	-2.6992427675037005
SIGMAR1	LYZ	6	2	-0.2171099545804367	2.0172567593917328	-1.0569657295868493
SIGMAR1	MUC3A	5	2	-0.2498554301717672	4.055218280342446	-1.282701675782561
SIGMAR1	COL6A2	4	2	-0.2502842600231773	0.2917866510778989	-1.213262964537705
SIGMAR1	CXCL12	6	2	-0.29466800555953504	1.823144482518153	-2.604730022355744
SIGMAR1	HSPA1B	4	2	-0.3006881325645212	0.6353144202572378	-1.490143360553536
SIGMAR1	CXCR4	4	2	-0.31738929210172606	1.090598796951553	-3.0048285068243175
SIGMAR1	RNASE1	5	2	-0.326636763079978	0.8366490203844466	-1.9876116357590596
SIGMAR1	SULF1	6	2	-0.36514605622290075	1.8347429881949366	-1.2473920441225275
SIGMAR1	CTHRC1	9	2	-0.384242520941558	3.493114909483741	-1.497484403283915
SIGMAR1	TNC	5	2	-0.38788302373932265	3.379512682700069	-2.0219541951729347
SIGMAR1	EFNA1	4	2	-0.3944762339008908	5.017974870667985	-1.7725894992721793
SIGMAR1	DES	5	2	-0.40735902172621574	2.9142790429967333	-3.089995386700646
SIGMAR1	S100A4	5	2	-0.4128420309588205	3.27325206759029	-0.7657481389952764
SIGMAR1	IGFBP3	6	2	-0.41838138128180613	1.81245097833358	-1.7914237224698162
SIGMAR1	INHBA	7	2	-0.42205876530197095	1.8097577705737702	-2.2016992819157677
SIGMAR1	LAMC2	5	2	-0.45183321895597306	3.550863813595516	-2.2439843480748936
SIGMAR1	MUC16	4	2	-0.46027882860505626	4.395027297434848	-1.7791235307349504
SIGMAR1	APOC1	6	2	-0.5124079239220358	2.6487802801375753	-2.273611092422051
SIGMAR1	MT2A	5	2	-0.5165701806351911	1.7720702297098554	-0.902705049524775
SIGMAR1	AQP1	5	2	-0.549404097978848	2.0302866435421967	-2.9006227931804225
SIGMAR1	NUPR1	5	2	-0.5672108862547006	0.1522229122943095	-1.6913947583593656
SIGMAR1	COL5A1	7	2	-0.5781802857197883	0.9730171602803552	-1.7598944616586918
SIGMAR1	HBA2	5	2	-0.6039983807558377	1.6774748500881156	-1.1804966947805766
SIGMAR1	KLK6	7	2	-0.6411236915234844	5.598242343413549	-1.1782042880944956
SIGMAR1	SPP1	9	2	-0.6497232882207417	3.7747547233051524	-2.551625227773722
SIGMAR1	PLAU	6	2	-0.6510224544906453	1.7382156310822559	-2.2006238549585158
SIGMAR1	SFRP2	8	2	-0.6718638854792236	3.2416053640667424	-2.890155640410386
SIGMAR1	COL5A2	7	2	-0.7402319328863	0.5853386461358735	-2.2552525076445784
SIGMAR1	RHOB	4	2	-0.746711546656625	0.9674315426508848	-2.0695418662525094
SIGMAR1	COL11A1	10	2	-0.7475050089135236	2.516099422314261	-2.5062437010494665
SIGMAR1	THBS2	8	2	-0.7624498557688204	1.582701789292243	-2.5551103024602333
SIGMAR1	FOSB	8	2	-0.7670427044432788	1.913504114117495	-3.0470982280248506
SIGMAR1	DUSP1	6	2	-0.7991529883258474	0.7710274034204632	-5.094318237788158
SIGMAR1	SDC4	5	2	-0.8296880224288521	4.429278753245091	-1.9815123820552725
SIGMAR1	CD55	5	2	-0.8380357982087832	0.42607942542741234	-1.889958298587917
SIGMAR1	CDH11	7	2	-0.8760408903892579	2.2624385959287214	-1.322231869132752
SIGMAR1	LRRC15	7	2	-0.9925841801507508	3.2415622031327285	-2.843245590216348
SIGMAR1	C11orf96	6	2	-1.0127597398029748	2.970417549453689	-3.877877742459441
SIGMAR1	COLEC12	5	2	-1.089084659008311	0.27818675162443507	-2.6275342014732663
SIGMAR1	NR4A3	5	2	-1.0902806143201644	1.6501470924371935	-2.84583754508894
SIGMAR1	CCDC80	7	2	-1.1648925957818952	1.5651122950447403	-3.9580575080821734
SIGMAR1	GJB2	7	2	-1.2279793078977688	2.3497076123154996	-2.72004123671071
SIGMAR1	NR4A2	5	2	-1.2628386524070205	1.7700747325935535	-2.160925269669172
SIGMAR1	CCN1	8	2	-1.2737262894376395	1.3298185876322839	-3.579232716728621
SIGMAR1	SDC1	5	2	-1.3325616940427427	4.831225668662846	-2.0386963158443363
SIGMAR1	RGS16	7	2	-1.7981785845431335	1.381682835286616	-4.664845843893766
SIGMAR1	NR4A1	8	2	-1.8427474444164726	0.5585668843759414	-4.050190571930653
SIGMAR1	PRSS23	5	2	-2.0836658285874368	0.2038197275775711	-2.627049338445762
SIGMAR1	G6PD	1	1	6.070863988766588	6.070863988766588	6.070863988766588
SIGMAR1	WNT11	1	1	5.764281324771872	5.764281324771872	5.764281324771872
SIGMAR1	KCP	1	1	5.48857082087297	5.48857082087297	5.48857082087297
SIGMAR1	RAPGEFL1	1	1	5.3775721801454806	5.3775721801454806	5.3775721801454806
SIGMAR1	UCHL1	1	1	5.16628657709733	5.16628657709733	5.16628657709733
SIGMAR1	HIST1H2AC	1	1	5.017119674998066	5.017119674998066	5.017119674998066
SIGMAR1	MSLN	1	1	4.9779183703635494	4.9779183703635494	4.9779183703635494
SIGMAR1	CHMP2A	1	1	4.937770815276784	4.937770815276784	4.937770815276784
SIGMAR1	H1F0	1	1	4.916076085546823	4.916076085546823	4.916076085546823
SIGMAR1	AKR1C1	1	1	4.855860162010945	4.855860162010945	4.855860162010945
SIGMAR1	SLC39A4	1	1	4.81393175374781	4.81393175374781	4.81393175374781
SIGMAR1	GSTK1	1	1	4.746097379185671	4.746097379185671	4.746097379185671
SIGMAR1	WNT7A	1	1	4.729372500375947	4.729372500375947	4.729372500375947
SIGMAR1	ODF3B	1	1	4.645389563194947	4.645389563194947	4.645389563194947
SIGMAR1	GPBAR1	1	1	4.5740764038366155	4.5740764038366155	4.5740764038366155
SIGMAR1	AKR1B10	1	1	4.546100524258228	4.546100524258228	4.546100524258228
SIGMAR1	KYNU	1	1	4.542225826824885	4.542225826824885	4.542225826824885
SIGMAR1	SLC37A1	1	1	4.5330280943080234	4.5330280943080234	4.5330280943080234
SIGMAR1	WNT10A	1	1	4.510960763916258	4.510960763916258	4.510960763916258
SIGMAR1	CDKN1C	1	1	4.498906647018187	4.498906647018187	4.498906647018187
SIGMAR1	CDCP1	1	1	4.495856965987682	4.495856965987682	4.495856965987682
SIGMAR1	GRIPAP1	1	1	4.359882449683717	4.359882449683717	4.359882449683717
SIGMAR1	TRAK1	1	1	4.280170117112444	4.280170117112444	4.280170117112444
SIGMAR1	CLDN3	1	1	4.251736088211763	4.251736088211763	4.251736088211763
SIGMAR1	CRIP2	1	1	4.233378404266325	4.233378404266325	4.233378404266325
SIGMAR1	SCGB1A1	1	1	4.231799946404842	4.231799946404842	4.231799946404842
SIGMAR1	TRIM31	1	1	4.119101674228262	4.119101674228262	4.119101674228262
SIGMAR1	PCSK6	1	1	4.111845346393987	4.111845346393987	4.111845346393987
SIGMAR1	HOXB6	1	1	4.091777607613376	4.091777607613376	4.091777607613376
SIGMAR1	FAM3B	1	1	4.045227748115187	4.045227748115187	4.045227748115187
SIGMAR1	C1QA	1	1	4.044486715810382	4.044486715810382	4.044486715810382
SIGMAR1	TXN	1	1	4.029749482041158	4.029749482041158	4.029749482041158
SIGMAR1	CARNS1	1	1	4.004451055077586	4.004451055077586	4.004451055077586
SIGMAR1	ST14	1	1	3.99442629091365	3.99442629091365	3.99442629091365
SIGMAR1	SLC1A5	1	1	3.9802284284589087	3.9802284284589087	3.9802284284589087
SIGMAR1	HOXB3	1	1	3.9784845475451522	3.9784845475451522	3.9784845475451522
SIGMAR1	LAMB4	1	1	3.906882772710218	3.906882772710218	3.906882772710218
SIGMAR1	UPK3B	1	1	3.8858824502309126	3.8858824502309126	3.8858824502309126
SIGMAR1	B4GALT1	1	1	3.88415207773644	3.88415207773644	3.88415207773644
SIGMAR1	SMG1	1	1	3.7901392551759394	3.7901392551759394	3.7901392551759394
SIGMAR1	COL18A1	1	1	3.787197188918039	3.787197188918039	3.787197188918039
SIGMAR1	ZNF185	1	1	3.7860389471592764	3.7860389471592764	3.7860389471592764
SIGMAR1	ANKRD10	1	1	3.7344254153005267	3.7344254153005267	3.7344254153005267
SIGMAR1	ANXA9	1	1	3.722595627493851	3.722595627493851	3.722595627493851
SIGMAR1	CAPN13	1	1	3.717994785321103	3.717994785321103	3.717994785321103
SIGMAR1	CD82	1	1	3.7139839409166617	3.7139839409166617	3.7139839409166617
SIGMAR1	MPST	1	1	3.6728027672334695	3.6728027672334695	3.6728027672334695
SIGMAR1	RAC1	1	1	3.655306862922722	3.655306862922722	3.655306862922722
SIGMAR1	TKT	1	1	3.6261714506120732	3.6261714506120732	3.6261714506120732
SIGMAR1	RACK1	1	1	3.6197548358215608	3.6197548358215608	3.6197548358215608
SIGMAR1	HEXA	1	1	3.6159010481536678	3.6159010481536678	3.6159010481536678
SIGMAR1	PLAAT3	1	1	3.5946174203098313	3.5946174203098313	3.5946174203098313
SIGMAR1	TRIM28	1	1	3.587396592210341	3.587396592210341	3.587396592210341
SIGMAR1	TLE5	1	1	3.581710912204664	3.581710912204664	3.581710912204664
SIGMAR1	ACSF2	1	1	3.559480455690646	3.559480455690646	3.559480455690646
SIGMAR1	NMUR2	1	1	3.534697936259942	3.534697936259942	3.534697936259942
SIGMAR1	LCN12	1	1	3.5188489445591946	3.5188489445591946	3.5188489445591946
SIGMAR1	TSPAN2	1	1	3.5132541649167677	3.5132541649167677	3.5132541649167677
SIGMAR1	LENG8	1	1	3.467309829437155	3.467309829437155	3.467309829437155
SIGMAR1	ZNF460	1	1	3.4660079509214814	3.4660079509214814	3.4660079509214814
SIGMAR1	HLA-E	1	1	3.4612736948997678	3.4612736948997678	3.4612736948997678
SIGMAR1	C1orf116	1	1	3.4566761421268954	3.4566761421268954	3.4566761421268954
SIGMAR1	SBSN	1	1	3.450014568400909	3.450014568400909	3.450014568400909
SIGMAR1	TC2N	1	1	3.4412914237852816	3.4412914237852816	3.4412914237852816
SIGMAR1	KIAA1755	1	1	3.4007252662683127	3.4007252662683127	3.4007252662683127
SIGMAR1	FHL5	1	1	3.4005489933701925	3.4005489933701925	3.4005489933701925
SIGMAR1	C1orf68	1	1	3.379327675889265	3.379327675889265	3.379327675889265
SIGMAR1	ERBB2	1	1	3.378089774291633	3.378089774291633	3.378089774291633
SIGMAR1	GPRC5B	1	1	3.375329861460855	3.375329861460855	3.375329861460855
SIGMAR1	NDUFB9	1	1	3.3701390495651227	3.3701390495651227	3.3701390495651227
SIGMAR1	HDAC7	1	1	3.3434500971587067	3.3434500971587067	3.3434500971587067
SIGMAR1	B4GALNT3	1	1	3.3136350751068626	3.3136350751068626	3.3136350751068626
SIGMAR1	ANAPC16	1	1	3.2356864514451225	3.2356864514451225	3.2356864514451225
SIGMAR1	LLGL2	1	1	3.230245893902221	3.230245893902221	3.230245893902221
SIGMAR1	AKAP7	1	1	3.205522150719548	3.205522150719548	3.205522150719548
SIGMAR1	SPATA20	1	1	3.1853294791310955	3.1853294791310955	3.1853294791310955
SIGMAR1	KIF12	1	1	3.1595938321399477	3.1595938321399477	3.1595938321399477
SIGMAR1	IFNGR2	1	1	3.1473404350767322	3.1473404350767322	3.1473404350767322
SIGMAR1	IGLV4-60	1	1	3.119906900570543	3.119906900570543	3.119906900570543
SIGMAR1	ARHGAP8	1	1	3.1163014564526215	3.1163014564526215	3.1163014564526215
SIGMAR1	GNAS	1	1	3.111350771088179	3.111350771088179	3.111350771088179
SIGMAR1	ZNF888	1	1	3.111277084819457	3.111277084819457	3.111277084819457
SIGMAR1	THEM5	1	1	3.09267184603177	3.09267184603177	3.09267184603177
SIGMAR1	ZNF552	1	1	3.089480730371624	3.089480730371624	3.089480730371624
SIGMAR1	CST3	1	1	3.0885159297426434	3.0885159297426434	3.0885159297426434
SIGMAR1	SERF2	1	1	3.086934851835579	3.086934851835579	3.086934851835579
SIGMAR1	PGD	1	1	3.062737927249396	3.062737927249396	3.062737927249396
SIGMAR1	DUOX1	1	1	3.0380933460753536	3.0380933460753536	3.0380933460753536
SIGMAR1	MAZ	1	1	3.0249407686013163	3.0249407686013163	3.0249407686013163
SIGMAR1	SLC12A7	1	1	3.022415563020393	3.022415563020393	3.022415563020393
SIGMAR1	CCL15	1	1	3.021657106466246	3.021657106466246	3.021657106466246
SIGMAR1	DLX3	1	1	3.020217114138843	3.020217114138843	3.020217114138843
SIGMAR1	TFPI2	1	1	3.01843555466849	3.01843555466849	3.01843555466849
SIGMAR1	MORN1	1	1	3.006650169953991	3.006650169953991	3.006650169953991
SIGMAR1	LUC7L3	1	1	3.0040932785999113	3.0040932785999113	3.0040932785999113
SIGMAR1	IL20RB	1	1	2.926564686821775	2.926564686821775	2.926564686821775
SIGMAR1	TYMP	1	1	2.894241194386893	2.894241194386893	2.894241194386893
SIGMAR1	CASP14	1	1	2.8840296318813006	2.8840296318813006	2.8840296318813006
SIGMAR1	ACIN1	1	1	2.883029804927769	2.883029804927769	2.883029804927769
SIGMAR1	HS3ST6	1	1	2.882543759509184	2.882543759509184	2.882543759509184
SIGMAR1	TTC9	1	1	2.83885455894135	2.83885455894135	2.83885455894135
SIGMAR1	NCSTN	1	1	2.809770195823334	2.809770195823334	2.809770195823334
SIGMAR1	ETNK1	1	1	2.8051962575470966	2.8051962575470966	2.8051962575470966
SIGMAR1	CRTAP	1	1	2.804334669308083	2.804334669308083	2.804334669308083
SIGMAR1	JAG1	1	1	2.7914480850473695	2.7914480850473695	2.7914480850473695
SIGMAR1	UNC5CL	1	1	2.7905417753588417	2.7905417753588417	2.7905417753588417
SIGMAR1	CCNI	1	1	2.7808242509934473	2.7808242509934473	2.7808242509934473
SIGMAR1	RCC2	1	1	2.7568356106863585	2.7568356106863585	2.7568356106863585
SIGMAR1	ESRP1	1	1	2.7556560367842007	2.7556560367842007	2.7556560367842007
SIGMAR1	CYP4F22	1	1	2.749398191753911	2.749398191753911	2.749398191753911
SIGMAR1	DSC1	1	1	2.7456046427445124	2.7456046427445124	2.7456046427445124
SIGMAR1	SERPINA12	1	1	2.7374746052323506	2.7374746052323506	2.7374746052323506
SIGMAR1	EPB41L4B	1	1	2.7303471276404454	2.7303471276404454	2.7303471276404454
SIGMAR1	LOR	1	1	2.720876813940124	2.720876813940124	2.720876813940124
SIGMAR1	RHOV	1	1	2.696883095633484	2.696883095633484	2.696883095633484
SIGMAR1	PTPA	1	1	2.6928944242892663	2.6928944242892663	2.6928944242892663
SIGMAR1	SPRR2G	1	1	2.670528100344285	2.670528100344285	2.670528100344285
SIGMAR1	CYP1A1	1	1	2.660086745907292	2.660086745907292	2.660086745907292
SIGMAR1	ACSM3	1	1	2.6591751451982013	2.6591751451982013	2.6591751451982013
SIGMAR1	CPS1	1	1	2.6579569840705983	2.6579569840705983	2.6579569840705983
SIGMAR1	PGLYRP3	1	1	2.6457630745211915	2.6457630745211915	2.6457630745211915
SIGMAR1	CDHR1	1	1	2.636114318070754	2.636114318070754	2.636114318070754
SIGMAR1	ECM1	1	1	2.626858105374742	2.626858105374742	2.626858105374742
SIGMAR1	FLG2	1	1	2.6084157869904647	2.6084157869904647	2.6084157869904647
SIGMAR1	OAS3	1	1	2.6036978667541497	2.6036978667541497	2.6036978667541497
SIGMAR1	MPZL2	1	1	2.587141640169017	2.587141640169017	2.587141640169017
SIGMAR1	CITED4	1	1	2.5715151896697397	2.5715151896697397	2.5715151896697397
SIGMAR1	RBPJL	1	1	2.5667909967191123	2.5667909967191123	2.5667909967191123
SIGMAR1	KRT73	1	1	2.562379524102502	2.562379524102502	2.562379524102502
SIGMAR1	ZBED2	1	1	2.560684931986787	2.560684931986787	2.560684931986787
SIGMAR1	FABP1	1	1	2.558120161569212	2.558120161569212	2.558120161569212
SIGMAR1	DSC3	1	1	2.5527338077314665	2.5527338077314665	2.5527338077314665
SIGMAR1	CTNNBIP1	1	1	2.552732128580282	2.552732128580282	2.552732128580282
SIGMAR1	NECTIN2	1	1	2.5485746399924367	2.5485746399924367	2.5485746399924367
SIGMAR1	FJX1	1	1	2.5434355611156625	2.5434355611156625	2.5434355611156625
SIGMAR1	HGS	1	1	2.5271552947601865	2.5271552947601865	2.5271552947601865
SIGMAR1	LYPD3	1	1	2.525282060987836	2.525282060987836	2.525282060987836
SIGMAR1	CASP5	1	1	2.491283678785776	2.491283678785776	2.491283678785776
SIGMAR1	POU2F3	1	1	2.4837749067527275	2.4837749067527275	2.4837749067527275
SIGMAR1	PTN	1	1	2.478407872537875	2.478407872537875	2.478407872537875
SIGMAR1	ATP6V1C2	1	1	2.471827662076023	2.471827662076023	2.471827662076023
SIGMAR1	TMEM63A	1	1	2.4645847395613623	2.4645847395613623	2.4645847395613623
SIGMAR1	SRRM2	1	1	2.4633422842603565	2.4633422842603565	2.4633422842603565
SIGMAR1	CDC123	1	1	2.458923334988551	2.458923334988551	2.458923334988551
SIGMAR1	ICA1	1	1	2.452746200743717	2.452746200743717	2.452746200743717
SIGMAR1	KRTDAP	1	1	2.4458293384418903	2.4458293384418903	2.4458293384418903
SIGMAR1	CCDC69	1	1	2.441826573145801	2.441826573145801	2.441826573145801
SIGMAR1	PKHD1	1	1	2.4399216875894436	2.4399216875894436	2.4399216875894436
SIGMAR1	MAPK10	1	1	2.436344943440271	2.436344943440271	2.436344943440271
SIGMAR1	C3orf70	1	1	2.4248238018296497	2.4248238018296497	2.4248238018296497
SIGMAR1	PCSK1N	1	1	2.424613209862543	2.424613209862543	2.424613209862543
SIGMAR1	UQCRQ	1	1	2.4218672371602663	2.4218672371602663	2.4218672371602663
SIGMAR1	SULT2B1	1	1	2.419187111316576	2.419187111316576	2.419187111316576
SIGMAR1	CRCT1	1	1	2.4136560894290287	2.4136560894290287	2.4136560894290287
SIGMAR1	SV2B	1	1	2.407235492847025	2.407235492847025	2.407235492847025
SIGMAR1	NR2F2	1	1	2.40583459202484	2.40583459202484	2.40583459202484
SIGMAR1	SLC9A3	1	1	2.4038153718552775	2.4038153718552775	2.4038153718552775
SIGMAR1	SYT7	1	1	2.3950716253551834	2.3950716253551834	2.3950716253551834
SIGMAR1	SLURP1	1	1	2.3917246000493746	2.3917246000493746	2.3917246000493746
SIGMAR1	SAT1	1	1	2.3871465569393258	2.3871465569393258	2.3871465569393258
SIGMAR1	ALDH2	1	1	2.3845781091220797	2.3845781091220797	2.3845781091220797
SIGMAR1	GRHL3	1	1	2.382845484192766	2.382845484192766	2.382845484192766
SIGMAR1	PKP1	1	1	2.379503432108204	2.379503432108204	2.379503432108204
SIGMAR1	LRP4	1	1	2.378634755079552	2.378634755079552	2.378634755079552
SIGMAR1	AKR1C3	2	1	2.3557533327188995	4.9836682444851155	-0.272161579047316
SIGMAR1	PRPH	1	1	2.345245728292888	2.345245728292888	2.345245728292888
SIGMAR1	TMEM238	1	1	2.344173962869667	2.344173962869667	2.344173962869667
SIGMAR1	SMTN	1	1	2.3353014884419157	2.3353014884419157	2.3353014884419157
SIGMAR1	HMCN2	1	1	2.328155273735906	2.328155273735906	2.328155273735906
SIGMAR1	EPHX1	1	1	2.3215472700285726	2.3215472700285726	2.3215472700285726
SIGMAR1	NSG1	1	1	2.317831703687304	2.317831703687304	2.317831703687304
SIGMAR1	MATN2	1	1	2.307796241163972	2.307796241163972	2.307796241163972
SIGMAR1	XKR9	1	1	2.2868426736010283	2.2868426736010283	2.2868426736010283
SIGMAR1	TNFRSF11B	1	1	2.2738296636441166	2.2738296636441166	2.2738296636441166
SIGMAR1	ZFP36L2	1	1	2.272821243208827	2.272821243208827	2.272821243208827
SIGMAR1	HIST1H4E	1	1	2.2720108261041805	2.2720108261041805	2.2720108261041805
SIGMAR1	DMKN	1	1	2.2698462411799483	2.2698462411799483	2.2698462411799483
SIGMAR1	GPC3	1	1	2.257886023375368	2.257886023375368	2.257886023375368
SIGMAR1	BIRC3	1	1	2.251893557147178	2.251893557147178	2.251893557147178
SIGMAR1	PDZK1	1	1	2.243221209529957	2.243221209529957	2.243221209529957
SIGMAR1	SFRP5	1	1	2.2382150587214897	2.2382150587214897	2.2382150587214897
SIGMAR1	PTGES	1	1	2.211853166140623	2.211853166140623	2.211853166140623
SIGMAR1	NAPRT	1	1	2.2110627039551445	2.2110627039551445	2.2110627039551445
SIGMAR1	MAP3K20	1	1	2.209147657842275	2.209147657842275	2.209147657842275
SIGMAR1	IMPA2	1	1	2.195328780177287	2.195328780177287	2.195328780177287
SIGMAR1	PTK6	1	1	2.1936843138427147	2.1936843138427147	2.1936843138427147
SIGMAR1	TAF15	1	1	2.1851754225920836	2.1851754225920836	2.1851754225920836
SIGMAR1	LYPD2	2	1	2.152665651014117	5.097344994891357	-0.7920136928631228
SIGMAR1	CCL14	1	1	2.140698124281119	2.140698124281119	2.140698124281119
SIGMAR1	CPED1	1	1	2.1175097035990014	2.1175097035990014	2.1175097035990014
SIGMAR1	PKIG	1	1	2.112868548349554	2.112868548349554	2.112868548349554
SIGMAR1	TNNC1	1	1	2.111916875413977	2.111916875413977	2.111916875413977
SIGMAR1	GATA3	1	1	2.1005498210287126	2.1005498210287126	2.1005498210287126
SIGMAR1	COLGALT2	1	1	2.0983098585115085	2.0983098585115085	2.0983098585115085
SIGMAR1	NT5E	1	1	2.088218173688707	2.088218173688707	2.088218173688707
SIGMAR1	ARPC2	1	1	2.084929910131869	2.084929910131869	2.084929910131869
SIGMAR1	PLCD3	1	1	2.0840493793444175	2.0840493793444175	2.0840493793444175
SIGMAR1	FLG	1	1	2.082863557132972	2.082863557132972	2.082863557132972
SIGMAR1	TLCD3A	1	1	2.0815230751128975	2.0815230751128975	2.0815230751128975
SIGMAR1	DAPL1	1	1	2.0800496648139477	2.0800496648139477	2.0800496648139477
SIGMAR1	GPX4	1	1	2.0788737142856832	2.0788737142856832	2.0788737142856832
SIGMAR1	CLEC2A	1	1	2.078083427424842	2.078083427424842	2.078083427424842
SIGMAR1	FAM83H	1	1	2.0634103152667462	2.0634103152667462	2.0634103152667462
SIGMAR1	RGS9	1	1	2.0539017181254327	2.0539017181254327	2.0539017181254327
SIGMAR1	RNF207	1	1	2.047753416413148	2.047753416413148	2.047753416413148
SIGMAR1	ZNF750	1	1	2.0359523553957195	2.0359523553957195	2.0359523553957195
SIGMAR1	FCGR3A	1	1	2.0309199769791944	2.0309199769791944	2.0309199769791944
SIGMAR1	TENT5B	1	1	2.028938582876881	2.028938582876881	2.028938582876881
SIGMAR1	LAMA2	1	1	2.0169472939826516	2.0169472939826516	2.0169472939826516
SIGMAR1	CCL27	1	1	2.0092459813456527	2.0092459813456527	2.0092459813456527
SIGMAR1	DTNA	1	1	1.9882033098161322	1.9882033098161322	1.9882033098161322
SIGMAR1	IL1RN	1	1	1.9800912978536662	1.9800912978536662	1.9800912978536662
SIGMAR1	POU3F1	1	1	1.9798631452519169	1.9798631452519169	1.9798631452519169
SIGMAR1	CHP2	1	1	1.9770584415726535	1.9770584415726535	1.9770584415726535
SIGMAR1	SCN9A	1	1	1.9714155325121299	1.9714155325121299	1.9714155325121299
SIGMAR1	PAEP	1	1	1.9459251944650366	1.9459251944650366	1.9459251944650366
SIGMAR1	PSD	1	1	1.9237018999351982	1.9237018999351982	1.9237018999351982
SIGMAR1	PLA2G4F	1	1	1.9126902648589663	1.9126902648589663	1.9126902648589663
SIGMAR1	HIST1H3H	1	1	1.9052996382149014	1.9052996382149014	1.9052996382149014
SIGMAR1	DKK3	1	1	1.8992433046733408	1.8992433046733408	1.8992433046733408
SIGMAR1	SLC37A4	1	1	1.8968288711947836	1.8968288711947836	1.8968288711947836
SIGMAR1	IL2RG	1	1	1.895539554389708	1.895539554389708	1.895539554389708
SIGMAR1	WFDC5	1	1	1.890180947361161	1.890180947361161	1.890180947361161
SIGMAR1	RARRES1	1	1	1.8678127624725014	1.8678127624725014	1.8678127624725014
SIGMAR1	CTRL	1	1	1.8560120547229035	1.8560120547229035	1.8560120547229035
SIGMAR1	SVIL	1	1	1.855964819607173	1.855964819607173	1.855964819607173
SIGMAR1	SPINK4	1	1	1.8545853592658794	1.8545853592658794	1.8545853592658794
SIGMAR1	DKK1	2	1	1.852691416061464	4.082031289596664	-0.3766484574737358
SIGMAR1	CYGB	1	1	1.8454612146779557	1.8454612146779557	1.8454612146779557
SIGMAR1	DSG1	1	1	1.8322394808606521	1.8322394808606521	1.8322394808606521
SIGMAR1	KRT2	1	1	1.8310746517923087	1.8310746517923087	1.8310746517923087
SIGMAR1	PTEN	1	1	1.8173476077038195	1.8173476077038195	1.8173476077038195
SIGMAR1	PTPRN	1	1	1.8068776743428885	1.8068776743428885	1.8068776743428885
SIGMAR1	ASPRV1	1	1	1.8051177275308288	1.8051177275308288	1.8051177275308288
SIGMAR1	TSHZ2	1	1	1.7964034864522656	1.7964034864522656	1.7964034864522656
SIGMAR1	HPGD	2	1	1.7780992934479825	4.528166597224902	-0.9719680103289373
SIGMAR1	PLCH2	1	1	1.7617188157443648	1.7617188157443648	1.7617188157443648
SIGMAR1	GREM2	1	1	1.7422487747957107	1.7422487747957107	1.7422487747957107
SIGMAR1	ITLN1	1	1	1.740452267455475	1.740452267455475	1.740452267455475
SIGMAR1	LCE2A	1	1	1.7401940463856143	1.7401940463856143	1.7401940463856143
SIGMAR1	CD163	1	1	1.7361755784993966	1.7361755784993966	1.7361755784993966
SIGMAR1	CTSC	1	1	1.7231169839642988	1.7231169839642988	1.7231169839642988
SIGMAR1	TM4SF20	1	1	1.7173729745727464	1.7173729745727464	1.7173729745727464
SIGMAR1	POLD4	1	1	1.71709017386012	1.71709017386012	1.71709017386012
SIGMAR1	MYEOV	1	1	1.689565509784396	1.689565509784396	1.689565509784396
SIGMAR1	TNFRSF6B	2	1	1.6857677236811788	4.858961455355043	-1.4874260079926855
SIGMAR1	PTGES3	1	1	1.6717116042965336	1.6717116042965336	1.6717116042965336
SIGMAR1	ALDH1A3	1	1	1.6702713928043025	1.6702713928043025	1.6702713928043025
SIGMAR1	CACNA1H	1	1	1.6635396914803162	1.6635396914803162	1.6635396914803162
SIGMAR1	DHCR24	1	1	1.6548436040723151	1.6548436040723151	1.6548436040723151
SIGMAR1	KRT1	1	1	1.6317572188669038	1.6317572188669038	1.6317572188669038
SIGMAR1	PALM2-AKAP2	1	1	1.6308209173279362	1.6308209173279362	1.6308209173279362
SIGMAR1	ANKRD40CL	1	1	1.625516431490673	1.625516431490673	1.625516431490673
SIGMAR1	TP63	1	1	1.6229424132256773	1.6229424132256773	1.6229424132256773
SIGMAR1	PTCH1	1	1	1.6148236869321844	1.6148236869321844	1.6148236869321844
SIGMAR1	SMIM4	1	1	1.6120164225498697	1.6120164225498697	1.6120164225498697
SIGMAR1	HIST1H2AB	1	1	1.6032341674302701	1.6032341674302701	1.6032341674302701
SIGMAR1	TRPV6	1	1	1.5929493661695902	1.5929493661695902	1.5929493661695902
SIGMAR1	HSPB8	1	1	1.5831320299898508	1.5831320299898508	1.5831320299898508
SIGMAR1	VSIG4	1	1	1.5716561365278772	1.5716561365278772	1.5716561365278772
SIGMAR1	RORA	1	1	1.5647437669603173	1.5647437669603173	1.5647437669603173
SIGMAR1	ASB2	1	1	1.561641758315604	1.561641758315604	1.561641758315604
SIGMAR1	FDPS	1	1	1.5509295012461957	1.5509295012461957	1.5509295012461957
SIGMAR1	CDK6	1	1	1.5494811996029745	1.5494811996029745	1.5494811996029745
SIGMAR1	C1orf21	1	1	1.5486545918298669	1.5486545918298669	1.5486545918298669
SIGMAR1	CYB5B	1	1	1.5333516539467693	1.5333516539467693	1.5333516539467693
SIGMAR1	RHPN1	1	1	1.5321363928196337	1.5321363928196337	1.5321363928196337
SIGMAR1	ZCCHC24	1	1	1.5297933202281933	1.5297933202281933	1.5297933202281933
SIGMAR1	EEF1B2	1	1	1.5284652194088308	1.5284652194088308	1.5284652194088308
SIGMAR1	CYP2S1	1	1	1.5278980896251382	1.5278980896251382	1.5278980896251382
SIGMAR1	PERP	2	1	1.5274617525821927	3.668321005554641	-0.6133975003902556
SIGMAR1	DSP	1	1	1.5274530750579858	1.5274530750579858	1.5274530750579858
SIGMAR1	KIF1C	1	1	1.5219501687108696	1.5219501687108696	1.5219501687108696
SIGMAR1	RBP4	1	1	1.5203705812669186	1.5203705812669186	1.5203705812669186
SIGMAR1	SCTR	2	1	1.5186537829061566	3.2146698315806392	-0.17736226576832617
SIGMAR1	CIRBP	1	1	1.5155401835105655	1.5155401835105655	1.5155401835105655
SIGMAR1	TGFB3	1	1	1.5138662983376003	1.5138662983376003	1.5138662983376003
SIGMAR1	CUZD1	1	1	1.5098224216512741	1.5098224216512741	1.5098224216512741
SIGMAR1	GLUL	2	1	1.5069405140761485	3.1856377830982465	-0.17175675494594958
SIGMAR1	BHLHA15	1	1	1.4887133014443799	1.4887133014443799	1.4887133014443799
SIGMAR1	SLC2A4	1	1	1.4859526797139309	1.4859526797139309	1.4859526797139309
SIGMAR1	TMC4	1	1	1.4827978771088444	1.4827978771088444	1.4827978771088444
SIGMAR1	PRG4	1	1	1.4632362449084801	1.4632362449084801	1.4632362449084801
SIGMAR1	UNC93B1	1	1	1.4557159916769484	1.4557159916769484	1.4557159916769484
SIGMAR1	BST2	1	1	1.4536348252848321	1.4536348252848321	1.4536348252848321
SIGMAR1	INMT	2	1	1.4518861759193595	4.193535269332754	-1.289762917494035
SIGMAR1	CERS3	1	1	1.4450024497855531	1.4450024497855531	1.4450024497855531
SIGMAR1	AZIN2	1	1	1.4404869810228422	1.4404869810228422	1.4404869810228422
SIGMAR1	SRSF2	1	1	1.4280094207624738	1.4280094207624738	1.4280094207624738
SIGMAR1	HID1	1	1	1.4274176859654275	1.4274176859654275	1.4274176859654275
SIGMAR1	ALDH3A1	2	1	1.4190296320531584	6.245440609495476	-3.407381345389159
SIGMAR1	LTB4R	1	1	1.4140169077435654	1.4140169077435654	1.4140169077435654
SIGMAR1	TSPAN13	1	1	1.401034838105324	1.401034838105324	1.401034838105324
SIGMAR1	STRA6	2	1	1.3907482543452259	3.499571175371964	-0.7180746666815124
SIGMAR1	CAPN6	1	1	1.381832650071837	1.381832650071837	1.381832650071837
SIGMAR1	DLG5	1	1	1.3798960853458286	1.3798960853458286	1.3798960853458286
SIGMAR1	ITGA8	1	1	1.3758744162068226	1.3758744162068226	1.3758744162068226
SIGMAR1	KDM6A	1	1	1.3696650492113993	1.3696650492113993	1.3696650492113993
SIGMAR1	CAVIN2	2	1	1.366394715638375	3.166947219311373	-0.434157788034623
SIGMAR1	CHRM2	1	1	1.3628271480202532	1.3628271480202532	1.3628271480202532
SIGMAR1	ENTPD1	1	1	1.345678111253107	1.345678111253107	1.345678111253107
SIGMAR1	ACTC1	1	1	1.3344110142076673	1.3344110142076673	1.3344110142076673
SIGMAR1	PFKP	2	1	1.3239782780689011	4.5935016211632504	-1.9455450650254482
SIGMAR1	GALNT3	1	1	1.3225590705680976	1.3225590705680976	1.3225590705680976
SIGMAR1	VIL1	1	1	1.3223979617218402	1.3223979617218402	1.3223979617218402
SIGMAR1	DEGS1	1	1	1.3195751369623432	1.3195751369623432	1.3195751369623432
SIGMAR1	TMEM184A	1	1	1.3119683973812504	1.3119683973812504	1.3119683973812504
SIGMAR1	GPC1	2	1	1.3034601198994957	4.667910385312666	-2.0609901455136748
SIGMAR1	BANF1	1	1	1.3004108090207227	1.3004108090207227	1.3004108090207227
SIGMAR1	PRIMA1	1	1	1.2979090691578041	1.2979090691578041	1.2979090691578041
SIGMAR1	VWA5B2	1	1	1.297088287166139	1.297088287166139	1.297088287166139
SIGMAR1	ADCY5	1	1	1.295468408724099	1.295468408724099	1.295468408724099
SIGMAR1	TGM3	1	1	1.2915468091641764	1.2915468091641764	1.2915468091641764
SIGMAR1	NFIB	1	1	1.280091866843819	1.280091866843819	1.280091866843819
SIGMAR1	PITX1	1	1	1.2761933773173633	1.2761933773173633	1.2761933773173633
SIGMAR1	MAP1B	1	1	1.2757299071014705	1.2757299071014705	1.2757299071014705
SIGMAR1	MGST1	1	1	1.2705675894252921	1.2705675894252921	1.2705675894252921
SIGMAR1	VSTM2L	2	1	1.2676273643572673	4.736104370322151	-2.200849641607616
SIGMAR1	KLK1	1	1	1.2643200107940427	1.2643200107940427	1.2643200107940427
SIGMAR1	DSG3	1	1	1.2642691181461727	1.2642691181461727	1.2642691181461727
SIGMAR1	CLSTN2	1	1	1.2611760850287308	1.2611760850287308	1.2611760850287308
SIGMAR1	CHRDL1	1	1	1.2572616226006372	1.2572616226006372	1.2572616226006372
SIGMAR1	PGM5	1	1	1.2542678773287752	1.2542678773287752	1.2542678773287752
SIGMAR1	ALDH3B1	1	1	1.2505117507232746	1.2505117507232746	1.2505117507232746
SIGMAR1	CDC42EP5	2	1	1.2494197099426565	2.7836032354496183	-0.28476381556430513
SIGMAR1	NTRK2	2	1	1.2449044369979627	2.870171725672869	-0.3803628516769436
SIGMAR1	BMP4	1	1	1.2426630986195517	1.2426630986195517	1.2426630986195517
SIGMAR1	CLCA1	1	1	1.240745489791939	1.240745489791939	1.240745489791939
SIGMAR1	OAF	1	1	1.2384103422968737	1.2384103422968737	1.2384103422968737
SIGMAR1	ADAMTS2	1	1	1.2300100009448647	1.2300100009448647	1.2300100009448647
SIGMAR1	MDFI	1	1	1.1750323197606378	1.1750323197606378	1.1750323197606378
SIGMAR1	NRXN3	1	1	1.1714604999915996	1.1714604999915996	1.1714604999915996
SIGMAR1	MAB21L4	1	1	1.1700431433971663	1.1700431433971663	1.1700431433971663
SIGMAR1	ECRG4	1	1	1.1639695681601463	1.1639695681601463	1.1639695681601463
SIGMAR1	HS3ST1	1	1	1.14859439322311	1.14859439322311	1.14859439322311
SIGMAR1	LSP1	1	1	1.147784037484705	1.147784037484705	1.147784037484705
SIGMAR1	SLC6A9	2	1	1.1263801454823106	2.349770645419542	-0.0970103544549211
SIGMAR1	CNFN	1	1	1.1186411558385962	1.1186411558385962	1.1186411558385962
SIGMAR1	FGB	1	1	1.1135533068022272	1.1135533068022272	1.1135533068022272
SIGMAR1	MYL12B	1	1	1.1088574886112357	1.1088574886112357	1.1088574886112357
SIGMAR1	PABPC1	1	1	1.1057340235685311	1.1057340235685311	1.1057340235685311
SIGMAR1	DUOXA1	1	1	1.105480961093741	1.105480961093741	1.105480961093741
SIGMAR1	SERPINA5	2	1	1.1026256268946344	2.3826227127101	-0.17737145892083125
SIGMAR1	PLS1	1	1	1.1023944113538333	1.1023944113538333	1.1023944113538333
SIGMAR1	SERPINI2	1	1	1.0854980195558472	1.0854980195558472	1.0854980195558472
SIGMAR1	IGFN1	1	1	1.0621268742473378	1.0621268742473378	1.0621268742473378
SIGMAR1	GATD1	1	1	1.0506823971626664	1.0506823971626664	1.0506823971626664
SIGMAR1	KDM6B	1	1	1.0417206645695436	1.0417206645695436	1.0417206645695436
SIGMAR1	ZG16B	1	1	1.0363261724131743	1.0363261724131743	1.0363261724131743
SIGMAR1	IVL	1	1	1.03556335727765	1.03556335727765	1.03556335727765
SIGMAR1	KCNK16	1	1	1.0262137942325096	1.0262137942325096	1.0262137942325096
SIGMAR1	PCDH18	1	1	1.0260497566182163	1.0260497566182163	1.0260497566182163
SIGMAR1	BNIPL	1	1	1.0260291490130375	1.0260291490130375	1.0260291490130375
SIGMAR1	GABARAP	1	1	1.0163257239549661	1.0163257239549661	1.0163257239549661
SIGMAR1	CHKA	1	1	1.0150762060995138	1.0150762060995138	1.0150762060995138
SIGMAR1	TINCR	1	1	1.0134518227881428	1.0134518227881428	1.0134518227881428
SIGMAR1	IGHMBP2	1	1	1.0092190680803157	1.0092190680803157	1.0092190680803157
SIGMAR1	EPB41L1	1	1	1.000217948491965	1.000217948491965	1.000217948491965
SIGMAR1	FCGR2B	2	1	0.9672568528705385	2.5947813563522795	-0.6602676506112025
SIGMAR1	TMSB4X	1	1	0.96722590541126	0.96722590541126	0.96722590541126
SIGMAR1	INF2	2	1	0.9665840736816484	3.0725744240297588	-1.1394062766664619
SIGMAR1	TRAF1	1	1	0.9628743652637036	0.9628743652637036	0.9628743652637036
SIGMAR1	SCGB2A1	1	1	0.9625561798796711	0.9625561798796711	0.9625561798796711
SIGMAR1	RNASEK	1	1	0.9599296824165975	0.9599296824165975	0.9599296824165975
SIGMAR1	AMTN	1	1	0.9570680336945411	0.9570680336945411	0.9570680336945411
SIGMAR1	UBE2C	1	1	0.9514830147322758	0.9514830147322758	0.9514830147322758
SIGMAR1	LTBP4	1	1	0.9494872363365837	0.9494872363365837	0.9494872363365837
SIGMAR1	FADS1	1	1	0.944995988964172	0.944995988964172	0.944995988964172
SIGMAR1	PCSK2	2	1	0.9391191207698865	2.347872852114298	-0.4696346105745251
SIGMAR1	PODN	2	1	0.9198591964266234	2.188457874506878	-0.3487394816536312
SIGMAR1	EPHB6	1	1	0.9171532186826568	0.9171532186826568	0.9171532186826568
SIGMAR1	MAN1C1	1	1	0.908709806808818	0.908709806808818	0.908709806808818
SIGMAR1	HNF4A	1	1	0.9067167457427677	0.9067167457427677	0.9067167457427677
SIGMAR1	RBM42	1	1	0.8961629530844559	0.8961629530844559	0.8961629530844559
SIGMAR1	C12orf75	1	1	0.8913143691126942	0.8913143691126942	0.8913143691126942
SIGMAR1	MXRA7	2	1	0.8904377952395488	2.687437793008078	-0.9065622025289805
SIGMAR1	ARL4D	1	1	0.8822671639050752	0.8822671639050752	0.8822671639050752
SIGMAR1	RASL12	1	1	0.8784811616440219	0.8784811616440219	0.8784811616440219
SIGMAR1	C1QL1	1	1	0.8768889763266025	0.8768889763266025	0.8768889763266025
SIGMAR1	FLNC	1	1	0.8754541112071864	0.8754541112071864	0.8754541112071864
SIGMAR1	CACNB2	1	1	0.8738600366282027	0.8738600366282027	0.8738600366282027
SIGMAR1	CDH19	1	1	0.8693093200184002	0.8693093200184002	0.8693093200184002
SIGMAR1	FCGRT	1	1	0.8599590657006915	0.8599590657006915	0.8599590657006915
SIGMAR1	CAVIN1	2	1	0.8538910311410439	1.8724511742113457	-0.1646691119292579
SIGMAR1	GUCY1A1	2	1	0.847930869992077	1.9332587691693637	-0.2373970291852096
SIGMAR1	FXYD2	2	1	0.8475442404007718	2.231325353059824	-0.5362368722582803
SIGMAR1	CRLF1	1	1	0.8427684452461527	0.8427684452461527	0.8427684452461527
SIGMAR1	CLDN5	2	1	0.8401214672230588	2.692220920790188	-1.0119779863440703
SIGMAR1	POLB	1	1	0.8259981452621115	0.8259981452621115	0.8259981452621115
SIGMAR1	RAB3C	1	1	0.8199044508595708	0.8199044508595708	0.8199044508595708
SIGMAR1	SPRR4	1	1	0.8112995982828303	0.8112995982828303	0.8112995982828303
SIGMAR1	TAF11L2	1	1	0.8094214940761583	0.8094214940761583	0.8094214940761583
SIGMAR1	PLEKHG6	1	1	0.8032717410364965	0.8032717410364965	0.8032717410364965
SIGMAR1	CLIC5	2	1	0.7939057189585524	2.29747256367381	-0.7096611257567049
SIGMAR1	PLTP	1	1	0.7912775178001239	0.7912775178001239	0.7912775178001239
SIGMAR1	RNF19B	1	1	0.7857714376612075	0.7857714376612075	0.7857714376612075
SIGMAR1	KRT10	1	1	0.7845354449933678	0.7845354449933678	0.7845354449933678
SIGMAR1	CDA	1	1	0.7723670132558015	0.7723670132558015	0.7723670132558015
SIGMAR1	PPDPF	1	1	0.7712967837096842	0.7712967837096842	0.7712967837096842
SIGMAR1	ANK2	1	1	0.7677107303915738	0.7677107303915738	0.7677107303915738
SIGMAR1	FOSL1	1	1	0.7676947404439561	0.7676947404439561	0.7676947404439561
SIGMAR1	QDPR	1	1	0.7675342821183639	0.7675342821183639	0.7675342821183639
SIGMAR1	RAB27B	1	1	0.7674585100193907	0.7674585100193907	0.7674585100193907
SIGMAR1	C4orf19	1	1	0.765683397686051	0.765683397686051	0.765683397686051
SIGMAR1	CABP7	1	1	0.7643241529853775	0.7643241529853775	0.7643241529853775
SIGMAR1	FGA	2	1	0.7595141341406856	2.2490809466504302	-0.7300526783690591
SIGMAR1	L1CAM	1	1	0.7562975417121174	0.7562975417121174	0.7562975417121174
SIGMAR1	SLCO2A1	1	1	0.7503295639707144	0.7503295639707144	0.7503295639707144
SIGMAR1	CEBPA	1	1	0.733053107686367	0.733053107686367	0.733053107686367
SIGMAR1	IDI1	1	1	0.7255801960566526	0.7255801960566526	0.7255801960566526
SIGMAR1	PSAPL1	1	1	0.7254815706503648	0.7254815706503648	0.7254815706503648
SIGMAR1	CHIT1	1	1	0.7252626424548339	0.7252626424548339	0.7252626424548339
SIGMAR1	DLK1	2	1	0.7045643159892511	1.8517525278351425	-0.44262389585664047
SIGMAR1	FOXF1	1	1	0.70257381441678	0.70257381441678	0.70257381441678
SIGMAR1	ADH1C	1	1	0.7001022699996708	0.7001022699996708	0.7001022699996708
SIGMAR1	CCDC198	1	1	0.6886061751813736	0.6886061751813736	0.6886061751813736
SIGMAR1	FMO3	1	1	0.6827537126641501	0.6827537126641501	0.6827537126641501
SIGMAR1	MET	1	1	0.6776163130826898	0.6776163130826898	0.6776163130826898
SIGMAR1	NRARP	1	1	0.676138254015557	0.676138254015557	0.676138254015557
SIGMAR1	CCL8	1	1	0.6745286333814255	0.6745286333814255	0.6745286333814255
SIGMAR1	CTSD	1	1	0.6730694466127645	0.6730694466127645	0.6730694466127645
SIGMAR1	EIF4B	1	1	0.6717005687393361	0.6717005687393361	0.6717005687393361
SIGMAR1	GDF15	1	1	0.6649288489226692	0.6649288489226692	0.6649288489226692
SIGMAR1	TM4SF5	1	1	0.6607413012671194	0.6607413012671194	0.6607413012671194
SIGMAR1	ADAM9	1	1	0.6468445262625657	0.6468445262625657	0.6468445262625657
SIGMAR1	FA2H	1	1	0.6467482923607658	0.6467482923607658	0.6467482923607658
SIGMAR1	PROS1	1	1	0.6420063261364863	0.6420063261364863	0.6420063261364863
SIGMAR1	FSTL3	1	1	0.6394435670139481	0.6394435670139481	0.6394435670139481
SIGMAR1	MRFAP1L1	1	1	0.6318996104084924	0.6318996104084924	0.6318996104084924
SIGMAR1	SNAI2	1	1	0.6301137773137154	0.6301137773137154	0.6301137773137154
SIGMAR1	KCNMB2	1	1	0.6245490996710573	0.6245490996710573	0.6245490996710573
SIGMAR1	GOT1	1	1	0.6244893208788485	0.6244893208788485	0.6244893208788485
SIGMAR1	CPA6	1	1	0.6239578812544826	0.6239578812544826	0.6239578812544826
SIGMAR1	NCAM1	2	1	0.6227293826503296	1.3640935325142682	-0.11863476721360905
SIGMAR1	TRIM54	1	1	0.6175933455779822	0.6175933455779822	0.6175933455779822
SIGMAR1	CD9	1	1	0.6146476515138986	0.6146476515138986	0.6146476515138986
SIGMAR1	TCEA3	1	1	0.6128027765939446	0.6128027765939446	0.6128027765939446
SIGMAR1	PTGS2	2	1	0.6059656210372723	1.243258763082195	-0.03132752100765046
SIGMAR1	FERMT1	1	1	0.6025294708880581	0.6025294708880581	0.6025294708880581
SIGMAR1	TAGLN2	1	1	0.6005828993766201	0.6005828993766201	0.6005828993766201
SIGMAR1	KSR1	1	1	0.5944597644162667	0.5944597644162667	0.5944597644162667
SIGMAR1	PRSS3	1	1	0.5939716212749704	0.5939716212749704	0.5939716212749704
SIGMAR1	ANKRD1	1	1	0.5880370607618485	0.5880370607618485	0.5880370607618485
SIGMAR1	CSF1R	1	1	0.5785798680664633	0.5785798680664633	0.5785798680664633
SIGMAR1	PI3	1	1	0.5604107809440112	0.5604107809440112	0.5604107809440112
SIGMAR1	JMY	1	1	0.5579842306660159	0.5579842306660159	0.5579842306660159
SIGMAR1	DHCR7	1	1	0.5476262876290405	0.5476262876290405	0.5476262876290405
SIGMAR1	GALNT4	1	1	0.5235195580801523	0.5235195580801523	0.5235195580801523
SIGMAR1	TMEM70	1	1	0.5202493800452703	0.5202493800452703	0.5202493800452703
SIGMAR1	CST4	2	1	0.5135158771527426	1.085349889864809	-0.05831813555932393
SIGMAR1	PTGS1	2	1	0.5036410282296595	1.4438389152019504	-0.4365568587426313
SIGMAR1	ERICH5	2	1	0.5001769956456867	2.5613617552899166	-1.5610077639985431
SIGMAR1	TNFSF14	2	1	0.49573221555893476	1.6321288972947612	-0.6406644661768917
SIGMAR1	ICAM1	2	1	0.4936906304962944	0.9957218052215241	-0.008340544228935225
SIGMAR1	DHRS2	1	1	0.4924267531615293	0.4924267531615293	0.4924267531615293
SIGMAR1	ANPEP	1	1	0.4893035233411795	0.4893035233411795	0.4893035233411795
SIGMAR1	ALDH3A2	1	1	0.4677826776741336	0.4677826776741336	0.4677826776741336
SIGMAR1	STEAP4	1	1	0.46365917495507564	0.46365917495507564	0.46365917495507564
SIGMAR1	IFIT2	1	1	0.4626261903077732	0.4626261903077732	0.4626261903077732
SIGMAR1	MX2	1	1	0.4607515696623456	0.4607515696623456	0.4607515696623456
SIGMAR1	ABI3BP	1	1	0.45685770268799086	0.45685770268799086	0.45685770268799086
SIGMAR1	EMP3	1	1	0.44307776581377256	0.44307776581377256	0.44307776581377256
SIGMAR1	KLF4	2	1	0.4385706786013279	2.809663151103312	-1.9325217939006563
SIGMAR1	LGALS3	2	1	0.43768035113022613	0.9863893966812954	-0.11102869442084319
SIGMAR1	DNTTIP1	1	1	0.4333605180189108	0.4333605180189108	0.4333605180189108
SIGMAR1	RAP1GAP	1	1	0.4270320368284775	0.4270320368284775	0.4270320368284775
SIGMAR1	BARX1	1	1	0.41047359301078	0.41047359301078	0.41047359301078
SIGMAR1	CCN3	2	1	0.4101792010691043	2.123976938673319	-1.3036185365351103
SIGMAR1	SLCO2B1	1	1	0.4076021270196385	0.4076021270196385	0.4076021270196385
SIGMAR1	FABP4	1	1	0.39981281101230276	0.39981281101230276	0.39981281101230276
SIGMAR1	FAM49B	1	1	0.39953074225419405	0.39953074225419405	0.39953074225419405
SIGMAR1	EBP	1	1	0.3993793143816461	0.3993793143816461	0.3993793143816461
SIGMAR1	AHR	1	1	0.3986116433785863	0.3986116433785863	0.3986116433785863
SIGMAR1	CSF2RB	1	1	0.3985784480224841	0.3985784480224841	0.3985784480224841
SIGMAR1	VSIG1	2	1	0.3980902897615129	0.9742757288494139	-0.17809514932638812
SIGMAR1	FADS2	1	1	0.3913175738400524	0.3913175738400524	0.3913175738400524
SIGMAR1	SRRT	1	1	0.3908727053528191	0.3908727053528191	0.3908727053528191
SIGMAR1	GAP43	1	1	0.39083989552393367	0.39083989552393367	0.39083989552393367
SIGMAR1	RAMP1	2	1	0.37630181884294917	1.5075380110426753	-0.7549343733567769
SIGMAR1	FXYD5	2	1	0.3721614453120022	1.3176718333047537	-0.5733489426807493
SIGMAR1	BNIP5	1	1	0.3642026577579501	0.3642026577579501	0.3642026577579501
SIGMAR1	MBOAT2	1	1	0.3620806625006637	0.3620806625006637	0.3620806625006637
SIGMAR1	C1QTNF1	1	1	0.35512003523268176	0.35512003523268176	0.35512003523268176
SIGMAR1	CAV2	1	1	0.3538816219753281	0.3538816219753281	0.3538816219753281
SIGMAR1	EPS8L3	1	1	0.3509579604642203	0.3509579604642203	0.3509579604642203
SIGMAR1	FAM3D	2	1	0.3489435329765197	0.7986114240012434	-0.10072435804820407
SIGMAR1	KEL	1	1	0.34493487599173445	0.34493487599173445	0.34493487599173445
SIGMAR1	ATP4A	1	1	0.3445523436987047	0.3445523436987047	0.3445523436987047
SIGMAR1	IL4R	1	1	0.34448658986106506	0.34448658986106506	0.34448658986106506
SIGMAR1	PGF	2	1	0.34446941277941057	2.450237505988379	-1.761298680429558
SIGMAR1	MICAL2	1	1	0.34254851197065816	0.34254851197065816	0.34254851197065816
SIGMAR1	TPD52L1	1	1	0.34192863610397534	0.34192863610397534	0.34192863610397534
SIGMAR1	ATP1A2	1	1	0.34181015691901184	0.34181015691901184	0.34181015691901184
SIGMAR1	SHANK3	1	1	0.340653997112417	0.340653997112417	0.340653997112417
SIGMAR1	ATP4B	1	1	0.33635284324602727	0.33635284324602727	0.33635284324602727
SIGMAR1	SCARB1	1	1	0.33596434192835256	0.33596434192835256	0.33596434192835256
SIGMAR1	FST	1	1	0.331216487198997	0.331216487198997	0.331216487198997
SIGMAR1	TXNIP	1	1	0.3241311433246851	0.3241311433246851	0.3241311433246851
SIGMAR1	RCAN2	1	1	0.31730060456257436	0.31730060456257436	0.31730060456257436
SIGMAR1	ITGA6	1	1	0.3098012553949675	0.3098012553949675	0.3098012553949675
SIGMAR1	PEG10	2	1	0.30446052354947933	1.1322540983397476	-0.5233330512407889
SIGMAR1	ANLN	1	1	0.3041697390163035	0.3041697390163035	0.3041697390163035
SIGMAR1	RBBP7	1	1	0.3033955356331003	0.3033955356331003	0.3033955356331003
SIGMAR1	RAB2A	1	1	0.29963991636902215	0.29963991636902215	0.29963991636902215
SIGMAR1	ENO2	1	1	0.2943784294905114	0.2943784294905114	0.2943784294905114
SIGMAR1	FDCSP	1	1	0.29084825983224777	0.29084825983224777	0.29084825983224777
SIGMAR1	FDX1	1	1	0.28885216284123233	0.28885216284123233	0.28885216284123233
SIGMAR1	KCNE3	1	1	0.28634529500637507	0.28634529500637507	0.28634529500637507
SIGMAR1	NPDC1	1	1	0.283048352301759	0.283048352301759	0.283048352301759
SIGMAR1	PPL	2	1	0.28291949270547834	4.214303254733859	-3.6484642693229024
SIGMAR1	ADRA2A	1	1	0.25554742778669626	0.25554742778669626	0.25554742778669626
SIGMAR1	SEMA3B	2	1	0.25122751049403613	1.517686534611284	-1.0152315136232117
SIGMAR1	LST1	1	1	0.24132035237797309	0.24132035237797309	0.24132035237797309
SIGMAR1	HABP2	1	1	0.24020551135201557	0.24020551135201557	0.24020551135201557
SIGMAR1	IGFBP6	1	1	0.23718836124118234	0.23718836124118234	0.23718836124118234
SIGMAR1	PCSK1	1	1	0.23506868637203038	0.23506868637203038	0.23506868637203038
SIGMAR1	ACTN1	1	1	0.2349315265848436	0.2349315265848436	0.2349315265848436
SIGMAR1	LDLR	1	1	0.2345438867152722	0.2345438867152722	0.2345438867152722
SIGMAR1	FADS3	1	1	0.23204148561800184	0.23204148561800184	0.23204148561800184
SIGMAR1	PHGDH	1	1	0.22921146320946723	0.22921146320946723	0.22921146320946723
SIGMAR1	HLA-DOA	1	1	0.22123415958977746	0.22123415958977746	0.22123415958977746
SIGMAR1	LSS	1	1	0.21957739690012518	0.21957739690012518	0.21957739690012518
SIGMAR1	VRK2	1	1	0.21923078472447574	0.21923078472447574	0.21923078472447574
SIGMAR1	SYNGR2	1	1	0.21113309052572798	0.21113309052572798	0.21113309052572798
SIGMAR1	MARCKS	1	1	0.21002699609156433	0.21002699609156433	0.21002699609156433
SIGMAR1	CPXM1	1	1	0.20671090041512843	0.20671090041512843	0.20671090041512843
SIGMAR1	SPON1	1	1	0.20216799087817597	0.20216799087817597	0.20216799087817597
SIGMAR1	WHRN	1	1	0.18616935129907175	0.18616935129907175	0.18616935129907175
SIGMAR1	ARNT2	1	1	0.1846924028358699	0.1846924028358699	0.1846924028358699
SIGMAR1	TSPAN7	2	1	0.1842647530923629	1.232311222717982	-0.8637817165332562
SIGMAR1	CSF1	1	1	0.1621431254536039	0.1621431254536039	0.1621431254536039
SIGMAR1	WNK1	1	1	0.15765167161463	0.15765167161463	0.15765167161463
SIGMAR1	SMIM3	1	1	0.15654218341299764	0.15654218341299764	0.15654218341299764
SIGMAR1	INSIG1	1	1	0.15557318089150796	0.15557318089150796	0.15557318089150796
SIGMAR1	GKN1	1	1	0.15025024608965226	0.15025024608965226	0.15025024608965226
SIGMAR1	ATRNL1	2	1	0.144813784634105	0.7927957512915229	-0.5031681820233129
SIGMAR1	COL19A1	1	1	0.144271242701094	0.144271242701094	0.144271242701094
SIGMAR1	CLCF1	1	1	0.14092525056061259	0.14092525056061259	0.14092525056061259
SIGMAR1	MUCL1	1	1	0.14031922873550054	0.14031922873550054	0.14031922873550054
SIGMAR1	MOGAT1	1	1	0.13785647231999829	0.13785647231999829	0.13785647231999829
SIGMAR1	MAPK15	1	1	0.1375809854090108	0.1375809854090108	0.1375809854090108
SIGMAR1	EPPK1	2	1	0.137257091589004	1.3610187503129114	-1.0865045671349034
SIGMAR1	BIRC7	1	1	0.12737944884876365	0.12737944884876365	0.12737944884876365
SIGMAR1	HLA-DRB1	1	1	0.12697049482930645	0.12697049482930645	0.12697049482930645
SIGMAR1	JPH1	1	1	0.12486321258980954	0.12486321258980954	0.12486321258980954
SIGMAR1	NGEF	1	1	0.12168145887926611	0.12168145887926611	0.12168145887926611
SIGMAR1	MFSD11	1	1	0.11951963021753816	0.11951963021753816	0.11951963021753816
SIGMAR1	RBPMS	1	1	0.10429043217773733	0.10429043217773733	0.10429043217773733
SIGMAR1	OSR1	1	1	0.10345770564243555	0.10345770564243555	0.10345770564243555
SIGMAR1	VASH1	1	1	0.10065766068499798	0.10065766068499798	0.10065766068499798
SIGMAR1	DEGS2	1	1	0.09106220055249424	0.09106220055249424	0.09106220055249424
SIGMAR1	FN3K	1	1	0.0895533155101294	0.0895533155101294	0.0895533155101294
SIGMAR1	PPP1R14C	2	1	0.08650056445494048	1.3265997927229731	-1.1535986638130922
SIGMAR1	SKIL	1	1	0.0857267755694614	0.0857267755694614	0.0857267755694614
SIGMAR1	ACSL1	1	1	0.08174013919330214	0.08174013919330214	0.08174013919330214
SIGMAR1	NTRK3	2	1	0.07775567085419344	1.3744827648615672	-1.2189714231531803
SIGMAR1	EMP1	1	1	0.07262957809513529	0.07262957809513529	0.07262957809513529
SIGMAR1	P2RY2	1	1	0.07180900774320224	0.07180900774320224	0.07180900774320224
SIGMAR1	IFIT1	1	1	0.0522941908740788	0.0522941908740788	0.0522941908740788
SIGMAR1	CBLIF	1	1	0.04897130132189883	0.04897130132189883	0.04897130132189883
SIGMAR1	STOM	2	1	0.04736771902621717	0.9940214888575928	-0.8992860508051584
SIGMAR1	OASL	1	1	0.04734770185454658	0.04734770185454658	0.04734770185454658
SIGMAR1	RUNX1	1	1	0.04714746988271551	0.04714746988271551	0.04714746988271551
SIGMAR1	UGT2A3	1	1	0.041694884614904136	0.041694884614904136	0.041694884614904136
SIGMAR1	FGFR3	2	1	0.04093433315875861	2.2458547616256133	-2.163986095308096
SIGMAR1	ENO1	2	1	0.03756254887802246	1.9480343716079327	-1.8729092738518878
SIGMAR1	ANGPTL7	1	1	0.03633781016369599	0.03633781016369599	0.03633781016369599
SIGMAR1	NEXN	1	1	0.03396598127689603	0.03396598127689603	0.03396598127689603
SIGMAR1	EGFL7	1	1	0.03025015955407032	0.03025015955407032	0.03025015955407032
SIGMAR1	PRICKLE4	2	1	0.014464548013588041	0.37726704027628977	-0.3483379442491137
SIGMAR1	ACTN4	1	1	0.01413322746463114	0.01413322746463114	0.01413322746463114
SIGMAR1	ARHGAP31	1	1	0.011311207312457851	0.011311207312457851	0.011311207312457851
SIGMAR1	MEGF6	2	1	0.0061079295752342055	0.6980507234838613	-0.6858348643333929
SIGMAR1	SOCS3	3	1	-0.016715240733080623	2.642237186995895	-0.6303724329053286
SIGMAR1	FTL	3	1	-0.026858488275000193	1.3384846128030354	-0.30836231510656
SIGMAR1	MARCKSL1	2	1	-0.029647566757043553	0.5899063042479643	-0.6492014377620514
SIGMAR1	IFI27	3	1	-0.03476769320451602	3.8456675346268074	-0.16218071183799623
SIGMAR1	ADAM19	2	1	-0.04432373016841373	1.3217176936741208	-1.4103651540109483
SIGMAR1	FUT2	2	1	-0.06671283510613571	0.3426148702912609	-0.47604054050353234
SIGMAR1	EEF1A2	3	1	-0.07179707704958885	0.4945179362566669	-0.8730726387841207
SIGMAR1	ANXA4	3	1	-0.07733146401157559	3.22782903379043	-1.1223875717475311
SIGMAR1	MYL9	3	1	-0.08196879215816123	2.144601602757569	-0.3892574831088782
SIGMAR1	ARGLU1	2	1	-0.08811968492505334	0.8342322329065143	-1.010471602756621
SIGMAR1	KRT16	4	1	-0.08821612072759591	3.687845862655044	-1.9257201387637073
SIGMAR1	S100A16	3	1	-0.08888859693829584	4.594704916385433	-1.887432563057678
SIGMAR1	B2M	2	1	-0.08939141919189428	0.48807225146332817	-0.6668550898471167
SIGMAR1	TNFRSF12A	2	1	-0.09688600509365641	1.3039635158041183	-1.4977355259914311
SIGMAR1	CDHR5	2	1	-0.10276424076713561	0.054563380845596435	-0.26009186237986764
SIGMAR1	PLAT	3	1	-0.1175780735713717	3.207373415986827	-0.5497836963786393
SIGMAR1	S100G	3	1	-0.11931130073677851	3.109229364615761	-0.8735241437838316
SIGMAR1	ID4	3	1	-0.12771897596114035	0.0571387641195335	-1.6764987810921785
SIGMAR1	ABLIM3	2	1	-0.13782251815235447	0.986572207404163	-1.262217243708872
SIGMAR1	SEMA4B	4	1	-0.14715313541555636	5.737270263266265	-2.824348729155568
SIGMAR1	ITGB3	2	1	-0.15439877152483783	0.4963161465328877	-0.8051136895825634
SIGMAR1	STAR	2	1	-0.15776705652653575	0.004338110570435434	-0.3198722236235069
SIGMAR1	AGR2	3	1	-0.1598206234482481	2.5798178989476064	-0.17078598899886027
SIGMAR1	F13A1	3	1	-0.1824502137936376	0.3436345432914929	-0.8278756739672801
SIGMAR1	HSPA5	2	1	-0.18360659343877417	1.2075302392522802	-1.5747434261298285
SIGMAR1	SLC26A9	2	1	-0.18986508694079618	0.019606647432233226	-0.3993368213138256
SIGMAR1	CFB	3	1	-0.19642035934477511	3.287558599438574	-0.9583302204152947
SIGMAR1	DUSP2	2	1	-0.2049113766139825	0.8115544659353833	-1.2213772191633483
SIGMAR1	PTGER3	2	1	-0.20769835284612084	0.40339583670747153	-0.8187925423997132
SIGMAR1	COL16A1	4	1	-0.21056939403960362	0.6913372768376644	-0.739931074343724
SIGMAR1	LOXL1	3	1	-0.2140419870633579	0.6110982028344111	-1.732420822557212
SIGMAR1	ISLR	3	1	-0.21966754196007507	0.6028481628457452	-0.8652423517757055
SIGMAR1	PROM1	3	1	-0.23725690174815528	1.785439566677684	-3.0677504257795505
SIGMAR1	SPRR3	3	1	-0.23741462968160235	0.9502557535223898	-0.8175217124009608
SIGMAR1	PECAM1	2	1	-0.2404861302133687	0.22619983495578994	-0.7071720953825273
SIGMAR1	ITGAX	2	1	-0.2622542091736353	1.0339330104255826	-1.5584414287728532
SIGMAR1	PI15	2	1	-0.274926378083569	0.015304852303970337	-0.5651576084711084
SIGMAR1	EMILIN1	3	1	-0.2770238908258547	0.9657396894272324	-1.5628376264761379
SIGMAR1	LY6E	2	1	-0.28243917649085565	0.5549862650374943	-1.1198646180192056
SIGMAR1	EFEMP1	2	1	-0.2827741982650113	0.0045435253253513965	-0.570091921855374
SIGMAR1	SCEL	3	1	-0.28357880128739676	4.135569236800159	-1.928273621298855
SIGMAR1	BAIAP2L2	2	1	-0.28743554394745835	0.4016863466153867	-0.9765574345103034
SIGMAR1	XBP1	2	1	-0.29391862015168546	0.2758576542502661	-0.863694894553637
SIGMAR1	LMNA	2	1	-0.31339991985376947	1.052307610530941	-1.67910745023848
SIGMAR1	CALB2	2	1	-0.31547682003152366	2.393832822443526	-3.0247864625065732
SIGMAR1	SNAP25	2	1	-0.3374035663515381	0.5517851762732209	-1.2265923089762971
SIGMAR1	RAB25	3	1	-0.3430624098327875	4.826707353935742	-0.9196540323405423
SIGMAR1	SRGN	3	1	-0.35763321687106797	1.505102612908708	-1.177671087505175
SIGMAR1	SPARC	4	1	-0.35929942505556145	0.9685421674230944	-0.8424531079249382
SIGMAR1	LXN	2	1	-0.36458419646932644	0.6809311072254897	-1.4100995001641425
SIGMAR1	COL15A1	3	1	-0.38292194564558224	1.5573344258051582	-1.6019746676665265
SIGMAR1	TFF3	4	1	-0.38995329653414823	1.8655150430223146	-4.084593176693896
SIGMAR1	COL17A1	3	1	-0.39420248424472704	2.2159804875616205	-0.8017102766883873
SIGMAR1	LTB	4	1	-0.4129427754798154	0.6932545244527696	-2.869220891928089
SIGMAR1	MMP12	4	1	-0.4138242403144221	0.29308698463738836	-1.0885497487584488
SIGMAR1	EPAS1	2	1	-0.4193467583977888	0.6290963958983924	-1.46778991269397
SIGMAR1	LGALS1	3	1	-0.4240219791673574	1.779453108129085	-1.2657280321905477
SIGMAR1	SMOC2	3	1	-0.42483327804489807	0.05150685216534312	-2.09159200789129
SIGMAR1	C1orf198	2	1	-0.4256012017701706	0.3770864598550585	-1.2282888633953997
SIGMAR1	SLIT3	4	1	-0.45449340330469246	0.08126582663727099	-1.502754045940876
SIGMAR1	MALL	3	1	-0.4549236238845592	1.28417581573189	-0.6841912526816251
SIGMAR1	HLA-DMA	2	1	-0.45567469627642565	0.9555621088831787	-1.86691150143603
SIGMAR1	KLK11	3	1	-0.46957913648504906	4.38763753457435	-2.129646272436584
SIGMAR1	CTSB	2	1	-0.4703307024017351	0.9072014396748297	-1.8478628444782998
SIGMAR1	FBN1	5	1	-0.4712597031047343	0.9768713328176012	-1.717493321936721
SIGMAR1	ARL14	2	1	-0.47270318952621826	0.5197834750749422	-1.4651898541273787
SIGMAR1	MUSTN1	3	1	-0.47610690331854316	1.4624467955141889	-0.7920313709078648
SIGMAR1	CCN5	2	1	-0.48352357851705374	0.7529055880277087	-1.7199527450618162
SIGMAR1	SAA1	3	1	-0.4842005183608146	0.7106016329714244	-2.0638000167581945
SIGMAR1	EREG	2	1	-0.48875517964209264	0.8351558778240812	-1.8126662371082665
SIGMAR1	IL33	2	1	-0.500664067745326	0.7635076731718936	-1.7648358086625455
SIGMAR1	PDGFD	2	1	-0.500764137316519	0.19316544178259687	-1.194693716415635
SIGMAR1	IGF1	4	1	-0.5026441414484869	2.0629185304634396	-4.19222662589189
SIGMAR1	HOPX	4	1	-0.5028190454445376	2.9515691452843362	-0.9444654107798648
SIGMAR1	CSTB	4	1	-0.5222339769506507	4.593372501705258	-1.5293086421465076
SIGMAR1	PRSS22	4	1	-0.5243720072824455	0.42646846967516244	-0.9460569448662504
SIGMAR1	HMOX1	2	1	-0.5280941165857908	0.44485249121149795	-1.5010407243830794
SIGMAR1	TSC22D1	2	1	-0.5433121999562011	0.5054845416736375	-1.5921089415860397
SIGMAR1	SCNN1A	4	1	-0.5730913756473465	3.080831656938944	-2.3004210625939487
SIGMAR1	CDSN	2	1	-0.5740872480121615	2.0377468397935115	-3.1859213358178344
SIGMAR1	TFCP2L1	2	1	-0.5816411298405049	0.5408991120182723	-1.7041813716992822
SIGMAR1	ADM	7	1	-0.5825992349348691	2.1882177043126836	-2.4911301405017947
SIGMAR1	TOB1	3	1	-0.5913714337889513	4.197858890102471	-2.4199725656432065
SIGMAR1	BCAT1	5	1	-0.5954881232594091	3.2832175315071415	-1.8260383323130336
SIGMAR1	HLA-DQA1	3	1	-0.6004079536160499	3.1165070649767053	-0.9585314852868828
SIGMAR1	ANTXR1	6	1	-0.6100460817642137	3.3426670258391113	-1.648591596255587
SIGMAR1	PDLIM7	4	1	-0.6163762988131416	1.7739144498151138	-0.7537667944616405
SIGMAR1	MXD1	2	1	-0.6177166018654433	0.46730520349306176	-1.7027384072239484
SIGMAR1	SEMA3C	2	1	-0.6362688201686171	0.8019311303258111	-2.0744687706630454
SIGMAR1	COL6A1	2	1	-0.6381059981656608	0.19299727718448154	-1.469209273515803
SIGMAR1	JPH2	2	1	-0.6443097164127475	0.12510611724619086	-1.4137255500716859
SIGMAR1	PGC	4	1	-0.6496852429604424	1.5221612771954005	-1.8972961752813664
SIGMAR1	CA12	4	1	-0.6513763789924268	2.7922841972833763	-3.7816018786416903
SIGMAR1	DUOXA2	4	1	-0.6592435409132582	0.25278113187032	-2.333227225311103
SIGMAR1	HK2	2	1	-0.6634663188090829	0.5297980094378387	-1.8567306470560045
SIGMAR1	TPM1	3	1	-0.6747103233638642	0.6409868197118167	-0.8882133785344976
SIGMAR1	CD68	4	1	-0.6827853503676211	0.9298972368352512	-2.636315971869084
SIGMAR1	HTRA1	5	1	-0.6894910447707949	0.15202902374593172	-2.0450207852119746
SIGMAR1	AMN	2	1	-0.69901421950395	0.3823796566641527	-1.7804080956720527
SIGMAR1	MIF	2	1	-0.7116965562345923	0.34737716895441145	-1.770770281423596
SIGMAR1	SLC2A1	7	1	-0.7252670329157969	4.708929350865395	-1.77474014604053
SIGMAR1	KLK7	4	1	-0.7388918016676584	3.589757375361991	-1.600302183654962
SIGMAR1	GCNT3	5	1	-0.7411785464078171	1.0376451883799949	-2.27170832309976
SIGMAR1	CP	4	1	-0.7598598296542323	0.008316106618595392	-2.810454982566996
SIGMAR1	DNAJB1	2	1	-0.7721338479065734	0.053923615842956386	-1.598191311656103
SIGMAR1	MMP9	6	1	-0.7847893656314087	1.0348327097174128	-3.538652989023625
SIGMAR1	FBLN1	7	1	-0.7980160769777365	1.5504819606406726	-2.112509894935708
SIGMAR1	TPM2	5	1	-0.8026093241686836	2.5973158746134755	-1.1374667382412647
SIGMAR1	MMP1	2	1	-0.8209555785298623	1.0819835422277868	-2.7238946992875115
SIGMAR1	CAPG	2	1	-0.8301421874594465	0.025875174841533212	-1.686159549760426
SIGMAR1	DDIT4	3	1	-0.8407044247831605	1.5532071401207992	-1.8047961218728992
SIGMAR1	FCMR	2	1	-0.8482918264445884	0.5570090241256627	-2.2535926770148396
SIGMAR1	COL12A1	8	1	-0.8520705185430069	2.423830792132732	-2.275129427370385
SIGMAR1	MUC5B	6	1	-0.8585772049041138	3.5832768206408963	-2.56726381099001
SIGMAR1	LOXL2	7	1	-0.8660560237373177	0.40250104292268646	-1.4049633984020744
SIGMAR1	KLF9	2	1	-0.8663533259950246	1.065225350927374	-2.797932002917423
SIGMAR1	CD24	2	1	-0.8717376024406467	0.6740124070546037	-2.417487611935897
SIGMAR1	LIF	2	1	-0.8787540101709044	0.6901076437739545	-2.447615664115763
SIGMAR1	S100A8	3	1	-0.9044759359028735	0.8071787171599032	-0.9512028260734517
SIGMAR1	ONECUT2	3	1	-0.9048717932647753	3.365990238125922	-3.500370108005099
SIGMAR1	CMTM3	3	1	-0.908210607689362	0.9904520866736752	-1.4975265796248352
SIGMAR1	THBS1	7	1	-0.9456476639572503	0.5235731469776416	-2.7275053925181902
SIGMAR1	TAGLN	6	1	-0.9458253326307691	1.724214220280642	-1.885798452598866
SIGMAR1	NBL1	4	1	-0.949760087845692	0.8902483036533727	-1.5582376801500464
SIGMAR1	KRT15	3	1	-0.9716978239755523	4.6060055691762205	-2.166933082002463
SIGMAR1	CRABP2	6	1	-0.9723231487988349	4.008981901311821	-3.1495115905054525
SIGMAR1	SFTA2	3	1	-0.9741990129923819	4.0298202380414825	-1.5692193500144707
SIGMAR1	FCRL1	2	1	-0.9847928172580478	0.4314396323614167	-2.4010252668775123
SIGMAR1	GOLM1	3	1	-0.9965435753539755	0.6741973101505908	-2.757374259577426
SIGMAR1	MT1E	4	1	-1.0320221406943175	2.384216708340888	-1.515058742536785
SIGMAR1	SCUBE3	2	1	-1.0336222273050466	0.2718700128212839	-2.339114467431377
SIGMAR1	COL8A1	5	1	-1.0428475667655768	0.5344293744653185	-2.0200934074060943
SIGMAR1	CDCA7	2	1	-1.045193097579259	0.7176302745772789	-2.8080164697357968
SIGMAR1	ITGA5	4	1	-1.0556710521388362	1.2369190812399584	-1.8077936388855982
SIGMAR1	LMCD1	4	1	-1.0608266151111234	0.6573178795386329	-1.344769506460324
SIGMAR1	RARRES2	6	1	-1.066110124026786	0.039265679710871144	-1.9349426076931464
SIGMAR1	ERBB3	3	1	-1.0768306777233063	0.8070372442197085	-1.212480022606125
SIGMAR1	ID3	3	1	-1.083707335736922	0.06346098537689368	-1.1646643820238949
SIGMAR1	FGF7	3	1	-1.0965830024121093	0.6223507559906526	-2.9425257381830012
SIGMAR1	CD52	2	1	-1.1261384929555838	0.5938821545320457	-2.846159140443213
SIGMAR1	TRBC1	2	1	-1.1280682955193622	0.5734385491493657	-2.8295751401880898
SIGMAR1	DHRS3	4	1	-1.130082271332249	2.4964607494358737	-1.5685641059300617
SIGMAR1	RGS2	2	1	-1.1338190307495324	0.596054153262135	-2.8636922147612
SIGMAR1	HMGA2	4	1	-1.137857622314318	1.191108880700143	-3.8614814135352105
SIGMAR1	NNMT	3	1	-1.1606239823265285	0.48057552526844427	-1.270894816059573
SIGMAR1	ADAMTS9	2	1	-1.1787459663816298	0.3070045350214269	-2.6644964677846863
SIGMAR1	MS4A1	2	1	-1.2044394491778259	0.20285332895672925	-2.611732227312381
SIGMAR1	CLDN2	2	1	-1.2394875827496357	1.1996326319057855	-3.678607797405057
SIGMAR1	CTSK	5	1	-1.2644171073113528	0.12370682891131371	-1.9716398627204315
SIGMAR1	OLR1	3	1	-1.2771122535555923	1.9646399660602265	-1.3560776651970645
SIGMAR1	EGR1	4	1	-1.3045966298448346	0.6975282207239119	-2.199314297815684
SIGMAR1	PTPRC	2	1	-1.3054692579312397	0.4913194645621945	-3.1022579804246737
SIGMAR1	SVEP1	2	1	-1.309557242052991	0.6186680035387438	-3.237782487644726
SIGMAR1	NKD2	4	1	-1.336560321996977	0.171811408672096	-1.5049466937761204
SIGMAR1	EPYC	5	1	-1.3457618138192826	0.8958791017828918	-3.2367011708362154
SIGMAR1	ACKR1	2	1	-1.350345298128856	0.11267682573554474	-2.8133674219932567
SIGMAR1	DPT	6	1	-1.3512682280815351	1.911361421738871	-2.9742814155626367
SIGMAR1	IGFBP2	4	1	-1.3598305265008483	2.043626290764691	-1.6652119711088993
SIGMAR1	A4GNT	2	1	-1.4747418320259165	0.6726329338937972	-3.62211659794563
SIGMAR1	CD37	2	1	-1.4870409252517742	0.08400736217802422	-3.0580892126815726
SIGMAR1	GAS1	6	1	-1.5335956483275004	0.1654603336856019	-3.0349144527688634
SIGMAR1	PTGIS	4	1	-1.5815061256430387	0.24993934738633816	-3.9089900504361106
SIGMAR1	PCDH1	4	1	-1.6190899091433804	1.8406678362831796	-2.7716759786943195
SIGMAR1	SMIM24	2	1	-1.656857147292695	0.2554238001898287	-3.5691380947752185
SIGMAR1	CEACAM7	3	1	-1.6613853031344799	3.4447839408732115	-1.8189114177064498
SIGMAR1	C1QC	3	1	-1.7596457868443471	2.707823886846038	-3.771583056386927
SIGMAR1	EGLN3	6	1	-1.7622234663469358	4.429268733191886	-2.026802191377941
SIGMAR1	FBP1	3	1	-1.865121671984753	0.06215568363129731	-2.8174413655360175
SIGMAR1	ANP32E	1	0	-0.005731434453057111	-0.005731434453057111	-0.005731434453057111
SIGMAR1	HILPDA	1	0	-0.008777689435911758	-0.008777689435911758	-0.008777689435911758
SIGMAR1	GRAMD1B	1	0	-0.01373253340896532	-0.01373253340896532	-0.01373253340896532
SIGMAR1	STARD4	1	0	-0.015485738298375932	-0.015485738298375932	-0.015485738298375932
SIGMAR1	SOX10	1	0	-0.016773289046877835	-0.016773289046877835	-0.016773289046877835
SIGMAR1	CDH2	1	0	-0.03042343708149982	-0.03042343708149982	-0.03042343708149982
SIGMAR1	CTNNB1	1	0	-0.03408553190957352	-0.03408553190957352	-0.03408553190957352
SIGMAR1	NOS2	1	0	-0.037474776871526096	-0.037474776871526096	-0.037474776871526096
SIGMAR1	C4BPB	1	0	-0.04549702425976	-0.04549702425976	-0.04549702425976
SIGMAR1	TNNT1	1	0	-0.047963441750261085	-0.047963441750261085	-0.047963441750261085
SIGMAR1	PHLDA1	1	0	-0.0524420565514013	-0.0524420565514013	-0.0524420565514013
SIGMAR1	ANTXR2	1	0	-0.055027690669736375	-0.055027690669736375	-0.055027690669736375
SIGMAR1	CELF3	1	0	-0.06163827232879104	-0.06163827232879104	-0.06163827232879104
SIGMAR1	STARD10	2	0	-0.06671145458253745	-0.02988038257142767	-0.10354252659364724
SIGMAR1	MX1	2	0	-0.075383295685041	-0.013063290747374029	-0.13770330062270797
SIGMAR1	IKBKE	1	0	-0.0781340590526205	-0.0781340590526205	-0.0781340590526205
SIGMAR1	JAK3	1	0	-0.0793230698728502	-0.0793230698728502	-0.0793230698728502
SIGMAR1	CXCL10	1	0	-0.07945749753753917	-0.07945749753753917	-0.07945749753753917
SIGMAR1	CACNA1A	1	0	-0.08740494633734412	-0.08740494633734412	-0.08740494633734412
SIGMAR1	C6orf132	1	0	-0.09524526827428316	-0.09524526827428316	-0.09524526827428316
SIGMAR1	PIP	1	0	-0.09707282001924329	-0.09707282001924329	-0.09707282001924329
SIGMAR1	SLC14A1	1	0	-0.09828788425273077	-0.09828788425273077	-0.09828788425273077
SIGMAR1	ECH1	1	0	-0.09991011258569187	-0.09991011258569187	-0.09991011258569187
SIGMAR1	CYP17A1	1	0	-0.1026115834631029	-0.1026115834631029	-0.1026115834631029
SIGMAR1	MED13L	1	0	-0.11076338323170647	-0.11076338323170647	-0.11076338323170647
SIGMAR1	PSMC4	1	0	-0.12904676697108158	-0.12904676697108158	-0.12904676697108158
SIGMAR1	CYP11B2	1	0	-0.1370451646948608	-0.1370451646948608	-0.1370451646948608
SIGMAR1	VWF	3	0	-0.152897697532511	-0.06850696233859409	-1.6716331274228529
SIGMAR1	CXCL11	1	0	-0.16349077095083367	-0.16349077095083367	-0.16349077095083367
SIGMAR1	SLIT2	1	0	-0.16405111870996306	-0.16405111870996306	-0.16405111870996306
SIGMAR1	EZR	1	0	-0.16677545332665492	-0.16677545332665492	-0.16677545332665492
SIGMAR1	NPNT	1	0	-0.16845480979825556	-0.16845480979825556	-0.16845480979825556
SIGMAR1	LTBP1	1	0	-0.18224598771134606	-0.18224598771134606	-0.18224598771134606
SIGMAR1	MFGE8	1	0	-0.1933954652132216	-0.1933954652132216	-0.1933954652132216
SIGMAR1	PLA2G10	1	0	-0.19571838506680267	-0.19571838506680267	-0.19571838506680267
SIGMAR1	DERL3	1	0	-0.19900079498114456	-0.19900079498114456	-0.19900079498114456
SIGMAR1	HLA-DQB2	1	0	-0.20430108195887164	-0.20430108195887164	-0.20430108195887164
SIGMAR1	OAS1	1	0	-0.20677475678405036	-0.20677475678405036	-0.20677475678405036
SIGMAR1	NCKAP5	1	0	-0.21492208990136286	-0.21492208990136286	-0.21492208990136286
SIGMAR1	MCOLN3	1	0	-0.22097250778720282	-0.22097250778720282	-0.22097250778720282
SIGMAR1	NR5A1	1	0	-0.22892860797159076	-0.22892860797159076	-0.22892860797159076
SIGMAR1	PGAP1	1	0	-0.23755162038020108	-0.23755162038020108	-0.23755162038020108
SIGMAR1	CYP51A1	1	0	-0.24076344767156255	-0.24076344767156255	-0.24076344767156255
SIGMAR1	ANKRD22	1	0	-0.24356937398732395	-0.24356937398732395	-0.24356937398732395
SIGMAR1	NDRG1	1	0	-0.24678084040230291	-0.24678084040230291	-0.24678084040230291
SIGMAR1	EFHD1	1	0	-0.25361307261237404	-0.25361307261237404	-0.25361307261237404
SIGMAR1	PET100	1	0	-0.25434682080115745	-0.25434682080115745	-0.25434682080115745
SIGMAR1	SEMA5A	1	0	-0.2564566364354892	-0.2564566364354892	-0.2564566364354892
SIGMAR1	NPC1	1	0	-0.26286504730114035	-0.26286504730114035	-0.26286504730114035
SIGMAR1	HSPA6	1	0	-0.2638423785122939	-0.2638423785122939	-0.2638423785122939
SIGMAR1	CASP9	1	0	-0.2660380338328	-0.2660380338328	-0.2660380338328
SIGMAR1	CHIA	1	0	-0.26637948435396136	-0.26637948435396136	-0.26637948435396136
SIGMAR1	TXNDC5	1	0	-0.2666350155708907	-0.2666350155708907	-0.2666350155708907
SIGMAR1	IL1B	1	0	-0.2708933356124382	-0.2708933356124382	-0.2708933356124382
SIGMAR1	TYK2	1	0	-0.27242962260721326	-0.27242962260721326	-0.27242962260721326
SIGMAR1	SCIN	1	0	-0.2760554291060653	-0.2760554291060653	-0.2760554291060653
SIGMAR1	PDLIM4	1	0	-0.276392432269848	-0.276392432269848	-0.276392432269848
SIGMAR1	RBP5	1	0	-0.2821415998224599	-0.2821415998224599	-0.2821415998224599
SIGMAR1	VCAM1	1	0	-0.2843163106409689	-0.2843163106409689	-0.2843163106409689
SIGMAR1	CALN1	1	0	-0.2872747073965204	-0.2872747073965204	-0.2872747073965204
SIGMAR1	NFKBIZ	1	0	-0.28753915196717195	-0.28753915196717195	-0.28753915196717195
SIGMAR1	IYD	1	0	-0.2915815351794913	-0.2915815351794913	-0.2915815351794913
SIGMAR1	NTSR1	1	0	-0.29452747841456844	-0.29452747841456844	-0.29452747841456844
SIGMAR1	BHLHE40	1	0	-0.2982587150428926	-0.2982587150428926	-0.2982587150428926
SIGMAR1	GABRE	1	0	-0.30043959196075687	-0.30043959196075687	-0.30043959196075687
SIGMAR1	FER1L6	2	0	-0.30667991996761496	-0.006598737383901199	-0.6067611025513288
SIGMAR1	ABTB2	1	0	-0.3169395480202974	-0.3169395480202974	-0.3169395480202974
SIGMAR1	SDCBP2	1	0	-0.3218546798293175	-0.3218546798293175	-0.3218546798293175
SIGMAR1	ENC1	1	0	-0.32354670598496144	-0.32354670598496144	-0.32354670598496144
SIGMAR1	ALAS1	1	0	-0.3299439439518436	-0.3299439439518436	-0.3299439439518436
SIGMAR1	SLC44A1	1	0	-0.3313089371882614	-0.3313089371882614	-0.3313089371882614
SIGMAR1	S100B	1	0	-0.3348311062372919	-0.3348311062372919	-0.3348311062372919
SIGMAR1	HS3ST2	1	0	-0.34394586726509985	-0.34394586726509985	-0.34394586726509985
SIGMAR1	TNFAIP2	1	0	-0.34758239138397157	-0.34758239138397157	-0.34758239138397157
SIGMAR1	CLEC14A	2	0	-0.3481070464843036	-0.3138647806018143	-0.3823493123667928
SIGMAR1	IL22RA2	1	0	-0.35553536565817556	-0.35553536565817556	-0.35553536565817556
SIGMAR1	AQP9	1	0	-0.35961183815693465	-0.35961183815693465	-0.35961183815693465
SIGMAR1	CTH	1	0	-0.3621596690834495	-0.3621596690834495	-0.3621596690834495
SIGMAR1	CCL20	2	0	-0.3647524629883098	-0.08166838402320349	-0.6478365419534161
SIGMAR1	AS3MT	1	0	-0.3761359195399624	-0.3761359195399624	-0.3761359195399624
SIGMAR1	TIMP2	2	0	-0.3858773718098327	-0.2724337583959137	-0.49932098522375173
SIGMAR1	CYP11A1	1	0	-0.3885481625911379	-0.3885481625911379	-0.3885481625911379
SIGMAR1	ADCYAP1	1	0	-0.39482673098300275	-0.39482673098300275	-0.39482673098300275
SIGMAR1	MSMO1	1	0	-0.39749355088508304	-0.39749355088508304	-0.39749355088508304
SIGMAR1	ALKAL2	1	0	-0.40168429378591886	-0.40168429378591886	-0.40168429378591886
SIGMAR1	SLC9A3R1	1	0	-0.404608908794617	-0.404608908794617	-0.404608908794617
SIGMAR1	PTPRN2	1	0	-0.4179824446953433	-0.4179824446953433	-0.4179824446953433
SIGMAR1	MVD	1	0	-0.4230952123359984	-0.4230952123359984	-0.4230952123359984
SIGMAR1	GASK1B	2	0	-0.42383967602139083	-0.009112224450437741	-0.838567127592344
SIGMAR1	MT1H	1	0	-0.4268522812394243	-0.4268522812394243	-0.4268522812394243
SIGMAR1	INSR	1	0	-0.42984472305681065	-0.42984472305681065	-0.42984472305681065
SIGMAR1	ARMC9	1	0	-0.44234803991560745	-0.44234803991560745	-0.44234803991560745
SIGMAR1	SLC7A2	1	0	-0.44317906314036903	-0.44317906314036903	-0.44317906314036903
SIGMAR1	MSR1	1	0	-0.4540176015320941	-0.4540176015320941	-0.4540176015320941
SIGMAR1	AKNA	1	0	-0.4613627540832354	-0.4613627540832354	-0.4613627540832354
SIGMAR1	HMGCR	1	0	-0.4667376985994468	-0.4667376985994468	-0.4667376985994468
SIGMAR1	RAB31	1	0	-0.4729349215706013	-0.4729349215706013	-0.4729349215706013
SIGMAR1	HOXA5	1	0	-0.47442786331969683	-0.47442786331969683	-0.47442786331969683
SIGMAR1	FNDC4	1	0	-0.4753427273459543	-0.4753427273459543	-0.4753427273459543
SIGMAR1	TM7SF2	1	0	-0.48035246041244467	-0.48035246041244467	-0.48035246041244467
SIGMAR1	CYP11B1	1	0	-0.4804587736299297	-0.4804587736299297	-0.4804587736299297
SIGMAR1	EPS8L1	1	0	-0.4808906843387363	-0.4808906843387363	-0.4808906843387363
SIGMAR1	CAPN8	2	0	-0.4815615195739725	-0.4191873911146915	-0.5439356480332534
SIGMAR1	PSMD8	1	0	-0.4815702206207357	-0.4815702206207357	-0.4815702206207357
SIGMAR1	TMEM97	1	0	-0.4861985208077149	-0.4861985208077149	-0.4861985208077149
SIGMAR1	FAS	1	0	-0.5018994851048598	-0.5018994851048598	-0.5018994851048598
SIGMAR1	IFIT3	2	0	-0.5028129973938061	-0.350005925301807	-0.6556200694858052
SIGMAR1	IL1R1	1	0	-0.5058242968627494	-0.5058242968627494	-0.5058242968627494
SIGMAR1	FBLIM1	1	0	-0.510133333909265	-0.510133333909265	-0.510133333909265
SIGMAR1	GJA1	3	0	-0.5160431338972461	-0.37732237375014793	-2.0519398165804748
SIGMAR1	IL27RA	1	0	-0.5208834140647791	-0.5208834140647791	-0.5208834140647791
SIGMAR1	LPCAT4	1	0	-0.5307242753775001	-0.5307242753775001	-0.5307242753775001
SIGMAR1	FGF12	1	0	-0.5320023205171753	-0.5320023205171753	-0.5320023205171753
SIGMAR1	SOAT1	1	0	-0.5354162751959043	-0.5354162751959043	-0.5354162751959043
SIGMAR1	MOB4	1	0	-0.5402146463805337	-0.5402146463805337	-0.5402146463805337
SIGMAR1	AADAC	1	0	-0.5476173765480157	-0.5476173765480157	-0.5476173765480157
SIGMAR1	FAM166B	1	0	-0.5517666828818546	-0.5517666828818546	-0.5517666828818546
SIGMAR1	CTNNAL1	1	0	-0.5535231796687394	-0.5535231796687394	-0.5535231796687394
SIGMAR1	ITGA2	2	0	-0.5558347379463264	-0.5363071832919782	-0.5753622926006745
SIGMAR1	PAK4	1	0	-0.5562658079643003	-0.5562658079643003	-0.5562658079643003
SIGMAR1	SCGB3A1	1	0	-0.5565693808721351	-0.5565693808721351	-0.5565693808721351
SIGMAR1	LBH	2	0	-0.5603422910846964	-0.5176995854378288	-0.6029849967315639
SIGMAR1	VAT1L	1	0	-0.5648341038794232	-0.5648341038794232	-0.5648341038794232
SIGMAR1	SLC47A1	1	0	-0.5666045962991575	-0.5666045962991575	-0.5666045962991575
SIGMAR1	PTK7	2	0	-0.5676043851907125	-0.5477255414560196	-0.5874832289254055
SIGMAR1	CYP21A2	1	0	-0.5756722432532377	-0.5756722432532377	-0.5756722432532377
SIGMAR1	CLMP	1	0	-0.5786817150815186	-0.5786817150815186	-0.5786817150815186
SIGMAR1	NKAIN1	1	0	-0.5815981011846846	-0.5815981011846846	-0.5815981011846846
SIGMAR1	CRIM1	1	0	-0.5894030865967131	-0.5894030865967131	-0.5894030865967131
SIGMAR1	FLNB	1	0	-0.5952159470602887	-0.5952159470602887	-0.5952159470602887
SIGMAR1	CAPN12	1	0	-0.6011356259312037	-0.6011356259312037	-0.6011356259312037
SIGMAR1	MMRN1	1	0	-0.6033396319888296	-0.6033396319888296	-0.6033396319888296
SIGMAR1	NPR3	3	0	-0.6038860495298517	-0.496912267432711	-2.224997245027967
SIGMAR1	RNF128	1	0	-0.6062107423729164	-0.6062107423729164	-0.6062107423729164
SIGMAR1	PPBP	2	0	-0.6089953737695804	-0.04159696147946357	-1.1763937860596971
SIGMAR1	MUCL3	2	0	-0.6101469240185962	-0.27395780460333785	-0.9463360434338546
SIGMAR1	STAB1	2	0	-0.6160719321745226	-0.11653096090289508	-1.1156129034461502
SIGMAR1	SPRY2	1	0	-0.6180239795206112	-0.6180239795206112	-0.6180239795206112
SIGMAR1	FDXR	1	0	-0.6221623750175717	-0.6221623750175717	-0.6221623750175717
SIGMAR1	CRYBG2	1	0	-0.6226588767115768	-0.6226588767115768	-0.6226588767115768
SIGMAR1	MYH9	1	0	-0.6262783112998999	-0.6262783112998999	-0.6262783112998999
SIGMAR1	C2CD4A	1	0	-0.6368943230891994	-0.6368943230891994	-0.6368943230891994
SIGMAR1	ACSS2	1	0	-0.6412288839899624	-0.6412288839899624	-0.6412288839899624
SIGMAR1	SORBS2	1	0	-0.6424139434716547	-0.6424139434716547	-0.6424139434716547
SIGMAR1	ZNF503	1	0	-0.6558356995637792	-0.6558356995637792	-0.6558356995637792
SIGMAR1	CLIC4	2	0	-0.6598746939888019	-0.502015747917161	-0.8177336400604429
SIGMAR1	LONRF2	1	0	-0.6606736489848422	-0.6606736489848422	-0.6606736489848422
SIGMAR1	FGF9	1	0	-0.6610393488251253	-0.6610393488251253	-0.6610393488251253
SIGMAR1	SAA2	3	0	-0.6627234255172338	-0.494487602143223	-1.0238254039792571
SIGMAR1	GADD45A	1	0	-0.6663213069356497	-0.6663213069356497	-0.6663213069356497
SIGMAR1	TNFRSF9	1	0	-0.6701095468664131	-0.6701095468664131	-0.6701095468664131
SIGMAR1	CAST	1	0	-0.6704952495760659	-0.6704952495760659	-0.6704952495760659
SIGMAR1	HKDC1	1	0	-0.6709533284787419	-0.6709533284787419	-0.6709533284787419
SIGMAR1	FAM222A	1	0	-0.6819255511714843	-0.6819255511714843	-0.6819255511714843
SIGMAR1	KCNJ5	1	0	-0.6836640791383811	-0.6836640791383811	-0.6836640791383811
SIGMAR1	WFDC1	1	0	-0.6837919153565611	-0.6837919153565611	-0.6837919153565611
SIGMAR1	GRIA3	1	0	-0.6845632323891996	-0.6845632323891996	-0.6845632323891996
SIGMAR1	PRRC2C	2	0	-0.6953086193139214	-0.2903199064952677	-1.100297332132575
SIGMAR1	WDR72	1	0	-0.6985864554392079	-0.6985864554392079	-0.6985864554392079
SIGMAR1	GJA4	1	0	-0.704133731840004	-0.704133731840004	-0.704133731840004
SIGMAR1	AMDHD1	1	0	-0.7077223599477565	-0.7077223599477565	-0.7077223599477565
SIGMAR1	MRAP	1	0	-0.7147241156461969	-0.7147241156461969	-0.7147241156461969
SIGMAR1	GAS6	1	0	-0.7219425153100358	-0.7219425153100358	-0.7219425153100358
SIGMAR1	ACAT2	1	0	-0.7252831662896686	-0.7252831662896686	-0.7252831662896686
SIGMAR1	PGA5	1	0	-0.729814382604274	-0.729814382604274	-0.729814382604274
SIGMAR1	QPCT	1	0	-0.733486104065371	-0.733486104065371	-0.733486104065371
SIGMAR1	C2orf66	1	0	-0.7353714410103998	-0.7353714410103998	-0.7353714410103998
SIGMAR1	SGK1	3	0	-0.7382859390636722	-0.36541126093208237	-2.0465477419154774
SIGMAR1	GEM	1	0	-0.7384084992203515	-0.7384084992203515	-0.7384084992203515
SIGMAR1	KLHDC8B	1	0	-0.7398157880235622	-0.7398157880235622	-0.7398157880235622
SIGMAR1	METRNL	1	0	-0.7406645546289179	-0.7406645546289179	-0.7406645546289179
SIGMAR1	TBX3	1	0	-0.7409259095376763	-0.7409259095376763	-0.7409259095376763
SIGMAR1	S100A10	3	0	-0.7519296707885489	-0.08980531978084794	-2.6105655791973628
SIGMAR1	MSMB	1	0	-0.7536288685255585	-0.7536288685255585	-0.7536288685255585
SIGMAR1	ALDOB	2	0	-0.7586064025877463	-0.5010668798930864	-1.016145925282406
SIGMAR1	ZNF275	1	0	-0.7626684862362882	-0.7626684862362882	-0.7626684862362882
SIGMAR1	DYNLL2	1	0	-0.7629028370718565	-0.7629028370718565	-0.7629028370718565
SIGMAR1	ELN	2	0	-0.7631914230188228	-0.4740097504968889	-1.0523730955407566
SIGMAR1	MGARP	1	0	-0.7646402271796073	-0.7646402271796073	-0.7646402271796073
SIGMAR1	MME	1	0	-0.7653344874885718	-0.7653344874885718	-0.7653344874885718
SIGMAR1	PCOLCE	4	0	-0.7670983673960259	-0.47522138393159086	-2.2293417150425867
SIGMAR1	SLC38A2	1	0	-0.7764979206775755	-0.7764979206775755	-0.7764979206775755
SIGMAR1	F3	1	0	-0.781039453811917	-0.781039453811917	-0.781039453811917
SIGMAR1	DPYSL3	4	0	-0.80064433275055	-0.7102141564405112	-2.536209554585314
SIGMAR1	PEG3	1	0	-0.8032166987561293	-0.8032166987561293	-0.8032166987561293
SIGMAR1	NSDHL	1	0	-0.8045722342728693	-0.8045722342728693	-0.8045722342728693
SIGMAR1	TCEAL4	1	0	-0.8122076063227293	-0.8122076063227293	-0.8122076063227293
SIGMAR1	OLFML2B	3	0	-0.8124235714609224	-0.0018887509818361146	-1.9365585510602492
SIGMAR1	NAP1L5	1	0	-0.8126736291369532	-0.8126736291369532	-0.8126736291369532
SIGMAR1	SLC5A1	1	0	-0.8130479694499065	-0.8130479694499065	-0.8130479694499065
SIGMAR1	FAM110C	1	0	-0.8228258017172462	-0.8228258017172462	-0.8228258017172462
SIGMAR1	C2CD2	1	0	-0.8278113419344061	-0.8278113419344061	-0.8278113419344061
SIGMAR1	LFNG	1	0	-0.8320644968651553	-0.8320644968651553	-0.8320644968651553
SIGMAR1	CKLF	1	0	-0.832476457865132	-0.832476457865132	-0.832476457865132
SIGMAR1	MAPK4	1	0	-0.8382749418582374	-0.8382749418582374	-0.8382749418582374
SIGMAR1	CX3CL1	1	0	-0.839327800590634	-0.839327800590634	-0.839327800590634
SIGMAR1	PNCK	1	0	-0.8409359390618355	-0.8409359390618355	-0.8409359390618355
SIGMAR1	GSTA4	1	0	-0.8423728871253959	-0.8423728871253959	-0.8423728871253959
SIGMAR1	CEACAM1	1	0	-0.8427011313805529	-0.8427011313805529	-0.8427011313805529
SIGMAR1	SYNC	1	0	-0.8545932063659041	-0.8545932063659041	-0.8545932063659041
SIGMAR1	DNAJC12	1	0	-0.8571873428179045	-0.8571873428179045	-0.8571873428179045
SIGMAR1	SLC23A2	1	0	-0.8666235335319366	-0.8666235335319366	-0.8666235335319366
SIGMAR1	ASB4	1	0	-0.8667779298538802	-0.8667779298538802	-0.8667779298538802
SIGMAR1	ARHGDIA	1	0	-0.8729597265493106	-0.8729597265493106	-0.8729597265493106
SIGMAR1	SDS	1	0	-0.8733111457588071	-0.8733111457588071	-0.8733111457588071
SIGMAR1	PLPP4	1	0	-0.8751108466315627	-0.8751108466315627	-0.8751108466315627
SIGMAR1	SLC1A2	1	0	-0.8824482154308678	-0.8824482154308678	-0.8824482154308678
SIGMAR1	ADAMTS8	1	0	-0.883314981532801	-0.883314981532801	-0.883314981532801
SIGMAR1	SEMA6A	1	0	-0.889600854161082	-0.889600854161082	-0.889600854161082
SIGMAR1	CITED2	2	0	-0.8898577756057081	-0.5624613220563541	-1.217254229155062
SIGMAR1	ISM1	3	0	-0.8928818690163743	-0.14305736125148727	-1.7467847109574628
SIGMAR1	PLK3	1	0	-0.901849889037664	-0.901849889037664	-0.901849889037664
SIGMAR1	KCNQ1	1	0	-0.9022920381717751	-0.9022920381717751	-0.9022920381717751
SIGMAR1	SLC38A4	1	0	-0.9176587650840754	-0.9176587650840754	-0.9176587650840754
SIGMAR1	SLC16A9	1	0	-0.9192067580445883	-0.9192067580445883	-0.9192067580445883
SIGMAR1	ANKH	1	0	-0.9201631099866464	-0.9201631099866464	-0.9201631099866464
SIGMAR1	ZBTB21	1	0	-0.9234909616881998	-0.9234909616881998	-0.9234909616881998
SIGMAR1	DCD	2	0	-0.9405079570771322	-0.9080933394778631	-0.9729225746764012
SIGMAR1	PPP1R15A	2	0	-0.9452826399827808	-0.5871614169339552	-1.3034038630316065
SIGMAR1	AOX1	2	0	-0.9473810703307013	-0.5262469165924301	-1.3685152240689726
SIGMAR1	BNIP3L	2	0	-0.9476852412049954	-0.3165146197823032	-1.5788558626276876
SIGMAR1	TENT5C	1	0	-0.9488255829255038	-0.9488255829255038	-0.9488255829255038
SIGMAR1	HMGCS2	2	0	-0.9575443700081384	-0.16239894818771358	-1.7526897918285633
SIGMAR1	RSAD2	2	0	-0.9593541211836336	-0.3063156063396347	-1.6123926360276326
SIGMAR1	ROBO1	1	0	-0.9709600105722297	-0.9709600105722297	-0.9709600105722297
SIGMAR1	CYP19A1	1	0	-0.9769150661289997	-0.9769150661289997	-0.9769150661289997
SIGMAR1	SPRY4	1	0	-0.9796534088036831	-0.9796534088036831	-0.9796534088036831
SIGMAR1	ITGA11	8	0	-0.9839339316029085	-0.017716241866092497	-2.0038256773946985
SIGMAR1	PDGFA	2	0	-0.9849596818887343	-0.7493623886185683	-1.2205569751589003
SIGMAR1	RERGL	1	0	-0.986044295703708	-0.986044295703708	-0.986044295703708
SIGMAR1	CEMIP	3	0	-0.9919412667141452	-0.2435488932543619	-2.5237270499606685
SIGMAR1	CXCL13	2	0	-0.9931044723282526	-0.1847347167490785	-1.8014742279074267
SIGMAR1	PLVAP	2	0	-0.999330468791862	-0.9251425276091297	-1.0735184099745945
SIGMAR1	SCGB1D2	1	0	-1.0031374657537773	-1.0031374657537773	-1.0031374657537773
SIGMAR1	ABHD2	1	0	-1.0054236817775761	-1.0054236817775761	-1.0054236817775761
SIGMAR1	SPHK1	1	0	-1.0121305041716298	-1.0121305041716298	-1.0121305041716298
SIGMAR1	GYPC	1	0	-1.0201347127612475	-1.0201347127612475	-1.0201347127612475
SIGMAR1	TYROBP	5	0	-1.0210409390684065	-0.23548775515033632	-2.5478674880589782
SIGMAR1	SERPINE1	8	0	-1.0226068953610583	-0.07715028743380802	-1.7382768908162796
SIGMAR1	ASPH	1	0	-1.0295394368810138	-1.0295394368810138	-1.0295394368810138
SIGMAR1	CREM	1	0	-1.0468600495379123	-1.0468600495379123	-1.0468600495379123
SIGMAR1	ABCB1	1	0	-1.0564807323248144	-1.0564807323248144	-1.0564807323248144
SIGMAR1	PLBD1	1	0	-1.061730777790091	-1.061730777790091	-1.061730777790091
SIGMAR1	SHB	1	0	-1.0624034059039482	-1.0624034059039482	-1.0624034059039482
SIGMAR1	PTGIR	1	0	-1.0652530412957153	-1.0652530412957153	-1.0652530412957153
SIGMAR1	MIA	2	0	-1.0781854450524742	-1.0500014397479434	-1.106369450357005
SIGMAR1	VCAN	7	0	-1.0888272425553274	-0.16990235449978638	-2.7914308552651526
SIGMAR1	PODNL1	1	0	-1.0936338524864249	-1.0936338524864249	-1.0936338524864249
SIGMAR1	CPEB4	1	0	-1.0966140508647446	-1.0966140508647446	-1.0966140508647446
SIGMAR1	WT1	1	0	-1.1025084464633004	-1.1025084464633004	-1.1025084464633004
SIGMAR1	ZFP36	1	0	-1.1090345379202937	-1.1090345379202937	-1.1090345379202937
SIGMAR1	FUT9	1	0	-1.1161742230555343	-1.1161742230555343	-1.1161742230555343
SIGMAR1	MC2R	1	0	-1.121141824767155	-1.121141824767155	-1.121141824767155
SIGMAR1	SLC3A1	1	0	-1.1257499688292685	-1.1257499688292685	-1.1257499688292685
SIGMAR1	CD200	1	0	-1.126370569168527	-1.126370569168527	-1.126370569168527
SIGMAR1	TP53INP2	1	0	-1.1306930466852478	-1.1306930466852478	-1.1306930466852478
SIGMAR1	MRVI1	1	0	-1.1330659333285553	-1.1330659333285553	-1.1330659333285553
SIGMAR1	SCARF1	1	0	-1.1340077777442876	-1.1340077777442876	-1.1340077777442876
SIGMAR1	MT1F	1	0	-1.1472295817127944	-1.1472295817127944	-1.1472295817127944
SIGMAR1	CDKN1A	2	0	-1.1555580418241314	-0.6959097962456933	-1.6152062874025692
SIGMAR1	LRP1	2	0	-1.1610797501108094	-0.706562677145464	-1.615596823076155
SIGMAR1	SLC19A2	1	0	-1.169836627691976	-1.169836627691976	-1.169836627691976
SIGMAR1	ITGB5	2	0	-1.1721602009387404	-0.786022063027616	-1.5582983388498648
SIGMAR1	HSD11B2	2	0	-1.1766223316500364	-1.042667415006614	-1.3105772482934586
SIGMAR1	CYP26A1	2	0	-1.1810443450468693	-0.5962964685170085	-1.76579222157673
SIGMAR1	KLF6	2	0	-1.1834129616528672	-0.10829279982174368	-2.258533123483991
SIGMAR1	ARL4C	1	0	-1.1870675174550094	-1.1870675174550094	-1.1870675174550094
SIGMAR1	CAMK2N2	1	0	-1.1870919932768653	-1.1870919932768653	-1.1870919932768653
SIGMAR1	SUSD5	1	0	-1.1894009083383241	-1.1894009083383241	-1.1894009083383241
SIGMAR1	CNN2	3	0	-1.197555152491261	-0.8479905391993063	-1.2178020152664781
SIGMAR1	SH3PXD2A	1	0	-1.199408660403878	-1.199408660403878	-1.199408660403878
SIGMAR1	KRT4	1	0	-1.2006321809621057	-1.2006321809621057	-1.2006321809621057
SIGMAR1	CFH	1	0	-1.2108404619620337	-1.2108404619620337	-1.2108404619620337
SIGMAR1	SLC12A2	1	0	-1.217174557214551	-1.217174557214551	-1.217174557214551
SIGMAR1	MT1A	1	0	-1.219605423139393	-1.219605423139393	-1.219605423139393
SIGMAR1	SCUBE2	1	0	-1.2226758170958585	-1.2226758170958585	-1.2226758170958585
SIGMAR1	ITPRIP	2	0	-1.231291111220149	-0.43992350707169114	-2.022658715368607
SIGMAR1	TCP1	1	0	-1.2391816642444393	-1.2391816642444393	-1.2391816642444393
SIGMAR1	VEGFA	4	0	-1.2398646627561334	-0.5961825268201361	-2.439299174279957
SIGMAR1	SCGB2A2	1	0	-1.249192575541155	-1.249192575541155	-1.249192575541155
SIGMAR1	ACER2	1	0	-1.2561201900531642	-1.2561201900531642	-1.2561201900531642
SIGMAR1	FTH1	1	0	-1.2625374355162158	-1.2625374355162158	-1.2625374355162158
SIGMAR1	JAZF1	1	0	-1.2741062257508595	-1.2741062257508595	-1.2741062257508595
SIGMAR1	GXYLT2	1	0	-1.283497857214457	-1.283497857214457	-1.283497857214457
SIGMAR1	MYH10	3	0	-1.2878539217200715	-0.6090195639955228	-2.360559620123517
SIGMAR1	PDE1C	1	0	-1.28828617025785	-1.28828617025785	-1.28828617025785
SIGMAR1	EGR2	1	0	-1.2884248697798386	-1.2884248697798386	-1.2884248697798386
SIGMAR1	CADM1	1	0	-1.3015642367705542	-1.3015642367705542	-1.3015642367705542
SIGMAR1	CSTA	1	0	-1.3056506468918434	-1.3056506468918434	-1.3056506468918434
SIGMAR1	TBX2	1	0	-1.3061449722403855	-1.3061449722403855	-1.3061449722403855
SIGMAR1	ANGPTL4	2	0	-1.306877568665981	-1.283538050476026	-1.330217086855936
SIGMAR1	ZC3H12A	1	0	-1.3210711348670525	-1.3210711348670525	-1.3210711348670525
SIGMAR1	RGCC	1	0	-1.3212905901404715	-1.3212905901404715	-1.3212905901404715
SIGMAR1	ANKRD36C	1	0	-1.3313560649727492	-1.3313560649727492	-1.3313560649727492
SIGMAR1	CHMP1B	1	0	-1.3442016859630708	-1.3442016859630708	-1.3442016859630708
SIGMAR1	MBOAT1	1	0	-1.3499853826572232	-1.3499853826572232	-1.3499853826572232
SIGMAR1	PXDN	2	0	-1.3563243892865025	-1.2607218211045765	-1.4519269574684281
SIGMAR1	LOX	4	0	-1.3631565095301854	-1.136867615522325	-1.6980931710076363
SIGMAR1	PCDH7	2	0	-1.3811787313083457	-1.3789611824232724	-1.3833962801934188
SIGMAR1	RGS1	1	0	-1.3938188949976011	-1.3938188949976011	-1.3938188949976011
SIGMAR1	PFKFB3	3	0	-1.3976880957150355	-0.8438215674335882	-2.4267120838265708
SIGMAR1	MFAP5	6	0	-1.3987136521205417	-0.09432524609529458	-3.1407502779420104
SIGMAR1	NR1I2	1	0	-1.4114041283084626	-1.4114041283084626	-1.4114041283084626
SIGMAR1	ANXA11	1	0	-1.4179218525345323	-1.4179218525345323	-1.4179218525345323
SIGMAR1	PRSS8	2	0	-1.434812178972945	-0.7390799393809795	-2.1305444185649107
SIGMAR1	TRIM2	1	0	-1.4352140336769152	-1.4352140336769152	-1.4352140336769152
SIGMAR1	MYH3	1	0	-1.4455742765937383	-1.4455742765937383	-1.4455742765937383
SIGMAR1	TENM2	1	0	-1.4475188934784609	-1.4475188934784609	-1.4475188934784609
SIGMAR1	PDLIM5	2	0	-1.4499719435112095	-1.3524752971750607	-1.5474685898473584
SIGMAR1	CAV1	2	0	-1.4501103818334191	-0.19515005640211738	-2.7050707072647207
SIGMAR1	GPNMB	1	0	-1.452904041763146	-1.452904041763146	-1.452904041763146
SIGMAR1	CSF3	1	0	-1.4590888425727133	-1.4590888425727133	-1.4590888425727133
SIGMAR1	BAIAP2L1	1	0	-1.4714315580760755	-1.4714315580760755	-1.4714315580760755
SIGMAR1	LIPF	1	0	-1.47253757961496	-1.47253757961496	-1.47253757961496
SIGMAR1	MMP3	2	0	-1.4743940444366226	-0.9270850191447637	-2.0217030697284812
SIGMAR1	ERG	1	0	-1.5034601306420963	-1.5034601306420963	-1.5034601306420963
SIGMAR1	FMOD	1	0	-1.5039976605459677	-1.5039976605459677	-1.5039976605459677
SIGMAR1	CLDN6	1	0	-1.5095921153379068	-1.5095921153379068	-1.5095921153379068
SIGMAR1	PRKAR2B	1	0	-1.5189558865838213	-1.5189558865838213	-1.5189558865838213
SIGMAR1	GFPT2	1	0	-1.553688430374342	-1.553688430374342	-1.553688430374342
SIGMAR1	ENTPD2	1	0	-1.5559859129080473	-1.5559859129080473	-1.5559859129080473
SIGMAR1	ALPL	1	0	-1.5576525935801355	-1.5576525935801355	-1.5576525935801355
SIGMAR1	LTBP2	1	0	-1.5595900893464565	-1.5595900893464565	-1.5595900893464565
SIGMAR1	APOL1	1	0	-1.577196036510016	-1.577196036510016	-1.577196036510016
SIGMAR1	PIM3	1	0	-1.5909141358176164	-1.5909141358176164	-1.5909141358176164
SIGMAR1	KIAA1217	1	0	-1.5971985582491737	-1.5971985582491737	-1.5971985582491737
SIGMAR1	IL24	1	0	-1.5976469918617708	-1.5976469918617708	-1.5976469918617708
SIGMAR1	SGMS2	1	0	-1.6093900102760679	-1.6093900102760679	-1.6093900102760679
SIGMAR1	ZFP36L1	1	0	-1.6258254905258296	-1.6258254905258296	-1.6258254905258296
SIGMAR1	GALNT15	1	0	-1.629490151218893	-1.629490151218893	-1.629490151218893
SIGMAR1	ERO1A	2	0	-1.631142871554592	-1.434675722926738	-1.827610020182446
SIGMAR1	CCR7	2	0	-1.6425614360249108	-0.45560902519208935	-2.8295138468577323
SIGMAR1	CNN3	2	0	-1.6571127787577424	-1.5303902202391004	-1.7838353372763844
SIGMAR1	CR2	1	0	-1.6609775045511348	-1.6609775045511348	-1.6609775045511348
SIGMAR1	PLOD2	1	0	-1.667266891973248	-1.667266891973248	-1.667266891973248
SIGMAR1	IER2	1	0	-1.6712738585569011	-1.6712738585569011	-1.6712738585569011
SIGMAR1	ALOX5AP	2	0	-1.6714624441293182	-0.36153301618641737	-2.9813918720722192
SIGMAR1	RCAN1	2	0	-1.6752156098350754	-0.6604224518226476	-2.6900087678475035
SIGMAR1	GADD45B	5	0	-1.675825560976305	-0.5799985659567974	-3.806712635027129
SIGMAR1	HIF3A	1	0	-1.6778655985212125	-1.6778655985212125	-1.6778655985212125
SIGMAR1	CD93	2	0	-1.6798448367508287	-1.007657419603548	-2.3520322538981095
SIGMAR1	TSPAN3	1	0	-1.6802307983460187	-1.6802307983460187	-1.6802307983460187
SIGMAR1	FNDC1	5	0	-1.6877847813352118	-0.7220122602801302	-2.5752816951710082
SIGMAR1	FAM20A	1	0	-1.7252582083942156	-1.7252582083942156	-1.7252582083942156
SIGMAR1	ENAH	1	0	-1.7286767652785557	-1.7286767652785557	-1.7286767652785557
SIGMAR1	PLXNB2	1	0	-1.729049732360094	-1.729049732360094	-1.729049732360094
SIGMAR1	SH3BP5	3	0	-1.735718473718385	-0.9697477744802313	-1.8225327162043137
SIGMAR1	PLAUR	6	0	-1.738852122298587	-0.33467855199248675	-2.1458433708239197
SIGMAR1	TGFBR3	1	0	-1.742813922496915	-1.742813922496915	-1.742813922496915
SIGMAR1	ADAMTS12	1	0	-1.7540005823695852	-1.7540005823695852	-1.7540005823695852
SIGMAR1	SGCA	1	0	-1.7546777111634164	-1.7546777111634164	-1.7546777111634164
SIGMAR1	ST3GAL4	1	0	-1.7578498008217662	-1.7578498008217662	-1.7578498008217662
SIGMAR1	ATP10A	1	0	-1.7666768362098868	-1.7666768362098868	-1.7666768362098868
SIGMAR1	FIBIN	4	0	-1.7738484016046545	-1.154960678778095	-2.2760309453160135
SIGMAR1	HSPH1	1	0	-1.7910799281633696	-1.7910799281633696	-1.7910799281633696
SIGMAR1	EHF	1	0	-1.8039569002260578	-1.8039569002260578	-1.8039569002260578
SIGMAR1	ADARB1	1	0	-1.8119183592119903	-1.8119183592119903	-1.8119183592119903
SIGMAR1	ST6GALNAC5	2	0	-1.8143781776174113	-1.7907287281214932	-1.8380276271133293
SIGMAR1	HSP90AA1	1	0	-1.8148151762090887	-1.8148151762090887	-1.8148151762090887
SIGMAR1	TRBC2	1	0	-1.817346410340749	-1.817346410340749	-1.817346410340749
SIGMAR1	CEBPG	1	0	-1.8222087031146879	-1.8222087031146879	-1.8222087031146879
SIGMAR1	ANGPTL2	2	0	-1.8326976359479694	-0.9407676089755085	-2.7246276629204305
SIGMAR1	COL8A2	1	0	-1.839857645662752	-1.839857645662752	-1.839857645662752
SIGMAR1	CCL11	1	0	-1.8518300088299744	-1.8518300088299744	-1.8518300088299744
SIGMAR1	TMEM158	3	0	-1.8537826602346106	-0.23058156171716968	-2.301139037988207
SIGMAR1	PAX5	1	0	-1.8679369079970027	-1.8679369079970027	-1.8679369079970027
SIGMAR1	ADAM12	3	0	-1.8767141534263683	-1.1658254352863862	-3.1962159539482755
SIGMAR1	RNASET2	2	0	-1.880189124784097	-1.2017307310432237	-2.55864751852497
SIGMAR1	ALDH1B1	1	0	-1.885829666383835	-1.885829666383835	-1.885829666383835
SIGMAR1	PPARGC1A	1	0	-1.8863298766026928	-1.8863298766026928	-1.8863298766026928
SIGMAR1	ANKRD37	1	0	-1.9074621902702114	-1.9074621902702114	-1.9074621902702114
SIGMAR1	CHCHD2	1	0	-1.9255155091022955	-1.9255155091022955	-1.9255155091022955
SIGMAR1	BICDL2	1	0	-1.927923073101474	-1.927923073101474	-1.927923073101474
SIGMAR1	C1QTNF3	4	0	-1.936985635466052	-0.9032811279696813	-3.4710785690110226
SIGMAR1	CALU	1	0	-1.9449292097162136	-1.9449292097162136	-1.9449292097162136
SIGMAR1	F5	2	0	-1.9686156744780068	-1.5195955875200835	-2.41763576143593
SIGMAR1	PRDM1	1	0	-2.0573518017390766	-2.0573518017390766	-2.0573518017390766
SIGMAR1	ARRDC3	1	0	-2.059850410654272	-2.059850410654272	-2.059850410654272
SIGMAR1	TRIM59	1	0	-2.0613547568275528	-2.0613547568275528	-2.0613547568275528
SIGMAR1	EPS8L2	1	0	-2.080836880672716	-2.080836880672716	-2.080836880672716
SIGMAR1	IL11	1	0	-2.0877737512028856	-2.0877737512028856	-2.0877737512028856
SIGMAR1	GABARAPL1	2	0	-2.100552898266491	-1.8210364869708564	-2.3800693095621255
SIGMAR1	CD19	1	0	-2.103170881335963	-2.103170881335963	-2.103170881335963
SIGMAR1	PDPN	1	0	-2.1560384268358193	-2.1560384268358193	-2.1560384268358193
SIGMAR1	SLC22A3	1	0	-2.162317540799865	-2.162317540799865	-2.162317540799865
SIGMAR1	CDH5	1	0	-2.169111870684084	-2.169111870684084	-2.169111870684084
SIGMAR1	NOP53	1	0	-2.1823929452559083	-2.1823929452559083	-2.1823929452559083
SIGMAR1	POF1B	1	0	-2.1835571748398346	-2.1835571748398346	-2.1835571748398346
SIGMAR1	CHMP2B	1	0	-2.184635311275405	-2.184635311275405	-2.184635311275405
SIGMAR1	SELENOM	1	0	-2.19076679662225	-2.19076679662225	-2.19076679662225
SIGMAR1	NUAK1	1	0	-2.198416492839502	-2.198416492839502	-2.198416492839502
SIGMAR1	IL6	1	0	-2.220348184976694	-2.220348184976694	-2.220348184976694
SIGMAR1	CD79B	1	0	-2.225872948683525	-2.225872948683525	-2.225872948683525
SIGMAR1	G0S2	1	0	-2.2352645540761373	-2.2352645540761373	-2.2352645540761373
SIGMAR1	RANBP3L	2	0	-2.251468602693288	-1.8342811363777733	-2.6686560690088035
SIGMAR1	WASF2	1	0	-2.2745041636405556	-2.2745041636405556	-2.2745041636405556
SIGMAR1	RASGRF2	3	0	-2.297786737458801	-2.0210798633388616	-3.331736520851071
SIGMAR1	TRAC	1	0	-2.3296428265993074	-2.3296428265993074	-2.3296428265993074
SIGMAR1	LIMD2	1	0	-2.343244824074238	-2.343244824074238	-2.343244824074238
SIGMAR1	NIBAN3	1	0	-2.3770103377551015	-2.3770103377551015	-2.3770103377551015
SIGMAR1	SEL1L3	1	0	-2.3795439268894576	-2.3795439268894576	-2.3795439268894576
SIGMAR1	JUNB	2	0	-2.3838822363017673	-1.7306690408254521	-3.037095431778082
SIGMAR1	CHPF	1	0	-2.385544399517401	-2.385544399517401	-2.385544399517401
SIGMAR1	VGLL3	2	0	-2.389144262318142	-1.5795622629427422	-3.1987262616935417
SIGMAR1	STC1	1	0	-2.390179879821793	-2.390179879821793	-2.390179879821793
SIGMAR1	CCDC71L	1	0	-2.3922109024710267	-2.3922109024710267	-2.3922109024710267
SIGMAR1	BACE2	1	0	-2.4168236378333585	-2.4168236378333585	-2.4168236378333585
SIGMAR1	CD22	1	0	-2.422520344136183	-2.422520344136183	-2.422520344136183
SIGMAR1	PGK1	1	0	-2.4392070248561977	-2.4392070248561977	-2.4392070248561977
SIGMAR1	SELL	1	0	-2.4456586628587607	-2.4456586628587607	-2.4456586628587607
SIGMAR1	CTSH	1	0	-2.4536309996591577	-2.4536309996591577	-2.4536309996591577
SIGMAR1	APLN	1	0	-2.4570790643145126	-2.4570790643145126	-2.4570790643145126
SIGMAR1	PLIN2	3	0	-2.4720112793918005	-0.06871725104161931	-2.5623381846815088
SIGMAR1	ELL2	2	0	-2.491577112826931	-2.3417052843866	-2.6414489412672615
SIGMAR1	AC119396.1	1	0	-2.5015507783155555	-2.5015507783155555	-2.5015507783155555
SIGMAR1	CD79A	1	0	-2.5193463018416313	-2.5193463018416313	-2.5193463018416313
SIGMAR1	KRT6B	1	0	-2.519875471366952	-2.519875471366952	-2.519875471366952
SIGMAR1	CCN4	1	0	-2.5774246999916826	-2.5774246999916826	-2.5774246999916826
SIGMAR1	POU2AF1	1	0	-2.62932307017615	-2.62932307017615	-2.62932307017615
SIGMAR1	IKZF1	1	0	-2.6520914854133615	-2.6520914854133615	-2.6520914854133615
SIGMAR1	KIF26B	1	0	-2.659251580778847	-2.659251580778847	-2.659251580778847
SIGMAR1	SLC38A5	1	0	-2.6670426521819697	-2.6670426521819697	-2.6670426521819697
SIGMAR1	CORO1A	1	0	-2.6796199026233585	-2.6796199026233585	-2.6796199026233585
SIGMAR1	NCOA7	1	0	-2.689694839847959	-2.689694839847959	-2.689694839847959
SIGMAR1	TRAJ10	1	0	-2.705125484123611	-2.705125484123611	-2.705125484123611
SIGMAR1	DNASE1L3	1	0	-2.721934745171097	-2.721934745171097	-2.721934745171097
SIGMAR1	SLC2A3	3	0	-2.736321181106948	-1.8282627668463716	-3.6510297079459972
SIGMAR1	RAI14	1	0	-2.739319143545594	-2.739319143545594	-2.739319143545594
SIGMAR1	RIPOR2	1	0	-2.78503032490428	-2.78503032490428	-2.78503032490428
SIGMAR1	ADAMTS16	2	0	-2.787842078270726	-2.2150310555383963	-3.3606531010030554
SIGMAR1	ITGBL1	1	0	-2.853927290463621	-2.853927290463621	-2.853927290463621
SIGMAR1	CD3D	1	0	-2.872894766029248	-2.872894766029248	-2.872894766029248
SIGMAR1	SEPTIN1	1	0	-2.8922044965481333	-2.8922044965481333	-2.8922044965481333
SIGMAR1	ERN1	1	0	-2.892497145146951	-2.892497145146951	-2.892497145146951
SIGMAR1	ADAMTS5	1	0	-2.918580810260142	-2.918580810260142	-2.918580810260142
SIGMAR1	TBC1D10C	1	0	-2.954410732597931	-2.954410732597931	-2.954410732597931
SIGMAR1	SYT13	1	0	-2.9663132435039654	-2.9663132435039654	-2.9663132435039654
SIGMAR1	KRT80	1	0	-2.9685357391841167	-2.9685357391841167	-2.9685357391841167
SIGMAR1	IGFL3	1	0	-2.993196360476632	-2.993196360476632	-2.993196360476632
SIGMAR1	RASGRP2	1	0	-3.02364519996532	-3.02364519996532	-3.02364519996532
SIGMAR1	TMC8	1	0	-3.0337868984744185	-3.0337868984744185	-3.0337868984744185
SIGMAR1	C5orf46	3	0	-3.0586463765162666	-1.2309040103737672	-3.186396829815379
SIGMAR1	ACTL8	1	0	-3.063798637889575	-3.063798637889575	-3.063798637889575
SIGMAR1	ZBTB16	2	0	-3.066800165128613	-1.3862979097597952	-4.747302420497431
SIGMAR1	PSMA7	1	0	-3.157196742047733	-3.157196742047733	-3.157196742047733
SIGMAR1	NECTIN4	1	0	-3.1579163215180213	-3.1579163215180213	-3.1579163215180213
SIGMAR1	ANG	1	0	-3.1810208217347045	-3.1810208217347045	-3.1810208217347045
SIGMAR1	TRAF3IP3	1	0	-3.187552356136969	-3.187552356136969	-3.187552356136969
SIGMAR1	SPOCK2	1	0	-3.1951017242136537	-3.1951017242136537	-3.1951017242136537
SIGMAR1	SEMA3D	1	0	-3.2092025585797868	-3.2092025585797868	-3.2092025585797868
SIGMAR1	GPI	1	0	-3.252238089333443	-3.252238089333443	-3.252238089333443
SIGMAR1	CDHR2	1	0	-3.2563257892655475	-3.2563257892655475	-3.2563257892655475
SIGMAR1	TMED2	1	0	-3.31065568323359	-3.31065568323359	-3.31065568323359
SIGMAR1	WNT2	1	0	-3.381237011255747	-3.381237011255747	-3.381237011255747
SIGMAR1	SLC35D3	1	0	-3.387655129199967	-3.387655129199967	-3.387655129199967
SIGMAR1	DNPH1	1	0	-3.3930716208224534	-3.3930716208224534	-3.3930716208224534
SIGMAR1	ITGB2	1	0	-3.4280971789525734	-3.4280971789525734	-3.4280971789525734
SIGMAR1	CCL28	1	0	-3.465737935465836	-3.465737935465836	-3.465737935465836
SIGMAR1	IRF8	1	0	-3.5066054453802518	-3.5066054453802518	-3.5066054453802518
SIGMAR1	ACAP1	1	0	-3.535525388570657	-3.535525388570657	-3.535525388570657
SIGMAR1	SFRP1	1	0	-3.635532591293334	-3.635532591293334	-3.635532591293334
SIGMAR1	EFHD2	1	0	-3.71972793870336	-3.71972793870336	-3.71972793870336
SIGMAR1	KRT81	1	0	-4.0692302069341055	-4.0692302069341055	-4.0692302069341055
SIGMAR1	CFD	2	0	-4.075284622484221	-3.971138885392526	-4.1794303595759175
SIGMAR1	EVL	1	0	-4.244227325351199	-4.244227325351199	-4.244227325351199
