target_gene	orig.ident	partner_gene	local_corr_z
KCNMA1_KCNMB1	IU_PDA_T1	GREM1	8.357017770960947
KCNMA1_KCNMB1	IU_PDA_T1	SLC2A3	8.329918776225036
KCNMA1_KCNMB1	IU_PDA_T1	CNN1	8.117207296672506
KCNMA1_KCNMB1	IU_PDA_T1	SGK1	7.6899502453731
KCNMA1_KCNMB1	IU_PDA_T1	KCNMA1	7.646150834214329
KCNMA1_KCNMB1	IU_PDA_T1	ZFP36	7.641113193918549
KCNMA1_KCNMB1	IU_PDA_T1	GADD45B	7.63505486559258
KCNMA1_KCNMB1	IU_PDA_T1	FOSB	7.567855572821106
KCNMA1_KCNMB1	IU_PDA_T1	KLF6	7.506842941658342
KCNMA1_KCNMB1	IU_PDA_T1	C11orf96	7.489284840988162
KCNMA1_KCNMB1	IU_PDA_T1	NR4A1	7.430987778949063
KCNMA1_KCNMB1	IU_PDA_T1	COL6A2	7.265402419159496
KCNMA1_KCNMB1	IU_PDA_T1	SERPINE1	7.264638083848893
KCNMA1_KCNMB1	IU_PDA_T1	COL12A1	7.246536155577316
KCNMA1_KCNMB1	IU_PDA_T1	LOXL1	7.228160510937133
KCNMA1_KCNMB1	IU_PDA_T1	THBS1	7.167926131225813
KCNMA1_KCNMB1	IU_PDA_T1	TAGLN	7.15460626020509
KCNMA1_KCNMB1	IU_PDA_T1	MFAP5	7.135708293632059
KCNMA1_KCNMB1	IU_PDA_T1	PDLIM5	7.088766400657703
KCNMA1_KCNMB1	IU_PDA_T1	KCNMA1_KCNMB4	7.071348095000969
KCNMA1_KCNMB1	IU_PDA_T1	ELL2	7.045837515740355
KCNMA1_KCNMB1	IU_PDA_T1	CCDC80	7.034367011579556
KCNMA1_KCNMB1	IU_PDA_T1	NR4A3	7.033605701542855
KCNMA1_KCNMB1	IU_PDA_T1	DUSP1	6.9385471889137165
KCNMA1_KCNMB1	IU_PDA_T1	ADAMTS16	6.869603756259558
KCNMA1_KCNMB1	IU_PDA_T1	RGS16	6.828465017563596
KCNMA1_KCNMB1	IU_PDA_T1	GAS1	6.824283149021798
KCNMA1_KCNMB1	IU_PDA_T1	CTHRC1	6.771799833257268
KCNMA1_KCNMB1	IU_PDA_T1	COL11A1	6.682667156830255
KCNMA1_KCNMB1	IU_PDA_T1	ITGA5	6.648546569680336
KCNMA1_KCNMB1	IU_PDA_T1	CCN4	6.615606312088781
KCNMA1_KCNMB1	IU_PDA_T1	RGS2	6.588665054709121
KCNMA1_KCNMB1	IU_PDA_T1	CCN2	6.573649784207228
KCNMA1_KCNMB1	IU_PDA_T1	DPYSL3	6.52272688005012
KCNMA1_KCNMB1	IU_PDA_T1	RARRES2	6.491071962778263
KCNMA1_KCNMB1	IU_PDA_T1	ITGB5	6.45380683958141
KCNMA1_KCNMB1	IU_PDA_T1	ZFP36L1	6.440245743160154
KCNMA1_KCNMB1	IU_PDA_T1	EGR1	6.436632755891608
KCNMA1_KCNMB1	IU_PDA_T1	MMP2	6.429336378268363
KCNMA1_KCNMB1	IU_PDA_T1	FNDC1	6.423208776946233
KCNMA1_KCNMB1	IU_PDA_T1	COL5A2	6.3560796605661665
KCNMA1_KCNMB1	IU_PDA_T1	ERRFI1	6.338068263515197
KCNMA1_KCNMB1	IU_PDA_T1	CITED2	6.289156662328932
KCNMA1_KCNMB1	IU_PDA_T1	CCN1	6.276976425456876
KCNMA1_KCNMB1	IU_PDA_T1	MYH10	6.275489261271559
KCNMA1_KCNMB1	IU_PDA_T1	ITGA11	6.269410650106336
KCNMA1_KCNMB1	IU_PDA_T1	ARL4C	6.265421129984504
KCNMA1_KCNMB1	IU_PDA_T1	COLEC12	6.263608777110082
KCNMA1_KCNMB1	IU_PDA_T1	S100G	6.235053376551178
KCNMA1_KCNMB1	IU_PDA_T1	ACTG2	6.22270940141238
KCNMA1_KCNMB1	IU_PDA_T1	CNN3	6.192336729146395
KCNMA1_KCNMB1	IU_PDA_T1	SLC11A1	6.18794006317174
KCNMA1_KCNMB1	IU_PDA_T1	JPH2	6.157951707065559
KCNMA1_KCNMB1	IU_PDA_T1	PTGER3	6.11343767417702
KCNMA1_KCNMB1	IU_PDA_T1	PRSS23	6.091879253677574
KCNMA1_KCNMB1	IU_PDA_T1	LRRC15	6.07501489136648
KCNMA1_KCNMB1	IU_PDA_T1	SDC1	6.053832831053633
KCNMA1_KCNMB1	IU_PDA_T1	JUNB	6.047617361492993
KCNMA1_KCNMB1	IU_PDA_T1	FSTL1	6.032243210024301
KCNMA1_KCNMB1	IU_PDA_T1	RHOB	5.935844489337731
KCNMA1_KCNMB1	IU_PDA_T1	CDH11	5.902646983899651
KCNMA1_KCNMB1	IU_PDA_T1	ATP10A	5.898826221419993
KCNMA1_KCNMB1	IU_PDA_T1	CDKN1A	5.820266534529195
KCNMA1_KCNMB1	IU_PDA_T1	FBN1	5.813227455784917
KCNMA1_KCNMB1	IU_PDA_T1	FOS	5.803646217049782
KCNMA1_KCNMB1	IU_PDA_T1	PDLIM3	5.792894884813017
KCNMA1_KCNMB1	IU_PDA_T1	LMNA	5.7517272476713455
KCNMA1_KCNMB1	IU_PDA_T1	TIMP3	5.7464189782928
KCNMA1_KCNMB1	IU_PDA_T1	THY1	5.696393367732663
KCNMA1_KCNMB1	IU_PDA_T1	SPEG	5.691502240687844
KCNMA1_KCNMB1	IU_PDA_T1	NR4A2	5.690065515911891
KCNMA1_KCNMB1	IU_PDA_T1	THBS2	5.67205800804527
KCNMA1_KCNMB1	IU_PDA_T1	S100A10	5.647738600743223
KCNMA1_KCNMB1	IU_PDA_T1	INHBA	5.644371845621871
KCNMA1_KCNMB1	IU_PDA_T1	SLIT3	5.633157462952621
KCNMA1_KCNMB1	IU_PDA_T1	ID4	5.5447256033388985
KCNMA1_KCNMB1	IU_PDA_T1	LOXL2	5.538548316725905
KCNMA1_KCNMB1	IU_PDA_T1	HSPH1	5.509559877863031
KCNMA1_KCNMB1	IU_PDA_T1	CRIM1	5.48108562962958
KCNMA1_KCNMB1	IU_PDA_T1	CTSB	5.460098786069586
KCNMA1_KCNMB1	IU_PDA_T1	GJA1	5.454327848808013
KCNMA1_KCNMB1	IU_PDA_T1	JUN	5.453711804309343
KCNMA1_KCNMB1	IU_PDA_T1	COL6A1	5.449128590160292
KCNMA1_KCNMB1	IU_PDA_T1	RGS1	5.446923797874362
KCNMA1_KCNMB1	IU_PDA_T1	CXCL12	5.446426019677393
KCNMA1_KCNMB1	IU_PDA_T1	MMP11	5.43324287666729
KCNMA1_KCNMB1	IU_PDA_T1	DES	5.432415254058372
KCNMA1_KCNMB1	IU_PDA_T1	VEGFA	5.429525642603384
KCNMA1_KCNMB1	IU_PDA_T1	LMCD1	5.404443751006317
KCNMA1_KCNMB1	IU_PDA_T1	FIBIN	5.350063222413139
KCNMA1_KCNMB1	IU_PDA_T1	ST6GALNAC5	5.348394792499153
KCNMA1_KCNMB1	IU_PDA_T1	TNFRSF12A	5.33827397475806
KCNMA1_KCNMB1	IU_PDA_T1	KIAA1217	5.337361171571018
KCNMA1_KCNMB1	IU_PDA_T1	DNAJB1	5.329233939156623
KCNMA1_KCNMB1	IU_PDA_T1	ANTXR1	5.3259428425989945
KCNMA1_KCNMB1	IU_PDA_T1	CNN2	5.294661050515683
KCNMA1_KCNMB1	IU_PDA_T1	GPC1	5.292760002228247
KCNMA1_KCNMB1	IU_PDA_T1	PLN	5.292435810381262
KCNMA1_KCNMB1	IU_PDA_T1	DPT	5.281400296358091
KCNMA1_KCNMB1	IU_PDA_T1	CAV1	5.248353232177215
KCNMA1_KCNMB1	IU_PDA_T1	COL8A1	5.235680906578901
KCNMA1_KCNMB1	IU_PDA_T1	PPP1R15A	5.232432552466603
KCNMA1_KCNMB1	IU_PDA_T1	CMTM3	5.226125419235634
KCNMA1_KCNMB1	IU_PDA_T1	DUSP2	5.173475734712875
KCNMA1_KCNMB1	IU_PDA_T1	CD55	5.166561563413929
KCNMA1_KCNMB1	IU_PDA_T1	POSTN	5.136652509781866
KCNMA1_KCNMB1	IU_PDA_T1	CALD1	5.063080506812263
KCNMA1_KCNMB1	IU_PDA_T1	ITPRIP	5.044305294642094
KCNMA1_KCNMB1	IU_PDA_T1	PDLIM7	5.013884014141244
KCNMA1_KCNMB1	IU_PDA_T1	FGF7	5.007186684687075
KCNMA1_KCNMB1	IU_PDA_T1	CERCAM	4.997666053245134
KCNMA1_KCNMB1	IU_PDA_T1	C5orf46	4.997200452036412
KCNMA1_KCNMB1	IU_PDA_T1	CALU	4.993793842994997
KCNMA1_KCNMB1	IU_PDA_T1	CLIC4	4.960945000820358
KCNMA1_KCNMB1	IU_PDA_T1	HSPA1A	4.941033355695029
KCNMA1_KCNMB1	IU_PDA_T1	CTSK	4.915468358476749
KCNMA1_KCNMB1	IU_PDA_T1	RCAN1	4.911877483511258
KCNMA1_KCNMB1	IU_PDA_T1	SFRP2	4.908974281128249
KCNMA1_KCNMB1	IU_PDA_T1	METRNL	4.84764426535897
KCNMA1_KCNMB1	IU_PDA_T1	EMP1	4.839375972225698
KCNMA1_KCNMB1	IU_PDA_T1	MMP14	4.829085950627782
KCNMA1_KCNMB1	IU_PDA_T1	C1QTNF3	4.822391291431562
KCNMA1_KCNMB1	IU_PDA_T1	BCAT1	4.724652213507766
KCNMA1_KCNMB1	IU_PDA_T1	CHPF	4.721514407342131
KCNMA1_KCNMB1	IU_PDA_T1	LGALS1	4.693633508887652
KCNMA1_KCNMB1	IU_PDA_T1	SPHK1	4.687197628387069
KCNMA1_KCNMB1	IU_PDA_T1	PCDH7	4.6742279305233385
KCNMA1_KCNMB1	IU_PDA_T1	PXDN	4.637766511590543
KCNMA1_KCNMB1	IU_PDA_T1	FLNA	4.627926860047934
KCNMA1_KCNMB1	IU_PDA_T1	RASGRF2	4.606556440558315
KCNMA1_KCNMB1	IU_PDA_T1	PFKFB3	4.598953052509608
KCNMA1_KCNMB1	IU_PDA_T1	COL5A1	4.59089317645083
KCNMA1_KCNMB1	IU_PDA_T1	ANXA2	4.5820395102826454
KCNMA1_KCNMB1	IU_PDA_T1	HMOX1	4.581722589333507
KCNMA1_KCNMB1	IU_PDA_T1	NKD2	4.554509182682787
KCNMA1_KCNMB1	IU_PDA_T1	IER2	4.522674680151905
KCNMA1_KCNMB1	IU_PDA_T1	RGCC	4.5129634061521475
KCNMA1_KCNMB1	IU_PDA_T1	ENAH	4.504698285703399
KCNMA1_KCNMB1	IU_PDA_T1	ISM1	4.492062589184774
KCNMA1_KCNMB1	IU_PDA_T1	SULF1	4.468863880560394
KCNMA1_KCNMB1	IU_PDA_T1	C1QB	4.435414347766487
KCNMA1_KCNMB1	IU_PDA_T1	TPM1	4.433461766537562
KCNMA1_KCNMB1	IU_PDA_T1	HTRA1	4.343832533136867
KCNMA1_KCNMB1	IU_PDA_T1	IFI30	4.3173066028398255
KCNMA1_KCNMB1	IU_PDA_T1	TNC	4.295791352306153
KCNMA1_KCNMB1	IU_PDA_T1	FN1	4.199148153809839
KCNMA1_KCNMB1	IU_PDA_T1	COL10A1	4.192931825894295
KCNMA1_KCNMB1	IU_PDA_T1	TRIM59	4.166777766783907
KCNMA1_KCNMB1	IU_PDA_T1	FBLN1	4.151975306460008
KCNMA1_KCNMB1	IU_PDA_T1	GJB2	4.114757605439577
KCNMA1_KCNMB1	IU_PDA_T1	ADARB1	4.094500790338033
KCNMA1_KCNMB1	IU_PDA_T1	TMEM158	4.069196388081967
KCNMA1_KCNMB1	IU_PDA_T1	MT2A	4.040266977071117
KCNMA1_KCNMB1	IU_PDA_T1	NBL1	4.020209433817402
KCNMA1_KCNMB1	IU_PDA_T1	ACTC1	4.007741741907858
KCNMA1_KCNMB1	IU_PDA_T1	SGMS2	3.985658936191352
KCNMA1_KCNMB1	IU_PDA_T1	HSPA1B	3.9587754083387003
KCNMA1_KCNMB1	IU_PDA_T1	ISG15	3.946697586085804
KCNMA1_KCNMB1	IU_PDA_T1	S100A16	3.9428332735450584
KCNMA1_KCNMB1	IU_PDA_T1	TYROBP	3.916265043671565
KCNMA1_KCNMB1	IU_PDA_T1	ADAM12	3.903439546539996
KCNMA1_KCNMB1	IU_PDA_T1	CADM1	3.891800126262671
KCNMA1_KCNMB1	IU_PDA_T1	WNK1	3.8578183226688805
KCNMA1_KCNMB1	IU_PDA_T1	NUAK1	3.8401798318379092
KCNMA1_KCNMB1	IU_PDA_T1	ATF3	3.763646380362325
KCNMA1_KCNMB1	IU_PDA_T1	COL6A3	3.7542629793349387
KCNMA1_KCNMB1	IU_PDA_T1	KCNMB1	3.67378845395267
KCNMA1_KCNMB1	IU_PDA_T1	TPM2	3.6232564368569014
KCNMA1_KCNMB1	IU_PDA_T1	VCAN	3.6224284262517727
KCNMA1_KCNMB1	IU_PDA_T1	NFATC1	3.61370953099346
KCNMA1_KCNMB1	IU_PDA_T1	CXCR4	3.56886974464057
KCNMA1_KCNMB1	IU_PDA_T1	ELN	3.567735025321709
KCNMA1_KCNMB1	IU_PDA_T1	MATN3	3.5147544035751794
KCNMA1_KCNMB1	IU_PDA_T1	RNASE1	3.5134965144441064
KCNMA1_KCNMB1	IU_PDA_T1	ID3	3.4896345084854765
KCNMA1_KCNMB1	IU_PDA_T1	CTNNB1	3.475585503809749
KCNMA1_KCNMB1	IU_PDA_T1	MSR1	3.4695819292796943
KCNMA1_KCNMB1	IU_PDA_T1	PLAUR	3.453461143319956
KCNMA1_KCNMB1	IU_PDA_T1	CLMP	3.4236634969880897
KCNMA1_KCNMB1	IU_PDA_T1	ZNF331	3.394063401412473
KCNMA1_KCNMB1	IU_PDA_T1	AEBP1	3.2965034637877246
KCNMA1_KCNMB1	IU_PDA_T1	GABARAPL1	3.2941793085879234
KCNMA1_KCNMB1	IU_PDA_T1	SPARC	3.246290095047772
KCNMA1_KCNMB1	IU_PDA_T1	SLC44A1	3.211995820379002
KCNMA1_KCNMB1	IU_PDA_T1	EPYC	3.1788864895033306
KCNMA1_KCNMB1	IU_PDA_T1	SMOC2	3.173507810411404
KCNMA1_KCNMB1	IU_PDA_T1	APOC1	3.113144689689395
KCNMA1_KCNMB1	IU_PDA_T1	CHMP1B	3.0432722039291455
KCNMA1_KCNMB1	IU_PDA_T1	SOCS3	3.0069157953718717
KCNMA1_KCNMB1	IU_PDA_T1	LAPTM5	3.0003020316881517
KCNMA1_KCNMB1	IU_PDA_T1	CCN5	2.952070128154916
KCNMA1_KCNMB1	IU_PDA_T1	CRISPLD2	2.871459357115534
KCNMA1_KCNMB1	IU_PDA_T1	GEM	2.8154020645026856
KCNMA1_KCNMB1	IU_PDA_T1	IGHG1	2.770530617966094
KCNMA1_KCNMB1	IU_PDA_T1	IFIT1	2.7490502969891493
KCNMA1_KCNMB1	IU_PDA_T1	CXCL10	2.6958272004294384
KCNMA1_KCNMB1	IU_PDA_T1	ACTA2	2.635477945579172
KCNMA1_KCNMB1	IU_PDA_T1	CCL2	2.469012910123797
KCNMA1_KCNMB1	IU_PDA_T1	NTRK3	2.416885210806629
KCNMA1_KCNMB1	IU_PDA_T1	MUSTN1	2.4007823577939833
KCNMA1_KCNMB1	IU_PDA_T1	OASL	2.396325240608115
KCNMA1_KCNMB1	IU_PDA_T1	ADM	2.3642506591909327
KCNMA1_KCNMB1	IU_PDA_T1	ITGAX	2.3368010923958855
KCNMA1_KCNMB1	IU_PDA_T1	KCND2	2.255153410681065
KCNMA1_KCNMB1	IU_PDA_T1	MCAM	2.2360881351315105
KCNMA1_KCNMB1	IU_PDA_T1	MMP3	2.193671219630835
KCNMA1_KCNMB1	IU_PDA_T1	IGF1	2.1598740641312575
KCNMA1_KCNMB1	IU_PDA_T1	IFIT2	2.1004197628068386
KCNMA1_KCNMB1	IU_PDA_T1	CD68	2.019655660702612
KCNMA1_KCNMB1	IU_PDA_T1	S1PR3	2.008036101001084
KCNMA1_KCNMB1	IU_PDA_T1	APOE	2.007396453828478
KCNMA1_KCNMB1	IU_PDA_T1	IGHG3	1.966964695993439
KCNMA1_KCNMB1	IU_PDA_T1	ADAMTS12	1.7834100948257636
KCNMA1_KCNMB1	IU_PDA_T1	SEMA3C	1.7579792894770372
KCNMA1_KCNMB1	IU_PDA_T1	S100A9	1.6875779485475346
KCNMA1_KCNMB1	IU_PDA_T1	RSAD2	1.6510953480458177
KCNMA1_KCNMB1	IU_PDA_T1	CCL8	1.5715430657271168
KCNMA1_KCNMB1	IU_PDA_T1	ACP5	1.4515891446122613
KCNMA1_KCNMB1	IU_PDA_T1	CLU	1.4217680843479068
KCNMA1_KCNMB1	IU_PDA_T1	IGHJ2	1.35973130506585
KCNMA1_KCNMB1	IU_PDA_T1	IGFBP4	1.3336401048611903
KCNMA1_KCNMB1	IU_PDA_T1	MYC	1.2779775237937998
KCNMA1_KCNMB1	IU_PDA_T1	KCNMB4	1.1887280247254264
KCNMA1_KCNMB1	IU_PDA_T1	IFIT3	1.0972581693977235
KCNMA1_KCNMB1	IU_PDA_T1	KCNAB1	0.9900385911642268
KCNMA1_KCNMB1	IU_PDA_T1	MX1	0.9427074223754642
KCNMA1_KCNMB1	IU_PDA_T1	KCNAB2	0.9198870049313216
KCNMA1_KCNMB1	IU_PDA_T1	CXCL9	0.8073228746200689
KCNMA1_KCNMB1	IU_PDA_T1	IGHG2	0.8003385939290587
KCNMA1_KCNMB1	IU_PDA_T1	KCNJ15	0.7378789360109668
KCNMA1_KCNMB1	IU_PDA_T1	TOB1	0.5958205380921964
KCNMA1_KCNMB1	IU_PDA_T1	S100A8	0.5010829011120556
KCNMA1_KCNMB1	IU_PDA_T1	NPR3	0.3822133565896024
KCNMA1_KCNMB1	IU_PDA_T1	LUM	0.30733273248402465
KCNMA1_KCNMB1	IU_PDA_T1	KCNN3	0.25389452627005316
KCNMA1_KCNMB1	IU_PDA_T1	KCNT2	0.14166699306438857
KCNMA1_KCNMB1	IU_PDA_T1	ADAMTS1	0.12974111473475097
KCNMA1_KCNMB1	IU_PDA_T1	DMBT1	-0.04676306725803137
KCNMA1_KCNMB1	IU_PDA_T1	KCNQ4	-0.09426302405795181
KCNMA1_KCNMB1	IU_PDA_T1	C12orf75	-0.27784103209253835
KCNMA1_KCNMB1	IU_PDA_T1	STMN2	-0.3274232010513384
KCNMA1_KCNMB1	IU_PDA_T1	KCNS3	-0.33045142077451767
KCNMA1_KCNMB1	IU_PDA_T1	CXCL14	-0.34898929892335745
KCNMA1_KCNMB1	IU_PDA_T1	HLA-DRA	-0.41360426985055815
KCNMA1_KCNMB1	IU_PDA_T1	CD37	-0.49552865398275736
KCNMA1_KCNMB1	IU_PDA_T1	IGLV3-1	-0.49627658946693665
KCNMA1_KCNMB1	IU_PDA_T1	KCNJ16	-0.7395945075728529
KCNMA1_KCNMB1	IU_PDA_T1	BCAM	-0.8488978715406312
KCNMA1_KCNMB1	IU_PDA_T1	XBP1	-0.8599827712985538
KCNMA1_KCNMB1	IU_PDA_T1	KCNJ8	-0.8635835168671361
KCNMA1_KCNMB1	IU_PDA_T1	KCNK17	-0.921777392515956
KCNMA1_KCNMB1	IU_PDA_T1	G6PC2	-1.1432015363929824
KCNMA1_KCNMB1	IU_PDA_T1	KCNC4	-1.1702299878529696
KCNMA1_KCNMB1	IU_PDA_T1	IGFBP3	-1.1773712177901494
KCNMA1_KCNMB1	IU_PDA_T1	FTL	-1.224699819633511
KCNMA1_KCNMB1	IU_PDA_T1	KCNK1	-1.5138407173961632
KCNMA1_KCNMB1	IU_PDA_T1	BTG2	-1.5399357270706873
KCNMA1_KCNMB1	IU_PDA_T1	KCNN4	-1.570030036862095
KCNMA1_KCNMB1	IU_PDA_T1	KCNK6	-1.7337504043247423
KCNMA1_KCNMB1	IU_PDA_T1	CPA3	-1.7423542627445188
KCNMA1_KCNMB1	IU_PDA_T1	TMSB4X	-1.8264839995825175
KCNMA1_KCNMB1	IU_PDA_T1	ID1	-1.8538459266590894
KCNMA1_KCNMB1	IU_PDA_T1	CTSD	-1.8715868625078587
KCNMA1_KCNMB1	IU_PDA_T1	SYNPO2	-1.8809257931582415
KCNMA1_KCNMB1	IU_PDA_T1	CCDC3	-2.0293296732476414
KCNMA1_KCNMB1	IU_PDA_T1	ABCA8	-2.0448607945851376
KCNMA1_KCNMB1	IU_PDA_T1	ABCC8	-2.101709816166694
KCNMA1_KCNMB1	IU_PDA_T1	ADIRF	-2.1045373218379324
KCNMA1_KCNMB1	IU_PDA_T1	KCNE4	-2.105184894775169
KCNMA1_KCNMB1	IU_PDA_T1	PABPC1	-2.144825328278533
KCNMA1_KCNMB1	IU_PDA_T1	IGHD	-2.2122383570867767
KCNMA1_KCNMB1	IU_PDA_T1	KCND3	-2.3327785947960047
KCNMA1_KCNMB1	IU_PDA_T1	CEBPD	-2.3683530145069005
KCNMA1_KCNMB1	IU_PDA_T1	SLCO2A1	-2.3990599595284374
KCNMA1_KCNMB1	IU_PDA_T1	C19orf33	-2.4031605520346138
KCNMA1_KCNMB1	IU_PDA_T1	OGN	-2.4202411863326967
KCNMA1_KCNMB1	IU_PDA_T1	C1R	-2.5322144378572924
KCNMA1_KCNMB1	IU_PDA_T1	SLC30A8	-2.6368559764140005
KCNMA1_KCNMB1	IU_PDA_T1	SPP1	-2.7058716234240117
KCNMA1_KCNMB1	IU_PDA_T1	CD74	-2.730911478191759
KCNMA1_KCNMB1	IU_PDA_T1	ABCC3	-2.785538176069637
KCNMA1_KCNMB1	IU_PDA_T1	SRPX	-2.791179459398103
KCNMA1_KCNMB1	IU_PDA_T1	SST	-2.791959320958038
KCNMA1_KCNMB1	IU_PDA_T1	OCIAD2	-2.800490319984867
KCNMA1_KCNMB1	IU_PDA_T1	CCL19	-2.8114982826455455
KCNMA1_KCNMB1	IU_PDA_T1	CHGB	-2.921422748737878
KCNMA1_KCNMB1	IU_PDA_T1	KLK7	-2.9278656223137234
KCNMA1_KCNMB1	IU_PDA_T1	MGP	-2.9283708891079496
KCNMA1_KCNMB1	IU_PDA_T1	ZG16B	-2.9358995239490877
KCNMA1_KCNMB1	IU_PDA_T1	FRZB	-3.166871106859894
KCNMA1_KCNMB1	IU_PDA_T1	DEPP1	-3.19805780812762
KCNMA1_KCNMB1	IU_PDA_T1	CRTAP	-3.214627147149139
KCNMA1_KCNMB1	IU_PDA_T1	IGFBP7	-3.2313945927452643
KCNMA1_KCNMB1	IU_PDA_T1	PROM1	-3.283259481773348
KCNMA1_KCNMB1	IU_PDA_T1	DUOX2	-3.3131215526005433
KCNMA1_KCNMB1	IU_PDA_T1	PPP1R1B	-3.469781598728579
KCNMA1_KCNMB1	IU_PDA_T1	LYZ	-3.4820287350832193
KCNMA1_KCNMB1	IU_PDA_T1	TMC5	-3.5415562267192344
KCNMA1_KCNMB1	IU_PDA_T1	CHGA	-3.572742520142041
KCNMA1_KCNMB1	IU_PDA_T1	RARRES1	-3.6047251130399895
KCNMA1_KCNMB1	IU_PDA_T1	FXYD3	-3.6151963794403765
KCNMA1_KCNMB1	IU_PDA_T1	IGHJ6	-3.6357498411431357
KCNMA1_KCNMB1	IU_PDA_T1	B2M	-3.6519216523208167
KCNMA1_KCNMB1	IU_PDA_T1	LAMA2	-3.7639366522329403
KCNMA1_KCNMB1	IU_PDA_T1	HSPB6	-3.776563088366274
KCNMA1_KCNMB1	IU_PDA_T1	MYRF	-3.7816652086629237
KCNMA1_KCNMB1	IU_PDA_T1	SELENOP	-3.804450658440273
KCNMA1_KCNMB1	IU_PDA_T1	PRELP	-3.838638353258707
KCNMA1_KCNMB1	IU_PDA_T1	CXCL17	-3.841045311715355
KCNMA1_KCNMB1	IU_PDA_T1	IGKV4-1	-3.873566058532233
KCNMA1_KCNMB1	IU_PDA_T1	NR2F1	-3.8856221506922615
KCNMA1_KCNMB1	IU_PDA_T1	COL14A1	-3.9142426426772867
KCNMA1_KCNMB1	IU_PDA_T1	PRICKLE4	-3.9326982448193077
KCNMA1_KCNMB1	IU_PDA_T1	TSC22D1	-4.026673256043577
KCNMA1_KCNMB1	IU_PDA_T1	MUC1	-4.114687333342374
KCNMA1_KCNMB1	IU_PDA_T1	C3	-4.1179110833297115
KCNMA1_KCNMB1	IU_PDA_T1	PLAAT4	-4.130428091372268
KCNMA1_KCNMB1	IU_PDA_T1	WFDC2	-4.131803707290772
KCNMA1_KCNMB1	IU_PDA_T1	GABRP	-4.2882749053294384
KCNMA1_KCNMB1	IU_PDA_T1	IGLC1	-4.353527562010569
KCNMA1_KCNMB1	IU_PDA_T1	HOPX	-4.3685899022816805
KCNMA1_KCNMB1	IU_PDA_T1	MUC13	-4.40918704785744
KCNMA1_KCNMB1	IU_PDA_T1	TSPAN8	-4.4494802489972525
KCNMA1_KCNMB1	IU_PDA_T1	IGFBP5	-4.46447369703125
KCNMA1_KCNMB1	IU_PDA_T1	FXYD1	-4.477599892764827
KCNMA1_KCNMB1	IU_PDA_T1	SERPINA3	-4.531237215154167
KCNMA1_KCNMB1	IU_PDA_T1	FMO3	-4.536335384760662
KCNMA1_KCNMB1	IU_PDA_T1	CYSTM1	-4.544578461138057
KCNMA1_KCNMB1	IU_PDA_T1	KRT18	-4.56248776175148
KCNMA1_KCNMB1	IU_PDA_T1	ERN2	-4.596694952066044
KCNMA1_KCNMB1	IU_PDA_T1	CYGB	-4.647379351381445
KCNMA1_KCNMB1	IU_PDA_T1	SCN7A	-4.654912931009627
KCNMA1_KCNMB1	IU_PDA_T1	CTSE	-4.673263164761261
KCNMA1_KCNMB1	IU_PDA_T1	KRT7	-4.6889195140395685
KCNMA1_KCNMB1	IU_PDA_T1	MFAP4	-4.690378327710872
KCNMA1_KCNMB1	IU_PDA_T1	CFTR	-4.701047965334728
KCNMA1_KCNMB1	IU_PDA_T1	ITGB4	-4.712633235590809
KCNMA1_KCNMB1	IU_PDA_T1	S100A14	-4.745884636498177
KCNMA1_KCNMB1	IU_PDA_T1	TNXB	-4.758184326647807
KCNMA1_KCNMB1	IU_PDA_T1	LTBP4	-4.766251871687451
KCNMA1_KCNMB1	IU_PDA_T1	ELF3	-4.795076656055561
KCNMA1_KCNMB1	IU_PDA_T1	MMP7	-4.897152008824466
KCNMA1_KCNMB1	IU_PDA_T1	TSPAN1	-4.903634686328093
KCNMA1_KCNMB1	IU_PDA_T1	CPED1	-4.9071372767125006
KCNMA1_KCNMB1	IU_PDA_T1	ZCCHC24	-4.907786941448004
KCNMA1_KCNMB1	IU_PDA_T1	SPINK1	-4.970418086320254
KCNMA1_KCNMB1	IU_PDA_T1	CLSTN2	-4.998652933037484
KCNMA1_KCNMB1	IU_PDA_T1	MAN1C1	-5.024289819811277
KCNMA1_KCNMB1	IU_PDA_T1	TCN1	-5.036224503405753
KCNMA1_KCNMB1	IU_PDA_T1	IGKC	-5.080113463262142
KCNMA1_KCNMB1	IU_PDA_T1	MLPH	-5.12218987881846
KCNMA1_KCNMB1	IU_PDA_T1	ATP1B1	-5.123262860442961
KCNMA1_KCNMB1	IU_PDA_T1	NFASC	-5.1645116215859534
KCNMA1_KCNMB1	IU_PDA_T1	GUCY1A1	-5.176554998518929
KCNMA1_KCNMB1	IU_PDA_T1	CYP1B1	-5.177578892640589
KCNMA1_KCNMB1	IU_PDA_T1	FBLN5	-5.1885071376729
KCNMA1_KCNMB1	IU_PDA_T1	PODN	-5.267364709409575
KCNMA1_KCNMB1	IU_PDA_T1	EPCAM	-5.309544536198449
KCNMA1_KCNMB1	IU_PDA_T1	PDGFRA	-5.3504873185194235
KCNMA1_KCNMB1	IU_PDA_T1	TTR	-5.3621246129353315
KCNMA1_KCNMB1	IU_PDA_T1	NR2F2	-5.389445594656489
KCNMA1_KCNMB1	IU_PDA_T1	PDZK1IP1	-5.406979047696709
KCNMA1_KCNMB1	IU_PDA_T1	TIMP1	-5.4223757567804345
KCNMA1_KCNMB1	IU_PDA_T1	C1orf21	-5.488114699522446
KCNMA1_KCNMB1	IU_PDA_T1	MAPK10	-5.533025583624175
KCNMA1_KCNMB1	IU_PDA_T1	OAF	-5.572866322042247
KCNMA1_KCNMB1	IU_PDA_T1	NRXN2	-5.62145658375464
KCNMA1_KCNMB1	IU_PDA_T1	GCG	-5.6303565952779255
KCNMA1_KCNMB1	IU_PDA_T1	SLC40A1	-5.6482858537112985
KCNMA1_KCNMB1	IU_PDA_T1	SMIM4	-5.655628658240829
KCNMA1_KCNMB1	IU_PDA_T1	PCDH18	-5.743946774999604
KCNMA1_KCNMB1	IU_PDA_T1	LGALS4	-5.753599817347727
KCNMA1_KCNMB1	IU_PDA_T1	PIGR	-5.817936870861991
KCNMA1_KCNMB1	IU_PDA_T1	SOD3	-5.838399056161264
KCNMA1_KCNMB1	IU_PDA_T1	SLPI	-5.852317873061838
KCNMA1_KCNMB1	IU_PDA_T1	S100P	-5.892288268750545
KCNMA1_KCNMB1	IU_PDA_T1	KIAA1755	-5.916541148604799
KCNMA1_KCNMB1	IU_PDA_T1	LXN	-5.932566056889663
KCNMA1_KCNMB1	IU_PDA_T1	WNT4	-5.934377724057195
KCNMA1_KCNMB1	IU_PDA_T1	EIF4B	-5.958967911837599
KCNMA1_KCNMB1	IU_PDA_T1	FXYD6	-5.962478903291269
KCNMA1_KCNMB1	IU_PDA_T1	PTCH1	-5.98326688847592
KCNMA1_KCNMB1	IU_PDA_T1	INS	-6.003827868236903
KCNMA1_KCNMB1	IU_PDA_T1	DTX1	-6.025931799383335
KCNMA1_KCNMB1	IU_PDA_T1	PROS1	-6.134378606821724
KCNMA1_KCNMB1	IU_PDA_T1	SFRP4	-6.196834050602283
KCNMA1_KCNMB1	IU_PDA_T1	A2M	-6.214631583080713
KCNMA1_KCNMB1	IU_PDA_T1	KRT8	-6.285382295285589
KCNMA1_KCNMB1	IU_PDA_T1	TXNIP	-6.296138449889962
KCNMA1_KCNMB1	IU_PDA_T1	SPON2	-6.339372137475922
KCNMA1_KCNMB1	IU_PDA_T1	NDRG2	-6.444224610914944
KCNMA1_KCNMB1	IU_PDA_T1	PTEN	-6.462307548582108
KCNMA1_KCNMB1	IU_PDA_T1	DPEP1	-6.517231205256268
KCNMA1_KCNMB1	IU_PDA_T1	RBP1	-6.560724125616535
KCNMA1_KCNMB1	IU_PDA_T1	F2RL2	-6.714745661380512
KCNMA1_KCNMB1	IU_PDA_T1	BOC	-6.827892399569853
KCNMA1_KCNMB1	IU_PDA_T1	PTGDS	-6.888309429776908
KCNMA1_KCNMB1	IU_PDA_T1	TGM2	-6.927331944961097
KCNMA1_KCNMB1	IU_PDA_T1	ANO1	-6.960903212439798
KCNMA1_KCNMB1	IU_PDA_T1	AZGP1	-6.964843578208864
KCNMA1_KCNMB1	IU_PDA_T1	EPHA3	-7.033123598198975
KCNMA1_KCNMB1	IU_PDA_T1	PSCA	-7.145943021337754
KCNMA1_KCNMB1	IU_PDA_T1	HEYL	-7.14833376562058
KCNMA1_KCNMB1	IU_PDA_T1	ADAMTSL2	-7.197009680081616
KCNMA1_KCNMB1	IU_PDA_T1	F2R	-7.295096107236651
KCNMA1_KCNMB1	IU_PDA_T1	GPC3	-7.35061160576631
KCNMA1_KCNMB1	IU_PDA_T1	HAND2	-7.510230863432379
KCNMA1_KCNMB1	IU_PDA_T1	LCN2	-7.514870664036507
KCNMA1_KCNMB1	IU_PDA_T1	ENG	-7.555815227082066
KCNMA1_KCNMB1	IU_PDA_T1	TSHZ2	-7.682447939840977
KCNMA1_KCNMB1	IU_PDA_T1	JCHAIN	-7.717398010450975
KCNMA1_KCNMB1	IU_PDA_T1	APOD	-7.907223255558517
KCNMA1_KCNMB1	IU_PDA_T1	GGT5	-7.915402992603169
KCNMA1_KCNMB1	IU_PDA_T1	C7	-8.026494822761242
KCNMA1_KCNMB1	IU_PDA_T1	COLEC11	-8.108576353925313
KCNMA1_KCNMB1	IU_PDA_T1	OLFM4	-8.162505466096025
KCNMA1_KCNMB1	IU_PDA_T1	IGHM	-8.640091195839823
KCNMA1_KCNMB1	IU_PDA_T1	IGHA1	-9.0429538070301
KCNMA1_KCNMB4	IU_PDA_T1	GREM1	7.732717696318355
KCNMA1_KCNMB4	IU_PDA_T1	CCDC80	7.072547016082473
KCNMA1_KCNMB4	IU_PDA_T1	KCNMA1_KCNMB1	7.071348095000969
KCNMA1_KCNMB4	IU_PDA_T1	SLC2A3	7.059560290389477
KCNMA1_KCNMB4	IU_PDA_T1	KCNMA1	7.016029931795707
KCNMA1_KCNMB4	IU_PDA_T1	GADD45B	7.009605689574102
KCNMA1_KCNMB4	IU_PDA_T1	CNN1	6.971884970892535
KCNMA1_KCNMB4	IU_PDA_T1	COL5A2	6.934204137931996
KCNMA1_KCNMB4	IU_PDA_T1	KLF6	6.909339771136305
KCNMA1_KCNMB4	IU_PDA_T1	FOSB	6.865589411189591
KCNMA1_KCNMB4	IU_PDA_T1	SGK1	6.854979092849136
KCNMA1_KCNMB4	IU_PDA_T1	SERPINE1	6.802749231105936
KCNMA1_KCNMB4	IU_PDA_T1	COL12A1	6.77934361603205
KCNMA1_KCNMB4	IU_PDA_T1	COL11A1	6.692521427645998
KCNMA1_KCNMB4	IU_PDA_T1	MMP2	6.590124092994042
KCNMA1_KCNMB4	IU_PDA_T1	THBS1	6.536196634127098
KCNMA1_KCNMB4	IU_PDA_T1	CTHRC1	6.468510429340502
KCNMA1_KCNMB4	IU_PDA_T1	ERRFI1	6.452579295409284
KCNMA1_KCNMB4	IU_PDA_T1	TAGLN	6.301968975020612
KCNMA1_KCNMB4	IU_PDA_T1	LOXL1	6.2958724124352665
KCNMA1_KCNMB4	IU_PDA_T1	CCN4	6.28176466513263
KCNMA1_KCNMB4	IU_PDA_T1	COLEC12	6.266730117631882
KCNMA1_KCNMB4	IU_PDA_T1	ZFP36	6.266523026540347
KCNMA1_KCNMB4	IU_PDA_T1	CDH11	6.224064234073225
KCNMA1_KCNMB4	IU_PDA_T1	ITGB5	6.19455593938632
KCNMA1_KCNMB4	IU_PDA_T1	CITED2	6.18127942971167
KCNMA1_KCNMB4	IU_PDA_T1	CAV1	6.160079055848598
KCNMA1_KCNMB4	IU_PDA_T1	NR4A1	6.150443065703368
KCNMA1_KCNMB4	IU_PDA_T1	NR4A3	6.086743956687017
KCNMA1_KCNMB4	IU_PDA_T1	COL6A2	6.039626907143692
KCNMA1_KCNMB4	IU_PDA_T1	ZFP36L1	6.0160038734569445
KCNMA1_KCNMB4	IU_PDA_T1	PRSS23	6.013413749247116
KCNMA1_KCNMB4	IU_PDA_T1	DUSP1	5.950513492623359
KCNMA1_KCNMB4	IU_PDA_T1	ITGA11	5.943795374698184
KCNMA1_KCNMB4	IU_PDA_T1	CCN2	5.936502112714497
KCNMA1_KCNMB4	IU_PDA_T1	ARL4C	5.932116694504501
KCNMA1_KCNMB4	IU_PDA_T1	ITGA5	5.894921415201897
KCNMA1_KCNMB4	IU_PDA_T1	ELL2	5.844792621971508
KCNMA1_KCNMB4	IU_PDA_T1	MFAP5	5.842061128172036
KCNMA1_KCNMB4	IU_PDA_T1	THY1	5.829695346080329
KCNMA1_KCNMB4	IU_PDA_T1	LMCD1	5.817118854944331
KCNMA1_KCNMB4	IU_PDA_T1	MYH10	5.805943504551844
KCNMA1_KCNMB4	IU_PDA_T1	FSTL1	5.780528324250484
KCNMA1_KCNMB4	IU_PDA_T1	PDLIM5	5.776254615107681
KCNMA1_KCNMB4	IU_PDA_T1	FBN1	5.657853087212014
KCNMA1_KCNMB4	IU_PDA_T1	C11orf96	5.640107615930356
KCNMA1_KCNMB4	IU_PDA_T1	LRRC15	5.614813663632478
KCNMA1_KCNMB4	IU_PDA_T1	EGR1	5.603277244728827
KCNMA1_KCNMB4	IU_PDA_T1	LMNA	5.585721140520192
KCNMA1_KCNMB4	IU_PDA_T1	RGS16	5.580003482234449
KCNMA1_KCNMB4	IU_PDA_T1	S100G	5.57270427705202
KCNMA1_KCNMB4	IU_PDA_T1	TIMP3	5.553666088547173
KCNMA1_KCNMB4	IU_PDA_T1	INHBA	5.537094450610894
KCNMA1_KCNMB4	IU_PDA_T1	CNN3	5.514620070025356
KCNMA1_KCNMB4	IU_PDA_T1	ADAMTS16	5.486621349255038
KCNMA1_KCNMB4	IU_PDA_T1	RARRES2	5.485314534087794
KCNMA1_KCNMB4	IU_PDA_T1	CCN1	5.4678833929725785
KCNMA1_KCNMB4	IU_PDA_T1	SLC11A1	5.45386797616772
KCNMA1_KCNMB4	IU_PDA_T1	GAS1	5.446673386718879
KCNMA1_KCNMB4	IU_PDA_T1	PTGER3	5.4426019251266995
KCNMA1_KCNMB4	IU_PDA_T1	GJA1	5.359934509770521
KCNMA1_KCNMB4	IU_PDA_T1	CTSK	5.3533134155247755
KCNMA1_KCNMB4	IU_PDA_T1	LOXL2	5.324970099868084
KCNMA1_KCNMB4	IU_PDA_T1	DPT	5.3016682416795105
KCNMA1_KCNMB4	IU_PDA_T1	JUNB	5.245713326106477
KCNMA1_KCNMB4	IU_PDA_T1	CTSB	5.223548319232356
KCNMA1_KCNMB4	IU_PDA_T1	COL6A1	5.199375970630684
KCNMA1_KCNMB4	IU_PDA_T1	CNN2	5.1925580128256374
KCNMA1_KCNMB4	IU_PDA_T1	S100A10	5.176056970768316
KCNMA1_KCNMB4	IU_PDA_T1	CRIM1	5.128414520074784
KCNMA1_KCNMB4	IU_PDA_T1	RGS2	5.10383687108679
KCNMA1_KCNMB4	IU_PDA_T1	ATP10A	5.096913917107162
KCNMA1_KCNMB4	IU_PDA_T1	GPC1	5.093493693264573
KCNMA1_KCNMB4	IU_PDA_T1	MMP11	5.085828542348561
KCNMA1_KCNMB4	IU_PDA_T1	LGALS1	5.05205175382111
KCNMA1_KCNMB4	IU_PDA_T1	CMTM3	5.046144267814493
KCNMA1_KCNMB4	IU_PDA_T1	SDC1	5.042151892597093
KCNMA1_KCNMB4	IU_PDA_T1	JPH2	5.0371573512046
KCNMA1_KCNMB4	IU_PDA_T1	FIBIN	5.009604675050386
KCNMA1_KCNMB4	IU_PDA_T1	SGMS2	4.983315897786062
KCNMA1_KCNMB4	IU_PDA_T1	COL8A1	4.978857239196163
KCNMA1_KCNMB4	IU_PDA_T1	THBS2	4.969097527118084
KCNMA1_KCNMB4	IU_PDA_T1	COL5A1	4.947395977829646
KCNMA1_KCNMB4	IU_PDA_T1	KIAA1217	4.9445905356456175
KCNMA1_KCNMB4	IU_PDA_T1	EMP1	4.94449881502434
KCNMA1_KCNMB4	IU_PDA_T1	DPYSL3	4.8508187970441
KCNMA1_KCNMB4	IU_PDA_T1	DNAJB1	4.840033459710342
KCNMA1_KCNMB4	IU_PDA_T1	RASGRF2	4.839445702045676
KCNMA1_KCNMB4	IU_PDA_T1	CDKN1A	4.821669267280647
KCNMA1_KCNMB4	IU_PDA_T1	VEGFA	4.818629552858283
KCNMA1_KCNMB4	IU_PDA_T1	CLIC4	4.801329750422245
KCNMA1_KCNMB4	IU_PDA_T1	FNDC1	4.7538700015572655
KCNMA1_KCNMB4	IU_PDA_T1	CD55	4.718714833605407
KCNMA1_KCNMB4	IU_PDA_T1	PPP1R15A	4.711954303102814
KCNMA1_KCNMB4	IU_PDA_T1	ANXA2	4.708542758626582
KCNMA1_KCNMB4	IU_PDA_T1	CERCAM	4.706234184283353
KCNMA1_KCNMB4	IU_PDA_T1	TNFRSF12A	4.69593458433831
KCNMA1_KCNMB4	IU_PDA_T1	RHOB	4.676828748798427
KCNMA1_KCNMB4	IU_PDA_T1	FOS	4.6653866580980115
KCNMA1_KCNMB4	IU_PDA_T1	PCDH7	4.658573522800727
KCNMA1_KCNMB4	IU_PDA_T1	POSTN	4.64164847711312
KCNMA1_KCNMB4	IU_PDA_T1	ANTXR1	4.622008709639642
KCNMA1_KCNMB4	IU_PDA_T1	ID4	4.6181043167691165
KCNMA1_KCNMB4	IU_PDA_T1	ACTG2	4.611863210052802
KCNMA1_KCNMB4	IU_PDA_T1	CALU	4.593995926514336
KCNMA1_KCNMB4	IU_PDA_T1	JUN	4.541391181687276
KCNMA1_KCNMB4	IU_PDA_T1	ELN	4.535432166181979
KCNMA1_KCNMB4	IU_PDA_T1	SLIT3	4.529404088126853
KCNMA1_KCNMB4	IU_PDA_T1	HTRA1	4.515903045776507
KCNMA1_KCNMB4	IU_PDA_T1	HMOX1	4.498649515509305
KCNMA1_KCNMB4	IU_PDA_T1	NR4A2	4.481148285249092
KCNMA1_KCNMB4	IU_PDA_T1	NKD2	4.433797290094899
KCNMA1_KCNMB4	IU_PDA_T1	COL10A1	4.421550093492484
KCNMA1_KCNMB4	IU_PDA_T1	C1QB	4.417376129708762
KCNMA1_KCNMB4	IU_PDA_T1	SULF1	4.383808464046546
KCNMA1_KCNMB4	IU_PDA_T1	HSPH1	4.337180409492756
KCNMA1_KCNMB4	IU_PDA_T1	CXCL12	4.335154288948516
KCNMA1_KCNMB4	IU_PDA_T1	RCAN1	4.319487500542465
KCNMA1_KCNMB4	IU_PDA_T1	FBLN1	4.314170253564206
KCNMA1_KCNMB4	IU_PDA_T1	C1QTNF3	4.286290683492612
KCNMA1_KCNMB4	IU_PDA_T1	MMP14	4.278943587148394
KCNMA1_KCNMB4	IU_PDA_T1	ST6GALNAC5	4.262995831174222
KCNMA1_KCNMB4	IU_PDA_T1	RGS1	4.259157776916881
KCNMA1_KCNMB4	IU_PDA_T1	SFRP2	4.252209836522062
KCNMA1_KCNMB4	IU_PDA_T1	ITPRIP	4.233961109411843
KCNMA1_KCNMB4	IU_PDA_T1	CHPF	4.233161187954547
KCNMA1_KCNMB4	IU_PDA_T1	BCAT1	4.230175289972214
KCNMA1_KCNMB4	IU_PDA_T1	RGCC	4.22019439873527
KCNMA1_KCNMB4	IU_PDA_T1	ENAH	4.18902065178752
KCNMA1_KCNMB4	IU_PDA_T1	PDLIM3	4.18350114213808
KCNMA1_KCNMB4	IU_PDA_T1	IFI30	4.181678764299845
KCNMA1_KCNMB4	IU_PDA_T1	DES	4.180212723025513
KCNMA1_KCNMB4	IU_PDA_T1	ISM1	4.170842943933663
KCNMA1_KCNMB4	IU_PDA_T1	HSPA1A	4.053017912749333
KCNMA1_KCNMB4	IU_PDA_T1	COL6A3	4.040560844492635
KCNMA1_KCNMB4	IU_PDA_T1	METRNL	4.032460227698895
KCNMA1_KCNMB4	IU_PDA_T1	CALD1	4.007306722426161
KCNMA1_KCNMB4	IU_PDA_T1	RNASE1	3.988131591391203
KCNMA1_KCNMB4	IU_PDA_T1	TRIM59	3.972642053938379
KCNMA1_KCNMB4	IU_PDA_T1	DUSP2	3.9620365605348633
KCNMA1_KCNMB4	IU_PDA_T1	ISG15	3.898112245994347
KCNMA1_KCNMB4	IU_PDA_T1	ADARB1	3.865180519293348
KCNMA1_KCNMB4	IU_PDA_T1	FGF7	3.831021719450828
KCNMA1_KCNMB4	IU_PDA_T1	HSPA1B	3.791875495627608
KCNMA1_KCNMB4	IU_PDA_T1	GJB2	3.763513933693066
KCNMA1_KCNMB4	IU_PDA_T1	SPEG	3.76312903303067
KCNMA1_KCNMB4	IU_PDA_T1	PXDN	3.7502329309261655
KCNMA1_KCNMB4	IU_PDA_T1	PLN	3.7147191397392425
KCNMA1_KCNMB4	IU_PDA_T1	PDLIM7	3.6667455038259584
KCNMA1_KCNMB4	IU_PDA_T1	PFKFB3	3.646355107483817
KCNMA1_KCNMB4	IU_PDA_T1	FLNA	3.617707314116309
KCNMA1_KCNMB4	IU_PDA_T1	TYROBP	3.5705342652625296
KCNMA1_KCNMB4	IU_PDA_T1	S100A16	3.564094307102085
KCNMA1_KCNMB4	IU_PDA_T1	NBL1	3.563745367513938
KCNMA1_KCNMB4	IU_PDA_T1	TPM1	3.561357752342232
KCNMA1_KCNMB4	IU_PDA_T1	IER2	3.5532176997428793
KCNMA1_KCNMB4	IU_PDA_T1	SPARC	3.4911189623911336
KCNMA1_KCNMB4	IU_PDA_T1	WNK1	3.4410436723039504
KCNMA1_KCNMB4	IU_PDA_T1	GABARAPL1	3.383760798256399
KCNMA1_KCNMB4	IU_PDA_T1	SLC44A1	3.3637564862130978
KCNMA1_KCNMB4	IU_PDA_T1	C5orf46	3.3619648884046
KCNMA1_KCNMB4	IU_PDA_T1	MATN3	3.2912512213330207
KCNMA1_KCNMB4	IU_PDA_T1	PLAUR	3.2759631799895863
KCNMA1_KCNMB4	IU_PDA_T1	FN1	3.2692561166101894
KCNMA1_KCNMB4	IU_PDA_T1	MT2A	3.2583615191922903
KCNMA1_KCNMB4	IU_PDA_T1	CLMP	3.2444599232405165
KCNMA1_KCNMB4	IU_PDA_T1	GEM	3.2339827353376744
KCNMA1_KCNMB4	IU_PDA_T1	NUAK1	3.182581804329703
KCNMA1_KCNMB4	IU_PDA_T1	CTNNB1	3.156158728528656
KCNMA1_KCNMB4	IU_PDA_T1	ZNF331	3.112630715781563
KCNMA1_KCNMB4	IU_PDA_T1	ADAM12	3.0408733488029513
KCNMA1_KCNMB4	IU_PDA_T1	AEBP1	3.0164768686164942
KCNMA1_KCNMB4	IU_PDA_T1	APOC1	3.0011625403816544
KCNMA1_KCNMB4	IU_PDA_T1	SMOC2	2.9442928132671935
KCNMA1_KCNMB4	IU_PDA_T1	TMEM158	2.9418300618530258
KCNMA1_KCNMB4	IU_PDA_T1	MSR1	2.890763387407421
KCNMA1_KCNMB4	IU_PDA_T1	KCNMB1	2.8584866189551392
KCNMA1_KCNMB4	IU_PDA_T1	NFATC1	2.843430757792093
KCNMA1_KCNMB4	IU_PDA_T1	MMP3	2.840378774380775
KCNMA1_KCNMB4	IU_PDA_T1	TPM2	2.834344175092659
KCNMA1_KCNMB4	IU_PDA_T1	SPHK1	2.821709181531767
KCNMA1_KCNMB4	IU_PDA_T1	KCND2	2.769556203970803
KCNMA1_KCNMB4	IU_PDA_T1	ATF3	2.7622775310025576
KCNMA1_KCNMB4	IU_PDA_T1	CADM1	2.7536192516428497
KCNMA1_KCNMB4	IU_PDA_T1	ID3	2.714982020631497
KCNMA1_KCNMB4	IU_PDA_T1	CHMP1B	2.7027196509969937
KCNMA1_KCNMB4	IU_PDA_T1	IFIT1	2.700252639005641
KCNMA1_KCNMB4	IU_PDA_T1	APOE	2.683636234898265
KCNMA1_KCNMB4	IU_PDA_T1	VCAN	2.6639732949000066
KCNMA1_KCNMB4	IU_PDA_T1	TNC	2.6536188030766223
KCNMA1_KCNMB4	IU_PDA_T1	IGF1	2.571263813037033
KCNMA1_KCNMB4	IU_PDA_T1	CRISPLD2	2.4090144018772004
KCNMA1_KCNMB4	IU_PDA_T1	SOCS3	2.310164126333622
KCNMA1_KCNMB4	IU_PDA_T1	CD68	2.2813724933938766
KCNMA1_KCNMB4	IU_PDA_T1	CXCR4	2.2550986312826566
KCNMA1_KCNMB4	IU_PDA_T1	ITGAX	2.1591234864787925
KCNMA1_KCNMB4	IU_PDA_T1	CCN5	2.1485452075865146
KCNMA1_KCNMB4	IU_PDA_T1	SEMA3C	2.116836889849989
KCNMA1_KCNMB4	IU_PDA_T1	IFIT2	2.090231765932715
KCNMA1_KCNMB4	IU_PDA_T1	ADAMTS12	2.0791914206233617
KCNMA1_KCNMB4	IU_PDA_T1	OASL	2.034863487093835
KCNMA1_KCNMB4	IU_PDA_T1	EPYC	2.026041154848197
KCNMA1_KCNMB4	IU_PDA_T1	ADM	1.8396457513313098
KCNMA1_KCNMB4	IU_PDA_T1	LAPTM5	1.8371790715133074
KCNMA1_KCNMB4	IU_PDA_T1	IGHG1	1.7803158062695654
KCNMA1_KCNMB4	IU_PDA_T1	ACTA2	1.7658890744990907
KCNMA1_KCNMB4	IU_PDA_T1	S100A9	1.7519405211773953
KCNMA1_KCNMB4	IU_PDA_T1	RSAD2	1.749141348735277
KCNMA1_KCNMB4	IU_PDA_T1	CCL2	1.7351253613595594
KCNMA1_KCNMB4	IU_PDA_T1	CXCL10	1.7259770060320598
KCNMA1_KCNMB4	IU_PDA_T1	ACTC1	1.5853834929380604
KCNMA1_KCNMB4	IU_PDA_T1	KCNJ15	1.4983525025784263
KCNMA1_KCNMB4	IU_PDA_T1	ACP5	1.398784632258751
KCNMA1_KCNMB4	IU_PDA_T1	STMN2	1.3507386091042062
KCNMA1_KCNMB4	IU_PDA_T1	IGFBP4	1.3443088417913873
KCNMA1_KCNMB4	IU_PDA_T1	MX1	1.285738745417773
KCNMA1_KCNMB4	IU_PDA_T1	CLU	1.09995256035614
KCNMA1_KCNMB4	IU_PDA_T1	IGHG3	1.0413176233391257
KCNMA1_KCNMB4	IU_PDA_T1	KCNMB4	0.9907883694420692
KCNMA1_KCNMB4	IU_PDA_T1	LUM	0.9682362438961891
KCNMA1_KCNMB4	IU_PDA_T1	MCAM	0.9154332768903043
KCNMA1_KCNMB4	IU_PDA_T1	CCL8	0.8792933946687584
KCNMA1_KCNMB4	IU_PDA_T1	MYC	0.874308901031982
KCNMA1_KCNMB4	IU_PDA_T1	IFIT3	0.8726232922842551
KCNMA1_KCNMB4	IU_PDA_T1	MUSTN1	0.8175230354854983
KCNMA1_KCNMB4	IU_PDA_T1	KCNAB2	0.8131008062956293
KCNMA1_KCNMB4	IU_PDA_T1	NTRK3	0.7459155474778676
KCNMA1_KCNMB4	IU_PDA_T1	CXCL9	0.7393114065056354
KCNMA1_KCNMB4	IU_PDA_T1	NPR3	0.7332149256176927
KCNMA1_KCNMB4	IU_PDA_T1	KCNAB1	0.6217989462628803
KCNMA1_KCNMB4	IU_PDA_T1	S100A8	0.49083835362100575
KCNMA1_KCNMB4	IU_PDA_T1	IGHG2	0.40547572901066353
KCNMA1_KCNMB4	IU_PDA_T1	IGHJ2	0.27879809783057263
KCNMA1_KCNMB4	IU_PDA_T1	KCNN3	0.18706518942064923
KCNMA1_KCNMB4	IU_PDA_T1	TOB1	0.16303649590076266
KCNMA1_KCNMB4	IU_PDA_T1	S1PR3	0.13315859519698292
KCNMA1_KCNMB4	IU_PDA_T1	KCNS3	0.023897422650973738
KCNMA1_KCNMB4	IU_PDA_T1	ADAMTS1	0.02059953773429552
KCNMA1_KCNMB4	IU_PDA_T1	CXCL14	0.019609691522747153
KCNMA1_KCNMB4	IU_PDA_T1	KCNT2	-0.10545053654212129
KCNMA1_KCNMB4	IU_PDA_T1	KCNQ4	-0.45739421197239616
KCNMA1_KCNMB4	IU_PDA_T1	KCNK17	-0.5379213286044657
KCNMA1_KCNMB4	IU_PDA_T1	XBP1	-0.5767473123660977
KCNMA1_KCNMB4	IU_PDA_T1	KCNJ16	-0.6333715952870906
KCNMA1_KCNMB4	IU_PDA_T1	KCNK1	-0.6610887875047512
KCNMA1_KCNMB4	IU_PDA_T1	IGLV3-1	-0.6678358617984355
KCNMA1_KCNMB4	IU_PDA_T1	HLA-DRA	-0.7099190952615516
KCNMA1_KCNMB4	IU_PDA_T1	G6PC2	-0.7165203703241885
KCNMA1_KCNMB4	IU_PDA_T1	DMBT1	-0.8901115988538322
KCNMA1_KCNMB4	IU_PDA_T1	FTL	-0.8977142088927816
KCNMA1_KCNMB4	IU_PDA_T1	KCNJ8	-1.019027941209906
KCNMA1_KCNMB4	IU_PDA_T1	IGFBP3	-1.05335690479182
KCNMA1_KCNMB4	IU_PDA_T1	CD37	-1.1040471766666144
KCNMA1_KCNMB4	IU_PDA_T1	KCNC4	-1.1588170297877027
KCNMA1_KCNMB4	IU_PDA_T1	C12orf75	-1.2022489921897066
KCNMA1_KCNMB4	IU_PDA_T1	TMSB4X	-1.2885532875197934
KCNMA1_KCNMB4	IU_PDA_T1	CPA3	-1.3228476897223624
KCNMA1_KCNMB4	IU_PDA_T1	CTSD	-1.5325343155708717
KCNMA1_KCNMB4	IU_PDA_T1	KCNE4	-1.5344040631707216
KCNMA1_KCNMB4	IU_PDA_T1	ABCC8	-1.7368186547694506
KCNMA1_KCNMB4	IU_PDA_T1	KCND3	-1.7749146522608215
KCNMA1_KCNMB4	IU_PDA_T1	BCAM	-1.792929442519297
KCNMA1_KCNMB4	IU_PDA_T1	KCNK6	-1.8077645136360156
KCNMA1_KCNMB4	IU_PDA_T1	CD74	-1.8198865396300752
KCNMA1_KCNMB4	IU_PDA_T1	SLC30A8	-1.825824662202842
KCNMA1_KCNMB4	IU_PDA_T1	KCNN4	-1.8326560943839405
KCNMA1_KCNMB4	IU_PDA_T1	ID1	-1.907317479401696
KCNMA1_KCNMB4	IU_PDA_T1	OCIAD2	-1.9261033239773537
KCNMA1_KCNMB4	IU_PDA_T1	SST	-1.9467663131929944
KCNMA1_KCNMB4	IU_PDA_T1	OGN	-1.9966752687382812
KCNMA1_KCNMB4	IU_PDA_T1	BTG2	-2.146223593507591
KCNMA1_KCNMB4	IU_PDA_T1	ABCC3	-2.1508135838611278
KCNMA1_KCNMB4	IU_PDA_T1	CCL19	-2.2965117684261345
KCNMA1_KCNMB4	IU_PDA_T1	CCDC3	-2.3231884359141874
KCNMA1_KCNMB4	IU_PDA_T1	IGHD	-2.3433794500451635
KCNMA1_KCNMB4	IU_PDA_T1	CEBPD	-2.378022779815913
KCNMA1_KCNMB4	IU_PDA_T1	C1R	-2.4104705781462155
KCNMA1_KCNMB4	IU_PDA_T1	NR2F1	-2.463597559811505
KCNMA1_KCNMB4	IU_PDA_T1	SPP1	-2.485241556603587
KCNMA1_KCNMB4	IU_PDA_T1	SLCO2A1	-2.506676805770346
KCNMA1_KCNMB4	IU_PDA_T1	LYZ	-2.5242787364900217
KCNMA1_KCNMB4	IU_PDA_T1	CHGB	-2.5254430818984335
KCNMA1_KCNMB4	IU_PDA_T1	MGP	-2.559497900409851
KCNMA1_KCNMB4	IU_PDA_T1	KLK7	-2.5969820494710647
KCNMA1_KCNMB4	IU_PDA_T1	CRTAP	-2.6143445674523393
KCNMA1_KCNMB4	IU_PDA_T1	SRPX	-2.6630959726042924
KCNMA1_KCNMB4	IU_PDA_T1	IGKV4-1	-2.678995874549675
KCNMA1_KCNMB4	IU_PDA_T1	ADIRF	-2.7593021144214602
KCNMA1_KCNMB4	IU_PDA_T1	C19orf33	-2.7790518744786867
KCNMA1_KCNMB4	IU_PDA_T1	SELENOP	-2.785904619691943
KCNMA1_KCNMB4	IU_PDA_T1	B2M	-2.8735655131839457
KCNMA1_KCNMB4	IU_PDA_T1	FRZB	-2.9160885871530633
KCNMA1_KCNMB4	IU_PDA_T1	PROM1	-2.9244845673304094
KCNMA1_KCNMB4	IU_PDA_T1	HSPB6	-2.9515341911864255
KCNMA1_KCNMB4	IU_PDA_T1	LAMA2	-3.0274909483597754
KCNMA1_KCNMB4	IU_PDA_T1	KRT7	-3.0343989457392335
KCNMA1_KCNMB4	IU_PDA_T1	MYRF	-3.0583415756648504
KCNMA1_KCNMB4	IU_PDA_T1	ABCA8	-3.1062253833055853
KCNMA1_KCNMB4	IU_PDA_T1	DEPP1	-3.1178312599310454
KCNMA1_KCNMB4	IU_PDA_T1	FXYD3	-3.1199184960251447
KCNMA1_KCNMB4	IU_PDA_T1	IGFBP7	-3.1702790064029367
KCNMA1_KCNMB4	IU_PDA_T1	CHGA	-3.20144192871924
KCNMA1_KCNMB4	IU_PDA_T1	PPP1R1B	-3.2056595674603563
KCNMA1_KCNMB4	IU_PDA_T1	COL14A1	-3.245292055677474
KCNMA1_KCNMB4	IU_PDA_T1	ZG16B	-3.2823177081215835
KCNMA1_KCNMB4	IU_PDA_T1	SYNPO2	-3.2867690011299695
KCNMA1_KCNMB4	IU_PDA_T1	PABPC1	-3.30230566938918
KCNMA1_KCNMB4	IU_PDA_T1	DUOX2	-3.3691025692898835
KCNMA1_KCNMB4	IU_PDA_T1	MUC1	-3.54347107892835
KCNMA1_KCNMB4	IU_PDA_T1	TMC5	-3.574844044138668
KCNMA1_KCNMB4	IU_PDA_T1	C3	-3.6082650751035743
KCNMA1_KCNMB4	IU_PDA_T1	IGHJ6	-3.6089721404400397
KCNMA1_KCNMB4	IU_PDA_T1	ZCCHC24	-3.6156020145728895
KCNMA1_KCNMB4	IU_PDA_T1	PLAAT4	-3.6735997475854383
KCNMA1_KCNMB4	IU_PDA_T1	TTR	-3.680297597550209
KCNMA1_KCNMB4	IU_PDA_T1	TNXB	-3.709954201935574
KCNMA1_KCNMB4	IU_PDA_T1	CXCL17	-3.7459968087187336
KCNMA1_KCNMB4	IU_PDA_T1	GABRP	-3.746890022988768
KCNMA1_KCNMB4	IU_PDA_T1	FXYD1	-3.765256005683006
KCNMA1_KCNMB4	IU_PDA_T1	CYSTM1	-3.799577760898688
KCNMA1_KCNMB4	IU_PDA_T1	GCG	-3.8242046127699227
KCNMA1_KCNMB4	IU_PDA_T1	MFAP4	-3.824690989435436
KCNMA1_KCNMB4	IU_PDA_T1	CLSTN2	-3.8827063322349886
KCNMA1_KCNMB4	IU_PDA_T1	FBLN5	-3.905868092247768
KCNMA1_KCNMB4	IU_PDA_T1	SPINK1	-3.9418335198282373
KCNMA1_KCNMB4	IU_PDA_T1	IGLC1	-3.9523726502544636
KCNMA1_KCNMB4	IU_PDA_T1	PRICKLE4	-3.9544334877237453
KCNMA1_KCNMB4	IU_PDA_T1	WFDC2	-3.9606800539688742
KCNMA1_KCNMB4	IU_PDA_T1	CTSE	-3.966111176070904
KCNMA1_KCNMB4	IU_PDA_T1	TSC22D1	-3.97785105484947
KCNMA1_KCNMB4	IU_PDA_T1	INS	-4.011642919995446
KCNMA1_KCNMB4	IU_PDA_T1	PRELP	-4.045782451819865
KCNMA1_KCNMB4	IU_PDA_T1	CPED1	-4.049294506693139
KCNMA1_KCNMB4	IU_PDA_T1	RARRES1	-4.117592654018026
KCNMA1_KCNMB4	IU_PDA_T1	GUCY1A1	-4.148323186467416
KCNMA1_KCNMB4	IU_PDA_T1	MAN1C1	-4.203768803301424
KCNMA1_KCNMB4	IU_PDA_T1	MUC13	-4.213618032762877
KCNMA1_KCNMB4	IU_PDA_T1	MLPH	-4.217113787654652
KCNMA1_KCNMB4	IU_PDA_T1	IGKC	-4.222139248261351
KCNMA1_KCNMB4	IU_PDA_T1	FMO3	-4.22616869976887
KCNMA1_KCNMB4	IU_PDA_T1	SCN7A	-4.237530127008451
KCNMA1_KCNMB4	IU_PDA_T1	ELF3	-4.258186922611864
KCNMA1_KCNMB4	IU_PDA_T1	ITGB4	-4.306712802366745
KCNMA1_KCNMB4	IU_PDA_T1	EPCAM	-4.317181812507642
KCNMA1_KCNMB4	IU_PDA_T1	TCN1	-4.320110081628609
KCNMA1_KCNMB4	IU_PDA_T1	MMP7	-4.343561321580579
KCNMA1_KCNMB4	IU_PDA_T1	LTBP4	-4.362124453029515
KCNMA1_KCNMB4	IU_PDA_T1	CYGB	-4.375810865128729
KCNMA1_KCNMB4	IU_PDA_T1	HOPX	-4.380061526983536
KCNMA1_KCNMB4	IU_PDA_T1	TSPAN1	-4.404151863570526
KCNMA1_KCNMB4	IU_PDA_T1	IGFBP5	-4.435312451100733
KCNMA1_KCNMB4	IU_PDA_T1	TSPAN8	-4.483181035644909
KCNMA1_KCNMB4	IU_PDA_T1	PDGFRA	-4.511122311361272
KCNMA1_KCNMB4	IU_PDA_T1	KRT18	-4.539926086250005
KCNMA1_KCNMB4	IU_PDA_T1	SMIM4	-4.5430450100769
KCNMA1_KCNMB4	IU_PDA_T1	SLC40A1	-4.5642000984267845
KCNMA1_KCNMB4	IU_PDA_T1	PODN	-4.567222207301387
KCNMA1_KCNMB4	IU_PDA_T1	CYP1B1	-4.648007507842686
KCNMA1_KCNMB4	IU_PDA_T1	ATP1B1	-4.6716277520988605
KCNMA1_KCNMB4	IU_PDA_T1	FXYD6	-4.676984019431455
KCNMA1_KCNMB4	IU_PDA_T1	S100A14	-4.70836099328394
KCNMA1_KCNMB4	IU_PDA_T1	LXN	-4.716349681906575
KCNMA1_KCNMB4	IU_PDA_T1	SPON2	-4.731585088807082
KCNMA1_KCNMB4	IU_PDA_T1	NR2F2	-4.7368055403680245
KCNMA1_KCNMB4	IU_PDA_T1	NRXN2	-4.780276838158984
KCNMA1_KCNMB4	IU_PDA_T1	C1orf21	-4.804417809757842
KCNMA1_KCNMB4	IU_PDA_T1	NFASC	-4.833641568067996
KCNMA1_KCNMB4	IU_PDA_T1	LGALS4	-4.833920622105196
KCNMA1_KCNMB4	IU_PDA_T1	PTEN	-4.8436718125626586
KCNMA1_KCNMB4	IU_PDA_T1	ERN2	-4.865852186517133
KCNMA1_KCNMB4	IU_PDA_T1	TIMP1	-4.875208988379912
KCNMA1_KCNMB4	IU_PDA_T1	S100P	-4.8830063775355175
KCNMA1_KCNMB4	IU_PDA_T1	MAPK10	-4.90555567021127
KCNMA1_KCNMB4	IU_PDA_T1	PROS1	-4.948458191074938
KCNMA1_KCNMB4	IU_PDA_T1	CFTR	-4.968351849241005
KCNMA1_KCNMB4	IU_PDA_T1	OAF	-5.041596791945982
KCNMA1_KCNMB4	IU_PDA_T1	KRT8	-5.1234523759691974
KCNMA1_KCNMB4	IU_PDA_T1	SERPINA3	-5.230441853821793
KCNMA1_KCNMB4	IU_PDA_T1	DPEP1	-5.2415353200492065
KCNMA1_KCNMB4	IU_PDA_T1	EIF4B	-5.26750546242213
KCNMA1_KCNMB4	IU_PDA_T1	SOD3	-5.324169120319381
KCNMA1_KCNMB4	IU_PDA_T1	SLPI	-5.338804671839553
KCNMA1_KCNMB4	IU_PDA_T1	PTCH1	-5.373864642110067
KCNMA1_KCNMB4	IU_PDA_T1	PIGR	-5.414492224319688
KCNMA1_KCNMB4	IU_PDA_T1	PTGDS	-5.432961486010279
KCNMA1_KCNMB4	IU_PDA_T1	SFRP4	-5.4352978038294255
KCNMA1_KCNMB4	IU_PDA_T1	PCDH18	-5.45173593725776
KCNMA1_KCNMB4	IU_PDA_T1	BOC	-5.551130875503519
KCNMA1_KCNMB4	IU_PDA_T1	TXNIP	-5.562905534398631
KCNMA1_KCNMB4	IU_PDA_T1	RBP1	-5.567523737223689
KCNMA1_KCNMB4	IU_PDA_T1	A2M	-5.580294950840153
KCNMA1_KCNMB4	IU_PDA_T1	HAND2	-5.59605799096317
KCNMA1_KCNMB4	IU_PDA_T1	PDZK1IP1	-5.615081369888343
KCNMA1_KCNMB4	IU_PDA_T1	NDRG2	-5.7472932610663365
KCNMA1_KCNMB4	IU_PDA_T1	WNT4	-5.7503293253539125
KCNMA1_KCNMB4	IU_PDA_T1	TSHZ2	-5.779599991245628
KCNMA1_KCNMB4	IU_PDA_T1	PSCA	-5.787441923047442
KCNMA1_KCNMB4	IU_PDA_T1	KIAA1755	-5.803812572237243
KCNMA1_KCNMB4	IU_PDA_T1	GPC3	-5.867139930178802
KCNMA1_KCNMB4	IU_PDA_T1	ENG	-6.073954473839898
KCNMA1_KCNMB4	IU_PDA_T1	EPHA3	-6.082761933551265
KCNMA1_KCNMB4	IU_PDA_T1	ANO1	-6.207490183884589
KCNMA1_KCNMB4	IU_PDA_T1	DTX1	-6.210284050150184
KCNMA1_KCNMB4	IU_PDA_T1	GGT5	-6.28266184464556
KCNMA1_KCNMB4	IU_PDA_T1	LCN2	-6.3285008207925895
KCNMA1_KCNMB4	IU_PDA_T1	APOD	-6.367958139507565
KCNMA1_KCNMB4	IU_PDA_T1	HEYL	-6.3872576702282835
KCNMA1_KCNMB4	IU_PDA_T1	AZGP1	-6.414508952930764
KCNMA1_KCNMB4	IU_PDA_T1	TGM2	-6.629500028443924
KCNMA1_KCNMB4	IU_PDA_T1	ADAMTSL2	-6.664829054961026
KCNMA1_KCNMB4	IU_PDA_T1	OLFM4	-6.708344868222521
KCNMA1_KCNMB4	IU_PDA_T1	F2R	-6.719854091099301
KCNMA1_KCNMB4	IU_PDA_T1	F2RL2	-6.761802469830577
KCNMA1_KCNMB4	IU_PDA_T1	JCHAIN	-6.852104973845227
KCNMA1_KCNMB4	IU_PDA_T1	C7	-6.891028794845633
KCNMA1_KCNMB4	IU_PDA_T1	COLEC11	-7.119977984564433
KCNMA1_KCNMB4	IU_PDA_T1	IGHM	-7.1547037675050955
KCNMA1_KCNMB4	IU_PDA_T1	IGHA1	-7.62054798632197
KCNMA1_KCNMB1	IU_PDA_T10	MRC2	3.8864828762703105
KCNMA1_KCNMB1	IU_PDA_T10	MMP2	3.8443273660449537
KCNMA1_KCNMB1	IU_PDA_T10	ISLR	3.804502590660913
KCNMA1_KCNMB1	IU_PDA_T10	LOXL1	3.7317929848200526
KCNMA1_KCNMB1	IU_PDA_T10	COL11A1	3.684193728175208
KCNMA1_KCNMB1	IU_PDA_T10	COL5A1	3.6636498699017217
KCNMA1_KCNMB1	IU_PDA_T10	DPYSL3	3.573310522864141
KCNMA1_KCNMB1	IU_PDA_T10	MXRA7	3.5303363949126734
KCNMA1_KCNMB1	IU_PDA_T10	C1S	3.5250142312916655
KCNMA1_KCNMB1	IU_PDA_T10	CD81	3.5217377757522517
KCNMA1_KCNMB1	IU_PDA_T10	TAGLN	3.4216842270213044
KCNMA1_KCNMB1	IU_PDA_T10	CTHRC1	3.4169202633091853
KCNMA1_KCNMB1	IU_PDA_T10	CNN1	3.394790610378869
KCNMA1_KCNMB1	IU_PDA_T10	COL8A1	3.3726381642472134
KCNMA1_KCNMB1	IU_PDA_T10	COL6A2	3.3446455095400283
KCNMA1_KCNMB1	IU_PDA_T10	COL5A2	3.299268332296155
KCNMA1_KCNMB1	IU_PDA_T10	NUPR1	3.295693212104257
KCNMA1_KCNMB1	IU_PDA_T10	PDLIM4	3.2864318622117508
KCNMA1_KCNMB1	IU_PDA_T10	PDLIM7	3.2768682143658245
KCNMA1_KCNMB1	IU_PDA_T10	MYL9	3.269332810052439
KCNMA1_KCNMB1	IU_PDA_T10	LGALS1	3.251048440792928
KCNMA1_KCNMB1	IU_PDA_T10	MYLK	3.2496132548533447
KCNMA1_KCNMB1	IU_PDA_T10	PRSS23	3.18268505658267
KCNMA1_KCNMB1	IU_PDA_T10	POSTN	3.1598591919733647
KCNMA1_KCNMB1	IU_PDA_T10	COL16A1	3.151066040191992
KCNMA1_KCNMB1	IU_PDA_T10	LUM	3.1509628530785116
KCNMA1_KCNMB1	IU_PDA_T10	COL10A1	3.146710516586552
KCNMA1_KCNMB1	IU_PDA_T10	THBS1	3.1417368974632205
KCNMA1_KCNMB1	IU_PDA_T10	AEBP1	3.1141522192300126
KCNMA1_KCNMB1	IU_PDA_T10	SULF1	3.094619794147096
KCNMA1_KCNMB1	IU_PDA_T10	NBL1	3.0286773467537813
KCNMA1_KCNMB1	IU_PDA_T10	ACTN1	2.99115373488101
KCNMA1_KCNMB1	IU_PDA_T10	COL6A3	2.9841887468151684
KCNMA1_KCNMB1	IU_PDA_T10	SYNC	2.9346068210148593
KCNMA1_KCNMB1	IU_PDA_T10	TIMP3	2.9302936710661256
KCNMA1_KCNMB1	IU_PDA_T10	VCAN	2.9098887150881096
KCNMA1_KCNMB1	IU_PDA_T10	MMP11	2.90393215735732
KCNMA1_KCNMB1	IU_PDA_T10	CMTM3	2.892469919649022
KCNMA1_KCNMB1	IU_PDA_T10	STMN2	2.834112649293117
KCNMA1_KCNMB1	IU_PDA_T10	GREM1	2.83054545684667
KCNMA1_KCNMB1	IU_PDA_T10	NR4A1	2.8025997501523245
KCNMA1_KCNMB1	IU_PDA_T10	PDLIM3	2.7943095823020445
KCNMA1_KCNMB1	IU_PDA_T10	FBLN2	2.789841183496204
KCNMA1_KCNMB1	IU_PDA_T10	ENTPD1	2.7861371915356408
KCNMA1_KCNMB1	IU_PDA_T10	THY1	2.7790476560643644
KCNMA1_KCNMB1	IU_PDA_T10	NPR3	2.74407778055089
KCNMA1_KCNMB1	IU_PDA_T10	CDH11	2.7239364317661905
KCNMA1_KCNMB1	IU_PDA_T10	FCER1G	2.6879360607541063
KCNMA1_KCNMB1	IU_PDA_T10	FBLN1	2.6647673026620473
KCNMA1_KCNMB1	IU_PDA_T10	CXCL9	2.6605574452910554
KCNMA1_KCNMB1	IU_PDA_T10	MFAP5	2.6597084200689483
KCNMA1_KCNMB1	IU_PDA_T10	NKD2	2.647595476295114
KCNMA1_KCNMB1	IU_PDA_T10	CALD1	2.647189451693463
KCNMA1_KCNMB1	IU_PDA_T10	ID3	2.610682500533673
KCNMA1_KCNMB1	IU_PDA_T10	KLK6	2.6103826022900165
KCNMA1_KCNMB1	IU_PDA_T10	DPEP1	2.5929036988271066
KCNMA1_KCNMB1	IU_PDA_T10	COL15A1	2.5761386586667414
KCNMA1_KCNMB1	IU_PDA_T10	SCG5	2.5714493090225754
KCNMA1_KCNMB1	IU_PDA_T10	SERPINE1	2.567476106321463
KCNMA1_KCNMB1	IU_PDA_T10	CPE	2.530341315928431
KCNMA1_KCNMB1	IU_PDA_T10	BGN	2.5272261918289893
KCNMA1_KCNMB1	IU_PDA_T10	CCN2	2.512445219871345
KCNMA1_KCNMB1	IU_PDA_T10	THBS2	2.510912490529501
KCNMA1_KCNMB1	IU_PDA_T10	CCDC80	2.504864008309695
KCNMA1_KCNMB1	IU_PDA_T10	LAPTM5	2.4953771330885424
KCNMA1_KCNMB1	IU_PDA_T10	SERPINF1	2.4360435457449268
KCNMA1_KCNMB1	IU_PDA_T10	FLNA	2.427020715264267
KCNMA1_KCNMB1	IU_PDA_T10	SPON1	2.4221450923026895
KCNMA1_KCNMB1	IU_PDA_T10	RGS16	2.420614170743973
KCNMA1_KCNMB1	IU_PDA_T10	ACTA2	2.41099497565415
KCNMA1_KCNMB1	IU_PDA_T10	FN1	2.40721245426948
KCNMA1_KCNMB1	IU_PDA_T10	VIM	2.377348755009494
KCNMA1_KCNMB1	IU_PDA_T10	CXCL14	2.352716281360799
KCNMA1_KCNMB1	IU_PDA_T10	ITGA11	2.339554856657047
KCNMA1_KCNMB1	IU_PDA_T10	SCG3	2.338085083714886
KCNMA1_KCNMB1	IU_PDA_T10	ANTXR1	2.319741932013785
KCNMA1_KCNMB1	IU_PDA_T10	PRRX1	2.318948982210806
KCNMA1_KCNMB1	IU_PDA_T10	C1R	2.2896959302924267
KCNMA1_KCNMB1	IU_PDA_T10	MMP14	2.283933470031626
KCNMA1_KCNMB1	IU_PDA_T10	CAVIN1	2.2533993362207
KCNMA1_KCNMB1	IU_PDA_T10	INHBA	2.2368330168228754
KCNMA1_KCNMB1	IU_PDA_T10	FBN1	2.222405615406655
KCNMA1_KCNMB1	IU_PDA_T10	KCNMA1	2.1760493633236475
KCNMA1_KCNMB1	IU_PDA_T10	TMOD1	2.1634773875270774
KCNMA1_KCNMB1	IU_PDA_T10	COL1A1	2.14923454895186
KCNMA1_KCNMB1	IU_PDA_T10	FSTL1	2.1491444061027893
KCNMA1_KCNMB1	IU_PDA_T10	MXRA8	2.1172028878381264
KCNMA1_KCNMB1	IU_PDA_T10	C3	2.103034461725859
KCNMA1_KCNMB1	IU_PDA_T10	LOX	2.0847154456853634
KCNMA1_KCNMB1	IU_PDA_T10	PLAU	2.0799747823695633
KCNMA1_KCNMB1	IU_PDA_T10	SPARC	2.0676324301004265
KCNMA1_KCNMB1	IU_PDA_T10	TIMP2	2.0562674015419367
KCNMA1_KCNMB1	IU_PDA_T10	KCNMA1_KCNMB4	2.039130907839109
KCNMA1_KCNMB1	IU_PDA_T10	PTGIS	1.9715123413389724
KCNMA1_KCNMB1	IU_PDA_T10	SFRP2	1.9516226704987438
KCNMA1_KCNMB1	IU_PDA_T10	COL3A1	1.8994396089139656
KCNMA1_KCNMB1	IU_PDA_T10	COL12A1	1.8549209355252478
KCNMA1_KCNMB1	IU_PDA_T10	CXCL5	1.8518037188583185
KCNMA1_KCNMB1	IU_PDA_T10	SFRP4	1.8486243633524426
KCNMA1_KCNMB1	IU_PDA_T10	GJD2	1.8325942238098225
KCNMA1_KCNMB1	IU_PDA_T10	CHGB	1.81138320634344
KCNMA1_KCNMB1	IU_PDA_T10	RARRES2	1.8025928750143296
KCNMA1_KCNMB1	IU_PDA_T10	COL4A1	1.7931079973121857
KCNMA1_KCNMB1	IU_PDA_T10	COL1A2	1.7895457829315027
KCNMA1_KCNMB1	IU_PDA_T10	ZNF331	1.7855961599752412
KCNMA1_KCNMB1	IU_PDA_T10	IGFBP3	1.7676163771610918
KCNMA1_KCNMB1	IU_PDA_T10	SERPING1	1.7454520017715307
KCNMA1_KCNMB1	IU_PDA_T10	CLU	1.7442709311565228
KCNMA1_KCNMB1	IU_PDA_T10	NKX2-2	1.7429975507302258
KCNMA1_KCNMB1	IU_PDA_T10	OLFML2B	1.7251237816292808
KCNMA1_KCNMB1	IU_PDA_T10	MGP	1.719188438981458
KCNMA1_KCNMB1	IU_PDA_T10	IL1R1	1.7017544976803816
KCNMA1_KCNMB1	IU_PDA_T10	KCNS3	1.6817163200970155
KCNMA1_KCNMB1	IU_PDA_T10	C1QB	1.6689015602420467
KCNMA1_KCNMB1	IU_PDA_T10	FNDC1	1.6591167166999843
KCNMA1_KCNMB1	IU_PDA_T10	KCNQ4	1.6582907354760634
KCNMA1_KCNMB1	IU_PDA_T10	C1orf198	1.6463009274800813
KCNMA1_KCNMB1	IU_PDA_T10	RASD1	1.6420551637998464
KCNMA1_KCNMB1	IU_PDA_T10	SCG2	1.6308990395585505
KCNMA1_KCNMB1	IU_PDA_T10	MT2A	1.6078656718539597
KCNMA1_KCNMB1	IU_PDA_T10	ICAM1	1.5910990616010299
KCNMA1_KCNMB1	IU_PDA_T10	NEURL1	1.5757115602143874
KCNMA1_KCNMB1	IU_PDA_T10	ABCC8	1.5623021230653282
KCNMA1_KCNMB1	IU_PDA_T10	CXCL8	1.5572840505651435
KCNMA1_KCNMB1	IU_PDA_T10	TPM2	1.5195209147771112
KCNMA1_KCNMB1	IU_PDA_T10	PTPRN	1.5150906581338515
KCNMA1_KCNMB1	IU_PDA_T10	DUSP1	1.5006817645415447
KCNMA1_KCNMB1	IU_PDA_T10	PEG10	1.4674635465844532
KCNMA1_KCNMB1	IU_PDA_T10	GLUL	1.4663854970768204
KCNMA1_KCNMB1	IU_PDA_T10	LRRC15	1.4505315217529329
KCNMA1_KCNMB1	IU_PDA_T10	ERO1B	1.445432170673717
KCNMA1_KCNMB1	IU_PDA_T10	HSPA1B	1.4333964043386542
KCNMA1_KCNMB1	IU_PDA_T10	FTL	1.4303875512712496
KCNMA1_KCNMB1	IU_PDA_T10	IGFBP5	1.397152166016075
KCNMA1_KCNMB1	IU_PDA_T10	TXNDC5	1.3902919127154127
KCNMA1_KCNMB1	IU_PDA_T10	TMEM204	1.3233475958256915
KCNMA1_KCNMB1	IU_PDA_T10	THBS4	1.2937649714903388
KCNMA1_KCNMB1	IU_PDA_T10	IFI30	1.2666359660201163
KCNMA1_KCNMB1	IU_PDA_T10	SMIM3	1.2583555970161138
KCNMA1_KCNMB1	IU_PDA_T10	SNAP25	1.2446659213581552
KCNMA1_KCNMB1	IU_PDA_T10	PRELP	1.2403567436878555
KCNMA1_KCNMB1	IU_PDA_T10	KCND3	1.2216089491602717
KCNMA1_KCNMB1	IU_PDA_T10	IGHV1-46	1.1753688956478936
KCNMA1_KCNMB1	IU_PDA_T10	AGT	1.1508472442075426
KCNMA1_KCNMB1	IU_PDA_T10	DEPP1	1.1358150235324416
KCNMA1_KCNMB1	IU_PDA_T10	TPM1	1.134570985703318
KCNMA1_KCNMB1	IU_PDA_T10	PDGFRB	1.1173455912231578
KCNMA1_KCNMB1	IU_PDA_T10	CCN1	1.0943130723111587
KCNMA1_KCNMB1	IU_PDA_T10	SCGN	1.0890661787935807
KCNMA1_KCNMB1	IU_PDA_T10	S100A4	1.0840794578619068
KCNMA1_KCNMB1	IU_PDA_T10	FOSB	1.0741253979130216
KCNMA1_KCNMB1	IU_PDA_T10	ISG15	1.05335890659421
KCNMA1_KCNMB1	IU_PDA_T10	JUN	1.0261402694476909
KCNMA1_KCNMB1	IU_PDA_T10	NEUROD1	1.0243269433467888
KCNMA1_KCNMB1	IU_PDA_T10	CHI3L1	1.0201006148204936
KCNMA1_KCNMB1	IU_PDA_T10	SPON2	0.9823371657145957
KCNMA1_KCNMB1	IU_PDA_T10	KCNC4	0.962381674240039
KCNMA1_KCNMB1	IU_PDA_T10	KIAA1324	0.9461389306194756
KCNMA1_KCNMB1	IU_PDA_T10	TNFRSF11B	0.9325310706447906
KCNMA1_KCNMB1	IU_PDA_T10	KCNK17	0.9167012993440392
KCNMA1_KCNMB1	IU_PDA_T10	PTGS2	0.8982613886895366
KCNMA1_KCNMB1	IU_PDA_T10	MMP7	0.8517474825061737
KCNMA1_KCNMB1	IU_PDA_T10	DCN	0.8201953077290477
KCNMA1_KCNMB1	IU_PDA_T10	CTSC	0.816527667233899
KCNMA1_KCNMB1	IU_PDA_T10	APOE	0.8149134944980271
KCNMA1_KCNMB1	IU_PDA_T10	CCL21	0.8102965214028144
KCNMA1_KCNMB1	IU_PDA_T10	RNASE1	0.7964490230989414
KCNMA1_KCNMB1	IU_PDA_T10	NNMT	0.7341252462355157
KCNMA1_KCNMB1	IU_PDA_T10	KCNK3	0.7289553958298988
KCNMA1_KCNMB1	IU_PDA_T10	KCND2	0.6746425027962535
KCNMA1_KCNMB1	IU_PDA_T10	CST1	0.6303633343611662
KCNMA1_KCNMB1	IU_PDA_T10	SPRR3	0.6246889827588892
KCNMA1_KCNMB1	IU_PDA_T10	ATF3	0.620446721383922
KCNMA1_KCNMB1	IU_PDA_T10	CEBPD	0.5827956874264282
KCNMA1_KCNMB1	IU_PDA_T10	CCL19	0.5579419188776141
KCNMA1_KCNMB1	IU_PDA_T10	TIMP1	0.5533064928580451
KCNMA1_KCNMB1	IU_PDA_T10	APLNR	0.5510190893836614
KCNMA1_KCNMB1	IU_PDA_T10	CPA1	0.5231852470518651
KCNMA1_KCNMB1	IU_PDA_T10	KCNJ8	0.5050881990006428
KCNMA1_KCNMB1	IU_PDA_T10	CPA3	0.4631885671347436
KCNMA1_KCNMB1	IU_PDA_T10	IGLV3-1	0.43942437710334453
KCNMA1_KCNMB1	IU_PDA_T10	SLC30A8	0.4346121725504153
KCNMA1_KCNMB1	IU_PDA_T10	PTGDS	0.42893178376543595
KCNMA1_KCNMB1	IU_PDA_T10	MATN3	0.4153249542734786
KCNMA1_KCNMB1	IU_PDA_T10	KCNJ15	0.40081184331445563
KCNMA1_KCNMB1	IU_PDA_T10	CRP	0.3820026275572518
KCNMA1_KCNMB1	IU_PDA_T10	MZB1	0.33453128174550306
KCNMA1_KCNMB1	IU_PDA_T10	KCNMB4	0.3258147540706252
KCNMA1_KCNMB1	IU_PDA_T10	IL7R	0.3127973974802661
KCNMA1_KCNMB1	IU_PDA_T10	VWA5B2	0.28720993134817063
KCNMA1_KCNMB1	IU_PDA_T10	TTR	0.2809410289147347
KCNMA1_KCNMB1	IU_PDA_T10	KCNE4	0.23144848617309113
KCNMA1_KCNMB1	IU_PDA_T10	CCL18	0.22444707487646698
KCNMA1_KCNMB1	IU_PDA_T10	EFEMP1	0.21818390523722409
KCNMA1_KCNMB1	IU_PDA_T10	HBA2	0.21720349928912086
KCNMA1_KCNMB1	IU_PDA_T10	FBXO32	0.2121324503161764
KCNMA1_KCNMB1	IU_PDA_T10	CST4	0.1678926889367522
KCNMA1_KCNMB1	IU_PDA_T10	C7	0.11142223400356432
KCNMA1_KCNMB1	IU_PDA_T10	CPA2	0.10640077102580736
KCNMA1_KCNMB1	IU_PDA_T10	KCNK15	0.033290282320070835
KCNMA1_KCNMB1	IU_PDA_T10	ENG	0.023998411364018334
KCNMA1_KCNMB1	IU_PDA_T10	REG1B	-0.018039510909761285
KCNMA1_KCNMB1	IU_PDA_T10	HSPA5	-0.038281043317780386
KCNMA1_KCNMB1	IU_PDA_T10	CPB1	-0.040977645267948386
KCNMA1_KCNMB1	IU_PDA_T10	ANKRD40CL	-0.0737635126920409
KCNMA1_KCNMB1	IU_PDA_T10	HIST1H4A	-0.09210533814192738
KCNMA1_KCNMB1	IU_PDA_T10	PADI1	-0.09710748839892556
KCNMA1_KCNMB1	IU_PDA_T10	BTG2	-0.10465999821265698
KCNMA1_KCNMB1	IU_PDA_T10	TPSB2	-0.11172526489512978
KCNMA1_KCNMB1	IU_PDA_T10	IGHJ2	-0.1380394180298838
KCNMA1_KCNMB1	IU_PDA_T10	CLPS	-0.14643059128247987
KCNMA1_KCNMB1	IU_PDA_T10	KCNAB2	-0.17587563618786975
KCNMA1_KCNMB1	IU_PDA_T10	IGHG4	-0.17652242223665632
KCNMA1_KCNMB1	IU_PDA_T10	REG1A	-0.1871630915073512
KCNMA1_KCNMB1	IU_PDA_T10	KCNMB1	-0.19299951638115032
KCNMA1_KCNMB1	IU_PDA_T10	EPHA3	-0.2284310851071415
KCNMA1_KCNMB1	IU_PDA_T10	CFTR	-0.23890551884252792
KCNMA1_KCNMB1	IU_PDA_T10	KCNN3	-0.2517911414108105
KCNMA1_KCNMB1	IU_PDA_T10	ITLN1	-0.2605031835464247
KCNMA1_KCNMB1	IU_PDA_T10	HIST1H2BB	-0.28208768210153895
KCNMA1_KCNMB1	IU_PDA_T10	IGHD	-0.33525606013670656
KCNMA1_KCNMB1	IU_PDA_T10	MDFI	-0.3414784809203657
KCNMA1_KCNMB1	IU_PDA_T10	LMNA	-0.36262940307698205
KCNMA1_KCNMB1	IU_PDA_T10	LIMS2	-0.37250516634628184
KCNMA1_KCNMB1	IU_PDA_T10	KCNK6	-0.3864164002020804
KCNMA1_KCNMB1	IU_PDA_T10	HEYL	-0.4035660988279765
KCNMA1_KCNMB1	IU_PDA_T10	PRAP1	-0.44537899252682456
KCNMA1_KCNMB1	IU_PDA_T10	CTRB2	-0.4563831447273729
KCNMA1_KCNMB1	IU_PDA_T10	PNLIP	-0.4751115232577806
KCNMA1_KCNMB1	IU_PDA_T10	HIST1H2AB	-0.4959272154630584
KCNMA1_KCNMB1	IU_PDA_T10	IGLV9-49	-0.4962802624046699
KCNMA1_KCNMB1	IU_PDA_T10	PPP1R15A	-0.5030618342874665
KCNMA1_KCNMB1	IU_PDA_T10	CEL	-0.5079310632627104
KCNMA1_KCNMB1	IU_PDA_T10	PRSS1	-0.5148513395550017
KCNMA1_KCNMB1	IU_PDA_T10	CTRC	-0.5267876194846934
KCNMA1_KCNMB1	IU_PDA_T10	CASP5	-0.5446739390286086
KCNMA1_KCNMB1	IU_PDA_T10	CLCA1	-0.5448773024718405
KCNMA1_KCNMB1	IU_PDA_T10	CTRB1	-0.5587466814245988
KCNMA1_KCNMB1	IU_PDA_T10	HSPA1A	-0.5600589159538569
KCNMA1_KCNMB1	IU_PDA_T10	PLA2G2A	-0.572126746634428
KCNMA1_KCNMB1	IU_PDA_T10	TNFRSF6B	-0.5732033786515703
KCNMA1_KCNMB1	IU_PDA_T10	IGLC7	-0.5799789873027161
KCNMA1_KCNMB1	IU_PDA_T10	PHGR1	-0.6400927197652629
KCNMA1_KCNMB1	IU_PDA_T10	FABP1	-0.6543086766125461
KCNMA1_KCNMB1	IU_PDA_T10	APOD	-0.6985521016690206
KCNMA1_KCNMB1	IU_PDA_T10	EFNA1	-0.7595017672039917
KCNMA1_KCNMB1	IU_PDA_T10	VIL1	-0.7674912886718295
KCNMA1_KCNMB1	IU_PDA_T10	EGLN3	-0.7708996648931371
KCNMA1_KCNMB1	IU_PDA_T10	TM4SF20	-0.8010349434128674
KCNMA1_KCNMB1	IU_PDA_T10	MUC4	-0.8276690911504268
KCNMA1_KCNMB1	IU_PDA_T10	PLAT	-0.8414040199755785
KCNMA1_KCNMB1	IU_PDA_T10	SPP1	-0.8489329621950693
KCNMA1_KCNMB1	IU_PDA_T10	KRT20	-0.8566197963504113
KCNMA1_KCNMB1	IU_PDA_T10	IGHG3	-0.85826986242075
KCNMA1_KCNMB1	IU_PDA_T10	INS	-0.8697172422129731
KCNMA1_KCNMB1	IU_PDA_T10	GABRP	-0.9253308837393833
KCNMA1_KCNMB1	IU_PDA_T10	SLC9A3	-0.9263382047441372
KCNMA1_KCNMB1	IU_PDA_T10	MT1G	-0.9520228288373551
KCNMA1_KCNMB1	IU_PDA_T10	CDHR5	-1.02518020232947
KCNMA1_KCNMB1	IU_PDA_T10	SLC7A11	-1.0381171172870873
KCNMA1_KCNMB1	IU_PDA_T10	CHIT1	-1.1181533910135946
KCNMA1_KCNMB1	IU_PDA_T10	MXD1	-1.1301380789518076
KCNMA1_KCNMB1	IU_PDA_T10	CELA3A	-1.1353733797393581
KCNMA1_KCNMB1	IU_PDA_T10	SHB	-1.1355401616373664
KCNMA1_KCNMB1	IU_PDA_T10	TNS4	-1.1621257533810196
KCNMA1_KCNMB1	IU_PDA_T10	CRISP3	-1.1749503190082085
KCNMA1_KCNMB1	IU_PDA_T10	CPS1	-1.1947410221411396
KCNMA1_KCNMB1	IU_PDA_T10	SCIN	-1.1968338532470761
KCNMA1_KCNMB1	IU_PDA_T10	FCGBP	-1.2219946280032574
KCNMA1_KCNMB1	IU_PDA_T10	SPINK4	-1.2800195754373
KCNMA1_KCNMB1	IU_PDA_T10	DTX1	-1.2848438563121791
KCNMA1_KCNMB1	IU_PDA_T10	COLEC11	-1.2905337959727015
KCNMA1_KCNMB1	IU_PDA_T10	GCG	-1.2990299438835133
KCNMA1_KCNMB1	IU_PDA_T10	IFI27	-1.3068642646301392
KCNMA1_KCNMB1	IU_PDA_T10	MT1X	-1.3286080720157774
KCNMA1_KCNMB1	IU_PDA_T10	TFCP2L1	-1.3350090948139077
KCNMA1_KCNMB1	IU_PDA_T10	EPPK1	-1.3382985404297816
KCNMA1_KCNMB1	IU_PDA_T10	CEACAM7	-1.3412736093807494
KCNMA1_KCNMB1	IU_PDA_T10	DHRS9	-1.3623429104545441
KCNMA1_KCNMB1	IU_PDA_T10	WFDC2	-1.3804974195082726
KCNMA1_KCNMB1	IU_PDA_T10	SLC40A1	-1.3819704137527709
KCNMA1_KCNMB1	IU_PDA_T10	MUCL3	-1.4010024110273196
KCNMA1_KCNMB1	IU_PDA_T10	IGKV4-1	-1.4615382669995567
KCNMA1_KCNMB1	IU_PDA_T10	SMAD3	-1.472489314067177
KCNMA1_KCNMB1	IU_PDA_T10	MUC17	-1.4729744297628924
KCNMA1_KCNMB1	IU_PDA_T10	LAMA3	-1.4747303644349892
KCNMA1_KCNMB1	IU_PDA_T10	PIGR	-1.5858598025196904
KCNMA1_KCNMB1	IU_PDA_T10	HSD11B2	-1.5864484305380337
KCNMA1_KCNMB1	IU_PDA_T10	KRT13	-1.5874338941386208
KCNMA1_KCNMB1	IU_PDA_T10	KRT7	-1.5960813100525286
KCNMA1_KCNMB1	IU_PDA_T10	ALDOB	-1.6048822864823715
KCNMA1_KCNMB1	IU_PDA_T10	CRYBG2	-1.6090480175283177
KCNMA1_KCNMB1	IU_PDA_T10	IGHG1	-1.6380706760859753
KCNMA1_KCNMB1	IU_PDA_T10	ST3GAL4	-1.6398611399472764
KCNMA1_KCNMB1	IU_PDA_T10	IFI6	-1.6465345410510348
KCNMA1_KCNMB1	IU_PDA_T10	TMC5	-1.6721666863603637
KCNMA1_KCNMB1	IU_PDA_T10	SYT8	-1.6759007315261252
KCNMA1_KCNMB1	IU_PDA_T10	GCNT3	-1.6836417197967397
KCNMA1_KCNMB1	IU_PDA_T10	ANXA10	-1.7018660986971652
KCNMA1_KCNMB1	IU_PDA_T10	SDC4	-1.7129968375917903
KCNMA1_KCNMB1	IU_PDA_T10	JCHAIN	-1.7484262320978305
KCNMA1_KCNMB1	IU_PDA_T10	VEGFA	-1.7752445168905315
KCNMA1_KCNMB1	IU_PDA_T10	CCL15	-1.8137563740494074
KCNMA1_KCNMB1	IU_PDA_T10	LCN2	-1.8329339235902633
KCNMA1_KCNMB1	IU_PDA_T10	CD55	-1.8337616807953931
KCNMA1_KCNMB1	IU_PDA_T10	SLC5A1	-1.8360728378981628
KCNMA1_KCNMB1	IU_PDA_T10	MARCKSL1	-1.8424915597298086
KCNMA1_KCNMB1	IU_PDA_T10	PRSS22	-1.8651970316386377
KCNMA1_KCNMB1	IU_PDA_T10	OAS3	-1.8671391877996786
KCNMA1_KCNMB1	IU_PDA_T10	ANXA2	-1.8693962269429407
KCNMA1_KCNMB1	IU_PDA_T10	TCN1	-1.8801015144031483
KCNMA1_KCNMB1	IU_PDA_T10	SLC2A1	-1.912629943025463
KCNMA1_KCNMB1	IU_PDA_T10	ASS1	-1.9188027530649587
KCNMA1_KCNMB1	IU_PDA_T10	SPINT2	-1.923682379808412
KCNMA1_KCNMB1	IU_PDA_T10	SLC34A2	-1.9253126302090064
KCNMA1_KCNMB1	IU_PDA_T10	PLAUR	-1.958929673121634
KCNMA1_KCNMB1	IU_PDA_T10	GDF15	-1.9690805665593152
KCNMA1_KCNMB1	IU_PDA_T10	PGC	-1.977852962833179
KCNMA1_KCNMB1	IU_PDA_T10	CLDN4	-2.008876622006919
KCNMA1_KCNMB1	IU_PDA_T10	PRRC2C	-2.0232405762621513
KCNMA1_KCNMB1	IU_PDA_T10	TMPRSS4	-2.0288862975944344
KCNMA1_KCNMB1	IU_PDA_T10	SCNN1A	-2.0659200916340947
KCNMA1_KCNMB1	IU_PDA_T10	BICDL2	-2.076911647143368
KCNMA1_KCNMB1	IU_PDA_T10	NOS2	-2.077421822350591
KCNMA1_KCNMB1	IU_PDA_T10	ENO1	-2.0800776218066304
KCNMA1_KCNMB1	IU_PDA_T10	S100A14	-2.0842667847629226
KCNMA1_KCNMB1	IU_PDA_T10	IGHM	-2.1162577033196484
KCNMA1_KCNMB1	IU_PDA_T10	AMN	-2.1173678839581327
KCNMA1_KCNMB1	IU_PDA_T10	RNF213	-2.146281223454591
KCNMA1_KCNMB1	IU_PDA_T10	CDH17	-2.148235096248445
KCNMA1_KCNMB1	IU_PDA_T10	FUT2	-2.156473637686142
KCNMA1_KCNMB1	IU_PDA_T10	SERPINA3	-2.163380968139026
KCNMA1_KCNMB1	IU_PDA_T10	GOLM1	-2.1788988035174466
KCNMA1_KCNMB1	IU_PDA_T10	PRSS8	-2.183689309914192
KCNMA1_KCNMB1	IU_PDA_T10	SPINK1	-2.183889361782661
KCNMA1_KCNMB1	IU_PDA_T10	STARD10	-2.1839557382157806
KCNMA1_KCNMB1	IU_PDA_T10	MUC6	-2.1876009572120547
KCNMA1_KCNMB1	IU_PDA_T10	DUOX2	-2.1989921400899055
KCNMA1_KCNMB1	IU_PDA_T10	TFF2	-2.2198935380297735
KCNMA1_KCNMB1	IU_PDA_T10	UBD	-2.2222441672193654
KCNMA1_KCNMB1	IU_PDA_T10	MUC5AC	-2.2500104625221957
KCNMA1_KCNMB1	IU_PDA_T10	ADM	-2.2663005970021857
KCNMA1_KCNMB1	IU_PDA_T10	MUC13	-2.287401699718245
KCNMA1_KCNMB1	IU_PDA_T10	ATP1B1	-2.298396072395286
KCNMA1_KCNMB1	IU_PDA_T10	SLPI	-2.3035589145817137
KCNMA1_KCNMB1	IU_PDA_T10	MALL	-2.3347275580035434
KCNMA1_KCNMB1	IU_PDA_T10	TRIM2	-2.378114088068354
KCNMA1_KCNMB1	IU_PDA_T10	CTSE	-2.400132340929965
KCNMA1_KCNMB1	IU_PDA_T10	NRARP	-2.42856105503686
KCNMA1_KCNMB1	IU_PDA_T10	ERBB3	-2.4398053816798697
KCNMA1_KCNMB1	IU_PDA_T10	ANKRD36C	-2.4513775956332995
KCNMA1_KCNMB1	IU_PDA_T10	MYL12B	-2.453425780121133
KCNMA1_KCNMB1	IU_PDA_T10	AQP5	-2.4536289790563215
KCNMA1_KCNMB1	IU_PDA_T10	IGHG2	-2.466130831864107
KCNMA1_KCNMB1	IU_PDA_T10	SEMA3B	-2.4692591197299074
KCNMA1_KCNMB1	IU_PDA_T10	SFTA2	-2.504925078383256
KCNMA1_KCNMB1	IU_PDA_T10	IER3	-2.52208500486313
KCNMA1_KCNMB1	IU_PDA_T10	DMBT1	-2.5271435909450077
KCNMA1_KCNMB1	IU_PDA_T10	SLC26A9	-2.531300272415321
KCNMA1_KCNMB1	IU_PDA_T10	SULT1C2	-2.5520359099773016
KCNMA1_KCNMB1	IU_PDA_T10	KCNN4	-2.577334868592136
KCNMA1_KCNMB1	IU_PDA_T10	C19orf33	-2.581278944554483
KCNMA1_KCNMB1	IU_PDA_T10	CYP2S1	-2.585343870971149
KCNMA1_KCNMB1	IU_PDA_T10	OLFM4	-2.5905959041425826
KCNMA1_KCNMB1	IU_PDA_T10	FAM3D	-2.598042005873902
KCNMA1_KCNMB1	IU_PDA_T10	GPRC5A	-2.6008543271698366
KCNMA1_KCNMB1	IU_PDA_T10	CEACAM5	-2.6262978494697076
KCNMA1_KCNMB1	IU_PDA_T10	DUOXA2	-2.6704746621769084
KCNMA1_KCNMB1	IU_PDA_T10	CAPN8	-2.6752867717335524
KCNMA1_KCNMB1	IU_PDA_T10	PSCA	-2.684141768703897
KCNMA1_KCNMB1	IU_PDA_T10	IGKC	-2.6841505747833008
KCNMA1_KCNMB1	IU_PDA_T10	C6orf132	-2.706837726931649
KCNMA1_KCNMB1	IU_PDA_T10	TSPAN8	-2.727408965143194
KCNMA1_KCNMB1	IU_PDA_T10	PIM3	-2.736334824773539
KCNMA1_KCNMB1	IU_PDA_T10	ABCC3	-2.7441758405666627
KCNMA1_KCNMB1	IU_PDA_T10	ADAM9	-2.7610039039021625
KCNMA1_KCNMB1	IU_PDA_T10	CYSTM1	-2.77549215016478
KCNMA1_KCNMB1	IU_PDA_T10	SMIM24	-2.783032287399417
KCNMA1_KCNMB1	IU_PDA_T10	CXCL17	-2.818218249196484
KCNMA1_KCNMB1	IU_PDA_T10	FBP1	-2.8235496637428295
KCNMA1_KCNMB1	IU_PDA_T10	LPCAT4	-2.823803643057455
KCNMA1_KCNMB1	IU_PDA_T10	EPHA2	-2.82591705085245
KCNMA1_KCNMB1	IU_PDA_T10	DHRS3	-2.8337171293151355
KCNMA1_KCNMB1	IU_PDA_T10	GPX2	-2.843247992794641
KCNMA1_KCNMB1	IU_PDA_T10	REG4	-2.848385591375061
KCNMA1_KCNMB1	IU_PDA_T10	LGALS3	-2.8862631681373827
KCNMA1_KCNMB1	IU_PDA_T10	TRNP1	-2.8951322721420065
KCNMA1_KCNMB1	IU_PDA_T10	KCNK1	-2.9276447719388017
KCNMA1_KCNMB1	IU_PDA_T10	CDC42EP5	-2.9691643935281573
KCNMA1_KCNMB1	IU_PDA_T10	IGLC1	-2.9910712574150913
KCNMA1_KCNMB1	IU_PDA_T10	TRIM29	-2.994367912583593
KCNMA1_KCNMB1	IU_PDA_T10	PRICKLE4	-2.9997152682088717
KCNMA1_KCNMB1	IU_PDA_T10	HS3ST1	-3.0010796757720333
KCNMA1_KCNMB1	IU_PDA_T10	CLDN18	-3.03817263826643
KCNMA1_KCNMB1	IU_PDA_T10	TFF1	-3.047523992861322
KCNMA1_KCNMB1	IU_PDA_T10	MBOAT1	-3.051183713555085
KCNMA1_KCNMB1	IU_PDA_T10	LYZ	-3.1223724775883666
KCNMA1_KCNMB1	IU_PDA_T10	CYP3A5	-3.156522445097895
KCNMA1_KCNMB1	IU_PDA_T10	ANXA4	-3.185251335384657
KCNMA1_KCNMB1	IU_PDA_T10	PPP1R1B	-3.2327707964132038
KCNMA1_KCNMB1	IU_PDA_T10	MUC5B	-3.245725898761824
KCNMA1_KCNMB1	IU_PDA_T10	ELF3	-3.2662543653256364
KCNMA1_KCNMB1	IU_PDA_T10	NQO1	-3.269993457128627
KCNMA1_KCNMB1	IU_PDA_T10	LFNG	-3.290478904683024
KCNMA1_KCNMB1	IU_PDA_T10	S100P	-3.3051184876031003
KCNMA1_KCNMB1	IU_PDA_T10	PRSS3	-3.318848452141804
KCNMA1_KCNMB1	IU_PDA_T10	AGR2	-3.3321908263236146
KCNMA1_KCNMB1	IU_PDA_T10	MUC1	-3.3356913193602806
KCNMA1_KCNMB1	IU_PDA_T10	MLPH	-3.355835786902717
KCNMA1_KCNMB1	IU_PDA_T10	LGALS4	-3.3668946665733475
KCNMA1_KCNMB1	IU_PDA_T10	DEGS2	-3.4198115914692484
KCNMA1_KCNMB1	IU_PDA_T10	IGHA1	-3.451295285092572
KCNMA1_KCNMB1	IU_PDA_T10	PRR15L	-3.4876399102476547
KCNMA1_KCNMB1	IU_PDA_T10	TSPAN1	-3.547687765396078
KCNMA1_KCNMB1	IU_PDA_T10	MUC3A	-3.711898616358536
KCNMA1_KCNMB1	IU_PDA_T10	TFF3	-3.7285520893726347
KCNMA1_KCNMB1	IU_PDA_T10	PDZK1IP1	-3.7475991896104306
KCNMA1_KCNMB1	IU_PDA_T10	LY6E	-3.953074302952102
KCNMA1_KCNMB1	IU_PDA_T10	FXYD3	-3.9656970417210964
KCNMA1_KCNMB1	IU_PDA_T10	TESC	-4.4095631361938565
KCNMA1_KCNMB4	IU_PDA_T10	MRC2	4.1863340943506655
KCNMA1_KCNMB4	IU_PDA_T10	COL5A1	3.971418080701603
KCNMA1_KCNMB4	IU_PDA_T10	COL6A2	3.9653565311859165
KCNMA1_KCNMB4	IU_PDA_T10	ISLR	3.8850303449358607
KCNMA1_KCNMB4	IU_PDA_T10	MMP2	3.8402241608572925
KCNMA1_KCNMB4	IU_PDA_T10	COL5A2	3.7975510667386327
KCNMA1_KCNMB4	IU_PDA_T10	CMTM3	3.611980555440847
KCNMA1_KCNMB4	IU_PDA_T10	COL10A1	3.5879969979128874
KCNMA1_KCNMB4	IU_PDA_T10	MXRA7	3.5700494250230554
KCNMA1_KCNMB4	IU_PDA_T10	PDLIM4	3.5414914631228402
KCNMA1_KCNMB4	IU_PDA_T10	LUM	3.5030909013503444
KCNMA1_KCNMB4	IU_PDA_T10	SPARC	3.501060626814085
KCNMA1_KCNMB4	IU_PDA_T10	C1S	3.4695777473281124
KCNMA1_KCNMB4	IU_PDA_T10	DPYSL3	3.3990407480716622
KCNMA1_KCNMB4	IU_PDA_T10	LOXL1	3.3604075826124182
KCNMA1_KCNMB4	IU_PDA_T10	CTHRC1	3.2927738229268564
KCNMA1_KCNMB4	IU_PDA_T10	CPE	3.2678766450609125
KCNMA1_KCNMB4	IU_PDA_T10	TAGLN	3.2521423573658397
KCNMA1_KCNMB4	IU_PDA_T10	COL16A1	3.1932438389316373
KCNMA1_KCNMB4	IU_PDA_T10	TIMP3	3.189630970615746
KCNMA1_KCNMB4	IU_PDA_T10	CD81	3.182501311257257
KCNMA1_KCNMB4	IU_PDA_T10	COL8A1	3.161013281177552
KCNMA1_KCNMB4	IU_PDA_T10	ACTN1	3.12517311209263
KCNMA1_KCNMB4	IU_PDA_T10	NBL1	3.120392850769981
KCNMA1_KCNMB4	IU_PDA_T10	STMN2	3.116176041273093
KCNMA1_KCNMB4	IU_PDA_T10	MYLK	3.1043173252627536
KCNMA1_KCNMB4	IU_PDA_T10	COL11A1	3.0585870385010665
KCNMA1_KCNMB4	IU_PDA_T10	KCNMA1	2.9931063110897296
KCNMA1_KCNMB4	IU_PDA_T10	PDLIM7	2.9770801231256327
KCNMA1_KCNMB4	IU_PDA_T10	POSTN	2.959457317182367
KCNMA1_KCNMB4	IU_PDA_T10	NKD2	2.906621019331814
KCNMA1_KCNMB4	IU_PDA_T10	THY1	2.894412661445872
KCNMA1_KCNMB4	IU_PDA_T10	COL6A3	2.877946463702679
KCNMA1_KCNMB4	IU_PDA_T10	AEBP1	2.8758378841975687
KCNMA1_KCNMB4	IU_PDA_T10	TMOD1	2.8231931750518546
KCNMA1_KCNMB4	IU_PDA_T10	FBLN1	2.781274928014228
KCNMA1_KCNMB4	IU_PDA_T10	PDLIM3	2.769908468440797
KCNMA1_KCNMB4	IU_PDA_T10	FBLN2	2.758352425557638
KCNMA1_KCNMB4	IU_PDA_T10	ENTPD1	2.7534949740993477
KCNMA1_KCNMB4	IU_PDA_T10	THBS1	2.742387780756815
KCNMA1_KCNMB4	IU_PDA_T10	SCG5	2.719255592602586
KCNMA1_KCNMB4	IU_PDA_T10	SCG3	2.700527156965873
KCNMA1_KCNMB4	IU_PDA_T10	PRSS23	2.699344006714417
KCNMA1_KCNMB4	IU_PDA_T10	SERPING1	2.6475134894916708
KCNMA1_KCNMB4	IU_PDA_T10	ACTA2	2.639339538733737
KCNMA1_KCNMB4	IU_PDA_T10	COL15A1	2.604257603086543
KCNMA1_KCNMB4	IU_PDA_T10	CNN1	2.5901902171599445
KCNMA1_KCNMB4	IU_PDA_T10	NUPR1	2.58101080783895
KCNMA1_KCNMB4	IU_PDA_T10	SERPINF1	2.580609753043258
KCNMA1_KCNMB4	IU_PDA_T10	SULF1	2.5756402239399407
KCNMA1_KCNMB4	IU_PDA_T10	SPON1	2.5518269506024556
KCNMA1_KCNMB4	IU_PDA_T10	NR4A1	2.5470911003555012
KCNMA1_KCNMB4	IU_PDA_T10	NPR3	2.509760898570477
KCNMA1_KCNMB4	IU_PDA_T10	GREM1	2.505265913460286
KCNMA1_KCNMB4	IU_PDA_T10	MFAP5	2.4721608876731413
KCNMA1_KCNMB4	IU_PDA_T10	FSTL1	2.4652832950810666
KCNMA1_KCNMB4	IU_PDA_T10	MMP11	2.441861541761029
KCNMA1_KCNMB4	IU_PDA_T10	CXCL14	2.4383360918738037
KCNMA1_KCNMB4	IU_PDA_T10	THBS2	2.4067324144072857
KCNMA1_KCNMB4	IU_PDA_T10	GJD2	2.405338033501745
KCNMA1_KCNMB4	IU_PDA_T10	VIM	2.4016174811358932
KCNMA1_KCNMB4	IU_PDA_T10	LGALS1	2.3983067059531633
KCNMA1_KCNMB4	IU_PDA_T10	C1R	2.3802740592152687
KCNMA1_KCNMB4	IU_PDA_T10	IL1R1	2.3300412717476933
KCNMA1_KCNMB4	IU_PDA_T10	ID3	2.327085513464431
KCNMA1_KCNMB4	IU_PDA_T10	SERPINE1	2.2402089035280612
KCNMA1_KCNMB4	IU_PDA_T10	MYL9	2.224674718909422
KCNMA1_KCNMB4	IU_PDA_T10	VCAN	2.2157352538476394
KCNMA1_KCNMB4	IU_PDA_T10	CCN2	2.209934769380808
KCNMA1_KCNMB4	IU_PDA_T10	CDH11	2.206090377031591
KCNMA1_KCNMB4	IU_PDA_T10	COL1A2	2.195548750011561
KCNMA1_KCNMB4	IU_PDA_T10	KLK6	2.1949452278749995
KCNMA1_KCNMB4	IU_PDA_T10	BGN	2.190401195760694
KCNMA1_KCNMB4	IU_PDA_T10	CALD1	2.1756719786823653
KCNMA1_KCNMB4	IU_PDA_T10	FN1	2.1644540353787867
KCNMA1_KCNMB4	IU_PDA_T10	COL1A1	2.1505736438319425
KCNMA1_KCNMB4	IU_PDA_T10	MGP	2.120075499204763
KCNMA1_KCNMB4	IU_PDA_T10	SYNC	2.087186564395349
KCNMA1_KCNMB4	IU_PDA_T10	OLFML2B	2.078656928194225
KCNMA1_KCNMB4	IU_PDA_T10	FCER1G	2.0497136935349323
KCNMA1_KCNMB4	IU_PDA_T10	CAVIN1	2.0439043938643837
KCNMA1_KCNMB4	IU_PDA_T10	KCNMA1_KCNMB1	2.039130907839109
KCNMA1_KCNMB4	IU_PDA_T10	SCG2	2.030197954276424
KCNMA1_KCNMB4	IU_PDA_T10	IGFBP3	2.0106654907649677
KCNMA1_KCNMB4	IU_PDA_T10	ANTXR1	1.987395657630157
KCNMA1_KCNMB4	IU_PDA_T10	INHBA	1.9670781925518226
KCNMA1_KCNMB4	IU_PDA_T10	PTGIS	1.9380463935005139
KCNMA1_KCNMB4	IU_PDA_T10	HSPA1B	1.9261947996398237
KCNMA1_KCNMB4	IU_PDA_T10	FBN1	1.9030973899877381
KCNMA1_KCNMB4	IU_PDA_T10	CLU	1.862480451460458
KCNMA1_KCNMB4	IU_PDA_T10	NKX2-2	1.86220503843398
KCNMA1_KCNMB4	IU_PDA_T10	DPEP1	1.8567529916273322
KCNMA1_KCNMB4	IU_PDA_T10	TIMP2	1.845752131151388
KCNMA1_KCNMB4	IU_PDA_T10	SCGN	1.8397592629146182
KCNMA1_KCNMB4	IU_PDA_T10	KIAA1324	1.821034166454606
KCNMA1_KCNMB4	IU_PDA_T10	RARRES2	1.8032896406976269
KCNMA1_KCNMB4	IU_PDA_T10	LOX	1.8001393813572033
KCNMA1_KCNMB4	IU_PDA_T10	CXCL9	1.7554169304824518
KCNMA1_KCNMB4	IU_PDA_T10	KCNQ4	1.7547712291628026
KCNMA1_KCNMB4	IU_PDA_T10	PTPRN	1.7233924875183857
KCNMA1_KCNMB4	IU_PDA_T10	PEG10	1.7051401502156665
KCNMA1_KCNMB4	IU_PDA_T10	ITGA11	1.703356491600427
KCNMA1_KCNMB4	IU_PDA_T10	CHGB	1.6931533353259711
KCNMA1_KCNMB4	IU_PDA_T10	SFRP4	1.6804039860474065
KCNMA1_KCNMB4	IU_PDA_T10	COL3A1	1.6757484590452367
KCNMA1_KCNMB4	IU_PDA_T10	MXRA8	1.6735892882770733
KCNMA1_KCNMB4	IU_PDA_T10	NEURL1	1.6549150394852976
KCNMA1_KCNMB4	IU_PDA_T10	C3	1.6361145409992306
KCNMA1_KCNMB4	IU_PDA_T10	IGFBP5	1.6286283324315587
KCNMA1_KCNMB4	IU_PDA_T10	LRRC15	1.6261191458232451
KCNMA1_KCNMB4	IU_PDA_T10	C1orf198	1.6108171958657542
KCNMA1_KCNMB4	IU_PDA_T10	THBS4	1.6103611928210133
KCNMA1_KCNMB4	IU_PDA_T10	SNAP25	1.5909294402152758
KCNMA1_KCNMB4	IU_PDA_T10	RGS16	1.5712619549128366
KCNMA1_KCNMB4	IU_PDA_T10	ZNF331	1.5463951090964791
KCNMA1_KCNMB4	IU_PDA_T10	RASD1	1.5418814922491517
KCNMA1_KCNMB4	IU_PDA_T10	PRRX1	1.5351580048822597
KCNMA1_KCNMB4	IU_PDA_T10	MMP14	1.530134228925163
KCNMA1_KCNMB4	IU_PDA_T10	FLNA	1.5013594180584955
KCNMA1_KCNMB4	IU_PDA_T10	MT2A	1.5005241708739812
KCNMA1_KCNMB4	IU_PDA_T10	SFRP2	1.4993143923590402
KCNMA1_KCNMB4	IU_PDA_T10	SLC30A8	1.4880167657520744
KCNMA1_KCNMB4	IU_PDA_T10	COL4A1	1.4432422096485769
KCNMA1_KCNMB4	IU_PDA_T10	ABCC8	1.4222098237766432
KCNMA1_KCNMB4	IU_PDA_T10	COL12A1	1.4202070789830323
KCNMA1_KCNMB4	IU_PDA_T10	CCDC80	1.3735119811338652
KCNMA1_KCNMB4	IU_PDA_T10	KCNS3	1.3644313882095533
KCNMA1_KCNMB4	IU_PDA_T10	DCN	1.3587469548194286
KCNMA1_KCNMB4	IU_PDA_T10	TMEM204	1.3303835775658872
KCNMA1_KCNMB4	IU_PDA_T10	ERO1B	1.3208423724391658
KCNMA1_KCNMB4	IU_PDA_T10	TXNDC5	1.3141174242813534
KCNMA1_KCNMB4	IU_PDA_T10	SMIM3	1.2905359938494816
KCNMA1_KCNMB4	IU_PDA_T10	AGT	1.2831366811578846
KCNMA1_KCNMB4	IU_PDA_T10	S100A4	1.276189275394197
KCNMA1_KCNMB4	IU_PDA_T10	PLAU	1.267224203247642
KCNMA1_KCNMB4	IU_PDA_T10	LAPTM5	1.25023317902599
KCNMA1_KCNMB4	IU_PDA_T10	ICAM1	1.2242987373471892
KCNMA1_KCNMB4	IU_PDA_T10	DEPP1	1.2209030130566554
KCNMA1_KCNMB4	IU_PDA_T10	IGHV1-46	1.2126985881161076
KCNMA1_KCNMB4	IU_PDA_T10	TPM2	1.2023783468335865
KCNMA1_KCNMB4	IU_PDA_T10	KCNJ8	1.2010159243999878
KCNMA1_KCNMB4	IU_PDA_T10	SPON2	1.1888015646638914
KCNMA1_KCNMB4	IU_PDA_T10	FNDC1	1.1763611750042866
KCNMA1_KCNMB4	IU_PDA_T10	SPRR3	1.1390577217229896
KCNMA1_KCNMB4	IU_PDA_T10	FTL	1.054079652664657
KCNMA1_KCNMB4	IU_PDA_T10	CPA3	1.0477629124056944
KCNMA1_KCNMB4	IU_PDA_T10	NEUROD1	1.041404452595446
KCNMA1_KCNMB4	IU_PDA_T10	TPM1	1.0142126282306134
KCNMA1_KCNMB4	IU_PDA_T10	CCN1	0.9994393635687472
KCNMA1_KCNMB4	IU_PDA_T10	CCL19	0.9556464560008936
KCNMA1_KCNMB4	IU_PDA_T10	PTGDS	0.9540159953878672
KCNMA1_KCNMB4	IU_PDA_T10	C1QB	0.946477060605103
KCNMA1_KCNMB4	IU_PDA_T10	JUN	0.9251306904609952
KCNMA1_KCNMB4	IU_PDA_T10	PDGFRB	0.8979519606236547
KCNMA1_KCNMB4	IU_PDA_T10	C7	0.8757809758252632
KCNMA1_KCNMB4	IU_PDA_T10	KCND2	0.8506428988185297
KCNMA1_KCNMB4	IU_PDA_T10	PRELP	0.8440353224836666
KCNMA1_KCNMB4	IU_PDA_T10	GLUL	0.8138111037989769
KCNMA1_KCNMB4	IU_PDA_T10	MMP7	0.8057101892025809
KCNMA1_KCNMB4	IU_PDA_T10	CCL21	0.8052726524651688
KCNMA1_KCNMB4	IU_PDA_T10	TIMP1	0.79511013689746
KCNMA1_KCNMB4	IU_PDA_T10	NNMT	0.7760913585998527
KCNMA1_KCNMB4	IU_PDA_T10	KCND3	0.7715928934125708
KCNMA1_KCNMB4	IU_PDA_T10	CXCL5	0.7657046940879983
KCNMA1_KCNMB4	IU_PDA_T10	CXCL8	0.7263599112139563
KCNMA1_KCNMB4	IU_PDA_T10	APOE	0.7132440482372485
KCNMA1_KCNMB4	IU_PDA_T10	CHI3L1	0.6839234234713484
KCNMA1_KCNMB4	IU_PDA_T10	EPHA3	0.6799700274289903
KCNMA1_KCNMB4	IU_PDA_T10	DUSP1	0.6517385800503245
KCNMA1_KCNMB4	IU_PDA_T10	CEBPD	0.6497256624835371
KCNMA1_KCNMB4	IU_PDA_T10	TNFRSF11B	0.6318742348188607
KCNMA1_KCNMB4	IU_PDA_T10	IL7R	0.5940756508323725
KCNMA1_KCNMB4	IU_PDA_T10	TTR	0.5652878394969859
KCNMA1_KCNMB4	IU_PDA_T10	KCNC4	0.5424271868485355
KCNMA1_KCNMB4	IU_PDA_T10	KCNK17	0.5277157253939065
KCNMA1_KCNMB4	IU_PDA_T10	CPA1	0.47388857160048303
KCNMA1_KCNMB4	IU_PDA_T10	TPSB2	0.4558278653356149
KCNMA1_KCNMB4	IU_PDA_T10	MZB1	0.44161634165890856
KCNMA1_KCNMB4	IU_PDA_T10	CPB1	0.4084804942104107
KCNMA1_KCNMB4	IU_PDA_T10	VWA5B2	0.39184715248423696
KCNMA1_KCNMB4	IU_PDA_T10	KCNK3	0.38291303062641824
KCNMA1_KCNMB4	IU_PDA_T10	CPA2	0.36096295856902505
KCNMA1_KCNMB4	IU_PDA_T10	HEYL	0.33114712361483745
KCNMA1_KCNMB4	IU_PDA_T10	IFI30	0.24311076835481113
KCNMA1_KCNMB4	IU_PDA_T10	FOSB	0.22334164420519845
KCNMA1_KCNMB4	IU_PDA_T10	PTGS2	0.21903278687588412
KCNMA1_KCNMB4	IU_PDA_T10	APLNR	0.20103051932744326
KCNMA1_KCNMB4	IU_PDA_T10	CST1	0.15877422037656413
KCNMA1_KCNMB4	IU_PDA_T10	ENG	0.14877165116772229
KCNMA1_KCNMB4	IU_PDA_T10	IGHJ2	0.13291271903366897
KCNMA1_KCNMB4	IU_PDA_T10	IGHG4	0.12185780139566241
KCNMA1_KCNMB4	IU_PDA_T10	KCNMB4	0.11261156231296378
KCNMA1_KCNMB4	IU_PDA_T10	BTG2	0.07883895472886636
KCNMA1_KCNMB4	IU_PDA_T10	ATF3	0.06818383434263256
KCNMA1_KCNMB4	IU_PDA_T10	CTSC	0.06676610048542109
KCNMA1_KCNMB4	IU_PDA_T10	APOD	0.06510051776744034
KCNMA1_KCNMB4	IU_PDA_T10	KCNJ15	0.05364591132661568
KCNMA1_KCNMB4	IU_PDA_T10	KCNK15	0.009639382966846832
KCNMA1_KCNMB4	IU_PDA_T10	DTX1	-0.010011077228029677
KCNMA1_KCNMB4	IU_PDA_T10	CLPS	-0.03895290660365135
KCNMA1_KCNMB4	IU_PDA_T10	MATN3	-0.040022395976007034
KCNMA1_KCNMB4	IU_PDA_T10	KCNN3	-0.05085392219646069
KCNMA1_KCNMB4	IU_PDA_T10	CRP	-0.10608381734359935
KCNMA1_KCNMB4	IU_PDA_T10	FBXO32	-0.118089790499566
KCNMA1_KCNMB4	IU_PDA_T10	RNASE1	-0.20452730626326618
KCNMA1_KCNMB4	IU_PDA_T10	KCNK6	-0.22988560899885865
KCNMA1_KCNMB4	IU_PDA_T10	ISG15	-0.24907058412068103
KCNMA1_KCNMB4	IU_PDA_T10	HBA2	-0.25210228949780566
KCNMA1_KCNMB4	IU_PDA_T10	IGLV3-1	-0.2630257897444013
KCNMA1_KCNMB4	IU_PDA_T10	LIMS2	-0.2719137605177262
KCNMA1_KCNMB4	IU_PDA_T10	KCNAB2	-0.32620676845703356
KCNMA1_KCNMB4	IU_PDA_T10	REG1B	-0.35967867613446125
KCNMA1_KCNMB4	IU_PDA_T10	CASP5	-0.378653916442244
KCNMA1_KCNMB4	IU_PDA_T10	PHGR1	-0.3892762787000919
KCNMA1_KCNMB4	IU_PDA_T10	CFTR	-0.41681700219526663
KCNMA1_KCNMB4	IU_PDA_T10	ANKRD40CL	-0.44004233366634604
KCNMA1_KCNMB4	IU_PDA_T10	EFEMP1	-0.49854840415845747
KCNMA1_KCNMB4	IU_PDA_T10	CCL18	-0.5161709521114943
KCNMA1_KCNMB4	IU_PDA_T10	KCNE4	-0.5453905401689029
KCNMA1_KCNMB4	IU_PDA_T10	LMNA	-0.5576493341254705
KCNMA1_KCNMB4	IU_PDA_T10	CEL	-0.573429890210021
KCNMA1_KCNMB4	IU_PDA_T10	CTRB2	-0.5949373844580881
KCNMA1_KCNMB4	IU_PDA_T10	ST3GAL4	-0.6139077771786275
KCNMA1_KCNMB4	IU_PDA_T10	PRAP1	-0.6165143657794044
KCNMA1_KCNMB4	IU_PDA_T10	CTRB1	-0.6425919438570749
KCNMA1_KCNMB4	IU_PDA_T10	PADI1	-0.6482849426496338
KCNMA1_KCNMB4	IU_PDA_T10	PLAT	-0.6674422311252338
KCNMA1_KCNMB4	IU_PDA_T10	CST4	-0.6820794418353895
KCNMA1_KCNMB4	IU_PDA_T10	FABP1	-0.6844819963553982
KCNMA1_KCNMB4	IU_PDA_T10	COLEC11	-0.7218903166834627
KCNMA1_KCNMB4	IU_PDA_T10	HSPA5	-0.7349622510611762
KCNMA1_KCNMB4	IU_PDA_T10	HSPA1A	-0.7778157259188879
KCNMA1_KCNMB4	IU_PDA_T10	REG1A	-0.81013417505503
KCNMA1_KCNMB4	IU_PDA_T10	TFCP2L1	-0.8226122429641246
KCNMA1_KCNMB4	IU_PDA_T10	HIST1H2BB	-0.830894453628049
KCNMA1_KCNMB4	IU_PDA_T10	PNLIP	-0.8407324792059351
KCNMA1_KCNMB4	IU_PDA_T10	IGHD	-0.8668764371453268
KCNMA1_KCNMB4	IU_PDA_T10	TNFRSF6B	-0.8818005168254358
KCNMA1_KCNMB4	IU_PDA_T10	IGLV9-49	-0.9010100754489851
KCNMA1_KCNMB4	IU_PDA_T10	SCIN	-0.9073043090199513
KCNMA1_KCNMB4	IU_PDA_T10	CLCA1	-0.9106643285276068
KCNMA1_KCNMB4	IU_PDA_T10	HIST1H4A	-0.9226515122715928
KCNMA1_KCNMB4	IU_PDA_T10	SHB	-0.959575885531024
KCNMA1_KCNMB4	IU_PDA_T10	ITLN1	-0.9692082984545706
KCNMA1_KCNMB4	IU_PDA_T10	MUC4	-0.9869318565496046
KCNMA1_KCNMB4	IU_PDA_T10	SLC5A1	-0.9993583776881886
KCNMA1_KCNMB4	IU_PDA_T10	EFNA1	-1.0294600242039065
KCNMA1_KCNMB4	IU_PDA_T10	CTRC	-1.0526187978055583
KCNMA1_KCNMB4	IU_PDA_T10	HSD11B2	-1.0637368027276697
KCNMA1_KCNMB4	IU_PDA_T10	ANXA10	-1.081390321375125
KCNMA1_KCNMB4	IU_PDA_T10	MXD1	-1.097795818425017
KCNMA1_KCNMB4	IU_PDA_T10	KCNMB1	-1.100981863455421
KCNMA1_KCNMB4	IU_PDA_T10	CEACAM7	-1.1122677968516472
KCNMA1_KCNMB4	IU_PDA_T10	PRSS1	-1.1189078687868406
KCNMA1_KCNMB4	IU_PDA_T10	MUCL3	-1.1284838481675437
KCNMA1_KCNMB4	IU_PDA_T10	CDHR5	-1.1286958587702665
KCNMA1_KCNMB4	IU_PDA_T10	PPP1R15A	-1.156586435634764
KCNMA1_KCNMB4	IU_PDA_T10	GCG	-1.1716449490305842
KCNMA1_KCNMB4	IU_PDA_T10	EGLN3	-1.1831001860116213
KCNMA1_KCNMB4	IU_PDA_T10	INS	-1.2086642917225996
KCNMA1_KCNMB4	IU_PDA_T10	MDFI	-1.2555846271721325
KCNMA1_KCNMB4	IU_PDA_T10	GABRP	-1.2572181838089411
KCNMA1_KCNMB4	IU_PDA_T10	CHIT1	-1.2817512870812497
KCNMA1_KCNMB4	IU_PDA_T10	VIL1	-1.3034554531155356
KCNMA1_KCNMB4	IU_PDA_T10	KRT20	-1.3212705333749262
KCNMA1_KCNMB4	IU_PDA_T10	TM4SF20	-1.3555270366319823
KCNMA1_KCNMB4	IU_PDA_T10	IGLC7	-1.3663407993434862
KCNMA1_KCNMB4	IU_PDA_T10	CPS1	-1.414841019376616
KCNMA1_KCNMB4	IU_PDA_T10	SPINK4	-1.4154184733849051
KCNMA1_KCNMB4	IU_PDA_T10	HIST1H2AB	-1.4483746945736993
KCNMA1_KCNMB4	IU_PDA_T10	LAMA3	-1.4832715947157884
KCNMA1_KCNMB4	IU_PDA_T10	TMPRSS4	-1.4906716341358188
KCNMA1_KCNMB4	IU_PDA_T10	PLA2G2A	-1.4961273468012697
KCNMA1_KCNMB4	IU_PDA_T10	OAS3	-1.4993676591978358
KCNMA1_KCNMB4	IU_PDA_T10	FCGBP	-1.4999705484285848
KCNMA1_KCNMB4	IU_PDA_T10	SMAD3	-1.5038339697149272
KCNMA1_KCNMB4	IU_PDA_T10	MT1G	-1.5093247955672542
KCNMA1_KCNMB4	IU_PDA_T10	PIGR	-1.534496852528897
KCNMA1_KCNMB4	IU_PDA_T10	MT1X	-1.550121568895543
KCNMA1_KCNMB4	IU_PDA_T10	SLC40A1	-1.5757538760517433
KCNMA1_KCNMB4	IU_PDA_T10	BICDL2	-1.5921721008545069
KCNMA1_KCNMB4	IU_PDA_T10	DUOX2	-1.6411460219907656
KCNMA1_KCNMB4	IU_PDA_T10	CD55	-1.6560949963839304
KCNMA1_KCNMB4	IU_PDA_T10	IGKV4-1	-1.6692813223396359
KCNMA1_KCNMB4	IU_PDA_T10	SLC7A11	-1.690089395370816
KCNMA1_KCNMB4	IU_PDA_T10	CRYBG2	-1.7100693214766123
KCNMA1_KCNMB4	IU_PDA_T10	KRT13	-1.7120398518426594
KCNMA1_KCNMB4	IU_PDA_T10	SLC9A3	-1.7225235479143677
KCNMA1_KCNMB4	IU_PDA_T10	CELA3A	-1.7543014369246415
KCNMA1_KCNMB4	IU_PDA_T10	MUC17	-1.7621750419850417
KCNMA1_KCNMB4	IU_PDA_T10	SCNN1A	-1.763322334744499
KCNMA1_KCNMB4	IU_PDA_T10	STARD10	-1.7666110444717478
KCNMA1_KCNMB4	IU_PDA_T10	NOS2	-1.7857970549996838
KCNMA1_KCNMB4	IU_PDA_T10	CRISP3	-1.7883614314123875
KCNMA1_KCNMB4	IU_PDA_T10	TNS4	-1.8107967410681405
KCNMA1_KCNMB4	IU_PDA_T10	ALDOB	-1.8264536996022243
KCNMA1_KCNMB4	IU_PDA_T10	TCN1	-1.8310941585989529
KCNMA1_KCNMB4	IU_PDA_T10	IGHG3	-1.8442395223030892
KCNMA1_KCNMB4	IU_PDA_T10	CCL15	-1.8501118064517748
KCNMA1_KCNMB4	IU_PDA_T10	GCNT3	-1.8579997903464682
KCNMA1_KCNMB4	IU_PDA_T10	TMC5	-1.858516530014737
KCNMA1_KCNMB4	IU_PDA_T10	SYT8	-1.86934999960458
KCNMA1_KCNMB4	IU_PDA_T10	SLC34A2	-1.8759706802029728
KCNMA1_KCNMB4	IU_PDA_T10	CDH17	-1.9194468844812713
KCNMA1_KCNMB4	IU_PDA_T10	SERPINA3	-1.9424883756732774
KCNMA1_KCNMB4	IU_PDA_T10	MARCKSL1	-1.9449225126442722
KCNMA1_KCNMB4	IU_PDA_T10	SPP1	-1.9721399477019435
KCNMA1_KCNMB4	IU_PDA_T10	KCNK1	-1.9971662133239787
KCNMA1_KCNMB4	IU_PDA_T10	PRSS22	-2.015981114417941
KCNMA1_KCNMB4	IU_PDA_T10	ADM	-2.0160880906292507
KCNMA1_KCNMB4	IU_PDA_T10	FUT2	-2.0285879421264
KCNMA1_KCNMB4	IU_PDA_T10	JCHAIN	-2.037497614095445
KCNMA1_KCNMB4	IU_PDA_T10	IGHM	-2.0427719306956824
KCNMA1_KCNMB4	IU_PDA_T10	MUC13	-2.0774588271132766
KCNMA1_KCNMB4	IU_PDA_T10	TRIM2	-2.0924759458985838
KCNMA1_KCNMB4	IU_PDA_T10	VEGFA	-2.106798869567483
KCNMA1_KCNMB4	IU_PDA_T10	DHRS9	-2.1238114334980036
KCNMA1_KCNMB4	IU_PDA_T10	IER3	-2.13085060347661
KCNMA1_KCNMB4	IU_PDA_T10	SLPI	-2.138848228141334
KCNMA1_KCNMB4	IU_PDA_T10	KCNN4	-2.1579637345534834
KCNMA1_KCNMB4	IU_PDA_T10	AMN	-2.1624268799553814
KCNMA1_KCNMB4	IU_PDA_T10	LPCAT4	-2.1734723124441766
KCNMA1_KCNMB4	IU_PDA_T10	PRSS8	-2.173945414755067
KCNMA1_KCNMB4	IU_PDA_T10	MUC6	-2.20976814890947
KCNMA1_KCNMB4	IU_PDA_T10	ASS1	-2.223659459101582
KCNMA1_KCNMB4	IU_PDA_T10	S100A14	-2.2257011975436893
KCNMA1_KCNMB4	IU_PDA_T10	EPPK1	-2.2450583844769922
KCNMA1_KCNMB4	IU_PDA_T10	PGC	-2.2605011197816554
KCNMA1_KCNMB4	IU_PDA_T10	IFI6	-2.2937164293800993
KCNMA1_KCNMB4	IU_PDA_T10	CAPN8	-2.2977162409673446
KCNMA1_KCNMB4	IU_PDA_T10	DHRS3	-2.314307821461469
KCNMA1_KCNMB4	IU_PDA_T10	TFF2	-2.377019646531314
KCNMA1_KCNMB4	IU_PDA_T10	SULT1C2	-2.3862352006709973
KCNMA1_KCNMB4	IU_PDA_T10	ENO1	-2.407264957057638
KCNMA1_KCNMB4	IU_PDA_T10	ANXA2	-2.4095344885715413
KCNMA1_KCNMB4	IU_PDA_T10	SMIM24	-2.4116698029387162
KCNMA1_KCNMB4	IU_PDA_T10	LCN2	-2.4376188505695118
KCNMA1_KCNMB4	IU_PDA_T10	IGHG1	-2.472349964312278
KCNMA1_KCNMB4	IU_PDA_T10	PRRC2C	-2.4797528823160424
KCNMA1_KCNMB4	IU_PDA_T10	SLC2A1	-2.519824797179182
KCNMA1_KCNMB4	IU_PDA_T10	IFI27	-2.520495445165138
KCNMA1_KCNMB4	IU_PDA_T10	WFDC2	-2.5349022928161613
KCNMA1_KCNMB4	IU_PDA_T10	SFTA2	-2.571168029918224
KCNMA1_KCNMB4	IU_PDA_T10	CEACAM5	-2.5857477839589356
KCNMA1_KCNMB4	IU_PDA_T10	GDF15	-2.59014194436033
KCNMA1_KCNMB4	IU_PDA_T10	GPX2	-2.5933394165838672
KCNMA1_KCNMB4	IU_PDA_T10	PLAUR	-2.5989918370505602
KCNMA1_KCNMB4	IU_PDA_T10	SPINK1	-2.62821909714107
KCNMA1_KCNMB4	IU_PDA_T10	ERBB3	-2.642431109042578
KCNMA1_KCNMB4	IU_PDA_T10	PSCA	-2.6506768011527417
KCNMA1_KCNMB4	IU_PDA_T10	SLC26A9	-2.6938909752977973
KCNMA1_KCNMB4	IU_PDA_T10	ATP1B1	-2.6995689490409704
KCNMA1_KCNMB4	IU_PDA_T10	HS3ST1	-2.7678824942580866
KCNMA1_KCNMB4	IU_PDA_T10	PRICKLE4	-2.7715949241287925
KCNMA1_KCNMB4	IU_PDA_T10	UBD	-2.7914940643922366
KCNMA1_KCNMB4	IU_PDA_T10	SEMA3B	-2.812472807896967
KCNMA1_KCNMB4	IU_PDA_T10	MUC5AC	-2.8151554874880023
KCNMA1_KCNMB4	IU_PDA_T10	PPP1R1B	-2.8480048240804248
KCNMA1_KCNMB4	IU_PDA_T10	FAM3D	-2.848961931985989
KCNMA1_KCNMB4	IU_PDA_T10	NRARP	-2.86901371531642
KCNMA1_KCNMB4	IU_PDA_T10	DEGS2	-2.889130070340465
KCNMA1_KCNMB4	IU_PDA_T10	PIM3	-2.8955550936173626
KCNMA1_KCNMB4	IU_PDA_T10	SDC4	-2.9181927586818537
KCNMA1_KCNMB4	IU_PDA_T10	ANKRD36C	-2.926607993812259
KCNMA1_KCNMB4	IU_PDA_T10	GPRC5A	-2.94028227235561
KCNMA1_KCNMB4	IU_PDA_T10	MYL12B	-2.9586498621339077
KCNMA1_KCNMB4	IU_PDA_T10	FBP1	-2.960524441916624
KCNMA1_KCNMB4	IU_PDA_T10	CLDN4	-2.96632277294688
KCNMA1_KCNMB4	IU_PDA_T10	RNF213	-3.0026438909364765
KCNMA1_KCNMB4	IU_PDA_T10	TSPAN8	-3.0147479792646745
KCNMA1_KCNMB4	IU_PDA_T10	CTSE	-3.0171941342127004
KCNMA1_KCNMB4	IU_PDA_T10	TSPAN1	-3.04264792020481
KCNMA1_KCNMB4	IU_PDA_T10	CYSTM1	-3.046393320473208
KCNMA1_KCNMB4	IU_PDA_T10	MBOAT1	-3.0491867247029387
KCNMA1_KCNMB4	IU_PDA_T10	OLFM4	-3.061116710811843
KCNMA1_KCNMB4	IU_PDA_T10	CXCL17	-3.066552876804888
KCNMA1_KCNMB4	IU_PDA_T10	MALL	-3.086231832221268
KCNMA1_KCNMB4	IU_PDA_T10	ADAM9	-3.0958308540986508
KCNMA1_KCNMB4	IU_PDA_T10	DMBT1	-3.112406504323488
KCNMA1_KCNMB4	IU_PDA_T10	KRT7	-3.1182339055552326
KCNMA1_KCNMB4	IU_PDA_T10	IGHG2	-3.138718230618041
KCNMA1_KCNMB4	IU_PDA_T10	SPINT2	-3.191523389695802
KCNMA1_KCNMB4	IU_PDA_T10	CYP3A5	-3.1959029501719254
KCNMA1_KCNMB4	IU_PDA_T10	CLDN18	-3.1988055908578246
KCNMA1_KCNMB4	IU_PDA_T10	EPHA2	-3.231029648052407
KCNMA1_KCNMB4	IU_PDA_T10	MUC5B	-3.2393839950808565
KCNMA1_KCNMB4	IU_PDA_T10	GOLM1	-3.2470014401036185
KCNMA1_KCNMB4	IU_PDA_T10	PRR15L	-3.2497256721117975
KCNMA1_KCNMB4	IU_PDA_T10	ANXA4	-3.2605664394857032
KCNMA1_KCNMB4	IU_PDA_T10	DUOXA2	-3.269687300182947
KCNMA1_KCNMB4	IU_PDA_T10	TRIM29	-3.269878518727976
KCNMA1_KCNMB4	IU_PDA_T10	AQP5	-3.2867801151388627
KCNMA1_KCNMB4	IU_PDA_T10	LGALS3	-3.29507901365221
KCNMA1_KCNMB4	IU_PDA_T10	CYP2S1	-3.300642550601688
KCNMA1_KCNMB4	IU_PDA_T10	ABCC3	-3.3013888931319157
KCNMA1_KCNMB4	IU_PDA_T10	PRSS3	-3.3131473903086563
KCNMA1_KCNMB4	IU_PDA_T10	REG4	-3.3712172505968483
KCNMA1_KCNMB4	IU_PDA_T10	NQO1	-3.374334787786129
KCNMA1_KCNMB4	IU_PDA_T10	MUC3A	-3.3874532086678215
KCNMA1_KCNMB4	IU_PDA_T10	MUC1	-3.4056353772462233
KCNMA1_KCNMB4	IU_PDA_T10	AGR2	-3.4389897658136372
KCNMA1_KCNMB4	IU_PDA_T10	C6orf132	-3.538175536364287
KCNMA1_KCNMB4	IU_PDA_T10	CDC42EP5	-3.6560477299650755
KCNMA1_KCNMB4	IU_PDA_T10	TRNP1	-3.659174719788791
KCNMA1_KCNMB4	IU_PDA_T10	PDZK1IP1	-3.682355713849242
KCNMA1_KCNMB4	IU_PDA_T10	IGKC	-3.6852520688507413
KCNMA1_KCNMB4	IU_PDA_T10	LFNG	-3.7176360340703813
KCNMA1_KCNMB4	IU_PDA_T10	TFF1	-3.7339036542686355
KCNMA1_KCNMB4	IU_PDA_T10	IGLC1	-3.7822774482655843
KCNMA1_KCNMB4	IU_PDA_T10	C19orf33	-3.7862102637877597
KCNMA1_KCNMB4	IU_PDA_T10	LYZ	-3.820650434062837
KCNMA1_KCNMB4	IU_PDA_T10	LGALS4	-3.8870467528339345
KCNMA1_KCNMB4	IU_PDA_T10	LY6E	-3.8918943794927423
KCNMA1_KCNMB4	IU_PDA_T10	ELF3	-3.9432065819908138
KCNMA1_KCNMB4	IU_PDA_T10	IGHA1	-3.9450434459603057
KCNMA1_KCNMB4	IU_PDA_T10	TFF3	-3.9685279108975777
KCNMA1_KCNMB4	IU_PDA_T10	MLPH	-4.015754005609971
KCNMA1_KCNMB4	IU_PDA_T10	S100P	-4.1685405214017335
KCNMA1_KCNMB4	IU_PDA_T10	TESC	-4.45094687975438
KCNMA1_KCNMB4	IU_PDA_T10	FXYD3	-4.6117100620602836
KCNMA1_KCNMB1	IU_PDA_T11	SYNPO2	12.950555845854941
KCNMA1_KCNMB1	IU_PDA_T11	CNN1	12.568361171922145
KCNMA1_KCNMB1	IU_PDA_T11	MYLK	12.500556622200238
KCNMA1_KCNMB1	IU_PDA_T11	LMOD1	12.266863148986571
KCNMA1_KCNMB1	IU_PDA_T11	SYNM	12.116990968341621
KCNMA1_KCNMB1	IU_PDA_T11	ACTG2	12.100774563420915
KCNMA1_KCNMB1	IU_PDA_T11	SORBS1	12.081532691519287
KCNMA1_KCNMB1	IU_PDA_T11	SMTN	12.025138436234924
KCNMA1_KCNMB1	IU_PDA_T11	CLU	12.024338270224323
KCNMA1_KCNMB1	IU_PDA_T11	HMCN2	11.940173964684728
KCNMA1_KCNMB1	IU_PDA_T11	SPARCL1	11.848284831716935
KCNMA1_KCNMB1	IU_PDA_T11	SOD3	11.77528364212667
KCNMA1_KCNMB1	IU_PDA_T11	HSPB6	11.63972676329952
KCNMA1_KCNMB1	IU_PDA_T11	RGMA	11.485577413198435
KCNMA1_KCNMB1	IU_PDA_T11	TNS1	11.432082278540948
KCNMA1_KCNMB1	IU_PDA_T11	PTN	11.260806140696598
KCNMA1_KCNMB1	IU_PDA_T11	TMOD1	11.206339359774537
KCNMA1_KCNMB1	IU_PDA_T11	KCNMB1	11.146952525073416
KCNMA1_KCNMB1	IU_PDA_T11	PLN	11.135109506930984
KCNMA1_KCNMB1	IU_PDA_T11	TNC	11.087537467345534
KCNMA1_KCNMB1	IU_PDA_T11	RBPMS2	10.833093939031556
KCNMA1_KCNMB1	IU_PDA_T11	PRUNE2	10.830112599697452
KCNMA1_KCNMB1	IU_PDA_T11	PPP1R14A	10.684143623802038
KCNMA1_KCNMB1	IU_PDA_T11	CKB	10.671549531542704
KCNMA1_KCNMB1	IU_PDA_T11	PSD	10.457067350314441
KCNMA1_KCNMB1	IU_PDA_T11	SLC2A4	10.378573731825346
KCNMA1_KCNMB1	IU_PDA_T11	DES	10.346246475453974
KCNMA1_KCNMB1	IU_PDA_T11	AKAP6	10.31689331381725
KCNMA1_KCNMB1	IU_PDA_T11	CFL2	10.257151003016405
KCNMA1_KCNMB1	IU_PDA_T11	BOC	10.085253620892049
KCNMA1_KCNMB1	IU_PDA_T11	PDLIM3	10.059429448960842
KCNMA1_KCNMB1	IU_PDA_T11	ITGA7	9.888551581676948
KCNMA1_KCNMB1	IU_PDA_T11	GFRA1	9.781086284595792
KCNMA1_KCNMB1	IU_PDA_T11	FBXO32	9.775449956887043
KCNMA1_KCNMB1	IU_PDA_T11	SVIL	9.65483318056504
KCNMA1_KCNMB1	IU_PDA_T11	TSPAN2	9.646283813843057
KCNMA1_KCNMB1	IU_PDA_T11	MFAP4	9.636932675476228
KCNMA1_KCNMB1	IU_PDA_T11	JPH2	9.632061333059495
KCNMA1_KCNMB1	IU_PDA_T11	FXYD6	9.625080908693066
KCNMA1_KCNMB1	IU_PDA_T11	DTNA	9.612429743178305
KCNMA1_KCNMB1	IU_PDA_T11	TBC1D1	9.532359069742188
KCNMA1_KCNMB1	IU_PDA_T11	LIMS2	9.513938918281225
KCNMA1_KCNMB1	IU_PDA_T11	PKIG	9.376703507104148
KCNMA1_KCNMB1	IU_PDA_T11	A2M	9.315590471900835
KCNMA1_KCNMB1	IU_PDA_T11	RGS5	9.270874662177356
KCNMA1_KCNMB1	IU_PDA_T11	CHRDL2	9.186227995609823
KCNMA1_KCNMB1	IU_PDA_T11	TNXB	9.181011984849606
KCNMA1_KCNMB1	IU_PDA_T11	KCNMA1	9.1512992359362
KCNMA1_KCNMB1	IU_PDA_T11	PPP1R12B	9.038539794568402
KCNMA1_KCNMB1	IU_PDA_T11	HAND2	8.98011876514667
KCNMA1_KCNMB1	IU_PDA_T11	AQP1	8.937556253263068
KCNMA1_KCNMB1	IU_PDA_T11	KIF1C	8.764138162550989
KCNMA1_KCNMB1	IU_PDA_T11	ITGA5	8.69802315870227
KCNMA1_KCNMB1	IU_PDA_T11	SCRG1	8.650551765445096
KCNMA1_KCNMB1	IU_PDA_T11	KCNMA1_KCNMB4	8.632842219246841
KCNMA1_KCNMB1	IU_PDA_T11	FAM83D	8.545118543944254
KCNMA1_KCNMB1	IU_PDA_T11	CRYAB	8.53597672991568
KCNMA1_KCNMB1	IU_PDA_T11	MCAM	8.533931296784235
KCNMA1_KCNMB1	IU_PDA_T11	RAMP1	8.366301873983037
KCNMA1_KCNMB1	IU_PDA_T11	CACNA1H	8.357783340603563
KCNMA1_KCNMB1	IU_PDA_T11	CPXM2	8.095658295123911
KCNMA1_KCNMB1	IU_PDA_T11	MAP3K20	8.007153363657489
KCNMA1_KCNMB1	IU_PDA_T11	CACNB2	7.9056210888304435
KCNMA1_KCNMB1	IU_PDA_T11	GREM2	7.774863916708794
KCNMA1_KCNMB1	IU_PDA_T11	PALM2-AKAP2	7.649175514458184
KCNMA1_KCNMB1	IU_PDA_T11	CALD1	7.472020390134747
KCNMA1_KCNMB1	IU_PDA_T11	COL4A1	7.2221982913152205
KCNMA1_KCNMB1	IU_PDA_T11	TGM2	7.221353210357271
KCNMA1_KCNMB1	IU_PDA_T11	S1PR3	7.058428849407912
KCNMA1_KCNMB1	IU_PDA_T11	C7	7.056037665343914
KCNMA1_KCNMB1	IU_PDA_T11	LYPD2	6.612905390416116
KCNMA1_KCNMB1	IU_PDA_T11	ITPRID2	6.543280722320237
KCNMA1_KCNMB1	IU_PDA_T11	ITGB3	6.523870711798629
KCNMA1_KCNMB1	IU_PDA_T11	WNT11	6.4981389468967565
KCNMA1_KCNMB1	IU_PDA_T11	SFTA2	6.287378940832412
KCNMA1_KCNMB1	IU_PDA_T11	COL4A2	6.274482565167328
KCNMA1_KCNMB1	IU_PDA_T11	ADIRF	6.134853188994264
KCNMA1_KCNMB1	IU_PDA_T11	HOXB3	6.129556893747937
KCNMA1_KCNMB1	IU_PDA_T11	LY6D	6.062161386640593
KCNMA1_KCNMB1	IU_PDA_T11	TM4SF4	5.895524181950716
KCNMA1_KCNMB1	IU_PDA_T11	WNT10A	5.8847277250406185
KCNMA1_KCNMB1	IU_PDA_T11	KLK6	5.806748522551049
KCNMA1_KCNMB1	IU_PDA_T11	MSLN	5.76380427603069
KCNMA1_KCNMB1	IU_PDA_T11	ANO1	5.552307174779858
KCNMA1_KCNMB1	IU_PDA_T11	LAMA5	5.377305278510872
KCNMA1_KCNMB1	IU_PDA_T11	SCEL	5.340641187747974
KCNMA1_KCNMB1	IU_PDA_T11	HPGD	5.298047812004977
KCNMA1_KCNMB1	IU_PDA_T11	KCP	5.297682867349327
KCNMA1_KCNMB1	IU_PDA_T11	KLK8	5.276441236634897
KCNMA1_KCNMB1	IU_PDA_T11	HIST1H2AC	5.275749113428586
KCNMA1_KCNMB1	IU_PDA_T11	ALS2CL	5.252339929586048
KCNMA1_KCNMB1	IU_PDA_T11	NCCRP1	5.2014747372280965
KCNMA1_KCNMB1	IU_PDA_T11	MUC16	5.170492529727716
KCNMA1_KCNMB1	IU_PDA_T11	CRIP2	5.133624741973239
KCNMA1_KCNMB1	IU_PDA_T11	TIMP1	5.06078390322234
KCNMA1_KCNMB1	IU_PDA_T11	GCG	4.981256674067781
KCNMA1_KCNMB1	IU_PDA_T11	CRISP3	4.9411512281088505
KCNMA1_KCNMB1	IU_PDA_T11	UPK3B	4.878473828256052
KCNMA1_KCNMB1	IU_PDA_T11	NET1	4.833186366737622
KCNMA1_KCNMB1	IU_PDA_T11	KRT20	4.792149482945865
KCNMA1_KCNMB1	IU_PDA_T11	IGFBP5	4.76927514374251
KCNMA1_KCNMB1	IU_PDA_T11	RAPGEFL1	4.597786200918376
KCNMA1_KCNMB1	IU_PDA_T11	CLIC5	4.571785840379901
KCNMA1_KCNMB1	IU_PDA_T11	MMP28	4.547708361850626
KCNMA1_KCNMB1	IU_PDA_T11	PLAAT4	4.547242452435852
KCNMA1_KCNMB1	IU_PDA_T11	PSCA	4.477189228990747
KCNMA1_KCNMB1	IU_PDA_T11	CRABP2	4.441709958529037
KCNMA1_KCNMB1	IU_PDA_T11	SLC39A4	4.34283776407265
KCNMA1_KCNMB1	IU_PDA_T11	ID1	4.258497039870592
KCNMA1_KCNMB1	IU_PDA_T11	CDKN1C	4.232255707809201
KCNMA1_KCNMB1	IU_PDA_T11	CCL21	4.190438093801315
KCNMA1_KCNMB1	IU_PDA_T11	PHACTR3	4.153986924677622
KCNMA1_KCNMB1	IU_PDA_T11	BCAT1	4.153867281952279
KCNMA1_KCNMB1	IU_PDA_T11	DCBLD2	4.045418044392662
KCNMA1_KCNMB1	IU_PDA_T11	S100G	3.993078634798672
KCNMA1_KCNMB1	IU_PDA_T11	SHANK3	3.966453838743584
KCNMA1_KCNMB1	IU_PDA_T11	KLK10	3.888784041669488
KCNMA1_KCNMB1	IU_PDA_T11	UBD	3.887185276486759
KCNMA1_KCNMB1	IU_PDA_T11	KCNB1	3.8665835824813404
KCNMA1_KCNMB1	IU_PDA_T11	TOB1	3.826081277429153
KCNMA1_KCNMB1	IU_PDA_T11	HOXB6	3.8196179317047148
KCNMA1_KCNMB1	IU_PDA_T11	KRT23	3.816112795770858
KCNMA1_KCNMB1	IU_PDA_T11	SYT8	3.808557327764713
KCNMA1_KCNMB1	IU_PDA_T11	PPL	3.796352722001433
KCNMA1_KCNMB1	IU_PDA_T11	FAM83A	3.735068910574129
KCNMA1_KCNMB1	IU_PDA_T11	INPP4B	3.718999293778252
KCNMA1_KCNMB1	IU_PDA_T11	WNT7A	3.7189242597523484
KCNMA1_KCNMB1	IU_PDA_T11	CAPN13	3.718678469291764
KCNMA1_KCNMB1	IU_PDA_T11	POSTN	3.7000454959713913
KCNMA1_KCNMB1	IU_PDA_T11	SNCG	3.5367854121463997
KCNMA1_KCNMB1	IU_PDA_T11	TRIM31	3.454479464309163
KCNMA1_KCNMB1	IU_PDA_T11	KLK7	3.3100314561163287
KCNMA1_KCNMB1	IU_PDA_T11	CCL17	3.2875669599635415
KCNMA1_KCNMB1	IU_PDA_T11	ASS1	3.2101772915616085
KCNMA1_KCNMB1	IU_PDA_T11	ACTA2	3.1976600398353403
KCNMA1_KCNMB1	IU_PDA_T11	IGHG3	3.0623012142088575
KCNMA1_KCNMB1	IU_PDA_T11	GSTK1	3.032848288587308
KCNMA1_KCNMB1	IU_PDA_T11	IGHG4	3.026629949114404
KCNMA1_KCNMB1	IU_PDA_T11	VSTM2L	3.0201003436662677
KCNMA1_KCNMB1	IU_PDA_T11	KRT15	2.988089255220863
KCNMA1_KCNMB1	IU_PDA_T11	CARNS1	2.951854600776733
KCNMA1_KCNMB1	IU_PDA_T11	KLK11	2.9284946070846414
KCNMA1_KCNMB1	IU_PDA_T11	IGHM	2.924013870493202
KCNMA1_KCNMB1	IU_PDA_T11	ACSF2	2.9015243786218883
KCNMA1_KCNMB1	IU_PDA_T11	TRAK1	2.8997705800505593
KCNMA1_KCNMB1	IU_PDA_T11	CALB2	2.788677808473117
KCNMA1_KCNMB1	IU_PDA_T11	LCN12	2.7614643993504164
KCNMA1_KCNMB1	IU_PDA_T11	KCNQ4	2.7073193297286067
KCNMA1_KCNMB1	IU_PDA_T11	KRT16	2.685455782584657
KCNMA1_KCNMB1	IU_PDA_T11	PALM3	2.6755482172815097
KCNMA1_KCNMB1	IU_PDA_T11	TRIM29	2.6054088812490086
KCNMA1_KCNMB1	IU_PDA_T11	KCNN3	2.581155035331949
KCNMA1_KCNMB1	IU_PDA_T11	ZBED2	2.5432103355034346
KCNMA1_KCNMB1	IU_PDA_T11	PTGES	2.521928246247351
KCNMA1_KCNMB1	IU_PDA_T11	SLPI	2.518166526568218
KCNMA1_KCNMB1	IU_PDA_T11	CYP4F22	2.4954453819600606
KCNMA1_KCNMB1	IU_PDA_T11	ZNF185	2.4953827091281955
KCNMA1_KCNMB1	IU_PDA_T11	KCNAB1	2.4502637235827978
KCNMA1_KCNMB1	IU_PDA_T11	IL20RB	2.4158734166409963
KCNMA1_KCNMB1	IU_PDA_T11	VILL	2.4104088219853814
KCNMA1_KCNMB1	IU_PDA_T11	IGLV3-1	2.380224767807456
KCNMA1_KCNMB1	IU_PDA_T11	CST6	2.3756531706386514
KCNMA1_KCNMB1	IU_PDA_T11	NBEAL2	2.343009671530125
KCNMA1_KCNMB1	IU_PDA_T11	C15orf48	2.260859655758392
KCNMA1_KCNMB1	IU_PDA_T11	ANXA4	2.242276981676507
KCNMA1_KCNMB1	IU_PDA_T11	KCNK3	2.2229777258421617
KCNMA1_KCNMB1	IU_PDA_T11	PCSK6	2.1996616793225257
KCNMA1_KCNMB1	IU_PDA_T11	ERBB2	2.164472819393314
KCNMA1_KCNMB1	IU_PDA_T11	IGKV4-1	2.1631169830944246
KCNMA1_KCNMB1	IU_PDA_T11	CLIC3	2.0769720876512734
KCNMA1_KCNMB1	IU_PDA_T11	CLDN4	2.026959114817333
KCNMA1_KCNMB1	IU_PDA_T11	MUC5B	1.9662870652349747
KCNMA1_KCNMB1	IU_PDA_T11	KCNK6	1.9374458028077612
KCNMA1_KCNMB1	IU_PDA_T11	SULT2B1	1.8929449092653632
KCNMA1_KCNMB1	IU_PDA_T11	RGS9	1.8576804475322959
KCNMA1_KCNMB1	IU_PDA_T11	KCNJ8	1.8284019952373949
KCNMA1_KCNMB1	IU_PDA_T11	KRT13	1.7630721421298805
KCNMA1_KCNMB1	IU_PDA_T11	ZNF888	1.7027785631077303
KCNMA1_KCNMB1	IU_PDA_T11	C19orf33	1.7025021289931164
KCNMA1_KCNMB1	IU_PDA_T11	KRT18	1.655299061600931
KCNMA1_KCNMB1	IU_PDA_T11	IGHA1	1.6542555854615462
KCNMA1_KCNMB1	IU_PDA_T11	PLVAP	1.6195961606598275
KCNMA1_KCNMB1	IU_PDA_T11	ITGB4	1.616970151014963
KCNMA1_KCNMB1	IU_PDA_T11	KCNMB4	1.5335029873441544
KCNMA1_KCNMB1	IU_PDA_T11	GABRP	1.4846950721223617
KCNMA1_KCNMB1	IU_PDA_T11	SLC40A1	1.45463644754766
KCNMA1_KCNMB1	IU_PDA_T11	MUC5AC	1.452714623833828
KCNMA1_KCNMB1	IU_PDA_T11	PRPH	1.4392599948611928
KCNMA1_KCNMB1	IU_PDA_T11	CD82	1.358560104549744
KCNMA1_KCNMB1	IU_PDA_T11	TTC9	1.3370920056631281
KCNMA1_KCNMB1	IU_PDA_T11	EPHA2	1.274892226661063
KCNMA1_KCNMB1	IU_PDA_T11	AHR	1.2670557008104066
KCNMA1_KCNMB1	IU_PDA_T11	EVPL	1.2438926263110583
KCNMA1_KCNMB1	IU_PDA_T11	ITGB6	1.199608174096783
KCNMA1_KCNMB1	IU_PDA_T11	WFDC2	1.1336483351054678
KCNMA1_KCNMB1	IU_PDA_T11	CYP3A5	1.0883997114474646
KCNMA1_KCNMB1	IU_PDA_T11	LCN2	1.0699774681293532
KCNMA1_KCNMB1	IU_PDA_T11	KCNT2	0.9621879533187542
KCNMA1_KCNMB1	IU_PDA_T11	PRXL2B	0.9266293383213674
KCNMA1_KCNMB1	IU_PDA_T11	TACSTD2	0.9255679518225353
KCNMA1_KCNMB1	IU_PDA_T11	GPRC5A	0.8971552798741169
KCNMA1_KCNMB1	IU_PDA_T11	LAMC2	0.8878265827841215
KCNMA1_KCNMB1	IU_PDA_T11	S100P	0.8749288434157572
KCNMA1_KCNMB1	IU_PDA_T11	B4GALT1	0.8502283614503188
KCNMA1_KCNMB1	IU_PDA_T11	TNFRSF21	0.8359628331716333
KCNMA1_KCNMB1	IU_PDA_T11	KRT8	0.834416158112159
KCNMA1_KCNMB1	IU_PDA_T11	PERP	0.8145525928997638
KCNMA1_KCNMB1	IU_PDA_T11	KCNS3	0.8029161545861143
KCNMA1_KCNMB1	IU_PDA_T11	KCND3	0.7910166117373272
KCNMA1_KCNMB1	IU_PDA_T11	CEACAM5	0.7438006300656423
KCNMA1_KCNMB1	IU_PDA_T11	PADI1	0.7316843838525513
KCNMA1_KCNMB1	IU_PDA_T11	AC007906.2	0.7172251201476281
KCNMA1_KCNMB1	IU_PDA_T11	CEACAM7	0.6488592546186087
KCNMA1_KCNMB1	IU_PDA_T11	SLC6A14	0.615519780631406
KCNMA1_KCNMB1	IU_PDA_T11	MAL2	0.6067512726198188
KCNMA1_KCNMB1	IU_PDA_T11	MUC1	0.601252467855082
KCNMA1_KCNMB1	IU_PDA_T11	KRT7	0.5079171911777263
KCNMA1_KCNMB1	IU_PDA_T11	MT1X	0.4993218453559657
KCNMA1_KCNMB1	IU_PDA_T11	MYRF	0.46602476031949014
KCNMA1_KCNMB1	IU_PDA_T11	PTK6	0.39781049428729315
KCNMA1_KCNMB1	IU_PDA_T11	IGKC	0.3675330303999799
KCNMA1_KCNMB1	IU_PDA_T11	KIAA1522	0.30626518283310233
KCNMA1_KCNMB1	IU_PDA_T11	PROM2	0.26293795960330957
KCNMA1_KCNMB1	IU_PDA_T11	PRR15L	0.21568186181157964
KCNMA1_KCNMB1	IU_PDA_T11	KCNJ15	0.20620569616664924
KCNMA1_KCNMB1	IU_PDA_T11	SFRP4	0.16285978985929397
KCNMA1_KCNMB1	IU_PDA_T11	PHGR1	0.16003565991528781
KCNMA1_KCNMB1	IU_PDA_T11	CGN	0.09546725406282217
KCNMA1_KCNMB1	IU_PDA_T11	LMO7	0.08370550526205582
KCNMA1_KCNMB1	IU_PDA_T11	TMPRSS4	0.053537936413124355
KCNMA1_KCNMB1	IU_PDA_T11	FOS	-0.04975784226550925
KCNMA1_KCNMB1	IU_PDA_T11	ELF3	-0.055221495141077735
KCNMA1_KCNMB1	IU_PDA_T11	KCNN4	-0.15800868377957572
KCNMA1_KCNMB1	IU_PDA_T11	SERPINE1	-0.1784104337976218
KCNMA1_KCNMB1	IU_PDA_T11	ITGA3	-0.22663450796085663
KCNMA1_KCNMB1	IU_PDA_T11	PPP1R1B	-0.33111095553002234
KCNMA1_KCNMB1	IU_PDA_T11	JUP	-0.4283735337268348
KCNMA1_KCNMB1	IU_PDA_T11	INAVA	-0.43906881769289957
KCNMA1_KCNMB1	IU_PDA_T11	DHRS3	-0.44703242030836976
KCNMA1_KCNMB1	IU_PDA_T11	KCNAB2	-0.8294480342788172
KCNMA1_KCNMB1	IU_PDA_T11	SOD2	-0.8872866964942968
KCNMA1_KCNMB1	IU_PDA_T11	TCN1	-1.0157089955547673
KCNMA1_KCNMB1	IU_PDA_T11	DDR1	-1.0863096878121572
KCNMA1_KCNMB1	IU_PDA_T11	MMP7	-1.125519155353285
KCNMA1_KCNMB1	IU_PDA_T11	LAD1	-1.1387716217153705
KCNMA1_KCNMB1	IU_PDA_T11	THBS1	-1.1716140148047782
KCNMA1_KCNMB1	IU_PDA_T11	CDH1	-1.1923604476303085
KCNMA1_KCNMB1	IU_PDA_T11	KCNE4	-1.253045687751476
KCNMA1_KCNMB1	IU_PDA_T11	IGHG1	-1.4076390401183538
KCNMA1_KCNMB1	IU_PDA_T11	TPSB2	-1.4420973413976927
KCNMA1_KCNMB1	IU_PDA_T11	S100A4	-1.469057647140016
KCNMA1_KCNMB1	IU_PDA_T11	KCND2	-1.4702493213303793
KCNMA1_KCNMB1	IU_PDA_T11	KCNC4	-1.510305693549446
KCNMA1_KCNMB1	IU_PDA_T11	KCNK1	-1.5592235465715845
KCNMA1_KCNMB1	IU_PDA_T11	KCNK15	-1.578230153619452
KCNMA1_KCNMB1	IU_PDA_T11	MUC20	-1.5824245105443142
KCNMA1_KCNMB1	IU_PDA_T11	ECM1	-1.6374607306538735
KCNMA1_KCNMB1	IU_PDA_T11	IGHG2	-1.730495129680595
KCNMA1_KCNMB1	IU_PDA_T11	SLC9A3R1	-1.7983795465083379
KCNMA1_KCNMB1	IU_PDA_T11	IFI27	-1.8654251156786215
KCNMA1_KCNMB1	IU_PDA_T11	TSPAN8	-1.9390592212732969
KCNMA1_KCNMB1	IU_PDA_T11	FXYD3	-1.9553576380976994
KCNMA1_KCNMB1	IU_PDA_T11	SPINT2	-1.9651572530461243
KCNMA1_KCNMB1	IU_PDA_T11	ERBB3	-2.007774836475762
KCNMA1_KCNMB1	IU_PDA_T11	AQP5	-2.0615088064181646
KCNMA1_KCNMB1	IU_PDA_T11	OLFM4	-2.1142506442282456
KCNMA1_KCNMB1	IU_PDA_T11	KRT5	-2.140553241563444
KCNMA1_KCNMB1	IU_PDA_T11	CCL18	-2.285554197915644
KCNMA1_KCNMB1	IU_PDA_T11	GAS1	-2.29062904767659
KCNMA1_KCNMB1	IU_PDA_T11	APOC1	-2.2953493932125673
KCNMA1_KCNMB1	IU_PDA_T11	SLC44A4	-2.313475249647768
KCNMA1_KCNMB1	IU_PDA_T11	MXRA8	-2.324132052769781
KCNMA1_KCNMB1	IU_PDA_T11	ABCC3	-2.4820177412918336
KCNMA1_KCNMB1	IU_PDA_T11	PDZK1IP1	-2.531234041511518
KCNMA1_KCNMB1	IU_PDA_T11	TM4SF1	-2.5452024015378285
KCNMA1_KCNMB1	IU_PDA_T11	TGFBI	-2.5738381097199525
KCNMA1_KCNMB1	IU_PDA_T11	RANBP3L	-2.7335961869922176
KCNMA1_KCNMB1	IU_PDA_T11	APOE	-2.7337352937981727
KCNMA1_KCNMB1	IU_PDA_T11	LGALS4	-2.7786455785522355
KCNMA1_KCNMB1	IU_PDA_T11	AEBP1	-2.7803592636358325
KCNMA1_KCNMB1	IU_PDA_T11	PLS1	-2.7894727647864026
KCNMA1_KCNMB1	IU_PDA_T11	IGLC1	-2.864413828178072
KCNMA1_KCNMB1	IU_PDA_T11	MT1E	-2.9937847941786533
KCNMA1_KCNMB1	IU_PDA_T11	ERICH5	-3.0593847814637996
KCNMA1_KCNMB1	IU_PDA_T11	C1QC	-3.1095611800522
KCNMA1_KCNMB1	IU_PDA_T11	TRNP1	-3.1470156559227553
KCNMA1_KCNMB1	IU_PDA_T11	ACER2	-3.2576433014111754
KCNMA1_KCNMB1	IU_PDA_T11	SLC12A2	-3.272937432205325
KCNMA1_KCNMB1	IU_PDA_T11	CCN2	-3.2865334872554444
KCNMA1_KCNMB1	IU_PDA_T11	FBLN1	-3.293898201210875
KCNMA1_KCNMB1	IU_PDA_T11	MUC6	-3.3521982856952484
KCNMA1_KCNMB1	IU_PDA_T11	LAPTM5	-3.378881490738233
KCNMA1_KCNMB1	IU_PDA_T11	C1QB	-3.395989796801288
KCNMA1_KCNMB1	IU_PDA_T11	LAMB3	-3.4224116500214463
KCNMA1_KCNMB1	IU_PDA_T11	COL5A1	-3.4499709808090016
KCNMA1_KCNMB1	IU_PDA_T11	CYSTM1	-3.481675263938886
KCNMA1_KCNMB1	IU_PDA_T11	FIBIN	-3.598941976643732
KCNMA1_KCNMB1	IU_PDA_T11	TYROBP	-3.6812311406221823
KCNMA1_KCNMB1	IU_PDA_T11	PGC	-3.6824889172352195
KCNMA1_KCNMB1	IU_PDA_T11	ITGB2	-3.7368117485581127
KCNMA1_KCNMB1	IU_PDA_T11	TIMP3	-3.7915333361644747
KCNMA1_KCNMB1	IU_PDA_T11	OCIAD2	-3.7939211216253663
KCNMA1_KCNMB1	IU_PDA_T11	PRAP1	-3.837821766560497
KCNMA1_KCNMB1	IU_PDA_T11	PLAU	-3.9224427555133667
KCNMA1_KCNMB1	IU_PDA_T11	PRRX1	-3.9288029986535085
KCNMA1_KCNMB1	IU_PDA_T11	PTGDS	-3.937623058308775
KCNMA1_KCNMB1	IU_PDA_T11	ONECUT2	-3.9406499554065464
KCNMA1_KCNMB1	IU_PDA_T11	TMC5	-3.94913442412124
KCNMA1_KCNMB1	IU_PDA_T11	CTSE	-3.9980447141152555
KCNMA1_KCNMB1	IU_PDA_T11	C1QTNF3	-4.05277852642558
KCNMA1_KCNMB1	IU_PDA_T11	LOXL1	-4.075380978163606
KCNMA1_KCNMB1	IU_PDA_T11	ADRA2A	-4.092300163068037
KCNMA1_KCNMB1	IU_PDA_T11	PPBP	-4.109993748658779
KCNMA1_KCNMB1	IU_PDA_T11	ACTL8	-4.203893496966001
KCNMA1_KCNMB1	IU_PDA_T11	ENTPD2	-4.233155618504831
KCNMA1_KCNMB1	IU_PDA_T11	S100A14	-4.2490233070297245
KCNMA1_KCNMB1	IU_PDA_T11	PRSS23	-4.257663045552428
KCNMA1_KCNMB1	IU_PDA_T11	MS4A7	-4.259609694159022
KCNMA1_KCNMB1	IU_PDA_T11	EPCAM	-4.2764782522060685
KCNMA1_KCNMB1	IU_PDA_T11	LUM	-4.3484548169716115
KCNMA1_KCNMB1	IU_PDA_T11	CCDC80	-4.395731689865329
KCNMA1_KCNMB1	IU_PDA_T11	EGLN3	-4.428228232914992
KCNMA1_KCNMB1	IU_PDA_T11	C6orf141	-4.494113269818496
KCNMA1_KCNMB1	IU_PDA_T11	ATP1B1	-4.538585909621072
KCNMA1_KCNMB1	IU_PDA_T11	PIGR	-4.642394674128986
KCNMA1_KCNMB1	IU_PDA_T11	A4GNT	-4.64855660308344
KCNMA1_KCNMB1	IU_PDA_T11	HLA-DRA	-4.656974526576915
KCNMA1_KCNMB1	IU_PDA_T11	HSPA1A	-4.696582457302253
KCNMA1_KCNMB1	IU_PDA_T11	DPT	-4.708725754143501
KCNMA1_KCNMB1	IU_PDA_T11	COL12A1	-4.728155199877249
KCNMA1_KCNMB1	IU_PDA_T11	CD24	-4.835653524387943
KCNMA1_KCNMB1	IU_PDA_T11	HMGCS2	-4.838578550975588
KCNMA1_KCNMB1	IU_PDA_T11	SERPINF1	-4.867394396677817
KCNMA1_KCNMB1	IU_PDA_T11	LSR	-4.895104319176719
KCNMA1_KCNMB1	IU_PDA_T11	NQO1	-4.913773545529402
KCNMA1_KCNMB1	IU_PDA_T11	SERPINA3	-4.9452414413774735
KCNMA1_KCNMB1	IU_PDA_T11	NCOA7	-4.960295242416642
KCNMA1_KCNMB1	IU_PDA_T11	MFAP5	-4.976395853946223
KCNMA1_KCNMB1	IU_PDA_T11	CDCA7	-4.9918654414859835
KCNMA1_KCNMB1	IU_PDA_T11	SFRP2	-4.995307623814789
KCNMA1_KCNMB1	IU_PDA_T11	TESC	-4.997003603800264
KCNMA1_KCNMB1	IU_PDA_T11	GPNMB	-5.033141456613471
KCNMA1_KCNMB1	IU_PDA_T11	COL10A1	-5.075006863025927
KCNMA1_KCNMB1	IU_PDA_T11	SERPINA1	-5.099708619597921
KCNMA1_KCNMB1	IU_PDA_T11	FBP1	-5.103333326695034
KCNMA1_KCNMB1	IU_PDA_T11	TMEM163	-5.104050795680073
KCNMA1_KCNMB1	IU_PDA_T11	SPP1	-5.11453827757031
KCNMA1_KCNMB1	IU_PDA_T11	MMP2	-5.115795400256926
KCNMA1_KCNMB1	IU_PDA_T11	VCAN	-5.144436651895194
KCNMA1_KCNMB1	IU_PDA_T11	PTK7	-5.147089750271268
KCNMA1_KCNMB1	IU_PDA_T11	GPX2	-5.1526050442716524
KCNMA1_KCNMB1	IU_PDA_T11	SLC2A1	-5.156147272589067
KCNMA1_KCNMB1	IU_PDA_T11	SLC11A1	-5.173942988718595
KCNMA1_KCNMB1	IU_PDA_T11	CD68	-5.174864224916699
KCNMA1_KCNMB1	IU_PDA_T11	DUOXA2	-5.176963406658155
KCNMA1_KCNMB1	IU_PDA_T11	MARCO	-5.199334278242744
KCNMA1_KCNMB1	IU_PDA_T11	C3	-5.226971252036367
KCNMA1_KCNMB1	IU_PDA_T11	IFI44L	-5.323367212301371
KCNMA1_KCNMB1	IU_PDA_T11	CTHRC1	-5.35488487744827
KCNMA1_KCNMB1	IU_PDA_T11	SMIM24	-5.382032913225209
KCNMA1_KCNMB1	IU_PDA_T11	SYT13	-5.421235472106142
KCNMA1_KCNMB1	IU_PDA_T11	SLC38A5	-5.479024002225157
KCNMA1_KCNMB1	IU_PDA_T11	AZGP1	-5.514698671661669
KCNMA1_KCNMB1	IU_PDA_T11	CXCL5	-5.550506659726271
KCNMA1_KCNMB1	IU_PDA_T11	FNDC1	-5.555757554123451
KCNMA1_KCNMB1	IU_PDA_T11	NR4A1	-5.561415566451334
KCNMA1_KCNMB1	IU_PDA_T11	BACE2	-5.568746628170236
KCNMA1_KCNMB1	IU_PDA_T11	BAIAP2L2	-5.605214404139045
KCNMA1_KCNMB1	IU_PDA_T11	CFD	-5.611457036319725
KCNMA1_KCNMB1	IU_PDA_T11	LOXL2	-5.654448135482922
KCNMA1_KCNMB1	IU_PDA_T11	EPYC	-5.741135572173686
KCNMA1_KCNMB1	IU_PDA_T11	PROM1	-5.7471929110482325
KCNMA1_KCNMB1	IU_PDA_T11	MMP9	-5.764254476080714
KCNMA1_KCNMB1	IU_PDA_T11	CFTR	-5.772035365375247
KCNMA1_KCNMB1	IU_PDA_T11	ITGBL1	-5.823191291463374
KCNMA1_KCNMB1	IU_PDA_T11	MMP11	-5.855242157198973
KCNMA1_KCNMB1	IU_PDA_T11	LOX	-5.928297460311477
KCNMA1_KCNMB1	IU_PDA_T11	SEL1L3	-5.958450775564276
KCNMA1_KCNMB1	IU_PDA_T11	SPINK1	-6.024845429591376
KCNMA1_KCNMB1	IU_PDA_T11	THBS2	-6.050667110554392
KCNMA1_KCNMB1	IU_PDA_T11	SCUBE2	-6.076945556639939
KCNMA1_KCNMB1	IU_PDA_T11	CDHR2	-6.1108143569354745
KCNMA1_KCNMB1	IU_PDA_T11	CCN1	-6.11534091300986
KCNMA1_KCNMB1	IU_PDA_T11	GJB2	-6.151899330031556
KCNMA1_KCNMB1	IU_PDA_T11	GCNT3	-6.226703386216589
KCNMA1_KCNMB1	IU_PDA_T11	ITGA11	-6.241064817578736
KCNMA1_KCNMB1	IU_PDA_T11	F5	-6.245331618925614
KCNMA1_KCNMB1	IU_PDA_T11	RGS16	-6.304274174319163
KCNMA1_KCNMB1	IU_PDA_T11	ADM	-6.410398797893592
KCNMA1_KCNMB1	IU_PDA_T11	DUOX2	-6.531922997518757
KCNMA1_KCNMB1	IU_PDA_T11	RARRES2	-6.635111072201827
KCNMA1_KCNMB1	IU_PDA_T11	MEGF6	-6.6766511916924225
KCNMA1_KCNMB1	IU_PDA_T11	ALDH3A1	-6.707302852377471
KCNMA1_KCNMB1	IU_PDA_T11	ANXA10	-6.841424591157624
KCNMA1_KCNMB1	IU_PDA_T11	DNPH1	-6.896519391596281
KCNMA1_KCNMB1	IU_PDA_T11	LRRC15	-6.9427869231934585
KCNMA1_KCNMB1	IU_PDA_T11	HTRA1	-6.95440659048479
KCNMA1_KCNMB1	IU_PDA_T11	COL11A1	-7.090360621896401
KCNMA1_KCNMB1	IU_PDA_T11	CP	-7.16942757239781
KCNMA1_KCNMB1	IU_PDA_T11	CXCL14	-7.209370907175842
KCNMA1_KCNMB1	IU_PDA_T11	CPE	-7.261377136570804
KCNMA1_KCNMB1	IU_PDA_T11	RNASET2	-7.292862174202425
KCNMA1_KCNMB1	IU_PDA_T11	TFF1	-7.323850494809296
KCNMA1_KCNMB1	IU_PDA_T11	CA12	-7.339738493075357
KCNMA1_KCNMB1	IU_PDA_T11	DMBT1	-7.4392501864858644
KCNMA1_KCNMB1	IU_PDA_T11	CLDN18	-7.4442022592087005
KCNMA1_KCNMB1	IU_PDA_T11	GADD45B	-7.479851286626959
KCNMA1_KCNMB1	IU_PDA_T11	PCOLCE	-7.522665673108819
KCNMA1_KCNMB1	IU_PDA_T11	CTSK	-7.680030089417501
KCNMA1_KCNMB1	IU_PDA_T11	CLDN2	-7.832971548631507
KCNMA1_KCNMB1	IU_PDA_T11	VEGFA	-7.872571700092888
KCNMA1_KCNMB1	IU_PDA_T11	FBLN2	-8.013369431922307
KCNMA1_KCNMB1	IU_PDA_T11	TFF3	-8.073204843118582
KCNMA1_KCNMB1	IU_PDA_T11	SULT1C2	-8.13497827795465
KCNMA1_KCNMB1	IU_PDA_T11	INHBA	-8.693416375512468
KCNMA1_KCNMB1	IU_PDA_T11	PLAUR	-8.721374245086036
KCNMA1_KCNMB1	IU_PDA_T11	CNN2	-9.675224637054262
KCNMA1_KCNMB1	IU_PDA_T11	SDC1	-9.80342258782961
KCNMA1_KCNMB1	IU_PDA_T11	GOLM1	-10.009737714411633
KCNMA1_KCNMB4	IU_PDA_T11	CLU	10.111708236585343
KCNMA1_KCNMB4	IU_PDA_T11	SYNPO2	9.785807982313399
KCNMA1_KCNMB4	IU_PDA_T11	SMTN	9.512355620032622
KCNMA1_KCNMB4	IU_PDA_T11	CNN1	9.487730539353642
KCNMA1_KCNMB4	IU_PDA_T11	MYLK	9.285538030007022
KCNMA1_KCNMB4	IU_PDA_T11	SYNM	9.180627324875996
KCNMA1_KCNMB4	IU_PDA_T11	TMOD1	9.15665071440056
KCNMA1_KCNMB4	IU_PDA_T11	LMOD1	9.039559339412403
KCNMA1_KCNMB4	IU_PDA_T11	TNS1	8.983378298937645
KCNMA1_KCNMB4	IU_PDA_T11	SORBS1	8.967939368106578
KCNMA1_KCNMB4	IU_PDA_T11	ACTG2	8.958076155397137
KCNMA1_KCNMB4	IU_PDA_T11	RGMA	8.863388261731727
KCNMA1_KCNMB4	IU_PDA_T11	HMCN2	8.816132497085428
KCNMA1_KCNMB4	IU_PDA_T11	RBPMS2	8.805988596255455
KCNMA1_KCNMB4	IU_PDA_T11	KIF1C	8.637347890359818
KCNMA1_KCNMB4	IU_PDA_T11	KCNMA1_KCNMB1	8.632842219246841
KCNMA1_KCNMB4	IU_PDA_T11	KCNMA1	8.612979105082932
KCNMA1_KCNMB4	IU_PDA_T11	SPARCL1	8.58331003154716
KCNMA1_KCNMB4	IU_PDA_T11	PDLIM3	8.427188926960007
KCNMA1_KCNMB4	IU_PDA_T11	CKB	8.420454109015107
KCNMA1_KCNMB4	IU_PDA_T11	HSPB6	8.369849894569654
KCNMA1_KCNMB4	IU_PDA_T11	SVIL	8.357826605357277
KCNMA1_KCNMB4	IU_PDA_T11	PTN	8.279588265821888
KCNMA1_KCNMB4	IU_PDA_T11	PSD	8.204286524260203
KCNMA1_KCNMB4	IU_PDA_T11	TNC	8.15284621603223
KCNMA1_KCNMB4	IU_PDA_T11	MFAP4	8.12009148215028
KCNMA1_KCNMB4	IU_PDA_T11	CFL2	8.118476175374566
KCNMA1_KCNMB4	IU_PDA_T11	PKIG	8.105375785200764
KCNMA1_KCNMB4	IU_PDA_T11	TSPAN2	8.05219522579527
KCNMA1_KCNMB4	IU_PDA_T11	PRUNE2	7.991901235889928
KCNMA1_KCNMB4	IU_PDA_T11	KCNMB1	7.976049009677171
KCNMA1_KCNMB4	IU_PDA_T11	DTNA	7.930460966910397
KCNMA1_KCNMB4	IU_PDA_T11	SOD3	7.929311840773516
KCNMA1_KCNMB4	IU_PDA_T11	CALD1	7.856663249478853
KCNMA1_KCNMB4	IU_PDA_T11	AKAP6	7.847432501519572
KCNMA1_KCNMB4	IU_PDA_T11	JPH2	7.789131462841458
KCNMA1_KCNMB4	IU_PDA_T11	PPP1R14A	7.639894183776142
KCNMA1_KCNMB4	IU_PDA_T11	LIMS2	7.586411723480166
KCNMA1_KCNMB4	IU_PDA_T11	ITGA5	7.40363506132482
KCNMA1_KCNMB4	IU_PDA_T11	PLN	7.376648384939391
KCNMA1_KCNMB4	IU_PDA_T11	CHRDL2	7.358935416604401
KCNMA1_KCNMB4	IU_PDA_T11	SLC2A4	7.354435085971632
KCNMA1_KCNMB4	IU_PDA_T11	DES	7.278019034047415
KCNMA1_KCNMB4	IU_PDA_T11	PPP1R12B	7.18348802615978
KCNMA1_KCNMB4	IU_PDA_T11	FBXO32	7.1797401740059925
KCNMA1_KCNMB4	IU_PDA_T11	BOC	7.176704583862973
KCNMA1_KCNMB4	IU_PDA_T11	MAP3K20	7.08410584222548
KCNMA1_KCNMB4	IU_PDA_T11	CRYAB	7.013493672438554
KCNMA1_KCNMB4	IU_PDA_T11	CACNB2	6.940019907834749
KCNMA1_KCNMB4	IU_PDA_T11	TNXB	6.830932277202316
KCNMA1_KCNMB4	IU_PDA_T11	PALM2-AKAP2	6.82613121795614
KCNMA1_KCNMB4	IU_PDA_T11	FXYD6	6.824703028145845
KCNMA1_KCNMB4	IU_PDA_T11	RGS5	6.771246494538411
KCNMA1_KCNMB4	IU_PDA_T11	GFRA1	6.75913021871511
KCNMA1_KCNMB4	IU_PDA_T11	AQP1	6.706920740824001
KCNMA1_KCNMB4	IU_PDA_T11	TBC1D1	6.656306226314423
KCNMA1_KCNMB4	IU_PDA_T11	A2M	6.637840464285778
KCNMA1_KCNMB4	IU_PDA_T11	HAND2	6.629999235818292
KCNMA1_KCNMB4	IU_PDA_T11	ITGA7	6.6080993875182745
KCNMA1_KCNMB4	IU_PDA_T11	MCAM	6.601675774976406
KCNMA1_KCNMB4	IU_PDA_T11	SCRG1	6.418269641921887
KCNMA1_KCNMB4	IU_PDA_T11	RAMP1	6.267218304381977
KCNMA1_KCNMB4	IU_PDA_T11	CACNA1H	6.1659271708018935
KCNMA1_KCNMB4	IU_PDA_T11	C7	5.980773815958963
KCNMA1_KCNMB4	IU_PDA_T11	ITPRID2	5.934400467049411
KCNMA1_KCNMB4	IU_PDA_T11	CPXM2	5.805952595580541
KCNMA1_KCNMB4	IU_PDA_T11	GREM2	5.754254342655021
KCNMA1_KCNMB4	IU_PDA_T11	WNT11	5.695420439080038
KCNMA1_KCNMB4	IU_PDA_T11	TGM2	5.634796913553942
KCNMA1_KCNMB4	IU_PDA_T11	KLK6	5.57350818707585
KCNMA1_KCNMB4	IU_PDA_T11	GCG	5.558881528114864
KCNMA1_KCNMB4	IU_PDA_T11	SFTA2	5.470660214001811
KCNMA1_KCNMB4	IU_PDA_T11	FAM83D	5.421223816082785
KCNMA1_KCNMB4	IU_PDA_T11	SCEL	5.337879803875849
KCNMA1_KCNMB4	IU_PDA_T11	UPK3B	5.318379662673123
KCNMA1_KCNMB4	IU_PDA_T11	HOXB3	5.293644358916822
KCNMA1_KCNMB4	IU_PDA_T11	CRISP3	5.292073683262866
KCNMA1_KCNMB4	IU_PDA_T11	LYPD2	5.285303583801438
KCNMA1_KCNMB4	IU_PDA_T11	LY6D	5.27162892740081
KCNMA1_KCNMB4	IU_PDA_T11	S1PR3	5.264985606923901
KCNMA1_KCNMB4	IU_PDA_T11	ADIRF	5.23431701945567
KCNMA1_KCNMB4	IU_PDA_T11	MUC16	5.216696912453203
KCNMA1_KCNMB4	IU_PDA_T11	KCP	4.9974921903057234
KCNMA1_KCNMB4	IU_PDA_T11	ALS2CL	4.99733803900075
KCNMA1_KCNMB4	IU_PDA_T11	CLIC5	4.952043387243724
KCNMA1_KCNMB4	IU_PDA_T11	WNT10A	4.884898790278454
KCNMA1_KCNMB4	IU_PDA_T11	ANO1	4.734637050732801
KCNMA1_KCNMB4	IU_PDA_T11	MSLN	4.654855150265356
KCNMA1_KCNMB4	IU_PDA_T11	SNCG	4.642246408004052
KCNMA1_KCNMB4	IU_PDA_T11	TM4SF4	4.639516685322487
KCNMA1_KCNMB4	IU_PDA_T11	PHACTR3	4.6075302126188635
KCNMA1_KCNMB4	IU_PDA_T11	COL4A2	4.559895814229982
KCNMA1_KCNMB4	IU_PDA_T11	HIST1H2AC	4.5470921048588115
KCNMA1_KCNMB4	IU_PDA_T11	ITGB3	4.507595834832799
KCNMA1_KCNMB4	IU_PDA_T11	DCBLD2	4.482534773104639
KCNMA1_KCNMB4	IU_PDA_T11	RAPGEFL1	4.427985965832419
KCNMA1_KCNMB4	IU_PDA_T11	SLC39A4	4.402959085315047
KCNMA1_KCNMB4	IU_PDA_T11	NCCRP1	4.401536373737972
KCNMA1_KCNMB4	IU_PDA_T11	CRABP2	4.389547624206201
KCNMA1_KCNMB4	IU_PDA_T11	LAMA5	4.353598718728292
KCNMA1_KCNMB4	IU_PDA_T11	HPGD	4.3362451781487765
KCNMA1_KCNMB4	IU_PDA_T11	IGFBP5	4.311562473247414
KCNMA1_KCNMB4	IU_PDA_T11	KRT23	4.310999960884
KCNMA1_KCNMB4	IU_PDA_T11	KLK8	4.298539195672859
KCNMA1_KCNMB4	IU_PDA_T11	BCAT1	4.253489678979386
KCNMA1_KCNMB4	IU_PDA_T11	KRT20	4.245141304703291
KCNMA1_KCNMB4	IU_PDA_T11	COL4A1	4.177625614466559
KCNMA1_KCNMB4	IU_PDA_T11	TIMP1	4.001081089885896
KCNMA1_KCNMB4	IU_PDA_T11	PLAAT4	3.97490175447205
KCNMA1_KCNMB4	IU_PDA_T11	MMP28	3.957564624545977
KCNMA1_KCNMB4	IU_PDA_T11	CDKN1C	3.947505793768751
KCNMA1_KCNMB4	IU_PDA_T11	WNT7A	3.915284956885498
KCNMA1_KCNMB4	IU_PDA_T11	ZBED2	3.846080652508501
KCNMA1_KCNMB4	IU_PDA_T11	SHANK3	3.7063972815734547
KCNMA1_KCNMB4	IU_PDA_T11	FAM83A	3.6810588058659195
KCNMA1_KCNMB4	IU_PDA_T11	CRIP2	3.6724111171724196
KCNMA1_KCNMB4	IU_PDA_T11	NET1	3.645701996999789
KCNMA1_KCNMB4	IU_PDA_T11	PPL	3.6142874088188557
KCNMA1_KCNMB4	IU_PDA_T11	POSTN	3.4947625444595345
KCNMA1_KCNMB4	IU_PDA_T11	CYP4F22	3.4818348410812168
KCNMA1_KCNMB4	IU_PDA_T11	KLK10	3.4467359187131033
KCNMA1_KCNMB4	IU_PDA_T11	KLK7	3.383082279819921
KCNMA1_KCNMB4	IU_PDA_T11	TRIM31	3.3695217306341423
KCNMA1_KCNMB4	IU_PDA_T11	ACTA2	3.3671213885894336
KCNMA1_KCNMB4	IU_PDA_T11	KCNB1	3.3655626022000993
KCNMA1_KCNMB4	IU_PDA_T11	CAPN13	3.360017045688804
KCNMA1_KCNMB4	IU_PDA_T11	PSCA	3.2817208578012385
KCNMA1_KCNMB4	IU_PDA_T11	IGHM	3.265387922227491
KCNMA1_KCNMB4	IU_PDA_T11	SYT8	3.2529789573177763
KCNMA1_KCNMB4	IU_PDA_T11	IL20RB	3.244697778666584
KCNMA1_KCNMB4	IU_PDA_T11	KRT16	3.2067287960424906
KCNMA1_KCNMB4	IU_PDA_T11	UBD	3.199609063860163
KCNMA1_KCNMB4	IU_PDA_T11	VSTM2L	3.1728560156771977
KCNMA1_KCNMB4	IU_PDA_T11	INPP4B	3.128358387474548
KCNMA1_KCNMB4	IU_PDA_T11	S100G	3.0828124279695173
KCNMA1_KCNMB4	IU_PDA_T11	KCNQ4	3.071656847796952
KCNMA1_KCNMB4	IU_PDA_T11	SULT2B1	3.043692668757044
KCNMA1_KCNMB4	IU_PDA_T11	PTGES	3.033486464262984
KCNMA1_KCNMB4	IU_PDA_T11	TOB1	2.938678563965365
KCNMA1_KCNMB4	IU_PDA_T11	KCNMB4	2.9364091122624427
KCNMA1_KCNMB4	IU_PDA_T11	PALM3	2.8996603382421604
KCNMA1_KCNMB4	IU_PDA_T11	KRT15	2.895715623041285
KCNMA1_KCNMB4	IU_PDA_T11	LCN12	2.87707292333606
KCNMA1_KCNMB4	IU_PDA_T11	VILL	2.858417744559456
KCNMA1_KCNMB4	IU_PDA_T11	ZNF185	2.8433658560519195
KCNMA1_KCNMB4	IU_PDA_T11	TRAK1	2.7974430682311175
KCNMA1_KCNMB4	IU_PDA_T11	KLK11	2.7770965783228596
KCNMA1_KCNMB4	IU_PDA_T11	ID1	2.7427693700225553
KCNMA1_KCNMB4	IU_PDA_T11	CARNS1	2.721751033119205
KCNMA1_KCNMB4	IU_PDA_T11	PCSK6	2.6724400541069837
KCNMA1_KCNMB4	IU_PDA_T11	CCL21	2.597827427833591
KCNMA1_KCNMB4	IU_PDA_T11	GSTK1	2.5630719487987648
KCNMA1_KCNMB4	IU_PDA_T11	CST6	2.537994463524134
KCNMA1_KCNMB4	IU_PDA_T11	HOXB6	2.4972950871147073
KCNMA1_KCNMB4	IU_PDA_T11	KCNAB1	2.4678917951904604
KCNMA1_KCNMB4	IU_PDA_T11	CCL17	2.449359387849671
KCNMA1_KCNMB4	IU_PDA_T11	ASS1	2.398825943278363
KCNMA1_KCNMB4	IU_PDA_T11	KRT13	2.3829416444167184
KCNMA1_KCNMB4	IU_PDA_T11	SLPI	2.3727796373384034
KCNMA1_KCNMB4	IU_PDA_T11	ACSF2	2.363555389021216
KCNMA1_KCNMB4	IU_PDA_T11	NBEAL2	2.3379849544985234
KCNMA1_KCNMB4	IU_PDA_T11	CALB2	2.2938660507658795
KCNMA1_KCNMB4	IU_PDA_T11	IGHG3	2.1576958969400883
KCNMA1_KCNMB4	IU_PDA_T11	TTC9	2.0856505981771716
KCNMA1_KCNMB4	IU_PDA_T11	ERBB2	2.0088520361882902
KCNMA1_KCNMB4	IU_PDA_T11	TRIM29	1.9701601820149321
KCNMA1_KCNMB4	IU_PDA_T11	SLC6A14	1.95573123858918
KCNMA1_KCNMB4	IU_PDA_T11	CLIC3	1.9062156266623342
KCNMA1_KCNMB4	IU_PDA_T11	KCNK3	1.8899573747491074
KCNMA1_KCNMB4	IU_PDA_T11	IGLV3-1	1.8624058838564375
KCNMA1_KCNMB4	IU_PDA_T11	B4GALT1	1.696498060601933
KCNMA1_KCNMB4	IU_PDA_T11	LAMC2	1.6928220111743935
KCNMA1_KCNMB4	IU_PDA_T11	C15orf48	1.6733303008637634
KCNMA1_KCNMB4	IU_PDA_T11	RGS9	1.6687861823977794
KCNMA1_KCNMB4	IU_PDA_T11	ZNF888	1.6594820814286189
KCNMA1_KCNMB4	IU_PDA_T11	CLDN4	1.6316919381013637
KCNMA1_KCNMB4	IU_PDA_T11	PERP	1.6294385975283938
KCNMA1_KCNMB4	IU_PDA_T11	ITGB6	1.6280379563477165
KCNMA1_KCNMB4	IU_PDA_T11	TNFRSF21	1.5949046215021105
KCNMA1_KCNMB4	IU_PDA_T11	KCNN3	1.5562520559964679
KCNMA1_KCNMB4	IU_PDA_T11	KCNK6	1.3927695703900553
KCNMA1_KCNMB4	IU_PDA_T11	ANXA4	1.340336499173202
KCNMA1_KCNMB4	IU_PDA_T11	CD82	1.275264050927492
KCNMA1_KCNMB4	IU_PDA_T11	KCNJ8	1.1591928465134962
KCNMA1_KCNMB4	IU_PDA_T11	ITGB4	1.151879562265871
KCNMA1_KCNMB4	IU_PDA_T11	CEACAM7	1.132987028837756
KCNMA1_KCNMB4	IU_PDA_T11	C19orf33	1.0807663307689148
KCNMA1_KCNMB4	IU_PDA_T11	KCNT2	1.0568383167956101
KCNMA1_KCNMB4	IU_PDA_T11	EVPL	1.0223861176312974
KCNMA1_KCNMB4	IU_PDA_T11	MUC5B	0.9701639146430882
KCNMA1_KCNMB4	IU_PDA_T11	IGKV4-1	0.9475931993429689
KCNMA1_KCNMB4	IU_PDA_T11	PRPH	0.8917803548281744
KCNMA1_KCNMB4	IU_PDA_T11	PADI1	0.823963415254778
KCNMA1_KCNMB4	IU_PDA_T11	MYRF	0.7416303922561076
KCNMA1_KCNMB4	IU_PDA_T11	KIAA1522	0.7370284218870989
KCNMA1_KCNMB4	IU_PDA_T11	AC007906.2	0.7356554419574322
KCNMA1_KCNMB4	IU_PDA_T11	MAL2	0.6497171673252379
KCNMA1_KCNMB4	IU_PDA_T11	AHR	0.5737584447766
KCNMA1_KCNMB4	IU_PDA_T11	CYP3A5	0.5487080611105799
KCNMA1_KCNMB4	IU_PDA_T11	GPRC5A	0.5397665829396681
KCNMA1_KCNMB4	IU_PDA_T11	PTK6	0.5230451670666595
KCNMA1_KCNMB4	IU_PDA_T11	PLVAP	0.5155338611815261
KCNMA1_KCNMB4	IU_PDA_T11	TACSTD2	0.5062766981820362
KCNMA1_KCNMB4	IU_PDA_T11	WFDC2	0.49576387544964357
KCNMA1_KCNMB4	IU_PDA_T11	S100P	0.4714295034359606
KCNMA1_KCNMB4	IU_PDA_T11	SFRP4	0.46400529757599424
KCNMA1_KCNMB4	IU_PDA_T11	LMO7	0.44514932619223996
KCNMA1_KCNMB4	IU_PDA_T11	KCNS3	0.43358297676294666
KCNMA1_KCNMB4	IU_PDA_T11	CEACAM5	0.42003425282015766
KCNMA1_KCNMB4	IU_PDA_T11	PRXL2B	0.41760008472324706
KCNMA1_KCNMB4	IU_PDA_T11	IGHA1	0.4153432860257735
KCNMA1_KCNMB4	IU_PDA_T11	PROM2	0.37031003186205574
KCNMA1_KCNMB4	IU_PDA_T11	SLC40A1	0.3479792691342385
KCNMA1_KCNMB4	IU_PDA_T11	KRT7	0.3338105653691949
KCNMA1_KCNMB4	IU_PDA_T11	KRT18	0.29546947628829595
KCNMA1_KCNMB4	IU_PDA_T11	EPHA2	0.22313660900630833
KCNMA1_KCNMB4	IU_PDA_T11	SERPINE1	0.2109219353697039
KCNMA1_KCNMB4	IU_PDA_T11	CGN	0.13811220399847807
KCNMA1_KCNMB4	IU_PDA_T11	GABRP	0.11679991886511606
KCNMA1_KCNMB4	IU_PDA_T11	PHGR1	0.09456916040987505
KCNMA1_KCNMB4	IU_PDA_T11	TMPRSS4	0.08024519409499199
KCNMA1_KCNMB4	IU_PDA_T11	MT1X	0.03382825554790522
KCNMA1_KCNMB4	IU_PDA_T11	KCNN4	0.03337554180287705
KCNMA1_KCNMB4	IU_PDA_T11	MUC5AC	0.02152013635955625
KCNMA1_KCNMB4	IU_PDA_T11	KRT8	-0.013800001931701777
KCNMA1_KCNMB4	IU_PDA_T11	FOS	-0.028095232692702775
KCNMA1_KCNMB4	IU_PDA_T11	MUC1	-0.12415271071769818
KCNMA1_KCNMB4	IU_PDA_T11	INAVA	-0.22466893648377098
KCNMA1_KCNMB4	IU_PDA_T11	KCNJ15	-0.24474750536824974
KCNMA1_KCNMB4	IU_PDA_T11	PRR15L	-0.2809980578421122
KCNMA1_KCNMB4	IU_PDA_T11	S100A4	-0.30051932431926026
KCNMA1_KCNMB4	IU_PDA_T11	KCNE4	-0.3195408129873106
KCNMA1_KCNMB4	IU_PDA_T11	IGHG4	-0.3332096094590667
KCNMA1_KCNMB4	IU_PDA_T11	LCN2	-0.37884674632160753
KCNMA1_KCNMB4	IU_PDA_T11	MT1E	-0.4419656516594785
KCNMA1_KCNMB4	IU_PDA_T11	KCND3	-0.5014546245884068
KCNMA1_KCNMB4	IU_PDA_T11	ITGA3	-0.5751857309666634
KCNMA1_KCNMB4	IU_PDA_T11	ECM1	-0.6476483266012769
KCNMA1_KCNMB4	IU_PDA_T11	JUP	-0.6557065867547182
KCNMA1_KCNMB4	IU_PDA_T11	IGHG1	-0.7067430587651555
KCNMA1_KCNMB4	IU_PDA_T11	THBS1	-0.7298732491250712
KCNMA1_KCNMB4	IU_PDA_T11	KCNAB2	-0.8052486524234589
KCNMA1_KCNMB4	IU_PDA_T11	LAD1	-0.8265714443723382
KCNMA1_KCNMB4	IU_PDA_T11	IGKC	-0.8340029510803525
KCNMA1_KCNMB4	IU_PDA_T11	ELF3	-0.8799038041124941
KCNMA1_KCNMB4	IU_PDA_T11	KCND2	-1.0538429836381862
KCNMA1_KCNMB4	IU_PDA_T11	MUC20	-1.2174161656430786
KCNMA1_KCNMB4	IU_PDA_T11	TCN1	-1.3021053556992939
KCNMA1_KCNMB4	IU_PDA_T11	TPSB2	-1.3028236831996227
KCNMA1_KCNMB4	IU_PDA_T11	KCNK15	-1.381122150002667
KCNMA1_KCNMB4	IU_PDA_T11	SPINT2	-1.4211260273428419
KCNMA1_KCNMB4	IU_PDA_T11	CDH1	-1.4716496428728942
KCNMA1_KCNMB4	IU_PDA_T11	TGFBI	-1.50264093147851
KCNMA1_KCNMB4	IU_PDA_T11	KRT5	-1.5371327118900897
KCNMA1_KCNMB4	IU_PDA_T11	PPP1R1B	-1.5436104846796599
KCNMA1_KCNMB4	IU_PDA_T11	TM4SF1	-1.5947138018785132
KCNMA1_KCNMB4	IU_PDA_T11	RANBP3L	-1.654426165137146
KCNMA1_KCNMB4	IU_PDA_T11	DDR1	-1.7603650651578482
KCNMA1_KCNMB4	IU_PDA_T11	FXYD3	-1.7746617358463603
KCNMA1_KCNMB4	IU_PDA_T11	GAS1	-1.844290198647962
KCNMA1_KCNMB4	IU_PDA_T11	DHRS3	-1.871202524317734
KCNMA1_KCNMB4	IU_PDA_T11	FBLN1	-1.9417862503158858
KCNMA1_KCNMB4	IU_PDA_T11	SOD2	-1.962127418882002
KCNMA1_KCNMB4	IU_PDA_T11	KCNC4	-1.9903541024778522
KCNMA1_KCNMB4	IU_PDA_T11	IGHG2	-2.0188101713060513
KCNMA1_KCNMB4	IU_PDA_T11	KCNK1	-2.020840897744475
KCNMA1_KCNMB4	IU_PDA_T11	MXRA8	-2.0893914331916545
KCNMA1_KCNMB4	IU_PDA_T11	LOXL1	-2.163861058332444
KCNMA1_KCNMB4	IU_PDA_T11	COL5A1	-2.178035156399045
KCNMA1_KCNMB4	IU_PDA_T11	MMP7	-2.182233996178686
KCNMA1_KCNMB4	IU_PDA_T11	PRSS23	-2.245998362373608
KCNMA1_KCNMB4	IU_PDA_T11	PTGDS	-2.269717385566409
KCNMA1_KCNMB4	IU_PDA_T11	ADRA2A	-2.2738292286523922
KCNMA1_KCNMB4	IU_PDA_T11	AEBP1	-2.2848600406200044
KCNMA1_KCNMB4	IU_PDA_T11	PLAU	-2.290472577845337
KCNMA1_KCNMB4	IU_PDA_T11	IFI27	-2.3667813447789685
KCNMA1_KCNMB4	IU_PDA_T11	C1QTNF3	-2.51337573399714
KCNMA1_KCNMB4	IU_PDA_T11	FIBIN	-2.585423866199178
KCNMA1_KCNMB4	IU_PDA_T11	LAMB3	-2.6421115773625696
KCNMA1_KCNMB4	IU_PDA_T11	ERBB3	-2.648366310301593
KCNMA1_KCNMB4	IU_PDA_T11	CCL18	-2.6549444273430933
KCNMA1_KCNMB4	IU_PDA_T11	MFAP5	-2.7202034400208137
KCNMA1_KCNMB4	IU_PDA_T11	TSPAN8	-2.74290048465113
KCNMA1_KCNMB4	IU_PDA_T11	APOC1	-2.7518712850575224
KCNMA1_KCNMB4	IU_PDA_T11	SLC9A3R1	-2.7719118138328906
KCNMA1_KCNMB4	IU_PDA_T11	COL10A1	-2.7971740792044453
KCNMA1_KCNMB4	IU_PDA_T11	SERPINF1	-2.812607254743207
KCNMA1_KCNMB4	IU_PDA_T11	DPT	-2.832637600630508
KCNMA1_KCNMB4	IU_PDA_T11	TIMP3	-2.9092388098498487
KCNMA1_KCNMB4	IU_PDA_T11	COL12A1	-2.985114466051101
KCNMA1_KCNMB4	IU_PDA_T11	EGLN3	-3.01414276630153
KCNMA1_KCNMB4	IU_PDA_T11	PPBP	-3.0281175179264883
KCNMA1_KCNMB4	IU_PDA_T11	C1QB	-3.048535166742225
KCNMA1_KCNMB4	IU_PDA_T11	PTK7	-3.0648195859297287
KCNMA1_KCNMB4	IU_PDA_T11	PGC	-3.1076924144651006
KCNMA1_KCNMB4	IU_PDA_T11	ABCC3	-3.124927437747139
KCNMA1_KCNMB4	IU_PDA_T11	LUM	-3.1275122724273596
KCNMA1_KCNMB4	IU_PDA_T11	OLFM4	-3.1347942650343286
KCNMA1_KCNMB4	IU_PDA_T11	PLS1	-3.163929052812636
KCNMA1_KCNMB4	IU_PDA_T11	SLC44A4	-3.190303032604449
KCNMA1_KCNMB4	IU_PDA_T11	IGLC1	-3.194054200790961
KCNMA1_KCNMB4	IU_PDA_T11	CCN2	-3.2775398199653147
KCNMA1_KCNMB4	IU_PDA_T11	CCDC80	-3.360362349035605
KCNMA1_KCNMB4	IU_PDA_T11	APOE	-3.4368935373082596
KCNMA1_KCNMB4	IU_PDA_T11	PDZK1IP1	-3.44151967637766
KCNMA1_KCNMB4	IU_PDA_T11	LOXL2	-3.4714348149285055
KCNMA1_KCNMB4	IU_PDA_T11	AQP5	-3.527882484328059
KCNMA1_KCNMB4	IU_PDA_T11	PRRX1	-3.607269926168206
KCNMA1_KCNMB4	IU_PDA_T11	ACER2	-3.614956135007522
KCNMA1_KCNMB4	IU_PDA_T11	VCAN	-3.6456824172094593
KCNMA1_KCNMB4	IU_PDA_T11	ITGBL1	-3.6777648024534324
KCNMA1_KCNMB4	IU_PDA_T11	HSPA1A	-3.7266782977535913
KCNMA1_KCNMB4	IU_PDA_T11	MUC6	-3.7467566740969382
KCNMA1_KCNMB4	IU_PDA_T11	ITGB2	-3.749420337953573
KCNMA1_KCNMB4	IU_PDA_T11	EPCAM	-3.7530563225557607
KCNMA1_KCNMB4	IU_PDA_T11	CTHRC1	-3.87709988586793
KCNMA1_KCNMB4	IU_PDA_T11	CYSTM1	-3.9451764365905375
KCNMA1_KCNMB4	IU_PDA_T11	PRAP1	-3.954477989475806
KCNMA1_KCNMB4	IU_PDA_T11	TRNP1	-3.957029763049682
KCNMA1_KCNMB4	IU_PDA_T11	TYROBP	-3.9627134924980707
KCNMA1_KCNMB4	IU_PDA_T11	HLA-DRA	-3.9755868623203714
KCNMA1_KCNMB4	IU_PDA_T11	LOX	-3.979866342040266
KCNMA1_KCNMB4	IU_PDA_T11	LSR	-4.0518118795998035
KCNMA1_KCNMB4	IU_PDA_T11	LAPTM5	-4.052140900833956
KCNMA1_KCNMB4	IU_PDA_T11	ERICH5	-4.062014750121919
KCNMA1_KCNMB4	IU_PDA_T11	MMP11	-4.114485929857952
KCNMA1_KCNMB4	IU_PDA_T11	GJB2	-4.133170425784453
KCNMA1_KCNMB4	IU_PDA_T11	FNDC1	-4.1509303856066255
KCNMA1_KCNMB4	IU_PDA_T11	SCUBE2	-4.182777592266939
KCNMA1_KCNMB4	IU_PDA_T11	ITGA11	-4.1848564336073535
KCNMA1_KCNMB4	IU_PDA_T11	SFRP2	-4.194706826315501
KCNMA1_KCNMB4	IU_PDA_T11	SLC38A5	-4.207734489694191
KCNMA1_KCNMB4	IU_PDA_T11	CCN1	-4.217979893261187
KCNMA1_KCNMB4	IU_PDA_T11	GPNMB	-4.238550446553924
KCNMA1_KCNMB4	IU_PDA_T11	S100A14	-4.283669577770468
KCNMA1_KCNMB4	IU_PDA_T11	MMP9	-4.290945894704752
KCNMA1_KCNMB4	IU_PDA_T11	THBS2	-4.316237656308953
KCNMA1_KCNMB4	IU_PDA_T11	CTSE	-4.331125937116757
KCNMA1_KCNMB4	IU_PDA_T11	LGALS4	-4.332448541202538
KCNMA1_KCNMB4	IU_PDA_T11	RGS16	-4.3461195550216605
KCNMA1_KCNMB4	IU_PDA_T11	ONECUT2	-4.373637802013467
KCNMA1_KCNMB4	IU_PDA_T11	EPYC	-4.390297117722266
KCNMA1_KCNMB4	IU_PDA_T11	C1QC	-4.4056326347181285
KCNMA1_KCNMB4	IU_PDA_T11	ATP1B1	-4.427986326088274
KCNMA1_KCNMB4	IU_PDA_T11	MS4A7	-4.438178409891312
KCNMA1_KCNMB4	IU_PDA_T11	NR4A1	-4.445093261081626
KCNMA1_KCNMB4	IU_PDA_T11	SLC11A1	-4.476040384735667
KCNMA1_KCNMB4	IU_PDA_T11	SLC12A2	-4.5450938611297085
KCNMA1_KCNMB4	IU_PDA_T11	TMC5	-4.567713272007428
KCNMA1_KCNMB4	IU_PDA_T11	SPP1	-4.646129718383254
KCNMA1_KCNMB4	IU_PDA_T11	C3	-4.656868266945075
KCNMA1_KCNMB4	IU_PDA_T11	SLC2A1	-4.663882515142191
KCNMA1_KCNMB4	IU_PDA_T11	MMP2	-4.680378928645499
KCNMA1_KCNMB4	IU_PDA_T11	ACTL8	-4.6859242294450345
KCNMA1_KCNMB4	IU_PDA_T11	HMGCS2	-4.752145664039283
KCNMA1_KCNMB4	IU_PDA_T11	C6orf141	-4.752622205918264
KCNMA1_KCNMB4	IU_PDA_T11	SERPINA1	-4.804103617955817
KCNMA1_KCNMB4	IU_PDA_T11	RARRES2	-4.831064021936077
KCNMA1_KCNMB4	IU_PDA_T11	TESC	-4.832610717897847
KCNMA1_KCNMB4	IU_PDA_T11	LRRC15	-4.864559919865526
KCNMA1_KCNMB4	IU_PDA_T11	CPE	-4.9012167149952
KCNMA1_KCNMB4	IU_PDA_T11	MARCO	-4.92732260912896
KCNMA1_KCNMB4	IU_PDA_T11	OCIAD2	-4.9455675433059865
KCNMA1_KCNMB4	IU_PDA_T11	CD24	-4.9991516114344225
KCNMA1_KCNMB4	IU_PDA_T11	COL11A1	-5.024287345073069
KCNMA1_KCNMB4	IU_PDA_T11	CD68	-5.075425032561355
KCNMA1_KCNMB4	IU_PDA_T11	ADM	-5.0791323659218985
KCNMA1_KCNMB4	IU_PDA_T11	MEGF6	-5.092851233941996
KCNMA1_KCNMB4	IU_PDA_T11	A4GNT	-5.107742382833921
KCNMA1_KCNMB4	IU_PDA_T11	NQO1	-5.119741836892627
KCNMA1_KCNMB4	IU_PDA_T11	CXCL5	-5.15814826474049
KCNMA1_KCNMB4	IU_PDA_T11	GPX2	-5.188176589927655
KCNMA1_KCNMB4	IU_PDA_T11	IFI44L	-5.205278776737691
KCNMA1_KCNMB4	IU_PDA_T11	ENTPD2	-5.214592045136837
KCNMA1_KCNMB4	IU_PDA_T11	SERPINA3	-5.215759476970032
KCNMA1_KCNMB4	IU_PDA_T11	GADD45B	-5.243490543522267
KCNMA1_KCNMB4	IU_PDA_T11	CDCA7	-5.250712169307111
KCNMA1_KCNMB4	IU_PDA_T11	HTRA1	-5.291576024741634
KCNMA1_KCNMB4	IU_PDA_T11	CTSK	-5.412362634993066
KCNMA1_KCNMB4	IU_PDA_T11	PCOLCE	-5.441073104901662
KCNMA1_KCNMB4	IU_PDA_T11	AZGP1	-5.4437278386074635
KCNMA1_KCNMB4	IU_PDA_T11	DUOXA2	-5.45437689932826
KCNMA1_KCNMB4	IU_PDA_T11	NCOA7	-5.463431476187028
KCNMA1_KCNMB4	IU_PDA_T11	SYT13	-5.499810386527132
KCNMA1_KCNMB4	IU_PDA_T11	CFD	-5.519047612448039
KCNMA1_KCNMB4	IU_PDA_T11	CXCL14	-5.5567188546900335
KCNMA1_KCNMB4	IU_PDA_T11	CFTR	-5.565944383464948
KCNMA1_KCNMB4	IU_PDA_T11	FBP1	-5.577643947159705
KCNMA1_KCNMB4	IU_PDA_T11	ALDH3A1	-5.586460545324947
KCNMA1_KCNMB4	IU_PDA_T11	PIGR	-5.6053673747387815
KCNMA1_KCNMB4	IU_PDA_T11	CDHR2	-5.682310366882677
KCNMA1_KCNMB4	IU_PDA_T11	SMIM24	-5.721880201253703
KCNMA1_KCNMB4	IU_PDA_T11	DUOX2	-5.854940888955179
KCNMA1_KCNMB4	IU_PDA_T11	SPINK1	-5.85589340121391
KCNMA1_KCNMB4	IU_PDA_T11	FBLN2	-5.908070734301037
KCNMA1_KCNMB4	IU_PDA_T11	F5	-5.9324733915267505
KCNMA1_KCNMB4	IU_PDA_T11	TMEM163	-5.983072782851542
KCNMA1_KCNMB4	IU_PDA_T11	PROM1	-5.992895601112428
KCNMA1_KCNMB4	IU_PDA_T11	DNPH1	-6.003769184326722
KCNMA1_KCNMB4	IU_PDA_T11	INHBA	-6.029810220232461
KCNMA1_KCNMB4	IU_PDA_T11	BACE2	-6.283203534127309
KCNMA1_KCNMB4	IU_PDA_T11	CNN2	-6.309574171508662
KCNMA1_KCNMB4	IU_PDA_T11	CA12	-6.360138320272992
KCNMA1_KCNMB4	IU_PDA_T11	BAIAP2L2	-6.600195783154061
KCNMA1_KCNMB4	IU_PDA_T11	SEL1L3	-6.640656999630267
KCNMA1_KCNMB4	IU_PDA_T11	TFF1	-6.709645590724745
KCNMA1_KCNMB4	IU_PDA_T11	PLAUR	-6.833227654024891
KCNMA1_KCNMB4	IU_PDA_T11	RNASET2	-6.950150703133802
KCNMA1_KCNMB4	IU_PDA_T11	TFF3	-6.965378472315929
KCNMA1_KCNMB4	IU_PDA_T11	GCNT3	-7.006191698238755
KCNMA1_KCNMB4	IU_PDA_T11	ANXA10	-7.018012246413079
KCNMA1_KCNMB4	IU_PDA_T11	DMBT1	-7.083355916695349
KCNMA1_KCNMB4	IU_PDA_T11	CP	-7.1012915173968105
KCNMA1_KCNMB4	IU_PDA_T11	VEGFA	-7.1548516816588315
KCNMA1_KCNMB4	IU_PDA_T11	CLDN18	-7.356758440759705
KCNMA1_KCNMB4	IU_PDA_T11	CLDN2	-7.42150966125908
KCNMA1_KCNMB4	IU_PDA_T11	SULT1C2	-7.7044219574426975
KCNMA1_KCNMB4	IU_PDA_T11	SDC1	-7.83796678143065
KCNMA1_KCNMB4	IU_PDA_T11	GOLM1	-8.199994481793937
KCNMA1_KCNMB1	IU_PDA_T12	KCNMA1	9.68003815538853
KCNMA1_KCNMB1	IU_PDA_T12	KCNMA1_KCNMB4	8.36796257051309
KCNMA1_KCNMB1	IU_PDA_T12	COLEC12	6.54784154495737
KCNMA1_KCNMB1	IU_PDA_T12	GREM1	5.751145073204281
KCNMA1_KCNMB1	IU_PDA_T12	NR4A1	5.72996896571451
KCNMA1_KCNMB1	IU_PDA_T12	CXCL12	5.665668268221876
KCNMA1_KCNMB1	IU_PDA_T12	ACTG2	5.488741563617209
KCNMA1_KCNMB1	IU_PDA_T12	KCNAB2	5.458045412386405
KCNMA1_KCNMB1	IU_PDA_T12	HS3ST2	5.32111435634151
KCNMA1_KCNMB1	IU_PDA_T12	FIBIN	5.231759077132807
KCNMA1_KCNMB1	IU_PDA_T12	GAS1	4.897738474631556
KCNMA1_KCNMB1	IU_PDA_T12	ADAM12	4.799367029263534
KCNMA1_KCNMB1	IU_PDA_T12	SEMA3D	4.711021083096812
KCNMA1_KCNMB1	IU_PDA_T12	RASGRF2	4.651400691715851
KCNMA1_KCNMB1	IU_PDA_T12	SLIT3	4.607522453844826
KCNMA1_KCNMB1	IU_PDA_T12	RANBP3L	4.58737177558879
KCNMA1_KCNMB1	IU_PDA_T12	SLC2A3	4.571507639391937
KCNMA1_KCNMB1	IU_PDA_T12	CALB2	4.500196944182552
KCNMA1_KCNMB1	IU_PDA_T12	LRRC15	4.403317425571756
KCNMA1_KCNMB1	IU_PDA_T12	EPYC	4.370115415016699
KCNMA1_KCNMB1	IU_PDA_T12	KCNJ8	4.361544429167457
KCNMA1_KCNMB1	IU_PDA_T12	PLA2G2A	4.108663808051432
KCNMA1_KCNMB1	IU_PDA_T12	RGS16	4.096353069784527
KCNMA1_KCNMB1	IU_PDA_T12	KIF26B	3.9767514235673684
KCNMA1_KCNMB1	IU_PDA_T12	ACP5	3.93755022326626
KCNMA1_KCNMB1	IU_PDA_T12	FOSB	3.7832990912772995
KCNMA1_KCNMB1	IU_PDA_T12	F13A1	3.687484389091304
KCNMA1_KCNMB1	IU_PDA_T12	COL11A1	3.5733548233629806
KCNMA1_KCNMB1	IU_PDA_T12	TMEM158	3.4682837424998056
KCNMA1_KCNMB1	IU_PDA_T12	CCL18	3.4220187280165746
KCNMA1_KCNMB1	IU_PDA_T12	AQP9	3.4139371733714143
KCNMA1_KCNMB1	IU_PDA_T12	SLC11A1	3.354552538942177
KCNMA1_KCNMB1	IU_PDA_T12	ADIRF	3.3191760130918553
KCNMA1_KCNMB1	IU_PDA_T12	FNDC1	3.290835652308623
KCNMA1_KCNMB1	IU_PDA_T12	IGHV5-10-1	3.2246212261923173
KCNMA1_KCNMB1	IU_PDA_T12	ADAMTS16	3.202275935372748
KCNMA1_KCNMB1	IU_PDA_T12	TREM1	3.1975942408489226
KCNMA1_KCNMB1	IU_PDA_T12	GPX3	3.1946228912599572
KCNMA1_KCNMB1	IU_PDA_T12	SRPX	3.192767549840312
KCNMA1_KCNMB1	IU_PDA_T12	SCGB2A1	3.171435179166772
KCNMA1_KCNMB1	IU_PDA_T12	OLR1	3.165272152930123
KCNMA1_KCNMB1	IU_PDA_T12	C5orf46	3.1621443148937622
KCNMA1_KCNMB1	IU_PDA_T12	KCNAB1	3.154541334332923
KCNMA1_KCNMB1	IU_PDA_T12	KCNMB1	3.0618491157759475
KCNMA1_KCNMB1	IU_PDA_T12	S100A8	3.03749240588359
KCNMA1_KCNMB1	IU_PDA_T12	KCNA5	3.006551123996815
KCNMA1_KCNMB1	IU_PDA_T12	MARCO	2.990662083856449
KCNMA1_KCNMB1	IU_PDA_T12	SLC35D3	2.9231663889836397
KCNMA1_KCNMB1	IU_PDA_T12	SCUBE3	2.879849579164343
KCNMA1_KCNMB1	IU_PDA_T12	IGFL3	2.85009030645214
KCNMA1_KCNMB1	IU_PDA_T12	C1QTNF3	2.767736995216848
KCNMA1_KCNMB1	IU_PDA_T12	COL12A1	2.75415253508615
KCNMA1_KCNMB1	IU_PDA_T12	SLC38A4	2.7267959326974966
KCNMA1_KCNMB1	IU_PDA_T12	S100A9	2.6833805873223024
KCNMA1_KCNMB1	IU_PDA_T12	CYP26A1	2.6194802883319337
KCNMA1_KCNMB1	IU_PDA_T12	FHL5	2.5262203261461273
KCNMA1_KCNMB1	IU_PDA_T12	ITGA11	2.4615821604843338
KCNMA1_KCNMB1	IU_PDA_T12	MFAP5	2.4594578047338964
KCNMA1_KCNMB1	IU_PDA_T12	ADCYAP1	2.4211720833963133
KCNMA1_KCNMB1	IU_PDA_T12	VGF	2.3226161401382037
KCNMA1_KCNMB1	IU_PDA_T12	RAB3C	2.291531697308272
KCNMA1_KCNMB1	IU_PDA_T12	ADAMTS1	2.2678843815866996
KCNMA1_KCNMB1	IU_PDA_T12	IFI30	2.2112505335600297
KCNMA1_KCNMB1	IU_PDA_T12	CRYBA2	2.198498382156588
KCNMA1_KCNMB1	IU_PDA_T12	PLAUR	2.1739007128441137
KCNMA1_KCNMB1	IU_PDA_T12	SOD3	2.154933656797236
KCNMA1_KCNMB1	IU_PDA_T12	MMP9	2.135994497647051
KCNMA1_KCNMB1	IU_PDA_T12	CCL21	2.127024760676692
KCNMA1_KCNMB1	IU_PDA_T12	KCNK3	2.1059009590879523
KCNMA1_KCNMB1	IU_PDA_T12	DHRS2	2.0311937533499824
KCNMA1_KCNMB1	IU_PDA_T12	NTRK2	1.9396208498391778
KCNMA1_KCNMB1	IU_PDA_T12	NEUROD1	1.9280272831849352
KCNMA1_KCNMB1	IU_PDA_T12	CHRDL2	1.872121787070405
KCNMA1_KCNMB1	IU_PDA_T12	COL8A1	1.8599624942497137
KCNMA1_KCNMB1	IU_PDA_T12	FBXO32	1.854914176040792
KCNMA1_KCNMB1	IU_PDA_T12	CPE	1.83497743495474
KCNMA1_KCNMB1	IU_PDA_T12	MMRN1	1.7734828888204401
KCNMA1_KCNMB1	IU_PDA_T12	PCSK1	1.7564835319740604
KCNMA1_KCNMB1	IU_PDA_T12	PLAU	1.6731294530070102
KCNMA1_KCNMB1	IU_PDA_T12	PDK4	1.6729089453498693
KCNMA1_KCNMB1	IU_PDA_T12	PPP1R1A	1.6702009967980147
KCNMA1_KCNMB1	IU_PDA_T12	CCL14	1.637867773309101
KCNMA1_KCNMB1	IU_PDA_T12	EEF1A2	1.6342026810901424
KCNMA1_KCNMB1	IU_PDA_T12	LY6D	1.619625147929124
KCNMA1_KCNMB1	IU_PDA_T12	CACNA1A	1.5824769068808395
KCNMA1_KCNMB1	IU_PDA_T12	TSPAN7	1.5535588386301844
KCNMA1_KCNMB1	IU_PDA_T12	GJB2	1.5289661723026475
KCNMA1_KCNMB1	IU_PDA_T12	CLDN5	1.5277677608702904
KCNMA1_KCNMB1	IU_PDA_T12	MMP12	1.5254873053552576
KCNMA1_KCNMB1	IU_PDA_T12	CPLX2	1.4652660624169003
KCNMA1_KCNMB1	IU_PDA_T12	NCCRP1	1.4624217681124336
KCNMA1_KCNMB1	IU_PDA_T12	CELF3	1.4245508600362453
KCNMA1_KCNMB1	IU_PDA_T12	SPARCL1	1.3917319070179104
KCNMA1_KCNMB1	IU_PDA_T12	KRT16	1.357735523595035
KCNMA1_KCNMB1	IU_PDA_T12	SCG3	1.3254294422328008
KCNMA1_KCNMB1	IU_PDA_T12	FCGBP	1.3170456538448436
KCNMA1_KCNMB1	IU_PDA_T12	SYT7	1.3168292115121025
KCNMA1_KCNMB1	IU_PDA_T12	ADM	1.313756858679681
KCNMA1_KCNMB1	IU_PDA_T12	DLK1	1.2629126931531445
KCNMA1_KCNMB1	IU_PDA_T12	TNXB	1.24462579678871
KCNMA1_KCNMB1	IU_PDA_T12	ATRNL1	1.2440170854689678
KCNMA1_KCNMB1	IU_PDA_T12	CDSN	1.230779102465891
KCNMA1_KCNMB1	IU_PDA_T12	VSTM2L	1.191676817776721
KCNMA1_KCNMB1	IU_PDA_T12	TM4SF4	1.1465678918309066
KCNMA1_KCNMB1	IU_PDA_T12	AMTN	1.1371962820622838
KCNMA1_KCNMB1	IU_PDA_T12	PHACTR3	1.1154517005686835
KCNMA1_KCNMB1	IU_PDA_T12	NKD2	1.1130332139151131
KCNMA1_KCNMB1	IU_PDA_T12	KCNT2	1.108309370387111
KCNMA1_KCNMB1	IU_PDA_T12	ERO1B	1.0960383868437371
KCNMA1_KCNMB1	IU_PDA_T12	LOXL2	1.0740743474124244
KCNMA1_KCNMB1	IU_PDA_T12	NEURL1	1.0157311404036191
KCNMA1_KCNMB1	IU_PDA_T12	KCNMB2	0.9873490087146365
KCNMA1_KCNMB1	IU_PDA_T12	TFCP2L1	0.972090983120461
KCNMA1_KCNMB1	IU_PDA_T12	MFAP4	0.9541722651721847
KCNMA1_KCNMB1	IU_PDA_T12	PCSK2	0.9484541174719961
KCNMA1_KCNMB1	IU_PDA_T12	KCNE4	0.9366007444621409
KCNMA1_KCNMB1	IU_PDA_T12	PI16	0.9183676317119849
KCNMA1_KCNMB1	IU_PDA_T12	SCGB3A1	0.894539246982187
KCNMA1_KCNMB1	IU_PDA_T12	CRABP2	0.8741690932294487
KCNMA1_KCNMB1	IU_PDA_T12	GJD2	0.868614040095573
KCNMA1_KCNMB1	IU_PDA_T12	PTP4A3	0.8641437423605798
KCNMA1_KCNMB1	IU_PDA_T12	TPSB2	0.8604018790763233
KCNMA1_KCNMB1	IU_PDA_T12	SDC1	0.8567316357675316
KCNMA1_KCNMB1	IU_PDA_T12	GC	0.8549991906451696
KCNMA1_KCNMB1	IU_PDA_T12	LMO7	0.8492276976913632
KCNMA1_KCNMB1	IU_PDA_T12	KCNK15	0.8309961674516833
KCNMA1_KCNMB1	IU_PDA_T12	SCEL	0.8218888988482971
KCNMA1_KCNMB1	IU_PDA_T12	SPRR3	0.7876127023643641
KCNMA1_KCNMB1	IU_PDA_T12	S100A2	0.7807531962985687
KCNMA1_KCNMB1	IU_PDA_T12	IGF1	0.7744944052960232
KCNMA1_KCNMB1	IU_PDA_T12	MUC16	0.7333329008628787
KCNMA1_KCNMB1	IU_PDA_T12	COL14A1	0.7314720638302669
KCNMA1_KCNMB1	IU_PDA_T12	KRT6B	0.7209461371928025
KCNMA1_KCNMB1	IU_PDA_T12	TRIM29	0.7151864705586535
KCNMA1_KCNMB1	IU_PDA_T12	TTR	0.695341578273469
KCNMA1_KCNMB1	IU_PDA_T12	OGN	0.671867065880563
KCNMA1_KCNMB1	IU_PDA_T12	CCL19	0.6679292337341176
KCNMA1_KCNMB1	IU_PDA_T12	SCG5	0.6493441340732898
KCNMA1_KCNMB1	IU_PDA_T12	G6PC2	0.6231381302720036
KCNMA1_KCNMB1	IU_PDA_T12	IGHG1	0.6219132334277877
KCNMA1_KCNMB1	IU_PDA_T12	PCDH7	0.6177786120186681
KCNMA1_KCNMB1	IU_PDA_T12	HSPB6	0.6010699295113844
KCNMA1_KCNMB1	IU_PDA_T12	NRXN1	0.5833092558579421
KCNMA1_KCNMB1	IU_PDA_T12	KCNK17	0.5820296438794131
KCNMA1_KCNMB1	IU_PDA_T12	KCNJ16	0.5819707490723348
KCNMA1_KCNMB1	IU_PDA_T12	CPA3	0.5442945813832282
KCNMA1_KCNMB1	IU_PDA_T12	CTHRC1	0.5126547544577604
KCNMA1_KCNMB1	IU_PDA_T12	TNS4	0.4832094501054194
KCNMA1_KCNMB1	IU_PDA_T12	HMGA2	0.43969236553919605
KCNMA1_KCNMB1	IU_PDA_T12	KRT5	0.43629549699768977
KCNMA1_KCNMB1	IU_PDA_T12	PCSK1N	0.43121460310780974
KCNMA1_KCNMB1	IU_PDA_T12	CAVIN2	0.41703471802077385
KCNMA1_KCNMB1	IU_PDA_T12	KRT80	0.3769747469717148
KCNMA1_KCNMB1	IU_PDA_T12	GFRA1	0.35373929000391074
KCNMA1_KCNMB1	IU_PDA_T12	COL17A1	0.3490868745280528
KCNMA1_KCNMB1	IU_PDA_T12	KCNN3	0.3387219428792292
KCNMA1_KCNMB1	IU_PDA_T12	ABCC8	0.29687130214789076
KCNMA1_KCNMB1	IU_PDA_T12	NKX2-2	0.29351270905670496
KCNMA1_KCNMB1	IU_PDA_T12	C1QL1	0.26736010925025766
KCNMA1_KCNMB1	IU_PDA_T12	CAPG	0.2572158813251033
KCNMA1_KCNMB1	IU_PDA_T12	KCNB1	0.2556764374492735
KCNMA1_KCNMB1	IU_PDA_T12	IGHG3	0.2479135507064962
KCNMA1_KCNMB1	IU_PDA_T12	IGLV3-1	0.21450736587920266
KCNMA1_KCNMB1	IU_PDA_T12	TGFB3	0.2097257909571128
KCNMA1_KCNMB1	IU_PDA_T12	SCG2	0.19392297994874835
KCNMA1_KCNMB1	IU_PDA_T12	PPL	0.17893912266256629
KCNMA1_KCNMB1	IU_PDA_T12	SLC30A8	0.16738437656932534
KCNMA1_KCNMB1	IU_PDA_T12	CXCL8	0.16582456098101872
KCNMA1_KCNMB1	IU_PDA_T12	ANKRD37	0.14318316846895193
KCNMA1_KCNMB1	IU_PDA_T12	AHNAK2	0.1348509659821149
KCNMA1_KCNMB1	IU_PDA_T12	GAP43	0.13103475287186434
KCNMA1_KCNMB1	IU_PDA_T12	KCND2	0.09847576669685301
KCNMA1_KCNMB1	IU_PDA_T12	PADI1	0.07276600592370276
KCNMA1_KCNMB1	IU_PDA_T12	SERPINE1	0.047000081885279765
KCNMA1_KCNMB1	IU_PDA_T12	BTG2	0.04392235723167656
KCNMA1_KCNMB1	IU_PDA_T12	SELENOP	0.008197681822339918
KCNMA1_KCNMB1	IU_PDA_T12	PGF	0.006437598870013454
KCNMA1_KCNMB1	IU_PDA_T12	IGLC7	-0.051288091764476365
KCNMA1_KCNMB1	IU_PDA_T12	SDC4	-0.07988256295008071
KCNMA1_KCNMB1	IU_PDA_T12	SST	-0.1607522925610556
KCNMA1_KCNMB1	IU_PDA_T12	ABCA8	-0.21788966072430418
KCNMA1_KCNMB1	IU_PDA_T12	TMOD1	-0.26799350637653263
KCNMA1_KCNMB1	IU_PDA_T12	KCNK6	-0.32349504150880587
KCNMA1_KCNMB1	IU_PDA_T12	APOC1	-0.3616101331113035
KCNMA1_KCNMB1	IU_PDA_T12	KIAA1324	-0.38230651196216153
KCNMA1_KCNMB1	IU_PDA_T12	HBA2	-0.3926268981825304
KCNMA1_KCNMB1	IU_PDA_T12	EGLN3	-0.395721576704681
KCNMA1_KCNMB1	IU_PDA_T12	NGFR	-0.40961785851422844
KCNMA1_KCNMB1	IU_PDA_T12	CCL20	-0.4153608774024217
KCNMA1_KCNMB1	IU_PDA_T12	KCNS3	-0.43526378448210756
KCNMA1_KCNMB1	IU_PDA_T12	SCGN	-0.44309619354469265
KCNMA1_KCNMB1	IU_PDA_T12	PRG4	-0.49347709738066736
KCNMA1_KCNMB1	IU_PDA_T12	CXCL5	-0.5423032228782639
KCNMA1_KCNMB1	IU_PDA_T12	CCN3	-0.5460116161798743
KCNMA1_KCNMB1	IU_PDA_T12	CHGA	-0.6137996457870936
KCNMA1_KCNMB1	IU_PDA_T12	ITGA2	-0.6180162966910804
KCNMA1_KCNMB1	IU_PDA_T12	KRT81	-0.6247833480561727
KCNMA1_KCNMB1	IU_PDA_T12	IGHD	-0.6503111888022203
KCNMA1_KCNMB1	IU_PDA_T12	C15orf48	-0.6552956167121832
KCNMA1_KCNMB1	IU_PDA_T12	CHRDL1	-0.6664850455580915
KCNMA1_KCNMB1	IU_PDA_T12	MGP	-0.6977724806477499
KCNMA1_KCNMB1	IU_PDA_T12	KCNQ4	-0.7105480619939485
KCNMA1_KCNMB1	IU_PDA_T12	WNT4	-0.7368289448893605
KCNMA1_KCNMB1	IU_PDA_T12	MUC1	-0.7455803782593499
KCNMA1_KCNMB1	IU_PDA_T12	ITGB8	-0.7526716579821336
KCNMA1_KCNMB1	IU_PDA_T12	CCL28	-0.7549270773571238
KCNMA1_KCNMB1	IU_PDA_T12	KCNMB4	-0.7579016499763228
KCNMA1_KCNMB1	IU_PDA_T12	KRT15	-0.760611561943853
KCNMA1_KCNMB1	IU_PDA_T12	NPR3	-0.7617699797368371
KCNMA1_KCNMB1	IU_PDA_T12	KLK6	-0.7866055859656558
KCNMA1_KCNMB1	IU_PDA_T12	IGHV6-1	-0.8003404933850993
KCNMA1_KCNMB1	IU_PDA_T12	SBSPON	-0.8197243391164424
KCNMA1_KCNMB1	IU_PDA_T12	IGLC1	-0.9311504632146762
KCNMA1_KCNMB1	IU_PDA_T12	KCND3	-0.933121020169388
KCNMA1_KCNMB1	IU_PDA_T12	SPINT1	-0.9373260392949286
KCNMA1_KCNMB1	IU_PDA_T12	EPPK1	-0.9466200259718456
KCNMA1_KCNMB1	IU_PDA_T12	SERINC2	-0.9640636936521102
KCNMA1_KCNMB1	IU_PDA_T12	RASD1	-0.9684290521202207
KCNMA1_KCNMB1	IU_PDA_T12	IGHM	-0.9882030366882858
KCNMA1_KCNMB1	IU_PDA_T12	CST6	-1.0080283656600246
KCNMA1_KCNMB1	IU_PDA_T12	IGHG4	-1.0332487361842977
KCNMA1_KCNMB1	IU_PDA_T12	PI3	-1.0370400538123052
KCNMA1_KCNMB1	IU_PDA_T12	CLDN4	-1.0813608571209703
KCNMA1_KCNMB1	IU_PDA_T12	SPP1	-1.100076130371201
KCNMA1_KCNMB1	IU_PDA_T12	LAMC2	-1.1153875634141452
KCNMA1_KCNMB1	IU_PDA_T12	KRT8	-1.2066777186104927
KCNMA1_KCNMB1	IU_PDA_T12	LIF	-1.211461093669572
KCNMA1_KCNMB1	IU_PDA_T12	IGHG2	-1.2954848091425017
KCNMA1_KCNMB1	IU_PDA_T12	KRT23	-1.3024604126867336
KCNMA1_KCNMB1	IU_PDA_T12	EREG	-1.3098566590634046
KCNMA1_KCNMB1	IU_PDA_T12	PROM2	-1.3183591693796748
KCNMA1_KCNMB1	IU_PDA_T12	PRELP	-1.3190352221757573
KCNMA1_KCNMB1	IU_PDA_T12	KLK7	-1.33508216827593
KCNMA1_KCNMB1	IU_PDA_T12	ABCC3	-1.3437132660386075
KCNMA1_KCNMB1	IU_PDA_T12	HSD11B2	-1.3642997063310336
KCNMA1_KCNMB1	IU_PDA_T12	KLK11	-1.3787389424354874
KCNMA1_KCNMB1	IU_PDA_T12	CHGB	-1.3896781581349278
KCNMA1_KCNMB1	IU_PDA_T12	SCN7A	-1.4376973654306233
KCNMA1_KCNMB1	IU_PDA_T12	LAMB3	-1.4572125402324778
KCNMA1_KCNMB1	IU_PDA_T12	AGT	-1.4636796113015853
KCNMA1_KCNMB1	IU_PDA_T12	SYNPO2	-1.4661272305841195
KCNMA1_KCNMB1	IU_PDA_T12	IGHV1-46	-1.476061708165937
KCNMA1_KCNMB1	IU_PDA_T12	APOE	-1.5121996573144483
KCNMA1_KCNMB1	IU_PDA_T12	SPINK1	-1.5559399571791253
KCNMA1_KCNMB1	IU_PDA_T12	SLC40A1	-1.5584551886430478
KCNMA1_KCNMB1	IU_PDA_T12	PRSS8	-1.6013188715250526
KCNMA1_KCNMB1	IU_PDA_T12	KRT7	-1.6129395370424269
KCNMA1_KCNMB1	IU_PDA_T12	EPS8L2	-1.6282216535991636
KCNMA1_KCNMB1	IU_PDA_T12	SAA2	-1.6517827466841979
KCNMA1_KCNMB1	IU_PDA_T12	CDH19	-1.7060397322881566
KCNMA1_KCNMB1	IU_PDA_T12	ADAMTSL2	-1.7631001547942375
KCNMA1_KCNMB1	IU_PDA_T12	SAA1	-1.7883759945477464
KCNMA1_KCNMB1	IU_PDA_T12	ZC3H12A	-1.81959239847626
KCNMA1_KCNMB1	IU_PDA_T12	FRZB	-1.8415062685118764
KCNMA1_KCNMB1	IU_PDA_T12	C7	-1.8511372840670286
KCNMA1_KCNMB1	IU_PDA_T12	MMP11	-1.853522685835353
KCNMA1_KCNMB1	IU_PDA_T12	NECTIN4	-1.8761810558271415
KCNMA1_KCNMB1	IU_PDA_T12	SCNN1A	-1.9147777141281896
KCNMA1_KCNMB1	IU_PDA_T12	PTPRN2	-1.9152595635698308
KCNMA1_KCNMB1	IU_PDA_T12	ITGB4	-1.9160064750287216
KCNMA1_KCNMB1	IU_PDA_T12	EPCAM	-1.9454802059759215
KCNMA1_KCNMB1	IU_PDA_T12	DUOX2	-1.953846158614198
KCNMA1_KCNMB1	IU_PDA_T12	FBLN5	-1.9747514935430581
KCNMA1_KCNMB1	IU_PDA_T12	F2R	-1.9990965860844625
KCNMA1_KCNMB1	IU_PDA_T12	DPEP1	-2.0315178091052664
KCNMA1_KCNMB1	IU_PDA_T12	S100P	-2.0336019338102562
KCNMA1_KCNMB1	IU_PDA_T12	COLEC11	-2.046594789309842
KCNMA1_KCNMB1	IU_PDA_T12	GPBAR1	-2.0667100473741686
KCNMA1_KCNMB1	IU_PDA_T12	TACSTD2	-2.113994494125584
KCNMA1_KCNMB1	IU_PDA_T12	LSR	-2.1298328950065164
KCNMA1_KCNMB1	IU_PDA_T12	MATN2	-2.1450166355070235
KCNMA1_KCNMB1	IU_PDA_T12	SYT8	-2.1945346062092717
KCNMA1_KCNMB1	IU_PDA_T12	AQP5	-2.2259619882594053
KCNMA1_KCNMB1	IU_PDA_T12	IER3	-2.307357982355519
KCNMA1_KCNMB1	IU_PDA_T12	THBS4	-2.3142179772523668
KCNMA1_KCNMB1	IU_PDA_T12	IYD	-2.3145990414869737
KCNMA1_KCNMB1	IU_PDA_T12	S100A14	-2.318694882455965
KCNMA1_KCNMB1	IU_PDA_T12	MUCL3	-2.3259807646363555
KCNMA1_KCNMB1	IU_PDA_T12	CDH1	-2.330185108024803
KCNMA1_KCNMB1	IU_PDA_T12	AZGP1	-2.364054607869383
KCNMA1_KCNMB1	IU_PDA_T12	KRT18	-2.3737332286635913
KCNMA1_KCNMB1	IU_PDA_T12	JCHAIN	-2.377212274650599
KCNMA1_KCNMB1	IU_PDA_T12	PAEP	-2.3929331730404386
KCNMA1_KCNMB1	IU_PDA_T12	MAL2	-2.41891825700903
KCNMA1_KCNMB1	IU_PDA_T12	MZB1	-2.4468331462728274
KCNMA1_KCNMB1	IU_PDA_T12	IGKV4-1	-2.532309433101375
KCNMA1_KCNMB1	IU_PDA_T12	PSCA	-2.579635760301223
KCNMA1_KCNMB1	IU_PDA_T12	FER1L6	-2.6031523377005623
KCNMA1_KCNMB1	IU_PDA_T12	KCNC4	-2.6229301227809496
KCNMA1_KCNMB1	IU_PDA_T12	SFTA2	-2.6344694117218115
KCNMA1_KCNMB1	IU_PDA_T12	ANGPTL7	-2.6377363373186666
KCNMA1_KCNMB1	IU_PDA_T12	RGS5	-2.6809147863512837
KCNMA1_KCNMB1	IU_PDA_T12	CRLF1	-2.6864533449755394
KCNMA1_KCNMB1	IU_PDA_T12	SOX10	-2.6956254593573945
KCNMA1_KCNMB1	IU_PDA_T12	PTGDS	-2.707603842254145
KCNMA1_KCNMB1	IU_PDA_T12	LCN2	-2.7368178553883364
KCNMA1_KCNMB1	IU_PDA_T12	SLC6A14	-2.7449744150048425
KCNMA1_KCNMB1	IU_PDA_T12	TFF1	-2.8116031036629177
KCNMA1_KCNMB1	IU_PDA_T12	CGN	-2.825022700996678
KCNMA1_KCNMB1	IU_PDA_T12	SLC2A1	-2.8456884606299737
KCNMA1_KCNMB1	IU_PDA_T12	GPRC5A	-2.8471049675413185
KCNMA1_KCNMB1	IU_PDA_T12	CP	-2.8541194817916455
KCNMA1_KCNMB1	IU_PDA_T12	HMGCS2	-2.86807718423794
KCNMA1_KCNMB1	IU_PDA_T12	CLDN6	-2.8789738643100744
KCNMA1_KCNMB1	IU_PDA_T12	CRISP3	-2.8828820216307336
KCNMA1_KCNMB1	IU_PDA_T12	KCNK1	-2.8841535424328826
KCNMA1_KCNMB1	IU_PDA_T12	C19orf33	-2.905705640143911
KCNMA1_KCNMB1	IU_PDA_T12	EPHA3	-2.9382237792559533
KCNMA1_KCNMB1	IU_PDA_T12	PGC	-2.943879456325864
KCNMA1_KCNMB1	IU_PDA_T12	FXYD3	-2.9525411021262746
KCNMA1_KCNMB1	IU_PDA_T12	UGT1A6	-3.0080671292300383
KCNMA1_KCNMB1	IU_PDA_T12	PRSS22	-3.013860596200877
KCNMA1_KCNMB1	IU_PDA_T12	MMP7	-3.0168684790027442
KCNMA1_KCNMB1	IU_PDA_T12	TCN1	-3.0294468483949437
KCNMA1_KCNMB1	IU_PDA_T12	REG1A	-3.051844126972712
KCNMA1_KCNMB1	IU_PDA_T12	DUOXA2	-3.055128052346394
KCNMA1_KCNMB1	IU_PDA_T12	FGFR3	-3.058925242603866
KCNMA1_KCNMB1	IU_PDA_T12	KCNJ15	-3.072926477591206
KCNMA1_KCNMB1	IU_PDA_T12	LGALS4	-3.0792225256922907
KCNMA1_KCNMB1	IU_PDA_T12	MUC17	-3.109873691742879
KCNMA1_KCNMB1	IU_PDA_T12	KCNE3	-3.1308716010644897
KCNMA1_KCNMB1	IU_PDA_T12	PDZK1IP1	-3.1317677365240635
KCNMA1_KCNMB1	IU_PDA_T12	CPA6	-3.1722342801436367
KCNMA1_KCNMB1	IU_PDA_T12	FUT2	-3.173136031030852
KCNMA1_KCNMB1	IU_PDA_T12	INMT	-3.178726846795597
KCNMA1_KCNMB1	IU_PDA_T12	BAIAP2L1	-3.2450404152548247
KCNMA1_KCNMB1	IU_PDA_T12	EFNA1	-3.247002408406097
KCNMA1_KCNMB1	IU_PDA_T12	HABP2	-3.301837946395812
KCNMA1_KCNMB1	IU_PDA_T12	CEACAM7	-3.340265482946653
KCNMA1_KCNMB1	IU_PDA_T12	IGFBP2	-3.35265268529877
KCNMA1_KCNMB1	IU_PDA_T12	TSPAN1	-3.361806159232474
KCNMA1_KCNMB1	IU_PDA_T12	IGLV9-49	-3.4176311270404036
KCNMA1_KCNMB1	IU_PDA_T12	PPP1R1B	-3.4469133797836613
KCNMA1_KCNMB1	IU_PDA_T12	MUC5AC	-3.452421198133725
KCNMA1_KCNMB1	IU_PDA_T12	C4orf19	-3.4948057782190673
KCNMA1_KCNMB1	IU_PDA_T12	WFDC2	-3.529054128021164
KCNMA1_KCNMB1	IU_PDA_T12	ITGB6	-3.53904605891202
KCNMA1_KCNMB1	IU_PDA_T12	CTSE	-3.5459336610517607
KCNMA1_KCNMB1	IU_PDA_T12	LAD1	-3.5481579524486797
KCNMA1_KCNMB1	IU_PDA_T12	RNF128	-3.550698687000483
KCNMA1_KCNMB1	IU_PDA_T12	SLPI	-3.555037602031449
KCNMA1_KCNMB1	IU_PDA_T12	ANXA3	-3.567721234857895
KCNMA1_KCNMB1	IU_PDA_T12	MUC4	-3.567811998100895
KCNMA1_KCNMB1	IU_PDA_T12	CCDC198	-3.5894549872516017
KCNMA1_KCNMB1	IU_PDA_T12	HEYL	-3.594184060737055
KCNMA1_KCNMB1	IU_PDA_T12	AKR1C2	-3.5977868408259135
KCNMA1_KCNMB1	IU_PDA_T12	TMPRSS4	-3.599304147225958
KCNMA1_KCNMB1	IU_PDA_T12	CEACAM5	-3.5998527512570453
KCNMA1_KCNMB1	IU_PDA_T12	WDR72	-3.6068360675607756
KCNMA1_KCNMB1	IU_PDA_T12	AGR2	-3.6230072555018324
KCNMA1_KCNMB1	IU_PDA_T12	KCNN4	-3.653618694354403
KCNMA1_KCNMB1	IU_PDA_T12	PROM1	-3.664974762731799
KCNMA1_KCNMB1	IU_PDA_T12	AKR1C3	-3.697251032455852
KCNMA1_KCNMB1	IU_PDA_T12	NR2F1	-3.7094982836907304
KCNMA1_KCNMB1	IU_PDA_T12	BAIAP2L2	-3.7215356895814917
KCNMA1_KCNMB1	IU_PDA_T12	INAVA	-3.736334405276657
KCNMA1_KCNMB1	IU_PDA_T12	FA2H	-3.744349618362959
KCNMA1_KCNMB1	IU_PDA_T12	A4GNT	-3.793730647380315
KCNMA1_KCNMB1	IU_PDA_T12	CST1	-3.817770749380074
KCNMA1_KCNMB1	IU_PDA_T12	SOX9	-3.8314323748231653
KCNMA1_KCNMB1	IU_PDA_T12	FUT9	-3.8389769360715054
KCNMA1_KCNMB1	IU_PDA_T12	INPP4B	-3.844815018385921
KCNMA1_KCNMB1	IU_PDA_T12	BNIP5	-3.8479080543019255
KCNMA1_KCNMB1	IU_PDA_T12	MLPH	-3.848628678590656
KCNMA1_KCNMB1	IU_PDA_T12	MUC6	-3.860306854388831
KCNMA1_KCNMB1	IU_PDA_T12	MUC3A	-3.871641747710673
KCNMA1_KCNMB1	IU_PDA_T12	NRXN2	-3.8780170723412586
KCNMA1_KCNMB1	IU_PDA_T12	CYP3A5	-3.879061693373688
KCNMA1_KCNMB1	IU_PDA_T12	TNNC1	-3.8934190354169833
KCNMA1_KCNMB1	IU_PDA_T12	SLC44A4	-3.9043052079664906
KCNMA1_KCNMB1	IU_PDA_T12	GABRP	-3.906305825008754
KCNMA1_KCNMB1	IU_PDA_T12	TFF3	-3.9326861043873986
KCNMA1_KCNMB1	IU_PDA_T12	EHF	-3.9439733787824927
KCNMA1_KCNMB1	IU_PDA_T12	ENG	-3.957926418470179
KCNMA1_KCNMB1	IU_PDA_T12	GPX2	-3.9626885013519857
KCNMA1_KCNMB1	IU_PDA_T12	FAM3D	-3.963955916229599
KCNMA1_KCNMB1	IU_PDA_T12	PIGR	-3.973689919969347
KCNMA1_KCNMB1	IU_PDA_T12	TFF2	-3.976025077323944
KCNMA1_KCNMB1	IU_PDA_T12	EPS8L3	-3.9837862754298703
KCNMA1_KCNMB1	IU_PDA_T12	UGT2A3	-3.98412911167175
KCNMA1_KCNMB1	IU_PDA_T12	STRA6	-4.001446458189116
KCNMA1_KCNMB1	IU_PDA_T12	PIK3C2G	-4.003976546573416
KCNMA1_KCNMB1	IU_PDA_T12	HNF4A	-4.0073369778770624
KCNMA1_KCNMB1	IU_PDA_T12	MUC5B	-4.01132446724651
KCNMA1_KCNMB1	IU_PDA_T12	NR1I2	-4.021615021351832
KCNMA1_KCNMB1	IU_PDA_T12	CXCL17	-4.071603333676505
KCNMA1_KCNMB1	IU_PDA_T12	ONECUT2	-4.093743939582225
KCNMA1_KCNMB1	IU_PDA_T12	CD24	-4.111871318755402
KCNMA1_KCNMB1	IU_PDA_T12	CA2	-4.133137055543981
KCNMA1_KCNMB1	IU_PDA_T12	GALNT4	-4.139217720106287
KCNMA1_KCNMB1	IU_PDA_T12	MOGAT1	-4.143010420042602
KCNMA1_KCNMB1	IU_PDA_T12	VSIG1	-4.158141466103415
KCNMA1_KCNMB1	IU_PDA_T12	TMC5	-4.1797712359692545
KCNMA1_KCNMB1	IU_PDA_T12	RAP1GAP	-4.202825508353397
KCNMA1_KCNMB1	IU_PDA_T12	CAPN8	-4.2730150184203906
KCNMA1_KCNMB1	IU_PDA_T12	DMBT1	-4.319331231635586
KCNMA1_KCNMB1	IU_PDA_T12	ELF3	-4.344858503596896
KCNMA1_KCNMB1	IU_PDA_T12	PRAP1	-4.392586913480704
KCNMA1_KCNMB1	IU_PDA_T12	F2RL2	-4.415398135980599
KCNMA1_KCNMB1	IU_PDA_T12	AMN	-4.428693710634611
KCNMA1_KCNMB1	IU_PDA_T12	CLDN18	-4.430472041043994
KCNMA1_KCNMB1	IU_PDA_T12	MIA	-4.434876222554577
KCNMA1_KCNMB1	IU_PDA_T12	CAPN12	-4.4684784487555484
KCNMA1_KCNMB1	IU_PDA_T12	KLF5	-4.512860282138331
KCNMA1_KCNMB1	IU_PDA_T12	ARL14	-4.542167066747322
KCNMA1_KCNMB1	IU_PDA_T12	IGLV6-57	-4.54438040684888
KCNMA1_KCNMB1	IU_PDA_T12	ERBB3	-4.587913029996461
KCNMA1_KCNMB1	IU_PDA_T12	TRIM54	-4.606720044010386
KCNMA1_KCNMB1	IU_PDA_T12	TSPAN8	-4.612906974841069
KCNMA1_KCNMB1	IU_PDA_T12	NQO1	-4.681266433972889
KCNMA1_KCNMB1	IU_PDA_T12	CLDN2	-4.691577520692366
KCNMA1_KCNMB1	IU_PDA_T12	SULT1C2	-4.735985267651887
KCNMA1_KCNMB1	IU_PDA_T12	OLFM4	-4.833984077204353
KCNMA1_KCNMB1	IU_PDA_T12	GCNT3	-4.863473066539836
KCNMA1_KCNMB1	IU_PDA_T12	ADH1C	-4.910116742775873
KCNMA1_KCNMB1	IU_PDA_T12	ANXA10	-4.910334338829492
KCNMA1_KCNMB1	IU_PDA_T12	PDIA2	-4.940221491511984
KCNMA1_KCNMB1	IU_PDA_T12	PRR15L	-5.060733605625786
KCNMA1_KCNMB1	IU_PDA_T12	ERN2	-5.080647913735198
KCNMA1_KCNMB1	IU_PDA_T12	TESC	-5.095367687117509
KCNMA1_KCNMB1	IU_PDA_T12	CDCA7	-5.10350517048153
KCNMA1_KCNMB1	IU_PDA_T12	PRSS1	-5.191080855322115
KCNMA1_KCNMB1	IU_PDA_T12	SLC3A1	-5.365670127956287
KCNMA1_KCNMB1	IU_PDA_T12	PLA2G10	-6.0130296760672355
KCNMA1_KCNMB1	IU_PDA_T12	CFTR	-6.048651721676269
KCNMA1_KCNMB4	IU_PDA_T12	KCNMA1	9.842580392101967
KCNMA1_KCNMB4	IU_PDA_T12	COLEC12	8.586889955390106
KCNMA1_KCNMB4	IU_PDA_T12	KCNMA1_KCNMB1	8.36796257051309
KCNMA1_KCNMB4	IU_PDA_T12	CXCL12	7.744814126639099
KCNMA1_KCNMB4	IU_PDA_T12	RASGRF2	6.60044569960831
KCNMA1_KCNMB4	IU_PDA_T12	SEMA3D	6.097582478090497
KCNMA1_KCNMB4	IU_PDA_T12	SLIT3	6.058193205510628
KCNMA1_KCNMB4	IU_PDA_T12	GAS1	6.040492441294458
KCNMA1_KCNMB4	IU_PDA_T12	FIBIN	5.681957479473206
KCNMA1_KCNMB4	IU_PDA_T12	KCNAB2	5.5613982052366255
KCNMA1_KCNMB4	IU_PDA_T12	ADAM12	5.50292894215896
KCNMA1_KCNMB4	IU_PDA_T12	GREM1	5.464491798111422
KCNMA1_KCNMB4	IU_PDA_T12	KCNJ8	5.379387686028075
KCNMA1_KCNMB4	IU_PDA_T12	KIF26B	5.223718153667505
KCNMA1_KCNMB4	IU_PDA_T12	EPYC	5.113890020287679
KCNMA1_KCNMB4	IU_PDA_T12	NR4A1	5.031323425701551
KCNMA1_KCNMB4	IU_PDA_T12	CALB2	4.9410235402686
KCNMA1_KCNMB4	IU_PDA_T12	RANBP3L	4.627957038939408
KCNMA1_KCNMB4	IU_PDA_T12	ACTG2	4.534508063731204
KCNMA1_KCNMB4	IU_PDA_T12	SLC2A3	4.513592494616755
KCNMA1_KCNMB4	IU_PDA_T12	RGS16	4.511392200747694
KCNMA1_KCNMB4	IU_PDA_T12	PLA2G2A	4.498005405709434
KCNMA1_KCNMB4	IU_PDA_T12	LRRC15	4.473763951664211
KCNMA1_KCNMB4	IU_PDA_T12	SRPX	4.395494834037094
KCNMA1_KCNMB4	IU_PDA_T12	SLC38A4	4.35219766475577
KCNMA1_KCNMB4	IU_PDA_T12	ACP5	4.289247481466505
KCNMA1_KCNMB4	IU_PDA_T12	SCGB2A1	4.268592955755967
KCNMA1_KCNMB4	IU_PDA_T12	HS3ST2	4.267098266565202
KCNMA1_KCNMB4	IU_PDA_T12	PPP1R1A	4.195683425761124
KCNMA1_KCNMB4	IU_PDA_T12	KCNA5	4.151903630766898
KCNMA1_KCNMB4	IU_PDA_T12	ADAMTS1	4.071105935802097
KCNMA1_KCNMB4	IU_PDA_T12	C1QTNF3	4.06425086051202
KCNMA1_KCNMB4	IU_PDA_T12	F13A1	4.0370186299872355
KCNMA1_KCNMB4	IU_PDA_T12	CCL21	4.019440684000948
KCNMA1_KCNMB4	IU_PDA_T12	SLC35D3	3.9480605385811436
KCNMA1_KCNMB4	IU_PDA_T12	ADIRF	3.9302429693662884
KCNMA1_KCNMB4	IU_PDA_T12	ADCYAP1	3.903811400898481
KCNMA1_KCNMB4	IU_PDA_T12	SPARCL1	3.8437931313502474
KCNMA1_KCNMB4	IU_PDA_T12	TMEM158	3.823937473448105
KCNMA1_KCNMB4	IU_PDA_T12	RAB3C	3.7707555021382926
KCNMA1_KCNMB4	IU_PDA_T12	TGFB3	3.7011335575201527
KCNMA1_KCNMB4	IU_PDA_T12	FNDC1	3.6932094142463856
KCNMA1_KCNMB4	IU_PDA_T12	S100A8	3.6626798507267084
KCNMA1_KCNMB4	IU_PDA_T12	MMRN1	3.6532663515677184
KCNMA1_KCNMB4	IU_PDA_T12	NRXN1	3.609600071865843
KCNMA1_KCNMB4	IU_PDA_T12	C5orf46	3.5902338853968363
KCNMA1_KCNMB4	IU_PDA_T12	MFAP5	3.5725947628123
KCNMA1_KCNMB4	IU_PDA_T12	ADAMTS16	3.527485346428667
KCNMA1_KCNMB4	IU_PDA_T12	IGHV5-10-1	3.505611471341391
KCNMA1_KCNMB4	IU_PDA_T12	GPX3	3.492161930488712
KCNMA1_KCNMB4	IU_PDA_T12	VGF	3.488721232364624
KCNMA1_KCNMB4	IU_PDA_T12	IGFL3	3.4375321424107095
KCNMA1_KCNMB4	IU_PDA_T12	TSPAN7	3.3873627549720298
KCNMA1_KCNMB4	IU_PDA_T12	IGF1	3.35691193300456
KCNMA1_KCNMB4	IU_PDA_T12	COL12A1	3.3340565913254756
KCNMA1_KCNMB4	IU_PDA_T12	COL11A1	3.297109188363291
KCNMA1_KCNMB4	IU_PDA_T12	SPRR3	3.244093222443
KCNMA1_KCNMB4	IU_PDA_T12	TNXB	3.228328042320228
KCNMA1_KCNMB4	IU_PDA_T12	AQP9	3.1997703279949583
KCNMA1_KCNMB4	IU_PDA_T12	PI16	3.1965529603624416
KCNMA1_KCNMB4	IU_PDA_T12	CACNA1A	3.1721082300627983
KCNMA1_KCNMB4	IU_PDA_T12	TPSB2	3.168984483487692
KCNMA1_KCNMB4	IU_PDA_T12	CPE	3.160533835294972
KCNMA1_KCNMB4	IU_PDA_T12	PCSK1	3.1360495888373494
KCNMA1_KCNMB4	IU_PDA_T12	SCG3	3.1175801717837754
KCNMA1_KCNMB4	IU_PDA_T12	SLC11A1	3.1116006752262066
KCNMA1_KCNMB4	IU_PDA_T12	NTRK2	3.1054828830346985
KCNMA1_KCNMB4	IU_PDA_T12	SCUBE3	3.0872860890363683
KCNMA1_KCNMB4	IU_PDA_T12	CPLX2	3.033956949019255
KCNMA1_KCNMB4	IU_PDA_T12	GAP43	3.007433279667433
KCNMA1_KCNMB4	IU_PDA_T12	CRYBA2	3.000427643972509
KCNMA1_KCNMB4	IU_PDA_T12	TREM1	2.9932897633369318
KCNMA1_KCNMB4	IU_PDA_T12	CYP26A1	2.9899837561512954
KCNMA1_KCNMB4	IU_PDA_T12	DHRS2	2.907008297620353
KCNMA1_KCNMB4	IU_PDA_T12	MMP9	2.861330680479251
KCNMA1_KCNMB4	IU_PDA_T12	CHRDL2	2.8611655260052102
KCNMA1_KCNMB4	IU_PDA_T12	CELF3	2.8323400886141124
KCNMA1_KCNMB4	IU_PDA_T12	CPA3	2.830017445892952
KCNMA1_KCNMB4	IU_PDA_T12	CCL14	2.799288491601785
KCNMA1_KCNMB4	IU_PDA_T12	S100A9	2.7976533922289177
KCNMA1_KCNMB4	IU_PDA_T12	KCNK3	2.7822592326491775
KCNMA1_KCNMB4	IU_PDA_T12	NEUROD1	2.682532359561807
KCNMA1_KCNMB4	IU_PDA_T12	GFRA1	2.667522141934452
KCNMA1_KCNMB4	IU_PDA_T12	CCL18	2.6325271870316134
KCNMA1_KCNMB4	IU_PDA_T12	EEF1A2	2.5951634019090215
KCNMA1_KCNMB4	IU_PDA_T12	KCNAB1	2.5289817600468885
KCNMA1_KCNMB4	IU_PDA_T12	NKD2	2.516932633830129
KCNMA1_KCNMB4	IU_PDA_T12	MARCO	2.5107426666294295
KCNMA1_KCNMB4	IU_PDA_T12	COL8A1	2.459674970062907
KCNMA1_KCNMB4	IU_PDA_T12	SCEL	2.434615031053873
KCNMA1_KCNMB4	IU_PDA_T12	PLAU	2.434416654053933
KCNMA1_KCNMB4	IU_PDA_T12	KCNK17	2.4340564969030734
KCNMA1_KCNMB4	IU_PDA_T12	ERO1B	2.413359195638251
KCNMA1_KCNMB4	IU_PDA_T12	PRG4	2.409090619931778
KCNMA1_KCNMB4	IU_PDA_T12	KCNMB2	2.398802031478881
KCNMA1_KCNMB4	IU_PDA_T12	OLR1	2.3982184594738176
KCNMA1_KCNMB4	IU_PDA_T12	CCL19	2.392276168319396
KCNMA1_KCNMB4	IU_PDA_T12	PDK4	2.3593820275119723
KCNMA1_KCNMB4	IU_PDA_T12	IGLC7	2.3303866980503383
KCNMA1_KCNMB4	IU_PDA_T12	NGFR	2.299586717001191
KCNMA1_KCNMB4	IU_PDA_T12	PCSK2	2.2455091955013073
KCNMA1_KCNMB4	IU_PDA_T12	PGF	2.2087534465689864
KCNMA1_KCNMB4	IU_PDA_T12	PTP4A3	2.2020623012166856
KCNMA1_KCNMB4	IU_PDA_T12	CLDN5	2.1708910963321086
KCNMA1_KCNMB4	IU_PDA_T12	OGN	2.1683372912478154
KCNMA1_KCNMB4	IU_PDA_T12	PLAUR	2.1318171821626346
KCNMA1_KCNMB4	IU_PDA_T12	LY6D	2.104229936192724
KCNMA1_KCNMB4	IU_PDA_T12	TTR	2.09193848854114
KCNMA1_KCNMB4	IU_PDA_T12	ATRNL1	2.0646954812732217
KCNMA1_KCNMB4	IU_PDA_T12	GJB2	2.050202778469265
KCNMA1_KCNMB4	IU_PDA_T12	IFI30	1.9998690530520984
KCNMA1_KCNMB4	IU_PDA_T12	NEURL1	1.994518996907906
KCNMA1_KCNMB4	IU_PDA_T12	VSTM2L	1.9782310643231458
KCNMA1_KCNMB4	IU_PDA_T12	ABCA8	1.9727555745978673
KCNMA1_KCNMB4	IU_PDA_T12	NKX2-2	1.9393565071748433
KCNMA1_KCNMB4	IU_PDA_T12	SBSPON	1.9060051085810545
KCNMA1_KCNMB4	IU_PDA_T12	FBXO32	1.896097437927959
KCNMA1_KCNMB4	IU_PDA_T12	ITGA11	1.890569274536964
KCNMA1_KCNMB4	IU_PDA_T12	DLK1	1.853591058211795
KCNMA1_KCNMB4	IU_PDA_T12	MUC16	1.84856627675134
KCNMA1_KCNMB4	IU_PDA_T12	FOSB	1.8369914392882638
KCNMA1_KCNMB4	IU_PDA_T12	SYT7	1.819629225373221
KCNMA1_KCNMB4	IU_PDA_T12	SCG2	1.8120441106607001
KCNMA1_KCNMB4	IU_PDA_T12	GJD2	1.808141842729585
KCNMA1_KCNMB4	IU_PDA_T12	KCNMB1	1.7936865298873907
KCNMA1_KCNMB4	IU_PDA_T12	CDSN	1.7480332971868122
KCNMA1_KCNMB4	IU_PDA_T12	KCNE4	1.7205714675606172
KCNMA1_KCNMB4	IU_PDA_T12	SELENOP	1.69111473863271
KCNMA1_KCNMB4	IU_PDA_T12	CCN3	1.6790836908896676
KCNMA1_KCNMB4	IU_PDA_T12	CDH19	1.6604774822446786
KCNMA1_KCNMB4	IU_PDA_T12	NCCRP1	1.6097148472664349
KCNMA1_KCNMB4	IU_PDA_T12	S100A2	1.6029882047367066
KCNMA1_KCNMB4	IU_PDA_T12	SCG5	1.505352162103339
KCNMA1_KCNMB4	IU_PDA_T12	CHRDL1	1.5002170973791382
KCNMA1_KCNMB4	IU_PDA_T12	MMP12	1.4778138978476556
KCNMA1_KCNMB4	IU_PDA_T12	CRABP2	1.430590951645809
KCNMA1_KCNMB4	IU_PDA_T12	PCSK1N	1.4172166861403928
KCNMA1_KCNMB4	IU_PDA_T12	G6PC2	1.414546609876577
KCNMA1_KCNMB4	IU_PDA_T12	C1QL1	1.4006813147266988
KCNMA1_KCNMB4	IU_PDA_T12	GC	1.3809635625283745
KCNMA1_KCNMB4	IU_PDA_T12	MFAP4	1.3801040895424321
KCNMA1_KCNMB4	IU_PDA_T12	AMTN	1.3423484312401444
KCNMA1_KCNMB4	IU_PDA_T12	KRT5	1.2761732338615126
KCNMA1_KCNMB4	IU_PDA_T12	ADM	1.258790731654594
KCNMA1_KCNMB4	IU_PDA_T12	IGHD	1.252410144780845
KCNMA1_KCNMB4	IU_PDA_T12	FHL5	1.240112560321689
KCNMA1_KCNMB4	IU_PDA_T12	IGHG1	1.2075684451870343
KCNMA1_KCNMB4	IU_PDA_T12	LOXL2	1.163481614669146
KCNMA1_KCNMB4	IU_PDA_T12	KRT16	1.144432794619757
KCNMA1_KCNMB4	IU_PDA_T12	TMOD1	1.1343945294512632
KCNMA1_KCNMB4	IU_PDA_T12	SOD3	1.1290831962892056
KCNMA1_KCNMB4	IU_PDA_T12	SST	1.1197000991170871
KCNMA1_KCNMB4	IU_PDA_T12	KCNMB4	1.100188584524966
KCNMA1_KCNMB4	IU_PDA_T12	SCGN	1.0579145731502944
KCNMA1_KCNMB4	IU_PDA_T12	ABCC8	1.0315825904371054
KCNMA1_KCNMB4	IU_PDA_T12	KCNN3	0.993370087486925
KCNMA1_KCNMB4	IU_PDA_T12	CTHRC1	0.9595968450871039
KCNMA1_KCNMB4	IU_PDA_T12	SCN7A	0.915922525658851
KCNMA1_KCNMB4	IU_PDA_T12	ITGB8	0.8896640776352205
KCNMA1_KCNMB4	IU_PDA_T12	COL14A1	0.8845815879344006
KCNMA1_KCNMB4	IU_PDA_T12	IGHG2	0.8689662184409409
KCNMA1_KCNMB4	IU_PDA_T12	PHACTR3	0.8676664552401925
KCNMA1_KCNMB4	IU_PDA_T12	FCGBP	0.8645419632882348
KCNMA1_KCNMB4	IU_PDA_T12	ANGPTL7	0.7871843014889401
KCNMA1_KCNMB4	IU_PDA_T12	C15orf48	0.7593101875102907
KCNMA1_KCNMB4	IU_PDA_T12	WNT4	0.7519142637919948
KCNMA1_KCNMB4	IU_PDA_T12	KCNJ16	0.7208024842336395
KCNMA1_KCNMB4	IU_PDA_T12	CAVIN2	0.7180654455422764
KCNMA1_KCNMB4	IU_PDA_T12	SOX10	0.7164320518064126
KCNMA1_KCNMB4	IU_PDA_T12	SLC30A8	0.6986783312793685
KCNMA1_KCNMB4	IU_PDA_T12	KCNT2	0.6893215977875288
KCNMA1_KCNMB4	IU_PDA_T12	KRT81	0.5921937515662821
KCNMA1_KCNMB4	IU_PDA_T12	KRT80	0.5853357961218424
KCNMA1_KCNMB4	IU_PDA_T12	CHGA	0.5324501408999404
KCNMA1_KCNMB4	IU_PDA_T12	AHNAK2	0.46096733917145644
KCNMA1_KCNMB4	IU_PDA_T12	CHGB	0.4429103381253614
KCNMA1_KCNMB4	IU_PDA_T12	PPL	0.4295878459430128
KCNMA1_KCNMB4	IU_PDA_T12	RASD1	0.3328410124843229
KCNMA1_KCNMB4	IU_PDA_T12	HMGA2	0.3234387297818781
KCNMA1_KCNMB4	IU_PDA_T12	KCND2	0.30004201784912815
KCNMA1_KCNMB4	IU_PDA_T12	CRLF1	0.2534505815243249
KCNMA1_KCNMB4	IU_PDA_T12	KRT6B	0.24317341168359663
KCNMA1_KCNMB4	IU_PDA_T12	IGHM	0.2390463379811939
KCNMA1_KCNMB4	IU_PDA_T12	CST6	0.2384306638239284
KCNMA1_KCNMB4	IU_PDA_T12	KCNB1	0.189300056834719
KCNMA1_KCNMB4	IU_PDA_T12	TFCP2L1	0.18097455591252162
KCNMA1_KCNMB4	IU_PDA_T12	KCNK15	0.1496334359355387
KCNMA1_KCNMB4	IU_PDA_T12	KIAA1324	0.11523265581715242
KCNMA1_KCNMB4	IU_PDA_T12	THBS4	0.10638122007221315
KCNMA1_KCNMB4	IU_PDA_T12	IGLC1	0.08521104183605631
KCNMA1_KCNMB4	IU_PDA_T12	IGHG4	0.06374991624504714
KCNMA1_KCNMB4	IU_PDA_T12	PADI1	-0.037831761678129336
KCNMA1_KCNMB4	IU_PDA_T12	SERPINE1	-0.05024644927933606
KCNMA1_KCNMB4	IU_PDA_T12	TRIM29	-0.09857866999160725
KCNMA1_KCNMB4	IU_PDA_T12	EGLN3	-0.16330258414308424
KCNMA1_KCNMB4	IU_PDA_T12	IGHG3	-0.2630439641428426
KCNMA1_KCNMB4	IU_PDA_T12	AGT	-0.2867890510659857
KCNMA1_KCNMB4	IU_PDA_T12	IGLV3-1	-0.2905852816674316
KCNMA1_KCNMB4	IU_PDA_T12	TM4SF4	-0.29355000686868515
KCNMA1_KCNMB4	IU_PDA_T12	SDC1	-0.32205609440118244
KCNMA1_KCNMB4	IU_PDA_T12	MGP	-0.3234828968467754
KCNMA1_KCNMB4	IU_PDA_T12	KRT23	-0.3626409189003441
KCNMA1_KCNMB4	IU_PDA_T12	TNS4	-0.3672839672115009
KCNMA1_KCNMB4	IU_PDA_T12	HSPB6	-0.4539235427355337
KCNMA1_KCNMB4	IU_PDA_T12	COL17A1	-0.5180307094968732
KCNMA1_KCNMB4	IU_PDA_T12	KCND3	-0.5904312075033241
KCNMA1_KCNMB4	IU_PDA_T12	CCL28	-0.6336047560124134
KCNMA1_KCNMB4	IU_PDA_T12	FBLN5	-0.6410604546152466
KCNMA1_KCNMB4	IU_PDA_T12	ANKRD37	-0.6700963032721196
KCNMA1_KCNMB4	IU_PDA_T12	SPP1	-0.6959817871145331
KCNMA1_KCNMB4	IU_PDA_T12	PCDH7	-0.757045665546417
KCNMA1_KCNMB4	IU_PDA_T12	SCGB3A1	-0.803626593860784
KCNMA1_KCNMB4	IU_PDA_T12	KCNS3	-0.8064322532440794
KCNMA1_KCNMB4	IU_PDA_T12	CAPG	-0.824545011869906
KCNMA1_KCNMB4	IU_PDA_T12	BTG2	-0.8253440923098903
KCNMA1_KCNMB4	IU_PDA_T12	IGHV1-46	-0.8571591684558839
KCNMA1_KCNMB4	IU_PDA_T12	APOC1	-0.9156894175437917
KCNMA1_KCNMB4	IU_PDA_T12	CCL20	-0.9993236579651924
KCNMA1_KCNMB4	IU_PDA_T12	IGLV9-49	-1.012447157978458
KCNMA1_KCNMB4	IU_PDA_T12	MZB1	-1.0510110745412802
KCNMA1_KCNMB4	IU_PDA_T12	LMO7	-1.0657039216135618
KCNMA1_KCNMB4	IU_PDA_T12	C7	-1.1287506957942137
KCNMA1_KCNMB4	IU_PDA_T12	CXCL8	-1.2033762302947726
KCNMA1_KCNMB4	IU_PDA_T12	ADAMTSL2	-1.205084746074667
KCNMA1_KCNMB4	IU_PDA_T12	SAA1	-1.2693311229902684
KCNMA1_KCNMB4	IU_PDA_T12	KCNQ4	-1.3486633816087092
KCNMA1_KCNMB4	IU_PDA_T12	HBA2	-1.3848407244486538
KCNMA1_KCNMB4	IU_PDA_T12	APOE	-1.4294689213574567
KCNMA1_KCNMB4	IU_PDA_T12	MATN2	-1.432540502755495
KCNMA1_KCNMB4	IU_PDA_T12	KLK6	-1.473057774676587
KCNMA1_KCNMB4	IU_PDA_T12	IGHV6-1	-1.5138234627063536
KCNMA1_KCNMB4	IU_PDA_T12	NPR3	-1.569768343120152
KCNMA1_KCNMB4	IU_PDA_T12	LIF	-1.5798187290103107
KCNMA1_KCNMB4	IU_PDA_T12	JCHAIN	-1.593679780385111
KCNMA1_KCNMB4	IU_PDA_T12	EREG	-1.7361457911302702
KCNMA1_KCNMB4	IU_PDA_T12	KRT15	-1.7362361488393807
KCNMA1_KCNMB4	IU_PDA_T12	FRZB	-1.7502629702833195
KCNMA1_KCNMB4	IU_PDA_T12	SYNPO2	-1.754211312444601
KCNMA1_KCNMB4	IU_PDA_T12	EPHA3	-1.7726730656600747
KCNMA1_KCNMB4	IU_PDA_T12	LAMC2	-1.7935649935415947
KCNMA1_KCNMB4	IU_PDA_T12	SERINC2	-1.819897562345245
KCNMA1_KCNMB4	IU_PDA_T12	PTPRN2	-1.9180311031577975
KCNMA1_KCNMB4	IU_PDA_T12	MUC1	-1.9320159958134155
KCNMA1_KCNMB4	IU_PDA_T12	KRT7	-1.9701419785051335
KCNMA1_KCNMB4	IU_PDA_T12	GPBAR1	-1.976140518899112
KCNMA1_KCNMB4	IU_PDA_T12	SLC40A1	-2.005387287617816
KCNMA1_KCNMB4	IU_PDA_T12	LAMB3	-2.009358198435295
KCNMA1_KCNMB4	IU_PDA_T12	KRT8	-2.015607563072526
KCNMA1_KCNMB4	IU_PDA_T12	KLK11	-2.0277494334461212
KCNMA1_KCNMB4	IU_PDA_T12	COLEC11	-2.051692935667249
KCNMA1_KCNMB4	IU_PDA_T12	EPPK1	-2.08014284041548
KCNMA1_KCNMB4	IU_PDA_T12	PRELP	-2.080192185702872
KCNMA1_KCNMB4	IU_PDA_T12	CXCL5	-2.0931851210768344
KCNMA1_KCNMB4	IU_PDA_T12	MUC4	-2.1229568893321207
KCNMA1_KCNMB4	IU_PDA_T12	PRSS8	-2.2866436406800905
KCNMA1_KCNMB4	IU_PDA_T12	SDC4	-2.2900032148090657
KCNMA1_KCNMB4	IU_PDA_T12	PTGDS	-2.3145067194840907
KCNMA1_KCNMB4	IU_PDA_T12	PAEP	-2.3255584643649483
KCNMA1_KCNMB4	IU_PDA_T12	RGS5	-2.3448284172720646
KCNMA1_KCNMB4	IU_PDA_T12	KLK7	-2.3463830237620065
KCNMA1_KCNMB4	IU_PDA_T12	CDH1	-2.35286394846411
KCNMA1_KCNMB4	IU_PDA_T12	SPINK1	-2.43819343575438
KCNMA1_KCNMB4	IU_PDA_T12	PI3	-2.4636553840120077
KCNMA1_KCNMB4	IU_PDA_T12	CLDN4	-2.499062940661045
KCNMA1_KCNMB4	IU_PDA_T12	NRXN2	-2.5142174385184757
KCNMA1_KCNMB4	IU_PDA_T12	SPINT1	-2.591318618522123
KCNMA1_KCNMB4	IU_PDA_T12	SAA2	-2.605850433617817
KCNMA1_KCNMB4	IU_PDA_T12	TACSTD2	-2.646163004201299
KCNMA1_KCNMB4	IU_PDA_T12	F2R	-2.6463375891083394
KCNMA1_KCNMB4	IU_PDA_T12	CLDN6	-2.72277631020483
KCNMA1_KCNMB4	IU_PDA_T12	TNNC1	-2.7547740218875965
KCNMA1_KCNMB4	IU_PDA_T12	ITGB4	-2.7615316123472176
KCNMA1_KCNMB4	IU_PDA_T12	MMP11	-2.768726286331706
KCNMA1_KCNMB4	IU_PDA_T12	PROM2	-2.811346551942473
KCNMA1_KCNMB4	IU_PDA_T12	KCNC4	-2.8747923619240843
KCNMA1_KCNMB4	IU_PDA_T12	KCNK6	-2.892764058868274
KCNMA1_KCNMB4	IU_PDA_T12	IGKV4-1	-2.924505763413233
KCNMA1_KCNMB4	IU_PDA_T12	EPS8L2	-2.9357741874480268
KCNMA1_KCNMB4	IU_PDA_T12	SYT8	-2.9683819829358806
KCNMA1_KCNMB4	IU_PDA_T12	HEYL	-3.030414964255028
KCNMA1_KCNMB4	IU_PDA_T12	LCN2	-3.0467255730482354
KCNMA1_KCNMB4	IU_PDA_T12	MMP7	-3.1031860318883004
KCNMA1_KCNMB4	IU_PDA_T12	KRT18	-3.116177919510239
KCNMA1_KCNMB4	IU_PDA_T12	EPCAM	-3.11649255887342
KCNMA1_KCNMB4	IU_PDA_T12	FXYD3	-3.137461125465345
KCNMA1_KCNMB4	IU_PDA_T12	LSR	-3.155895300346623
KCNMA1_KCNMB4	IU_PDA_T12	SLC2A1	-3.181739257037596
KCNMA1_KCNMB4	IU_PDA_T12	S100A14	-3.1936153641010177
KCNMA1_KCNMB4	IU_PDA_T12	ITGA2	-3.1975365388888437
KCNMA1_KCNMB4	IU_PDA_T12	HMGCS2	-3.293750458963356
KCNMA1_KCNMB4	IU_PDA_T12	SFTA2	-3.2943997189932612
KCNMA1_KCNMB4	IU_PDA_T12	ABCC3	-3.3157908519560584
KCNMA1_KCNMB4	IU_PDA_T12	MAL2	-3.317720470526831
KCNMA1_KCNMB4	IU_PDA_T12	NECTIN4	-3.337638683674582
KCNMA1_KCNMB4	IU_PDA_T12	CPA6	-3.375074730965383
KCNMA1_KCNMB4	IU_PDA_T12	INMT	-3.5094834087945586
KCNMA1_KCNMB4	IU_PDA_T12	ENG	-3.5183861760351154
KCNMA1_KCNMB4	IU_PDA_T12	ZC3H12A	-3.527265565366815
KCNMA1_KCNMB4	IU_PDA_T12	C19orf33	-3.547508748497771
KCNMA1_KCNMB4	IU_PDA_T12	AZGP1	-3.609541603230455
KCNMA1_KCNMB4	IU_PDA_T12	DPEP1	-3.615353907467109
KCNMA1_KCNMB4	IU_PDA_T12	S100P	-3.623097809745034
KCNMA1_KCNMB4	IU_PDA_T12	HSD11B2	-3.6336092644908677
KCNMA1_KCNMB4	IU_PDA_T12	FGFR3	-3.6484505684337183
KCNMA1_KCNMB4	IU_PDA_T12	SCNN1A	-3.6531982641065843
KCNMA1_KCNMB4	IU_PDA_T12	CRISP3	-3.658911158893429
KCNMA1_KCNMB4	IU_PDA_T12	MUC17	-3.6604783573581052
KCNMA1_KCNMB4	IU_PDA_T12	FER1L6	-3.680850608285124
KCNMA1_KCNMB4	IU_PDA_T12	SLPI	-3.7120695306844897
KCNMA1_KCNMB4	IU_PDA_T12	IGLV6-57	-3.7240341989265726
KCNMA1_KCNMB4	IU_PDA_T12	PSCA	-3.850512750307442
KCNMA1_KCNMB4	IU_PDA_T12	F2RL2	-3.8934494839178386
KCNMA1_KCNMB4	IU_PDA_T12	PGC	-3.992215021131669
KCNMA1_KCNMB4	IU_PDA_T12	NR2F1	-4.0314856008433635
KCNMA1_KCNMB4	IU_PDA_T12	DUOX2	-4.081129221376434
KCNMA1_KCNMB4	IU_PDA_T12	IER3	-4.1273695990319625
KCNMA1_KCNMB4	IU_PDA_T12	ANXA3	-4.162663131947941
KCNMA1_KCNMB4	IU_PDA_T12	DUOXA2	-4.224606848753933
KCNMA1_KCNMB4	IU_PDA_T12	UGT1A6	-4.246676526725375
KCNMA1_KCNMB4	IU_PDA_T12	PDZK1IP1	-4.285182998888523
KCNMA1_KCNMB4	IU_PDA_T12	SLC6A14	-4.347906163382418
KCNMA1_KCNMB4	IU_PDA_T12	TFF1	-4.38952906413541
KCNMA1_KCNMB4	IU_PDA_T12	IYD	-4.40367583183299
KCNMA1_KCNMB4	IU_PDA_T12	KCNK1	-4.411041561788425
KCNMA1_KCNMB4	IU_PDA_T12	STRA6	-4.41591772689399
KCNMA1_KCNMB4	IU_PDA_T12	KCNE3	-4.431370807209342
KCNMA1_KCNMB4	IU_PDA_T12	GPRC5A	-4.4486509434450605
KCNMA1_KCNMB4	IU_PDA_T12	LGALS4	-4.517284660358765
KCNMA1_KCNMB4	IU_PDA_T12	CEACAM5	-4.542294847465793
KCNMA1_KCNMB4	IU_PDA_T12	REG1A	-4.545897459983344
KCNMA1_KCNMB4	IU_PDA_T12	MLPH	-4.549466693229543
KCNMA1_KCNMB4	IU_PDA_T12	CGN	-4.6434747635549805
KCNMA1_KCNMB4	IU_PDA_T12	BNIP5	-4.68937038206637
KCNMA1_KCNMB4	IU_PDA_T12	SOX9	-4.689685648801414
KCNMA1_KCNMB4	IU_PDA_T12	FUT9	-4.711097305905192
KCNMA1_KCNMB4	IU_PDA_T12	VSIG1	-4.783110932987844
KCNMA1_KCNMB4	IU_PDA_T12	LAD1	-4.790080988497752
KCNMA1_KCNMB4	IU_PDA_T12	IGFBP2	-4.800313510333312
KCNMA1_KCNMB4	IU_PDA_T12	EFNA1	-4.8155255849570695
KCNMA1_KCNMB4	IU_PDA_T12	ITGB6	-4.838044215897336
KCNMA1_KCNMB4	IU_PDA_T12	TSPAN1	-4.851207968058797
KCNMA1_KCNMB4	IU_PDA_T12	BAIAP2L1	-4.934412606487229
KCNMA1_KCNMB4	IU_PDA_T12	KCNN4	-4.94598881914202
KCNMA1_KCNMB4	IU_PDA_T12	A4GNT	-4.959316002604527
KCNMA1_KCNMB4	IU_PDA_T12	CA2	-4.996858409948424
KCNMA1_KCNMB4	IU_PDA_T12	PDIA2	-5.0355316314862675
KCNMA1_KCNMB4	IU_PDA_T12	MUCL3	-5.063842724852949
KCNMA1_KCNMB4	IU_PDA_T12	CLDN18	-5.078783562102291
KCNMA1_KCNMB4	IU_PDA_T12	KCNJ15	-5.10277811593244
KCNMA1_KCNMB4	IU_PDA_T12	TFF3	-5.1527162697012985
KCNMA1_KCNMB4	IU_PDA_T12	AKR1C3	-5.167395388923209
KCNMA1_KCNMB4	IU_PDA_T12	PRSS22	-5.178641753891696
KCNMA1_KCNMB4	IU_PDA_T12	INAVA	-5.181426440568476
KCNMA1_KCNMB4	IU_PDA_T12	CTSE	-5.2204592217073875
KCNMA1_KCNMB4	IU_PDA_T12	NR1I2	-5.239467261407243
KCNMA1_KCNMB4	IU_PDA_T12	WFDC2	-5.25234365084341
KCNMA1_KCNMB4	IU_PDA_T12	AKR1C2	-5.308145879568269
KCNMA1_KCNMB4	IU_PDA_T12	CST1	-5.327424367974732
KCNMA1_KCNMB4	IU_PDA_T12	HABP2	-5.368370077912393
KCNMA1_KCNMB4	IU_PDA_T12	ADH1C	-5.375023264004256
KCNMA1_KCNMB4	IU_PDA_T12	TCN1	-5.395199927039788
KCNMA1_KCNMB4	IU_PDA_T12	UGT2A3	-5.416580657540679
KCNMA1_KCNMB4	IU_PDA_T12	MUC5AC	-5.417466524177916
KCNMA1_KCNMB4	IU_PDA_T12	BAIAP2L2	-5.4257867463060565
KCNMA1_KCNMB4	IU_PDA_T12	CYP3A5	-5.427102528683962
KCNMA1_KCNMB4	IU_PDA_T12	CP	-5.46522676084677
KCNMA1_KCNMB4	IU_PDA_T12	KLF5	-5.483955097009344
KCNMA1_KCNMB4	IU_PDA_T12	FUT2	-5.556183236812688
KCNMA1_KCNMB4	IU_PDA_T12	RNF128	-5.648998953647166
KCNMA1_KCNMB4	IU_PDA_T12	TMPRSS4	-5.6818992655080525
KCNMA1_KCNMB4	IU_PDA_T12	MUC5B	-5.696526746235441
KCNMA1_KCNMB4	IU_PDA_T12	AGR2	-5.708784848721262
KCNMA1_KCNMB4	IU_PDA_T12	FA2H	-5.7470704635177965
KCNMA1_KCNMB4	IU_PDA_T12	PIK3C2G	-5.748635711379181
KCNMA1_KCNMB4	IU_PDA_T12	SLC3A1	-5.7496326195020915
KCNMA1_KCNMB4	IU_PDA_T12	C4orf19	-5.768761926822125
KCNMA1_KCNMB4	IU_PDA_T12	MUC6	-5.7834112852759505
KCNMA1_KCNMB4	IU_PDA_T12	ONECUT2	-5.789875435254736
KCNMA1_KCNMB4	IU_PDA_T12	CAPN8	-5.8056314450327315
KCNMA1_KCNMB4	IU_PDA_T12	ANXA10	-5.812354378613004
KCNMA1_KCNMB4	IU_PDA_T12	PIGR	-5.892051989806088
KCNMA1_KCNMB4	IU_PDA_T12	PROM1	-5.895400621770842
KCNMA1_KCNMB4	IU_PDA_T12	EHF	-5.89772724658255
KCNMA1_KCNMB4	IU_PDA_T12	INPP4B	-5.9415438478190294
KCNMA1_KCNMB4	IU_PDA_T12	PRR15L	-5.943367723784886
KCNMA1_KCNMB4	IU_PDA_T12	CEACAM7	-5.9441575991004925
KCNMA1_KCNMB4	IU_PDA_T12	AQP5	-5.94825762067089
KCNMA1_KCNMB4	IU_PDA_T12	MUC3A	-6.00838487306528
KCNMA1_KCNMB4	IU_PDA_T12	GALNT4	-6.030677555883927
KCNMA1_KCNMB4	IU_PDA_T12	OLFM4	-6.0368480911199365
KCNMA1_KCNMB4	IU_PDA_T12	CD24	-6.03949808109277
KCNMA1_KCNMB4	IU_PDA_T12	CCDC198	-6.072797224339052
KCNMA1_KCNMB4	IU_PDA_T12	ELF3	-6.138362474602978
KCNMA1_KCNMB4	IU_PDA_T12	TFF2	-6.146188746059755
KCNMA1_KCNMB4	IU_PDA_T12	PRSS1	-6.155885156225658
KCNMA1_KCNMB4	IU_PDA_T12	PRAP1	-6.169645464131657
KCNMA1_KCNMB4	IU_PDA_T12	WDR72	-6.172597203016347
KCNMA1_KCNMB4	IU_PDA_T12	SULT1C2	-6.229899049395237
KCNMA1_KCNMB4	IU_PDA_T12	RAP1GAP	-6.256455374982141
KCNMA1_KCNMB4	IU_PDA_T12	TMC5	-6.293395576264909
KCNMA1_KCNMB4	IU_PDA_T12	GABRP	-6.363395181150528
KCNMA1_KCNMB4	IU_PDA_T12	MOGAT1	-6.375473814717875
KCNMA1_KCNMB4	IU_PDA_T12	ERBB3	-6.38478432966194
KCNMA1_KCNMB4	IU_PDA_T12	FAM3D	-6.425488512347545
KCNMA1_KCNMB4	IU_PDA_T12	GPX2	-6.4403274530885275
KCNMA1_KCNMB4	IU_PDA_T12	SLC44A4	-6.443570984099723
KCNMA1_KCNMB4	IU_PDA_T12	HNF4A	-6.484036602684238
KCNMA1_KCNMB4	IU_PDA_T12	NQO1	-6.487270729175199
KCNMA1_KCNMB4	IU_PDA_T12	MIA	-6.499235228843094
KCNMA1_KCNMB4	IU_PDA_T12	EPS8L3	-6.520589855549983
KCNMA1_KCNMB4	IU_PDA_T12	CXCL17	-6.530246608956415
KCNMA1_KCNMB4	IU_PDA_T12	ARL14	-6.668264402387421
KCNMA1_KCNMB4	IU_PDA_T12	DMBT1	-6.735085718008335
KCNMA1_KCNMB4	IU_PDA_T12	TRIM54	-6.955962981673471
KCNMA1_KCNMB4	IU_PDA_T12	CLDN2	-7.097111350042736
KCNMA1_KCNMB4	IU_PDA_T12	PLA2G10	-7.102552977877538
KCNMA1_KCNMB4	IU_PDA_T12	CDCA7	-7.145801779123105
KCNMA1_KCNMB4	IU_PDA_T12	ERN2	-7.222121266539108
KCNMA1_KCNMB4	IU_PDA_T12	PPP1R1B	-7.326533818509052
KCNMA1_KCNMB4	IU_PDA_T12	CAPN12	-7.336621713484831
KCNMA1_KCNMB4	IU_PDA_T12	TSPAN8	-7.460027596733692
KCNMA1_KCNMB4	IU_PDA_T12	GCNT3	-7.492280975550629
KCNMA1_KCNMB4	IU_PDA_T12	AMN	-7.555906352826261
KCNMA1_KCNMB4	IU_PDA_T12	TESC	-7.664612500719612
KCNMA1_KCNMB4	IU_PDA_T12	CFTR	-8.02464362818728
KCNMA1_KCNMB1	IU_PDA_T2	CPE	4.616699588908206
KCNMA1_KCNMB1	IU_PDA_T2	ABCC8	4.532818465141767
KCNMA1_KCNMB1	IU_PDA_T2	SLC30A8	4.523592421092419
KCNMA1_KCNMB1	IU_PDA_T2	GPX3	4.415535953747204
KCNMA1_KCNMB1	IU_PDA_T2	NKX2-2	4.299846652603525
KCNMA1_KCNMB1	IU_PDA_T2	SCG3	4.294380989355447
KCNMA1_KCNMB1	IU_PDA_T2	SST	4.018489206424124
KCNMA1_KCNMB1	IU_PDA_T2	PPP1R1A	3.9177535230770344
KCNMA1_KCNMB1	IU_PDA_T2	RBP4	3.8784110655601975
KCNMA1_KCNMB1	IU_PDA_T2	BOC	3.83988605229943
KCNMA1_KCNMB1	IU_PDA_T2	PCSK2	3.8296932650944053
KCNMA1_KCNMB1	IU_PDA_T2	FBLN1	3.6913873442993195
KCNMA1_KCNMB1	IU_PDA_T2	CLU	3.6254251752454603
KCNMA1_KCNMB1	IU_PDA_T2	C7	3.6111825273991722
KCNMA1_KCNMB1	IU_PDA_T2	CPLX2	3.5875452921359328
KCNMA1_KCNMB1	IU_PDA_T2	ERO1B	3.57517078599164
KCNMA1_KCNMB1	IU_PDA_T2	IL7R	3.540062458673713
KCNMA1_KCNMB1	IU_PDA_T2	RASD1	3.503362729102506
KCNMA1_KCNMB1	IU_PDA_T2	CRYBA2	3.5023548217022786
KCNMA1_KCNMB1	IU_PDA_T2	OGN	3.501913043934586
KCNMA1_KCNMB1	IU_PDA_T2	IGHG4	3.489123105187057
KCNMA1_KCNMB1	IU_PDA_T2	CHGA	3.4761744712449247
KCNMA1_KCNMB1	IU_PDA_T2	TTR	3.4117172157791993
KCNMA1_KCNMB1	IU_PDA_T2	HAS1	3.3845081012119356
KCNMA1_KCNMB1	IU_PDA_T2	FBLN2	3.3464267238622183
KCNMA1_KCNMB1	IU_PDA_T2	PTPRC	3.2184588426910707
KCNMA1_KCNMB1	IU_PDA_T2	HLA-DPB1	3.1258209700113646
KCNMA1_KCNMB1	IU_PDA_T2	VGF	3.1073960638865405
KCNMA1_KCNMB1	IU_PDA_T2	GC	3.086835791879312
KCNMA1_KCNMB1	IU_PDA_T2	CRISPLD2	3.06933892168042
KCNMA1_KCNMB1	IU_PDA_T2	IGHJ6	3.0574151821223823
KCNMA1_KCNMB1	IU_PDA_T2	PECAM1	3.0220922640827834
KCNMA1_KCNMB1	IU_PDA_T2	EGR1	3.0099512131764397
KCNMA1_KCNMB1	IU_PDA_T2	SCG2	2.998391212817475
KCNMA1_KCNMB1	IU_PDA_T2	CXCL12	2.976737494596198
KCNMA1_KCNMB1	IU_PDA_T2	ADAMTS1	2.9738983377544925
KCNMA1_KCNMB1	IU_PDA_T2	SOCS3	2.969631978506314
KCNMA1_KCNMB1	IU_PDA_T2	NFATC1	2.953156270756347
KCNMA1_KCNMB1	IU_PDA_T2	CXCR4	2.8729862456395763
KCNMA1_KCNMB1	IU_PDA_T2	IGLV3-1	2.8639784324424693
KCNMA1_KCNMB1	IU_PDA_T2	HBA2	2.854139221515399
KCNMA1_KCNMB1	IU_PDA_T2	IGFBP4	2.827273179068269
KCNMA1_KCNMB1	IU_PDA_T2	CHGB	2.7915754192159383
KCNMA1_KCNMB1	IU_PDA_T2	SCGN	2.752687635419639
KCNMA1_KCNMB1	IU_PDA_T2	HLA-DRB1	2.7494870345241247
KCNMA1_KCNMB1	IU_PDA_T2	JCHAIN	2.703794469040754
KCNMA1_KCNMB1	IU_PDA_T2	CLEC14A	2.6829305371742986
KCNMA1_KCNMB1	IU_PDA_T2	SFRP4	2.6703649188973286
KCNMA1_KCNMB1	IU_PDA_T2	IGHA1	2.669531715796612
KCNMA1_KCNMB1	IU_PDA_T2	FOSB	2.650934811339068
KCNMA1_KCNMB1	IU_PDA_T2	INS	2.6469874057574763
KCNMA1_KCNMB1	IU_PDA_T2	IGLC1	2.638733664516538
KCNMA1_KCNMB1	IU_PDA_T2	NR4A2	2.6021449180589458
KCNMA1_KCNMB1	IU_PDA_T2	TSC22D3	2.5964845093489144
KCNMA1_KCNMB1	IU_PDA_T2	ABI3BP	2.58425677129995
KCNMA1_KCNMB1	IU_PDA_T2	ADAMTS4	2.579854479869074
KCNMA1_KCNMB1	IU_PDA_T2	RGS2	2.572928467420696
KCNMA1_KCNMB1	IU_PDA_T2	TRBC1	2.5667499979623902
KCNMA1_KCNMB1	IU_PDA_T2	MGP	2.543231711757408
KCNMA1_KCNMB1	IU_PDA_T2	APOD	2.5215289725314345
KCNMA1_KCNMB1	IU_PDA_T2	NR4A3	2.5208375024986327
KCNMA1_KCNMB1	IU_PDA_T2	CCL5	2.516493368355951
KCNMA1_KCNMB1	IU_PDA_T2	AKNA	2.4948360390351487
KCNMA1_KCNMB1	IU_PDA_T2	THBS4	2.488593229748756
KCNMA1_KCNMB1	IU_PDA_T2	KCNK16	2.469466897393149
KCNMA1_KCNMB1	IU_PDA_T2	NR4A1	2.4643971802752223
KCNMA1_KCNMB1	IU_PDA_T2	KCNMA1	2.4358956212219742
KCNMA1_KCNMB1	IU_PDA_T2	GADD45B	2.422892291985467
KCNMA1_KCNMB1	IU_PDA_T2	MMP19	2.4104661706345127
KCNMA1_KCNMB1	IU_PDA_T2	HBA1	2.38824689699913
KCNMA1_KCNMB1	IU_PDA_T2	TYROBP	2.350015984866365
KCNMA1_KCNMB1	IU_PDA_T2	TNXB	2.348424020601815
KCNMA1_KCNMB1	IU_PDA_T2	IGHG3	2.3069119717460302
KCNMA1_KCNMB1	IU_PDA_T2	KCNMA1_KCNMB4	2.3031018276283923
KCNMA1_KCNMB1	IU_PDA_T2	COL14A1	2.299923136818896
KCNMA1_KCNMB1	IU_PDA_T2	C1S	2.2925657920117977
KCNMA1_KCNMB1	IU_PDA_T2	ALDH2	2.243876145886786
KCNMA1_KCNMB1	IU_PDA_T2	CCL19	2.236959248494725
KCNMA1_KCNMB1	IU_PDA_T2	KDM6B	2.2292833399739984
KCNMA1_KCNMB1	IU_PDA_T2	VWF	2.2291995124128645
KCNMA1_KCNMB1	IU_PDA_T2	EGR3	2.1615736629821747
KCNMA1_KCNMB1	IU_PDA_T2	KCNJ8	2.126801182499788
KCNMA1_KCNMB1	IU_PDA_T2	HLA-DPA1	2.0904845743574985
KCNMA1_KCNMB1	IU_PDA_T2	SELENOP	2.0869336310189777
KCNMA1_KCNMB1	IU_PDA_T2	C3	2.0715048260568985
KCNMA1_KCNMB1	IU_PDA_T2	MS4A7	2.0121079028273785
KCNMA1_KCNMB1	IU_PDA_T2	KCNA5	2.0024647856797904
KCNMA1_KCNMB1	IU_PDA_T2	DUSP1	1.9742088910809572
KCNMA1_KCNMB1	IU_PDA_T2	SFRP2	1.92886216845993
KCNMA1_KCNMB1	IU_PDA_T2	SPRR4	1.9241244720492123
KCNMA1_KCNMB1	IU_PDA_T2	KCNK3	1.9126652004611537
KCNMA1_KCNMB1	IU_PDA_T2	XBP1	1.9114954741191994
KCNMA1_KCNMB1	IU_PDA_T2	CEBPD	1.8665387010110435
KCNMA1_KCNMB1	IU_PDA_T2	HLA-DQA1	1.8582716474169991
KCNMA1_KCNMB1	IU_PDA_T2	IGHM	1.833309003142903
KCNMA1_KCNMB1	IU_PDA_T2	NEURL1	1.8255393748519102
KCNMA1_KCNMB1	IU_PDA_T2	NGFR	1.7998876626990294
KCNMA1_KCNMB1	IU_PDA_T2	CIITA	1.7966679183736491
KCNMA1_KCNMB1	IU_PDA_T2	SRPX	1.7909366423709243
KCNMA1_KCNMB1	IU_PDA_T2	SCG5	1.7830224004851576
KCNMA1_KCNMB1	IU_PDA_T2	ATF3	1.767601109628493
KCNMA1_KCNMB1	IU_PDA_T2	KCNK17	1.7642654363116708
KCNMA1_KCNMB1	IU_PDA_T2	FXYD2	1.752767762364521
KCNMA1_KCNMB1	IU_PDA_T2	CD74	1.7495625089699318
KCNMA1_KCNMB1	IU_PDA_T2	IGHG1	1.7273354481893775
KCNMA1_KCNMB1	IU_PDA_T2	KCNC4	1.7052981853951614
KCNMA1_KCNMB1	IU_PDA_T2	COLEC12	1.6754448801267559
KCNMA1_KCNMB1	IU_PDA_T2	THBS1	1.665148496730382
KCNMA1_KCNMB1	IU_PDA_T2	LYVE1	1.6548922989084116
KCNMA1_KCNMB1	IU_PDA_T2	ACSL1	1.6463768150474274
KCNMA1_KCNMB1	IU_PDA_T2	HLA-DRA	1.6305208880624236
KCNMA1_KCNMB1	IU_PDA_T2	MUCL1	1.619944143006535
KCNMA1_KCNMB1	IU_PDA_T2	SERPINF1	1.5884003617491451
KCNMA1_KCNMB1	IU_PDA_T2	BTG2	1.5644756526223076
KCNMA1_KCNMB1	IU_PDA_T2	KLF9	1.4810954293502
KCNMA1_KCNMB1	IU_PDA_T2	DPT	1.4762390669284386
KCNMA1_KCNMB1	IU_PDA_T2	MAB21L4	1.4655099857167133
KCNMA1_KCNMB1	IU_PDA_T2	PDLIM3	1.4613127315518792
KCNMA1_KCNMB1	IU_PDA_T2	LMCD1	1.4508479632400721
KCNMA1_KCNMB1	IU_PDA_T2	C1R	1.3924060044612754
KCNMA1_KCNMB1	IU_PDA_T2	ACTG2	1.3834030802368449
KCNMA1_KCNMB1	IU_PDA_T2	DCN	1.3673032740713684
KCNMA1_KCNMB1	IU_PDA_T2	DUSP2	1.35254710163846
KCNMA1_KCNMB1	IU_PDA_T2	IGHG2	1.3400858411546772
KCNMA1_KCNMB1	IU_PDA_T2	MT1G	1.3164153957834384
KCNMA1_KCNMB1	IU_PDA_T2	ITGAX	1.3015166907024223
KCNMA1_KCNMB1	IU_PDA_T2	LTB	1.2985718142027434
KCNMA1_KCNMB1	IU_PDA_T2	SLC6A9	1.2744871850458805
KCNMA1_KCNMB1	IU_PDA_T2	MFAP4	1.2036733984434163
KCNMA1_KCNMB1	IU_PDA_T2	MT1X	1.156116517696571
KCNMA1_KCNMB1	IU_PDA_T2	CCN1	1.1397536331690683
KCNMA1_KCNMB1	IU_PDA_T2	C1QB	1.139504826360667
KCNMA1_KCNMB1	IU_PDA_T2	IGHV1-46	1.137036123175908
KCNMA1_KCNMB1	IU_PDA_T2	TLCD3A	1.1059737464447867
KCNMA1_KCNMB1	IU_PDA_T2	KLF4	1.0943737399325735
KCNMA1_KCNMB1	IU_PDA_T2	LGALS4	1.090971306151555
KCNMA1_KCNMB1	IU_PDA_T2	KCNN3	1.0741503908686723
KCNMA1_KCNMB1	IU_PDA_T2	LTB4R	1.0729967880068925
KCNMA1_KCNMB1	IU_PDA_T2	SCGB2A2	1.0418482777694507
KCNMA1_KCNMB1	IU_PDA_T2	KCNT2	1.0278216307008092
KCNMA1_KCNMB1	IU_PDA_T2	CCN2	1.0148172688063462
KCNMA1_KCNMB1	IU_PDA_T2	KRTDAP	0.9940228855735084
KCNMA1_KCNMB1	IU_PDA_T2	SOD3	0.9881422031904242
KCNMA1_KCNMB1	IU_PDA_T2	IGLV9-49	0.9780721563375866
KCNMA1_KCNMB1	IU_PDA_T2	MYC	0.9729031866428782
KCNMA1_KCNMB1	IU_PDA_T2	TFF1	0.9425097499339455
KCNMA1_KCNMB1	IU_PDA_T2	DCD	0.9329887360152199
KCNMA1_KCNMB1	IU_PDA_T2	KCNMB1	0.9287821240418029
KCNMA1_KCNMB1	IU_PDA_T2	KRT14	0.8964616038882797
KCNMA1_KCNMB1	IU_PDA_T2	IGKV4-1	0.8943232958371267
KCNMA1_KCNMB1	IU_PDA_T2	LSP1	0.8202603386971759
KCNMA1_KCNMB1	IU_PDA_T2	KRT73	0.8150120017081781
KCNMA1_KCNMB1	IU_PDA_T2	CTNNBIP1	0.7999901476744867
KCNMA1_KCNMB1	IU_PDA_T2	KCNB1	0.7986567668055451
KCNMA1_KCNMB1	IU_PDA_T2	CCL21	0.7582134054000367
KCNMA1_KCNMB1	IU_PDA_T2	BNIPL	0.7268910623225229
KCNMA1_KCNMB1	IU_PDA_T2	PTGS1	0.6967996036247507
KCNMA1_KCNMB1	IU_PDA_T2	KCND3	0.6921236738737678
KCNMA1_KCNMB1	IU_PDA_T2	EEF1A2	0.6813148628988834
KCNMA1_KCNMB1	IU_PDA_T2	PPP1R14C	0.6714366293457494
KCNMA1_KCNMB1	IU_PDA_T2	KRT1	0.660219338218009
KCNMA1_KCNMB1	IU_PDA_T2	KCNMB4	0.6464367913203075
KCNMA1_KCNMB1	IU_PDA_T2	ADGRF1	0.6393762223969316
KCNMA1_KCNMB1	IU_PDA_T2	SLURP1	0.6108812403397703
KCNMA1_KCNMB1	IU_PDA_T2	DSG3	0.6093648561540637
KCNMA1_KCNMB1	IU_PDA_T2	ACTA2	0.5942976106208443
KCNMA1_KCNMB1	IU_PDA_T2	SPARC	0.5674807038799597
KCNMA1_KCNMB1	IU_PDA_T2	SPRR2G	0.5612714365966607
KCNMA1_KCNMB1	IU_PDA_T2	AGT	0.5415157589027094
KCNMA1_KCNMB1	IU_PDA_T2	CEACAM1	0.5258150141311221
KCNMA1_KCNMB1	IU_PDA_T2	FGB	0.5243332425867998
KCNMA1_KCNMB1	IU_PDA_T2	TAF11L2	0.5236960373801788
KCNMA1_KCNMB1	IU_PDA_T2	C1orf68	0.503390686485504
KCNMA1_KCNMB1	IU_PDA_T2	RHOB	0.5032938032561081
KCNMA1_KCNMB1	IU_PDA_T2	GRHL3	0.4843045169222162
KCNMA1_KCNMB1	IU_PDA_T2	NDRG1	0.48137446796932887
KCNMA1_KCNMB1	IU_PDA_T2	PTGDS	0.48011677963614446
KCNMA1_KCNMB1	IU_PDA_T2	SBSN	0.467426238408993
KCNMA1_KCNMB1	IU_PDA_T2	MMP1	0.4666514795096241
KCNMA1_KCNMB1	IU_PDA_T2	GCG	0.44565095651834064
KCNMA1_KCNMB1	IU_PDA_T2	B2M	0.435160580557464
KCNMA1_KCNMB1	IU_PDA_T2	COL17A1	0.4312540940407514
KCNMA1_KCNMB1	IU_PDA_T2	CHP2	0.4268829809241009
KCNMA1_KCNMB1	IU_PDA_T2	CASP14	0.4218672087759343
KCNMA1_KCNMB1	IU_PDA_T2	DHRS9	0.4154336814443421
KCNMA1_KCNMB1	IU_PDA_T2	KCNAB1	0.3854315640549744
KCNMA1_KCNMB1	IU_PDA_T2	DSG1	0.37254743121932266
KCNMA1_KCNMB1	IU_PDA_T2	CYP1A1	0.32657149080349723
KCNMA1_KCNMB1	IU_PDA_T2	TENT5B	0.31823021284157943
KCNMA1_KCNMB1	IU_PDA_T2	DSP	0.3103785414402328
KCNMA1_KCNMB1	IU_PDA_T2	SERPINE1	0.3027561641251673
KCNMA1_KCNMB1	IU_PDA_T2	KRT2	0.26660644681873813
KCNMA1_KCNMB1	IU_PDA_T2	SCGB1D2	0.24870795135410825
KCNMA1_KCNMB1	IU_PDA_T2	CALML5	0.20282418423476398
KCNMA1_KCNMB1	IU_PDA_T2	KRT4	0.20074976821594667
KCNMA1_KCNMB1	IU_PDA_T2	FXYD3	0.17113471899341834
KCNMA1_KCNMB1	IU_PDA_T2	CXCL8	0.14824090545729235
KCNMA1_KCNMB1	IU_PDA_T2	SPRR3	0.13739057336670366
KCNMA1_KCNMB1	IU_PDA_T2	ADAMTSL2	0.12775353771288023
KCNMA1_KCNMB1	IU_PDA_T2	CDHR1	0.1268780691649725
KCNMA1_KCNMB1	IU_PDA_T2	CLEC2A	0.12586091585728817
KCNMA1_KCNMB1	IU_PDA_T2	SLC11A1	0.12209689371695245
KCNMA1_KCNMB1	IU_PDA_T2	IGFBP5	0.11586562284187792
KCNMA1_KCNMB1	IU_PDA_T2	WFDC5	0.09280065147408327
KCNMA1_KCNMB1	IU_PDA_T2	POU2F3	0.07552306731607386
KCNMA1_KCNMB1	IU_PDA_T2	FLG	0.05278078642342356
KCNMA1_KCNMB1	IU_PDA_T2	CERS3	0.02977986662793773
KCNMA1_KCNMB1	IU_PDA_T2	DAPL1	0.028652328111609216
KCNMA1_KCNMB1	IU_PDA_T2	MIF	0.01862481079207044
KCNMA1_KCNMB1	IU_PDA_T2	ATP6V1C2	0.0040180034077003535
KCNMA1_KCNMB1	IU_PDA_T2	KCNAB2	-0.016599246020160954
KCNMA1_KCNMB1	IU_PDA_T2	RHOV	-0.02360223130630388
KCNMA1_KCNMB1	IU_PDA_T2	PGLYRP3	-0.04352737163562924
KCNMA1_KCNMB1	IU_PDA_T2	DSC3	-0.048527432674641865
KCNMA1_KCNMB1	IU_PDA_T2	CST6	-0.04968420693094615
KCNMA1_KCNMB1	IU_PDA_T2	RNASE1	-0.07008831124577838
KCNMA1_KCNMB1	IU_PDA_T2	CXCL14	-0.07257800974893479
KCNMA1_KCNMB1	IU_PDA_T2	LOR	-0.07746021595459877
KCNMA1_KCNMB1	IU_PDA_T2	FGFR3	-0.08174586479901198
KCNMA1_KCNMB1	IU_PDA_T2	KCNE4	-0.08812200895355986
KCNMA1_KCNMB1	IU_PDA_T2	KRT10	-0.08866358337051551
KCNMA1_KCNMB1	IU_PDA_T2	AQP3	-0.10894345335156529
KCNMA1_KCNMB1	IU_PDA_T2	THEM5	-0.13208614346844208
KCNMA1_KCNMB1	IU_PDA_T2	LAMB4	-0.134096355823557
KCNMA1_KCNMB1	IU_PDA_T2	SRSF2	-0.1349674582686062
KCNMA1_KCNMB1	IU_PDA_T2	FGG	-0.1374052294330127
KCNMA1_KCNMB1	IU_PDA_T2	TAGLN	-0.1392770114537419
KCNMA1_KCNMB1	IU_PDA_T2	HS3ST6	-0.14611476443640806
KCNMA1_KCNMB1	IU_PDA_T2	SERPING1	-0.17724436718120073
KCNMA1_KCNMB1	IU_PDA_T2	GABRP	-0.17784819525004308
KCNMA1_KCNMB1	IU_PDA_T2	SERPINA3	-0.19053896157468986
KCNMA1_KCNMB1	IU_PDA_T2	FLG2	-0.19271091300845222
KCNMA1_KCNMB1	IU_PDA_T2	TINCR	-0.19956006113846436
KCNMA1_KCNMB1	IU_PDA_T2	NR5A2	-0.2234870587841466
KCNMA1_KCNMB1	IU_PDA_T2	LYPD3	-0.2290790269850593
KCNMA1_KCNMB1	IU_PDA_T2	RORA	-0.2502347881431146
KCNMA1_KCNMB1	IU_PDA_T2	CCL27	-0.25487685561301515
KCNMA1_KCNMB1	IU_PDA_T2	CEL	-0.2565451235800517
KCNMA1_KCNMB1	IU_PDA_T2	ITGA11	-0.26652389606537974
KCNMA1_KCNMB1	IU_PDA_T2	KRT5	-0.2711651278811104
KCNMA1_KCNMB1	IU_PDA_T2	CTRC	-0.2715509958507979
KCNMA1_KCNMB1	IU_PDA_T2	FGA	-0.2771110740267037
KCNMA1_KCNMB1	IU_PDA_T2	ZNF750	-0.27750045717683164
KCNMA1_KCNMB1	IU_PDA_T2	DMKN	-0.2816192463023306
KCNMA1_KCNMB1	IU_PDA_T2	DUOX1	-0.2988869800481406
KCNMA1_KCNMB1	IU_PDA_T2	SERPINA12	-0.32056202976592024
KCNMA1_KCNMB1	IU_PDA_T2	TGM3	-0.33437340792514897
KCNMA1_KCNMB1	IU_PDA_T2	TRIM29	-0.3381885951465384
KCNMA1_KCNMB1	IU_PDA_T2	GATM	-0.3407427206597087
KCNMA1_KCNMB1	IU_PDA_T2	DEGS1	-0.3486221176262066
KCNMA1_KCNMB1	IU_PDA_T2	DSC1	-0.3636418984380215
KCNMA1_KCNMB1	IU_PDA_T2	TFF2	-0.3714896164901452
KCNMA1_KCNMB1	IU_PDA_T2	TMC5	-0.3763400162921025
KCNMA1_KCNMB1	IU_PDA_T2	IMPA2	-0.3885909186620868
KCNMA1_KCNMB1	IU_PDA_T2	ASPRV1	-0.40537212720128757
KCNMA1_KCNMB1	IU_PDA_T2	PKP1	-0.407054109832378
KCNMA1_KCNMB1	IU_PDA_T2	CA12	-0.4103584885753216
KCNMA1_KCNMB1	IU_PDA_T2	LRP4	-0.4193733776402677
KCNMA1_KCNMB1	IU_PDA_T2	POU3F1	-0.4218555713972294
KCNMA1_KCNMB1	IU_PDA_T2	SLC44A4	-0.44963157807342513
KCNMA1_KCNMB1	IU_PDA_T2	NCCRP1	-0.456545579878191
KCNMA1_KCNMB1	IU_PDA_T2	SERPINA1	-0.4586838803871348
KCNMA1_KCNMB1	IU_PDA_T2	HAND2	-0.4664523623064421
KCNMA1_KCNMB1	IU_PDA_T2	RNASET2	-0.4686208138019794
KCNMA1_KCNMB1	IU_PDA_T2	NQO1	-0.4751437929646364
KCNMA1_KCNMB1	IU_PDA_T2	PIP	-0.4786820846544396
KCNMA1_KCNMB1	IU_PDA_T2	CDSN	-0.4844690298567873
KCNMA1_KCNMB1	IU_PDA_T2	NSG1	-0.49114258791275345
KCNMA1_KCNMB1	IU_PDA_T2	BNIP3L	-0.49682175883506424
KCNMA1_KCNMB1	IU_PDA_T2	PIGR	-0.4972029634625324
KCNMA1_KCNMB1	IU_PDA_T2	CP	-0.504359045781948
KCNMA1_KCNMB1	IU_PDA_T2	CNFN	-0.5317695817539094
KCNMA1_KCNMB1	IU_PDA_T2	PLA2G4F	-0.5442652464563719
KCNMA1_KCNMB1	IU_PDA_T2	DLX3	-0.5459339224903058
KCNMA1_KCNMB1	IU_PDA_T2	CEBPA	-0.5673183041683628
KCNMA1_KCNMB1	IU_PDA_T2	CCDC80	-0.5896260514955056
KCNMA1_KCNMB1	IU_PDA_T2	APOC1	-0.5995046702894722
KCNMA1_KCNMB1	IU_PDA_T2	SLC40A1	-0.6065596080006442
KCNMA1_KCNMB1	IU_PDA_T2	GATA3	-0.609061882331064
KCNMA1_KCNMB1	IU_PDA_T2	TP63	-0.6169223184104379
KCNMA1_KCNMB1	IU_PDA_T2	IVL	-0.6172533749464053
KCNMA1_KCNMB1	IU_PDA_T2	COLEC11	-0.622653196786513
KCNMA1_KCNMB1	IU_PDA_T2	S100A10	-0.6303180457641048
KCNMA1_KCNMB1	IU_PDA_T2	IL1RN	-0.6309398457431614
KCNMA1_KCNMB1	IU_PDA_T2	CYP3A5	-0.6424988543946074
KCNMA1_KCNMB1	IU_PDA_T2	LCE2A	-0.6443404318180388
KCNMA1_KCNMB1	IU_PDA_T2	CTSE	-0.6718616562818072
KCNMA1_KCNMB1	IU_PDA_T2	KCNK1	-0.6728901165761791
KCNMA1_KCNMB1	IU_PDA_T2	KLK6	-0.6756254428401566
KCNMA1_KCNMB1	IU_PDA_T2	GCNT3	-0.6897064519056272
KCNMA1_KCNMB1	IU_PDA_T2	TSPAN8	-0.6980091767198248
KCNMA1_KCNMB1	IU_PDA_T2	DUOXA1	-0.698949009171437
KCNMA1_KCNMB1	IU_PDA_T2	CELA3A	-0.7114335882010934
KCNMA1_KCNMB1	IU_PDA_T2	PSCA	-0.7271472315928692
KCNMA1_KCNMB1	IU_PDA_T2	CLPS	-0.731289380446883
KCNMA1_KCNMB1	IU_PDA_T2	PRSS1	-0.7327298929069963
KCNMA1_KCNMB1	IU_PDA_T2	PNLIPRP1	-0.732983604423759
KCNMA1_KCNMB1	IU_PDA_T2	CPA1	-0.733359863832546
KCNMA1_KCNMB1	IU_PDA_T2	NEURL3	-0.7341803062911522
KCNMA1_KCNMB1	IU_PDA_T2	REG1A	-0.7386744794244359
KCNMA1_KCNMB1	IU_PDA_T2	KCNQ4	-0.7458086740129776
KCNMA1_KCNMB1	IU_PDA_T2	CFTR	-0.7468767416129303
KCNMA1_KCNMB1	IU_PDA_T2	PET100	-0.7480618519382157
KCNMA1_KCNMB1	IU_PDA_T2	AMBP	-0.7525096343861916
KCNMA1_KCNMB1	IU_PDA_T2	HMGA2	-0.7712502135532661
KCNMA1_KCNMB1	IU_PDA_T2	ATP1B1	-0.7845988479402218
KCNMA1_KCNMB1	IU_PDA_T2	DUOXA2	-0.8184260215317629
KCNMA1_KCNMB1	IU_PDA_T2	SLC34A2	-0.8400134901588482
KCNMA1_KCNMB1	IU_PDA_T2	ALDOB	-0.8511237428128108
KCNMA1_KCNMB1	IU_PDA_T2	PNLIP	-0.8723591598573902
KCNMA1_KCNMB1	IU_PDA_T2	KLF5	-0.8844583640947902
KCNMA1_KCNMB1	IU_PDA_T2	CPB1	-0.8903110983829398
KCNMA1_KCNMB1	IU_PDA_T2	CTRB1	-0.8946042543671063
KCNMA1_KCNMB1	IU_PDA_T2	KCNJ16	-0.898490420655017
KCNMA1_KCNMB1	IU_PDA_T2	ELF3	-0.9031314468451916
KCNMA1_KCNMB1	IU_PDA_T2	HMGA1	-0.9175640139877058
KCNMA1_KCNMB1	IU_PDA_T2	C19orf33	-0.9233833068408465
KCNMA1_KCNMB1	IU_PDA_T2	REG1B	-0.9523089992540615
KCNMA1_KCNMB1	IU_PDA_T2	THBS2	-0.954061072666912
KCNMA1_KCNMB1	IU_PDA_T2	GJB2	-0.955876067849378
KCNMA1_KCNMB1	IU_PDA_T2	DUOX2	-0.9592920281508399
KCNMA1_KCNMB1	IU_PDA_T2	KCNS3	-0.9633330551964608
KCNMA1_KCNMB1	IU_PDA_T2	CTRB2	-0.9681423434649818
KCNMA1_KCNMB1	IU_PDA_T2	VCAN	-0.9911589574266276
KCNMA1_KCNMB1	IU_PDA_T2	LTF	-0.9999771820727071
KCNMA1_KCNMB1	IU_PDA_T2	ONECUT1	-1.019535183637846
KCNMA1_KCNMB1	IU_PDA_T2	CRP	-1.0419687680857876
KCNMA1_KCNMB1	IU_PDA_T2	SYCN	-1.0540480751001424
KCNMA1_KCNMB1	IU_PDA_T2	KCND2	-1.0610791670409758
KCNMA1_KCNMB1	IU_PDA_T2	EPCAM	-1.1074629968059302
KCNMA1_KCNMB1	IU_PDA_T2	ENO2	-1.1094522458657243
KCNMA1_KCNMB1	IU_PDA_T2	AHNAK2	-1.113454864815053
KCNMA1_KCNMB1	IU_PDA_T2	MUC3A	-1.1410351470756608
KCNMA1_KCNMB1	IU_PDA_T2	RGS16	-1.163121314389809
KCNMA1_KCNMB1	IU_PDA_T2	GP2	-1.177892400098832
KCNMA1_KCNMB1	IU_PDA_T2	FN1	-1.2021060402280899
KCNMA1_KCNMB1	IU_PDA_T2	CRABP2	-1.2079998058953554
KCNMA1_KCNMB1	IU_PDA_T2	STMN2	-1.2091993752778936
KCNMA1_KCNMB1	IU_PDA_T2	HK2	-1.2470132194716017
KCNMA1_KCNMB1	IU_PDA_T2	HMOX1	-1.263080418025844
KCNMA1_KCNMB1	IU_PDA_T2	PLA2G1B	-1.2770365215587187
KCNMA1_KCNMB1	IU_PDA_T2	SLPI	-1.3234117443609075
KCNMA1_KCNMB1	IU_PDA_T2	PCDH1	-1.329275634163702
KCNMA1_KCNMB1	IU_PDA_T2	CFB	-1.342955253413843
KCNMA1_KCNMB1	IU_PDA_T2	BCAT1	-1.3637460549554072
KCNMA1_KCNMB1	IU_PDA_T2	RAB25	-1.3740106762424333
KCNMA1_KCNMB1	IU_PDA_T2	POSTN	-1.3751399106560274
KCNMA1_KCNMB1	IU_PDA_T2	DMBT1	-1.3900523387173007
KCNMA1_KCNMB1	IU_PDA_T2	SPINT2	-1.4346334483355883
KCNMA1_KCNMB1	IU_PDA_T2	SV2B	-1.436592162144971
KCNMA1_KCNMB1	IU_PDA_T2	COL11A1	-1.4563001875504626
KCNMA1_KCNMB1	IU_PDA_T2	KRT7	-1.4567133812560995
KCNMA1_KCNMB1	IU_PDA_T2	SLC4A4	-1.4612973235060576
KCNMA1_KCNMB1	IU_PDA_T2	C15orf48	-1.4719870427678599
KCNMA1_KCNMB1	IU_PDA_T2	MAL2	-1.4843015597393785
KCNMA1_KCNMB1	IU_PDA_T2	IGHV5-10-1	-1.4859130771382387
KCNMA1_KCNMB1	IU_PDA_T2	MAF	-1.4899123745560359
KCNMA1_KCNMB1	IU_PDA_T2	ITGA3	-1.5079084546839574
KCNMA1_KCNMB1	IU_PDA_T2	CKLF	-1.5593006032272385
KCNMA1_KCNMB1	IU_PDA_T2	CRISP3	-1.5667874049445898
KCNMA1_KCNMB1	IU_PDA_T2	S100A4	-1.5853053095445653
KCNMA1_KCNMB1	IU_PDA_T2	MFSD11	-1.589413234006916
KCNMA1_KCNMB1	IU_PDA_T2	MMP12	-1.5920491466693483
KCNMA1_KCNMB1	IU_PDA_T2	CPA2	-1.615270484321952
KCNMA1_KCNMB1	IU_PDA_T2	LY6D	-1.632126823211532
KCNMA1_KCNMB1	IU_PDA_T2	SPINK1	-1.6377622378771541
KCNMA1_KCNMB1	IU_PDA_T2	SCTR	-1.6676907194656791
KCNMA1_KCNMB1	IU_PDA_T2	SLC2A1	-1.7018155160162356
KCNMA1_KCNMB1	IU_PDA_T2	PRSS22	-1.7208820298637222
KCNMA1_KCNMB1	IU_PDA_T2	ERO1A	-1.7306340049290392
KCNMA1_KCNMB1	IU_PDA_T2	KRT8	-1.7465985989224568
KCNMA1_KCNMB1	IU_PDA_T2	COL10A1	-1.7607926325263614
KCNMA1_KCNMB1	IU_PDA_T2	KCNK6	-1.781614302178483
KCNMA1_KCNMB1	IU_PDA_T2	KRT18	-1.8123884406405664
KCNMA1_KCNMB1	IU_PDA_T2	SPP1	-1.8155098396590788
KCNMA1_KCNMB1	IU_PDA_T2	CST1	-1.8292802007348616
KCNMA1_KCNMB1	IU_PDA_T2	MMP11	-1.8427416211890109
KCNMA1_KCNMB1	IU_PDA_T2	LCN2	-1.84622779556728
KCNMA1_KCNMB1	IU_PDA_T2	GPRC5A	-1.852475825923524
KCNMA1_KCNMB1	IU_PDA_T2	LOXL2	-1.9161733933393703
KCNMA1_KCNMB1	IU_PDA_T2	OLFM4	-1.9263361037484568
KCNMA1_KCNMB1	IU_PDA_T2	GPX2	-1.9354326716034371
KCNMA1_KCNMB1	IU_PDA_T2	KRT15	-1.956790483334964
KCNMA1_KCNMB1	IU_PDA_T2	MUC1	-1.965665378288609
KCNMA1_KCNMB1	IU_PDA_T2	KLK10	-1.9670461857650428
KCNMA1_KCNMB1	IU_PDA_T2	ASPH	-1.967628081501124
KCNMA1_KCNMB1	IU_PDA_T2	ARL14	-1.9734849887851607
KCNMA1_KCNMB1	IU_PDA_T2	BIRC7	-1.983749601943879
KCNMA1_KCNMB1	IU_PDA_T2	ANXA2	-1.9863810703948603
KCNMA1_KCNMB1	IU_PDA_T2	NUPR1	-2.001958862911003
KCNMA1_KCNMB1	IU_PDA_T2	CLDN4	-2.02700236346109
KCNMA1_KCNMB1	IU_PDA_T2	FAM83A	-2.0297702254048633
KCNMA1_KCNMB1	IU_PDA_T2	ANXA4	-2.057143134441428
KCNMA1_KCNMB1	IU_PDA_T2	MMP7	-2.081521650193744
KCNMA1_KCNMB1	IU_PDA_T2	MUC16	-2.0940386928465977
KCNMA1_KCNMB1	IU_PDA_T2	KCNN4	-2.104275217879085
KCNMA1_KCNMB1	IU_PDA_T2	TCN1	-2.110060866517669
KCNMA1_KCNMB1	IU_PDA_T2	LAD1	-2.1183910158337804
KCNMA1_KCNMB1	IU_PDA_T2	CSTB	-2.135654717269737
KCNMA1_KCNMB1	IU_PDA_T2	WFDC2	-2.180982570574302
KCNMA1_KCNMB1	IU_PDA_T2	S100A14	-2.1892813266290783
KCNMA1_KCNMB1	IU_PDA_T2	TGM2	-2.1923870147822178
KCNMA1_KCNMB1	IU_PDA_T2	S100P	-2.218175627799437
KCNMA1_KCNMB1	IU_PDA_T2	TMPRSS4	-2.2313930717706194
KCNMA1_KCNMB1	IU_PDA_T2	MUC5B	-2.378653868857618
KCNMA1_KCNMB1	IU_PDA_T2	INSR	-2.4049924914050416
KCNMA1_KCNMB1	IU_PDA_T2	KCNJ15	-2.412298543267183
KCNMA1_KCNMB1	IU_PDA_T2	PDZK1IP1	-2.434386468430746
KCNMA1_KCNMB1	IU_PDA_T2	ID1	-2.4486188539438247
KCNMA1_KCNMB1	IU_PDA_T2	HIF3A	-2.562172889657033
KCNMA1_KCNMB1	IU_PDA_T2	KLK11	-2.5632432675756425
KCNMA1_KCNMB1	IU_PDA_T2	DDIT4	-2.5763406001947584
KCNMA1_KCNMB1	IU_PDA_T2	SEMA4B	-2.600857448980246
KCNMA1_KCNMB1	IU_PDA_T2	NET1	-2.6270262600481997
KCNMA1_KCNMB1	IU_PDA_T2	S100A9	-2.646575336582118
KCNMA1_KCNMB1	IU_PDA_T2	ITGB6	-2.700678204675893
KCNMA1_KCNMB1	IU_PDA_T2	LMO7	-2.7384857553854807
KCNMA1_KCNMB1	IU_PDA_T2	ITGB4	-2.7980225290424507
KCNMA1_KCNMB1	IU_PDA_T2	PERP	-2.8110513587396038
KCNMA1_KCNMB1	IU_PDA_T2	KRT16	-2.814317915854088
KCNMA1_KCNMB1	IU_PDA_T2	TM4SF1	-2.8146640600394557
KCNMA1_KCNMB1	IU_PDA_T2	TPM2	-3.1135123648230856
KCNMA1_KCNMB1	IU_PDA_T2	IGFBP3	-3.3145861016182874
KCNMA1_KCNMB4	IU_PDA_T2	NKX2-2	5.243389542037461
KCNMA1_KCNMB4	IU_PDA_T2	SLC30A8	4.771734658003938
KCNMA1_KCNMB4	IU_PDA_T2	SCG3	4.3181378164240245
KCNMA1_KCNMB4	IU_PDA_T2	PPP1R1A	4.269682445843873
KCNMA1_KCNMB4	IU_PDA_T2	ABCC8	4.261634603669086
KCNMA1_KCNMB4	IU_PDA_T2	GPX3	4.132844295558034
KCNMA1_KCNMB4	IU_PDA_T2	CPE	4.123296376024834
KCNMA1_KCNMB4	IU_PDA_T2	NFATC1	4.099513711978591
KCNMA1_KCNMB4	IU_PDA_T2	RBP4	4.092976101633216
KCNMA1_KCNMB4	IU_PDA_T2	SST	3.871707884091355
KCNMA1_KCNMB4	IU_PDA_T2	CPLX2	3.8192794295891073
KCNMA1_KCNMB4	IU_PDA_T2	C7	3.8134276658140154
KCNMA1_KCNMB4	IU_PDA_T2	RASD1	3.7265797766791664
KCNMA1_KCNMB4	IU_PDA_T2	CLU	3.7199547562022
KCNMA1_KCNMB4	IU_PDA_T2	CRYBA2	3.6233589892789726
KCNMA1_KCNMB4	IU_PDA_T2	FBLN1	3.5662994419293277
KCNMA1_KCNMB4	IU_PDA_T2	IGHG4	3.532840905460981
KCNMA1_KCNMB4	IU_PDA_T2	BOC	3.5252999727108674
KCNMA1_KCNMB4	IU_PDA_T2	NR4A2	3.484639100429562
KCNMA1_KCNMB4	IU_PDA_T2	PCSK2	3.4821234104615035
KCNMA1_KCNMB4	IU_PDA_T2	GC	3.4343752782372063
KCNMA1_KCNMB4	IU_PDA_T2	CHGA	3.420135173422389
KCNMA1_KCNMB4	IU_PDA_T2	IL7R	3.3845190434262133
KCNMA1_KCNMB4	IU_PDA_T2	VGF	3.3837851420197738
KCNMA1_KCNMB4	IU_PDA_T2	AKNA	3.350877848222374
KCNMA1_KCNMB4	IU_PDA_T2	RGS2	3.290927694714513
KCNMA1_KCNMB4	IU_PDA_T2	IGFBP4	3.249260840740501
KCNMA1_KCNMB4	IU_PDA_T2	CRISPLD2	3.1425814470674425
KCNMA1_KCNMB4	IU_PDA_T2	HAS1	3.1166634763020062
KCNMA1_KCNMB4	IU_PDA_T2	HBA1	3.108029176265426
KCNMA1_KCNMB4	IU_PDA_T2	CCL19	3.1043248108483947
KCNMA1_KCNMB4	IU_PDA_T2	ERO1B	3.089421709949379
KCNMA1_KCNMB4	IU_PDA_T2	OGN	3.029257773615664
KCNMA1_KCNMB4	IU_PDA_T2	TRBC1	2.958286589861733
KCNMA1_KCNMB4	IU_PDA_T2	VWF	2.946114793696527
KCNMA1_KCNMB4	IU_PDA_T2	KCNK16	2.9439263727445444
KCNMA1_KCNMB4	IU_PDA_T2	IGHA1	2.885628182427125
KCNMA1_KCNMB4	IU_PDA_T2	HLA-DPB1	2.8842081685679433
KCNMA1_KCNMB4	IU_PDA_T2	CEBPD	2.883121971106734
KCNMA1_KCNMB4	IU_PDA_T2	SCG2	2.8671317059579766
KCNMA1_KCNMB4	IU_PDA_T2	ABI3BP	2.8126444573941964
KCNMA1_KCNMB4	IU_PDA_T2	HBA2	2.808591029860677
KCNMA1_KCNMB4	IU_PDA_T2	NEURL1	2.798330441576989
KCNMA1_KCNMB4	IU_PDA_T2	KCNK3	2.7824138877956077
KCNMA1_KCNMB4	IU_PDA_T2	TTR	2.7819137156884453
KCNMA1_KCNMB4	IU_PDA_T2	IGHJ6	2.775472420483095
KCNMA1_KCNMB4	IU_PDA_T2	JCHAIN	2.75143475949333
KCNMA1_KCNMB4	IU_PDA_T2	TYROBP	2.7503390603001585
KCNMA1_KCNMB4	IU_PDA_T2	FOSB	2.7330365301266677
KCNMA1_KCNMB4	IU_PDA_T2	CXCL12	2.700195007860585
KCNMA1_KCNMB4	IU_PDA_T2	NR4A1	2.682542036926335
KCNMA1_KCNMB4	IU_PDA_T2	ADAMTS4	2.657048879512121
KCNMA1_KCNMB4	IU_PDA_T2	CHGB	2.6401573280335655
KCNMA1_KCNMB4	IU_PDA_T2	NR4A3	2.617921315431869
KCNMA1_KCNMB4	IU_PDA_T2	INS	2.599133068255905
KCNMA1_KCNMB4	IU_PDA_T2	SOCS3	2.5871838269926015
KCNMA1_KCNMB4	IU_PDA_T2	ALDH2	2.539870022923461
KCNMA1_KCNMB4	IU_PDA_T2	EGR1	2.522391187989972
KCNMA1_KCNMB4	IU_PDA_T2	NGFR	2.5035605503805747
KCNMA1_KCNMB4	IU_PDA_T2	ADAMTS1	2.4931606554252292
KCNMA1_KCNMB4	IU_PDA_T2	DSG3	2.473184641350575
KCNMA1_KCNMB4	IU_PDA_T2	IGLC1	2.4416228452797757
KCNMA1_KCNMB4	IU_PDA_T2	MMP19	2.437791163896047
KCNMA1_KCNMB4	IU_PDA_T2	DUSP1	2.430092720521328
KCNMA1_KCNMB4	IU_PDA_T2	SCGN	2.4101228965437533
KCNMA1_KCNMB4	IU_PDA_T2	CCL5	2.3837844887545536
KCNMA1_KCNMB4	IU_PDA_T2	SFRP4	2.383581260638561
KCNMA1_KCNMB4	IU_PDA_T2	COL14A1	2.371124223565371
KCNMA1_KCNMB4	IU_PDA_T2	MGP	2.3549438912686242
KCNMA1_KCNMB4	IU_PDA_T2	APOD	2.3388517091934267
KCNMA1_KCNMB4	IU_PDA_T2	DUSP2	2.328106451733297
KCNMA1_KCNMB4	IU_PDA_T2	PTPRC	2.3128544190221305
KCNMA1_KCNMB4	IU_PDA_T2	HLA-DQA1	2.309156787776117
KCNMA1_KCNMB4	IU_PDA_T2	KCNMA1_KCNMB1	2.3031018276283923
KCNMA1_KCNMB4	IU_PDA_T2	FBLN2	2.2976744612368596
KCNMA1_KCNMB4	IU_PDA_T2	CXCR4	2.2864562049111594
KCNMA1_KCNMB4	IU_PDA_T2	IGHG3	2.2823258185148854
KCNMA1_KCNMB4	IU_PDA_T2	FXYD2	2.2767640362479966
KCNMA1_KCNMB4	IU_PDA_T2	SCGB2A2	2.248683527144086
KCNMA1_KCNMB4	IU_PDA_T2	BTG2	2.2245654562776926
KCNMA1_KCNMB4	IU_PDA_T2	IGHG2	2.216596471913857
KCNMA1_KCNMB4	IU_PDA_T2	EGR3	2.2156458067478106
KCNMA1_KCNMB4	IU_PDA_T2	MS4A7	2.179090140792011
KCNMA1_KCNMB4	IU_PDA_T2	TSC22D3	2.1581117596405313
KCNMA1_KCNMB4	IU_PDA_T2	KCNMA1	2.1213931054610646
KCNMA1_KCNMB4	IU_PDA_T2	C3	2.0875604312075984
KCNMA1_KCNMB4	IU_PDA_T2	MUCL1	2.069761654958811
KCNMA1_KCNMB4	IU_PDA_T2	TNXB	2.0628966113082643
KCNMA1_KCNMB4	IU_PDA_T2	KRT14	1.9982599407120085
KCNMA1_KCNMB4	IU_PDA_T2	SELENOP	1.9803565644505672
KCNMA1_KCNMB4	IU_PDA_T2	COLEC12	1.9755246912525328
KCNMA1_KCNMB4	IU_PDA_T2	KRTDAP	1.9527291692652027
KCNMA1_KCNMB4	IU_PDA_T2	CIITA	1.9141817001318309
KCNMA1_KCNMB4	IU_PDA_T2	SERPINF1	1.912589562699258
KCNMA1_KCNMB4	IU_PDA_T2	CLEC14A	1.8856368343700969
KCNMA1_KCNMB4	IU_PDA_T2	PECAM1	1.8796843330804456
KCNMA1_KCNMB4	IU_PDA_T2	POU2F3	1.8753919466328244
KCNMA1_KCNMB4	IU_PDA_T2	MAB21L4	1.8693176558324012
KCNMA1_KCNMB4	IU_PDA_T2	KLF4	1.86096573421498
KCNMA1_KCNMB4	IU_PDA_T2	KCNA5	1.860768925083209
KCNMA1_KCNMB4	IU_PDA_T2	SRPX	1.8393688810506839
KCNMA1_KCNMB4	IU_PDA_T2	KDM6B	1.836520846934058
KCNMA1_KCNMB4	IU_PDA_T2	C1R	1.834711274400742
KCNMA1_KCNMB4	IU_PDA_T2	LGALS4	1.821091134973586
KCNMA1_KCNMB4	IU_PDA_T2	SLC6A9	1.8133611250659742
KCNMA1_KCNMB4	IU_PDA_T2	KCNK17	1.8071554991039611
KCNMA1_KCNMB4	IU_PDA_T2	PPP1R14C	1.796620930680038
KCNMA1_KCNMB4	IU_PDA_T2	HLA-DRB1	1.7939136873898134
KCNMA1_KCNMB4	IU_PDA_T2	FXYD3	1.7936628453539192
KCNMA1_KCNMB4	IU_PDA_T2	TFF1	1.791907796431076
KCNMA1_KCNMB4	IU_PDA_T2	HLA-DPA1	1.7553248561550132
KCNMA1_KCNMB4	IU_PDA_T2	KCNJ8	1.7398580426722188
KCNMA1_KCNMB4	IU_PDA_T2	LTB4R	1.7380832578983862
KCNMA1_KCNMB4	IU_PDA_T2	IGHM	1.7338028500715439
KCNMA1_KCNMB4	IU_PDA_T2	DPT	1.7103933921300554
KCNMA1_KCNMB4	IU_PDA_T2	IGLV3-1	1.6786035157212875
KCNMA1_KCNMB4	IU_PDA_T2	THBS4	1.6714218845936726
KCNMA1_KCNMB4	IU_PDA_T2	GADD45B	1.6371069852661573
KCNMA1_KCNMB4	IU_PDA_T2	TLCD3A	1.6299184589905198
KCNMA1_KCNMB4	IU_PDA_T2	HLA-DRA	1.6124375294145106
KCNMA1_KCNMB4	IU_PDA_T2	KLF9	1.5978646950201203
KCNMA1_KCNMB4	IU_PDA_T2	DCD	1.5711789206912752
KCNMA1_KCNMB4	IU_PDA_T2	CD74	1.5574692491698199
KCNMA1_KCNMB4	IU_PDA_T2	KCND3	1.5404464052744846
KCNMA1_KCNMB4	IU_PDA_T2	CYP1A1	1.5322812364439213
KCNMA1_KCNMB4	IU_PDA_T2	DSC3	1.5231120744933293
KCNMA1_KCNMB4	IU_PDA_T2	IGHG1	1.5225410045937793
KCNMA1_KCNMB4	IU_PDA_T2	SCG5	1.5217480180269238
KCNMA1_KCNMB4	IU_PDA_T2	MT1X	1.508795645331269
KCNMA1_KCNMB4	IU_PDA_T2	CLEC2A	1.5060972084362356
KCNMA1_KCNMB4	IU_PDA_T2	C1S	1.4693475891383454
KCNMA1_KCNMB4	IU_PDA_T2	IGHV1-46	1.465664882854939
KCNMA1_KCNMB4	IU_PDA_T2	IGLV9-49	1.4652528099937214
KCNMA1_KCNMB4	IU_PDA_T2	MYC	1.4486375382076695
KCNMA1_KCNMB4	IU_PDA_T2	GRHL3	1.4442620617535344
KCNMA1_KCNMB4	IU_PDA_T2	XBP1	1.4278473106365726
KCNMA1_KCNMB4	IU_PDA_T2	SLURP1	1.3862074320030202
KCNMA1_KCNMB4	IU_PDA_T2	EEF1A2	1.3833339489591492
KCNMA1_KCNMB4	IU_PDA_T2	KRT1	1.3795641892204633
KCNMA1_KCNMB4	IU_PDA_T2	SFRP2	1.379396568977385
KCNMA1_KCNMB4	IU_PDA_T2	THBS1	1.3567447422867671
KCNMA1_KCNMB4	IU_PDA_T2	CASP14	1.3252771646575392
KCNMA1_KCNMB4	IU_PDA_T2	WFDC5	1.3250575691389783
KCNMA1_KCNMB4	IU_PDA_T2	RHOV	1.311119696519301
KCNMA1_KCNMB4	IU_PDA_T2	DSG1	1.2966830454016165
KCNMA1_KCNMB4	IU_PDA_T2	LRP4	1.2933443549064398
KCNMA1_KCNMB4	IU_PDA_T2	PTGS1	1.2624295289362337
KCNMA1_KCNMB4	IU_PDA_T2	C1QB	1.2609767393092712
KCNMA1_KCNMB4	IU_PDA_T2	SPRR2G	1.2442378008904926
KCNMA1_KCNMB4	IU_PDA_T2	CALML5	1.2221814425864213
KCNMA1_KCNMB4	IU_PDA_T2	KRT73	1.20596266998874
KCNMA1_KCNMB4	IU_PDA_T2	CHP2	1.2051855214164628
KCNMA1_KCNMB4	IU_PDA_T2	NCCRP1	1.204057051291861
KCNMA1_KCNMB4	IU_PDA_T2	THEM5	1.1975660674932675
KCNMA1_KCNMB4	IU_PDA_T2	SBSN	1.1846112360191219
KCNMA1_KCNMB4	IU_PDA_T2	KRT2	1.1782292622218569
KCNMA1_KCNMB4	IU_PDA_T2	DCN	1.0891217173346253
KCNMA1_KCNMB4	IU_PDA_T2	LYVE1	1.0797936825946108
KCNMA1_KCNMB4	IU_PDA_T2	CCL21	1.04997690182528
KCNMA1_KCNMB4	IU_PDA_T2	KRT4	1.0489815603096913
KCNMA1_KCNMB4	IU_PDA_T2	SPRR4	1.0212369702132609
KCNMA1_KCNMB4	IU_PDA_T2	GATA3	1.017347790312662
KCNMA1_KCNMB4	IU_PDA_T2	KCNB1	1.0116755906003099
KCNMA1_KCNMB4	IU_PDA_T2	TENT5B	1.0086363710820063
KCNMA1_KCNMB4	IU_PDA_T2	ACSL1	0.9669635039932111
KCNMA1_KCNMB4	IU_PDA_T2	HS3ST6	0.9662575133845542
KCNMA1_KCNMB4	IU_PDA_T2	MMP1	0.9601402986320515
KCNMA1_KCNMB4	IU_PDA_T2	COL17A1	0.9546598929675001
KCNMA1_KCNMB4	IU_PDA_T2	IGKV4-1	0.9531763523345022
KCNMA1_KCNMB4	IU_PDA_T2	C1orf68	0.9362675168568585
KCNMA1_KCNMB4	IU_PDA_T2	POU3F1	0.9317915169049268
KCNMA1_KCNMB4	IU_PDA_T2	NDRG1	0.9296694135379117
KCNMA1_KCNMB4	IU_PDA_T2	DHRS9	0.922636817089671
KCNMA1_KCNMB4	IU_PDA_T2	KRT10	0.9172416583449291
KCNMA1_KCNMB4	IU_PDA_T2	CERS3	0.8920901954533513
KCNMA1_KCNMB4	IU_PDA_T2	MFAP4	0.8830405521339896
KCNMA1_KCNMB4	IU_PDA_T2	TRIM29	0.8811166272793668
KCNMA1_KCNMB4	IU_PDA_T2	LOR	0.8744356999218623
KCNMA1_KCNMB4	IU_PDA_T2	PDLIM3	0.874319332773947
KCNMA1_KCNMB4	IU_PDA_T2	PTGDS	0.866874273167774
KCNMA1_KCNMB4	IU_PDA_T2	KCNC4	0.8645978036777227
KCNMA1_KCNMB4	IU_PDA_T2	CDHR1	0.8605380171277922
KCNMA1_KCNMB4	IU_PDA_T2	FGFR3	0.8542259175397299
KCNMA1_KCNMB4	IU_PDA_T2	ADGRF1	0.8537421551319943
KCNMA1_KCNMB4	IU_PDA_T2	ATF3	0.8434561576111299
KCNMA1_KCNMB4	IU_PDA_T2	TFF2	0.8432845197691727
KCNMA1_KCNMB4	IU_PDA_T2	KCNMB1	0.8345554654869197
KCNMA1_KCNMB4	IU_PDA_T2	CTNNBIP1	0.8188769040638479
KCNMA1_KCNMB4	IU_PDA_T2	KCNN3	0.8159253972928011
KCNMA1_KCNMB4	IU_PDA_T2	BNIPL	0.7961770096827683
KCNMA1_KCNMB4	IU_PDA_T2	DAPL1	0.7875918517458567
KCNMA1_KCNMB4	IU_PDA_T2	IL1RN	0.7769773711597814
KCNMA1_KCNMB4	IU_PDA_T2	CA12	0.7722454369832321
KCNMA1_KCNMB4	IU_PDA_T2	CTSE	0.7663441130814866
KCNMA1_KCNMB4	IU_PDA_T2	LSP1	0.7648846807950613
KCNMA1_KCNMB4	IU_PDA_T2	SCGB1D2	0.7633756435181281
KCNMA1_KCNMB4	IU_PDA_T2	MT1G	0.7381493898592857
KCNMA1_KCNMB4	IU_PDA_T2	FLG	0.7237593853103236
KCNMA1_KCNMB4	IU_PDA_T2	PGLYRP3	0.7061255360048513
KCNMA1_KCNMB4	IU_PDA_T2	CCN1	0.6863088138411466
KCNMA1_KCNMB4	IU_PDA_T2	CCL27	0.6761348955909792
KCNMA1_KCNMB4	IU_PDA_T2	PKP1	0.6637420284139001
KCNMA1_KCNMB4	IU_PDA_T2	LTB	0.6611603707115056
KCNMA1_KCNMB4	IU_PDA_T2	FLG2	0.6564595124367234
KCNMA1_KCNMB4	IU_PDA_T2	ZNF750	0.6558988531743242
KCNMA1_KCNMB4	IU_PDA_T2	DMKN	0.6495136286286385
KCNMA1_KCNMB4	IU_PDA_T2	AQP3	0.6412005133464326
KCNMA1_KCNMB4	IU_PDA_T2	ITGAX	0.6359786239719083
KCNMA1_KCNMB4	IU_PDA_T2	DUOXA1	0.6353693268640164
KCNMA1_KCNMB4	IU_PDA_T2	LYPD3	0.6182017140804721
KCNMA1_KCNMB4	IU_PDA_T2	KCNT2	0.591699291043596
KCNMA1_KCNMB4	IU_PDA_T2	RHOB	0.5717038151416904
KCNMA1_KCNMB4	IU_PDA_T2	LMCD1	0.57096636236251
KCNMA1_KCNMB4	IU_PDA_T2	DEGS1	0.5369609683283596
KCNMA1_KCNMB4	IU_PDA_T2	PIP	0.5134373960564552
KCNMA1_KCNMB4	IU_PDA_T2	DSC1	0.5076523067712804
KCNMA1_KCNMB4	IU_PDA_T2	KRT5	0.46799057921607423
KCNMA1_KCNMB4	IU_PDA_T2	KCNAB1	0.4550500774089803
KCNMA1_KCNMB4	IU_PDA_T2	DSP	0.4545864581426599
KCNMA1_KCNMB4	IU_PDA_T2	CDSN	0.40628687631658983
KCNMA1_KCNMB4	IU_PDA_T2	SLC11A1	0.39204026840224376
KCNMA1_KCNMB4	IU_PDA_T2	SLC40A1	0.387879268950982
KCNMA1_KCNMB4	IU_PDA_T2	NSG1	0.38334283349006476
KCNMA1_KCNMB4	IU_PDA_T2	ACTG2	0.38037036160718685
KCNMA1_KCNMB4	IU_PDA_T2	ATP6V1C2	0.3750452423933906
KCNMA1_KCNMB4	IU_PDA_T2	SPRR3	0.3748411221592255
KCNMA1_KCNMB4	IU_PDA_T2	SOD3	0.36873868423531314
KCNMA1_KCNMB4	IU_PDA_T2	SERPINA12	0.3467095106734
KCNMA1_KCNMB4	IU_PDA_T2	MIF	0.3231824419993099
KCNMA1_KCNMB4	IU_PDA_T2	CEACAM1	0.3137825545274841
KCNMA1_KCNMB4	IU_PDA_T2	IMPA2	0.31000964776461176
KCNMA1_KCNMB4	IU_PDA_T2	AGT	0.30722428259921064
KCNMA1_KCNMB4	IU_PDA_T2	LAMB4	0.30396602859221383
KCNMA1_KCNMB4	IU_PDA_T2	DLX3	0.2957413752578933
KCNMA1_KCNMB4	IU_PDA_T2	COLEC11	0.2903516314453913
KCNMA1_KCNMB4	IU_PDA_T2	TP63	0.26890901400473244
KCNMA1_KCNMB4	IU_PDA_T2	CP	0.2612608901180843
KCNMA1_KCNMB4	IU_PDA_T2	IVL	0.22959883660881883
KCNMA1_KCNMB4	IU_PDA_T2	TSPAN8	0.22515019934753236
KCNMA1_KCNMB4	IU_PDA_T2	SERPING1	0.2011264511230841
KCNMA1_KCNMB4	IU_PDA_T2	LTF	0.14409951359048354
KCNMA1_KCNMB4	IU_PDA_T2	TAF11L2	0.12931499203621252
KCNMA1_KCNMB4	IU_PDA_T2	NQO1	0.10972530166798564
KCNMA1_KCNMB4	IU_PDA_T2	FGG	0.10569157408652212
KCNMA1_KCNMB4	IU_PDA_T2	SPARC	0.06950749571526933
KCNMA1_KCNMB4	IU_PDA_T2	TGM3	0.05863955677362877
KCNMA1_KCNMB4	IU_PDA_T2	HMGA2	0.04992254050128496
KCNMA1_KCNMB4	IU_PDA_T2	KCNAB2	0.015851163128527804
KCNMA1_KCNMB4	IU_PDA_T2	KLF5	0.0013406629306341735
KCNMA1_KCNMB4	IU_PDA_T2	PSCA	-0.006648314306151564
KCNMA1_KCNMB4	IU_PDA_T2	SERPINE1	-0.01764028865259952
KCNMA1_KCNMB4	IU_PDA_T2	HMGA1	-0.030576006557339653
KCNMA1_KCNMB4	IU_PDA_T2	CLPS	-0.04963425745449118
KCNMA1_KCNMB4	IU_PDA_T2	DUOX1	-0.08189448053822908
KCNMA1_KCNMB4	IU_PDA_T2	DUOX2	-0.08474701930998939
KCNMA1_KCNMB4	IU_PDA_T2	GABRP	-0.11830610304142766
KCNMA1_KCNMB4	IU_PDA_T2	LY6D	-0.15427927120016968
KCNMA1_KCNMB4	IU_PDA_T2	KCNMB4	-0.16538295232143124
KCNMA1_KCNMB4	IU_PDA_T2	RORA	-0.16590217657922146
KCNMA1_KCNMB4	IU_PDA_T2	CXCL8	-0.17506208412206467
KCNMA1_KCNMB4	IU_PDA_T2	KCNQ4	-0.21367243970514854
KCNMA1_KCNMB4	IU_PDA_T2	GATM	-0.23321244610549063
KCNMA1_KCNMB4	IU_PDA_T2	CNFN	-0.2352844976012996
KCNMA1_KCNMB4	IU_PDA_T2	GCG	-0.2401450731855258
KCNMA1_KCNMB4	IU_PDA_T2	CCN2	-0.2530104134776072
KCNMA1_KCNMB4	IU_PDA_T2	KCNK1	-0.29910842610488547
KCNMA1_KCNMB4	IU_PDA_T2	AHNAK2	-0.31634567706277655
KCNMA1_KCNMB4	IU_PDA_T2	GCNT3	-0.31848933076271224
KCNMA1_KCNMB4	IU_PDA_T2	AMBP	-0.3310720893687229
KCNMA1_KCNMB4	IU_PDA_T2	SERPINA3	-0.3345695025961464
KCNMA1_KCNMB4	IU_PDA_T2	KCNE4	-0.338860752596627
KCNMA1_KCNMB4	IU_PDA_T2	RNASE1	-0.34611962412221886
KCNMA1_KCNMB4	IU_PDA_T2	ADAMTSL2	-0.3689683746642934
KCNMA1_KCNMB4	IU_PDA_T2	S100A14	-0.38039392364578717
KCNMA1_KCNMB4	IU_PDA_T2	DUOXA2	-0.39427535628536786
KCNMA1_KCNMB4	IU_PDA_T2	B2M	-0.3954485277783392
KCNMA1_KCNMB4	IU_PDA_T2	ASPRV1	-0.39662903689860834
KCNMA1_KCNMB4	IU_PDA_T2	CTRC	-0.41458397652230294
KCNMA1_KCNMB4	IU_PDA_T2	CXCL14	-0.4209280875398123
KCNMA1_KCNMB4	IU_PDA_T2	LCE2A	-0.4219463599895004
KCNMA1_KCNMB4	IU_PDA_T2	SERPINA1	-0.4224578547599226
KCNMA1_KCNMB4	IU_PDA_T2	IGFBP5	-0.4388126651951657
KCNMA1_KCNMB4	IU_PDA_T2	TINCR	-0.4483184888653607
KCNMA1_KCNMB4	IU_PDA_T2	S100A10	-0.4536592580462236
KCNMA1_KCNMB4	IU_PDA_T2	CYP3A5	-0.4568960729085001
KCNMA1_KCNMB4	IU_PDA_T2	C19orf33	-0.4632315755950952
KCNMA1_KCNMB4	IU_PDA_T2	PLA2G4F	-0.4646896060597742
KCNMA1_KCNMB4	IU_PDA_T2	PIGR	-0.46688902541540783
KCNMA1_KCNMB4	IU_PDA_T2	NR5A2	-0.4672211935968472
KCNMA1_KCNMB4	IU_PDA_T2	CST6	-0.46798905222570714
KCNMA1_KCNMB4	IU_PDA_T2	FGA	-0.4719518645285748
KCNMA1_KCNMB4	IU_PDA_T2	CEL	-0.48369953468810095
KCNMA1_KCNMB4	IU_PDA_T2	ACTA2	-0.49160359824397865
KCNMA1_KCNMB4	IU_PDA_T2	GPRC5A	-0.5104949852101578
KCNMA1_KCNMB4	IU_PDA_T2	FGB	-0.5278231624329369
KCNMA1_KCNMB4	IU_PDA_T2	REG1A	-0.5419236116038204
KCNMA1_KCNMB4	IU_PDA_T2	TMC5	-0.5606026060204954
KCNMA1_KCNMB4	IU_PDA_T2	EPCAM	-0.6652017152773168
KCNMA1_KCNMB4	IU_PDA_T2	KLK6	-0.6699314500512016
KCNMA1_KCNMB4	IU_PDA_T2	CEBPA	-0.671541498276982
KCNMA1_KCNMB4	IU_PDA_T2	CTRB1	-0.6726683981414152
KCNMA1_KCNMB4	IU_PDA_T2	NEURL3	-0.700731360556484
KCNMA1_KCNMB4	IU_PDA_T2	BNIP3L	-0.7059750007596257
KCNMA1_KCNMB4	IU_PDA_T2	GJB2	-0.7148325987712868
KCNMA1_KCNMB4	IU_PDA_T2	IGHV5-10-1	-0.745300285792478
KCNMA1_KCNMB4	IU_PDA_T2	RNASET2	-0.7588776345269602
KCNMA1_KCNMB4	IU_PDA_T2	ENO2	-0.7704077648377404
KCNMA1_KCNMB4	IU_PDA_T2	CELA3A	-0.7785637612380121
KCNMA1_KCNMB4	IU_PDA_T2	SYCN	-0.7848998930874995
KCNMA1_KCNMB4	IU_PDA_T2	HAND2	-0.7938365491553256
KCNMA1_KCNMB4	IU_PDA_T2	SLC2A1	-0.823544749150752
KCNMA1_KCNMB4	IU_PDA_T2	CRABP2	-0.8327795708408434
KCNMA1_KCNMB4	IU_PDA_T2	SLC44A4	-0.8417186163444164
KCNMA1_KCNMB4	IU_PDA_T2	CKLF	-0.8574714616657436
KCNMA1_KCNMB4	IU_PDA_T2	CCDC80	-0.8723218637694505
KCNMA1_KCNMB4	IU_PDA_T2	BCAT1	-0.8748528422356187
KCNMA1_KCNMB4	IU_PDA_T2	CPB1	-0.8902969115416639
KCNMA1_KCNMB4	IU_PDA_T2	MUC3A	-0.8916996380349831
KCNMA1_KCNMB4	IU_PDA_T2	ALDOB	-0.89710123166142
KCNMA1_KCNMB4	IU_PDA_T2	SPINT2	-0.9070636654029175
KCNMA1_KCNMB4	IU_PDA_T2	CFTR	-0.9370828573186639
KCNMA1_KCNMB4	IU_PDA_T2	PNLIPRP1	-0.9433461309096692
KCNMA1_KCNMB4	IU_PDA_T2	PRSS1	-0.9511971298787378
KCNMA1_KCNMB4	IU_PDA_T2	CRISP3	-0.9603207482698437
KCNMA1_KCNMB4	IU_PDA_T2	PNLIP	-0.989823007077589
KCNMA1_KCNMB4	IU_PDA_T2	HK2	-0.9910876124204189
KCNMA1_KCNMB4	IU_PDA_T2	ARL14	-0.9979628246291851
KCNMA1_KCNMB4	IU_PDA_T2	SRSF2	-1.0028555302416586
KCNMA1_KCNMB4	IU_PDA_T2	CRP	-1.0203033633525438
KCNMA1_KCNMB4	IU_PDA_T2	CTRB2	-1.0322128228595897
KCNMA1_KCNMB4	IU_PDA_T2	COL11A1	-1.0520972394893304
KCNMA1_KCNMB4	IU_PDA_T2	PET100	-1.0582036024354078
KCNMA1_KCNMB4	IU_PDA_T2	TAGLN	-1.0588479401472057
KCNMA1_KCNMB4	IU_PDA_T2	SLC34A2	-1.0656999808236522
KCNMA1_KCNMB4	IU_PDA_T2	KLK10	-1.0660336938588173
KCNMA1_KCNMB4	IU_PDA_T2	PERP	-1.0852986686889594
KCNMA1_KCNMB4	IU_PDA_T2	REG1B	-1.1061635784408366
KCNMA1_KCNMB4	IU_PDA_T2	RAB25	-1.1155575795914034
KCNMA1_KCNMB4	IU_PDA_T2	ASPH	-1.1164453367571368
KCNMA1_KCNMB4	IU_PDA_T2	PCDH1	-1.1228438025272405
KCNMA1_KCNMB4	IU_PDA_T2	CFB	-1.1277798085502537
KCNMA1_KCNMB4	IU_PDA_T2	RGS16	-1.1319086155113205
KCNMA1_KCNMB4	IU_PDA_T2	KCNJ16	-1.1553361371656259
KCNMA1_KCNMB4	IU_PDA_T2	HMOX1	-1.155360448679407
KCNMA1_KCNMB4	IU_PDA_T2	APOC1	-1.1603956468143262
KCNMA1_KCNMB4	IU_PDA_T2	DMBT1	-1.1723677623043265
KCNMA1_KCNMB4	IU_PDA_T2	CPA1	-1.1749135902737322
KCNMA1_KCNMB4	IU_PDA_T2	MMP12	-1.1752707603425872
KCNMA1_KCNMB4	IU_PDA_T2	SPINK1	-1.1762903725689444
KCNMA1_KCNMB4	IU_PDA_T2	ITGA3	-1.181251431832295
KCNMA1_KCNMB4	IU_PDA_T2	ERO1A	-1.187057557988791
KCNMA1_KCNMB4	IU_PDA_T2	S100A4	-1.2239607170712419
KCNMA1_KCNMB4	IU_PDA_T2	STMN2	-1.258738142525253
KCNMA1_KCNMB4	IU_PDA_T2	MAF	-1.2698161484697494
KCNMA1_KCNMB4	IU_PDA_T2	S100P	-1.2718071279933194
KCNMA1_KCNMB4	IU_PDA_T2	GPX2	-1.2783830030327623
KCNMA1_KCNMB4	IU_PDA_T2	INSR	-1.2816193046654618
KCNMA1_KCNMB4	IU_PDA_T2	ONECUT1	-1.2823144580460302
KCNMA1_KCNMB4	IU_PDA_T2	KCNN4	-1.2830933990107176
KCNMA1_KCNMB4	IU_PDA_T2	KCND2	-1.2867515507344418
KCNMA1_KCNMB4	IU_PDA_T2	MAL2	-1.3180574920201735
KCNMA1_KCNMB4	IU_PDA_T2	KRT15	-1.3561030027147236
KCNMA1_KCNMB4	IU_PDA_T2	SLPI	-1.357370119906223
KCNMA1_KCNMB4	IU_PDA_T2	FN1	-1.3583905006853358
KCNMA1_KCNMB4	IU_PDA_T2	FAM83A	-1.3734534676284018
KCNMA1_KCNMB4	IU_PDA_T2	LAD1	-1.400183696988243
KCNMA1_KCNMB4	IU_PDA_T2	KRT7	-1.4248398278065395
KCNMA1_KCNMB4	IU_PDA_T2	SLC4A4	-1.427006492040806
KCNMA1_KCNMB4	IU_PDA_T2	C15orf48	-1.4411503830135446
KCNMA1_KCNMB4	IU_PDA_T2	MUC5B	-1.4457218021426983
KCNMA1_KCNMB4	IU_PDA_T2	ATP1B1	-1.4509697817069336
KCNMA1_KCNMB4	IU_PDA_T2	WFDC2	-1.4834554030095903
KCNMA1_KCNMB4	IU_PDA_T2	PLA2G1B	-1.4916053819822328
KCNMA1_KCNMB4	IU_PDA_T2	ELF3	-1.494561960645496
KCNMA1_KCNMB4	IU_PDA_T2	SV2B	-1.5166399174036667
KCNMA1_KCNMB4	IU_PDA_T2	GP2	-1.527751008700907
KCNMA1_KCNMB4	IU_PDA_T2	LMO7	-1.5324459161975656
KCNMA1_KCNMB4	IU_PDA_T2	PDZK1IP1	-1.5485878615022852
KCNMA1_KCNMB4	IU_PDA_T2	KCNK6	-1.5672301260483117
KCNMA1_KCNMB4	IU_PDA_T2	LOXL2	-1.6031382287044365
KCNMA1_KCNMB4	IU_PDA_T2	TGM2	-1.6251106696511333
KCNMA1_KCNMB4	IU_PDA_T2	BIRC7	-1.6347183444252933
KCNMA1_KCNMB4	IU_PDA_T2	MMP7	-1.637490940176167
KCNMA1_KCNMB4	IU_PDA_T2	OLFM4	-1.6408171505254003
KCNMA1_KCNMB4	IU_PDA_T2	TCN1	-1.6409091650674923
KCNMA1_KCNMB4	IU_PDA_T2	PRSS22	-1.661184339855054
KCNMA1_KCNMB4	IU_PDA_T2	SEMA4B	-1.7061338967355049
KCNMA1_KCNMB4	IU_PDA_T2	ITGA11	-1.710764714263739
KCNMA1_KCNMB4	IU_PDA_T2	NUPR1	-1.7326314407890215
KCNMA1_KCNMB4	IU_PDA_T2	CSTB	-1.7644706897778617
KCNMA1_KCNMB4	IU_PDA_T2	ITGB4	-1.7799315804469384
KCNMA1_KCNMB4	IU_PDA_T2	CPA2	-1.8096313596311182
KCNMA1_KCNMB4	IU_PDA_T2	MUC16	-1.8151710244499748
KCNMA1_KCNMB4	IU_PDA_T2	SCTR	-1.839535119656763
KCNMA1_KCNMB4	IU_PDA_T2	LCN2	-1.8893263657352841
KCNMA1_KCNMB4	IU_PDA_T2	CLDN4	-1.9045229914640793
KCNMA1_KCNMB4	IU_PDA_T2	MFSD11	-1.9089994231720377
KCNMA1_KCNMB4	IU_PDA_T2	KRT8	-1.9281007288106193
KCNMA1_KCNMB4	IU_PDA_T2	POSTN	-1.980033825568909
KCNMA1_KCNMB4	IU_PDA_T2	KRT16	-2.0087166543497466
KCNMA1_KCNMB4	IU_PDA_T2	ANXA4	-2.0197287574437466
KCNMA1_KCNMB4	IU_PDA_T2	MUC1	-2.053724397913916
KCNMA1_KCNMB4	IU_PDA_T2	ANXA2	-2.073159211650366
KCNMA1_KCNMB4	IU_PDA_T2	TMPRSS4	-2.077373531563277
KCNMA1_KCNMB4	IU_PDA_T2	KCNS3	-2.0871420059931656
KCNMA1_KCNMB4	IU_PDA_T2	HIF3A	-2.098194096447903
KCNMA1_KCNMB4	IU_PDA_T2	S100A9	-2.0982327997696038
KCNMA1_KCNMB4	IU_PDA_T2	KRT18	-2.1026299615826667
KCNMA1_KCNMB4	IU_PDA_T2	VCAN	-2.1044687727511056
KCNMA1_KCNMB4	IU_PDA_T2	TM4SF1	-2.1772979456142254
KCNMA1_KCNMB4	IU_PDA_T2	ID1	-2.1786403360902136
KCNMA1_KCNMB4	IU_PDA_T2	NET1	-2.1848550763664387
KCNMA1_KCNMB4	IU_PDA_T2	CST1	-2.2171958024097065
KCNMA1_KCNMB4	IU_PDA_T2	KCNJ15	-2.2327788247629674
KCNMA1_KCNMB4	IU_PDA_T2	COL10A1	-2.2831327937601635
KCNMA1_KCNMB4	IU_PDA_T2	ITGB6	-2.302098957465664
KCNMA1_KCNMB4	IU_PDA_T2	SPP1	-2.344155529560697
KCNMA1_KCNMB4	IU_PDA_T2	DDIT4	-2.4401144085859534
KCNMA1_KCNMB4	IU_PDA_T2	THBS2	-2.4506665221657546
KCNMA1_KCNMB4	IU_PDA_T2	TPM2	-2.7292641974864917
KCNMA1_KCNMB4	IU_PDA_T2	KLK11	-2.818508938658409
KCNMA1_KCNMB4	IU_PDA_T2	MMP11	-2.8998382275012204
KCNMA1_KCNMB4	IU_PDA_T2	IGFBP3	-3.1640833510324553
KCNMA1_KCNMB1	IU_PDA_T3	KCNMA1	8.188832767085207
KCNMA1_KCNMB1	IU_PDA_T3	DES	6.782188144640335
KCNMA1_KCNMB1	IU_PDA_T3	COL6A2	6.34000042817315
KCNMA1_KCNMB1	IU_PDA_T3	TPM1	6.3169497096940574
KCNMA1_KCNMB1	IU_PDA_T3	ACTA2	6.1267628631330115
KCNMA1_KCNMB1	IU_PDA_T3	FLNA	6.059834056336107
KCNMA1_KCNMB1	IU_PDA_T3	VCAN	5.885195719186968
KCNMA1_KCNMB1	IU_PDA_T3	MICAL2	5.705698545614292
KCNMA1_KCNMB1	IU_PDA_T3	CCN2	5.558825021623562
KCNMA1_KCNMB1	IU_PDA_T3	SFRP2	5.3727015301500805
KCNMA1_KCNMB1	IU_PDA_T3	GADD45B	5.367806646192078
KCNMA1_KCNMB1	IU_PDA_T3	CCDC80	5.310256351592191
KCNMA1_KCNMB1	IU_PDA_T3	DPYSL3	5.280960847907611
KCNMA1_KCNMB1	IU_PDA_T3	CCN1	5.242839286853533
KCNMA1_KCNMB1	IU_PDA_T3	MFAP4	5.195899799770202
KCNMA1_KCNMB1	IU_PDA_T3	COL3A1	5.11652885375966
KCNMA1_KCNMB1	IU_PDA_T3	COL6A3	5.102440178594859
KCNMA1_KCNMB1	IU_PDA_T3	FBN1	5.073382382667898
KCNMA1_KCNMB1	IU_PDA_T3	KCNMA1_KCNMB4	5.066070496328368
KCNMA1_KCNMB1	IU_PDA_T3	BGN	4.921793109213875
KCNMA1_KCNMB1	IU_PDA_T3	NBL1	4.7508161611581246
KCNMA1_KCNMB1	IU_PDA_T3	COL4A1	4.710395626190145
KCNMA1_KCNMB1	IU_PDA_T3	KCNMB1	4.70816064757244
KCNMA1_KCNMB1	IU_PDA_T3	COL1A2	4.680816605240929
KCNMA1_KCNMB1	IU_PDA_T3	FN1	4.680409521454033
KCNMA1_KCNMB1	IU_PDA_T3	PTGIS	4.63328827450358
KCNMA1_KCNMB1	IU_PDA_T3	PDLIM7	4.477658717212801
KCNMA1_KCNMB1	IU_PDA_T3	THBS2	4.397267982536432
KCNMA1_KCNMB1	IU_PDA_T3	CXCL14	4.37504408768899
KCNMA1_KCNMB1	IU_PDA_T3	LUM	4.325179811306851
KCNMA1_KCNMB1	IU_PDA_T3	MMP2	4.3123750001944945
KCNMA1_KCNMB1	IU_PDA_T3	COL16A1	4.304616721513858
KCNMA1_KCNMB1	IU_PDA_T3	MARCKS	4.256748964151467
KCNMA1_KCNMB1	IU_PDA_T3	FOS	4.252878040399186
KCNMA1_KCNMB1	IU_PDA_T3	MATN3	4.210364144105438
KCNMA1_KCNMB1	IU_PDA_T3	CDH11	4.202538960470872
KCNMA1_KCNMB1	IU_PDA_T3	IGHG3	4.184851000683078
KCNMA1_KCNMB1	IU_PDA_T3	ADAMTS1	4.158776154108596
KCNMA1_KCNMB1	IU_PDA_T3	IGHA1	4.15825798881514
KCNMA1_KCNMB1	IU_PDA_T3	LYZ	4.128153821442416
KCNMA1_KCNMB1	IU_PDA_T3	IGFBP5	4.070990960908009
KCNMA1_KCNMB1	IU_PDA_T3	ISLR	4.032145803422974
KCNMA1_KCNMB1	IU_PDA_T3	CCL17	4.03142354098576
KCNMA1_KCNMB1	IU_PDA_T3	SFRP4	3.9523063132735006
KCNMA1_KCNMB1	IU_PDA_T3	HLA-DRA	3.878689685362639
KCNMA1_KCNMB1	IU_PDA_T3	C11orf96	3.715207294436387
KCNMA1_KCNMB1	IU_PDA_T3	IL32	3.6717165983330573
KCNMA1_KCNMB1	IU_PDA_T3	IGFBP3	3.6622229849475523
KCNMA1_KCNMB1	IU_PDA_T3	ZBTB16	3.629387075818256
KCNMA1_KCNMB1	IU_PDA_T3	ADIRF	3.5421837774604463
KCNMA1_KCNMB1	IU_PDA_T3	HLA-DPB1	3.5347262557151717
KCNMA1_KCNMB1	IU_PDA_T3	COL1A1	3.524233047571465
KCNMA1_KCNMB1	IU_PDA_T3	GREM1	3.4806987272093863
KCNMA1_KCNMB1	IU_PDA_T3	CST1	3.346541015631596
KCNMA1_KCNMB1	IU_PDA_T3	SULF1	3.218291824540147
KCNMA1_KCNMB1	IU_PDA_T3	MMP14	3.2174760123114443
KCNMA1_KCNMB1	IU_PDA_T3	COL5A1	3.2126724683303913
KCNMA1_KCNMB1	IU_PDA_T3	MMP11	3.1670671198106755
KCNMA1_KCNMB1	IU_PDA_T3	CTHRC1	3.1166189455114375
KCNMA1_KCNMB1	IU_PDA_T3	IGF1	3.106160290754541
KCNMA1_KCNMB1	IU_PDA_T3	HLA-DQA1	3.0479485910457176
KCNMA1_KCNMB1	IU_PDA_T3	AQP1	2.9863860265811732
KCNMA1_KCNMB1	IU_PDA_T3	COL10A1	2.9613411998219923
KCNMA1_KCNMB1	IU_PDA_T3	KCNE4	2.9226308721185554
KCNMA1_KCNMB1	IU_PDA_T3	CFD	2.8543864635081575
KCNMA1_KCNMB1	IU_PDA_T3	COL5A2	2.8019680767295867
KCNMA1_KCNMB1	IU_PDA_T3	S100A11	2.793245127614728
KCNMA1_KCNMB1	IU_PDA_T3	IGHJ6	2.750655384012498
KCNMA1_KCNMB1	IU_PDA_T3	CIITA	2.7501308616428077
KCNMA1_KCNMB1	IU_PDA_T3	INHBA	2.6891375047286648
KCNMA1_KCNMB1	IU_PDA_T3	OGN	2.6482544656410916
KCNMA1_KCNMB1	IU_PDA_T3	IGKV4-1	2.646228521441814
KCNMA1_KCNMB1	IU_PDA_T3	FOSB	2.614468224540033
KCNMA1_KCNMB1	IU_PDA_T3	NR4A1	2.5760039474002068
KCNMA1_KCNMB1	IU_PDA_T3	COL11A1	2.50565512722312
KCNMA1_KCNMB1	IU_PDA_T3	LTB	2.465995110245291
KCNMA1_KCNMB1	IU_PDA_T3	DUSP1	2.4607979628584555
KCNMA1_KCNMB1	IU_PDA_T3	BTG2	2.4104498359870616
KCNMA1_KCNMB1	IU_PDA_T3	COL12A1	2.3613053956208683
KCNMA1_KCNMB1	IU_PDA_T3	PI16	2.331682629387273
KCNMA1_KCNMB1	IU_PDA_T3	IGLC1	2.321993502842349
KCNMA1_KCNMB1	IU_PDA_T3	IFI6	2.2849265941015577
KCNMA1_KCNMB1	IU_PDA_T3	GJB2	2.24710140876798
KCNMA1_KCNMB1	IU_PDA_T3	IGHG4	2.2427067174029625
KCNMA1_KCNMB1	IU_PDA_T3	JCHAIN	2.146413742103836
KCNMA1_KCNMB1	IU_PDA_T3	CORO1A	2.1199851561733056
KCNMA1_KCNMB1	IU_PDA_T3	MMP7	2.108490466006467
KCNMA1_KCNMB1	IU_PDA_T3	POSTN	2.0803804997330153
KCNMA1_KCNMB1	IU_PDA_T3	KCNAB2	2.061909389765636
KCNMA1_KCNMB1	IU_PDA_T3	IGLC7	2.055350175875063
KCNMA1_KCNMB1	IU_PDA_T3	IGHM	2.0455989720754615
KCNMA1_KCNMB1	IU_PDA_T3	CRIP1	1.9860116899591425
KCNMA1_KCNMB1	IU_PDA_T3	SVEP1	1.976405531657266
KCNMA1_KCNMB1	IU_PDA_T3	FCRL1	1.9671049934238332
KCNMA1_KCNMB1	IU_PDA_T3	DPT	1.9527711863670145
KCNMA1_KCNMB1	IU_PDA_T3	CCL19	1.899659411054618
KCNMA1_KCNMB1	IU_PDA_T3	IGLV6-57	1.87390659102465
KCNMA1_KCNMB1	IU_PDA_T3	SFRP1	1.8563850282942818
KCNMA1_KCNMB1	IU_PDA_T3	PLA2G2A	1.7882343733643524
KCNMA1_KCNMB1	IU_PDA_T3	CD3D	1.7491740594476606
KCNMA1_KCNMB1	IU_PDA_T3	CCL21	1.7378381217091112
KCNMA1_KCNMB1	IU_PDA_T3	CXCL8	1.7364882217060642
KCNMA1_KCNMB1	IU_PDA_T3	PTPRC	1.7004703706963333
KCNMA1_KCNMB1	IU_PDA_T3	ANXA2	1.6872566436433565
KCNMA1_KCNMB1	IU_PDA_T3	EVL	1.6793706704154747
KCNMA1_KCNMB1	IU_PDA_T3	S100A4	1.6780438443921408
KCNMA1_KCNMB1	IU_PDA_T3	TMC8	1.6155539126982668
KCNMA1_KCNMB1	IU_PDA_T3	THBS4	1.6092369609123758
KCNMA1_KCNMB1	IU_PDA_T3	LAMC2	1.5937041660530051
KCNMA1_KCNMB1	IU_PDA_T3	CD52	1.585356022382032
KCNMA1_KCNMB1	IU_PDA_T3	LIMD2	1.5229864468610057
KCNMA1_KCNMB1	IU_PDA_T3	MGP	1.5126852757158133
KCNMA1_KCNMB1	IU_PDA_T3	LRRC15	1.464401792993965
KCNMA1_KCNMB1	IU_PDA_T3	IGLV3-1	1.4454744114528475
KCNMA1_KCNMB1	IU_PDA_T3	MZB1	1.4378514221337697
KCNMA1_KCNMB1	IU_PDA_T3	RIPOR2	1.42860365008595
KCNMA1_KCNMB1	IU_PDA_T3	IRF8	1.4236152105962014
KCNMA1_KCNMB1	IU_PDA_T3	CD37	1.3875896731268755
KCNMA1_KCNMB1	IU_PDA_T3	KCNA5	1.3522569213131606
KCNMA1_KCNMB1	IU_PDA_T3	TRAC	1.2949608491647988
KCNMA1_KCNMB1	IU_PDA_T3	ACKR1	1.280024286006878
KCNMA1_KCNMB1	IU_PDA_T3	KCND3	1.27294175561015
KCNMA1_KCNMB1	IU_PDA_T3	SEPTIN1	1.254471381419197
KCNMA1_KCNMB1	IU_PDA_T3	CR2	1.0993293722390713
KCNMA1_KCNMB1	IU_PDA_T3	KRT8	1.0462522322271435
KCNMA1_KCNMB1	IU_PDA_T3	CD19	1.0126859546797098
KCNMA1_KCNMB1	IU_PDA_T3	TGFBI	1.0079071824619115
KCNMA1_KCNMB1	IU_PDA_T3	C15orf48	1.0033512732386998
KCNMA1_KCNMB1	IU_PDA_T3	TBC1D10C	0.9925067687451584
KCNMA1_KCNMB1	IU_PDA_T3	IL7R	0.9552319661044311
KCNMA1_KCNMB1	IU_PDA_T3	ACAP1	0.9522130821994231
KCNMA1_KCNMB1	IU_PDA_T3	ALDH1A3	0.9470752751301382
KCNMA1_KCNMB1	IU_PDA_T3	TRBC1	0.9221091948091543
KCNMA1_KCNMB1	IU_PDA_T3	NET1	0.9089192700971948
KCNMA1_KCNMB1	IU_PDA_T3	HSPB6	0.8892202666464897
KCNMA1_KCNMB1	IU_PDA_T3	KCNQ4	0.8715254514737222
KCNMA1_KCNMB1	IU_PDA_T3	KCNAB1	0.8550862445974902
KCNMA1_KCNMB1	IU_PDA_T3	MS4A1	0.8539952233767817
KCNMA1_KCNMB1	IU_PDA_T3	FCMR	0.8467061680529988
KCNMA1_KCNMB1	IU_PDA_T3	IKZF1	0.8371332678922492
KCNMA1_KCNMB1	IU_PDA_T3	CD79A	0.7911884936557728
KCNMA1_KCNMB1	IU_PDA_T3	CXCL13	0.7855724232392115
KCNMA1_KCNMB1	IU_PDA_T3	C7	0.7678237895716294
KCNMA1_KCNMB1	IU_PDA_T3	HBA1	0.7559551638084943
KCNMA1_KCNMB1	IU_PDA_T3	JUP	0.7080877014710798
KCNMA1_KCNMB1	IU_PDA_T3	INF2	0.661725222513636
KCNMA1_KCNMB1	IU_PDA_T3	KCNK15	0.5980119932981897
KCNMA1_KCNMB1	IU_PDA_T3	KCNK6	0.5717855843427071
KCNMA1_KCNMB1	IU_PDA_T3	PGD	0.5655049057176823
KCNMA1_KCNMB1	IU_PDA_T3	SDC1	0.5340512207001793
KCNMA1_KCNMB1	IU_PDA_T3	ANXA3	0.5322440319137692
KCNMA1_KCNMB1	IU_PDA_T3	TRAJ10	0.5277024426532765
KCNMA1_KCNMB1	IU_PDA_T3	LTF	0.5135711070247541
KCNMA1_KCNMB1	IU_PDA_T3	PMEPA1	0.4308578116436685
KCNMA1_KCNMB1	IU_PDA_T3	HBA2	0.4163603147851406
KCNMA1_KCNMB1	IU_PDA_T3	MDK	0.34400905602682536
KCNMA1_KCNMB1	IU_PDA_T3	KCNT2	0.3220364812268273
KCNMA1_KCNMB1	IU_PDA_T3	MUC1	0.3078979452140396
KCNMA1_KCNMB1	IU_PDA_T3	SELL	0.3058735391631903
KCNMA1_KCNMB1	IU_PDA_T3	RASGRP2	0.3053020344735237
KCNMA1_KCNMB1	IU_PDA_T3	KCNN3	0.28038989446573115
KCNMA1_KCNMB1	IU_PDA_T3	AC119396.1	0.26442893447266985
KCNMA1_KCNMB1	IU_PDA_T3	SPINT1	0.26281688489969257
KCNMA1_KCNMB1	IU_PDA_T3	KCNK17	0.23961011013466268
KCNMA1_KCNMB1	IU_PDA_T3	ERRFI1	0.2251011810720125
KCNMA1_KCNMB1	IU_PDA_T3	PTGDS	0.18120317440201542
KCNMA1_KCNMB1	IU_PDA_T3	SELENOP	0.17150685420768946
KCNMA1_KCNMB1	IU_PDA_T3	ANO1	0.1489754799200077
KCNMA1_KCNMB1	IU_PDA_T3	CDCP1	0.1252230835556509
KCNMA1_KCNMB1	IU_PDA_T3	S100A14	0.1211013153682618
KCNMA1_KCNMB1	IU_PDA_T3	PAX5	0.112140580222639
KCNMA1_KCNMB1	IU_PDA_T3	NIBAN3	0.1073105542828426
KCNMA1_KCNMB1	IU_PDA_T3	CCR7	0.07809923209961693
KCNMA1_KCNMB1	IU_PDA_T3	KRT7	0.03588366199422262
KCNMA1_KCNMB1	IU_PDA_T3	ITGB6	0.03536496699257324
KCNMA1_KCNMB1	IU_PDA_T3	PTPRF	0.034761054895292215
KCNMA1_KCNMB1	IU_PDA_T3	CXCR4	0.010920407512647345
KCNMA1_KCNMB1	IU_PDA_T3	TRAF3IP3	-0.0208356219351402
KCNMA1_KCNMB1	IU_PDA_T3	TM4SF1	-0.029801302474973188
KCNMA1_KCNMB1	IU_PDA_T3	GPX3	-0.034364339197441994
KCNMA1_KCNMB1	IU_PDA_T3	TRBC2	-0.05929717550110613
KCNMA1_KCNMB1	IU_PDA_T3	KCNS3	-0.07501931049033739
KCNMA1_KCNMB1	IU_PDA_T3	KCNJ15	-0.09271694316950499
KCNMA1_KCNMB1	IU_PDA_T3	LAMB3	-0.10547137134104886
KCNMA1_KCNMB1	IU_PDA_T3	S100A16	-0.11915850786838549
KCNMA1_KCNMB1	IU_PDA_T3	POU2AF1	-0.12946672133917872
KCNMA1_KCNMB1	IU_PDA_T3	UCHL1	-0.13895579724074447
KCNMA1_KCNMB1	IU_PDA_T3	CLIC3	-0.14879363112505617
KCNMA1_KCNMB1	IU_PDA_T3	CD79B	-0.1500851199553848
KCNMA1_KCNMB1	IU_PDA_T3	LGALS4	-0.20721420567616416
KCNMA1_KCNMB1	IU_PDA_T3	SPINT2	-0.21916831323611638
KCNMA1_KCNMB1	IU_PDA_T3	AGRN	-0.23696321478058444
KCNMA1_KCNMB1	IU_PDA_T3	TNXB	-0.2579716757370852
KCNMA1_KCNMB1	IU_PDA_T3	DNASE1L3	-0.2884572675577095
KCNMA1_KCNMB1	IU_PDA_T3	CLDN4	-0.37822322874268777
KCNMA1_KCNMB1	IU_PDA_T3	S100A9	-0.3970793746374361
KCNMA1_KCNMB1	IU_PDA_T3	TACSTD2	-0.4225226297333953
KCNMA1_KCNMB1	IU_PDA_T3	IFI27	-0.43731895839144896
KCNMA1_KCNMB1	IU_PDA_T3	IGHD	-0.4756577357833557
KCNMA1_KCNMB1	IU_PDA_T3	GPX2	-0.48186881363249046
KCNMA1_KCNMB1	IU_PDA_T3	CGN	-0.4863816444251093
KCNMA1_KCNMB1	IU_PDA_T3	CCN3	-0.5287651205660822
KCNMA1_KCNMB1	IU_PDA_T3	EPHA2	-0.5359681521399493
KCNMA1_KCNMB1	IU_PDA_T3	SLC7A11	-0.570862118950599
KCNMA1_KCNMB1	IU_PDA_T3	C19orf33	-0.5814175917825177
KCNMA1_KCNMB1	IU_PDA_T3	H1F0	-0.6890071720413968
KCNMA1_KCNMB1	IU_PDA_T3	FDX1	-0.7202840222124522
KCNMA1_KCNMB1	IU_PDA_T3	OCIAD2	-0.775645296770255
KCNMA1_KCNMB1	IU_PDA_T3	ELF3	-0.8413146767624379
KCNMA1_KCNMB1	IU_PDA_T3	MAL2	-0.85559942070309
KCNMA1_KCNMB1	IU_PDA_T3	SERPINB5	-0.8633989786120532
KCNMA1_KCNMB1	IU_PDA_T3	CYP21A2	-0.8835840107963818
KCNMA1_KCNMB1	IU_PDA_T3	ST14	-0.8902655254123656
KCNMA1_KCNMB1	IU_PDA_T3	SLC2A1	-0.8961264563855789
KCNMA1_KCNMB1	IU_PDA_T3	CEACAM5	-0.8969358683406019
KCNMA1_KCNMB1	IU_PDA_T3	EPCAM	-0.9181074377320755
KCNMA1_KCNMB1	IU_PDA_T3	TNFRSF6B	-0.9355472577317453
KCNMA1_KCNMB1	IU_PDA_T3	AKR1C2	-0.9433059418679371
KCNMA1_KCNMB1	IU_PDA_T3	ZNF331	-0.9520569017669813
KCNMA1_KCNMB1	IU_PDA_T3	LCN2	-0.9635794509788634
KCNMA1_KCNMB1	IU_PDA_T3	KRT18	-0.9950927300841166
KCNMA1_KCNMB1	IU_PDA_T3	HMGA1	-1.0146189105195056
KCNMA1_KCNMB1	IU_PDA_T3	CYP11B1	-1.016741767216653
KCNMA1_KCNMB1	IU_PDA_T3	MT1A	-1.0522301602485982
KCNMA1_KCNMB1	IU_PDA_T3	NR4A3	-1.0564513742736554
KCNMA1_KCNMB1	IU_PDA_T3	CLDN7	-1.0568401856843703
KCNMA1_KCNMB1	IU_PDA_T3	CD22	-1.0594466351307867
KCNMA1_KCNMB1	IU_PDA_T3	STAR	-1.1000871554308922
KCNMA1_KCNMB1	IU_PDA_T3	CLU	-1.1446032488812663
KCNMA1_KCNMB1	IU_PDA_T3	TRIM29	-1.1514188818025881
KCNMA1_KCNMB1	IU_PDA_T3	KYNU	-1.16540342279182
KCNMA1_KCNMB1	IU_PDA_T3	SPP1	-1.2126893109874668
KCNMA1_KCNMB1	IU_PDA_T3	CSTB	-1.222264814609453
KCNMA1_KCNMB1	IU_PDA_T3	KCNC4	-1.2812465110105955
KCNMA1_KCNMB1	IU_PDA_T3	KLK6	-1.2946807901733453
KCNMA1_KCNMB1	IU_PDA_T3	BPIFB1	-1.2956195711470804
KCNMA1_KCNMB1	IU_PDA_T3	TSPAN1	-1.3051939815761147
KCNMA1_KCNMB1	IU_PDA_T3	GPC1	-1.3233667971091108
KCNMA1_KCNMB1	IU_PDA_T3	MT1E	-1.360636122452368
KCNMA1_KCNMB1	IU_PDA_T3	NR4A2	-1.3673531634191778
KCNMA1_KCNMB1	IU_PDA_T3	TSPAN8	-1.382164189782176
KCNMA1_KCNMB1	IU_PDA_T3	PFKP	-1.388000607976406
KCNMA1_KCNMB1	IU_PDA_T3	ERN1	-1.3927880328433069
KCNMA1_KCNMB1	IU_PDA_T3	FCGBP	-1.396947372832593
KCNMA1_KCNMB1	IU_PDA_T3	CYP17A1	-1.4196763554915264
KCNMA1_KCNMB1	IU_PDA_T3	NQO1	-1.4459856707194687
KCNMA1_KCNMB1	IU_PDA_T3	CHMP2A	-1.450169281582609
KCNMA1_KCNMB1	IU_PDA_T3	MUC4	-1.4753524499166712
KCNMA1_KCNMB1	IU_PDA_T3	LAD1	-1.4754920334392072
KCNMA1_KCNMB1	IU_PDA_T3	LYVE1	-1.476250211856034
KCNMA1_KCNMB1	IU_PDA_T3	ADAMTS9	-1.4782182216753417
KCNMA1_KCNMB1	IU_PDA_T3	SERINC2	-1.4833396628731044
KCNMA1_KCNMB1	IU_PDA_T3	MLPH	-1.505973529781761
KCNMA1_KCNMB1	IU_PDA_T3	CDH2	-1.514009467623052
KCNMA1_KCNMB1	IU_PDA_T3	TXN	-1.5178188386754172
KCNMA1_KCNMB1	IU_PDA_T3	KLK8	-1.532907530347321
KCNMA1_KCNMB1	IU_PDA_T3	PDK4	-1.570393510756025
KCNMA1_KCNMB1	IU_PDA_T3	SYT8	-1.6097941561746645
KCNMA1_KCNMB1	IU_PDA_T3	DLK1	-1.6103367067226266
KCNMA1_KCNMB1	IU_PDA_T3	MYH14	-1.6170145457836862
KCNMA1_KCNMB1	IU_PDA_T3	RASD1	-1.6182938508028792
KCNMA1_KCNMB1	IU_PDA_T3	RAB25	-1.6256639192865021
KCNMA1_KCNMB1	IU_PDA_T3	CLDN1	-1.6636705752502965
KCNMA1_KCNMB1	IU_PDA_T3	KRT23	-1.664154712994389
KCNMA1_KCNMB1	IU_PDA_T3	GATA6	-1.682306406398384
KCNMA1_KCNMB1	IU_PDA_T3	UGT1A6	-1.7044618341613351
KCNMA1_KCNMB1	IU_PDA_T3	EGLN3	-1.7530125039894333
KCNMA1_KCNMB1	IU_PDA_T3	PDGFD	-1.7596299406667726
KCNMA1_KCNMB1	IU_PDA_T3	WFDC2	-1.7826899983130635
KCNMA1_KCNMB1	IU_PDA_T3	ITGA3	-1.798131714637691
KCNMA1_KCNMB1	IU_PDA_T3	SCARB1	-1.8114495845591783
KCNMA1_KCNMB1	IU_PDA_T3	CLDN3	-1.8409508100870924
KCNMA1_KCNMB1	IU_PDA_T3	AKR1C3	-1.8465358680504143
KCNMA1_KCNMB1	IU_PDA_T3	FXYD3	-1.8841522924643872
KCNMA1_KCNMB1	IU_PDA_T3	SLC22A3	-1.9210240361746045
KCNMA1_KCNMB1	IU_PDA_T3	ABTB2	-1.9274375905488508
KCNMA1_KCNMB1	IU_PDA_T3	GJA1	-1.9503995779379222
KCNMA1_KCNMB1	IU_PDA_T3	EFNA1	-1.9568931643783027
KCNMA1_KCNMB1	IU_PDA_T3	NAP1L5	-1.9694989441801127
KCNMA1_KCNMB1	IU_PDA_T3	MOB4	-1.9891727186395955
KCNMA1_KCNMB1	IU_PDA_T3	INAVA	-2.0074789357461924
KCNMA1_KCNMB1	IU_PDA_T3	JAZF1	-2.0510176603647032
KCNMA1_KCNMB1	IU_PDA_T3	KCNJ8	-2.0544823567711386
KCNMA1_KCNMB1	IU_PDA_T3	FAM166B	-2.116834789219835
KCNMA1_KCNMB1	IU_PDA_T3	PROM2	-2.121060115401801
KCNMA1_KCNMB1	IU_PDA_T3	ITGB4	-2.1399211976136767
KCNMA1_KCNMB1	IU_PDA_T3	KCNK1	-2.1545562631320694
KCNMA1_KCNMB1	IU_PDA_T3	S100A2	-2.154999441866758
KCNMA1_KCNMB1	IU_PDA_T3	AKR1C1	-2.161918963378434
KCNMA1_KCNMB1	IU_PDA_T3	SH3BP5	-2.2154221827561735
KCNMA1_KCNMB1	IU_PDA_T3	CREM	-2.2221660849578515
KCNMA1_KCNMB1	IU_PDA_T3	TNS4	-2.2913884318862014
KCNMA1_KCNMB1	IU_PDA_T3	GRAMD1B	-2.3142080459746763
KCNMA1_KCNMB1	IU_PDA_T3	SLC23A2	-2.334690860021851
KCNMA1_KCNMB1	IU_PDA_T3	COL7A1	-2.3597150104211457
KCNMA1_KCNMB1	IU_PDA_T3	TMC5	-2.3722676899695183
KCNMA1_KCNMB1	IU_PDA_T3	KCND2	-2.3874526428799774
KCNMA1_KCNMB1	IU_PDA_T3	SMAD3	-2.4129060430030256
KCNMA1_KCNMB1	IU_PDA_T3	S100P	-2.4255166005064486
KCNMA1_KCNMB1	IU_PDA_T3	SEMA4B	-2.4388567830108987
KCNMA1_KCNMB1	IU_PDA_T3	KCNMB4	-2.4405134902527674
KCNMA1_KCNMB1	IU_PDA_T3	LDLR	-2.5115030896298323
KCNMA1_KCNMB1	IU_PDA_T3	SOAT1	-2.5431682530071096
KCNMA1_KCNMB1	IU_PDA_T3	TKT	-2.5457422821411413
KCNMA1_KCNMB1	IU_PDA_T3	KLF5	-2.5959604890739385
KCNMA1_KCNMB1	IU_PDA_T3	AOX1	-2.599173900271529
KCNMA1_KCNMB1	IU_PDA_T3	DEFB1	-2.6115787854463397
KCNMA1_KCNMB1	IU_PDA_T3	ALDH3A1	-2.61965500936118
KCNMA1_KCNMB1	IU_PDA_T3	ZNF503	-2.632113824195389
KCNMA1_KCNMB1	IU_PDA_T3	KRT5	-2.6341848963245127
KCNMA1_KCNMB1	IU_PDA_T3	SLPI	-2.637715620688257
KCNMA1_KCNMB1	IU_PDA_T3	TGFBR3	-2.647577447043293
KCNMA1_KCNMB1	IU_PDA_T3	AKR1B10	-2.6945074816603576
KCNMA1_KCNMB1	IU_PDA_T3	CPEB4	-2.7052540835138768
KCNMA1_KCNMB1	IU_PDA_T3	SERPINA5	-2.719296539353139
KCNMA1_KCNMB1	IU_PDA_T3	SDC4	-2.721534960848075
KCNMA1_KCNMB1	IU_PDA_T3	SPOCK2	-2.75117668658982
KCNMA1_KCNMB1	IU_PDA_T3	HOXA5	-2.801162480767197
KCNMA1_KCNMB1	IU_PDA_T3	ZNF275	-2.803079926737196
KCNMA1_KCNMB1	IU_PDA_T3	ALKAL2	-2.816716128281517
KCNMA1_KCNMB1	IU_PDA_T3	VAT1L	-2.833114676682884
KCNMA1_KCNMB1	IU_PDA_T3	TP53INP2	-2.8607104654985114
KCNMA1_KCNMB1	IU_PDA_T3	SEMA6A	-2.8625636950223514
KCNMA1_KCNMB1	IU_PDA_T3	G6PD	-2.8920730834189343
KCNMA1_KCNMB1	IU_PDA_T3	PEG10	-2.915485366301949
KCNMA1_KCNMB1	IU_PDA_T3	SCD	-2.9209960481165753
KCNMA1_KCNMB1	IU_PDA_T3	INSIG1	-2.9214025381083784
KCNMA1_KCNMB1	IU_PDA_T3	SCGB1A1	-2.930894994973043
KCNMA1_KCNMB1	IU_PDA_T3	SORBS2	-2.932284611253641
KCNMA1_KCNMB1	IU_PDA_T3	KCNK3	-2.954252352318347
KCNMA1_KCNMB1	IU_PDA_T3	FNDC4	-2.959807333973653
KCNMA1_KCNMB1	IU_PDA_T3	SLC19A2	-2.9776460083815937
KCNMA1_KCNMB1	IU_PDA_T3	KCNQ1	-2.978534353770285
KCNMA1_KCNMB1	IU_PDA_T3	CYP11A1	-2.987201581932632
KCNMA1_KCNMB1	IU_PDA_T3	LSS	-3.037621354311793
KCNMA1_KCNMB1	IU_PDA_T3	CYB5B	-3.042064439215689
KCNMA1_KCNMB1	IU_PDA_T3	QPCT	-3.04478270478173
KCNMA1_KCNMB1	IU_PDA_T3	TBX3	-3.1014412600636487
KCNMA1_KCNMB1	IU_PDA_T3	CALML5	-3.1028515701295847
KCNMA1_KCNMB1	IU_PDA_T3	MAPK4	-3.1060958879008105
KCNMA1_KCNMB1	IU_PDA_T3	SEMA3B	-3.124057811123664
KCNMA1_KCNMB1	IU_PDA_T3	DHCR24	-3.1366032147330714
KCNMA1_KCNMB1	IU_PDA_T3	ATP1B1	-3.148181009417256
KCNMA1_KCNMB1	IU_PDA_T3	DYNLL2	-3.176781036502612
KCNMA1_KCNMB1	IU_PDA_T3	C2orf66	-3.192955049251049
KCNMA1_KCNMB1	IU_PDA_T3	SLC16A9	-3.1954245894994893
KCNMA1_KCNMB1	IU_PDA_T3	CYP11B2	-3.2068814524109395
KCNMA1_KCNMB1	IU_PDA_T3	PRKAR2B	-3.215464402909497
KCNMA1_KCNMB1	IU_PDA_T3	FDPS	-3.2222188604085082
KCNMA1_KCNMB1	IU_PDA_T3	ABCB1	-3.2495192720455335
KCNMA1_KCNMB1	IU_PDA_T3	ALDH3A2	-3.254189864551151
KCNMA1_KCNMB1	IU_PDA_T3	DLG5	-3.290834794685331
KCNMA1_KCNMB1	IU_PDA_T3	CALN1	-3.312756321232303
KCNMA1_KCNMB1	IU_PDA_T3	KCNN4	-3.3189683305775692
KCNMA1_KCNMB1	IU_PDA_T3	AQP3	-3.3378262540325654
KCNMA1_KCNMB1	IU_PDA_T3	KCNJ5	-3.3397849949753198
KCNMA1_KCNMB1	IU_PDA_T3	MRAP	-3.343493195090023
KCNMA1_KCNMB1	IU_PDA_T3	PGAP1	-3.3899424928717075
KCNMA1_KCNMB1	IU_PDA_T3	CAMK2N2	-3.3956252960509383
KCNMA1_KCNMB1	IU_PDA_T3	NCAM1	-3.4077857361395325
KCNMA1_KCNMB1	IU_PDA_T3	PEG3	-3.436156314100581
KCNMA1_KCNMB1	IU_PDA_T3	TMPRSS4	-3.4375000814478645
KCNMA1_KCNMB1	IU_PDA_T3	MSMO1	-3.461100114960528
KCNMA1_KCNMB1	IU_PDA_T3	TMEM97	-3.465976877464178
KCNMA1_KCNMB1	IU_PDA_T3	FN3K	-3.4688970394649106
KCNMA1_KCNMB1	IU_PDA_T3	MCOLN3	-3.512298507928328
KCNMA1_KCNMB1	IU_PDA_T3	CTNNAL1	-3.5317257550608296
KCNMA1_KCNMB1	IU_PDA_T3	KLHDC8B	-3.554455825539068
KCNMA1_KCNMB1	IU_PDA_T3	LY6D	-3.5593199122532435
KCNMA1_KCNMB1	IU_PDA_T3	MGARP	-3.56057197337581
KCNMA1_KCNMB1	IU_PDA_T3	GOT1	-3.5830886985707653
KCNMA1_KCNMB1	IU_PDA_T3	CTH	-3.590816380822541
KCNMA1_KCNMB1	IU_PDA_T3	NKAIN1	-3.598190098010929
KCNMA1_KCNMB1	IU_PDA_T3	NPC1	-3.6017810239091275
KCNMA1_KCNMB1	IU_PDA_T3	RBBP7	-3.6131775785835036
KCNMA1_KCNMB1	IU_PDA_T3	MUC20	-3.6147382870790254
KCNMA1_KCNMB1	IU_PDA_T3	EPB41L1	-3.632269725963191
KCNMA1_KCNMB1	IU_PDA_T3	NGEF	-3.6335952507226956
KCNMA1_KCNMB1	IU_PDA_T3	LONRF2	-3.6350702083576176
KCNMA1_KCNMB1	IU_PDA_T3	CASP9	-3.636031932731379
KCNMA1_KCNMB1	IU_PDA_T3	DHCR7	-3.641007292404195
KCNMA1_KCNMB1	IU_PDA_T3	DNAJC12	-3.6655682226115616
KCNMA1_KCNMB1	IU_PDA_T3	FADS2	-3.6706667648587508
KCNMA1_KCNMB1	IU_PDA_T3	ACAT2	-3.6935999813472615
KCNMA1_KCNMB1	IU_PDA_T3	IDI1	-3.7095945134510115
KCNMA1_KCNMB1	IU_PDA_T3	GSTA4	-3.7302743809241914
KCNMA1_KCNMB1	IU_PDA_T3	STARD4	-3.7429422391775344
KCNMA1_KCNMB1	IU_PDA_T3	ZBTB21	-3.7716364063370316
KCNMA1_KCNMB1	IU_PDA_T3	SLC47A1	-3.782674668859746
KCNMA1_KCNMB1	IU_PDA_T3	GRIA3	-3.8025382777630337
KCNMA1_KCNMB1	IU_PDA_T3	TM7SF2	-3.8229956092851496
KCNMA1_KCNMB1	IU_PDA_T3	FGF9	-3.886723927288622
KCNMA1_KCNMB1	IU_PDA_T3	ATRNL1	-3.904274552372862
KCNMA1_KCNMB1	IU_PDA_T3	IFITM10	-3.946639916489484
KCNMA1_KCNMB1	IU_PDA_T3	AS3MT	-3.961537478598241
KCNMA1_KCNMB1	IU_PDA_T3	CYP19A1	-3.981295133165871
KCNMA1_KCNMB1	IU_PDA_T3	MVD	-3.9814411431387637
KCNMA1_KCNMB1	IU_PDA_T3	TPD52L1	-4.009194403241441
KCNMA1_KCNMB1	IU_PDA_T3	FGF12	-4.056014869441373
KCNMA1_KCNMB1	IU_PDA_T3	NR5A1	-4.108555237992984
KCNMA1_KCNMB1	IU_PDA_T3	AADAC	-4.145796556312021
KCNMA1_KCNMB1	IU_PDA_T3	ASB4	-4.162272896179058
KCNMA1_KCNMB1	IU_PDA_T3	CYP51A1	-4.171267560334011
KCNMA1_KCNMB1	IU_PDA_T3	KIAA1522	-4.189088288876609
KCNMA1_KCNMB1	IU_PDA_T3	EBP	-4.240903055152121
KCNMA1_KCNMB1	IU_PDA_T3	FDXR	-4.245507216136057
KCNMA1_KCNMB1	IU_PDA_T3	MC2R	-4.254468660153954
KCNMA1_KCNMB1	IU_PDA_T3	HMGCR	-4.262163782583202
KCNMA1_KCNMB1	IU_PDA_T3	ABCC3	-4.265459452541366
KCNMA1_KCNMB1	IU_PDA_T3	EPHX1	-4.2744627683550895
KCNMA1_KCNMB1	IU_PDA_T3	SLC1A2	-4.294934315053644
KCNMA1_KCNMB1	IU_PDA_T3	ACSS2	-4.315125076652352
KCNMA1_KCNMB1	IU_PDA_T3	C2CD2	-4.343463328934675
KCNMA1_KCNMB1	IU_PDA_T3	MT1F	-4.375448159898762
KCNMA1_KCNMB1	IU_PDA_T3	WHRN	-4.442936479635265
KCNMA1_KCNMB1	IU_PDA_T3	FAM222A	-4.471551743938594
KCNMA1_KCNMB1	IU_PDA_T3	ALAS1	-4.578703428741299
KCNMA1_KCNMB1	IU_PDA_T3	NSDHL	-4.587518164909598
KCNMA1_KCNMB1	IU_PDA_T3	MGST1	-4.609880378717761
KCNMA1_KCNMB1	IU_PDA_T3	AMDHD1	-4.868803497533755
KCNMA1_KCNMB1	IU_PDA_T3	FADS1	-4.949982091605995
KCNMA1_KCNMB1	IU_PDA_T3	SLC6A9	-5.248598227258296
KCNMA1_KCNMB4	IU_PDA_T3	KCNMA1_KCNMB1	5.066070496328368
KCNMA1_KCNMB4	IU_PDA_T3	DES	4.60001766410805
KCNMA1_KCNMB4	IU_PDA_T3	KCNMA1	4.266580250098233
KCNMA1_KCNMB4	IU_PDA_T3	ADIRF	3.52056359514529
KCNMA1_KCNMB4	IU_PDA_T3	C11orf96	3.3835896862997568
KCNMA1_KCNMB4	IU_PDA_T3	MFAP4	3.374438823280773
KCNMA1_KCNMB4	IU_PDA_T3	KCNMB1	3.323659820424211
KCNMA1_KCNMB4	IU_PDA_T3	PI16	3.3163921119728212
KCNMA1_KCNMB4	IU_PDA_T3	COL6A2	3.2623451867958675
KCNMA1_KCNMB4	IU_PDA_T3	CCN2	3.2519776881741387
KCNMA1_KCNMB4	IU_PDA_T3	OGN	3.0494508911540033
KCNMA1_KCNMB4	IU_PDA_T3	ADAMTS1	3.0092605011432525
KCNMA1_KCNMB4	IU_PDA_T3	CCDC80	2.975418146743104
KCNMA1_KCNMB4	IU_PDA_T3	ACTA2	2.887214879268601
KCNMA1_KCNMB4	IU_PDA_T3	GADD45B	2.860109561740196
KCNMA1_KCNMB4	IU_PDA_T3	GPX3	2.6773867024750007
KCNMA1_KCNMB4	IU_PDA_T3	ZBTB16	2.610382950092491
KCNMA1_KCNMB4	IU_PDA_T3	IGFBP5	2.533639258181102
KCNMA1_KCNMB4	IU_PDA_T3	VCAN	2.4732472673152506
KCNMA1_KCNMB4	IU_PDA_T3	MICAL2	2.2314596373605706
KCNMA1_KCNMB4	IU_PDA_T3	CCN1	2.1166369965045058
KCNMA1_KCNMB4	IU_PDA_T3	CFD	2.0987854332070977
KCNMA1_KCNMB4	IU_PDA_T3	FLNA	2.0841688466912367
KCNMA1_KCNMB4	IU_PDA_T3	PTGIS	2.076948117821093
KCNMA1_KCNMB4	IU_PDA_T3	MT1E	2.0150736055737988
KCNMA1_KCNMB4	IU_PDA_T3	MMP2	1.9604848657195795
KCNMA1_KCNMB4	IU_PDA_T3	COL6A3	1.926543792888284
KCNMA1_KCNMB4	IU_PDA_T3	HSPB6	1.8895103859324003
KCNMA1_KCNMB4	IU_PDA_T3	NR4A2	1.8433357153323258
KCNMA1_KCNMB4	IU_PDA_T3	AQP1	1.841620489787638
KCNMA1_KCNMB4	IU_PDA_T3	FCGBP	1.815607978186397
KCNMA1_KCNMB4	IU_PDA_T3	FBN1	1.8000429182924234
KCNMA1_KCNMB4	IU_PDA_T3	CYP21A2	1.796230489926454
KCNMA1_KCNMB4	IU_PDA_T3	CDH2	1.770523024204359
KCNMA1_KCNMB4	IU_PDA_T3	NR4A1	1.7292297646312402
KCNMA1_KCNMB4	IU_PDA_T3	CCN3	1.6970029335107575
KCNMA1_KCNMB4	IU_PDA_T3	TPM1	1.6665891630265073
KCNMA1_KCNMB4	IU_PDA_T3	FOS	1.6543703535572598
KCNMA1_KCNMB4	IU_PDA_T3	MMP7	1.6508611053746107
KCNMA1_KCNMB4	IU_PDA_T3	COL4A1	1.6102437316383735
KCNMA1_KCNMB4	IU_PDA_T3	PDLIM7	1.6060247010441229
KCNMA1_KCNMB4	IU_PDA_T3	STAR	1.6031204219939725
KCNMA1_KCNMB4	IU_PDA_T3	SFRP2	1.5855009446138622
KCNMA1_KCNMB4	IU_PDA_T3	CYP17A1	1.5640523711240764
KCNMA1_KCNMB4	IU_PDA_T3	DLK1	1.5506771259764152
KCNMA1_KCNMB4	IU_PDA_T3	FOSB	1.5270816306765091
KCNMA1_KCNMB4	IU_PDA_T3	FN1	1.5210682673590183
KCNMA1_KCNMB4	IU_PDA_T3	GRAMD1B	1.4344167290158991
KCNMA1_KCNMB4	IU_PDA_T3	KCNE4	1.4114600181335648
KCNMA1_KCNMB4	IU_PDA_T3	GATA6	1.3977324233164734
KCNMA1_KCNMB4	IU_PDA_T3	MARCKS	1.3927325086506543
KCNMA1_KCNMB4	IU_PDA_T3	MMP11	1.3913213686837511
KCNMA1_KCNMB4	IU_PDA_T3	IFI6	1.3708909971200243
KCNMA1_KCNMB4	IU_PDA_T3	COL12A1	1.3568427481888456
KCNMA1_KCNMB4	IU_PDA_T3	DPYSL3	1.3523111692768615
KCNMA1_KCNMB4	IU_PDA_T3	DUSP1	1.3288623007463891
KCNMA1_KCNMB4	IU_PDA_T3	FDX1	1.3198255678740594
KCNMA1_KCNMB4	IU_PDA_T3	FAM166B	1.3193834570883949
KCNMA1_KCNMB4	IU_PDA_T3	IGF1	1.299610142791391
KCNMA1_KCNMB4	IU_PDA_T3	COL3A1	1.2966569201983156
KCNMA1_KCNMB4	IU_PDA_T3	C7	1.2557417509467192
KCNMA1_KCNMB4	IU_PDA_T3	PLA2G2A	1.2376080028274008
KCNMA1_KCNMB4	IU_PDA_T3	LYVE1	1.2298267358927533
KCNMA1_KCNMB4	IU_PDA_T3	PTGDS	1.2293178189377136
KCNMA1_KCNMB4	IU_PDA_T3	COL11A1	1.2033383154832409
KCNMA1_KCNMB4	IU_PDA_T3	BTG2	1.201854399501112
KCNMA1_KCNMB4	IU_PDA_T3	PDK4	1.191632491180441
KCNMA1_KCNMB4	IU_PDA_T3	HLA-DPB1	1.1862219345671148
KCNMA1_KCNMB4	IU_PDA_T3	CYP11B1	1.173463953502459
KCNMA1_KCNMB4	IU_PDA_T3	ANXA2	1.165712114083695
KCNMA1_KCNMB4	IU_PDA_T3	SVEP1	1.1656104310746316
KCNMA1_KCNMB4	IU_PDA_T3	ISLR	1.163381463731742
KCNMA1_KCNMB4	IU_PDA_T3	SERPINA5	1.1404116632326684
KCNMA1_KCNMB4	IU_PDA_T3	PMEPA1	1.1336623235626702
KCNMA1_KCNMB4	IU_PDA_T3	SH3BP5	1.0985468975959394
KCNMA1_KCNMB4	IU_PDA_T3	COL1A2	1.0926006986932821
KCNMA1_KCNMB4	IU_PDA_T3	GREM1	1.0519430331376411
KCNMA1_KCNMB4	IU_PDA_T3	KCNJ15	1.0478279602041447
KCNMA1_KCNMB4	IU_PDA_T3	SFRP4	1.031022645203479
KCNMA1_KCNMB4	IU_PDA_T3	NBL1	0.9679751773020241
KCNMA1_KCNMB4	IU_PDA_T3	VAT1L	0.9583142735239721
KCNMA1_KCNMB4	IU_PDA_T3	THBS2	0.9552077114312478
KCNMA1_KCNMB4	IU_PDA_T3	SEMA3B	0.9539389525338117
KCNMA1_KCNMB4	IU_PDA_T3	CXCL8	0.950973523831977
KCNMA1_KCNMB4	IU_PDA_T3	MOB4	0.938119508171489
KCNMA1_KCNMB4	IU_PDA_T3	COL16A1	0.9322578399860233
KCNMA1_KCNMB4	IU_PDA_T3	KCNMB4	0.9291827594082959
KCNMA1_KCNMB4	IU_PDA_T3	ZNF331	0.922922830766547
KCNMA1_KCNMB4	IU_PDA_T3	CXCL14	0.9054989254329583
KCNMA1_KCNMB4	IU_PDA_T3	NAP1L5	0.8907293888607781
KCNMA1_KCNMB4	IU_PDA_T3	KCNA5	0.8823365642743272
KCNMA1_KCNMB4	IU_PDA_T3	ABTB2	0.861270738038905
KCNMA1_KCNMB4	IU_PDA_T3	BGN	0.8532507750423237
KCNMA1_KCNMB4	IU_PDA_T3	PEG10	0.8473715214885104
KCNMA1_KCNMB4	IU_PDA_T3	HLA-DRA	0.8472748550333637
KCNMA1_KCNMB4	IU_PDA_T3	TNXB	0.8451742360468736
KCNMA1_KCNMB4	IU_PDA_T3	JAZF1	0.8216725567002149
KCNMA1_KCNMB4	IU_PDA_T3	DPT	0.8187957071485404
KCNMA1_KCNMB4	IU_PDA_T3	CYB5B	0.8008878841020216
KCNMA1_KCNMB4	IU_PDA_T3	SCARB1	0.796759824874886
KCNMA1_KCNMB4	IU_PDA_T3	FNDC4	0.7962067967967339
KCNMA1_KCNMB4	IU_PDA_T3	SFRP1	0.7848577151733123
KCNMA1_KCNMB4	IU_PDA_T3	GJA1	0.7811454802043294
KCNMA1_KCNMB4	IU_PDA_T3	KCND3	0.77733005773837
KCNMA1_KCNMB4	IU_PDA_T3	FN3K	0.7762155475667298
KCNMA1_KCNMB4	IU_PDA_T3	AOX1	0.7742830311171144
KCNMA1_KCNMB4	IU_PDA_T3	LYZ	0.7714434317142183
KCNMA1_KCNMB4	IU_PDA_T3	KCNAB1	0.7632144986167277
KCNMA1_KCNMB4	IU_PDA_T3	SOAT1	0.7585869044478947
KCNMA1_KCNMB4	IU_PDA_T3	ALDH3A2	0.7540469230126405
KCNMA1_KCNMB4	IU_PDA_T3	TM4SF1	0.7467293231962974
KCNMA1_KCNMB4	IU_PDA_T3	ERN1	0.7334635776900367
KCNMA1_KCNMB4	IU_PDA_T3	ACKR1	0.7199590704714858
KCNMA1_KCNMB4	IU_PDA_T3	PGAP1	0.7027064417763529
KCNMA1_KCNMB4	IU_PDA_T3	LDLR	0.7001029734018483
KCNMA1_KCNMB4	IU_PDA_T3	MGP	0.6914267866610865
KCNMA1_KCNMB4	IU_PDA_T3	CORO1A	0.662691654587285
KCNMA1_KCNMB4	IU_PDA_T3	COL5A1	0.657354262686046
KCNMA1_KCNMB4	IU_PDA_T3	CREM	0.6476430284454864
KCNMA1_KCNMB4	IU_PDA_T3	CALN1	0.6165023918987832
KCNMA1_KCNMB4	IU_PDA_T3	SLC23A2	0.6089998293676238
KCNMA1_KCNMB4	IU_PDA_T3	SPINT1	0.60769561805007
KCNMA1_KCNMB4	IU_PDA_T3	CYP11B2	0.6072707802757781
KCNMA1_KCNMB4	IU_PDA_T3	RASD1	0.6054561519142603
KCNMA1_KCNMB4	IU_PDA_T3	GJB2	0.5937841463356065
KCNMA1_KCNMB4	IU_PDA_T3	HBA1	0.5536328217437366
KCNMA1_KCNMB4	IU_PDA_T3	CPEB4	0.5382072413835599
KCNMA1_KCNMB4	IU_PDA_T3	TGFBI	0.5126621217938939
KCNMA1_KCNMB4	IU_PDA_T3	LRRC15	0.4913743307130618
KCNMA1_KCNMB4	IU_PDA_T3	SLC16A9	0.49118775439025636
KCNMA1_KCNMB4	IU_PDA_T3	ALKAL2	0.4867868278895394
KCNMA1_KCNMB4	IU_PDA_T3	CCL21	0.4765120948472464
KCNMA1_KCNMB4	IU_PDA_T3	SELENOP	0.4368061907624713
KCNMA1_KCNMB4	IU_PDA_T3	KCNK3	0.43171040729437166
KCNMA1_KCNMB4	IU_PDA_T3	ZNF503	0.39813100223556347
KCNMA1_KCNMB4	IU_PDA_T3	CDH11	0.37804829194598444
KCNMA1_KCNMB4	IU_PDA_T3	LONRF2	0.3766657427305391
KCNMA1_KCNMB4	IU_PDA_T3	TGFBR3	0.3753998041739103
KCNMA1_KCNMB4	IU_PDA_T3	CLU	0.3611495283454866
KCNMA1_KCNMB4	IU_PDA_T3	IGLC7	0.3504463008386125
KCNMA1_KCNMB4	IU_PDA_T3	NCAM1	0.346337289614127
KCNMA1_KCNMB4	IU_PDA_T3	MCOLN3	0.3404523106204232
KCNMA1_KCNMB4	IU_PDA_T3	CTNNAL1	0.34036964120246993
KCNMA1_KCNMB4	IU_PDA_T3	COL5A2	0.33780539913005364
KCNMA1_KCNMB4	IU_PDA_T3	SEMA6A	0.32974501188091765
KCNMA1_KCNMB4	IU_PDA_T3	MT1A	0.32696786686337315
KCNMA1_KCNMB4	IU_PDA_T3	KCNJ8	0.32321238637784366
KCNMA1_KCNMB4	IU_PDA_T3	SEPTIN1	0.3171550651540014
KCNMA1_KCNMB4	IU_PDA_T3	COL10A1	0.3107908199641522
KCNMA1_KCNMB4	IU_PDA_T3	CCL17	0.3058415361637292
KCNMA1_KCNMB4	IU_PDA_T3	IGFBP3	0.3045115112737896
KCNMA1_KCNMB4	IU_PDA_T3	KLHDC8B	0.3002216996228297
KCNMA1_KCNMB4	IU_PDA_T3	DHCR24	0.30014877525171446
KCNMA1_KCNMB4	IU_PDA_T3	SCD	0.27864781849835335
KCNMA1_KCNMB4	IU_PDA_T3	ZNF275	0.27824696074393007
KCNMA1_KCNMB4	IU_PDA_T3	CYP11A1	0.27442046325281305
KCNMA1_KCNMB4	IU_PDA_T3	HOXA5	0.2725488197890825
KCNMA1_KCNMB4	IU_PDA_T3	KCNAB2	0.2713947860168719
KCNMA1_KCNMB4	IU_PDA_T3	KCNS3	0.2551612893005109
KCNMA1_KCNMB4	IU_PDA_T3	KCNT2	0.25062733558102646
KCNMA1_KCNMB4	IU_PDA_T3	CST1	0.2433331301193777
KCNMA1_KCNMB4	IU_PDA_T3	PTPRF	0.2369562280927412
KCNMA1_KCNMB4	IU_PDA_T3	TBX3	0.22874709663361414
KCNMA1_KCNMB4	IU_PDA_T3	C2orf66	0.210235227340161
KCNMA1_KCNMB4	IU_PDA_T3	IGHG4	0.20360991646745286
KCNMA1_KCNMB4	IU_PDA_T3	EPHX1	0.19006333560834918
KCNMA1_KCNMB4	IU_PDA_T3	MAPK4	0.17438341835056909
KCNMA1_KCNMB4	IU_PDA_T3	CR2	0.17213205379348356
KCNMA1_KCNMB4	IU_PDA_T3	MS4A1	0.16787425400130948
KCNMA1_KCNMB4	IU_PDA_T3	IGHA1	0.16609400079350717
KCNMA1_KCNMB4	IU_PDA_T3	FCRL1	0.15993433655357914
KCNMA1_KCNMB4	IU_PDA_T3	LUM	0.1577902092519965
KCNMA1_KCNMB4	IU_PDA_T3	PEG3	0.1561212013216831
KCNMA1_KCNMB4	IU_PDA_T3	IRF8	0.14538321574025723
KCNMA1_KCNMB4	IU_PDA_T3	CASP9	0.12715643456781786
KCNMA1_KCNMB4	IU_PDA_T3	TPD52L1	0.12215161566243714
KCNMA1_KCNMB4	IU_PDA_T3	DNAJC12	0.1169725216083111
KCNMA1_KCNMB4	IU_PDA_T3	KCNQ1	0.11438927171998409
KCNMA1_KCNMB4	IU_PDA_T3	COL1A1	0.11054364637567848
KCNMA1_KCNMB4	IU_PDA_T3	KCNK15	0.09933186689456641
KCNMA1_KCNMB4	IU_PDA_T3	MGARP	0.09132259762700953
KCNMA1_KCNMB4	IU_PDA_T3	CLIC3	0.0907080942922933
KCNMA1_KCNMB4	IU_PDA_T3	NR4A3	0.0809625140760069
KCNMA1_KCNMB4	IU_PDA_T3	CDCP1	0.07837150130594578
KCNMA1_KCNMB4	IU_PDA_T3	HBA2	0.041402438322244134
KCNMA1_KCNMB4	IU_PDA_T3	ATRNL1	0.039068935859177006
KCNMA1_KCNMB4	IU_PDA_T3	ANXA3	0.033082687927510394
KCNMA1_KCNMB4	IU_PDA_T3	DHCR7	0.025772617341580335
KCNMA1_KCNMB4	IU_PDA_T3	ABCB1	0.02536119605188731
KCNMA1_KCNMB4	IU_PDA_T3	IFITM10	0.02056105472281853
KCNMA1_KCNMB4	IU_PDA_T3	MATN3	0.016561599580838735
KCNMA1_KCNMB4	IU_PDA_T3	MMP14	0.015418083257724645
KCNMA1_KCNMB4	IU_PDA_T3	CTHRC1	0.014489284232557046
KCNMA1_KCNMB4	IU_PDA_T3	PRKAR2B	-0.01133219423202295
KCNMA1_KCNMB4	IU_PDA_T3	CGN	-0.03326784041708768
KCNMA1_KCNMB4	IU_PDA_T3	SULF1	-0.03749826284092367
KCNMA1_KCNMB4	IU_PDA_T3	IGLV6-57	-0.04558284276869287
KCNMA1_KCNMB4	IU_PDA_T3	ADAMTS9	-0.052475618025386146
KCNMA1_KCNMB4	IU_PDA_T3	SLC22A3	-0.05941539475232497
KCNMA1_KCNMB4	IU_PDA_T3	KCNJ5	-0.0689442527361181
KCNMA1_KCNMB4	IU_PDA_T3	FCMR	-0.08655427129341157
KCNMA1_KCNMB4	IU_PDA_T3	SORBS2	-0.10321425513991961
KCNMA1_KCNMB4	IU_PDA_T3	NR5A1	-0.10415627012625761
KCNMA1_KCNMB4	IU_PDA_T3	DYNLL2	-0.1110046861955703
KCNMA1_KCNMB4	IU_PDA_T3	NPC1	-0.11479776500323557
KCNMA1_KCNMB4	IU_PDA_T3	IGHG3	-0.11917074845945816
KCNMA1_KCNMB4	IU_PDA_T3	SLC47A1	-0.12348165925832678
KCNMA1_KCNMB4	IU_PDA_T3	TM7SF2	-0.12540073068920746
KCNMA1_KCNMB4	IU_PDA_T3	AS3MT	-0.13388320227963937
KCNMA1_KCNMB4	IU_PDA_T3	LIMD2	-0.13641948729427414
KCNMA1_KCNMB4	IU_PDA_T3	IGHM	-0.13819220189347367
KCNMA1_KCNMB4	IU_PDA_T3	EPHA2	-0.14724230646203665
KCNMA1_KCNMB4	IU_PDA_T3	KCNN3	-0.1591223187177312
KCNMA1_KCNMB4	IU_PDA_T3	LAMC2	-0.17121368601822595
KCNMA1_KCNMB4	IU_PDA_T3	POSTN	-0.17304598441813
KCNMA1_KCNMB4	IU_PDA_T3	SDC4	-0.18317206421892435
KCNMA1_KCNMB4	IU_PDA_T3	TMC8	-0.18538838658484047
KCNMA1_KCNMB4	IU_PDA_T3	CD19	-0.19089243223791671
KCNMA1_KCNMB4	IU_PDA_T3	ERRFI1	-0.19297316168360573
KCNMA1_KCNMB4	IU_PDA_T3	DLG5	-0.19337655051132444
KCNMA1_KCNMB4	IU_PDA_T3	NKAIN1	-0.19863301234068584
KCNMA1_KCNMB4	IU_PDA_T3	IGHJ6	-0.20981760331837318
KCNMA1_KCNMB4	IU_PDA_T3	GOT1	-0.21992725444637357
KCNMA1_KCNMB4	IU_PDA_T3	EVL	-0.2328715489342411
KCNMA1_KCNMB4	IU_PDA_T3	ITGB6	-0.23287532450477658
KCNMA1_KCNMB4	IU_PDA_T3	IL32	-0.23724164074201656
KCNMA1_KCNMB4	IU_PDA_T3	NGEF	-0.27051110736086104
KCNMA1_KCNMB4	IU_PDA_T3	CD37	-0.2724474833575358
KCNMA1_KCNMB4	IU_PDA_T3	CCL19	-0.2733564559365359
KCNMA1_KCNMB4	IU_PDA_T3	C15orf48	-0.2737216852848876
KCNMA1_KCNMB4	IU_PDA_T3	ZBTB21	-0.28082029878439657
KCNMA1_KCNMB4	IU_PDA_T3	LSS	-0.28885109303915724
KCNMA1_KCNMB4	IU_PDA_T3	SERPINB5	-0.29402649733773506
KCNMA1_KCNMB4	IU_PDA_T3	CD3D	-0.30781380945826897
KCNMA1_KCNMB4	IU_PDA_T3	THBS4	-0.30884804972137864
KCNMA1_KCNMB4	IU_PDA_T3	S100A4	-0.31751814861730726
KCNMA1_KCNMB4	IU_PDA_T3	MUC1	-0.3210732952302223
KCNMA1_KCNMB4	IU_PDA_T3	DNASE1L3	-0.3291893404652868
KCNMA1_KCNMB4	IU_PDA_T3	QPCT	-0.3442210149018302
KCNMA1_KCNMB4	IU_PDA_T3	IDI1	-0.34564640672237806
KCNMA1_KCNMB4	IU_PDA_T3	GRIA3	-0.3546321714269681
KCNMA1_KCNMB4	IU_PDA_T3	LTB	-0.3614596686852601
KCNMA1_KCNMB4	IU_PDA_T3	CRIP1	-0.36420500733151967
KCNMA1_KCNMB4	IU_PDA_T3	FADS2	-0.3772166796207232
KCNMA1_KCNMB4	IU_PDA_T3	CTH	-0.38614073352253125
KCNMA1_KCNMB4	IU_PDA_T3	HLA-DQA1	-0.38853510503691646
KCNMA1_KCNMB4	IU_PDA_T3	RIPOR2	-0.3910216594134191
KCNMA1_KCNMB4	IU_PDA_T3	KRT8	-0.40760462166673594
KCNMA1_KCNMB4	IU_PDA_T3	LAMB3	-0.41579521342204573
KCNMA1_KCNMB4	IU_PDA_T3	INSIG1	-0.4241015640854237
KCNMA1_KCNMB4	IU_PDA_T3	CLDN1	-0.42834764784385426
KCNMA1_KCNMB4	IU_PDA_T3	S100A16	-0.4307851116134058
KCNMA1_KCNMB4	IU_PDA_T3	MRAP	-0.4308709162728974
KCNMA1_KCNMB4	IU_PDA_T3	FGF9	-0.43904711989294576
KCNMA1_KCNMB4	IU_PDA_T3	CIITA	-0.4407167436991895
KCNMA1_KCNMB4	IU_PDA_T3	IGLC1	-0.4411511085349027
KCNMA1_KCNMB4	IU_PDA_T3	PDGFD	-0.4416264617485269
KCNMA1_KCNMB4	IU_PDA_T3	CSTB	-0.4522222428092129
KCNMA1_KCNMB4	IU_PDA_T3	FDPS	-0.47186422337621753
KCNMA1_KCNMB4	IU_PDA_T3	MGST1	-0.490764361913122
KCNMA1_KCNMB4	IU_PDA_T3	C19orf33	-0.4968880411533835
KCNMA1_KCNMB4	IU_PDA_T3	KCNQ4	-0.4992695605240669
KCNMA1_KCNMB4	IU_PDA_T3	SLC19A2	-0.5040659009656454
KCNMA1_KCNMB4	IU_PDA_T3	EPCAM	-0.5075284607982543
KCNMA1_KCNMB4	IU_PDA_T3	INHBA	-0.5121648733636163
KCNMA1_KCNMB4	IU_PDA_T3	FDXR	-0.5133925070518293
KCNMA1_KCNMB4	IU_PDA_T3	ITGB4	-0.5160956236110338
KCNMA1_KCNMB4	IU_PDA_T3	SYT8	-0.5267044934717201
KCNMA1_KCNMB4	IU_PDA_T3	AADAC	-0.5377400514485856
KCNMA1_KCNMB4	IU_PDA_T3	NET1	-0.5427453064354055
KCNMA1_KCNMB4	IU_PDA_T3	JUP	-0.5741373262649496
KCNMA1_KCNMB4	IU_PDA_T3	PTPRC	-0.5761317395496787
KCNMA1_KCNMB4	IU_PDA_T3	CXCL13	-0.5772009068787567
KCNMA1_KCNMB4	IU_PDA_T3	GPC1	-0.5952084369527985
KCNMA1_KCNMB4	IU_PDA_T3	PFKP	-0.5956873049996323
KCNMA1_KCNMB4	IU_PDA_T3	BPIFB1	-0.5958261045399204
KCNMA1_KCNMB4	IU_PDA_T3	FGF12	-0.5987718611147933
KCNMA1_KCNMB4	IU_PDA_T3	PAX5	-0.6045766366329929
KCNMA1_KCNMB4	IU_PDA_T3	LTF	-0.6054324577944195
KCNMA1_KCNMB4	IU_PDA_T3	RBBP7	-0.608551941613536
KCNMA1_KCNMB4	IU_PDA_T3	IGKV4-1	-0.6098610288060249
KCNMA1_KCNMB4	IU_PDA_T3	JCHAIN	-0.6140246058791242
KCNMA1_KCNMB4	IU_PDA_T3	IFI27	-0.620180038168063
KCNMA1_KCNMB4	IU_PDA_T3	UCHL1	-0.6483084397137189
KCNMA1_KCNMB4	IU_PDA_T3	ALAS1	-0.6665939356835849
KCNMA1_KCNMB4	IU_PDA_T3	ACAP1	-0.6686201641781764
KCNMA1_KCNMB4	IU_PDA_T3	RASGRP2	-0.6869905567017351
KCNMA1_KCNMB4	IU_PDA_T3	INF2	-0.6956670582023201
KCNMA1_KCNMB4	IU_PDA_T3	SDC1	-0.6960490215199314
KCNMA1_KCNMB4	IU_PDA_T3	KCNK1	-0.6972581608757812
KCNMA1_KCNMB4	IU_PDA_T3	S100A14	-0.697964741486567
KCNMA1_KCNMB4	IU_PDA_T3	CAMK2N2	-0.6993345684476968
KCNMA1_KCNMB4	IU_PDA_T3	C2CD2	-0.7060762660934502
KCNMA1_KCNMB4	IU_PDA_T3	TACSTD2	-0.7181564715192466
KCNMA1_KCNMB4	IU_PDA_T3	EBP	-0.7199203079564972
KCNMA1_KCNMB4	IU_PDA_T3	GSTA4	-0.7538606815082974
KCNMA1_KCNMB4	IU_PDA_T3	LGALS4	-0.755239789963511
KCNMA1_KCNMB4	IU_PDA_T3	TRAJ10	-0.7598245529763399
KCNMA1_KCNMB4	IU_PDA_T3	S100A11	-0.7611012256279507
KCNMA1_KCNMB4	IU_PDA_T3	TBC1D10C	-0.7713146856505405
KCNMA1_KCNMB4	IU_PDA_T3	CEACAM5	-0.7734720567380482
KCNMA1_KCNMB4	IU_PDA_T3	TP53INP2	-0.7845304652548672
KCNMA1_KCNMB4	IU_PDA_T3	ITGA3	-0.792044669412635
KCNMA1_KCNMB4	IU_PDA_T3	KRT18	-0.8095101631858287
KCNMA1_KCNMB4	IU_PDA_T3	AC119396.1	-0.8126038613290855
KCNMA1_KCNMB4	IU_PDA_T3	CXCR4	-0.8315400154249436
KCNMA1_KCNMB4	IU_PDA_T3	KRT23	-0.8433590868036369
KCNMA1_KCNMB4	IU_PDA_T3	MAL2	-0.8439318638417622
KCNMA1_KCNMB4	IU_PDA_T3	IL7R	-0.844925155184618
KCNMA1_KCNMB4	IU_PDA_T3	KCNK6	-0.8500709156211739
KCNMA1_KCNMB4	IU_PDA_T3	FAM222A	-0.860352422984458
KCNMA1_KCNMB4	IU_PDA_T3	ASB4	-0.8634246353009136
KCNMA1_KCNMB4	IU_PDA_T3	SLC2A1	-0.8700365230155429
KCNMA1_KCNMB4	IU_PDA_T3	ELF3	-0.8734907236000794
KCNMA1_KCNMB4	IU_PDA_T3	KRT7	-0.8738520076643396
KCNMA1_KCNMB4	IU_PDA_T3	CD52	-0.8822524730811134
KCNMA1_KCNMB4	IU_PDA_T3	PGD	-0.8867671445982356
KCNMA1_KCNMB4	IU_PDA_T3	IKZF1	-0.889775352532083
KCNMA1_KCNMB4	IU_PDA_T3	CHMP2A	-0.8915533968975906
KCNMA1_KCNMB4	IU_PDA_T3	TSPAN8	-0.8952401154558314
KCNMA1_KCNMB4	IU_PDA_T3	GPX2	-0.9028493593175475
KCNMA1_KCNMB4	IU_PDA_T3	MLPH	-0.9077545429759959
KCNMA1_KCNMB4	IU_PDA_T3	TRBC2	-0.9377190326214282
KCNMA1_KCNMB4	IU_PDA_T3	CD79A	-0.9377865907292002
KCNMA1_KCNMB4	IU_PDA_T3	SPINT2	-0.9394865481566164
KCNMA1_KCNMB4	IU_PDA_T3	CCR7	-0.9409964434994543
KCNMA1_KCNMB4	IU_PDA_T3	TRIM29	-0.9538987281741449
KCNMA1_KCNMB4	IU_PDA_T3	SELL	-0.9555897807329026
KCNMA1_KCNMB4	IU_PDA_T3	MDK	-0.9655497909863103
KCNMA1_KCNMB4	IU_PDA_T3	NQO1	-0.9727862739594694
KCNMA1_KCNMB4	IU_PDA_T3	LCN2	-0.9729183141518738
KCNMA1_KCNMB4	IU_PDA_T3	AKR1C2	-0.9833102293594246
KCNMA1_KCNMB4	IU_PDA_T3	EGLN3	-1.0130255647548796
KCNMA1_KCNMB4	IU_PDA_T3	SEMA4B	-1.014262348866802
KCNMA1_KCNMB4	IU_PDA_T3	EPB41L1	-1.0158168791245707
KCNMA1_KCNMB4	IU_PDA_T3	OCIAD2	-1.0184266448657695
KCNMA1_KCNMB4	IU_PDA_T3	AGRN	-1.021062596886165
KCNMA1_KCNMB4	IU_PDA_T3	H1F0	-1.0306070093820796
KCNMA1_KCNMB4	IU_PDA_T3	CLDN7	-1.0396860601432383
KCNMA1_KCNMB4	IU_PDA_T3	TMC5	-1.0653441380696616
KCNMA1_KCNMB4	IU_PDA_T3	SLC7A11	-1.0713586884996353
KCNMA1_KCNMB4	IU_PDA_T3	MSMO1	-1.0753421564590528
KCNMA1_KCNMB4	IU_PDA_T3	TRBC1	-1.0792769412380254
KCNMA1_KCNMB4	IU_PDA_T3	KIAA1522	-1.10042394426992
KCNMA1_KCNMB4	IU_PDA_T3	MZB1	-1.1072305041364434
KCNMA1_KCNMB4	IU_PDA_T3	ABCC3	-1.1139074942758147
KCNMA1_KCNMB4	IU_PDA_T3	UGT1A6	-1.1157484632799064
KCNMA1_KCNMB4	IU_PDA_T3	SPOCK2	-1.1616134729368317
KCNMA1_KCNMB4	IU_PDA_T3	IGLV3-1	-1.1658651210553057
KCNMA1_KCNMB4	IU_PDA_T3	TNFRSF6B	-1.1676917756696414
KCNMA1_KCNMB4	IU_PDA_T3	ST14	-1.1746106152388145
KCNMA1_KCNMB4	IU_PDA_T3	TRAF3IP3	-1.1969200745495545
KCNMA1_KCNMB4	IU_PDA_T3	WHRN	-1.2016937683677358
KCNMA1_KCNMB4	IU_PDA_T3	RAB25	-1.2174214811329007
KCNMA1_KCNMB4	IU_PDA_T3	KLK6	-1.2228435259429538
KCNMA1_KCNMB4	IU_PDA_T3	STARD4	-1.2391726413897057
KCNMA1_KCNMB4	IU_PDA_T3	ATP1B1	-1.2600105208262207
KCNMA1_KCNMB4	IU_PDA_T3	SLC6A9	-1.2635896791028212
KCNMA1_KCNMB4	IU_PDA_T3	KCND2	-1.276707733753737
KCNMA1_KCNMB4	IU_PDA_T3	SLPI	-1.2912369475854066
KCNMA1_KCNMB4	IU_PDA_T3	SPP1	-1.2937128653198784
KCNMA1_KCNMB4	IU_PDA_T3	CD79B	-1.308652922807461
KCNMA1_KCNMB4	IU_PDA_T3	MC2R	-1.3106198644718698
KCNMA1_KCNMB4	IU_PDA_T3	EFNA1	-1.3141129296201615
KCNMA1_KCNMB4	IU_PDA_T3	KLK8	-1.3243555639560263
KCNMA1_KCNMB4	IU_PDA_T3	ANO1	-1.3246927019218089
KCNMA1_KCNMB4	IU_PDA_T3	LAD1	-1.3356981137469175
KCNMA1_KCNMB4	IU_PDA_T3	CLDN4	-1.3395525111695752
KCNMA1_KCNMB4	IU_PDA_T3	FADS1	-1.3544867169254113
KCNMA1_KCNMB4	IU_PDA_T3	POU2AF1	-1.3558224121451186
KCNMA1_KCNMB4	IU_PDA_T3	WFDC2	-1.3802863405735106
KCNMA1_KCNMB4	IU_PDA_T3	AKR1C1	-1.4017810932062118
KCNMA1_KCNMB4	IU_PDA_T3	S100A9	-1.4026375847558772
KCNMA1_KCNMB4	IU_PDA_T3	MUC4	-1.4098029167302275
KCNMA1_KCNMB4	IU_PDA_T3	FXYD3	-1.4130140449161381
KCNMA1_KCNMB4	IU_PDA_T3	IGHD	-1.422986617830501
KCNMA1_KCNMB4	IU_PDA_T3	SLC1A2	-1.430244661446073
KCNMA1_KCNMB4	IU_PDA_T3	KCNK17	-1.4397424001773131
KCNMA1_KCNMB4	IU_PDA_T3	TMEM97	-1.4470333652178804
KCNMA1_KCNMB4	IU_PDA_T3	ALDH1A3	-1.4618084558891586
KCNMA1_KCNMB4	IU_PDA_T3	MYH14	-1.477892774622473
KCNMA1_KCNMB4	IU_PDA_T3	KYNU	-1.487386081998127
KCNMA1_KCNMB4	IU_PDA_T3	TRAC	-1.4937417148041843
KCNMA1_KCNMB4	IU_PDA_T3	SERINC2	-1.4999689399017284
KCNMA1_KCNMB4	IU_PDA_T3	AKR1C3	-1.5263003540921047
KCNMA1_KCNMB4	IU_PDA_T3	NIBAN3	-1.5302396984034141
KCNMA1_KCNMB4	IU_PDA_T3	INAVA	-1.5724240186594303
KCNMA1_KCNMB4	IU_PDA_T3	TSPAN1	-1.5806861279806588
KCNMA1_KCNMB4	IU_PDA_T3	HMGA1	-1.5820697372766366
KCNMA1_KCNMB4	IU_PDA_T3	CLDN3	-1.609888247126158
KCNMA1_KCNMB4	IU_PDA_T3	MT1F	-1.6185449243741494
KCNMA1_KCNMB4	IU_PDA_T3	PROM2	-1.637407962956465
KCNMA1_KCNMB4	IU_PDA_T3	G6PD	-1.664646056580344
KCNMA1_KCNMB4	IU_PDA_T3	MVD	-1.74189935510477
KCNMA1_KCNMB4	IU_PDA_T3	HMGCR	-1.8070091363208822
KCNMA1_KCNMB4	IU_PDA_T3	KLF5	-1.8255939271065011
KCNMA1_KCNMB4	IU_PDA_T3	DEFB1	-1.8513670242211122
KCNMA1_KCNMB4	IU_PDA_T3	COL7A1	-1.8679856865053857
KCNMA1_KCNMB4	IU_PDA_T3	TKT	-1.8779977094413958
KCNMA1_KCNMB4	IU_PDA_T3	CYP19A1	-1.8836430943996139
KCNMA1_KCNMB4	IU_PDA_T3	NSDHL	-1.907077902807357
KCNMA1_KCNMB4	IU_PDA_T3	CD22	-1.910736506347168
KCNMA1_KCNMB4	IU_PDA_T3	TXN	-1.9162166667609217
KCNMA1_KCNMB4	IU_PDA_T3	CYP51A1	-1.9312444025510473
KCNMA1_KCNMB4	IU_PDA_T3	AMDHD1	-1.945946777402464
KCNMA1_KCNMB4	IU_PDA_T3	ACSS2	-1.9608966786078434
KCNMA1_KCNMB4	IU_PDA_T3	TNS4	-2.005397152882814
KCNMA1_KCNMB4	IU_PDA_T3	LY6D	-2.0270296040678564
KCNMA1_KCNMB4	IU_PDA_T3	S100A2	-2.1068913055586345
KCNMA1_KCNMB4	IU_PDA_T3	KCNC4	-2.1177566205621563
KCNMA1_KCNMB4	IU_PDA_T3	ALDH3A1	-2.1745498661694307
KCNMA1_KCNMB4	IU_PDA_T3	ACAT2	-2.205242125923948
KCNMA1_KCNMB4	IU_PDA_T3	TMPRSS4	-2.2121986094608026
KCNMA1_KCNMB4	IU_PDA_T3	S100P	-2.2503009192291064
KCNMA1_KCNMB4	IU_PDA_T3	AKR1B10	-2.277033773029209
KCNMA1_KCNMB4	IU_PDA_T3	KRT5	-2.279969530153862
KCNMA1_KCNMB4	IU_PDA_T3	MUC20	-2.391426320502902
KCNMA1_KCNMB4	IU_PDA_T3	CALML5	-2.3946969415087693
KCNMA1_KCNMB4	IU_PDA_T3	SCGB1A1	-2.4927419586533035
KCNMA1_KCNMB4	IU_PDA_T3	SMAD3	-2.5040478797686303
KCNMA1_KCNMB4	IU_PDA_T3	KCNN4	-2.535737711991121
KCNMA1_KCNMB4	IU_PDA_T3	AQP3	-2.8500890441902103
KCNMA1_KCNMB1	IU_PDA_T4	ACTG2	11.538098947101904
KCNMA1_KCNMB1	IU_PDA_T4	HSPB6	11.176535958659523
KCNMA1_KCNMB1	IU_PDA_T4	SLIT3	11.030804512214337
KCNMA1_KCNMB1	IU_PDA_T4	ITGA7	10.916099962413675
KCNMA1_KCNMB1	IU_PDA_T4	WFDC1	10.908895812183683
KCNMA1_KCNMB1	IU_PDA_T4	SYNPO2	10.816309887627453
KCNMA1_KCNMB1	IU_PDA_T4	MUSTN1	10.77555601132424
KCNMA1_KCNMB1	IU_PDA_T4	EFHD1	10.768651497522399
KCNMA1_KCNMB1	IU_PDA_T4	SUSD5	10.682223661436382
KCNMA1_KCNMB1	IU_PDA_T4	ADAMTS8	10.632751491687996
KCNMA1_KCNMB1	IU_PDA_T4	NTRK3	10.535765889379078
KCNMA1_KCNMB1	IU_PDA_T4	CD93	10.454731530912547
KCNMA1_KCNMB1	IU_PDA_T4	SPARCL1	10.44277324194336
KCNMA1_KCNMB1	IU_PDA_T4	RASL12	10.338775680470803
KCNMA1_KCNMB1	IU_PDA_T4	LMOD1	10.270193355325056
KCNMA1_KCNMB1	IU_PDA_T4	GJA4	10.263926498624151
KCNMA1_KCNMB1	IU_PDA_T4	PTP4A3	10.235869682481628
KCNMA1_KCNMB1	IU_PDA_T4	ADAMTS1	10.16283970029715
KCNMA1_KCNMB1	IU_PDA_T4	C1QTNF1	10.08140469921777
KCNMA1_KCNMB1	IU_PDA_T4	MCAM	10.078542589163327
KCNMA1_KCNMB1	IU_PDA_T4	MRVI1	10.055091343782177
KCNMA1_KCNMB1	IU_PDA_T4	STAB1	10.046265883060464
KCNMA1_KCNMB1	IU_PDA_T4	RERGL	10.020769198500059
KCNMA1_KCNMB1	IU_PDA_T4	FBLN5	10.00814497464603
KCNMA1_KCNMB1	IU_PDA_T4	COL15A1	9.966068719741681
KCNMA1_KCNMB1	IU_PDA_T4	KCNMB1	9.955736494403352
KCNMA1_KCNMB1	IU_PDA_T4	CNN1	9.922771610570946
KCNMA1_KCNMB1	IU_PDA_T4	COL14A1	9.91459856014115
KCNMA1_KCNMB1	IU_PDA_T4	CXCL12	9.817431832211065
KCNMA1_KCNMB1	IU_PDA_T4	TBC1D1	9.767661924958384
KCNMA1_KCNMB1	IU_PDA_T4	ERG	9.731989716321378
KCNMA1_KCNMB1	IU_PDA_T4	GASK1B	9.711133916004824
KCNMA1_KCNMB1	IU_PDA_T4	CCL19	9.492196605680794
KCNMA1_KCNMB1	IU_PDA_T4	HLA-DPA1	9.489899039432068
KCNMA1_KCNMB1	IU_PDA_T4	GPX3	9.44570530980517
KCNMA1_KCNMB1	IU_PDA_T4	CLEC14A	9.397856266572045
KCNMA1_KCNMB1	IU_PDA_T4	A2M	9.384919149315467
KCNMA1_KCNMB1	IU_PDA_T4	TNS1	9.365062272582344
KCNMA1_KCNMB1	IU_PDA_T4	PI15	9.327771387901857
KCNMA1_KCNMB1	IU_PDA_T4	HLA-DPB1	9.308746558969828
KCNMA1_KCNMB1	IU_PDA_T4	TBX2	9.231081526880443
KCNMA1_KCNMB1	IU_PDA_T4	PGF	9.174235154244966
KCNMA1_KCNMB1	IU_PDA_T4	LTBP1	9.142027322901606
KCNMA1_KCNMB1	IU_PDA_T4	HEYL	9.070931931023397
KCNMA1_KCNMB1	IU_PDA_T4	LIMS2	9.05569203354586
KCNMA1_KCNMB1	IU_PDA_T4	ZBTB16	8.99202612804151
KCNMA1_KCNMB1	IU_PDA_T4	PTGIR	8.987727614554172
KCNMA1_KCNMB1	IU_PDA_T4	STOM	8.98198401650523
KCNMA1_KCNMB1	IU_PDA_T4	CCN5	8.933829851593448
KCNMA1_KCNMB1	IU_PDA_T4	ENG	8.930036183999059
KCNMA1_KCNMB1	IU_PDA_T4	FBLIM1	8.807947317534381
KCNMA1_KCNMB1	IU_PDA_T4	SFRP4	8.769990759804964
KCNMA1_KCNMB1	IU_PDA_T4	CSF1R	8.75672799031813
KCNMA1_KCNMB1	IU_PDA_T4	CD81	8.738288584253947
KCNMA1_KCNMB1	IU_PDA_T4	F13A1	8.699825107231558
KCNMA1_KCNMB1	IU_PDA_T4	LBH	8.652596233188252
KCNMA1_KCNMB1	IU_PDA_T4	FADS3	8.597357367464136
KCNMA1_KCNMB1	IU_PDA_T4	PDLIM3	8.594072043950012
KCNMA1_KCNMB1	IU_PDA_T4	AQP1	8.573214510403849
KCNMA1_KCNMB1	IU_PDA_T4	SH3BP5	8.553283493117052
KCNMA1_KCNMB1	IU_PDA_T4	S1PR3	8.491077814223548
KCNMA1_KCNMB1	IU_PDA_T4	AKAP6	8.488757000292791
KCNMA1_KCNMB1	IU_PDA_T4	CX3CL1	8.437817621401088
KCNMA1_KCNMB1	IU_PDA_T4	CLDN5	8.389809882211784
KCNMA1_KCNMB1	IU_PDA_T4	VASH1	8.368865402413762
KCNMA1_KCNMB1	IU_PDA_T4	C7	8.269290003299648
KCNMA1_KCNMB1	IU_PDA_T4	PPP1R14A	8.194321427533737
KCNMA1_KCNMB1	IU_PDA_T4	CDH5	8.170134211511096
KCNMA1_KCNMB1	IU_PDA_T4	NDRG2	8.161318848115684
KCNMA1_KCNMB1	IU_PDA_T4	TNC	8.14060951838474
KCNMA1_KCNMB1	IU_PDA_T4	C1S	8.079284365530524
KCNMA1_KCNMB1	IU_PDA_T4	ANKH	8.024982232520792
KCNMA1_KCNMB1	IU_PDA_T4	CSF1	7.962744107253253
KCNMA1_KCNMB1	IU_PDA_T4	HLA-DRA	7.9231612409916545
KCNMA1_KCNMB1	IU_PDA_T4	KCNMA1	7.883086714573513
KCNMA1_KCNMB1	IU_PDA_T4	TAGLN	7.820017073510638
KCNMA1_KCNMB1	IU_PDA_T4	FAS	7.804343420650604
KCNMA1_KCNMB1	IU_PDA_T4	GYPC	7.781842512670512
KCNMA1_KCNMB1	IU_PDA_T4	KCNK3	7.730371316085655
KCNMA1_KCNMB1	IU_PDA_T4	LTBP2	7.698806182796196
KCNMA1_KCNMB1	IU_PDA_T4	MMP9	7.68394141348025
KCNMA1_KCNMB1	IU_PDA_T4	NPDC1	7.668817016101146
KCNMA1_KCNMB1	IU_PDA_T4	IL27RA	7.667005766607481
KCNMA1_KCNMB1	IU_PDA_T4	SORBS1	7.6062673917607935
KCNMA1_KCNMB1	IU_PDA_T4	ROBO1	7.556178304689373
KCNMA1_KCNMB1	IU_PDA_T4	NCCRP1	7.520589297520247
KCNMA1_KCNMB1	IU_PDA_T4	ARHGAP31	7.513328203311082
KCNMA1_KCNMB1	IU_PDA_T4	LST1	7.4997406025288935
KCNMA1_KCNMB1	IU_PDA_T4	CIITA	7.432913520467038
KCNMA1_KCNMB1	IU_PDA_T4	CSF2RB	7.43236756555508
KCNMA1_KCNMB1	IU_PDA_T4	COL4A1	7.38728836566224
KCNMA1_KCNMB1	IU_PDA_T4	SRGN	7.296480744097517
KCNMA1_KCNMB1	IU_PDA_T4	TNFRSF9	7.28463447977053
KCNMA1_KCNMB1	IU_PDA_T4	NCKAP5	7.284108511042404
KCNMA1_KCNMB1	IU_PDA_T4	VWF	7.278089216562404
KCNMA1_KCNMB1	IU_PDA_T4	CYP26A1	7.221628322941626
KCNMA1_KCNMB1	IU_PDA_T4	SOD3	7.195691648063684
KCNMA1_KCNMB1	IU_PDA_T4	PFKFB3	7.090685805292524
KCNMA1_KCNMB1	IU_PDA_T4	CXCL13	7.047799176655198
KCNMA1_KCNMB1	IU_PDA_T4	RAMP1	7.046926389942793
KCNMA1_KCNMB1	IU_PDA_T4	SERPINF1	7.033850862532033
KCNMA1_KCNMB1	IU_PDA_T4	MFAP4	6.999162218332542
KCNMA1_KCNMB1	IU_PDA_T4	C11orf96	6.96396599888491
KCNMA1_KCNMB1	IU_PDA_T4	LYZ	6.9525678002991285
KCNMA1_KCNMB1	IU_PDA_T4	CEMIP	6.903038688478794
KCNMA1_KCNMB1	IU_PDA_T4	IL22RA2	6.8984704883876935
KCNMA1_KCNMB1	IU_PDA_T4	RNASE1	6.883860298352502
KCNMA1_KCNMB1	IU_PDA_T4	JAK3	6.859174695889221
KCNMA1_KCNMB1	IU_PDA_T4	LAPTM5	6.8088282683229275
KCNMA1_KCNMB1	IU_PDA_T4	S100A9	6.770001199231641
KCNMA1_KCNMB1	IU_PDA_T4	S100B	6.700463027714856
KCNMA1_KCNMB1	IU_PDA_T4	SEMA5A	6.68031341402867
KCNMA1_KCNMB1	IU_PDA_T4	C1R	6.63661817452958
KCNMA1_KCNMB1	IU_PDA_T4	FCGRT	6.578330356544733
KCNMA1_KCNMB1	IU_PDA_T4	TRAF1	6.556982826003196
KCNMA1_KCNMB1	IU_PDA_T4	HLA-DMA	6.479210424669344
KCNMA1_KCNMB1	IU_PDA_T4	LRP1	6.4774418089125865
KCNMA1_KCNMB1	IU_PDA_T4	ITGB3	6.470645759413258
KCNMA1_KCNMB1	IU_PDA_T4	PPP1R14C	6.447077534081924
KCNMA1_KCNMB1	IU_PDA_T4	CLU	6.44416793246829
KCNMA1_KCNMB1	IU_PDA_T4	FBXO32	6.284756735484295
KCNMA1_KCNMB1	IU_PDA_T4	JMY	6.193057753096555
KCNMA1_KCNMB1	IU_PDA_T4	THBS1	6.164584192708324
KCNMA1_KCNMB1	IU_PDA_T4	VCAM1	6.12781400181187
KCNMA1_KCNMB1	IU_PDA_T4	SYNGR2	6.120616968046533
KCNMA1_KCNMB1	IU_PDA_T4	PDGFA	6.091639649556959
KCNMA1_KCNMB1	IU_PDA_T4	C2CD4A	6.08128803243624
KCNMA1_KCNMB1	IU_PDA_T4	SCARF1	6.055218245017022
KCNMA1_KCNMB1	IU_PDA_T4	ACTA2	6.044813148391492
KCNMA1_KCNMB1	IU_PDA_T4	MARCKSL1	5.922185933458098
KCNMA1_KCNMB1	IU_PDA_T4	PSAPL1	5.859009982829676
KCNMA1_KCNMB1	IU_PDA_T4	TMEM70	5.845945219166019
KCNMA1_KCNMB1	IU_PDA_T4	AZIN2	5.786985970132687
KCNMA1_KCNMB1	IU_PDA_T4	FBN1	5.776447782213252
KCNMA1_KCNMB1	IU_PDA_T4	LTB	5.776226276501643
KCNMA1_KCNMB1	IU_PDA_T4	C6orf141	5.707339477391653
KCNMA1_KCNMB1	IU_PDA_T4	IGFBP2	5.701751004183269
KCNMA1_KCNMB1	IU_PDA_T4	CSTA	5.649835414586519
KCNMA1_KCNMB1	IU_PDA_T4	MT1X	5.618828540868679
KCNMA1_KCNMB1	IU_PDA_T4	EMILIN1	5.606803606790128
KCNMA1_KCNMB1	IU_PDA_T4	PRRX1	5.536780818232362
KCNMA1_KCNMB1	IU_PDA_T4	HLA-DQB2	5.5250700518142635
KCNMA1_KCNMB1	IU_PDA_T4	MYL9	5.516544887554548
KCNMA1_KCNMB1	IU_PDA_T4	QDPR	5.511904190435164
KCNMA1_KCNMB1	IU_PDA_T4	KEL	5.483497056304
KCNMA1_KCNMB1	IU_PDA_T4	FCGBP	5.4657858201076355
KCNMA1_KCNMB1	IU_PDA_T4	SLC7A2	5.449760286376067
KCNMA1_KCNMB1	IU_PDA_T4	KSR1	5.366090023122522
KCNMA1_KCNMB1	IU_PDA_T4	ARNT2	5.317812772256998
KCNMA1_KCNMB1	IU_PDA_T4	KCNMA1_KCNMB4	5.313105760455828
KCNMA1_KCNMB1	IU_PDA_T4	HLA-DOA	5.279832414323628
KCNMA1_KCNMB1	IU_PDA_T4	ANKRD22	5.272712249277401
KCNMA1_KCNMB1	IU_PDA_T4	ITGA11	5.2405276115606405
KCNMA1_KCNMB1	IU_PDA_T4	SNAP25	5.237954476957571
KCNMA1_KCNMB1	IU_PDA_T4	PDGFRB	5.194447297925504
KCNMA1_KCNMB1	IU_PDA_T4	CTHRC1	5.091494507003063
KCNMA1_KCNMB1	IU_PDA_T4	PPARGC1A	5.020972825309076
KCNMA1_KCNMB1	IU_PDA_T4	RNF19B	4.980750017052273
KCNMA1_KCNMB1	IU_PDA_T4	HIST1H4A	4.974549744938849
KCNMA1_KCNMB1	IU_PDA_T4	FBLN2	4.932860297107656
KCNMA1_KCNMB1	IU_PDA_T4	UBD	4.885381098563437
KCNMA1_KCNMB1	IU_PDA_T4	IL4R	4.879232725719066
KCNMA1_KCNMB1	IU_PDA_T4	STARD10	4.852639870070024
KCNMA1_KCNMB1	IU_PDA_T4	MED13L	4.837594692399447
KCNMA1_KCNMB1	IU_PDA_T4	MXRA8	4.800715156526491
KCNMA1_KCNMB1	IU_PDA_T4	ANTXR1	4.7905205759226845
KCNMA1_KCNMB1	IU_PDA_T4	MRC2	4.767734071530593
KCNMA1_KCNMB1	IU_PDA_T4	KCNA5	4.7667150707436114
KCNMA1_KCNMB1	IU_PDA_T4	RNF213	4.725814706096634
KCNMA1_KCNMB1	IU_PDA_T4	COL16A1	4.721094774575217
KCNMA1_KCNMB1	IU_PDA_T4	KCNS3	4.685442861222859
KCNMA1_KCNMB1	IU_PDA_T4	SLC26A9	4.571959991667784
KCNMA1_KCNMB1	IU_PDA_T4	RBP5	4.534828574693824
KCNMA1_KCNMB1	IU_PDA_T4	AEBP1	4.532367068792259
KCNMA1_KCNMB1	IU_PDA_T4	RAB25	4.522710948272682
KCNMA1_KCNMB1	IU_PDA_T4	SULF1	4.465231154924744
KCNMA1_KCNMB1	IU_PDA_T4	STAR	4.387163433329943
KCNMA1_KCNMB1	IU_PDA_T4	CD74	4.298854986772113
KCNMA1_KCNMB1	IU_PDA_T4	CDH1	4.284739482925386
KCNMA1_KCNMB1	IU_PDA_T4	GJA1	4.2429093983749695
KCNMA1_KCNMB1	IU_PDA_T4	COL19A1	4.214328486286868
KCNMA1_KCNMB1	IU_PDA_T4	IGFBP5	4.174648331135622
KCNMA1_KCNMB1	IU_PDA_T4	CERCAM	4.17162176863827
KCNMA1_KCNMB1	IU_PDA_T4	LMCD1	4.141343982537795
KCNMA1_KCNMB1	IU_PDA_T4	PCOLCE	4.141321097253959
KCNMA1_KCNMB1	IU_PDA_T4	VRK2	4.056803070310487
KCNMA1_KCNMB1	IU_PDA_T4	TACSTD2	3.9919515318016208
KCNMA1_KCNMB1	IU_PDA_T4	HPGD	3.980182650903677
KCNMA1_KCNMB1	IU_PDA_T4	SAA1	3.9434104151034735
KCNMA1_KCNMB1	IU_PDA_T4	ANGPTL2	3.940860727703042
KCNMA1_KCNMB1	IU_PDA_T4	LAD1	3.9278375206106975
KCNMA1_KCNMB1	IU_PDA_T4	CRISPLD2	3.900450181089286
KCNMA1_KCNMB1	IU_PDA_T4	SNCG	3.892011638878308
KCNMA1_KCNMB1	IU_PDA_T4	MMP2	3.8759297134278565
KCNMA1_KCNMB1	IU_PDA_T4	SERPINA1	3.867374078278383
KCNMA1_KCNMB1	IU_PDA_T4	CCL5	3.8268686626372252
KCNMA1_KCNMB1	IU_PDA_T4	CTSK	3.798954066762671
KCNMA1_KCNMB1	IU_PDA_T4	JPH1	3.7947321240548244
KCNMA1_KCNMB1	IU_PDA_T4	CCN2	3.71419661475246
KCNMA1_KCNMB1	IU_PDA_T4	CCL17	3.7105391561165297
KCNMA1_KCNMB1	IU_PDA_T4	KCNN3	3.598574747949025
KCNMA1_KCNMB1	IU_PDA_T4	DCN	3.586094819831256
KCNMA1_KCNMB1	IU_PDA_T4	KCNJ8	3.475576239860528
KCNMA1_KCNMB1	IU_PDA_T4	FBLN1	3.469315289749382
KCNMA1_KCNMB1	IU_PDA_T4	EPYC	3.449808793703532
KCNMA1_KCNMB1	IU_PDA_T4	CBLC	3.3852873996545747
KCNMA1_KCNMB1	IU_PDA_T4	RARRES2	3.3745068548263926
KCNMA1_KCNMB1	IU_PDA_T4	SYT8	3.352432884602939
KCNMA1_KCNMB1	IU_PDA_T4	FSTL1	3.3184037707553675
KCNMA1_KCNMB1	IU_PDA_T4	RDH10	3.2927727424257762
KCNMA1_KCNMB1	IU_PDA_T4	GATD1	3.283398108509765
KCNMA1_KCNMB1	IU_PDA_T4	CLDN1	3.2304406396607086
KCNMA1_KCNMB1	IU_PDA_T4	LRRC15	3.1704922782582083
KCNMA1_KCNMB1	IU_PDA_T4	SCUBE3	3.1582791352802375
KCNMA1_KCNMB1	IU_PDA_T4	IKBKE	2.931893222977665
KCNMA1_KCNMB1	IU_PDA_T4	MRFAP1L1	2.9291978593816905
KCNMA1_KCNMB1	IU_PDA_T4	POSTN	2.9285523602705776
KCNMA1_KCNMB1	IU_PDA_T4	BANF1	2.8017150443277443
KCNMA1_KCNMB1	IU_PDA_T4	SFRP2	2.7445047379689345
KCNMA1_KCNMB1	IU_PDA_T4	MMP7	2.688648377890812
KCNMA1_KCNMB1	IU_PDA_T4	ID3	2.680856029457543
KCNMA1_KCNMB1	IU_PDA_T4	CCL20	2.6519451897455237
KCNMA1_KCNMB1	IU_PDA_T4	FXYD3	2.643164953551914
KCNMA1_KCNMB1	IU_PDA_T4	SERPING1	2.5782266824464988
KCNMA1_KCNMB1	IU_PDA_T4	CDH11	2.560912190942605
KCNMA1_KCNMB1	IU_PDA_T4	THBS2	2.509917023349602
KCNMA1_KCNMB1	IU_PDA_T4	TNFAIP2	2.4092049022041095
KCNMA1_KCNMB1	IU_PDA_T4	KCNK15	2.3805574200174076
KCNMA1_KCNMB1	IU_PDA_T4	SAA2	2.287537787985025
KCNMA1_KCNMB1	IU_PDA_T4	PTK7	2.262934904312057
KCNMA1_KCNMB1	IU_PDA_T4	IGKC	2.090669492982833
KCNMA1_KCNMB1	IU_PDA_T4	GAS1	2.063237018030282
KCNMA1_KCNMB1	IU_PDA_T4	SRRT	2.0046708743659103
KCNMA1_KCNMB1	IU_PDA_T4	COL5A1	1.9749003246817989
KCNMA1_KCNMB1	IU_PDA_T4	FDCSP	1.9282279454603872
KCNMA1_KCNMB1	IU_PDA_T4	ANP32E	1.8959363268268161
KCNMA1_KCNMB1	IU_PDA_T4	CDC123	1.885815454118904
KCNMA1_KCNMB1	IU_PDA_T4	CABP7	1.8538861302874627
KCNMA1_KCNMB1	IU_PDA_T4	ARGLU1	1.8154404297902191
KCNMA1_KCNMB1	IU_PDA_T4	KCNE4	1.813694521736267
KCNMA1_KCNMB1	IU_PDA_T4	CDK6	1.7478743664020495
KCNMA1_KCNMB1	IU_PDA_T4	TYK2	1.7290053019797222
KCNMA1_KCNMB1	IU_PDA_T4	LUM	1.6667703234902829
KCNMA1_KCNMB1	IU_PDA_T4	CXCL14	1.6483477825694837
KCNMA1_KCNMB1	IU_PDA_T4	COL11A1	1.6197736828273814
KCNMA1_KCNMB1	IU_PDA_T4	S100G	1.5109188769736408
KCNMA1_KCNMB1	IU_PDA_T4	KCND3	1.4902073096806725
KCNMA1_KCNMB1	IU_PDA_T4	IGHV6-1	1.4505431113787357
KCNMA1_KCNMB1	IU_PDA_T4	KCNAB1	1.441962377465979
KCNMA1_KCNMB1	IU_PDA_T4	INHBA	1.4408287595652007
KCNMA1_KCNMB1	IU_PDA_T4	TESC	1.4107871274223704
KCNMA1_KCNMB1	IU_PDA_T4	KCNAB2	1.3935641673407666
KCNMA1_KCNMB1	IU_PDA_T4	FOS	1.3605705006629272
KCNMA1_KCNMB1	IU_PDA_T4	COL10A1	1.2169066818458114
KCNMA1_KCNMB1	IU_PDA_T4	CHCHD1	1.1563631400738454
KCNMA1_KCNMB1	IU_PDA_T4	MT1G	1.1154332526818795
KCNMA1_KCNMB1	IU_PDA_T4	COL12A1	1.1056349144000006
KCNMA1_KCNMB1	IU_PDA_T4	KCNMB4	1.0993899153858153
KCNMA1_KCNMB1	IU_PDA_T4	ABCC8	0.99018304126235
KCNMA1_KCNMB1	IU_PDA_T4	SERPINA3	0.9793922058593876
KCNMA1_KCNMB1	IU_PDA_T4	GREM1	0.9567081449582906
KCNMA1_KCNMB1	IU_PDA_T4	IGHG1	0.9557118071865248
KCNMA1_KCNMB1	IU_PDA_T4	KCNC4	0.7730742377806746
KCNMA1_KCNMB1	IU_PDA_T4	IGLV3-1	0.7603847465291473
KCNMA1_KCNMB1	IU_PDA_T4	MX2	0.6833786385275683
KCNMA1_KCNMB1	IU_PDA_T4	PPBP	0.647169028558137
KCNMA1_KCNMB1	IU_PDA_T4	HTRA1	0.6342993835375175
KCNMA1_KCNMB1	IU_PDA_T4	DPT	0.5823790328099114
KCNMA1_KCNMB1	IU_PDA_T4	MT1H	0.5595293588710338
KCNMA1_KCNMB1	IU_PDA_T4	CCL18	0.4635959035301279
KCNMA1_KCNMB1	IU_PDA_T4	WFDC2	0.4571698969938805
KCNMA1_KCNMB1	IU_PDA_T4	KCNK17	0.362182298643135
KCNMA1_KCNMB1	IU_PDA_T4	MMP11	0.33961198090285605
KCNMA1_KCNMB1	IU_PDA_T4	IGHJ6	0.27931310454036884
KCNMA1_KCNMB1	IU_PDA_T4	GCG	0.177560205819934
KCNMA1_KCNMB1	IU_PDA_T4	IGLC1	0.10425630616193463
KCNMA1_KCNMB1	IU_PDA_T4	TIMP2	0.056437255339687534
KCNMA1_KCNMB1	IU_PDA_T4	INS	0.03728871738682029
KCNMA1_KCNMB1	IU_PDA_T4	RBM42	-0.036759590362709066
KCNMA1_KCNMB1	IU_PDA_T4	PHGDH	-0.0577539638516178
KCNMA1_KCNMB1	IU_PDA_T4	S100A14	-0.05948775241468066
KCNMA1_KCNMB1	IU_PDA_T4	KCNT2	-0.11379866817944505
KCNMA1_KCNMB1	IU_PDA_T4	RSAD2	-0.13147159349549162
KCNMA1_KCNMB1	IU_PDA_T4	IGHA1	-0.17994021338983843
KCNMA1_KCNMB1	IU_PDA_T4	CMTM3	-0.2717481633216725
KCNMA1_KCNMB1	IU_PDA_T4	LGALS4	-0.3167048514411358
KCNMA1_KCNMB1	IU_PDA_T4	VGF	-0.40736214144268124
KCNMA1_KCNMB1	IU_PDA_T4	ADIRF	-0.4734816780034932
KCNMA1_KCNMB1	IU_PDA_T4	CST4	-0.4743036613865556
KCNMA1_KCNMB1	IU_PDA_T4	KCNQ4	-0.6255517216024674
KCNMA1_KCNMB1	IU_PDA_T4	KCND2	-0.6551736515050456
KCNMA1_KCNMB1	IU_PDA_T4	SLC11A1	-0.7143663744849968
KCNMA1_KCNMB1	IU_PDA_T4	KCNJ15	-0.9053139279473859
KCNMA1_KCNMB1	IU_PDA_T4	SLC14A1	-1.0207130624636154
KCNMA1_KCNMB1	IU_PDA_T4	TREM1	-1.0835820105348408
KCNMA1_KCNMB1	IU_PDA_T4	CD52	-1.0923924335389272
KCNMA1_KCNMB1	IU_PDA_T4	APOD	-1.0932763315112783
KCNMA1_KCNMB1	IU_PDA_T4	OLFM4	-1.144461490121005
KCNMA1_KCNMB1	IU_PDA_T4	IFIT3	-1.285097390360459
KCNMA1_KCNMB1	IU_PDA_T4	KRT16	-1.397608561101533
KCNMA1_KCNMB1	IU_PDA_T4	FBP1	-1.4398912406566255
KCNMA1_KCNMB1	IU_PDA_T4	COL5A2	-1.458019005449556
KCNMA1_KCNMB1	IU_PDA_T4	MMP12	-1.5073142589590955
KCNMA1_KCNMB1	IU_PDA_T4	LOXL2	-1.606825011356028
KCNMA1_KCNMB1	IU_PDA_T4	FCGR2B	-1.681277067023339
KCNMA1_KCNMB1	IU_PDA_T4	CDH17	-1.7387970343449195
KCNMA1_KCNMB1	IU_PDA_T4	CLDN4	-1.8952048476509735
KCNMA1_KCNMB1	IU_PDA_T4	CA2	-1.9564552971144848
KCNMA1_KCNMB1	IU_PDA_T4	NTSR1	-2.019006279560262
KCNMA1_KCNMB1	IU_PDA_T4	IGHM	-2.050840673345233
KCNMA1_KCNMB1	IU_PDA_T4	MARCO	-2.161972995133008
KCNMA1_KCNMB1	IU_PDA_T4	KCNK6	-2.2043204966893657
KCNMA1_KCNMB1	IU_PDA_T4	CRP	-2.36267776880615
KCNMA1_KCNMB1	IU_PDA_T4	CDHR5	-2.5624506237270244
KCNMA1_KCNMB1	IU_PDA_T4	MX1	-2.5885489557366013
KCNMA1_KCNMB1	IU_PDA_T4	CA12	-2.9443759506613616
KCNMA1_KCNMB1	IU_PDA_T4	IFI44L	-2.9925704796879176
KCNMA1_KCNMB1	IU_PDA_T4	CD68	-2.998334824272305
KCNMA1_KCNMB1	IU_PDA_T4	IGHMBP2	-3.083547923632385
KCNMA1_KCNMB1	IU_PDA_T4	FGG	-3.1753671177495724
KCNMA1_KCNMB1	IU_PDA_T4	CSTB	-3.2259857689837226
KCNMA1_KCNMB1	IU_PDA_T4	STMN2	-3.455409384125455
KCNMA1_KCNMB1	IU_PDA_T4	KCNK1	-3.6592610491774145
KCNMA1_KCNMB1	IU_PDA_T4	SPP1	-3.6980988872978573
KCNMA1_KCNMB1	IU_PDA_T4	KCNN4	-4.0259146487315425
KCNMA1_KCNMB1	IU_PDA_T4	S100A2	-4.044465395491946
KCNMA1_KCNMB1	IU_PDA_T4	PPDPF	-4.280815619387001
KCNMA1_KCNMB1	IU_PDA_T4	ADM	-4.314192998102547
KCNMA1_KCNMB1	IU_PDA_T4	CXCL8	-4.334798862918924
KCNMA1_KCNMB1	IU_PDA_T4	HSPA1B	-4.403084526587897
KCNMA1_KCNMB1	IU_PDA_T4	SPRY4	-4.458793571547657
KCNMA1_KCNMB1	IU_PDA_T4	SNAI2	-4.962633581553059
KCNMA1_KCNMB1	IU_PDA_T4	PHLDA1	-4.991951542779499
KCNMA1_KCNMB1	IU_PDA_T4	COL17A1	-5.079665813608204
KCNMA1_KCNMB1	IU_PDA_T4	C19orf33	-5.119991013318732
KCNMA1_KCNMB1	IU_PDA_T4	TCEA3	-5.128635270537749
KCNMA1_KCNMB1	IU_PDA_T4	BNIP3L	-5.157553332501075
KCNMA1_KCNMB1	IU_PDA_T4	RNASEK	-5.34184848488663
KCNMA1_KCNMB1	IU_PDA_T4	TFF2	-5.414447065491798
KCNMA1_KCNMB1	IU_PDA_T4	EMP3	-5.428865608308345
KCNMA1_KCNMB1	IU_PDA_T4	ISG15	-5.563143121971043
KCNMA1_KCNMB1	IU_PDA_T4	MMP1	-5.572294450959566
KCNMA1_KCNMB1	IU_PDA_T4	LCN2	-5.589645053035722
KCNMA1_KCNMB1	IU_PDA_T4	FSTL3	-5.648160221478938
KCNMA1_KCNMB1	IU_PDA_T4	HMGA2	-5.724121019255459
KCNMA1_KCNMB1	IU_PDA_T4	RAB2A	-5.72947976682254
KCNMA1_KCNMB1	IU_PDA_T4	CAV1	-5.84162583732721
KCNMA1_KCNMB1	IU_PDA_T4	SERPINB2	-5.885458431612678
KCNMA1_KCNMB1	IU_PDA_T4	DHRS9	-5.942769608745946
KCNMA1_KCNMB1	IU_PDA_T4	SLPI	-5.993937787770254
KCNMA1_KCNMB1	IU_PDA_T4	POLB	-6.083511953983595
KCNMA1_KCNMB1	IU_PDA_T4	CAV2	-6.094356450844893
KCNMA1_KCNMB1	IU_PDA_T4	CD55	-6.161797445285596
KCNMA1_KCNMB1	IU_PDA_T4	HMGA1	-6.187737139254675
KCNMA1_KCNMB1	IU_PDA_T4	TFF1	-6.25383216869059
KCNMA1_KCNMB1	IU_PDA_T4	IER3	-6.269802157089166
KCNMA1_KCNMB1	IU_PDA_T4	SCD	-6.274487320612105
KCNMA1_KCNMB1	IU_PDA_T4	SPRY2	-6.279421122886469
KCNMA1_KCNMB1	IU_PDA_T4	ANO1	-6.372803428270752
KCNMA1_KCNMB1	IU_PDA_T4	MUC1	-6.381926157821013
KCNMA1_KCNMB1	IU_PDA_T4	POLD4	-6.422959641615743
KCNMA1_KCNMB1	IU_PDA_T4	PODXL	-6.4667355374838
KCNMA1_KCNMB1	IU_PDA_T4	LGALS3	-6.468965695830695
KCNMA1_KCNMB1	IU_PDA_T4	OAS1	-6.571657682025822
KCNMA1_KCNMB1	IU_PDA_T4	ANTXR2	-6.5977678437379295
KCNMA1_KCNMB1	IU_PDA_T4	IGFBP6	-6.6717649092755105
KCNMA1_KCNMB1	IU_PDA_T4	EZR	-6.723523563804909
KCNMA1_KCNMB1	IU_PDA_T4	F3	-6.77098431530599
KCNMA1_KCNMB1	IU_PDA_T4	AKR1C2	-6.8182065522536845
KCNMA1_KCNMB1	IU_PDA_T4	ARL4D	-6.822024812876281
KCNMA1_KCNMB1	IU_PDA_T4	CKB	-6.8231377169777385
KCNMA1_KCNMB1	IU_PDA_T4	NT5E	-6.9010133984187405
KCNMA1_KCNMB1	IU_PDA_T4	ITPRID2	-6.914211915490354
KCNMA1_KCNMB1	IU_PDA_T4	CLCF1	-6.919089144069333
KCNMA1_KCNMB1	IU_PDA_T4	DNAJB1	-6.9288743722648825
KCNMA1_KCNMB1	IU_PDA_T4	L1CAM	-6.954595692619106
KCNMA1_KCNMB1	IU_PDA_T4	SEMA4B	-7.022828743874177
KCNMA1_KCNMB1	IU_PDA_T4	FAM83A	-7.042620655320515
KCNMA1_KCNMB1	IU_PDA_T4	RAB27B	-7.105352977728436
KCNMA1_KCNMB1	IU_PDA_T4	KRT14	-7.10763610364972
KCNMA1_KCNMB1	IU_PDA_T4	KLK10	-7.165360505441848
KCNMA1_KCNMB1	IU_PDA_T4	ITGB4	-7.187034013140992
KCNMA1_KCNMB1	IU_PDA_T4	RBP1	-7.199429326126338
KCNMA1_KCNMB1	IU_PDA_T4	FLNB	-7.210805359490549
KCNMA1_KCNMB1	IU_PDA_T4	S100P	-7.258115326478685
KCNMA1_KCNMB1	IU_PDA_T4	KLF5	-7.41973793957285
KCNMA1_KCNMB1	IU_PDA_T4	P2RY2	-7.421403168016555
KCNMA1_KCNMB1	IU_PDA_T4	PLCD3	-7.430216997536307
KCNMA1_KCNMB1	IU_PDA_T4	FXYD5	-7.443398121954001
KCNMA1_KCNMB1	IU_PDA_T4	AHNAK2	-7.490740104819453
KCNMA1_KCNMB1	IU_PDA_T4	TNS4	-7.500728362670567
KCNMA1_KCNMB1	IU_PDA_T4	ALDH3B1	-7.507899315768047
KCNMA1_KCNMB1	IU_PDA_T4	EPHA2	-7.52413053085825
KCNMA1_KCNMB1	IU_PDA_T4	BMP4	-7.558028855900187
KCNMA1_KCNMB1	IU_PDA_T4	MALL	-7.5954270379441535
KCNMA1_KCNMB1	IU_PDA_T4	ELF3	-7.634164676050755
KCNMA1_KCNMB1	IU_PDA_T4	MET	-7.637724009928358
KCNMA1_KCNMB1	IU_PDA_T4	EREG	-7.675994638177877
KCNMA1_KCNMB1	IU_PDA_T4	SCEL	-7.683783681016689
KCNMA1_KCNMB1	IU_PDA_T4	CDA	-7.721451512703137
KCNMA1_KCNMB1	IU_PDA_T4	LAMA3	-7.768154358800518
KCNMA1_KCNMB1	IU_PDA_T4	AREG	-7.828387846410359
KCNMA1_KCNMB1	IU_PDA_T4	CHKA	-7.931244190744781
KCNMA1_KCNMB1	IU_PDA_T4	KRT18	-7.955979755462217
KCNMA1_KCNMB1	IU_PDA_T4	EPHB6	-8.102889716792248
KCNMA1_KCNMB1	IU_PDA_T4	FERMT1	-8.209985850442017
KCNMA1_KCNMB1	IU_PDA_T4	MBOAT2	-8.281866223992552
KCNMA1_KCNMB1	IU_PDA_T4	C4BPB	-8.356562035680092
KCNMA1_KCNMB1	IU_PDA_T4	ABLIM3	-8.46041103775771
KCNMA1_KCNMB1	IU_PDA_T4	ID1	-8.563839715576483
KCNMA1_KCNMB1	IU_PDA_T4	DNTTIP1	-8.56901350133115
KCNMA1_KCNMB1	IU_PDA_T4	GPRC5A	-8.592939911414947
KCNMA1_KCNMB1	IU_PDA_T4	SERPINB5	-8.659390269053882
KCNMA1_KCNMB1	IU_PDA_T4	MLPH	-8.667030421988045
KCNMA1_KCNMB1	IU_PDA_T4	SMAD3	-8.704495868746214
KCNMA1_KCNMB1	IU_PDA_T4	FOSL1	-8.744215426567234
KCNMA1_KCNMB1	IU_PDA_T4	UNC93B1	-8.834686466009838
KCNMA1_KCNMB1	IU_PDA_T4	TSPAN1	-8.966083366981067
KCNMA1_KCNMB1	IU_PDA_T4	DKK1	-9.093686330357375
KCNMA1_KCNMB1	IU_PDA_T4	ITGA6	-9.13091166966796
KCNMA1_KCNMB1	IU_PDA_T4	TSPAN8	-9.476760734535652
KCNMA1_KCNMB1	IU_PDA_T4	LAMB3	-9.666426913552549
KCNMA1_KCNMB4	IU_PDA_T4	KCNMA1_KCNMB1	5.313105760455828
KCNMA1_KCNMB4	IU_PDA_T4	CNN1	4.983899971038362
KCNMA1_KCNMB4	IU_PDA_T4	KCNMA1	4.9382270202561545
KCNMA1_KCNMB4	IU_PDA_T4	KCNK3	4.859281049294789
KCNMA1_KCNMB4	IU_PDA_T4	HLA-DPA1	4.80352543310665
KCNMA1_KCNMB4	IU_PDA_T4	GASK1B	4.75062078561607
KCNMA1_KCNMB4	IU_PDA_T4	ADAMTS8	4.732800690280283
KCNMA1_KCNMB4	IU_PDA_T4	KCNMB1	4.644120626100836
KCNMA1_KCNMB4	IU_PDA_T4	EFHD1	4.574010250619542
KCNMA1_KCNMB4	IU_PDA_T4	HSPB6	4.471260450748658
KCNMA1_KCNMB4	IU_PDA_T4	CD81	4.426314726600778
KCNMA1_KCNMB4	IU_PDA_T4	NTRK3	4.414463514284744
KCNMA1_KCNMB4	IU_PDA_T4	ARHGAP31	4.2809725164982
KCNMA1_KCNMB4	IU_PDA_T4	TNS1	4.277585731207267
KCNMA1_KCNMB4	IU_PDA_T4	ACTG2	4.220171355327309
KCNMA1_KCNMB4	IU_PDA_T4	LRP1	4.182411062133809
KCNMA1_KCNMB4	IU_PDA_T4	WFDC1	4.164138150232121
KCNMA1_KCNMB4	IU_PDA_T4	TBC1D1	4.023391306162429
KCNMA1_KCNMB4	IU_PDA_T4	HLA-DPB1	4.015559362816876
KCNMA1_KCNMB4	IU_PDA_T4	MRC2	4.011749028882843
KCNMA1_KCNMB4	IU_PDA_T4	CD93	3.978459985216117
KCNMA1_KCNMB4	IU_PDA_T4	TAGLN	3.972260837295252
KCNMA1_KCNMB4	IU_PDA_T4	MFAP4	3.9660158237909124
KCNMA1_KCNMB4	IU_PDA_T4	RASL12	3.8328826818696418
KCNMA1_KCNMB4	IU_PDA_T4	C11orf96	3.820496356315621
KCNMA1_KCNMB4	IU_PDA_T4	C1S	3.7996409509604905
KCNMA1_KCNMB4	IU_PDA_T4	RERGL	3.7374817271709824
KCNMA1_KCNMB4	IU_PDA_T4	PDLIM3	3.711871847357753
KCNMA1_KCNMB4	IU_PDA_T4	ID3	3.7091528553036075
KCNMA1_KCNMB4	IU_PDA_T4	SUSD5	3.6574482423914376
KCNMA1_KCNMB4	IU_PDA_T4	SLIT3	3.635876914285137
KCNMA1_KCNMB4	IU_PDA_T4	ADAMTS1	3.6237153831652122
KCNMA1_KCNMB4	IU_PDA_T4	STAB1	3.581173786568223
KCNMA1_KCNMB4	IU_PDA_T4	LYZ	3.559581658604947
KCNMA1_KCNMB4	IU_PDA_T4	GYPC	3.5216545631423846
KCNMA1_KCNMB4	IU_PDA_T4	LMCD1	3.5212967509299853
KCNMA1_KCNMB4	IU_PDA_T4	SFRP4	3.489813208517529
KCNMA1_KCNMB4	IU_PDA_T4	SERPINF1	3.4755204939848396
KCNMA1_KCNMB4	IU_PDA_T4	ITGA7	3.4609698807234324
KCNMA1_KCNMB4	IU_PDA_T4	ERG	3.440958763533244
KCNMA1_KCNMB4	IU_PDA_T4	PPARGC1A	3.3913089546308472
KCNMA1_KCNMB4	IU_PDA_T4	PTP4A3	3.382096538568788
KCNMA1_KCNMB4	IU_PDA_T4	ENG	3.35518904184418
KCNMA1_KCNMB4	IU_PDA_T4	COL15A1	3.330611130552213
KCNMA1_KCNMB4	IU_PDA_T4	AZIN2	3.3150789491319506
KCNMA1_KCNMB4	IU_PDA_T4	FBLN1	3.3137516013773545
KCNMA1_KCNMB4	IU_PDA_T4	F13A1	3.283149916822342
KCNMA1_KCNMB4	IU_PDA_T4	LMOD1	3.282607782062043
KCNMA1_KCNMB4	IU_PDA_T4	MUSTN1	3.280598451786188
KCNMA1_KCNMB4	IU_PDA_T4	GJA4	3.271830729104721
KCNMA1_KCNMB4	IU_PDA_T4	FBLN5	3.2510655526981416
KCNMA1_KCNMB4	IU_PDA_T4	LBH	3.2313822901871267
KCNMA1_KCNMB4	IU_PDA_T4	CTSK	3.2136243412175736
KCNMA1_KCNMB4	IU_PDA_T4	CTHRC1	3.2019785524210285
KCNMA1_KCNMB4	IU_PDA_T4	COL14A1	3.1880908211017953
KCNMA1_KCNMB4	IU_PDA_T4	COL16A1	3.187577732033339
KCNMA1_KCNMB4	IU_PDA_T4	CEMIP	3.1799575858938933
KCNMA1_KCNMB4	IU_PDA_T4	LIMS2	3.1647121291095432
KCNMA1_KCNMB4	IU_PDA_T4	CLEC14A	3.1552874670601834
KCNMA1_KCNMB4	IU_PDA_T4	SYNPO2	3.143071739633933
KCNMA1_KCNMB4	IU_PDA_T4	MXRA8	3.142203998822092
KCNMA1_KCNMB4	IU_PDA_T4	CSF1R	3.134275233318133
KCNMA1_KCNMB4	IU_PDA_T4	MYL9	3.1327206430501744
KCNMA1_KCNMB4	IU_PDA_T4	MRVI1	3.116292934913696
KCNMA1_KCNMB4	IU_PDA_T4	ANKH	3.111027806272936
KCNMA1_KCNMB4	IU_PDA_T4	CXCL12	3.109408358560089
KCNMA1_KCNMB4	IU_PDA_T4	GJA1	3.0828781979855453
KCNMA1_KCNMB4	IU_PDA_T4	HLA-DRA	3.054799818840363
KCNMA1_KCNMB4	IU_PDA_T4	THBS1	3.0510847000417516
KCNMA1_KCNMB4	IU_PDA_T4	FADS3	3.0497226327977534
KCNMA1_KCNMB4	IU_PDA_T4	C1QTNF1	3.046304703058287
KCNMA1_KCNMB4	IU_PDA_T4	CDH11	3.0459889561006
KCNMA1_KCNMB4	IU_PDA_T4	SRGN	2.999213533264344
KCNMA1_KCNMB4	IU_PDA_T4	C1R	2.9643689540899523
KCNMA1_KCNMB4	IU_PDA_T4	NCCRP1	2.9543325312520463
KCNMA1_KCNMB4	IU_PDA_T4	CRISPLD2	2.953153339836681
KCNMA1_KCNMB4	IU_PDA_T4	ANTXR1	2.94693630690161
KCNMA1_KCNMB4	IU_PDA_T4	CYP26A1	2.9441600623837414
KCNMA1_KCNMB4	IU_PDA_T4	TNC	2.9401903240184
KCNMA1_KCNMB4	IU_PDA_T4	CCN5	2.925500967682636
KCNMA1_KCNMB4	IU_PDA_T4	CCL19	2.916520461023797
KCNMA1_KCNMB4	IU_PDA_T4	FBLN2	2.9150889377011464
KCNMA1_KCNMB4	IU_PDA_T4	PFKFB3	2.9114006928647154
KCNMA1_KCNMB4	IU_PDA_T4	GPX3	2.910958744271926
KCNMA1_KCNMB4	IU_PDA_T4	SCUBE3	2.8768663981077536
KCNMA1_KCNMB4	IU_PDA_T4	NDRG2	2.8709716900133895
KCNMA1_KCNMB4	IU_PDA_T4	A2M	2.862973610931018
KCNMA1_KCNMB4	IU_PDA_T4	SH3BP5	2.8532868656113712
KCNMA1_KCNMB4	IU_PDA_T4	VASH1	2.8348828553171233
KCNMA1_KCNMB4	IU_PDA_T4	IL27RA	2.8313487429608117
KCNMA1_KCNMB4	IU_PDA_T4	ITGA11	2.808906626193318
KCNMA1_KCNMB4	IU_PDA_T4	LTBP1	2.808540432496636
KCNMA1_KCNMB4	IU_PDA_T4	FAS	2.804729481991453
KCNMA1_KCNMB4	IU_PDA_T4	MCAM	2.7901699414359644
KCNMA1_KCNMB4	IU_PDA_T4	ACTA2	2.7659458257088763
KCNMA1_KCNMB4	IU_PDA_T4	LST1	2.764163104863943
KCNMA1_KCNMB4	IU_PDA_T4	EMILIN1	2.7240966415900614
KCNMA1_KCNMB4	IU_PDA_T4	CERCAM	2.709863792937892
KCNMA1_KCNMB4	IU_PDA_T4	SERPING1	2.6899808719839142
KCNMA1_KCNMB4	IU_PDA_T4	PTGIR	2.684733174025983
KCNMA1_KCNMB4	IU_PDA_T4	ROBO1	2.682632778186659
KCNMA1_KCNMB4	IU_PDA_T4	S100A9	2.6385539039660206
KCNMA1_KCNMB4	IU_PDA_T4	C7	2.6376108577061497
KCNMA1_KCNMB4	IU_PDA_T4	PI15	2.6103344317830026
KCNMA1_KCNMB4	IU_PDA_T4	KCNA5	2.584866420104779
KCNMA1_KCNMB4	IU_PDA_T4	SPARCL1	2.582665022607962
KCNMA1_KCNMB4	IU_PDA_T4	C2CD4A	2.5776973445710105
KCNMA1_KCNMB4	IU_PDA_T4	SORBS1	2.570515463532835
KCNMA1_KCNMB4	IU_PDA_T4	STOM	2.5540608354982495
KCNMA1_KCNMB4	IU_PDA_T4	PRRX1	2.5501539973053915
KCNMA1_KCNMB4	IU_PDA_T4	COL4A1	2.548428783334615
KCNMA1_KCNMB4	IU_PDA_T4	JAK3	2.547227302224916
KCNMA1_KCNMB4	IU_PDA_T4	ZBTB16	2.5288407757897255
KCNMA1_KCNMB4	IU_PDA_T4	SYNGR2	2.5138956134822465
KCNMA1_KCNMB4	IU_PDA_T4	RAMP1	2.5005738679470326
KCNMA1_KCNMB4	IU_PDA_T4	QDPR	2.4814601933744567
KCNMA1_KCNMB4	IU_PDA_T4	COL10A1	2.4810511798241692
KCNMA1_KCNMB4	IU_PDA_T4	FBLIM1	2.4740960540526014
KCNMA1_KCNMB4	IU_PDA_T4	MMP9	2.47072417430907
KCNMA1_KCNMB4	IU_PDA_T4	POSTN	2.4561006480230483
KCNMA1_KCNMB4	IU_PDA_T4	KCNE4	2.4545375520423223
KCNMA1_KCNMB4	IU_PDA_T4	HLA-DMA	2.4517451572840843
KCNMA1_KCNMB4	IU_PDA_T4	RARRES2	2.45024318122805
KCNMA1_KCNMB4	IU_PDA_T4	FBN1	2.4482045179780796
KCNMA1_KCNMB4	IU_PDA_T4	KCNN3	2.4457708429583414
KCNMA1_KCNMB4	IU_PDA_T4	MMP2	2.419139765198628
KCNMA1_KCNMB4	IU_PDA_T4	CMTM3	2.399667420674182
KCNMA1_KCNMB4	IU_PDA_T4	CD74	2.389926458989654
KCNMA1_KCNMB4	IU_PDA_T4	JMY	2.3758934432157974
KCNMA1_KCNMB4	IU_PDA_T4	AEBP1	2.3526286368591562
KCNMA1_KCNMB4	IU_PDA_T4	LUM	2.3510174451287544
KCNMA1_KCNMB4	IU_PDA_T4	FOS	2.3478424925430224
KCNMA1_KCNMB4	IU_PDA_T4	FCGRT	2.3477408470888954
KCNMA1_KCNMB4	IU_PDA_T4	TBX2	2.3405883376985237
KCNMA1_KCNMB4	IU_PDA_T4	CIITA	2.332900651023184
KCNMA1_KCNMB4	IU_PDA_T4	TRAF1	2.296573957438618
KCNMA1_KCNMB4	IU_PDA_T4	SULF1	2.2831603176325017
KCNMA1_KCNMB4	IU_PDA_T4	MMP7	2.264581392050827
KCNMA1_KCNMB4	IU_PDA_T4	KCNJ8	2.247591439447035
KCNMA1_KCNMB4	IU_PDA_T4	CSF2RB	2.245497585154259
KCNMA1_KCNMB4	IU_PDA_T4	SEMA5A	2.2326455382648116
KCNMA1_KCNMB4	IU_PDA_T4	NCKAP5	2.2147196807338068
KCNMA1_KCNMB4	IU_PDA_T4	DCN	2.2087586264228265
KCNMA1_KCNMB4	IU_PDA_T4	RNASE1	2.191236330451021
KCNMA1_KCNMB4	IU_PDA_T4	COL11A1	2.1854597385351426
KCNMA1_KCNMB4	IU_PDA_T4	CCN2	2.1695056074076406
KCNMA1_KCNMB4	IU_PDA_T4	FBXO32	2.1648068949038786
KCNMA1_KCNMB4	IU_PDA_T4	LAPTM5	2.148661966816905
KCNMA1_KCNMB4	IU_PDA_T4	PCOLCE	2.082475594870212
KCNMA1_KCNMB4	IU_PDA_T4	IGFBP5	2.0646923737608676
KCNMA1_KCNMB4	IU_PDA_T4	S100B	2.060238483472759
KCNMA1_KCNMB4	IU_PDA_T4	KCNS3	2.048314205117215
KCNMA1_KCNMB4	IU_PDA_T4	SCARF1	2.0460283373497146
KCNMA1_KCNMB4	IU_PDA_T4	FSTL1	2.0373919756916203
KCNMA1_KCNMB4	IU_PDA_T4	NPDC1	2.0187481948694526
KCNMA1_KCNMB4	IU_PDA_T4	KCNK15	2.01664498093748
KCNMA1_KCNMB4	IU_PDA_T4	SFRP2	2.0021688561899835
KCNMA1_KCNMB4	IU_PDA_T4	CLDN5	1.982829101338079
KCNMA1_KCNMB4	IU_PDA_T4	FCGBP	1.9653939567544625
KCNMA1_KCNMB4	IU_PDA_T4	EPYC	1.9636512711903242
KCNMA1_KCNMB4	IU_PDA_T4	CSF1	1.948519789239063
KCNMA1_KCNMB4	IU_PDA_T4	TNFRSF9	1.9396303779620376
KCNMA1_KCNMB4	IU_PDA_T4	COL12A1	1.922391988730191
KCNMA1_KCNMB4	IU_PDA_T4	AKAP6	1.912514283508427
KCNMA1_KCNMB4	IU_PDA_T4	LRRC15	1.8935928691785586
KCNMA1_KCNMB4	IU_PDA_T4	PPBP	1.8888982703317152
KCNMA1_KCNMB4	IU_PDA_T4	VCAM1	1.8867435013255036
KCNMA1_KCNMB4	IU_PDA_T4	S1PR3	1.871139639624598
KCNMA1_KCNMB4	IU_PDA_T4	HEYL	1.849467347931899
KCNMA1_KCNMB4	IU_PDA_T4	CCL5	1.848078157255524
KCNMA1_KCNMB4	IU_PDA_T4	THBS2	1.833224117146629
KCNMA1_KCNMB4	IU_PDA_T4	MARCKSL1	1.8293431229176103
KCNMA1_KCNMB4	IU_PDA_T4	TMEM70	1.827767899218201
KCNMA1_KCNMB4	IU_PDA_T4	GAS1	1.8253160895592264
KCNMA1_KCNMB4	IU_PDA_T4	HTRA1	1.793733709490095
KCNMA1_KCNMB4	IU_PDA_T4	AQP1	1.7788350278498788
KCNMA1_KCNMB4	IU_PDA_T4	FDCSP	1.7747210085694871
KCNMA1_KCNMB4	IU_PDA_T4	PGF	1.7726218877152655
KCNMA1_KCNMB4	IU_PDA_T4	HLA-DQB2	1.7633694021890538
KCNMA1_KCNMB4	IU_PDA_T4	SERPINA1	1.7604239116838356
KCNMA1_KCNMB4	IU_PDA_T4	CXCL13	1.7555257213363407
KCNMA1_KCNMB4	IU_PDA_T4	CX3CL1	1.7176321709575082
KCNMA1_KCNMB4	IU_PDA_T4	ANKRD22	1.7166933208856632
KCNMA1_KCNMB4	IU_PDA_T4	KEL	1.7156454380208535
KCNMA1_KCNMB4	IU_PDA_T4	ARNT2	1.707593295589137
KCNMA1_KCNMB4	IU_PDA_T4	COL5A1	1.6718300779359807
KCNMA1_KCNMB4	IU_PDA_T4	ANGPTL2	1.6665848422297778
KCNMA1_KCNMB4	IU_PDA_T4	KCNAB2	1.640120598183088
KCNMA1_KCNMB4	IU_PDA_T4	PPP1R14C	1.6371172231450644
KCNMA1_KCNMB4	IU_PDA_T4	ITGB3	1.6308577415580414
KCNMA1_KCNMB4	IU_PDA_T4	PDGFRB	1.6211529612480502
KCNMA1_KCNMB4	IU_PDA_T4	COL19A1	1.6209276681140925
KCNMA1_KCNMB4	IU_PDA_T4	MT1X	1.609047964086944
KCNMA1_KCNMB4	IU_PDA_T4	RSAD2	1.6043282716905019
KCNMA1_KCNMB4	IU_PDA_T4	HLA-DOA	1.5918543975292747
KCNMA1_KCNMB4	IU_PDA_T4	VWF	1.579819760885482
KCNMA1_KCNMB4	IU_PDA_T4	CSTA	1.5700637617978295
KCNMA1_KCNMB4	IU_PDA_T4	HPGD	1.5668001981516326
KCNMA1_KCNMB4	IU_PDA_T4	INHBA	1.5615117843706947
KCNMA1_KCNMB4	IU_PDA_T4	KSR1	1.525992812401257
KCNMA1_KCNMB4	IU_PDA_T4	SLC7A2	1.4940377693787255
KCNMA1_KCNMB4	IU_PDA_T4	KCNC4	1.4939389668251422
KCNMA1_KCNMB4	IU_PDA_T4	BANF1	1.4813897790016948
KCNMA1_KCNMB4	IU_PDA_T4	CLU	1.4755914723137964
KCNMA1_KCNMB4	IU_PDA_T4	TACSTD2	1.4657033277350642
KCNMA1_KCNMB4	IU_PDA_T4	SLC11A1	1.4643082357029442
KCNMA1_KCNMB4	IU_PDA_T4	LTBP2	1.4614723702602896
KCNMA1_KCNMB4	IU_PDA_T4	STAR	1.4419164403164497
KCNMA1_KCNMB4	IU_PDA_T4	DPT	1.4360068111654227
KCNMA1_KCNMB4	IU_PDA_T4	PSAPL1	1.4279441825251273
KCNMA1_KCNMB4	IU_PDA_T4	IGFBP2	1.4223994410749161
KCNMA1_KCNMB4	IU_PDA_T4	PPP1R14A	1.388784076436855
KCNMA1_KCNMB4	IU_PDA_T4	CXCL14	1.3846584671013007
KCNMA1_KCNMB4	IU_PDA_T4	RNF19B	1.3799776814354963
KCNMA1_KCNMB4	IU_PDA_T4	HIST1H4A	1.353753372364406
KCNMA1_KCNMB4	IU_PDA_T4	GREM1	1.3201044354438227
KCNMA1_KCNMB4	IU_PDA_T4	COL5A2	1.3065906205610267
KCNMA1_KCNMB4	IU_PDA_T4	TIMP2	1.2751823060162741
KCNMA1_KCNMB4	IU_PDA_T4	CDH1	1.2171854062852785
KCNMA1_KCNMB4	IU_PDA_T4	SAA1	1.2098294358928854
KCNMA1_KCNMB4	IU_PDA_T4	SNAP25	1.1720521968994548
KCNMA1_KCNMB4	IU_PDA_T4	RAB25	1.1614464094548953
KCNMA1_KCNMB4	IU_PDA_T4	LTB	1.1598734692742882
KCNMA1_KCNMB4	IU_PDA_T4	RNF213	1.1402328246739633
KCNMA1_KCNMB4	IU_PDA_T4	MED13L	1.1372411220960588
KCNMA1_KCNMB4	IU_PDA_T4	IL4R	1.1025722541018221
KCNMA1_KCNMB4	IU_PDA_T4	PTK7	1.097431861507524
KCNMA1_KCNMB4	IU_PDA_T4	IL22RA2	1.0770805349527852
KCNMA1_KCNMB4	IU_PDA_T4	SOD3	1.037622401560488
KCNMA1_KCNMB4	IU_PDA_T4	IGHG1	1.033186031061785
KCNMA1_KCNMB4	IU_PDA_T4	CBLC	1.0213309511081299
KCNMA1_KCNMB4	IU_PDA_T4	CDH5	1.006513164008786
KCNMA1_KCNMB4	IU_PDA_T4	MMP11	0.8970935027891563
KCNMA1_KCNMB4	IU_PDA_T4	STARD10	0.8483196324797058
KCNMA1_KCNMB4	IU_PDA_T4	S100A14	0.8394574009850807
KCNMA1_KCNMB4	IU_PDA_T4	LAD1	0.8269720479877185
KCNMA1_KCNMB4	IU_PDA_T4	RBP5	0.7750517881071088
KCNMA1_KCNMB4	IU_PDA_T4	LOXL2	0.7485463765491588
KCNMA1_KCNMB4	IU_PDA_T4	MX2	0.7408545775591006
KCNMA1_KCNMB4	IU_PDA_T4	WFDC2	0.7377733700411462
KCNMA1_KCNMB4	IU_PDA_T4	UBD	0.7297318975127048
KCNMA1_KCNMB4	IU_PDA_T4	MT1H	0.724227933121701
KCNMA1_KCNMB4	IU_PDA_T4	CLDN1	0.7172026135893784
KCNMA1_KCNMB4	IU_PDA_T4	SLC26A9	0.7084661224371239
KCNMA1_KCNMB4	IU_PDA_T4	CST4	0.6585389785263385
KCNMA1_KCNMB4	IU_PDA_T4	C6orf141	0.6255576116027571
KCNMA1_KCNMB4	IU_PDA_T4	CABP7	0.6180858440671042
KCNMA1_KCNMB4	IU_PDA_T4	VRK2	0.6127791435456668
KCNMA1_KCNMB4	IU_PDA_T4	CD52	0.5765704775965916
KCNMA1_KCNMB4	IU_PDA_T4	APOD	0.5677282576583226
KCNMA1_KCNMB4	IU_PDA_T4	IGKC	0.5258275410296015
KCNMA1_KCNMB4	IU_PDA_T4	CCL20	0.5163077735780582
KCNMA1_KCNMB4	IU_PDA_T4	CDK6	0.49967772052180254
KCNMA1_KCNMB4	IU_PDA_T4	KCND3	0.4914245024811362
KCNMA1_KCNMB4	IU_PDA_T4	TREM1	0.4645063819640699
KCNMA1_KCNMB4	IU_PDA_T4	IKBKE	0.45743001456871923
KCNMA1_KCNMB4	IU_PDA_T4	SYT8	0.35649987942239836
KCNMA1_KCNMB4	IU_PDA_T4	IGHV6-1	0.3250384353563804
KCNMA1_KCNMB4	IU_PDA_T4	IGLC1	0.3194341865584544
KCNMA1_KCNMB4	IU_PDA_T4	FXYD3	0.31564212259204394
KCNMA1_KCNMB4	IU_PDA_T4	KCNAB1	0.2979355479988587
KCNMA1_KCNMB4	IU_PDA_T4	IFIT3	0.29132344289544243
KCNMA1_KCNMB4	IU_PDA_T4	KRT16	0.280159487047929
KCNMA1_KCNMB4	IU_PDA_T4	TNFAIP2	0.2657677587346204
KCNMA1_KCNMB4	IU_PDA_T4	MARCO	0.20452422340920606
KCNMA1_KCNMB4	IU_PDA_T4	KCNQ4	0.19700736687186834
KCNMA1_KCNMB4	IU_PDA_T4	SAA2	0.16304972347307528
KCNMA1_KCNMB4	IU_PDA_T4	JPH1	0.14927509355586352
KCNMA1_KCNMB4	IU_PDA_T4	ARGLU1	0.1414655292346407
KCNMA1_KCNMB4	IU_PDA_T4	LGALS4	0.134289482256417
KCNMA1_KCNMB4	IU_PDA_T4	CCL17	0.1331895193031867
KCNMA1_KCNMB4	IU_PDA_T4	MT1G	0.12799678931414607
KCNMA1_KCNMB4	IU_PDA_T4	KCND2	0.12542784727447973
KCNMA1_KCNMB4	IU_PDA_T4	PDGFA	0.12506653375992838
KCNMA1_KCNMB4	IU_PDA_T4	GATD1	0.10641412394651832
KCNMA1_KCNMB4	IU_PDA_T4	SPRY4	0.10139298050535193
KCNMA1_KCNMB4	IU_PDA_T4	MMP12	0.09388730677571759
KCNMA1_KCNMB4	IU_PDA_T4	RDH10	0.08725994170471298
KCNMA1_KCNMB4	IU_PDA_T4	S100G	0.07641437832236836
KCNMA1_KCNMB4	IU_PDA_T4	TYK2	0.05644733358734618
KCNMA1_KCNMB4	IU_PDA_T4	ABCC8	0.05151780092689847
KCNMA1_KCNMB4	IU_PDA_T4	CDC123	0.010650693581699934
KCNMA1_KCNMB4	IU_PDA_T4	ADIRF	0.0015301289949292691
KCNMA1_KCNMB4	IU_PDA_T4	TESC	-0.05737034062641227
KCNMA1_KCNMB4	IU_PDA_T4	CCL18	-0.12409285710526358
KCNMA1_KCNMB4	IU_PDA_T4	FBP1	-0.13311828933713035
KCNMA1_KCNMB4	IU_PDA_T4	RNASEK	-0.1550322230348463
KCNMA1_KCNMB4	IU_PDA_T4	MX1	-0.22641529123870946
KCNMA1_KCNMB4	IU_PDA_T4	PPDPF	-0.22662655908090742
KCNMA1_KCNMB4	IU_PDA_T4	KCNJ15	-0.25868774868658584
KCNMA1_KCNMB4	IU_PDA_T4	SERPINA3	-0.303125333328778
KCNMA1_KCNMB4	IU_PDA_T4	FCGR2B	-0.3117913211059064
KCNMA1_KCNMB4	IU_PDA_T4	MRFAP1L1	-0.3281365700817776
KCNMA1_KCNMB4	IU_PDA_T4	SNAI2	-0.35083027896606506
KCNMA1_KCNMB4	IU_PDA_T4	SLC14A1	-0.4081725801271096
KCNMA1_KCNMB4	IU_PDA_T4	NTSR1	-0.40888113282589483
KCNMA1_KCNMB4	IU_PDA_T4	CA12	-0.48289511924252615
KCNMA1_KCNMB4	IU_PDA_T4	KCNT2	-0.5362216592116038
KCNMA1_KCNMB4	IU_PDA_T4	CDH17	-0.6351965135498381
KCNMA1_KCNMB4	IU_PDA_T4	CD68	-0.6468095734174144
KCNMA1_KCNMB4	IU_PDA_T4	SRRT	-0.673712938044587
KCNMA1_KCNMB4	IU_PDA_T4	SPP1	-0.6820667350571841
KCNMA1_KCNMB4	IU_PDA_T4	CSTB	-0.7364198827987656
KCNMA1_KCNMB4	IU_PDA_T4	CHCHD1	-0.746830106645351
KCNMA1_KCNMB4	IU_PDA_T4	CLDN4	-0.7697325737060315
KCNMA1_KCNMB4	IU_PDA_T4	VGF	-0.8185129224416816
KCNMA1_KCNMB4	IU_PDA_T4	OLFM4	-0.833708440360037
KCNMA1_KCNMB4	IU_PDA_T4	IGHJ6	-0.8436378592851138
KCNMA1_KCNMB4	IU_PDA_T4	SNCG	-0.8615161509221622
KCNMA1_KCNMB4	IU_PDA_T4	INS	-0.8813659211133126
KCNMA1_KCNMB4	IU_PDA_T4	KCNK6	-0.8844094504041711
KCNMA1_KCNMB4	IU_PDA_T4	BNIP3L	-0.9032164876058558
KCNMA1_KCNMB4	IU_PDA_T4	IGHA1	-0.9093370481799199
KCNMA1_KCNMB4	IU_PDA_T4	ARL4D	-0.9159321370152689
KCNMA1_KCNMB4	IU_PDA_T4	RBM42	-0.9405194271430035
KCNMA1_KCNMB4	IU_PDA_T4	FSTL3	-0.9420723660062769
KCNMA1_KCNMB4	IU_PDA_T4	KCNMB4	-0.9440395123249123
KCNMA1_KCNMB4	IU_PDA_T4	CA2	-0.9628906302559221
KCNMA1_KCNMB4	IU_PDA_T4	KCNN4	-0.9638566332714681
KCNMA1_KCNMB4	IU_PDA_T4	KCNK1	-0.9810295673350155
KCNMA1_KCNMB4	IU_PDA_T4	IFI44L	-0.981211489277587
KCNMA1_KCNMB4	IU_PDA_T4	ANP32E	-0.9878254242517646
KCNMA1_KCNMB4	IU_PDA_T4	KCNK17	-0.9943136696455533
KCNMA1_KCNMB4	IU_PDA_T4	FGG	-1.0287186358216267
KCNMA1_KCNMB4	IU_PDA_T4	LCN2	-1.0393050029568462
KCNMA1_KCNMB4	IU_PDA_T4	PHLDA1	-1.0679155585312154
KCNMA1_KCNMB4	IU_PDA_T4	POLD4	-1.1043534077863841
KCNMA1_KCNMB4	IU_PDA_T4	POLB	-1.1069420849493834
KCNMA1_KCNMB4	IU_PDA_T4	RAB2A	-1.1482065977196874
KCNMA1_KCNMB4	IU_PDA_T4	GCG	-1.165490164419778
KCNMA1_KCNMB4	IU_PDA_T4	DHRS9	-1.2350573565825473
KCNMA1_KCNMB4	IU_PDA_T4	IGLV3-1	-1.2641824595795879
KCNMA1_KCNMB4	IU_PDA_T4	COL17A1	-1.3466250832586246
KCNMA1_KCNMB4	IU_PDA_T4	TCEA3	-1.3845663996723174
KCNMA1_KCNMB4	IU_PDA_T4	CDHR5	-1.4161049024873407
KCNMA1_KCNMB4	IU_PDA_T4	ITPRID2	-1.4567495461400295
KCNMA1_KCNMB4	IU_PDA_T4	CXCL8	-1.4792095531623868
KCNMA1_KCNMB4	IU_PDA_T4	PHGDH	-1.4851334088960133
KCNMA1_KCNMB4	IU_PDA_T4	CRP	-1.5222876982772857
KCNMA1_KCNMB4	IU_PDA_T4	S100A2	-1.5665823435071413
KCNMA1_KCNMB4	IU_PDA_T4	STMN2	-1.5861498343511724
KCNMA1_KCNMB4	IU_PDA_T4	IGHM	-1.5991082209128546
KCNMA1_KCNMB4	IU_PDA_T4	CAV1	-1.63976890761642
KCNMA1_KCNMB4	IU_PDA_T4	IER3	-1.6549516901571901
KCNMA1_KCNMB4	IU_PDA_T4	TFF2	-1.6562712529561248
KCNMA1_KCNMB4	IU_PDA_T4	SCD	-1.6791928500697932
KCNMA1_KCNMB4	IU_PDA_T4	C19orf33	-1.8031990401078173
KCNMA1_KCNMB4	IU_PDA_T4	EMP3	-1.806566782641656
KCNMA1_KCNMB4	IU_PDA_T4	OAS1	-1.8407740089978497
KCNMA1_KCNMB4	IU_PDA_T4	LGALS3	-1.8646138006077584
KCNMA1_KCNMB4	IU_PDA_T4	LAMA3	-1.8854803699253557
KCNMA1_KCNMB4	IU_PDA_T4	NT5E	-1.9089137967220526
KCNMA1_KCNMB4	IU_PDA_T4	MMP1	-1.9144275346627204
KCNMA1_KCNMB4	IU_PDA_T4	SLPI	-1.951506720228894
KCNMA1_KCNMB4	IU_PDA_T4	ANO1	-1.9876081864564126
KCNMA1_KCNMB4	IU_PDA_T4	RAB27B	-1.9956163793941075
KCNMA1_KCNMB4	IU_PDA_T4	CHKA	-1.997691898666961
KCNMA1_KCNMB4	IU_PDA_T4	SPRY2	-2.0063537819437296
KCNMA1_KCNMB4	IU_PDA_T4	IGHMBP2	-2.081705267643096
KCNMA1_KCNMB4	IU_PDA_T4	SERPINB2	-2.154684981675787
KCNMA1_KCNMB4	IU_PDA_T4	ALDH3B1	-2.1562230007553347
KCNMA1_KCNMB4	IU_PDA_T4	CD55	-2.1957083531600214
KCNMA1_KCNMB4	IU_PDA_T4	ADM	-2.195939931388604
KCNMA1_KCNMB4	IU_PDA_T4	MUC1	-2.22295696634511
KCNMA1_KCNMB4	IU_PDA_T4	BMP4	-2.2960347237113736
KCNMA1_KCNMB4	IU_PDA_T4	ANTXR2	-2.301541603647938
KCNMA1_KCNMB4	IU_PDA_T4	PODXL	-2.3179549733386082
KCNMA1_KCNMB4	IU_PDA_T4	CKB	-2.320624015817063
KCNMA1_KCNMB4	IU_PDA_T4	KLF5	-2.384811678565605
KCNMA1_KCNMB4	IU_PDA_T4	ISG15	-2.397058808032398
KCNMA1_KCNMB4	IU_PDA_T4	EPHA2	-2.428009566396831
KCNMA1_KCNMB4	IU_PDA_T4	KRT14	-2.4367460793405393
KCNMA1_KCNMB4	IU_PDA_T4	PLCD3	-2.4485476209663397
KCNMA1_KCNMB4	IU_PDA_T4	HSPA1B	-2.4530315277052175
KCNMA1_KCNMB4	IU_PDA_T4	FERMT1	-2.4634779367821635
KCNMA1_KCNMB4	IU_PDA_T4	IGFBP6	-2.4681241805879774
KCNMA1_KCNMB4	IU_PDA_T4	DNTTIP1	-2.471839050535481
KCNMA1_KCNMB4	IU_PDA_T4	CAV2	-2.4762577449936556
KCNMA1_KCNMB4	IU_PDA_T4	P2RY2	-2.5015687610043043
KCNMA1_KCNMB4	IU_PDA_T4	FLNB	-2.5045400065404517
KCNMA1_KCNMB4	IU_PDA_T4	RBP1	-2.54037643018957
KCNMA1_KCNMB4	IU_PDA_T4	KLK10	-2.5461618613500496
KCNMA1_KCNMB4	IU_PDA_T4	ELF3	-2.566237614531773
KCNMA1_KCNMB4	IU_PDA_T4	S100P	-2.5888826045137225
KCNMA1_KCNMB4	IU_PDA_T4	CLCF1	-2.621640099496203
KCNMA1_KCNMB4	IU_PDA_T4	ITGB4	-2.6378211587424554
KCNMA1_KCNMB4	IU_PDA_T4	MET	-2.641418840138894
KCNMA1_KCNMB4	IU_PDA_T4	EZR	-2.6743513689874234
KCNMA1_KCNMB4	IU_PDA_T4	HMGA2	-2.699383738213515
KCNMA1_KCNMB4	IU_PDA_T4	EREG	-2.718910456427762
KCNMA1_KCNMB4	IU_PDA_T4	FXYD5	-2.744312326263225
KCNMA1_KCNMB4	IU_PDA_T4	MBOAT2	-2.7708288416690348
KCNMA1_KCNMB4	IU_PDA_T4	LAMB3	-2.7867790602829228
KCNMA1_KCNMB4	IU_PDA_T4	ID1	-2.788494871869602
KCNMA1_KCNMB4	IU_PDA_T4	AHNAK2	-2.8027771985430765
KCNMA1_KCNMB4	IU_PDA_T4	ABLIM3	-2.8349419140544656
KCNMA1_KCNMB4	IU_PDA_T4	MLPH	-2.880531536010422
KCNMA1_KCNMB4	IU_PDA_T4	AREG	-2.9087395562215965
KCNMA1_KCNMB4	IU_PDA_T4	KRT18	-2.9128205273050174
KCNMA1_KCNMB4	IU_PDA_T4	FAM83A	-2.9183730764215654
KCNMA1_KCNMB4	IU_PDA_T4	SEMA4B	-2.963859311072319
KCNMA1_KCNMB4	IU_PDA_T4	DKK1	-2.9706912733363855
KCNMA1_KCNMB4	IU_PDA_T4	SERPINB5	-2.9920118968166802
KCNMA1_KCNMB4	IU_PDA_T4	F3	-3.0539860017522162
KCNMA1_KCNMB4	IU_PDA_T4	TSPAN8	-3.0584922949215874
KCNMA1_KCNMB4	IU_PDA_T4	UNC93B1	-3.069400397999445
KCNMA1_KCNMB4	IU_PDA_T4	TFF1	-3.170720239487403
KCNMA1_KCNMB4	IU_PDA_T4	MALL	-3.1775891814045982
KCNMA1_KCNMB4	IU_PDA_T4	CDA	-3.2007664977149926
KCNMA1_KCNMB4	IU_PDA_T4	TSPAN1	-3.213753953271658
KCNMA1_KCNMB4	IU_PDA_T4	SCEL	-3.214843837434756
KCNMA1_KCNMB4	IU_PDA_T4	HMGA1	-3.2272445349861916
KCNMA1_KCNMB4	IU_PDA_T4	AKR1C2	-3.280414844493597
KCNMA1_KCNMB4	IU_PDA_T4	C4BPB	-3.3046656595505426
KCNMA1_KCNMB4	IU_PDA_T4	TNS4	-3.3099037348497005
KCNMA1_KCNMB4	IU_PDA_T4	FOSL1	-3.3416282793819434
KCNMA1_KCNMB4	IU_PDA_T4	GPRC5A	-3.37974259452689
KCNMA1_KCNMB4	IU_PDA_T4	L1CAM	-3.5839409107999196
KCNMA1_KCNMB4	IU_PDA_T4	DNAJB1	-3.5951901487670748
KCNMA1_KCNMB4	IU_PDA_T4	ITGA6	-3.654932686396997
KCNMA1_KCNMB4	IU_PDA_T4	SMAD3	-4.4454338185067614
KCNMA1_KCNMB4	IU_PDA_T4	EPHB6	-4.744756297033177
KCNMA1_KCNMB1	IU_PDA_T6	ACTG2	12.496176586654096
KCNMA1_KCNMB1	IU_PDA_T6	DES	12.060472873275895
KCNMA1_KCNMB1	IU_PDA_T6	PTGIS	11.588556062686623
KCNMA1_KCNMB1	IU_PDA_T6	SFRP4	11.25200362238526
KCNMA1_KCNMB1	IU_PDA_T6	MYH10	11.071213738048275
KCNMA1_KCNMB1	IU_PDA_T6	FOSB	11.019298135937442
KCNMA1_KCNMB1	IU_PDA_T6	GAS6	10.928303177357078
KCNMA1_KCNMB1	IU_PDA_T6	CCDC80	10.8971298137693
KCNMA1_KCNMB1	IU_PDA_T6	EGR1	10.669570581189857
KCNMA1_KCNMB1	IU_PDA_T6	NKD2	10.635920316735524
KCNMA1_KCNMB1	IU_PDA_T6	HTRA1	10.61080562733346
KCNMA1_KCNMB1	IU_PDA_T6	COLEC12	10.496176803846524
KCNMA1_KCNMB1	IU_PDA_T6	RGS16	10.421995322265476
KCNMA1_KCNMB1	IU_PDA_T6	LIMS2	10.37312627753365
KCNMA1_KCNMB1	IU_PDA_T6	FIBIN	10.350952718304843
KCNMA1_KCNMB1	IU_PDA_T6	SMOC2	10.324376678040078
KCNMA1_KCNMB1	IU_PDA_T6	ID4	10.144550091346813
KCNMA1_KCNMB1	IU_PDA_T6	SH3PXD2A	10.135035498286099
KCNMA1_KCNMB1	IU_PDA_T6	FGF7	10.111079052169192
KCNMA1_KCNMB1	IU_PDA_T6	HOPX	10.056017603016311
KCNMA1_KCNMB1	IU_PDA_T6	DPYSL3	9.979349909698932
KCNMA1_KCNMB1	IU_PDA_T6	MYLK	9.9274505874303
KCNMA1_KCNMB1	IU_PDA_T6	DPT	9.888233657570643
KCNMA1_KCNMB1	IU_PDA_T6	ELL2	9.88440931136159
KCNMA1_KCNMB1	IU_PDA_T6	CTSK	9.870078004102457
KCNMA1_KCNMB1	IU_PDA_T6	CLIC4	9.835348281418023
KCNMA1_KCNMB1	IU_PDA_T6	ITGA11	9.826448101475805
KCNMA1_KCNMB1	IU_PDA_T6	PRELP	9.819182396178364
KCNMA1_KCNMB1	IU_PDA_T6	FNDC1	9.79081299608261
KCNMA1_KCNMB1	IU_PDA_T6	GXYLT2	9.790176820275754
KCNMA1_KCNMB1	IU_PDA_T6	BCAT1	9.679374238321431
KCNMA1_KCNMB1	IU_PDA_T6	CNN3	9.648950233075823
KCNMA1_KCNMB1	IU_PDA_T6	EGR2	9.61563328591197
KCNMA1_KCNMB1	IU_PDA_T6	GJB2	9.603236248255888
KCNMA1_KCNMB1	IU_PDA_T6	C1QTNF3	9.494567172610987
KCNMA1_KCNMB1	IU_PDA_T6	ADAM12	9.474002941960626
KCNMA1_KCNMB1	IU_PDA_T6	NR4A1	9.466403038990759
KCNMA1_KCNMB1	IU_PDA_T6	NUPR1	9.464657354867075
KCNMA1_KCNMB1	IU_PDA_T6	PDLIM3	9.45510157920171
KCNMA1_KCNMB1	IU_PDA_T6	MFAP5	9.441101780374943
KCNMA1_KCNMB1	IU_PDA_T6	ISM1	9.413170778164679
KCNMA1_KCNMB1	IU_PDA_T6	SLC2A3	9.385870295706795
KCNMA1_KCNMB1	IU_PDA_T6	PRSS23	9.382027209711271
KCNMA1_KCNMB1	IU_PDA_T6	COL11A1	9.347131465257755
KCNMA1_KCNMB1	IU_PDA_T6	CEMIP	9.339638015938462
KCNMA1_KCNMB1	IU_PDA_T6	CNN1	9.33345398098496
KCNMA1_KCNMB1	IU_PDA_T6	SGCA	9.286822553999139
KCNMA1_KCNMB1	IU_PDA_T6	COL8A2	9.279339824693363
KCNMA1_KCNMB1	IU_PDA_T6	DUSP1	9.26467445228888
KCNMA1_KCNMB1	IU_PDA_T6	ST6GALNAC5	9.255101176080498
KCNMA1_KCNMB1	IU_PDA_T6	VCAN	9.154278546495213
KCNMA1_KCNMB1	IU_PDA_T6	FBLN1	9.095547465848034
KCNMA1_KCNMB1	IU_PDA_T6	NR4A3	9.088977987462314
KCNMA1_KCNMB1	IU_PDA_T6	KCNMB1	8.976611587313197
KCNMA1_KCNMB1	IU_PDA_T6	LMCD1	8.971085505605181
KCNMA1_KCNMB1	IU_PDA_T6	HAS1	8.93551421612504
KCNMA1_KCNMB1	IU_PDA_T6	TSC22D1	8.90661116573931
KCNMA1_KCNMB1	IU_PDA_T6	COL8A1	8.906073041961122
KCNMA1_KCNMB1	IU_PDA_T6	EMILIN1	8.904569023714673
KCNMA1_KCNMB1	IU_PDA_T6	KCNMA1_KCNMB4	8.892908760107005
KCNMA1_KCNMB1	IU_PDA_T6	LOX	8.858485770385432
KCNMA1_KCNMB1	IU_PDA_T6	ELN	8.84689760793525
KCNMA1_KCNMB1	IU_PDA_T6	RARRES2	8.81812505683224
KCNMA1_KCNMB1	IU_PDA_T6	C11orf96	8.803797426027362
KCNMA1_KCNMB1	IU_PDA_T6	PXDN	8.72415676612417
KCNMA1_KCNMB1	IU_PDA_T6	MMP9	8.713633241954232
KCNMA1_KCNMB1	IU_PDA_T6	LRRC15	8.706543863092099
KCNMA1_KCNMB1	IU_PDA_T6	PRDM1	8.691829824839001
KCNMA1_KCNMB1	IU_PDA_T6	CDH11	8.690118825614132
KCNMA1_KCNMB1	IU_PDA_T6	MAF	8.680988569368008
KCNMA1_KCNMB1	IU_PDA_T6	WNT2	8.660574808203013
KCNMA1_KCNMB1	IU_PDA_T6	ISLR	8.654955099159466
KCNMA1_KCNMB1	IU_PDA_T6	ITPRIP	8.628241819877227
KCNMA1_KCNMB1	IU_PDA_T6	PLAU	8.601277086627077
KCNMA1_KCNMB1	IU_PDA_T6	KLK6	8.583231915210053
KCNMA1_KCNMB1	IU_PDA_T6	CXCL14	8.560264735255778
KCNMA1_KCNMB1	IU_PDA_T6	KLF9	8.478990093386658
KCNMA1_KCNMB1	IU_PDA_T6	GFPT2	8.464889920385664
KCNMA1_KCNMB1	IU_PDA_T6	GASK1B	8.443053069844513
KCNMA1_KCNMB1	IU_PDA_T6	GAS1	8.43452238997624
KCNMA1_KCNMB1	IU_PDA_T6	SERPINF1	8.371240568697294
KCNMA1_KCNMB1	IU_PDA_T6	C1QB	8.217793737464614
KCNMA1_KCNMB1	IU_PDA_T6	KCNMA1	8.178243279758465
KCNMA1_KCNMB1	IU_PDA_T6	RAB31	8.158333613287201
KCNMA1_KCNMB1	IU_PDA_T6	ANTXR1	8.158242955827667
KCNMA1_KCNMB1	IU_PDA_T6	COL10A1	8.140619848057627
KCNMA1_KCNMB1	IU_PDA_T6	ALDH1B1	8.11080532730061
KCNMA1_KCNMB1	IU_PDA_T6	NNMT	8.047292596548377
KCNMA1_KCNMB1	IU_PDA_T6	IGFBP3	8.015942205287638
KCNMA1_KCNMB1	IU_PDA_T6	C5orf46	7.975167988964126
KCNMA1_KCNMB1	IU_PDA_T6	VGLL3	7.932284621375397
KCNMA1_KCNMB1	IU_PDA_T6	ANGPTL2	7.865271687322757
KCNMA1_KCNMB1	IU_PDA_T6	RASGRF2	7.861034249912565
KCNMA1_KCNMB1	IU_PDA_T6	GABARAPL1	7.8542103815981665
KCNMA1_KCNMB1	IU_PDA_T6	CTHRC1	7.818127118129375
KCNMA1_KCNMB1	IU_PDA_T6	SELENOM	7.813910648592692
KCNMA1_KCNMB1	IU_PDA_T6	FBLN2	7.693008292845269
KCNMA1_KCNMB1	IU_PDA_T6	GALNT15	7.687474965903354
KCNMA1_KCNMB1	IU_PDA_T6	COL12A1	7.6465397817343215
KCNMA1_KCNMB1	IU_PDA_T6	NR4A2	7.510429394054898
KCNMA1_KCNMB1	IU_PDA_T6	HLA-DPA1	7.396248352696235
KCNMA1_KCNMB1	IU_PDA_T6	MUC5B	7.31582949391713
KCNMA1_KCNMB1	IU_PDA_T6	CD200	7.290877009159333
KCNMA1_KCNMB1	IU_PDA_T6	PCOLCE	7.290401479462237
KCNMA1_KCNMB1	IU_PDA_T6	ADAM19	7.278377247833986
KCNMA1_KCNMB1	IU_PDA_T6	TMEM158	7.233644285222917
KCNMA1_KCNMB1	IU_PDA_T6	CCDC71L	7.176426380282961
KCNMA1_KCNMB1	IU_PDA_T6	SGK1	7.168366277401295
KCNMA1_KCNMB1	IU_PDA_T6	THBS1	7.146427160898185
KCNMA1_KCNMB1	IU_PDA_T6	CXCL12	7.1299320862538895
KCNMA1_KCNMB1	IU_PDA_T6	KLK7	7.045431135439569
KCNMA1_KCNMB1	IU_PDA_T6	LRP1	7.038119498173558
KCNMA1_KCNMB1	IU_PDA_T6	ITGA5	7.036347436978785
KCNMA1_KCNMB1	IU_PDA_T6	PLPP4	7.009675820902249
KCNMA1_KCNMB1	IU_PDA_T6	MMP11	6.967988618399813
KCNMA1_KCNMB1	IU_PDA_T6	ADAMTS4	6.915909324710967
KCNMA1_KCNMB1	IU_PDA_T6	TAGLN	6.873004873242532
KCNMA1_KCNMB1	IU_PDA_T6	PDPN	6.8309198184805355
KCNMA1_KCNMB1	IU_PDA_T6	LOXL2	6.80401508062547
KCNMA1_KCNMB1	IU_PDA_T6	HLA-DRA	6.8002530310211
KCNMA1_KCNMB1	IU_PDA_T6	SH3BP5	6.653817607678653
KCNMA1_KCNMB1	IU_PDA_T6	STC1	6.617995525201246
KCNMA1_KCNMB1	IU_PDA_T6	MRC2	6.516189782893934
KCNMA1_KCNMB1	IU_PDA_T6	OLFML2B	6.513687672971874
KCNMA1_KCNMB1	IU_PDA_T6	PODNL1	6.504259513013535
KCNMA1_KCNMB1	IU_PDA_T6	C1QC	6.334746461263471
KCNMA1_KCNMB1	IU_PDA_T6	SERPINE1	6.299346131583648
KCNMA1_KCNMB1	IU_PDA_T6	GREM1	6.1596490594784
KCNMA1_KCNMB1	IU_PDA_T6	CD55	6.153040036718899
KCNMA1_KCNMB1	IU_PDA_T6	COL5A2	6.034907286377391
KCNMA1_KCNMB1	IU_PDA_T6	ADAMTS5	5.956684803668466
KCNMA1_KCNMB1	IU_PDA_T6	MMP2	5.950943038822473
KCNMA1_KCNMB1	IU_PDA_T6	OLR1	5.893470040122483
KCNMA1_KCNMB1	IU_PDA_T6	TGFBI	5.754001653553181
KCNMA1_KCNMB1	IU_PDA_T6	CCL11	5.691849551595416
KCNMA1_KCNMB1	IU_PDA_T6	TNC	5.5225159140672435
KCNMA1_KCNMB1	IU_PDA_T6	FAM20A	5.404196764077859
KCNMA1_KCNMB1	IU_PDA_T6	CCN1	5.271963307643312
KCNMA1_KCNMB1	IU_PDA_T6	HLA-DPB1	5.261428285396159
KCNMA1_KCNMB1	IU_PDA_T6	HLA-DMA	5.159113293245892
KCNMA1_KCNMB1	IU_PDA_T6	VWF	5.151648515430495
KCNMA1_KCNMB1	IU_PDA_T6	MUC16	4.969766430112532
KCNMA1_KCNMB1	IU_PDA_T6	PTGS1	4.805975717417493
KCNMA1_KCNMB1	IU_PDA_T6	MT2A	4.761700698344012
KCNMA1_KCNMB1	IU_PDA_T6	KCNJ8	4.713789626579801
KCNMA1_KCNMB1	IU_PDA_T6	ADAMTS1	4.6728401127619605
KCNMA1_KCNMB1	IU_PDA_T6	CD93	4.526166241167637
KCNMA1_KCNMB1	IU_PDA_T6	IL6	4.501030765096108
KCNMA1_KCNMB1	IU_PDA_T6	APOC1	4.454140327061577
KCNMA1_KCNMB1	IU_PDA_T6	CCL18	4.215362823495145
KCNMA1_KCNMB1	IU_PDA_T6	TYROBP	4.178340196054921
KCNMA1_KCNMB1	IU_PDA_T6	SRGN	4.176034872395038
KCNMA1_KCNMB1	IU_PDA_T6	RNASE1	4.1712861959417165
KCNMA1_KCNMB1	IU_PDA_T6	KCNE4	4.077093703411708
KCNMA1_KCNMB1	IU_PDA_T6	MS4A7	4.021726131105696
KCNMA1_KCNMB1	IU_PDA_T6	KCNMB4	3.894107364666748
KCNMA1_KCNMB1	IU_PDA_T6	CCL2	3.867048850814315
KCNMA1_KCNMB1	IU_PDA_T6	PECAM1	3.837284304140306
KCNMA1_KCNMB1	IU_PDA_T6	HSPA1A	3.821997287003663
KCNMA1_KCNMB1	IU_PDA_T6	ALPL	3.7426277561212586
KCNMA1_KCNMB1	IU_PDA_T6	IGHG1	3.7153513113684666
KCNMA1_KCNMB1	IU_PDA_T6	SDS	3.7120130622518452
KCNMA1_KCNMB1	IU_PDA_T6	CCL19	3.6708919937845557
KCNMA1_KCNMB1	IU_PDA_T6	LAPTM5	3.6386054208460274
KCNMA1_KCNMB1	IU_PDA_T6	TFF3	3.522552539648465
KCNMA1_KCNMB1	IU_PDA_T6	PLIN2	3.261611554168168
KCNMA1_KCNMB1	IU_PDA_T6	TREM1	3.1429180565119905
KCNMA1_KCNMB1	IU_PDA_T6	APLN	3.1399308428775763
KCNMA1_KCNMB1	IU_PDA_T6	KCND2	3.0909570290431447
KCNMA1_KCNMB1	IU_PDA_T6	OLFM4	2.859086510227614
KCNMA1_KCNMB1	IU_PDA_T6	EPAS1	2.77338642687143
KCNMA1_KCNMB1	IU_PDA_T6	IGHG2	2.7525445192333153
KCNMA1_KCNMB1	IU_PDA_T6	SLC11A1	2.6763483855469623
KCNMA1_KCNMB1	IU_PDA_T6	EGLN3	2.6503963995933755
KCNMA1_KCNMB1	IU_PDA_T6	IL7R	2.590318498792898
KCNMA1_KCNMB1	IU_PDA_T6	MMP3	2.243525312920609
KCNMA1_KCNMB1	IU_PDA_T6	DMBT1	2.2185052738605067
KCNMA1_KCNMB1	IU_PDA_T6	ADM	2.1800348279340436
KCNMA1_KCNMB1	IU_PDA_T6	KCNN3	2.1412991523619076
KCNMA1_KCNMB1	IU_PDA_T6	IL11	2.1332466891706456
KCNMA1_KCNMB1	IU_PDA_T6	G0S2	1.9645948647250147
KCNMA1_KCNMB1	IU_PDA_T6	PLAUR	1.7188792025762858
KCNMA1_KCNMB1	IU_PDA_T6	APOE	1.5721247561220673
KCNMA1_KCNMB1	IU_PDA_T6	KCNAB1	1.538995197078202
KCNMA1_KCNMB1	IU_PDA_T6	MARCO	1.4147363451860095
KCNMA1_KCNMB1	IU_PDA_T6	CRABP2	1.3272794412902313
KCNMA1_KCNMB1	IU_PDA_T6	KCNAB2	1.254733660292615
KCNMA1_KCNMB1	IU_PDA_T6	PI15	1.236263171708858
KCNMA1_KCNMB1	IU_PDA_T6	IGHG3	0.9453885014525728
KCNMA1_KCNMB1	IU_PDA_T6	IGKC	0.7681986016058925
KCNMA1_KCNMB1	IU_PDA_T6	IGLC1	0.5303092031821436
KCNMA1_KCNMB1	IU_PDA_T6	KCNK17	0.3895255273398909
KCNMA1_KCNMB1	IU_PDA_T6	KCNT2	0.34406079493059577
KCNMA1_KCNMB1	IU_PDA_T6	PLVAP	0.323555461028387
KCNMA1_KCNMB1	IU_PDA_T6	S100A8	0.30693101502644254
KCNMA1_KCNMB1	IU_PDA_T6	KCNK6	-0.06210378881501551
KCNMA1_KCNMB1	IU_PDA_T6	MAPK15	-0.09117435401425225
KCNMA1_KCNMB1	IU_PDA_T6	S100A9	-0.14308673911304018
KCNMA1_KCNMB1	IU_PDA_T6	KCNQ4	-0.18896617933109994
KCNMA1_KCNMB1	IU_PDA_T6	ISG15	-0.470113574178582
KCNMA1_KCNMB1	IU_PDA_T6	IL24	-0.5021613180848427
KCNMA1_KCNMB1	IU_PDA_T6	KCNC4	-0.5988399683715611
KCNMA1_KCNMB1	IU_PDA_T6	KCND3	-0.6945030443202606
KCNMA1_KCNMB1	IU_PDA_T6	ANGPTL4	-0.9470203798672088
KCNMA1_KCNMB1	IU_PDA_T6	KCNS3	-1.1673822028331198
KCNMA1_KCNMB1	IU_PDA_T6	IL1B	-1.3512243085888882
KCNMA1_KCNMB1	IU_PDA_T6	CSF3	-1.3732399886468643
KCNMA1_KCNMB1	IU_PDA_T6	CCL21	-1.37652756151461
KCNMA1_KCNMB1	IU_PDA_T6	SPINK1	-1.413060945399834
KCNMA1_KCNMB1	IU_PDA_T6	CHI3L1	-1.8062944726751005
KCNMA1_KCNMB1	IU_PDA_T6	KRT18	-1.95420452134878
KCNMA1_KCNMB1	IU_PDA_T6	KCNK15	-2.019351526673866
KCNMA1_KCNMB1	IU_PDA_T6	C19orf33	-2.3359358056232638
KCNMA1_KCNMB1	IU_PDA_T6	TM4SF1	-2.4516382685381997
KCNMA1_KCNMB1	IU_PDA_T6	IGHM	-2.5323810542592917
KCNMA1_KCNMB1	IU_PDA_T6	IGKV4-1	-2.5326062209926667
KCNMA1_KCNMB1	IU_PDA_T6	KCNK3	-2.5932226551554938
KCNMA1_KCNMB1	IU_PDA_T6	AQP1	-2.5944038348591136
KCNMA1_KCNMB1	IU_PDA_T6	KCNN4	-2.6476623825970185
KCNMA1_KCNMB1	IU_PDA_T6	IFI6	-2.6589981535273077
KCNMA1_KCNMB1	IU_PDA_T6	COL7A1	-2.671751350819852
KCNMA1_KCNMB1	IU_PDA_T6	MMP7	-2.7128033903511595
KCNMA1_KCNMB1	IU_PDA_T6	ANPEP	-2.7291903343223285
KCNMA1_KCNMB1	IU_PDA_T6	SCN9A	-2.9238829263791932
KCNMA1_KCNMB1	IU_PDA_T6	ABCC8	-2.939648000525018
KCNMA1_KCNMB1	IU_PDA_T6	TNFSF14	-2.9504501599326387
KCNMA1_KCNMB1	IU_PDA_T6	IGHJ6	-3.431600946803288
KCNMA1_KCNMB1	IU_PDA_T6	IGHA1	-3.449557373124579
KCNMA1_KCNMB1	IU_PDA_T6	EPCAM	-3.6658596259227147
KCNMA1_KCNMB1	IU_PDA_T6	TFF1	-3.70626658590228
KCNMA1_KCNMB1	IU_PDA_T6	CHGB	-3.745049242040191
KCNMA1_KCNMB1	IU_PDA_T6	CXCL8	-3.7939907975817397
KCNMA1_KCNMB1	IU_PDA_T6	SPINT2	-3.96467970447532
KCNMA1_KCNMB1	IU_PDA_T6	TTR	-3.98952018843328
KCNMA1_KCNMB1	IU_PDA_T6	C7	-4.126465801100911
KCNMA1_KCNMB1	IU_PDA_T6	IFI44L	-4.248833934000383
KCNMA1_KCNMB1	IU_PDA_T6	CXCL11	-4.26529159881173
KCNMA1_KCNMB1	IU_PDA_T6	RBPJL	-4.294103904121336
KCNMA1_KCNMB1	IU_PDA_T6	KLK1	-4.324226655581619
KCNMA1_KCNMB1	IU_PDA_T6	ITGB4	-4.360529596412483
KCNMA1_KCNMB1	IU_PDA_T6	MAL2	-4.366183285831574
KCNMA1_KCNMB1	IU_PDA_T6	GPX2	-4.446525407089344
KCNMA1_KCNMB1	IU_PDA_T6	C3	-4.531343839382286
KCNMA1_KCNMB1	IU_PDA_T6	PDIA2	-4.555130726965726
KCNMA1_KCNMB1	IU_PDA_T6	TMEM63A	-4.621066957875368
KCNMA1_KCNMB1	IU_PDA_T6	FAM83H	-4.694300666325731
KCNMA1_KCNMB1	IU_PDA_T6	AZGP1	-4.787364471339481
KCNMA1_KCNMB1	IU_PDA_T6	BHLHA15	-4.838768215836368
KCNMA1_KCNMB1	IU_PDA_T6	CUZD1	-4.849584492613111
KCNMA1_KCNMB1	IU_PDA_T6	CTSE	-4.882580058809738
KCNMA1_KCNMB1	IU_PDA_T6	PSCA	-4.89292425322854
KCNMA1_KCNMB1	IU_PDA_T6	KCNJ15	-4.917185657552278
KCNMA1_KCNMB1	IU_PDA_T6	SERPINI2	-4.925025391918474
KCNMA1_KCNMB1	IU_PDA_T6	LSR	-4.945247265508357
KCNMA1_KCNMB1	IU_PDA_T6	MT1G	-4.945665818313843
KCNMA1_KCNMB1	IU_PDA_T6	TRPV6	-4.9638897219261855
KCNMA1_KCNMB1	IU_PDA_T6	SMAD3	-5.023813813875292
KCNMA1_KCNMB1	IU_PDA_T6	MUC6	-5.165063364882829
KCNMA1_KCNMB1	IU_PDA_T6	TMC5	-5.167047680235673
KCNMA1_KCNMB1	IU_PDA_T6	ACSM3	-5.182783559582244
KCNMA1_KCNMB1	IU_PDA_T6	FXYD2	-5.254973009017822
KCNMA1_KCNMB1	IU_PDA_T6	GPRC5A	-5.292686882592903
KCNMA1_KCNMB1	IU_PDA_T6	AMBP	-5.293675131365749
KCNMA1_KCNMB1	IU_PDA_T6	TMPRSS4	-5.331854366699707
KCNMA1_KCNMB1	IU_PDA_T6	SERPINB2	-5.37277192912201
KCNMA1_KCNMB1	IU_PDA_T6	CTRL	-5.514242738749319
KCNMA1_KCNMB1	IU_PDA_T6	PNLIPRP1	-5.533904133138362
KCNMA1_KCNMB1	IU_PDA_T6	KCNJ16	-5.539883476282574
KCNMA1_KCNMB1	IU_PDA_T6	NR5A2	-5.540326327269594
KCNMA1_KCNMB1	IU_PDA_T6	CLPS	-5.587453586863192
KCNMA1_KCNMB1	IU_PDA_T6	PIGR	-5.61844777983015
KCNMA1_KCNMB1	IU_PDA_T6	DDR1	-5.705290083567668
KCNMA1_KCNMB1	IU_PDA_T6	CYP3A5	-5.743862327963677
KCNMA1_KCNMB1	IU_PDA_T6	ADGRF1	-5.7459642740140024
KCNMA1_KCNMB1	IU_PDA_T6	ANXA3	-5.792505280504378
KCNMA1_KCNMB1	IU_PDA_T6	RHPN1	-5.798517315119165
KCNMA1_KCNMB1	IU_PDA_T6	SYCN	-5.842011734154614
KCNMA1_KCNMB1	IU_PDA_T6	PALM3	-5.855976833913687
KCNMA1_KCNMB1	IU_PDA_T6	MYH14	-5.906966167522099
KCNMA1_KCNMB1	IU_PDA_T6	LTF	-5.91841308870594
KCNMA1_KCNMB1	IU_PDA_T6	CGN	-5.9580832386129865
KCNMA1_KCNMB1	IU_PDA_T6	PNLIP	-5.9679688578109475
KCNMA1_KCNMB1	IU_PDA_T6	PLA2G1B	-5.992418032918111
KCNMA1_KCNMB1	IU_PDA_T6	ARHGAP8	-6.004915359733425
KCNMA1_KCNMB1	IU_PDA_T6	NQO1	-6.063249804798675
KCNMA1_KCNMB1	IU_PDA_T6	APOD	-6.093367648875071
KCNMA1_KCNMB1	IU_PDA_T6	SCTR	-6.098251878557762
KCNMA1_KCNMB1	IU_PDA_T6	PDZK1IP1	-6.108204207898842
KCNMA1_KCNMB1	IU_PDA_T6	JAG1	-6.125100876774341
KCNMA1_KCNMB1	IU_PDA_T6	SFRP5	-6.146342362754445
KCNMA1_KCNMB1	IU_PDA_T6	PTGS2	-6.2280845502098705
KCNMA1_KCNMB1	IU_PDA_T6	ELF3	-6.232282521320295
KCNMA1_KCNMB1	IU_PDA_T6	F2RL2	-6.238408835809644
KCNMA1_KCNMB1	IU_PDA_T6	TMEM184A	-6.243930106636774
KCNMA1_KCNMB1	IU_PDA_T6	AC007906.2	-6.277868095801825
KCNMA1_KCNMB1	IU_PDA_T6	GP2	-6.363890277983508
KCNMA1_KCNMB1	IU_PDA_T6	PRR15L	-6.435900375263863
KCNMA1_KCNMB1	IU_PDA_T6	PLAAT3	-6.445479469448497
KCNMA1_KCNMB1	IU_PDA_T6	TFPI2	-6.503763573941111
KCNMA1_KCNMB1	IU_PDA_T6	EPB41L4B	-6.5067190695176595
KCNMA1_KCNMB1	IU_PDA_T6	PRSS1	-6.507269829834738
KCNMA1_KCNMB1	IU_PDA_T6	CLU	-6.612864290245549
KCNMA1_KCNMB1	IU_PDA_T6	CPB1	-6.6408297398591065
KCNMA1_KCNMB1	IU_PDA_T6	ITGA3	-6.678782768248759
KCNMA1_KCNMB1	IU_PDA_T6	SLC34A2	-6.684890701669958
KCNMA1_KCNMB1	IU_PDA_T6	GALNT3	-6.6961444527050755
KCNMA1_KCNMB1	IU_PDA_T6	SERPINA5	-6.708934521019889
KCNMA1_KCNMB1	IU_PDA_T6	MUC13	-6.750786276313257
KCNMA1_KCNMB1	IU_PDA_T6	DEFB1	-6.773187382955912
KCNMA1_KCNMB1	IU_PDA_T6	CTRC	-6.797493276846515
KCNMA1_KCNMB1	IU_PDA_T6	TSPAN8	-6.814625299611107
KCNMA1_KCNMB1	IU_PDA_T6	LLGL2	-6.823715291514392
KCNMA1_KCNMB1	IU_PDA_T6	ZNF552	-6.914927778245264
KCNMA1_KCNMB1	IU_PDA_T6	GATM	-6.950587964532955
KCNMA1_KCNMB1	IU_PDA_T6	CRCT1	-6.957542877590248
KCNMA1_KCNMB1	IU_PDA_T6	REG1B	-6.98498799755281
KCNMA1_KCNMB1	IU_PDA_T6	TACSTD2	-6.986015131786922
KCNMA1_KCNMB1	IU_PDA_T6	CXCL5	-7.001262314032274
KCNMA1_KCNMB1	IU_PDA_T6	INS	-7.01199370042619
KCNMA1_KCNMB1	IU_PDA_T6	CPA1	-7.013951263281871
KCNMA1_KCNMB1	IU_PDA_T6	PLCH2	-7.016856673177844
KCNMA1_KCNMB1	IU_PDA_T6	HMGA1	-7.029624920231537
KCNMA1_KCNMB1	IU_PDA_T6	LCN2	-7.043639625891967
KCNMA1_KCNMB1	IU_PDA_T6	FAM3B	-7.0442178718906385
KCNMA1_KCNMB1	IU_PDA_T6	TSPAN1	-7.050998554584381
KCNMA1_KCNMB1	IU_PDA_T6	MLPH	-7.052363973201507
KCNMA1_KCNMB1	IU_PDA_T6	TSPAN13	-7.132814727945492
KCNMA1_KCNMB1	IU_PDA_T6	MPZL2	-7.140568480640183
KCNMA1_KCNMB1	IU_PDA_T6	PCDH1	-7.141335327293272
KCNMA1_KCNMB1	IU_PDA_T6	SYT8	-7.149912807532584
KCNMA1_KCNMB1	IU_PDA_T6	SULT1C2	-7.16139459733251
KCNMA1_KCNMB1	IU_PDA_T6	CTRB1	-7.1786874021302856
KCNMA1_KCNMB1	IU_PDA_T6	CTRB2	-7.188317345788301
KCNMA1_KCNMB1	IU_PDA_T6	CPA2	-7.192354865276484
KCNMA1_KCNMB1	IU_PDA_T6	ICA1	-7.255948750713159
KCNMA1_KCNMB1	IU_PDA_T6	MYRF	-7.283085686794948
KCNMA1_KCNMB1	IU_PDA_T6	NEURL3	-7.296631440058538
KCNMA1_KCNMB1	IU_PDA_T6	SOX9	-7.3190928567415785
KCNMA1_KCNMB1	IU_PDA_T6	CEL	-7.354838682223212
KCNMA1_KCNMB1	IU_PDA_T6	MORN1	-7.365274600425208
KCNMA1_KCNMB1	IU_PDA_T6	INPP4B	-7.369411041906129
KCNMA1_KCNMB1	IU_PDA_T6	FGA	-7.377159612594937
KCNMA1_KCNMB1	IU_PDA_T6	TMC4	-7.377643585188518
KCNMA1_KCNMB1	IU_PDA_T6	ONECUT1	-7.410019508029044
KCNMA1_KCNMB1	IU_PDA_T6	SPINT1	-7.4860332127486044
KCNMA1_KCNMB1	IU_PDA_T6	B4GALNT3	-7.528903977052447
KCNMA1_KCNMB1	IU_PDA_T6	CELA3A	-7.538591924515017
KCNMA1_KCNMB1	IU_PDA_T6	C1orf116	-7.558619895325306
KCNMA1_KCNMB1	IU_PDA_T6	CST1	-7.5735340752569185
KCNMA1_KCNMB1	IU_PDA_T6	EVPL	-7.599420181213764
KCNMA1_KCNMB1	IU_PDA_T6	SLC4A4	-7.681854306218749
KCNMA1_KCNMB1	IU_PDA_T6	CLDN1	-7.688499710233643
KCNMA1_KCNMB1	IU_PDA_T6	PLAAT4	-7.71555105824508
KCNMA1_KCNMB1	IU_PDA_T6	KIF12	-7.7503110303935
KCNMA1_KCNMB1	IU_PDA_T6	ABCC3	-7.763919116808486
KCNMA1_KCNMB1	IU_PDA_T6	PDZK1	-7.785908567492697
KCNMA1_KCNMB1	IU_PDA_T6	ANXA9	-7.83782622943815
KCNMA1_KCNMB1	IU_PDA_T6	SERPINA3	-7.850888511273316
KCNMA1_KCNMB1	IU_PDA_T6	IL2RG	-7.851728744419669
KCNMA1_KCNMB1	IU_PDA_T6	BCAM	-7.852312832991268
KCNMA1_KCNMB1	IU_PDA_T6	FGG	-7.867311277428949
KCNMA1_KCNMB1	IU_PDA_T6	KCNK1	-7.874539627994405
KCNMA1_KCNMB1	IU_PDA_T6	TRNP1	-7.910480294513116
KCNMA1_KCNMB1	IU_PDA_T6	KRT13	-7.9538716008001344
KCNMA1_KCNMB1	IU_PDA_T6	CA2	-8.047992673926226
KCNMA1_KCNMB1	IU_PDA_T6	DKK1	-8.081261619003273
KCNMA1_KCNMB1	IU_PDA_T6	TMEM238	-8.097177990552348
KCNMA1_KCNMB1	IU_PDA_T6	COLEC11	-8.111641845525506
KCNMA1_KCNMB1	IU_PDA_T6	RNF207	-8.117622148769298
KCNMA1_KCNMB1	IU_PDA_T6	CFTR	-8.124205808871059
KCNMA1_KCNMB1	IU_PDA_T6	CDH1	-8.13088446579039
KCNMA1_KCNMB1	IU_PDA_T6	CBLC	-8.155178572965717
KCNMA1_KCNMB1	IU_PDA_T6	INAVA	-8.166609150942378
KCNMA1_KCNMB1	IU_PDA_T6	NAPRT	-8.224665472715378
KCNMA1_KCNMB1	IU_PDA_T6	SDC4	-8.255475363422624
KCNMA1_KCNMB1	IU_PDA_T6	ALS2CL	-8.301810657488945
KCNMA1_KCNMB1	IU_PDA_T6	BIRC3	-8.308028723155038
KCNMA1_KCNMB1	IU_PDA_T6	ESRP1	-8.32665490527905
KCNMA1_KCNMB1	IU_PDA_T6	CFB	-8.33613420760347
KCNMA1_KCNMB1	IU_PDA_T6	GCG	-8.336752385764852
KCNMA1_KCNMB1	IU_PDA_T6	TM4SF4	-8.357456018967149
KCNMA1_KCNMB1	IU_PDA_T6	MMP28	-8.363901523857
KCNMA1_KCNMB1	IU_PDA_T6	PRXL2B	-8.38992644673172
KCNMA1_KCNMB1	IU_PDA_T6	NMUR2	-8.469311453756994
KCNMA1_KCNMB1	IU_PDA_T6	REG1A	-8.469768086558526
KCNMA1_KCNMB1	IU_PDA_T6	KRT7	-8.47513746424549
KCNMA1_KCNMB1	IU_PDA_T6	SLC37A1	-8.493448370232745
KCNMA1_KCNMB1	IU_PDA_T6	ITGB8	-8.678700578820896
KCNMA1_KCNMB1	IU_PDA_T6	AGT	-8.693962311251484
KCNMA1_KCNMB1	IU_PDA_T6	AGR2	-8.77546654176896
KCNMA1_KCNMB1	IU_PDA_T6	SCNN1A	-8.786552995589997
KCNMA1_KCNMB1	IU_PDA_T6	AKAP7	-8.796611265573477
KCNMA1_KCNMB1	IU_PDA_T6	XKR9	-8.796879998753399
KCNMA1_KCNMB1	IU_PDA_T6	REG4	-8.800606280699967
KCNMA1_KCNMB1	IU_PDA_T6	GPRC5B	-8.848905216096812
KCNMA1_KCNMB1	IU_PDA_T6	KIAA1522	-9.06299069818217
KCNMA1_KCNMB1	IU_PDA_T6	PKHD1	-9.069053443766114
KCNMA1_KCNMB1	IU_PDA_T6	LAMA5	-9.07645088536081
KCNMA1_KCNMB1	IU_PDA_T6	PHACTR3	-9.085942192450576
KCNMA1_KCNMB1	IU_PDA_T6	TFF2	-9.109181396575199
KCNMA1_KCNMB1	IU_PDA_T6	UNC5CL	-9.136348480540175
KCNMA1_KCNMB1	IU_PDA_T6	NBEAL2	-9.267076216685654
KCNMA1_KCNMB1	IU_PDA_T6	AQP3	-9.286661615328232
KCNMA1_KCNMB1	IU_PDA_T6	SLC37A4	-9.31295646601718
KCNMA1_KCNMB1	IU_PDA_T6	SNCG	-9.314174207826891
KCNMA1_KCNMB1	IU_PDA_T6	CITED4	-9.34645059479119
KCNMA1_KCNMB1	IU_PDA_T6	C6orf141	-9.348858630546845
KCNMA1_KCNMB1	IU_PDA_T6	ITGB6	-9.377440538305331
KCNMA1_KCNMB1	IU_PDA_T6	TC2N	-9.426527123546627
KCNMA1_KCNMB1	IU_PDA_T6	ACHE	-9.58297169684981
KCNMA1_KCNMB1	IU_PDA_T6	SLPI	-9.598430509963025
KCNMA1_KCNMB1	IU_PDA_T6	UBD	-9.667584545594696
KCNMA1_KCNMB1	IU_PDA_T6	VILL	-9.758845392944654
KCNMA1_KCNMB1	IU_PDA_T6	ONECUT2	-9.789729374504999
KCNMA1_KCNMB1	IU_PDA_T6	ERICH5	-9.8934583587384
KCNMA1_KCNMB1	IU_PDA_T6	DHRS3	-9.90144947558141
KCNMA1_KCNMB1	IU_PDA_T6	MUC3A	-9.911757216790718
KCNMA1_KCNMB1	IU_PDA_T6	CLDN7	-10.041628232650437
KCNMA1_KCNMB1	IU_PDA_T6	CRP	-10.135430343872997
KCNMA1_KCNMB4	IU_PDA_T6	SFRP4	10.987735460652367
KCNMA1_KCNMB4	IU_PDA_T6	ACTG2	10.835511554661135
KCNMA1_KCNMB4	IU_PDA_T6	COLEC12	9.960119764347596
KCNMA1_KCNMB4	IU_PDA_T6	PTGIS	9.886268957073051
KCNMA1_KCNMB4	IU_PDA_T6	FOSB	9.885914185691309
KCNMA1_KCNMB4	IU_PDA_T6	FGF7	9.793756763699244
KCNMA1_KCNMB4	IU_PDA_T6	GAS6	9.784344140727084
KCNMA1_KCNMB4	IU_PDA_T6	FNDC1	9.754654747133875
KCNMA1_KCNMB4	IU_PDA_T6	CCDC80	9.630602414205306
KCNMA1_KCNMB4	IU_PDA_T6	C1QTNF3	9.591154485592293
KCNMA1_KCNMB4	IU_PDA_T6	MFAP5	9.519667676338175
KCNMA1_KCNMB4	IU_PDA_T6	FIBIN	9.387468436685259
KCNMA1_KCNMB4	IU_PDA_T6	EGR1	9.387371213482794
KCNMA1_KCNMB4	IU_PDA_T6	DPT	9.365557661896373
KCNMA1_KCNMB4	IU_PDA_T6	RGS16	9.3400230167051
KCNMA1_KCNMB4	IU_PDA_T6	ADAM12	9.295284767169091
KCNMA1_KCNMB4	IU_PDA_T6	ST6GALNAC5	9.072323014615344
KCNMA1_KCNMB4	IU_PDA_T6	LIMS2	9.052273621868498
KCNMA1_KCNMB4	IU_PDA_T6	COL8A2	8.995294324634802
KCNMA1_KCNMB4	IU_PDA_T6	LRRC15	8.97329481931692
KCNMA1_KCNMB4	IU_PDA_T6	MYH10	8.972819456895332
KCNMA1_KCNMB4	IU_PDA_T6	GXYLT2	8.953385222056927
KCNMA1_KCNMB4	IU_PDA_T6	C1QB	8.946023886425417
KCNMA1_KCNMB4	IU_PDA_T6	KCNMA1_KCNMB1	8.892908760107005
KCNMA1_KCNMB4	IU_PDA_T6	ITGA11	8.886983083122837
KCNMA1_KCNMB4	IU_PDA_T6	ELL2	8.885750016934491
KCNMA1_KCNMB4	IU_PDA_T6	HTRA1	8.819363583072079
KCNMA1_KCNMB4	IU_PDA_T6	ALDH1B1	8.769152985240973
KCNMA1_KCNMB4	IU_PDA_T6	HAS1	8.762114589831135
KCNMA1_KCNMB4	IU_PDA_T6	SMOC2	8.756812236352316
KCNMA1_KCNMB4	IU_PDA_T6	CTSK	8.717294590797868
KCNMA1_KCNMB4	IU_PDA_T6	CNN3	8.682854052012503
KCNMA1_KCNMB4	IU_PDA_T6	DUSP1	8.634543410885197
KCNMA1_KCNMB4	IU_PDA_T6	GASK1B	8.630060067238366
KCNMA1_KCNMB4	IU_PDA_T6	MYLK	8.584159307489593
KCNMA1_KCNMB4	IU_PDA_T6	PRDM1	8.572686641495961
KCNMA1_KCNMB4	IU_PDA_T6	MMP9	8.555654467501306
KCNMA1_KCNMB4	IU_PDA_T6	CEMIP	8.52851791123768
KCNMA1_KCNMB4	IU_PDA_T6	NR4A3	8.457132301734651
KCNMA1_KCNMB4	IU_PDA_T6	CNN1	8.454637565815059
KCNMA1_KCNMB4	IU_PDA_T6	PRSS23	8.413412768374604
KCNMA1_KCNMB4	IU_PDA_T6	CLIC4	8.38181888233446
KCNMA1_KCNMB4	IU_PDA_T6	SH3PXD2A	8.374634995638367
KCNMA1_KCNMB4	IU_PDA_T6	SGK1	8.339412458211411
KCNMA1_KCNMB4	IU_PDA_T6	DES	8.33692641378262
KCNMA1_KCNMB4	IU_PDA_T6	CD200	8.32757138121215
KCNMA1_KCNMB4	IU_PDA_T6	KCNMA1	8.320080435876218
KCNMA1_KCNMB4	IU_PDA_T6	COL8A1	8.302373040833473
KCNMA1_KCNMB4	IU_PDA_T6	ITPRIP	8.290041996121586
KCNMA1_KCNMB4	IU_PDA_T6	NKD2	8.289676729696305
KCNMA1_KCNMB4	IU_PDA_T6	WNT2	8.286335664925614
KCNMA1_KCNMB4	IU_PDA_T6	RASGRF2	8.27075909751831
KCNMA1_KCNMB4	IU_PDA_T6	SLC2A3	8.244039208507678
KCNMA1_KCNMB4	IU_PDA_T6	DPYSL3	8.23874427141656
KCNMA1_KCNMB4	IU_PDA_T6	FBLN1	8.193735952890979
KCNMA1_KCNMB4	IU_PDA_T6	BCAT1	8.181547389528765
KCNMA1_KCNMB4	IU_PDA_T6	ISM1	8.180988740632573
KCNMA1_KCNMB4	IU_PDA_T6	ID4	8.174453350442972
KCNMA1_KCNMB4	IU_PDA_T6	NR4A1	8.153239435301154
KCNMA1_KCNMB4	IU_PDA_T6	SERPINF1	8.144823428499402
KCNMA1_KCNMB4	IU_PDA_T6	GJB2	8.107467040094608
KCNMA1_KCNMB4	IU_PDA_T6	CXCL12	8.08703986346904
KCNMA1_KCNMB4	IU_PDA_T6	VGLL3	8.081225666704706
KCNMA1_KCNMB4	IU_PDA_T6	COL11A1	8.08120610024905
KCNMA1_KCNMB4	IU_PDA_T6	PLAU	7.983900032805499
KCNMA1_KCNMB4	IU_PDA_T6	LMCD1	7.962931383043578
KCNMA1_KCNMB4	IU_PDA_T6	VCAN	7.925437682505838
KCNMA1_KCNMB4	IU_PDA_T6	TSC22D1	7.893817504855226
KCNMA1_KCNMB4	IU_PDA_T6	RAB31	7.831423321068881
KCNMA1_KCNMB4	IU_PDA_T6	HOPX	7.820915104809792
KCNMA1_KCNMB4	IU_PDA_T6	GFPT2	7.77962117424999
KCNMA1_KCNMB4	IU_PDA_T6	GALNT15	7.763807047458721
KCNMA1_KCNMB4	IU_PDA_T6	CXCL14	7.759083399674819
KCNMA1_KCNMB4	IU_PDA_T6	PDLIM3	7.723340131425908
KCNMA1_KCNMB4	IU_PDA_T6	KLF9	7.701171795841301
KCNMA1_KCNMB4	IU_PDA_T6	MAF	7.673846827186727
KCNMA1_KCNMB4	IU_PDA_T6	C5orf46	7.660352558278477
KCNMA1_KCNMB4	IU_PDA_T6	GABARAPL1	7.646939226214078
KCNMA1_KCNMB4	IU_PDA_T6	GAS1	7.605399981116951
KCNMA1_KCNMB4	IU_PDA_T6	PXDN	7.558560862508854
KCNMA1_KCNMB4	IU_PDA_T6	ISLR	7.519923169538006
KCNMA1_KCNMB4	IU_PDA_T6	RARRES2	7.440794371332023
KCNMA1_KCNMB4	IU_PDA_T6	ADAM19	7.439686581759299
KCNMA1_KCNMB4	IU_PDA_T6	HLA-DPA1	7.427239485470688
KCNMA1_KCNMB4	IU_PDA_T6	EMILIN1	7.425934750683724
KCNMA1_KCNMB4	IU_PDA_T6	KLK6	7.411998553973314
KCNMA1_KCNMB4	IU_PDA_T6	NNMT	7.400705164354672
KCNMA1_KCNMB4	IU_PDA_T6	C11orf96	7.299581227607863
KCNMA1_KCNMB4	IU_PDA_T6	COL12A1	7.211542416831952
KCNMA1_KCNMB4	IU_PDA_T6	PODNL1	7.206973050222521
KCNMA1_KCNMB4	IU_PDA_T6	PLPP4	7.139022322384076
KCNMA1_KCNMB4	IU_PDA_T6	PCOLCE	7.131818417065274
KCNMA1_KCNMB4	IU_PDA_T6	NUPR1	7.1260643004664574
KCNMA1_KCNMB4	IU_PDA_T6	EGR2	7.104672669573292
KCNMA1_KCNMB4	IU_PDA_T6	CDH11	7.090211655852013
KCNMA1_KCNMB4	IU_PDA_T6	NR4A2	7.079513464284415
KCNMA1_KCNMB4	IU_PDA_T6	SH3BP5	7.07291548960991
KCNMA1_KCNMB4	IU_PDA_T6	PDPN	7.036482919696183
KCNMA1_KCNMB4	IU_PDA_T6	TMEM158	6.99521320900187
KCNMA1_KCNMB4	IU_PDA_T6	OLFML2B	6.989180123933642
KCNMA1_KCNMB4	IU_PDA_T6	ANTXR1	6.973888694445758
KCNMA1_KCNMB4	IU_PDA_T6	CTHRC1	6.943322550352405
KCNMA1_KCNMB4	IU_PDA_T6	ANGPTL2	6.935253765504149
KCNMA1_KCNMB4	IU_PDA_T6	COL10A1	6.889019469862291
KCNMA1_KCNMB4	IU_PDA_T6	LOX	6.824568707650998
KCNMA1_KCNMB4	IU_PDA_T6	HLA-DRA	6.791195987822605
KCNMA1_KCNMB4	IU_PDA_T6	C1QC	6.778043824644648
KCNMA1_KCNMB4	IU_PDA_T6	CCDC71L	6.759573068549491
KCNMA1_KCNMB4	IU_PDA_T6	STC1	6.651151673452442
KCNMA1_KCNMB4	IU_PDA_T6	LRP1	6.6311773100430225
KCNMA1_KCNMB4	IU_PDA_T6	SELENOM	6.547482032910955
KCNMA1_KCNMB4	IU_PDA_T6	HLA-DPB1	6.526693758835383
KCNMA1_KCNMB4	IU_PDA_T6	ITGA5	6.494685043356685
KCNMA1_KCNMB4	IU_PDA_T6	MRC2	6.403705418476644
KCNMA1_KCNMB4	IU_PDA_T6	MUC5B	6.249390874869564
KCNMA1_KCNMB4	IU_PDA_T6	FAM20A	6.210839982363492
KCNMA1_KCNMB4	IU_PDA_T6	ADAMTS4	6.195725460336463
KCNMA1_KCNMB4	IU_PDA_T6	KLK7	6.169789784267587
KCNMA1_KCNMB4	IU_PDA_T6	PRELP	6.159437866797698
KCNMA1_KCNMB4	IU_PDA_T6	VWF	6.099081170967003
KCNMA1_KCNMB4	IU_PDA_T6	ELN	6.098160873662292
KCNMA1_KCNMB4	IU_PDA_T6	FBLN2	6.080465800458176
KCNMA1_KCNMB4	IU_PDA_T6	THBS1	6.005061612597516
KCNMA1_KCNMB4	IU_PDA_T6	ADAMTS5	5.969852782872258
KCNMA1_KCNMB4	IU_PDA_T6	LOXL2	5.787431603864452
KCNMA1_KCNMB4	IU_PDA_T6	SGCA	5.541082494652437
KCNMA1_KCNMB4	IU_PDA_T6	IGFBP3	5.510660506116905
KCNMA1_KCNMB4	IU_PDA_T6	CCL11	5.487427055262451
KCNMA1_KCNMB4	IU_PDA_T6	CD93	5.470731955598071
KCNMA1_KCNMB4	IU_PDA_T6	KCNMB1	5.422181848480895
KCNMA1_KCNMB4	IU_PDA_T6	TAGLN	5.293613613039081
KCNMA1_KCNMB4	IU_PDA_T6	KCNJ8	5.2379307778065884
KCNMA1_KCNMB4	IU_PDA_T6	MMP11	5.164932242205713
KCNMA1_KCNMB4	IU_PDA_T6	HLA-DMA	5.151253182652247
KCNMA1_KCNMB4	IU_PDA_T6	COL5A2	5.0182994743897416
KCNMA1_KCNMB4	IU_PDA_T6	IL6	4.887734761096961
KCNMA1_KCNMB4	IU_PDA_T6	SERPINE1	4.846946383835531
KCNMA1_KCNMB4	IU_PDA_T6	MMP2	4.837159772013437
KCNMA1_KCNMB4	IU_PDA_T6	GREM1	4.827286726181078
KCNMA1_KCNMB4	IU_PDA_T6	KCNE4	4.788391864984028
KCNMA1_KCNMB4	IU_PDA_T6	TGFBI	4.683471215767321
KCNMA1_KCNMB4	IU_PDA_T6	PECAM1	4.613016182528181
KCNMA1_KCNMB4	IU_PDA_T6	PTGS1	4.580183307367616
KCNMA1_KCNMB4	IU_PDA_T6	SRGN	4.383977559090262
KCNMA1_KCNMB4	IU_PDA_T6	CCN1	4.383891778904042
KCNMA1_KCNMB4	IU_PDA_T6	APLN	4.379264998146722
KCNMA1_KCNMB4	IU_PDA_T6	ALPL	4.302956622948542
KCNMA1_KCNMB4	IU_PDA_T6	TYROBP	4.255003285365697
KCNMA1_KCNMB4	IU_PDA_T6	LAPTM5	4.22265936142239
KCNMA1_KCNMB4	IU_PDA_T6	OLR1	4.1970317669155195
KCNMA1_KCNMB4	IU_PDA_T6	ADAMTS1	4.193777020631104
KCNMA1_KCNMB4	IU_PDA_T6	HSPA1A	4.141713791950392
KCNMA1_KCNMB4	IU_PDA_T6	TNC	4.131424091370701
KCNMA1_KCNMB4	IU_PDA_T6	MT2A	4.091613477860119
KCNMA1_KCNMB4	IU_PDA_T6	APOC1	3.9529387410239165
KCNMA1_KCNMB4	IU_PDA_T6	CD55	3.930595193368021
KCNMA1_KCNMB4	IU_PDA_T6	SDS	3.913550039482595
KCNMA1_KCNMB4	IU_PDA_T6	MS4A7	3.8870743758598683
KCNMA1_KCNMB4	IU_PDA_T6	CCL18	3.763127009113188
KCNMA1_KCNMB4	IU_PDA_T6	TFF3	3.259123962898899
KCNMA1_KCNMB4	IU_PDA_T6	MUC16	3.251508021952752
KCNMA1_KCNMB4	IU_PDA_T6	RNASE1	3.23253667926221
KCNMA1_KCNMB4	IU_PDA_T6	EPAS1	3.188956359411182
KCNMA1_KCNMB4	IU_PDA_T6	PLIN2	3.170034919019502
KCNMA1_KCNMB4	IU_PDA_T6	IGHG2	2.932797382614459
KCNMA1_KCNMB4	IU_PDA_T6	MMP3	2.916800110146321
KCNMA1_KCNMB4	IU_PDA_T6	KCND2	2.720699724395701
KCNMA1_KCNMB4	IU_PDA_T6	IL7R	2.690984017038628
KCNMA1_KCNMB4	IU_PDA_T6	TREM1	2.67089668442596
KCNMA1_KCNMB4	IU_PDA_T6	KCNN3	2.5205541238320293
KCNMA1_KCNMB4	IU_PDA_T6	OLFM4	2.489240821160281
KCNMA1_KCNMB4	IU_PDA_T6	SLC11A1	2.4496944812685992
KCNMA1_KCNMB4	IU_PDA_T6	KCNMB4	2.3610907345596877
KCNMA1_KCNMB4	IU_PDA_T6	CCL19	2.333012146729486
KCNMA1_KCNMB4	IU_PDA_T6	G0S2	2.274467546985198
KCNMA1_KCNMB4	IU_PDA_T6	CCL2	2.244631954394298
KCNMA1_KCNMB4	IU_PDA_T6	EGLN3	2.140252629145097
KCNMA1_KCNMB4	IU_PDA_T6	IGHG1	2.124060368320177
KCNMA1_KCNMB4	IU_PDA_T6	ADM	1.6957943075792694
KCNMA1_KCNMB4	IU_PDA_T6	APOE	1.6567889658547397
KCNMA1_KCNMB4	IU_PDA_T6	IGLC1	1.6343150950116376
KCNMA1_KCNMB4	IU_PDA_T6	IL11	1.4898280526462218
KCNMA1_KCNMB4	IU_PDA_T6	DMBT1	1.3011076307195018
KCNMA1_KCNMB4	IU_PDA_T6	KCNK17	1.148128547947981
KCNMA1_KCNMB4	IU_PDA_T6	KCNAB2	1.144761700440153
KCNMA1_KCNMB4	IU_PDA_T6	PLAUR	1.0600497254665546
KCNMA1_KCNMB4	IU_PDA_T6	S100A8	0.9068035474969914
KCNMA1_KCNMB4	IU_PDA_T6	KCNAB1	0.8104508408857651
KCNMA1_KCNMB4	IU_PDA_T6	MARCO	0.7130559792836714
KCNMA1_KCNMB4	IU_PDA_T6	PLVAP	0.7057514119425367
KCNMA1_KCNMB4	IU_PDA_T6	CRABP2	0.5209365825061646
KCNMA1_KCNMB4	IU_PDA_T6	CCL21	0.31089393314794717
KCNMA1_KCNMB4	IU_PDA_T6	KCNT2	0.22042907225895453
KCNMA1_KCNMB4	IU_PDA_T6	IL24	0.12723458255880185
KCNMA1_KCNMB4	IU_PDA_T6	IGKC	0.06548863285598375
KCNMA1_KCNMB4	IU_PDA_T6	PI15	0.06543234285796988
KCNMA1_KCNMB4	IU_PDA_T6	KCNK6	-0.01619105188808922
KCNMA1_KCNMB4	IU_PDA_T6	S100A9	-0.22296167245043041
KCNMA1_KCNMB4	IU_PDA_T6	IGHG3	-0.25674377676129045
KCNMA1_KCNMB4	IU_PDA_T6	CSF3	-0.7454125322448335
KCNMA1_KCNMB4	IU_PDA_T6	CHI3L1	-0.8372699681669838
KCNMA1_KCNMB4	IU_PDA_T6	KCNQ4	-0.9843683924336722
KCNMA1_KCNMB4	IU_PDA_T6	KCND3	-1.006179427157116
KCNMA1_KCNMB4	IU_PDA_T6	IL1B	-1.2113082715803722
KCNMA1_KCNMB4	IU_PDA_T6	KCNC4	-1.2366603995106675
KCNMA1_KCNMB4	IU_PDA_T6	C3	-1.24684113492377
KCNMA1_KCNMB4	IU_PDA_T6	MAPK15	-1.334902935325569
KCNMA1_KCNMB4	IU_PDA_T6	ANGPTL4	-1.406174828418734
KCNMA1_KCNMB4	IU_PDA_T6	SPINK1	-1.6355568839518078
KCNMA1_KCNMB4	IU_PDA_T6	KRT18	-1.6378600887380341
KCNMA1_KCNMB4	IU_PDA_T6	KCNK15	-1.6576623566066566
KCNMA1_KCNMB4	IU_PDA_T6	ANPEP	-1.9781993761266725
KCNMA1_KCNMB4	IU_PDA_T6	ISG15	-2.0065667405985512
KCNMA1_KCNMB4	IU_PDA_T6	TNFSF14	-2.0577385800013923
KCNMA1_KCNMB4	IU_PDA_T6	KCNS3	-2.10632325750494
KCNMA1_KCNMB4	IU_PDA_T6	TM4SF1	-2.127864537380225
KCNMA1_KCNMB4	IU_PDA_T6	SCN9A	-2.186600036382703
KCNMA1_KCNMB4	IU_PDA_T6	IGHM	-2.3036549927931187
KCNMA1_KCNMB4	IU_PDA_T6	MMP7	-2.4086582175673046
KCNMA1_KCNMB4	IU_PDA_T6	IGKV4-1	-2.5022856336127752
KCNMA1_KCNMB4	IU_PDA_T6	KCNN4	-2.551296548623141
KCNMA1_KCNMB4	IU_PDA_T6	MT1G	-2.6154288958429204
KCNMA1_KCNMB4	IU_PDA_T6	TFF1	-2.616700156097908
KCNMA1_KCNMB4	IU_PDA_T6	IGHA1	-2.630228006120334
KCNMA1_KCNMB4	IU_PDA_T6	C19orf33	-2.641691853037018
KCNMA1_KCNMB4	IU_PDA_T6	COL7A1	-2.646741507162833
KCNMA1_KCNMB4	IU_PDA_T6	KCNK3	-2.7568364219984307
KCNMA1_KCNMB4	IU_PDA_T6	AQP1	-2.830910200594648
KCNMA1_KCNMB4	IU_PDA_T6	IGHJ6	-2.9583562017930967
KCNMA1_KCNMB4	IU_PDA_T6	BHLHA15	-3.0112309512400732
KCNMA1_KCNMB4	IU_PDA_T6	EPCAM	-3.017712067024704
KCNMA1_KCNMB4	IU_PDA_T6	ABCC8	-3.0218442460670554
KCNMA1_KCNMB4	IU_PDA_T6	PDIA2	-3.072395735019531
KCNMA1_KCNMB4	IU_PDA_T6	CUZD1	-3.225179366578293
KCNMA1_KCNMB4	IU_PDA_T6	IFI6	-3.2441578090322665
KCNMA1_KCNMB4	IU_PDA_T6	CXCL8	-3.2939608088651697
KCNMA1_KCNMB4	IU_PDA_T6	SPINT2	-3.3577707840930913
KCNMA1_KCNMB4	IU_PDA_T6	RBPJL	-3.4283376173205102
KCNMA1_KCNMB4	IU_PDA_T6	KLK1	-3.535551813569851
KCNMA1_KCNMB4	IU_PDA_T6	NR5A2	-3.5783591433281963
KCNMA1_KCNMB4	IU_PDA_T6	CTRL	-3.5977564441331302
KCNMA1_KCNMB4	IU_PDA_T6	MAL2	-3.6084855179758364
KCNMA1_KCNMB4	IU_PDA_T6	AZGP1	-3.6415303329497655
KCNMA1_KCNMB4	IU_PDA_T6	GPRC5A	-3.6434010313798386
KCNMA1_KCNMB4	IU_PDA_T6	SERPINI2	-3.6813365238840783
KCNMA1_KCNMB4	IU_PDA_T6	CXCL11	-3.7333208313717443
KCNMA1_KCNMB4	IU_PDA_T6	TRPV6	-3.76475782736157
KCNMA1_KCNMB4	IU_PDA_T6	MUC6	-3.823017065956354
KCNMA1_KCNMB4	IU_PDA_T6	ITGB4	-3.9172513936844413
KCNMA1_KCNMB4	IU_PDA_T6	GPX2	-3.93421003235361
KCNMA1_KCNMB4	IU_PDA_T6	PNLIPRP1	-3.9617997514894348
KCNMA1_KCNMB4	IU_PDA_T6	CTSE	-4.1462725499571205
KCNMA1_KCNMB4	IU_PDA_T6	CHGB	-4.1653033578883205
KCNMA1_KCNMB4	IU_PDA_T6	C7	-4.2261457257269655
KCNMA1_KCNMB4	IU_PDA_T6	AMBP	-4.322095991294443
KCNMA1_KCNMB4	IU_PDA_T6	SYCN	-4.349210347722067
KCNMA1_KCNMB4	IU_PDA_T6	PSCA	-4.39575072712722
KCNMA1_KCNMB4	IU_PDA_T6	TTR	-4.409523523640048
KCNMA1_KCNMB4	IU_PDA_T6	CLPS	-4.414354738019404
KCNMA1_KCNMB4	IU_PDA_T6	FXYD2	-4.417417614207235
KCNMA1_KCNMB4	IU_PDA_T6	PNLIP	-4.618592487866639
KCNMA1_KCNMB4	IU_PDA_T6	IFI44L	-4.655022251102586
KCNMA1_KCNMB4	IU_PDA_T6	NQO1	-4.71571504801726
KCNMA1_KCNMB4	IU_PDA_T6	TFPI2	-4.826794820285515
KCNMA1_KCNMB4	IU_PDA_T6	TMPRSS4	-4.923556944687296
KCNMA1_KCNMB4	IU_PDA_T6	APOD	-4.9394233934651774
KCNMA1_KCNMB4	IU_PDA_T6	FAM83H	-4.94353684065529
KCNMA1_KCNMB4	IU_PDA_T6	LSR	-4.9874562454503435
KCNMA1_KCNMB4	IU_PDA_T6	ACSM3	-5.043801301061344
KCNMA1_KCNMB4	IU_PDA_T6	LTF	-5.0467447421532725
KCNMA1_KCNMB4	IU_PDA_T6	GP2	-5.063449449441447
KCNMA1_KCNMB4	IU_PDA_T6	TMEM63A	-5.151595291358314
KCNMA1_KCNMB4	IU_PDA_T6	SFRP5	-5.165081238352253
KCNMA1_KCNMB4	IU_PDA_T6	PLA2G1B	-5.165686042102909
KCNMA1_KCNMB4	IU_PDA_T6	EPB41L4B	-5.251505292261414
KCNMA1_KCNMB4	IU_PDA_T6	SCTR	-5.294457060443605
KCNMA1_KCNMB4	IU_PDA_T6	CYP3A5	-5.297625166899717
KCNMA1_KCNMB4	IU_PDA_T6	SERPINA5	-5.360994348143838
KCNMA1_KCNMB4	IU_PDA_T6	KCNJ15	-5.427548010248012
KCNMA1_KCNMB4	IU_PDA_T6	SMAD3	-5.440599458125771
KCNMA1_KCNMB4	IU_PDA_T6	MYH14	-5.588754988477642
KCNMA1_KCNMB4	IU_PDA_T6	PRSS1	-5.603842260543298
KCNMA1_KCNMB4	IU_PDA_T6	F2RL2	-5.687862517015672
KCNMA1_KCNMB4	IU_PDA_T6	CGN	-5.716701139084704
KCNMA1_KCNMB4	IU_PDA_T6	SERPINB2	-5.723539379942967
KCNMA1_KCNMB4	IU_PDA_T6	KCNJ16	-5.725625651144104
KCNMA1_KCNMB4	IU_PDA_T6	FGA	-5.734809850836492
KCNMA1_KCNMB4	IU_PDA_T6	CPB1	-5.833892607037061
KCNMA1_KCNMB4	IU_PDA_T6	CTRC	-5.834297156456896
KCNMA1_KCNMB4	IU_PDA_T6	TMC5	-5.8606279573807205
KCNMA1_KCNMB4	IU_PDA_T6	PIGR	-5.886030025241919
KCNMA1_KCNMB4	IU_PDA_T6	TSPAN1	-5.9043858189334095
KCNMA1_KCNMB4	IU_PDA_T6	DDR1	-5.930397599950215
KCNMA1_KCNMB4	IU_PDA_T6	CPA2	-5.94738073988374
KCNMA1_KCNMB4	IU_PDA_T6	SLC4A4	-5.982248967658816
KCNMA1_KCNMB4	IU_PDA_T6	ADGRF1	-5.988007546204674
KCNMA1_KCNMB4	IU_PDA_T6	REG1B	-6.007469473156517
KCNMA1_KCNMB4	IU_PDA_T6	RHPN1	-6.02289336653941
KCNMA1_KCNMB4	IU_PDA_T6	CPA1	-6.0820492444215875
KCNMA1_KCNMB4	IU_PDA_T6	INS	-6.1624020332399745
KCNMA1_KCNMB4	IU_PDA_T6	HMGA1	-6.1786991556317
KCNMA1_KCNMB4	IU_PDA_T6	NEURL3	-6.234202799374189
KCNMA1_KCNMB4	IU_PDA_T6	CEL	-6.3077106067109225
KCNMA1_KCNMB4	IU_PDA_T6	ANXA3	-6.313728610142461
KCNMA1_KCNMB4	IU_PDA_T6	PALM3	-6.345230964254458
KCNMA1_KCNMB4	IU_PDA_T6	KRT13	-6.3554798107777435
KCNMA1_KCNMB4	IU_PDA_T6	FGG	-6.35672127948077
KCNMA1_KCNMB4	IU_PDA_T6	ONECUT1	-6.372396737094318
KCNMA1_KCNMB4	IU_PDA_T6	ITGA3	-6.372454749485856
KCNMA1_KCNMB4	IU_PDA_T6	GATM	-6.374347728483237
KCNMA1_KCNMB4	IU_PDA_T6	TSPAN8	-6.423032165455309
KCNMA1_KCNMB4	IU_PDA_T6	SLC34A2	-6.430132135143587
KCNMA1_KCNMB4	IU_PDA_T6	TACSTD2	-6.437433554084723
KCNMA1_KCNMB4	IU_PDA_T6	SYT8	-6.468189829669177
KCNMA1_KCNMB4	IU_PDA_T6	ELF3	-6.516266527758956
KCNMA1_KCNMB4	IU_PDA_T6	CELA3A	-6.53437075147457
KCNMA1_KCNMB4	IU_PDA_T6	ARHGAP8	-6.571981630368918
KCNMA1_KCNMB4	IU_PDA_T6	PTGS2	-6.57937839303108
KCNMA1_KCNMB4	IU_PDA_T6	TSPAN13	-6.595771885335195
KCNMA1_KCNMB4	IU_PDA_T6	CA2	-6.618143302977632
KCNMA1_KCNMB4	IU_PDA_T6	AC007906.2	-6.627401369264963
KCNMA1_KCNMB4	IU_PDA_T6	CLU	-6.627561442650179
KCNMA1_KCNMB4	IU_PDA_T6	FAM3B	-6.638611731725841
KCNMA1_KCNMB4	IU_PDA_T6	EVPL	-6.638969252131596
KCNMA1_KCNMB4	IU_PDA_T6	CTRB2	-6.660724820097128
KCNMA1_KCNMB4	IU_PDA_T6	GALNT3	-6.738070981992829
KCNMA1_KCNMB4	IU_PDA_T6	AGR2	-6.743762379204175
KCNMA1_KCNMB4	IU_PDA_T6	AGT	-6.752152885368483
KCNMA1_KCNMB4	IU_PDA_T6	CTRB1	-6.770715859062056
KCNMA1_KCNMB4	IU_PDA_T6	CFTR	-6.827867652419808
KCNMA1_KCNMB4	IU_PDA_T6	PDZK1IP1	-6.848609718044757
KCNMA1_KCNMB4	IU_PDA_T6	PRR15L	-6.849795844281664
KCNMA1_KCNMB4	IU_PDA_T6	BIRC3	-6.878038440795166
KCNMA1_KCNMB4	IU_PDA_T6	GCG	-6.942144427330847
KCNMA1_KCNMB4	IU_PDA_T6	LLGL2	-6.962208495646578
KCNMA1_KCNMB4	IU_PDA_T6	SERPINA3	-6.9894748777960665
KCNMA1_KCNMB4	IU_PDA_T6	PLAAT4	-7.002376231623395
KCNMA1_KCNMB4	IU_PDA_T6	ICA1	-7.011342232232375
KCNMA1_KCNMB4	IU_PDA_T6	TRNP1	-7.0906790915192826
KCNMA1_KCNMB4	IU_PDA_T6	TMEM184A	-7.091296400409539
KCNMA1_KCNMB4	IU_PDA_T6	PLAAT3	-7.094671850146305
KCNMA1_KCNMB4	IU_PDA_T6	JAG1	-7.131550129373923
KCNMA1_KCNMB4	IU_PDA_T6	IL2RG	-7.142247930776648
KCNMA1_KCNMB4	IU_PDA_T6	SPINT1	-7.182470280210291
KCNMA1_KCNMB4	IU_PDA_T6	REG1A	-7.192904653491753
KCNMA1_KCNMB4	IU_PDA_T6	ZNF552	-7.227209081660527
KCNMA1_KCNMB4	IU_PDA_T6	CLDN1	-7.22931738592287
KCNMA1_KCNMB4	IU_PDA_T6	CDH1	-7.27103966966394
KCNMA1_KCNMB4	IU_PDA_T6	MORN1	-7.276861929185443
KCNMA1_KCNMB4	IU_PDA_T6	C1orf116	-7.285499173851043
KCNMA1_KCNMB4	IU_PDA_T6	CXCL5	-7.301068757702156
KCNMA1_KCNMB4	IU_PDA_T6	MUC13	-7.307880644867769
KCNMA1_KCNMB4	IU_PDA_T6	CFB	-7.335559643577094
KCNMA1_KCNMB4	IU_PDA_T6	PLCH2	-7.367025816233227
KCNMA1_KCNMB4	IU_PDA_T6	DEFB1	-7.36706284617753
KCNMA1_KCNMB4	IU_PDA_T6	MLPH	-7.37992775641082
KCNMA1_KCNMB4	IU_PDA_T6	MYRF	-7.389142127054969
KCNMA1_KCNMB4	IU_PDA_T6	B4GALNT3	-7.4032005096217555
KCNMA1_KCNMB4	IU_PDA_T6	COLEC11	-7.42749078431124
KCNMA1_KCNMB4	IU_PDA_T6	MMP28	-7.438321766822838
KCNMA1_KCNMB4	IU_PDA_T6	LCN2	-7.446906641192171
KCNMA1_KCNMB4	IU_PDA_T6	KRT7	-7.484649277434922
KCNMA1_KCNMB4	IU_PDA_T6	TMC4	-7.493667281362769
KCNMA1_KCNMB4	IU_PDA_T6	CST1	-7.534976082152947
KCNMA1_KCNMB4	IU_PDA_T6	ABCC3	-7.5526370125453814
KCNMA1_KCNMB4	IU_PDA_T6	SOX9	-7.5947145086131
KCNMA1_KCNMB4	IU_PDA_T6	SLC37A1	-7.605327494866542
KCNMA1_KCNMB4	IU_PDA_T6	DKK1	-7.617285948295408
KCNMA1_KCNMB4	IU_PDA_T6	GPRC5B	-7.618659591094136
KCNMA1_KCNMB4	IU_PDA_T6	INAVA	-7.639756895888557
KCNMA1_KCNMB4	IU_PDA_T6	INPP4B	-7.650875961739163
KCNMA1_KCNMB4	IU_PDA_T6	MPZL2	-7.654843308675779
KCNMA1_KCNMB4	IU_PDA_T6	PCDH1	-7.686595131407524
KCNMA1_KCNMB4	IU_PDA_T6	PRXL2B	-7.69549054428882
KCNMA1_KCNMB4	IU_PDA_T6	NAPRT	-7.69856757706264
KCNMA1_KCNMB4	IU_PDA_T6	BCAM	-7.732628001146321
KCNMA1_KCNMB4	IU_PDA_T6	PDZK1	-7.758463951484529
KCNMA1_KCNMB4	IU_PDA_T6	SCNN1A	-7.778225742707543
KCNMA1_KCNMB4	IU_PDA_T6	AQP3	-7.847445290542675
KCNMA1_KCNMB4	IU_PDA_T6	ITGB8	-7.869654461830963
KCNMA1_KCNMB4	IU_PDA_T6	SULT1C2	-7.915670336819855
KCNMA1_KCNMB4	IU_PDA_T6	UNC5CL	-7.927712106770604
KCNMA1_KCNMB4	IU_PDA_T6	ALS2CL	-7.943858809404546
KCNMA1_KCNMB4	IU_PDA_T6	AKAP7	-7.944452159888041
KCNMA1_KCNMB4	IU_PDA_T6	ANXA9	-7.949296624646239
KCNMA1_KCNMB4	IU_PDA_T6	REG4	-7.992368225124248
KCNMA1_KCNMB4	IU_PDA_T6	TMEM238	-8.033106054001015
KCNMA1_KCNMB4	IU_PDA_T6	TC2N	-8.037280036826589
KCNMA1_KCNMB4	IU_PDA_T6	CRCT1	-8.039624636753405
KCNMA1_KCNMB4	IU_PDA_T6	RNF207	-8.03968893156594
KCNMA1_KCNMB4	IU_PDA_T6	CBLC	-8.061424539153755
KCNMA1_KCNMB4	IU_PDA_T6	TM4SF4	-8.095026437029912
KCNMA1_KCNMB4	IU_PDA_T6	NMUR2	-8.121208033006157
KCNMA1_KCNMB4	IU_PDA_T6	KCNK1	-8.25571366840377
KCNMA1_KCNMB4	IU_PDA_T6	CRP	-8.25865002821819
KCNMA1_KCNMB4	IU_PDA_T6	PKHD1	-8.361872534744819
KCNMA1_KCNMB4	IU_PDA_T6	KIF12	-8.383488396278308
KCNMA1_KCNMB4	IU_PDA_T6	UBD	-8.41682733908984
KCNMA1_KCNMB4	IU_PDA_T6	SDC4	-8.441254236895743
KCNMA1_KCNMB4	IU_PDA_T6	C6orf141	-8.442711589427105
KCNMA1_KCNMB4	IU_PDA_T6	CITED4	-8.51283099244768
KCNMA1_KCNMB4	IU_PDA_T6	SLPI	-8.56169307924719
KCNMA1_KCNMB4	IU_PDA_T6	KIAA1522	-8.571449442250797
KCNMA1_KCNMB4	IU_PDA_T6	PHACTR3	-8.58232509826129
KCNMA1_KCNMB4	IU_PDA_T6	XKR9	-8.646534741640913
KCNMA1_KCNMB4	IU_PDA_T6	ESRP1	-8.647958141077657
KCNMA1_KCNMB4	IU_PDA_T6	TFF2	-8.678213778257488
KCNMA1_KCNMB4	IU_PDA_T6	SLC37A4	-8.685792109242001
KCNMA1_KCNMB4	IU_PDA_T6	LAMA5	-8.72219272637726
KCNMA1_KCNMB4	IU_PDA_T6	ITGB6	-8.78397580071829
KCNMA1_KCNMB4	IU_PDA_T6	ONECUT2	-8.831113661278298
KCNMA1_KCNMB4	IU_PDA_T6	NBEAL2	-8.868410833332824
KCNMA1_KCNMB4	IU_PDA_T6	VILL	-8.88285113049475
KCNMA1_KCNMB4	IU_PDA_T6	ACHE	-8.94706061140611
KCNMA1_KCNMB4	IU_PDA_T6	SNCG	-9.054528745871975
KCNMA1_KCNMB4	IU_PDA_T6	CLDN7	-9.060725699917091
KCNMA1_KCNMB4	IU_PDA_T6	DHRS3	-9.303484732069483
KCNMA1_KCNMB4	IU_PDA_T6	MUC3A	-9.313312548421877
KCNMA1_KCNMB4	IU_PDA_T6	ERICH5	-9.460551337686844
KCNMA1_KCNMB1	IU_PDA_T8	MMP14	4.765646486779848
KCNMA1_KCNMB1	IU_PDA_T8	COL4A2	4.718617750582339
KCNMA1_KCNMB1	IU_PDA_T8	FSTL1	4.349724955770306
KCNMA1_KCNMB1	IU_PDA_T8	COL1A1	4.174362392578333
KCNMA1_KCNMB1	IU_PDA_T8	THBS2	4.171693857686376
KCNMA1_KCNMB1	IU_PDA_T8	IGFBP4	4.123671906469397
KCNMA1_KCNMB1	IU_PDA_T8	SULF1	4.111295446888635
KCNMA1_KCNMB1	IU_PDA_T8	CCL18	4.097045373690495
KCNMA1_KCNMB1	IU_PDA_T8	CALD1	4.069923195767161
KCNMA1_KCNMB1	IU_PDA_T8	THBS1	4.019839303078373
KCNMA1_KCNMB1	IU_PDA_T8	PLAU	4.018899939245537
KCNMA1_KCNMB1	IU_PDA_T8	TAGLN	4.0179625761787765
KCNMA1_KCNMB1	IU_PDA_T8	TIMP3	4.016168501319058
KCNMA1_KCNMB1	IU_PDA_T8	ERRFI1	4.012555854891682
KCNMA1_KCNMB1	IU_PDA_T8	COL15A1	3.955454484179889
KCNMA1_KCNMB1	IU_PDA_T8	CTHRC1	3.936399503724836
KCNMA1_KCNMB1	IU_PDA_T8	PDLIM3	3.927922311065832
KCNMA1_KCNMB1	IU_PDA_T8	SFRP2	3.917386472972491
KCNMA1_KCNMB1	IU_PDA_T8	TGFBI	3.9148369786099786
KCNMA1_KCNMB1	IU_PDA_T8	COL5A1	3.906768803595448
KCNMA1_KCNMB1	IU_PDA_T8	COL11A1	3.9043605465153184
KCNMA1_KCNMB1	IU_PDA_T8	VSIG4	3.8891199189424537
KCNMA1_KCNMB1	IU_PDA_T8	CRISPLD2	3.8869354329290444
KCNMA1_KCNMB1	IU_PDA_T8	IFI30	3.850285061742685
KCNMA1_KCNMB1	IU_PDA_T8	POSTN	3.845125870940761
KCNMA1_KCNMB1	IU_PDA_T8	IL32	3.8237413691142903
KCNMA1_KCNMB1	IU_PDA_T8	SRGN	3.731136373164403
KCNMA1_KCNMB1	IU_PDA_T8	S100A9	3.6633380349237354
KCNMA1_KCNMB1	IU_PDA_T8	FN1	3.6568582370283576
KCNMA1_KCNMB1	IU_PDA_T8	AEBP1	3.639022668030575
KCNMA1_KCNMB1	IU_PDA_T8	COL1A2	3.637046380497635
KCNMA1_KCNMB1	IU_PDA_T8	SPON2	3.6291294743985607
KCNMA1_KCNMB1	IU_PDA_T8	C11orf96	3.607246197656695
KCNMA1_KCNMB1	IU_PDA_T8	LGALS1	3.5985357445957695
KCNMA1_KCNMB1	IU_PDA_T8	EMILIN1	3.594728610542059
KCNMA1_KCNMB1	IU_PDA_T8	TYMP	3.5880830834552047
KCNMA1_KCNMB1	IU_PDA_T8	IGLV6-57	3.582740913599682
KCNMA1_KCNMB1	IU_PDA_T8	TPM2	3.5783798852801176
KCNMA1_KCNMB1	IU_PDA_T8	INHBA	3.561855865332809
KCNMA1_KCNMB1	IU_PDA_T8	KLK10	3.557405983756309
KCNMA1_KCNMB1	IU_PDA_T8	IGFBP5	3.5419018046464887
KCNMA1_KCNMB1	IU_PDA_T8	COL6A3	3.5341934251766953
KCNMA1_KCNMB1	IU_PDA_T8	FBXO32	3.52229450991962
KCNMA1_KCNMB1	IU_PDA_T8	SERPINA1	3.521560457776155
KCNMA1_KCNMB1	IU_PDA_T8	FBN1	3.4794068514721816
KCNMA1_KCNMB1	IU_PDA_T8	PDGFRB	3.449117951025575
KCNMA1_KCNMB1	IU_PDA_T8	MT1E	3.433871690025549
KCNMA1_KCNMB1	IU_PDA_T8	C1QC	3.431442101786077
KCNMA1_KCNMB1	IU_PDA_T8	CAVIN1	3.4311912657732746
KCNMA1_KCNMB1	IU_PDA_T8	COL4A1	3.3685624185990193
KCNMA1_KCNMB1	IU_PDA_T8	CD163	3.3632592768762635
KCNMA1_KCNMB1	IU_PDA_T8	APOE	3.329834265538411
KCNMA1_KCNMB1	IU_PDA_T8	THBS4	3.3169126171544208
KCNMA1_KCNMB1	IU_PDA_T8	ACTA2	3.295478098780754
KCNMA1_KCNMB1	IU_PDA_T8	MYL9	3.2929855502546355
KCNMA1_KCNMB1	IU_PDA_T8	DEPP1	3.2694647761469473
KCNMA1_KCNMB1	IU_PDA_T8	C1QA	3.2452312914404904
KCNMA1_KCNMB1	IU_PDA_T8	HOPX	3.213889540907886
KCNMA1_KCNMB1	IU_PDA_T8	COL3A1	3.1971653863286438
KCNMA1_KCNMB1	IU_PDA_T8	HLA-DRA	3.1966850049432782
KCNMA1_KCNMB1	IU_PDA_T8	MMP11	3.182199582226547
KCNMA1_KCNMB1	IU_PDA_T8	COL18A1	3.181292892672236
KCNMA1_KCNMB1	IU_PDA_T8	THY1	3.157155954257225
KCNMA1_KCNMB1	IU_PDA_T8	CD74	3.1199793809974823
KCNMA1_KCNMB1	IU_PDA_T8	TIMP1	3.1176284285638114
KCNMA1_KCNMB1	IU_PDA_T8	HLA-DQA1	3.116689685874308
KCNMA1_KCNMB1	IU_PDA_T8	SAT1	3.1153605534890056
KCNMA1_KCNMB1	IU_PDA_T8	DKK3	3.0944813233737256
KCNMA1_KCNMB1	IU_PDA_T8	DDIT4	3.092964167905754
KCNMA1_KCNMB1	IU_PDA_T8	OLFML2B	3.046996825326156
KCNMA1_KCNMB1	IU_PDA_T8	CTSB	3.032726075509642
KCNMA1_KCNMB1	IU_PDA_T8	GREM1	3.002997151600252
KCNMA1_KCNMB1	IU_PDA_T8	IGHJ2	2.9951311932925377
KCNMA1_KCNMB1	IU_PDA_T8	C1QB	2.9680825356108156
KCNMA1_KCNMB1	IU_PDA_T8	OLR1	2.949211986877589
KCNMA1_KCNMB1	IU_PDA_T8	CCN2	2.935446217144056
KCNMA1_KCNMB1	IU_PDA_T8	IGHV5-10-1	2.912796917699675
KCNMA1_KCNMB1	IU_PDA_T8	COL6A2	2.849782178046106
KCNMA1_KCNMB1	IU_PDA_T8	MT2A	2.823193611720189
KCNMA1_KCNMB1	IU_PDA_T8	APLNR	2.809387496017246
KCNMA1_KCNMB1	IU_PDA_T8	COL10A1	2.7748629138356433
KCNMA1_KCNMB1	IU_PDA_T8	IGFBP7	2.7747863555701175
KCNMA1_KCNMB1	IU_PDA_T8	COL5A2	2.773480983582468
KCNMA1_KCNMB1	IU_PDA_T8	ISG15	2.767444836604497
KCNMA1_KCNMB1	IU_PDA_T8	APOD	2.744783618637616
KCNMA1_KCNMB1	IU_PDA_T8	CST1	2.7340201593328386
KCNMA1_KCNMB1	IU_PDA_T8	KCNJ15	2.6833315616661317
KCNMA1_KCNMB1	IU_PDA_T8	SOD2	2.6776269339136722
KCNMA1_KCNMB1	IU_PDA_T8	FCGR2B	2.653912951859719
KCNMA1_KCNMB1	IU_PDA_T8	GGT5	2.6497324625877563
KCNMA1_KCNMB1	IU_PDA_T8	SOCS3	2.625554481795232
KCNMA1_KCNMB1	IU_PDA_T8	CERCAM	2.6215477343758695
KCNMA1_KCNMB1	IU_PDA_T8	LAPTM5	2.571192208821788
KCNMA1_KCNMB1	IU_PDA_T8	C1R	2.5584315041458465
KCNMA1_KCNMB1	IU_PDA_T8	FJX1	2.471265692927648
KCNMA1_KCNMB1	IU_PDA_T8	LOXL2	2.4062320737375837
KCNMA1_KCNMB1	IU_PDA_T8	MT1X	2.3917930226014246
KCNMA1_KCNMB1	IU_PDA_T8	FTH1	2.3764196516948064
KCNMA1_KCNMB1	IU_PDA_T8	FCGR3A	2.35271931885243
KCNMA1_KCNMB1	IU_PDA_T8	SPARC	2.3431930375239145
KCNMA1_KCNMB1	IU_PDA_T8	HLA-DPA1	2.3429299825954355
KCNMA1_KCNMB1	IU_PDA_T8	CEBPD	2.3315186395579857
KCNMA1_KCNMB1	IU_PDA_T8	TYROBP	2.3174101824900184
KCNMA1_KCNMB1	IU_PDA_T8	LOX	2.3088863327470515
KCNMA1_KCNMB1	IU_PDA_T8	BOC	2.2778626975831644
KCNMA1_KCNMB1	IU_PDA_T8	SERPINF1	2.2526930227948223
KCNMA1_KCNMB1	IU_PDA_T8	KCNJ16	2.23879908163645
KCNMA1_KCNMB1	IU_PDA_T8	ICAM1	2.2196324969398002
KCNMA1_KCNMB1	IU_PDA_T8	BGN	2.2124385194082876
KCNMA1_KCNMB1	IU_PDA_T8	CRP	2.2086873968490477
KCNMA1_KCNMB1	IU_PDA_T8	IGLV3-1	2.162319910499689
KCNMA1_KCNMB1	IU_PDA_T8	KCNAB2	2.1571855618092868
KCNMA1_KCNMB1	IU_PDA_T8	ARPC2	2.140834469446156
KCNMA1_KCNMB1	IU_PDA_T8	HSPB6	2.139743154665484
KCNMA1_KCNMB1	IU_PDA_T8	CXCL14	2.138041930004408
KCNMA1_KCNMB1	IU_PDA_T8	DCN	2.096917091129284
KCNMA1_KCNMB1	IU_PDA_T8	LUM	2.0762953826133614
KCNMA1_KCNMB1	IU_PDA_T8	TNS1	2.055079154267759
KCNMA1_KCNMB1	IU_PDA_T8	ANTXR1	2.053070756636988
KCNMA1_KCNMB1	IU_PDA_T8	ENG	2.049855171341264
KCNMA1_KCNMB1	IU_PDA_T8	CCN1	2.0159015006928716
KCNMA1_KCNMB1	IU_PDA_T8	IGKC	2.012682550247931
KCNMA1_KCNMB1	IU_PDA_T8	ODF3B	2.0093093257732493
KCNMA1_KCNMB1	IU_PDA_T8	PTGDS	2.0048043147618593
KCNMA1_KCNMB1	IU_PDA_T8	ADAM19	2.0019822422062785
KCNMA1_KCNMB1	IU_PDA_T8	SFRP4	1.9982603115153923
KCNMA1_KCNMB1	IU_PDA_T8	TREM1	1.979752493006702
KCNMA1_KCNMB1	IU_PDA_T8	RASD1	1.9587370039825338
KCNMA1_KCNMB1	IU_PDA_T8	IGLV9-49	1.9377637552812546
KCNMA1_KCNMB1	IU_PDA_T8	VIM	1.9349756208747324
KCNMA1_KCNMB1	IU_PDA_T8	ZFP36L2	1.9180579651329717
KCNMA1_KCNMB1	IU_PDA_T8	GCG	1.913691013702432
KCNMA1_KCNMB1	IU_PDA_T8	TTR	1.8948559786270496
KCNMA1_KCNMB1	IU_PDA_T8	ITGA5	1.874840919117967
KCNMA1_KCNMB1	IU_PDA_T8	IGHA1	1.8630836804069064
KCNMA1_KCNMB1	IU_PDA_T8	SERPINA3	1.8580109813501824
KCNMA1_KCNMB1	IU_PDA_T8	MMP7	1.853266055428251
KCNMA1_KCNMB1	IU_PDA_T8	KLK6	1.8443187790748217
KCNMA1_KCNMB1	IU_PDA_T8	SLC11A1	1.8345597402872178
KCNMA1_KCNMB1	IU_PDA_T8	CIRBP	1.8227905872920815
KCNMA1_KCNMB1	IU_PDA_T8	MMP2	1.8143170892851488
KCNMA1_KCNMB1	IU_PDA_T8	IGHG1	1.8120817038387598
KCNMA1_KCNMB1	IU_PDA_T8	COLEC12	1.805900206865903
KCNMA1_KCNMB1	IU_PDA_T8	KCNJ8	1.7636936287999885
KCNMA1_KCNMB1	IU_PDA_T8	APOC1	1.7473205189767222
KCNMA1_KCNMB1	IU_PDA_T8	CD68	1.7406015862160118
KCNMA1_KCNMB1	IU_PDA_T8	NUPR1	1.7233935454893188
KCNMA1_KCNMB1	IU_PDA_T8	KCNMB4	1.7172377337007956
KCNMA1_KCNMB1	IU_PDA_T8	SMG1	1.705244543087365
KCNMA1_KCNMB1	IU_PDA_T8	COL6A1	1.7020141226845706
KCNMA1_KCNMB1	IU_PDA_T8	A2M	1.6993028364714746
KCNMA1_KCNMB1	IU_PDA_T8	PDLIM7	1.690992726077955
KCNMA1_KCNMB1	IU_PDA_T8	IGKV4-1	1.6684949667708178
KCNMA1_KCNMB1	IU_PDA_T8	ADAMTS2	1.6576845253542645
KCNMA1_KCNMB1	IU_PDA_T8	MYC	1.6567051283637533
KCNMA1_KCNMB1	IU_PDA_T8	DPEP1	1.6396935842724043
KCNMA1_KCNMB1	IU_PDA_T8	COL7A1	1.6183018170777372
KCNMA1_KCNMB1	IU_PDA_T8	FCER1G	1.6163155459963403
KCNMA1_KCNMB1	IU_PDA_T8	MXRA7	1.585009088377118
KCNMA1_KCNMB1	IU_PDA_T8	CCNI	1.5664925053670804
KCNMA1_KCNMB1	IU_PDA_T8	CYP1B1	1.5662880400676527
KCNMA1_KCNMB1	IU_PDA_T8	CDH11	1.561000230070338
KCNMA1_KCNMB1	IU_PDA_T8	MME	1.560211872623024
KCNMA1_KCNMB1	IU_PDA_T8	MGP	1.5552073582593386
KCNMA1_KCNMB1	IU_PDA_T8	BST2	1.54641809890716
KCNMA1_KCNMB1	IU_PDA_T8	SERPINE1	1.5115846603446674
KCNMA1_KCNMB1	IU_PDA_T8	MARCO	1.4764891618535163
KCNMA1_KCNMB1	IU_PDA_T8	TMEM204	1.4755706024621236
KCNMA1_KCNMB1	IU_PDA_T8	MYH9	1.439354520562699
KCNMA1_KCNMB1	IU_PDA_T8	HLA-E	1.4295838396164686
KCNMA1_KCNMB1	IU_PDA_T8	EEF1B2	1.4171841979551465
KCNMA1_KCNMB1	IU_PDA_T8	SRRM2	1.3717645689701878
KCNMA1_KCNMB1	IU_PDA_T8	SERPING1	1.356199278645896
KCNMA1_KCNMB1	IU_PDA_T8	CD81	1.3504357333130723
KCNMA1_KCNMB1	IU_PDA_T8	KCNMA1_KCNMB4	1.3235239439905626
KCNMA1_KCNMB1	IU_PDA_T8	KCNN3	1.3186669039620198
KCNMA1_KCNMB1	IU_PDA_T8	ALOX5AP	1.3105727747206237
KCNMA1_KCNMB1	IU_PDA_T8	GABARAP	1.270554480388652
KCNMA1_KCNMB1	IU_PDA_T8	SPP1	1.260221787132504
KCNMA1_KCNMB1	IU_PDA_T8	CCL21	1.2524367141625827
KCNMA1_KCNMB1	IU_PDA_T8	CXCL5	1.197609545060035
KCNMA1_KCNMB1	IU_PDA_T8	REG1A	1.1957103841337127
KCNMA1_KCNMB1	IU_PDA_T8	MZB1	1.1929968345535624
KCNMA1_KCNMB1	IU_PDA_T8	KCNS3	1.192722367821482
KCNMA1_KCNMB1	IU_PDA_T8	ERO1A	1.1865504631446762
KCNMA1_KCNMB1	IU_PDA_T8	IFNGR2	1.1664861908732553
KCNMA1_KCNMB1	IU_PDA_T8	JUN	1.1385454211646178
KCNMA1_KCNMB1	IU_PDA_T8	SLC12A7	1.115971998295278
KCNMA1_KCNMB1	IU_PDA_T8	IGHJ6	1.0633178326623056
KCNMA1_KCNMB1	IU_PDA_T8	C1S	1.0555086269711074
KCNMA1_KCNMB1	IU_PDA_T8	KCNE4	1.0543105605840823
KCNMA1_KCNMB1	IU_PDA_T8	GLUL	1.0533769352799305
KCNMA1_KCNMB1	IU_PDA_T8	PDZK1IP1	1.0383104601893054
KCNMA1_KCNMB1	IU_PDA_T8	CRABP2	0.9941635335798594
KCNMA1_KCNMB1	IU_PDA_T8	CST3	0.9648653338283516
KCNMA1_KCNMB1	IU_PDA_T8	GNAS	0.953021497355712
KCNMA1_KCNMB1	IU_PDA_T8	PLAT	0.9316904014476877
KCNMA1_KCNMB1	IU_PDA_T8	ANGPTL4	0.9170184598213864
KCNMA1_KCNMB1	IU_PDA_T8	KCNT2	0.8678571731072092
KCNMA1_KCNMB1	IU_PDA_T8	CFTR	0.8587589242514504
KCNMA1_KCNMB1	IU_PDA_T8	KCNK15	0.8511508599498475
KCNMA1_KCNMB1	IU_PDA_T8	FTL	0.8185209563026504
KCNMA1_KCNMB1	IU_PDA_T8	IGLC1	0.8048244047908729
KCNMA1_KCNMB1	IU_PDA_T8	FGG	0.804034192072053
KCNMA1_KCNMB1	IU_PDA_T8	ADM	0.7905227108005455
KCNMA1_KCNMB1	IU_PDA_T8	TENT5C	0.7746243513714909
KCNMA1_KCNMB1	IU_PDA_T8	MAZ	0.7599656540185015
KCNMA1_KCNMB1	IU_PDA_T8	IGHV1-46	0.749118907410221
KCNMA1_KCNMB1	IU_PDA_T8	KCNK3	0.747059498721957
KCNMA1_KCNMB1	IU_PDA_T8	HDAC7	0.745962484331649
KCNMA1_KCNMB1	IU_PDA_T8	GPX4	0.7360879255077583
KCNMA1_KCNMB1	IU_PDA_T8	MXRA8	0.7271892776403022
KCNMA1_KCNMB1	IU_PDA_T8	KCND3	0.718489021451282
KCNMA1_KCNMB1	IU_PDA_T8	EPHA2	0.7075400629349089
KCNMA1_KCNMB1	IU_PDA_T8	INS	0.7040307109840951
KCNMA1_KCNMB1	IU_PDA_T8	JUNB	0.6752300351846732
KCNMA1_KCNMB1	IU_PDA_T8	ENO1	0.6748341024806062
KCNMA1_KCNMB1	IU_PDA_T8	JCHAIN	0.6429557383099306
KCNMA1_KCNMB1	IU_PDA_T8	C7	0.6220061956544312
KCNMA1_KCNMB1	IU_PDA_T8	TLE5	0.6185958247803893
KCNMA1_KCNMB1	IU_PDA_T8	ANKRD10	0.5975506794138108
KCNMA1_KCNMB1	IU_PDA_T8	CXCL8	0.5895072370573912
KCNMA1_KCNMB1	IU_PDA_T8	NDUFB9	0.5814803350852692
KCNMA1_KCNMB1	IU_PDA_T8	MYEOV	0.559305172233147
KCNMA1_KCNMB1	IU_PDA_T8	TAF15	0.5500325333090582
KCNMA1_KCNMB1	IU_PDA_T8	DERL3	0.5449346441208556
KCNMA1_KCNMB1	IU_PDA_T8	HEXA	0.5360277417129579
KCNMA1_KCNMB1	IU_PDA_T8	IGHM	0.5301231374896552
KCNMA1_KCNMB1	IU_PDA_T8	FOS	0.5295439927892298
KCNMA1_KCNMB1	IU_PDA_T8	BCAT1	0.5263318443866641
KCNMA1_KCNMB1	IU_PDA_T8	MUC4	0.5177818851177626
KCNMA1_KCNMB1	IU_PDA_T8	PRELP	0.5156363185868702
KCNMA1_KCNMB1	IU_PDA_T8	EPHA3	0.5133267056640795
KCNMA1_KCNMB1	IU_PDA_T8	RCC2	0.4975566921258683
KCNMA1_KCNMB1	IU_PDA_T8	SLC1A5	0.4884711812600284
KCNMA1_KCNMB1	IU_PDA_T8	ACIN1	0.45333191649120563
KCNMA1_KCNMB1	IU_PDA_T8	KCNMB1	0.4230458487708126
KCNMA1_KCNMB1	IU_PDA_T8	SST	0.413688791593949
KCNMA1_KCNMB1	IU_PDA_T8	KCNMA1	0.41007301865162465
KCNMA1_KCNMB1	IU_PDA_T8	EGLN3	0.38746897034038824
KCNMA1_KCNMB1	IU_PDA_T8	AGT	0.3610554310523539
KCNMA1_KCNMB1	IU_PDA_T8	PLOD2	0.33042058091868154
KCNMA1_KCNMB1	IU_PDA_T8	RHOB	0.319938876697838
KCNMA1_KCNMB1	IU_PDA_T8	PLIN2	0.3126566160178827
KCNMA1_KCNMB1	IU_PDA_T8	SERF2	0.2954673134728553
KCNMA1_KCNMB1	IU_PDA_T8	GABRP	0.2881339956408767
KCNMA1_KCNMB1	IU_PDA_T8	IGLC7	0.27527948222805404
KCNMA1_KCNMB1	IU_PDA_T8	KRT7	0.27050121795051996
KCNMA1_KCNMB1	IU_PDA_T8	RACK1	0.25067162440374546
KCNMA1_KCNMB1	IU_PDA_T8	MMP12	0.24992765000759642
KCNMA1_KCNMB1	IU_PDA_T8	KCNK17	0.23668700881876234
KCNMA1_KCNMB1	IU_PDA_T8	KCND2	0.23376898092376958
KCNMA1_KCNMB1	IU_PDA_T8	KCNQ4	0.23152291478832723
KCNMA1_KCNMB1	IU_PDA_T8	ARRDC3	0.22536850221937305
KCNMA1_KCNMB1	IU_PDA_T8	CAST	0.21269160079271657
KCNMA1_KCNMB1	IU_PDA_T8	RAC1	0.19992082326003835
KCNMA1_KCNMB1	IU_PDA_T8	MFAP4	0.1725400812044817
KCNMA1_KCNMB1	IU_PDA_T8	CA12	0.11096501726245721
KCNMA1_KCNMB1	IU_PDA_T8	HIST1H1B	0.10385851944478146
KCNMA1_KCNMB1	IU_PDA_T8	TNFRSF21	0.08286715335673876
KCNMA1_KCNMB1	IU_PDA_T8	NECTIN2	0.07702122832672476
KCNMA1_KCNMB1	IU_PDA_T8	PFKP	-0.002062348861308181
KCNMA1_KCNMB1	IU_PDA_T8	MMP9	-0.032759520339127275
KCNMA1_KCNMB1	IU_PDA_T8	NCSTN	-0.05251938824533599
KCNMA1_KCNMB1	IU_PDA_T8	IGLV4-60	-0.0659207847912507
KCNMA1_KCNMB1	IU_PDA_T8	IER3	-0.1004807298268989
KCNMA1_KCNMB1	IU_PDA_T8	ZNF460	-0.10438208186705862
KCNMA1_KCNMB1	IU_PDA_T8	MIF	-0.12278210436632445
KCNMA1_KCNMB1	IU_PDA_T8	IGHD	-0.14122259532126127
KCNMA1_KCNMB1	IU_PDA_T8	GRIPAP1	-0.15656482830801052
KCNMA1_KCNMB1	IU_PDA_T8	HGS	-0.1665869393761969
KCNMA1_KCNMB1	IU_PDA_T8	FOSB	-0.16867583201298814
KCNMA1_KCNMB1	IU_PDA_T8	KCNC4	-0.19114820011426537
KCNMA1_KCNMB1	IU_PDA_T8	RGS5	-0.2003585140509692
KCNMA1_KCNMB1	IU_PDA_T8	ABLIM3	-0.2018688817293321
KCNMA1_KCNMB1	IU_PDA_T8	C3	-0.2388637661229653
KCNMA1_KCNMB1	IU_PDA_T8	UGT1A6	-0.26840252512513635
KCNMA1_KCNMB1	IU_PDA_T8	PNCK	-0.28766019487271344
KCNMA1_KCNMB1	IU_PDA_T8	ANAPC16	-0.3276369555701105
KCNMA1_KCNMB1	IU_PDA_T8	KDM6A	-0.34750192130956575
KCNMA1_KCNMB1	IU_PDA_T8	GC	-0.3674978937943802
KCNMA1_KCNMB1	IU_PDA_T8	VEGFA	-0.37609093382135383
KCNMA1_KCNMB1	IU_PDA_T8	SOX9	-0.37738326932858596
KCNMA1_KCNMB1	IU_PDA_T8	IGHG2	-0.3776656172158823
KCNMA1_KCNMB1	IU_PDA_T8	JUP	-0.39761677548996616
KCNMA1_KCNMB1	IU_PDA_T8	IGHV6-1	-0.41139449956017526
KCNMA1_KCNMB1	IU_PDA_T8	LENG8	-0.4148370878323195
KCNMA1_KCNMB1	IU_PDA_T8	PFKFB3	-0.4526608667185236
KCNMA1_KCNMB1	IU_PDA_T8	BCAM	-0.4974776477837136
KCNMA1_KCNMB1	IU_PDA_T8	ETNK1	-0.5126433436382809
KCNMA1_KCNMB1	IU_PDA_T8	MPST	-0.5210422963054174
KCNMA1_KCNMB1	IU_PDA_T8	SLC2A1	-0.5283472327279657
KCNMA1_KCNMB1	IU_PDA_T8	SPATA20	-0.5462665982748075
KCNMA1_KCNMB1	IU_PDA_T8	CRISP3	-0.5471392423324434
KCNMA1_KCNMB1	IU_PDA_T8	HSPA6	-0.5484030799508613
KCNMA1_KCNMB1	IU_PDA_T8	MUC5B	-0.5515933145154507
KCNMA1_KCNMB1	IU_PDA_T8	TCP1	-0.5540624870824196
KCNMA1_KCNMB1	IU_PDA_T8	MDK	-0.5565491221003528
KCNMA1_KCNMB1	IU_PDA_T8	PTPA	-0.5809403146534674
KCNMA1_KCNMB1	IU_PDA_T8	PLAUR	-0.5923321959929545
KCNMA1_KCNMB1	IU_PDA_T8	APOL1	-0.6251061676600138
KCNMA1_KCNMB1	IU_PDA_T8	ID1	-0.6531264753012567
KCNMA1_KCNMB1	IU_PDA_T8	LY6E	-0.6607454295298489
KCNMA1_KCNMB1	IU_PDA_T8	IGHG3	-0.6663805842785783
KCNMA1_KCNMB1	IU_PDA_T8	IGHG4	-0.7069567296581771
KCNMA1_KCNMB1	IU_PDA_T8	S100A10	-0.7084256936515178
KCNMA1_KCNMB1	IU_PDA_T8	TRIM28	-0.7336004630359453
KCNMA1_KCNMB1	IU_PDA_T8	MIA	-0.734923848543614
KCNMA1_KCNMB1	IU_PDA_T8	PSMA7	-0.7414584160204559
KCNMA1_KCNMB1	IU_PDA_T8	KCNK6	-0.7791515492819457
KCNMA1_KCNMB1	IU_PDA_T8	S100A11	-0.7920666957166271
KCNMA1_KCNMB1	IU_PDA_T8	PTGES3	-0.8332296037489997
KCNMA1_KCNMB1	IU_PDA_T8	PLXNB2	-0.83562651005334
KCNMA1_KCNMB1	IU_PDA_T8	FAM49B	-0.8720917284479704
KCNMA1_KCNMB1	IU_PDA_T8	LUC7L3	-0.8909062040887171
KCNMA1_KCNMB1	IU_PDA_T8	IL33	-0.8915267033106642
KCNMA1_KCNMB1	IU_PDA_T8	CBLC	-0.9066577904921199
KCNMA1_KCNMB1	IU_PDA_T8	KRT18	-0.923254509403868
KCNMA1_KCNMB1	IU_PDA_T8	HSPA5	-0.9384098603602536
KCNMA1_KCNMB1	IU_PDA_T8	CTSE	-0.9408576799216972
KCNMA1_KCNMB1	IU_PDA_T8	PGK1	-0.9513125972175026
KCNMA1_KCNMB1	IU_PDA_T8	HSPA1A	-0.9648232673255733
KCNMA1_KCNMB1	IU_PDA_T8	BPIFB1	-0.9956720828022886
KCNMA1_KCNMB1	IU_PDA_T8	CP	-1.0012617973826046
KCNMA1_KCNMB1	IU_PDA_T8	HSP90AA1	-1.0039567971665817
KCNMA1_KCNMB1	IU_PDA_T8	CHCHD1	-1.0063040935371423
KCNMA1_KCNMB1	IU_PDA_T8	SPINT2	-1.006564746638844
KCNMA1_KCNMB1	IU_PDA_T8	CDKN1A	-1.0069136634671243
KCNMA1_KCNMB1	IU_PDA_T8	TACSTD2	-1.0235582814573396
KCNMA1_KCNMB1	IU_PDA_T8	C15orf48	-1.0952376071415715
KCNMA1_KCNMB1	IU_PDA_T8	NOP53	-1.1198644389982066
KCNMA1_KCNMB1	IU_PDA_T8	KRT8	-1.1298948023281399
KCNMA1_KCNMB1	IU_PDA_T8	CSTB	-1.1972227898486405
KCNMA1_KCNMB1	IU_PDA_T8	ADGRF1	-1.2066280226428714
KCNMA1_KCNMB1	IU_PDA_T8	KCNN4	-1.2980312175260045
KCNMA1_KCNMB1	IU_PDA_T8	HK2	-1.353181805637104
KCNMA1_KCNMB1	IU_PDA_T8	ARHGDIA	-1.402055926421425
KCNMA1_KCNMB1	IU_PDA_T8	HMGA1	-1.4022935513077235
KCNMA1_KCNMB1	IU_PDA_T8	UQCRQ	-1.443717711594154
KCNMA1_KCNMB1	IU_PDA_T8	EFNA1	-1.444164481941992
KCNMA1_KCNMB1	IU_PDA_T8	ITGB4	-1.445887182092232
KCNMA1_KCNMB1	IU_PDA_T8	PLBD1	-1.5221522843204407
KCNMA1_KCNMB1	IU_PDA_T8	KLF4	-1.53992341587177
KCNMA1_KCNMB1	IU_PDA_T8	MXD1	-1.547430982115375
KCNMA1_KCNMB1	IU_PDA_T8	TRNP1	-1.554309321911554
KCNMA1_KCNMB1	IU_PDA_T8	LAMC2	-1.5966680030297309
KCNMA1_KCNMB1	IU_PDA_T8	PIGR	-1.6022160459129864
KCNMA1_KCNMB1	IU_PDA_T8	GPI	-1.6805105968687086
KCNMA1_KCNMB1	IU_PDA_T8	ELF3	-1.6880293748343311
KCNMA1_KCNMB1	IU_PDA_T8	DMBT1	-1.7333518082576784
KCNMA1_KCNMB1	IU_PDA_T8	TMED2	-1.749169668098288
KCNMA1_KCNMB1	IU_PDA_T8	ARGLU1	-1.7737461207897576
KCNMA1_KCNMB1	IU_PDA_T8	SDC4	-1.7820880243398034
KCNMA1_KCNMB1	IU_PDA_T8	C19orf33	-1.7957143801873072
KCNMA1_KCNMB1	IU_PDA_T8	WASF2	-1.8394463400949257
KCNMA1_KCNMB1	IU_PDA_T8	PRRC2C	-1.8795087012173608
KCNMA1_KCNMB1	IU_PDA_T8	S100P	-1.8901305446248549
KCNMA1_KCNMB1	IU_PDA_T8	EFHD2	-1.9290256705860256
KCNMA1_KCNMB1	IU_PDA_T8	ACHE	-1.9544869344959752
KCNMA1_KCNMB1	IU_PDA_T8	TM4SF5	-1.9569793683811105
KCNMA1_KCNMB1	IU_PDA_T8	SDCBP2	-1.9853403772043485
KCNMA1_KCNMB1	IU_PDA_T8	RAI14	-2.0104090307340208
KCNMA1_KCNMB1	IU_PDA_T8	LCN2	-2.0386091553654992
KCNMA1_KCNMB1	IU_PDA_T8	TSPAN3	-2.0405022623908997
KCNMA1_KCNMB1	IU_PDA_T8	GOLM1	-2.0756049741428013
KCNMA1_KCNMB1	IU_PDA_T8	HKDC1	-2.1223702721067235
KCNMA1_KCNMB1	IU_PDA_T8	HID1	-2.1616561353212993
KCNMA1_KCNMB1	IU_PDA_T8	CDC42EP5	-2.1986060191879684
KCNMA1_KCNMB1	IU_PDA_T8	CHCHD2	-2.205090072434074
KCNMA1_KCNMB1	IU_PDA_T8	MLPH	-2.2074708418891316
KCNMA1_KCNMB1	IU_PDA_T8	HIST1H3H	-2.2519974455029126
KCNMA1_KCNMB1	IU_PDA_T8	HIST1H4E	-2.2762919881701036
KCNMA1_KCNMB1	IU_PDA_T8	CYSTM1	-2.2911723302996996
KCNMA1_KCNMB1	IU_PDA_T8	MUC6	-2.356788817091032
KCNMA1_KCNMB1	IU_PDA_T8	TOB1	-2.364886146218119
KCNMA1_KCNMB1	IU_PDA_T8	IGFBP2	-2.379431842873453
KCNMA1_KCNMB1	IU_PDA_T8	INF2	-2.3929438149388758
KCNMA1_KCNMB1	IU_PDA_T8	SPINK1	-2.401563649400999
KCNMA1_KCNMB1	IU_PDA_T8	CXCL17	-2.4332813771602333
KCNMA1_KCNMB1	IU_PDA_T8	SEMA4B	-2.435056342527721
KCNMA1_KCNMB1	IU_PDA_T8	COLGALT2	-2.4362539755040125
KCNMA1_KCNMB1	IU_PDA_T8	ATP1B1	-2.456781444403564
KCNMA1_KCNMB1	IU_PDA_T8	CLU	-2.4781642242054693
KCNMA1_KCNMB1	IU_PDA_T8	MAL2	-2.478517217436665
KCNMA1_KCNMB1	IU_PDA_T8	SLPI	-2.58214093105041
KCNMA1_KCNMB1	IU_PDA_T8	CRIP1	-2.611098717539354
KCNMA1_KCNMB1	IU_PDA_T8	MUC5AC	-2.615550723470688
KCNMA1_KCNMB1	IU_PDA_T8	ANXA11	-2.652721871345496
KCNMA1_KCNMB1	IU_PDA_T8	ANG	-2.6588989035983346
KCNMA1_KCNMB1	IU_PDA_T8	VSIG1	-2.6847692742526554
KCNMA1_KCNMB1	IU_PDA_T8	CTSH	-2.703979889062215
KCNMA1_KCNMB1	IU_PDA_T8	AZGP1	-2.7462998571010973
KCNMA1_KCNMB1	IU_PDA_T8	NET1	-2.753150293682757
KCNMA1_KCNMB1	IU_PDA_T8	HIST1H2BB	-2.7768970779750415
KCNMA1_KCNMB1	IU_PDA_T8	PCDH1	-2.812274143591223
KCNMA1_KCNMB1	IU_PDA_T8	MSMB	-2.8644019271815555
KCNMA1_KCNMB1	IU_PDA_T8	DUOX2	-2.867503696612504
KCNMA1_KCNMB1	IU_PDA_T8	TSPAN1	-2.913668387689956
KCNMA1_KCNMB1	IU_PDA_T8	HSPA1B	-2.9318056207611956
KCNMA1_KCNMB1	IU_PDA_T8	CLDN7	-2.967027865723225
KCNMA1_KCNMB1	IU_PDA_T8	CEACAM5	-2.990340558752193
KCNMA1_KCNMB1	IU_PDA_T8	PSCA	-3.117968372583765
KCNMA1_KCNMB1	IU_PDA_T8	ASS1	-3.1437314757189934
KCNMA1_KCNMB1	IU_PDA_T8	GATA6	-3.1911358675797508
KCNMA1_KCNMB1	IU_PDA_T8	CHMP2B	-3.2096949416289635
KCNMA1_KCNMB1	IU_PDA_T8	LYPD2	-3.238942864777757
KCNMA1_KCNMB1	IU_PDA_T8	SULT1C2	-3.3134219783334555
KCNMA1_KCNMB1	IU_PDA_T8	CD55	-3.3769598399977365
KCNMA1_KCNMB1	IU_PDA_T8	MUC17	-3.3916342201122562
KCNMA1_KCNMB1	IU_PDA_T8	LGALS4	-3.4217555341385286
KCNMA1_KCNMB1	IU_PDA_T8	KCNK1	-3.5242846822136737
KCNMA1_KCNMB1	IU_PDA_T8	POF1B	-3.5275594893748283
KCNMA1_KCNMB1	IU_PDA_T8	CEBPG	-3.5908206180193223
KCNMA1_KCNMB1	IU_PDA_T8	F5	-3.6344223857902582
KCNMA1_KCNMB1	IU_PDA_T8	FER1L6	-3.6740071880358482
KCNMA1_KCNMB1	IU_PDA_T8	GCNT3	-3.7419850165331794
KCNMA1_KCNMB1	IU_PDA_T8	REG4	-3.7941800712080154
KCNMA1_KCNMB1	IU_PDA_T8	TFF1	-4.023996858570897
KCNMA1_KCNMB1	IU_PDA_T8	MUC3A	-4.027447993822119
KCNMA1_KCNMB1	IU_PDA_T8	KLF5	-4.036508491064749
KCNMA1_KCNMB1	IU_PDA_T8	TFF2	-4.352875779393056
KCNMA1_KCNMB4	IU_PDA_T8	SFRP2	4.83938702907749
KCNMA1_KCNMB4	IU_PDA_T8	TYMP	4.825399477932394
KCNMA1_KCNMB4	IU_PDA_T8	SPON2	4.7272929726915525
KCNMA1_KCNMB4	IU_PDA_T8	APOE	4.528589716903197
KCNMA1_KCNMB4	IU_PDA_T8	GGT5	4.467919581544762
KCNMA1_KCNMB4	IU_PDA_T8	C1QC	4.436904979835075
KCNMA1_KCNMB4	IU_PDA_T8	PLAU	4.4070989069569855
KCNMA1_KCNMB4	IU_PDA_T8	C1QA	4.286069799988557
KCNMA1_KCNMB4	IU_PDA_T8	MMP14	4.224887858018512
KCNMA1_KCNMB4	IU_PDA_T8	C11orf96	4.209516778441954
KCNMA1_KCNMB4	IU_PDA_T8	IGFBP4	4.188617198730133
KCNMA1_KCNMB4	IU_PDA_T8	FSTL1	4.156016368700912
KCNMA1_KCNMB4	IU_PDA_T8	CD163	4.105567360477427
KCNMA1_KCNMB4	IU_PDA_T8	CCL18	4.105000703991221
KCNMA1_KCNMB4	IU_PDA_T8	FJX1	4.099935805347115
KCNMA1_KCNMB4	IU_PDA_T8	FBXO32	4.076206322701245
KCNMA1_KCNMB4	IU_PDA_T8	IFI30	4.066317772929678
KCNMA1_KCNMB4	IU_PDA_T8	TIMP3	4.065473710016361
KCNMA1_KCNMB4	IU_PDA_T8	KLK10	4.0323123884584975
KCNMA1_KCNMB4	IU_PDA_T8	CD74	4.028515916714292
KCNMA1_KCNMB4	IU_PDA_T8	COL1A1	4.0014571668496925
KCNMA1_KCNMB4	IU_PDA_T8	LAPTM5	3.9955879527266975
KCNMA1_KCNMB4	IU_PDA_T8	COL18A1	3.9844775348394035
KCNMA1_KCNMB4	IU_PDA_T8	HLA-DRA	3.9781487747996658
KCNMA1_KCNMB4	IU_PDA_T8	EMILIN1	3.963795747426587
KCNMA1_KCNMB4	IU_PDA_T8	LGALS1	3.9293398580454295
KCNMA1_KCNMB4	IU_PDA_T8	PDGFRB	3.8434041083871713
KCNMA1_KCNMB4	IU_PDA_T8	MT1E	3.833279569622236
KCNMA1_KCNMB4	IU_PDA_T8	C1QB	3.823401739400642
KCNMA1_KCNMB4	IU_PDA_T8	DCN	3.81989721604468
KCNMA1_KCNMB4	IU_PDA_T8	HLA-DQA1	3.818935724797701
KCNMA1_KCNMB4	IU_PDA_T8	SULF1	3.773731357867367
KCNMA1_KCNMB4	IU_PDA_T8	SFRP4	3.716271894299992
KCNMA1_KCNMB4	IU_PDA_T8	IGFBP5	3.7096999859566964
KCNMA1_KCNMB4	IU_PDA_T8	CTHRC1	3.702868272912992
KCNMA1_KCNMB4	IU_PDA_T8	COL6A3	3.6914742347913347
KCNMA1_KCNMB4	IU_PDA_T8	TNS1	3.673646883035107
KCNMA1_KCNMB4	IU_PDA_T8	SOCS3	3.6546189007333822
KCNMA1_KCNMB4	IU_PDA_T8	APOD	3.62962676057683
KCNMA1_KCNMB4	IU_PDA_T8	CRISPLD2	3.6245361680180666
KCNMA1_KCNMB4	IU_PDA_T8	HLA-DPA1	3.6127138667459944
KCNMA1_KCNMB4	IU_PDA_T8	THY1	3.6036795493483704
KCNMA1_KCNMB4	IU_PDA_T8	ZFP36L2	3.572418652897218
KCNMA1_KCNMB4	IU_PDA_T8	IGHJ2	3.5670706546053053
KCNMA1_KCNMB4	IU_PDA_T8	AEBP1	3.529822077398346
KCNMA1_KCNMB4	IU_PDA_T8	COL3A1	3.514992642038289
KCNMA1_KCNMB4	IU_PDA_T8	FCGR2B	3.5049989779923267
KCNMA1_KCNMB4	IU_PDA_T8	DKK3	3.473685470906865
KCNMA1_KCNMB4	IU_PDA_T8	SAT1	3.4556549583679845
KCNMA1_KCNMB4	IU_PDA_T8	COL11A1	3.4518429094488443
KCNMA1_KCNMB4	IU_PDA_T8	TAGLN	3.443205565445165
KCNMA1_KCNMB4	IU_PDA_T8	IGFBP7	3.4407839172568124
KCNMA1_KCNMB4	IU_PDA_T8	CALD1	3.437952614227943
KCNMA1_KCNMB4	IU_PDA_T8	SERPINF1	3.421965791152053
KCNMA1_KCNMB4	IU_PDA_T8	HOPX	3.399000376454369
KCNMA1_KCNMB4	IU_PDA_T8	THBS4	3.3864623485001606
KCNMA1_KCNMB4	IU_PDA_T8	ERRFI1	3.3786766592506683
KCNMA1_KCNMB4	IU_PDA_T8	COL5A2	3.3681208023690594
KCNMA1_KCNMB4	IU_PDA_T8	BST2	3.355213828227523
KCNMA1_KCNMB4	IU_PDA_T8	COL4A2	3.340295165766847
KCNMA1_KCNMB4	IU_PDA_T8	THBS2	3.314707687701435
KCNMA1_KCNMB4	IU_PDA_T8	COL4A1	3.2920812906340715
KCNMA1_KCNMB4	IU_PDA_T8	CIRBP	3.278874898474473
KCNMA1_KCNMB4	IU_PDA_T8	COL5A1	3.2750717129438423
KCNMA1_KCNMB4	IU_PDA_T8	IL32	3.272584940309174
KCNMA1_KCNMB4	IU_PDA_T8	VSIG4	3.26545459013314
KCNMA1_KCNMB4	IU_PDA_T8	IGLV6-57	3.2598247355902
KCNMA1_KCNMB4	IU_PDA_T8	A2M	3.2516509562156957
KCNMA1_KCNMB4	IU_PDA_T8	TGFBI	3.2303817642596213
KCNMA1_KCNMB4	IU_PDA_T8	DDIT4	3.223232886295422
KCNMA1_KCNMB4	IU_PDA_T8	ADAMTS2	3.206488362011795
KCNMA1_KCNMB4	IU_PDA_T8	ODF3B	3.202106288348622
KCNMA1_KCNMB4	IU_PDA_T8	COL15A1	3.1981315964532495
KCNMA1_KCNMB4	IU_PDA_T8	ARPC2	3.148765187426087
KCNMA1_KCNMB4	IU_PDA_T8	TPM2	3.144939272099833
KCNMA1_KCNMB4	IU_PDA_T8	HSPB6	3.106379735751594
KCNMA1_KCNMB4	IU_PDA_T8	COL1A2	3.097054423414774
KCNMA1_KCNMB4	IU_PDA_T8	ISG15	3.0898133207389544
KCNMA1_KCNMB4	IU_PDA_T8	MMP11	3.0543921865701233
KCNMA1_KCNMB4	IU_PDA_T8	ACTA2	3.03962062846444
KCNMA1_KCNMB4	IU_PDA_T8	FBN1	3.0369231187543537
KCNMA1_KCNMB4	IU_PDA_T8	SRGN	3.0335936315505956
KCNMA1_KCNMB4	IU_PDA_T8	DEPP1	3.021021759438733
KCNMA1_KCNMB4	IU_PDA_T8	TIMP1	2.997728758009431
KCNMA1_KCNMB4	IU_PDA_T8	CERCAM	2.973621632957615
KCNMA1_KCNMB4	IU_PDA_T8	CD81	2.958785620688797
KCNMA1_KCNMB4	IU_PDA_T8	MYL9	2.9514507290876875
KCNMA1_KCNMB4	IU_PDA_T8	OLR1	2.941245831471735
KCNMA1_KCNMB4	IU_PDA_T8	IGLV3-1	2.922942753378448
KCNMA1_KCNMB4	IU_PDA_T8	THBS1	2.922250077934444
KCNMA1_KCNMB4	IU_PDA_T8	INHBA	2.9157487151532586
KCNMA1_KCNMB4	IU_PDA_T8	MT1X	2.9082978634517245
KCNMA1_KCNMB4	IU_PDA_T8	CXCL14	2.8978511687324944
KCNMA1_KCNMB4	IU_PDA_T8	VIM	2.8938767990973386
KCNMA1_KCNMB4	IU_PDA_T8	COL10A1	2.893795139057011
KCNMA1_KCNMB4	IU_PDA_T8	ANTXR1	2.840086828034796
KCNMA1_KCNMB4	IU_PDA_T8	CDH11	2.8355426200095177
KCNMA1_KCNMB4	IU_PDA_T8	CAVIN1	2.8000677159780465
KCNMA1_KCNMB4	IU_PDA_T8	ADAM19	2.7997216954322304
KCNMA1_KCNMB4	IU_PDA_T8	CCN2	2.7881315940272744
KCNMA1_KCNMB4	IU_PDA_T8	SMG1	2.7735507780625204
KCNMA1_KCNMB4	IU_PDA_T8	BGN	2.7664723918491316
KCNMA1_KCNMB4	IU_PDA_T8	IGHV5-10-1	2.745616474713791
KCNMA1_KCNMB4	IU_PDA_T8	S100A9	2.73937738933654
KCNMA1_KCNMB4	IU_PDA_T8	IGHA1	2.7016001223645456
KCNMA1_KCNMB4	IU_PDA_T8	DPEP1	2.6950405656075844
KCNMA1_KCNMB4	IU_PDA_T8	FCGR3A	2.679942271753531
KCNMA1_KCNMB4	IU_PDA_T8	CRP	2.675431473761985
KCNMA1_KCNMB4	IU_PDA_T8	IGLV9-49	2.6700461500247337
KCNMA1_KCNMB4	IU_PDA_T8	MMP2	2.668781945979337
KCNMA1_KCNMB4	IU_PDA_T8	EEF1B2	2.665690498691446
KCNMA1_KCNMB4	IU_PDA_T8	MXRA8	2.6358930689998026
KCNMA1_KCNMB4	IU_PDA_T8	SOD2	2.5996670531693806
KCNMA1_KCNMB4	IU_PDA_T8	MT2A	2.5612890094291276
KCNMA1_KCNMB4	IU_PDA_T8	POSTN	2.559594216657433
KCNMA1_KCNMB4	IU_PDA_T8	SLC11A1	2.553341109036367
KCNMA1_KCNMB4	IU_PDA_T8	APLNR	2.515174443213736
KCNMA1_KCNMB4	IU_PDA_T8	PDLIM3	2.4831536783436006
KCNMA1_KCNMB4	IU_PDA_T8	KCNS3	2.4781269173370695
KCNMA1_KCNMB4	IU_PDA_T8	MGP	2.466469248187172
KCNMA1_KCNMB4	IU_PDA_T8	MXRA7	2.4638560224550834
KCNMA1_KCNMB4	IU_PDA_T8	JCHAIN	2.4388186339528324
KCNMA1_KCNMB4	IU_PDA_T8	SERF2	2.426722749913144
KCNMA1_KCNMB4	IU_PDA_T8	REG1A	2.358765654883535
KCNMA1_KCNMB4	IU_PDA_T8	MYC	2.3533466565835854
KCNMA1_KCNMB4	IU_PDA_T8	KCNJ15	2.348916134134194
KCNMA1_KCNMB4	IU_PDA_T8	GLUL	2.3313322089424386
KCNMA1_KCNMB4	IU_PDA_T8	PTGDS	2.3009762730670995
KCNMA1_KCNMB4	IU_PDA_T8	COL6A1	2.299084372303937
KCNMA1_KCNMB4	IU_PDA_T8	TTR	2.2865791739505523
KCNMA1_KCNMB4	IU_PDA_T8	GNAS	2.2749779512027577
KCNMA1_KCNMB4	IU_PDA_T8	LUM	2.2562229896199386
KCNMA1_KCNMB4	IU_PDA_T8	RASD1	2.252994888431014
KCNMA1_KCNMB4	IU_PDA_T8	ENG	2.2288053173727524
KCNMA1_KCNMB4	IU_PDA_T8	IGHG1	2.2113536400887344
KCNMA1_KCNMB4	IU_PDA_T8	APOC1	2.2025604799922354
KCNMA1_KCNMB4	IU_PDA_T8	EPHA3	2.20187740911015
KCNMA1_KCNMB4	IU_PDA_T8	GREM1	2.1510073388439186
KCNMA1_KCNMB4	IU_PDA_T8	BOC	2.1501786383127843
KCNMA1_KCNMB4	IU_PDA_T8	ANKRD10	2.122789566977424
KCNMA1_KCNMB4	IU_PDA_T8	IGKC	2.111214150605172
KCNMA1_KCNMB4	IU_PDA_T8	CEBPD	2.10649344622974
KCNMA1_KCNMB4	IU_PDA_T8	KCNJ16	2.0857105731512973
KCNMA1_KCNMB4	IU_PDA_T8	KCNJ8	2.085454741794926
KCNMA1_KCNMB4	IU_PDA_T8	KLK6	2.0675581115536814
KCNMA1_KCNMB4	IU_PDA_T8	CST1	2.0000410538376934
KCNMA1_KCNMB4	IU_PDA_T8	C1S	1.991804238999083
KCNMA1_KCNMB4	IU_PDA_T8	C1R	1.986512032758946
KCNMA1_KCNMB4	IU_PDA_T8	KCNE4	1.9748462148851713
KCNMA1_KCNMB4	IU_PDA_T8	CCNI	1.9607671918006022
KCNMA1_KCNMB4	IU_PDA_T8	TNFRSF21	1.9112011862445901
KCNMA1_KCNMB4	IU_PDA_T8	CST3	1.891556531123173
KCNMA1_KCNMB4	IU_PDA_T8	CYP1B1	1.8903651177712582
KCNMA1_KCNMB4	IU_PDA_T8	TMEM204	1.8813083455877728
KCNMA1_KCNMB4	IU_PDA_T8	IGLC1	1.8612089298314403
KCNMA1_KCNMB4	IU_PDA_T8	GCG	1.8571213041596826
KCNMA1_KCNMB4	IU_PDA_T8	OLFML2B	1.8456572272753657
KCNMA1_KCNMB4	IU_PDA_T8	DERL3	1.8277058042952472
KCNMA1_KCNMB4	IU_PDA_T8	PLAT	1.7923093063872846
KCNMA1_KCNMB4	IU_PDA_T8	GABRP	1.7890239703644555
KCNMA1_KCNMB4	IU_PDA_T8	SLC1A5	1.7880513899270156
KCNMA1_KCNMB4	IU_PDA_T8	SLC12A7	1.7701728934108973
KCNMA1_KCNMB4	IU_PDA_T8	IFNGR2	1.7665738183815527
KCNMA1_KCNMB4	IU_PDA_T8	FN1	1.7503540113410407
KCNMA1_KCNMB4	IU_PDA_T8	SERPING1	1.718551964086027
KCNMA1_KCNMB4	IU_PDA_T8	ACIN1	1.686505888498144
KCNMA1_KCNMB4	IU_PDA_T8	LOXL2	1.6735134675953538
KCNMA1_KCNMB4	IU_PDA_T8	SPP1	1.637478959361505
KCNMA1_KCNMB4	IU_PDA_T8	RAC1	1.6368063751176127
KCNMA1_KCNMB4	IU_PDA_T8	MZB1	1.6070826779123477
KCNMA1_KCNMB4	IU_PDA_T8	AGT	1.5953708201027044
KCNMA1_KCNMB4	IU_PDA_T8	RCC2	1.580389003283624
KCNMA1_KCNMB4	IU_PDA_T8	IGKV4-1	1.5441212473912054
KCNMA1_KCNMB4	IU_PDA_T8	TLE5	1.5366231102578634
KCNMA1_KCNMB4	IU_PDA_T8	MMP7	1.5285338068051426
KCNMA1_KCNMB4	IU_PDA_T8	TAF15	1.5079553153595677
KCNMA1_KCNMB4	IU_PDA_T8	GPX4	1.4910099731164164
KCNMA1_KCNMB4	IU_PDA_T8	IER3	1.488883061368658
KCNMA1_KCNMB4	IU_PDA_T8	MFAP4	1.4830647931681824
KCNMA1_KCNMB4	IU_PDA_T8	CFTR	1.4582742301171825
KCNMA1_KCNMB4	IU_PDA_T8	SERPINA3	1.4506936006335016
KCNMA1_KCNMB4	IU_PDA_T8	JUN	1.4448711987441623
KCNMA1_KCNMB4	IU_PDA_T8	CTSB	1.4184125407728705
KCNMA1_KCNMB4	IU_PDA_T8	TENT5C	1.4116203543014472
KCNMA1_KCNMB4	IU_PDA_T8	COL6A2	1.3948402518326013
KCNMA1_KCNMB4	IU_PDA_T8	RACK1	1.3876481773742753
KCNMA1_KCNMB4	IU_PDA_T8	HDAC7	1.3867669064911774
KCNMA1_KCNMB4	IU_PDA_T8	SERPINA1	1.3423157338954754
KCNMA1_KCNMB4	IU_PDA_T8	KCND3	1.339990549100046
KCNMA1_KCNMB4	IU_PDA_T8	GABARAP	1.334974046451571
KCNMA1_KCNMB4	IU_PDA_T8	IGHM	1.3328953797691088
KCNMA1_KCNMB4	IU_PDA_T8	INS	1.33104696333054
KCNMA1_KCNMB4	IU_PDA_T8	KCNMA1_KCNMB1	1.3235239439905626
KCNMA1_KCNMB4	IU_PDA_T8	KCNAB2	1.3040523877794648
KCNMA1_KCNMB4	IU_PDA_T8	SPARC	1.2782122169693488
KCNMA1_KCNMB4	IU_PDA_T8	IGHV6-1	1.2775665108785934
KCNMA1_KCNMB4	IU_PDA_T8	SRRM2	1.2704514635251638
KCNMA1_KCNMB4	IU_PDA_T8	MARCO	1.2684644204243951
KCNMA1_KCNMB4	IU_PDA_T8	KCNMA1	1.2641106884084423
KCNMA1_KCNMB4	IU_PDA_T8	NECTIN2	1.2548195653859913
KCNMA1_KCNMB4	IU_PDA_T8	FCER1G	1.2348951026344717
KCNMA1_KCNMB4	IU_PDA_T8	HLA-E	1.1913622201951481
KCNMA1_KCNMB4	IU_PDA_T8	MAZ	1.1831410331364283
KCNMA1_KCNMB4	IU_PDA_T8	TYROBP	1.175846386934907
KCNMA1_KCNMB4	IU_PDA_T8	PTPA	1.1543282547979055
KCNMA1_KCNMB4	IU_PDA_T8	CRABP2	1.1506940331617008
KCNMA1_KCNMB4	IU_PDA_T8	CD68	1.129143362672539
KCNMA1_KCNMB4	IU_PDA_T8	HEXA	1.1207380149840955
KCNMA1_KCNMB4	IU_PDA_T8	KCNT2	1.102944942620589
KCNMA1_KCNMB4	IU_PDA_T8	ETNK1	1.1023554576448669
KCNMA1_KCNMB4	IU_PDA_T8	COLEC12	1.0902843611567838
KCNMA1_KCNMB4	IU_PDA_T8	C3	1.088448098444388
KCNMA1_KCNMB4	IU_PDA_T8	HIST1H1B	1.0699781883827217
KCNMA1_KCNMB4	IU_PDA_T8	FTH1	1.0547824499380616
KCNMA1_KCNMB4	IU_PDA_T8	CCN1	1.0379064885281697
KCNMA1_KCNMB4	IU_PDA_T8	MYH9	1.0363601833458487
KCNMA1_KCNMB4	IU_PDA_T8	FTL	1.0167860292865287
KCNMA1_KCNMB4	IU_PDA_T8	CCL21	0.995559818412026
KCNMA1_KCNMB4	IU_PDA_T8	ALOX5AP	0.9252498747505555
KCNMA1_KCNMB4	IU_PDA_T8	KCNK15	0.9086174894527085
KCNMA1_KCNMB4	IU_PDA_T8	RGS5	0.899268093518662
KCNMA1_KCNMB4	IU_PDA_T8	C7	0.8854331660899337
KCNMA1_KCNMB4	IU_PDA_T8	KCNMB4	0.8839350226271822
KCNMA1_KCNMB4	IU_PDA_T8	IGLC7	0.8759270139137693
KCNMA1_KCNMB4	IU_PDA_T8	PRELP	0.8084949271473548
KCNMA1_KCNMB4	IU_PDA_T8	PTGES3	0.8050990851400975
KCNMA1_KCNMB4	IU_PDA_T8	GRIPAP1	0.8023482961393014
KCNMA1_KCNMB4	IU_PDA_T8	TRIM28	0.7942451842933435
KCNMA1_KCNMB4	IU_PDA_T8	IGHV1-46	0.7841916015098722
KCNMA1_KCNMB4	IU_PDA_T8	MYEOV	0.7684836012084588
KCNMA1_KCNMB4	IU_PDA_T8	MUC4	0.755334524237517
KCNMA1_KCNMB4	IU_PDA_T8	LOX	0.7404859792478996
KCNMA1_KCNMB4	IU_PDA_T8	KCNMB1	0.7279309401765837
KCNMA1_KCNMB4	IU_PDA_T8	LENG8	0.7257054542579346
KCNMA1_KCNMB4	IU_PDA_T8	MPST	0.7255831031605996
KCNMA1_KCNMB4	IU_PDA_T8	JUP	0.7245512612895271
KCNMA1_KCNMB4	IU_PDA_T8	COL7A1	0.7232906429825662
KCNMA1_KCNMB4	IU_PDA_T8	HGS	0.7052051390683107
KCNMA1_KCNMB4	IU_PDA_T8	NCSTN	0.6866481077601362
KCNMA1_KCNMB4	IU_PDA_T8	CXCL5	0.6807874554823464
KCNMA1_KCNMB4	IU_PDA_T8	FOSB	0.6773998275634846
KCNMA1_KCNMB4	IU_PDA_T8	LUC7L3	0.6607831603107381
KCNMA1_KCNMB4	IU_PDA_T8	NDUFB9	0.6567222281046754
KCNMA1_KCNMB4	IU_PDA_T8	IGHJ6	0.6451304705419183
KCNMA1_KCNMB4	IU_PDA_T8	ICAM1	0.5831195823412968
KCNMA1_KCNMB4	IU_PDA_T8	KCNK3	0.5681120000846135
KCNMA1_KCNMB4	IU_PDA_T8	PDLIM7	0.5072690501333784
KCNMA1_KCNMB4	IU_PDA_T8	TREM1	0.4987325385076675
KCNMA1_KCNMB4	IU_PDA_T8	ANAPC16	0.49446570953641844
KCNMA1_KCNMB4	IU_PDA_T8	KCNN3	0.49030203554031393
KCNMA1_KCNMB4	IU_PDA_T8	ADM	0.46252157904696917
KCNMA1_KCNMB4	IU_PDA_T8	ITGA5	0.3960111304943092
KCNMA1_KCNMB4	IU_PDA_T8	SOX9	0.36852989889543597
KCNMA1_KCNMB4	IU_PDA_T8	IGHG4	0.36157130523044156
KCNMA1_KCNMB4	IU_PDA_T8	MME	0.302367567372862
KCNMA1_KCNMB4	IU_PDA_T8	SPATA20	0.2071086769045556
KCNMA1_KCNMB4	IU_PDA_T8	HSPA1A	0.18646296403607104
KCNMA1_KCNMB4	IU_PDA_T8	S100A11	0.18630716433046932
KCNMA1_KCNMB4	IU_PDA_T8	MDK	0.18493513059530464
KCNMA1_KCNMB4	IU_PDA_T8	IGHG2	0.14908633026012094
KCNMA1_KCNMB4	IU_PDA_T8	EPHA2	0.14234809516034347
KCNMA1_KCNMB4	IU_PDA_T8	CRISP3	0.10826211830310825
KCNMA1_KCNMB4	IU_PDA_T8	FOS	0.05772325913134314
KCNMA1_KCNMB4	IU_PDA_T8	KCNK17	-0.007846883707410997
KCNMA1_KCNMB4	IU_PDA_T8	FGG	-0.0746573783571474
KCNMA1_KCNMB4	IU_PDA_T8	KDM6A	-0.09887403093306966
KCNMA1_KCNMB4	IU_PDA_T8	GC	-0.110421833499223
KCNMA1_KCNMB4	IU_PDA_T8	UQCRQ	-0.12205261633400981
KCNMA1_KCNMB4	IU_PDA_T8	BCAM	-0.12698434584740986
KCNMA1_KCNMB4	IU_PDA_T8	HSPA6	-0.1648545749958923
KCNMA1_KCNMB4	IU_PDA_T8	KRT7	-0.17679997229897912
KCNMA1_KCNMB4	IU_PDA_T8	APOL1	-0.17689019591797628
KCNMA1_KCNMB4	IU_PDA_T8	SERPINE1	-0.19288887466299534
KCNMA1_KCNMB4	IU_PDA_T8	ZNF460	-0.19828907335904414
KCNMA1_KCNMB4	IU_PDA_T8	CHCHD1	-0.22108163506963247
KCNMA1_KCNMB4	IU_PDA_T8	KCNQ4	-0.26571597249982587
KCNMA1_KCNMB4	IU_PDA_T8	PDZK1IP1	-0.275975639440245
KCNMA1_KCNMB4	IU_PDA_T8	NUPR1	-0.2844202698841795
KCNMA1_KCNMB4	IU_PDA_T8	KCNC4	-0.3029411971260938
KCNMA1_KCNMB4	IU_PDA_T8	IGLV4-60	-0.46168481179383064
KCNMA1_KCNMB4	IU_PDA_T8	UGT1A6	-0.47113228574080807
KCNMA1_KCNMB4	IU_PDA_T8	CBLC	-0.4743411709806116
KCNMA1_KCNMB4	IU_PDA_T8	CDC42EP5	-0.4781860215754545
KCNMA1_KCNMB4	IU_PDA_T8	HID1	-0.4940552104412329
KCNMA1_KCNMB4	IU_PDA_T8	JUNB	-0.5497157196475154
KCNMA1_KCNMB4	IU_PDA_T8	IGHD	-0.5578597348719907
KCNMA1_KCNMB4	IU_PDA_T8	HMGA1	-0.5917560509919486
KCNMA1_KCNMB4	IU_PDA_T8	ANGPTL4	-0.6135253544163428
KCNMA1_KCNMB4	IU_PDA_T8	ERO1A	-0.6203834236007346
KCNMA1_KCNMB4	IU_PDA_T8	KCNN4	-0.6272107139927747
KCNMA1_KCNMB4	IU_PDA_T8	PLOD2	-0.6554410630480411
KCNMA1_KCNMB4	IU_PDA_T8	KCND2	-0.6619464632683036
KCNMA1_KCNMB4	IU_PDA_T8	TCP1	-0.6811627510597482
KCNMA1_KCNMB4	IU_PDA_T8	CA12	-0.6852316989577376
KCNMA1_KCNMB4	IU_PDA_T8	IL33	-0.6963692384923575
KCNMA1_KCNMB4	IU_PDA_T8	BPIFB1	-0.7246866771967506
KCNMA1_KCNMB4	IU_PDA_T8	BCAT1	-0.7318956826864408
KCNMA1_KCNMB4	IU_PDA_T8	C19orf33	-0.7444250507199084
KCNMA1_KCNMB4	IU_PDA_T8	MMP12	-0.7717869198380239
KCNMA1_KCNMB4	IU_PDA_T8	FAM49B	-0.7737519374284096
KCNMA1_KCNMB4	IU_PDA_T8	HIST1H3H	-0.8143374317911835
KCNMA1_KCNMB4	IU_PDA_T8	ABLIM3	-0.8815069265122579
KCNMA1_KCNMB4	IU_PDA_T8	SST	-0.8892540985661006
KCNMA1_KCNMB4	IU_PDA_T8	S100P	-0.9994000738376692
KCNMA1_KCNMB4	IU_PDA_T8	KCNK6	-1.0091640236344304
KCNMA1_KCNMB4	IU_PDA_T8	MIF	-1.1324434104301135
KCNMA1_KCNMB4	IU_PDA_T8	TACSTD2	-1.1669610323233541
KCNMA1_KCNMB4	IU_PDA_T8	EGLN3	-1.226139983995923
KCNMA1_KCNMB4	IU_PDA_T8	S100A10	-1.2478521616482645
KCNMA1_KCNMB4	IU_PDA_T8	TM4SF5	-1.3232445694384265
KCNMA1_KCNMB4	IU_PDA_T8	HIST1H4E	-1.3879732727686347
KCNMA1_KCNMB4	IU_PDA_T8	MIA	-1.388879181904514
KCNMA1_KCNMB4	IU_PDA_T8	RHOB	-1.3992917404372913
KCNMA1_KCNMB4	IU_PDA_T8	KRT18	-1.44382191958593
KCNMA1_KCNMB4	IU_PDA_T8	IGHG3	-1.4593058639587773
KCNMA1_KCNMB4	IU_PDA_T8	PLIN2	-1.4659055396949607
KCNMA1_KCNMB4	IU_PDA_T8	LY6E	-1.4777030333044667
KCNMA1_KCNMB4	IU_PDA_T8	ENO1	-1.5150841183906198
KCNMA1_KCNMB4	IU_PDA_T8	CDKN1A	-1.5570353604974028
KCNMA1_KCNMB4	IU_PDA_T8	CAST	-1.6002807019706784
KCNMA1_KCNMB4	IU_PDA_T8	CTSE	-1.6153600886507362
KCNMA1_KCNMB4	IU_PDA_T8	HSPA5	-1.6230451961789432
KCNMA1_KCNMB4	IU_PDA_T8	CP	-1.6242595798718866
KCNMA1_KCNMB4	IU_PDA_T8	HSP90AA1	-1.6367712282960698
KCNMA1_KCNMB4	IU_PDA_T8	CXCL8	-1.681214716528286
KCNMA1_KCNMB4	IU_PDA_T8	SPINT2	-1.6926151511916392
KCNMA1_KCNMB4	IU_PDA_T8	PNCK	-1.7544373877512818
KCNMA1_KCNMB4	IU_PDA_T8	ARRDC3	-1.7584525599494947
KCNMA1_KCNMB4	IU_PDA_T8	SDC4	-1.7655697514061084
KCNMA1_KCNMB4	IU_PDA_T8	MMP9	-1.7689576943873957
KCNMA1_KCNMB4	IU_PDA_T8	ACHE	-1.8019418239138194
KCNMA1_KCNMB4	IU_PDA_T8	CXCL17	-1.808852218121729
KCNMA1_KCNMB4	IU_PDA_T8	MUC6	-1.8236527850763198
KCNMA1_KCNMB4	IU_PDA_T8	C15orf48	-1.876695023789849
KCNMA1_KCNMB4	IU_PDA_T8	DMBT1	-1.882780004540252
KCNMA1_KCNMB4	IU_PDA_T8	PLBD1	-1.8935740828352798
KCNMA1_KCNMB4	IU_PDA_T8	PLAUR	-1.9080337877685871
KCNMA1_KCNMB4	IU_PDA_T8	PSMA7	-1.9283075112073347
KCNMA1_KCNMB4	IU_PDA_T8	PIGR	-1.9292868385666273
KCNMA1_KCNMB4	IU_PDA_T8	PLXNB2	-1.9537482543548421
KCNMA1_KCNMB4	IU_PDA_T8	PGK1	-1.9694225944629986
KCNMA1_KCNMB4	IU_PDA_T8	PFKP	-1.9796078483930275
KCNMA1_KCNMB4	IU_PDA_T8	ARGLU1	-1.9932224662004854
KCNMA1_KCNMB4	IU_PDA_T8	PFKFB3	-2.166511173646538
KCNMA1_KCNMB4	IU_PDA_T8	ID1	-2.1672596256395957
KCNMA1_KCNMB4	IU_PDA_T8	CSTB	-2.2092169431676227
KCNMA1_KCNMB4	IU_PDA_T8	CHCHD2	-2.232382842678238
KCNMA1_KCNMB4	IU_PDA_T8	EFNA1	-2.249824278724793
KCNMA1_KCNMB4	IU_PDA_T8	WASF2	-2.2532303361383015
KCNMA1_KCNMB4	IU_PDA_T8	KRT8	-2.286067573108059
KCNMA1_KCNMB4	IU_PDA_T8	COLGALT2	-2.2871201115761135
KCNMA1_KCNMB4	IU_PDA_T8	SLC2A1	-2.325088927010414
KCNMA1_KCNMB4	IU_PDA_T8	VEGFA	-2.3260876561448427
KCNMA1_KCNMB4	IU_PDA_T8	PRRC2C	-2.3359897810860955
KCNMA1_KCNMB4	IU_PDA_T8	HKDC1	-2.3684547206863735
KCNMA1_KCNMB4	IU_PDA_T8	GOLM1	-2.374918705665869
KCNMA1_KCNMB4	IU_PDA_T8	HIST1H2BB	-2.398752938223636
KCNMA1_KCNMB4	IU_PDA_T8	ADGRF1	-2.4047984988108118
KCNMA1_KCNMB4	IU_PDA_T8	MXD1	-2.4600511316599434
KCNMA1_KCNMB4	IU_PDA_T8	ARHGDIA	-2.4646799919250335
KCNMA1_KCNMB4	IU_PDA_T8	TRNP1	-2.5016362320808643
KCNMA1_KCNMB4	IU_PDA_T8	ITGB4	-2.5163944929449276
KCNMA1_KCNMB4	IU_PDA_T8	HK2	-2.577478623914824
KCNMA1_KCNMB4	IU_PDA_T8	SPINK1	-2.5798634304468275
KCNMA1_KCNMB4	IU_PDA_T8	LAMC2	-2.601649812450602
KCNMA1_KCNMB4	IU_PDA_T8	CLU	-2.6206270906577553
KCNMA1_KCNMB4	IU_PDA_T8	LCN2	-2.651657492595228
KCNMA1_KCNMB4	IU_PDA_T8	MSMB	-2.6626070092616803
KCNMA1_KCNMB4	IU_PDA_T8	TMED2	-2.6938613685999027
KCNMA1_KCNMB4	IU_PDA_T8	TOB1	-2.729412788194381
KCNMA1_KCNMB4	IU_PDA_T8	ATP1B1	-2.8076945199567143
KCNMA1_KCNMB4	IU_PDA_T8	NOP53	-2.8225091591166747
KCNMA1_KCNMB4	IU_PDA_T8	SDCBP2	-2.8662667253686007
KCNMA1_KCNMB4	IU_PDA_T8	CTSH	-2.8912196592186863
KCNMA1_KCNMB4	IU_PDA_T8	MUC5AC	-2.8935303267235866
KCNMA1_KCNMB4	IU_PDA_T8	EFHD2	-2.8985453518445485
KCNMA1_KCNMB4	IU_PDA_T8	RAI14	-2.911729087738709
KCNMA1_KCNMB4	IU_PDA_T8	CYSTM1	-2.9402133283704166
KCNMA1_KCNMB4	IU_PDA_T8	KLF4	-2.948257863068924
KCNMA1_KCNMB4	IU_PDA_T8	GATA6	-2.973368340792805
KCNMA1_KCNMB4	IU_PDA_T8	VSIG1	-3.0168155341078475
KCNMA1_KCNMB4	IU_PDA_T8	LYPD2	-3.0875052259664906
KCNMA1_KCNMB4	IU_PDA_T8	ELF3	-3.112363451583866
KCNMA1_KCNMB4	IU_PDA_T8	AZGP1	-3.1127423444882703
KCNMA1_KCNMB4	IU_PDA_T8	TSPAN3	-3.116508406686717
KCNMA1_KCNMB4	IU_PDA_T8	ANXA11	-3.133150574334905
KCNMA1_KCNMB4	IU_PDA_T8	NET1	-3.1410231838291867
KCNMA1_KCNMB4	IU_PDA_T8	ASS1	-3.1564960228960848
KCNMA1_KCNMB4	IU_PDA_T8	MLPH	-3.1588341938714914
KCNMA1_KCNMB4	IU_PDA_T8	MUC17	-3.164924454634869
KCNMA1_KCNMB4	IU_PDA_T8	MAL2	-3.174262206272486
KCNMA1_KCNMB4	IU_PDA_T8	CLDN7	-3.2860050022973257
KCNMA1_KCNMB4	IU_PDA_T8	DUOX2	-3.34001657962906
KCNMA1_KCNMB4	IU_PDA_T8	GCNT3	-3.3576834966569087
KCNMA1_KCNMB4	IU_PDA_T8	SLPI	-3.3824266652720008
KCNMA1_KCNMB4	IU_PDA_T8	FER1L6	-3.3922683432740333
KCNMA1_KCNMB4	IU_PDA_T8	TFF1	-3.40631812652065
KCNMA1_KCNMB4	IU_PDA_T8	GPI	-3.410711029868612
KCNMA1_KCNMB4	IU_PDA_T8	MUC3A	-3.43300653182546
KCNMA1_KCNMB4	IU_PDA_T8	MUC5B	-3.446058313349279
KCNMA1_KCNMB4	IU_PDA_T8	PSCA	-3.4562692028198683
KCNMA1_KCNMB4	IU_PDA_T8	KCNK1	-3.476499345647822
KCNMA1_KCNMB4	IU_PDA_T8	REG4	-3.49457120130444
KCNMA1_KCNMB4	IU_PDA_T8	IGFBP2	-3.577011605171411
KCNMA1_KCNMB4	IU_PDA_T8	INF2	-3.596889131335992
KCNMA1_KCNMB4	IU_PDA_T8	ANG	-3.618885241795346
KCNMA1_KCNMB4	IU_PDA_T8	POF1B	-3.6591595554817324
KCNMA1_KCNMB4	IU_PDA_T8	TSPAN1	-3.6731044896534373
KCNMA1_KCNMB4	IU_PDA_T8	CHMP2B	-3.674266768452485
KCNMA1_KCNMB4	IU_PDA_T8	F5	-3.7602784305075794
KCNMA1_KCNMB4	IU_PDA_T8	HSPA1B	-3.7840865342995924
KCNMA1_KCNMB4	IU_PDA_T8	PCDH1	-3.8000872610537897
KCNMA1_KCNMB4	IU_PDA_T8	CD55	-3.8116884899340784
KCNMA1_KCNMB4	IU_PDA_T8	CEBPG	-3.8191205396997767
KCNMA1_KCNMB4	IU_PDA_T8	LGALS4	-3.9211544045636977
KCNMA1_KCNMB4	IU_PDA_T8	CRIP1	-3.9738670316553897
KCNMA1_KCNMB4	IU_PDA_T8	CEACAM5	-4.000734714274151
KCNMA1_KCNMB4	IU_PDA_T8	SEMA4B	-4.042337518318493
KCNMA1_KCNMB4	IU_PDA_T8	TFF2	-4.228649957196518
KCNMA1_KCNMB4	IU_PDA_T8	SULT1C2	-4.348648574957225
KCNMA1_KCNMB4	IU_PDA_T8	KLF5	-4.49171341860242
KCNMA1_KCNMB1	IU_PDA_T9	NRXN3	9.572708060392765
KCNMA1_KCNMB1	IU_PDA_T9	SORBS1	9.49296163202702
KCNMA1_KCNMB1	IU_PDA_T9	SBSPON	9.46724599540391
KCNMA1_KCNMB1	IU_PDA_T9	PGM5	9.422389659466926
KCNMA1_KCNMB1	IU_PDA_T9	FLNC	9.37071008758779
KCNMA1_KCNMB1	IU_PDA_T9	PRUNE2	9.314309347897325
KCNMA1_KCNMB1	IU_PDA_T9	SYNM	9.299086341639693
KCNMA1_KCNMB1	IU_PDA_T9	ECRG4	9.282057403881078
KCNMA1_KCNMB1	IU_PDA_T9	SYNPO2	9.199362681516247
KCNMA1_KCNMB1	IU_PDA_T9	ANK2	9.198803778676913
KCNMA1_KCNMB1	IU_PDA_T9	BARX1	9.191394063924594
KCNMA1_KCNMB1	IU_PDA_T9	PLN	9.107897709192468
KCNMA1_KCNMB1	IU_PDA_T9	RGMA	9.07631083201752
KCNMA1_KCNMB1	IU_PDA_T9	CHRDL2	9.069674364109309
KCNMA1_KCNMB1	IU_PDA_T9	CHRM2	8.983403562328608
KCNMA1_KCNMB1	IU_PDA_T9	TNXB	8.761871099394593
KCNMA1_KCNMB1	IU_PDA_T9	RBPMS2	8.739485193279034
KCNMA1_KCNMB1	IU_PDA_T9	IL33	8.679324258419783
KCNMA1_KCNMB1	IU_PDA_T9	LMOD1	8.654580088522126
KCNMA1_KCNMB1	IU_PDA_T9	ACTG2	8.568164237055116
KCNMA1_KCNMB1	IU_PDA_T9	NRXN1	8.476127554603204
KCNMA1_KCNMB1	IU_PDA_T9	CRYAB	8.439741724253842
KCNMA1_KCNMB1	IU_PDA_T9	PRIMA1	8.39689605717064
KCNMA1_KCNMB1	IU_PDA_T9	ADCY5	8.372956445484052
KCNMA1_KCNMB1	IU_PDA_T9	ACKR1	8.340961606165877
KCNMA1_KCNMB1	IU_PDA_T9	CNN1	8.239878164961777
KCNMA1_KCNMB1	IU_PDA_T9	TMOD1	8.226059980413796
KCNMA1_KCNMB1	IU_PDA_T9	KCNMB1	8.216395765129354
KCNMA1_KCNMB1	IU_PDA_T9	PDK4	8.193510647715321
KCNMA1_KCNMB1	IU_PDA_T9	FAM83D	8.142343755333247
KCNMA1_KCNMB1	IU_PDA_T9	RBPMS	8.140773222900103
KCNMA1_KCNMB1	IU_PDA_T9	DES	8.134798448981138
KCNMA1_KCNMB1	IU_PDA_T9	RCAN2	8.119969806826633
KCNMA1_KCNMB1	IU_PDA_T9	CCDC3	8.081537893105335
KCNMA1_KCNMB1	IU_PDA_T9	GFRA1	8.007511800324473
KCNMA1_KCNMB1	IU_PDA_T9	ITGA8	7.861907626747155
KCNMA1_KCNMB1	IU_PDA_T9	PPP1R12B	7.839878377637691
KCNMA1_KCNMB1	IU_PDA_T9	CPXM2	7.803268168406546
KCNMA1_KCNMB1	IU_PDA_T9	NCAM1	7.6941717295591
KCNMA1_KCNMB1	IU_PDA_T9	IGFN1	7.675603886428268
KCNMA1_KCNMB1	IU_PDA_T9	STOM	7.647183788827782
KCNMA1_KCNMB1	IU_PDA_T9	PLA2G2A	7.629761528866519
KCNMA1_KCNMB1	IU_PDA_T9	KCNMA1	7.6184547507376585
KCNMA1_KCNMB1	IU_PDA_T9	MCAM	7.542870055263725
KCNMA1_KCNMB1	IU_PDA_T9	SPEG	7.542254690754475
KCNMA1_KCNMB1	IU_PDA_T9	PITX1	7.516025497013873
KCNMA1_KCNMB1	IU_PDA_T9	FOXF1	7.453608392349526
KCNMA1_KCNMB1	IU_PDA_T9	KCNMA1_KCNMB4	7.414838555754943
KCNMA1_KCNMB1	IU_PDA_T9	CKB	7.39056565003205
KCNMA1_KCNMB1	IU_PDA_T9	TNS1	7.32736361509217
KCNMA1_KCNMB1	IU_PDA_T9	PI16	7.31423614023295
KCNMA1_KCNMB1	IU_PDA_T9	SCRG1	7.311120690607739
KCNMA1_KCNMB1	IU_PDA_T9	S1PR3	7.2170958205083044
KCNMA1_KCNMB1	IU_PDA_T9	HSPB6	7.1956429104842305
KCNMA1_KCNMB1	IU_PDA_T9	CCDC69	7.184915031548181
KCNMA1_KCNMB1	IU_PDA_T9	CLU	7.153349319420316
KCNMA1_KCNMB1	IU_PDA_T9	ITGA7	7.11575292502556
KCNMA1_KCNMB1	IU_PDA_T9	ASB2	7.092437391804574
KCNMA1_KCNMB1	IU_PDA_T9	CAPN6	7.082996304061701
KCNMA1_KCNMB1	IU_PDA_T9	CFL2	7.004360843011046
KCNMA1_KCNMB1	IU_PDA_T9	MYLK	7.003098013322702
KCNMA1_KCNMB1	IU_PDA_T9	FABP4	6.989959266888058
KCNMA1_KCNMB1	IU_PDA_T9	SPARCL1	6.795110432503743
KCNMA1_KCNMB1	IU_PDA_T9	KCNN3	6.720039739345552
KCNMA1_KCNMB1	IU_PDA_T9	NFASC	6.665716813308655
KCNMA1_KCNMB1	IU_PDA_T9	AKAP6	6.634287057880314
KCNMA1_KCNMB1	IU_PDA_T9	RDH10	6.627929193542834
KCNMA1_KCNMB1	IU_PDA_T9	AGT	6.618863641193017
KCNMA1_KCNMB1	IU_PDA_T9	HSPB8	6.61093235760458
KCNMA1_KCNMB1	IU_PDA_T9	GUCY1A1	6.32246005033483
KCNMA1_KCNMB1	IU_PDA_T9	FXYD1	6.304556610673918
KCNMA1_KCNMB1	IU_PDA_T9	CCL19	6.285139318964609
KCNMA1_KCNMB1	IU_PDA_T9	AQP1	6.273162250855616
KCNMA1_KCNMB1	IU_PDA_T9	SCN7A	6.253232147746674
KCNMA1_KCNMB1	IU_PDA_T9	AKR1C2	6.234718334687629
KCNMA1_KCNMB1	IU_PDA_T9	OGN	6.199528330258438
KCNMA1_KCNMB1	IU_PDA_T9	SOD3	6.179844725762909
KCNMA1_KCNMB1	IU_PDA_T9	CAVIN2	6.173953145844552
KCNMA1_KCNMB1	IU_PDA_T9	PPP1R14A	6.023948522697752
KCNMA1_KCNMB1	IU_PDA_T9	MAP1B	5.993050018135253
KCNMA1_KCNMB1	IU_PDA_T9	FBLN5	5.7885874835144815
KCNMA1_KCNMB1	IU_PDA_T9	CCL21	5.697485842747409
KCNMA1_KCNMB1	IU_PDA_T9	HEYL	5.627876487330057
KCNMA1_KCNMB1	IU_PDA_T9	MS4A1	5.331079651100157
KCNMA1_KCNMB1	IU_PDA_T9	ADAMTS1	5.294204533107846
KCNMA1_KCNMB1	IU_PDA_T9	PTP4A3	5.234790840273182
KCNMA1_KCNMB1	IU_PDA_T9	MUSTN1	5.2052170136660045
KCNMA1_KCNMB1	IU_PDA_T9	ADAMTS4	5.027726685957326
KCNMA1_KCNMB1	IU_PDA_T9	IGHG3	5.005488740774733
KCNMA1_KCNMB1	IU_PDA_T9	ZNF331	4.88959238513305
KCNMA1_KCNMB1	IU_PDA_T9	EGFL7	4.768839080153943
KCNMA1_KCNMB1	IU_PDA_T9	MFAP4	4.624819460616922
KCNMA1_KCNMB1	IU_PDA_T9	FCMR	4.612838968207312
KCNMA1_KCNMB1	IU_PDA_T9	A2M	4.466004246252541
KCNMA1_KCNMB1	IU_PDA_T9	ABCA8	4.444530835136315
KCNMA1_KCNMB1	IU_PDA_T9	IGKV4-1	4.38313319260631
KCNMA1_KCNMB1	IU_PDA_T9	GREM1	4.204257052752622
KCNMA1_KCNMB1	IU_PDA_T9	LTF	4.1973341241027935
KCNMA1_KCNMB1	IU_PDA_T9	THBS4	4.114177818802478
KCNMA1_KCNMB1	IU_PDA_T9	C11orf96	4.056571987401041
KCNMA1_KCNMB1	IU_PDA_T9	SMOC2	4.035050554149219
KCNMA1_KCNMB1	IU_PDA_T9	IGFBP4	3.963152604386071
KCNMA1_KCNMB1	IU_PDA_T9	KCNQ4	3.9623969945287016
KCNMA1_KCNMB1	IU_PDA_T9	IGHA1	3.9426222396426653
KCNMA1_KCNMB1	IU_PDA_T9	KCNC4	3.8293922930906823
KCNMA1_KCNMB1	IU_PDA_T9	F13A1	3.8097110183841645
KCNMA1_KCNMB1	IU_PDA_T9	RHOB	3.7456003980615566
KCNMA1_KCNMB1	IU_PDA_T9	TNC	3.7449887607172108
KCNMA1_KCNMB1	IU_PDA_T9	IGHM	3.7228040777759572
KCNMA1_KCNMB1	IU_PDA_T9	CCR7	3.648070174217923
KCNMA1_KCNMB1	IU_PDA_T9	EPAS1	3.5809841390385504
KCNMA1_KCNMB1	IU_PDA_T9	MGP	3.5353670678551237
KCNMA1_KCNMB1	IU_PDA_T9	TSPAN7	3.4716456198180694
KCNMA1_KCNMB1	IU_PDA_T9	SELENOP	3.461571285780288
KCNMA1_KCNMB1	IU_PDA_T9	C3orf70	3.3575806649899023
KCNMA1_KCNMB1	IU_PDA_T9	CEBPD	3.285436050265562
KCNMA1_KCNMB1	IU_PDA_T9	FBLN2	3.2831056423332408
KCNMA1_KCNMB1	IU_PDA_T9	C7	3.268143955147702
KCNMA1_KCNMB1	IU_PDA_T9	SLIT3	3.26390909264788
KCNMA1_KCNMB1	IU_PDA_T9	NEXN	3.2493997473836616
KCNMA1_KCNMB1	IU_PDA_T9	MFGE8	3.1759152821412404
KCNMA1_KCNMB1	IU_PDA_T9	TPM2	3.0449519071013484
KCNMA1_KCNMB1	IU_PDA_T9	ADAMTS9	3.005302857949804
KCNMA1_KCNMB1	IU_PDA_T9	SLIT2	2.9796778484218396
KCNMA1_KCNMB1	IU_PDA_T9	CPE	2.8842362763988874
KCNMA1_KCNMB1	IU_PDA_T9	FCRL1	2.792984828528948
KCNMA1_KCNMB1	IU_PDA_T9	CCL2	2.7610703051330963
KCNMA1_KCNMB1	IU_PDA_T9	KCNK3	2.686559178796919
KCNMA1_KCNMB1	IU_PDA_T9	KCNT2	2.5411254874422458
KCNMA1_KCNMB1	IU_PDA_T9	PRSS23	2.5380030014429757
KCNMA1_KCNMB1	IU_PDA_T9	DHRS3	2.45268240945418
KCNMA1_KCNMB1	IU_PDA_T9	IGKC	2.437171675350714
KCNMA1_KCNMB1	IU_PDA_T9	C1R	2.419785171072175
KCNMA1_KCNMB1	IU_PDA_T9	STAB1	2.41165581447403
KCNMA1_KCNMB1	IU_PDA_T9	LTB	2.3577521724698887
KCNMA1_KCNMB1	IU_PDA_T9	KCNMB4	2.3025264166840134
KCNMA1_KCNMB1	IU_PDA_T9	CCDC80	2.2716200365488524
KCNMA1_KCNMB1	IU_PDA_T9	KCNAB2	2.2578492563482175
KCNMA1_KCNMB1	IU_PDA_T9	KCNJ8	2.217905108986643
KCNMA1_KCNMB1	IU_PDA_T9	PODN	2.179506661006822
KCNMA1_KCNMB1	IU_PDA_T9	LYVE1	2.136871053289415
KCNMA1_KCNMB1	IU_PDA_T9	IGHG4	2.115121121246852
KCNMA1_KCNMB1	IU_PDA_T9	NFIB	2.108417913476311
KCNMA1_KCNMB1	IU_PDA_T9	DCD	2.0781086411274186
KCNMA1_KCNMB1	IU_PDA_T9	KCNAB1	2.032557572633803
KCNMA1_KCNMB1	IU_PDA_T9	PDIA2	1.9735166481872077
KCNMA1_KCNMB1	IU_PDA_T9	PTGER3	1.9626062958048394
KCNMA1_KCNMB1	IU_PDA_T9	LYZ	1.8873437640822726
KCNMA1_KCNMB1	IU_PDA_T9	PDE1C	1.8824993207854053
KCNMA1_KCNMB1	IU_PDA_T9	FBLN1	1.8107042296092504
KCNMA1_KCNMB1	IU_PDA_T9	MUC6	1.736910356917315
KCNMA1_KCNMB1	IU_PDA_T9	SERPING1	1.7100766047656937
KCNMA1_KCNMB1	IU_PDA_T9	CHIA	1.5897500813470373
KCNMA1_KCNMB1	IU_PDA_T9	AOX1	1.585187979567959
KCNMA1_KCNMB1	IU_PDA_T9	CLIC5	1.5642036230673002
KCNMA1_KCNMB1	IU_PDA_T9	NUPR1	1.544055642440891
KCNMA1_KCNMB1	IU_PDA_T9	MYC	1.5263949609945566
KCNMA1_KCNMB1	IU_PDA_T9	NR4A2	1.5179077548806723
KCNMA1_KCNMB1	IU_PDA_T9	SVEP1	1.4731977798400862
KCNMA1_KCNMB1	IU_PDA_T9	KCNK17	1.4121309822389656
KCNMA1_KCNMB1	IU_PDA_T9	KCNK6	1.3567901500166542
KCNMA1_KCNMB1	IU_PDA_T9	GKN1	1.2788849534550857
KCNMA1_KCNMB1	IU_PDA_T9	TCEAL4	1.2268867950544882
KCNMA1_KCNMB1	IU_PDA_T9	KCND3	1.215589226367985
KCNMA1_KCNMB1	IU_PDA_T9	MFAP5	1.2147484278753613
KCNMA1_KCNMB1	IU_PDA_T9	CITED2	1.2069391969927108
KCNMA1_KCNMB1	IU_PDA_T9	CBLIF	1.2013454885975936
KCNMA1_KCNMB1	IU_PDA_T9	PTGDS	1.1816000376969331
KCNMA1_KCNMB1	IU_PDA_T9	KCNB1	1.1142585052957013
KCNMA1_KCNMB1	IU_PDA_T9	MYH10	1.1128700041014716
KCNMA1_KCNMB1	IU_PDA_T9	TNFSF14	1.1035319173291096
KCNMA1_KCNMB1	IU_PDA_T9	KCNJ15	1.0788204827615413
KCNMA1_KCNMB1	IU_PDA_T9	CST1	1.0736274630238034
KCNMA1_KCNMB1	IU_PDA_T9	ATP4A	1.0326168005827108
KCNMA1_KCNMB1	IU_PDA_T9	AZGP1	1.0112191925599878
KCNMA1_KCNMB1	IU_PDA_T9	OSR1	0.988308487754822
KCNMA1_KCNMB1	IU_PDA_T9	NTRK2	0.9800939502348994
KCNMA1_KCNMB1	IU_PDA_T9	SLC38A2	0.9575933449625982
KCNMA1_KCNMB1	IU_PDA_T9	STEAP4	0.947876670818774
KCNMA1_KCNMB1	IU_PDA_T9	PLTP	0.9360302620103177
KCNMA1_KCNMB1	IU_PDA_T9	ISM1	0.8757875541935092
KCNMA1_KCNMB1	IU_PDA_T9	SLCO2B1	0.8601991623618224
KCNMA1_KCNMB1	IU_PDA_T9	C1orf198	0.8431929271044026
KCNMA1_KCNMB1	IU_PDA_T9	MS4A7	0.7955789226258331
KCNMA1_KCNMB1	IU_PDA_T9	NPNT	0.7558295829743705
KCNMA1_KCNMB1	IU_PDA_T9	PLIN2	0.7487291862168184
KCNMA1_KCNMB1	IU_PDA_T9	CCL5	0.6323204619251098
KCNMA1_KCNMB1	IU_PDA_T9	MYH3	0.6270821900448811
KCNMA1_KCNMB1	IU_PDA_T9	ATP4B	0.6092353708692753
KCNMA1_KCNMB1	IU_PDA_T9	PTGIS	0.5922648370455429
KCNMA1_KCNMB1	IU_PDA_T9	APOD	0.5437019724504241
KCNMA1_KCNMB1	IU_PDA_T9	CD9	0.510332722460884
KCNMA1_KCNMB1	IU_PDA_T9	PGA5	0.4964968335667893
KCNMA1_KCNMB1	IU_PDA_T9	INMT	0.4925355382475215
KCNMA1_KCNMB1	IU_PDA_T9	FGF7	0.44208284212467996
KCNMA1_KCNMB1	IU_PDA_T9	VGLL3	0.3981242215067819
KCNMA1_KCNMB1	IU_PDA_T9	IL7R	0.38910331960672895
KCNMA1_KCNMB1	IU_PDA_T9	ARMC9	0.3763440117328112
KCNMA1_KCNMB1	IU_PDA_T9	SOD2	0.3679824511451297
KCNMA1_KCNMB1	IU_PDA_T9	CXCR4	0.3292012341912986
KCNMA1_KCNMB1	IU_PDA_T9	SRPX	0.31742204937590224
KCNMA1_KCNMB1	IU_PDA_T9	PSCA	0.2893671835891898
KCNMA1_KCNMB1	IU_PDA_T9	KCNA5	0.2876437959183806
KCNMA1_KCNMB1	IU_PDA_T9	GABRE	0.22388629764269016
KCNMA1_KCNMB1	IU_PDA_T9	LAMA5	0.2229462914321246
KCNMA1_KCNMB1	IU_PDA_T9	KCNE4	0.18656194371933155
KCNMA1_KCNMB1	IU_PDA_T9	ID4	0.16773439623711123
KCNMA1_KCNMB1	IU_PDA_T9	KCNK15	0.165313958775787
KCNMA1_KCNMB1	IU_PDA_T9	HBA1	0.11771475903230741
KCNMA1_KCNMB1	IU_PDA_T9	EFEMP1	0.07211658005477309
KCNMA1_KCNMB1	IU_PDA_T9	LIPF	-0.012786128170685111
KCNMA1_KCNMB1	IU_PDA_T9	MAF	-0.015127158406484143
KCNMA1_KCNMB1	IU_PDA_T9	PGC	-0.05653993274520144
KCNMA1_KCNMB1	IU_PDA_T9	IGHG1	-0.0589470850770105
KCNMA1_KCNMB1	IU_PDA_T9	HTRA1	-0.10026808740091586
KCNMA1_KCNMB1	IU_PDA_T9	SCG2	-0.10047818328278514
KCNMA1_KCNMB1	IU_PDA_T9	ID1	-0.15032976540347248
KCNMA1_KCNMB1	IU_PDA_T9	MT1G	-0.17049890511910026
KCNMA1_KCNMB1	IU_PDA_T9	LBH	-0.20851495230522266
KCNMA1_KCNMB1	IU_PDA_T9	RCAN1	-0.32704067912667223
KCNMA1_KCNMB1	IU_PDA_T9	CRIP1	-0.3447172765300551
KCNMA1_KCNMB1	IU_PDA_T9	HILPDA	-0.43475840397380766
KCNMA1_KCNMB1	IU_PDA_T9	PDGFRA	-0.44028304214370867
KCNMA1_KCNMB1	IU_PDA_T9	LXN	-0.4510362756309563
KCNMA1_KCNMB1	IU_PDA_T9	SPON2	-0.5383692409312827
KCNMA1_KCNMB1	IU_PDA_T9	FST	-0.5420795565815704
KCNMA1_KCNMB1	IU_PDA_T9	DEPP1	-0.5486259771919008
KCNMA1_KCNMB1	IU_PDA_T9	PLAT	-0.5933069666678077
KCNMA1_KCNMB1	IU_PDA_T9	CHI3L1	-0.6030544943497027
KCNMA1_KCNMB1	IU_PDA_T9	CFB	-0.6325973103702591
KCNMA1_KCNMB1	IU_PDA_T9	KCND2	-0.7129694242322703
KCNMA1_KCNMB1	IU_PDA_T9	FMOD	-0.7354444366437065
KCNMA1_KCNMB1	IU_PDA_T9	HAS1	-0.7843953408367988
KCNMA1_KCNMB1	IU_PDA_T9	GADD45B	-0.8188749933527496
KCNMA1_KCNMB1	IU_PDA_T9	HBA2	-0.8219969798694124
KCNMA1_KCNMB1	IU_PDA_T9	TSC22D3	-0.8537213669097545
KCNMA1_KCNMB1	IU_PDA_T9	MT1X	-0.890259364613722
KCNMA1_KCNMB1	IU_PDA_T9	GAS1	-0.9114787467052609
KCNMA1_KCNMB1	IU_PDA_T9	PCOLCE	-0.9351036511885334
KCNMA1_KCNMB1	IU_PDA_T9	IGFBP5	-0.9972386385940377
KCNMA1_KCNMB1	IU_PDA_T9	IGHG2	-0.9974734457062053
KCNMA1_KCNMB1	IU_PDA_T9	SERPINF1	-1.0292250190509424
KCNMA1_KCNMB1	IU_PDA_T9	CEMIP	-1.0485473952237714
KCNMA1_KCNMB1	IU_PDA_T9	KCNS3	-1.0779559936065464
KCNMA1_KCNMB1	IU_PDA_T9	IGF1	-1.0820522206261314
KCNMA1_KCNMB1	IU_PDA_T9	HIST1H1B	-1.12709607076625
KCNMA1_KCNMB1	IU_PDA_T9	IGLC1	-1.13125648054674
KCNMA1_KCNMB1	IU_PDA_T9	ITGA11	-1.132192657215714
KCNMA1_KCNMB1	IU_PDA_T9	JUN	-1.1946508538514795
KCNMA1_KCNMB1	IU_PDA_T9	MMP19	-1.2191841023217977
KCNMA1_KCNMB1	IU_PDA_T9	EPYC	-1.2765248121231871
KCNMA1_KCNMB1	IU_PDA_T9	FAM110C	-1.2904931480991824
KCNMA1_KCNMB1	IU_PDA_T9	STRA6	-1.3694791646169244
KCNMA1_KCNMB1	IU_PDA_T9	OLFM4	-1.5453993425324128
KCNMA1_KCNMB1	IU_PDA_T9	HOPX	-1.5502541832960286
KCNMA1_KCNMB1	IU_PDA_T9	PCDH1	-1.5812599876786253
KCNMA1_KCNMB1	IU_PDA_T9	S100A4	-1.6210973431566342
KCNMA1_KCNMB1	IU_PDA_T9	KCNK1	-1.6452304468999355
KCNMA1_KCNMB1	IU_PDA_T9	NFKBIZ	-1.646894441559064
KCNMA1_KCNMB1	IU_PDA_T9	CFH	-1.6479959720804849
KCNMA1_KCNMB1	IU_PDA_T9	BHLHE40	-1.7495531968020475
KCNMA1_KCNMB1	IU_PDA_T9	SAA2	-1.7517704644995218
KCNMA1_KCNMB1	IU_PDA_T9	PDGFD	-1.7590211482582954
KCNMA1_KCNMB1	IU_PDA_T9	CPXM1	-1.7654575984882321
KCNMA1_KCNMB1	IU_PDA_T9	ANO1	-1.8099827680754697
KCNMA1_KCNMB1	IU_PDA_T9	ECH1	-1.8340617405777264
KCNMA1_KCNMB1	IU_PDA_T9	TGFBI	-1.8569976263643047
KCNMA1_KCNMB1	IU_PDA_T9	GADD45A	-1.90717917747749
KCNMA1_KCNMB1	IU_PDA_T9	CXCL12	-1.9082280372787894
KCNMA1_KCNMB1	IU_PDA_T9	TAGLN2	-1.977346148879072
KCNMA1_KCNMB1	IU_PDA_T9	INPP4B	-1.9796168046850215
KCNMA1_KCNMB1	IU_PDA_T9	POSTN	-2.089693769749343
KCNMA1_KCNMB1	IU_PDA_T9	PDGFA	-2.1035671684422823
KCNMA1_KCNMB1	IU_PDA_T9	TGM2	-2.103896803262446
KCNMA1_KCNMB1	IU_PDA_T9	MT1E	-2.1058785662207096
KCNMA1_KCNMB1	IU_PDA_T9	ABHD2	-2.120046370255327
KCNMA1_KCNMB1	IU_PDA_T9	IGFBP3	-2.144030283884947
KCNMA1_KCNMB1	IU_PDA_T9	MEGF6	-2.1474262785455274
KCNMA1_KCNMB1	IU_PDA_T9	PSMC4	-2.161020714716109
KCNMA1_KCNMB1	IU_PDA_T9	FXYD5	-2.21739668061465
KCNMA1_KCNMB1	IU_PDA_T9	NR4A3	-2.2315558363541
KCNMA1_KCNMB1	IU_PDA_T9	ATF3	-2.284019033384639
KCNMA1_KCNMB1	IU_PDA_T9	WT1	-2.287158508425451
KCNMA1_KCNMB1	IU_PDA_T9	PODXL	-2.293264851429336
KCNMA1_KCNMB1	IU_PDA_T9	SAA1	-2.396308085438499
KCNMA1_KCNMB1	IU_PDA_T9	ACP5	-2.4063540823875558
KCNMA1_KCNMB1	IU_PDA_T9	KCNN4	-2.4151120144937366
KCNMA1_KCNMB1	IU_PDA_T9	GABRP	-2.4385189001273186
KCNMA1_KCNMB1	IU_PDA_T9	GATA6	-2.44082950977703
KCNMA1_KCNMB1	IU_PDA_T9	CTSK	-2.472827151986333
KCNMA1_KCNMB1	IU_PDA_T9	CXCL8	-2.551934942895989
KCNMA1_KCNMB1	IU_PDA_T9	PLEKHG6	-2.6379446387250782
KCNMA1_KCNMB1	IU_PDA_T9	PDLIM5	-2.689565052392984
KCNMA1_KCNMB1	IU_PDA_T9	ITGB6	-2.73965496267959
KCNMA1_KCNMB1	IU_PDA_T9	ENC1	-2.7484155831234895
KCNMA1_KCNMB1	IU_PDA_T9	EGR3	-2.780473843786353
KCNMA1_KCNMB1	IU_PDA_T9	DDIT4	-2.854447435181251
KCNMA1_KCNMB1	IU_PDA_T9	ANTXR1	-2.866640771413625
KCNMA1_KCNMB1	IU_PDA_T9	ANXA3	-2.911043524509859
KCNMA1_KCNMB1	IU_PDA_T9	ANKRD1	-2.9122425918654766
KCNMA1_KCNMB1	IU_PDA_T9	DUSP1	-2.9958985174806703
KCNMA1_KCNMB1	IU_PDA_T9	PAK4	-3.044759556626766
KCNMA1_KCNMB1	IU_PDA_T9	IGFBP2	-3.1913349166334477
KCNMA1_KCNMB1	IU_PDA_T9	C19orf33	-3.276715621977251
KCNMA1_KCNMB1	IU_PDA_T9	COL8A1	-3.301178928745414
KCNMA1_KCNMB1	IU_PDA_T9	MALL	-3.3161249413103455
KCNMA1_KCNMB1	IU_PDA_T9	CNN2	-3.3529126970662726
KCNMA1_KCNMB1	IU_PDA_T9	MMP11	-3.3785930831189446
KCNMA1_KCNMB1	IU_PDA_T9	ITGB4	-3.3855668492767745
KCNMA1_KCNMB1	IU_PDA_T9	LGALS4	-3.4210552718483505
KCNMA1_KCNMB1	IU_PDA_T9	EPS8L1	-3.4515863085319793
KCNMA1_KCNMB1	IU_PDA_T9	NNMT	-3.5374675199878327
KCNMA1_KCNMB1	IU_PDA_T9	NR4A1	-3.5614316984161194
KCNMA1_KCNMB1	IU_PDA_T9	LIF	-3.5699388991081693
KCNMA1_KCNMB1	IU_PDA_T9	ACTN4	-3.6019709524595505
KCNMA1_KCNMB1	IU_PDA_T9	ITGB8	-3.604879721656256
KCNMA1_KCNMB1	IU_PDA_T9	IL32	-3.6120652082228135
KCNMA1_KCNMB1	IU_PDA_T9	CRABP2	-3.65096516495012
KCNMA1_KCNMB1	IU_PDA_T9	HMGA2	-3.669511858921444
KCNMA1_KCNMB1	IU_PDA_T9	MMP2	-3.6852043997897135
KCNMA1_KCNMB1	IU_PDA_T9	LSR	-3.7031996401362925
KCNMA1_KCNMB1	IU_PDA_T9	SPINT2	-3.7457297968001697
KCNMA1_KCNMB1	IU_PDA_T9	CTSE	-3.767000588071027
KCNMA1_KCNMB1	IU_PDA_T9	S100A16	-3.8328434653681986
KCNMA1_KCNMB1	IU_PDA_T9	AEBP1	-3.849827154405702
KCNMA1_KCNMB1	IU_PDA_T9	CAPG	-3.8560936761176
KCNMA1_KCNMB1	IU_PDA_T9	ANLN	-3.8925820224165504
KCNMA1_KCNMB1	IU_PDA_T9	SEMA3C	-4.025670894633316
KCNMA1_KCNMB1	IU_PDA_T9	WFDC2	-4.0339080793493105
KCNMA1_KCNMB1	IU_PDA_T9	SGK1	-4.040871657540305
KCNMA1_KCNMB1	IU_PDA_T9	ITGA2	-4.052663684708292
KCNMA1_KCNMB1	IU_PDA_T9	SPINT1	-4.08973114434369
KCNMA1_KCNMB1	IU_PDA_T9	NBL1	-4.0961474712900285
KCNMA1_KCNMB1	IU_PDA_T9	COL5A1	-4.100697426224682
KCNMA1_KCNMB1	IU_PDA_T9	PADI1	-4.114206882699342
KCNMA1_KCNMB1	IU_PDA_T9	PRSS22	-4.131379662416881
KCNMA1_KCNMB1	IU_PDA_T9	MT2A	-4.132955165021707
KCNMA1_KCNMB1	IU_PDA_T9	MMP7	-4.159085711572896
KCNMA1_KCNMB1	IU_PDA_T9	SERINC2	-4.170632076663896
KCNMA1_KCNMB1	IU_PDA_T9	COL12A1	-4.20288177710763
KCNMA1_KCNMB1	IU_PDA_T9	SERPINA1	-4.204780973056951
KCNMA1_KCNMB1	IU_PDA_T9	LAD1	-4.205019221338017
KCNMA1_KCNMB1	IU_PDA_T9	RARRES2	-4.22251153184013
KCNMA1_KCNMB1	IU_PDA_T9	MMP9	-4.261268559129103
KCNMA1_KCNMB1	IU_PDA_T9	FOSB	-4.266264129984003
KCNMA1_KCNMB1	IU_PDA_T9	COL7A1	-4.311887620886487
KCNMA1_KCNMB1	IU_PDA_T9	MUC1	-4.32730044222407
KCNMA1_KCNMB1	IU_PDA_T9	EPHA2	-4.346458869562853
KCNMA1_KCNMB1	IU_PDA_T9	PSMD8	-4.3477671694606705
KCNMA1_KCNMB1	IU_PDA_T9	ATP1B1	-4.35198138532615
KCNMA1_KCNMB1	IU_PDA_T9	CXCL5	-4.369194484227593
KCNMA1_KCNMB1	IU_PDA_T9	ITGB5	-4.387700484895883
KCNMA1_KCNMB1	IU_PDA_T9	JUP	-4.405273453895293
KCNMA1_KCNMB1	IU_PDA_T9	CXCL14	-4.414689842524615
KCNMA1_KCNMB1	IU_PDA_T9	C15orf48	-4.431941600407581
KCNMA1_KCNMB1	IU_PDA_T9	MMP14	-4.4581221029133395
KCNMA1_KCNMB1	IU_PDA_T9	UBE2C	-4.470070056263334
KCNMA1_KCNMB1	IU_PDA_T9	COL5A2	-4.474208820894275
KCNMA1_KCNMB1	IU_PDA_T9	PMEPA1	-4.492956236096266
KCNMA1_KCNMB1	IU_PDA_T9	TNNT1	-4.501914678800451
KCNMA1_KCNMB1	IU_PDA_T9	OCIAD2	-4.510348846083758
KCNMA1_KCNMB1	IU_PDA_T9	ANXA2	-4.617442282721391
KCNMA1_KCNMB1	IU_PDA_T9	KLF5	-4.685535876299714
KCNMA1_KCNMB1	IU_PDA_T9	CDH11	-4.717372550037138
KCNMA1_KCNMB1	IU_PDA_T9	FXYD3	-4.725038341700811
KCNMA1_KCNMB1	IU_PDA_T9	SFRP2	-4.736945691495829
KCNMA1_KCNMB1	IU_PDA_T9	SKIL	-4.771519761984334
KCNMA1_KCNMB1	IU_PDA_T9	PIK3C2G	-4.854071214487324
KCNMA1_KCNMB1	IU_PDA_T9	SCNN1A	-4.861616825831005
KCNMA1_KCNMB1	IU_PDA_T9	IFITM10	-4.8644395124353395
KCNMA1_KCNMB1	IU_PDA_T9	VCAN	-4.9238605307812
KCNMA1_KCNMB1	IU_PDA_T9	EPCAM	-4.985728519908259
KCNMA1_KCNMB1	IU_PDA_T9	PTPRF	-4.988498057102509
KCNMA1_KCNMB1	IU_PDA_T9	EEF1A2	-4.992225211668672
KCNMA1_KCNMB1	IU_PDA_T9	KRT7	-4.992283251112329
KCNMA1_KCNMB1	IU_PDA_T9	SPP1	-5.01162816994722
KCNMA1_KCNMB1	IU_PDA_T9	S100A2	-5.016436598710444
KCNMA1_KCNMB1	IU_PDA_T9	AREG	-5.093032436395975
KCNMA1_KCNMB1	IU_PDA_T9	TACSTD2	-5.103588673238799
KCNMA1_KCNMB1	IU_PDA_T9	SLC2A1	-5.147407768830698
KCNMA1_KCNMB1	IU_PDA_T9	MAL2	-5.148299887837785
KCNMA1_KCNMB1	IU_PDA_T9	RUNX1	-5.157046156779035
KCNMA1_KCNMB1	IU_PDA_T9	ELF3	-5.189818361138803
KCNMA1_KCNMB1	IU_PDA_T9	AGRN	-5.216622473635274
KCNMA1_KCNMB1	IU_PDA_T9	COL10A1	-5.238602122079573
KCNMA1_KCNMB1	IU_PDA_T9	SYT8	-5.268384522372647
KCNMA1_KCNMB1	IU_PDA_T9	INAVA	-5.285922883904056
KCNMA1_KCNMB1	IU_PDA_T9	S100A11	-5.286798629997039
KCNMA1_KCNMB1	IU_PDA_T9	S100A14	-5.366678163100426
KCNMA1_KCNMB1	IU_PDA_T9	COL16A1	-5.389923069240444
KCNMA1_KCNMB1	IU_PDA_T9	ITGA3	-5.40337304847055
KCNMA1_KCNMB1	IU_PDA_T9	PLAU	-5.408903661412889
KCNMA1_KCNMB1	IU_PDA_T9	COL11A1	-5.479212464013873
KCNMA1_KCNMB1	IU_PDA_T9	LCN2	-5.515143684757208
KCNMA1_KCNMB1	IU_PDA_T9	LAMC2	-5.615172883918838
KCNMA1_KCNMB1	IU_PDA_T9	HMGA1	-5.684580546339968
KCNMA1_KCNMB1	IU_PDA_T9	SFRP4	-5.6873145625590835
KCNMA1_KCNMB1	IU_PDA_T9	KRT5	-5.765669193686808
KCNMA1_KCNMB1	IU_PDA_T9	CLDN4	-5.775975845647355
KCNMA1_KCNMB1	IU_PDA_T9	KLF6	-5.80897148381209
KCNMA1_KCNMB1	IU_PDA_T9	SLPI	-5.819042423135474
KCNMA1_KCNMB1	IU_PDA_T9	CTHRC1	-5.987513795137121
KCNMA1_KCNMB1	IU_PDA_T9	LAMB3	-5.999039610867321
KCNMA1_KCNMB1	IU_PDA_T9	GJB2	-6.000278587952883
KCNMA1_KCNMB1	IU_PDA_T9	LAMA3	-6.017251992156617
KCNMA1_KCNMB1	IU_PDA_T9	EGR1	-6.035980342848441
KCNMA1_KCNMB1	IU_PDA_T9	RGS16	-6.045375997427812
KCNMA1_KCNMB1	IU_PDA_T9	GPRC5A	-6.075237511573979
KCNMA1_KCNMB1	IU_PDA_T9	INHBA	-6.101612230021285
KCNMA1_KCNMB1	IU_PDA_T9	CDH1	-6.136734803367217
KCNMA1_KCNMB1	IU_PDA_T9	SULF1	-6.281240987781099
KCNMA1_KCNMB1	IU_PDA_T9	MYH14	-6.314358284058655
KCNMA1_KCNMB1	IU_PDA_T9	DCBLD2	-6.324759264231134
KCNMA1_KCNMB1	IU_PDA_T9	CCN1	-6.364807995419351
KCNMA1_KCNMB1	IU_PDA_T9	SDC1	-6.394965248797806
KCNMA1_KCNMB1	IU_PDA_T9	TNFRSF12A	-6.616254626588415
KCNMA1_KCNMB1	IU_PDA_T9	KRT18	-6.906317705957514
KCNMA1_KCNMB1	IU_PDA_T9	KRT8	-7.0329589060697435
KCNMA1_KCNMB1	IU_PDA_T9	ERRFI1	-7.2433948262927625
KCNMA1_KCNMB1	IU_PDA_T9	THBS2	-7.39059745162783
KCNMA1_KCNMB1	IU_PDA_T9	CCN2	-7.504297305158294
KCNMA1_KCNMB1	IU_PDA_T9	SERPINE1	-7.959308978423894
KCNMA1_KCNMB4	IU_PDA_T9	PGM5	8.02501748765694
KCNMA1_KCNMB4	IU_PDA_T9	ECRG4	7.973617825850971
KCNMA1_KCNMB4	IU_PDA_T9	CHRDL2	7.786039610296936
KCNMA1_KCNMB4	IU_PDA_T9	PRUNE2	7.725944484717391
KCNMA1_KCNMB4	IU_PDA_T9	SORBS1	7.713826211334064
KCNMA1_KCNMB4	IU_PDA_T9	PRIMA1	7.66354981694281
KCNMA1_KCNMB4	IU_PDA_T9	NRXN3	7.6432776220175604
KCNMA1_KCNMB4	IU_PDA_T9	SBSPON	7.592059118456886
KCNMA1_KCNMB4	IU_PDA_T9	FLNC	7.518518353772976
KCNMA1_KCNMB4	IU_PDA_T9	NRXN1	7.510982478851015
KCNMA1_KCNMB4	IU_PDA_T9	CHRM2	7.433511865818366
KCNMA1_KCNMB4	IU_PDA_T9	CRYAB	7.423220270722107
KCNMA1_KCNMB4	IU_PDA_T9	KCNMA1_KCNMB1	7.414838555754943
KCNMA1_KCNMB4	IU_PDA_T9	TMOD1	7.413364225914206
KCNMA1_KCNMB4	IU_PDA_T9	SYNPO2	7.336931583336144
KCNMA1_KCNMB4	IU_PDA_T9	SYNM	7.320483731459495
KCNMA1_KCNMB4	IU_PDA_T9	RGMA	7.257860771357164
KCNMA1_KCNMB4	IU_PDA_T9	ANK2	7.246440783754728
KCNMA1_KCNMB4	IU_PDA_T9	BARX1	7.227628891646039
KCNMA1_KCNMB4	IU_PDA_T9	RBPMS2	7.067995616712939
KCNMA1_KCNMB4	IU_PDA_T9	TNXB	6.983596477658548
KCNMA1_KCNMB4	IU_PDA_T9	NCAM1	6.96588056700749
KCNMA1_KCNMB4	IU_PDA_T9	FAM83D	6.956646358148829
KCNMA1_KCNMB4	IU_PDA_T9	KCNMB1	6.927023896381873
KCNMA1_KCNMB4	IU_PDA_T9	LMOD1	6.899968081951353
KCNMA1_KCNMB4	IU_PDA_T9	KCNMA1	6.891835614925499
KCNMA1_KCNMB4	IU_PDA_T9	PITX1	6.782297246085717
KCNMA1_KCNMB4	IU_PDA_T9	RCAN2	6.779656855478261
KCNMA1_KCNMB4	IU_PDA_T9	ADCY5	6.759532782141893
KCNMA1_KCNMB4	IU_PDA_T9	ACTG2	6.736876522513925
KCNMA1_KCNMB4	IU_PDA_T9	PLN	6.733419966186272
KCNMA1_KCNMB4	IU_PDA_T9	GFRA1	6.728057861770013
KCNMA1_KCNMB4	IU_PDA_T9	IGFN1	6.68745171447713
KCNMA1_KCNMB4	IU_PDA_T9	CAPN6	6.635451252684802
KCNMA1_KCNMB4	IU_PDA_T9	IL33	6.616192515405199
KCNMA1_KCNMB4	IU_PDA_T9	CNN1	6.4969175084259225
KCNMA1_KCNMB4	IU_PDA_T9	CCDC3	6.49463745321702
KCNMA1_KCNMB4	IU_PDA_T9	PDK4	6.458061641164383
KCNMA1_KCNMB4	IU_PDA_T9	ITGA8	6.442350306963682
KCNMA1_KCNMB4	IU_PDA_T9	STOM	6.439503898459964
KCNMA1_KCNMB4	IU_PDA_T9	RBPMS	6.384889944135075
KCNMA1_KCNMB4	IU_PDA_T9	ACKR1	6.377039815608908
KCNMA1_KCNMB4	IU_PDA_T9	NFASC	6.252007084647161
KCNMA1_KCNMB4	IU_PDA_T9	CLU	6.249809331208884
KCNMA1_KCNMB4	IU_PDA_T9	DES	6.234580927826706
KCNMA1_KCNMB4	IU_PDA_T9	FABP4	6.228719556925849
KCNMA1_KCNMB4	IU_PDA_T9	S1PR3	6.207170592999499
KCNMA1_KCNMB4	IU_PDA_T9	TNS1	6.130642962935792
KCNMA1_KCNMB4	IU_PDA_T9	ASB2	6.116471011483782
KCNMA1_KCNMB4	IU_PDA_T9	PPP1R12B	6.101813857289659
KCNMA1_KCNMB4	IU_PDA_T9	FOXF1	6.0923733886351625
KCNMA1_KCNMB4	IU_PDA_T9	FXYD1	6.026017975755644
KCNMA1_KCNMB4	IU_PDA_T9	HSPB6	6.0156244264267515
KCNMA1_KCNMB4	IU_PDA_T9	CKB	6.000142468254567
KCNMA1_KCNMB4	IU_PDA_T9	SCRG1	5.904136498738493
KCNMA1_KCNMB4	IU_PDA_T9	PLA2G2A	5.887211130182947
KCNMA1_KCNMB4	IU_PDA_T9	MCAM	5.789318569546727
KCNMA1_KCNMB4	IU_PDA_T9	ITGA7	5.78321333817817
KCNMA1_KCNMB4	IU_PDA_T9	PI16	5.772604332065822
KCNMA1_KCNMB4	IU_PDA_T9	CPXM2	5.749757805360329
KCNMA1_KCNMB4	IU_PDA_T9	SPARCL1	5.748432887715735
KCNMA1_KCNMB4	IU_PDA_T9	OGN	5.68739871608362
KCNMA1_KCNMB4	IU_PDA_T9	GUCY1A1	5.587960636341584
KCNMA1_KCNMB4	IU_PDA_T9	KCNN3	5.567074066613312
KCNMA1_KCNMB4	IU_PDA_T9	SPEG	5.4773744390758505
KCNMA1_KCNMB4	IU_PDA_T9	AGT	5.430219805731454
KCNMA1_KCNMB4	IU_PDA_T9	CFL2	5.357151369599979
KCNMA1_KCNMB4	IU_PDA_T9	CCDC69	5.355103568733618
KCNMA1_KCNMB4	IU_PDA_T9	SCN7A	5.291425115677053
KCNMA1_KCNMB4	IU_PDA_T9	AKAP6	5.254948429637275
KCNMA1_KCNMB4	IU_PDA_T9	HSPB8	5.156957267216271
KCNMA1_KCNMB4	IU_PDA_T9	FBLN5	5.138297347140263
KCNMA1_KCNMB4	IU_PDA_T9	RDH10	5.016150606266881
KCNMA1_KCNMB4	IU_PDA_T9	MYLK	4.988739962111869
KCNMA1_KCNMB4	IU_PDA_T9	PPP1R14A	4.803528150078833
KCNMA1_KCNMB4	IU_PDA_T9	AKR1C2	4.7550793208259305
KCNMA1_KCNMB4	IU_PDA_T9	AQP1	4.682656161983243
KCNMA1_KCNMB4	IU_PDA_T9	MFAP4	4.652998558942956
KCNMA1_KCNMB4	IU_PDA_T9	SOD3	4.650063174248068
KCNMA1_KCNMB4	IU_PDA_T9	MAP1B	4.60937869666355
KCNMA1_KCNMB4	IU_PDA_T9	CAVIN2	4.503942435754547
KCNMA1_KCNMB4	IU_PDA_T9	CCL19	4.484598877588201
KCNMA1_KCNMB4	IU_PDA_T9	ABCA8	4.231055135570937
KCNMA1_KCNMB4	IU_PDA_T9	MUSTN1	4.217596949666314
KCNMA1_KCNMB4	IU_PDA_T9	HEYL	4.200365355992955
KCNMA1_KCNMB4	IU_PDA_T9	PTP4A3	4.185393969515252
KCNMA1_KCNMB4	IU_PDA_T9	ZNF331	4.166693319668277
KCNMA1_KCNMB4	IU_PDA_T9	CCL21	3.8438327641934533
KCNMA1_KCNMB4	IU_PDA_T9	KCNQ4	3.758059860245652
KCNMA1_KCNMB4	IU_PDA_T9	RHOB	3.6767503184545998
KCNMA1_KCNMB4	IU_PDA_T9	KCNC4	3.6750433803538853
KCNMA1_KCNMB4	IU_PDA_T9	IGHG3	3.584004022056827
KCNMA1_KCNMB4	IU_PDA_T9	MS4A1	3.388120271031952
KCNMA1_KCNMB4	IU_PDA_T9	EGFL7	3.385080379602034
KCNMA1_KCNMB4	IU_PDA_T9	ADAMTS1	3.205022137169074
KCNMA1_KCNMB4	IU_PDA_T9	SMOC2	3.1976947603929062
KCNMA1_KCNMB4	IU_PDA_T9	C7	3.18724834818428
KCNMA1_KCNMB4	IU_PDA_T9	CPE	3.170421868143028
KCNMA1_KCNMB4	IU_PDA_T9	NEXN	3.1352594662799604
KCNMA1_KCNMB4	IU_PDA_T9	F13A1	3.128064142247895
KCNMA1_KCNMB4	IU_PDA_T9	ADAMTS4	3.075143985119337
KCNMA1_KCNMB4	IU_PDA_T9	A2M	3.048222582614395
KCNMA1_KCNMB4	IU_PDA_T9	GREM1	3.0425751054422965
KCNMA1_KCNMB4	IU_PDA_T9	MGP	3.0071741576380164
KCNMA1_KCNMB4	IU_PDA_T9	C11orf96	2.957354536285258
KCNMA1_KCNMB4	IU_PDA_T9	KCNT2	2.9054262865920673
KCNMA1_KCNMB4	IU_PDA_T9	FBLN2	2.819888462234706
KCNMA1_KCNMB4	IU_PDA_T9	SLIT2	2.816742831726529
KCNMA1_KCNMB4	IU_PDA_T9	SELENOP	2.814883174826682
KCNMA1_KCNMB4	IU_PDA_T9	CCR7	2.7727988126933902
KCNMA1_KCNMB4	IU_PDA_T9	FCMR	2.756635278141351
KCNMA1_KCNMB4	IU_PDA_T9	SLIT3	2.751052116532893
KCNMA1_KCNMB4	IU_PDA_T9	TPM2	2.731382756449617
KCNMA1_KCNMB4	IU_PDA_T9	THBS4	2.718442654735894
KCNMA1_KCNMB4	IU_PDA_T9	C3orf70	2.668515372751676
KCNMA1_KCNMB4	IU_PDA_T9	IGFBP4	2.6647797858325997
KCNMA1_KCNMB4	IU_PDA_T9	IGKV4-1	2.652112850785366
KCNMA1_KCNMB4	IU_PDA_T9	KCNJ8	2.5766541552371574
KCNMA1_KCNMB4	IU_PDA_T9	EPAS1	2.5200420636805725
KCNMA1_KCNMB4	IU_PDA_T9	KCNMB4	2.4070249807486506
KCNMA1_KCNMB4	IU_PDA_T9	TNC	2.402867521238887
KCNMA1_KCNMB4	IU_PDA_T9	CEBPD	2.3929387767595323
KCNMA1_KCNMB4	IU_PDA_T9	ADAMTS9	2.351779525722652
KCNMA1_KCNMB4	IU_PDA_T9	IGHM	2.3468449079189737
KCNMA1_KCNMB4	IU_PDA_T9	IGHA1	2.2813147218018424
KCNMA1_KCNMB4	IU_PDA_T9	C1R	2.173225077576675
KCNMA1_KCNMB4	IU_PDA_T9	LTF	2.156580558212918
KCNMA1_KCNMB4	IU_PDA_T9	KCNK3	2.079799428712443
KCNMA1_KCNMB4	IU_PDA_T9	MFGE8	2.0600529548810282
KCNMA1_KCNMB4	IU_PDA_T9	CCDC80	1.982545464204775
KCNMA1_KCNMB4	IU_PDA_T9	TSPAN7	1.9478037184720978
KCNMA1_KCNMB4	IU_PDA_T9	CCL2	1.9232110560918987
KCNMA1_KCNMB4	IU_PDA_T9	FBLN1	1.8849920772836182
KCNMA1_KCNMB4	IU_PDA_T9	KCND3	1.7859126129121445
KCNMA1_KCNMB4	IU_PDA_T9	KCNAB1	1.746489098097662
KCNMA1_KCNMB4	IU_PDA_T9	SERPING1	1.6999159058764939
KCNMA1_KCNMB4	IU_PDA_T9	STAB1	1.6741440167113577
KCNMA1_KCNMB4	IU_PDA_T9	TCEAL4	1.6307593927776378
KCNMA1_KCNMB4	IU_PDA_T9	PODN	1.6250229960335343
KCNMA1_KCNMB4	IU_PDA_T9	KCNK17	1.581921681134658
KCNMA1_KCNMB4	IU_PDA_T9	CLIC5	1.5550196000258574
KCNMA1_KCNMB4	IU_PDA_T9	MYH10	1.5296444161629557
KCNMA1_KCNMB4	IU_PDA_T9	DHRS3	1.5159080429956031
KCNMA1_KCNMB4	IU_PDA_T9	AOX1	1.5153981061278756
KCNMA1_KCNMB4	IU_PDA_T9	SLC38A2	1.5061670344480773
KCNMA1_KCNMB4	IU_PDA_T9	DCD	1.5007458029692804
KCNMA1_KCNMB4	IU_PDA_T9	PTGER3	1.467759669734767
KCNMA1_KCNMB4	IU_PDA_T9	FCRL1	1.4131823661551768
KCNMA1_KCNMB4	IU_PDA_T9	LYVE1	1.4007874531370235
KCNMA1_KCNMB4	IU_PDA_T9	PRSS23	1.3990263203075033
KCNMA1_KCNMB4	IU_PDA_T9	KCNJ15	1.3855120528014941
KCNMA1_KCNMB4	IU_PDA_T9	IGKC	1.20222124878408
KCNMA1_KCNMB4	IU_PDA_T9	PDIA2	1.1884023664476597
KCNMA1_KCNMB4	IU_PDA_T9	NFIB	1.182262674195465
KCNMA1_KCNMB4	IU_PDA_T9	PTGIS	1.165002393474452
KCNMA1_KCNMB4	IU_PDA_T9	NR4A2	1.0936988549580562
KCNMA1_KCNMB4	IU_PDA_T9	MUC6	1.0399796173105
KCNMA1_KCNMB4	IU_PDA_T9	NUPR1	1.0376940924495595
KCNMA1_KCNMB4	IU_PDA_T9	PDE1C	0.9927851701774177
KCNMA1_KCNMB4	IU_PDA_T9	NTRK2	0.9828100267620444
KCNMA1_KCNMB4	IU_PDA_T9	CHIA	0.9750264575748091
KCNMA1_KCNMB4	IU_PDA_T9	GKN1	0.9350745272037911
KCNMA1_KCNMB4	IU_PDA_T9	CD9	0.9117208113761768
KCNMA1_KCNMB4	IU_PDA_T9	KCNB1	0.8805303666048662
KCNMA1_KCNMB4	IU_PDA_T9	OSR1	0.8752749031955191
KCNMA1_KCNMB4	IU_PDA_T9	SVEP1	0.8736023435836068
KCNMA1_KCNMB4	IU_PDA_T9	TNFSF14	0.8731945713692781
KCNMA1_KCNMB4	IU_PDA_T9	LTB	0.8383576445055534
KCNMA1_KCNMB4	IU_PDA_T9	INMT	0.7983113305659552
KCNMA1_KCNMB4	IU_PDA_T9	GABRE	0.7636271712510587
KCNMA1_KCNMB4	IU_PDA_T9	NPNT	0.7545781396652614
KCNMA1_KCNMB4	IU_PDA_T9	KCNAB2	0.7439553593203537
KCNMA1_KCNMB4	IU_PDA_T9	IGHG4	0.7391929122926635
KCNMA1_KCNMB4	IU_PDA_T9	MFAP5	0.7307915676811038
KCNMA1_KCNMB4	IU_PDA_T9	CITED2	0.6653306109751408
KCNMA1_KCNMB4	IU_PDA_T9	SRPX	0.6178176859189777
KCNMA1_KCNMB4	IU_PDA_T9	LAMA5	0.5429116627661001
KCNMA1_KCNMB4	IU_PDA_T9	CBLIF	0.527213382058952
KCNMA1_KCNMB4	IU_PDA_T9	PSCA	0.4590585513791477
KCNMA1_KCNMB4	IU_PDA_T9	KCNK6	0.44641704427596557
KCNMA1_KCNMB4	IU_PDA_T9	PLTP	0.4221076358371054
KCNMA1_KCNMB4	IU_PDA_T9	MYC	0.4084283555445274
KCNMA1_KCNMB4	IU_PDA_T9	PGA5	0.3724643729426262
KCNMA1_KCNMB4	IU_PDA_T9	ID1	0.3682701946864009
KCNMA1_KCNMB4	IU_PDA_T9	KCNK15	0.34195769989630875
KCNMA1_KCNMB4	IU_PDA_T9	C1orf198	0.3382282452769041
KCNMA1_KCNMB4	IU_PDA_T9	PTGDS	0.33652507574892476
KCNMA1_KCNMB4	IU_PDA_T9	STEAP4	0.31302584160565716
KCNMA1_KCNMB4	IU_PDA_T9	KCNA5	0.2973620550760795
KCNMA1_KCNMB4	IU_PDA_T9	APOD	0.2888422494227429
KCNMA1_KCNMB4	IU_PDA_T9	PDGFRA	0.2718565552893094
KCNMA1_KCNMB4	IU_PDA_T9	CST1	0.253834495426815
KCNMA1_KCNMB4	IU_PDA_T9	LYZ	0.24643821719850928
KCNMA1_KCNMB4	IU_PDA_T9	ISM1	0.24325313353343805
KCNMA1_KCNMB4	IU_PDA_T9	FGF7	0.2228446929192311
KCNMA1_KCNMB4	IU_PDA_T9	MS4A7	0.20057422074331344
KCNMA1_KCNMB4	IU_PDA_T9	ATP4A	0.16392674926295836
KCNMA1_KCNMB4	IU_PDA_T9	PLIN2	0.15082555177824125
KCNMA1_KCNMB4	IU_PDA_T9	SOD2	0.13769825335070007
KCNMA1_KCNMB4	IU_PDA_T9	CRIP1	0.11282296250710253
KCNMA1_KCNMB4	IU_PDA_T9	ATP4B	0.10305087352589049
KCNMA1_KCNMB4	IU_PDA_T9	KCNE4	0.08050964564517651
KCNMA1_KCNMB4	IU_PDA_T9	IGFBP5	0.040941204927324414
KCNMA1_KCNMB4	IU_PDA_T9	ID4	0.009493050769551196
KCNMA1_KCNMB4	IU_PDA_T9	RCAN1	-0.031304538642893585
KCNMA1_KCNMB4	IU_PDA_T9	LIPF	-0.07544064522749153
KCNMA1_KCNMB4	IU_PDA_T9	CFB	-0.14664301119281126
KCNMA1_KCNMB4	IU_PDA_T9	PGC	-0.1738552309985497
KCNMA1_KCNMB4	IU_PDA_T9	EFEMP1	-0.21967592247978554
KCNMA1_KCNMB4	IU_PDA_T9	SCG2	-0.2229929053806516
KCNMA1_KCNMB4	IU_PDA_T9	PLAT	-0.28184101699770553
KCNMA1_KCNMB4	IU_PDA_T9	SERPINF1	-0.3111482107187728
KCNMA1_KCNMB4	IU_PDA_T9	OLFM4	-0.3198229008024256
KCNMA1_KCNMB4	IU_PDA_T9	DEPP1	-0.3318943167994833
KCNMA1_KCNMB4	IU_PDA_T9	ARMC9	-0.33509982210252726
KCNMA1_KCNMB4	IU_PDA_T9	VGLL3	-0.35547339622184226
KCNMA1_KCNMB4	IU_PDA_T9	MT1X	-0.35707851985319533
KCNMA1_KCNMB4	IU_PDA_T9	AZGP1	-0.379537953699822
KCNMA1_KCNMB4	IU_PDA_T9	SLCO2B1	-0.408091949098485
KCNMA1_KCNMB4	IU_PDA_T9	CXCR4	-0.42848774131722633
KCNMA1_KCNMB4	IU_PDA_T9	MT1G	-0.4319791518825203
KCNMA1_KCNMB4	IU_PDA_T9	LBH	-0.43526918431932343
KCNMA1_KCNMB4	IU_PDA_T9	FAM110C	-0.44594507075128176
KCNMA1_KCNMB4	IU_PDA_T9	CCL5	-0.48768349166215585
KCNMA1_KCNMB4	IU_PDA_T9	MYH3	-0.5151174768399172
KCNMA1_KCNMB4	IU_PDA_T9	HTRA1	-0.5368401912144838
KCNMA1_KCNMB4	IU_PDA_T9	FMOD	-0.5500994491071232
KCNMA1_KCNMB4	IU_PDA_T9	GADD45B	-0.5672876089966067
KCNMA1_KCNMB4	IU_PDA_T9	HIST1H1B	-0.5820866314704023
KCNMA1_KCNMB4	IU_PDA_T9	HBA1	-0.5951490322765759
KCNMA1_KCNMB4	IU_PDA_T9	GADD45A	-0.6343182835852866
KCNMA1_KCNMB4	IU_PDA_T9	SPON2	-0.6478639450990096
KCNMA1_KCNMB4	IU_PDA_T9	EPYC	-0.6617682772535065
KCNMA1_KCNMB4	IU_PDA_T9	MAF	-0.6751227319006027
KCNMA1_KCNMB4	IU_PDA_T9	SAA2	-0.7315234799227276
KCNMA1_KCNMB4	IU_PDA_T9	ITGA11	-0.7973557283863931
KCNMA1_KCNMB4	IU_PDA_T9	CHI3L1	-0.8173572990024665
KCNMA1_KCNMB4	IU_PDA_T9	HBA2	-0.8374057348375558
KCNMA1_KCNMB4	IU_PDA_T9	GAS1	-0.8620752214413366
KCNMA1_KCNMB4	IU_PDA_T9	PCOLCE	-0.9012178442140971
KCNMA1_KCNMB4	IU_PDA_T9	TSC22D3	-0.9501097722740754
KCNMA1_KCNMB4	IU_PDA_T9	MMP19	-1.025017554372395
KCNMA1_KCNMB4	IU_PDA_T9	IGHG1	-1.0458966638641605
KCNMA1_KCNMB4	IU_PDA_T9	STRA6	-1.0518245906727763
KCNMA1_KCNMB4	IU_PDA_T9	HILPDA	-1.0611761262713986
KCNMA1_KCNMB4	IU_PDA_T9	S100A4	-1.0630118195290499
KCNMA1_KCNMB4	IU_PDA_T9	KCND2	-1.0913526293924356
KCNMA1_KCNMB4	IU_PDA_T9	IL7R	-1.0995061494635752
KCNMA1_KCNMB4	IU_PDA_T9	LXN	-1.1020062615540356
KCNMA1_KCNMB4	IU_PDA_T9	IGF1	-1.1831019396055242
KCNMA1_KCNMB4	IU_PDA_T9	ANXA3	-1.2002215497272894
KCNMA1_KCNMB4	IU_PDA_T9	JUN	-1.2242604964420916
KCNMA1_KCNMB4	IU_PDA_T9	CXCL8	-1.274986824531077
KCNMA1_KCNMB4	IU_PDA_T9	CXCL12	-1.3090220072309362
KCNMA1_KCNMB4	IU_PDA_T9	POSTN	-1.3125770147307418
KCNMA1_KCNMB4	IU_PDA_T9	CFH	-1.3507251178077428
KCNMA1_KCNMB4	IU_PDA_T9	IGHG2	-1.3799265338837754
KCNMA1_KCNMB4	IU_PDA_T9	NFKBIZ	-1.3815066813975598
KCNMA1_KCNMB4	IU_PDA_T9	ABHD2	-1.388987765945863
KCNMA1_KCNMB4	IU_PDA_T9	ANO1	-1.4445907085461211
KCNMA1_KCNMB4	IU_PDA_T9	TAGLN2	-1.4743825428352149
KCNMA1_KCNMB4	IU_PDA_T9	ACP5	-1.5706778107794737
KCNMA1_KCNMB4	IU_PDA_T9	SAA1	-1.573312348249955
KCNMA1_KCNMB4	IU_PDA_T9	TGM2	-1.5782072942418854
KCNMA1_KCNMB4	IU_PDA_T9	PDGFA	-1.5907160457076404
KCNMA1_KCNMB4	IU_PDA_T9	KCNS3	-1.6277592987328948
KCNMA1_KCNMB4	IU_PDA_T9	WT1	-1.635207070944273
KCNMA1_KCNMB4	IU_PDA_T9	INPP4B	-1.6582990064203786
KCNMA1_KCNMB4	IU_PDA_T9	HAS1	-1.659991077339217
KCNMA1_KCNMB4	IU_PDA_T9	FST	-1.6927051759882068
KCNMA1_KCNMB4	IU_PDA_T9	PSMC4	-1.7071506135430738
KCNMA1_KCNMB4	IU_PDA_T9	PCDH1	-1.7220956938190473
KCNMA1_KCNMB4	IU_PDA_T9	KCNK1	-1.731327011874259
KCNMA1_KCNMB4	IU_PDA_T9	BHLHE40	-1.737272747632615
KCNMA1_KCNMB4	IU_PDA_T9	MEGF6	-1.7635108629813816
KCNMA1_KCNMB4	IU_PDA_T9	IGLC1	-1.7718390434684488
KCNMA1_KCNMB4	IU_PDA_T9	PDGFD	-1.7881979518268687
KCNMA1_KCNMB4	IU_PDA_T9	GABRP	-1.840200203932425
KCNMA1_KCNMB4	IU_PDA_T9	HOPX	-1.8615355873620079
KCNMA1_KCNMB4	IU_PDA_T9	MALL	-1.8673038596311018
KCNMA1_KCNMB4	IU_PDA_T9	FXYD5	-1.8730832518055245
KCNMA1_KCNMB4	IU_PDA_T9	SEMA3C	-1.9247945234674262
KCNMA1_KCNMB4	IU_PDA_T9	CEMIP	-1.9359934606442963
KCNMA1_KCNMB4	IU_PDA_T9	NR4A3	-1.9362627630010327
KCNMA1_KCNMB4	IU_PDA_T9	CTSK	-1.9403017986285707
KCNMA1_KCNMB4	IU_PDA_T9	IGFBP3	-1.9826061769580154
KCNMA1_KCNMB4	IU_PDA_T9	MT1E	-2.0427123878310622
KCNMA1_KCNMB4	IU_PDA_T9	DDIT4	-2.0552098522809135
KCNMA1_KCNMB4	IU_PDA_T9	C19orf33	-2.0652242983511537
KCNMA1_KCNMB4	IU_PDA_T9	TGFBI	-2.112253841583691
KCNMA1_KCNMB4	IU_PDA_T9	PDLIM5	-2.121990275892092
KCNMA1_KCNMB4	IU_PDA_T9	EPS8L1	-2.141964864984581
KCNMA1_KCNMB4	IU_PDA_T9	ECH1	-2.1427363372898434
KCNMA1_KCNMB4	IU_PDA_T9	ENC1	-2.148978531878945
KCNMA1_KCNMB4	IU_PDA_T9	PLEKHG6	-2.154369036509572
KCNMA1_KCNMB4	IU_PDA_T9	ITGB6	-2.1708969248556227
KCNMA1_KCNMB4	IU_PDA_T9	ANKRD1	-2.2203874830035932
KCNMA1_KCNMB4	IU_PDA_T9	KCNN4	-2.240101675050567
KCNMA1_KCNMB4	IU_PDA_T9	LGALS4	-2.27571903126443
KCNMA1_KCNMB4	IU_PDA_T9	CPXM1	-2.282603214133315
KCNMA1_KCNMB4	IU_PDA_T9	IGFBP2	-2.3068136803886534
KCNMA1_KCNMB4	IU_PDA_T9	ANTXR1	-2.327438433259052
KCNMA1_KCNMB4	IU_PDA_T9	ATF3	-2.336932065538827
KCNMA1_KCNMB4	IU_PDA_T9	CRABP2	-2.367546300326198
KCNMA1_KCNMB4	IU_PDA_T9	NR4A1	-2.384028652977
KCNMA1_KCNMB4	IU_PDA_T9	ITGB8	-2.3868871145139416
KCNMA1_KCNMB4	IU_PDA_T9	COL8A1	-2.391580799324479
KCNMA1_KCNMB4	IU_PDA_T9	PODXL	-2.453230914763803
KCNMA1_KCNMB4	IU_PDA_T9	LSR	-2.4957940246850914
KCNMA1_KCNMB4	IU_PDA_T9	SERINC2	-2.5035140625195327
KCNMA1_KCNMB4	IU_PDA_T9	CNN2	-2.5211204859125473
KCNMA1_KCNMB4	IU_PDA_T9	EGR3	-2.6056329560124016
KCNMA1_KCNMB4	IU_PDA_T9	HMGA2	-2.6911469569806656
KCNMA1_KCNMB4	IU_PDA_T9	DUSP1	-2.7106717230610875
KCNMA1_KCNMB4	IU_PDA_T9	PADI1	-2.7251319523756043
KCNMA1_KCNMB4	IU_PDA_T9	GATA6	-2.729142710149022
KCNMA1_KCNMB4	IU_PDA_T9	RARRES2	-2.788089939963199
KCNMA1_KCNMB4	IU_PDA_T9	SPINT1	-2.8281640176063365
KCNMA1_KCNMB4	IU_PDA_T9	ITGB5	-2.864718428242802
KCNMA1_KCNMB4	IU_PDA_T9	COL7A1	-2.8738534371958835
KCNMA1_KCNMB4	IU_PDA_T9	SPINT2	-2.8997555934843238
KCNMA1_KCNMB4	IU_PDA_T9	ITGB4	-2.90049385863854
KCNMA1_KCNMB4	IU_PDA_T9	PAK4	-2.9010174903944983
KCNMA1_KCNMB4	IU_PDA_T9	LIF	-2.944321917871988
KCNMA1_KCNMB4	IU_PDA_T9	MMP11	-2.9572270400511442
KCNMA1_KCNMB4	IU_PDA_T9	MT2A	-2.995417803546718
KCNMA1_KCNMB4	IU_PDA_T9	MUC1	-3.0337360855710487
KCNMA1_KCNMB4	IU_PDA_T9	COL5A2	-3.04423261484428
KCNMA1_KCNMB4	IU_PDA_T9	IL32	-3.0503824188301305
KCNMA1_KCNMB4	IU_PDA_T9	MMP2	-3.06074235607756
KCNMA1_KCNMB4	IU_PDA_T9	ITGA2	-3.0747329320240744
KCNMA1_KCNMB4	IU_PDA_T9	PMEPA1	-3.0945925574874007
KCNMA1_KCNMB4	IU_PDA_T9	MMP9	-3.106322487892805
KCNMA1_KCNMB4	IU_PDA_T9	LAD1	-3.1085228373502516
KCNMA1_KCNMB4	IU_PDA_T9	SERPINA1	-3.1141234730179423
KCNMA1_KCNMB4	IU_PDA_T9	ANLN	-3.122757678912428
KCNMA1_KCNMB4	IU_PDA_T9	CXCL14	-3.14018346751362
KCNMA1_KCNMB4	IU_PDA_T9	ATP1B1	-3.174224379889936
KCNMA1_KCNMB4	IU_PDA_T9	ANXA2	-3.180787621625715
KCNMA1_KCNMB4	IU_PDA_T9	COL12A1	-3.221539358355882
KCNMA1_KCNMB4	IU_PDA_T9	COL5A1	-3.2300323921642757
KCNMA1_KCNMB4	IU_PDA_T9	TACSTD2	-3.2300411044996413
KCNMA1_KCNMB4	IU_PDA_T9	KLF5	-3.2555721664493364
KCNMA1_KCNMB4	IU_PDA_T9	C15orf48	-3.279356674012441
KCNMA1_KCNMB4	IU_PDA_T9	MMP7	-3.284499073859109
KCNMA1_KCNMB4	IU_PDA_T9	NNMT	-3.293219994577262
KCNMA1_KCNMB4	IU_PDA_T9	S100A16	-3.3078216855480984
KCNMA1_KCNMB4	IU_PDA_T9	PRSS22	-3.32013048207843
KCNMA1_KCNMB4	IU_PDA_T9	ACTN4	-3.320423284558419
KCNMA1_KCNMB4	IU_PDA_T9	PSMD8	-3.3364551838777947
KCNMA1_KCNMB4	IU_PDA_T9	EEF1A2	-3.3421954197298867
KCNMA1_KCNMB4	IU_PDA_T9	EPHA2	-3.3550911220214603
KCNMA1_KCNMB4	IU_PDA_T9	SCNN1A	-3.366132189853541
KCNMA1_KCNMB4	IU_PDA_T9	UBE2C	-3.4620656568547887
KCNMA1_KCNMB4	IU_PDA_T9	SFRP2	-3.4767908884010756
KCNMA1_KCNMB4	IU_PDA_T9	JUP	-3.483941682171027
KCNMA1_KCNMB4	IU_PDA_T9	COL16A1	-3.48845452593436
KCNMA1_KCNMB4	IU_PDA_T9	CTSE	-3.5034902451822467
KCNMA1_KCNMB4	IU_PDA_T9	CAPG	-3.507814336732302
KCNMA1_KCNMB4	IU_PDA_T9	AEBP1	-3.5110640102946387
KCNMA1_KCNMB4	IU_PDA_T9	CXCL5	-3.525136424215718
KCNMA1_KCNMB4	IU_PDA_T9	NBL1	-3.527607955832095
KCNMA1_KCNMB4	IU_PDA_T9	OCIAD2	-3.5346165054344985
KCNMA1_KCNMB4	IU_PDA_T9	IFITM10	-3.5822033528309247
KCNMA1_KCNMB4	IU_PDA_T9	SGK1	-3.5869109853160293
KCNMA1_KCNMB4	IU_PDA_T9	CDH11	-3.6359777417981918
KCNMA1_KCNMB4	IU_PDA_T9	EPCAM	-3.6404976509242615
KCNMA1_KCNMB4	IU_PDA_T9	FOSB	-3.655170744981903
KCNMA1_KCNMB4	IU_PDA_T9	WFDC2	-3.6804391576444804
KCNMA1_KCNMB4	IU_PDA_T9	PIK3C2G	-3.6992711032462164
KCNMA1_KCNMB4	IU_PDA_T9	TNNT1	-3.7217168027911973
KCNMA1_KCNMB4	IU_PDA_T9	S100A2	-3.7399697358049893
KCNMA1_KCNMB4	IU_PDA_T9	VCAN	-3.7939946942732306
KCNMA1_KCNMB4	IU_PDA_T9	SYT8	-3.822874796767921
KCNMA1_KCNMB4	IU_PDA_T9	MMP14	-3.836419033218897
KCNMA1_KCNMB4	IU_PDA_T9	SLC2A1	-3.851692452570684
KCNMA1_KCNMB4	IU_PDA_T9	KRT7	-3.855741892097204
KCNMA1_KCNMB4	IU_PDA_T9	SKIL	-3.8669579429790293
KCNMA1_KCNMB4	IU_PDA_T9	ITGA3	-3.881580164884357
KCNMA1_KCNMB4	IU_PDA_T9	FXYD3	-3.953973194758349
KCNMA1_KCNMB4	IU_PDA_T9	ELF3	-3.970991518055324
KCNMA1_KCNMB4	IU_PDA_T9	MAL2	-3.9756977665112827
KCNMA1_KCNMB4	IU_PDA_T9	COL10A1	-3.977743192838015
KCNMA1_KCNMB4	IU_PDA_T9	SLPI	-4.0226019002002324
KCNMA1_KCNMB4	IU_PDA_T9	INAVA	-4.049716577665986
KCNMA1_KCNMB4	IU_PDA_T9	LCN2	-4.0727971642083745
KCNMA1_KCNMB4	IU_PDA_T9	HMGA1	-4.090173296812188
KCNMA1_KCNMB4	IU_PDA_T9	AREG	-4.090516664832498
KCNMA1_KCNMB4	IU_PDA_T9	RUNX1	-4.113092612587051
KCNMA1_KCNMB4	IU_PDA_T9	PTPRF	-4.193542363873219
KCNMA1_KCNMB4	IU_PDA_T9	AGRN	-4.199407763338114
KCNMA1_KCNMB4	IU_PDA_T9	S100A14	-4.245820528774279
KCNMA1_KCNMB4	IU_PDA_T9	SPP1	-4.250904631383623
KCNMA1_KCNMB4	IU_PDA_T9	EGR1	-4.318578102559652
KCNMA1_KCNMB4	IU_PDA_T9	GPRC5A	-4.383669383238721
KCNMA1_KCNMB4	IU_PDA_T9	GJB2	-4.421706013214336
KCNMA1_KCNMB4	IU_PDA_T9	CLDN4	-4.439428408885648
KCNMA1_KCNMB4	IU_PDA_T9	RGS16	-4.460638700399754
KCNMA1_KCNMB4	IU_PDA_T9	S100A11	-4.486326403051208
KCNMA1_KCNMB4	IU_PDA_T9	CDH1	-4.521331577306024
KCNMA1_KCNMB4	IU_PDA_T9	COL11A1	-4.529372474487829
KCNMA1_KCNMB4	IU_PDA_T9	LAMC2	-4.633571713254399
KCNMA1_KCNMB4	IU_PDA_T9	MYH14	-4.637367460318261
KCNMA1_KCNMB4	IU_PDA_T9	CTHRC1	-4.638014220323175
KCNMA1_KCNMB4	IU_PDA_T9	KRT5	-4.658311697238792
KCNMA1_KCNMB4	IU_PDA_T9	INHBA	-4.72063187660515
KCNMA1_KCNMB4	IU_PDA_T9	PLAU	-4.7514608647347165
KCNMA1_KCNMB4	IU_PDA_T9	DCBLD2	-4.760900046735325
KCNMA1_KCNMB4	IU_PDA_T9	TNFRSF12A	-4.763116067281409
KCNMA1_KCNMB4	IU_PDA_T9	LAMB3	-4.991668525872114
KCNMA1_KCNMB4	IU_PDA_T9	SULF1	-5.074233501058657
KCNMA1_KCNMB4	IU_PDA_T9	SFRP4	-5.082462099265435
KCNMA1_KCNMB4	IU_PDA_T9	SDC1	-5.111729321904858
KCNMA1_KCNMB4	IU_PDA_T9	KLF6	-5.272406025594942
KCNMA1_KCNMB4	IU_PDA_T9	LAMA3	-5.321456457365213
KCNMA1_KCNMB4	IU_PDA_T9	CCN1	-5.367376280807128
KCNMA1_KCNMB4	IU_PDA_T9	KRT8	-5.397423530634668
KCNMA1_KCNMB4	IU_PDA_T9	KRT18	-5.430555325192799
KCNMA1_KCNMB4	IU_PDA_T9	ERRFI1	-5.72106336881558
KCNMA1_KCNMB4	IU_PDA_T9	CCN2	-5.974519652542202
KCNMA1_KCNMB4	IU_PDA_T9	THBS2	-6.125861694130782
KCNMA1_KCNMB4	IU_PDA_T9	SERPINE1	-6.637178324003295
