target_gene	partner_gene	n_sections_tested	n_sections_positive_z	median_local_corr_z	max_local_corr_z	min_local_corr_z
KCNMA1_KCNMB1	KCNMA1	10	10	7.764618774393921	9.68003815538853	0.41007301865162465
KCNMA1_KCNMB1	KCNMA1_KCNMB4	10	10	6.192226927728399	8.892908760107005	1.3235239439905626
KCNMA1_KCNMB1	KCNMB1	10	9	4.190974550762554	11.146952525073416	-0.19299951638115032
KCNMA1_KCNMB1	KCNN3	10	9	1.1964086474153461	6.720039739345552	-0.2517911414108105
KCNMA1_KCNMB1	GREM1	8	8	3.842477889981004	8.357017770960947	0.9567081449582906
KCNMA1_KCNMB1	KCNJ8	10	8	1.9776015888685916	4.713789626579801	-2.0544823567711386
KCNMA1_KCNMB1	KCNAB1	8	8	1.4904787872720906	3.154541334332923	0.3854315640549744
KCNMA1_KCNMB1	KCNMB4	10	8	1.144058970055621	3.894107364666748	-2.4405134902527674
KCNMA1_KCNMB1	KCNT2	9	8	0.8678571731072092	2.5411254874422458	-0.11379866817944505
KCNMA1_KCNMB1	KCNK17	9	8	0.3895255273398909	1.7642654363116708	-0.921777392515956
KCNMA1_KCNMB1	ACTG2	7	7	8.568164237055116	12.496176586654096	1.3834030802368449
KCNMA1_KCNMB1	PDLIM3	7	7	5.792894884813017	10.059429448960842	1.4613127315518792
KCNMA1_KCNMB1	ADAMTS1	7	7	4.158776154108596	10.16283970029715	0.12974111473475097
KCNMA1_KCNMB1	CTHRC1	9	7	3.4169202633091853	7.818127118129375	-5.987513795137121
KCNMA1_KCNMB1	ACTA2	7	7	3.1976600398353403	6.1267628631330115	0.5942976106208443
KCNMA1_KCNMB1	COL11A1	10	7	3.0395049752930503	9.347131465257755	-7.090360621896401
KCNMA1_KCNMB1	MFAP4	8	7	2.914246429530169	9.636932675476228	-4.690378327710872
KCNMA1_KCNMB1	CCL19	8	7	2.0683093297746717	9.492196605680794	-2.8114982826455455
KCNMA1_KCNMB1	SFRP4	9	7	1.9982603115153923	11.25200362238526	-6.196834050602283
KCNMA1_KCNMB1	IGHG3	9	7	1.966964695993439	5.005488740774733	-0.85826986242075
KCNMA1_KCNMB1	KCNK3	9	7	1.9126652004611537	7.730371316085655	-2.954252352318347
KCNMA1_KCNMB1	CCL21	8	7	1.495137417935847	5.697485842747409	-1.37652756151461
KCNMA1_KCNMB1	KCNAB2	10	7	1.3241489138166909	5.458045412386405	-0.8294480342788172
KCNMA1_KCNMB1	IGLV3-1	8	7	1.1029295789909974	2.8639784324424693	-0.49627658946693665
KCNMA1_KCNMB1	KCND3	10	7	0.7547528165943046	1.4902073096806725	-2.3327785947960047
KCNMA1_KCNMB1	C7	10	7	0.6949149926130302	8.269290003299648	-8.026494822761242
KCNMA1_KCNMB1	KCNE4	10	7	0.5840246153176161	4.077093703411708	-2.105184894775169
KCNMA1_KCNMB1	CNN1	6	6	8.786666072973368	12.568361171922145	3.394790610378869
KCNMA1_KCNMB1	C11orf96	6	6	5.510268993142976	8.803797426027362	3.607246197656695
KCNMA1_KCNMB1	THBS1	7	6	4.019839303078373	7.167926131225813	-1.1716140148047782
KCNMA1_KCNMB1	MMP2	8	6	3.8601285397364054	6.429336378268363	-5.115795400256926
KCNMA1_KCNMB1	FBLN1	7	6	3.469315289749382	9.095547465848034	-3.293898201210875
KCNMA1_KCNMB1	LRRC15	7	6	3.1704922782582083	8.706543863092099	-6.9427869231934585
KCNMA1_KCNMB1	POSTN	8	6	3.044205776121971	5.136652509781866	-2.089693769749343
KCNMA1_KCNMB1	COL10A1	9	6	2.7748629138356433	8.140619848057627	-5.238602122079573
KCNMA1_KCNMB1	CCN2	8	6	2.7239457185077005	6.573649784207228	-7.504297305158294
KCNMA1_KCNMB1	CDH11	7	6	2.7239364317661905	8.690118825614132	-4.717372550037138
KCNMA1_KCNMB1	NR4A1	8	6	2.6893018487762657	9.466403038990759	-5.561415566451334
KCNMA1_KCNMB1	FOSB	8	6	2.6327015179395503	11.019298135937442	-4.266264129984003
KCNMA1_KCNMB1	IGFBP5	8	6	2.469526985331282	4.76927514374251	-4.46447369703125
KCNMA1_KCNMB1	SFRP2	8	6	2.348063704233839	5.3727015301500805	-4.995307623814789
KCNMA1_KCNMB1	HSPB6	7	6	2.139743154665484	11.63972676329952	-3.776563088366274
KCNMA1_KCNMB1	COL12A1	8	6	2.108113165573058	7.6465397817343215	-4.728155199877249
KCNMA1_KCNMB1	CLU	9	6	1.7442709311565228	12.024338270224323	-6.612864290245549
KCNMA1_KCNMB1	MMP11	10	6	1.6217720691300879	6.967988618399813	-5.855242157198973
KCNMA1_KCNMB1	CCN1	8	6	1.5778275669309698	6.276976425456876	-6.364807995419351
KCNMA1_KCNMB1	IGHG1	9	6	0.9557118071865248	3.7153513113684666	-1.6380706760859753
KCNMA1_KCNMB1	SERPINE1	8	6	0.9071704122349173	7.264638083848893	-7.959308978423894
KCNMA1_KCNMB1	KCNK15	8	6	0.38166297603698834	2.3805574200174076	-2.019351526673866
KCNMA1_KCNMB1	DES	5	5	8.134798448981138	12.060472873275895	5.432415254058372
KCNMA1_KCNMB1	COLEC12	5	5	6.263608777110082	10.496176803846524	1.6754448801267559
KCNMA1_KCNMB1	CXCL12	6	5	5.556047143949634	9.817431832211065	-1.9082280372787894
KCNMA1_KCNMB1	TNC	5	5	5.5225159140672435	11.087537467345534	3.7449887607172108
KCNMA1_KCNMB1	TAGLN	6	5	5.4454837247106544	7.820017073510638	-0.1392770114537419
KCNMA1_KCNMB1	FBN1	5	5	5.073382382667898	5.813227455784917	2.222405615406655
KCNMA1_KCNMB1	COL4A1	5	5	4.710395626190145	7.38728836566224	1.7931079973121857
KCNMA1_KCNMB1	SOD3	6	5	4.167389191280073	11.77528364212667	-5.838399056161264
KCNMA1_KCNMB1	SULF1	6	5	3.664793635714391	4.468863880560394	-6.281240987781099
KCNMA1_KCNMB1	ANTXR1	6	5	3.5551312539682347	8.158242955827667	-2.866640771413625
KCNMA1_KCNMB1	FBXO32	5	5	3.52229450991962	9.775449956887043	0.2121324503161764
KCNMA1_KCNMB1	FBLN2	6	5	3.3147661830977295	7.693008292845269	-8.013369431922307
KCNMA1_KCNMB1	COL5A1	7	5	3.2126724683303913	4.59089317645083	-4.100697426224682
KCNMA1_KCNMB1	HLA-DRA	7	5	3.1966850049432782	7.9231612409916545	-4.656974526576915
KCNMA1_KCNMB1	COL5A2	7	5	2.8019680767295867	6.3560796605661665	-4.474208820894275
KCNMA1_KCNMB1	LAPTM5	6	5	2.7857471202549697	6.8088282683229275	-3.378881490738233
KCNMA1_KCNMB1	MFAP5	6	5	2.5595831124014223	9.441101780374943	-4.976395853946223
KCNMA1_KCNMB1	THBS2	8	5	2.5104147569395514	5.67205800804527	-7.39059745162783
KCNMA1_KCNMB1	CCDC80	7	5	2.504864008309695	10.8971298137693	-4.395731689865329
KCNMA1_KCNMB1	ITGA11	8	5	2.4005685085706903	9.826448101475805	-6.241064817578736
KCNMA1_KCNMB1	C1R	6	5	2.354740550682301	6.63661817452958	-2.5322144378572924
KCNMA1_KCNMB1	C1QB	6	5	2.3184920479264313	8.217793737464614	-3.395989796801288
KCNMA1_KCNMB1	SERPINF1	7	5	2.2526930227948223	8.371240568697294	-4.867394396677817
KCNMA1_KCNMB1	INHBA	7	5	2.2368330168228754	5.644371845621871	-8.693416375512468
KCNMA1_KCNMB1	DUSP1	6	5	2.2175034269697065	9.26467445228888	-2.9958985174806703
KCNMA1_KCNMB1	THBS4	6	5	2.0489150953305657	4.114177818802478	-2.3142179772523668
KCNMA1_KCNMB1	KCNA5	5	5	2.0024647856797904	4.7667150707436114	0.2876437959183806
KCNMA1_KCNMB1	CCL18	6	5	1.9428073157733512	4.215362823495145	-2.285554197915644
KCNMA1_KCNMB1	LUM	6	5	1.8715328530518223	4.325179811306851	-4.3484548169716115
KCNMA1_KCNMB1	SLC11A1	7	5	1.8345597402872178	6.18794006317174	-5.173942988718595
KCNMA1_KCNMB1	DPT	6	5	1.7145051266477265	9.888233657570643	-4.708725754143501
KCNMA1_KCNMB1	IGHA1	9	5	1.6542555854615462	4.15825798881514	-9.0429538070301
KCNMA1_KCNMB1	CXCL14	9	5	1.6483477825694837	8.560264735255778	-7.209370907175842
KCNMA1_KCNMB1	MGP	7	5	1.5552073582593386	3.5353670678551237	-2.9283708891079496
KCNMA1_KCNMB1	IL7R	5	5	0.9552319661044311	3.540062458673713	0.3127973974802661
KCNMA1_KCNMB1	IGKV4-1	9	5	0.8943232958371267	4.38313319260631	-3.873566058532233
KCNMA1_KCNMB1	IGKC	7	5	0.7681986016058925	2.437171675350714	-5.080113463262142
KCNMA1_KCNMB1	PTGDS	8	5	0.30506747908372567	2.0048043147618593	-6.888309429776908
KCNMA1_KCNMB1	CXCL8	8	5	0.15703273321915553	1.7364882217060642	-4.334798862918924
KCNMA1_KCNMB1	KCNQ4	10	5	0.06862994536518771	3.9623969945287016	-0.7458086740129776
KCNMA1_KCNMB1	KCNJ15	10	5	0.05674437649857213	2.6833315616661317	-4.917185657552278
KCNMA1_KCNMB1	IGHM	10	5	-0.22903994959931528	3.7228040777759572	-8.640091195839823
KCNMA1_KCNMB1	KCND2	10	5	-0.2783489424040963	3.0909570290431447	-2.3874526428799774
KCNMA1_KCNMB1	IGLC1	10	5	-0.4134470785263708	2.638733664516538	-4.353527562010569
KCNMA1_KCNMB1	SPARCL1	4	4	8.618941837223552	11.848284831716935	1.3917319070179104
KCNMA1_KCNMB1	MYLK	4	4	8.465274300376501	12.500556622200238	3.2496132548533447
KCNMA1_KCNMB1	TNS1	4	4	8.346212943837257	11.432082278540948	2.055079154267759
KCNMA1_KCNMB1	MCAM	4	4	8.03840067602398	10.078542589163327	2.2360881351315105
KCNMA1_KCNMB1	S1PR3	4	4	7.137762334958108	8.491077814223548	2.008036101001084
KCNMA1_KCNMB1	ITGA5	4	4	6.842447003329561	8.69802315870227	1.874840919117967
KCNMA1_KCNMB1	AQP1	5	4	6.273162250855616	8.937556253263068	-2.5944038348591136
KCNMA1_KCNMB1	DPYSL3	4	4	5.901843863978866	9.979349909698932	3.573310522864141
KCNMA1_KCNMB1	SLIT3	4	4	5.1203399583987235	11.030804512214337	3.26390909264788
KCNMA1_KCNMB1	HLA-DPA1	4	4	4.869589167645835	9.489899039432068	2.0904845743574985
KCNMA1_KCNMB1	COL6A2	4	4	4.842322968856589	7.265402419159496	2.849782178046106
KCNMA1_KCNMB1	LMCD1	4	4	4.772893866772057	8.971085505605181	1.4508479632400721
KCNMA1_KCNMB1	CALD1	4	4	4.566501851289711	7.472020390134747	2.647189451693463
KCNMA1_KCNMB1	A2M	5	4	4.466004246252541	9.384919149315467	-6.214631583080713
KCNMA1_KCNMB1	HLA-DPB1	4	4	4.398077270555666	9.308746558969828	3.1258209700113646
KCNMA1_KCNMB1	BCAT1	5	4	4.153867281952279	9.679374238321431	-1.3637460549554072
KCNMA1_KCNMB1	PDLIM7	4	4	3.877263465789313	5.013884014141244	1.690992726077955
KCNMA1_KCNMB1	FSTL1	4	4	3.8340643632628364	6.032243210024301	2.1491444061027893
KCNMA1_KCNMB1	FN1	5	4	3.6568582370283576	4.680409521454033	-1.2021060402280899
KCNMA1_KCNMB1	COL6A3	4	4	3.644228202255817	5.102440178594859	2.9841887468151684
KCNMA1_KCNMB1	NKD2	4	4	3.60105232948895	10.635920316735524	1.1130332139151131
KCNMA1_KCNMB1	RNASE1	5	4	3.5134965144441064	6.883860298352502	-0.07008831124577838
KCNMA1_KCNMB1	GAS1	6	4	3.480487746330919	8.43452238997624	-2.29062904767659
KCNMA1_KCNMB1	CRISPLD2	4	4	3.478137177304732	3.900450181089286	2.871459357115534
KCNMA1_KCNMB1	IGFBP4	4	4	3.3952128917271702	4.123671906469397	1.3336401048611903
KCNMA1_KCNMB1	COL8A1	5	4	3.3726381642472134	8.906073041961122	-3.301178928745414
KCNMA1_KCNMB1	PTGIS	4	4	3.3024003079212765	11.588556062686623	0.5922648370455429
KCNMA1_KCNMB1	FNDC1	5	4	3.290835652308623	9.79081299608261	-5.555757554123451
KCNMA1_KCNMB1	MMP14	5	4	3.2174760123114443	4.829085950627782	-4.4581221029133395
KCNMA1_KCNMB1	AEBP1	6	4	3.2053278415088684	4.532367068792259	-3.849827154405702
KCNMA1_KCNMB1	PRSS23	5	4	3.18268505658267	9.382027209711271	-4.257663045552428
KCNMA1_KCNMB1	TPM2	5	4	3.0449519071013484	3.6232564368569014	-3.1135123648230856
KCNMA1_KCNMB1	IFI30	4	4	3.0307677976513574	4.3173066028398255	1.2666359660201163
KCNMA1_KCNMB1	VCAN	7	4	2.9098887150881096	9.154278546495213	-5.144436651895194
KCNMA1_KCNMB1	C1S	4	4	2.908790011651732	8.079284365530524	1.0555086269711074
KCNMA1_KCNMB1	MT2A	5	4	2.823193611720189	4.761700698344012	-4.132955165021707
KCNMA1_KCNMB1	OGN	5	4	2.6482544656410916	6.199528330258438	-2.4202411863326967
KCNMA1_KCNMB1	NR4A2	5	4	2.6021449180589458	7.510429394054898	-1.3673531634191778
KCNMA1_KCNMB1	RARRES2	6	4	2.588549864920361	8.81812505683224	-6.635111072201827
KCNMA1_KCNMB1	CPE	5	4	2.530341315928431	4.616699588908206	-7.261377136570804
KCNMA1_KCNMB1	RGS16	7	4	2.420614170743973	10.421995322265476	-6.304274174319163
KCNMA1_KCNMB1	LTB	4	4	2.41187364135759	5.776226276501643	1.2985718142027434
KCNMA1_KCNMB1	TYROBP	5	4	2.350015984866365	4.178340196054921	-3.6812311406221823
KCNMA1_KCNMB1	SPARC	4	4	2.2054127338121705	3.246290095047772	0.5674807038799597
KCNMA1_KCNMB1	RHOB	4	4	2.1244471006588324	5.935844489337731	0.319938876697838
KCNMA1_KCNMB1	IGHG4	7	4	2.115121121246852	3.489123105187057	-1.0332487361842977
KCNMA1_KCNMB1	PLAU	6	4	1.876552117688287	8.601277086627077	-5.408903661412889
KCNMA1_KCNMB1	CEBPD	5	4	1.8665387010110435	3.285436050265562	-2.3683530145069005
KCNMA1_KCNMB1	KLK6	7	4	1.8443187790748217	8.583231915210053	-1.2946807901733453
KCNMA1_KCNMB1	TNXB	6	4	1.7965249086952624	9.181011984849606	-4.758184326647807
KCNMA1_KCNMB1	DCN	4	4	1.7321101826003262	3.586094819831256	0.8201953077290477
KCNMA1_KCNMB1	NUPR1	5	4	1.7233935454893188	9.464657354867075	-2.001958862911003
KCNMA1_KCNMB1	SERPING1	5	4	1.7100766047656937	2.5782266824464988	-0.17724436718120073
KCNMA1_KCNMB1	S100A9	7	4	1.6875779485475346	6.770001199231641	-2.646575336582118
KCNMA1_KCNMB1	CXCR4	4	4	1.6010937399154375	3.56886974464057	0.010920407512647345
KCNMA1_KCNMB1	GJB2	7	4	1.5289661723026475	9.603236248255888	-6.151899330031556
KCNMA1_KCNMB1	MYC	4	4	1.4021862423941782	1.6567051283637533	0.9729031866428782
KCNMA1_KCNMB1	FOS	5	4	1.3605705006629272	5.803646217049782	-0.04975784226550925
KCNMA1_KCNMB1	APOE	6	4	1.1935191253100472	3.329834265538411	-2.7337352937981727
KCNMA1_KCNMB1	LOXL2	7	4	1.0740743474124244	6.80401508062547	-5.654448135482922
KCNMA1_KCNMB1	KCNB1	4	4	0.9564576360506232	3.8665835824813404	0.2556764374492735
KCNMA1_KCNMB1	CRABP2	6	4	0.9341663134046541	4.441709958529037	-3.65096516495012
KCNMA1_KCNMB1	MT1X	6	4	0.8277191815262683	5.618828540868679	-1.3286080720157774
KCNMA1_KCNMB1	ADM	7	4	0.7905227108005455	2.3642506591909327	-6.410398797893592
KCNMA1_KCNMB1	IGHJ6	6	4	0.6713154686013372	3.0574151821223823	-3.6357498411431357
KCNMA1_KCNMB1	ABCC8	6	4	0.6435271717051204	4.532818465141767	-2.939648000525018
KCNMA1_KCNMB1	CST1	7	4	0.6303633343611662	3.346541015631596	-7.5735340752569185
KCNMA1_KCNMB1	TTR	6	4	0.48814130359410185	3.4117172157791993	-5.3621246129353315
KCNMA1_KCNMB1	AGT	6	4	0.4512855949775316	6.618863641193017	-8.693962311251484
KCNMA1_KCNMB1	GCG	7	4	0.177560205819934	4.981256674067781	-8.336752385764852
KCNMA1_KCNMB1	SELENOP	5	4	0.17150685420768946	3.461571285780288	-3.804450658440273
KCNMA1_KCNMB1	KCNS3	10	4	-0.20273536563242753	4.685442861222859	-1.1673822028331198
KCNMA1_KCNMB1	KCNC4	10	4	-0.3949940842429132	3.8293922930906823	-2.6229301227809496
KCNMA1_KCNMB1	MMP7	10	4	-1.6035204027735146	2.688648377890812	-4.897152008824466
KCNMA1_KCNMB1	LMOD1	3	3	10.270193355325056	12.266863148986571	8.654580088522126
KCNMA1_KCNMB1	ITGA7	3	3	9.888551581676948	10.916099962413675	7.11575292502556
KCNMA1_KCNMB1	SORBS1	3	3	9.49296163202702	12.081532691519287	7.6062673917607935
KCNMA1_KCNMB1	LIMS2	4	3	9.284815475913543	10.37312627753365	-0.37250516634628184
KCNMA1_KCNMB1	SYNPO2	5	3	9.199362681516247	12.950555845854941	-1.8809257931582415
KCNMA1_KCNMB1	PLN	3	3	9.107897709192468	11.135109506930984	5.292435810381262
KCNMA1_KCNMB1	CHRDL2	3	3	9.069674364109309	9.186227995609823	1.872121787070405
KCNMA1_KCNMB1	AKAP6	3	3	8.488757000292791	10.31689331381725	6.634287057880314
KCNMA1_KCNMB1	SLC2A3	3	3	8.329918776225036	9.385870295706795	4.571507639391937
KCNMA1_KCNMB1	PPP1R14A	3	3	8.194321427533737	10.684143623802038	6.023948522697752
KCNMA1_KCNMB1	GFRA1	3	3	8.007511800324473	9.781086284595792	0.35373929000391074
KCNMA1_KCNMB1	MYH10	3	3	6.275489261271559	11.071213738048275	1.1128700041014716
KCNMA1_KCNMB1	EMILIN1	3	3	5.606803606790128	8.904569023714673	3.594728610542059
KCNMA1_KCNMB1	ID4	3	3	5.5447256033388985	10.144550091346813	0.16773439623711123
KCNMA1_KCNMB1	FIBIN	4	3	5.290911149772973	10.350952718304843	-3.598941976643732
KCNMA1_KCNMB1	PTP4A3	3	3	5.234790840273182	10.235869682481628	0.8641437423605798
KCNMA1_KCNMB1	MUSTN1	3	3	5.2052170136660045	10.77555601132424	2.4007823577939833
KCNMA1_KCNMB1	TMOD1	4	3	5.194768683970437	11.206339359774537	-0.26799350637653263
KCNMA1_KCNMB1	VWF	3	3	5.151648515430495	7.278089216562404	2.2291995124128645
KCNMA1_KCNMB1	ADAMTS4	3	3	5.027726685957326	6.915909324710967	2.579854479869074
KCNMA1_KCNMB1	FGF7	3	3	5.007186684687075	10.111079052169192	0.44208284212467996
KCNMA1_KCNMB1	C5orf46	3	3	4.997200452036412	7.975167988964126	3.1621443148937622
KCNMA1_KCNMB1	ADAM12	3	3	4.799367029263534	9.474002941960626	3.903439546539996
KCNMA1_KCNMB1	MRC2	3	3	4.767734071530593	6.516189782893934	3.8864828762703105
KCNMA1_KCNMB1	EGR1	4	3	4.723291984534024	10.669570581189857	-6.035980342848441
KCNMA1_KCNMB1	RASGRF2	3	3	4.651400691715851	7.861034249912565	4.606556440558315
KCNMA1_KCNMB1	FLNA	3	3	4.627926860047934	6.059834056336107	2.427020715264267
KCNMA1_KCNMB1	ISM1	3	3	4.492062589184774	9.413170778164679	0.8757875541935092
KCNMA1_KCNMB1	TPM1	3	3	4.433461766537562	6.3169497096940574	1.134570985703318
KCNMA1_KCNMB1	SRGN	3	3	4.176034872395038	7.296480744097517	3.731136373164403
KCNMA1_KCNMB1	CERCAM	3	3	4.17162176863827	4.997666053245134	2.6215477343758695
KCNMA1_KCNMB1	TMEM158	3	3	4.069196388081967	7.233644285222917	3.4682837424998056
KCNMA1_KCNMB1	SMOC2	3	3	4.035050554149219	10.324376678040078	3.173507810411404
KCNMA1_KCNMB1	ISLR	3	3	4.032145803422974	8.654955099159466	3.804502590660913
KCNMA1_KCNMB1	S100G	3	3	3.993078634798672	6.235053376551178	1.5109188769736408
KCNMA1_KCNMB1	COL15A1	3	3	3.955454484179889	9.966068719741681	2.5761386586667414
KCNMA1_KCNMB1	F13A1	3	3	3.8097110183841645	8.699825107231558	3.687484389091304
KCNMA1_KCNMB1	GPX3	4	3	3.8050794225035807	9.44570530980517	-0.034364339197441994
KCNMA1_KCNMB1	CTSK	5	3	3.798954066762671	9.870078004102457	-7.680030089417501
KCNMA1_KCNMB1	C1QTNF3	4	3	3.795064143324205	9.494567172610987	-4.05277852642558
KCNMA1_KCNMB1	COL16A1	4	3	3.727841380852925	4.721094774575217	-5.389923069240444
KCNMA1_KCNMB1	CCL17	3	3	3.7105391561165297	4.03142354098576	3.2875669599635415
KCNMA1_KCNMB1	COL1A2	3	3	3.637046380497635	4.680816605240929	1.7895457829315027
KCNMA1_KCNMB1	LGALS1	3	3	3.5985357445957695	4.693633508887652	3.251048440792928
KCNMA1_KCNMB1	NBL1	4	3	3.5244433902855916	4.7508161611581246	-4.0961474712900285
KCNMA1_KCNMB1	COL1A1	3	3	3.524233047571465	4.174362392578333	2.14923454895186
KCNMA1_KCNMB1	CD81	3	3	3.5217377757522517	8.738288584253947	1.3504357333130723
KCNMA1_KCNMB1	MATN3	3	3	3.5147544035751794	4.210364144105438	0.4153249542734786
KCNMA1_KCNMB1	TIMP3	4	3	3.473231086192592	5.7464189782928	-3.7915333361644747
KCNMA1_KCNMB1	PDGFRB	3	3	3.449117951025575	5.194447297925504	1.1173455912231578
KCNMA1_KCNMB1	NCCRP1	4	3	3.331948252670265	7.520589297520247	-0.456545579878191
KCNMA1_KCNMB1	ADIRF	5	3	3.3191760130918553	6.134853188994264	-2.1045373218379324
KCNMA1_KCNMB1	MYL9	3	3	3.2929855502546355	5.516544887554548	3.269332810052439
KCNMA1_KCNMB1	COL3A1	3	3	3.1971653863286438	5.11652885375966	1.8994396089139656
KCNMA1_KCNMB1	EPYC	5	3	3.1788864895033306	4.370115415016699	-5.741135572173686
KCNMA1_KCNMB1	OLR1	3	3	3.165272152930123	5.893470040122483	2.949211986877589
KCNMA1_KCNMB1	THY1	3	3	3.157155954257225	5.696393367732663	2.7790476560643644
KCNMA1_KCNMB1	BOC	4	3	3.058874374941297	10.085253620892049	-6.827892399569853
KCNMA1_KCNMB1	HLA-DQA1	3	3	3.0479485910457176	3.116689685874308	1.8582716474169991
KCNMA1_KCNMB1	OLFML2B	3	3	3.046996825326156	6.513687672971874	1.7251237816292808
KCNMA1_KCNMB1	SOCS3	3	3	2.969631978506314	3.0069157953718717	2.625554481795232
KCNMA1_KCNMB1	PLA2G2A	4	3	2.948449090707892	7.629761528866519	-0.572126746634428
KCNMA1_KCNMB1	MUC16	4	3	2.8515496654877053	5.170492529727716	-2.0940386928465977
KCNMA1_KCNMB1	CCL2	3	3	2.7610703051330963	3.867048850814315	2.469012910123797
KCNMA1_KCNMB1	CIITA	3	3	2.7501308616428077	7.432913520467038	1.7966679183736491
KCNMA1_KCNMB1	ID3	3	3	2.680856029457543	3.4896345084854765	2.610682500533673
KCNMA1_KCNMB1	ZNF331	4	3	2.589829780693857	4.88959238513305	-0.9520569017669813
KCNMA1_KCNMB1	TREM1	4	3	2.5613352747593465	3.1975942408489226	-1.0835820105348408
KCNMA1_KCNMB1	BGN	3	3	2.5272261918289893	4.921793109213875	2.2124385194082876
KCNMA1_KCNMB1	NR4A3	5	3	2.5208375024986327	9.088977987462314	-2.2315558363541
KCNMA1_KCNMB1	CCL5	3	3	2.516493368355951	3.8268686626372252	0.6323204619251098
KCNMA1_KCNMB1	CD74	4	3	2.434770944983707	4.298854986772113	-2.730911478191759
KCNMA1_KCNMB1	GADD45B	5	3	2.422892291985467	7.63505486559258	-7.479851286626959
KCNMA1_KCNMB1	SCG3	3	3	2.338085083714886	4.294380989355447	1.3254294422328008
KCNMA1_KCNMB1	PI16	3	3	2.331682629387273	7.31423614023295	0.9183676317119849
KCNMA1_KCNMB1	LOX	4	3	2.1968008892162074	8.858485770385432	-5.928297460311477
KCNMA1_KCNMB1	ERRFI1	4	3	2.1188285179818473	6.338068263515197	-7.2433948262927625
KCNMA1_KCNMB1	LYZ	5	3	1.8873437640822726	6.9525678002991285	-3.4820287350832193
KCNMA1_KCNMB1	TIMP1	4	3	1.8354674607109283	5.06078390322234	-5.4223757567804345
KCNMA1_KCNMB1	SCG5	3	3	1.7830224004851576	2.5714493090225754	0.6493441340732898
KCNMA1_KCNMB1	NKX2-2	3	3	1.7429975507302258	4.299846652603525	0.29351270905670496
KCNMA1_KCNMB1	RASD1	5	3	1.6420551637998464	3.503362729102506	-1.6182938508028792
KCNMA1_KCNMB1	NEURL1	3	3	1.5757115602143874	1.8255393748519102	1.0157311404036191
KCNMA1_KCNMB1	COL14A1	4	3	1.5156976003245815	9.91459856014115	-3.9142426426772867
KCNMA1_KCNMB1	IGF1	4	3	1.4671842347136403	3.106160290754541	-1.0820522206261314
KCNMA1_KCNMB1	ERO1B	3	3	1.445432170673717	3.57517078599164	1.0960383868437371
KCNMA1_KCNMB1	MXRA8	4	3	1.4221960827392142	4.800715156526491	-2.324132052769781
KCNMA1_KCNMB1	MARCO	5	3	1.4147363451860095	2.990662083856449	-5.199334278242744
KCNMA1_KCNMB1	MS4A7	4	3	1.4038434127266057	4.021726131105696	-4.259609694159022
KCNMA1_KCNMB1	ATF3	4	3	1.1940239155062073	3.763646380362325	-2.284019033384639
KCNMA1_KCNMB1	JUN	4	3	1.0823428453061543	5.453711804309343	-1.1946508538514795
KCNMA1_KCNMB1	SRPX	4	3	1.0541793458734132	3.192767549840312	-2.791179459398103
KCNMA1_KCNMB1	ISG15	5	3	1.05335890659421	3.946697586085804	-5.563143121971043
KCNMA1_KCNMB1	MMP9	6	3	1.0516174886539618	8.713633241954232	-5.764254476080714
KCNMA1_KCNMB1	TGFBI	5	3	1.0079071824619115	5.754001653553181	-2.5738381097199525
KCNMA1_KCNMB1	IGHV1-46	4	3	0.9430775152930646	1.1753688956478936	-1.476061708165937
KCNMA1_KCNMB1	SCG2	4	3	0.9124110097536494	2.998391212817475	-0.10047818328278514
KCNMA1_KCNMB1	MZB1	4	3	0.7637640581495327	1.4378514221337697	-2.4468331462728274
KCNMA1_KCNMB1	HBA1	3	3	0.7559551638084943	2.38824689699913	0.11771475903230741
KCNMA1_KCNMB1	PLIN2	3	3	0.7487291862168184	3.261611554168168	0.3126566160178827
KCNMA1_KCNMB1	APOC1	6	3	0.6928551929327094	4.454140327061577	-2.2953493932125673
KCNMA1_KCNMB1	HTRA1	5	3	0.6342993835375175	10.61080562733346	-6.95440659048479
KCNMA1_KCNMB1	SPRR3	3	3	0.6246889827588892	0.7876127023643641	0.13739057336670366
KCNMA1_KCNMB1	PLAUR	6	3	0.5632735032916656	3.453461143319956	-8.721374245086036
KCNMA1_KCNMB1	SDC1	5	3	0.5340512207001793	6.053832831053633	-9.80342258782961
KCNMA1_KCNMB1	PRELP	5	3	0.5156363185868702	9.819182396178364	-3.838638353258707
KCNMA1_KCNMB1	S100A8	3	3	0.5010829011120556	3.03749240588359	0.30693101502644254
KCNMA1_KCNMB1	SLC30A8	4	3	0.3009982745598703	4.523592421092419	-2.6368559764140005
KCNMA1_KCNMB1	IGFBP3	6	3	0.2951225796854712	8.015942205287638	-3.3145861016182874
KCNMA1_KCNMB1	HBA2	5	3	0.21720349928912086	2.854139221515399	-0.8219969798694124
KCNMA1_KCNMB1	BTG2	5	3	0.04392235723167656	2.4104498359870616	-1.5399357270706873
KCNMA1_KCNMB1	ENG	5	3	0.023998411364018334	8.930036183999059	-7.555815227082066
KCNMA1_KCNMB1	KCNK6	10	3	-0.35495572085544314	1.9374458028077612	-2.2043204966893657
KCNMA1_KCNMB1	INS	6	3	-0.4162142624130764	2.6469874057574763	-7.01199370042619
KCNMA1_KCNMB1	JCHAIN	6	3	-0.5527352468939499	2.703794469040754	-7.717398010450975
KCNMA1_KCNMB1	IGHG2	8	3	-0.6875695314610438	2.7525445192333153	-2.466130831864107
KCNMA1_KCNMB1	APOD	7	3	-0.6985521016690206	2.744783618637616	-7.907223255558517
KCNMA1_KCNMB1	KRT7	9	3	-1.5960813100525286	0.5079171911777263	-8.47513746424549
KCNMA1_KCNMB1	SYNM	2	2	10.708038654990657	12.116990968341621	9.299086341639693
KCNMA1_KCNMB1	RGMA	2	2	10.280944122607977	11.485577413198435	9.07631083201752
KCNMA1_KCNMB1	PRUNE2	2	2	10.07221097379739	10.830112599697452	9.314309347897325
KCNMA1_KCNMB1	RBPMS2	2	2	9.786289566155295	10.833093939031556	8.739485193279034
KCNMA1_KCNMB1	TBC1D1	2	2	9.650010497350287	9.767661924958384	9.532359069742188
KCNMA1_KCNMB1	GASK1B	2	2	9.077093492924668	9.711133916004824	8.443053069844513
KCNMA1_KCNMB1	CFL2	2	2	8.630755923013727	10.257151003016405	7.004360843011046
KCNMA1_KCNMB1	CRYAB	2	2	8.487859227084762	8.53597672991568	8.439741724253842
KCNMA1_KCNMB1	ELL2	2	2	8.465123413550973	9.88440931136159	7.045837515740355
KCNMA1_KCNMB1	PPP1R12B	2	2	8.439209086103046	9.038539794568402	7.839878377637691
KCNMA1_KCNMB1	FAM83D	2	2	8.34373114963875	8.545118543944254	8.142343755333247
KCNMA1_KCNMB1	STOM	2	2	8.314583902666506	8.98198401650523	7.647183788827782
KCNMA1_KCNMB1	SCRG1	2	2	7.980836228026417	8.650551765445096	7.311120690607739
KCNMA1_KCNMB1	CPXM2	2	2	7.949463231765229	8.095658295123911	7.803268168406546
KCNMA1_KCNMB1	CNN3	2	2	7.920643481111108	9.648950233075823	6.192336729146395
KCNMA1_KCNMB1	JPH2	2	2	7.895006520062527	9.632061333059495	6.157951707065559
KCNMA1_KCNMB1	RAMP1	2	2	7.706614131962915	8.366301873983037	7.046926389942793
KCNMA1_KCNMB1	CD93	2	2	7.490448886040092	10.454731530912547	4.526166241167637
KCNMA1_KCNMB1	CLIC4	2	2	7.39814664111919	9.835348281418023	4.960945000820358
KCNMA1_KCNMB1	CKB	3	2	7.39056565003205	10.671549531542704	-6.8231377169777385
KCNMA1_KCNMB1	ST6GALNAC5	2	2	7.301747984289825	9.255101176080498	5.348394792499153
KCNMA1_KCNMB1	SGK1	3	2	7.168366277401295	7.6899502453731	-4.040871657540305
KCNMA1_KCNMB1	CEMIP	3	2	6.903038688478794	9.339638015938462	-1.0485473952237714
KCNMA1_KCNMB1	ITPRIP	2	2	6.836273557259661	8.628241819877227	5.044305294642094
KCNMA1_KCNMB1	LRP1	2	2	6.7577806535430724	7.038119498173558	6.4774418089125865
KCNMA1_KCNMB1	PXDN	2	2	6.680961638857356	8.72415676612417	4.637766511590543
KCNMA1_KCNMB1	SH3BP5	3	2	6.653817607678653	8.553283493117052	-2.2154221827561735
KCNMA1_KCNMB1	SPEG	2	2	6.616878465721159	7.542254690754475	5.691502240687844
KCNMA1_KCNMB1	ITGB3	2	2	6.497258235605944	6.523870711798629	6.470645759413258
KCNMA1_KCNMB1	NTRK3	2	2	6.476325550092854	10.535765889379078	2.416885210806629
KCNMA1_KCNMB1	ZBTB16	2	2	6.310706601929883	8.99202612804151	3.629387075818256
KCNMA1_KCNMB1	STAB1	2	2	6.228960848767247	10.046265883060464	2.41165581447403
KCNMA1_KCNMB1	ELN	2	2	6.20731631662848	8.84689760793525	3.567735025321709
KCNMA1_KCNMB1	CLEC14A	2	2	6.040393401873172	9.397856266572045	2.6829305371742986
KCNMA1_KCNMB1	CCN5	2	2	5.942949989874181	8.933829851593448	2.952070128154916
KCNMA1_KCNMB1	ANGPTL2	2	2	5.903066207512899	7.865271687322757	3.940860727703042
KCNMA1_KCNMB1	HLA-DMA	2	2	5.819161858957618	6.479210424669344	5.159113293245892
KCNMA1_KCNMB1	GABARAPL1	2	2	5.574194845093045	7.8542103815981665	3.2941793085879234
KCNMA1_KCNMB1	COL4A2	2	2	5.496550157874833	6.274482565167328	4.718617750582339
KCNMA1_KCNMB1	PI15	2	2	5.282017279805357	9.327771387901857	1.236263171708858
KCNMA1_KCNMB1	ADAMTS16	2	2	5.035939845816153	6.869603756259558	3.202275935372748
KCNMA1_KCNMB1	KLF9	2	2	4.980042761368429	8.478990093386658	1.4810954293502
KCNMA1_KCNMB1	RDH10	2	2	4.960350967984305	6.627929193542834	3.2927727424257762
KCNMA1_KCNMB1	CLDN5	2	2	4.958788821541037	8.389809882211784	1.5277677608702904
KCNMA1_KCNMB1	CYP26A1	2	2	4.92055430563678	7.221628322941626	2.6194802883319337
KCNMA1_KCNMB1	ACKR1	2	2	4.810492946086377	8.340961606165877	1.280024286006878
KCNMA1_KCNMB1	ADAM19	2	2	4.6401797450201325	7.278377247833986	2.0019822422062785
KCNMA1_KCNMB1	HPGD	2	2	4.639115231454327	5.298047812004977	3.980182650903677
KCNMA1_KCNMB1	PFKFB3	3	2	4.598953052509608	7.090685805292524	-0.4526608667185236
KCNMA1_KCNMB1	PGF	2	2	4.59033637655749	9.174235154244966	0.006437598870013454
KCNMA1_KCNMB1	RGS2	2	2	4.580796761064908	6.588665054709121	2.572928467420696
KCNMA1_KCNMB1	NRXN1	2	2	4.5297184052305735	8.476127554603204	0.5833092558579421
KCNMA1_KCNMB1	CTSB	2	2	4.246412430789614	5.460098786069586	3.032726075509642
KCNMA1_KCNMB1	GJA1	3	2	4.2429093983749695	5.454327848808013	-1.9503995779379222
KCNMA1_KCNMB1	VGLL3	2	2	4.165204421441089	7.932284621375397	0.3981242215067819
KCNMA1_KCNMB1	PTGER3	2	2	4.03802198499093	6.11343767417702	1.9626062958048394
KCNMA1_KCNMB1	CXCL13	2	2	3.916685799947205	7.047799176655198	0.7855724232392115
KCNMA1_KCNMB1	CITED2	2	2	3.748047929660822	6.289156662328932	1.2069391969927108
KCNMA1_KCNMB1	LOXL1	3	2	3.7317929848200526	7.228160510937133	-4.075380978163606
KCNMA1_KCNMB1	IL32	3	2	3.6717165983330573	3.8237413691142903	-3.6120652082228135
KCNMA1_KCNMB1	CALB2	2	2	3.6444373763278346	4.500196944182552	2.788677808473117
KCNMA1_KCNMB1	COL6A1	2	2	3.575571356422431	5.449128590160292	1.7020141226845706
KCNMA1_KCNMB1	PPP1R14C	2	2	3.5592570817138367	6.447077534081924	0.6714366293457494
KCNMA1_KCNMB1	SNCG	3	2	3.5367854121463997	3.892011638878308	-9.314174207826891
KCNMA1_KCNMB1	C1QC	3	2	3.431442101786077	6.334746461263471	-3.1095611800522
KCNMA1_KCNMB1	PECAM1	2	2	3.4296882841115446	3.837284304140306	3.0220922640827834
KCNMA1_KCNMB1	HAS1	3	2	3.3845081012119356	8.93551421612504	-0.7843953408367988
KCNMA1_KCNMB1	JUNB	2	2	3.361423698338833	6.047617361492993	0.6752300351846732
KCNMA1_KCNMB1	CAVIN2	2	2	3.2954939319326626	6.173953145844552	0.41703471802077385
KCNMA1_KCNMB1	NFATC1	2	2	3.2834329008749035	3.61370953099346	2.953156270756347
KCNMA1_KCNMB1	DUSP2	2	2	3.2630114181756675	5.173475734712875	1.35254710163846
KCNMA1_KCNMB1	SNAP25	2	2	3.2413101991578634	5.237954476957571	1.2446659213581552
KCNMA1_KCNMB1	EPAS1	2	2	3.1771852829549903	3.5809841390385504	2.77338642687143
KCNMA1_KCNMB1	MS4A1	2	2	3.092537437238469	5.331079651100157	0.8539952233767817
KCNMA1_KCNMB1	CLIC5	2	2	3.0679947317236005	4.571785840379901	1.5642036230673002
KCNMA1_KCNMB1	SCUBE3	2	2	3.01906435722229	3.1582791352802375	2.879849579164343
KCNMA1_KCNMB1	IGHV5-10-1	3	2	2.912796917699675	3.2246212261923173	-1.4859130771382387
KCNMA1_KCNMB1	CMTM3	3	2	2.892469919649022	5.226125419235634	-0.2717481633216725
KCNMA1_KCNMB1	CRYBA2	2	2	2.850426601929433	3.5023548217022786	2.198498382156588
KCNMA1_KCNMB1	CAVIN1	2	2	2.8422953009969874	3.4311912657732746	2.2533993362207
KCNMA1_KCNMB1	PPP1R1A	2	2	2.7939772599375248	3.9177535230770344	1.6702009967980147
KCNMA1_KCNMB1	PTGS1	2	2	2.7513876605211216	4.805975717417493	0.6967996036247507
KCNMA1_KCNMB1	FCMR	2	2	2.729772568130155	4.612838968207312	0.8467061680529988
KCNMA1_KCNMB1	PCDH7	2	2	2.6460032712710033	4.6742279305233385	0.6177786120186681
KCNMA1_KCNMB1	MXRA7	2	2	2.557672741644896	3.5303363949126734	1.585009088377118
KCNMA1_KCNMB1	CPLX2	2	2	2.5264056772764167	3.5875452921359328	1.4652660624169003
KCNMA1_KCNMB1	TSPAN7	2	2	2.512602229224127	3.4716456198180694	1.5535588386301844
KCNMA1_KCNMB1	PTPRC	2	2	2.459464606693702	3.2184588426910707	1.7004703706963333
KCNMA1_KCNMB1	PCSK2	2	2	2.3890736912832007	3.8296932650944053	0.9484541174719961
KCNMA1_KCNMB1	FCRL1	2	2	2.3800449109763906	2.792984828528948	1.9671049934238332
KCNMA1_KCNMB1	VGF	3	2	2.3226161401382037	3.1073960638865405	-0.40736214144268124
KCNMA1_KCNMB1	PRRX1	3	2	2.318948982210806	5.536780818232362	-3.9288029986535085
KCNMA1_KCNMB1	MMP3	2	2	2.218598266275722	2.243525312920609	2.193671219630835
KCNMA1_KCNMB1	VIM	2	2	2.156162187942113	2.377348755009494	1.9349756208747324
KCNMA1_KCNMB1	FCER1G	2	2	2.152125803375223	2.6879360607541063	1.6163155459963403
KCNMA1_KCNMB1	VSTM2L	2	2	2.105888580721494	3.0201003436662677	1.191676817776721
KCNMA1_KCNMB1	PPL	2	2	1.9876459223319998	3.796352722001433	0.17893912266256629
KCNMA1_KCNMB1	FBLN5	4	2	1.9069179949857116	10.00814497464603	-5.1885071376729
KCNMA1_KCNMB1	ICAM1	2	2	1.905365779270415	2.2196324969398002	1.5910990616010299
KCNMA1_KCNMB1	IGLV6-57	3	2	1.87390659102465	3.582740913599682	-4.54438040684888
KCNMA1_KCNMB1	CCR7	2	2	1.8630847031587698	3.648070174217923	0.07809923209961693
KCNMA1_KCNMB1	ITGAX	2	2	1.819158891549154	2.3368010923958855	1.3015166907024223
KCNMA1_KCNMB1	TRBC1	2	2	1.7444295963857723	2.5667499979623902	0.9221091948091543
KCNMA1_KCNMB1	CXCL9	2	2	1.7339401599555622	2.6605574452910554	0.8073228746200689
KCNMA1_KCNMB1	SVEP1	2	2	1.724801655748676	1.976405531657266	1.4731977798400862
KCNMA1_KCNMB1	APLNR	2	2	1.6802032927004538	2.809387496017246	0.5510190893836614
KCNMA1_KCNMB1	PDK4	3	2	1.6729089453498693	8.193510647715321	-1.570393510756025
KCNMA1_KCNMB1	LYVE1	3	2	1.6548922989084116	2.136871053289415	-1.476250211856034
KCNMA1_KCNMB1	PCOLCE	4	2	1.6031087230327128	7.290401479462237	-7.522665673108819
KCNMA1_KCNMB1	DCD	2	2	1.5055486885713192	2.0781086411274186	0.9329887360152199
KCNMA1_KCNMB1	NEUROD1	2	2	1.4761771132658619	1.9280272831849352	1.0243269433467888
KCNMA1_KCNMB1	NTRK2	2	2	1.4598574000370386	1.9396208498391778	0.9800939502348994
KCNMA1_KCNMB1	ACP5	3	2	1.4515891446122613	3.93755022326626	-2.4063540823875558
KCNMA1_KCNMB1	TMEM204	2	2	1.3994590991439075	1.4755706024621236	1.3233475958256915
KCNMA1_KCNMB1	IGHJ2	3	2	1.35973130506585	2.9951311932925377	-0.1380394180298838
KCNMA1_KCNMB1	GJD2	2	2	1.3506041319526978	1.8325942238098225	0.868614040095573
KCNMA1_KCNMB1	GLUL	2	2	1.2598812161783755	1.4663854970768204	1.0533769352799305
KCNMA1_KCNMB1	C1orf198	2	2	1.244746927292242	1.6463009274800813	0.8431929271044026
KCNMA1_KCNMB1	TM4SF4	3	2	1.1465678918309066	5.895524181950716	-8.357456018967149
KCNMA1_KCNMB1	PHACTR3	3	2	1.1154517005686835	4.153986924677622	-9.085942192450576
KCNMA1_KCNMB1	SCGN	3	2	1.0890661787935807	2.752687635419639	-0.44309619354469265
KCNMA1_KCNMB1	TIMP2	2	2	1.056352328440812	2.0562674015419367	0.056437255339687534
KCNMA1_KCNMB1	KLK7	4	2	0.9874746439201993	7.045431135439569	-2.9278656223137234
KCNMA1_KCNMB1	PLVAP	2	2	0.9715758108441073	1.6195961606598275	0.323555461028387
KCNMA1_KCNMB1	GC	3	2	0.8549991906451696	3.086835791879312	-0.3674978937943802
KCNMA1_KCNMB1	UBD	4	2	0.8324705546336968	4.885381098563437	-9.667584545594696
KCNMA1_KCNMB1	HOPX	4	2	0.8318176788059287	10.056017603016311	-4.3685899022816805
KCNMA1_KCNMB1	SCEL	3	2	0.8218888988482971	5.340641187747974	-7.683783681016689
KCNMA1_KCNMB1	FTL	3	2	0.8185209563026504	1.4303875512712496	-1.224699819633511
KCNMA1_KCNMB1	KLK10	4	2	0.7951798989956331	3.888784041669488	-7.165360505441848
KCNMA1_KCNMB1	NNMT	3	2	0.7341252462355157	8.047292596548377	-3.5374675199878327
KCNMA1_KCNMB1	EEF1A2	3	2	0.6813148628988834	1.6342026810901424	-4.992225211668672
KCNMA1_KCNMB1	TOB1	3	2	0.5958205380921964	3.826081277429153	-2.364886146218119
KCNMA1_KCNMB1	CPA3	3	2	0.4631885671347436	0.5442945813832282	-1.7423542627445188
KCNMA1_KCNMB1	TNFRSF21	2	2	0.45941499326418606	0.8359628331716333	0.08286715335673876
KCNMA1_KCNMB1	NPR3	3	2	0.3822133565896024	2.74407778055089	-0.7617699797368371
KCNMA1_KCNMB1	SOD2	3	2	0.3679824511451297	2.6776269339136722	-0.8872866964942968
KCNMA1_KCNMB1	COL17A1	3	2	0.3490868745280528	0.4312540940407514	-5.079665813608204
KCNMA1_KCNMB1	DEPP1	4	2	0.2935945231702704	3.2694647761469473	-3.19805780812762
KCNMA1_KCNMB1	IGLV9-49	4	2	0.24089594696645836	1.9377637552812546	-3.4176311270404036
KCNMA1_KCNMB1	LAMA5	3	2	0.2229462914321246	5.377305278510872	-9.07645088536081
KCNMA1_KCNMB1	SPON2	4	2	0.22198396239165652	3.6291294743985607	-6.339372137475922
KCNMA1_KCNMB1	EFEMP1	2	2	0.14515024264599857	0.21818390523722409	0.07211658005477309
KCNMA1_KCNMB1	SST	4	2	0.1264682495164467	4.018489206424124	-2.791959320958038
KCNMA1_KCNMB1	IGLC7	4	2	0.11199569523178884	2.055350175875063	-0.5799789873027161
KCNMA1_KCNMB1	LMO7	3	2	0.08370550526205582	0.8492276976913632	-2.7384857553854807
KCNMA1_KCNMB1	FCGBP	4	2	0.0475255129207931	5.4657858201076355	-1.396947372832593
KCNMA1_KCNMB1	LY6D	4	2	-0.006250837641204043	6.062161386640593	-3.5593199122532435
KCNMA1_KCNMB1	PADI1	4	2	-0.012170741237611402	0.7316843838525513	-4.114206882699342
KCNMA1_KCNMB1	KRT16	4	2	-0.019936518753248977	2.685455782584657	-2.814317915854088
KCNMA1_KCNMB1	MT1G	5	2	-0.17049890511910026	1.3164153957834384	-4.945665818313843
KCNMA1_KCNMB1	DPEP1	4	2	-0.19591211241643103	2.5929036988271066	-6.517231205256268
KCNMA1_KCNMB1	LTF	4	2	-0.24320303752397654	4.1973341241027935	-5.91841308870594
KCNMA1_KCNMB1	TRIM29	5	2	-0.3381885951465384	2.6054088812490086	-2.994367912583593
KCNMA1_KCNMB1	HEYL	5	2	-0.4035660988279765	9.070931931023397	-7.14833376562058
KCNMA1_KCNMB1	SERPINA1	5	2	-0.4586838803871348	3.867374078278383	-5.099708619597921
KCNMA1_KCNMB1	HSPA1A	5	2	-0.5600589159538569	4.941033355695029	-4.696582457302253
KCNMA1_KCNMB1	EGLN3	6	2	-0.583310620798909	2.6503963995933755	-4.428228232914992
KCNMA1_KCNMB1	MMP12	4	2	-0.6286933044757496	1.5254873053552576	-1.5920491466693483
KCNMA1_KCNMB1	CD68	4	2	-0.6288666190281466	2.019655660702612	-5.174864224916699
KCNMA1_KCNMB1	KCNJ16	5	2	-0.7395945075728529	2.23879908163645	-5.539883476282574
KCNMA1_KCNMB1	HSPA1B	4	2	-0.7492046082112707	3.9587754083387003	-4.403084526587897
KCNMA1_KCNMB1	NET1	4	2	-0.8590534949755024	4.833186366737622	-2.753150293682757
KCNMA1_KCNMB1	C15orf48	6	2	-0.8752666119268773	2.260859655758392	-4.431941600407581
KCNMA1_KCNMB1	GABRP	7	2	-0.9253308837393833	1.4846950721223617	-4.2882749053294384
KCNMA1_KCNMB1	TACSTD2	7	2	-1.0235582814573396	3.9919515318016208	-6.986015131786922
KCNMA1_KCNMB1	CRP	5	2	-1.0419687680857876	2.2086873968490477	-10.135430343872997
KCNMA1_KCNMB1	LAMC2	5	2	-1.1153875634141452	1.5937041660530051	-5.615172883918838
KCNMA1_KCNMB1	KRT8	7	2	-1.2066777186104927	1.0462522322271435	-7.0329589060697435
KCNMA1_KCNMB1	CHGB	5	2	-1.3896781581349278	2.7915754192159383	-3.745049242040191
KCNMA1_KCNMB1	MUC5B	6	2	-1.4651235916865344	7.31582949391713	-4.01132446724651
KCNMA1_KCNMB1	S100A4	5	2	-1.469057647140016	1.6780438443921408	-1.6210973431566342
KCNMA1_KCNMB1	SYT8	7	2	-1.6759007315261252	3.808557327764713	-7.149912807532584
KCNMA1_KCNMB1	EPHA2	6	2	-1.6809426014961995	1.274892226661063	-7.52413053085825
KCNMA1_KCNMB1	ANO1	5	2	-1.8099827680754697	5.552307174779858	-6.960903212439798
KCNMA1_KCNMB1	CD55	5	2	-1.8337616807953931	6.153040036718899	-6.161797445285596
KCNMA1_KCNMB1	ANXA2	5	2	-1.8693962269429407	4.5820395102826454	-4.617442282721391
KCNMA1_KCNMB1	WFDC2	8	2	-1.9818362844436828	1.1336483351054678	-4.131803707290772
KCNMA1_KCNMB1	SERPINA3	7	2	-2.163380968139026	1.8580109813501824	-7.850888511273316
KCNMA1_KCNMB1	C3	6	2	-2.1783874247263384	2.103034461725859	-5.226971252036367
KCNMA1_KCNMB1	FXYD3	8	2	-2.453949370111987	2.643164953551914	-4.725038341700811
KCNMA1_KCNMB1	CXCL5	6	2	-2.4557488535529286	1.8518037188583185	-7.001262314032274
KCNMA1_KCNMB1	PSCA	8	2	-2.63188876450256	4.477189228990747	-7.145943021337754
KCNMA1_KCNMB1	MUC1	8	2	-2.650678348824445	0.601252467855082	-6.381926157821013
KCNMA1_KCNMB1	ITGB6	6	2	-2.7201665836777416	1.199608174096783	-9.377440538305331
KCNMA1_KCNMB1	SMTN	1	1	12.025138436234924	12.025138436234924	12.025138436234924
KCNMA1_KCNMB1	HMCN2	1	1	11.940173964684728	11.940173964684728	11.940173964684728
KCNMA1_KCNMB1	PTN	1	1	11.260806140696598	11.260806140696598	11.260806140696598
KCNMA1_KCNMB1	GAS6	1	1	10.928303177357078	10.928303177357078	10.928303177357078
KCNMA1_KCNMB1	WFDC1	1	1	10.908895812183683	10.908895812183683	10.908895812183683
KCNMA1_KCNMB1	EFHD1	1	1	10.768651497522399	10.768651497522399	10.768651497522399
KCNMA1_KCNMB1	SUSD5	1	1	10.682223661436382	10.682223661436382	10.682223661436382
KCNMA1_KCNMB1	ADAMTS8	1	1	10.632751491687996	10.632751491687996	10.632751491687996
KCNMA1_KCNMB1	PSD	1	1	10.457067350314441	10.457067350314441	10.457067350314441
KCNMA1_KCNMB1	SLC2A4	1	1	10.378573731825346	10.378573731825346	10.378573731825346
KCNMA1_KCNMB1	RASL12	1	1	10.338775680470803	10.338775680470803	10.338775680470803
KCNMA1_KCNMB1	GJA4	1	1	10.263926498624151	10.263926498624151	10.263926498624151
KCNMA1_KCNMB1	SH3PXD2A	1	1	10.135035498286099	10.135035498286099	10.135035498286099
KCNMA1_KCNMB1	C1QTNF1	1	1	10.08140469921777	10.08140469921777	10.08140469921777
KCNMA1_KCNMB1	MRVI1	1	1	10.055091343782177	10.055091343782177	10.055091343782177
KCNMA1_KCNMB1	RERGL	1	1	10.020769198500059	10.020769198500059	10.020769198500059
KCNMA1_KCNMB1	GXYLT2	1	1	9.790176820275754	9.790176820275754	9.790176820275754
KCNMA1_KCNMB1	ERG	1	1	9.731989716321378	9.731989716321378	9.731989716321378
KCNMA1_KCNMB1	SVIL	1	1	9.65483318056504	9.65483318056504	9.65483318056504
KCNMA1_KCNMB1	TSPAN2	1	1	9.646283813843057	9.646283813843057	9.646283813843057
KCNMA1_KCNMB1	EGR2	1	1	9.61563328591197	9.61563328591197	9.61563328591197
KCNMA1_KCNMB1	DTNA	1	1	9.612429743178305	9.612429743178305	9.612429743178305
KCNMA1_KCNMB1	NRXN3	1	1	9.572708060392765	9.572708060392765	9.572708060392765
KCNMA1_KCNMB1	PGM5	1	1	9.422389659466926	9.422389659466926	9.422389659466926
KCNMA1_KCNMB1	PKIG	1	1	9.376703507104148	9.376703507104148	9.376703507104148
KCNMA1_KCNMB1	FLNC	1	1	9.37071008758779	9.37071008758779	9.37071008758779
KCNMA1_KCNMB1	SGCA	1	1	9.286822553999139	9.286822553999139	9.286822553999139
KCNMA1_KCNMB1	ECRG4	1	1	9.282057403881078	9.282057403881078	9.282057403881078
KCNMA1_KCNMB1	COL8A2	1	1	9.279339824693363	9.279339824693363	9.279339824693363
KCNMA1_KCNMB1	TBX2	1	1	9.231081526880443	9.231081526880443	9.231081526880443
KCNMA1_KCNMB1	ANK2	1	1	9.198803778676913	9.198803778676913	9.198803778676913
KCNMA1_KCNMB1	BARX1	1	1	9.191394063924594	9.191394063924594	9.191394063924594
KCNMA1_KCNMB1	LTBP1	1	1	9.142027322901606	9.142027322901606	9.142027322901606
KCNMA1_KCNMB1	PTGIR	1	1	8.987727614554172	8.987727614554172	8.987727614554172
KCNMA1_KCNMB1	CHRM2	1	1	8.983403562328608	8.983403562328608	8.983403562328608
KCNMA1_KCNMB1	FBLIM1	1	1	8.807947317534381	8.807947317534381	8.807947317534381
KCNMA1_KCNMB1	KIF1C	1	1	8.764138162550989	8.764138162550989	8.764138162550989
KCNMA1_KCNMB1	CSF1R	1	1	8.75672799031813	8.75672799031813	8.75672799031813
KCNMA1_KCNMB1	PRDM1	1	1	8.691829824839001	8.691829824839001	8.691829824839001
KCNMA1_KCNMB1	WNT2	1	1	8.660574808203013	8.660574808203013	8.660574808203013
KCNMA1_KCNMB1	FADS3	1	1	8.597357367464136	8.597357367464136	8.597357367464136
KCNMA1_KCNMB1	GFPT2	1	1	8.464889920385664	8.464889920385664	8.464889920385664
KCNMA1_KCNMB1	CX3CL1	1	1	8.437817621401088	8.437817621401088	8.437817621401088
KCNMA1_KCNMB1	PRIMA1	1	1	8.39689605717064	8.39689605717064	8.39689605717064
KCNMA1_KCNMB1	ADCY5	1	1	8.372956445484052	8.372956445484052	8.372956445484052
KCNMA1_KCNMB1	VASH1	1	1	8.368865402413762	8.368865402413762	8.368865402413762
KCNMA1_KCNMB1	CACNA1H	1	1	8.357783340603563	8.357783340603563	8.357783340603563
KCNMA1_KCNMB1	CDH5	1	1	8.170134211511096	8.170134211511096	8.170134211511096
KCNMA1_KCNMB1	RAB31	1	1	8.158333613287201	8.158333613287201	8.158333613287201
KCNMA1_KCNMB1	RBPMS	1	1	8.140773222900103	8.140773222900103	8.140773222900103
KCNMA1_KCNMB1	RCAN2	1	1	8.119969806826633	8.119969806826633	8.119969806826633
KCNMA1_KCNMB1	ALDH1B1	1	1	8.11080532730061	8.11080532730061	8.11080532730061
KCNMA1_KCNMB1	ANKH	1	1	8.024982232520792	8.024982232520792	8.024982232520792
KCNMA1_KCNMB1	MAP3K20	1	1	8.007153363657489	8.007153363657489	8.007153363657489
KCNMA1_KCNMB1	CSF1	1	1	7.962744107253253	7.962744107253253	7.962744107253253
KCNMA1_KCNMB1	CACNB2	1	1	7.9056210888304435	7.9056210888304435	7.9056210888304435
KCNMA1_KCNMB1	ITGA8	1	1	7.861907626747155	7.861907626747155	7.861907626747155
KCNMA1_KCNMB1	SELENOM	1	1	7.813910648592692	7.813910648592692	7.813910648592692
KCNMA1_KCNMB1	FAS	1	1	7.804343420650604	7.804343420650604	7.804343420650604
KCNMA1_KCNMB1	GYPC	1	1	7.781842512670512	7.781842512670512	7.781842512670512
KCNMA1_KCNMB1	GREM2	1	1	7.774863916708794	7.774863916708794	7.774863916708794
KCNMA1_KCNMB1	LTBP2	1	1	7.698806182796196	7.698806182796196	7.698806182796196
KCNMA1_KCNMB1	GALNT15	1	1	7.687474965903354	7.687474965903354	7.687474965903354
KCNMA1_KCNMB1	IGFN1	1	1	7.675603886428268	7.675603886428268	7.675603886428268
KCNMA1_KCNMB1	NPDC1	1	1	7.668817016101146	7.668817016101146	7.668817016101146
KCNMA1_KCNMB1	IL27RA	1	1	7.667005766607481	7.667005766607481	7.667005766607481
KCNMA1_KCNMB1	PALM2-AKAP2	1	1	7.649175514458184	7.649175514458184	7.649175514458184
KCNMA1_KCNMB1	ZFP36	1	1	7.641113193918549	7.641113193918549	7.641113193918549
KCNMA1_KCNMB1	ROBO1	1	1	7.556178304689373	7.556178304689373	7.556178304689373
KCNMA1_KCNMB1	PITX1	1	1	7.516025497013873	7.516025497013873	7.516025497013873
KCNMA1_KCNMB1	ARHGAP31	1	1	7.513328203311082	7.513328203311082	7.513328203311082
KCNMA1_KCNMB1	LST1	1	1	7.4997406025288935	7.4997406025288935	7.4997406025288935
KCNMA1_KCNMB1	FOXF1	1	1	7.453608392349526	7.453608392349526	7.453608392349526
KCNMA1_KCNMB1	CSF2RB	1	1	7.43236756555508	7.43236756555508	7.43236756555508
KCNMA1_KCNMB1	CD200	1	1	7.290877009159333	7.290877009159333	7.290877009159333
KCNMA1_KCNMB1	TNFRSF9	1	1	7.28463447977053	7.28463447977053	7.28463447977053
KCNMA1_KCNMB1	NCKAP5	1	1	7.284108511042404	7.284108511042404	7.284108511042404
KCNMA1_KCNMB1	CCDC69	1	1	7.184915031548181	7.184915031548181	7.184915031548181
KCNMA1_KCNMB1	CCDC71L	1	1	7.176426380282961	7.176426380282961	7.176426380282961
KCNMA1_KCNMB1	ASB2	1	1	7.092437391804574	7.092437391804574	7.092437391804574
KCNMA1_KCNMB1	CAPN6	1	1	7.082996304061701	7.082996304061701	7.082996304061701
KCNMA1_KCNMB1	PLPP4	1	1	7.009675820902249	7.009675820902249	7.009675820902249
KCNMA1_KCNMB1	FABP4	1	1	6.989959266888058	6.989959266888058	6.989959266888058
KCNMA1_KCNMB1	IL22RA2	1	1	6.8984704883876935	6.8984704883876935	6.8984704883876935
KCNMA1_KCNMB1	JAK3	1	1	6.859174695889221	6.859174695889221	6.859174695889221
KCNMA1_KCNMB1	PDPN	1	1	6.8309198184805355	6.8309198184805355	6.8309198184805355
KCNMA1_KCNMB1	S100B	1	1	6.700463027714856	6.700463027714856	6.700463027714856
KCNMA1_KCNMB1	SEMA5A	1	1	6.68031341402867	6.68031341402867	6.68031341402867
KCNMA1_KCNMB1	STC1	1	1	6.617995525201246	6.617995525201246	6.617995525201246
KCNMA1_KCNMB1	CCN4	1	1	6.615606312088781	6.615606312088781	6.615606312088781
KCNMA1_KCNMB1	HSPB8	1	1	6.61093235760458	6.61093235760458	6.61093235760458
KCNMA1_KCNMB1	FCGRT	1	1	6.578330356544733	6.578330356544733	6.578330356544733
KCNMA1_KCNMB1	TRAF1	1	1	6.556982826003196	6.556982826003196	6.556982826003196
KCNMA1_KCNMB1	PODNL1	1	1	6.504259513013535	6.504259513013535	6.504259513013535
KCNMA1_KCNMB1	WNT11	1	1	6.4981389468967565	6.4981389468967565	6.4981389468967565
KCNMA1_KCNMB1	ZFP36L1	1	1	6.440245743160154	6.440245743160154	6.440245743160154
KCNMA1_KCNMB1	ARL4C	1	1	6.265421129984504	6.265421129984504	6.265421129984504
KCNMA1_KCNMB1	JMY	1	1	6.193057753096555	6.193057753096555	6.193057753096555
KCNMA1_KCNMB1	HOXB3	1	1	6.129556893747937	6.129556893747937	6.129556893747937
KCNMA1_KCNMB1	VCAM1	1	1	6.12781400181187	6.12781400181187	6.12781400181187
KCNMA1_KCNMB1	SYNGR2	1	1	6.120616968046533	6.120616968046533	6.120616968046533
KCNMA1_KCNMB1	C2CD4A	1	1	6.08128803243624	6.08128803243624	6.08128803243624
KCNMA1_KCNMB1	SCARF1	1	1	6.055218245017022	6.055218245017022	6.055218245017022
KCNMA1_KCNMB1	MAP1B	1	1	5.993050018135253	5.993050018135253	5.993050018135253
KCNMA1_KCNMB1	ADAMTS5	1	1	5.956684803668466	5.956684803668466	5.956684803668466
KCNMA1_KCNMB1	ATP10A	1	1	5.898826221419993	5.898826221419993	5.898826221419993
KCNMA1_KCNMB1	WNT10A	1	1	5.8847277250406185	5.8847277250406185	5.8847277250406185
KCNMA1_KCNMB1	PSAPL1	1	1	5.859009982829676	5.859009982829676	5.859009982829676
KCNMA1_KCNMB1	TMEM70	1	1	5.845945219166019	5.845945219166019	5.845945219166019
KCNMA1_KCNMB1	AZIN2	1	1	5.786985970132687	5.786985970132687	5.786985970132687
KCNMA1_KCNMB1	MSLN	1	1	5.76380427603069	5.76380427603069	5.76380427603069
KCNMA1_KCNMB1	MICAL2	1	1	5.705698545614292	5.705698545614292	5.705698545614292
KCNMA1_KCNMB1	CCL11	1	1	5.691849551595416	5.691849551595416	5.691849551595416
KCNMA1_KCNMB1	CSTA	1	1	5.649835414586519	5.649835414586519	5.649835414586519
KCNMA1_KCNMB1	HLA-DQB2	1	1	5.5250700518142635	5.5250700518142635	5.5250700518142635
KCNMA1_KCNMB1	QDPR	1	1	5.511904190435164	5.511904190435164	5.511904190435164
KCNMA1_KCNMB1	HSPH1	1	1	5.509559877863031	5.509559877863031	5.509559877863031
KCNMA1_KCNMB1	KEL	1	1	5.483497056304	5.483497056304	5.483497056304
KCNMA1_KCNMB1	CRIM1	1	1	5.48108562962958	5.48108562962958	5.48108562962958
KCNMA1_KCNMB1	SLC7A2	1	1	5.449760286376067	5.449760286376067	5.449760286376067
KCNMA1_KCNMB1	RGS1	1	1	5.446923797874362	5.446923797874362	5.446923797874362
KCNMA1_KCNMB1	FAM20A	1	1	5.404196764077859	5.404196764077859	5.404196764077859
KCNMA1_KCNMB1	KSR1	1	1	5.366090023122522	5.366090023122522	5.366090023122522
KCNMA1_KCNMB1	KIAA1217	1	1	5.337361171571018	5.337361171571018	5.337361171571018
KCNMA1_KCNMB1	HS3ST2	1	1	5.32111435634151	5.32111435634151	5.32111435634151
KCNMA1_KCNMB1	ARNT2	1	1	5.317812772256998	5.317812772256998	5.317812772256998
KCNMA1_KCNMB1	KCP	1	1	5.297682867349327	5.297682867349327	5.297682867349327
KCNMA1_KCNMB1	HLA-DOA	1	1	5.279832414323628	5.279832414323628	5.279832414323628
KCNMA1_KCNMB1	HIST1H2AC	1	1	5.275749113428586	5.275749113428586	5.275749113428586
KCNMA1_KCNMB1	ANKRD22	1	1	5.272712249277401	5.272712249277401	5.272712249277401
KCNMA1_KCNMB1	CRIP2	1	1	5.133624741973239	5.133624741973239	5.133624741973239
KCNMA1_KCNMB1	PPARGC1A	1	1	5.020972825309076	5.020972825309076	5.020972825309076
KCNMA1_KCNMB1	CALU	1	1	4.993793842994997	4.993793842994997	4.993793842994997
KCNMA1_KCNMB1	RNF19B	1	1	4.980750017052273	4.980750017052273	4.980750017052273
KCNMA1_KCNMB1	IL4R	1	1	4.879232725719066	4.879232725719066	4.879232725719066
KCNMA1_KCNMB1	UPK3B	1	1	4.878473828256052	4.878473828256052	4.878473828256052
KCNMA1_KCNMB1	METRNL	1	1	4.84764426535897	4.84764426535897	4.84764426535897
KCNMA1_KCNMB1	EMP1	1	1	4.839375972225698	4.839375972225698	4.839375972225698
KCNMA1_KCNMB1	MED13L	1	1	4.837594692399447	4.837594692399447	4.837594692399447
KCNMA1_KCNMB1	EGFL7	1	1	4.768839080153943	4.768839080153943	4.768839080153943
KCNMA1_KCNMB1	CHPF	1	1	4.721514407342131	4.721514407342131	4.721514407342131
KCNMA1_KCNMB1	SEMA3D	1	1	4.711021083096812	4.711021083096812	4.711021083096812
KCNMA1_KCNMB1	SPHK1	1	1	4.687197628387069	4.687197628387069	4.687197628387069
KCNMA1_KCNMB1	RAPGEFL1	1	1	4.597786200918376	4.597786200918376	4.597786200918376
KCNMA1_KCNMB1	RBP5	1	1	4.534828574693824	4.534828574693824	4.534828574693824
KCNMA1_KCNMB1	IER2	1	1	4.522674680151905	4.522674680151905	4.522674680151905
KCNMA1_KCNMB1	RGCC	1	1	4.5129634061521475	4.5129634061521475	4.5129634061521475
KCNMA1_KCNMB1	ENAH	1	1	4.504698285703399	4.504698285703399	4.504698285703399
KCNMA1_KCNMB1	IL6	1	1	4.501030765096108	4.501030765096108	4.501030765096108
KCNMA1_KCNMB1	SLC39A4	1	1	4.34283776407265	4.34283776407265	4.34283776407265
KCNMA1_KCNMB1	SBSPON	2	1	4.323760828143734	9.46724599540391	-0.8197243391164424
KCNMA1_KCNMB1	MARCKS	1	1	4.256748964151467	4.256748964151467	4.256748964151467
KCNMA1_KCNMB1	CDKN1C	1	1	4.232255707809201	4.232255707809201	4.232255707809201
KCNMA1_KCNMB1	LBH	2	1	4.222040640441515	8.652596233188252	-0.20851495230522266
KCNMA1_KCNMB1	COL19A1	1	1	4.214328486286868	4.214328486286868	4.214328486286868
KCNMA1_KCNMB1	TRIM59	1	1	4.166777766783907	4.166777766783907	4.166777766783907
KCNMA1_KCNMB1	ADARB1	1	1	4.094500790338033	4.094500790338033	4.094500790338033
KCNMA1_KCNMB1	VRK2	1	1	4.056803070310487	4.056803070310487	4.056803070310487
KCNMA1_KCNMB1	ACTC1	1	1	4.007741741907858	4.007741741907858	4.007741741907858
KCNMA1_KCNMB1	SGMS2	1	1	3.985658936191352	3.985658936191352	3.985658936191352
KCNMA1_KCNMB1	KIF26B	1	1	3.9767514235673684	3.9767514235673684	3.9767514235673684
KCNMA1_KCNMB1	SHANK3	1	1	3.966453838743584	3.966453838743584	3.966453838743584
KCNMA1_KCNMB1	IL33	2	1	3.8938987775545595	8.679324258419783	-0.8915267033106642
KCNMA1_KCNMB1	CADM1	1	1	3.891800126262671	3.891800126262671	3.891800126262671
KCNMA1_KCNMB1	VSIG4	1	1	3.8891199189424537	3.8891199189424537	3.8891199189424537
KCNMA1_KCNMB1	RBP4	1	1	3.8784110655601975	3.8784110655601975	3.8784110655601975
KCNMA1_KCNMB1	WNK1	1	1	3.8578183226688805	3.8578183226688805	3.8578183226688805
KCNMA1_KCNMB1	NUAK1	1	1	3.8401798318379092	3.8401798318379092	3.8401798318379092
KCNMA1_KCNMB1	HOXB6	1	1	3.8196179317047148	3.8196179317047148	3.8196179317047148
KCNMA1_KCNMB1	JPH1	1	1	3.7947321240548244	3.7947321240548244	3.7947321240548244
KCNMA1_KCNMB1	ALPL	1	1	3.7426277561212586	3.7426277561212586	3.7426277561212586
KCNMA1_KCNMB1	WNT7A	1	1	3.7189242597523484	3.7189242597523484	3.7189242597523484
KCNMA1_KCNMB1	CAPN13	1	1	3.718678469291764	3.718678469291764	3.718678469291764
KCNMA1_KCNMB1	SDS	1	1	3.7120130622518452	3.7120130622518452	3.7120130622518452
KCNMA1_KCNMB1	TYMP	1	1	3.5880830834552047	3.5880830834552047	3.5880830834552047
KCNMA1_KCNMB1	CTNNB1	1	1	3.475585503809749	3.475585503809749	3.475585503809749
KCNMA1_KCNMB1	MSR1	1	1	3.4695819292796943	3.4695819292796943	3.4695819292796943
KCNMA1_KCNMB1	TRIM31	1	1	3.454479464309163	3.454479464309163	3.454479464309163
KCNMA1_KCNMB1	CLMP	1	1	3.4236634969880897	3.4236634969880897	3.4236634969880897
KCNMA1_KCNMB1	AQP9	1	1	3.4139371733714143	3.4139371733714143	3.4139371733714143
KCNMA1_KCNMB1	CD163	1	1	3.3632592768762635	3.3632592768762635	3.3632592768762635
KCNMA1_KCNMB1	C3orf70	1	1	3.3575806649899023	3.3575806649899023	3.3575806649899023
KCNMA1_KCNMB1	PDLIM4	1	1	3.2864318622117508	3.2864318622117508	3.2864318622117508
KCNMA1_KCNMB1	GATD1	1	1	3.283398108509765	3.283398108509765	3.283398108509765
KCNMA1_KCNMB1	NEXN	1	1	3.2493997473836616	3.2493997473836616	3.2493997473836616
KCNMA1_KCNMB1	C1QA	1	1	3.2452312914404904	3.2452312914404904	3.2452312914404904
KCNMA1_KCNMB1	SLC44A1	1	1	3.211995820379002	3.211995820379002	3.211995820379002
KCNMA1_KCNMB1	COL18A1	1	1	3.181292892672236	3.181292892672236	3.181292892672236
KCNMA1_KCNMB1	MFGE8	1	1	3.1759152821412404	3.1759152821412404	3.1759152821412404
KCNMA1_KCNMB1	SCGB2A1	1	1	3.171435179166772	3.171435179166772	3.171435179166772
KCNMA1_KCNMB1	APLN	1	1	3.1399308428775763	3.1399308428775763	3.1399308428775763
KCNMA1_KCNMB1	SAT1	1	1	3.1153605534890056	3.1153605534890056	3.1153605534890056
KCNMA1_KCNMB1	DKK3	1	1	3.0944813233737256	3.0944813233737256	3.0944813233737256
KCNMA1_KCNMB1	CHMP1B	1	1	3.0432722039291455	3.0432722039291455	3.0432722039291455
KCNMA1_KCNMB1	GSTK1	1	1	3.032848288587308	3.032848288587308	3.032848288587308
KCNMA1_KCNMB1	CCDC3	2	1	3.0261041099288466	8.081537893105335	-2.0293296732476414
KCNMA1_KCNMB1	ACTN1	1	1	2.99115373488101	2.99115373488101	2.99115373488101
KCNMA1_KCNMB1	SLIT2	1	1	2.9796778484218396	2.9796778484218396	2.9796778484218396
KCNMA1_KCNMB1	CARNS1	1	1	2.951854600776733	2.951854600776733	2.951854600776733
KCNMA1_KCNMB1	SYNC	1	1	2.9346068210148593	2.9346068210148593	2.9346068210148593
KCNMA1_KCNMB1	IKBKE	1	1	2.931893222977665	2.931893222977665	2.931893222977665
KCNMA1_KCNMB1	MRFAP1L1	1	1	2.9291978593816905	2.9291978593816905	2.9291978593816905
KCNMA1_KCNMB1	SLC35D3	1	1	2.9231663889836397	2.9231663889836397	2.9231663889836397
KCNMA1_KCNMB1	ACSF2	1	1	2.9015243786218883	2.9015243786218883	2.9015243786218883
KCNMA1_KCNMB1	TRAK1	1	1	2.8997705800505593	2.8997705800505593	2.8997705800505593
KCNMA1_KCNMB1	IGFL3	1	1	2.85009030645214	2.85009030645214	2.85009030645214
KCNMA1_KCNMB1	GEM	1	1	2.8154020645026856	2.8154020645026856	2.8154020645026856
KCNMA1_KCNMB1	BANF1	1	1	2.8017150443277443	2.8017150443277443	2.8017150443277443
KCNMA1_KCNMB1	ENTPD1	1	1	2.7861371915356408	2.7861371915356408	2.7861371915356408
KCNMA1_KCNMB1	LCN12	1	1	2.7614643993504164	2.7614643993504164	2.7614643993504164
KCNMA1_KCNMB1	HLA-DRB1	1	1	2.7494870345241247	2.7494870345241247	2.7494870345241247
KCNMA1_KCNMB1	IFIT1	1	1	2.7490502969891493	2.7490502969891493	2.7490502969891493
KCNMA1_KCNMB1	SLC38A4	1	1	2.7267959326974966	2.7267959326974966	2.7267959326974966
KCNMA1_KCNMB1	CXCL10	1	1	2.6958272004294384	2.6958272004294384	2.6958272004294384
KCNMA1_KCNMB1	LMNA	2	1	2.694548922297182	5.7517272476713455	-0.36262940307698205
KCNMA1_KCNMB1	ABI3BP	1	1	2.58425677129995	2.58425677129995	2.58425677129995
KCNMA1_KCNMB1	ZBED2	1	1	2.5432103355034346	2.5432103355034346	2.5432103355034346
KCNMA1_KCNMB1	FHL5	1	1	2.5262203261461273	2.5262203261461273	2.5262203261461273
KCNMA1_KCNMB1	PTGES	1	1	2.521928246247351	2.521928246247351	2.521928246247351
KCNMA1_KCNMB1	CYP4F22	1	1	2.4954453819600606	2.4954453819600606	2.4954453819600606
KCNMA1_KCNMB1	ZNF185	1	1	2.4953827091281955	2.4953827091281955	2.4953827091281955
KCNMA1_KCNMB1	AKNA	1	1	2.4948360390351487	2.4948360390351487	2.4948360390351487
KCNMA1_KCNMB1	FJX1	1	1	2.471265692927648	2.471265692927648	2.471265692927648
KCNMA1_KCNMB1	KCNK16	1	1	2.469466897393149	2.469466897393149	2.469466897393149
KCNMA1_KCNMB1	HIST1H4A	2	1	2.441222203398461	4.974549744938849	-0.09210533814192738
KCNMA1_KCNMB1	TSC22D1	2	1	2.4399689548478665	8.90661116573931	-4.026673256043577
KCNMA1_KCNMB1	SPON1	1	1	2.4221450923026895	2.4221450923026895	2.4221450923026895
KCNMA1_KCNMB1	ADCYAP1	1	1	2.4211720833963133	2.4211720833963133	2.4211720833963133
KCNMA1_KCNMB1	IL20RB	1	1	2.4158734166409963	2.4158734166409963	2.4158734166409963
KCNMA1_KCNMB1	TNFAIP2	1	1	2.4092049022041095	2.4092049022041095	2.4092049022041095
KCNMA1_KCNMB1	CDKN1A	2	1	2.4066764355310353	5.820266534529195	-1.0069136634671243
KCNMA1_KCNMB1	OASL	1	1	2.396325240608115	2.396325240608115	2.396325240608115
KCNMA1_KCNMB1	FTH1	1	1	2.3764196516948064	2.3764196516948064	2.3764196516948064
KCNMA1_KCNMB1	PPP1R15A	2	1	2.3646853590895685	5.232432552466603	-0.5030618342874665
KCNMA1_KCNMB1	FCGR3A	1	1	2.35271931885243	2.35271931885243	2.35271931885243
KCNMA1_KCNMB1	RCAN1	2	1	2.292418402192293	4.911877483511258	-0.32704067912667223
KCNMA1_KCNMB1	RAB3C	1	1	2.291531697308272	2.291531697308272	2.291531697308272
KCNMA1_KCNMB1	ALDH2	1	1	2.243876145886786	2.243876145886786	2.243876145886786
KCNMA1_KCNMB1	KDM6B	1	1	2.2292833399739984	2.2292833399739984	2.2292833399739984
KCNMA1_KCNMB1	PCSK6	1	1	2.1996616793225257	2.1996616793225257	2.1996616793225257
KCNMA1_KCNMB1	PDLIM5	2	1	2.1996006741323595	7.088766400657703	-2.689565052392984
KCNMA1_KCNMB1	ERBB2	1	1	2.164472819393314	2.164472819393314	2.164472819393314
KCNMA1_KCNMB1	NCAM1	2	1	2.143192996709784	7.6941717295591	-3.4077857361395325
KCNMA1_KCNMB1	ARPC2	1	1	2.140834469446156	2.140834469446156	2.140834469446156
KCNMA1_KCNMB1	IL11	1	1	2.1332466891706456	2.1332466891706456	2.1332466891706456
KCNMA1_KCNMB1	CORO1A	1	1	2.1199851561733056	2.1199851561733056	2.1199851561733056
KCNMA1_KCNMB1	NFIB	1	1	2.108417913476311	2.108417913476311	2.108417913476311
KCNMA1_KCNMB1	IFIT2	1	1	2.1004197628068386	2.1004197628068386	2.1004197628068386
KCNMA1_KCNMB1	MARCKSL1	2	1	2.0398471868641446	5.922185933458098	-1.8424915597298086
KCNMA1_KCNMB1	DHRS2	1	1	2.0311937533499824	2.0311937533499824	2.0311937533499824
KCNMA1_KCNMB1	ODF3B	1	1	2.0093093257732493	2.0093093257732493	2.0093093257732493
KCNMA1_KCNMB1	SRRT	1	1	2.0046708743659103	2.0046708743659103	2.0046708743659103
KCNMA1_KCNMB1	PDGFA	2	1	1.9940362405573384	6.091639649556959	-2.1035671684422823
KCNMA1_KCNMB1	GPC1	2	1	1.9846966025595683	5.292760002228247	-1.3233667971091108
KCNMA1_KCNMB1	KRT20	2	1	1.9677648432977268	4.792149482945865	-0.8566197963504113
KCNMA1_KCNMB1	G0S2	1	1	1.9645948647250147	1.9645948647250147	1.9645948647250147
KCNMA1_KCNMB1	FDCSP	1	1	1.9282279454603872	1.9282279454603872	1.9282279454603872
KCNMA1_KCNMB1	SPRR4	1	1	1.9241244720492123	1.9241244720492123	1.9241244720492123
KCNMA1_KCNMB1	ZFP36L2	1	1	1.9180579651329717	1.9180579651329717	1.9180579651329717
KCNMA1_KCNMB1	ANP32E	1	1	1.8959363268268161	1.8959363268268161	1.8959363268268161
KCNMA1_KCNMB1	SULT2B1	1	1	1.8929449092653632	1.8929449092653632	1.8929449092653632
KCNMA1_KCNMB1	CDC123	1	1	1.885815454118904	1.885815454118904	1.885815454118904
KCNMA1_KCNMB1	PDE1C	1	1	1.8824993207854053	1.8824993207854053	1.8824993207854053
KCNMA1_KCNMB1	KLK8	2	1	1.8717668531437879	5.276441236634897	-1.532907530347321
KCNMA1_KCNMB1	RGS9	1	1	1.8576804475322959	1.8576804475322959	1.8576804475322959
KCNMA1_KCNMB1	SFRP1	1	1	1.8563850282942818	1.8563850282942818	1.8563850282942818
KCNMA1_KCNMB1	CABP7	1	1	1.8538861302874627	1.8538861302874627	1.8538861302874627
KCNMA1_KCNMB1	FXYD6	2	1	1.8313010027008985	9.625080908693066	-5.962478903291269
KCNMA1_KCNMB1	CIRBP	1	1	1.8227905872920815	1.8227905872920815	1.8227905872920815
KCNMA1_KCNMB1	ADAMTS12	1	1	1.7834100948257636	1.7834100948257636	1.7834100948257636
KCNMA1_KCNMB1	MMRN1	1	1	1.7734828888204401	1.7734828888204401	1.7734828888204401
KCNMA1_KCNMB1	PCSK1	1	1	1.7564835319740604	1.7564835319740604	1.7564835319740604
KCNMA1_KCNMB1	CD3D	1	1	1.7491740594476606	1.7491740594476606	1.7491740594476606
KCNMA1_KCNMB1	CDK6	1	1	1.7478743664020495	1.7478743664020495	1.7478743664020495
KCNMA1_KCNMB1	TYK2	1	1	1.7290053019797222	1.7290053019797222	1.7290053019797222
KCNMA1_KCNMB1	SMG1	1	1	1.705244543087365	1.705244543087365	1.705244543087365
KCNMA1_KCNMB1	ZNF888	1	1	1.7027785631077303	1.7027785631077303	1.7027785631077303
KCNMA1_KCNMB1	IL1R1	1	1	1.7017544976803816	1.7017544976803816	1.7017544976803816
KCNMA1_KCNMB1	LYPD2	2	1	1.6869812628191794	6.612905390416116	-3.238942864777757
KCNMA1_KCNMB1	EVL	1	1	1.6793706704154747	1.6793706704154747	1.6793706704154747
KCNMA1_KCNMB1	HMOX1	2	1	1.6593210856538319	4.581722589333507	-1.263080418025844
KCNMA1_KCNMB1	ADAMTS2	1	1	1.6576845253542645	1.6576845253542645	1.6576845253542645
KCNMA1_KCNMB1	ACSL1	1	1	1.6463768150474274	1.6463768150474274	1.6463768150474274
KCNMA1_KCNMB1	STAR	2	1	1.6435381389495252	4.387163433329943	-1.1000871554308922
KCNMA1_KCNMB1	CCL14	1	1	1.637867773309101	1.637867773309101	1.637867773309101
KCNMA1_KCNMB1	MUCL1	1	1	1.619944143006535	1.619944143006535	1.619944143006535
KCNMA1_KCNMB1	TMC8	1	1	1.6155539126982668	1.6155539126982668	1.6155539126982668
KCNMA1_KCNMB1	CHIA	1	1	1.5897500813470373	1.5897500813470373	1.5897500813470373
KCNMA1_KCNMB1	CACNA1A	1	1	1.5824769068808395	1.5824769068808395	1.5824769068808395
KCNMA1_KCNMB1	CCL8	1	1	1.5715430657271168	1.5715430657271168	1.5715430657271168
KCNMA1_KCNMB1	CCNI	1	1	1.5664925053670804	1.5664925053670804	1.5664925053670804
KCNMA1_KCNMB1	MME	1	1	1.560211872623024	1.560211872623024	1.560211872623024
KCNMA1_KCNMB1	BST2	1	1	1.54641809890716	1.54641809890716	1.54641809890716
KCNMA1_KCNMB1	LIMD2	1	1	1.5229864468610057	1.5229864468610057	1.5229864468610057
KCNMA1_KCNMB1	PTPRN	1	1	1.5150906581338515	1.5150906581338515	1.5150906581338515
KCNMA1_KCNMB1	MAB21L4	1	1	1.4655099857167133	1.4655099857167133	1.4655099857167133
KCNMA1_KCNMB1	MYH9	1	1	1.439354520562699	1.439354520562699	1.439354520562699
KCNMA1_KCNMB1	PRPH	1	1	1.4392599948611928	1.4392599948611928	1.4392599948611928
KCNMA1_KCNMB1	HLA-E	1	1	1.4295838396164686	1.4295838396164686	1.4295838396164686
KCNMA1_KCNMB1	RIPOR2	1	1	1.42860365008595	1.42860365008595	1.42860365008595
KCNMA1_KCNMB1	CELF3	1	1	1.4245508600362453	1.4245508600362453	1.4245508600362453
KCNMA1_KCNMB1	IRF8	1	1	1.4236152105962014	1.4236152105962014	1.4236152105962014
KCNMA1_KCNMB1	EEF1B2	1	1	1.4171841979551465	1.4171841979551465	1.4171841979551465
KCNMA1_KCNMB1	TXNDC5	1	1	1.3902919127154127	1.3902919127154127	1.3902919127154127
KCNMA1_KCNMB1	SRRM2	1	1	1.3717645689701878	1.3717645689701878	1.3717645689701878
KCNMA1_KCNMB1	CD82	1	1	1.358560104549744	1.358560104549744	1.358560104549744
KCNMA1_KCNMB1	TTC9	1	1	1.3370920056631281	1.3370920056631281	1.3370920056631281
KCNMA1_KCNMB1	STARD10	2	1	1.3343420659271217	4.852639870070024	-2.1839557382157806
KCNMA1_KCNMB1	SYT7	1	1	1.3168292115121025	1.3168292115121025	1.3168292115121025
KCNMA1_KCNMB1	ALOX5AP	1	1	1.3105727747206237	1.3105727747206237	1.3105727747206237
KCNMA1_KCNMB1	TRAC	1	1	1.2949608491647988	1.2949608491647988	1.2949608491647988
KCNMA1_KCNMB1	RNF213	2	1	1.2897667413210216	4.725814706096634	-2.146281223454591
KCNMA1_KCNMB1	GKN1	1	1	1.2788849534550857	1.2788849534550857	1.2788849534550857
KCNMA1_KCNMB1	GABARAP	1	1	1.270554480388652	1.270554480388652	1.270554480388652
KCNMA1_KCNMB1	AHR	1	1	1.2670557008104066	1.2670557008104066	1.2670557008104066
KCNMA1_KCNMB1	SMIM3	1	1	1.2583555970161138	1.2583555970161138	1.2583555970161138
KCNMA1_KCNMB1	SEPTIN1	1	1	1.254471381419197	1.254471381419197	1.254471381419197
KCNMA1_KCNMB1	TCEAL4	1	1	1.2268867950544882	1.2268867950544882	1.2268867950544882
KCNMA1_KCNMB1	CBLIF	1	1	1.2013454885975936	1.2013454885975936	1.2013454885975936
KCNMA1_KCNMB1	IFNGR2	1	1	1.1664861908732553	1.1664861908732553	1.1664861908732553
KCNMA1_KCNMB1	AMTN	1	1	1.1371962820622838	1.1371962820622838	1.1371962820622838
KCNMA1_KCNMB1	CCL20	2	1	1.118292156171551	2.6519451897455237	-0.4153608774024217
KCNMA1_KCNMB1	SLC12A7	1	1	1.115971998295278	1.115971998295278	1.115971998295278
KCNMA1_KCNMB1	TLCD3A	1	1	1.1059737464447867	1.1059737464447867	1.1059737464447867
KCNMA1_KCNMB1	CR2	1	1	1.0993293722390713	1.0993293722390713	1.0993293722390713
KCNMA1_KCNMB1	LTB4R	1	1	1.0729967880068925	1.0729967880068925	1.0729967880068925
KCNMA1_KCNMB1	SCGB2A2	1	1	1.0418482777694507	1.0418482777694507	1.0418482777694507
KCNMA1_KCNMB1	ITGB5	2	1	1.0330531773427634	6.45380683958141	-4.387700484895883
KCNMA1_KCNMB1	ATP4A	1	1	1.0326168005827108	1.0326168005827108	1.0326168005827108
KCNMA1_KCNMB1	SLC26A9	2	1	1.0203298596262316	4.571959991667784	-2.531300272415321
KCNMA1_KCNMB1	CD19	1	1	1.0126859546797098	1.0126859546797098	1.0126859546797098
KCNMA1_KCNMB1	KRTDAP	1	1	0.9940228855735084	0.9940228855735084	0.9940228855735084
KCNMA1_KCNMB1	TBC1D10C	1	1	0.9925067687451584	0.9925067687451584	0.9925067687451584
KCNMA1_KCNMB1	OSR1	1	1	0.988308487754822	0.988308487754822	0.988308487754822
KCNMA1_KCNMB1	KCNMB2	1	1	0.9873490087146365	0.9873490087146365	0.9873490087146365
KCNMA1_KCNMB1	CST3	1	1	0.9648653338283516	0.9648653338283516	0.9648653338283516
KCNMA1_KCNMB1	CLIC3	2	1	0.9640892282631086	2.0769720876512734	-0.14879363112505617
KCNMA1_KCNMB1	SLC38A2	1	1	0.9575933449625982	0.9575933449625982	0.9575933449625982
KCNMA1_KCNMB1	GNAS	1	1	0.953021497355712	0.953021497355712	0.953021497355712
KCNMA1_KCNMB1	ACAP1	1	1	0.9522130821994231	0.9522130821994231	0.9522130821994231
KCNMA1_KCNMB1	STEAP4	1	1	0.947876670818774	0.947876670818774	0.947876670818774
KCNMA1_KCNMB1	ALDH1A3	1	1	0.9470752751301382	0.9470752751301382	0.9470752751301382
KCNMA1_KCNMB1	PLTP	1	1	0.9360302620103177	0.9360302620103177	0.9360302620103177
KCNMA1_KCNMB1	TNFRSF11B	1	1	0.9325310706447906	0.9325310706447906	0.9325310706447906
KCNMA1_KCNMB1	RANBP3L	2	1	0.926887794298286	4.58737177558879	-2.7335961869922176
KCNMA1_KCNMB1	FXYD1	2	1	0.9134783589545457	6.304556610673918	-4.477599892764827
KCNMA1_KCNMB1	SCGB3A1	1	1	0.894539246982187	0.894539246982187	0.894539246982187
KCNMA1_KCNMB1	TSC22D3	2	1	0.8713815712195799	2.5964845093489144	-0.8537213669097545
KCNMA1_KCNMB1	SLCO2B1	1	1	0.8601991623618224	0.8601991623618224	0.8601991623618224
KCNMA1_KCNMB1	NDRG2	2	1	0.8585471186003701	8.161318848115684	-6.444224610914944
KCNMA1_KCNMB1	B4GALT1	1	1	0.8502283614503188	0.8502283614503188	0.8502283614503188
KCNMA1_KCNMB1	KLF6	2	1	0.8489357289231263	7.506842941658342	-5.80897148381209
KCNMA1_KCNMB1	IKZF1	1	1	0.8371332678922492	0.8371332678922492	0.8371332678922492
KCNMA1_KCNMB1	LSP1	1	1	0.8202603386971759	0.8202603386971759	0.8202603386971759
KCNMA1_KCNMB1	CTSC	1	1	0.816527667233899	0.816527667233899	0.816527667233899
KCNMA1_KCNMB1	KRT73	1	1	0.8150120017081781	0.8150120017081781	0.8150120017081781
KCNMA1_KCNMB1	CTNNBIP1	1	1	0.7999901476744867	0.7999901476744867	0.7999901476744867
KCNMA1_KCNMB1	CD79A	1	1	0.7911884936557728	0.7911884936557728	0.7911884936557728
KCNMA1_KCNMB1	TENT5C	1	1	0.7746243513714909	0.7746243513714909	0.7746243513714909
KCNMA1_KCNMB1	ADAMTS9	2	1	0.7635423181372312	3.005302857949804	-1.4782182216753417
KCNMA1_KCNMB1	MAZ	1	1	0.7599656540185015	0.7599656540185015	0.7599656540185015
KCNMA1_KCNMB1	RSAD2	2	1	0.7598118772751631	1.6510953480458177	-0.13147159349549162
KCNMA1_KCNMB1	NPNT	1	1	0.7558295829743705	0.7558295829743705	0.7558295829743705
KCNMA1_KCNMB1	NFASC	2	1	0.7506025958613507	6.665716813308655	-5.1645116215859534
KCNMA1_KCNMB1	HDAC7	1	1	0.745962484331649	0.745962484331649	0.745962484331649
KCNMA1_KCNMB1	GPX4	1	1	0.7360879255077583	0.7360879255077583	0.7360879255077583
KCNMA1_KCNMB1	BNIPL	1	1	0.7268910623225229	0.7268910623225229	0.7268910623225229
KCNMA1_KCNMB1	KRT6B	1	1	0.7209461371928025	0.7209461371928025	0.7209461371928025
KCNMA1_KCNMB1	NGFR	2	1	0.6951349020924005	1.7998876626990294	-0.40961785851422844
KCNMA1_KCNMB1	MX2	1	1	0.6833786385275683	0.6833786385275683	0.6833786385275683
KCNMA1_KCNMB1	KRT1	1	1	0.660219338218009	0.660219338218009	0.660219338218009
KCNMA1_KCNMB1	MYH3	1	1	0.6270821900448811	0.6270821900448811	0.6270821900448811
KCNMA1_KCNMB1	TLE5	1	1	0.6185958247803893	0.6185958247803893	0.6185958247803893
KCNMA1_KCNMB1	SLURP1	1	1	0.6108812403397703	0.6108812403397703	0.6108812403397703
KCNMA1_KCNMB1	DSG3	1	1	0.6093648561540637	0.6093648561540637	0.6093648561540637
KCNMA1_KCNMB1	ATP4B	1	1	0.6092353708692753	0.6092353708692753	0.6092353708692753
KCNMA1_KCNMB1	ANKRD10	1	1	0.5975506794138108	0.5975506794138108	0.5975506794138108
KCNMA1_KCNMB1	MMP19	2	1	0.5956410341563575	2.4104661706345127	-1.2191841023217977
KCNMA1_KCNMB1	NDUFB9	1	1	0.5814803350852692	0.5814803350852692	0.5814803350852692
KCNMA1_KCNMB1	GUCY1A1	2	1	0.5729525259079504	6.32246005033483	-5.176554998518929
KCNMA1_KCNMB1	PGD	1	1	0.5655049057176823	0.5655049057176823	0.5655049057176823
KCNMA1_KCNMB1	SPRR2G	1	1	0.5612714365966607	0.5612714365966607	0.5612714365966607
KCNMA1_KCNMB1	MT1H	1	1	0.5595293588710338	0.5595293588710338	0.5595293588710338
KCNMA1_KCNMB1	MYEOV	1	1	0.559305172233147	0.559305172233147	0.559305172233147
KCNMA1_KCNMB1	TAF15	1	1	0.5500325333090582	0.5500325333090582	0.5500325333090582
KCNMA1_KCNMB1	DERL3	1	1	0.5449346441208556	0.5449346441208556	0.5449346441208556
KCNMA1_KCNMB1	HEXA	1	1	0.5360277417129579	0.5360277417129579	0.5360277417129579
KCNMA1_KCNMB1	TRAJ10	1	1	0.5277024426532765	0.5277024426532765	0.5277024426532765
KCNMA1_KCNMB1	CEACAM1	1	1	0.5258150141311221	0.5258150141311221	0.5258150141311221
KCNMA1_KCNMB1	XBP1	2	1	0.5257563514103227	1.9114954741191994	-0.8599827712985538
KCNMA1_KCNMB1	FGB	1	1	0.5243332425867998	0.5243332425867998	0.5243332425867998
KCNMA1_KCNMB1	TAF11L2	1	1	0.5236960373801788	0.5236960373801788	0.5236960373801788
KCNMA1_KCNMB1	CD9	1	1	0.510332722460884	0.510332722460884	0.510332722460884
KCNMA1_KCNMB1	C1orf68	1	1	0.503390686485504	0.503390686485504	0.503390686485504
KCNMA1_KCNMB1	RCC2	1	1	0.4975566921258683	0.4975566921258683	0.4975566921258683
KCNMA1_KCNMB1	PGA5	1	1	0.4964968335667893	0.4964968335667893	0.4964968335667893
KCNMA1_KCNMB1	SLC1A5	1	1	0.4884711812600284	0.4884711812600284	0.4884711812600284
KCNMA1_KCNMB1	FCGR2B	2	1	0.48631794241819004	2.653912951859719	-1.681277067023339
KCNMA1_KCNMB1	GRHL3	1	1	0.4843045169222162	0.4843045169222162	0.4843045169222162
KCNMA1_KCNMB1	NDRG1	1	1	0.48137446796932887	0.48137446796932887	0.48137446796932887
KCNMA1_KCNMB1	SBSN	1	1	0.467426238408993	0.467426238408993	0.467426238408993
KCNMA1_KCNMB1	ACIN1	1	1	0.45333191649120563	0.45333191649120563	0.45333191649120563
KCNMA1_KCNMB1	CD37	2	1	0.4460305095720591	1.3875896731268755	-0.49552865398275736
KCNMA1_KCNMB1	PCSK1N	1	1	0.43121460310780974	0.43121460310780974	0.43121460310780974
KCNMA1_KCNMB1	CHP2	1	1	0.4268829809241009	0.4268829809241009	0.4268829809241009
KCNMA1_KCNMB1	CASP14	1	1	0.4218672087759343	0.4218672087759343	0.4218672087759343
KCNMA1_KCNMB1	PTK6	1	1	0.39781049428729315	0.39781049428729315	0.39781049428729315
KCNMA1_KCNMB1	KRT80	1	1	0.3769747469717148	0.3769747469717148	0.3769747469717148
KCNMA1_KCNMB1	ARMC9	1	1	0.3763440117328112	0.3763440117328112	0.3763440117328112
KCNMA1_KCNMB1	CDSN	2	1	0.3731550363045518	1.230779102465891	-0.4844690298567873
KCNMA1_KCNMB1	DSG1	1	1	0.37254743121932266	0.37254743121932266	0.37254743121932266
KCNMA1_KCNMB1	PLOD2	1	1	0.33042058091868154	0.33042058091868154	0.33042058091868154
KCNMA1_KCNMB1	CYP1A1	1	1	0.32657149080349723	0.32657149080349723	0.32657149080349723
KCNMA1_KCNMB1	TENT5B	1	1	0.31823021284157943	0.31823021284157943	0.31823021284157943
KCNMA1_KCNMB1	DSP	1	1	0.3103785414402328	0.3103785414402328	0.3103785414402328
KCNMA1_KCNMB1	SELL	1	1	0.3058735391631903	0.3058735391631903	0.3058735391631903
KCNMA1_KCNMB1	RASGRP2	1	1	0.3053020344735237	0.3053020344735237	0.3053020344735237
KCNMA1_KCNMB1	SERF2	1	1	0.2954673134728553	0.2954673134728553	0.2954673134728553
KCNMA1_KCNMB1	VWA5B2	1	1	0.28720993134817063	0.28720993134817063	0.28720993134817063
KCNMA1_KCNMB1	KIAA1324	2	1	0.281916209328657	0.9461389306194756	-0.38230651196216153
KCNMA1_KCNMB1	C1QL1	1	1	0.26736010925025766	0.26736010925025766	0.26736010925025766
KCNMA1_KCNMB1	KRT2	1	1	0.26660644681873813	0.26660644681873813	0.26660644681873813
KCNMA1_KCNMB1	AC119396.1	1	1	0.26442893447266985	0.26442893447266985	0.26442893447266985
KCNMA1_KCNMB1	RACK1	1	1	0.25067162440374546	0.25067162440374546	0.25067162440374546
KCNMA1_KCNMB1	SCGB1D2	1	1	0.24870795135410825	0.24870795135410825	0.24870795135410825
KCNMA1_KCNMB1	CD52	2	1	0.24648179442155238	1.585356022382032	-1.0923924335389272
KCNMA1_KCNMB1	ARRDC3	1	1	0.22536850221937305	0.22536850221937305	0.22536850221937305
KCNMA1_KCNMB1	GABRE	1	1	0.22388629764269016	0.22388629764269016	0.22388629764269016
KCNMA1_KCNMB1	CAST	1	1	0.21269160079271657	0.21269160079271657	0.21269160079271657
KCNMA1_KCNMB1	TGFB3	1	1	0.2097257909571128	0.2097257909571128	0.2097257909571128
KCNMA1_KCNMB1	KRT4	1	1	0.20074976821594667	0.20074976821594667	0.20074976821594667
KCNMA1_KCNMB1	RAC1	1	1	0.19992082326003835	0.19992082326003835	0.19992082326003835
KCNMA1_KCNMB1	ANKRD37	1	1	0.14318316846895193	0.14318316846895193	0.14318316846895193
KCNMA1_KCNMB1	GAP43	1	1	0.13103475287186434	0.13103475287186434	0.13103475287186434
KCNMA1_KCNMB1	CDHR1	1	1	0.1268780691649725	0.1268780691649725	0.1268780691649725
KCNMA1_KCNMB1	CLEC2A	1	1	0.12586091585728817	0.12586091585728817	0.12586091585728817
KCNMA1_KCNMB1	CDCP1	1	1	0.1252230835556509	0.1252230835556509	0.1252230835556509
KCNMA1_KCNMB1	PAX5	1	1	0.112140580222639	0.112140580222639	0.112140580222639
KCNMA1_KCNMB1	NIBAN3	1	1	0.1073105542828426	0.1073105542828426	0.1073105542828426
KCNMA1_KCNMB1	WFDC5	1	1	0.09280065147408327	0.09280065147408327	0.09280065147408327
KCNMA1_KCNMB1	NECTIN2	1	1	0.07702122832672476	0.07702122832672476	0.07702122832672476
KCNMA1_KCNMB1	POU2F3	1	1	0.07552306731607386	0.07552306731607386	0.07552306731607386
KCNMA1_KCNMB1	CHCHD1	2	1	0.07502952326835155	1.1563631400738454	-1.0063040935371423
KCNMA1_KCNMB1	FLG	1	1	0.05278078642342356	0.05278078642342356	0.05278078642342356
KCNMA1_KCNMB1	CERS3	1	1	0.02977986662793773	0.02977986662793773	0.02977986662793773
KCNMA1_KCNMB1	DAPL1	1	1	0.028652328111609216	0.028652328111609216	0.028652328111609216
KCNMA1_KCNMB1	ARGLU1	2	1	0.02084715450023078	1.8154404297902191	-1.7737461207897576
KCNMA1_KCNMB1	ATP6V1C2	1	1	0.0040180034077003535	0.0040180034077003535	0.0040180034077003535
KCNMA1_KCNMB1	ANGPTL4	2	1	-0.01500096002291118	0.9170184598213864	-0.9470203798672088
KCNMA1_KCNMB1	MAF	3	1	-0.015127158406484143	8.680988569368008	-1.4899123745560359
KCNMA1_KCNMB1	CST6	3	1	-0.04968420693094615	2.3756531706386514	-1.0080283656600246
KCNMA1_KCNMB1	MIF	2	1	-0.052078646787127	0.01862481079207044	-0.12278210436632445
KCNMA1_KCNMB1	IFIT3	2	1	-0.09391961048136777	1.0972581693977235	-1.285097390360459
KCNMA1_KCNMB1	MDK	2	1	-0.10627003303676372	0.34400905602682536	-0.5565491221003528
KCNMA1_KCNMB1	TPSB2	3	1	-0.11172526489512978	0.8604018790763233	-1.4420973413976927
KCNMA1_KCNMB1	S100A16	3	1	-0.11915850786838549	3.9428332735450584	-3.8328434653681986
KCNMA1_KCNMB1	CST4	2	1	-0.1532054862249017	0.1678926889367522	-0.4743036613865556
KCNMA1_KCNMB1	DLK1	2	1	-0.17371200678474108	1.2629126931531445	-1.6103367067226266
KCNMA1_KCNMB1	TFCP2L1	2	1	-0.18145905584672334	0.972090983120461	-1.3350090948139077
KCNMA1_KCNMB1	ITPRID2	2	1	-0.18546559658505846	6.543280722320237	-6.914211915490354
KCNMA1_KCNMB1	RGS5	3	1	-0.2003585140509692	9.270874662177356	-2.6809147863512837
KCNMA1_KCNMB1	ABCA8	3	1	-0.21788966072430418	4.444530835136315	-2.0448607945851376
KCNMA1_KCNMB1	KLF4	2	1	-0.2227748379695983	1.0943737399325735	-1.53992341587177
KCNMA1_KCNMB1	IGFBP7	2	1	-0.22830411858757338	2.7747863555701175	-3.2313945927452643
KCNMA1_KCNMB1	PHGR1	2	1	-0.24002852992498758	0.16003565991528781	-0.6400927197652629
KCNMA1_KCNMB1	G6PC2	2	1	-0.2600317030604894	0.6231381302720036	-1.1432015363929824
KCNMA1_KCNMB1	ERO1A	2	1	-0.2720417708921815	1.1865504631446762	-1.7306340049290392
KCNMA1_KCNMB1	CAV1	2	1	-0.2966363025749974	5.248353232177215	-5.84162583732721
KCNMA1_KCNMB1	EGR3	2	1	-0.30945009040208915	2.1615736629821747	-2.780473843786353
KCNMA1_KCNMB1	CRIP1	3	1	-0.3447172765300551	1.9860116899591425	-2.611098717539354
KCNMA1_KCNMB1	IGHV6-1	3	1	-0.41139449956017526	1.4505431113787357	-0.8003404933850993
KCNMA1_KCNMB1	JUP	4	1	-0.41299515460840047	0.7080877014710798	-4.405273453895293
KCNMA1_KCNMB1	HAND2	3	1	-0.4664523623064421	8.98011876514667	-7.510230863432379
KCNMA1_KCNMB1	AOX1	2	1	-0.5069929603517849	1.585187979567959	-2.599173900271529
KCNMA1_KCNMB1	HIST1H1B	2	1	-0.5116187756607343	0.10385851944478146	-1.12709607076625
KCNMA1_KCNMB1	PLAT	3	1	-0.5933069666678077	0.9316904014476877	-0.8414040199755785
KCNMA1_KCNMB1	CHI3L1	3	1	-0.6030544943497027	1.0201006148204936	-1.8062944726751005
KCNMA1_KCNMB1	CHGA	3	1	-0.6137996457870936	3.4761744712449247	-3.572742520142041
KCNMA1_KCNMB1	S100A10	3	1	-0.6303180457641048	5.647738600743223	-0.7084256936515178
KCNMA1_KCNMB1	TNFRSF12A	2	1	-0.6389903259151772	5.33827397475806	-6.616254626588415
KCNMA1_KCNMB1	ENO1	2	1	-0.7026217596630121	0.6748341024806062	-2.0800776218066304
KCNMA1_KCNMB1	PEG10	2	1	-0.7240109098587479	1.4674635465844532	-2.915485366301949
KCNMA1_KCNMB1	CPA1	3	1	-0.733359863832546	0.5231852470518651	-7.013951263281871
KCNMA1_KCNMB1	REG1A	5	1	-0.7386744794244359	1.1957103841337127	-8.469768086558526
KCNMA1_KCNMB1	KRT15	3	1	-0.760611561943853	2.988089255220863	-1.956790483334964
KCNMA1_KCNMB1	STMN2	4	1	-0.7683112881646159	2.834112649293117	-3.455409384125455
KCNMA1_KCNMB1	S100A11	3	1	-0.7920666957166271	2.793245127614728	-5.286798629997039
KCNMA1_KCNMB1	DNAJB1	2	1	-0.7998202165541297	5.329233939156623	-6.9288743722648825
KCNMA1_KCNMB1	MX1	2	1	-0.8229207666805685	0.9427074223754642	-2.5885489557366013
KCNMA1_KCNMB1	INF2	2	1	-0.8656092962126198	0.661725222513636	-2.3929438149388758
KCNMA1_KCNMB1	CBLC	3	1	-0.9066577904921199	3.3852873996545747	-8.155178572965717
KCNMA1_KCNMB1	TNFSF14	2	1	-0.9234591213017646	1.1035319173291096	-2.9504501599326387
KCNMA1_KCNMB1	PERP	2	1	-0.9982493829199199	0.8145525928997638	-2.8110513587396038
KCNMA1_KCNMB1	SLC6A14	2	1	-1.0647273171867182	0.615519780631406	-2.7449744150048425
KCNMA1_KCNMB1	VEGFA	4	1	-1.0756677253559426	5.429525642603384	-7.872571700092888
KCNMA1_KCNMB1	AHNAK2	3	1	-1.113454864815053	0.1348509659821149	-7.490740104819453
KCNMA1_KCNMB1	SEMA3C	2	1	-1.1338458025781393	1.7579792894770372	-4.025670894633316
KCNMA1_KCNMB1	DCBLD2	2	1	-1.1396706099192362	4.045418044392662	-6.324759264231134
KCNMA1_KCNMB1	MUC4	4	1	-1.151510770533549	0.5177818851177626	-3.567811998100895
KCNMA1_KCNMB1	CRISP3	5	1	-1.1749503190082085	4.9411512281088505	-2.8828820216307336
KCNMA1_KCNMB1	ADGRF1	3	1	-1.2066280226428714	0.6393762223969316	-5.7459642740140024
KCNMA1_KCNMB1	ID1	6	1	-1.253486200980173	4.258497039870592	-8.563839715576483
KCNMA1_KCNMB1	KRT23	3	1	-1.3024604126867336	3.816112795770858	-1.664154712994389
KCNMA1_KCNMB1	PROM2	3	1	-1.3183591693796748	0.26293795960330957	-2.121060115401801
KCNMA1_KCNMB1	ATRNL1	2	1	-1.3301287334519472	1.2440170854689678	-3.904274552372862
KCNMA1_KCNMB1	CEACAM7	3	1	-1.3412736093807494	0.6488592546186087	-3.340265482946653
KCNMA1_KCNMB1	INMT	2	1	-1.3430956542740378	0.4925355382475215	-3.178726846795597
KCNMA1_KCNMB1	DHRS9	3	1	-1.3623429104545441	0.4154336814443421	-5.942769608745946
KCNMA1_KCNMB1	RAB25	3	1	-1.3740106762424333	4.522710948272682	-1.6256639192865021
KCNMA1_KCNMB1	CFD	2	1	-1.3785352864057836	2.8543864635081575	-5.611457036319725
KCNMA1_KCNMB1	KLK11	3	1	-1.3787389424354874	2.9284946070846414	-2.5632432675756425
KCNMA1_KCNMB1	SLC40A1	5	1	-1.3819704137527709	1.45463644754766	-5.6482858537112985
KCNMA1_KCNMB1	SCN7A	3	1	-1.4376973654306233	6.253232147746674	-4.654912931009627
KCNMA1_KCNMB1	PTK7	2	1	-1.4420774229796054	2.262934904312057	-5.147089750271268
KCNMA1_KCNMB1	CALML5	2	1	-1.4500136929474103	0.20282418423476398	-3.1028515701295847
KCNMA1_KCNMB1	ALS2CL	2	1	-1.5247353639514483	5.252339929586048	-8.301810657488945
KCNMA1_KCNMB1	PODN	2	1	-1.5439290242013766	2.179506661006822	-5.267364709409575
KCNMA1_KCNMB1	EPHA3	4	1	-1.5833274321815474	0.5133267056640795	-7.033123598198975
KCNMA1_KCNMB1	KRT13	3	1	-1.5874338941386208	1.7630721421298805	-7.9538716008001344
KCNMA1_KCNMB1	PALM3	2	1	-1.5902143083160885	2.6755482172815097	-5.855976833913687
KCNMA1_KCNMB1	B2M	2	1	-1.6083805358816763	0.435160580557464	-3.6519216523208167
KCNMA1_KCNMB1	CPA2	3	1	-1.615270484321952	0.10640077102580736	-7.192354865276484
KCNMA1_KCNMB1	DHRS3	4	1	-1.6403747748117525	2.45268240945418	-9.90144947558141
KCNMA1_KCNMB1	IFI6	3	1	-1.6465345410510348	2.2849265941015577	-2.6589981535273077
KCNMA1_KCNMB1	SAA2	3	1	-1.6517827466841979	2.287537787985025	-1.7517704644995218
KCNMA1_KCNMB1	CGN	4	1	-1.6557021727108938	0.09546725406282217	-5.9580832386129865
KCNMA1_KCNMB1	FGG	4	1	-1.6563861735912926	0.804034192072053	-7.867311277428949
KCNMA1_KCNMB1	CLDN1	3	1	-1.6636705752502965	3.2304406396607086	-7.688499710233643
KCNMA1_KCNMB1	CA12	4	1	-1.6773672196183416	0.11096501726245721	-7.339738493075357
KCNMA1_KCNMB1	TNS4	4	1	-1.7267570926336107	0.4832094501054194	-7.500728362670567
KCNMA1_KCNMB1	PPBP	2	1	-1.7314123600503208	0.647169028558137	-4.109993748658779
KCNMA1_KCNMB1	MT1E	4	1	-1.7332573443365389	3.433871690025549	-2.9937847941786533
KCNMA1_KCNMB1	DMBT1	7	1	-1.7333518082576784	2.2185052738605067	-7.4392501864858644
KCNMA1_KCNMB1	FXYD2	2	1	-1.7511026233266502	1.752767762364521	-5.254973009017822
KCNMA1_KCNMB1	ADAMTSL2	3	1	-1.7631001547942375	0.12775353771288023	-7.197009680081616
KCNMA1_KCNMB1	SAA1	3	1	-1.7883759945477464	3.9434104151034735	-2.396308085438499
KCNMA1_KCNMB1	LAD1	6	1	-1.7969415246364937	3.9278375206106975	-4.205019221338017
KCNMA1_KCNMB1	CAPG	2	1	-1.7994388973962483	0.2572158813251033	-3.8560936761176
KCNMA1_KCNMB1	CYP1B1	2	1	-1.805645426286468	1.5662880400676527	-5.177578892640589
KCNMA1_KCNMB1	SPP1	9	1	-1.8155098396590788	1.260221787132504	-5.11453827757031
KCNMA1_KCNMB1	CLDN4	7	1	-1.8952048476509735	2.026959114817333	-5.775975845647355
KCNMA1_KCNMB1	MMP28	2	1	-1.9080965810031874	4.547708361850626	-8.363901523857
KCNMA1_KCNMB1	ASS1	3	1	-1.9188027530649587	3.2101772915616085	-3.1437314757189934
KCNMA1_KCNMB1	KRT18	9	1	-1.95420452134878	1.655299061600931	-7.955979755462217
KCNMA1_KCNMB1	SLC6A9	2	1	-1.9870555211062078	1.2744871850458805	-5.248598227258296
KCNMA1_KCNMB1	OLFM4	8	1	-2.020293373988351	2.859086510227614	-8.162505466096025
KCNMA1_KCNMB1	FAM83A	3	1	-2.0297702254048633	3.735068910574129	-7.042620655320515
KCNMA1_KCNMB1	PMEPA1	2	1	-2.0310492122262986	0.4308578116436685	-4.492956236096266
KCNMA1_KCNMB1	ANXA4	3	1	-2.057143134441428	2.242276981676507	-3.185251335384657
KCNMA1_KCNMB1	KRT5	5	1	-2.140553241563444	0.43629549699768977	-5.765669193686808
KCNMA1_KCNMB1	TGM2	4	1	-2.148141909022332	7.221353210357271	-6.927331944961097
KCNMA1_KCNMB1	HMGA2	4	1	-2.220381036237355	0.43969236553919605	-5.724121019255459
KCNMA1_KCNMB1	S100A14	8	1	-2.253988104542522	0.1211013153682618	-5.366678163100426
KCNMA1_KCNMB1	AKR1C2	4	1	-2.2705463913469255	6.234718334687629	-6.8182065522536845
KCNMA1_KCNMB1	S100P	8	1	-2.321846114152943	0.8749288434157572	-7.258115326478685
KCNMA1_KCNMB1	CDH1	5	1	-2.330185108024803	4.284739482925386	-8.13088446579039
KCNMA1_KCNMB1	C19orf33	10	1	-2.3695481788289388	1.7025021289931164	-5.119991013318732
KCNMA1_KCNMB1	LCN2	10	1	-2.387713505376918	1.0699774681293532	-7.514870664036507
KCNMA1_KCNMB1	MAL2	7	1	-2.41891825700903	0.6067512726198188	-5.148299887837785
KCNMA1_KCNMB1	MUC5AC	4	1	-2.432780592996442	1.452714623833828	-3.452421198133725
KCNMA1_KCNMB1	PTPRF	2	1	-2.4768685011036085	0.034761054895292215	-4.988498057102509
KCNMA1_KCNMB1	SFTA2	3	1	-2.504925078383256	6.287378940832412	-2.6344694117218115
KCNMA1_KCNMB1	SPINT1	4	1	-2.5135285918193095	0.26281688489969257	-7.4860332127486044
KCNMA1_KCNMB1	COL7A1	4	1	-2.515733180620499	1.6183018170777372	-4.311887620886487
KCNMA1_KCNMB1	MMP1	2	1	-2.552821485724971	0.4666514795096241	-5.572294450959566
KCNMA1_KCNMB1	DDIT4	3	1	-2.5763406001947584	3.092964167905754	-2.854447435181251
KCNMA1_KCNMB1	CEACAM5	5	1	-2.6262978494697076	0.7438006300656423	-3.5998527512570453
KCNMA1_KCNMB1	GGT5	2	1	-2.6328352650077065	2.6497324625877563	-7.915402992603169
KCNMA1_KCNMB1	PTGS2	2	1	-2.664911580760167	0.8982613886895366	-6.2280845502098705
KCNMA1_KCNMB1	AC007906.2	2	1	-2.7803214878270985	0.7172251201476281	-6.277868095801825
KCNMA1_KCNMB1	IGFBP2	4	1	-2.7853833797534504	5.701751004183269	-3.35265268529877
KCNMA1_KCNMB1	ITGB4	9	1	-2.7980225290424507	1.616970151014963	-7.187034013140992
KCNMA1_KCNMB1	TMPRSS4	6	1	-2.834446576609242	0.053537936413124355	-5.331854366699707
KCNMA1_KCNMB1	GPRC5A	7	1	-2.8471049675413185	0.8971552798741169	-8.592939911414947
KCNMA1_KCNMB1	MUC6	6	1	-2.85449355139314	1.736910356917315	-5.165063364882829
KCNMA1_KCNMB1	INPP4B	4	1	-2.9122159115354713	3.718999293778252	-7.369411041906129
KCNMA1_KCNMB1	LGALS4	9	1	-3.0792225256922907	1.090971306151555	-5.753599817347727
KCNMA1_KCNMB1	SLPI	10	1	-3.0963766113598528	2.518166526568218	-9.598430509963025
KCNMA1_KCNMB1	S100A2	4	1	-3.099732418679352	0.7807531962985687	-5.016436598710444
KCNMA1_KCNMB1	KRT14	2	1	-3.1055872498807204	0.8964616038882797	-7.10763610364972
KCNMA1_KCNMB1	PDZK1IP1	7	1	-3.1317677365240635	1.0383104601893054	-6.108204207898842
KCNMA1_KCNMB1	CYP3A5	5	1	-3.156522445097895	1.0883997114474646	-5.743862327963677
KCNMA1_KCNMB1	EVPL	2	1	-3.1777637774513527	1.2438926263110583	-7.599420181213764
KCNMA1_KCNMB1	ANXA3	4	1	-3.239382379683877	0.5322440319137692	-5.792505280504378
KCNMA1_KCNMB1	CNN2	3	1	-3.3529126970662726	5.294661050515683	-9.675224637054262
KCNMA1_KCNMB1	NBEAL2	2	1	-3.4620332725777643	2.343009671530125	-9.267076216685654
KCNMA1_KCNMB1	VILL	2	1	-3.674218285479636	2.4104088219853814	-9.758845392944654
KCNMA1_KCNMB1	TFF1	7	1	-3.70626658590228	0.9425097499339455	-7.323850494809296
KCNMA1_KCNMB1	PRXL2B	2	1	-3.731648554205176	0.9266293383213674	-8.38992644673172
KCNMA1_KCNMB1	AZGP1	6	1	-3.7668321642202893	1.0112191925599878	-6.964843578208864
KCNMA1_KCNMB1	MYRF	3	1	-3.7816652086629237	0.46602476031949014	-7.283085686794948
KCNMA1_KCNMB1	TFF3	4	1	-3.8306190968800164	3.522552539648465	-8.073204843118582
KCNMA1_KCNMB1	PLAAT4	3	1	-4.130428091372268	4.547242452435852	-7.71555105824508
KCNMA1_KCNMB1	KIAA1522	3	1	-4.189088288876609	0.30626518283310233	-9.06299069818217
KCNMA1_KCNMB1	PRR15L	4	1	-4.27418675793672	0.21568186181157964	-6.435900375263863
KCNMA1_KCNMB1	C6orf141	3	1	-4.494113269818496	5.707339477391653	-9.348858630546845
KCNMA1_KCNMB1	PDIA2	3	1	-4.555130726965726	1.9735166481872077	-4.940221491511984
KCNMA1_KCNMB1	CFTR	7	1	-4.701047965334728	0.8587589242514504	-8.124205808871059
KCNMA1_KCNMB1	TESC	4	1	-4.70328336999706	1.4107871274223704	-5.095367687117509
KCNMA1_KCNMB1	LIPF	1	0	-0.012786128170685111	-0.012786128170685111	-0.012786128170685111
KCNMA1_KCNMB1	TRAF3IP3	1	0	-0.0208356219351402	-0.0208356219351402	-0.0208356219351402
KCNMA1_KCNMB1	RHOV	1	0	-0.02360223130630388	-0.02360223130630388	-0.02360223130630388
KCNMA1_KCNMB1	RBM42	1	0	-0.036759590362709066	-0.036759590362709066	-0.036759590362709066
KCNMA1_KCNMB1	PGLYRP3	1	0	-0.04352737163562924	-0.04352737163562924	-0.04352737163562924
KCNMA1_KCNMB1	DSC3	1	0	-0.048527432674641865	-0.048527432674641865	-0.048527432674641865
KCNMA1_KCNMB1	NCSTN	1	0	-0.05251938824533599	-0.05251938824533599	-0.05251938824533599
KCNMA1_KCNMB1	PHGDH	1	0	-0.0577539638516178	-0.0577539638516178	-0.0577539638516178
KCNMA1_KCNMB1	TRBC2	1	0	-0.05929717550110613	-0.05929717550110613	-0.05929717550110613
KCNMA1_KCNMB1	IGLV4-60	1	0	-0.0659207847912507	-0.0659207847912507	-0.0659207847912507
KCNMA1_KCNMB1	ANKRD40CL	1	0	-0.0737635126920409	-0.0737635126920409	-0.0737635126920409
KCNMA1_KCNMB1	LOR	1	0	-0.07746021595459877	-0.07746021595459877	-0.07746021595459877
KCNMA1_KCNMB1	KRT10	1	0	-0.08866358337051551	-0.08866358337051551	-0.08866358337051551
KCNMA1_KCNMB1	MAPK15	1	0	-0.09117435401425225	-0.09117435401425225	-0.09117435401425225
KCNMA1_KCNMB1	ZNF460	1	0	-0.10438208186705862	-0.10438208186705862	-0.10438208186705862
KCNMA1_KCNMB1	POU2AF1	1	0	-0.12946672133917872	-0.12946672133917872	-0.12946672133917872
KCNMA1_KCNMB1	THEM5	1	0	-0.13208614346844208	-0.13208614346844208	-0.13208614346844208
KCNMA1_KCNMB1	LAMB4	1	0	-0.134096355823557	-0.134096355823557	-0.134096355823557
KCNMA1_KCNMB1	SRSF2	1	0	-0.1349674582686062	-0.1349674582686062	-0.1349674582686062
KCNMA1_KCNMB1	UCHL1	1	0	-0.13895579724074447	-0.13895579724074447	-0.13895579724074447
KCNMA1_KCNMB1	HS3ST6	1	0	-0.14611476443640806	-0.14611476443640806	-0.14611476443640806
KCNMA1_KCNMB1	CD79B	1	0	-0.1500851199553848	-0.1500851199553848	-0.1500851199553848
KCNMA1_KCNMB1	GRIPAP1	1	0	-0.15656482830801052	-0.15656482830801052	-0.15656482830801052
KCNMA1_KCNMB1	HGS	1	0	-0.1665869393761969	-0.1665869393761969	-0.1665869393761969
KCNMA1_KCNMB1	FLG2	1	0	-0.19271091300845222	-0.19271091300845222	-0.19271091300845222
KCNMA1_KCNMB1	TINCR	1	0	-0.19956006113846436	-0.19956006113846436	-0.19956006113846436
KCNMA1_KCNMB1	LYPD3	1	0	-0.2290790269850593	-0.2290790269850593	-0.2290790269850593
KCNMA1_KCNMB1	RORA	1	0	-0.2502347881431146	-0.2502347881431146	-0.2502347881431146
KCNMA1_KCNMB1	CCL27	1	0	-0.25487685561301515	-0.25487685561301515	-0.25487685561301515
KCNMA1_KCNMB1	ITLN1	1	0	-0.2605031835464247	-0.2605031835464247	-0.2605031835464247
KCNMA1_KCNMB1	ZNF750	1	0	-0.27750045717683164	-0.27750045717683164	-0.27750045717683164
KCNMA1_KCNMB1	C12orf75	1	0	-0.27784103209253835	-0.27784103209253835	-0.27784103209253835
KCNMA1_KCNMB1	DMKN	1	0	-0.2816192463023306	-0.2816192463023306	-0.2816192463023306
KCNMA1_KCNMB1	PNCK	1	0	-0.28766019487271344	-0.28766019487271344	-0.28766019487271344
KCNMA1_KCNMB1	DNASE1L3	1	0	-0.2884572675577095	-0.2884572675577095	-0.2884572675577095
KCNMA1_KCNMB1	DUOX1	1	0	-0.2988869800481406	-0.2988869800481406	-0.2988869800481406
KCNMA1_KCNMB1	SERPINA12	1	0	-0.32056202976592024	-0.32056202976592024	-0.32056202976592024
KCNMA1_KCNMB1	ANAPC16	1	0	-0.3276369555701105	-0.3276369555701105	-0.3276369555701105
KCNMA1_KCNMB1	TGM3	1	0	-0.33437340792514897	-0.33437340792514897	-0.33437340792514897
KCNMA1_KCNMB1	MDFI	1	0	-0.3414784809203657	-0.3414784809203657	-0.3414784809203657
KCNMA1_KCNMB1	KDM6A	1	0	-0.34750192130956575	-0.34750192130956575	-0.34750192130956575
KCNMA1_KCNMB1	DEGS1	1	0	-0.3486221176262066	-0.3486221176262066	-0.3486221176262066
KCNMA1_KCNMB1	DSC1	1	0	-0.3636418984380215	-0.3636418984380215	-0.3636418984380215
KCNMA1_KCNMB1	IMPA2	1	0	-0.3885909186620868	-0.3885909186620868	-0.3885909186620868
KCNMA1_KCNMB1	ASPRV1	1	0	-0.40537212720128757	-0.40537212720128757	-0.40537212720128757
KCNMA1_KCNMB1	PKP1	1	0	-0.407054109832378	-0.407054109832378	-0.407054109832378
KCNMA1_KCNMB1	LENG8	1	0	-0.4148370878323195	-0.4148370878323195	-0.4148370878323195
KCNMA1_KCNMB1	LRP4	1	0	-0.4193733776402677	-0.4193733776402677	-0.4193733776402677
KCNMA1_KCNMB1	POU3F1	1	0	-0.4218555713972294	-0.4218555713972294	-0.4218555713972294
KCNMA1_KCNMB1	HILPDA	1	0	-0.43475840397380766	-0.43475840397380766	-0.43475840397380766
KCNMA1_KCNMB1	IGHD	5	0	-0.4756577357833557	-0.14122259532126127	-2.2122383570867767
KCNMA1_KCNMB1	PIP	1	0	-0.4786820846544396	-0.4786820846544396	-0.4786820846544396
KCNMA1_KCNMB1	HSPA5	2	0	-0.488345451839017	-0.038281043317780386	-0.9384098603602536
KCNMA1_KCNMB1	NSG1	1	0	-0.49114258791275345	-0.49114258791275345	-0.49114258791275345
KCNMA1_KCNMB1	PRG4	1	0	-0.49347709738066736	-0.49347709738066736	-0.49347709738066736
KCNMA1_KCNMB1	HIST1H2AB	1	0	-0.4959272154630584	-0.4959272154630584	-0.4959272154630584
KCNMA1_KCNMB1	IL24	1	0	-0.5021613180848427	-0.5021613180848427	-0.5021613180848427
KCNMA1_KCNMB1	CEL	3	0	-0.5079310632627104	-0.2565451235800517	-7.354838682223212
KCNMA1_KCNMB1	ETNK1	1	0	-0.5126433436382809	-0.5126433436382809	-0.5126433436382809
KCNMA1_KCNMB1	MPST	1	0	-0.5210422963054174	-0.5210422963054174	-0.5210422963054174
KCNMA1_KCNMB1	CTRC	3	0	-0.5267876194846934	-0.2715509958507979	-6.797493276846515
KCNMA1_KCNMB1	CNFN	1	0	-0.5317695817539094	-0.5317695817539094	-0.5317695817539094
KCNMA1_KCNMB1	CCN3	2	0	-0.5373883683729782	-0.5287651205660822	-0.5460116161798743
KCNMA1_KCNMB1	FST	1	0	-0.5420795565815704	-0.5420795565815704	-0.5420795565815704
KCNMA1_KCNMB1	PLA2G4F	1	0	-0.5442652464563719	-0.5442652464563719	-0.5442652464563719
KCNMA1_KCNMB1	CASP5	1	0	-0.5446739390286086	-0.5446739390286086	-0.5446739390286086
KCNMA1_KCNMB1	CLCA1	1	0	-0.5448773024718405	-0.5448773024718405	-0.5448773024718405
KCNMA1_KCNMB1	DLX3	1	0	-0.5459339224903058	-0.5459339224903058	-0.5459339224903058
KCNMA1_KCNMB1	SPATA20	1	0	-0.5462665982748075	-0.5462665982748075	-0.5462665982748075
KCNMA1_KCNMB1	HSPA6	1	0	-0.5484030799508613	-0.5484030799508613	-0.5484030799508613
KCNMA1_KCNMB1	TCP1	1	0	-0.5540624870824196	-0.5540624870824196	-0.5540624870824196
KCNMA1_KCNMB1	CEBPA	1	0	-0.5673183041683628	-0.5673183041683628	-0.5673183041683628
KCNMA1_KCNMB1	PTPA	1	0	-0.5809403146534674	-0.5809403146534674	-0.5809403146534674
KCNMA1_KCNMB1	GATA3	1	0	-0.609061882331064	-0.609061882331064	-0.609061882331064
KCNMA1_KCNMB1	TP63	1	0	-0.6169223184104379	-0.6169223184104379	-0.6169223184104379
KCNMA1_KCNMB1	IVL	1	0	-0.6172533749464053	-0.6172533749464053	-0.6172533749464053
KCNMA1_KCNMB1	KRT81	1	0	-0.6247833480561727	-0.6247833480561727	-0.6247833480561727
KCNMA1_KCNMB1	APOL1	1	0	-0.6251061676600138	-0.6251061676600138	-0.6251061676600138
KCNMA1_KCNMB1	IL1RN	1	0	-0.6309398457431614	-0.6309398457431614	-0.6309398457431614
KCNMA1_KCNMB1	LCE2A	1	0	-0.6443404318180388	-0.6443404318180388	-0.6443404318180388
KCNMA1_KCNMB1	FABP1	1	0	-0.6543086766125461	-0.6543086766125461	-0.6543086766125461
KCNMA1_KCNMB1	CHRDL1	1	0	-0.6664850455580915	-0.6664850455580915	-0.6664850455580915
KCNMA1_KCNMB1	H1F0	1	0	-0.6890071720413968	-0.6890071720413968	-0.6890071720413968
KCNMA1_KCNMB1	PFKP	2	0	-0.695031478418857	-0.002062348861308181	-1.388000607976406
KCNMA1_KCNMB1	DUOXA1	1	0	-0.698949009171437	-0.698949009171437	-0.698949009171437
KCNMA1_KCNMB1	FDX1	1	0	-0.7202840222124522	-0.7202840222124522	-0.7202840222124522
KCNMA1_KCNMB1	CLPS	3	0	-0.731289380446883	-0.14643059128247987	-5.587453586863192
KCNMA1_KCNMB1	TRIM28	1	0	-0.7336004630359453	-0.7336004630359453	-0.7336004630359453
KCNMA1_KCNMB1	FMOD	1	0	-0.7354444366437065	-0.7354444366437065	-0.7354444366437065
KCNMA1_KCNMB1	PSMA7	1	0	-0.7414584160204559	-0.7414584160204559	-0.7414584160204559
KCNMA1_KCNMB1	PET100	1	0	-0.7480618519382157	-0.7480618519382157	-0.7480618519382157
KCNMA1_KCNMB1	TNFRSF6B	2	0	-0.7543753181916578	-0.5732033786515703	-0.9355472577317453
KCNMA1_KCNMB1	CCL28	1	0	-0.7549270773571238	-0.7549270773571238	-0.7549270773571238
KCNMA1_KCNMB1	VIL1	1	0	-0.7674912886718295	-0.7674912886718295	-0.7674912886718295
KCNMA1_KCNMB1	TM4SF20	1	0	-0.8010349434128674	-0.8010349434128674	-0.8010349434128674
KCNMA1_KCNMB1	SLC7A11	2	0	-0.8044896181188432	-0.570862118950599	-1.0381171172870873
KCNMA1_KCNMB1	PTGES3	1	0	-0.8332296037489997	-0.8332296037489997	-0.8332296037489997
KCNMA1_KCNMB1	PLXNB2	1	0	-0.83562651005334	-0.83562651005334	-0.83562651005334
KCNMA1_KCNMB1	BCAM	3	0	-0.8488978715406312	-0.4974776477837136	-7.852312832991268
KCNMA1_KCNMB1	FAM49B	1	0	-0.8720917284479704	-0.8720917284479704	-0.8720917284479704
KCNMA1_KCNMB1	PNLIP	3	0	-0.8723591598573902	-0.4751115232577806	-5.9679688578109475
KCNMA1_KCNMB1	CYP21A2	1	0	-0.8835840107963818	-0.8835840107963818	-0.8835840107963818
KCNMA1_KCNMB1	ST14	1	0	-0.8902655254123656	-0.8902655254123656	-0.8902655254123656
KCNMA1_KCNMB1	CPB1	3	0	-0.8903110983829398	-0.040977645267948386	-6.6408297398591065
KCNMA1_KCNMB1	LUC7L3	1	0	-0.8909062040887171	-0.8909062040887171	-0.8909062040887171
KCNMA1_KCNMB1	CTRB1	3	0	-0.8946042543671063	-0.5587466814245988	-7.1786874021302856
KCNMA1_KCNMB1	SLC9A3	1	0	-0.9263382047441372	-0.9263382047441372	-0.9263382047441372
KCNMA1_KCNMB1	PGK1	1	0	-0.9513125972175026	-0.9513125972175026	-0.9513125972175026
KCNMA1_KCNMB1	REG1B	3	0	-0.9523089992540615	-0.018039510909761285	-6.98498799755281
KCNMA1_KCNMB1	CTRB2	3	0	-0.9681423434649818	-0.4563831447273729	-7.188317345788301
KCNMA1_KCNMB1	HSP90AA1	1	0	-1.0039567971665817	-1.0039567971665817	-1.0039567971665817
KCNMA1_KCNMB1	CYP11B1	1	0	-1.016741767216653	-1.016741767216653	-1.016741767216653
KCNMA1_KCNMB1	SLC14A1	1	0	-1.0207130624636154	-1.0207130624636154	-1.0207130624636154
KCNMA1_KCNMB1	PI3	1	0	-1.0370400538123052	-1.0370400538123052	-1.0370400538123052
KCNMA1_KCNMB1	MT1A	1	0	-1.0522301602485982	-1.0522301602485982	-1.0522301602485982
KCNMA1_KCNMB1	CD22	1	0	-1.0594466351307867	-1.0594466351307867	-1.0594466351307867
KCNMA1_KCNMB1	ENO2	1	0	-1.1094522458657243	-1.1094522458657243	-1.1094522458657243
KCNMA1_KCNMB1	CHIT1	1	0	-1.1181533910135946	-1.1181533910135946	-1.1181533910135946
KCNMA1_KCNMB1	NOP53	1	0	-1.1198644389982066	-1.1198644389982066	-1.1198644389982066
KCNMA1_KCNMB1	CELA3A	3	0	-1.1353733797393581	-0.7114335882010934	-7.538591924515017
KCNMA1_KCNMB1	SHB	1	0	-1.1355401616373664	-1.1355401616373664	-1.1355401616373664
KCNMA1_KCNMB1	EPPK1	2	0	-1.1424592832008136	-0.9466200259718456	-1.3382985404297816
KCNMA1_KCNMB1	BPIFB1	2	0	-1.1456458269746845	-0.9956720828022886	-1.2956195711470804
KCNMA1_KCNMB1	KYNU	1	0	-1.16540342279182	-1.16540342279182	-1.16540342279182
KCNMA1_KCNMB1	CPS1	1	0	-1.1947410221411396	-1.1947410221411396	-1.1947410221411396
KCNMA1_KCNMB1	SCIN	1	0	-1.1968338532470761	-1.1968338532470761	-1.1968338532470761
KCNMA1_KCNMB1	ALDOB	2	0	-1.228003014647591	-0.8511237428128108	-1.6048822864823715
KCNMA1_KCNMB1	SPINK4	1	0	-1.2800195754373	-1.2800195754373	-1.2800195754373
KCNMA1_KCNMB1	FAM110C	1	0	-1.2904931480991824	-1.2904931480991824	-1.2904931480991824
KCNMA1_KCNMB1	HK2	2	0	-1.3000975125543528	-1.2470132194716017	-1.353181805637104
KCNMA1_KCNMB1	IFI27	3	0	-1.3068642646301392	-0.43731895839144896	-1.8654251156786215
KCNMA1_KCNMB1	MXD1	2	0	-1.3387845305335913	-1.1301380789518076	-1.547430982115375
KCNMA1_KCNMB1	CFB	3	0	-1.342955253413843	-0.6325973103702591	-8.33613420760347
KCNMA1_KCNMB1	IL1B	1	0	-1.3512243085888882	-1.3512243085888882	-1.3512243085888882
KCNMA1_KCNMB1	CSF3	1	0	-1.3732399886468643	-1.3732399886468643	-1.3732399886468643
KCNMA1_KCNMB1	ERN1	1	0	-1.3927880328433069	-1.3927880328433069	-1.3927880328433069
KCNMA1_KCNMB1	ARHGDIA	1	0	-1.402055926421425	-1.402055926421425	-1.402055926421425
KCNMA1_KCNMB1	CYP17A1	1	0	-1.4196763554915264	-1.4196763554915264	-1.4196763554915264
KCNMA1_KCNMB1	SV2B	1	0	-1.436592162144971	-1.436592162144971	-1.436592162144971
KCNMA1_KCNMB1	UQCRQ	1	0	-1.443717711594154	-1.443717711594154	-1.443717711594154
KCNMA1_KCNMB1	CHMP2A	1	0	-1.450169281582609	-1.450169281582609	-1.450169281582609
KCNMA1_KCNMB1	HSD11B2	2	0	-1.4753740684345336	-1.3642997063310336	-1.5864484305380337
KCNMA1_KCNMB1	SERINC2	3	0	-1.4833396628731044	-0.9640636936521102	-4.170632076663896
KCNMA1_KCNMB1	CDH2	1	0	-1.514009467623052	-1.514009467623052	-1.514009467623052
KCNMA1_KCNMB1	TXN	1	0	-1.5178188386754172	-1.5178188386754172	-1.5178188386754172
KCNMA1_KCNMB1	PLBD1	1	0	-1.5221522843204407	-1.5221522843204407	-1.5221522843204407
KCNMA1_KCNMB1	HIST1H2BB	2	0	-1.5294923800382902	-0.28208768210153895	-2.7768970779750415
KCNMA1_KCNMB1	CKLF	1	0	-1.5593006032272385	-1.5593006032272385	-1.5593006032272385
KCNMA1_KCNMB1	FGFR3	2	0	-1.570335553701439	-0.08174586479901198	-3.058925242603866
KCNMA1_KCNMB1	MFSD11	1	0	-1.589413234006916	-1.589413234006916	-1.589413234006916
KCNMA1_KCNMB1	CRYBG2	1	0	-1.6090480175283177	-1.6090480175283177	-1.6090480175283177
KCNMA1_KCNMB1	EPS8L2	1	0	-1.6282216535991636	-1.6282216535991636	-1.6282216535991636
KCNMA1_KCNMB1	ECM1	1	0	-1.6374607306538735	-1.6374607306538735	-1.6374607306538735
KCNMA1_KCNMB1	ST3GAL4	1	0	-1.6398611399472764	-1.6398611399472764	-1.6398611399472764
KCNMA1_KCNMB1	NFKBIZ	1	0	-1.646894441559064	-1.646894441559064	-1.646894441559064
KCNMA1_KCNMB1	CFH	1	0	-1.6479959720804849	-1.6479959720804849	-1.6479959720804849
KCNMA1_KCNMB1	CSTB	4	0	-1.6789597659395952	-1.1972227898486405	-3.2259857689837226
KCNMA1_KCNMB1	GPI	1	0	-1.6805105968687086	-1.6805105968687086	-1.6805105968687086
KCNMA1_KCNMB1	EFNA1	4	0	-1.7005288231601474	-0.7595017672039917	-3.247002408406097
KCNMA1_KCNMB1	UGT1A6	3	0	-1.7044618341613351	-0.26840252512513635	-3.0080671292300383
KCNMA1_KCNMB1	CDH19	1	0	-1.7060397322881566	-1.7060397322881566	-1.7060397322881566
KCNMA1_KCNMB1	TMED2	1	0	-1.749169668098288	-1.749169668098288	-1.749169668098288
KCNMA1_KCNMB1	BHLHE40	1	0	-1.7495531968020475	-1.7495531968020475	-1.7495531968020475
KCNMA1_KCNMB1	PDGFD	2	0	-1.759325544462534	-1.7590211482582954	-1.7596299406667726
KCNMA1_KCNMB1	CPXM1	1	0	-1.7654575984882321	-1.7654575984882321	-1.7654575984882321
KCNMA1_KCNMB1	SDC4	5	0	-1.7820880243398034	-0.07988256295008071	-8.255475363422624
KCNMA1_KCNMB1	CDHR5	2	0	-1.793815413028247	-1.02518020232947	-2.5624506237270244
KCNMA1_KCNMB1	ITGA3	5	0	-1.798131714637691	-0.22663450796085663	-6.678782768248759
KCNMA1_KCNMB1	SLC9A3R1	1	0	-1.7983795465083379	-1.7983795465083379	-1.7983795465083379
KCNMA1_KCNMB1	SCARB1	1	0	-1.8114495845591783	-1.8114495845591783	-1.8114495845591783
KCNMA1_KCNMB1	CCL15	1	0	-1.8137563740494074	-1.8137563740494074	-1.8137563740494074
KCNMA1_KCNMB1	ZC3H12A	1	0	-1.81959239847626	-1.81959239847626	-1.81959239847626
KCNMA1_KCNMB1	TMSB4X	1	0	-1.8264839995825175	-1.8264839995825175	-1.8264839995825175
KCNMA1_KCNMB1	ECH1	1	0	-1.8340617405777264	-1.8340617405777264	-1.8340617405777264
KCNMA1_KCNMB1	SLC5A1	1	0	-1.8360728378981628	-1.8360728378981628	-1.8360728378981628
KCNMA1_KCNMB1	WASF2	1	0	-1.8394463400949257	-1.8394463400949257	-1.8394463400949257
KCNMA1_KCNMB1	CLDN3	1	0	-1.8409508100870924	-1.8409508100870924	-1.8409508100870924
KCNMA1_KCNMB1	MUCL3	2	0	-1.8634915878318377	-1.4010024110273196	-2.3259807646363555
KCNMA1_KCNMB1	OAS3	1	0	-1.8671391877996786	-1.8671391877996786	-1.8671391877996786
KCNMA1_KCNMB1	CTSD	1	0	-1.8715868625078587	-1.8715868625078587	-1.8715868625078587
KCNMA1_KCNMB1	NECTIN4	1	0	-1.8761810558271415	-1.8761810558271415	-1.8761810558271415
KCNMA1_KCNMB1	PRSS8	2	0	-1.8925040907196222	-1.6013188715250526	-2.183689309914192
KCNMA1_KCNMB1	GADD45A	1	0	-1.90717917747749	-1.90717917747749	-1.90717917747749
KCNMA1_KCNMB1	SLC2A1	7	0	-1.912629943025463	-0.5283472327279657	-5.156147272589067
KCNMA1_KCNMB1	PTPRN2	1	0	-1.9152595635698308	-1.9152595635698308	-1.9152595635698308
KCNMA1_KCNMB1	SLC22A3	1	0	-1.9210240361746045	-1.9210240361746045	-1.9210240361746045
KCNMA1_KCNMB1	SPINT2	7	0	-1.923682379808412	-0.21916831323611638	-3.96467970447532
KCNMA1_KCNMB1	SLC34A2	3	0	-1.9253126302090064	-0.8400134901588482	-6.684890701669958
KCNMA1_KCNMB1	ABTB2	1	0	-1.9274375905488508	-1.9274375905488508	-1.9274375905488508
KCNMA1_KCNMB1	CP	4	0	-1.9276906395871252	-0.504359045781948	-7.16942757239781
KCNMA1_KCNMB1	EFHD2	1	0	-1.9290256705860256	-1.9290256705860256	-1.9290256705860256
KCNMA1_KCNMB1	CDH17	2	0	-1.943516065296682	-1.7387970343449195	-2.148235096248445
KCNMA1_KCNMB1	PRRC2C	2	0	-1.9513746387397561	-1.8795087012173608	-2.0232405762621513
KCNMA1_KCNMB1	TM4SF5	1	0	-1.9569793683811105	-1.9569793683811105	-1.9569793683811105
KCNMA1_KCNMB1	ASPH	1	0	-1.967628081501124	-1.967628081501124	-1.967628081501124
KCNMA1_KCNMB1	GDF15	1	0	-1.9690805665593152	-1.9690805665593152	-1.9690805665593152
KCNMA1_KCNMB1	NAP1L5	1	0	-1.9694989441801127	-1.9694989441801127	-1.9694989441801127
KCNMA1_KCNMB1	TAGLN2	1	0	-1.977346148879072	-1.977346148879072	-1.977346148879072
KCNMA1_KCNMB1	BIRC7	1	0	-1.983749601943879	-1.983749601943879	-1.983749601943879
KCNMA1_KCNMB1	SDCBP2	1	0	-1.9853403772043485	-1.9853403772043485	-1.9853403772043485
KCNMA1_KCNMB1	MOB4	1	0	-1.9891727186395955	-1.9891727186395955	-1.9891727186395955
KCNMA1_KCNMB1	RAI14	1	0	-2.0104090307340208	-2.0104090307340208	-2.0104090307340208
KCNMA1_KCNMB1	NTSR1	1	0	-2.019006279560262	-2.019006279560262	-2.019006279560262
KCNMA1_KCNMB1	TSPAN3	1	0	-2.0405022623908997	-2.0405022623908997	-2.0405022623908997
KCNMA1_KCNMB1	COLEC11	5	0	-2.046594789309842	-0.622653196786513	-8.111641845525506
KCNMA1_KCNMB1	JAZF1	1	0	-2.0510176603647032	-2.0510176603647032	-2.0510176603647032
KCNMA1_KCNMB1	GPBAR1	1	0	-2.0667100473741686	-2.0667100473741686	-2.0667100473741686
KCNMA1_KCNMB1	BICDL2	1	0	-2.076911647143368	-2.076911647143368	-2.076911647143368
KCNMA1_KCNMB1	NOS2	1	0	-2.077421822350591	-2.077421822350591	-2.077421822350591
KCNMA1_KCNMB1	TCN1	5	0	-2.110060866517669	-1.0157089955547673	-5.036224503405753
KCNMA1_KCNMB1	FAM166B	1	0	-2.116834789219835	-2.116834789219835	-2.116834789219835
KCNMA1_KCNMB1	ABHD2	1	0	-2.120046370255327	-2.120046370255327	-2.120046370255327
KCNMA1_KCNMB1	HKDC1	1	0	-2.1223702721067235	-2.1223702721067235	-2.1223702721067235
KCNMA1_KCNMB1	PABPC1	1	0	-2.144825328278533	-2.144825328278533	-2.144825328278533
KCNMA1_KCNMB1	MATN2	1	0	-2.1450166355070235	-2.1450166355070235	-2.1450166355070235
KCNMA1_KCNMB1	PSMC4	1	0	-2.161020714716109	-2.161020714716109	-2.161020714716109
KCNMA1_KCNMB1	HID1	1	0	-2.1616561353212993	-2.1616561353212993	-2.1616561353212993
KCNMA1_KCNMB1	AKR1C1	1	0	-2.161918963378434	-2.161918963378434	-2.161918963378434
KCNMA1_KCNMB1	GOLM1	3	0	-2.1788988035174466	-2.0756049741428013	-10.009737714411633
KCNMA1_KCNMB1	SPINK1	7	0	-2.183889361782661	-1.413060945399834	-6.024845429591376
KCNMA1_KCNMB1	PCDH1	4	0	-2.196767065634924	-1.329275634163702	-7.141335327293272
KCNMA1_KCNMB1	CHCHD2	1	0	-2.205090072434074	-2.205090072434074	-2.205090072434074
KCNMA1_KCNMB1	CREM	1	0	-2.2221660849578515	-2.2221660849578515	-2.2221660849578515
KCNMA1_KCNMB1	AQP5	3	0	-2.2259619882594053	-2.0615088064181646	-2.4536289790563215
KCNMA1_KCNMB1	HIST1H3H	1	0	-2.2519974455029126	-2.2519974455029126	-2.2519974455029126
KCNMA1_KCNMB1	HIST1H4E	1	0	-2.2762919881701036	-2.2762919881701036	-2.2762919881701036
KCNMA1_KCNMB1	WT1	1	0	-2.287158508425451	-2.287158508425451	-2.287158508425451
KCNMA1_KCNMB1	LY6E	2	0	-2.3069098662409755	-0.6607454295298489	-3.953074302952102
KCNMA1_KCNMB1	SLC44A4	3	0	-2.313475249647768	-0.44963157807342513	-3.9043052079664906
KCNMA1_KCNMB1	GRAMD1B	1	0	-2.3142080459746763	-2.3142080459746763	-2.3142080459746763
KCNMA1_KCNMB1	IYD	1	0	-2.3145990414869737	-2.3145990414869737	-2.3145990414869737
KCNMA1_KCNMB1	SLC23A2	1	0	-2.334690860021851	-2.334690860021851	-2.334690860021851
KCNMA1_KCNMB1	ITGA2	2	0	-2.335339990699686	-0.6180162966910804	-4.052663684708292
KCNMA1_KCNMB1	TRIM2	1	0	-2.378114088068354	-2.378114088068354	-2.378114088068354
KCNMA1_KCNMB1	LIF	2	0	-2.3906999963888707	-1.211461093669572	-3.5699388991081693
KCNMA1_KCNMB1	PAEP	1	0	-2.3929331730404386	-2.3929331730404386	-2.3929331730404386
KCNMA1_KCNMB1	SLCO2A1	1	0	-2.3990599595284374	-2.3990599595284374	-2.3990599595284374
KCNMA1_KCNMB1	INSR	1	0	-2.4049924914050416	-2.4049924914050416	-2.4049924914050416
KCNMA1_KCNMB1	IER3	4	0	-2.414721493609324	-0.1004807298268989	-6.269802157089166
KCNMA1_KCNMB1	NRARP	1	0	-2.42856105503686	-2.42856105503686	-2.42856105503686
KCNMA1_KCNMB1	COLGALT2	1	0	-2.4362539755040125	-2.4362539755040125	-2.4362539755040125
KCNMA1_KCNMB1	PRSS22	4	0	-2.4395288139197575	-1.7208820298637222	-4.131379662416881
KCNMA1_KCNMB1	ERBB3	3	0	-2.4398053816798697	-2.007774836475762	-4.587913029996461
KCNMA1_KCNMB1	GATA6	3	0	-2.44082950977703	-1.682306406398384	-3.1911358675797508
KCNMA1_KCNMB1	ANKRD36C	1	0	-2.4513775956332995	-2.4513775956332995	-2.4513775956332995
KCNMA1_KCNMB1	MYL12B	1	0	-2.453425780121133	-2.453425780121133	-2.453425780121133
KCNMA1_KCNMB1	PGC	4	0	-2.4608662095795215	-0.05653993274520144	-3.6824889172352195
KCNMA1_KCNMB1	KCNN4	10	0	-2.496223441542936	-0.15800868377957572	-4.0259146487315425
KCNMA1_KCNMB1	TM4SF1	4	0	-2.498420335038014	-0.029801302474973188	-2.8146640600394557
KCNMA1_KCNMB1	FRZB	2	0	-2.504188687685885	-1.8415062685118764	-3.166871106859894
KCNMA1_KCNMB1	LDLR	1	0	-2.5115030896298323	-2.5115030896298323	-2.5115030896298323
KCNMA1_KCNMB1	KCNK1	10	0	-2.519354902782476	-0.6728901165761791	-7.874539627994405
KCNMA1_KCNMB1	SEMA4B	4	0	-2.5198571159955723	-2.435056342527721	-7.022828743874177
KCNMA1_KCNMB1	DUOX2	6	0	-2.5332479183512047	-0.9592920281508399	-6.531922997518757
KCNMA1_KCNMB1	SOAT1	1	0	-2.5431682530071096	-2.5431682530071096	-2.5431682530071096
KCNMA1_KCNMB1	TKT	1	0	-2.5457422821411413	-2.5457422821411413	-2.5457422821411413
KCNMA1_KCNMB1	HIF3A	1	0	-2.562172889657033	-2.562172889657033	-2.562172889657033
KCNMA1_KCNMB1	CDC42EP5	2	0	-2.5838852063580626	-2.1986060191879684	-2.9691643935281573
KCNMA1_KCNMB1	MIA	2	0	-2.5849000355490954	-0.734923848543614	-4.434876222554577
KCNMA1_KCNMB1	CYP2S1	1	0	-2.585343870971149	-2.585343870971149	-2.585343870971149
KCNMA1_KCNMB1	MUC20	2	0	-2.5985813988116697	-1.5824245105443142	-3.6147382870790254
KCNMA1_KCNMB1	ZNF503	1	0	-2.632113824195389	-2.632113824195389	-2.632113824195389
KCNMA1_KCNMB1	ANGPTL7	1	0	-2.6377363373186666	-2.6377363373186666	-2.6377363373186666
KCNMA1_KCNMB1	PLEKHG6	1	0	-2.6379446387250782	-2.6379446387250782	-2.6379446387250782
KCNMA1_KCNMB1	TGFBR3	1	0	-2.647577447043293	-2.647577447043293	-2.647577447043293
KCNMA1_KCNMB1	ANXA11	1	0	-2.652721871345496	-2.652721871345496	-2.652721871345496
KCNMA1_KCNMB1	ANG	1	0	-2.6588989035983346	-2.6588989035983346	-2.6588989035983346
KCNMA1_KCNMB1	FUT2	2	0	-2.664804834358497	-2.156473637686142	-3.173136031030852
KCNMA1_KCNMB1	STRA6	2	0	-2.68546281140302	-1.3694791646169244	-4.001446458189116
KCNMA1_KCNMB1	CRLF1	1	0	-2.6864533449755394	-2.6864533449755394	-2.6864533449755394
KCNMA1_KCNMB1	AKR1B10	1	0	-2.6945074816603576	-2.6945074816603576	-2.6945074816603576
KCNMA1_KCNMB1	SOX10	1	0	-2.6956254593573945	-2.6956254593573945	-2.6956254593573945
KCNMA1_KCNMB1	CTSH	1	0	-2.703979889062215	-2.703979889062215	-2.703979889062215
KCNMA1_KCNMB1	CPEB4	1	0	-2.7052540835138768	-2.7052540835138768	-2.7052540835138768
KCNMA1_KCNMB1	C6orf132	1	0	-2.706837726931649	-2.706837726931649	-2.706837726931649
KCNMA1_KCNMB1	AGRN	2	0	-2.7267928442079294	-0.23696321478058444	-5.216622473635274
KCNMA1_KCNMB1	ANPEP	1	0	-2.7291903343223285	-2.7291903343223285	-2.7291903343223285
KCNMA1_KCNMB1	PIM3	1	0	-2.736334824773539	-2.736334824773539	-2.736334824773539
KCNMA1_KCNMB1	ENC1	1	0	-2.7484155831234895	-2.7484155831234895	-2.7484155831234895
KCNMA1_KCNMB1	SPOCK2	1	0	-2.75117668658982	-2.75117668658982	-2.75117668658982
KCNMA1_KCNMB1	ADAM9	1	0	-2.7610039039021625	-2.7610039039021625	-2.7610039039021625
KCNMA1_KCNMB1	ABCC3	6	0	-2.76485700831815	-1.3437132660386075	-7.763919116808486
KCNMA1_KCNMB1	AKR1C3	2	0	-2.771893450253133	-1.8465358680504143	-3.697251032455852
KCNMA1_KCNMB1	PLS1	1	0	-2.7894727647864026	-2.7894727647864026	-2.7894727647864026
KCNMA1_KCNMB1	SEMA3B	2	0	-2.796658465426786	-2.4692591197299074	-3.124057811123664
KCNMA1_KCNMB1	HOXA5	1	0	-2.801162480767197	-2.801162480767197	-2.801162480767197
KCNMA1_KCNMB1	ZNF275	1	0	-2.803079926737196	-2.803079926737196	-2.803079926737196
KCNMA1_KCNMB1	ALKAL2	1	0	-2.816716128281517	-2.816716128281517	-2.816716128281517
KCNMA1_KCNMB1	FBP1	3	0	-2.8235496637428295	-1.4398912406566255	-5.103333326695034
KCNMA1_KCNMB1	LPCAT4	1	0	-2.823803643057455	-2.823803643057455	-2.823803643057455
KCNMA1_KCNMB1	BNIP3L	2	0	-2.8271875456680693	-0.49682175883506424	-5.157553332501075
KCNMA1_KCNMB1	VAT1L	1	0	-2.833114676682884	-2.833114676682884	-2.833114676682884
KCNMA1_KCNMB1	TP53INP2	1	0	-2.8607104654985114	-2.8607104654985114	-2.8607104654985114
KCNMA1_KCNMB1	SEMA6A	1	0	-2.8625636950223514	-2.8625636950223514	-2.8625636950223514
KCNMA1_KCNMB1	DUOXA2	4	0	-2.8628013572616515	-0.8184260215317629	-5.176963406658155
KCNMA1_KCNMB1	MSMB	1	0	-2.8644019271815555	-2.8644019271815555	-2.8644019271815555
KCNMA1_KCNMB1	CLDN6	1	0	-2.8789738643100744	-2.8789738643100744	-2.8789738643100744
KCNMA1_KCNMB1	NR5A2	2	0	-2.8819066930268704	-0.2234870587841466	-5.540326327269594
KCNMA1_KCNMB1	G6PD	1	0	-2.8920730834189343	-2.8920730834189343	-2.8920730834189343
KCNMA1_KCNMB1	PDGFRA	2	0	-2.895385180331566	-0.44028304214370867	-5.3504873185194235
KCNMA1_KCNMB1	ANKRD1	1	0	-2.9122425918654766	-2.9122425918654766	-2.9122425918654766
KCNMA1_KCNMB1	INSIG1	1	0	-2.9214025381083784	-2.9214025381083784	-2.9214025381083784
KCNMA1_KCNMB1	SCN9A	1	0	-2.9238829263791932	-2.9238829263791932	-2.9238829263791932
KCNMA1_KCNMB1	SCGB1A1	1	0	-2.930894994973043	-2.930894994973043	-2.930894994973043
KCNMA1_KCNMB1	SORBS2	1	0	-2.932284611253641	-2.932284611253641	-2.932284611253641
KCNMA1_KCNMB1	ZG16B	1	0	-2.9358995239490877	-2.9358995239490877	-2.9358995239490877
KCNMA1_KCNMB1	FNDC4	1	0	-2.959807333973653	-2.959807333973653	-2.959807333973653
KCNMA1_KCNMB1	PRSS1	4	0	-2.9619053741145556	-0.5148513395550017	-6.507269829834738
KCNMA1_KCNMB1	CLDN7	3	0	-2.967027865723225	-1.0568401856843703	-10.041628232650437
KCNMA1_KCNMB1	SLC19A2	1	0	-2.9776460083815937	-2.9776460083815937	-2.9776460083815937
KCNMA1_KCNMB1	KCNQ1	1	0	-2.978534353770285	-2.978534353770285	-2.978534353770285
KCNMA1_KCNMB1	CYP11A1	1	0	-2.987201581932632	-2.987201581932632	-2.987201581932632
KCNMA1_KCNMB1	HS3ST1	1	0	-3.0010796757720333	-3.0010796757720333	-3.0010796757720333
KCNMA1_KCNMB1	TRNP1	4	0	-3.021073964032381	-1.554309321911554	-7.910480294513116
KCNMA1_KCNMB1	AMBP	2	0	-3.02309238287597	-0.7525096343861916	-5.293675131365749
KCNMA1_KCNMB1	LSS	1	0	-3.037621354311793	-3.037621354311793	-3.037621354311793
KCNMA1_KCNMB1	CYB5B	1	0	-3.042064439215689	-3.042064439215689	-3.042064439215689
KCNMA1_KCNMB1	PAK4	1	0	-3.044759556626766	-3.044759556626766	-3.044759556626766
KCNMA1_KCNMB1	QPCT	1	0	-3.04478270478173	-3.04478270478173	-3.04478270478173
KCNMA1_KCNMB1	MBOAT1	1	0	-3.051183713555085	-3.051183713555085	-3.051183713555085
KCNMA1_KCNMB1	IGHMBP2	1	0	-3.083547923632385	-3.083547923632385	-3.083547923632385
KCNMA1_KCNMB1	TBX3	1	0	-3.1014412600636487	-3.1014412600636487	-3.1014412600636487
KCNMA1_KCNMB1	MAPK4	1	0	-3.1060958879008105	-3.1060958879008105	-3.1060958879008105
KCNMA1_KCNMB1	MUC17	3	0	-3.109873691742879	-1.4729744297628924	-3.3916342201122562
KCNMA1_KCNMB1	CYSTM1	4	0	-3.128583707051833	-2.2911723302996996	-4.544578461138057
KCNMA1_KCNMB1	KCNE3	1	0	-3.1308716010644897	-3.1308716010644897	-3.1308716010644897
KCNMA1_KCNMB1	PNLIPRP1	2	0	-3.1334438687810606	-0.732983604423759	-5.533904133138362
KCNMA1_KCNMB1	DHCR24	1	0	-3.1366032147330714	-3.1366032147330714	-3.1366032147330714
KCNMA1_KCNMB1	FER1L6	2	0	-3.138579762868205	-2.6031523377005623	-3.6740071880358482
KCNMA1_KCNMB1	ATP1B1	7	0	-3.148181009417256	-0.7845988479402218	-5.123262860442961
KCNMA1_KCNMB1	CPA6	1	0	-3.1722342801436367	-3.1722342801436367	-3.1722342801436367
KCNMA1_KCNMB1	DYNLL2	1	0	-3.176781036502612	-3.176781036502612	-3.176781036502612
KCNMA1_KCNMB1	LXN	2	0	-3.19180116626031	-0.4510362756309563	-5.932566056889663
KCNMA1_KCNMB1	C2orf66	1	0	-3.192955049251049	-3.192955049251049	-3.192955049251049
KCNMA1_KCNMB1	SLC16A9	1	0	-3.1954245894994893	-3.1954245894994893	-3.1954245894994893
KCNMA1_KCNMB1	CYP11B2	1	0	-3.2068814524109395	-3.2068814524109395	-3.2068814524109395
KCNMA1_KCNMB1	CHMP2B	1	0	-3.2096949416289635	-3.2096949416289635	-3.2096949416289635
KCNMA1_KCNMB1	CRTAP	1	0	-3.214627147149139	-3.214627147149139	-3.214627147149139
KCNMA1_KCNMB1	PRKAR2B	1	0	-3.215464402909497	-3.215464402909497	-3.215464402909497
KCNMA1_KCNMB1	FDPS	1	0	-3.2222188604085082	-3.2222188604085082	-3.2222188604085082
KCNMA1_KCNMB1	BAIAP2L1	1	0	-3.2450404152548247	-3.2450404152548247	-3.2450404152548247
KCNMA1_KCNMB1	ABCB1	1	0	-3.2495192720455335	-3.2495192720455335	-3.2495192720455335
KCNMA1_KCNMB1	ALDH3A2	1	0	-3.254189864551151	-3.254189864551151	-3.254189864551151
KCNMA1_KCNMB1	ACER2	1	0	-3.2576433014111754	-3.2576433014111754	-3.2576433014111754
KCNMA1_KCNMB1	ARL14	2	0	-3.2578260277662414	-1.9734849887851607	-4.542167066747322
KCNMA1_KCNMB1	SLC12A2	1	0	-3.272937432205325	-3.272937432205325	-3.272937432205325
KCNMA1_KCNMB1	AMN	2	0	-3.2730307972963715	-2.1173678839581327	-4.428693710634611
KCNMA1_KCNMB1	FAM3D	2	0	-3.2809989610517505	-2.598042005873902	-3.963955916229599
KCNMA1_KCNMB1	LFNG	1	0	-3.290478904683024	-3.290478904683024	-3.290478904683024
KCNMA1_KCNMB1	DLG5	1	0	-3.290834794685331	-3.290834794685331	-3.290834794685331
KCNMA1_KCNMB1	OCIAD2	4	0	-3.297205720805117	-0.775645296770255	-4.510348846083758
KCNMA1_KCNMB1	HABP2	1	0	-3.301837946395812	-3.301837946395812	-3.301837946395812
KCNMA1_KCNMB1	CALN1	1	0	-3.312756321232303	-3.312756321232303	-3.312756321232303
KCNMA1_KCNMB1	MALL	3	0	-3.3161249413103455	-2.3347275580035434	-7.5954270379441535
KCNMA1_KCNMB1	PRSS3	1	0	-3.318848452141804	-3.318848452141804	-3.318848452141804
KCNMA1_KCNMB1	CXCL17	4	0	-3.3296317804559195	-2.4332813771602333	-4.071603333676505
KCNMA1_KCNMB1	WNT4	2	0	-3.335603334473278	-0.7368289448893605	-5.934377724057195
KCNMA1_KCNMB1	AQP3	3	0	-3.3378262540325654	-0.10894345335156529	-9.286661615328232
KCNMA1_KCNMB1	KCNJ5	1	0	-3.3397849949753198	-3.3397849949753198	-3.3397849949753198
KCNMA1_KCNMB1	PPP1R1B	4	0	-3.3398420880984325	-0.33111095553002234	-3.469781598728579
KCNMA1_KCNMB1	MRAP	1	0	-3.343493195090023	-3.343493195090023	-3.343493195090023
KCNMA1_KCNMB1	PGAP1	1	0	-3.3899424928717075	-3.3899424928717075	-3.3899424928717075
KCNMA1_KCNMB1	CAMK2N2	1	0	-3.3956252960509383	-3.3956252960509383	-3.3956252960509383
KCNMA1_KCNMB1	DDR1	2	0	-3.3957998856899128	-1.0863096878121572	-5.705290083567668
KCNMA1_KCNMB1	GPX2	6	0	-3.4029682470733134	-0.48186881363249046	-5.1526050442716524
KCNMA1_KCNMB1	DEGS2	1	0	-3.4198115914692484	-3.4198115914692484	-3.4198115914692484
KCNMA1_KCNMB1	VSIG1	2	0	-3.4214553701780352	-2.6847692742526554	-4.158141466103415
KCNMA1_KCNMB1	LAMB3	5	0	-3.4224116500214463	-0.10547137134104886	-9.666426913552549
KCNMA1_KCNMB1	PEG3	1	0	-3.436156314100581	-3.436156314100581	-3.436156314100581
KCNMA1_KCNMB1	SYCN	2	0	-3.4480299046273784	-1.0540480751001424	-5.842011734154614
KCNMA1_KCNMB1	EPS8L1	1	0	-3.4515863085319793	-3.4515863085319793	-3.4515863085319793
KCNMA1_KCNMB1	MSMO1	1	0	-3.461100114960528	-3.461100114960528	-3.461100114960528
KCNMA1_KCNMB1	SCNN1A	4	0	-3.4637684587325497	-1.9147777141281896	-8.786552995589997
KCNMA1_KCNMB1	TMEM97	1	0	-3.465976877464178	-3.465976877464178	-3.465976877464178
KCNMA1_KCNMB1	PRICKLE4	2	0	-3.4662067565140897	-2.9997152682088717	-3.9326982448193077
KCNMA1_KCNMB1	FN3K	1	0	-3.4688970394649106	-3.4688970394649106	-3.4688970394649106
KCNMA1_KCNMB1	CAPN8	2	0	-3.4741508950769715	-2.6752867717335524	-4.2730150184203906
KCNMA1_KCNMB1	C4orf19	1	0	-3.4948057782190673	-3.4948057782190673	-3.4948057782190673
KCNMA1_KCNMB1	MCOLN3	1	0	-3.512298507928328	-3.512298507928328	-3.512298507928328
KCNMA1_KCNMB1	POF1B	1	0	-3.5275594893748283	-3.5275594893748283	-3.5275594893748283
KCNMA1_KCNMB1	CTNNAL1	1	0	-3.5317257550608296	-3.5317257550608296	-3.5317257550608296
KCNMA1_KCNMB1	TMC5	7	0	-3.5415562267192344	-0.3763400162921025	-5.167047680235673
KCNMA1_KCNMB1	HMGA1	6	0	-3.543437048823846	-0.9175640139877058	-7.029624920231537
KCNMA1_KCNMB1	TSPAN1	7	0	-3.547687765396078	-1.3051939815761147	-8.966083366981067
KCNMA1_KCNMB1	RNF128	1	0	-3.550698687000483	-3.550698687000483	-3.550698687000483
KCNMA1_KCNMB1	KLHDC8B	1	0	-3.554455825539068	-3.554455825539068	-3.554455825539068
KCNMA1_KCNMB1	MGARP	1	0	-3.56057197337581	-3.56057197337581	-3.56057197337581
KCNMA1_KCNMB1	GOT1	1	0	-3.5830886985707653	-3.5830886985707653	-3.5830886985707653
KCNMA1_KCNMB1	TSPAN8	8	0	-3.5884446070702234	-0.6980091767198248	-9.476760734535652
KCNMA1_KCNMB1	CCDC198	1	0	-3.5894549872516017	-3.5894549872516017	-3.5894549872516017
KCNMA1_KCNMB1	CTH	1	0	-3.590816380822541	-3.590816380822541	-3.590816380822541
KCNMA1_KCNMB1	CEBPG	1	0	-3.5908206180193223	-3.5908206180193223	-3.5908206180193223
KCNMA1_KCNMB1	NKAIN1	1	0	-3.598190098010929	-3.598190098010929	-3.598190098010929
KCNMA1_KCNMB1	NPC1	1	0	-3.6017810239091275	-3.6017810239091275	-3.6017810239091275
KCNMA1_KCNMB1	ACTN4	1	0	-3.6019709524595505	-3.6019709524595505	-3.6019709524595505
KCNMA1_KCNMB1	RARRES1	1	0	-3.6047251130399895	-3.6047251130399895	-3.6047251130399895
KCNMA1_KCNMB1	ITGB8	3	0	-3.604879721656256	-0.7526716579821336	-8.678700578820896
KCNMA1_KCNMB1	WDR72	1	0	-3.6068360675607756	-3.6068360675607756	-3.6068360675607756
KCNMA1_KCNMB1	RBBP7	1	0	-3.6131775785835036	-3.6131775785835036	-3.6131775785835036
KCNMA1_KCNMB1	AGR2	3	0	-3.6230072555018324	-3.3321908263236146	-8.77546654176896
KCNMA1_KCNMB1	EPB41L1	1	0	-3.632269725963191	-3.632269725963191	-3.632269725963191
KCNMA1_KCNMB1	NGEF	1	0	-3.6335952507226956	-3.6335952507226956	-3.6335952507226956
KCNMA1_KCNMB1	PLA2G1B	2	0	-3.6347272772384147	-1.2770365215587187	-5.992418032918111
KCNMA1_KCNMB1	LONRF2	1	0	-3.6350702083576176	-3.6350702083576176	-3.6350702083576176
KCNMA1_KCNMB1	CASP9	1	0	-3.636031932731379	-3.636031932731379	-3.636031932731379
KCNMA1_KCNMB1	DHCR7	1	0	-3.641007292404195	-3.641007292404195	-3.641007292404195
KCNMA1_KCNMB1	GATM	2	0	-3.645665342596332	-0.3407427206597087	-6.950587964532955
KCNMA1_KCNMB1	DTX1	2	0	-3.6553878278477567	-1.2848438563121791	-6.025931799383335
KCNMA1_KCNMB1	CTSE	8	0	-3.6564671245613938	-0.6718616562818072	-4.882580058809738
KCNMA1_KCNMB1	PROM1	3	0	-3.664974762731799	-3.283259481773348	-5.7471929110482325
KCNMA1_KCNMB1	DNAJC12	1	0	-3.6655682226115616	-3.6655682226115616	-3.6655682226115616
KCNMA1_KCNMB1	EPCAM	7	0	-3.6658596259227147	-0.9181074377320755	-5.309544536198449
KCNMA1_KCNMB1	FADS2	1	0	-3.6706667648587508	-3.6706667648587508	-3.6706667648587508
KCNMA1_KCNMB1	ACAT2	1	0	-3.6935999813472615	-3.6935999813472615	-3.6935999813472615
KCNMA1_KCNMB1	IDI1	1	0	-3.7095945134510115	-3.7095945134510115	-3.7095945134510115
KCNMA1_KCNMB1	SMAD3	4	0	-3.718359928439159	-1.472489314067177	-8.704495868746214
KCNMA1_KCNMB1	GSTA4	1	0	-3.7302743809241914	-3.7302743809241914	-3.7302743809241914
KCNMA1_KCNMB1	INAVA	5	0	-3.736334405276657	-0.43906881769289957	-8.166609150942378
KCNMA1_KCNMB1	ITGB2	1	0	-3.7368117485581127	-3.7368117485581127	-3.7368117485581127
KCNMA1_KCNMB1	GCNT3	5	0	-3.7419850165331794	-0.6897064519056272	-6.226703386216589
KCNMA1_KCNMB1	STARD4	1	0	-3.7429422391775344	-3.7429422391775344	-3.7429422391775344
KCNMA1_KCNMB1	FA2H	1	0	-3.744349618362959	-3.744349618362959	-3.744349618362959
KCNMA1_KCNMB1	LAMA2	1	0	-3.7639366522329403	-3.7639366522329403	-3.7639366522329403
KCNMA1_KCNMB1	GP2	2	0	-3.77089133904117	-1.177892400098832	-6.363890277983508
KCNMA1_KCNMB1	ZBTB21	1	0	-3.7716364063370316	-3.7716364063370316	-3.7716364063370316
KCNMA1_KCNMB1	SLC47A1	1	0	-3.782674668859746	-3.782674668859746	-3.782674668859746
KCNMA1_KCNMB1	REG4	3	0	-3.7941800712080154	-2.848385591375061	-8.800606280699967
KCNMA1_KCNMB1	NR2F1	2	0	-3.7975602171914957	-3.7094982836907304	-3.8856221506922615
KCNMA1_KCNMB1	GRIA3	1	0	-3.8025382777630337	-3.8025382777630337	-3.8025382777630337
KCNMA1_KCNMB1	ELF3	10	0	-3.8055564344612662	-0.055221495141077735	-7.634164676050755
KCNMA1_KCNMB1	TM7SF2	1	0	-3.8229956092851496	-3.8229956092851496	-3.8229956092851496
KCNMA1_KCNMB1	FGA	2	0	-3.8271353433108204	-0.2771110740267037	-7.377159612594937
KCNMA1_KCNMB1	SOX9	3	0	-3.8314323748231653	-0.37738326932858596	-7.3190928567415785
KCNMA1_KCNMB1	PRAP1	3	0	-3.837821766560497	-0.44537899252682456	-4.392586913480704
KCNMA1_KCNMB1	FUT9	1	0	-3.8389769360715054	-3.8389769360715054	-3.8389769360715054
KCNMA1_KCNMB1	BNIP5	1	0	-3.8479080543019255	-3.8479080543019255	-3.8479080543019255
KCNMA1_KCNMB1	MLPH	7	0	-3.848628678590656	-1.505973529781761	-8.667030421988045
KCNMA1_KCNMB1	HMGCS2	2	0	-3.853327867606764	-2.86807718423794	-4.838578550975588
KCNMA1_KCNMB1	MUC3A	5	0	-3.871641747710673	-1.1410351470756608	-9.911757216790718
KCNMA1_KCNMB1	RNASET2	2	0	-3.8807414940022023	-0.4686208138019794	-7.292862174202425
KCNMA1_KCNMB1	SCTR	2	0	-3.8829712990117207	-1.6676907194656791	-6.098251878557762
KCNMA1_KCNMB1	FGF9	1	0	-3.886723927288622	-3.886723927288622	-3.886723927288622
KCNMA1_KCNMB1	ANLN	1	0	-3.8925820224165504	-3.8925820224165504	-3.8925820224165504
KCNMA1_KCNMB1	TNNC1	1	0	-3.8934190354169833	-3.8934190354169833	-3.8934190354169833
KCNMA1_KCNMB1	EHF	1	0	-3.9439733787824927	-3.9439733787824927	-3.9439733787824927
KCNMA1_KCNMB1	AS3MT	1	0	-3.961537478598241	-3.961537478598241	-3.961537478598241
KCNMA1_KCNMB1	PIGR	7	0	-3.973689919969347	-0.4972029634625324	-5.817936870861991
KCNMA1_KCNMB1	NQO1	6	0	-3.9756299455507578	-0.4751437929646364	-6.063249804798675
KCNMA1_KCNMB1	CYP19A1	1	0	-3.981295133165871	-3.981295133165871	-3.981295133165871
KCNMA1_KCNMB1	MVD	1	0	-3.9814411431387637	-3.9814411431387637	-3.9814411431387637
KCNMA1_KCNMB1	EPS8L3	1	0	-3.9837862754298703	-3.9837862754298703	-3.9837862754298703
KCNMA1_KCNMB1	UGT2A3	1	0	-3.98412911167175	-3.98412911167175	-3.98412911167175
KCNMA1_KCNMB1	HNF4A	1	0	-4.0073369778770624	-4.0073369778770624	-4.0073369778770624
KCNMA1_KCNMB1	TPD52L1	1	0	-4.009194403241441	-4.009194403241441	-4.009194403241441
KCNMA1_KCNMB1	NEURL3	2	0	-4.015405873174845	-0.7341803062911522	-7.296631440058538
KCNMA1_KCNMB1	NR1I2	1	0	-4.021615021351832	-4.021615021351832	-4.021615021351832
KCNMA1_KCNMB1	FGF12	1	0	-4.056014869441373	-4.056014869441373	-4.056014869441373
KCNMA1_KCNMB1	SMIM24	2	0	-4.082532600312313	-2.783032287399417	-5.382032913225209
KCNMA1_KCNMB1	ADRA2A	1	0	-4.092300163068037	-4.092300163068037	-4.092300163068037
KCNMA1_KCNMB1	ONECUT2	3	0	-4.093743939582225	-3.9406499554065464	-9.789729374504999
KCNMA1_KCNMB1	NR5A1	1	0	-4.108555237992984	-4.108555237992984	-4.108555237992984
KCNMA1_KCNMB1	CA2	3	0	-4.133137055543981	-1.9564552971144848	-8.047992673926226
KCNMA1_KCNMB1	GALNT4	1	0	-4.139217720106287	-4.139217720106287	-4.139217720106287
KCNMA1_KCNMB1	MOGAT1	1	0	-4.143010420042602	-4.143010420042602	-4.143010420042602
KCNMA1_KCNMB1	AADAC	1	0	-4.145796556312021	-4.145796556312021	-4.145796556312021
KCNMA1_KCNMB1	ASB4	1	0	-4.162272896179058	-4.162272896179058	-4.162272896179058
KCNMA1_KCNMB1	TFF2	6	0	-4.1644504283585	-0.3714896164901452	-9.109181396575199
KCNMA1_KCNMB1	CYP51A1	1	0	-4.171267560334011	-4.171267560334011	-4.171267560334011
KCNMA1_KCNMB1	RAP1GAP	1	0	-4.202825508353397	-4.202825508353397	-4.202825508353397
KCNMA1_KCNMB1	ACTL8	1	0	-4.203893496966001	-4.203893496966001	-4.203893496966001
KCNMA1_KCNMB1	ONECUT1	2	0	-4.214777345833445	-1.019535183637846	-7.410019508029044
KCNMA1_KCNMB1	A4GNT	2	0	-4.2211436252318775	-3.793730647380315	-4.64855660308344
KCNMA1_KCNMB1	ENTPD2	1	0	-4.233155618504831	-4.233155618504831	-4.233155618504831
KCNMA1_KCNMB1	EBP	1	0	-4.240903055152121	-4.240903055152121	-4.240903055152121
KCNMA1_KCNMB1	FDXR	1	0	-4.245507216136057	-4.245507216136057	-4.245507216136057
KCNMA1_KCNMB1	IFI44L	3	0	-4.248833934000383	-2.9925704796879176	-5.323367212301371
KCNMA1_KCNMB1	MC2R	1	0	-4.254468660153954	-4.254468660153954	-4.254468660153954
KCNMA1_KCNMB1	HMGCR	1	0	-4.262163782583202	-4.262163782583202	-4.262163782583202
KCNMA1_KCNMB1	CXCL11	1	0	-4.26529159881173	-4.26529159881173	-4.26529159881173
KCNMA1_KCNMB1	EPHX1	1	0	-4.2744627683550895	-4.2744627683550895	-4.2744627683550895
KCNMA1_KCNMB1	KLF5	6	0	-4.274684386601541	-0.8844583640947902	-7.41973793957285
KCNMA1_KCNMB1	PPDPF	1	0	-4.280815619387001	-4.280815619387001	-4.280815619387001
KCNMA1_KCNMB1	RBPJL	1	0	-4.294103904121336	-4.294103904121336	-4.294103904121336
KCNMA1_KCNMB1	SLC1A2	1	0	-4.294934315053644	-4.294934315053644	-4.294934315053644
KCNMA1_KCNMB1	LSR	4	0	-4.299151979656505	-2.1298328950065164	-4.945247265508357
KCNMA1_KCNMB1	ACSS2	1	0	-4.315125076652352	-4.315125076652352	-4.315125076652352
KCNMA1_KCNMB1	KLK1	1	0	-4.324226655581619	-4.324226655581619	-4.324226655581619
KCNMA1_KCNMB1	ABLIM3	2	0	-4.331139959743521	-0.2018688817293321	-8.46041103775771
KCNMA1_KCNMB1	C2CD2	1	0	-4.343463328934675	-4.343463328934675	-4.343463328934675
KCNMA1_KCNMB1	PSMD8	1	0	-4.3477671694606705	-4.3477671694606705	-4.3477671694606705
KCNMA1_KCNMB1	MT1F	1	0	-4.375448159898762	-4.375448159898762	-4.375448159898762
KCNMA1_KCNMB1	PODXL	2	0	-4.380000194456568	-2.293264851429336	-6.4667355374838
KCNMA1_KCNMB1	IFITM10	2	0	-4.405539714462412	-3.946639916489484	-4.8644395124353395
KCNMA1_KCNMB1	MUC13	3	0	-4.40918704785744	-2.287401699718245	-6.750786276313257
KCNMA1_KCNMB1	MEGF6	2	0	-4.4120387351189745	-2.1474262785455274	-6.6766511916924225
KCNMA1_KCNMB1	PIK3C2G	2	0	-4.429023880530369	-4.003976546573416	-4.854071214487324
KCNMA1_KCNMB1	CLDN18	3	0	-4.430472041043994	-3.03817263826643	-7.4442022592087005
KCNMA1_KCNMB1	WHRN	1	0	-4.442936479635265	-4.442936479635265	-4.442936479635265
KCNMA1_KCNMB1	SPRY4	1	0	-4.458793571547657	-4.458793571547657	-4.458793571547657
KCNMA1_KCNMB1	CAPN12	1	0	-4.4684784487555484	-4.4684784487555484	-4.4684784487555484
KCNMA1_KCNMB1	UBE2C	1	0	-4.470070056263334	-4.470070056263334	-4.470070056263334
KCNMA1_KCNMB1	FAM222A	1	0	-4.471551743938594	-4.471551743938594	-4.471551743938594
KCNMA1_KCNMB1	CD24	2	0	-4.4737624215716725	-4.111871318755402	-4.835653524387943
KCNMA1_KCNMB1	EREG	2	0	-4.492925648620641	-1.3098566590634046	-7.675994638177877
KCNMA1_KCNMB1	TNNT1	1	0	-4.501914678800451	-4.501914678800451	-4.501914678800451
KCNMA1_KCNMB1	FMO3	1	0	-4.536335384760662	-4.536335384760662	-4.536335384760662
KCNMA1_KCNMB1	SLC4A4	2	0	-4.5715758148624035	-1.4612973235060576	-7.681854306218749
KCNMA1_KCNMB1	ALAS1	1	0	-4.578703428741299	-4.578703428741299	-4.578703428741299
KCNMA1_KCNMB1	NSDHL	1	0	-4.587518164909598	-4.587518164909598	-4.587518164909598
KCNMA1_KCNMB1	SCD	2	0	-4.59774168436434	-2.9209960481165753	-6.274487320612105
KCNMA1_KCNMB1	TRIM54	1	0	-4.606720044010386	-4.606720044010386	-4.606720044010386
KCNMA1_KCNMB1	MGST1	1	0	-4.609880378717761	-4.609880378717761	-4.609880378717761
KCNMA1_KCNMB1	TMEM63A	1	0	-4.621066957875368	-4.621066957875368	-4.621066957875368
KCNMA1_KCNMB1	F2R	2	0	-4.647096346660557	-1.9990965860844625	-7.295096107236651
KCNMA1_KCNMB1	CYGB	1	0	-4.647379351381445	-4.647379351381445	-4.647379351381445
KCNMA1_KCNMB1	BAIAP2L2	2	0	-4.663375046860269	-3.7215356895814917	-5.605214404139045
KCNMA1_KCNMB1	ALDH3A1	2	0	-4.663478930869326	-2.61965500936118	-6.707302852377471
KCNMA1_KCNMB1	LGALS3	2	0	-4.677614431984039	-2.8862631681373827	-6.468965695830695
KCNMA1_KCNMB1	DEFB1	2	0	-4.692383084201126	-2.6115787854463397	-6.773187382955912
KCNMA1_KCNMB1	FAM83H	1	0	-4.694300666325731	-4.694300666325731	-4.694300666325731
KCNMA1_KCNMB1	SERPINA5	2	0	-4.714115530186514	-2.719296539353139	-6.708934521019889
KCNMA1_KCNMB1	SULT1C2	5	0	-4.735985267651887	-2.5520359099773016	-8.13497827795465
KCNMA1_KCNMB1	NRXN2	2	0	-4.74973682804795	-3.8780170723412586	-5.62145658375464
KCNMA1_KCNMB1	SERPINB5	2	0	-4.761394623832968	-0.8633989786120532	-8.659390269053882
KCNMA1_KCNMB1	LTBP4	1	0	-4.766251871687451	-4.766251871687451	-4.766251871687451
KCNMA1_KCNMB1	SKIL	1	0	-4.771519761984334	-4.771519761984334	-4.771519761984334
KCNMA1_KCNMB1	FXYD5	2	0	-4.830397401284325	-2.21739668061465	-7.443398121954001
KCNMA1_KCNMB1	ERN2	2	0	-4.838671432900621	-4.596694952066044	-5.080647913735198
KCNMA1_KCNMB1	BHLHA15	1	0	-4.838768215836368	-4.838768215836368	-4.838768215836368
KCNMA1_KCNMB1	CUZD1	1	0	-4.849584492613111	-4.849584492613111	-4.849584492613111
KCNMA1_KCNMB1	AMDHD1	1	0	-4.868803497533755	-4.868803497533755	-4.868803497533755
KCNMA1_KCNMB1	CPED1	1	0	-4.9071372767125006	-4.9071372767125006	-4.9071372767125006
KCNMA1_KCNMB1	ZCCHC24	1	0	-4.907786941448004	-4.907786941448004	-4.907786941448004
KCNMA1_KCNMB1	ADH1C	1	0	-4.910116742775873	-4.910116742775873	-4.910116742775873
KCNMA1_KCNMB1	ANXA10	3	0	-4.910334338829492	-1.7018660986971652	-6.841424591157624
KCNMA1_KCNMB1	SERPINI2	1	0	-4.925025391918474	-4.925025391918474	-4.925025391918474
KCNMA1_KCNMB1	F5	2	0	-4.939877002357936	-3.6344223857902582	-6.245331618925614
KCNMA1_KCNMB1	FADS1	1	0	-4.949982091605995	-4.949982091605995	-4.949982091605995
KCNMA1_KCNMB1	NCOA7	1	0	-4.960295242416642	-4.960295242416642	-4.960295242416642
KCNMA1_KCNMB1	SNAI2	1	0	-4.962633581553059	-4.962633581553059	-4.962633581553059
KCNMA1_KCNMB1	TRPV6	1	0	-4.9638897219261855	-4.9638897219261855	-4.9638897219261855
KCNMA1_KCNMB1	PHLDA1	1	0	-4.991951542779499	-4.991951542779499	-4.991951542779499
KCNMA1_KCNMB1	CLSTN2	1	0	-4.998652933037484	-4.998652933037484	-4.998652933037484
KCNMA1_KCNMB1	MAN1C1	1	0	-5.024289819811277	-5.024289819811277	-5.024289819811277
KCNMA1_KCNMB1	GPNMB	1	0	-5.033141456613471	-5.033141456613471	-5.033141456613471
KCNMA1_KCNMB1	CDCA7	2	0	-5.047685305983757	-4.9918654414859835	-5.10350517048153
KCNMA1_KCNMB1	TMEM163	1	0	-5.104050795680073	-5.104050795680073	-5.104050795680073
KCNMA1_KCNMB1	TCEA3	1	0	-5.128635270537749	-5.128635270537749	-5.128635270537749
KCNMA1_KCNMB1	RUNX1	1	0	-5.157046156779035	-5.157046156779035	-5.157046156779035
KCNMA1_KCNMB1	ACSM3	1	0	-5.182783559582244	-5.182783559582244	-5.182783559582244
KCNMA1_KCNMB1	RNASEK	1	0	-5.34184848488663	-5.34184848488663	-5.34184848488663
KCNMA1_KCNMB1	SLC3A1	1	0	-5.365670127956287	-5.365670127956287	-5.365670127956287
KCNMA1_KCNMB1	NR2F2	1	0	-5.389445594656489	-5.389445594656489	-5.389445594656489
KCNMA1_KCNMB1	SYT13	1	0	-5.421235472106142	-5.421235472106142	-5.421235472106142
KCNMA1_KCNMB1	EMP3	1	0	-5.428865608308345	-5.428865608308345	-5.428865608308345
KCNMA1_KCNMB1	SLC38A5	1	0	-5.479024002225157	-5.479024002225157	-5.479024002225157
KCNMA1_KCNMB1	C1orf21	1	0	-5.488114699522446	-5.488114699522446	-5.488114699522446
KCNMA1_KCNMB1	CTRL	1	0	-5.514242738749319	-5.514242738749319	-5.514242738749319
KCNMA1_KCNMB1	MAPK10	1	0	-5.533025583624175	-5.533025583624175	-5.533025583624175
KCNMA1_KCNMB1	BACE2	1	0	-5.568746628170236	-5.568746628170236	-5.568746628170236
KCNMA1_KCNMB1	OAF	1	0	-5.572866322042247	-5.572866322042247	-5.572866322042247
KCNMA1_KCNMB1	SERPINB2	2	0	-5.629115180367344	-5.37277192912201	-5.885458431612678
KCNMA1_KCNMB1	FSTL3	1	0	-5.648160221478938	-5.648160221478938	-5.648160221478938
KCNMA1_KCNMB1	SMIM4	1	0	-5.655628658240829	-5.655628658240829	-5.655628658240829
KCNMA1_KCNMB1	RAB2A	1	0	-5.72947976682254	-5.72947976682254	-5.72947976682254
KCNMA1_KCNMB1	PCDH18	1	0	-5.743946774999604	-5.743946774999604	-5.743946774999604
KCNMA1_KCNMB1	ACHE	2	0	-5.768729315672893	-1.9544869344959752	-9.58297169684981
KCNMA1_KCNMB1	RHPN1	1	0	-5.798517315119165	-5.798517315119165	-5.798517315119165
KCNMA1_KCNMB1	ITGBL1	1	0	-5.823191291463374	-5.823191291463374	-5.823191291463374
KCNMA1_KCNMB1	MYH14	3	0	-5.906966167522099	-1.6170145457836862	-6.314358284058655
KCNMA1_KCNMB1	KIAA1755	1	0	-5.916541148604799	-5.916541148604799	-5.916541148604799
KCNMA1_KCNMB1	SEL1L3	1	0	-5.958450775564276	-5.958450775564276	-5.958450775564276
KCNMA1_KCNMB1	EIF4B	1	0	-5.958967911837599	-5.958967911837599	-5.958967911837599
KCNMA1_KCNMB1	PTCH1	1	0	-5.98326688847592	-5.98326688847592	-5.98326688847592
KCNMA1_KCNMB1	ARHGAP8	1	0	-6.004915359733425	-6.004915359733425	-6.004915359733425
KCNMA1_KCNMB1	PLA2G10	1	0	-6.0130296760672355	-6.0130296760672355	-6.0130296760672355
KCNMA1_KCNMB1	LAMA3	3	0	-6.017251992156617	-1.4747303644349892	-7.768154358800518
KCNMA1_KCNMB1	SCUBE2	1	0	-6.076945556639939	-6.076945556639939	-6.076945556639939
KCNMA1_KCNMB1	POLB	1	0	-6.083511953983595	-6.083511953983595	-6.083511953983595
KCNMA1_KCNMB1	CAV2	1	0	-6.094356450844893	-6.094356450844893	-6.094356450844893
KCNMA1_KCNMB1	CDHR2	1	0	-6.1108143569354745	-6.1108143569354745	-6.1108143569354745
KCNMA1_KCNMB1	JAG1	1	0	-6.125100876774341	-6.125100876774341	-6.125100876774341
KCNMA1_KCNMB1	PROS1	1	0	-6.134378606821724	-6.134378606821724	-6.134378606821724
KCNMA1_KCNMB1	SFRP5	1	0	-6.146342362754445	-6.146342362754445	-6.146342362754445
KCNMA1_KCNMB1	F2RL2	3	0	-6.238408835809644	-4.415398135980599	-6.714745661380512
KCNMA1_KCNMB1	TMEM184A	1	0	-6.243930106636774	-6.243930106636774	-6.243930106636774
KCNMA1_KCNMB1	CLDN2	2	0	-6.262274534661937	-4.691577520692366	-7.832971548631507
KCNMA1_KCNMB1	SPRY2	1	0	-6.279421122886469	-6.279421122886469	-6.279421122886469
KCNMA1_KCNMB1	TXNIP	1	0	-6.296138449889962	-6.296138449889962	-6.296138449889962
KCNMA1_KCNMB1	POLD4	1	0	-6.422959641615743	-6.422959641615743	-6.422959641615743
KCNMA1_KCNMB1	PLAAT3	1	0	-6.445479469448497	-6.445479469448497	-6.445479469448497
KCNMA1_KCNMB1	AREG	2	0	-6.460710141403167	-5.093032436395975	-7.828387846410359
KCNMA1_KCNMB1	PTEN	1	0	-6.462307548582108	-6.462307548582108	-6.462307548582108
KCNMA1_KCNMB1	ERICH5	2	0	-6.4764215701011	-3.0593847814637996	-9.8934583587384
KCNMA1_KCNMB1	TFPI2	1	0	-6.503763573941111	-6.503763573941111	-6.503763573941111
KCNMA1_KCNMB1	EPB41L4B	1	0	-6.5067190695176595	-6.5067190695176595	-6.5067190695176595
KCNMA1_KCNMB1	OAS1	1	0	-6.571657682025822	-6.571657682025822	-6.571657682025822
KCNMA1_KCNMB1	ANTXR2	1	0	-6.5977678437379295	-6.5977678437379295	-6.5977678437379295
KCNMA1_KCNMB1	IGFBP6	1	0	-6.6717649092755105	-6.6717649092755105	-6.6717649092755105
KCNMA1_KCNMB1	GALNT3	1	0	-6.6961444527050755	-6.6961444527050755	-6.6961444527050755
KCNMA1_KCNMB1	EZR	1	0	-6.723523563804909	-6.723523563804909	-6.723523563804909
KCNMA1_KCNMB1	F3	1	0	-6.77098431530599	-6.77098431530599	-6.77098431530599
KCNMA1_KCNMB1	ARL4D	1	0	-6.822024812876281	-6.822024812876281	-6.822024812876281
KCNMA1_KCNMB1	LLGL2	1	0	-6.823715291514392	-6.823715291514392	-6.823715291514392
KCNMA1_KCNMB1	RBP1	2	0	-6.880076725871437	-6.560724125616535	-7.199429326126338
KCNMA1_KCNMB1	DNPH1	1	0	-6.896519391596281	-6.896519391596281	-6.896519391596281
KCNMA1_KCNMB1	NT5E	1	0	-6.9010133984187405	-6.9010133984187405	-6.9010133984187405
KCNMA1_KCNMB1	ZNF552	1	0	-6.914927778245264	-6.914927778245264	-6.914927778245264
KCNMA1_KCNMB1	CLCF1	1	0	-6.919089144069333	-6.919089144069333	-6.919089144069333
KCNMA1_KCNMB1	L1CAM	1	0	-6.954595692619106	-6.954595692619106	-6.954595692619106
KCNMA1_KCNMB1	CRCT1	1	0	-6.957542877590248	-6.957542877590248	-6.957542877590248
KCNMA1_KCNMB1	PLCH2	1	0	-7.016856673177844	-7.016856673177844	-7.016856673177844
KCNMA1_KCNMB1	FAM3B	1	0	-7.0442178718906385	-7.0442178718906385	-7.0442178718906385
KCNMA1_KCNMB1	RAB27B	1	0	-7.105352977728436	-7.105352977728436	-7.105352977728436
KCNMA1_KCNMB1	TSPAN13	1	0	-7.132814727945492	-7.132814727945492	-7.132814727945492
KCNMA1_KCNMB1	MPZL2	1	0	-7.140568480640183	-7.140568480640183	-7.140568480640183
KCNMA1_KCNMB1	FLNB	1	0	-7.210805359490549	-7.210805359490549	-7.210805359490549
KCNMA1_KCNMB1	ICA1	1	0	-7.255948750713159	-7.255948750713159	-7.255948750713159
KCNMA1_KCNMB1	GPC3	1	0	-7.35061160576631	-7.35061160576631	-7.35061160576631
KCNMA1_KCNMB1	MORN1	1	0	-7.365274600425208	-7.365274600425208	-7.365274600425208
KCNMA1_KCNMB1	TMC4	1	0	-7.377643585188518	-7.377643585188518	-7.377643585188518
KCNMA1_KCNMB1	P2RY2	1	0	-7.421403168016555	-7.421403168016555	-7.421403168016555
KCNMA1_KCNMB1	PLCD3	1	0	-7.430216997536307	-7.430216997536307	-7.430216997536307
KCNMA1_KCNMB1	ALDH3B1	1	0	-7.507899315768047	-7.507899315768047	-7.507899315768047
KCNMA1_KCNMB1	B4GALNT3	1	0	-7.528903977052447	-7.528903977052447	-7.528903977052447
KCNMA1_KCNMB1	BMP4	1	0	-7.558028855900187	-7.558028855900187	-7.558028855900187
KCNMA1_KCNMB1	C1orf116	1	0	-7.558619895325306	-7.558619895325306	-7.558619895325306
KCNMA1_KCNMB1	MET	1	0	-7.637724009928358	-7.637724009928358	-7.637724009928358
KCNMA1_KCNMB1	TSHZ2	1	0	-7.682447939840977	-7.682447939840977	-7.682447939840977
KCNMA1_KCNMB1	CDA	1	0	-7.721451512703137	-7.721451512703137	-7.721451512703137
KCNMA1_KCNMB1	KIF12	1	0	-7.7503110303935	-7.7503110303935	-7.7503110303935
KCNMA1_KCNMB1	PDZK1	1	0	-7.785908567492697	-7.785908567492697	-7.785908567492697
KCNMA1_KCNMB1	ANXA9	1	0	-7.83782622943815	-7.83782622943815	-7.83782622943815
KCNMA1_KCNMB1	IL2RG	1	0	-7.851728744419669	-7.851728744419669	-7.851728744419669
KCNMA1_KCNMB1	CHKA	1	0	-7.931244190744781	-7.931244190744781	-7.931244190744781
KCNMA1_KCNMB1	TMEM238	1	0	-8.097177990552348	-8.097177990552348	-8.097177990552348
KCNMA1_KCNMB1	EPHB6	1	0	-8.102889716792248	-8.102889716792248	-8.102889716792248
KCNMA1_KCNMB1	RNF207	1	0	-8.117622148769298	-8.117622148769298	-8.117622148769298
KCNMA1_KCNMB1	FERMT1	1	0	-8.209985850442017	-8.209985850442017	-8.209985850442017
KCNMA1_KCNMB1	NAPRT	1	0	-8.224665472715378	-8.224665472715378	-8.224665472715378
KCNMA1_KCNMB1	MBOAT2	1	0	-8.281866223992552	-8.281866223992552	-8.281866223992552
KCNMA1_KCNMB1	BIRC3	1	0	-8.308028723155038	-8.308028723155038	-8.308028723155038
KCNMA1_KCNMB1	ESRP1	1	0	-8.32665490527905	-8.32665490527905	-8.32665490527905
KCNMA1_KCNMB1	C4BPB	1	0	-8.356562035680092	-8.356562035680092	-8.356562035680092
KCNMA1_KCNMB1	NMUR2	1	0	-8.469311453756994	-8.469311453756994	-8.469311453756994
KCNMA1_KCNMB1	SLC37A1	1	0	-8.493448370232745	-8.493448370232745	-8.493448370232745
KCNMA1_KCNMB1	DNTTIP1	1	0	-8.56901350133115	-8.56901350133115	-8.56901350133115
KCNMA1_KCNMB1	DKK1	2	0	-8.587473974680325	-8.081261619003273	-9.093686330357375
KCNMA1_KCNMB1	FOSL1	1	0	-8.744215426567234	-8.744215426567234	-8.744215426567234
KCNMA1_KCNMB1	AKAP7	1	0	-8.796611265573477	-8.796611265573477	-8.796611265573477
KCNMA1_KCNMB1	XKR9	1	0	-8.796879998753399	-8.796879998753399	-8.796879998753399
KCNMA1_KCNMB1	UNC93B1	1	0	-8.834686466009838	-8.834686466009838	-8.834686466009838
KCNMA1_KCNMB1	GPRC5B	1	0	-8.848905216096812	-8.848905216096812	-8.848905216096812
KCNMA1_KCNMB1	PKHD1	1	0	-9.069053443766114	-9.069053443766114	-9.069053443766114
KCNMA1_KCNMB1	ITGA6	1	0	-9.13091166966796	-9.13091166966796	-9.13091166966796
KCNMA1_KCNMB1	UNC5CL	1	0	-9.136348480540175	-9.136348480540175	-9.136348480540175
KCNMA1_KCNMB1	SLC37A4	1	0	-9.31295646601718	-9.31295646601718	-9.31295646601718
KCNMA1_KCNMB1	CITED4	1	0	-9.34645059479119	-9.34645059479119	-9.34645059479119
KCNMA1_KCNMB1	TC2N	1	0	-9.426527123546627	-9.426527123546627	-9.426527123546627
KCNMA1_KCNMB4	KCNMA1_KCNMB1	10	10	6.192226927728399	8.892908760107005	1.3235239439905626
KCNMA1_KCNMB4	KCNMA1	10	10	5.915031317590827	9.842580392101967	1.2641106884084423
KCNMA1_KCNMB4	KCNMB1	10	9	3.091073219689675	7.976049009677171	-1.100981863455421
KCNMA1_KCNMB4	KCNJ8	10	9	1.9126563922335724	5.379387686028075	-1.019027941209906
KCNMA1_KCNMB4	GREM1	8	8	2.7739205094512913	7.732717696318355	1.0519430331376411
KCNMA1_KCNMB4	KCNK3	9	8	1.8899573747491074	4.859281049294789	-2.7568364219984307
KCNMA1_KCNMB4	CCL21	8	8	1.022768360118653	4.019440684000948	0.31089393314794717
KCNMA1_KCNMB4	KCNMB4	10	8	0.9599855644251825	2.9364091122624427	-0.9440395123249123
KCNMA1_KCNMB4	KCNN3	10	8	0.9046477423898631	5.567074066613312	-0.1591223187177312
KCNMA1_KCNMB4	KCNAB1	8	8	0.7868326697512464	2.5289817600468885	0.2979355479988587
KCNMA1_KCNMB4	KCNAB2	10	8	0.7785280828079915	5.5613982052366255	-0.8052486524234589
KCNMA1_KCNMB4	ACTG2	7	7	4.611863210052802	10.835511554661135	0.38037036160718685
KCNMA1_KCNMB4	PDLIM3	7	7	3.711871847357753	8.427188926960007	0.874319332773947
KCNMA1_KCNMB4	ADAMTS1	7	7	3.205022137169074	4.193777020631104	0.02059953773429552
KCNMA1_KCNMB4	CTHRC1	9	7	3.2019785524210285	6.943322550352405	-4.638014220323175
KCNMA1_KCNMB4	COL11A1	10	7	2.6220233885181043	8.08120610024905	-5.024287345073069
KCNMA1_KCNMB4	MFAP4	8	7	2.4287518082244777	8.12009148215028	-3.824690989435436
KCNMA1_KCNMB4	FOSB	8	7	1.6820365349823865	9.885914185691309	-3.655170744981903
KCNMA1_KCNMB4	SFRP4	9	7	1.6804039860474065	10.987735460652367	-5.4352978038294255
KCNMA1_KCNMB4	CLU	9	7	1.4755914723137964	10.111708236585343	-6.627561442650179
KCNMA1_KCNMB4	C7	10	7	1.0705874585183266	5.980773815958963	-6.891028794845633
KCNMA1_KCNMB4	KCNT2	9	7	0.591699291043596	2.9054262865920673	-0.5362216592116038
KCNMA1_KCNMB4	CNN1	6	6	6.7344012396592285	9.487730539353642	2.5901902171599445
KCNMA1_KCNMB4	C11orf96	6	6	4.015006567378787	7.299581227607863	2.957354536285258
KCNMA1_KCNMB4	COL5A2	7	6	3.3681208023690594	6.934204137931996	-3.04423261484428
KCNMA1_KCNMB4	FBLN1	7	6	3.3137516013773545	8.193735952890979	-1.9417862503158858
KCNMA1_KCNMB4	THBS1	7	6	2.922250077934444	6.536196634127098	-0.7298732491250712
KCNMA1_KCNMB4	CDH11	7	6	2.8355426200095177	7.090211655852013	-3.6359777417981918
KCNMA1_KCNMB4	ACTA2	7	6	2.7659458257088763	3.3671213885894336	-0.49160359824397865
KCNMA1_KCNMB4	NR4A1	8	6	2.614816568640918	8.153239435301154	-4.445093261081626
KCNMA1_KCNMB4	MMP2	8	6	2.5439608555889826	6.590124092994042	-4.680378928645499
KCNMA1_KCNMB4	COL10A1	9	6	2.4810511798241692	6.889019469862291	-3.977743192838015
KCNMA1_KCNMB4	SLC11A1	7	6	2.4496944812685992	5.45386797616772	-4.476040384735667
KCNMA1_KCNMB4	CCL19	8	6	2.362644157524441	4.484598877588201	-2.2965117684261345
KCNMA1_KCNMB4	LRRC15	7	6	1.8935928691785586	8.97329481931692	-4.864559919865526
KCNMA1_KCNMB4	IGFBP5	8	6	1.8466603530962131	4.311562473247414	-4.435312451100733
KCNMA1_KCNMB4	COL12A1	8	6	1.6712995338566117	7.211542416831952	-3.221539358355882
KCNMA1_KCNMB4	SFRP2	8	6	1.5424076684864512	4.83938702907749	-4.194706826315501
KCNMA1_KCNMB4	IGHG1	9	6	1.2075684451870343	2.2113536400887344	-2.472349964312278
KCNMA1_KCNMB4	MMP11	10	6	1.1442074357364538	5.164932242205713	-4.114485929857952
KCNMA1_KCNMB4	CCN1	8	6	1.0186729260484584	5.4678833929725785	-5.367376280807128
KCNMA1_KCNMB4	CXCL14	9	6	0.9054989254329583	7.759083399674819	-5.5567188546900335
KCNMA1_KCNMB4	KCNE4	10	6	0.7459848318893707	4.788391864984028	-1.5344040631707216
KCNMA1_KCNMB4	KCND3	10	6	0.6315086979468535	1.7859126129121445	-1.7749146522608215
KCNMA1_KCNMB4	IGHG4	7	6	0.20360991646745286	3.532840905460981	-0.3332096094590667
KCNMA1_KCNMB4	KCNS3	10	6	0.13952935597574231	2.4781269173370695	-2.10632325750494
KCNMA1_KCNMB4	KCNK15	8	6	0.12448265141505256	2.01664498093748	-1.6576623566066566
KCNMA1_KCNMB4	COLEC12	5	5	6.266730117631882	9.960119764347596	1.0902843611567838
KCNMA1_KCNMB4	DES	5	5	6.234580927826706	8.33692641378262	4.180212723025513
KCNMA1_KCNMB4	CXCL12	6	5	3.722281323754302	8.08703986346904	-1.3090220072309362
KCNMA1_KCNMB4	TAGLN	6	5	3.7077332013702087	6.301968975020612	-1.0588479401472057
KCNMA1_KCNMB4	NR4A2	5	5	3.484639100429562	7.079513464284415	1.0936988549580562
KCNMA1_KCNMB4	HSPB6	7	5	3.106379735751594	8.369849894569654	-2.9515341911864255
KCNMA1_KCNMB4	MFAP5	6	5	3.022377825242721	9.519667676338175	-2.7202034400208137
KCNMA1_KCNMB4	TNC	5	5	2.9401903240184	8.15284621603223	2.402867521238887
KCNMA1_KCNMB4	ANTXR1	6	5	2.8935115674682033	6.973888694445758	-2.327438433259052
KCNMA1_KCNMB4	FBLN2	6	5	2.789120443896172	6.080465800458176	-5.908070734301037
KCNMA1_KCNMB4	TNXB	6	5	2.645612326814246	6.983596477658548	-3.709954201935574
KCNMA1_KCNMB4	SERPINF1	7	5	2.580609753043258	8.144823428499402	-2.812607254743207
KCNMA1_KCNMB4	COL4A1	5	5	2.548428783334615	4.177625614466559	1.4432422096485769
KCNMA1_KCNMB4	C1QB	6	5	2.5421892393549568	8.946023886425417	-3.048535166742225
KCNMA1_KCNMB4	POSTN	8	5	2.507847432340241	4.64164847711312	-1.980033825568909
KCNMA1_KCNMB4	FBN1	5	5	2.4482045179780796	5.657853087212014	1.8000429182924234
KCNMA1_KCNMB4	CCN2	8	5	2.189720188394224	5.936502112714497	-5.974519652542202
KCNMA1_KCNMB4	MGP	7	5	2.120075499204763	3.0071741576380164	-2.559497900409851
KCNMA1_KCNMB4	C1R	6	5	2.0798685551678107	2.9643689540899523	-2.4104705781462155
KCNMA1_KCNMB4	LAPTM5	6	5	1.9929205191651063	4.22265936142239	-4.052140900833956
KCNMA1_KCNMB4	CCDC80	7	5	1.982545464204775	9.630602414205306	-3.360362349035605
KCNMA1_KCNMB4	DUSP1	6	5	1.8794775106338586	8.634543410885197	-2.7106717230610875
KCNMA1_KCNMB4	KCNA5	5	5	1.860768925083209	4.151903630766898	0.2973620550760795
KCNMA1_KCNMB4	ITGA11	8	5	1.7969628830686954	8.886983083122837	-4.1848564336073535
KCNMA1_KCNMB4	SERPING1	5	5	1.718551964086027	2.6899808719839142	0.2011264511230841
KCNMA1_KCNMB4	COL5A1	7	5	1.6718300779359807	4.947395977829646	-3.2300323921642757
KCNMA1_KCNMB4	THBS4	6	5	1.640891538707343	3.3864623485001606	-0.30884804972137864
KCNMA1_KCNMB4	HLA-DRA	7	5	1.6124375294145106	6.791195987822605	-3.9755868623203714
KCNMA1_KCNMB4	LUM	6	5	1.6122296167580639	3.5030909013503444	-3.1275122724273596
KCNMA1_KCNMB4	DPT	6	5	1.573200101647739	9.365557661896373	-2.832637600630508
KCNMA1_KCNMB4	RASD1	5	5	1.5418814922491517	3.7265797766791664	0.3328410124843229
KCNMA1_KCNMB4	THBS2	8	5	1.3942159142889383	4.969097527118084	-6.125861694130782
KCNMA1_KCNMB4	LOXL2	7	5	1.163481614669146	5.787431603864452	-3.4714348149285055
KCNMA1_KCNMB4	SOD3	6	5	1.0833527989248468	7.929311840773516	-5.324169120319381
KCNMA1_KCNMB4	PTGDS	8	5	0.6016996744583494	2.3009762730670995	-5.432961486010279
KCNMA1_KCNMB4	KCNK17	9	5	0.5277157253939065	2.4340564969030734	-1.4397424001773131
KCNMA1_KCNMB4	APOD	7	5	0.2888422494227429	3.62962676057683	-6.367958139507565
KCNMA1_KCNMB4	IGHG2	8	5	0.27728102963539225	2.932797382614459	-3.138718230618041
KCNMA1_KCNMB4	IGHA1	9	5	0.16609400079350717	2.885628182427125	-7.62054798632197
KCNMA1_KCNMB4	IGHM	10	5	0.050427068043860115	3.265387922227491	-7.1547037675050955
KCNMA1_KCNMB4	KCNJ15	10	5	-0.09555079702081704	2.348916134134194	-5.427548010248012
KCNMA1_KCNMB4	IGLC1	10	5	-0.17797003334942318	2.4416228452797757	-3.9523726502544636
KCNMA1_KCNMB4	KCND2	10	5	-0.26825930799691194	2.769556203970803	-1.2867515507344418
KCNMA1_KCNMB4	MYLK	4	4	6.78644963480073	9.285538030007022	3.1043173252627536
KCNMA1_KCNMB4	ITGA5	4	4	6.194803229279291	7.40363506132482	0.3960111304943092
KCNMA1_KCNMB4	TNS1	4	4	5.204114347071529	8.983378298937645	3.673646883035107
KCNMA1_KCNMB4	TMOD1	4	4	5.11827870048303	9.15665071440056	1.1343945294512632
KCNMA1_KCNMB4	SPARCL1	4	4	4.796113009532991	8.58331003154716	2.582665022607962
KCNMA1_KCNMB4	LMCD1	4	4	4.669207802937159	7.962931383043578	0.57096636236251
KCNMA1_KCNMB4	MCAM	4	4	4.289744255491346	6.601675774976406	0.9154332768903043
KCNMA1_KCNMB4	HLA-DPA1	4	4	4.2081196499263225	7.427239485470688	1.7553248561550132
KCNMA1_KCNMB4	DPYSL3	4	4	4.1249297725578815	8.23874427141656	1.3523111692768615
KCNMA1_KCNMB4	SLIT3	4	4	4.082640501205995	6.058193205510628	2.751052116532893
KCNMA1_KCNMB4	CALD1	4	4	3.722629668327052	7.856663249478853	2.1756719786823653
KCNMA1_KCNMB4	FNDC1	5	4	3.6932094142463856	9.754654747133875	-4.1509303856066255
KCNMA1_KCNMB4	NKD2	4	4	3.6702091547133566	8.289676729696305	2.516932633830129
KCNMA1_KCNMB4	GAS1	6	4	3.6359947381390527	7.605399981116951	-1.844290198647962
KCNMA1_KCNMB4	COL6A2	4	4	3.613850858990892	6.039626907143692	1.3948402518326013
KCNMA1_KCNMB4	S1PR3	4	4	3.5680626232742494	6.207170592999499	0.13315859519698292
KCNMA1_KCNMB4	ADIRF	5	4	3.52056359514529	5.23431701945567	-2.7593021144214602
KCNMA1_KCNMB4	HLA-DPB1	4	4	3.4498837656924097	6.526693758835383	1.1862219345671148
KCNMA1_KCNMB4	FSTL1	4	4	3.310649831890989	5.780528324250484	2.0373919756916203
KCNMA1_KCNMB4	COL6A3	4	4	3.284710349247007	4.040560844492635	1.926543792888284
KCNMA1_KCNMB4	GPX3	4	4	3.201560337380319	4.132844295558034	2.6773867024750007
KCNMA1_KCNMB4	CPE	5	4	3.170421868143028	4.123296376024834	-4.9012167149952
KCNMA1_KCNMB4	COL8A1	5	4	3.161013281177552	8.302373040833473	-2.391580799324479
KCNMA1_KCNMB4	A2M	5	4	3.048222582614395	6.637840464285778	-5.580294950840153
KCNMA1_KCNMB4	CRISPLD2	4	4	3.0478673934520617	3.6245361680180666	2.4090144018772004
KCNMA1_KCNMB4	IFI30	4	4	3.033093412990888	4.181678764299845	0.24311076835481113
KCNMA1_KCNMB4	OGN	5	4	3.029257773615664	5.68739871608362	-1.9966752687382812
KCNMA1_KCNMB4	IGFBP4	4	4	2.9570203132865505	4.188617198730133	1.3443088417913873
KCNMA1_KCNMB4	TYROBP	5	4	2.7503390603001585	4.255003285365697	-3.9627134924980707
KCNMA1_KCNMB4	TPM2	5	4	2.731382756449617	3.144939272099833	-2.7292641974864917
KCNMA1_KCNMB4	C1S	4	4	2.7306909931635976	3.7996409509604905	1.4693475891383454
KCNMA1_KCNMB4	PRSS23	5	4	2.699344006714417	8.413412768374604	-2.245998362373608
KCNMA1_KCNMB4	NR4A3	5	4	2.617921315431869	8.457132301734651	-1.9362627630010327
KCNMA1_KCNMB4	AEBP1	6	4	2.6142332605283625	3.529822077398346	-3.5110640102946387
KCNMA1_KCNMB4	MT2A	5	4	2.5612890094291276	4.091613477860119	-2.995417803546718
KCNMA1_KCNMB4	SULF1	6	4	2.4294002707862212	4.383808464046546	-5.074233501058657
KCNMA1_KCNMB4	SPARC	4	4	2.384665589680241	3.501060626814085	0.06950749571526933
KCNMA1_KCNMB4	ZNF331	4	4	2.329512912439021	4.166693319668277	0.922922830766547
KCNMA1_KCNMB4	PDLIM7	4	4	2.2915524120848776	3.6667455038259584	0.5072690501333784
KCNMA1_KCNMB4	NCCRP1	4	4	2.2820236892592405	4.401536373737972	1.204057051291861
KCNMA1_KCNMB4	VCAN	7	4	2.2157352538476394	7.925437682505838	-3.7939946942732306
KCNMA1_KCNMB4	FBXO32	5	4	2.1648068949038786	7.1797401740059925	-0.118089790499566
KCNMA1_KCNMB4	RARRES2	6	4	2.1267664109628384	7.440794371332023	-4.831064021936077
KCNMA1_KCNMB4	CEBPD	5	4	2.10649344622974	2.883121971106734	-2.378022779815913
KCNMA1_KCNMB4	KLK6	7	4	2.0675581115536814	7.411998553973314	-1.473057774676587
KCNMA1_KCNMB4	PTGIS	4	4	2.0074972556608035	9.886268957073051	1.165002393474452
KCNMA1_KCNMB4	PLAU	6	4	1.8508204286507874	7.983900032805499	-4.7514608647347165
KCNMA1_KCNMB4	AQP1	5	4	1.841620489787638	6.706920740824001	-2.830910200594648
KCNMA1_KCNMB4	DCN	4	4	1.7837527906211275	3.81989721604468	1.0891217173346253
KCNMA1_KCNMB4	S100A9	7	4	1.7519405211773953	2.7976533922289177	-2.0982327997696038
KCNMA1_KCNMB4	FN1	5	4	1.7503540113410407	3.2692561166101894	-1.3583905006853358
KCNMA1_KCNMB4	SELENOP	5	4	1.69111473863271	2.814883174826682	-2.785904619691943
KCNMA1_KCNMB4	FOS	5	4	1.6543703535572598	4.6653866580980115	-0.028095232692702775
KCNMA1_KCNMB4	TREM1	4	4	1.5848146114668138	2.9932897633369318	0.4645063819640699
KCNMA1_KCNMB4	RGS16	7	4	1.5712619549128366	9.3400230167051	-4.460638700399754
KCNMA1_KCNMB4	INHBA	7	4	1.5615117843706947	5.537094450610894	-6.029810220232461
KCNMA1_KCNMB4	MMP14	5	4	1.530134228925163	4.278943587148394	-3.836419033218897
KCNMA1_KCNMB4	TTR	6	4	1.3286131640190628	2.7819137156884453	-4.409523523640048
KCNMA1_KCNMB4	APOE	6	4	1.1850165070459941	4.528589716903197	-3.4368935373082596
KCNMA1_KCNMB4	MYC	4	4	1.1614732196198259	2.3533466565835854	0.4084283555445274
KCNMA1_KCNMB4	KCNB1	4	4	0.9461029786025881	3.3655626022000993	0.189300056834719
KCNMA1_KCNMB4	CRABP2	6	4	0.8358153078339328	4.389547624206201	-2.367546300326198
KCNMA1_KCNMB4	AGT	6	4	0.7951804818785476	5.430219805731454	-6.752152885368483
KCNMA1_KCNMB4	MT1X	6	4	0.7713119504395871	2.9082978634517245	-1.550121568895543
KCNMA1_KCNMB4	MARCO	5	4	0.7130559792836714	2.5107426666294295	-4.92732260912896
KCNMA1_KCNMB4	GJB2	7	4	0.5937841463356065	8.107467040094608	-4.421706013214336
KCNMA1_KCNMB4	ABCC8	6	4	0.5415501956820019	4.261634603669086	-3.0218442460670554
KCNMA1_KCNMB4	ADM	7	4	0.46252157904696917	1.8396457513313098	-5.0791323659218985
KCNMA1_KCNMB4	CST1	7	4	0.15877422037656413	2.0000410538376934	-7.534976082152947
KCNMA1_KCNMB4	SERPINE1	8	4	0.0966408233585522	6.802749231105936	-6.637178324003295
KCNMA1_KCNMB4	IGKC	7	4	0.06548863285598375	2.111214150605172	-4.222139248261351
KCNMA1_KCNMB4	IGHG3	9	4	-0.11917074845945816	3.584004022056827	-1.8442395223030892
KCNMA1_KCNMB4	KCNQ4	10	4	-0.2396942061024872	3.758059860245652	-1.3486633816087092
KCNMA1_KCNMB4	IGKV4-1	9	4	-0.6098610288060249	2.652112850785366	-2.924505763413233
KCNMA1_KCNMB4	KCNC4	10	4	-0.7308791134568983	3.6750433803538853	-2.8747923619240843
KCNMA1_KCNMB4	MMP7	10	4	-1.9098624681774266	2.264581392050827	-4.343561321580579
KCNMA1_KCNMB4	SORBS1	3	3	7.713826211334064	8.967939368106578	2.570515463532835
KCNMA1_KCNMB4	CHRDL2	3	3	7.358935416604401	7.786039610296936	2.8611655260052102
KCNMA1_KCNMB4	SLC2A3	3	3	7.059560290389477	8.244039208507678	4.513592494616755
KCNMA1_KCNMB4	LMOD1	3	3	6.899968081951353	9.039559339412403	3.282607782062043
KCNMA1_KCNMB4	PLN	3	3	6.733419966186272	7.376648384939391	3.7147191397392425
KCNMA1_KCNMB4	GFRA1	3	3	6.728057861770013	6.75913021871511	2.667522141934452
KCNMA1_KCNMB4	RASGRF2	3	3	6.60044569960831	8.27075909751831	4.839445702045676
KCNMA1_KCNMB4	MYH10	3	3	5.805943504551844	8.972819456895332	1.5296444161629557
KCNMA1_KCNMB4	ITGA7	3	3	5.78321333817817	6.6080993875182745	3.4609698807234324
KCNMA1_KCNMB4	ADAM12	3	3	5.50292894215896	9.295284767169091	3.0408733488029513
KCNMA1_KCNMB4	LIMS2	4	3	5.375561926294854	9.052273621868498	-0.2719137605177262
KCNMA1_KCNMB4	FIBIN	4	3	5.345781077261796	9.387468436685259	-2.585423866199178
KCNMA1_KCNMB4	AKAP6	3	3	5.254948429637275	7.847432501519572	1.912514283508427
KCNMA1_KCNMB4	PPP1R14A	3	3	4.803528150078833	7.639894183776142	1.388784076436855
KCNMA1_KCNMB4	ID4	3	3	4.6181043167691165	8.174453350442972	0.009493050769551196
KCNMA1_KCNMB4	BCAT1	5	3	4.230175289972214	8.181547389528765	-0.8748528422356187
KCNMA1_KCNMB4	MRC2	3	3	4.1863340943506655	6.403705418476644	4.011749028882843
KCNMA1_KCNMB4	C1QTNF3	4	3	4.175270772002316	9.591154485592293	-2.51337573399714
KCNMA1_KCNMB4	ISM1	3	3	4.170842943933663	8.180988740632573	0.24325313353343805
KCNMA1_KCNMB4	EGR1	4	3	4.062834216359399	9.387371213482794	-4.318578102559652
KCNMA1_KCNMB4	EMILIN1	3	3	3.963795747426587	7.425934750683724	2.7240966415900614
KCNMA1_KCNMB4	LGALS1	3	3	3.9293398580454295	5.05205175382111	2.3983067059531633
KCNMA1_KCNMB4	ISLR	3	3	3.8850303449358607	7.519923169538006	1.163381463731742
KCNMA1_KCNMB4	FGF7	3	3	3.831021719450828	9.793756763699244	0.2228446929192311
KCNMA1_KCNMB4	TMEM158	3	3	3.823937473448105	6.99521320900187	2.9418300618530258
KCNMA1_KCNMB4	TIMP3	4	3	3.6275523403160537	5.553666088547173	-2.9092388098498487
KCNMA1_KCNMB4	CMTM3	3	3	3.611980555440847	5.046144267814493	2.399667420674182
KCNMA1_KCNMB4	THY1	3	3	3.6036795493483704	5.829695346080329	2.894412661445872
KCNMA1_KCNMB4	C5orf46	3	3	3.5902338853968363	7.660352558278477	3.3619648884046
KCNMA1_KCNMB4	PTP4A3	3	3	3.382096538568788	4.185393969515252	2.2020623012166856
KCNMA1_KCNMB4	PI16	3	3	3.3163921119728212	5.772604332065822	3.1965529603624416
KCNMA1_KCNMB4	F13A1	3	3	3.283149916822342	4.0370186299872355	3.128064142247895
KCNMA1_KCNMB4	MUSTN1	3	3	3.280598451786188	4.217596949666314	0.8175230354854983
KCNMA1_KCNMB4	CTSK	5	3	3.2136243412175736	8.717294590797868	-5.412362634993066
KCNMA1_KCNMB4	COL15A1	3	3	3.1981315964532495	3.330611130552213	2.604257603086543
KCNMA1_KCNMB4	SMOC2	3	3	3.1976947603929062	8.756812236352316	2.9442928132671935
KCNMA1_KCNMB4	CD81	3	3	3.182501311257257	4.426314726600778	2.958785620688797
KCNMA1_KCNMB4	SYNPO2	5	3	3.143071739633933	9.785807982313399	-3.2867690011299695
KCNMA1_KCNMB4	SCG3	3	3	3.1175801717837754	4.3181378164240245	2.700527156965873
KCNMA1_KCNMB4	GJA1	3	3	3.0828781979855453	5.359934509770521	0.7811454802043294
KCNMA1_KCNMB4	S100G	3	3	3.0828124279695173	5.57270427705202	0.07641437832236836
KCNMA1_KCNMB4	ADAMTS4	3	3	3.075143985119337	6.195725460336463	2.657048879512121
KCNMA1_KCNMB4	SRGN	3	3	3.0335936315505956	4.383977559090262	2.999213533264344
KCNMA1_KCNMB4	CERCAM	3	3	2.973621632957615	4.706234184283353	2.709863792937892
KCNMA1_KCNMB4	MYL9	3	3	2.9514507290876875	3.1327206430501744	2.224674718909422
KCNMA1_KCNMB4	VWF	3	3	2.946114793696527	6.099081170967003	1.579819760885482
KCNMA1_KCNMB4	OLR1	3	3	2.941245831471735	4.1970317669155195	2.3982184594738176
KCNMA1_KCNMB4	PLA2G2A	4	3	2.8678067042684177	5.887211130182947	-1.4961273468012697
KCNMA1_KCNMB4	SH3BP5	3	3	2.8532868656113712	7.07291548960991	1.0985468975959394
KCNMA1_KCNMB4	BOC	4	3	2.8377393055118256	7.176704583862973	-5.551130875503519
KCNMA1_KCNMB4	ID3	3	3	2.714982020631497	3.7091528553036075	2.327085513464431
KCNMA1_KCNMB4	SOCS3	3	3	2.5871838269926015	3.6546189007333822	2.310164126333622
KCNMA1_KCNMB4	MUC16	4	3	2.550037149352046	5.216696912453203	-1.8151710244499748
KCNMA1_KCNMB4	ERO1B	3	3	2.413359195638251	3.089421709949379	1.3208423724391658
KCNMA1_KCNMB4	PDK4	3	3	2.3593820275119723	6.458061641164383	1.191632491180441
KCNMA1_KCNMB4	COL1A2	3	3	2.195548750011561	3.097054423414774	1.0926006986932821
KCNMA1_KCNMB4	RNASE1	5	3	2.191236330451021	3.988131591391203	-0.34611962412221886
KCNMA1_KCNMB4	BGN	3	3	2.190401195760694	2.7664723918491316	0.8532507750423237
KCNMA1_KCNMB4	MXRA8	4	3	2.154741178638438	3.142203998822092	-2.0893914331916545
KCNMA1_KCNMB4	COL1A1	3	3	2.1505736438319425	4.0014571668496925	0.11054364637567848
KCNMA1_KCNMB4	RHOB	4	3	2.124227066798145	4.676828748798427	-1.3992917404372913
KCNMA1_KCNMB4	FLNA	3	3	2.0841688466912367	3.617707314116309	1.5013594180584955
KCNMA1_KCNMB4	OLFML2B	3	3	2.078656928194225	6.989180123933642	1.8456572272753657
KCNMA1_KCNMB4	COL16A1	4	3	2.059917786009681	3.1932438389316373	-3.48845452593436
KCNMA1_KCNMB4	NBL1	4	3	2.0441840140360026	3.563745367513938	-3.527607955832095
KCNMA1_KCNMB4	NEURL1	3	3	1.994518996907906	2.798330441576989	1.6549150394852976
KCNMA1_KCNMB4	CD74	4	3	1.9736978540797367	4.028515916714292	-1.8198865396300752
KCNMA1_KCNMB4	EPYC	5	3	1.9636512711903242	5.113890020287679	-4.390297117722266
KCNMA1_KCNMB4	NKX2-2	3	3	1.9393565071748433	5.243389542037461	1.86220503843398
KCNMA1_KCNMB4	IGF1	4	3	1.935436977914212	3.35691193300456	-1.1831019396055242
KCNMA1_KCNMB4	CCL2	3	3	1.9232110560918987	2.244631954394298	1.7351253613595594
KCNMA1_KCNMB4	SCG2	4	3	1.921121032468562	2.8671317059579766	-0.2229929053806516
KCNMA1_KCNMB4	TIMP1	4	3	1.8964194474534457	4.001081089885896	-4.875208988379912
KCNMA1_KCNMB4	SCGN	3	3	1.8397592629146182	2.4101228965437533	1.0579145731502944
KCNMA1_KCNMB4	HTRA1	5	3	1.793733709490095	8.819363583072079	-5.291576024741634
KCNMA1_KCNMB4	COL3A1	3	3	1.6757484590452367	3.514992642038289	1.2966569201983156
KCNMA1_KCNMB4	TPM1	3	3	1.6665891630265073	3.561357752342232	1.0142126282306134
KCNMA1_KCNMB4	GADD45B	5	3	1.6371069852661573	7.009605689574102	-5.243490543522267
KCNMA1_KCNMB4	COL14A1	4	3	1.6278529057498858	3.1880908211017953	-3.245292055677474
KCNMA1_KCNMB4	PDGFRB	3	3	1.6211529612480502	3.8434041083871713	0.8979519606236547
KCNMA1_KCNMB4	SCG5	3	3	1.5217480180269238	2.719255592602586	1.505352162103339
KCNMA1_KCNMB4	FCGBP	4	3	1.3400749707373159	1.9653939567544625	-1.4999705484285848
KCNMA1_KCNMB4	LOX	4	3	1.2703126803025515	6.824568707650998	-3.979866342040266
KCNMA1_KCNMB4	CCL18	6	3	1.2542171649631748	4.105000703991221	-2.6549444273430933
KCNMA1_KCNMB4	LYVE1	3	3	1.2298267358927533	1.4007874531370235	1.0797936825946108
KCNMA1_KCNMB4	SRPX	4	3	1.2285932834848308	4.395494834037094	-2.6630959726042924
KCNMA1_KCNMB4	MS4A7	4	3	1.1898321807676622	3.8870743758598683	-4.438178409891312
KCNMA1_KCNMB4	JUN	4	3	1.1850009446025787	4.541391181687276	-1.2242604964420916
KCNMA1_KCNMB4	SPRR3	3	3	1.1390577217229896	3.244093222443	0.3748411221592255
KCNMA1_KCNMB4	SLC30A8	4	3	1.0933475485157214	4.771734658003938	-1.825824662202842
KCNMA1_KCNMB4	NUPR1	5	3	1.0376940924495595	7.1260643004664574	-1.7326314407890215
KCNMA1_KCNMB4	IGHV1-46	4	3	0.9984450948129899	1.465664882854939	-0.8571591684558839
KCNMA1_KCNMB4	S100A8	3	3	0.9068035474969914	3.6626798507267084	0.49083835362100575
KCNMA1_KCNMB4	PRELP	5	3	0.8084949271473548	6.159437866797698	-4.045782451819865
KCNMA1_KCNMB4	LTB	4	3	0.7497590076085294	1.1598734692742882	-0.3614596686852601
KCNMA1_KCNMB4	KRT16	4	3	0.712296140833843	3.2067287960424906	-2.0087166543497466
KCNMA1_KCNMB4	APOC1	6	3	0.6434355312242218	3.9529387410239165	-2.7518712850575224
KCNMA1_KCNMB4	IGLC7	4	3	0.6131866573761908	2.3303866980503383	-1.3663407993434862
KCNMA1_KCNMB4	IL7R	5	3	0.5940756508323725	3.3845190434262133	-1.0995061494635752
KCNMA1_KCNMB4	TGFBI	5	3	0.5126621217938939	4.683471215767321	-2.112253841583691
KCNMA1_KCNMB4	ATF3	4	3	0.4558199959768812	2.7622775310025576	-2.336932065538827
KCNMA1_KCNMB4	CHGB	5	3	0.4429103381253614	2.6401573280335655	-4.1653033578883205
KCNMA1_KCNMB4	MMP9	6	3	0.35088323996083715	8.555654467501306	-4.290945894704752
KCNMA1_KCNMB4	HEYL	5	3	0.33114712361483745	4.200365355992955	-6.3872576702282835
KCNMA1_KCNMB4	CCL17	3	3	0.3058415361637292	2.449359387849671	0.1331895193031867
KCNMA1_KCNMB4	IGHJ2	3	3	0.27879809783057263	3.5670706546053053	0.13291271903366897
KCNMA1_KCNMB4	LYZ	5	3	0.24643821719850928	3.559581658604947	-3.820650434062837
KCNMA1_KCNMB4	HSPA1A	5	3	0.18646296403607104	4.141713791950392	-3.7266782977535913
KCNMA1_KCNMB4	ENG	5	3	0.14877165116772229	3.35518904184418	-6.073954473839898
KCNMA1_KCNMB4	BTG2	5	3	0.07883895472886636	2.2245654562776926	-2.146223593507591
KCNMA1_KCNMB4	C3	6	3	-0.07919651823969098	2.0875604312075984	-4.656868266945075
KCNMA1_KCNMB4	IGLV3-1	8	3	-0.27680553570591643	2.922942753378448	-1.2641824595795879
KCNMA1_KCNMB4	IGFBP3	6	3	-0.37442269675901524	5.510660506116905	-3.1640833510324553
KCNMA1_KCNMB4	PLAUR	6	3	-0.42399203115101625	3.2759631799895863	-6.833227654024891
KCNMA1_KCNMB4	SYNM	2	2	8.250555528167745	9.180627324875996	7.320483731459495
KCNMA1_KCNMB4	RGMA	2	2	8.060624516544445	8.863388261731727	7.257860771357164
KCNMA1_KCNMB4	RBPMS2	2	2	7.9369921064841975	8.805988596255455	7.067995616712939
KCNMA1_KCNMB4	PRUNE2	2	2	7.858922860303659	7.991901235889928	7.725944484717391
KCNMA1_KCNMB4	ELL2	2	2	7.365271319452999	8.885750016934491	5.844792621971508
KCNMA1_KCNMB4	CRYAB	2	2	7.218356971580331	7.423220270722107	7.013493672438554
KCNMA1_KCNMB4	CNN3	2	2	7.09873706101893	8.682854052012503	5.514620070025356
KCNMA1_KCNMB4	SGK1	3	2	6.854979092849136	8.339412458211411	-3.5869109853160293
KCNMA1_KCNMB4	CFL2	2	2	6.737813772487272	8.118476175374566	5.357151369599979
KCNMA1_KCNMB4	GASK1B	2	2	6.690340426427218	8.630060067238366	4.75062078561607
KCNMA1_KCNMB4	ST6GALNAC5	2	2	6.667659422894783	9.072323014615344	4.262995831174222
KCNMA1_KCNMB4	PPP1R12B	2	2	6.642650941724719	7.18348802615978	6.101813857289659
KCNMA1_KCNMB4	CLIC4	2	2	6.5915743163783524	8.38181888233446	4.801329750422245
KCNMA1_KCNMB4	JPH2	2	2	6.4131444070230295	7.789131462841458	5.0371573512046
KCNMA1_KCNMB4	ITPRIP	2	2	6.262001552766714	8.290041996121586	4.233961109411843
KCNMA1_KCNMB4	FAM83D	2	2	6.188935087115807	6.956646358148829	5.421223816082785
KCNMA1_KCNMB4	SCRG1	2	2	6.16120307033019	6.418269641921887	5.904136498738493
KCNMA1_KCNMB4	CKB	3	2	6.000142468254567	8.420454109015107	-2.320624015817063
KCNMA1_KCNMB4	CPXM2	2	2	5.7778552004704355	5.805952595580541	5.749757805360329
KCNMA1_KCNMB4	PXDN	2	2	5.654396896717509	7.558560862508854	3.7502329309261655
KCNMA1_KCNMB4	NRXN1	2	2	5.560291275358429	7.510982478851015	3.609600071865843
KCNMA1_KCNMB4	GABARAPL1	2	2	5.515350012235238	7.646939226214078	3.383760798256399
KCNMA1_KCNMB4	LRP1	2	2	5.406794186088415	6.6311773100430225	4.182411062133809
KCNMA1_KCNMB4	TBC1D1	2	2	5.3398487662384255	6.656306226314423	4.023391306162429
KCNMA1_KCNMB4	ELN	2	2	5.316796519922136	6.098160873662292	4.535432166181979
KCNMA1_KCNMB4	ADAM19	2	2	5.119704138595765	7.439686581759299	2.7997216954322304
KCNMA1_KCNMB4	SBSPON	2	2	4.74903211351897	7.592059118456886	1.9060051085810545
KCNMA1_KCNMB4	CD93	2	2	4.724595970407094	5.470731955598071	3.978459985216117
KCNMA1_KCNMB4	KLF9	2	2	4.649518245430711	7.701171795841301	1.5978646950201203
KCNMA1_KCNMB4	SPEG	2	2	4.620251736053261	5.4773744390758505	3.76312903303067
KCNMA1_KCNMB4	ADAMTS16	2	2	4.507053347841852	5.486621349255038	3.527485346428667
KCNMA1_KCNMB4	STOM	2	2	4.496782366979107	6.439503898459964	2.5540608354982495
KCNMA1_KCNMB4	C1QC	3	2	4.436904979835075	6.778043824644648	-4.4056326347181285
KCNMA1_KCNMB4	RAMP1	2	2	4.383896086164505	6.267218304381977	2.5005738679470326
KCNMA1_KCNMB4	ANGPTL2	2	2	4.300919303866964	6.935253765504149	1.6665848422297778
KCNMA1_KCNMB4	PPP1R1A	2	2	4.232682935802499	4.269682445843873	4.195683425761124
KCNMA1_KCNMB4	RGS2	2	2	4.1973822829006515	5.10383687108679	3.290927694714513
KCNMA1_KCNMB4	COL4A2	2	2	3.9500954899984144	4.559895814229982	3.340295165766847
KCNMA1_KCNMB4	HLA-DMA	2	2	3.8014991699681655	5.151253182652247	2.4517451572840843
KCNMA1_KCNMB4	COL6A1	2	2	3.7492301714673104	5.199375970630684	2.299084372303937
KCNMA1_KCNMB4	NCAM1	2	2	3.6561089283108084	6.96588056700749	0.346337289614127
KCNMA1_KCNMB4	CALB2	2	2	3.6174447955172395	4.9410235402686	2.2938660507658795
KCNMA1_KCNMB4	ACKR1	2	2	3.548499443040197	6.377039815608908	0.7199590704714858
KCNMA1_KCNMB4	NFATC1	2	2	3.4714722348853417	4.099513711978591	2.843430757792093
KCNMA1_KCNMB4	PTGER3	2	2	3.4551807974307334	5.4426019251266995	1.467759669734767
KCNMA1_KCNMB4	CPLX2	2	2	3.426618189304181	3.8192794295891073	3.033956949019255
KCNMA1_KCNMB4	CITED2	2	2	3.4233050203434052	6.18127942971167	0.6653306109751408
KCNMA1_KCNMB4	VGF	3	2	3.3837851420197738	3.488721232364624	-0.8185129224416816
KCNMA1_KCNMB4	LOXL1	3	2	3.3604075826124182	6.2958724124352665	-2.163861058332444
KCNMA1_KCNMB4	CTSB	2	2	3.3209804300026136	5.223548319232356	1.4184125407728705
KCNMA1_KCNMB4	CRYBA2	2	2	3.3118933166257407	3.6233589892789726	3.000427643972509
KCNMA1_KCNMB4	CLIC5	2	2	3.2535314936347906	4.952043387243724	1.5550196000258574
KCNMA1_KCNMB4	PECAM1	2	2	3.2463502578043135	4.613016182528181	1.8796843330804456
KCNMA1_KCNMB4	CEMIP	3	2	3.1799575858938933	8.52851791123768	-1.9359934606442963
KCNMA1_KCNMB4	DUSP2	2	2	3.14507150613408	3.9620365605348633	2.328106451733297
KCNMA1_KCNMB4	HAS1	3	2	3.1166634763020062	8.762114589831135	-1.659991077339217
KCNMA1_KCNMB4	ITGB3	2	2	3.06922678819542	4.507595834832799	1.6308577415580414
KCNMA1_KCNMB4	MXRA7	2	2	3.0169527237390694	3.5700494250230554	2.4638560224550834
KCNMA1_KCNMB4	SCUBE3	2	2	2.982076243572061	3.0872860890363683	2.8768663981077536
KCNMA1_KCNMB4	CYP26A1	2	2	2.9670719092675184	2.9899837561512954	2.9441600623837414
KCNMA1_KCNMB4	HPGD	2	2	2.9515226881502046	4.3362451781487765	1.5668001981516326
KCNMA1_KCNMB4	PTGS1	2	2	2.9213064181519246	4.580183307367616	1.2624295289362337
KCNMA1_KCNMB4	PFKFB3	3	2	2.9114006928647154	3.646355107483817	-2.166511173646538
KCNMA1_KCNMB4	MMP3	2	2	2.878589442263548	2.916800110146321	2.840378774380775
KCNMA1_KCNMB4	PCSK2	2	2	2.863816302981405	3.4821234104615035	2.2455091955013073
KCNMA1_KCNMB4	EPAS1	2	2	2.8544992115458774	3.188956359411182	2.5200420636805725
KCNMA1_KCNMB4	IGHV5-10-1	3	2	2.745616474713791	3.505611471341391	-0.745300285792478
KCNMA1_KCNMB4	TSPAN7	2	2	2.6675832367220638	3.3873627549720298	1.9478037184720978
KCNMA1_KCNMB4	VIM	2	2	2.647747140116616	2.8938767990973386	2.4016174811358932
KCNMA1_KCNMB4	STAB1	2	2	2.6276589016397907	3.581173786568223	1.6741440167113577
KCNMA1_KCNMB4	CAVIN2	2	2	2.6110039406484113	4.503942435754547	0.7180654455422764
KCNMA1_KCNMB4	NTRK3	2	2	2.580189530881306	4.414463514284744	0.7459155474778676
KCNMA1_KCNMB4	VSTM2L	2	2	2.575543540000172	3.1728560156771977	1.9782310643231458
KCNMA1_KCNMB4	ZBTB16	2	2	2.569611862941108	2.610382950092491	2.5288407757897255
KCNMA1_KCNMB4	RDH10	2	2	2.551705273985797	5.016150606266881	0.08725994170471298
KCNMA1_KCNMB4	CCN5	2	2	2.537023087634575	2.925500967682636	2.1485452075865146
KCNMA1_KCNMB4	CLEC14A	2	2	2.52046215071514	3.1552874670601834	1.8856368343700969
KCNMA1_KCNMB4	SCEL	3	2	2.434615031053873	5.337879803875849	-3.214843837434756
KCNMA1_KCNMB4	CAVIN1	2	2	2.421986054921215	2.8000677159780465	2.0439043938643837
KCNMA1_KCNMB4	NGFR	2	2	2.401573633690883	2.5035605503805747	2.299586717001191
KCNMA1_KCNMB4	HLA-DQA1	3	2	2.309156787776117	3.818935724797701	-0.38853510503691646
KCNMA1_KCNMB4	GJD2	2	2	2.106739938115665	2.405338033501745	1.808141842729585
KCNMA1_KCNMB4	CLDN5	2	2	2.076860098835094	2.1708910963321086	1.982829101338079
KCNMA1_KCNMB4	NTRK2	2	2	2.0441464548983714	3.1054828830346985	0.9828100267620444
KCNMA1_KCNMB4	PPL	2	2	2.021937627380934	3.6142874088188557	0.4295878459430128
KCNMA1_KCNMB4	PGF	2	2	1.9906876671421259	2.2087534465689864	1.7726218877152655
KCNMA1_KCNMB4	ABCA8	3	2	1.9727555745978673	4.231055135570937	-3.1062253833055853
KCNMA1_KCNMB4	CIITA	3	2	1.9141817001318309	2.332900651023184	-0.4407167436991895
KCNMA1_KCNMB4	NEUROD1	2	2	1.8619684060786266	2.682532359561807	1.041404452595446
KCNMA1_KCNMB4	CCL5	3	2	1.848078157255524	2.3837844887545536	-0.48768349166215585
KCNMA1_KCNMB4	MS4A1	2	2	1.7779972625166307	3.388120271031952	0.16787425400130948
KCNMA1_KCNMB4	TNFRSF21	2	2	1.7530529038733502	1.9112011862445901	1.5949046215021105
KCNMA1_KCNMB4	PPP1R14C	2	2	1.7168690769125512	1.796620930680038	1.6371172231450644
KCNMA1_KCNMB4	DLK1	2	2	1.702134092094105	1.853591058211795	1.5506771259764152
KCNMA1_KCNMB4	CCN3	2	2	1.6880433122002125	1.6970029335107575	1.6790836908896676
KCNMA1_KCNMB4	RSAD2	2	2	1.6767348102128894	1.749141348735277	1.6043282716905019
KCNMA1_KCNMB4	FCER1G	2	2	1.6423043980847019	2.0497136935349323	1.2348951026344717
KCNMA1_KCNMB4	TMEM204	2	2	1.6058459615768301	1.8813083455877728	1.3303835775658872
KCNMA1_KCNMB4	ERRFI1	4	2	1.5928517487835312	6.452579295409284	-5.72106336881558
KCNMA1_KCNMB4	GLUL	2	2	1.5725716563707077	2.3313322089424386	0.8138111037989769
KCNMA1_KCNMB4	TIMP2	2	2	1.560467218583831	1.845752131151388	1.2751823060162741
KCNMA1_KCNMB4	DCD	2	2	1.5359623618302778	1.5711789206912752	1.5007458029692804
KCNMA1_KCNMB4	PRRX1	3	2	1.5351580048822597	2.5501539973053915	-3.607269926168206
KCNMA1_KCNMB4	STAR	2	2	1.5225184311552111	1.6031204219939725	1.4419164403164497
KCNMA1_KCNMB4	ACP5	3	2	1.398784632258751	4.289247481466505	-1.5706778107794737
KCNMA1_KCNMB4	ITGAX	2	2	1.3975510552253505	2.1591234864787925	0.6359786239719083
KCNMA1_KCNMB4	EEF1A2	3	2	1.3833339489591492	2.5951634019090215	-3.3421954197298867
KCNMA1_KCNMB4	SNAP25	2	2	1.3814908185573653	1.5909294402152758	1.1720521968994548
KCNMA1_KCNMB4	GC	3	2	1.3809635625283745	3.4343752782372063	-0.110421833499223
KCNMA1_KCNMB4	APLNR	2	2	1.3581024812705895	2.515174443213736	0.20103051932744326
KCNMA1_KCNMB4	PI15	2	2	1.3378833873204863	2.6103344317830026	0.06543234285796988
KCNMA1_KCNMB4	FBLN5	4	2	1.3050025490414474	5.138297347140263	-3.905868092247768
KCNMA1_KCNMB4	PEG10	2	2	1.2762558358520883	1.7051401502156665	0.8473715214885104
KCNMA1_KCNMB4	CXCL9	2	2	1.2473641684940437	1.7554169304824518	0.7393114065056354
KCNMA1_KCNMB4	KLK10	4	2	1.1903511124271429	4.0323123884584975	-2.5461618613500496
KCNMA1_KCNMB4	AOX1	2	2	1.144840568622495	1.5153981061278756	0.7742830311171144
KCNMA1_KCNMB4	CDSN	2	2	1.077160086751701	1.7480332971868122	0.40628687631658983
KCNMA1_KCNMB4	ATRNL1	2	2	1.0518822085661994	2.0646954812732217	0.039068935859177006
KCNMA1_KCNMB4	CPA3	3	2	1.0477629124056944	2.830017445892952	-1.3228476897223624
KCNMA1_KCNMB4	SVEP1	2	2	1.0196063873291192	1.1656104310746316	0.8736023435836068
KCNMA1_KCNMB4	FTL	3	2	1.0167860292865287	1.054079652664657	-0.8977142088927816
KCNMA1_KCNMB4	CLIC3	2	2	0.9984618604773138	1.9062156266623342	0.0907080942922933
KCNMA1_KCNMB4	LY6D	4	2	0.9749753324962771	5.27162892740081	-2.0270296040678564
KCNMA1_KCNMB4	C1orf198	2	2	0.9745227205713292	1.6108171958657542	0.3382282452769041
KCNMA1_KCNMB4	KIAA1324	2	2	0.9681334111358791	1.821034166454606	0.11523265581715242
KCNMA1_KCNMB4	SCN7A	3	2	0.915922525658851	5.291425115677053	-4.237530127008451
KCNMA1_KCNMB4	CXCR4	4	2	0.9133054449827152	2.2864562049111594	-0.8315400154249436
KCNMA1_KCNMB4	ICAM1	2	2	0.903709159844243	1.2242987373471892	0.5831195823412968
KCNMA1_KCNMB4	RGS5	3	2	0.899268093518662	6.771246494538411	-2.3448284172720646
KCNMA1_KCNMB4	PHACTR3	3	2	0.8676664552401925	4.6075302126188635	-8.58232509826129
KCNMA1_KCNMB4	FCRL1	2	2	0.7865583513543779	1.4131823661551768	0.15993433655357914
KCNMA1_KCNMB4	MT1E	4	2	0.7865539769571601	3.833279569622236	-2.0427123878310622
KCNMA1_KCNMB4	NNMT	3	2	0.7760913585998527	7.400705164354672	-3.293219994577262
KCNMA1_KCNMB4	HOPX	4	2	0.7687323945461806	7.820915104809792	-4.380061526983536
KCNMA1_KCNMB4	NPR3	3	2	0.7332149256176927	2.509760898570477	-1.569768343120152
KCNMA1_KCNMB4	PLVAP	2	2	0.6106426365620314	0.7057514119425367	0.5155338611815261
KCNMA1_KCNMB4	PCOLCE	4	2	0.5906288753280573	7.131818417065274	-5.441073104901662
KCNMA1_KCNMB4	IFIT3	2	2	0.5819733675898487	0.8726232922842551	0.29132344289544243
KCNMA1_KCNMB4	HBA1	3	2	0.5536328217437366	3.108029176265426	-0.5951490322765759
KCNMA1_KCNMB4	LAMA5	3	2	0.5429116627661001	4.353598718728292	-8.72219272637726
KCNMA1_KCNMB4	CHGA	3	2	0.5324501408999404	3.420135173422389	-3.20144192871924
KCNMA1_KCNMB4	KLK7	4	2	0.5183496280289572	6.169789784267587	-2.5969820494710647
KCNMA1_KCNMB4	TPSB2	3	2	0.4558278653356149	3.168984483487692	-1.3028236831996227
KCNMA1_KCNMB4	DEPP1	4	2	0.4445043481285861	3.021021759438733	-3.1178312599310454
KCNMA1_KCNMB4	IGHV6-1	3	2	0.3250384353563804	1.2775665108785934	-1.5138234627063536
KCNMA1_KCNMB4	IGLV9-49	4	2	0.28212136727236814	2.6700461500247337	-1.012447157978458
KCNMA1_KCNMB4	SPON2	4	2	0.2704688097824409	4.7272929726915525	-4.731585088807082
KCNMA1_KCNMB4	CD68	4	2	0.24116689462756224	2.2813724933938766	-5.075425032561355
KCNMA1_KCNMB4	CST6	3	2	0.2384306638239284	2.537994463524134	-0.46798905222570714
KCNMA1_KCNMB4	TOB1	3	2	0.16303649590076266	2.938678563965365	-2.729412788194381
KCNMA1_KCNMB4	PLIN2	3	2	0.15082555177824125	3.170034919019502	-1.4659055396949607
KCNMA1_KCNMB4	SOD2	3	2	0.13769825335070007	2.5996670531693806	-1.962127418882002
KCNMA1_KCNMB4	SST	4	2	0.11522300027549326	3.871707884091355	-1.9467663131929944
KCNMA1_KCNMB4	STMN2	4	2	0.046000233289476555	3.116176041273093	-1.5861498343511724
KCNMA1_KCNMB4	MATN3	3	2	0.016561599580838735	3.2912512213330207	-0.040022395976007034
KCNMA1_KCNMB4	TRIM29	5	2	-0.09857866999160725	1.9701601820149321	-3.269878518727976
KCNMA1_KCNMB4	LTF	4	2	-0.23066647210196795	2.156580558212918	-5.0467447421532725
KCNMA1_KCNMB4	ISG15	5	2	-0.24907058412068103	3.898112245994347	-2.397058808032398
KCNMA1_KCNMB4	HBA2	5	2	-0.25210228949780566	2.808591029860677	-1.3848407244486538
KCNMA1_KCNMB4	HSPA1B	4	2	-0.2634183640326969	3.791875495627608	-3.7840865342995924
KCNMA1_KCNMB4	MZB1	4	2	-0.30469736644118584	1.6070826779123477	-1.1072305041364434
KCNMA1_KCNMB4	MMP12	4	2	-0.3389498065311532	1.4778138978476556	-1.1752707603425872
KCNMA1_KCNMB4	SERPINA1	5	2	-0.4224578547599226	1.7604239116838356	-4.804103617955817
KCNMA1_KCNMB4	MT1G	5	2	-0.4319791518825203	0.7381493898592857	-2.6154288958429204
KCNMA1_KCNMB4	IGHJ6	6	2	-0.5267277313017436	2.775472420483095	-3.6089721404400397
KCNMA1_KCNMB4	EPHA3	4	2	-0.5463515191155421	2.20187740911015	-6.082761933551265
KCNMA1_KCNMB4	KCNJ16	5	2	-0.6333715952870906	2.0857105731512973	-5.725625651144104
KCNMA1_KCNMB4	C15orf48	6	2	-0.8574360341492161	1.6733303008637634	-3.279356674012441
KCNMA1_KCNMB4	KCNK6	10	2	-0.8672401830126725	1.3927695703900553	-2.892764058868274
KCNMA1_KCNMB4	DPEP1	4	2	-0.8793004579198883	2.6950405656075844	-5.2415353200492065
KCNMA1_KCNMB4	CRISP3	5	2	-0.9603207482698437	5.292073683262866	-3.658911158893429
KCNMA1_KCNMB4	UBD	4	2	-1.030881083439766	3.199609063860163	-8.41682733908984
KCNMA1_KCNMB4	INS	6	2	-1.045015106417956	2.599133068255905	-6.1624020332399745
KCNMA1_KCNMB4	JCHAIN	6	2	-1.1038521931321177	2.75143475949333	-6.852104973845227
KCNMA1_KCNMB4	GCG	7	2	-1.165490164419778	5.558881528114864	-6.942144427330847
KCNMA1_KCNMB4	TACSTD2	7	2	-1.1669610323233541	1.4657033277350642	-6.437433554084723
KCNMA1_KCNMB4	CXCL8	8	2	-1.2391815274129248	0.950973523831977	-3.2939608088651697
KCNMA1_KCNMB4	GABRP	7	2	-1.2572181838089411	1.7890239703644555	-6.363395181150528
KCNMA1_KCNMB4	EPHA2	6	2	-1.2876259364294338	0.22313660900630833	-3.3550911220214603
KCNMA1_KCNMB4	HMGA2	4	2	-1.3206122082396903	0.3234387297818781	-2.699383738213515
KCNMA1_KCNMB4	KRT5	5	2	-1.5371327118900897	1.2761732338615126	-4.658311697238792
KCNMA1_KCNMB4	SLC40A1	5	2	-1.5757538760517433	0.387879268950982	-4.5642000984267845
KCNMA1_KCNMB4	CD55	5	2	-1.6560949963839304	4.718714833605407	-3.8116884899340784
KCNMA1_KCNMB4	SYT8	7	2	-1.86934999960458	3.2529789573177763	-6.468189829669177
KCNMA1_KCNMB4	WFDC2	8	2	-2.009178847912876	0.7377733700411462	-5.25234365084341
KCNMA1_KCNMB4	ID1	6	2	-2.037288552520646	2.7427693700225553	-2.788494871869602
KCNMA1_KCNMB4	ANXA2	5	2	-2.073159211650366	4.708542758626582	-3.180787621625715
KCNMA1_KCNMB4	MUC5B	6	2	-2.3425528986117774	6.249390874869564	-5.696526746235441
KCNMA1_KCNMB4	FXYD3	8	2	-2.4472901159357523	1.7936628453539192	-4.6117100620602836
KCNMA1_KCNMB4	CXCL5	6	2	-2.809160772646276	0.7657046940879983	-7.301068757702156
KCNMA1_KCNMB4	PSCA	8	2	-3.053473001986305	3.2817208578012385	-5.787441923047442
KCNMA1_KCNMB4	LGALS4	9	2	-3.8870467528339345	1.821091134973586	-4.833920622105196
KCNMA1_KCNMB4	GAS6	1	1	9.784344140727084	9.784344140727084	9.784344140727084
KCNMA1_KCNMB4	SMTN	1	1	9.512355620032622	9.512355620032622	9.512355620032622
KCNMA1_KCNMB4	COL8A2	1	1	8.995294324634802	8.995294324634802	8.995294324634802
KCNMA1_KCNMB4	GXYLT2	1	1	8.953385222056927	8.953385222056927	8.953385222056927
KCNMA1_KCNMB4	HMCN2	1	1	8.816132497085428	8.816132497085428	8.816132497085428
KCNMA1_KCNMB4	ALDH1B1	1	1	8.769152985240973	8.769152985240973	8.769152985240973
KCNMA1_KCNMB4	KIF1C	1	1	8.637347890359818	8.637347890359818	8.637347890359818
KCNMA1_KCNMB4	PRDM1	1	1	8.572686641495961	8.572686641495961	8.572686641495961
KCNMA1_KCNMB4	SH3PXD2A	1	1	8.374634995638367	8.374634995638367	8.374634995638367
KCNMA1_KCNMB4	SVIL	1	1	8.357826605357277	8.357826605357277	8.357826605357277
KCNMA1_KCNMB4	CD200	1	1	8.32757138121215	8.32757138121215	8.32757138121215
KCNMA1_KCNMB4	WNT2	1	1	8.286335664925614	8.286335664925614	8.286335664925614
KCNMA1_KCNMB4	PTN	1	1	8.279588265821888	8.279588265821888	8.279588265821888
KCNMA1_KCNMB4	PSD	1	1	8.204286524260203	8.204286524260203	8.204286524260203
KCNMA1_KCNMB4	PKIG	1	1	8.105375785200764	8.105375785200764	8.105375785200764
KCNMA1_KCNMB4	TSPAN2	1	1	8.05219522579527	8.05219522579527	8.05219522579527
KCNMA1_KCNMB4	PGM5	1	1	8.02501748765694	8.02501748765694	8.02501748765694
KCNMA1_KCNMB4	ECRG4	1	1	7.973617825850971	7.973617825850971	7.973617825850971
KCNMA1_KCNMB4	DTNA	1	1	7.930460966910397	7.930460966910397	7.930460966910397
KCNMA1_KCNMB4	RAB31	1	1	7.831423321068881	7.831423321068881	7.831423321068881
KCNMA1_KCNMB4	GFPT2	1	1	7.77962117424999	7.77962117424999	7.77962117424999
KCNMA1_KCNMB4	GALNT15	1	1	7.763807047458721	7.763807047458721	7.763807047458721
KCNMA1_KCNMB4	PRIMA1	1	1	7.66354981694281	7.66354981694281	7.66354981694281
KCNMA1_KCNMB4	NRXN3	1	1	7.6432776220175604	7.6432776220175604	7.6432776220175604
KCNMA1_KCNMB4	FLNC	1	1	7.518518353772976	7.518518353772976	7.518518353772976
KCNMA1_KCNMB4	CHRM2	1	1	7.433511865818366	7.433511865818366	7.433511865818366
KCNMA1_KCNMB4	SLC2A4	1	1	7.354435085971632	7.354435085971632	7.354435085971632
KCNMA1_KCNMB4	ANK2	1	1	7.246440783754728	7.246440783754728	7.246440783754728
KCNMA1_KCNMB4	BARX1	1	1	7.227628891646039	7.227628891646039	7.227628891646039
KCNMA1_KCNMB4	PODNL1	1	1	7.206973050222521	7.206973050222521	7.206973050222521
KCNMA1_KCNMB4	PLPP4	1	1	7.139022322384076	7.139022322384076	7.139022322384076
KCNMA1_KCNMB4	EGR2	1	1	7.104672669573292	7.104672669573292	7.104672669573292
KCNMA1_KCNMB4	MAP3K20	1	1	7.08410584222548	7.08410584222548	7.08410584222548
KCNMA1_KCNMB4	PDPN	1	1	7.036482919696183	7.036482919696183	7.036482919696183
KCNMA1_KCNMB4	CACNB2	1	1	6.940019907834749	6.940019907834749	6.940019907834749
KCNMA1_KCNMB4	PALM2-AKAP2	1	1	6.82613121795614	6.82613121795614	6.82613121795614
KCNMA1_KCNMB4	PITX1	1	1	6.782297246085717	6.782297246085717	6.782297246085717
KCNMA1_KCNMB4	RCAN2	1	1	6.779656855478261	6.779656855478261	6.779656855478261
KCNMA1_KCNMB4	CCDC71L	1	1	6.759573068549491	6.759573068549491	6.759573068549491
KCNMA1_KCNMB4	ADCY5	1	1	6.759532782141893	6.759532782141893	6.759532782141893
KCNMA1_KCNMB4	IGFN1	1	1	6.68745171447713	6.68745171447713	6.68745171447713
KCNMA1_KCNMB4	STC1	1	1	6.651151673452442	6.651151673452442	6.651151673452442
KCNMA1_KCNMB4	CAPN6	1	1	6.635451252684802	6.635451252684802	6.635451252684802
KCNMA1_KCNMB4	SELENOM	1	1	6.547482032910955	6.547482032910955	6.547482032910955
KCNMA1_KCNMB4	ITGA8	1	1	6.442350306963682	6.442350306963682	6.442350306963682
KCNMA1_KCNMB4	RBPMS	1	1	6.384889944135075	6.384889944135075	6.384889944135075
KCNMA1_KCNMB4	CCN4	1	1	6.28176466513263	6.28176466513263	6.28176466513263
KCNMA1_KCNMB4	ZFP36	1	1	6.266523026540347	6.266523026540347	6.266523026540347
KCNMA1_KCNMB4	FABP4	1	1	6.228719556925849	6.228719556925849	6.228719556925849
KCNMA1_KCNMB4	FAM20A	1	1	6.210839982363492	6.210839982363492	6.210839982363492
KCNMA1_KCNMB4	CACNA1H	1	1	6.1659271708018935	6.1659271708018935	6.1659271708018935
KCNMA1_KCNMB4	ASB2	1	1	6.116471011483782	6.116471011483782	6.116471011483782
KCNMA1_KCNMB4	SEMA3D	1	1	6.097582478090497	6.097582478090497	6.097582478090497
KCNMA1_KCNMB4	FOXF1	1	1	6.0923733886351625	6.0923733886351625	6.0923733886351625
KCNMA1_KCNMB4	ZFP36L1	1	1	6.0160038734569445	6.0160038734569445	6.0160038734569445
KCNMA1_KCNMB4	ADAMTS5	1	1	5.969852782872258	5.969852782872258	5.969852782872258
KCNMA1_KCNMB4	ARL4C	1	1	5.932116694504501	5.932116694504501	5.932116694504501
KCNMA1_KCNMB4	GREM2	1	1	5.754254342655021	5.754254342655021	5.754254342655021
KCNMA1_KCNMB4	WNT11	1	1	5.695420439080038	5.695420439080038	5.695420439080038
KCNMA1_KCNMB4	SGCA	1	1	5.541082494652437	5.541082494652437	5.541082494652437
KCNMA1_KCNMB4	CCL11	1	1	5.487427055262451	5.487427055262451	5.487427055262451
KCNMA1_KCNMB4	CCDC69	1	1	5.355103568733618	5.355103568733618	5.355103568733618
KCNMA1_KCNMB4	UPK3B	1	1	5.318379662673123	5.318379662673123	5.318379662673123
KCNMA1_KCNMB4	HOXB3	1	1	5.293644358916822	5.293644358916822	5.293644358916822
KCNMA1_KCNMB4	KIF26B	1	1	5.223718153667505	5.223718153667505	5.223718153667505
KCNMA1_KCNMB4	HSPB8	1	1	5.156957267216271	5.156957267216271	5.156957267216271
KCNMA1_KCNMB4	CRIM1	1	1	5.128414520074784	5.128414520074784	5.128414520074784
KCNMA1_KCNMB4	ATP10A	1	1	5.096913917107162	5.096913917107162	5.096913917107162
KCNMA1_KCNMB4	KCP	1	1	4.9974921903057234	4.9974921903057234	4.9974921903057234
KCNMA1_KCNMB4	SGMS2	1	1	4.983315897786062	4.983315897786062	4.983315897786062
KCNMA1_KCNMB4	KIAA1217	1	1	4.9445905356456175	4.9445905356456175	4.9445905356456175
KCNMA1_KCNMB4	EMP1	1	1	4.94449881502434	4.94449881502434	4.94449881502434
KCNMA1_KCNMB4	IL6	1	1	4.887734761096961	4.887734761096961	4.887734761096961
KCNMA1_KCNMB4	WNT10A	1	1	4.884898790278454	4.884898790278454	4.884898790278454
KCNMA1_KCNMB4	TYMP	1	1	4.825399477932394	4.825399477932394	4.825399477932394
KCNMA1_KCNMB4	ADAMTS8	1	1	4.732800690280283	4.732800690280283	4.732800690280283
KCNMA1_KCNMB4	MSLN	1	1	4.654855150265356	4.654855150265356	4.654855150265356
KCNMA1_KCNMB4	MAP1B	1	1	4.60937869666355	4.60937869666355	4.60937869666355
KCNMA1_KCNMB4	CALU	1	1	4.593995926514336	4.593995926514336	4.593995926514336
KCNMA1_KCNMB4	EFHD1	1	1	4.574010250619542	4.574010250619542	4.574010250619542
KCNMA1_KCNMB4	HIST1H2AC	1	1	4.5470921048588115	4.5470921048588115	4.5470921048588115
KCNMA1_KCNMB4	RAPGEFL1	1	1	4.427985965832419	4.427985965832419	4.427985965832419
KCNMA1_KCNMB4	SLC39A4	1	1	4.402959085315047	4.402959085315047	4.402959085315047
KCNMA1_KCNMB4	APLN	1	1	4.379264998146722	4.379264998146722	4.379264998146722
KCNMA1_KCNMB4	SLC38A4	1	1	4.35219766475577	4.35219766475577	4.35219766475577
KCNMA1_KCNMB4	HSPH1	1	1	4.337180409492756	4.337180409492756	4.337180409492756
KCNMA1_KCNMB4	ALPL	1	1	4.302956622948542	4.302956622948542	4.302956622948542
KCNMA1_KCNMB4	C1QA	1	1	4.286069799988557	4.286069799988557	4.286069799988557
KCNMA1_KCNMB4	ARHGAP31	1	1	4.2809725164982	4.2809725164982	4.2809725164982
KCNMA1_KCNMB4	SCGB2A1	1	1	4.268592955755967	4.268592955755967	4.268592955755967
KCNMA1_KCNMB4	HS3ST2	1	1	4.267098266565202	4.267098266565202	4.267098266565202
KCNMA1_KCNMB4	RGS1	1	1	4.259157776916881	4.259157776916881	4.259157776916881
KCNMA1_KCNMB4	CHPF	1	1	4.233161187954547	4.233161187954547	4.233161187954547
KCNMA1_KCNMB4	RGCC	1	1	4.22019439873527	4.22019439873527	4.22019439873527
KCNMA1_KCNMB4	ENAH	1	1	4.18902065178752	4.18902065178752	4.18902065178752
KCNMA1_KCNMB4	WFDC1	1	1	4.164138150232121	4.164138150232121	4.164138150232121
KCNMA1_KCNMB4	CD163	1	1	4.105567360477427	4.105567360477427	4.105567360477427
KCNMA1_KCNMB4	FJX1	1	1	4.099935805347115	4.099935805347115	4.099935805347115
KCNMA1_KCNMB4	RBP4	1	1	4.092976101633216	4.092976101633216	4.092976101633216
KCNMA1_KCNMB4	METRNL	1	1	4.032460227698895	4.032460227698895	4.032460227698895
KCNMA1_KCNMB4	COL18A1	1	1	3.9844775348394035	3.9844775348394035	3.9844775348394035
KCNMA1_KCNMB4	TRIM59	1	1	3.972642053938379	3.972642053938379	3.972642053938379
KCNMA1_KCNMB4	SLC35D3	1	1	3.9480605385811436	3.9480605385811436	3.9480605385811436
KCNMA1_KCNMB4	CDKN1C	1	1	3.947505793768751	3.947505793768751	3.947505793768751
KCNMA1_KCNMB4	WNT7A	1	1	3.915284956885498	3.915284956885498	3.915284956885498
KCNMA1_KCNMB4	SDS	1	1	3.913550039482595	3.913550039482595	3.913550039482595
KCNMA1_KCNMB4	ADCYAP1	1	1	3.903811400898481	3.903811400898481	3.903811400898481
KCNMA1_KCNMB4	ADARB1	1	1	3.865180519293348	3.865180519293348	3.865180519293348
KCNMA1_KCNMB4	VGLL3	2	1	3.862876135241432	8.081225666704706	-0.35547339622184226
KCNMA1_KCNMB4	ZBED2	1	1	3.846080652508501	3.846080652508501	3.846080652508501
KCNMA1_KCNMB4	RASL12	1	1	3.8328826818696418	3.8328826818696418	3.8328826818696418
KCNMA1_KCNMB4	RAB3C	1	1	3.7707555021382926	3.7707555021382926	3.7707555021382926
KCNMA1_KCNMB4	RERGL	1	1	3.7374817271709824	3.7374817271709824	3.7374817271709824
KCNMA1_KCNMB4	SHANK3	1	1	3.7063972815734547	3.7063972815734547	3.7063972815734547
KCNMA1_KCNMB4	TGFB3	1	1	3.7011335575201527	3.7011335575201527	3.7011335575201527
KCNMA1_KCNMB4	CRIP2	1	1	3.6724111171724196	3.6724111171724196	3.6724111171724196
KCNMA1_KCNMB4	SUSD5	1	1	3.6574482423914376	3.6574482423914376	3.6574482423914376
KCNMA1_KCNMB4	MMRN1	1	1	3.6532663515677184	3.6532663515677184	3.6532663515677184
KCNMA1_KCNMB4	ZFP36L2	1	1	3.572418652897218	3.572418652897218	3.572418652897218
KCNMA1_KCNMB4	IER2	1	1	3.5532176997428793	3.5532176997428793	3.5532176997428793
KCNMA1_KCNMB4	PDLIM4	1	1	3.5414914631228402	3.5414914631228402	3.5414914631228402
KCNMA1_KCNMB4	GYPC	1	1	3.5216545631423846	3.5216545631423846	3.5216545631423846
KCNMA1_KCNMB4	CYP4F22	1	1	3.4818348410812168	3.4818348410812168	3.4818348410812168
KCNMA1_KCNMB4	DKK3	1	1	3.473685470906865	3.473685470906865	3.473685470906865
KCNMA1_KCNMB4	SAT1	1	1	3.4556549583679845	3.4556549583679845	3.4556549583679845
KCNMA1_KCNMB4	WNK1	1	1	3.4410436723039504	3.4410436723039504	3.4410436723039504
KCNMA1_KCNMB4	ERG	1	1	3.440958763533244	3.440958763533244	3.440958763533244
KCNMA1_KCNMB4	IGFL3	1	1	3.4375321424107095	3.4375321424107095	3.4375321424107095
KCNMA1_KCNMB4	PPARGC1A	1	1	3.3913089546308472	3.3913089546308472	3.3913089546308472
KCNMA1_KCNMB4	EGFL7	1	1	3.385080379602034	3.385080379602034	3.385080379602034
KCNMA1_KCNMB4	TRIM31	1	1	3.3695217306341423	3.3695217306341423	3.3695217306341423
KCNMA1_KCNMB4	SLC44A1	1	1	3.3637564862130978	3.3637564862130978	3.3637564862130978
KCNMA1_KCNMB4	CAPN13	1	1	3.360017045688804	3.360017045688804	3.360017045688804
KCNMA1_KCNMB4	BST2	1	1	3.355213828227523	3.355213828227523	3.355213828227523
KCNMA1_KCNMB4	AKNA	1	1	3.350877848222374	3.350877848222374	3.350877848222374
KCNMA1_KCNMB4	AZIN2	1	1	3.3150789491319506	3.3150789491319506	3.3150789491319506
KCNMA1_KCNMB4	CIRBP	1	1	3.278874898474473	3.278874898474473	3.278874898474473
KCNMA1_KCNMB4	GJA4	1	1	3.271830729104721	3.271830729104721	3.271830729104721
KCNMA1_KCNMB4	VSIG4	1	1	3.26545459013314	3.26545459013314	3.26545459013314
KCNMA1_KCNMB4	IL20RB	1	1	3.244697778666584	3.244697778666584	3.244697778666584
KCNMA1_KCNMB4	CLMP	1	1	3.2444599232405165	3.2444599232405165	3.2444599232405165
KCNMA1_KCNMB4	GEM	1	1	3.2339827353376744	3.2339827353376744	3.2339827353376744
KCNMA1_KCNMB4	ADAMTS2	1	1	3.206488362011795	3.206488362011795	3.206488362011795
KCNMA1_KCNMB4	ODF3B	1	1	3.202106288348622	3.202106288348622	3.202106288348622
KCNMA1_KCNMB4	AQP9	1	1	3.1997703279949583	3.1997703279949583	3.1997703279949583
KCNMA1_KCNMB4	NUAK1	1	1	3.182581804329703	3.182581804329703	3.182581804329703
KCNMA1_KCNMB4	CACNA1A	1	1	3.1721082300627983	3.1721082300627983	3.1721082300627983
KCNMA1_KCNMB4	CTNNB1	1	1	3.156158728528656	3.156158728528656	3.156158728528656
KCNMA1_KCNMB4	ARPC2	1	1	3.148765187426087	3.148765187426087	3.148765187426087
KCNMA1_KCNMB4	PCSK1	1	1	3.1360495888373494	3.1360495888373494	3.1360495888373494
KCNMA1_KCNMB4	NEXN	1	1	3.1352594662799604	3.1352594662799604	3.1352594662799604
KCNMA1_KCNMB4	CSF1R	1	1	3.134275233318133	3.134275233318133	3.134275233318133
KCNMA1_KCNMB4	ACTN1	1	1	3.12517311209263	3.12517311209263	3.12517311209263
KCNMA1_KCNMB4	MRVI1	1	1	3.116292934913696	3.116292934913696	3.116292934913696
KCNMA1_KCNMB4	ANKH	1	1	3.111027806272936	3.111027806272936	3.111027806272936
KCNMA1_KCNMB4	FADS3	1	1	3.0497226327977534	3.0497226327977534	3.0497226327977534
KCNMA1_KCNMB4	C1QTNF1	1	1	3.046304703058287	3.046304703058287	3.046304703058287
KCNMA1_KCNMB4	SULT2B1	1	1	3.043692668757044	3.043692668757044	3.043692668757044
KCNMA1_KCNMB4	PTGES	1	1	3.033486464262984	3.033486464262984	3.033486464262984
KCNMA1_KCNMB4	GAP43	1	1	3.007433279667433	3.007433279667433	3.007433279667433
KCNMA1_KCNMB4	IL33	2	1	2.959911638456421	6.616192515405199	-0.6963692384923575
KCNMA1_KCNMB4	KCNK16	1	1	2.9439263727445444	2.9439263727445444	2.9439263727445444
KCNMA1_KCNMB4	DHRS2	1	1	2.907008297620353	2.907008297620353	2.907008297620353
KCNMA1_KCNMB4	MSR1	1	1	2.890763387407421	2.890763387407421	2.890763387407421
KCNMA1_KCNMB4	LCN12	1	1	2.87707292333606	2.87707292333606	2.87707292333606
KCNMA1_KCNMB4	ZNF185	1	1	2.8433658560519195	2.8433658560519195	2.8433658560519195
KCNMA1_KCNMB4	VASH1	1	1	2.8348828553171233	2.8348828553171233	2.8348828553171233
KCNMA1_KCNMB4	CELF3	1	1	2.8323400886141124	2.8323400886141124	2.8323400886141124
KCNMA1_KCNMB4	IL27RA	1	1	2.8313487429608117	2.8313487429608117	2.8313487429608117
KCNMA1_KCNMB4	SPHK1	1	1	2.821709181531767	2.821709181531767	2.821709181531767
KCNMA1_KCNMB4	SLIT2	1	1	2.816742831726529	2.816742831726529	2.816742831726529
KCNMA1_KCNMB4	ABI3BP	1	1	2.8126444573941964	2.8126444573941964	2.8126444573941964
KCNMA1_KCNMB4	LTBP1	1	1	2.808540432496636	2.808540432496636	2.808540432496636
KCNMA1_KCNMB4	FAS	1	1	2.804729481991453	2.804729481991453	2.804729481991453
KCNMA1_KCNMB4	CCL14	1	1	2.799288491601785	2.799288491601785	2.799288491601785
KCNMA1_KCNMB4	TRAK1	1	1	2.7974430682311175	2.7974430682311175	2.7974430682311175
KCNMA1_KCNMB4	SMG1	1	1	2.7735507780625204	2.7735507780625204	2.7735507780625204
KCNMA1_KCNMB4	LST1	1	1	2.764163104863943	2.764163104863943	2.764163104863943
KCNMA1_KCNMB4	CADM1	1	1	2.7536192516428497	2.7536192516428497	2.7536192516428497
KCNMA1_KCNMB4	ENTPD1	1	1	2.7534949740993477	2.7534949740993477	2.7534949740993477
KCNMA1_KCNMB4	CARNS1	1	1	2.721751033119205	2.721751033119205	2.721751033119205
KCNMA1_KCNMB4	CHMP1B	1	1	2.7027196509969937	2.7027196509969937	2.7027196509969937
KCNMA1_KCNMB4	IFIT1	1	1	2.700252639005641	2.700252639005641	2.700252639005641
KCNMA1_KCNMB4	PTGIR	1	1	2.684733174025983	2.684733174025983	2.684733174025983
KCNMA1_KCNMB4	ROBO1	1	1	2.682632778186659	2.682632778186659	2.682632778186659
KCNMA1_KCNMB4	FCGR3A	1	1	2.679942271753531	2.679942271753531	2.679942271753531
KCNMA1_KCNMB4	PCSK6	1	1	2.6724400541069837	2.6724400541069837	2.6724400541069837
KCNMA1_KCNMB4	C3orf70	1	1	2.668515372751676	2.668515372751676	2.668515372751676
KCNMA1_KCNMB4	EEF1B2	1	1	2.665690498691446	2.665690498691446	2.665690498691446
KCNMA1_KCNMB4	C2CD4A	1	1	2.5776973445710105	2.5776973445710105	2.5776973445710105
KCNMA1_KCNMB4	GSTK1	1	1	2.5630719487987648	2.5630719487987648	2.5630719487987648
KCNMA1_KCNMB4	SPON1	1	1	2.5518269506024556	2.5518269506024556	2.5518269506024556
KCNMA1_KCNMB4	JAK3	1	1	2.547227302224916	2.547227302224916	2.547227302224916
KCNMA1_KCNMB4	ALDH2	1	1	2.539870022923461	2.539870022923461	2.539870022923461
KCNMA1_KCNMB4	LMNA	2	1	2.514035903197361	5.585721140520192	-0.5576493341254705
KCNMA1_KCNMB4	SYNGR2	1	1	2.5138956134822465	2.5138956134822465	2.5138956134822465
KCNMA1_KCNMB4	HOXB6	1	1	2.4972950871147073	2.4972950871147073	2.4972950871147073
KCNMA1_KCNMB4	QDPR	1	1	2.4814601933744567	2.4814601933744567	2.4814601933744567
KCNMA1_KCNMB4	FBLIM1	1	1	2.4740960540526014	2.4740960540526014	2.4740960540526014
KCNMA1_KCNMB4	DSG3	1	1	2.473184641350575	2.473184641350575	2.473184641350575
KCNMA1_KCNMB4	SERF2	1	1	2.426722749913144	2.426722749913144	2.426722749913144
KCNMA1_KCNMB4	PRG4	1	1	2.409090619931778	2.409090619931778	2.409090619931778
KCNMA1_KCNMB4	KCNMB2	1	1	2.398802031478881	2.398802031478881	2.398802031478881
KCNMA1_KCNMB4	JMY	1	1	2.3758934432157974	2.3758934432157974	2.3758934432157974
KCNMA1_KCNMB4	ACSF2	1	1	2.363555389021216	2.363555389021216	2.363555389021216
KCNMA1_KCNMB4	JUNB	2	1	2.3479988032294807	5.245713326106477	-0.5497157196475154
KCNMA1_KCNMB4	FCGRT	1	1	2.3477408470888954	2.3477408470888954	2.3477408470888954
KCNMA1_KCNMB4	TBX2	1	1	2.3405883376985237	2.3405883376985237	2.3405883376985237
KCNMA1_KCNMB4	IL1R1	1	1	2.3300412717476933	2.3300412717476933	2.3300412717476933
KCNMA1_KCNMB4	TRAF1	1	1	2.296573957438618	2.296573957438618	2.296573957438618
KCNMA1_KCNMB4	GNAS	1	1	2.2749779512027577	2.2749779512027577	2.2749779512027577
KCNMA1_KCNMB4	G0S2	1	1	2.274467546985198	2.274467546985198	2.274467546985198
KCNMA1_KCNMB4	CAV1	2	1	2.2601550741160894	6.160079055848598	-1.63976890761642
KCNMA1_KCNMB4	GPC1	2	1	2.2491426281558873	5.093493693264573	-0.5952084369527985
KCNMA1_KCNMB4	SCGB2A2	1	1	2.248683527144086	2.248683527144086	2.248683527144086
KCNMA1_KCNMB4	CSF2RB	1	1	2.245497585154259	2.245497585154259	2.245497585154259
KCNMA1_KCNMB4	ITPRID2	2	1	2.2388254604546907	5.934400467049411	-1.4567495461400295
KCNMA1_KCNMB4	SEMA5A	1	1	2.2326455382648116	2.2326455382648116	2.2326455382648116
KCNMA1_KCNMB4	MICAL2	1	1	2.2314596373605706	2.2314596373605706	2.2314596373605706
KCNMA1_KCNMB4	NCKAP5	1	1	2.2147196807338068	2.2147196807338068	2.2147196807338068
KCNMA1_KCNMB4	RCAN1	2	1	2.1440914809497857	4.319487500542465	-0.031304538642893585
KCNMA1_KCNMB4	ANKRD10	1	1	2.122789566977424	2.122789566977424	2.122789566977424
KCNMA1_KCNMB4	IFIT2	1	1	2.090231765932715	2.090231765932715	2.090231765932715
KCNMA1_KCNMB4	SYNC	1	1	2.087186564395349	2.087186564395349	2.087186564395349
KCNMA1_KCNMB4	CCDC3	2	1	2.0857245086514165	6.49463745321702	-2.3231884359141874
KCNMA1_KCNMB4	TTC9	1	1	2.0856505981771716	2.0856505981771716	2.0856505981771716
KCNMA1_KCNMB4	ADAMTS12	1	1	2.0791914206233617	2.0791914206233617	2.0791914206233617
KCNMA1_KCNMB4	MUCL1	1	1	2.069761654958811	2.069761654958811	2.069761654958811
KCNMA1_KCNMB4	S100B	1	1	2.060238483472759	2.060238483472759	2.060238483472759
KCNMA1_KCNMB4	MFGE8	1	1	2.0600529548810282	2.0600529548810282	2.0600529548810282
KCNMA1_KCNMB4	SCARF1	1	1	2.0460283373497146	2.0460283373497146	2.0460283373497146
KCNMA1_KCNMB4	OASL	1	1	2.034863487093835	2.034863487093835	2.034863487093835
KCNMA1_KCNMB4	NPDC1	1	1	2.0187481948694526	2.0187481948694526	2.0187481948694526
KCNMA1_KCNMB4	ERBB2	1	1	2.0088520361882902	2.0088520361882902	2.0088520361882902
KCNMA1_KCNMB4	CCNI	1	1	1.9607671918006022	1.9607671918006022	1.9607671918006022
KCNMA1_KCNMB4	TSC22D1	2	1	1.9579832250028781	7.893817504855226	-3.97785105484947
KCNMA1_KCNMB4	KRTDAP	1	1	1.9527291692652027	1.9527291692652027	1.9527291692652027
KCNMA1_KCNMB4	PCDH7	2	1	1.950763928627155	4.658573522800727	-0.757045665546417
KCNMA1_KCNMB4	CSF1	1	1	1.948519789239063	1.948519789239063	1.948519789239063
KCNMA1_KCNMB4	TNFRSF9	1	1	1.9396303779620376	1.9396303779620376	1.9396303779620376
KCNMA1_KCNMB4	CST3	1	1	1.891556531123173	1.891556531123173	1.891556531123173
KCNMA1_KCNMB4	VCAM1	1	1	1.8867435013255036	1.8867435013255036	1.8867435013255036
KCNMA1_KCNMB4	POU2F3	1	1	1.8753919466328244	1.8753919466328244	1.8753919466328244
KCNMA1_KCNMB4	MAB21L4	1	1	1.8693176558324012	1.8693176558324012	1.8693176558324012
KCNMA1_KCNMB4	KDM6B	1	1	1.836520846934058	1.836520846934058	1.836520846934058
KCNMA1_KCNMB4	TMEM70	1	1	1.827767899218201	1.827767899218201	1.827767899218201
KCNMA1_KCNMB4	DERL3	1	1	1.8277058042952472	1.8277058042952472	1.8277058042952472
KCNMA1_KCNMB4	PDLIM5	2	1	1.8271321696077945	5.776254615107681	-2.121990275892092
KCNMA1_KCNMB4	SYT7	1	1	1.819629225373221	1.819629225373221	1.819629225373221
KCNMA1_KCNMB4	CYP21A2	1	1	1.796230489926454	1.796230489926454	1.796230489926454
KCNMA1_KCNMB4	HLA-DRB1	1	1	1.7939136873898134	1.7939136873898134	1.7939136873898134
KCNMA1_KCNMB4	SLC1A5	1	1	1.7880513899270156	1.7880513899270156	1.7880513899270156
KCNMA1_KCNMB4	PPP1R15A	2	1	1.7776839337340253	4.711954303102814	-1.156586435634764
KCNMA1_KCNMB4	FDCSP	1	1	1.7747210085694871	1.7747210085694871	1.7747210085694871
KCNMA1_KCNMB4	CDH2	1	1	1.770523024204359	1.770523024204359	1.770523024204359
KCNMA1_KCNMB4	SLC12A7	1	1	1.7701728934108973	1.7701728934108973	1.7701728934108973
KCNMA1_KCNMB4	IFNGR2	1	1	1.7665738183815527	1.7665738183815527	1.7665738183815527
KCNMA1_KCNMB4	HLA-DQB2	1	1	1.7633694021890538	1.7633694021890538	1.7633694021890538
KCNMA1_KCNMB4	LTB4R	1	1	1.7380832578983862	1.7380832578983862	1.7380832578983862
KCNMA1_KCNMB4	CXCL10	1	1	1.7259770060320598	1.7259770060320598	1.7259770060320598
KCNMA1_KCNMB4	PTPRN	1	1	1.7233924875183857	1.7233924875183857	1.7233924875183857
KCNMA1_KCNMB4	CX3CL1	1	1	1.7176321709575082	1.7176321709575082	1.7176321709575082
KCNMA1_KCNMB4	ANKRD22	1	1	1.7166933208856632	1.7166933208856632	1.7166933208856632
KCNMA1_KCNMB4	KEL	1	1	1.7156454380208535	1.7156454380208535	1.7156454380208535
KCNMA1_KCNMB4	ARNT2	1	1	1.707593295589137	1.707593295589137	1.707593295589137
KCNMA1_KCNMB4	B4GALT1	1	1	1.696498060601933	1.696498060601933	1.696498060601933
KCNMA1_KCNMB4	ACIN1	1	1	1.686505888498144	1.686505888498144	1.686505888498144
KCNMA1_KCNMB4	HMOX1	2	1	1.671644533414949	4.498649515509305	-1.155360448679407
KCNMA1_KCNMB4	RGS9	1	1	1.6687861823977794	1.6687861823977794	1.6687861823977794
KCNMA1_KCNMB4	ITGB5	2	1	1.664918755571759	6.19455593938632	-2.864718428242802
KCNMA1_KCNMB4	CDH19	1	1	1.6604774822446786	1.6604774822446786	1.6604774822446786
KCNMA1_KCNMB4	ZNF888	1	1	1.6594820814286189	1.6594820814286189	1.6594820814286189
KCNMA1_KCNMB4	RAC1	1	1	1.6368063751176127	1.6368063751176127	1.6368063751176127
KCNMA1_KCNMB4	CDKN1A	2	1	1.6323169533916224	4.821669267280647	-1.5570353604974028
KCNMA1_KCNMB4	TCEAL4	1	1	1.6307593927776378	1.6307593927776378	1.6307593927776378
KCNMA1_KCNMB4	TLCD3A	1	1	1.6299184589905198	1.6299184589905198	1.6299184589905198
KCNMA1_KCNMB4	COL19A1	1	1	1.6209276681140925	1.6209276681140925	1.6209276681140925
KCNMA1_KCNMB4	FCGR2B	2	1	1.5966038284432102	3.5049989779923267	-0.3117913211059064
KCNMA1_KCNMB4	HLA-DOA	1	1	1.5918543975292747	1.5918543975292747	1.5918543975292747
KCNMA1_KCNMB4	ACTC1	1	1	1.5853834929380604	1.5853834929380604	1.5853834929380604
KCNMA1_KCNMB4	RCC2	1	1	1.580389003283624	1.580389003283624	1.580389003283624
KCNMA1_KCNMB4	CSTA	1	1	1.5700637617978295	1.5700637617978295	1.5700637617978295
KCNMA1_KCNMB4	CYP17A1	1	1	1.5640523711240764	1.5640523711240764	1.5640523711240764
KCNMA1_KCNMB4	TLE5	1	1	1.5366231102578634	1.5366231102578634	1.5366231102578634
KCNMA1_KCNMB4	CYP1A1	1	1	1.5322812364439213	1.5322812364439213	1.5322812364439213
KCNMA1_KCNMB4	KSR1	1	1	1.525992812401257	1.525992812401257	1.525992812401257
KCNMA1_KCNMB4	DSC3	1	1	1.5231120744933293	1.5231120744933293	1.5231120744933293
KCNMA1_KCNMB4	TAF15	1	1	1.5079553153595677	1.5079553153595677	1.5079553153595677
KCNMA1_KCNMB4	SLC38A2	1	1	1.5061670344480773	1.5061670344480773	1.5061670344480773
KCNMA1_KCNMB4	CLEC2A	1	1	1.5060972084362356	1.5060972084362356	1.5060972084362356
KCNMA1_KCNMB4	CHRDL1	1	1	1.5002170973791382	1.5002170973791382	1.5002170973791382
KCNMA1_KCNMB4	SLC7A2	1	1	1.4940377693787255	1.4940377693787255	1.4940377693787255
KCNMA1_KCNMB4	GPX4	1	1	1.4910099731164164	1.4910099731164164	1.4910099731164164
KCNMA1_KCNMB4	IL11	1	1	1.4898280526462218	1.4898280526462218	1.4898280526462218
KCNMA1_KCNMB4	KLK8	2	1	1.4870918158584163	4.298539195672859	-1.3243555639560263
KCNMA1_KCNMB4	RANBP3L	2	1	1.486765436901131	4.627957038939408	-1.654426165137146
KCNMA1_KCNMB4	BANF1	1	1	1.4813897790016948	1.4813897790016948	1.4813897790016948
KCNMA1_KCNMB4	KRT20	2	1	1.4619353856641826	4.245141304703291	-1.3212705333749262
KCNMA1_KCNMB4	LTBP2	1	1	1.4614723702602896	1.4614723702602896	1.4614723702602896
KCNMA1_KCNMB4	GRHL3	1	1	1.4442620617535344	1.4442620617535344	1.4442620617535344
KCNMA1_KCNMB4	GRAMD1B	1	1	1.4344167290158991	1.4344167290158991	1.4344167290158991
KCNMA1_KCNMB4	PSAPL1	1	1	1.4279441825251273	1.4279441825251273	1.4279441825251273
KCNMA1_KCNMB4	PCSK1N	1	1	1.4172166861403928	1.4172166861403928	1.4172166861403928
KCNMA1_KCNMB4	TENT5C	1	1	1.4116203543014472	1.4116203543014472	1.4116203543014472
KCNMA1_KCNMB4	C1QL1	1	1	1.4006813147266988	1.4006813147266988	1.4006813147266988
KCNMA1_KCNMB4	LBH	2	1	1.3980565529339017	3.2313822901871267	-0.43526918431932343
KCNMA1_KCNMB4	MARCKS	1	1	1.3927325086506543	1.3927325086506543	1.3927325086506543
KCNMA1_KCNMB4	RACK1	1	1	1.3876481773742753	1.3876481773742753	1.3876481773742753
KCNMA1_KCNMB4	HDAC7	1	1	1.3867669064911774	1.3867669064911774	1.3867669064911774
KCNMA1_KCNMB4	SLURP1	1	1	1.3862074320030202	1.3862074320030202	1.3862074320030202
KCNMA1_KCNMB4	RNF19B	1	1	1.3799776814354963	1.3799776814354963	1.3799776814354963
KCNMA1_KCNMB4	KRT1	1	1	1.3795641892204633	1.3795641892204633	1.3795641892204633
KCNMA1_KCNMB4	AMTN	1	1	1.3423484312401444	1.3423484312401444	1.3423484312401444
KCNMA1_KCNMB4	FCMR	2	1	1.3350405034239696	2.756635278141351	-0.08655427129341157
KCNMA1_KCNMB4	GABARAP	1	1	1.334974046451571	1.334974046451571	1.334974046451571
KCNMA1_KCNMB4	CASP14	1	1	1.3252771646575392	1.3252771646575392	1.3252771646575392
KCNMA1_KCNMB4	WFDC5	1	1	1.3250575691389783	1.3250575691389783	1.3250575691389783
KCNMA1_KCNMB4	FDX1	1	1	1.3198255678740594	1.3198255678740594	1.3198255678740594
KCNMA1_KCNMB4	FAM166B	1	1	1.3193834570883949	1.3193834570883949	1.3193834570883949
KCNMA1_KCNMB4	TXNDC5	1	1	1.3141174242813534	1.3141174242813534	1.3141174242813534
KCNMA1_KCNMB4	RHOV	1	1	1.311119696519301	1.311119696519301	1.311119696519301
KCNMA1_KCNMB4	DSG1	1	1	1.2966830454016165	1.2966830454016165	1.2966830454016165
KCNMA1_KCNMB4	LRP4	1	1	1.2933443549064398	1.2933443549064398	1.2933443549064398
KCNMA1_KCNMB4	SMIM3	1	1	1.2905359938494816	1.2905359938494816	1.2905359938494816
KCNMA1_KCNMB4	CD82	1	1	1.275264050927492	1.275264050927492	1.275264050927492
KCNMA1_KCNMB4	SRRM2	1	1	1.2704514635251638	1.2704514635251638	1.2704514635251638
KCNMA1_KCNMB4	NECTIN2	1	1	1.2548195653859913	1.2548195653859913	1.2548195653859913
KCNMA1_KCNMB4	SPRR2G	1	1	1.2442378008904926	1.2442378008904926	1.2442378008904926
KCNMA1_KCNMB4	FHL5	1	1	1.240112560321689	1.240112560321689	1.240112560321689
KCNMA1_KCNMB4	KRT73	1	1	1.20596266998874	1.20596266998874	1.20596266998874
KCNMA1_KCNMB4	CHP2	1	1	1.2051855214164628	1.2051855214164628	1.2051855214164628
KCNMA1_KCNMB4	THEM5	1	1	1.1975660674932675	1.1975660674932675	1.1975660674932675
KCNMA1_KCNMB4	HLA-E	1	1	1.1913622201951481	1.1913622201951481	1.1913622201951481
KCNMA1_KCNMB4	SBSN	1	1	1.1846112360191219	1.1846112360191219	1.1846112360191219
KCNMA1_KCNMB4	MAZ	1	1	1.1831410331364283	1.1831410331364283	1.1831410331364283
KCNMA1_KCNMB4	NFIB	1	1	1.182262674195465	1.182262674195465	1.182262674195465
KCNMA1_KCNMB4	KRT2	1	1	1.1782292622218569	1.1782292622218569	1.1782292622218569
KCNMA1_KCNMB4	CYP11B1	1	1	1.173463953502459	1.173463953502459	1.173463953502459
KCNMA1_KCNMB4	PTPA	1	1	1.1543282547979055	1.1543282547979055	1.1543282547979055
KCNMA1_KCNMB4	ADAMTS9	2	1	1.149651953848633	2.351779525722652	-0.052475618025386146
KCNMA1_KCNMB4	MED13L	1	1	1.1372411220960588	1.1372411220960588	1.1372411220960588
KCNMA1_KCNMB4	FXYD1	2	1	1.130380985036319	6.026017975755644	-3.765256005683006
KCNMA1_KCNMB4	HEXA	1	1	1.1207380149840955	1.1207380149840955	1.1207380149840955
KCNMA1_KCNMB4	IL4R	1	1	1.1025722541018221	1.1025722541018221	1.1025722541018221
KCNMA1_KCNMB4	ETNK1	1	1	1.1023554576448669	1.1023554576448669	1.1023554576448669
KCNMA1_KCNMB4	LYPD2	2	1	1.0988991789174738	5.285303583801438	-3.0875052259664906
KCNMA1_KCNMB4	IL22RA2	1	1	1.0770805349527852	1.0770805349527852	1.0770805349527852
KCNMA1_KCNMB4	FXYD6	2	1	1.0738595043571952	6.824703028145845	-4.676984019431455
KCNMA1_KCNMB4	FTH1	1	1	1.0547824499380616	1.0547824499380616	1.0547824499380616
KCNMA1_KCNMB4	KRT4	1	1	1.0489815603096913	1.0489815603096913	1.0489815603096913
KCNMA1_KCNMB4	MYH9	1	1	1.0363601833458487	1.0363601833458487	1.0363601833458487
KCNMA1_KCNMB4	SPRR4	1	1	1.0212369702132609	1.0212369702132609	1.0212369702132609
KCNMA1_KCNMB4	GATA3	1	1	1.017347790312662	1.017347790312662	1.017347790312662
KCNMA1_KCNMB4	TENT5B	1	1	1.0086363710820063	1.0086363710820063	1.0086363710820063
KCNMA1_KCNMB4	CDH5	1	1	1.006513164008786	1.006513164008786	1.006513164008786
KCNMA1_KCNMB4	PDE1C	1	1	0.9927851701774177	0.9927851701774177	0.9927851701774177
KCNMA1_KCNMB4	CHIA	1	1	0.9750264575748091	0.9750264575748091	0.9750264575748091
KCNMA1_KCNMB4	ACSL1	1	1	0.9669635039932111	0.9669635039932111	0.9669635039932111
KCNMA1_KCNMB4	HS3ST6	1	1	0.9662575133845542	0.9662575133845542	0.9662575133845542
KCNMA1_KCNMB4	VAT1L	1	1	0.9583142735239721	0.9583142735239721	0.9583142735239721
KCNMA1_KCNMB4	TRBC1	2	1	0.9395048243118538	2.958286589861733	-1.0792769412380254
KCNMA1_KCNMB4	MOB4	1	1	0.938119508171489	0.938119508171489	0.938119508171489
KCNMA1_KCNMB4	C1orf68	1	1	0.9362675168568585	0.9362675168568585	0.9362675168568585
KCNMA1_KCNMB4	GKN1	1	1	0.9350745272037911	0.9350745272037911	0.9350745272037911
KCNMA1_KCNMB4	POU3F1	1	1	0.9317915169049268	0.9317915169049268	0.9317915169049268
KCNMA1_KCNMB4	NDRG1	1	1	0.9296694135379117	0.9296694135379117	0.9296694135379117
KCNMA1_KCNMB4	ALOX5AP	1	1	0.9252498747505555	0.9252498747505555	0.9252498747505555
KCNMA1_KCNMB4	KRT10	1	1	0.9172416583449291	0.9172416583449291	0.9172416583449291
KCNMA1_KCNMB4	CCR7	2	1	0.915901184596968	2.7727988126933902	-0.9409964434994543
KCNMA1_KCNMB4	CD9	1	1	0.9117208113761768	0.9117208113761768	0.9117208113761768
KCNMA1_KCNMB4	CERS3	1	1	0.8920901954533513	0.8920901954533513	0.8920901954533513
KCNMA1_KCNMB4	PRPH	1	1	0.8917803548281744	0.8917803548281744	0.8917803548281744
KCNMA1_KCNMB4	NAP1L5	1	1	0.8907293888607781	0.8907293888607781	0.8907293888607781
KCNMA1_KCNMB4	CCL8	1	1	0.8792933946687584	0.8792933946687584	0.8792933946687584
KCNMA1_KCNMB4	OSR1	1	1	0.8752749031955191	0.8752749031955191	0.8752749031955191
KCNMA1_KCNMB4	LOR	1	1	0.8744356999218623	0.8744356999218623	0.8744356999218623
KCNMA1_KCNMB4	PTPRC	2	1	0.868361339736226	2.3128544190221305	-0.5761317395496787
KCNMA1_KCNMB4	ABTB2	1	1	0.861270738038905	0.861270738038905	0.861270738038905
KCNMA1_KCNMB4	CDHR1	1	1	0.8605380171277922	0.8605380171277922	0.8605380171277922
KCNMA1_KCNMB4	JAZF1	1	1	0.8216725567002149	0.8216725567002149	0.8216725567002149
KCNMA1_KCNMB4	CTNNBIP1	1	1	0.8188769040638479	0.8188769040638479	0.8188769040638479
KCNMA1_KCNMB4	KLF6	2	1	0.8184668727706814	6.909339771136305	-5.272406025594942
KCNMA1_KCNMB4	PTGES3	1	1	0.8050990851400975	0.8050990851400975	0.8050990851400975
KCNMA1_KCNMB4	GRIPAP1	1	1	0.8023482961393014	0.8023482961393014	0.8023482961393014
KCNMA1_KCNMB4	CYB5B	1	1	0.8008878841020216	0.8008878841020216	0.8008878841020216
KCNMA1_KCNMB4	SCARB1	1	1	0.796759824874886	0.796759824874886	0.796759824874886
KCNMA1_KCNMB4	FNDC4	1	1	0.7962067967967339	0.7962067967967339	0.7962067967967339
KCNMA1_KCNMB4	BNIPL	1	1	0.7961770096827683	0.7961770096827683	0.7961770096827683
KCNMA1_KCNMB4	TRIM28	1	1	0.7942451842933435	0.7942451842933435	0.7942451842933435
KCNMA1_KCNMB4	DAPL1	1	1	0.7875918517458567	0.7875918517458567	0.7875918517458567
KCNMA1_KCNMB4	ANGPTL7	1	1	0.7871843014889401	0.7871843014889401	0.7871843014889401
KCNMA1_KCNMB4	SFRP1	1	1	0.7848577151733123	0.7848577151733123	0.7848577151733123
KCNMA1_KCNMB4	IL1RN	1	1	0.7769773711597814	0.7769773711597814	0.7769773711597814
KCNMA1_KCNMB4	FN3K	1	1	0.7762155475667298	0.7762155475667298	0.7762155475667298
KCNMA1_KCNMB4	RBP5	1	1	0.7750517881071088	0.7750517881071088	0.7750517881071088
KCNMA1_KCNMB4	MYEOV	1	1	0.7684836012084588	0.7684836012084588	0.7684836012084588
KCNMA1_KCNMB4	LSP1	1	1	0.7648846807950613	0.7648846807950613	0.7648846807950613
KCNMA1_KCNMB4	GABRE	1	1	0.7636271712510587	0.7636271712510587	0.7636271712510587
KCNMA1_KCNMB4	SCGB1D2	1	1	0.7633756435181281	0.7633756435181281	0.7633756435181281
KCNMA1_KCNMB4	SOAT1	1	1	0.7585869044478947	0.7585869044478947	0.7585869044478947
KCNMA1_KCNMB4	NPNT	1	1	0.7545781396652614	0.7545781396652614	0.7545781396652614
KCNMA1_KCNMB4	ALDH3A2	1	1	0.7540469230126405	0.7540469230126405	0.7540469230126405
KCNMA1_KCNMB4	MX2	1	1	0.7408545775591006	0.7408545775591006	0.7408545775591006
KCNMA1_KCNMB4	ERN1	1	1	0.7334635776900367	0.7334635776900367	0.7334635776900367
KCNMA1_KCNMB4	LENG8	1	1	0.7257054542579346	0.7257054542579346	0.7257054542579346
KCNMA1_KCNMB4	MPST	1	1	0.7255831031605996	0.7255831031605996	0.7255831031605996
KCNMA1_KCNMB4	MT1H	1	1	0.724227933121701	0.724227933121701	0.724227933121701
KCNMA1_KCNMB4	FLG	1	1	0.7237593853103236	0.7237593853103236	0.7237593853103236
KCNMA1_KCNMB4	GUCY1A1	2	1	0.7198187249370838	5.587960636341584	-4.148323186467416
KCNMA1_KCNMB4	SOX10	1	1	0.7164320518064126	0.7164320518064126	0.7164320518064126
KCNMA1_KCNMB4	NFASC	2	1	0.7091827582895824	6.252007084647161	-4.833641568067996
KCNMA1_KCNMB4	MMP19	2	1	0.7063868047618261	2.437791163896047	-1.025017554372395
KCNMA1_KCNMB4	PGLYRP3	1	1	0.7061255360048513	0.7061255360048513	0.7061255360048513
KCNMA1_KCNMB4	HGS	1	1	0.7052051390683107	0.7052051390683107	0.7052051390683107
KCNMA1_KCNMB4	PGAP1	1	1	0.7027064417763529	0.7027064417763529	0.7027064417763529
KCNMA1_KCNMB4	LDLR	1	1	0.7001029734018483	0.7001029734018483	0.7001029734018483
KCNMA1_KCNMB4	NCSTN	1	1	0.6866481077601362	0.6866481077601362	0.6866481077601362
KCNMA1_KCNMB4	CCL27	1	1	0.6761348955909792	0.6761348955909792	0.6761348955909792
KCNMA1_KCNMB4	PKP1	1	1	0.6637420284139001	0.6637420284139001	0.6637420284139001
KCNMA1_KCNMB4	CORO1A	1	1	0.662691654587285	0.662691654587285	0.662691654587285
KCNMA1_KCNMB4	LUC7L3	1	1	0.6607831603107381	0.6607831603107381	0.6607831603107381
KCNMA1_KCNMB4	NDUFB9	1	1	0.6567222281046754	0.6567222281046754	0.6567222281046754
KCNMA1_KCNMB4	FLG2	1	1	0.6564595124367234	0.6564595124367234	0.6564595124367234
KCNMA1_KCNMB4	ZNF750	1	1	0.6558988531743242	0.6558988531743242	0.6558988531743242
KCNMA1_KCNMB4	DMKN	1	1	0.6495136286286385	0.6495136286286385	0.6495136286286385
KCNMA1_KCNMB4	CREM	1	1	0.6476430284454864	0.6476430284454864	0.6476430284454864
KCNMA1_KCNMB4	DUOXA1	1	1	0.6353693268640164	0.6353693268640164	0.6353693268640164
KCNMA1_KCNMB4	TNFRSF11B	1	1	0.6318742348188607	0.6318742348188607	0.6318742348188607
KCNMA1_KCNMB4	DNAJB1	2	1	0.6224216554716335	4.840033459710342	-3.5951901487670748
KCNMA1_KCNMB4	LYPD3	1	1	0.6182017140804721	0.6182017140804721	0.6182017140804721
KCNMA1_KCNMB4	CABP7	1	1	0.6180858440671042	0.6180858440671042	0.6180858440671042
KCNMA1_KCNMB4	CALN1	1	1	0.6165023918987832	0.6165023918987832	0.6165023918987832
KCNMA1_KCNMB4	VRK2	1	1	0.6127791435456668	0.6127791435456668	0.6127791435456668
KCNMA1_KCNMB4	SLC23A2	1	1	0.6089998293676238	0.6089998293676238	0.6089998293676238
KCNMA1_KCNMB4	CYP11B2	1	1	0.6072707802757781	0.6072707802757781	0.6072707802757781
KCNMA1_KCNMB4	TSC22D3	2	1	0.6040009936832279	2.1581117596405313	-0.9501097722740754
KCNMA1_KCNMB4	KRT81	1	1	0.5921937515662821	0.5921937515662821	0.5921937515662821
KCNMA1_KCNMB4	CXCL13	2	1	0.589162407228792	1.7555257213363407	-0.5772009068787567
KCNMA1_KCNMB4	KRT80	1	1	0.5853357961218424	0.5853357961218424	0.5853357961218424
KCNMA1_KCNMB4	AHR	1	1	0.5737584447766	0.5737584447766	0.5737584447766
KCNMA1_KCNMB4	CPEB4	1	1	0.5382072413835599	0.5382072413835599	0.5382072413835599
KCNMA1_KCNMB4	DEGS1	1	1	0.5369609683283596	0.5369609683283596	0.5369609683283596
KCNMA1_KCNMB4	MX1	2	1	0.5296617270895319	1.285738745417773	-0.22641529123870946
KCNMA1_KCNMB4	CBLIF	1	1	0.527213382058952	0.527213382058952	0.527213382058952
KCNMA1_KCNMB4	PTK6	1	1	0.5230451670666595	0.5230451670666595	0.5230451670666595
KCNMA1_KCNMB4	PIP	1	1	0.5134373960564552	0.5134373960564552	0.5134373960564552
KCNMA1_KCNMB4	DSC1	1	1	0.5076523067712804	0.5076523067712804	0.5076523067712804
KCNMA1_KCNMB4	CDK6	1	1	0.49967772052180254	0.49967772052180254	0.49967772052180254
KCNMA1_KCNMB4	ANAPC16	1	1	0.49446570953641844	0.49446570953641844	0.49446570953641844
KCNMA1_KCNMB4	SLC16A9	1	1	0.49118775439025636	0.49118775439025636	0.49118775439025636
KCNMA1_KCNMB4	ALKAL2	1	1	0.4867868278895394	0.4867868278895394	0.4867868278895394
KCNMA1_KCNMB4	IKBKE	1	1	0.45743001456871923	0.45743001456871923	0.45743001456871923
KCNMA1_KCNMB4	DSP	1	1	0.4545864581426599	0.4545864581426599	0.4545864581426599
KCNMA1_KCNMB4	XBP1	2	1	0.42554999913523744	1.4278473106365726	-0.5767473123660977
KCNMA1_KCNMB4	PLTP	1	1	0.4221076358371054	0.4221076358371054	0.4221076358371054
KCNMA1_KCNMB4	ZNF503	1	1	0.39813100223556347	0.39813100223556347	0.39813100223556347
KCNMA1_KCNMB4	VWA5B2	1	1	0.39184715248423696	0.39184715248423696	0.39184715248423696
KCNMA1_KCNMB4	NSG1	1	1	0.38334283349006476	0.38334283349006476	0.38334283349006476
KCNMA1_KCNMB4	LONRF2	1	1	0.3766657427305391	0.3766657427305391	0.3766657427305391
KCNMA1_KCNMB4	TGFBR3	1	1	0.3753998041739103	0.3753998041739103	0.3753998041739103
KCNMA1_KCNMB4	ATP6V1C2	1	1	0.3750452423933906	0.3750452423933906	0.3750452423933906
KCNMA1_KCNMB4	PGA5	1	1	0.3724643729426262	0.3724643729426262	0.3724643729426262
KCNMA1_KCNMB4	G6PC2	2	1	0.3490131197761943	1.414546609876577	-0.7165203703241885
KCNMA1_KCNMB4	SERPINA12	1	1	0.3467095106734	0.3467095106734	0.3467095106734
KCNMA1_KCNMB4	MCOLN3	1	1	0.3404523106204232	0.3404523106204232	0.3404523106204232
KCNMA1_KCNMB4	CTNNAL1	1	1	0.34036964120246993	0.34036964120246993	0.34036964120246993
KCNMA1_KCNMB4	SEMA6A	1	1	0.32974501188091765	0.32974501188091765	0.32974501188091765
KCNMA1_KCNMB4	MT1A	1	1	0.32696786686337315	0.32696786686337315	0.32696786686337315
KCNMA1_KCNMB4	SEPTIN1	1	1	0.3171550651540014	0.3171550651540014	0.3171550651540014
KCNMA1_KCNMB4	CEACAM1	1	1	0.3137825545274841	0.3137825545274841	0.3137825545274841
KCNMA1_KCNMB4	STEAP4	1	1	0.31302584160565716	0.31302584160565716	0.31302584160565716
KCNMA1_KCNMB4	IMPA2	1	1	0.31000964776461176	0.31000964776461176	0.31000964776461176
KCNMA1_KCNMB4	LAMB4	1	1	0.30396602859221383	0.30396602859221383	0.30396602859221383
KCNMA1_KCNMB4	MME	1	1	0.302367567372862	0.302367567372862	0.302367567372862
KCNMA1_KCNMB4	KLHDC8B	1	1	0.3002216996228297	0.3002216996228297	0.3002216996228297
KCNMA1_KCNMB4	DHCR24	1	1	0.30014877525171446	0.30014877525171446	0.30014877525171446
KCNMA1_KCNMB4	DLX3	1	1	0.2957413752578933	0.2957413752578933	0.2957413752578933
KCNMA1_KCNMB4	ZNF275	1	1	0.27824696074393007	0.27824696074393007	0.27824696074393007
KCNMA1_KCNMB4	SLC6A9	2	1	0.27488572298157654	1.8133611250659742	-1.2635896791028212
KCNMA1_KCNMB4	CYP11A1	1	1	0.27442046325281305	0.27442046325281305	0.27442046325281305
KCNMA1_KCNMB4	HOXA5	1	1	0.2725488197890825	0.2725488197890825	0.2725488197890825
KCNMA1_KCNMB4	PERP	2	1	0.2720699644197172	1.6294385975283938	-1.0852986686889594
KCNMA1_KCNMB4	TP63	1	1	0.26890901400473244	0.26890901400473244	0.26890901400473244
KCNMA1_KCNMB4	TNFAIP2	1	1	0.2657677587346204	0.2657677587346204	0.2657677587346204
KCNMA1_KCNMB4	CRLF1	1	1	0.2534505815243249	0.2534505815243249	0.2534505815243249
KCNMA1_KCNMB4	HIST1H1B	2	1	0.24394577845615972	1.0699781883827217	-0.5820866314704023
KCNMA1_KCNMB4	KRT6B	1	1	0.24317341168359663	0.24317341168359663	0.24317341168359663
KCNMA1_KCNMB4	IVL	1	1	0.22959883660881883	0.22959883660881883	0.22959883660881883
KCNMA1_KCNMB4	TBX3	1	1	0.22874709663361414	0.22874709663361414	0.22874709663361414
KCNMA1_KCNMB4	HIST1H4A	2	1	0.21555093004640657	1.353753372364406	-0.9226515122715928
KCNMA1_KCNMB4	C2orf66	1	1	0.210235227340161	0.210235227340161	0.210235227340161
KCNMA1_KCNMB4	SPATA20	1	1	0.2071086769045556	0.2071086769045556	0.2071086769045556
KCNMA1_KCNMB4	EPHX1	1	1	0.19006333560834918	0.19006333560834918	0.19006333560834918
KCNMA1_KCNMB4	MAPK4	1	1	0.17438341835056909	0.17438341835056909	0.17438341835056909
KCNMA1_KCNMB4	CR2	1	1	0.17213205379348356	0.17213205379348356	0.17213205379348356
KCNMA1_KCNMB4	ATP4A	1	1	0.16392674926295836	0.16392674926295836	0.16392674926295836
KCNMA1_KCNMB4	PEG3	1	1	0.1561212013216831	0.1561212013216831	0.1561212013216831
KCNMA1_KCNMB4	JPH1	1	1	0.14927509355586352	0.14927509355586352	0.14927509355586352
KCNMA1_KCNMB4	IRF8	1	1	0.14538321574025723	0.14538321574025723	0.14538321574025723
KCNMA1_KCNMB4	IGFBP7	2	1	0.13525245542693787	3.4407839172568124	-3.1702790064029367
KCNMA1_KCNMB4	TAF11L2	1	1	0.12931499203621252	0.12931499203621252	0.12931499203621252
KCNMA1_KCNMB4	IL24	1	1	0.12723458255880185	0.12723458255880185	0.12723458255880185
KCNMA1_KCNMB4	CASP9	1	1	0.12715643456781786	0.12715643456781786	0.12715643456781786
KCNMA1_KCNMB4	TPD52L1	1	1	0.12215161566243714	0.12215161566243714	0.12215161566243714
KCNMA1_KCNMB4	DNAJC12	1	1	0.1169725216083111	0.1169725216083111	0.1169725216083111
KCNMA1_KCNMB4	KCNQ1	1	1	0.11438927171998409	0.11438927171998409	0.11438927171998409
KCNMA1_KCNMB4	GATD1	1	1	0.10641412394651832	0.10641412394651832	0.10641412394651832
KCNMA1_KCNMB4	ATP4B	1	1	0.10305087352589049	0.10305087352589049	0.10305087352589049
KCNMA1_KCNMB4	SPRY4	1	1	0.10139298050535193	0.10139298050535193	0.10139298050535193
KCNMA1_KCNMB4	SEMA3C	2	1	0.09602118319128139	2.116836889849989	-1.9247945234674262
KCNMA1_KCNMB4	MGARP	1	1	0.09132259762700953	0.09132259762700953	0.09132259762700953
KCNMA1_KCNMB4	CDCP1	1	1	0.07837150130594578	0.07837150130594578	0.07837150130594578
KCNMA1_KCNMB4	CTSC	1	1	0.06676610048542109	0.06676610048542109	0.06676610048542109
KCNMA1_KCNMB4	TGM3	1	1	0.05863955677362877	0.05863955677362877	0.05863955677362877
KCNMA1_KCNMB4	TYK2	1	1	0.05644733358734618	0.05644733358734618	0.05644733358734618
KCNMA1_KCNMB4	DHCR7	1	1	0.025772617341580335	0.025772617341580335	0.025772617341580335
KCNMA1_KCNMB4	ABCB1	1	1	0.02536119605188731	0.02536119605188731	0.02536119605188731
KCNMA1_KCNMB4	CDC123	1	1	0.010650693581699934	0.010650693581699934	0.010650693581699934
KCNMA1_KCNMB4	CST4	2	1	-0.01177023165452551	0.6585389785263385	-0.6820794418353895
KCNMA1_KCNMB4	TNFRSF12A	2	1	-0.03359074147154972	4.69593458433831	-4.763116067281409
KCNMA1_KCNMB4	IGLV6-57	3	1	-0.04558284276869287	3.2598247355902	-3.7240341989265726
KCNMA1_KCNMB4	MARCKSL1	2	1	-0.057789694863330965	1.8293431229176103	-1.9449225126442722
KCNMA1_KCNMB4	DCBLD2	2	1	-0.13918263681534304	4.482534773104639	-4.760900046735325
KCNMA1_KCNMB4	PHGR1	2	1	-0.14735355914510842	0.09456916040987505	-0.3892762787000919
KCNMA1_KCNMB4	CD52	2	1	-0.1528409977422609	0.5765704775965916	-0.8822524730811134
KCNMA1_KCNMB4	EGR3	2	1	-0.1949935746322955	2.2156458067478106	-2.6056329560124016
KCNMA1_KCNMB4	KRT14	2	1	-0.2192430693142654	1.9982599407120085	-2.4367460793405393
KCNMA1_KCNMB4	IL32	3	1	-0.23724164074201656	3.272584940309174	-3.0503824188301305
KCNMA1_KCNMB4	CCL20	2	1	-0.24150794219356708	0.5163077735780582	-0.9993236579651924
KCNMA1_KCNMB4	PLAT	3	1	-0.28184101699770553	1.7923093063872846	-0.6674422311252338
KCNMA1_KCNMB4	TM4SF4	3	1	-0.29355000686868515	4.639516685322487	-8.095026437029912
KCNMA1_KCNMB4	AHNAK2	3	1	-0.31634567706277655	0.46096733917145644	-2.8027771985430765
KCNMA1_KCNMB4	S100A4	5	1	-0.31751814861730726	1.276189275394197	-1.2239607170712419
KCNMA1_KCNMB4	TFCP2L1	2	1	-0.3208188435258015	0.18097455591252162	-0.8226122429641246
KCNMA1_KCNMB4	PADI1	4	1	-0.34305835216388153	0.823963415254778	-2.7251319523756043
KCNMA1_KCNMB4	KRT23	3	1	-0.3626409189003441	4.310999960884	-0.8433590868036369
KCNMA1_KCNMB4	CRIP1	3	1	-0.36420500733151967	0.11282296250710253	-3.9738670316553897
KCNMA1_KCNMB4	MDK	2	1	-0.39030733019550284	0.18493513059530464	-0.9655497909863103
KCNMA1_KCNMB4	MIF	2	1	-0.4046304842154018	0.3231824419993099	-1.1324434104301135
KCNMA1_KCNMB4	CLDN1	3	1	-0.42834764784385426	0.7172026135893784	-7.22931738592287
KCNMA1_KCNMB4	S100A16	3	1	-0.4307851116134058	3.564094307102085	-3.3078216855480984
KCNMA1_KCNMB4	S100A10	3	1	-0.4536592580462236	5.176056970768316	-1.2478521616482645
KCNMA1_KCNMB4	STARD10	2	1	-0.459145705996021	0.8483196324797058	-1.7666110444717478
KCNMA1_KCNMB4	CBLC	3	1	-0.4743411709806116	1.0213309511081299	-8.061424539153755
KCNMA1_KCNMB4	MMP1	2	1	-0.47714361801533445	0.9601402986320515	-1.9144275346627204
KCNMA1_KCNMB4	COL17A1	3	1	-0.5180307094968732	0.9546598929675001	-1.3466250832586246
KCNMA1_KCNMB4	KLF4	2	1	-0.5436460644269719	1.86096573421498	-2.948257863068924
KCNMA1_KCNMB4	FGG	4	1	-0.551688007089387	0.10569157408652212	-6.35672127948077
KCNMA1_KCNMB4	PPBP	2	1	-0.5696096237973866	1.8888982703317152	-3.0281175179264883
KCNMA1_KCNMB4	CA12	4	1	-0.5840634091001319	0.7722454369832321	-6.360138320272992
KCNMA1_KCNMB4	CALML5	2	1	-0.586257749461174	1.2221814425864213	-2.3946969415087693
KCNMA1_KCNMB4	TNFSF14	2	1	-0.5922720043160571	0.8731945713692781	-2.0577385800013923
KCNMA1_KCNMB4	JUP	4	1	-0.6149219565098338	0.7245512612895271	-3.483941682171027
KCNMA1_KCNMB4	MAF	3	1	-0.6751227319006027	7.673846827186727	-1.2698161484697494
KCNMA1_KCNMB4	SDC1	5	1	-0.6960490215199314	5.042151892597093	-7.83796678143065
KCNMA1_KCNMB4	SCD	2	1	-0.7002725157857199	0.27864781849835335	-1.6791928500697932
KCNMA1_KCNMB4	SAA2	3	1	-0.7315234799227276	0.16304972347307528	-2.605850433617817
KCNMA1_KCNMB4	PDGFA	2	1	-0.732824755973856	0.12506653375992838	-1.5907160457076404
KCNMA1_KCNMB4	S100A11	3	1	-0.7611012256279507	0.18630716433046932	-4.486326403051208
KCNMA1_KCNMB4	HAND2	3	1	-0.7938365491553256	6.629999235818292	-5.59605799096317
KCNMA1_KCNMB4	REG1A	5	1	-0.81013417505503	2.358765654883535	-7.192904653491753
KCNMA1_KCNMB4	CHI3L1	3	1	-0.8173572990024665	0.6839234234713484	-0.8372699681669838
KCNMA1_KCNMB4	SNCG	3	1	-0.8615161509221622	4.642246408004052	-9.054528745871975
KCNMA1_KCNMB4	IGHD	5	1	-0.8668764371453268	1.252410144780845	-2.3433794500451635
KCNMA1_KCNMB4	CPB1	3	1	-0.8902969115416639	0.4084804942104107	-5.833892607037061
KCNMA1_KCNMB4	GGT5	2	1	-0.907371131550399	4.467919581544762	-6.28266184464556
KCNMA1_KCNMB4	ARGLU1	2	1	-0.9258784684829223	0.1414655292346407	-1.9932224662004854
KCNMA1_KCNMB4	SEMA3B	2	1	-0.9292669276815777	0.9539389525338117	-2.812472807896967
KCNMA1_KCNMB4	RNF213	2	1	-0.9312055331312566	1.1402328246739633	-3.0026438909364765
KCNMA1_KCNMB4	PMEPA1	2	1	-0.9804651169623653	1.1336623235626702	-3.0945925574874007
KCNMA1_KCNMB4	PTK7	2	1	-0.9836938622111023	1.097431861507524	-3.0648195859297287
KCNMA1_KCNMB4	SLC26A9	2	1	-0.9927124264303366	0.7084661224371239	-2.6938909752977973
KCNMA1_KCNMB4	CRP	5	1	-1.0203033633525438	2.675431473761985	-8.25865002821819
KCNMA1_KCNMB4	LMO7	3	1	-1.0657039216135618	0.44514932619223996	-1.5324459161975656
KCNMA1_KCNMB4	FXYD2	2	1	-1.070326788979619	2.2767640362479966	-4.417417614207235
KCNMA1_KCNMB4	EGLN3	6	1	-1.0980628753832504	2.140252629145097	-3.01414276630153
KCNMA1_KCNMB4	KIAA1522	3	1	-1.10042394426992	0.7370284218870989	-8.571449442250797
KCNMA1_KCNMB4	CEACAM7	3	1	-1.1122677968516472	1.132987028837756	-5.9441575991004925
KCNMA1_KCNMB4	RAB25	3	1	-1.1155575795914034	1.1614464094548953	-1.2174214811329007
KCNMA1_KCNMB4	CPA1	3	1	-1.1749135902737322	0.47388857160048303	-6.0820492444215875
KCNMA1_KCNMB4	SLC6A14	2	1	-1.196087462396619	1.95573123858918	-4.347906163382418
KCNMA1_KCNMB4	MUC4	4	1	-1.198367386639916	0.755334524237517	-2.1229568893321207
KCNMA1_KCNMB4	DHRS9	3	1	-1.2350573565825473	0.922636817089671	-2.1238114334980036
KCNMA1_KCNMB4	SAA1	3	1	-1.2693311229902684	1.2098294358928854	-1.573312348249955
KCNMA1_KCNMB4	INMT	2	1	-1.3555860391143018	0.7983113305659552	-3.5094834087945586
KCNMA1_KCNMB4	KRT15	3	1	-1.3561030027147236	2.895715623041285	-1.7362361488393807
KCNMA1_KCNMB4	NET1	4	1	-1.3638001914009221	3.645701996999789	-3.1410231838291867
KCNMA1_KCNMB4	LAD1	6	1	-1.3679409053675804	0.8269720479877185	-4.790080988497752
KCNMA1_KCNMB4	FAM83A	3	1	-1.3734534676284018	3.6810588058659195	-2.9183730764215654
KCNMA1_KCNMB4	CYP1B1	2	1	-1.3788211950357139	1.8903651177712582	-4.648007507842686
KCNMA1_KCNMB4	FGFR3	2	1	-1.3971123254469942	0.8542259175397299	-3.6484505684337183
KCNMA1_KCNMB4	NDRG2	2	1	-1.4381607855264735	2.8709716900133895	-5.7472932610663365
KCNMA1_KCNMB4	ANO1	5	1	-1.4445907085461211	4.734637050732801	-6.207490183884589
KCNMA1_KCNMB4	PODN	2	1	-1.4710996056339263	1.6250229960335343	-4.567222207301387
KCNMA1_KCNMB4	ALS2CL	2	1	-1.4732603852018977	4.99733803900075	-7.943858809404546
KCNMA1_KCNMB4	TGM2	4	1	-1.6016589819465095	5.634796913553942	-6.629500028443924
KCNMA1_KCNMB4	PROM2	3	1	-1.637407962956465	0.37031003186205574	-2.811346551942473
KCNMA1_KCNMB4	CFD	2	1	-1.710131089620471	2.0987854332070977	-5.519047612448039
KCNMA1_KCNMB4	KRT13	3	1	-1.7120398518426594	2.3829416444167184	-6.3554798107777435
KCNMA1_KCNMB4	PALM3	2	1	-1.722785313006149	2.8996603382421604	-6.345230964254458
KCNMA1_KCNMB4	MMP28	2	1	-1.7403785711384308	3.957564624545977	-7.438321766822838
KCNMA1_KCNMB4	IFITM10	2	1	-1.780821149054053	0.02056105472281853	-3.5822033528309247
KCNMA1_KCNMB4	LAMC2	5	1	-1.7935649935415947	1.6928220111743935	-4.633571713254399
KCNMA1_KCNMB4	CPA2	3	1	-1.8096313596311182	0.36096295856902505	-5.94738073988374
KCNMA1_KCNMB4	S100A2	4	1	-1.836736824532888	1.6029882047367066	-3.7399697358049893
KCNMA1_KCNMB4	TM4SF1	4	1	-1.861289169629369	0.7467293231962974	-2.1772979456142254
KCNMA1_KCNMB4	DMBT1	7	1	-1.882780004540252	1.3011076307195018	-7.083355916695349
KCNMA1_KCNMB4	IER3	4	1	-1.8929011468169001	1.488883061368658	-4.1273695990319625
KCNMA1_KCNMB4	CLDN4	7	1	-1.9045229914640793	1.6316919381013637	-4.439428408885648
KCNMA1_KCNMB4	C19orf33	10	1	-1.9342116692294855	1.0807663307689148	-3.7862102637877597
KCNMA1_KCNMB4	SERPINA3	7	1	-1.9424883756732774	1.4506936006335016	-6.9894748777960665
KCNMA1_KCNMB4	KRT7	9	1	-1.9701419785051335	0.3338105653691949	-7.484649277434922
KCNMA1_KCNMB4	SPP1	9	1	-1.9721399477019435	1.637478959361505	-4.646129718383254
KCNMA1_KCNMB4	PTPRF	2	1	-1.978293067890239	0.2369562280927412	-4.193542363873219
KCNMA1_KCNMB4	KCNN4	10	1	-1.995309914468712	0.03337554180287705	-4.94598881914202
KCNMA1_KCNMB4	ANXA4	3	1	-2.0197287574437466	1.340336499173202	-3.2605664394857032
KCNMA1_KCNMB4	KLK11	3	1	-2.0277494334461212	2.7770965783228596	-2.818508938658409
KCNMA1_KCNMB4	COLEC11	5	1	-2.051692935667249	0.2903516314453913	-7.42749078431124
KCNMA1_KCNMB4	DDIT4	3	1	-2.0552098522809135	3.223232886295422	-2.4401144085859534
KCNMA1_KCNMB4	DHRS3	4	1	-2.0927551728896017	1.5159080429956031	-9.303484732069483
KCNMA1_KCNMB4	KRT18	9	1	-2.1026299615826667	0.29546947628829595	-5.430555325192799
KCNMA1_KCNMB4	SERPINA5	2	1	-2.110291342455585	1.1404116632326684	-5.360994348143838
KCNMA1_KCNMB4	PDGFRA	2	1	-2.1196328780359814	0.2718565552893094	-4.511122311361272
KCNMA1_KCNMB4	AKR1C2	4	1	-2.1318625369265107	4.7550793208259305	-5.308145879568269
KCNMA1_KCNMB4	TMPRSS4	6	1	-2.1447860705120396	0.08024519409499199	-5.6818992655080525
KCNMA1_KCNMB4	VEGFA	4	1	-2.2164432628561626	4.818629552858283	-7.1548516816588315
KCNMA1_KCNMB4	ASS1	3	1	-2.223659459101582	2.398825943278363	-3.1564960228960848
KCNMA1_KCNMB4	ITGB6	6	1	-2.2364979411606436	1.6280379563477165	-8.78397580071829
KCNMA1_KCNMB4	COL7A1	4	1	-2.2573635968341095	0.7232906429825662	-2.8738534371958835
KCNMA1_KCNMB4	IFI6	3	1	-2.2937164293800993	1.3708909971200243	-3.2441578090322665
KCNMA1_KCNMB4	CGN	4	1	-2.338371301986034	0.13811220399847807	-5.716701139084704
KCNMA1_KCNMB4	OLFM4	8	1	-2.350966930668622	2.489240821160281	-6.708344868222521
KCNMA1_KCNMB4	CDH1	5	1	-2.35286394846411	1.2171854062852785	-7.27103966966394
KCNMA1_KCNMB4	ITGB8	3	1	-2.3868871145139416	0.8896640776352205	-7.869654461830963
KCNMA1_KCNMB4	ADGRF1	3	1	-2.4047984988108118	0.8537421551319943	-5.988007546204674
KCNMA1_KCNMB4	S100P	8	1	-2.4195917618714144	0.4714295034359606	-4.8830063775355175
KCNMA1_KCNMB4	WNT4	2	1	-2.499207530780959	0.7519142637919948	-5.7503293253539125
KCNMA1_KCNMB4	CNN2	3	1	-2.5211204859125473	5.1925580128256374	-6.309574171508662
KCNMA1_KCNMB4	SFTA2	3	1	-2.571168029918224	5.470660214001811	-3.2943997189932612
KCNMA1_KCNMB4	CEACAM5	5	1	-2.5857477839589356	0.42003425282015766	-4.542294847465793
KCNMA1_KCNMB4	ITGB4	9	1	-2.6378211587424554	1.151879562265871	-4.306712802366745
KCNMA1_KCNMB4	ANXA3	4	1	-2.681442340837615	0.033082687927510394	-6.313728610142461
KCNMA1_KCNMB4	S100A14	8	1	-2.7096582808223535	0.8394574009850807	-4.70836099328394
KCNMA1_KCNMB4	SPINT1	4	1	-2.70974131806423	0.60769561805007	-7.182470280210291
KCNMA1_KCNMB4	GATA6	3	1	-2.729142710149022	1.3977324233164734	-2.973368340792805
KCNMA1_KCNMB4	SLPI	10	1	-2.760637446706667	2.3727796373384034	-8.56169307924719
KCNMA1_KCNMB4	EVPL	2	1	-2.808291567250149	1.0223861176312974	-6.638969252131596
KCNMA1_KCNMB4	KLF5	6	1	-2.8201919225074707	0.0013406629306341735	-5.483955097009344
KCNMA1_KCNMB4	AQP3	3	1	-2.8500890441902103	0.6412005133464326	-7.847445290542675
KCNMA1_KCNMB4	MUC5AC	4	1	-2.8543429071057944	0.02152013635955625	-5.417466524177916
KCNMA1_KCNMB4	IGFBP2	4	1	-2.941912642780032	1.4223994410749161	-4.800313510333312
KCNMA1_KCNMB4	AC007906.2	2	1	-2.9458729636537657	0.7356554419574322	-6.627401369264963
KCNMA1_KCNMB4	MUC6	6	1	-2.978262411503204	1.0399796173105	-5.7834112852759505
KCNMA1_KCNMB4	VILL	2	1	-3.012216692967647	2.858417744559456	-8.88285113049475
KCNMA1_KCNMB4	TSPAN8	8	1	-3.0366201370931307	0.22515019934753236	-7.460027596733692
KCNMA1_KCNMB4	MYRF	3	1	-3.0583415756648504	0.7416303922561076	-7.389142127054969
KCNMA1_KCNMB4	PDIA2	3	1	-3.072395735019531	1.1884023664476597	-5.0355316314862675
KCNMA1_KCNMB4	MAL2	7	1	-3.174262206272486	0.6497171673252379	-3.9756977665112827
KCNMA1_KCNMB4	PTGS2	2	1	-3.180172803077598	0.21903278687588412	-6.57937839303108
KCNMA1_KCNMB4	CYP3A5	5	1	-3.1959029501719254	0.5487080611105799	-5.427102528683962
KCNMA1_KCNMB4	NBEAL2	2	1	-3.2652129394171503	2.3379849544985234	-8.868410833332824
KCNMA1_KCNMB4	TFF2	6	1	-3.3028348018639164	0.8432845197691727	-8.678213778257488
KCNMA1_KCNMB4	GPRC5A	7	1	-3.37974259452689	0.5397665829396681	-4.4486509434450605
KCNMA1_KCNMB4	TFF1	7	1	-3.40631812652065	1.791907796431076	-6.709645590724745
KCNMA1_KCNMB4	CP	4	1	-3.5447431703593284	0.2612608901180843	-7.1012915173968105
KCNMA1_KCNMB4	PRXL2B	2	1	-3.6389452297827862	0.41760008472324706	-7.69549054428882
KCNMA1_KCNMB4	PLAAT4	3	1	-3.6735997475854383	3.97490175447205	-7.002376231623395
KCNMA1_KCNMB4	CTSE	8	1	-3.7348007106265753	0.7663441130814866	-5.2204592217073875
KCNMA1_KCNMB4	INPP4B	4	1	-3.799921427119704	3.128358387474548	-7.650875961739163
KCNMA1_KCNMB4	NQO1	6	1	-4.045024917901694	0.10972530166798564	-6.487270729175199
KCNMA1_KCNMB4	TFF3	4	1	-4.560622090299438	3.259123962898899	-6.965378472315929
KCNMA1_KCNMB4	SOX9	3	1	-4.689685648801414	0.36852989889543597	-7.5947145086131
KCNMA1_KCNMB4	C6orf141	3	1	-4.752622205918264	0.6255576116027571	-8.442711589427105
KCNMA1_KCNMB4	CFTR	7	1	-4.968351849241005	1.4582742301171825	-8.02464362818728
KCNMA1_KCNMB4	PRKAR2B	1	0	-0.01133219423202295	-0.01133219423202295	-0.01133219423202295
KCNMA1_KCNMB4	CLPS	3	0	-0.04963425745449118	-0.03895290660365135	-4.414354738019404
KCNMA1_KCNMB4	SLC22A3	1	0	-0.05941539475232497	-0.05941539475232497	-0.05941539475232497
KCNMA1_KCNMB4	KCNJ5	1	0	-0.0689442527361181	-0.0689442527361181	-0.0689442527361181
KCNMA1_KCNMB4	LIPF	1	0	-0.07544064522749153	-0.07544064522749153	-0.07544064522749153
KCNMA1_KCNMB4	DUOX1	1	0	-0.08189448053822908	-0.08189448053822908	-0.08189448053822908
KCNMA1_KCNMB4	KDM6A	1	0	-0.09887403093306966	-0.09887403093306966	-0.09887403093306966
KCNMA1_KCNMB4	SORBS2	1	0	-0.10321425513991961	-0.10321425513991961	-0.10321425513991961
KCNMA1_KCNMB4	NR5A1	1	0	-0.10415627012625761	-0.10415627012625761	-0.10415627012625761
KCNMA1_KCNMB4	DYNLL2	1	0	-0.1110046861955703	-0.1110046861955703	-0.1110046861955703
KCNMA1_KCNMB4	NPC1	1	0	-0.11479776500323557	-0.11479776500323557	-0.11479776500323557
KCNMA1_KCNMB4	UQCRQ	1	0	-0.12205261633400981	-0.12205261633400981	-0.12205261633400981
KCNMA1_KCNMB4	SLC47A1	1	0	-0.12348165925832678	-0.12348165925832678	-0.12348165925832678
KCNMA1_KCNMB4	TM7SF2	1	0	-0.12540073068920746	-0.12540073068920746	-0.12540073068920746
KCNMA1_KCNMB4	AS3MT	1	0	-0.13388320227963937	-0.13388320227963937	-0.13388320227963937
KCNMA1_KCNMB4	LIMD2	1	0	-0.13641948729427414	-0.13641948729427414	-0.13641948729427414
KCNMA1_KCNMB4	RNASEK	1	0	-0.1550322230348463	-0.1550322230348463	-0.1550322230348463
KCNMA1_KCNMB4	HSPA6	1	0	-0.1648545749958923	-0.1648545749958923	-0.1648545749958923
KCNMA1_KCNMB4	RORA	1	0	-0.16590217657922146	-0.16590217657922146	-0.16590217657922146
KCNMA1_KCNMB4	APOL1	1	0	-0.17689019591797628	-0.17689019591797628	-0.17689019591797628
KCNMA1_KCNMB4	TMC8	1	0	-0.18538838658484047	-0.18538838658484047	-0.18538838658484047
KCNMA1_KCNMB4	CD19	1	0	-0.19089243223791671	-0.19089243223791671	-0.19089243223791671
KCNMA1_KCNMB4	DLG5	1	0	-0.19337655051132444	-0.19337655051132444	-0.19337655051132444
KCNMA1_KCNMB4	ZNF460	1	0	-0.19828907335904414	-0.19828907335904414	-0.19828907335904414
KCNMA1_KCNMB4	NKAIN1	1	0	-0.19863301234068584	-0.19863301234068584	-0.19863301234068584
KCNMA1_KCNMB4	GOT1	1	0	-0.21992725444637357	-0.21992725444637357	-0.21992725444637357
KCNMA1_KCNMB4	PPDPF	1	0	-0.22662655908090742	-0.22662655908090742	-0.22662655908090742
KCNMA1_KCNMB4	EVL	1	0	-0.2328715489342411	-0.2328715489342411	-0.2328715489342411
KCNMA1_KCNMB4	CNFN	1	0	-0.2352844976012996	-0.2352844976012996	-0.2352844976012996
KCNMA1_KCNMB4	NGEF	1	0	-0.27051110736086104	-0.27051110736086104	-0.27051110736086104
KCNMA1_KCNMB4	ZBTB21	1	0	-0.28082029878439657	-0.28082029878439657	-0.28082029878439657
KCNMA1_KCNMB4	LSS	1	0	-0.28885109303915724	-0.28885109303915724	-0.28885109303915724
KCNMA1_KCNMB4	CD3D	1	0	-0.30781380945826897	-0.30781380945826897	-0.30781380945826897
KCNMA1_KCNMB4	MRFAP1L1	1	0	-0.3281365700817776	-0.3281365700817776	-0.3281365700817776
KCNMA1_KCNMB4	DNASE1L3	1	0	-0.3291893404652868	-0.3291893404652868	-0.3291893404652868
KCNMA1_KCNMB4	ARMC9	1	0	-0.33509982210252726	-0.33509982210252726	-0.33509982210252726
KCNMA1_KCNMB4	QPCT	1	0	-0.3442210149018302	-0.3442210149018302	-0.3442210149018302
KCNMA1_KCNMB4	IDI1	1	0	-0.34564640672237806	-0.34564640672237806	-0.34564640672237806
KCNMA1_KCNMB4	SNAI2	1	0	-0.35083027896606506	-0.35083027896606506	-0.35083027896606506
KCNMA1_KCNMB4	GRIA3	1	0	-0.3546321714269681	-0.3546321714269681	-0.3546321714269681
KCNMA1_KCNMB4	EFEMP1	2	0	-0.3591121633191215	-0.21967592247978554	-0.49854840415845747
KCNMA1_KCNMB4	FADS2	1	0	-0.3772166796207232	-0.3772166796207232	-0.3772166796207232
KCNMA1_KCNMB4	CASP5	1	0	-0.378653916442244	-0.378653916442244	-0.378653916442244
KCNMA1_KCNMB4	CTH	1	0	-0.38614073352253125	-0.38614073352253125	-0.38614073352253125
KCNMA1_KCNMB4	RIPOR2	1	0	-0.3910216594134191	-0.3910216594134191	-0.3910216594134191
KCNMA1_KCNMB4	ASPRV1	1	0	-0.39662903689860834	-0.39662903689860834	-0.39662903689860834
KCNMA1_KCNMB4	SLCO2B1	1	0	-0.408091949098485	-0.408091949098485	-0.408091949098485
KCNMA1_KCNMB4	SLC14A1	1	0	-0.4081725801271096	-0.4081725801271096	-0.4081725801271096
KCNMA1_KCNMB4	NTSR1	1	0	-0.40888113282589483	-0.40888113282589483	-0.40888113282589483
KCNMA1_KCNMB4	LCE2A	1	0	-0.4219463599895004	-0.4219463599895004	-0.4219463599895004
KCNMA1_KCNMB4	INSIG1	1	0	-0.4241015640854237	-0.4241015640854237	-0.4241015640854237
KCNMA1_KCNMB4	MRAP	1	0	-0.4308709162728974	-0.4308709162728974	-0.4308709162728974
KCNMA1_KCNMB4	FGF9	1	0	-0.43904711989294576	-0.43904711989294576	-0.43904711989294576
KCNMA1_KCNMB4	ANKRD40CL	1	0	-0.44004233366634604	-0.44004233366634604	-0.44004233366634604
KCNMA1_KCNMB4	FAM110C	1	0	-0.44594507075128176	-0.44594507075128176	-0.44594507075128176
KCNMA1_KCNMB4	TINCR	1	0	-0.4483184888653607	-0.4483184888653607	-0.4483184888653607
KCNMA1_KCNMB4	IGLV4-60	1	0	-0.46168481179383064	-0.46168481179383064	-0.46168481179383064
KCNMA1_KCNMB4	PLA2G4F	1	0	-0.4646896060597742	-0.4646896060597742	-0.4646896060597742
KCNMA1_KCNMB4	FDPS	1	0	-0.47186422337621753	-0.47186422337621753	-0.47186422337621753
KCNMA1_KCNMB4	CHCHD1	2	0	-0.4839558708574917	-0.22108163506963247	-0.746830106645351
KCNMA1_KCNMB4	MGST1	1	0	-0.490764361913122	-0.490764361913122	-0.490764361913122
KCNMA1_KCNMB4	HID1	1	0	-0.4940552104412329	-0.4940552104412329	-0.4940552104412329
KCNMA1_KCNMB4	SLC19A2	1	0	-0.5040659009656454	-0.5040659009656454	-0.5040659009656454
KCNMA1_KCNMB4	FDXR	1	0	-0.5133925070518293	-0.5133925070518293	-0.5133925070518293
KCNMA1_KCNMB4	MYH3	1	0	-0.5151174768399172	-0.5151174768399172	-0.5151174768399172
KCNMA1_KCNMB4	FGB	1	0	-0.5278231624329369	-0.5278231624329369	-0.5278231624329369
KCNMA1_KCNMB4	AADAC	1	0	-0.5377400514485856	-0.5377400514485856	-0.5377400514485856
KCNMA1_KCNMB4	FMOD	1	0	-0.5500994491071232	-0.5500994491071232	-0.5500994491071232
KCNMA1_KCNMB4	CEL	3	0	-0.573429890210021	-0.48369953468810095	-6.3077106067109225
KCNMA1_KCNMB4	FGF12	1	0	-0.5987718611147933	-0.5987718611147933	-0.5987718611147933
KCNMA1_KCNMB4	PAX5	1	0	-0.6045766366329929	-0.6045766366329929	-0.6045766366329929
KCNMA1_KCNMB4	RBBP7	1	0	-0.608551941613536	-0.608551941613536	-0.608551941613536
KCNMA1_KCNMB4	ST3GAL4	1	0	-0.6139077771786275	-0.6139077771786275	-0.6139077771786275
KCNMA1_KCNMB4	CCL28	1	0	-0.6336047560124134	-0.6336047560124134	-0.6336047560124134
KCNMA1_KCNMB4	GADD45A	1	0	-0.6343182835852866	-0.6343182835852866	-0.6343182835852866
KCNMA1_KCNMB4	ECM1	1	0	-0.6476483266012769	-0.6476483266012769	-0.6476483266012769
KCNMA1_KCNMB4	UCHL1	1	0	-0.6483084397137189	-0.6483084397137189	-0.6483084397137189
KCNMA1_KCNMB4	PLOD2	1	0	-0.6554410630480411	-0.6554410630480411	-0.6554410630480411
KCNMA1_KCNMB4	BPIFB1	2	0	-0.6602563908683354	-0.5958261045399204	-0.7246866771967506
KCNMA1_KCNMB4	ALAS1	1	0	-0.6665939356835849	-0.6665939356835849	-0.6665939356835849
KCNMA1_KCNMB4	ACAP1	1	0	-0.6686201641781764	-0.6686201641781764	-0.6686201641781764
KCNMA1_KCNMB4	ANKRD37	1	0	-0.6700963032721196	-0.6700963032721196	-0.6700963032721196
KCNMA1_KCNMB4	CEBPA	1	0	-0.671541498276982	-0.671541498276982	-0.671541498276982
KCNMA1_KCNMB4	CTRB1	3	0	-0.6726683981414152	-0.6425919438570749	-6.770715859062056
KCNMA1_KCNMB4	SRRT	1	0	-0.673712938044587	-0.673712938044587	-0.673712938044587
KCNMA1_KCNMB4	TCP1	1	0	-0.6811627510597482	-0.6811627510597482	-0.6811627510597482
KCNMA1_KCNMB4	FABP1	1	0	-0.6844819963553982	-0.6844819963553982	-0.6844819963553982
KCNMA1_KCNMB4	RASGRP2	1	0	-0.6869905567017351	-0.6869905567017351	-0.6869905567017351
KCNMA1_KCNMB4	CD37	2	0	-0.6882473300120752	-0.2724474833575358	-1.1040471766666144
KCNMA1_KCNMB4	CAMK2N2	1	0	-0.6993345684476968	-0.6993345684476968	-0.6993345684476968
KCNMA1_KCNMB4	C2CD2	1	0	-0.7060762660934502	-0.7060762660934502	-0.7060762660934502
KCNMA1_KCNMB4	EBP	1	0	-0.7199203079564972	-0.7199203079564972	-0.7199203079564972
KCNMA1_KCNMB4	CSF3	1	0	-0.7454125322448335	-0.7454125322448335	-0.7454125322448335
KCNMA1_KCNMB4	GSTA4	1	0	-0.7538606815082974	-0.7538606815082974	-0.7538606815082974
KCNMA1_KCNMB4	TRAJ10	1	0	-0.7598245529763399	-0.7598245529763399	-0.7598245529763399
KCNMA1_KCNMB4	ENO2	1	0	-0.7704077648377404	-0.7704077648377404	-0.7704077648377404
KCNMA1_KCNMB4	TBC1D10C	1	0	-0.7713146856505405	-0.7713146856505405	-0.7713146856505405
KCNMA1_KCNMB4	FAM49B	1	0	-0.7737519374284096	-0.7737519374284096	-0.7737519374284096
KCNMA1_KCNMB4	TP53INP2	1	0	-0.7845304652548672	-0.7845304652548672	-0.7845304652548672
KCNMA1_KCNMB4	SCGB3A1	1	0	-0.803626593860784	-0.803626593860784	-0.803626593860784
KCNMA1_KCNMB4	BNIP3L	2	0	-0.8045957441827407	-0.7059750007596257	-0.9032164876058558
KCNMA1_KCNMB4	AC119396.1	1	0	-0.8126038613290855	-0.8126038613290855	-0.8126038613290855
KCNMA1_KCNMB4	HIST1H3H	1	0	-0.8143374317911835	-0.8143374317911835	-0.8143374317911835
KCNMA1_KCNMB4	CKLF	1	0	-0.8574714616657436	-0.8574714616657436	-0.8574714616657436
KCNMA1_KCNMB4	FAM222A	1	0	-0.860352422984458	-0.860352422984458	-0.860352422984458
KCNMA1_KCNMB4	ASB4	1	0	-0.8634246353009136	-0.8634246353009136	-0.8634246353009136
KCNMA1_KCNMB4	PGD	1	0	-0.8867671445982356	-0.8867671445982356	-0.8867671445982356
KCNMA1_KCNMB4	IKZF1	1	0	-0.889775352532083	-0.889775352532083	-0.889775352532083
KCNMA1_KCNMB4	CHMP2A	1	0	-0.8915533968975906	-0.8915533968975906	-0.8915533968975906
KCNMA1_KCNMB4	ERO1A	2	0	-0.9037204907947628	-0.6203834236007346	-1.187057557988791
KCNMA1_KCNMB4	SCIN	1	0	-0.9073043090199513	-0.9073043090199513	-0.9073043090199513
KCNMA1_KCNMB4	CLCA1	1	0	-0.9106643285276068	-0.9106643285276068	-0.9106643285276068
KCNMA1_KCNMB4	ARL4D	1	0	-0.9159321370152689	-0.9159321370152689	-0.9159321370152689
KCNMA1_KCNMB4	TRBC2	1	0	-0.9377190326214282	-0.9377190326214282	-0.9377190326214282
KCNMA1_KCNMB4	CD79A	1	0	-0.9377865907292002	-0.9377865907292002	-0.9377865907292002
KCNMA1_KCNMB4	RBM42	1	0	-0.9405194271430035	-0.9405194271430035	-0.9405194271430035
KCNMA1_KCNMB4	FSTL3	1	0	-0.9420723660062769	-0.9420723660062769	-0.9420723660062769
KCNMA1_KCNMB4	SELL	1	0	-0.9555897807329026	-0.9555897807329026	-0.9555897807329026
KCNMA1_KCNMB4	SHB	1	0	-0.959575885531024	-0.959575885531024	-0.959575885531024
KCNMA1_KCNMB4	ITLN1	1	0	-0.9692082984545706	-0.9692082984545706	-0.9692082984545706
KCNMA1_KCNMB4	ANP32E	1	0	-0.9878254242517646	-0.9878254242517646	-0.9878254242517646
KCNMA1_KCNMB4	PNLIP	3	0	-0.989823007077589	-0.8407324792059351	-4.618592487866639
KCNMA1_KCNMB4	SLC5A1	1	0	-0.9993583776881886	-0.9993583776881886	-0.9993583776881886
KCNMA1_KCNMB4	SRSF2	1	0	-1.0028555302416586	-1.0028555302416586	-1.0028555302416586
KCNMA1_KCNMB4	ANGPTL4	2	0	-1.0098500914175386	-0.6135253544163428	-1.406174828418734
KCNMA1_KCNMB4	EPB41L1	1	0	-1.0158168791245707	-1.0158168791245707	-1.0158168791245707
KCNMA1_KCNMB4	TNFRSF6B	2	0	-1.0247461462475387	-0.8818005168254358	-1.1676917756696414
KCNMA1_KCNMB4	H1F0	1	0	-1.0306070093820796	-1.0306070093820796	-1.0306070093820796
KCNMA1_KCNMB4	CTRB2	3	0	-1.0322128228595897	-0.5949373844580881	-6.660724820097128
KCNMA1_KCNMB4	CTRC	3	0	-1.0526187978055583	-0.41458397652230294	-5.834297156456896
KCNMA1_KCNMB4	PET100	1	0	-1.0582036024354078	-1.0582036024354078	-1.0582036024354078
KCNMA1_KCNMB4	HILPDA	1	0	-1.0611761262713986	-1.0611761262713986	-1.0611761262713986
KCNMA1_KCNMB4	PHLDA1	1	0	-1.0679155585312154	-1.0679155585312154	-1.0679155585312154
KCNMA1_KCNMB4	MSMO1	1	0	-1.0753421564590528	-1.0753421564590528	-1.0753421564590528
KCNMA1_KCNMB4	POLD4	1	0	-1.1043534077863841	-1.1043534077863841	-1.1043534077863841
KCNMA1_KCNMB4	REG1B	3	0	-1.1061635784408366	-0.35967867613446125	-6.007469473156517
KCNMA1_KCNMB4	POLB	1	0	-1.1069420849493834	-1.1069420849493834	-1.1069420849493834
KCNMA1_KCNMB4	PDGFD	2	0	-1.1149122067876978	-0.4416264617485269	-1.7881979518268687
KCNMA1_KCNMB4	UGT1A6	3	0	-1.1157484632799064	-0.47113228574080807	-4.246676526725375
KCNMA1_KCNMB4	ASPH	1	0	-1.1164453367571368	-1.1164453367571368	-1.1164453367571368
KCNMA1_KCNMB4	CFB	3	0	-1.1277798085502537	-0.14664301119281126	-7.335559643577094
KCNMA1_KCNMB4	RAB2A	1	0	-1.1482065977196874	-1.1482065977196874	-1.1482065977196874
KCNMA1_KCNMB4	SPOCK2	1	0	-1.1616134729368317	-1.1616134729368317	-1.1616134729368317
KCNMA1_KCNMB4	ST14	1	0	-1.1746106152388145	-1.1746106152388145	-1.1746106152388145
KCNMA1_KCNMB4	HSPA5	2	0	-1.1790037236200597	-0.7349622510611762	-1.6230451961789432
KCNMA1_KCNMB4	ITGA3	5	0	-1.181251431832295	-0.5751857309666634	-6.372454749485856
KCNMA1_KCNMB4	TRAF3IP3	1	0	-1.1969200745495545	-1.1969200745495545	-1.1969200745495545
KCNMA1_KCNMB4	WHRN	1	0	-1.2016937683677358	-1.2016937683677358	-1.2016937683677358
KCNMA1_KCNMB4	C12orf75	1	0	-1.2022489921897066	-1.2022489921897066	-1.2022489921897066
KCNMA1_KCNMB4	ADAMTSL2	3	0	-1.205084746074667	-0.3689683746642934	-6.664829054961026
KCNMA1_KCNMB4	IL1B	1	0	-1.2113082715803722	-1.2113082715803722	-1.2113082715803722
KCNMA1_KCNMB4	STARD4	1	0	-1.2391726413897057	-1.2391726413897057	-1.2391726413897057
KCNMA1_KCNMB4	CSTB	4	0	-1.2504452862883135	-0.4522222428092129	-2.2092169431676227
KCNMA1_KCNMB4	MDFI	1	0	-1.2555846271721325	-1.2555846271721325	-1.2555846271721325
KCNMA1_KCNMB4	CDHR5	2	0	-1.2724003806288036	-1.1286958587702665	-1.4161049024873407
KCNMA1_KCNMB4	CDH17	2	0	-1.2773216990155547	-0.6351965135498381	-1.9194468844812713
KCNMA1_KCNMB4	INSR	1	0	-1.2816193046654618	-1.2816193046654618	-1.2816193046654618
KCNMA1_KCNMB4	CHIT1	1	0	-1.2817512870812497	-1.2817512870812497	-1.2817512870812497
KCNMA1_KCNMB4	PFKP	2	0	-1.28764757669633	-0.5956873049996323	-1.9796078483930275
KCNMA1_KCNMB4	TMSB4X	1	0	-1.2885532875197934	-1.2885532875197934	-1.2885532875197934
KCNMA1_KCNMB4	VIL1	1	0	-1.3034554531155356	-1.3034554531155356	-1.3034554531155356
KCNMA1_KCNMB4	CD79B	1	0	-1.308652922807461	-1.308652922807461	-1.308652922807461
KCNMA1_KCNMB4	MC2R	1	0	-1.3106198644718698	-1.3106198644718698	-1.3106198644718698
KCNMA1_KCNMB4	TM4SF5	1	0	-1.3232445694384265	-1.3232445694384265	-1.3232445694384265
KCNMA1_KCNMB4	MAPK15	1	0	-1.334902935325569	-1.334902935325569	-1.334902935325569
KCNMA1_KCNMB4	CFH	1	0	-1.3507251178077428	-1.3507251178077428	-1.3507251178077428
KCNMA1_KCNMB4	FADS1	1	0	-1.3544867169254113	-1.3544867169254113	-1.3544867169254113
KCNMA1_KCNMB4	TM4SF20	1	0	-1.3555270366319823	-1.3555270366319823	-1.3555270366319823
KCNMA1_KCNMB4	POU2AF1	1	0	-1.3558224121451186	-1.3558224121451186	-1.3558224121451186
KCNMA1_KCNMB4	ALDOB	2	0	-1.361777465631822	-0.89710123166142	-1.8264536996022243
KCNMA1_KCNMB4	SLC7A11	2	0	-1.3807240419352258	-1.0713586884996353	-1.690089395370816
KCNMA1_KCNMB4	NFKBIZ	1	0	-1.3815066813975598	-1.3815066813975598	-1.3815066813975598
KCNMA1_KCNMB4	TCEA3	1	0	-1.3845663996723174	-1.3845663996723174	-1.3845663996723174
KCNMA1_KCNMB4	HIST1H4E	1	0	-1.3879732727686347	-1.3879732727686347	-1.3879732727686347
KCNMA1_KCNMB4	ABHD2	1	0	-1.388987765945863	-1.388987765945863	-1.388987765945863
KCNMA1_KCNMB4	AKR1C1	1	0	-1.4017810932062118	-1.4017810932062118	-1.4017810932062118
KCNMA1_KCNMB4	CPS1	1	0	-1.414841019376616	-1.414841019376616	-1.414841019376616
KCNMA1_KCNMB4	SPINK4	1	0	-1.4154184733849051	-1.4154184733849051	-1.4154184733849051
KCNMA1_KCNMB4	SLC1A2	1	0	-1.430244661446073	-1.430244661446073	-1.430244661446073
KCNMA1_KCNMB4	MATN2	1	0	-1.432540502755495	-1.432540502755495	-1.432540502755495
KCNMA1_KCNMB4	TMEM97	1	0	-1.4470333652178804	-1.4470333652178804	-1.4470333652178804
KCNMA1_KCNMB4	HIST1H2AB	1	0	-1.4483746945736993	-1.4483746945736993	-1.4483746945736993
KCNMA1_KCNMB4	ALDH1A3	1	0	-1.4618084558891586	-1.4618084558891586	-1.4618084558891586
KCNMA1_KCNMB4	TAGLN2	1	0	-1.4743825428352149	-1.4743825428352149	-1.4743825428352149
KCNMA1_KCNMB4	PHGDH	1	0	-1.4851334088960133	-1.4851334088960133	-1.4851334088960133
KCNMA1_KCNMB4	KYNU	1	0	-1.487386081998127	-1.487386081998127	-1.487386081998127
KCNMA1_KCNMB4	TRAC	1	0	-1.4937417148041843	-1.4937417148041843	-1.4937417148041843
KCNMA1_KCNMB4	OAS3	1	0	-1.4993676591978358	-1.4993676591978358	-1.4993676591978358
KCNMA1_KCNMB4	SV2B	1	0	-1.5166399174036667	-1.5166399174036667	-1.5166399174036667
KCNMA1_KCNMB4	NIBAN3	1	0	-1.5302396984034141	-1.5302396984034141	-1.5302396984034141
KCNMA1_KCNMB4	CTSD	1	0	-1.5325343155708717	-1.5325343155708717	-1.5325343155708717
KCNMA1_KCNMB4	BICDL2	1	0	-1.5921721008545069	-1.5921721008545069	-1.5921721008545069
KCNMA1_KCNMB4	CAST	1	0	-1.6002807019706784	-1.6002807019706784	-1.6002807019706784
KCNMA1_KCNMB4	CLDN3	1	0	-1.609888247126158	-1.609888247126158	-1.609888247126158
KCNMA1_KCNMB4	HIST1H2BB	2	0	-1.6148236959258426	-0.830894453628049	-2.398752938223636
KCNMA1_KCNMB4	MT1F	1	0	-1.6185449243741494	-1.6185449243741494	-1.6185449243741494
KCNMA1_KCNMB4	B2M	2	0	-1.6345070204811425	-0.3954485277783392	-2.8735655131839457
KCNMA1_KCNMB4	BIRC7	1	0	-1.6347183444252933	-1.6347183444252933	-1.6347183444252933
KCNMA1_KCNMB4	WT1	1	0	-1.635207070944273	-1.635207070944273	-1.635207070944273
KCNMA1_KCNMB4	HSP90AA1	1	0	-1.6367712282960698	-1.6367712282960698	-1.6367712282960698
KCNMA1_KCNMB4	SERPINB5	2	0	-1.6430191970772077	-0.29402649733773506	-2.9920118968166802
KCNMA1_KCNMB4	G6PD	1	0	-1.664646056580344	-1.664646056580344	-1.664646056580344
KCNMA1_KCNMB4	SPINT2	7	0	-1.6926151511916392	-0.9070636654029175	-3.3577707840930913
KCNMA1_KCNMB4	FST	1	0	-1.6927051759882068	-1.6927051759882068	-1.6927051759882068
KCNMA1_KCNMB4	PSMC4	1	0	-1.7071506135430738	-1.7071506135430738	-1.7071506135430738
KCNMA1_KCNMB4	CRYBG2	1	0	-1.7100693214766123	-1.7100693214766123	-1.7100693214766123
KCNMA1_KCNMB4	SLC9A3	1	0	-1.7225235479143677	-1.7225235479143677	-1.7225235479143677
KCNMA1_KCNMB4	BHLHE40	1	0	-1.737272747632615	-1.737272747632615	-1.737272747632615
KCNMA1_KCNMB4	MVD	1	0	-1.74189935510477	-1.74189935510477	-1.74189935510477
KCNMA1_KCNMB4	CELA3A	3	0	-1.7543014369246415	-0.7785637612380121	-6.53437075147457
KCNMA1_KCNMB4	PNCK	1	0	-1.7544373877512818	-1.7544373877512818	-1.7544373877512818
KCNMA1_KCNMB4	ARRDC3	1	0	-1.7584525599494947	-1.7584525599494947	-1.7584525599494947
KCNMA1_KCNMB4	MXD1	2	0	-1.7789234750424803	-1.097795818425017	-2.4600511316599434
KCNMA1_KCNMB4	EFNA1	4	0	-1.7819686041724772	-1.0294600242039065	-4.8155255849570695
KCNMA1_KCNMB4	HK2	2	0	-1.7842831181676213	-0.9910876124204189	-2.577478623914824
KCNMA1_KCNMB4	NOS2	1	0	-1.7857970549996838	-1.7857970549996838	-1.7857970549996838
KCNMA1_KCNMB4	BCAM	3	0	-1.792929442519297	-0.12698434584740986	-7.732628001146321
KCNMA1_KCNMB4	MUC20	2	0	-1.8044212430729902	-1.2174161656430786	-2.391426320502902
KCNMA1_KCNMB4	EMP3	1	0	-1.806566782641656	-1.806566782641656	-1.806566782641656
KCNMA1_KCNMB4	HMGCR	1	0	-1.8070091363208822	-1.8070091363208822	-1.8070091363208822
KCNMA1_KCNMB4	SERINC2	3	0	-1.819897562345245	-1.4999689399017284	-2.5035140625195327
KCNMA1_KCNMB4	TCN1	5	0	-1.8310941585989529	-1.3021053556992939	-5.395199927039788
KCNMA1_KCNMB4	OAS1	1	0	-1.8407740089978497	-1.8407740089978497	-1.8407740089978497
KCNMA1_KCNMB4	CCL15	1	0	-1.8501118064517748	-1.8501118064517748	-1.8501118064517748
KCNMA1_KCNMB4	ABLIM3	2	0	-1.8582244202833618	-0.8815069265122579	-2.8349419140544656
KCNMA1_KCNMB4	KCNK1	10	0	-1.8642466125991188	-0.29910842610488547	-8.25571366840377
KCNMA1_KCNMB4	SLC34A2	3	0	-1.8759706802029728	-1.0656999808236522	-6.430132135143587
KCNMA1_KCNMB4	TKT	1	0	-1.8779977094413958	-1.8779977094413958	-1.8779977094413958
KCNMA1_KCNMB4	CYP19A1	1	0	-1.8836430943996139	-1.8836430943996139	-1.8836430943996139
KCNMA1_KCNMB4	LAMA3	3	0	-1.8854803699253557	-1.4832715947157884	-5.321456457365213
KCNMA1_KCNMB4	PLBD1	1	0	-1.8935740828352798	-1.8935740828352798	-1.8935740828352798
KCNMA1_KCNMB4	NSDHL	1	0	-1.907077902807357	-1.907077902807357	-1.907077902807357
KCNMA1_KCNMB4	TNS4	4	0	-1.9080969469754772	-0.3672839672115009	-3.3099037348497005
KCNMA1_KCNMB4	NT5E	1	0	-1.9089137967220526	-1.9089137967220526	-1.9089137967220526
KCNMA1_KCNMB4	MFSD11	1	0	-1.9089994231720377	-1.9089994231720377	-1.9089994231720377
KCNMA1_KCNMB4	CD22	1	0	-1.910736506347168	-1.910736506347168	-1.910736506347168
KCNMA1_KCNMB4	TXN	1	0	-1.9162166667609217	-1.9162166667609217	-1.9162166667609217
KCNMA1_KCNMB4	PTPRN2	1	0	-1.9180311031577975	-1.9180311031577975	-1.9180311031577975
KCNMA1_KCNMB4	PSMA7	1	0	-1.9283075112073347	-1.9283075112073347	-1.9283075112073347
KCNMA1_KCNMB4	CYP51A1	1	0	-1.9312444025510473	-1.9312444025510473	-1.9312444025510473
KCNMA1_KCNMB4	AMDHD1	1	0	-1.945946777402464	-1.945946777402464	-1.945946777402464
KCNMA1_KCNMB4	PLXNB2	1	0	-1.9537482543548421	-1.9537482543548421	-1.9537482543548421
KCNMA1_KCNMB4	ACSS2	1	0	-1.9608966786078434	-1.9608966786078434	-1.9608966786078434
KCNMA1_KCNMB4	ENO1	2	0	-1.961174537724129	-1.5150841183906198	-2.407264957057638
KCNMA1_KCNMB4	PGK1	1	0	-1.9694225944629986	-1.9694225944629986	-1.9694225944629986
KCNMA1_KCNMB4	GPBAR1	1	0	-1.976140518899112	-1.976140518899112	-1.976140518899112
KCNMA1_KCNMB4	ANPEP	1	0	-1.9781993761266725	-1.9781993761266725	-1.9781993761266725
KCNMA1_KCNMB4	RAB27B	1	0	-1.9956163793941075	-1.9956163793941075	-1.9956163793941075
KCNMA1_KCNMB4	CHKA	1	0	-1.997691898666961	-1.997691898666961	-1.997691898666961
KCNMA1_KCNMB4	SPRY2	1	0	-2.0063537819437296	-2.0063537819437296	-2.0063537819437296
KCNMA1_KCNMB4	KRT8	7	0	-2.015607563072526	-0.013800001931701777	-5.397423530634668
KCNMA1_KCNMB4	NR5A2	2	0	-2.022790168462522	-0.4672211935968472	-3.5783591433281963
KCNMA1_KCNMB4	CDC42EP5	2	0	-2.067116875770265	-0.4781860215754545	-3.6560477299650755
KCNMA1_KCNMB4	IGHMBP2	1	0	-2.081705267643096	-2.081705267643096	-2.081705267643096
KCNMA1_KCNMB4	TRIM2	1	0	-2.0924759458985838	-2.0924759458985838	-2.0924759458985838
KCNMA1_KCNMB4	HIF3A	1	0	-2.098194096447903	-2.098194096447903	-2.098194096447903
KCNMA1_KCNMB4	MUC1	8	0	-2.1383406821295132	-0.12415271071769818	-3.54347107892835
KCNMA1_KCNMB4	EPS8L1	1	0	-2.141964864984581	-2.141964864984581	-2.141964864984581
KCNMA1_KCNMB4	ECH1	1	0	-2.1427363372898434	-2.1427363372898434	-2.1427363372898434
KCNMA1_KCNMB4	INF2	2	0	-2.1462780947691558	-0.6956670582023201	-3.596889131335992
KCNMA1_KCNMB4	ENC1	1	0	-2.148978531878945	-2.148978531878945	-2.148978531878945
KCNMA1_KCNMB4	PLEKHG6	1	0	-2.154369036509572	-2.154369036509572	-2.154369036509572
KCNMA1_KCNMB4	ALDH3B1	1	0	-2.1562230007553347	-2.1562230007553347	-2.1562230007553347
KCNMA1_KCNMB4	EPPK1	2	0	-2.1626006124462362	-2.08014284041548	-2.2450583844769922
KCNMA1_KCNMB4	CAPG	2	0	-2.166179674301104	-0.824545011869906	-3.507814336732302
KCNMA1_KCNMB4	LPCAT4	1	0	-2.1734723124441766	-2.1734723124441766	-2.1734723124441766
KCNMA1_KCNMB4	SCN9A	1	0	-2.186600036382703	-2.186600036382703	-2.186600036382703
KCNMA1_KCNMB4	ACAT2	1	0	-2.205242125923948	-2.205242125923948	-2.205242125923948
KCNMA1_KCNMB4	ANKRD1	1	0	-2.2203874830035932	-2.2203874830035932	-2.2203874830035932
KCNMA1_KCNMB4	EREG	2	0	-2.227528123779016	-1.7361457911302702	-2.718910456427762
KCNMA1_KCNMB4	PRSS8	2	0	-2.2302945277175787	-2.173945414755067	-2.2866436406800905
KCNMA1_KCNMB4	CHCHD2	1	0	-2.232382842678238	-2.232382842678238	-2.232382842678238
KCNMA1_KCNMB4	WASF2	1	0	-2.2532303361383015	-2.2532303361383015	-2.2532303361383015
KCNMA1_KCNMB4	LIF	2	0	-2.2620703234411494	-1.5798187290103107	-2.944321917871988
KCNMA1_KCNMB4	ADRA2A	1	0	-2.2738292286523922	-2.2738292286523922	-2.2738292286523922
KCNMA1_KCNMB4	AKR1B10	1	0	-2.277033773029209	-2.277033773029209	-2.277033773029209
KCNMA1_KCNMB4	CPXM1	1	0	-2.282603214133315	-2.282603214133315	-2.282603214133315
KCNMA1_KCNMB4	COLGALT2	1	0	-2.2871201115761135	-2.2871201115761135	-2.2871201115761135
KCNMA1_KCNMB4	SDC4	5	0	-2.2900032148090657	-0.18317206421892435	-8.441254236895743
KCNMA1_KCNMB4	BMP4	1	0	-2.2960347237113736	-2.2960347237113736	-2.2960347237113736
KCNMA1_KCNMB4	ANTXR2	1	0	-2.301541603647938	-2.301541603647938	-2.301541603647938
KCNMA1_KCNMB4	FXYD5	2	0	-2.3086977890343747	-1.8730832518055245	-2.744312326263225
KCNMA1_KCNMB4	PAEP	1	0	-2.3255584643649483	-2.3255584643649483	-2.3255584643649483
KCNMA1_KCNMB4	AMBP	2	0	-2.326584040331583	-0.3310720893687229	-4.322095991294443
KCNMA1_KCNMB4	FRZB	2	0	-2.3331757787181915	-1.7502629702833195	-2.9160885871530633
KCNMA1_KCNMB4	SEMA4B	4	0	-2.334996603903912	-1.014262348866802	-4.042337518318493
KCNMA1_KCNMB4	HSD11B2	2	0	-2.348673033609269	-1.0637368027276697	-3.6336092644908677
KCNMA1_KCNMB4	IFI27	3	0	-2.3667813447789685	-0.620180038168063	-2.520495445165138
KCNMA1_KCNMB4	HKDC1	1	0	-2.3684547206863735	-2.3684547206863735	-2.3684547206863735
KCNMA1_KCNMB4	PODXL	2	0	-2.3855929440512056	-2.3179549733386082	-2.453230914763803
KCNMA1_KCNMB4	HMGA1	6	0	-2.404657136131414	-0.030576006557339653	-6.1786991556317
KCNMA1_KCNMB4	PRRC2C	2	0	-2.407871331701069	-2.3359897810860955	-2.4797528823160424
KCNMA1_KCNMB4	PLCD3	1	0	-2.4485476209663397	-2.4485476209663397	-2.4485476209663397
KCNMA1_KCNMB4	PNLIPRP1	2	0	-2.452572941199552	-0.9433461309096692	-3.9617997514894348
KCNMA1_KCNMB4	FERMT1	1	0	-2.4634779367821635	-2.4634779367821635	-2.4634779367821635
KCNMA1_KCNMB4	PI3	1	0	-2.4636553840120077	-2.4636553840120077	-2.4636553840120077
KCNMA1_KCNMB4	ARHGDIA	1	0	-2.4646799919250335	-2.4646799919250335	-2.4646799919250335
KCNMA1_KCNMB4	IGFBP6	1	0	-2.4681241805879774	-2.4681241805879774	-2.4681241805879774
KCNMA1_KCNMB4	DNTTIP1	1	0	-2.471839050535481	-2.471839050535481	-2.471839050535481
KCNMA1_KCNMB4	CAV2	1	0	-2.4762577449936556	-2.4762577449936556	-2.4762577449936556
KCNMA1_KCNMB4	SCGB1A1	1	0	-2.4927419586533035	-2.4927419586533035	-2.4927419586533035
KCNMA1_KCNMB4	P2RY2	1	0	-2.5015687610043043	-2.5015687610043043	-2.5015687610043043
KCNMA1_KCNMB4	FLNB	1	0	-2.5045400065404517	-2.5045400065404517	-2.5045400065404517
KCNMA1_KCNMB4	SLCO2A1	1	0	-2.506676805770346	-2.506676805770346	-2.506676805770346
KCNMA1_KCNMB4	SLC2A1	7	0	-2.519824797179182	-0.823544749150752	-4.663882515142191
KCNMA1_KCNMB4	LCN2	10	0	-2.5446381715823696	-0.37884674632160753	-7.446906641192171
KCNMA1_KCNMB4	SYCN	2	0	-2.5670551204047833	-0.7848998930874995	-4.349210347722067
KCNMA1_KCNMB4	LGALS3	2	0	-2.5798464071299843	-1.8646138006077584	-3.29507901365221
KCNMA1_KCNMB4	SPINK1	7	0	-2.5798634304468275	-1.1762903725689444	-5.85589340121391
KCNMA1_KCNMB4	GDF15	1	0	-2.59014194436033	-2.59014194436033	-2.59014194436033
KCNMA1_KCNMB4	AGRN	2	0	-2.6102351801121397	-1.021062596886165	-4.199407763338114
KCNMA1_KCNMB4	CRTAP	1	0	-2.6143445674523393	-2.6143445674523393	-2.6143445674523393
KCNMA1_KCNMB4	CLCF1	1	0	-2.621640099496203	-2.621640099496203	-2.621640099496203
KCNMA1_KCNMB4	MET	1	0	-2.641418840138894	-2.641418840138894	-2.641418840138894
KCNMA1_KCNMB4	LAMB3	5	0	-2.6421115773625696	-0.41579521342204573	-4.991668525872114
KCNMA1_KCNMB4	ERBB3	3	0	-2.648366310301593	-2.642431109042578	-6.38478432966194
KCNMA1_KCNMB4	MSMB	1	0	-2.6626070092616803	-2.6626070092616803	-2.6626070092616803
KCNMA1_KCNMB4	PRSS22	4	0	-2.6680557982481856	-1.661184339855054	-5.178641753891696
KCNMA1_KCNMB4	EZR	1	0	-2.6743513689874234	-2.6743513689874234	-2.6743513689874234
KCNMA1_KCNMB4	PGC	4	0	-2.684096767123378	-0.1738552309985497	-3.992215021131669
KCNMA1_KCNMB4	LY6E	2	0	-2.6847987063986043	-1.4777030333044667	-3.8918943794927423
KCNMA1_KCNMB4	TMED2	1	0	-2.6938613685999027	-2.6938613685999027	-2.6938613685999027
KCNMA1_KCNMB4	CLDN6	1	0	-2.72277631020483	-2.72277631020483	-2.72277631020483
KCNMA1_KCNMB4	OCIAD2	4	0	-2.730359914705926	-1.0184266448657695	-4.9455675433059865
KCNMA1_KCNMB4	STRA6	2	0	-2.733871158783383	-1.0518245906727763	-4.41591772689399
KCNMA1_KCNMB4	TNNC1	1	0	-2.7547740218875965	-2.7547740218875965	-2.7547740218875965
KCNMA1_KCNMB4	PCDH1	4	0	-2.7610914774364184	-1.1228438025272405	-7.686595131407524
KCNMA1_KCNMB4	HS3ST1	1	0	-2.7678824942580866	-2.7678824942580866	-2.7678824942580866
KCNMA1_KCNMB4	MBOAT2	1	0	-2.7708288416690348	-2.7708288416690348	-2.7708288416690348
KCNMA1_KCNMB4	SLC9A3R1	1	0	-2.7719118138328906	-2.7719118138328906	-2.7719118138328906
KCNMA1_KCNMB4	ATP1B1	7	0	-2.8076945199567143	-1.2600105208262207	-4.6716277520988605
KCNMA1_KCNMB4	NOP53	1	0	-2.8225091591166747	-2.8225091591166747	-2.8225091591166747
KCNMA1_KCNMB4	SDCBP2	1	0	-2.8662667253686007	-2.8662667253686007	-2.8662667253686007
KCNMA1_KCNMB4	NRARP	1	0	-2.86901371531642	-2.86901371531642	-2.86901371531642
KCNMA1_KCNMB4	DEGS2	1	0	-2.889130070340465	-2.889130070340465	-2.889130070340465
KCNMA1_KCNMB4	CTSH	1	0	-2.8912196592186863	-2.8912196592186863	-2.8912196592186863
KCNMA1_KCNMB4	PIM3	1	0	-2.8955550936173626	-2.8955550936173626	-2.8955550936173626
KCNMA1_KCNMB4	EFHD2	1	0	-2.8985453518445485	-2.8985453518445485	-2.8985453518445485
KCNMA1_KCNMB4	PAK4	1	0	-2.9010174903944983	-2.9010174903944983	-2.9010174903944983
KCNMA1_KCNMB4	LXN	2	0	-2.9091779717303052	-1.1020062615540356	-4.716349681906575
KCNMA1_KCNMB4	RAI14	1	0	-2.911729087738709	-2.911729087738709	-2.911729087738709
KCNMA1_KCNMB4	ANKRD36C	1	0	-2.926607993812259	-2.926607993812259	-2.926607993812259
KCNMA1_KCNMB4	EPS8L2	1	0	-2.9357741874480268	-2.9357741874480268	-2.9357741874480268
KCNMA1_KCNMB4	MYL12B	1	0	-2.9586498621339077	-2.9586498621339077	-2.9586498621339077
KCNMA1_KCNMB4	FBP1	3	0	-2.960524441916624	-0.13311828933713035	-5.577643947159705
KCNMA1_KCNMB4	BHLHA15	1	0	-3.0112309512400732	-3.0112309512400732	-3.0112309512400732
KCNMA1_KCNMB4	PPP1R1B	4	0	-3.0268321957703908	-1.5436104846796599	-7.326533818509052
KCNMA1_KCNMB4	LAMA2	1	0	-3.0274909483597754	-3.0274909483597754	-3.0274909483597754
KCNMA1_KCNMB4	MBOAT1	1	0	-3.0491867247029387	-3.0491867247029387	-3.0491867247029387
KCNMA1_KCNMB4	F3	1	0	-3.0539860017522162	-3.0539860017522162	-3.0539860017522162
KCNMA1_KCNMB4	UNC93B1	1	0	-3.069400397999445	-3.069400397999445	-3.069400397999445
KCNMA1_KCNMB4	MALL	3	0	-3.086231832221268	-1.8673038596311018	-3.1775891814045982
KCNMA1_KCNMB4	ADAM9	1	0	-3.0958308540986508	-3.0958308540986508	-3.0958308540986508
KCNMA1_KCNMB4	MUCL3	2	0	-3.0961632865102464	-1.1284838481675437	-5.063842724852949
KCNMA1_KCNMB4	FGA	2	0	-3.1033808576825335	-0.4719518645285748	-5.734809850836492
KCNMA1_KCNMB4	DTX1	2	0	-3.110147563689107	-0.010011077228029677	-6.210284050150184
KCNMA1_KCNMB4	EPCAM	7	0	-3.11649255887342	-0.5075284607982543	-4.317181812507642
KCNMA1_KCNMB4	TSPAN3	1	0	-3.116508406686717	-3.116508406686717	-3.116508406686717
KCNMA1_KCNMB4	ANLN	1	0	-3.122757678912428	-3.122757678912428	-3.122757678912428
KCNMA1_KCNMB4	ANXA11	1	0	-3.133150574334905	-3.133150574334905	-3.133150574334905
KCNMA1_KCNMB4	ITGA2	2	0	-3.136134735456459	-3.0747329320240744	-3.1975365388888437
KCNMA1_KCNMB4	PLS1	1	0	-3.163929052812636	-3.163929052812636	-3.163929052812636
KCNMA1_KCNMB4	MUC17	3	0	-3.164924454634869	-1.7621750419850417	-3.6604783573581052
KCNMA1_KCNMB4	SLC44A4	3	0	-3.190303032604449	-0.8417186163444164	-6.443570984099723
KCNMA1_KCNMB4	CDA	1	0	-3.2007664977149926	-3.2007664977149926	-3.2007664977149926
KCNMA1_KCNMB4	ABCC3	6	0	-3.2131581654395274	-1.1139074942758147	-7.5526370125453814
KCNMA1_KCNMB4	CUZD1	1	0	-3.225179366578293	-3.225179366578293	-3.225179366578293
KCNMA1_KCNMB4	GOLM1	3	0	-3.2470014401036185	-2.374918705665869	-8.199994481793937
KCNMA1_KCNMB4	NR2F1	2	0	-3.247541580327434	-2.463597559811505	-4.0314856008433635
KCNMA1_KCNMB4	GPX2	6	0	-3.263774724468739	-0.9028493593175475	-6.4403274530885275
KCNMA1_KCNMB4	ZG16B	1	0	-3.2823177081215835	-3.2823177081215835	-3.2823177081215835
KCNMA1_KCNMB4	CLDN7	3	0	-3.2860050022973257	-1.0396860601432383	-9.060725699917091
KCNMA1_KCNMB4	GP2	2	0	-3.295600229071177	-1.527751008700907	-5.063449449441447
KCNMA1_KCNMB4	CYP2S1	1	0	-3.300642550601688	-3.300642550601688	-3.300642550601688
KCNMA1_KCNMB4	PABPC1	1	0	-3.30230566938918	-3.30230566938918	-3.30230566938918
KCNMA1_KCNMB4	GATM	2	0	-3.3037800872943635	-0.23321244610549063	-6.374347728483237
KCNMA1_KCNMB4	C4BPB	1	0	-3.3046656595505426	-3.3046656595505426	-3.3046656595505426
KCNMA1_KCNMB4	PRSS3	1	0	-3.3131473903086563	-3.3131473903086563	-3.3131473903086563
KCNMA1_KCNMB4	ACTN4	1	0	-3.320423284558419	-3.320423284558419	-3.320423284558419
KCNMA1_KCNMB4	PLA2G1B	2	0	-3.3286457120425705	-1.4916053819822328	-5.165686042102909
KCNMA1_KCNMB4	PSMD8	1	0	-3.3364551838777947	-3.3364551838777947	-3.3364551838777947
KCNMA1_KCNMB4	NECTIN4	1	0	-3.337638683674582	-3.337638683674582	-3.337638683674582
KCNMA1_KCNMB4	FOSL1	1	0	-3.3416282793819434	-3.3416282793819434	-3.3416282793819434
KCNMA1_KCNMB4	AKR1C3	2	0	-3.346847871507657	-1.5263003540921047	-5.167395388923209
KCNMA1_KCNMB4	DUOX2	6	0	-3.354559574459472	-0.08474701930998939	-5.854940888955179
KCNMA1_KCNMB4	GCNT3	5	0	-3.3576834966569087	-0.31848933076271224	-7.492280975550629
KCNMA1_KCNMB4	PRSS1	4	0	-3.3613750646650695	-0.9511971298787378	-6.155885156225658
KCNMA1_KCNMB4	PRICKLE4	2	0	-3.3630142059262687	-2.7715949241287925	-3.9544334877237453
KCNMA1_KCNMB4	CPA6	1	0	-3.375074730965383	-3.375074730965383	-3.375074730965383
KCNMA1_KCNMB4	CXCL17	4	0	-3.406274842761811	-1.808852218121729	-6.530246608956415
KCNMA1_KCNMB4	GPI	1	0	-3.410711029868612	-3.410711029868612	-3.410711029868612
KCNMA1_KCNMB4	CYSTM1	4	0	-3.422985540685948	-2.9402133283704166	-3.9451764365905375
KCNMA1_KCNMB4	MEGF6	2	0	-3.428181048461689	-1.7635108629813816	-5.092851233941996
KCNMA1_KCNMB4	RBPJL	1	0	-3.4283376173205102	-3.4283376173205102	-3.4283376173205102
KCNMA1_KCNMB4	MUC3A	5	0	-3.43300653182546	-0.8916996380349831	-9.313312548421877
KCNMA1_KCNMB4	UBE2C	1	0	-3.4620656568547887	-3.4620656568547887	-3.4620656568547887
KCNMA1_KCNMB4	NEURL3	2	0	-3.4674670799653367	-0.700731360556484	-6.234202799374189
KCNMA1_KCNMB4	SMAD3	4	0	-3.474740849137696	-1.5038339697149272	-5.440599458125771
KCNMA1_KCNMB4	REG4	3	0	-3.49457120130444	-3.3712172505968483	-7.992368225124248
KCNMA1_KCNMB4	AREG	2	0	-3.4996281105270475	-2.9087395562215965	-4.090516664832498
KCNMA1_KCNMB4	SCNN1A	4	0	-3.5096652269800623	-1.763322334744499	-7.778225742707543
KCNMA1_KCNMB4	ZC3H12A	1	0	-3.527265565366815	-3.527265565366815	-3.527265565366815
KCNMA1_KCNMB4	ELF3	10	0	-3.52778501678734	-0.8734907236000794	-6.516266527758956
KCNMA1_KCNMB4	AQP5	3	0	-3.527882484328059	-3.2867801151388627	-5.94825762067089
KCNMA1_KCNMB4	KLK1	1	0	-3.535551813569851	-3.535551813569851	-3.535551813569851
KCNMA1_KCNMB4	FER1L6	2	0	-3.536559475779579	-3.3922683432740333	-3.680850608285124
KCNMA1_KCNMB4	C6orf132	1	0	-3.538175536364287	-3.538175536364287	-3.538175536364287
KCNMA1_KCNMB4	SCTR	2	0	-3.5669960900501843	-1.839535119656763	-5.294457060443605
KCNMA1_KCNMB4	TMC5	7	0	-3.574844044138668	-0.5606026060204954	-6.293395576264909
KCNMA1_KCNMB4	L1CAM	1	0	-3.5839409107999196	-3.5839409107999196	-3.5839409107999196
KCNMA1_KCNMB4	CTRL	1	0	-3.5977564441331302	-3.5977564441331302	-3.5977564441331302
KCNMA1_KCNMB4	LSR	4	0	-3.6038535899732134	-2.4957940246850914	-4.9874562454503435
KCNMA1_KCNMB4	ACER2	1	0	-3.614956135007522	-3.614956135007522	-3.614956135007522
KCNMA1_KCNMB4	ZCCHC24	1	0	-3.6156020145728895	-3.6156020145728895	-3.6156020145728895
KCNMA1_KCNMB4	ANG	1	0	-3.618885241795346	-3.618885241795346	-3.618885241795346
KCNMA1_KCNMB4	AZGP1	6	0	-3.6255359680901105	-0.379537953699822	-6.414508952930764
KCNMA1_KCNMB4	NRXN2	2	0	-3.64724713833873	-2.5142174385184757	-4.780276838158984
KCNMA1_KCNMB4	ITGA6	1	0	-3.654932686396997	-3.654932686396997	-3.654932686396997
KCNMA1_KCNMB4	POF1B	1	0	-3.6591595554817324	-3.6591595554817324	-3.6591595554817324
KCNMA1_KCNMB4	TSPAN1	7	0	-3.6731044896534373	-1.5806861279806588	-5.9043858189334095
KCNMA1_KCNMB4	CHMP2B	1	0	-3.674266768452485	-3.674266768452485	-3.674266768452485
KCNMA1_KCNMB4	ITGBL1	1	0	-3.6777648024534324	-3.6777648024534324	-3.6777648024534324
KCNMA1_KCNMB4	SERPINI2	1	0	-3.6813365238840783	-3.6813365238840783	-3.6813365238840783
KCNMA1_KCNMB4	PDZK1IP1	7	0	-3.682355713849242	-0.275975639440245	-6.848609718044757
KCNMA1_KCNMB4	SLC4A4	2	0	-3.704627729849811	-1.427006492040806	-5.982248967658816
KCNMA1_KCNMB4	LFNG	1	0	-3.7176360340703813	-3.7176360340703813	-3.7176360340703813
KCNMA1_KCNMB4	TNNT1	1	0	-3.7217168027911973	-3.7217168027911973	-3.7217168027911973
KCNMA1_KCNMB4	CXCL11	1	0	-3.7333208313717443	-3.7333208313717443	-3.7333208313717443
KCNMA1_KCNMB4	DUOXA2	4	0	-3.7471470744684403	-0.39427535628536786	-5.45437689932826
KCNMA1_KCNMB4	ITGB2	1	0	-3.749420337953573	-3.749420337953573	-3.749420337953573
KCNMA1_KCNMB4	TRPV6	1	0	-3.76475782736157	-3.76475782736157	-3.76475782736157
KCNMA1_KCNMB4	FUT2	2	0	-3.792385589469544	-2.0285879421264	-5.556183236812688
KCNMA1_KCNMB4	TRNP1	4	0	-3.8081022414192365	-2.5016362320808643	-7.0906790915192826
KCNMA1_KCNMB4	CEBPG	1	0	-3.8191205396997767	-3.8191205396997767	-3.8191205396997767
KCNMA1_KCNMB4	ONECUT1	2	0	-3.827355597570174	-1.2823144580460302	-6.372396737094318
KCNMA1_KCNMB4	ARL14	2	0	-3.833113613508303	-0.9979628246291851	-6.668264402387421
KCNMA1_KCNMB4	DDR1	2	0	-3.8453813325540316	-1.7603650651578482	-5.930397599950215
KCNMA1_KCNMB4	RNASET2	2	0	-3.854514168830381	-0.7588776345269602	-6.950150703133802
KCNMA1_KCNMB4	SKIL	1	0	-3.8669579429790293	-3.8669579429790293	-3.8669579429790293
KCNMA1_KCNMB4	ALDH3A1	2	0	-3.8805052057471885	-2.1745498661694307	-5.586460545324947
KCNMA1_KCNMB4	CLSTN2	1	0	-3.8827063322349886	-3.8827063322349886	-3.8827063322349886
KCNMA1_KCNMB4	VSIG1	2	0	-3.8999632335478456	-3.0168155341078475	-4.783110932987844
KCNMA1_KCNMB4	SERPINB2	2	0	-3.939112180809377	-2.154684981675787	-5.723539379942967
KCNMA1_KCNMB4	MIA	2	0	-3.944057205373804	-1.388879181904514	-6.499235228843094
KCNMA1_KCNMB4	PRAP1	3	0	-3.954477989475806	-0.6165143657794044	-6.169645464131657
KCNMA1_KCNMB4	MLPH	7	0	-4.015754005609971	-0.9077545429759959	-7.37992775641082
KCNMA1_KCNMB4	HMGCS2	2	0	-4.022948061501319	-3.293750458963356	-4.752145664039283
KCNMA1_KCNMB4	CPED1	1	0	-4.049294506693139	-4.049294506693139	-4.049294506693139
KCNMA1_KCNMB4	INAVA	5	0	-4.049716577665986	-0.22466893648377098	-7.639756895888557
KCNMA1_KCNMB4	CAPN8	2	0	-4.051673843000038	-2.2977162409673446	-5.8056314450327315
KCNMA1_KCNMB4	RBP1	2	0	-4.05395008370663	-2.54037643018957	-5.567523737223689
KCNMA1_KCNMB4	SMIM24	2	0	-4.066775002096209	-2.4116698029387162	-5.721880201253703
KCNMA1_KCNMB4	RUNX1	1	0	-4.113092612587051	-4.113092612587051	-4.113092612587051
KCNMA1_KCNMB4	RARRES1	1	0	-4.117592654018026	-4.117592654018026	-4.117592654018026
KCNMA1_KCNMB4	SCUBE2	1	0	-4.182777592266939	-4.182777592266939	-4.182777592266939
KCNMA1_KCNMB4	MAN1C1	1	0	-4.203768803301424	-4.203768803301424	-4.203768803301424
KCNMA1_KCNMB4	SLC38A5	1	0	-4.207734489694191	-4.207734489694191	-4.207734489694191
KCNMA1_KCNMB4	MUC13	3	0	-4.213618032762877	-2.0774588271132766	-7.307880644867769
KCNMA1_KCNMB4	FMO3	1	0	-4.22616869976887	-4.22616869976887	-4.22616869976887
KCNMA1_KCNMB4	GPNMB	1	0	-4.238550446553924	-4.238550446553924	-4.238550446553924
KCNMA1_KCNMB4	LTBP4	1	0	-4.362124453029515	-4.362124453029515	-4.362124453029515
KCNMA1_KCNMB4	CYGB	1	0	-4.375810865128729	-4.375810865128729	-4.375810865128729
KCNMA1_KCNMB4	IYD	1	0	-4.40367583183299	-4.40367583183299	-4.40367583183299
KCNMA1_KCNMB4	KCNE3	1	0	-4.431370807209342	-4.431370807209342	-4.431370807209342
KCNMA1_KCNMB4	SMIM4	1	0	-4.5430450100769	-4.5430450100769	-4.5430450100769
KCNMA1_KCNMB4	SLC12A2	1	0	-4.5450938611297085	-4.5450938611297085	-4.5450938611297085
KCNMA1_KCNMB4	PRR15L	4	0	-4.596546697948342	-0.2809980578421122	-6.849795844281664
KCNMA1_KCNMB4	DEFB1	2	0	-4.609214935199321	-1.8513670242211122	-7.36706284617753
KCNMA1_KCNMB4	FAM3D	2	0	-4.637225222166768	-2.848961931985989	-6.425488512347545
KCNMA1_KCNMB4	MYH14	3	0	-4.637367460318261	-1.477892774622473	-5.588754988477642
KCNMA1_KCNMB4	TESC	4	0	-4.641778798826113	-0.05737034062641227	-7.664612500719612
KCNMA1_KCNMB4	IFI44L	3	0	-4.655022251102586	-0.981211489277587	-5.205278776737691
KCNMA1_KCNMB4	F2R	2	0	-4.68309584010382	-2.6463375891083394	-6.719854091099301
KCNMA1_KCNMB4	ACTL8	1	0	-4.6859242294450345	-4.6859242294450345	-4.6859242294450345
KCNMA1_KCNMB4	BNIP5	1	0	-4.68937038206637	-4.68937038206637	-4.68937038206637
KCNMA1_KCNMB4	FUT9	1	0	-4.711097305905192	-4.711097305905192	-4.711097305905192
KCNMA1_KCNMB4	PIK3C2G	2	0	-4.723953407312699	-3.6992711032462164	-5.748635711379181
KCNMA1_KCNMB4	NR2F2	1	0	-4.7368055403680245	-4.7368055403680245	-4.7368055403680245
KCNMA1_KCNMB4	EPHB6	1	0	-4.744756297033177	-4.744756297033177	-4.744756297033177
KCNMA1_KCNMB4	C1orf21	1	0	-4.804417809757842	-4.804417809757842	-4.804417809757842
KCNMA1_KCNMB4	TFPI2	1	0	-4.826794820285515	-4.826794820285515	-4.826794820285515
KCNMA1_KCNMB4	PTEN	1	0	-4.8436718125626586	-4.8436718125626586	-4.8436718125626586
KCNMA1_KCNMB4	F5	2	0	-4.846375911017165	-3.7602784305075794	-5.9324733915267505
KCNMA1_KCNMB4	AMN	2	0	-4.859166616390821	-2.1624268799553814	-7.555906352826261
KCNMA1_KCNMB4	MAPK10	1	0	-4.90555567021127	-4.90555567021127	-4.90555567021127
KCNMA1_KCNMB4	BAIAP2L1	1	0	-4.934412606487229	-4.934412606487229	-4.934412606487229
KCNMA1_KCNMB4	FAM83H	1	0	-4.94353684065529	-4.94353684065529	-4.94353684065529
KCNMA1_KCNMB4	PROS1	1	0	-4.948458191074938	-4.948458191074938	-4.948458191074938
KCNMA1_KCNMB4	CA2	3	0	-4.996858409948424	-0.9628906302559221	-6.618143302977632
KCNMA1_KCNMB4	A4GNT	2	0	-5.033529192719223	-4.959316002604527	-5.107742382833921
KCNMA1_KCNMB4	OAF	1	0	-5.041596791945982	-5.041596791945982	-5.041596791945982
KCNMA1_KCNMB4	ACSM3	1	0	-5.043801301061344	-5.043801301061344	-5.043801301061344
KCNMA1_KCNMB4	CLDN18	3	0	-5.078783562102291	-3.1988055908578246	-7.356758440759705
KCNMA1_KCNMB4	TMEM63A	1	0	-5.151595291358314	-5.151595291358314	-5.151595291358314
KCNMA1_KCNMB4	SFRP5	1	0	-5.165081238352253	-5.165081238352253	-5.165081238352253
KCNMA1_KCNMB4	ENTPD2	1	0	-5.214592045136837	-5.214592045136837	-5.214592045136837
KCNMA1_KCNMB4	NR1I2	1	0	-5.239467261407243	-5.239467261407243	-5.239467261407243
KCNMA1_KCNMB4	EPB41L4B	1	0	-5.251505292261414	-5.251505292261414	-5.251505292261414
KCNMA1_KCNMB4	EIF4B	1	0	-5.26750546242213	-5.26750546242213	-5.26750546242213
KCNMA1_KCNMB4	DKK1	2	0	-5.293988610815897	-2.9706912733363855	-7.617285948295408
KCNMA1_KCNMB4	HABP2	1	0	-5.368370077912393	-5.368370077912393	-5.368370077912393
KCNMA1_KCNMB4	PTCH1	1	0	-5.373864642110067	-5.373864642110067	-5.373864642110067
KCNMA1_KCNMB4	ACHE	2	0	-5.374501217659965	-1.8019418239138194	-8.94706061140611
KCNMA1_KCNMB4	ADH1C	1	0	-5.375023264004256	-5.375023264004256	-5.375023264004256
KCNMA1_KCNMB4	PIGR	7	0	-5.414492224319688	-0.46688902541540783	-5.892051989806088
KCNMA1_KCNMB4	UGT2A3	1	0	-5.416580657540679	-5.416580657540679	-5.416580657540679
KCNMA1_KCNMB4	PCDH18	1	0	-5.45173593725776	-5.45173593725776	-5.45173593725776
KCNMA1_KCNMB4	NCOA7	1	0	-5.463431476187028	-5.463431476187028	-5.463431476187028
KCNMA1_KCNMB4	SYT13	1	0	-5.499810386527132	-5.499810386527132	-5.499810386527132
KCNMA1_KCNMB4	CD24	2	0	-5.519324846263596	-4.9991516114344225	-6.03949808109277
KCNMA1_KCNMB4	TXNIP	1	0	-5.562905534398631	-5.562905534398631	-5.562905534398631
KCNMA1_KCNMB4	RNF128	1	0	-5.648998953647166	-5.648998953647166	-5.648998953647166
KCNMA1_KCNMB4	CDHR2	1	0	-5.682310366882677	-5.682310366882677	-5.682310366882677
KCNMA1_KCNMB4	F2RL2	3	0	-5.687862517015672	-3.8934494839178386	-6.761802469830577
KCNMA1_KCNMB4	AGR2	3	0	-5.708784848721262	-3.4389897658136372	-6.743762379204175
KCNMA1_KCNMB4	FA2H	1	0	-5.7470704635177965	-5.7470704635177965	-5.7470704635177965
KCNMA1_KCNMB4	SLC3A1	1	0	-5.7496326195020915	-5.7496326195020915	-5.7496326195020915
KCNMA1_KCNMB4	C4orf19	1	0	-5.768761926822125	-5.768761926822125	-5.768761926822125
KCNMA1_KCNMB4	TSHZ2	1	0	-5.779599991245628	-5.779599991245628	-5.779599991245628
KCNMA1_KCNMB4	ONECUT2	3	0	-5.789875435254736	-4.373637802013467	-8.831113661278298
KCNMA1_KCNMB4	KIAA1755	1	0	-5.803812572237243	-5.803812572237243	-5.803812572237243
KCNMA1_KCNMB4	ANXA10	3	0	-5.812354378613004	-1.081390321375125	-7.018012246413079
KCNMA1_KCNMB4	GPC3	1	0	-5.867139930178802	-5.867139930178802	-5.867139930178802
KCNMA1_KCNMB4	PROM1	3	0	-5.895400621770842	-2.9244845673304094	-5.992895601112428
KCNMA1_KCNMB4	EHF	1	0	-5.89772724658255	-5.89772724658255	-5.89772724658255
KCNMA1_KCNMB4	TMEM163	1	0	-5.983072782851542	-5.983072782851542	-5.983072782851542
KCNMA1_KCNMB4	DNPH1	1	0	-6.003769184326722	-6.003769184326722	-6.003769184326722
KCNMA1_KCNMB4	BAIAP2L2	2	0	-6.012991264730059	-5.4257867463060565	-6.600195783154061
KCNMA1_KCNMB4	RHPN1	1	0	-6.02289336653941	-6.02289336653941	-6.02289336653941
KCNMA1_KCNMB4	GALNT4	1	0	-6.030677555883927	-6.030677555883927	-6.030677555883927
KCNMA1_KCNMB4	ERN2	2	0	-6.04398672652812	-4.865852186517133	-7.222121266539108
KCNMA1_KCNMB4	CCDC198	1	0	-6.072797224339052	-6.072797224339052	-6.072797224339052
KCNMA1_KCNMB4	WDR72	1	0	-6.172597203016347	-6.172597203016347	-6.172597203016347
KCNMA1_KCNMB4	CDCA7	2	0	-6.1982569742151075	-5.250712169307111	-7.145801779123105
KCNMA1_KCNMB4	SULT1C2	5	0	-6.229899049395237	-2.3862352006709973	-7.915670336819855
KCNMA1_KCNMB4	RAP1GAP	1	0	-6.256455374982141	-6.256455374982141	-6.256455374982141
KCNMA1_KCNMB4	BACE2	1	0	-6.283203534127309	-6.283203534127309	-6.283203534127309
KCNMA1_KCNMB4	MOGAT1	1	0	-6.375473814717875	-6.375473814717875	-6.375473814717875
KCNMA1_KCNMB4	HNF4A	1	0	-6.484036602684238	-6.484036602684238	-6.484036602684238
KCNMA1_KCNMB4	EPS8L3	1	0	-6.520589855549983	-6.520589855549983	-6.520589855549983
KCNMA1_KCNMB4	ARHGAP8	1	0	-6.571981630368918	-6.571981630368918	-6.571981630368918
KCNMA1_KCNMB4	TSPAN13	1	0	-6.595771885335195	-6.595771885335195	-6.595771885335195
KCNMA1_KCNMB4	FAM3B	1	0	-6.638611731725841	-6.638611731725841	-6.638611731725841
KCNMA1_KCNMB4	SEL1L3	1	0	-6.640656999630267	-6.640656999630267	-6.640656999630267
KCNMA1_KCNMB4	GALNT3	1	0	-6.738070981992829	-6.738070981992829	-6.738070981992829
KCNMA1_KCNMB4	ERICH5	2	0	-6.761283043904381	-4.062014750121919	-9.460551337686844
KCNMA1_KCNMB4	BIRC3	1	0	-6.878038440795166	-6.878038440795166	-6.878038440795166
KCNMA1_KCNMB4	TRIM54	1	0	-6.955962981673471	-6.955962981673471	-6.955962981673471
KCNMA1_KCNMB4	LLGL2	1	0	-6.962208495646578	-6.962208495646578	-6.962208495646578
KCNMA1_KCNMB4	ICA1	1	0	-7.011342232232375	-7.011342232232375	-7.011342232232375
KCNMA1_KCNMB4	TMEM184A	1	0	-7.091296400409539	-7.091296400409539	-7.091296400409539
KCNMA1_KCNMB4	PLAAT3	1	0	-7.094671850146305	-7.094671850146305	-7.094671850146305
KCNMA1_KCNMB4	PLA2G10	1	0	-7.102552977877538	-7.102552977877538	-7.102552977877538
KCNMA1_KCNMB4	JAG1	1	0	-7.131550129373923	-7.131550129373923	-7.131550129373923
KCNMA1_KCNMB4	IL2RG	1	0	-7.142247930776648	-7.142247930776648	-7.142247930776648
KCNMA1_KCNMB4	ZNF552	1	0	-7.227209081660527	-7.227209081660527	-7.227209081660527
KCNMA1_KCNMB4	CLDN2	2	0	-7.259310505650908	-7.097111350042736	-7.42150966125908
KCNMA1_KCNMB4	MORN1	1	0	-7.276861929185443	-7.276861929185443	-7.276861929185443
KCNMA1_KCNMB4	C1orf116	1	0	-7.285499173851043	-7.285499173851043	-7.285499173851043
KCNMA1_KCNMB4	CAPN12	1	0	-7.336621713484831	-7.336621713484831	-7.336621713484831
KCNMA1_KCNMB4	PLCH2	1	0	-7.367025816233227	-7.367025816233227	-7.367025816233227
KCNMA1_KCNMB4	B4GALNT3	1	0	-7.4032005096217555	-7.4032005096217555	-7.4032005096217555
KCNMA1_KCNMB4	TMC4	1	0	-7.493667281362769	-7.493667281362769	-7.493667281362769
KCNMA1_KCNMB4	SLC37A1	1	0	-7.605327494866542	-7.605327494866542	-7.605327494866542
KCNMA1_KCNMB4	GPRC5B	1	0	-7.618659591094136	-7.618659591094136	-7.618659591094136
KCNMA1_KCNMB4	MPZL2	1	0	-7.654843308675779	-7.654843308675779	-7.654843308675779
KCNMA1_KCNMB4	NAPRT	1	0	-7.69856757706264	-7.69856757706264	-7.69856757706264
KCNMA1_KCNMB4	PDZK1	1	0	-7.758463951484529	-7.758463951484529	-7.758463951484529
KCNMA1_KCNMB4	UNC5CL	1	0	-7.927712106770604	-7.927712106770604	-7.927712106770604
KCNMA1_KCNMB4	AKAP7	1	0	-7.944452159888041	-7.944452159888041	-7.944452159888041
KCNMA1_KCNMB4	ANXA9	1	0	-7.949296624646239	-7.949296624646239	-7.949296624646239
KCNMA1_KCNMB4	TMEM238	1	0	-8.033106054001015	-8.033106054001015	-8.033106054001015
KCNMA1_KCNMB4	TC2N	1	0	-8.037280036826589	-8.037280036826589	-8.037280036826589
KCNMA1_KCNMB4	CRCT1	1	0	-8.039624636753405	-8.039624636753405	-8.039624636753405
KCNMA1_KCNMB4	RNF207	1	0	-8.03968893156594	-8.03968893156594	-8.03968893156594
KCNMA1_KCNMB4	NMUR2	1	0	-8.121208033006157	-8.121208033006157	-8.121208033006157
KCNMA1_KCNMB4	PKHD1	1	0	-8.361872534744819	-8.361872534744819	-8.361872534744819
KCNMA1_KCNMB4	KIF12	1	0	-8.383488396278308	-8.383488396278308	-8.383488396278308
KCNMA1_KCNMB4	CITED4	1	0	-8.51283099244768	-8.51283099244768	-8.51283099244768
KCNMA1_KCNMB4	XKR9	1	0	-8.646534741640913	-8.646534741640913	-8.646534741640913
KCNMA1_KCNMB4	ESRP1	1	0	-8.647958141077657	-8.647958141077657	-8.647958141077657
KCNMA1_KCNMB4	SLC37A4	1	0	-8.685792109242001	-8.685792109242001	-8.685792109242001
