spot	orig.ident	Origin	cc_ischia_10	first_type
PDACNP_2_AAACAAGTATCTCCCA-1	IU_PDA_NP2	Normal Pancreas	CC10	Normal Epithelial cells
PDACNP_2_AAACAATCTACTAGCA-1	IU_PDA_NP2	Normal Pancreas	CC10	Normal Epithelial cells
PDACNP_2_AAACAGAGCGACTCCT-1	IU_PDA_NP2	Normal Pancreas	CC10	Normal Epithelial cells
PDACNP_2_AAACATTTCCCGGATT-1	IU_PDA_NP2	Normal Pancreas	CC10	Normal Epithelial cells
PDACNP_2_AAACCCGAACGAAATC-1	IU_PDA_NP2	Normal Pancreas	CC10	Normal Epithelial cells
PDACNP_2_AAACCGGGTAGGTACC-1	IU_PDA_NP2	Normal Pancreas	CC10	Normal Epithelial cells
PDACNP_2_AAACCTAAGCAGCCGG-1	IU_PDA_NP2	Normal Pancreas	CC10	Normal Epithelial cells
PDACNP_2_AAACCTCATGAAGTTG-1	IU_PDA_NP2	Normal Pancreas	CC10	Normal Epithelial cells
PDACNP_2_AAACGCCCGAGATCGG-1	IU_PDA_NP2	Normal Pancreas	CC10	Normal Epithelial cells
PDACNP_2_AAACGGGCGTACGGGT-1	IU_PDA_NP2	Normal Pancreas	CC10	Normal Epithelial cells
PDACNP_2_AAACGGGTTGGTATCC-1	IU_PDA_NP2	Normal Pancreas	CC10	Normal Epithelial cells
PDACNP_2_AAACTAACGTGGCGAC-1	IU_PDA_NP2	Normal Pancreas	CC10	Normal Epithelial cells
PDACNP_2_AAACTCGGTTCGCAAT-1	IU_PDA_NP2	Normal Pancreas	CC10	Normal Epithelial cells
PDACNP_2_AAACTCGTGATATAAG-1	IU_PDA_NP2	Normal Pancreas	CC10	Normal Epithelial cells
PDACNP_2_AAACTGCTGGCTCCAA-1	IU_PDA_NP2	Normal Pancreas	CC10	Normal Epithelial cells
PDACNP_2_AAAGACCCAAGTCGCG-1	IU_PDA_NP2	Normal Pancreas	CC10	Normal Epithelial cells
PDACNP_2_AAAGACTGGGCGCTTT-1	IU_PDA_NP2	Normal Pancreas	CC10	Normal Epithelial cells
PDACNP_2_AAAGGCTACGGACCAT-1	IU_PDA_NP2	Normal Pancreas	CC10	Normal Epithelial cells
PDACNP_2_AAAGGCTCTCGCGCCG-1	IU_PDA_NP2	Normal Pancreas	CC10	Normal Epithelial cells
PDACNP_2_AAAGGGATGTAGCAAG-1	IU_PDA_NP2	Normal Pancreas	CC10	Normal Epithelial cells
PDACNP_2_AAAGGGCAGCTTGAAT-1	IU_PDA_NP2	Normal Pancreas	CC10	Normal Epithelial cells
PDACNP_2_AAAGGTAAGCTGTACC-1	IU_PDA_NP2	Normal Pancreas	CC10	Normal Epithelial cells
PDACNP_2_AAAGTCGACCCTCAGT-1	IU_PDA_NP2	Normal Pancreas	CC10	Normal Epithelial cells
PDACNP_2_AAATAACCATACGGGA-1	IU_PDA_NP2	Normal Pancreas	CC10	Normal Epithelial cells
PDACNP_2_AAATAAGGTAGTGCCC-1	IU_PDA_NP2	Normal Pancreas	CC10	Normal Epithelial cells
PDACNP_2_AAATACCTATAAGCAT-1	IU_PDA_NP2	Normal Pancreas	CC10	Normal Epithelial cells
PDACNP_2_AAATCCGATACACGCC-1	IU_PDA_NP2	Normal Pancreas	CC10	Normal Epithelial cells
PDACNP_2_AAATCTAGCCCTGCTA-1	IU_PDA_NP2	Normal Pancreas	CC10	Normal Epithelial cells
PDACNP_2_AAATGATTCGATCAGC-1	IU_PDA_NP2	Normal Pancreas	CC10	Normal Epithelial cells
PDACNP_2_AAATGCTCGTTACGTT-1	IU_PDA_NP2	Normal Pancreas	CC10	Normal Epithelial cells
PDACNP_2_AAATGGCATGTCTTGT-1	IU_PDA_NP2	Normal Pancreas	CC10	Normal Epithelial cells
PDACNP_2_AAATGGTCAATGTGCC-1	IU_PDA_NP2	Normal Pancreas	CC10	Normal Epithelial cells
PDACNP_2_AAATTAACGGGTAGCT-1	IU_PDA_NP2	Normal Pancreas	CC10	Normal Epithelial cells
PDACNP_2_AAATTAATAAGCGCGA-1	IU_PDA_NP2	Normal Pancreas	CC10	Normal Epithelial cells
PDACNP_2_AAATTACACGACTCTG-1	IU_PDA_NP2	Normal Pancreas	CC10	Normal Epithelial cells
PDACNP_2_AAATTACCTATCGATG-1	IU_PDA_NP2	Normal Pancreas	CC10	Normal Epithelial cells
PDACNP_2_AAATTCCAGGTCCAAA-1	IU_PDA_NP2	Normal Pancreas	CC10	Normal Epithelial cells
PDACNP_2_AAATTGCGGCGGTTCT-1	IU_PDA_NP2	Normal Pancreas	CC10	Normal Epithelial cells
PDACNP_2_AAATTTACCGAAATCC-1	IU_PDA_NP2	Normal Pancreas	CC10	Normal Epithelial cells
PDACNP_2_AAATTTGCGGGTGTGG-1	IU_PDA_NP2	Normal Pancreas	CC10	Hepatocytes
PDACNP_2_AACAACTGGTAGTTGC-1	IU_PDA_NP2	Normal Pancreas	CC10	Normal Epithelial cells
PDACNP_2_AACAATTACTCTACGC-1	IU_PDA_NP2	Normal Pancreas	CC10	Normal Epithelial cells
PDACNP_2_AACACACGCTCGCCGC-1	IU_PDA_NP2	Normal Pancreas	CC10	Normal Epithelial cells
PDACNP_2_AACACGACTGTACTGA-1	IU_PDA_NP2	Normal Pancreas	CC10	Normal Epithelial cells
PDACNP_2_AACACGCGGCCGCGAA-1	IU_PDA_NP2	Normal Pancreas	CC10	Normal Epithelial cells
PDACNP_2_AACAGGAAATCGAATA-1	IU_PDA_NP2	Normal Pancreas	CC10	Normal Epithelial cells
PDACNP_2_AACAGGATGGGCCGCG-1	IU_PDA_NP2	Normal Pancreas	CC10	Normal Epithelial cells
PDACNP_2_AACAGGTAGTATGGAT-1	IU_PDA_NP2	Normal Pancreas	CC10	Normal Epithelial cells
PDACNP_2_AACATCGATACGTCTA-1	IU_PDA_NP2	Normal Pancreas	CC10	Normal Epithelial cells
PDACNP_2_AACATTGGTCAGCCGT-1	IU_PDA_NP2	Normal Pancreas	CC10	Normal Epithelial cells
PDACNP_2_AACCAAGACTTCTCTG-1	IU_PDA_NP2	Normal Pancreas	CC10	Normal Epithelial cells
PDACNP_2_AACCAGTATCACTCTT-1	IU_PDA_NP2	Normal Pancreas	CC10	Normal Epithelial cells
PDACNP_2_AACCATGGGATCGCTA-1	IU_PDA_NP2	Normal Pancreas	CC10	Normal Epithelial cells
PDACNP_2_AACCCTACTGTCAATA-1	IU_PDA_NP2	Normal Pancreas	CC10	Normal Epithelial cells
PDACNP_2_AACCGAGCTTGGTCAT-1	IU_PDA_NP2	Normal Pancreas	CC10	Normal Epithelial cells
PDACNP_2_AACCGCTAAGGGATGC-1	IU_PDA_NP2	Normal Pancreas	CC10	Normal Epithelial cells
PDACNP_2_AACCGTTGTGTTTGCT-1	IU_PDA_NP2	Normal Pancreas	CC10	Normal Epithelial cells
PDACNP_2_AACCTCGCTTTAGCCC-1	IU_PDA_NP2	Normal Pancreas	CC10	Normal Epithelial cells
PDACNP_2_AACCTGTCACGGAATT-1	IU_PDA_NP2	Normal Pancreas	CC10	Normal Epithelial cells
PDACNP_2_AACCTTTAAATACGGT-1	IU_PDA_NP2	Normal Pancreas	CC10	Hepatocytes
PDACNP_2_AACCTTTACGACGTCT-1	IU_PDA_NP2	Normal Pancreas	CC10	Normal Epithelial cells
PDACNP_2_AACGATAATGCCGTAG-1	IU_PDA_NP2	Normal Pancreas	CC10	Normal Epithelial cells
PDACNP_2_AACGATAGAAGGGCCG-1	IU_PDA_NP2	Normal Pancreas	CC10	Normal Epithelial cells
PDACNP_2_AACGATATGTCAACTG-1	IU_PDA_NP2	Normal Pancreas	CC10	Normal Epithelial cells
PDACNP_2_AACGCATGATCTGGGT-1	IU_PDA_NP2	Normal Pancreas	CC10	Normal Epithelial cells
PDACNP_2_AACGCGAACGGCAACA-1	IU_PDA_NP2	Normal Pancreas	CC10	Normal Epithelial cells
PDACNP_2_AACGCGGTCTCCAGCC-1	IU_PDA_NP2	Normal Pancreas	CC10	Normal Epithelial cells
PDACNP_2_AACGCTGTTGCTGAAA-1	IU_PDA_NP2	Normal Pancreas	CC10	Normal Epithelial cells
PDACNP_2_AACGGACGTACGTATA-1	IU_PDA_NP2	Normal Pancreas	CC10	Normal Epithelial cells
PDACNP_2_AACGGCCATCTCCGGT-1	IU_PDA_NP2	Normal Pancreas	CC10	Normal Epithelial cells
PDACNP_2_AACGTAGTCTACCCAT-1	IU_PDA_NP2	Normal Pancreas	CC10	Normal Epithelial cells
PDACNP_2_AACGTCAGACTAGTGG-1	IU_PDA_NP2	Normal Pancreas	CC10	Normal Epithelial cells
PDACNP_2_AACGTGATGAAGGACA-1	IU_PDA_NP2	Normal Pancreas	CC10	Normal Epithelial cells
PDACNP_2_AACGTGCGAAAGTCTC-1	IU_PDA_NP2	Normal Pancreas	CC10	Normal Epithelial cells
PDACNP_2_AACGTTATCAGCACCT-1	IU_PDA_NP2	Normal Pancreas	CC10	Normal Epithelial cells
PDACNP_2_AACTACCCGTTTGTCA-1	IU_PDA_NP2	Normal Pancreas	CC10	Normal Epithelial cells
PDACNP_2_AACTAGCGTATCGCAC-1	IU_PDA_NP2	Normal Pancreas	CC10	Normal Epithelial cells
PDACNP_2_AACTAGGCTTGGGTGT-1	IU_PDA_NP2	Normal Pancreas	CC10	Normal Epithelial cells
PDACNP_2_AACTCAAGTTAATTGC-1	IU_PDA_NP2	Normal Pancreas	CC10	Normal Epithelial cells
PDACNP_2_AACTCCAGAGCGTGTT-1	IU_PDA_NP2	Normal Pancreas	CC10	Normal Epithelial cells
PDACNP_2_AACTCCTAATCCCATG-1	IU_PDA_NP2	Normal Pancreas	CC10	Normal Epithelial cells
PDACNP_2_AACTCGATAAACACGT-1	IU_PDA_NP2	Normal Pancreas	CC10	Normal Epithelial cells
PDACNP_2_AACTCGATGGCGCAGT-1	IU_PDA_NP2	Normal Pancreas	CC10	Normal Epithelial cells
PDACNP_2_AACTCTCAATAGAGCG-1	IU_PDA_NP2	Normal Pancreas	CC10	Normal Epithelial cells
PDACNP_2_AACTGAGGTCAGCGTC-1	IU_PDA_NP2	Normal Pancreas	CC10	Normal Epithelial cells
PDACNP_2_AACTGATATTAGGCCT-1	IU_PDA_NP2	Normal Pancreas	CC10	Normal Epithelial cells
PDACNP_2_AACTGGGTCCCGACGT-1	IU_PDA_NP2	Normal Pancreas	CC10	Normal Epithelial cells
PDACNP_2_AACTGGTGTGGGCCTT-1	IU_PDA_NP2	Normal Pancreas	CC10	Normal Epithelial cells
PDACNP_2_AACTTCTGCGTCTATC-1	IU_PDA_NP2	Normal Pancreas	CC10	Normal Epithelial cells
PDACNP_2_AACTTGCCCGTATGCA-1	IU_PDA_NP2	Normal Pancreas	CC10	Normal Epithelial cells
PDACNP_2_AACTTGCGTTCTCGCG-1	IU_PDA_NP2	Normal Pancreas	CC10	Normal Epithelial cells
PDACNP_2_AACTTTACGGGAGCTT-1	IU_PDA_NP2	Normal Pancreas	CC10	Normal Epithelial cells
PDACNP_2_AACTTTAGCTGCTGAG-1	IU_PDA_NP2	Normal Pancreas	CC10	Normal Epithelial cells
PDACNP_2_AAGAAGGATCAGTTAG-1	IU_PDA_NP2	Normal Pancreas	CC10	Normal Epithelial cells
PDACNP_2_AAGACCCAACTGAACA-1	IU_PDA_NP2	Normal Pancreas	CC10	Normal Epithelial cells
PDACNP_2_AAGACTAACCCGTTGT-1	IU_PDA_NP2	Normal Pancreas	CC10	Normal Epithelial cells
PDACNP_2_AAGACTGCAAGCTACT-1	IU_PDA_NP2	Normal Pancreas	CC10	Normal Epithelial cells
PDACNP_2_AAGAGATGAATCGGTA-1	IU_PDA_NP2	Normal Pancreas	CC10	Normal Epithelial cells
PDACNP_2_AAGAGCTCTTTATCGG-1	IU_PDA_NP2	Normal Pancreas	CC10	Normal Epithelial cells
PDACNP_2_AAGAGGATGTACGCGA-1	IU_PDA_NP2	Normal Pancreas	CC10	Normal Epithelial cells
PDACNP_2_AAGAGGCCCTTTGGAA-1	IU_PDA_NP2	Normal Pancreas	CC10	Normal Epithelial cells
PDACNP_2_AAGATTGGCGGAACGT-1	IU_PDA_NP2	Normal Pancreas	CC10	Normal Epithelial cells
PDACNP_2_AAGCACCCTGCGTATC-1	IU_PDA_NP2	Normal Pancreas	CC10	Normal Epithelial cells
PDACNP_2_AAGCATACTCTCCTGA-1	IU_PDA_NP2	Normal Pancreas	CC10	Normal Epithelial cells
PDACNP_2_AAGCGGCGTCATGGGT-1	IU_PDA_NP2	Normal Pancreas	CC10	Hepatocytes
PDACNP_2_AAGCTCGTGCCAAGTC-1	IU_PDA_NP2	Normal Pancreas	CC10	Normal Epithelial cells
PDACNP_2_AAGGAGCGGTTGGTGC-1	IU_PDA_NP2	Normal Pancreas	CC10	Normal Epithelial cells
PDACNP_2_AAGGATCGATCGCTTG-1	IU_PDA_NP2	Normal Pancreas	CC10	Normal Epithelial cells
PDACNP_2_AAGGATGAGGGACCTC-1	IU_PDA_NP2	Normal Pancreas	CC10	Normal Epithelial cells
PDACNP_2_AAGGCAGGCTGTCTCC-1	IU_PDA_NP2	Normal Pancreas	CC10	Normal Epithelial cells
PDACNP_2_AAGGCGCGTAAAGCTT-1	IU_PDA_NP2	Normal Pancreas	CC10	Normal Epithelial cells
PDACNP_2_AAGGCTGTGCTCATCG-1	IU_PDA_NP2	Normal Pancreas	CC10	Normal Epithelial cells
PDACNP_2_AAGGGACAGATTCTGT-1	IU_PDA_NP2	Normal Pancreas	CC10	Normal Epithelial cells
PDACNP_2_AAGGTATCCTAATATA-1	IU_PDA_NP2	Normal Pancreas	CC10	Normal Epithelial cells
PDACNP_2_AAGGTGATAAACCAGC-1	IU_PDA_NP2	Normal Pancreas	CC10	Normal Epithelial cells
PDACNP_2_AAGTAGAAGACCGGGT-1	IU_PDA_NP2	Normal Pancreas	CC10	Normal Epithelial cells
PDACNP_2_AAGTAGTGACGCGAGG-1	IU_PDA_NP2	Normal Pancreas	CC10	Normal Epithelial cells
PDACNP_2_AAGTCAATTGTCGTCA-1	IU_PDA_NP2	Normal Pancreas	CC10	Normal Epithelial cells
PDACNP_2_AAGTGACGACCGAATT-1	IU_PDA_NP2	Normal Pancreas	CC10	Normal Epithelial cells
PDACNP_2_AAGTGAGTCGGGTTTA-1	IU_PDA_NP2	Normal Pancreas	CC3	Normal Epithelial cells
PDACNP_2_AAGTGCAAAGGTAGAC-1	IU_PDA_NP2	Normal Pancreas	CC10	Hepatocytes
PDACNP_2_AAGTTCACTCCAAGCT-1	IU_PDA_NP2	Normal Pancreas	CC10	Normal Epithelial cells
PDACNP_2_AAGTTCAGTCTGCGTA-1	IU_PDA_NP2	Normal Pancreas	CC10	Normal Epithelial cells
PDACNP_2_AAGTTCGGCCAACAGG-1	IU_PDA_NP2	Normal Pancreas	CC10	Hepatocytes
PDACNP_2_AAGTTGTGATGTTATA-1	IU_PDA_NP2	Normal Pancreas	CC10	Normal Epithelial cells
PDACNP_2_AATAACAACGCTCGGC-1	IU_PDA_NP2	Normal Pancreas	CC10	Normal Epithelial cells
PDACNP_2_AATACAATGTTTCAGG-1	IU_PDA_NP2	Normal Pancreas	CC10	Normal Epithelial cells
PDACNP_2_AATAGAACAGAGTGGC-1	IU_PDA_NP2	Normal Pancreas	CC10	Normal Epithelial cells
PDACNP_2_AATAGAATCTGTTTCA-1	IU_PDA_NP2	Normal Pancreas	CC10	Normal Epithelial cells
PDACNP_2_AATAGCAAGCCTCCTG-1	IU_PDA_NP2	Normal Pancreas	CC10	Normal Epithelial cells
PDACNP_2_AATAGCTACCGCGTGC-1	IU_PDA_NP2	Normal Pancreas	CC10	Normal Epithelial cells
PDACNP_2_AATAGTCCGTCCCGAC-1	IU_PDA_NP2	Normal Pancreas	CC10	Normal Epithelial cells
PDACNP_2_AATAGTCGCGAGTCGG-1	IU_PDA_NP2	Normal Pancreas	CC10	Normal Epithelial cells
PDACNP_2_AATATCAAGGTCGGAT-1	IU_PDA_NP2	Normal Pancreas	CC10	Normal Epithelial cells
PDACNP_2_AATATCGAGGGTTCTC-1	IU_PDA_NP2	Normal Pancreas	CC10	Normal Epithelial cells
PDACNP_2_AATATTGGAGTATTGA-1	IU_PDA_NP2	Normal Pancreas	CC10	Hepatocytes
PDACNP_2_AATCAGACTGCAGGAC-1	IU_PDA_NP2	Normal Pancreas	CC10	Normal Epithelial cells
PDACNP_2_AATCATGTAAAGACTC-1	IU_PDA_NP2	Normal Pancreas	CC10	Normal Epithelial cells
PDACNP_2_AATCCAAGGGCCTGAG-1	IU_PDA_NP2	Normal Pancreas	CC10	Normal Epithelial cells
PDACNP_2_AATCCATGCAAGGGTG-1	IU_PDA_NP2	Normal Pancreas	CC10	Normal Epithelial cells
PDACNP_2_AATCGCCTCAGCGCCA-1	IU_PDA_NP2	Normal Pancreas	CC10	Normal Epithelial cells
PDACNP_2_AATCGCGCAGAGGACT-1	IU_PDA_NP2	Normal Pancreas	CC10	Normal Epithelial cells
PDACNP_2_AATCGGGACACTACGA-1	IU_PDA_NP2	Normal Pancreas	CC10	Normal Epithelial cells
PDACNP_2_AATCGTGAGCCGAGCA-1	IU_PDA_NP2	Normal Pancreas	CC10	Normal Epithelial cells
PDACNP_2_AATCTATGCCGGAGCC-1	IU_PDA_NP2	Normal Pancreas	CC10	Normal Epithelial cells
PDACNP_2_AATCTCTACTGTGGTT-1	IU_PDA_NP2	Normal Pancreas	CC10	Normal Epithelial cells
PDACNP_2_AATCTGGGTAGACCCT-1	IU_PDA_NP2	Normal Pancreas	CC10	Normal Epithelial cells
PDACNP_2_AATGACAGCAATGTCT-1	IU_PDA_NP2	Normal Pancreas	CC10	Normal Epithelial cells
PDACNP_2_AATGACGTAGGATGTC-1	IU_PDA_NP2	Normal Pancreas	CC10	Normal Epithelial cells
PDACNP_2_AATGACTGTCAGCCGG-1	IU_PDA_NP2	Normal Pancreas	CC10	Normal Epithelial cells
PDACNP_2_AATGAGTTCGCATATG-1	IU_PDA_NP2	Normal Pancreas	CC10	Normal Epithelial cells
PDACNP_2_AATGATGATACGCTAT-1	IU_PDA_NP2	Normal Pancreas	CC10	Normal Epithelial cells
PDACNP_2_AATGATGCGACTCCTG-1	IU_PDA_NP2	Normal Pancreas	CC10	Normal Epithelial cells
PDACNP_2_AATGCAACCGGGTACC-1	IU_PDA_NP2	Normal Pancreas	CC10	Normal Epithelial cells
PDACNP_2_AATGCACCAAGCAATG-1	IU_PDA_NP2	Normal Pancreas	CC10	Normal Epithelial cells
PDACNP_2_AATGGTCCACCGTTCA-1	IU_PDA_NP2	Normal Pancreas	CC10	Normal Epithelial cells
PDACNP_2_AATGGTTCTCACAAGC-1	IU_PDA_NP2	Normal Pancreas	CC10	Normal Epithelial cells
PDACNP_2_AATGTTGTCGTGAGAC-1	IU_PDA_NP2	Normal Pancreas	CC10	Normal Epithelial cells
PDACNP_2_AATTAAAGGTCGGCGT-1	IU_PDA_NP2	Normal Pancreas	CC10	Normal Epithelial cells
PDACNP_2_AATTAACGGATTTCCA-1	IU_PDA_NP2	Normal Pancreas	CC10	Normal Epithelial cells
PDACNP_2_AATTACTCGTACGCTC-1	IU_PDA_NP2	Normal Pancreas	CC10	Normal Epithelial cells
PDACNP_2_AATTAGCGCTGCAGCG-1	IU_PDA_NP2	Normal Pancreas	CC10	Normal Epithelial cells
PDACNP_2_AATTCATAAGGGATCT-1	IU_PDA_NP2	Normal Pancreas	CC10	Normal Epithelial cells
PDACNP_2_AATTCCAACTTGGTGA-1	IU_PDA_NP2	Normal Pancreas	CC10	Normal Epithelial cells
PDACNP_2_AATTCCAAGCATGTAC-1	IU_PDA_NP2	Normal Pancreas	CC10	Normal Epithelial cells
PDACNP_2_AATTCGATTCGAGGAT-1	IU_PDA_NP2	Normal Pancreas	CC10	Normal Epithelial cells
PDACNP_2_AATTCTAGAGTTAGGC-1	IU_PDA_NP2	Normal Pancreas	CC10	Normal Epithelial cells
PDACNP_2_AATTGAACGCTCTGGT-1	IU_PDA_NP2	Normal Pancreas	CC10	Normal Epithelial cells
PDACNP_2_AATTGCAGCAATCGAC-1	IU_PDA_NP2	Normal Pancreas	CC10	Normal Epithelial cells
PDACNP_2_AATTTGGGACATAGTA-1	IU_PDA_NP2	Normal Pancreas	CC10	Normal Epithelial cells
PDACNP_2_AATTTGGTTCCAAAGA-1	IU_PDA_NP2	Normal Pancreas	CC10	Normal Epithelial cells
PDACNP_2_ACAAAGCATGACCTAG-1	IU_PDA_NP2	Normal Pancreas	CC10	Normal Epithelial cells
PDACNP_2_ACAAATCGCACCGAAT-1	IU_PDA_NP2	Normal Pancreas	CC10	Normal Epithelial cells
PDACNP_2_ACAAATGGTAGTGTTT-1	IU_PDA_NP2	Normal Pancreas	CC10	Normal Epithelial cells
PDACNP_2_ACAAATTCAGATCTGA-1	IU_PDA_NP2	Normal Pancreas	CC10	Normal Epithelial cells
PDACNP_2_ACAACAGCATGAGCTA-1	IU_PDA_NP2	Normal Pancreas	CC10	Normal Epithelial cells
PDACNP_2_ACAACGGTCCCTGCGA-1	IU_PDA_NP2	Normal Pancreas	CC10	Normal Epithelial cells
PDACNP_2_ACAAGCAGTGCCTAGC-1	IU_PDA_NP2	Normal Pancreas	CC10	Normal Epithelial cells
PDACNP_2_ACAAGGAAATCCGCCC-1	IU_PDA_NP2	Normal Pancreas	CC10	Hepatocytes
PDACNP_2_ACAAGGACAAGAGGTT-1	IU_PDA_NP2	Normal Pancreas	CC10	Normal Epithelial cells
PDACNP_2_ACAAGGATGCTTTAGG-1	IU_PDA_NP2	Normal Pancreas	CC10	Normal Epithelial cells
PDACNP_2_ACAAGGCCTACCAGCC-1	IU_PDA_NP2	Normal Pancreas	CC10	Normal Epithelial cells
PDACNP_2_ACAAGGGCAGGCTCTG-1	IU_PDA_NP2	Normal Pancreas	CC10	Normal Epithelial cells
PDACNP_2_ACAATAGTCGTACGTT-1	IU_PDA_NP2	Normal Pancreas	CC10	Normal Epithelial cells
PDACNP_2_ACAATCCATTTAAACC-1	IU_PDA_NP2	Normal Pancreas	CC10	Normal Epithelial cells
PDACNP_2_ACAATGATTCTTCTAC-1	IU_PDA_NP2	Normal Pancreas	CC10	Normal Epithelial cells
PDACNP_2_ACAATTGTGTCTCTTT-1	IU_PDA_NP2	Normal Pancreas	CC10	Normal Epithelial cells
PDACNP_2_ACAATTTAGGAGGCTC-1	IU_PDA_NP2	Normal Pancreas	CC10	Hepatocytes
PDACNP_2_ACAATTTGAGCAGTGG-1	IU_PDA_NP2	Normal Pancreas	CC10	Normal Epithelial cells
PDACNP_2_ACAATTTGGCCATATT-1	IU_PDA_NP2	Normal Pancreas	CC10	Normal Epithelial cells
PDACNP_2_ACACAAAGACGGGTGG-1	IU_PDA_NP2	Normal Pancreas	CC10	Normal Epithelial cells
PDACNP_2_ACACACCAGGACCAGT-1	IU_PDA_NP2	Normal Pancreas	CC10	Normal Epithelial cells
PDACNP_2_ACACACTTTCTACACG-1	IU_PDA_NP2	Normal Pancreas	CC10	Normal Epithelial cells
PDACNP_2_ACACATTGACGCAACA-1	IU_PDA_NP2	Normal Pancreas	CC10	Normal Epithelial cells
PDACNP_2_ACACCACATAATTAGC-1	IU_PDA_NP2	Normal Pancreas	CC10	Normal Epithelial cells
PDACNP_2_ACACCCAGCATGCAGC-1	IU_PDA_NP2	Normal Pancreas	CC10	Normal Epithelial cells
PDACNP_2_ACACCCGAGAAATCCG-1	IU_PDA_NP2	Normal Pancreas	CC10	Normal Epithelial cells
PDACNP_2_ACACCGAGCGCTCTTT-1	IU_PDA_NP2	Normal Pancreas	CC10	Normal Epithelial cells
PDACNP_2_ACACCTTAAGTAGGGC-1	IU_PDA_NP2	Normal Pancreas	CC10	Normal Epithelial cells
PDACNP_2_ACACCTTACTACTTGC-1	IU_PDA_NP2	Normal Pancreas	CC10	Normal Epithelial cells
PDACNP_2_ACACGAGACTCCTTCT-1	IU_PDA_NP2	Normal Pancreas	CC10	Normal Epithelial cells
PDACNP_2_ACACGGGAACTTAGGG-1	IU_PDA_NP2	Normal Pancreas	CC10	Normal Epithelial cells
PDACNP_2_ACACGTAGGCCACAAG-1	IU_PDA_NP2	Normal Pancreas	CC10	Normal Epithelial cells
PDACNP_2_ACACTCCAATGTCACT-1	IU_PDA_NP2	Normal Pancreas	CC10	Normal Epithelial cells
PDACNP_2_ACACTGATCAAGGTGT-1	IU_PDA_NP2	Normal Pancreas	CC10	Normal Epithelial cells
PDACNP_2_ACAGCATAGAGCCAGT-1	IU_PDA_NP2	Normal Pancreas	CC10	Normal Epithelial cells
PDACNP_2_ACAGCGACATTCTCAT-1	IU_PDA_NP2	Normal Pancreas	CC10	Normal Epithelial cells
PDACNP_2_ACAGCGCACCCGCAGC-1	IU_PDA_NP2	Normal Pancreas	CC10	Normal Epithelial cells
PDACNP_2_ACAGGCACGGATCCTT-1	IU_PDA_NP2	Normal Pancreas	CC10	Normal Epithelial cells
PDACNP_2_ACAGGCTTGCCCGACT-1	IU_PDA_NP2	Normal Pancreas	CC10	Normal Epithelial cells
PDACNP_2_ACAGTATACCGTGGGA-1	IU_PDA_NP2	Normal Pancreas	CC10	Normal Epithelial cells
PDACNP_2_ACATAATAAGGCGGTG-1	IU_PDA_NP2	Normal Pancreas	CC10	Normal Epithelial cells
PDACNP_2_ACATCAGCTGGGACGC-1	IU_PDA_NP2	Normal Pancreas	CC10	Normal Epithelial cells
PDACNP_2_ACATCCCGGCCATACG-1	IU_PDA_NP2	Normal Pancreas	CC10	Hepatocytes
PDACNP_2_ACATCGGTCAGCCGCG-1	IU_PDA_NP2	Normal Pancreas	CC10	Normal Epithelial cells
PDACNP_2_ACATCGTATGCAATGG-1	IU_PDA_NP2	Normal Pancreas	CC10	Normal Epithelial cells
PDACNP_2_ACATGGCGCCAAAGTA-1	IU_PDA_NP2	Normal Pancreas	CC10	Normal Epithelial cells
PDACNP_2_ACATGGCTCAATTTAG-1	IU_PDA_NP2	Normal Pancreas	CC10	Normal Epithelial cells
PDACNP_2_ACATTAGTTTATATCC-1	IU_PDA_NP2	Normal Pancreas	CC10	Normal Epithelial cells
PDACNP_2_ACCAAACACCCAGCGA-1	IU_PDA_NP2	Normal Pancreas	CC10	Normal Epithelial cells
PDACNP_2_ACCAACACCACACACT-1	IU_PDA_NP2	Normal Pancreas	CC10	Normal Epithelial cells
PDACNP_2_ACCAACCGCACTCCAC-1	IU_PDA_NP2	Normal Pancreas	CC10	Normal Epithelial cells
PDACNP_2_ACCAACGCTTATTTAT-1	IU_PDA_NP2	Normal Pancreas	CC10	Normal Epithelial cells
PDACNP_2_ACCAAGAACGCGTGTC-1	IU_PDA_NP2	Normal Pancreas	CC10	Normal Epithelial cells
PDACNP_2_ACCAAGTCATCGGCAG-1	IU_PDA_NP2	Normal Pancreas	CC10	Normal Epithelial cells
PDACNP_2_ACCACAACTCAGAACA-1	IU_PDA_NP2	Normal Pancreas	CC10	Normal Epithelial cells
PDACNP_2_ACCACAAGTTTCTATC-1	IU_PDA_NP2	Normal Pancreas	CC10	Normal Epithelial cells
PDACNP_2_ACCACCAATGTAACAA-1	IU_PDA_NP2	Normal Pancreas	CC10	Normal Epithelial cells
PDACNP_2_ACCACCCTCTCTTCTA-1	IU_PDA_NP2	Normal Pancreas	CC10	Normal Epithelial cells
PDACNP_2_ACCACGTGCAGCTATA-1	IU_PDA_NP2	Normal Pancreas	CC10	Normal Epithelial cells
PDACNP_2_ACCACTGTTCAAGAAG-1	IU_PDA_NP2	Normal Pancreas	CC10	Normal Epithelial cells
PDACNP_2_ACCAGTGCCCGGTCAA-1	IU_PDA_NP2	Normal Pancreas	CC10	Hepatocytes
PDACNP_2_ACCAGTGCGGGAGACG-1	IU_PDA_NP2	Normal Pancreas	CC10	Normal Epithelial cells
PDACNP_2_ACCATATCCGCAATAA-1	IU_PDA_NP2	Normal Pancreas	CC10	Normal Epithelial cells
PDACNP_2_ACCATCGTATATGGTA-1	IU_PDA_NP2	Normal Pancreas	CC10	Normal Epithelial cells
PDACNP_2_ACCATTAAGGGTGTCA-1	IU_PDA_NP2	Normal Pancreas	CC10	Normal Epithelial cells
PDACNP_2_ACCCAACGCCCGTGGC-1	IU_PDA_NP2	Normal Pancreas	CC10	Normal Epithelial cells
PDACNP_2_ACCCACCTACATGCTC-1	IU_PDA_NP2	Normal Pancreas	CC10	Hepatocytes
PDACNP_2_ACCCATCTTGAGGGTA-1	IU_PDA_NP2	Normal Pancreas	CC10	Normal Epithelial cells
PDACNP_2_ACCCATTTGTCCCTCT-1	IU_PDA_NP2	Normal Pancreas	CC10	Normal Epithelial cells
PDACNP_2_ACCCGGAAACTCCCAG-1	IU_PDA_NP2	Normal Pancreas	CC10	Normal Epithelial cells
PDACNP_2_ACCCGGATGACGCATC-1	IU_PDA_NP2	Normal Pancreas	CC10	Normal Epithelial cells
PDACNP_2_ACCCGGTTACACTTCC-1	IU_PDA_NP2	Normal Pancreas	CC10	Normal Epithelial cells
PDACNP_2_ACCCGTGTCATCAGTA-1	IU_PDA_NP2	Normal Pancreas	CC10	Normal Epithelial cells
PDACNP_2_ACCCTATAGGACTGAG-1	IU_PDA_NP2	Normal Pancreas	CC10	Normal Epithelial cells
PDACNP_2_ACCCTCCCGTCAGGGC-1	IU_PDA_NP2	Normal Pancreas	CC10	Normal Epithelial cells
PDACNP_2_ACCCTCCCTTGCTATT-1	IU_PDA_NP2	Normal Pancreas	CC10	Normal Epithelial cells
PDACNP_2_ACCCTGGTAACGCCCT-1	IU_PDA_NP2	Normal Pancreas	CC10	Normal Epithelial cells
PDACNP_2_ACCCTTCATCTGCGAA-1	IU_PDA_NP2	Normal Pancreas	CC10	Normal Epithelial cells
PDACNP_2_ACCCTTTAGTTCTCCA-1	IU_PDA_NP2	Normal Pancreas	CC10	Normal Epithelial cells
PDACNP_2_ACCGACACATCTCCCA-1	IU_PDA_NP2	Normal Pancreas	CC10	Normal Epithelial cells
PDACNP_2_ACCGACTGAGTCCCAC-1	IU_PDA_NP2	Normal Pancreas	CC10	Normal Epithelial cells
PDACNP_2_ACCGAGTCTCCTTATT-1	IU_PDA_NP2	Normal Pancreas	CC10	Normal Epithelial cells
PDACNP_2_ACCGATGGTAGCATCG-1	IU_PDA_NP2	Normal Pancreas	CC10	Normal Epithelial cells
PDACNP_2_ACCGCAATAACTGCCT-1	IU_PDA_NP2	Normal Pancreas	CC10	Normal Epithelial cells
PDACNP_2_ACCGGTCTGAGTACGG-1	IU_PDA_NP2	Normal Pancreas	CC10	Normal Epithelial cells
PDACNP_2_ACCTAATCGACTTCCT-1	IU_PDA_NP2	Normal Pancreas	CC10	Normal Epithelial cells
PDACNP_2_ACCTACAGTATGTGGT-1	IU_PDA_NP2	Normal Pancreas	CC10	Normal Epithelial cells
PDACNP_2_ACCTCCGCCCTCGCTG-1	IU_PDA_NP2	Normal Pancreas	CC10	Normal Epithelial cells
PDACNP_2_ACCTCCGTTATTCACC-1	IU_PDA_NP2	Normal Pancreas	CC10	Normal Epithelial cells
PDACNP_2_ACGACTCTAGGGCCGA-1	IU_PDA_NP2	Normal Pancreas	CC10	Normal Epithelial cells
PDACNP_2_ACGAGAACCCATCACG-1	IU_PDA_NP2	Normal Pancreas	CC10	Normal Epithelial cells
PDACNP_2_ACGAGATATTTGCTTA-1	IU_PDA_NP2	Normal Pancreas	CC10	Normal Epithelial cells
PDACNP_2_ACGAGTACGGATGCCC-1	IU_PDA_NP2	Normal Pancreas	CC10	Normal Epithelial cells
PDACNP_2_ACGAGTCGCCGGCGTT-1	IU_PDA_NP2	Normal Pancreas	CC10	Normal Epithelial cells
PDACNP_2_ACGATACATAGAACTA-1	IU_PDA_NP2	Normal Pancreas	CC10	Normal Epithelial cells
PDACNP_2_ACGATCATACATAGAG-1	IU_PDA_NP2	Normal Pancreas	CC10	Normal Epithelial cells
PDACNP_2_ACGATGCATATGTTAT-1	IU_PDA_NP2	Normal Pancreas	CC10	Normal Epithelial cells
PDACNP_2_ACGCAATCACTACAGC-1	IU_PDA_NP2	Normal Pancreas	CC10	Normal Epithelial cells
PDACNP_2_ACGCATAAATGACATG-1	IU_PDA_NP2	Normal Pancreas	CC10	Normal Epithelial cells
PDACNP_2_ACGCATACGTTTACTA-1	IU_PDA_NP2	Normal Pancreas	CC10	Normal Epithelial cells
PDACNP_2_ACGCATTCGTGAGTAC-1	IU_PDA_NP2	Normal Pancreas	CC10	Normal Epithelial cells
PDACNP_2_ACGCCAGATGATTTCT-1	IU_PDA_NP2	Normal Pancreas	CC10	Normal Epithelial cells
PDACNP_2_ACGCCAGTGCGTTTGC-1	IU_PDA_NP2	Normal Pancreas	CC2	Normal Epithelial cells
PDACNP_2_ACGCCGCTAGACGACC-1	IU_PDA_NP2	Normal Pancreas	CC10	Normal Epithelial cells
PDACNP_2_ACGCGAAGTCAGACGA-1	IU_PDA_NP2	Normal Pancreas	CC10	Normal Epithelial cells
PDACNP_2_ACGCGCTACACAGGGT-1	IU_PDA_NP2	Normal Pancreas	CC10	Normal Epithelial cells
PDACNP_2_ACGCGGGCCAAGGACA-1	IU_PDA_NP2	Normal Pancreas	CC10	Normal Epithelial cells
PDACNP_2_ACGCGTTTCTTAAGAG-1	IU_PDA_NP2	Normal Pancreas	CC10	Normal Epithelial cells
PDACNP_2_ACGCTGTGAGGCGTAG-1	IU_PDA_NP2	Normal Pancreas	CC10	Normal Epithelial cells
PDACNP_2_ACGGAATTTAGCAAAT-1	IU_PDA_NP2	Normal Pancreas	CC10	Normal Epithelial cells
PDACNP_2_ACGGACTCTCAAAGCG-1	IU_PDA_NP2	Normal Pancreas	CC10	Normal Epithelial cells
PDACNP_2_ACGGAGCGCAAATTAC-1	IU_PDA_NP2	Normal Pancreas	CC10	Normal Epithelial cells
PDACNP_2_ACGGCACTTGCTTGGG-1	IU_PDA_NP2	Normal Pancreas	CC10	Hepatocytes
PDACNP_2_ACGGCCAACATGGACT-1	IU_PDA_NP2	Normal Pancreas	CC10	Normal Epithelial cells
PDACNP_2_ACGGCGACGATGGGAA-1	IU_PDA_NP2	Normal Pancreas	CC10	Normal Epithelial cells
PDACNP_2_ACGGCGGGTTGCCCTG-1	IU_PDA_NP2	Normal Pancreas	CC10	Normal Epithelial cells
PDACNP_2_ACGGGCGTATGCGACA-1	IU_PDA_NP2	Normal Pancreas	CC10	Normal Epithelial cells
PDACNP_2_ACGGGTCATGTGACTT-1	IU_PDA_NP2	Normal Pancreas	CC10	Normal Epithelial cells
PDACNP_2_ACGGTACAGTTCAATG-1	IU_PDA_NP2	Normal Pancreas	CC10	Normal Epithelial cells
PDACNP_2_ACGTACAGATTTCTCT-1	IU_PDA_NP2	Normal Pancreas	CC10	Normal Epithelial cells
PDACNP_2_ACGTAGATTGCTGATG-1	IU_PDA_NP2	Normal Pancreas	CC10	Normal Epithelial cells
PDACNP_2_ACGTAGGAGAGTCGCT-1	IU_PDA_NP2	Normal Pancreas	CC10	Normal Epithelial cells
PDACNP_2_ACGTGCGCCTCGTGCA-1	IU_PDA_NP2	Normal Pancreas	CC10	Normal Epithelial cells
PDACNP_2_ACGTTAGATTTGCCCG-1	IU_PDA_NP2	Normal Pancreas	CC10	Normal Epithelial cells
PDACNP_2_ACGTTATTGGTCACTC-1	IU_PDA_NP2	Normal Pancreas	CC10	Normal Epithelial cells
PDACNP_2_ACGTTCGCAATCAATT-1	IU_PDA_NP2	Normal Pancreas	CC10	Normal Epithelial cells
PDACNP_2_ACGTTCTGTACAAGTC-1	IU_PDA_NP2	Normal Pancreas	CC10	Normal Epithelial cells
PDACNP_2_ACGTTTAGTTGTGATC-1	IU_PDA_NP2	Normal Pancreas	CC10	Normal Epithelial cells
PDACNP_2_ACTAATACGTCAGGCG-1	IU_PDA_NP2	Normal Pancreas	CC10	Normal Epithelial cells
PDACNP_2_ACTACCAGCTCTCTGG-1	IU_PDA_NP2	Normal Pancreas	CC10	Normal Epithelial cells
PDACNP_2_ACTACGCGTTAGAATT-1	IU_PDA_NP2	Normal Pancreas	CC10	Normal Epithelial cells
PDACNP_2_ACTAGTTGCGATCGTC-1	IU_PDA_NP2	Normal Pancreas	CC10	Normal Epithelial cells
PDACNP_2_ACTATATGCTGTGTTC-1	IU_PDA_NP2	Normal Pancreas	CC10	Normal Epithelial cells
PDACNP_2_ACTATCCAGGGCATGG-1	IU_PDA_NP2	Normal Pancreas	CC10	Normal Epithelial cells
PDACNP_2_ACTCAACGAATGTATT-1	IU_PDA_NP2	Normal Pancreas	CC10	Normal Epithelial cells
PDACNP_2_ACTCAAGTGCAAGGCT-1	IU_PDA_NP2	Normal Pancreas	CC10	Normal Epithelial cells
PDACNP_2_ACTCAATAAAGGCACG-1	IU_PDA_NP2	Normal Pancreas	CC10	Normal Epithelial cells
PDACNP_2_ACTCAGACCTGCTTCT-1	IU_PDA_NP2	Normal Pancreas	CC10	Normal Epithelial cells
PDACNP_2_ACTCCCGAATTCGTTT-1	IU_PDA_NP2	Normal Pancreas	CC10	Normal Epithelial cells
PDACNP_2_ACTCCCTAATGCTAAA-1	IU_PDA_NP2	Normal Pancreas	CC10	Normal Epithelial cells
PDACNP_2_ACTCCCTAGAATAGTA-1	IU_PDA_NP2	Normal Pancreas	CC10	Normal Epithelial cells
PDACNP_2_ACTCCGGCCGACCACT-1	IU_PDA_NP2	Normal Pancreas	CC10	Normal Epithelial cells
PDACNP_2_ACTCGATGTATTTCAT-1	IU_PDA_NP2	Normal Pancreas	CC10	Normal Epithelial cells
PDACNP_2_ACTCGCCGTTCGATAA-1	IU_PDA_NP2	Normal Pancreas	CC10	Normal Epithelial cells
PDACNP_2_ACTCTCTGACTTAGGT-1	IU_PDA_NP2	Normal Pancreas	CC10	Normal Epithelial cells
PDACNP_2_ACTCTCTTATACACGA-1	IU_PDA_NP2	Normal Pancreas	CC10	Normal Epithelial cells
PDACNP_2_ACTCTGACCTAATAGA-1	IU_PDA_NP2	Normal Pancreas	CC10	Normal Epithelial cells
PDACNP_2_ACTCTTGTATAGTAAC-1	IU_PDA_NP2	Normal Pancreas	CC10	Normal Epithelial cells
PDACNP_2_ACTGAAACGCCGTTAG-1	IU_PDA_NP2	Normal Pancreas	CC10	Normal Epithelial cells
PDACNP_2_ACTGAATGGCGAAAGT-1	IU_PDA_NP2	Normal Pancreas	CC10	Hepatocytes
PDACNP_2_ACTGCCGTCGTAACTC-1	IU_PDA_NP2	Normal Pancreas	CC10	Normal Epithelial cells
PDACNP_2_ACTGCGGACACACCGT-1	IU_PDA_NP2	Normal Pancreas	CC10	Normal Epithelial cells
PDACNP_2_ACTGTAGCACTTTGGA-1	IU_PDA_NP2	Normal Pancreas	CC10	Normal Epithelial cells
PDACNP_2_ACTGTATACGCGAGCA-1	IU_PDA_NP2	Normal Pancreas	CC10	Normal Epithelial cells
PDACNP_2_ACTGTCCAGGATTATA-1	IU_PDA_NP2	Normal Pancreas	CC10	Normal Epithelial cells
PDACNP_2_ACTGTCTTCTTTAGAA-1	IU_PDA_NP2	Normal Pancreas	CC10	Normal Epithelial cells
PDACNP_2_ACTGTGCTAGTAGATC-1	IU_PDA_NP2	Normal Pancreas	CC10	Normal Epithelial cells
PDACNP_2_ACTTACCGGGCGCGCA-1	IU_PDA_NP2	Normal Pancreas	CC10	Normal Epithelial cells
PDACNP_2_ACTTAGTACGACAAGA-1	IU_PDA_NP2	Normal Pancreas	CC10	Normal Epithelial cells
PDACNP_2_ACTTATACTTACCCGG-1	IU_PDA_NP2	Normal Pancreas	CC10	Normal Epithelial cells
PDACNP_2_ACTTATCTGATCTATA-1	IU_PDA_NP2	Normal Pancreas	CC10	Normal Epithelial cells
PDACNP_2_ACTTATTAGGATCGGT-1	IU_PDA_NP2	Normal Pancreas	CC10	Normal Epithelial cells
PDACNP_2_ACTTATTTATGTGCCA-1	IU_PDA_NP2	Normal Pancreas	CC10	Normal Epithelial cells
PDACNP_2_ACTTCAGGCTGATCCC-1	IU_PDA_NP2	Normal Pancreas	CC10	Normal Epithelial cells
PDACNP_2_ACTTCCATGCGGGACA-1	IU_PDA_NP2	Normal Pancreas	CC10	Normal Epithelial cells
PDACNP_2_ACTTCGCCATACGCAC-1	IU_PDA_NP2	Normal Pancreas	CC10	Normal Epithelial cells
PDACNP_2_ACTTGACTCCCTCTTT-1	IU_PDA_NP2	Normal Pancreas	CC10	Normal Epithelial cells
PDACNP_2_ACTTGGGACCCGGTGG-1	IU_PDA_NP2	Normal Pancreas	CC10	Normal Epithelial cells
PDACNP_2_ACTTGTGGATGGAACG-1	IU_PDA_NP2	Normal Pancreas	CC10	Normal Epithelial cells
PDACNP_2_ACTTTACCCTCATGAA-1	IU_PDA_NP2	Normal Pancreas	CC10	Normal Epithelial cells
PDACNP_2_ACTTTCCTATAGCTTC-1	IU_PDA_NP2	Normal Pancreas	CC10	Normal Epithelial cells
PDACNP_2_ACTTTGACTGCATCCT-1	IU_PDA_NP2	Normal Pancreas	CC10	Normal Epithelial cells
PDACNP_2_AGAACCCAGCGTGACA-1	IU_PDA_NP2	Normal Pancreas	CC10	Normal Epithelial cells
PDACNP_2_AGAACGTGGTACATTC-1	IU_PDA_NP2	Normal Pancreas	CC10	Normal Epithelial cells
PDACNP_2_AGAAGAGCGCCGTTCC-1	IU_PDA_NP2	Normal Pancreas	CC10	Normal Epithelial cells
PDACNP_2_AGAAGGTTGCCGAATT-1	IU_PDA_NP2	Normal Pancreas	CC10	Normal Epithelial cells
PDACNP_2_AGAAGGTTGTAGGTCG-1	IU_PDA_NP2	Normal Pancreas	CC10	Normal Epithelial cells
PDACNP_2_AGAATAAATCTTCAGG-1	IU_PDA_NP2	Normal Pancreas	CC10	Normal Epithelial cells
PDACNP_2_AGAATGCGGGTTCGGA-1	IU_PDA_NP2	Normal Pancreas	CC10	Normal Epithelial cells
PDACNP_2_AGAATTGTTTGACATA-1	IU_PDA_NP2	Normal Pancreas	CC10	Normal Epithelial cells
PDACNP_2_AGACAGCTCAGAATCC-1	IU_PDA_NP2	Normal Pancreas	CC10	Hepatocytes
PDACNP_2_AGACATAGATCCTTCC-1	IU_PDA_NP2	Normal Pancreas	CC10	Normal Epithelial cells
PDACNP_2_AGACCATGGGATACAA-1	IU_PDA_NP2	Normal Pancreas	CC10	Normal Epithelial cells
PDACNP_2_AGACCCACCGCTGATC-1	IU_PDA_NP2	Normal Pancreas	CC10	Normal Epithelial cells
PDACNP_2_AGACCCGCCCTCCTCG-1	IU_PDA_NP2	Normal Pancreas	CC10	Normal Epithelial cells
PDACNP_2_AGACCGGGAAACCCTG-1	IU_PDA_NP2	Normal Pancreas	CC10	Normal Epithelial cells
PDACNP_2_AGACGAAGTGCCGGTC-1	IU_PDA_NP2	Normal Pancreas	CC10	Normal Epithelial cells
PDACNP_2_AGACGGGCCGATTTAA-1	IU_PDA_NP2	Normal Pancreas	CC10	Normal Epithelial cells
PDACNP_2_AGACTAGCCTTCCAGA-1	IU_PDA_NP2	Normal Pancreas	CC10	Normal Epithelial cells
PDACNP_2_AGAGAACCGTCTAGGA-1	IU_PDA_NP2	Normal Pancreas	CC10	Normal Epithelial cells
PDACNP_2_AGAGATCTCTAAAGCG-1	IU_PDA_NP2	Normal Pancreas	CC10	Normal Epithelial cells
PDACNP_2_AGAGCAGTTATGAGAC-1	IU_PDA_NP2	Normal Pancreas	CC10	Normal Epithelial cells
PDACNP_2_AGAGCGGGCTAATCAT-1	IU_PDA_NP2	Normal Pancreas	CC10	Normal Epithelial cells
PDACNP_2_AGAGCGTACAAGCTCG-1	IU_PDA_NP2	Normal Pancreas	CC10	Normal Epithelial cells
PDACNP_2_AGAGCTACGAAAGCAT-1	IU_PDA_NP2	Normal Pancreas	CC10	Normal Epithelial cells
PDACNP_2_AGAGGCTTCGGAAACC-1	IU_PDA_NP2	Normal Pancreas	CC10	Normal Epithelial cells
PDACNP_2_AGAGTATAGTGTTACG-1	IU_PDA_NP2	Normal Pancreas	CC10	Normal Epithelial cells
PDACNP_2_AGAGTTAGAGACCGAT-1	IU_PDA_NP2	Normal Pancreas	CC10	Normal Epithelial cells
PDACNP_2_AGATAACTTCAGGGCC-1	IU_PDA_NP2	Normal Pancreas	CC10	Normal Epithelial cells
PDACNP_2_AGATACCAATAGAACC-1	IU_PDA_NP2	Normal Pancreas	CC10	Normal Epithelial cells
PDACNP_2_AGATACCGGTGTTCAC-1	IU_PDA_NP2	Normal Pancreas	CC10	Normal Epithelial cells
PDACNP_2_AGATACGACTTCATAT-1	IU_PDA_NP2	Normal Pancreas	CC10	Normal Epithelial cells
PDACNP_2_AGATACTCAAGATCGA-1	IU_PDA_NP2	Normal Pancreas	CC10	Normal Epithelial cells
PDACNP_2_AGATATAATACGACTA-1	IU_PDA_NP2	Normal Pancreas	CC10	Normal Epithelial cells
PDACNP_2_AGATCGTGCATAAGAT-1	IU_PDA_NP2	Normal Pancreas	CC10	Normal Epithelial cells
PDACNP_2_AGATCTCAGGTGTGAT-1	IU_PDA_NP2	Normal Pancreas	CC10	Normal Epithelial cells
PDACNP_2_AGATGACTCGCCCACG-1	IU_PDA_NP2	Normal Pancreas	CC10	Normal Epithelial cells
PDACNP_2_AGATGAGGGTTGCGAT-1	IU_PDA_NP2	Normal Pancreas	CC10	Normal Epithelial cells
PDACNP_2_AGATGATGGAGTCTGG-1	IU_PDA_NP2	Normal Pancreas	CC10	Normal Epithelial cells
PDACNP_2_AGATGCTATAACGAGC-1	IU_PDA_NP2	Normal Pancreas	CC10	Normal Epithelial cells
PDACNP_2_AGATTATAGGACGTTT-1	IU_PDA_NP2	Normal Pancreas	CC10	Hepatocytes
PDACNP_2_AGCAAAGGCCGCTAGT-1	IU_PDA_NP2	Normal Pancreas	CC10	Normal Epithelial cells
PDACNP_2_AGCAACATATCTTATT-1	IU_PDA_NP2	Normal Pancreas	CC10	Normal Epithelial cells
PDACNP_2_AGCACCAGTACTCACG-1	IU_PDA_NP2	Normal Pancreas	CC10	Normal Epithelial cells
PDACNP_2_AGCACTACCGGCCTGT-1	IU_PDA_NP2	Normal Pancreas	CC10	Normal Epithelial cells
PDACNP_2_AGCACTTAAGGACGCC-1	IU_PDA_NP2	Normal Pancreas	CC10	Hepatocytes
PDACNP_2_AGCAGAAGGAGAAAGA-1	IU_PDA_NP2	Normal Pancreas	CC10	Normal Epithelial cells
PDACNP_2_AGCAGCCAGATGAATA-1	IU_PDA_NP2	Normal Pancreas	CC10	Normal Epithelial cells
PDACNP_2_AGCATATCAATATGCT-1	IU_PDA_NP2	Normal Pancreas	CC10	Hepatocytes
PDACNP_2_AGCATCGTCGATAATT-1	IU_PDA_NP2	Normal Pancreas	CC10	Normal Epithelial cells
PDACNP_2_AGCATTACGAGGCAAG-1	IU_PDA_NP2	Normal Pancreas	CC10	Normal Epithelial cells
PDACNP_2_AGCCAAGCTTTGTGTC-1	IU_PDA_NP2	Normal Pancreas	CC10	Normal Epithelial cells
PDACNP_2_AGCCACAGGTTACCCG-1	IU_PDA_NP2	Normal Pancreas	CC10	Normal Epithelial cells
PDACNP_2_AGCCACTCCCGTGCTT-1	IU_PDA_NP2	Normal Pancreas	CC10	Normal Epithelial cells
PDACNP_2_AGCCCATACATGTAAG-1	IU_PDA_NP2	Normal Pancreas	CC10	Normal Epithelial cells
PDACNP_2_AGCCCGGTAGCCTGTA-1	IU_PDA_NP2	Normal Pancreas	CC10	Normal Epithelial cells
PDACNP_2_AGCCCTAAGCGAAGTT-1	IU_PDA_NP2	Normal Pancreas	CC10	Normal Epithelial cells
PDACNP_2_AGCCCTGTCGCACCGT-1	IU_PDA_NP2	Normal Pancreas	CC10	Normal Epithelial cells
PDACNP_2_AGCCCTTCTAATCCGA-1	IU_PDA_NP2	Normal Pancreas	CC10	Normal Epithelial cells
PDACNP_2_AGCCTTAAAGCGGAAG-1	IU_PDA_NP2	Normal Pancreas	CC10	Normal Epithelial cells
PDACNP_2_AGCGACATCCCATTCA-1	IU_PDA_NP2	Normal Pancreas	CC10	Normal Epithelial cells
PDACNP_2_AGCGACCAACGATATT-1	IU_PDA_NP2	Normal Pancreas	CC10	Normal Epithelial cells
PDACNP_2_AGCGATGCGCCTAATA-1	IU_PDA_NP2	Normal Pancreas	CC10	Normal Epithelial cells
PDACNP_2_AGCGCATAATGAATCG-1	IU_PDA_NP2	Normal Pancreas	CC10	Normal Epithelial cells
PDACNP_2_AGCGCGGGTGCCAATG-1	IU_PDA_NP2	Normal Pancreas	CC10	Normal Epithelial cells
PDACNP_2_AGCGCTAGAGCGATGT-1	IU_PDA_NP2	Normal Pancreas	CC10	Normal Epithelial cells
PDACNP_2_AGCGCTTATGGGCAAG-1	IU_PDA_NP2	Normal Pancreas	CC10	Normal Epithelial cells
PDACNP_2_AGCGGACACTTCGTAG-1	IU_PDA_NP2	Normal Pancreas	CC10	Normal Epithelial cells
PDACNP_2_AGCGGGAAGGGTCCAT-1	IU_PDA_NP2	Normal Pancreas	CC10	Normal Epithelial cells
PDACNP_2_AGCGGGTCTGACACTC-1	IU_PDA_NP2	Normal Pancreas	CC10	Normal Epithelial cells
PDACNP_2_AGCGGTTGCCGCTCTG-1	IU_PDA_NP2	Normal Pancreas	CC10	Normal Epithelial cells
PDACNP_2_AGCGTACGAGAGCTAG-1	IU_PDA_NP2	Normal Pancreas	CC10	Normal Epithelial cells
PDACNP_2_AGCGTAGCGCTAGACC-1	IU_PDA_NP2	Normal Pancreas	CC10	Normal Epithelial cells
PDACNP_2_AGCGTCTGAACCCGCA-1	IU_PDA_NP2	Normal Pancreas	CC10	Normal Epithelial cells
PDACNP_2_AGCGTGGTATTCTACT-1	IU_PDA_NP2	Normal Pancreas	CC10	Normal Epithelial cells
PDACNP_2_AGCTAAGTACGCAGGC-1	IU_PDA_NP2	Normal Pancreas	CC10	Normal Epithelial cells
PDACNP_2_AGCTAGAAGCAGAAGT-1	IU_PDA_NP2	Normal Pancreas	CC10	Normal Epithelial cells
PDACNP_2_AGCTATTTAATCCAAC-1	IU_PDA_NP2	Normal Pancreas	CC10	Normal Epithelial cells
PDACNP_2_AGCTCCATATATGTTC-1	IU_PDA_NP2	Normal Pancreas	CC10	Normal Epithelial cells
PDACNP_2_AGCTCCTTCGCACATC-1	IU_PDA_NP2	Normal Pancreas	CC10	Normal Epithelial cells
PDACNP_2_AGCTCTAGACGTTCCA-1	IU_PDA_NP2	Normal Pancreas	CC10	Normal Epithelial cells
PDACNP_2_AGCTCTTCCCAGTGCA-1	IU_PDA_NP2	Normal Pancreas	CC10	Normal Epithelial cells
PDACNP_2_AGCTCTTCGTAACCTT-1	IU_PDA_NP2	Normal Pancreas	CC10	Normal Epithelial cells
PDACNP_2_AGCTCTTTACTCAGTT-1	IU_PDA_NP2	Normal Pancreas	CC10	Normal Epithelial cells
PDACNP_2_AGCTGAAGTAAACCAA-1	IU_PDA_NP2	Normal Pancreas	CC10	Normal Epithelial cells
PDACNP_2_AGCTTATAGAGACCTG-1	IU_PDA_NP2	Normal Pancreas	CC10	Normal Epithelial cells
PDACNP_2_AGCTTCTTCTCGAGCA-1	IU_PDA_NP2	Normal Pancreas	CC10	Normal Epithelial cells
PDACNP_2_AGCTTGATCTTAACTT-1	IU_PDA_NP2	Normal Pancreas	CC10	Hepatocytes
PDACNP_2_AGGAAAGCCTCTGATG-1	IU_PDA_NP2	Normal Pancreas	CC10	Normal Epithelial cells
PDACNP_2_AGGAAGCTGTCCGCCG-1	IU_PDA_NP2	Normal Pancreas	CC10	Normal Epithelial cells
PDACNP_2_AGGACAGTCGAATCCC-1	IU_PDA_NP2	Normal Pancreas	CC10	Normal Epithelial cells
PDACNP_2_AGGACATCGCACGTCG-1	IU_PDA_NP2	Normal Pancreas	CC10	Normal Epithelial cells
PDACNP_2_AGGACGACCCATTAGA-1	IU_PDA_NP2	Normal Pancreas	CC10	Normal Epithelial cells
PDACNP_2_AGGACGCTCGATGTTG-1	IU_PDA_NP2	Normal Pancreas	CC10	Normal Epithelial cells
PDACNP_2_AGGACTTATAGGAGAA-1	IU_PDA_NP2	Normal Pancreas	CC10	Normal Epithelial cells
PDACNP_2_AGGAGGCCTTCGCGCG-1	IU_PDA_NP2	Normal Pancreas	CC10	Normal Epithelial cells
PDACNP_2_AGGATAAAGTCGGGAT-1	IU_PDA_NP2	Normal Pancreas	CC10	Normal Epithelial cells
PDACNP_2_AGGATATAGGGATTTA-1	IU_PDA_NP2	Normal Pancreas	CC10	Normal Epithelial cells
PDACNP_2_AGGATATCCGACTGCA-1	IU_PDA_NP2	Normal Pancreas	CC10	Normal Epithelial cells
PDACNP_2_AGGATTGCTTACGACA-1	IU_PDA_NP2	Normal Pancreas	CC10	Normal Epithelial cells
PDACNP_2_AGGCAAAGAGGAATCA-1	IU_PDA_NP2	Normal Pancreas	CC10	Normal Epithelial cells
PDACNP_2_AGGCAGATGCGTAAAC-1	IU_PDA_NP2	Normal Pancreas	CC10	Normal Epithelial cells
PDACNP_2_AGGCAGGGAGCGTACT-1	IU_PDA_NP2	Normal Pancreas	CC10	Normal Epithelial cells
PDACNP_2_AGGCATTGTCGTAGGG-1	IU_PDA_NP2	Normal Pancreas	CC10	Normal Epithelial cells
PDACNP_2_AGGCCACCCGTTATGA-1	IU_PDA_NP2	Normal Pancreas	CC10	Normal Epithelial cells
PDACNP_2_AGGCCCAGTGACTGGT-1	IU_PDA_NP2	Normal Pancreas	CC10	Normal Epithelial cells
PDACNP_2_AGGCCCATTGTACAGG-1	IU_PDA_NP2	Normal Pancreas	CC10	Normal Epithelial cells
PDACNP_2_AGGCCCTAGAACGCCA-1	IU_PDA_NP2	Normal Pancreas	CC10	Normal Epithelial cells
PDACNP_2_AGGCCTGAGAATCTCG-1	IU_PDA_NP2	Normal Pancreas	CC10	Normal Epithelial cells
PDACNP_2_AGGCTATGGTTAGCTT-1	IU_PDA_NP2	Normal Pancreas	CC10	Normal Epithelial cells
PDACNP_2_AGGCTTCCCGAAGAAG-1	IU_PDA_NP2	Normal Pancreas	CC10	Normal Epithelial cells
PDACNP_2_AGGCTTGCTAGACACC-1	IU_PDA_NP2	Normal Pancreas	CC10	Normal Epithelial cells
PDACNP_2_AGGGAAACGAGGTACT-1	IU_PDA_NP2	Normal Pancreas	CC10	Normal Epithelial cells
PDACNP_2_AGGGACAGCACGGCGG-1	IU_PDA_NP2	Normal Pancreas	CC10	Normal Epithelial cells
PDACNP_2_AGGGACCGGCTGCGTT-1	IU_PDA_NP2	Normal Pancreas	CC10	Normal Epithelial cells
PDACNP_2_AGGGACTCTACGCGAC-1	IU_PDA_NP2	Normal Pancreas	CC10	Normal Epithelial cells
PDACNP_2_AGGGAGACATACTTCG-1	IU_PDA_NP2	Normal Pancreas	CC10	Normal Epithelial cells
PDACNP_2_AGGGCGTGATCGGCTA-1	IU_PDA_NP2	Normal Pancreas	CC10	Normal Epithelial cells
PDACNP_2_AGGGCTGCAGTTACAG-1	IU_PDA_NP2	Normal Pancreas	CC10	Normal Epithelial cells
PDACNP_2_AGGGTCGATGCGAACT-1	IU_PDA_NP2	Normal Pancreas	CC10	Normal Epithelial cells
PDACNP_2_AGGGTGGATAGTGCAT-1	IU_PDA_NP2	Normal Pancreas	CC10	Normal Epithelial cells
PDACNP_2_AGGGTTTAGTTCGGGA-1	IU_PDA_NP2	Normal Pancreas	CC10	Normal Epithelial cells
PDACNP_2_AGGTAACCTCCTATTC-1	IU_PDA_NP2	Normal Pancreas	CC10	Normal Epithelial cells
PDACNP_2_AGGTACGATATTGCCA-1	IU_PDA_NP2	Normal Pancreas	CC10	Normal Epithelial cells
PDACNP_2_AGGTAGGTACAAAGCT-1	IU_PDA_NP2	Normal Pancreas	CC10	Normal Epithelial cells
PDACNP_2_AGGTATAATTGATAGT-1	IU_PDA_NP2	Normal Pancreas	CC10	Normal Epithelial cells
PDACNP_2_AGGTCGCCACTTCGGT-1	IU_PDA_NP2	Normal Pancreas	CC10	Normal Epithelial cells
PDACNP_2_AGGTCGCGGAGTTACT-1	IU_PDA_NP2	Normal Pancreas	CC10	Normal Epithelial cells
PDACNP_2_AGGTGCACGTCCACAT-1	IU_PDA_NP2	Normal Pancreas	CC10	Normal Epithelial cells
PDACNP_2_AGGTGGTGACCTTCGC-1	IU_PDA_NP2	Normal Pancreas	CC10	Normal Epithelial cells
PDACNP_2_AGGTGTATCGCCATGA-1	IU_PDA_NP2	Normal Pancreas	CC10	Normal Epithelial cells
PDACNP_2_AGGTTACACCATGCCG-1	IU_PDA_NP2	Normal Pancreas	CC10	Normal Epithelial cells
PDACNP_2_AGGTTGAGGCACGCTT-1	IU_PDA_NP2	Normal Pancreas	CC10	Normal Epithelial cells
PDACNP_2_AGTAACGTTCATCCTG-1	IU_PDA_NP2	Normal Pancreas	CC10	Normal Epithelial cells
PDACNP_2_AGTAATCTAAGGGTGG-1	IU_PDA_NP2	Normal Pancreas	CC10	Normal Epithelial cells
PDACNP_2_AGTAATGTCTTGCCGC-1	IU_PDA_NP2	Normal Pancreas	CC10	Normal Epithelial cells
PDACNP_2_AGTACAGAAGCTTATA-1	IU_PDA_NP2	Normal Pancreas	CC10	Normal Epithelial cells
PDACNP_2_AGTACATCATTTATCA-1	IU_PDA_NP2	Normal Pancreas	CC10	Normal Epithelial cells
PDACNP_2_AGTACCTTCGAGTGCT-1	IU_PDA_NP2	Normal Pancreas	CC10	Normal Epithelial cells
PDACNP_2_AGTACGGCCCGTATCG-1	IU_PDA_NP2	Normal Pancreas	CC10	Normal Epithelial cells
PDACNP_2_AGTACGGGCACCTGGC-1	IU_PDA_NP2	Normal Pancreas	CC10	Normal Epithelial cells
PDACNP_2_AGTACGTGGCCTGTCT-1	IU_PDA_NP2	Normal Pancreas	CC10	Normal Epithelial cells
PDACNP_2_AGTACTCTTATGCCCA-1	IU_PDA_NP2	Normal Pancreas	CC10	Normal Epithelial cells
PDACNP_2_AGTAGCTAGACGCCGA-1	IU_PDA_NP2	Normal Pancreas	CC10	Normal Epithelial cells
PDACNP_2_AGTAGGAAGGAAGTTG-1	IU_PDA_NP2	Normal Pancreas	CC10	Normal Epithelial cells
PDACNP_2_AGTAGGTAACATACAT-1	IU_PDA_NP2	Normal Pancreas	CC10	Normal Epithelial cells
PDACNP_2_AGTATAATACTAGGCA-1	IU_PDA_NP2	Normal Pancreas	CC10	Normal Epithelial cells
PDACNP_2_AGTATCCATAATAACG-1	IU_PDA_NP2	Normal Pancreas	CC10	Normal Epithelial cells
PDACNP_2_AGTATTTGGCACGACC-1	IU_PDA_NP2	Normal Pancreas	CC10	Normal Epithelial cells
PDACNP_2_AGTCAACACCACCATC-1	IU_PDA_NP2	Normal Pancreas	CC10	Normal Epithelial cells
PDACNP_2_AGTCAAGATGACACTT-1	IU_PDA_NP2	Normal Pancreas	CC10	Normal Epithelial cells
PDACNP_2_AGTCACTAGCTCTCGA-1	IU_PDA_NP2	Normal Pancreas	CC10	Normal Epithelial cells
PDACNP_2_AGTCACTCCGCCTCAT-1	IU_PDA_NP2	Normal Pancreas	CC10	Normal Epithelial cells
PDACNP_2_AGTCAGCCACCGCCTG-1	IU_PDA_NP2	Normal Pancreas	CC10	Normal Epithelial cells
PDACNP_2_AGTCCAGCGGGTACGT-1	IU_PDA_NP2	Normal Pancreas	CC10	Normal Epithelial cells
PDACNP_2_AGTCCCGCCTTTAATT-1	IU_PDA_NP2	Normal Pancreas	CC10	Normal Epithelial cells
PDACNP_2_AGTCGACGGTCTCAAG-1	IU_PDA_NP2	Normal Pancreas	CC10	Normal Epithelial cells
PDACNP_2_AGTCGGCCCAAACGAC-1	IU_PDA_NP2	Normal Pancreas	CC10	Normal Epithelial cells
PDACNP_2_AGTCGGTTGCGTGAGA-1	IU_PDA_NP2	Normal Pancreas	CC10	Normal Epithelial cells
PDACNP_2_AGTCGTATAAAGCAGA-1	IU_PDA_NP2	Normal Pancreas	CC10	Normal Epithelial cells
PDACNP_2_AGTCGTCGACCACCAA-1	IU_PDA_NP2	Normal Pancreas	CC10	Normal Epithelial cells
PDACNP_2_AGTCTAAAGTATACTC-1	IU_PDA_NP2	Normal Pancreas	CC10	Normal Epithelial cells
PDACNP_2_AGTCTGGACATCCTTG-1	IU_PDA_NP2	Normal Pancreas	CC10	Normal Epithelial cells
PDACNP_2_AGTCTTCTCCTCAAAT-1	IU_PDA_NP2	Normal Pancreas	CC10	Normal Epithelial cells
PDACNP_2_AGTCTTTAAAGTGTCC-1	IU_PDA_NP2	Normal Pancreas	CC10	Normal Epithelial cells
PDACNP_2_AGTGACCTACTTTACG-1	IU_PDA_NP2	Normal Pancreas	CC10	Normal Epithelial cells
PDACNP_2_AGTGAGGGTTTCTGAC-1	IU_PDA_NP2	Normal Pancreas	CC10	Normal Epithelial cells
PDACNP_2_AGTGAGTCGAATTAAC-1	IU_PDA_NP2	Normal Pancreas	CC10	Normal Epithelial cells
PDACNP_2_AGTGATAACCTGCGCG-1	IU_PDA_NP2	Normal Pancreas	CC10	Normal Epithelial cells
PDACNP_2_AGTGCACGCTTAAGAA-1	IU_PDA_NP2	Normal Pancreas	CC10	Normal Epithelial cells
PDACNP_2_AGTGCGTAGCTCGTAA-1	IU_PDA_NP2	Normal Pancreas	CC10	Hepatocytes
PDACNP_2_AGTGCTAAACACAGCA-1	IU_PDA_NP2	Normal Pancreas	CC10	Normal Epithelial cells
PDACNP_2_AGTGCTTGCACGAATA-1	IU_PDA_NP2	Normal Pancreas	CC10	Normal Epithelial cells
PDACNP_2_AGTGGCGGCAATTTGA-1	IU_PDA_NP2	Normal Pancreas	CC10	Normal Epithelial cells
PDACNP_2_AGTGGCGTCTGAAGGT-1	IU_PDA_NP2	Normal Pancreas	CC10	Normal Epithelial cells
PDACNP_2_AGTGGTTGCGTATAGG-1	IU_PDA_NP2	Normal Pancreas	CC10	Normal Epithelial cells
PDACNP_2_AGTGTATTGCGCATTG-1	IU_PDA_NP2	Normal Pancreas	CC10	Normal Epithelial cells
PDACNP_2_AGTGTGGTCTATTGTG-1	IU_PDA_NP2	Normal Pancreas	CC10	Normal Epithelial cells
PDACNP_2_AGTTAAACACTTGCGA-1	IU_PDA_NP2	Normal Pancreas	CC10	Normal Epithelial cells
PDACNP_2_AGTTAAGCGGTCCCGG-1	IU_PDA_NP2	Normal Pancreas	CC10	Normal Epithelial cells
PDACNP_2_AGTTACCCTTAAGACT-1	IU_PDA_NP2	Normal Pancreas	CC10	Normal Epithelial cells
PDACNP_2_AGTTACCGCACATGGT-1	IU_PDA_NP2	Normal Pancreas	CC10	Normal Epithelial cells
PDACNP_2_AGTTACTCTATCGTGG-1	IU_PDA_NP2	Normal Pancreas	CC10	Normal Epithelial cells
PDACNP_2_AGTTCACCGGTTGGAC-1	IU_PDA_NP2	Normal Pancreas	CC10	Normal Epithelial cells
PDACNP_2_AGTTCCTACAGAATTA-1	IU_PDA_NP2	Normal Pancreas	CC10	Hepatocytes
PDACNP_2_AGTTCTGCGTTGTATC-1	IU_PDA_NP2	Normal Pancreas	CC10	Normal Epithelial cells
PDACNP_2_AGTTGACATCGGCTGG-1	IU_PDA_NP2	Normal Pancreas	CC10	Normal Epithelial cells
PDACNP_2_AGTTGACGGTCCTTGC-1	IU_PDA_NP2	Normal Pancreas	CC10	Normal Epithelial cells
PDACNP_2_AGTTGCTGACTGATAT-1	IU_PDA_NP2	Normal Pancreas	CC10	Normal Epithelial cells
PDACNP_2_AGTTGGCAAGGCTAGA-1	IU_PDA_NP2	Normal Pancreas	CC10	Normal Epithelial cells
PDACNP_2_AGTTTATGTAAAGACA-1	IU_PDA_NP2	Normal Pancreas	CC10	Normal Epithelial cells
PDACNP_2_AGTTTCGCAGGTCGGA-1	IU_PDA_NP2	Normal Pancreas	CC10	Normal Epithelial cells
PDACNP_2_AGTTTGCACCTGCCTC-1	IU_PDA_NP2	Normal Pancreas	CC10	Hepatocytes
PDACNP_2_AGTTTGGCCAGACCTA-1	IU_PDA_NP2	Normal Pancreas	CC10	Normal Epithelial cells
PDACNP_2_ATAAACCATTGGACGG-1	IU_PDA_NP2	Normal Pancreas	CC10	Normal Epithelial cells
PDACNP_2_ATAAACGGACCCGTAA-1	IU_PDA_NP2	Normal Pancreas	CC10	Normal Epithelial cells
PDACNP_2_ATAAACGTTGCACCAC-1	IU_PDA_NP2	Normal Pancreas	CC10	Normal Epithelial cells
PDACNP_2_ATAAAGGCTCGGTCGT-1	IU_PDA_NP2	Normal Pancreas	CC10	Normal Epithelial cells
PDACNP_2_ATAAAGGTCAAGTACG-1	IU_PDA_NP2	Normal Pancreas	CC10	Normal Epithelial cells
PDACNP_2_ATAAATATTAGCAGCT-1	IU_PDA_NP2	Normal Pancreas	CC10	Normal Epithelial cells
PDACNP_2_ATAACGGAGTCCAACG-1	IU_PDA_NP2	Normal Pancreas	CC10	Normal Epithelial cells
PDACNP_2_ATAACGTTACCTCCAC-1	IU_PDA_NP2	Normal Pancreas	CC10	Normal Epithelial cells
PDACNP_2_ATAAGGTGGAGAACAT-1	IU_PDA_NP2	Normal Pancreas	CC10	Normal Epithelial cells
PDACNP_2_ATAAGTACCCGATTGT-1	IU_PDA_NP2	Normal Pancreas	CC10	Normal Epithelial cells
PDACNP_2_ATAAGTAGGATTCAGA-1	IU_PDA_NP2	Normal Pancreas	CC10	Normal Epithelial cells
PDACNP_2_ATAATACCGTTAGCCG-1	IU_PDA_NP2	Normal Pancreas	CC10	Normal Epithelial cells
PDACNP_2_ATAATAGCTGTTGAAT-1	IU_PDA_NP2	Normal Pancreas	CC10	Normal Epithelial cells
PDACNP_2_ATAATAGTGTAGGGAC-1	IU_PDA_NP2	Normal Pancreas	CC10	Normal Epithelial cells
PDACNP_2_ATAATCTTGGAGAACC-1	IU_PDA_NP2	Normal Pancreas	CC10	Normal Epithelial cells
PDACNP_2_ATAATTAGCTAAGTAG-1	IU_PDA_NP2	Normal Pancreas	CC10	Normal Epithelial cells
PDACNP_2_ATACCACGGGCAACTT-1	IU_PDA_NP2	Normal Pancreas	CC10	Normal Epithelial cells
PDACNP_2_ATACCTAACCAAGAAA-1	IU_PDA_NP2	Normal Pancreas	CC10	Normal Epithelial cells
PDACNP_2_ATACGAAGGCTTTCCA-1	IU_PDA_NP2	Normal Pancreas	CC10	Normal Epithelial cells
PDACNP_2_ATACGCCGATCTACCG-1	IU_PDA_NP2	Normal Pancreas	CC10	Normal Epithelial cells
PDACNP_2_ATACGCCGGCGAAACC-1	IU_PDA_NP2	Normal Pancreas	CC10	Normal Epithelial cells
PDACNP_2_ATACGGGTTTCGATTG-1	IU_PDA_NP2	Normal Pancreas	CC10	Normal Epithelial cells
PDACNP_2_ATACGGTGAAGATGCA-1	IU_PDA_NP2	Normal Pancreas	CC10	Normal Epithelial cells
PDACNP_2_ATACGTCCACTCCTGT-1	IU_PDA_NP2	Normal Pancreas	CC10	Normal Epithelial cells
PDACNP_2_ATACGTTATGCACGGA-1	IU_PDA_NP2	Normal Pancreas	CC10	Normal Epithelial cells
PDACNP_2_ATACTACCCGTACCAC-1	IU_PDA_NP2	Normal Pancreas	CC10	Normal Epithelial cells
PDACNP_2_ATACTAGCATGACCCT-1	IU_PDA_NP2	Normal Pancreas	CC10	Normal Epithelial cells
PDACNP_2_ATACTCTCGCCACTCT-1	IU_PDA_NP2	Normal Pancreas	CC10	Normal Epithelial cells
PDACNP_2_ATACTGCCTTACACCG-1	IU_PDA_NP2	Normal Pancreas	CC10	Normal Epithelial cells
PDACNP_2_ATACTTGTTCTCGAGC-1	IU_PDA_NP2	Normal Pancreas	CC10	Normal Epithelial cells
PDACNP_2_ATAGACGAAGAGAAAG-1	IU_PDA_NP2	Normal Pancreas	CC10	Normal Epithelial cells
PDACNP_2_ATAGAGTACTGGGACA-1	IU_PDA_NP2	Normal Pancreas	CC10	Normal Epithelial cells
PDACNP_2_ATAGAGTTATCAACTT-1	IU_PDA_NP2	Normal Pancreas	CC10	Normal Epithelial cells
PDACNP_2_ATAGCAACTAGGGAAG-1	IU_PDA_NP2	Normal Pancreas	CC10	Normal Epithelial cells
PDACNP_2_ATAGCCTCAGTACCCA-1	IU_PDA_NP2	Normal Pancreas	CC10	Normal Epithelial cells
PDACNP_2_ATAGCTGCTCTTGTTA-1	IU_PDA_NP2	Normal Pancreas	CC10	Normal Epithelial cells
PDACNP_2_ATAGGAATCTAAGCTT-1	IU_PDA_NP2	Normal Pancreas	CC10	Normal Epithelial cells
PDACNP_2_ATAGGCGGCTATAGAA-1	IU_PDA_NP2	Normal Pancreas	CC10	Hepatocytes
PDACNP_2_ATAGGCTAGCTTCGCA-1	IU_PDA_NP2	Normal Pancreas	CC10	Normal Epithelial cells
PDACNP_2_ATAGGGATATCCTTGA-1	IU_PDA_NP2	Normal Pancreas	CC10	Normal Epithelial cells
PDACNP_2_ATAGGTTGGGCAGATG-1	IU_PDA_NP2	Normal Pancreas	CC10	Normal Epithelial cells
PDACNP_2_ATAGTGAAGCGTTCTC-1	IU_PDA_NP2	Normal Pancreas	CC10	Normal Epithelial cells
PDACNP_2_ATAGTTCCACCCACTC-1	IU_PDA_NP2	Normal Pancreas	CC10	Normal Epithelial cells
PDACNP_2_ATATAAAGCGCTCGTG-1	IU_PDA_NP2	Normal Pancreas	CC10	Normal Epithelial cells
PDACNP_2_ATATAAATGTAGCTGC-1	IU_PDA_NP2	Normal Pancreas	CC10	Normal Epithelial cells
PDACNP_2_ATATAACACGGGCGCA-1	IU_PDA_NP2	Normal Pancreas	CC10	Normal Epithelial cells
PDACNP_2_ATATACGCTCGTGACG-1	IU_PDA_NP2	Normal Pancreas	CC10	Normal Epithelial cells
PDACNP_2_ATATCGGTAGGGAGAT-1	IU_PDA_NP2	Normal Pancreas	CC10	Normal Epithelial cells
PDACNP_2_ATATCGTTCCTCGAAC-1	IU_PDA_NP2	Normal Pancreas	CC10	Normal Epithelial cells
PDACNP_2_ATATCTCCCTCGTTAA-1	IU_PDA_NP2	Normal Pancreas	CC10	Normal Epithelial cells
PDACNP_2_ATATCTTAGGGCCTTC-1	IU_PDA_NP2	Normal Pancreas	CC10	Normal Epithelial cells
PDACNP_2_ATATGTCTCCCTAGCC-1	IU_PDA_NP2	Normal Pancreas	CC10	Normal Epithelial cells
PDACNP_2_ATATTCAGTTAAACCT-1	IU_PDA_NP2	Normal Pancreas	CC10	Normal Epithelial cells
PDACNP_2_ATATTCCACATAGTGA-1	IU_PDA_NP2	Normal Pancreas	CC10	Normal Epithelial cells
PDACNP_2_ATATTCCCACAGGTCA-1	IU_PDA_NP2	Normal Pancreas	CC10	Normal Epithelial cells
PDACNP_2_ATATTGCTGTCAAAGT-1	IU_PDA_NP2	Normal Pancreas	CC10	Normal Epithelial cells
PDACNP_2_ATATTTAACCCTCAAG-1	IU_PDA_NP2	Normal Pancreas	CC10	Normal Epithelial cells
PDACNP_2_ATCAAACGAAGGTTTG-1	IU_PDA_NP2	Normal Pancreas	CC10	Normal Epithelial cells
PDACNP_2_ATCAATCTGGGCTGCA-1	IU_PDA_NP2	Normal Pancreas	CC10	Normal Epithelial cells
PDACNP_2_ATCACGTGCTAATTAA-1	IU_PDA_NP2	Normal Pancreas	CC10	Normal Epithelial cells
PDACNP_2_ATCACTTCATCCTCGC-1	IU_PDA_NP2	Normal Pancreas	CC10	Normal Epithelial cells
PDACNP_2_ATCAGACGGCACGCCG-1	IU_PDA_NP2	Normal Pancreas	CC10	Normal Epithelial cells
PDACNP_2_ATCAGCCTCATGCTGC-1	IU_PDA_NP2	Normal Pancreas	CC10	Normal Epithelial cells
PDACNP_2_ATCAGGTCGCCATTGC-1	IU_PDA_NP2	Normal Pancreas	CC10	Normal Epithelial cells
PDACNP_2_ATCAGTAGGCAGGGAT-1	IU_PDA_NP2	Normal Pancreas	CC10	Normal Epithelial cells
PDACNP_2_ATCATAGCCCTATGTA-1	IU_PDA_NP2	Normal Pancreas	CC10	Normal Epithelial cells
PDACNP_2_ATCATCCAATATTTGT-1	IU_PDA_NP2	Normal Pancreas	CC10	Normal Epithelial cells
PDACNP_2_ATCCAACGCAGTCATA-1	IU_PDA_NP2	Normal Pancreas	CC10	Normal Epithelial cells
PDACNP_2_ATCCAATGGAGGGTCC-1	IU_PDA_NP2	Normal Pancreas	CC10	Normal Epithelial cells
PDACNP_2_ATCCAATGGTACCGAA-1	IU_PDA_NP2	Normal Pancreas	CC10	Normal Epithelial cells
PDACNP_2_ATCCACATCGACAGAA-1	IU_PDA_NP2	Normal Pancreas	CC10	Normal Epithelial cells
PDACNP_2_ATCCACGCTAAATGTT-1	IU_PDA_NP2	Normal Pancreas	CC10	Normal Epithelial cells
PDACNP_2_ATCCAGAGCAACAACC-1	IU_PDA_NP2	Normal Pancreas	CC10	Normal Epithelial cells
PDACNP_2_ATCCAGGATTCGTGAA-1	IU_PDA_NP2	Normal Pancreas	CC10	Normal Epithelial cells
PDACNP_2_ATCCTGAATCGCTGCG-1	IU_PDA_NP2	Normal Pancreas	CC10	Normal Epithelial cells
PDACNP_2_ATCCTGCGTGGAATGG-1	IU_PDA_NP2	Normal Pancreas	CC10	Normal Epithelial cells
PDACNP_2_ATCCTGCTGCAGATAG-1	IU_PDA_NP2	Normal Pancreas	CC10	Normal Epithelial cells
PDACNP_2_ATCGACTCTTTCCGTT-1	IU_PDA_NP2	Normal Pancreas	CC10	Normal Epithelial cells
PDACNP_2_ATCGCACGATTGTTCA-1	IU_PDA_NP2	Normal Pancreas	CC10	Normal Epithelial cells
PDACNP_2_ATCGCACGCCGGGAGA-1	IU_PDA_NP2	Normal Pancreas	CC10	Normal Epithelial cells
PDACNP_2_ATCGCTGCGTGCAGCA-1	IU_PDA_NP2	Normal Pancreas	CC10	Normal Epithelial cells
PDACNP_2_ATCGGCAAGCAGTCCA-1	IU_PDA_NP2	Normal Pancreas	CC10	Normal Epithelial cells
PDACNP_2_ATCGGTTACCTAGTAA-1	IU_PDA_NP2	Normal Pancreas	CC10	Normal Epithelial cells
PDACNP_2_ATCGTCCAATCGAGTC-1	IU_PDA_NP2	Normal Pancreas	CC10	Normal Epithelial cells
PDACNP_2_ATCGTTAGCTAGCGGA-1	IU_PDA_NP2	Normal Pancreas	CC10	Normal Epithelial cells
PDACNP_2_ATCGTTCACTTTCGCC-1	IU_PDA_NP2	Normal Pancreas	CC10	Normal Epithelial cells
PDACNP_2_ATCTAACGTCCCTATG-1	IU_PDA_NP2	Normal Pancreas	CC10	Normal Epithelial cells
PDACNP_2_ATCTAATATCCTACGG-1	IU_PDA_NP2	Normal Pancreas	CC10	Normal Epithelial cells
PDACNP_2_ATCTACCATCTGCTCC-1	IU_PDA_NP2	Normal Pancreas	CC10	Normal Epithelial cells
PDACNP_2_ATCTAGCTTGTGAGGG-1	IU_PDA_NP2	Normal Pancreas	CC10	Normal Epithelial cells
PDACNP_2_ATCTCCCACGGAATAT-1	IU_PDA_NP2	Normal Pancreas	CC10	Normal Epithelial cells
PDACNP_2_ATCTCCCTGCAATCTA-1	IU_PDA_NP2	Normal Pancreas	CC10	Normal Epithelial cells
PDACNP_2_ATCTCGTGAGCGAAAC-1	IU_PDA_NP2	Normal Pancreas	CC10	Normal Epithelial cells
PDACNP_2_ATCTGATAGTGTCTTA-1	IU_PDA_NP2	Normal Pancreas	CC10	Normal Epithelial cells
PDACNP_2_ATCTGGGCTGTTCTTG-1	IU_PDA_NP2	Normal Pancreas	CC10	Normal Epithelial cells
PDACNP_2_ATCTGGTTAAGACTGT-1	IU_PDA_NP2	Normal Pancreas	CC10	Normal Epithelial cells
PDACNP_2_ATCTGTAATTGTACCC-1	IU_PDA_NP2	Normal Pancreas	CC10	Normal Epithelial cells
PDACNP_2_ATCTTATCGCACACCC-1	IU_PDA_NP2	Normal Pancreas	CC10	Normal Epithelial cells
PDACNP_2_ATCTTGACCTGCAACG-1	IU_PDA_NP2	Normal Pancreas	CC10	Normal Epithelial cells
PDACNP_2_ATCTTGACTTGTCCAA-1	IU_PDA_NP2	Normal Pancreas	CC10	Normal Epithelial cells
PDACNP_2_ATCTTTCGTATAACCA-1	IU_PDA_NP2	Normal Pancreas	CC10	Normal Epithelial cells
PDACNP_2_ATGAAGTGGACCCAGC-1	IU_PDA_NP2	Normal Pancreas	CC10	Normal Epithelial cells
PDACNP_2_ATGACGCCGGCTCTAA-1	IU_PDA_NP2	Normal Pancreas	CC10	Normal Epithelial cells
PDACNP_2_ATGACTATGCGACATT-1	IU_PDA_NP2	Normal Pancreas	CC10	Normal Epithelial cells
PDACNP_2_ATGAGGAGTGTTAATC-1	IU_PDA_NP2	Normal Pancreas	CC10	Normal Epithelial cells
PDACNP_2_ATGAGGGCAGCGGCTA-1	IU_PDA_NP2	Normal Pancreas	CC10	Normal Epithelial cells
PDACNP_2_ATGATCGGGAATAGAC-1	IU_PDA_NP2	Normal Pancreas	CC10	Normal Epithelial cells
PDACNP_2_ATGATGCAATGGTACA-1	IU_PDA_NP2	Normal Pancreas	CC10	Normal Epithelial cells
PDACNP_2_ATGCACCTTCCTTAAT-1	IU_PDA_NP2	Normal Pancreas	CC10	Normal Epithelial cells
PDACNP_2_ATGCACTACCGCATTG-1	IU_PDA_NP2	Normal Pancreas	CC10	Normal Epithelial cells
PDACNP_2_ATGCATGATCCAGGAT-1	IU_PDA_NP2	Normal Pancreas	CC10	Normal Epithelial cells
PDACNP_2_ATGCCAATCGCTCTGC-1	IU_PDA_NP2	Normal Pancreas	CC10	Normal Epithelial cells
PDACNP_2_ATGCCATTTGCGACCA-1	IU_PDA_NP2	Normal Pancreas	CC10	Normal Epithelial cells
PDACNP_2_ATGCCGGTCTTGCATA-1	IU_PDA_NP2	Normal Pancreas	CC10	Normal Epithelial cells
PDACNP_2_ATGCCGGTTGATGGGA-1	IU_PDA_NP2	Normal Pancreas	CC10	Normal Epithelial cells
PDACNP_2_ATGCGACAATTGGTCC-1	IU_PDA_NP2	Normal Pancreas	CC10	Normal Epithelial cells
PDACNP_2_ATGCGACAGTCCCATT-1	IU_PDA_NP2	Normal Pancreas	CC10	Normal Epithelial cells
PDACNP_2_ATGCGAGTCCCACCAC-1	IU_PDA_NP2	Normal Pancreas	CC10	Normal Epithelial cells
PDACNP_2_ATGCTCAGTGTTGCAT-1	IU_PDA_NP2	Normal Pancreas	CC10	Normal Epithelial cells
PDACNP_2_ATGCTCTGGCGCGGTA-1	IU_PDA_NP2	Normal Pancreas	CC10	Normal Epithelial cells
PDACNP_2_ATGGAACCTTTGCACA-1	IU_PDA_NP2	Normal Pancreas	CC10	Normal Epithelial cells
PDACNP_2_ATGGAGCAGGCCGTGA-1	IU_PDA_NP2	Normal Pancreas	CC10	Normal Epithelial cells
PDACNP_2_ATGGATTGACCAAACG-1	IU_PDA_NP2	Normal Pancreas	CC10	Normal Epithelial cells
PDACNP_2_ATGGCAGCCGAGAAAC-1	IU_PDA_NP2	Normal Pancreas	CC10	Normal Epithelial cells
PDACNP_2_ATGGCTGGAAATGGCC-1	IU_PDA_NP2	Normal Pancreas	CC10	Normal Epithelial cells
PDACNP_2_ATGGGCCTCGGCCTCT-1	IU_PDA_NP2	Normal Pancreas	CC10	Normal Epithelial cells
PDACNP_2_ATGGTCGCGTGGTTTC-1	IU_PDA_NP2	Normal Pancreas	CC10	Normal Epithelial cells
PDACNP_2_ATGTACATGCGGTGAG-1	IU_PDA_NP2	Normal Pancreas	CC10	Normal Epithelial cells
PDACNP_2_ATGTACGATGACGTCG-1	IU_PDA_NP2	Normal Pancreas	CC10	Normal Epithelial cells
PDACNP_2_ATGTAGCGCGCGTAGG-1	IU_PDA_NP2	Normal Pancreas	CC10	Normal Epithelial cells
PDACNP_2_ATGTCATTTCCCATTG-1	IU_PDA_NP2	Normal Pancreas	CC10	Normal Epithelial cells
PDACNP_2_ATGTGCATCCGACGCA-1	IU_PDA_NP2	Normal Pancreas	CC10	Normal Epithelial cells
PDACNP_2_ATGTGGACATCTTGAT-1	IU_PDA_NP2	Normal Pancreas	CC10	Normal Epithelial cells
PDACNP_2_ATGTTACGAGCAATAC-1	IU_PDA_NP2	Normal Pancreas	CC10	Normal Epithelial cells
PDACNP_2_ATGTTCCTGCCCACCT-1	IU_PDA_NP2	Normal Pancreas	CC10	Normal Epithelial cells
PDACNP_2_ATGTTCGTCGACCCAC-1	IU_PDA_NP2	Normal Pancreas	CC10	Normal Epithelial cells
PDACNP_2_ATTAAACATGCGGACC-1	IU_PDA_NP2	Normal Pancreas	CC10	Normal Epithelial cells
PDACNP_2_ATTAATACTACGCGGG-1	IU_PDA_NP2	Normal Pancreas	CC10	Normal Epithelial cells
PDACNP_2_ATTAATGAACCAGTCG-1	IU_PDA_NP2	Normal Pancreas	CC10	Normal Epithelial cells
PDACNP_2_ATTAATTCGGTCACTC-1	IU_PDA_NP2	Normal Pancreas	CC10	Normal Epithelial cells
PDACNP_2_ATTACAACTACCGGCC-1	IU_PDA_NP2	Normal Pancreas	CC10	Normal Epithelial cells
PDACNP_2_ATTACCACACTGCCTG-1	IU_PDA_NP2	Normal Pancreas	CC10	Normal Epithelial cells
PDACNP_2_ATTACGCGCTGGCAGG-1	IU_PDA_NP2	Normal Pancreas	CC10	Normal Epithelial cells
PDACNP_2_ATTACTAGCCTCTTGC-1	IU_PDA_NP2	Normal Pancreas	CC10	Normal Epithelial cells
PDACNP_2_ATTACTTACTGGGCAT-1	IU_PDA_NP2	Normal Pancreas	CC10	Normal Epithelial cells
PDACNP_2_ATTAGATTCCTCAGCA-1	IU_PDA_NP2	Normal Pancreas	CC10	Normal Epithelial cells
PDACNP_2_ATTAGATTGATAGCGG-1	IU_PDA_NP2	Normal Pancreas	CC10	Normal Epithelial cells
PDACNP_2_ATTAGGCGATGCTTTC-1	IU_PDA_NP2	Normal Pancreas	CC10	Normal Epithelial cells
PDACNP_2_ATTATAGCTACTTTAC-1	IU_PDA_NP2	Normal Pancreas	CC10	Normal Epithelial cells
PDACNP_2_ATTATCTCGACAGATC-1	IU_PDA_NP2	Normal Pancreas	CC10	Normal Epithelial cells
PDACNP_2_ATTATGCCATAGGGAG-1	IU_PDA_NP2	Normal Pancreas	CC10	Normal Epithelial cells
PDACNP_2_ATTATTCAGAGTCACT-1	IU_PDA_NP2	Normal Pancreas	CC10	Normal Epithelial cells
PDACNP_2_ATTCAAAGTACCTGTT-1	IU_PDA_NP2	Normal Pancreas	CC10	Normal Epithelial cells
PDACNP_2_ATTCAACCATTTAAGG-1	IU_PDA_NP2	Normal Pancreas	CC10	Normal Epithelial cells
PDACNP_2_ATTCACTGATGTTGGA-1	IU_PDA_NP2	Normal Pancreas	CC10	Normal Epithelial cells
PDACNP_2_ATTCAGGACCTATTTC-1	IU_PDA_NP2	Normal Pancreas	CC10	Normal Epithelial cells
PDACNP_2_ATTCAGTAGCAGGGTC-1	IU_PDA_NP2	Normal Pancreas	CC10	Normal Epithelial cells
PDACNP_2_ATTCATCGTTGAGGCA-1	IU_PDA_NP2	Normal Pancreas	CC10	Normal Epithelial cells
PDACNP_2_ATTCCCACATAAACAA-1	IU_PDA_NP2	Normal Pancreas	CC10	Hepatocytes
PDACNP_2_ATTCCTAAGACGTGGA-1	IU_PDA_NP2	Normal Pancreas	CC10	Normal Epithelial cells
PDACNP_2_ATTCCTCCGCCAGTGC-1	IU_PDA_NP2	Normal Pancreas	CC10	Normal Epithelial cells
PDACNP_2_ATTCCTTCCAGGCGGT-1	IU_PDA_NP2	Normal Pancreas	CC10	Normal Epithelial cells
PDACNP_2_ATTCGACGCCGGGCCT-1	IU_PDA_NP2	Normal Pancreas	CC10	Normal Epithelial cells
PDACNP_2_ATTCGCGCCTTGAGAG-1	IU_PDA_NP2	Normal Pancreas	CC10	Normal Epithelial cells
PDACNP_2_ATTCGTGCTATCTCTT-1	IU_PDA_NP2	Normal Pancreas	CC10	Normal Epithelial cells
PDACNP_2_ATTCTGAGTATGAACT-1	IU_PDA_NP2	Normal Pancreas	CC10	Normal Epithelial cells
PDACNP_2_ATTCTTCGTACTTATG-1	IU_PDA_NP2	Normal Pancreas	CC10	Normal Epithelial cells
PDACNP_2_ATTGAAGATCTTAGTG-1	IU_PDA_NP2	Normal Pancreas	CC10	Normal Epithelial cells
PDACNP_2_ATTGACCGGCGATGAC-1	IU_PDA_NP2	Normal Pancreas	CC10	Hepatocytes
PDACNP_2_ATTGATAGCAACGAGA-1	IU_PDA_NP2	Normal Pancreas	CC10	Normal Epithelial cells
PDACNP_2_ATTGCCTTTATGTTTG-1	IU_PDA_NP2	Normal Pancreas	CC10	Normal Epithelial cells
PDACNP_2_ATTGCGATCAGTAACT-1	IU_PDA_NP2	Normal Pancreas	CC10	Normal Epithelial cells
PDACNP_2_ATTGCTGCTCCTCCAT-1	IU_PDA_NP2	Normal Pancreas	CC10	Normal Epithelial cells
PDACNP_2_ATTGGATTACAGCGTA-1	IU_PDA_NP2	Normal Pancreas	CC10	Normal Epithelial cells
PDACNP_2_ATTGGGAATATCTTGG-1	IU_PDA_NP2	Normal Pancreas	CC10	Normal Epithelial cells
PDACNP_2_ATTGTCGCAATACCTT-1	IU_PDA_NP2	Normal Pancreas	CC10	Normal Epithelial cells
PDACNP_2_ATTGTGACTTCGCTGC-1	IU_PDA_NP2	Normal Pancreas	CC10	Normal Epithelial cells
PDACNP_2_ATTTAACTCGTATTAC-1	IU_PDA_NP2	Normal Pancreas	CC10	Normal Epithelial cells
PDACNP_2_ATTTACAGTTTACTGG-1	IU_PDA_NP2	Normal Pancreas	CC10	Normal Epithelial cells
PDACNP_2_ATTTACTAAGTCCATT-1	IU_PDA_NP2	Normal Pancreas	CC10	Normal Epithelial cells
PDACNP_2_ATTTCATTATTTCGCG-1	IU_PDA_NP2	Normal Pancreas	CC10	Normal Epithelial cells
PDACNP_2_ATTTGTCTTGGGAGCT-1	IU_PDA_NP2	Normal Pancreas	CC10	Normal Epithelial cells
PDACNP_2_ATTTGTTCCAGGGCTC-1	IU_PDA_NP2	Normal Pancreas	CC10	Normal Epithelial cells
PDACNP_2_CAAACCCTCCGGCGGG-1	IU_PDA_NP2	Normal Pancreas	CC10	Normal Epithelial cells
PDACNP_2_CAAACGGTCGCACTTT-1	IU_PDA_NP2	Normal Pancreas	CC10	Hepatocytes
PDACNP_2_CAAACTACGATAGAGA-1	IU_PDA_NP2	Normal Pancreas	CC10	Normal Epithelial cells
PDACNP_2_CAAACTATTGAGCTTC-1	IU_PDA_NP2	Normal Pancreas	CC10	Normal Epithelial cells
PDACNP_2_CAAACTCGCGACGCCG-1	IU_PDA_NP2	Normal Pancreas	CC10	Normal Epithelial cells
PDACNP_2_CAAAGGTCATCTGAAA-1	IU_PDA_NP2	Normal Pancreas	CC10	Normal Epithelial cells
PDACNP_2_CAAAGTCAGGTTAGCT-1	IU_PDA_NP2	Normal Pancreas	CC10	Normal Epithelial cells
PDACNP_2_CAAATCTCTCACAAGG-1	IU_PDA_NP2	Normal Pancreas	CC10	Normal Epithelial cells
PDACNP_2_CAAATTGGATTATGCC-1	IU_PDA_NP2	Normal Pancreas	CC10	Normal Epithelial cells
PDACNP_2_CAAATTGTCAGCAAGC-1	IU_PDA_NP2	Normal Pancreas	CC10	Normal Epithelial cells
PDACNP_2_CAACACATCTCCTGCC-1	IU_PDA_NP2	Normal Pancreas	CC10	Normal Epithelial cells
PDACNP_2_CAACATGGCCTGATAA-1	IU_PDA_NP2	Normal Pancreas	CC10	Normal Epithelial cells
PDACNP_2_CAACCGCACCTAGACA-1	IU_PDA_NP2	Normal Pancreas	CC10	Normal Epithelial cells
PDACNP_2_CAACCTACCGAGCAGT-1	IU_PDA_NP2	Normal Pancreas	CC10	Normal Epithelial cells
PDACNP_2_CAACGACCCGTTTACA-1	IU_PDA_NP2	Normal Pancreas	CC10	Normal Epithelial cells
PDACNP_2_CAACGGTTCTTGATAC-1	IU_PDA_NP2	Normal Pancreas	CC10	Normal Epithelial cells
PDACNP_2_CAACGTGGTGGAGTCT-1	IU_PDA_NP2	Normal Pancreas	CC10	Normal Epithelial cells
PDACNP_2_CAACTATATCGAATGC-1	IU_PDA_NP2	Normal Pancreas	CC10	Normal Epithelial cells
PDACNP_2_CAACTCCTTGATCCCG-1	IU_PDA_NP2	Normal Pancreas	CC10	Normal Epithelial cells
PDACNP_2_CAACTGCTCATCCGAT-1	IU_PDA_NP2	Normal Pancreas	CC10	Normal Epithelial cells
PDACNP_2_CAACTTGTAGTGGGCA-1	IU_PDA_NP2	Normal Pancreas	CC10	Normal Epithelial cells
PDACNP_2_CAAGAGGGCGGAGTAC-1	IU_PDA_NP2	Normal Pancreas	CC10	Normal Epithelial cells
PDACNP_2_CAAGATATTATAACGT-1	IU_PDA_NP2	Normal Pancreas	CC10	Normal Epithelial cells
PDACNP_2_CAAGCAACGTCGGAGT-1	IU_PDA_NP2	Normal Pancreas	CC10	Hepatocytes
PDACNP_2_CAAGCACCAAATGCCT-1	IU_PDA_NP2	Normal Pancreas	CC10	Normal Epithelial cells
PDACNP_2_CAAGCGGCACATAATT-1	IU_PDA_NP2	Normal Pancreas	CC10	Hepatocytes
PDACNP_2_CAAGGCCAGTGGTGCA-1	IU_PDA_NP2	Normal Pancreas	CC10	Normal Epithelial cells
PDACNP_2_CAAGGGAGTGTATTTG-1	IU_PDA_NP2	Normal Pancreas	CC10	Normal Epithelial cells
PDACNP_2_CAAGGTCCTATAGGCT-1	IU_PDA_NP2	Normal Pancreas	CC10	Normal Epithelial cells
PDACNP_2_CAAGTGTGGTTGCAAA-1	IU_PDA_NP2	Normal Pancreas	CC10	Normal Epithelial cells
PDACNP_2_CAATAAACCTTGGCCC-1	IU_PDA_NP2	Normal Pancreas	CC10	Normal Epithelial cells
PDACNP_2_CAATACGAGAGTCTGA-1	IU_PDA_NP2	Normal Pancreas	CC10	Normal Epithelial cells
PDACNP_2_CAATATGTAGATTTAC-1	IU_PDA_NP2	Normal Pancreas	CC10	Normal Epithelial cells
PDACNP_2_CAATATTGGACTAGTG-1	IU_PDA_NP2	Normal Pancreas	CC10	Normal Epithelial cells
PDACNP_2_CAATCCCTATACCAGC-1	IU_PDA_NP2	Normal Pancreas	CC10	Normal Epithelial cells
PDACNP_2_CAATCCTGCCGTGGAG-1	IU_PDA_NP2	Normal Pancreas	CC10	Normal Epithelial cells
PDACNP_2_CAATGAGGTTCGACTA-1	IU_PDA_NP2	Normal Pancreas	CC10	Normal Epithelial cells
PDACNP_2_CAATGGAATCTACATA-1	IU_PDA_NP2	Normal Pancreas	CC10	Normal Epithelial cells
PDACNP_2_CAATGGATCTCTACCA-1	IU_PDA_NP2	Normal Pancreas	CC10	Normal Epithelial cells
PDACNP_2_CAATGTGCCAACCCTT-1	IU_PDA_NP2	Normal Pancreas	CC10	Normal Epithelial cells
PDACNP_2_CAATTAAGGGTGATGA-1	IU_PDA_NP2	Normal Pancreas	CC10	Normal Epithelial cells
PDACNP_2_CAATTTCGTATAAGGG-1	IU_PDA_NP2	Normal Pancreas	CC10	Normal Epithelial cells
PDACNP_2_CAATTTGACCGGGAAG-1	IU_PDA_NP2	Normal Pancreas	CC10	Normal Epithelial cells
PDACNP_2_CACAAGAAAGATATTA-1	IU_PDA_NP2	Normal Pancreas	CC10	Normal Epithelial cells
PDACNP_2_CACAATGAGCTGCTAT-1	IU_PDA_NP2	Normal Pancreas	CC10	Normal Epithelial cells
PDACNP_2_CACACACGCTAACGAG-1	IU_PDA_NP2	Normal Pancreas	CC10	Normal Epithelial cells
PDACNP_2_CACACAGCTTGCGCTC-1	IU_PDA_NP2	Normal Pancreas	CC10	Normal Epithelial cells
PDACNP_2_CACACAGGGATAGATT-1	IU_PDA_NP2	Normal Pancreas	CC10	Normal Epithelial cells
PDACNP_2_CACACGTTTCAATGGG-1	IU_PDA_NP2	Normal Pancreas	CC10	Normal Epithelial cells
PDACNP_2_CACAGCACCCACGGCA-1	IU_PDA_NP2	Normal Pancreas	CC10	Normal Epithelial cells
PDACNP_2_CACAGCTAGGGAGTGA-1	IU_PDA_NP2	Normal Pancreas	CC10	Normal Epithelial cells
PDACNP_2_CACAGGGCCATATAGT-1	IU_PDA_NP2	Normal Pancreas	CC10	Normal Epithelial cells
PDACNP_2_CACAGGGCCGTTGTCA-1	IU_PDA_NP2	Normal Pancreas	CC10	Normal Epithelial cells
PDACNP_2_CACAGTCCCGCTTCGC-1	IU_PDA_NP2	Normal Pancreas	CC10	Normal Epithelial cells
PDACNP_2_CACATAAGGCGACCGT-1	IU_PDA_NP2	Normal Pancreas	CC10	Normal Epithelial cells
PDACNP_2_CACATATTAGCAGGAT-1	IU_PDA_NP2	Normal Pancreas	CC10	Normal Epithelial cells
PDACNP_2_CACATGATTCAGCAAC-1	IU_PDA_NP2	Normal Pancreas	CC10	Normal Epithelial cells
PDACNP_2_CACATGTTTGGACATG-1	IU_PDA_NP2	Normal Pancreas	CC10	Normal Epithelial cells
PDACNP_2_CACATTCTTTCGATGG-1	IU_PDA_NP2	Normal Pancreas	CC10	Normal Epithelial cells
PDACNP_2_CACATTTCTTGTCAGA-1	IU_PDA_NP2	Normal Pancreas	CC10	Normal Epithelial cells
PDACNP_2_CACCATCGGAGGAGAC-1	IU_PDA_NP2	Normal Pancreas	CC10	Normal Epithelial cells
PDACNP_2_CACCATGATCGCAAAG-1	IU_PDA_NP2	Normal Pancreas	CC10	Normal Epithelial cells
PDACNP_2_CACCCACACGTCACCC-1	IU_PDA_NP2	Normal Pancreas	CC10	Normal Epithelial cells
PDACNP_2_CACCCACGAGGCAATT-1	IU_PDA_NP2	Normal Pancreas	CC10	Normal Epithelial cells
PDACNP_2_CACCCTTTCCTCGCTC-1	IU_PDA_NP2	Normal Pancreas	CC10	Normal Epithelial cells
PDACNP_2_CACCGATACACCGAGC-1	IU_PDA_NP2	Normal Pancreas	CC10	Normal Epithelial cells
PDACNP_2_CACCGCCAGAAGGTTT-1	IU_PDA_NP2	Normal Pancreas	CC10	Normal Epithelial cells
PDACNP_2_CACCGCCGACCAGCGA-1	IU_PDA_NP2	Normal Pancreas	CC10	Normal Epithelial cells
PDACNP_2_CACCGCGTCCACTCTA-1	IU_PDA_NP2	Normal Pancreas	CC10	Normal Epithelial cells
PDACNP_2_CACCGGAGATATCTCC-1	IU_PDA_NP2	Normal Pancreas	CC10	Normal Epithelial cells
PDACNP_2_CACCGGGCATCACAAG-1	IU_PDA_NP2	Normal Pancreas	CC10	Normal Epithelial cells
PDACNP_2_CACCGTATCCCATCCG-1	IU_PDA_NP2	Normal Pancreas	CC10	Normal Epithelial cells
PDACNP_2_CACCGTTGCGCGATAT-1	IU_PDA_NP2	Normal Pancreas	CC10	Normal Epithelial cells
PDACNP_2_CACCTAATAGAGTCGT-1	IU_PDA_NP2	Normal Pancreas	CC10	Normal Epithelial cells
PDACNP_2_CACCTAATCAGTTTAC-1	IU_PDA_NP2	Normal Pancreas	CC10	Normal Epithelial cells
PDACNP_2_CACCTCGATGGTGGAC-1	IU_PDA_NP2	Normal Pancreas	CC10	Normal Epithelial cells
PDACNP_2_CACCTTGCGAAACTCG-1	IU_PDA_NP2	Normal Pancreas	CC10	Normal Epithelial cells
PDACNP_2_CACGAAAGTTAGTCCC-1	IU_PDA_NP2	Normal Pancreas	CC10	Normal Epithelial cells
PDACNP_2_CACGACGTAATAGTAA-1	IU_PDA_NP2	Normal Pancreas	CC10	Normal Epithelial cells
PDACNP_2_CACGCACAGCGCAGCT-1	IU_PDA_NP2	Normal Pancreas	CC10	Normal Epithelial cells
PDACNP_2_CACGCAGCGAGGCTTT-1	IU_PDA_NP2	Normal Pancreas	CC10	Hepatocytes
PDACNP_2_CACGGCGCGCCAAAGG-1	IU_PDA_NP2	Normal Pancreas	CC10	Normal Epithelial cells
PDACNP_2_CACGGGATTGAGGGTT-1	IU_PDA_NP2	Normal Pancreas	CC10	Normal Epithelial cells
PDACNP_2_CACGTCTATGATGTGG-1	IU_PDA_NP2	Normal Pancreas	CC10	Normal Epithelial cells
PDACNP_2_CACGTTCGTGCTCTAG-1	IU_PDA_NP2	Normal Pancreas	CC10	Normal Epithelial cells
PDACNP_2_CACGTTTCGTACACAC-1	IU_PDA_NP2	Normal Pancreas	CC10	Normal Epithelial cells
PDACNP_2_CACTAAAGTTGCCTAT-1	IU_PDA_NP2	Normal Pancreas	CC10	Normal Epithelial cells
PDACNP_2_CACTACGGGAGCTGCC-1	IU_PDA_NP2	Normal Pancreas	CC10	Normal Epithelial cells
PDACNP_2_CACTCAAGAGCTATGG-1	IU_PDA_NP2	Normal Pancreas	CC10	Normal Epithelial cells
PDACNP_2_CACTCAGCTCTTGAGG-1	IU_PDA_NP2	Normal Pancreas	CC10	Normal Epithelial cells
PDACNP_2_CACTCCTCTCGGTCGG-1	IU_PDA_NP2	Normal Pancreas	CC10	Normal Epithelial cells
PDACNP_2_CACTCGAGCTGAACAA-1	IU_PDA_NP2	Normal Pancreas	CC10	Hepatocytes
PDACNP_2_CACTCGGTTAGGAGGA-1	IU_PDA_NP2	Normal Pancreas	CC10	Normal Epithelial cells
PDACNP_2_CACTCTTCTGCTAGCC-1	IU_PDA_NP2	Normal Pancreas	CC10	Normal Epithelial cells
PDACNP_2_CACTTCGCCACAGGCT-1	IU_PDA_NP2	Normal Pancreas	CC10	Normal Epithelial cells
PDACNP_2_CACTTCGTCTTATCTC-1	IU_PDA_NP2	Normal Pancreas	CC10	Normal Epithelial cells
PDACNP_2_CAGAACTTAGCCCTCT-1	IU_PDA_NP2	Normal Pancreas	CC10	Normal Epithelial cells
PDACNP_2_CAGAATATTCGTTATC-1	IU_PDA_NP2	Normal Pancreas	CC10	Normal Epithelial cells
PDACNP_2_CAGACACCGATCGCTG-1	IU_PDA_NP2	Normal Pancreas	CC10	Normal Epithelial cells
PDACNP_2_CAGACGAACCTGATAC-1	IU_PDA_NP2	Normal Pancreas	CC10	Normal Epithelial cells
PDACNP_2_CAGAGACGGTCACCCA-1	IU_PDA_NP2	Normal Pancreas	CC10	Normal Epithelial cells
PDACNP_2_CAGAGCATGAGCTTGC-1	IU_PDA_NP2	Normal Pancreas	CC10	Normal Epithelial cells
PDACNP_2_CAGAGGCGATGCATGA-1	IU_PDA_NP2	Normal Pancreas	CC10	Normal Epithelial cells
PDACNP_2_CAGATAATGGGCGGGT-1	IU_PDA_NP2	Normal Pancreas	CC10	Normal Epithelial cells
PDACNP_2_CAGATACTAACATAGT-1	IU_PDA_NP2	Normal Pancreas	CC10	Normal Epithelial cells
PDACNP_2_CAGATCATTTAAAGTC-1	IU_PDA_NP2	Normal Pancreas	CC10	Normal Epithelial cells
PDACNP_2_CAGCAGCCCGTTCCTT-1	IU_PDA_NP2	Normal Pancreas	CC10	Normal Epithelial cells
PDACNP_2_CAGCAGTCCAGACTAT-1	IU_PDA_NP2	Normal Pancreas	CC10	Normal Epithelial cells
PDACNP_2_CAGCAGTCTGTGCTGC-1	IU_PDA_NP2	Normal Pancreas	CC10	Normal Epithelial cells
PDACNP_2_CAGCCGGGCCCTCTAT-1	IU_PDA_NP2	Normal Pancreas	CC10	Normal Epithelial cells
PDACNP_2_CAGCCTCCTGCAGAGG-1	IU_PDA_NP2	Normal Pancreas	CC10	Normal Epithelial cells
PDACNP_2_CAGCCTCTCCTCAAGA-1	IU_PDA_NP2	Normal Pancreas	CC10	Normal Epithelial cells
PDACNP_2_CAGCGATTCCCTTCAA-1	IU_PDA_NP2	Normal Pancreas	CC10	Normal Epithelial cells
PDACNP_2_CAGCTCACTGAGACAT-1	IU_PDA_NP2	Normal Pancreas	CC10	Normal Epithelial cells
PDACNP_2_CAGCTCGTGCTTGTGT-1	IU_PDA_NP2	Normal Pancreas	CC10	Normal Epithelial cells
PDACNP_2_CAGCTTAGTAGGTAGC-1	IU_PDA_NP2	Normal Pancreas	CC10	Normal Epithelial cells
PDACNP_2_CAGGAAGACTTTATAT-1	IU_PDA_NP2	Normal Pancreas	CC10	Normal Epithelial cells
PDACNP_2_CAGGCAGTCTTACCAG-1	IU_PDA_NP2	Normal Pancreas	CC10	Normal Epithelial cells
PDACNP_2_CAGGCCGTTTGGGTGT-1	IU_PDA_NP2	Normal Pancreas	CC10	Normal Epithelial cells
PDACNP_2_CAGGCGCCATGCTAGG-1	IU_PDA_NP2	Normal Pancreas	CC10	Hepatocytes
PDACNP_2_CAGTAATCCCTCCCAG-1	IU_PDA_NP2	Normal Pancreas	CC10	Normal Epithelial cells
PDACNP_2_CAGTACATTCTCTAAA-1	IU_PDA_NP2	Normal Pancreas	CC10	Normal Epithelial cells
PDACNP_2_CAGTAGCCCACGCGGT-1	IU_PDA_NP2	Normal Pancreas	CC10	Normal Epithelial cells
PDACNP_2_CAGTAGCGAGGTAGTA-1	IU_PDA_NP2	Normal Pancreas	CC10	Normal Epithelial cells
PDACNP_2_CAGTCGAGGATGCAAT-1	IU_PDA_NP2	Normal Pancreas	CC10	Normal Epithelial cells
PDACNP_2_CAGTCTCTCGGCTAAT-1	IU_PDA_NP2	Normal Pancreas	CC10	Normal Epithelial cells
PDACNP_2_CAGTGAATAAATGACT-1	IU_PDA_NP2	Normal Pancreas	CC10	Normal Epithelial cells
PDACNP_2_CAGTGGTTGCACATGA-1	IU_PDA_NP2	Normal Pancreas	CC10	Normal Epithelial cells
PDACNP_2_CAGTGTCCGCAGAATG-1	IU_PDA_NP2	Normal Pancreas	CC10	Normal Epithelial cells
PDACNP_2_CAGTGTCGGCTGGCCC-1	IU_PDA_NP2	Normal Pancreas	CC10	Normal Epithelial cells
PDACNP_2_CAGTTCAAATTGACAC-1	IU_PDA_NP2	Normal Pancreas	CC10	Hepatocytes
PDACNP_2_CAGTTCCGCGGGTCGA-1	IU_PDA_NP2	Normal Pancreas	CC10	Normal Epithelial cells
PDACNP_2_CATAACGGACAGTCGT-1	IU_PDA_NP2	Normal Pancreas	CC10	Normal Epithelial cells
PDACNP_2_CATAAGAAGCTTGGCT-1	IU_PDA_NP2	Normal Pancreas	CC10	Normal Epithelial cells
PDACNP_2_CATAATGAGCGGGCGA-1	IU_PDA_NP2	Normal Pancreas	CC10	Normal Epithelial cells
PDACNP_2_CATACAAAGCCGAACC-1	IU_PDA_NP2	Normal Pancreas	CC10	Normal Epithelial cells
PDACNP_2_CATACACGGTTCCCAC-1	IU_PDA_NP2	Normal Pancreas	CC10	Normal Epithelial cells
PDACNP_2_CATACCCGTACCCAGT-1	IU_PDA_NP2	Normal Pancreas	CC10	Normal Epithelial cells
PDACNP_2_CATACGGCGTCTGGGC-1	IU_PDA_NP2	Normal Pancreas	CC10	Normal Epithelial cells
PDACNP_2_CATACGGGTGCATGAT-1	IU_PDA_NP2	Normal Pancreas	CC10	Normal Epithelial cells
PDACNP_2_CATACTATGTAATTGT-1	IU_PDA_NP2	Normal Pancreas	CC10	Normal Epithelial cells
PDACNP_2_CATACTTAGGCAATAC-1	IU_PDA_NP2	Normal Pancreas	CC10	Normal Epithelial cells
PDACNP_2_CATAGAGGAGATACTA-1	IU_PDA_NP2	Normal Pancreas	CC10	Normal Epithelial cells
PDACNP_2_CATAGCCGCCCGGGAT-1	IU_PDA_NP2	Normal Pancreas	CC10	Hepatocytes
PDACNP_2_CATAGCGTTGCCCACC-1	IU_PDA_NP2	Normal Pancreas	CC10	Normal Epithelial cells
PDACNP_2_CATAGTACATTGAGAG-1	IU_PDA_NP2	Normal Pancreas	CC10	Normal Epithelial cells
PDACNP_2_CATAGTAGCATAGTAG-1	IU_PDA_NP2	Normal Pancreas	CC10	Normal Epithelial cells
PDACNP_2_CATAGTCAAATACATA-1	IU_PDA_NP2	Normal Pancreas	CC10	Normal Epithelial cells
PDACNP_2_CATAGTCCACAAGAAC-1	IU_PDA_NP2	Normal Pancreas	CC10	Hepatocytes
PDACNP_2_CATATACTACTGATAA-1	IU_PDA_NP2	Normal Pancreas	CC10	Normal Epithelial cells
PDACNP_2_CATATAGGTACAGTCA-1	IU_PDA_NP2	Normal Pancreas	CC10	Normal Epithelial cells
PDACNP_2_CATATTATTTGCCCTA-1	IU_PDA_NP2	Normal Pancreas	CC10	Normal Epithelial cells
PDACNP_2_CATCAAACTGGCGCCC-1	IU_PDA_NP2	Normal Pancreas	CC10	Normal Epithelial cells
PDACNP_2_CATCAACACCTACTAA-1	IU_PDA_NP2	Normal Pancreas	CC10	Normal Epithelial cells
PDACNP_2_CATCATCTACCCGGAC-1	IU_PDA_NP2	Normal Pancreas	CC10	Normal Epithelial cells
PDACNP_2_CATCATTACCCTGAGG-1	IU_PDA_NP2	Normal Pancreas	CC10	Normal Epithelial cells
PDACNP_2_CATCCGCAGGCCCGAA-1	IU_PDA_NP2	Normal Pancreas	CC10	Normal Epithelial cells
PDACNP_2_CATCCTCTCAAAGATC-1	IU_PDA_NP2	Normal Pancreas	CC10	Normal Epithelial cells
PDACNP_2_CATCGAATGGATCTCT-1	IU_PDA_NP2	Normal Pancreas	CC10	Normal Epithelial cells
PDACNP_2_CATCGCCCGCGGCCAA-1	IU_PDA_NP2	Normal Pancreas	CC10	Normal Epithelial cells
PDACNP_2_CATCGGACGGGTTAAT-1	IU_PDA_NP2	Normal Pancreas	CC10	Normal Epithelial cells
PDACNP_2_CATCGTCCGGTTACTA-1	IU_PDA_NP2	Normal Pancreas	CC10	Normal Epithelial cells
PDACNP_2_CATCTAGTGAAGGGAA-1	IU_PDA_NP2	Normal Pancreas	CC10	Normal Epithelial cells
PDACNP_2_CATCTATCCCGTGTCT-1	IU_PDA_NP2	Normal Pancreas	CC10	Normal Epithelial cells
PDACNP_2_CATCTGCAGGATCATT-1	IU_PDA_NP2	Normal Pancreas	CC10	Normal Epithelial cells
PDACNP_2_CATGAACCGACATTTG-1	IU_PDA_NP2	Normal Pancreas	CC10	Normal Epithelial cells
PDACNP_2_CATGACTTCGCTGAAT-1	IU_PDA_NP2	Normal Pancreas	CC10	Normal Epithelial cells
PDACNP_2_CATGAGATGCACTCTC-1	IU_PDA_NP2	Normal Pancreas	CC10	Normal Epithelial cells
PDACNP_2_CATGATGCACAATTCT-1	IU_PDA_NP2	Normal Pancreas	CC10	Normal Epithelial cells
PDACNP_2_CATGCCAACTCGCAAA-1	IU_PDA_NP2	Normal Pancreas	CC10	Normal Epithelial cells
PDACNP_2_CATGCGACCAGTTTAA-1	IU_PDA_NP2	Normal Pancreas	CC10	Normal Epithelial cells
PDACNP_2_CATGCGTTAGACAGAA-1	IU_PDA_NP2	Normal Pancreas	CC10	Normal Epithelial cells
PDACNP_2_CATGCTGGCTCCAATT-1	IU_PDA_NP2	Normal Pancreas	CC10	Normal Epithelial cells
PDACNP_2_CATGGAAATGGGACCA-1	IU_PDA_NP2	Normal Pancreas	CC10	Normal Epithelial cells
PDACNP_2_CATGGATTGTCTTCCG-1	IU_PDA_NP2	Normal Pancreas	CC10	Normal Epithelial cells
PDACNP_2_CATGGCAGGAAGATCG-1	IU_PDA_NP2	Normal Pancreas	CC10	Normal Epithelial cells
PDACNP_2_CATGGGTATGCCTTAT-1	IU_PDA_NP2	Normal Pancreas	CC10	Normal Epithelial cells
PDACNP_2_CATGGGTCGGGTGTGG-1	IU_PDA_NP2	Normal Pancreas	CC10	Normal Epithelial cells
PDACNP_2_CATGGTAAGTAGCGTT-1	IU_PDA_NP2	Normal Pancreas	CC10	Normal Epithelial cells
PDACNP_2_CATGGTCTAGATACCG-1	IU_PDA_NP2	Normal Pancreas	CC10	Normal Epithelial cells
PDACNP_2_CATGGTTTATTAATCA-1	IU_PDA_NP2	Normal Pancreas	CC10	Normal Epithelial cells
PDACNP_2_CATGTAAGAGACATTT-1	IU_PDA_NP2	Normal Pancreas	CC10	Normal Epithelial cells
PDACNP_2_CATGTCTCATTTATGG-1	IU_PDA_NP2	Normal Pancreas	CC10	Normal Epithelial cells
PDACNP_2_CATTACATAGATTGTG-1	IU_PDA_NP2	Normal Pancreas	CC10	Normal Epithelial cells
PDACNP_2_CATTACGCAGGAAGGG-1	IU_PDA_NP2	Normal Pancreas	CC10	Normal Epithelial cells
PDACNP_2_CATTACGTCGGCCCGT-1	IU_PDA_NP2	Normal Pancreas	CC10	Normal Epithelial cells
PDACNP_2_CATTATGCTTGTTGTG-1	IU_PDA_NP2	Normal Pancreas	CC10	Hepatocytes
PDACNP_2_CATTCAGGTCAGTGCG-1	IU_PDA_NP2	Normal Pancreas	CC10	Normal Epithelial cells
PDACNP_2_CATTCCCATTCCGTCG-1	IU_PDA_NP2	Normal Pancreas	CC10	Normal Epithelial cells
PDACNP_2_CATTCCCTAAGTACAA-1	IU_PDA_NP2	Normal Pancreas	CC10	Normal Epithelial cells
PDACNP_2_CATTGATGAACACGCC-1	IU_PDA_NP2	Normal Pancreas	CC10	Normal Epithelial cells
PDACNP_2_CATTGCGAAATGGGCG-1	IU_PDA_NP2	Normal Pancreas	CC10	Hepatocytes
PDACNP_2_CATTGCGGGTCAATTC-1	IU_PDA_NP2	Normal Pancreas	CC10	Normal Epithelial cells
PDACNP_2_CATTGTGTGCTAGATC-1	IU_PDA_NP2	Normal Pancreas	CC10	Normal Epithelial cells
PDACNP_2_CATTTAGCGGACCATG-1	IU_PDA_NP2	Normal Pancreas	CC10	Normal Epithelial cells
PDACNP_2_CATTTCTAGCAGACTA-1	IU_PDA_NP2	Normal Pancreas	CC10	Normal Epithelial cells
PDACNP_2_CATTTGAGTGGTACGT-1	IU_PDA_NP2	Normal Pancreas	CC10	Normal Epithelial cells
PDACNP_2_CCAAACAGAACCCTCG-1	IU_PDA_NP2	Normal Pancreas	CC10	Normal Epithelial cells
PDACNP_2_CCAAAGCAGTTGGTTG-1	IU_PDA_NP2	Normal Pancreas	CC10	Normal Epithelial cells
PDACNP_2_CCAAAGTCCCGCTAAC-1	IU_PDA_NP2	Normal Pancreas	CC10	Normal Epithelial cells
PDACNP_2_CCAACGATGCACTGAT-1	IU_PDA_NP2	Normal Pancreas	CC10	Normal Epithelial cells
PDACNP_2_CCAACGCTTGCCAGGG-1	IU_PDA_NP2	Normal Pancreas	CC10	Normal Epithelial cells
PDACNP_2_CCAACTTGATAGATCC-1	IU_PDA_NP2	Normal Pancreas	CC10	Normal Epithelial cells
PDACNP_2_CCAAGAAAGTGGGCGA-1	IU_PDA_NP2	Normal Pancreas	CC10	Normal Epithelial cells
PDACNP_2_CCAAGACTTCTGCGAA-1	IU_PDA_NP2	Normal Pancreas	CC10	Normal Epithelial cells
PDACNP_2_CCAAGCGTAACTCGTA-1	IU_PDA_NP2	Normal Pancreas	CC10	Normal Epithelial cells
PDACNP_2_CCAAGGAACAGAGAGG-1	IU_PDA_NP2	Normal Pancreas	CC10	Normal Epithelial cells
PDACNP_2_CCAAGGTTGCCCTTTC-1	IU_PDA_NP2	Normal Pancreas	CC10	Normal Epithelial cells
PDACNP_2_CCAATAGTGCCGTCGA-1	IU_PDA_NP2	Normal Pancreas	CC10	Hepatocytes
PDACNP_2_CCAATCGGTAGATCGA-1	IU_PDA_NP2	Normal Pancreas	CC10	Normal Epithelial cells
PDACNP_2_CCAATGTCACAGCAAG-1	IU_PDA_NP2	Normal Pancreas	CC10	Normal Epithelial cells
PDACNP_2_CCAATTACGGGTCGAG-1	IU_PDA_NP2	Normal Pancreas	CC10	Normal Epithelial cells
PDACNP_2_CCAATTGAATGTTAAT-1	IU_PDA_NP2	Normal Pancreas	CC10	Normal Epithelial cells
PDACNP_2_CCACAATGTACGTCTT-1	IU_PDA_NP2	Normal Pancreas	CC10	Normal Epithelial cells
PDACNP_2_CCACACTGAGATATTA-1	IU_PDA_NP2	Normal Pancreas	CC10	Normal Epithelial cells
PDACNP_2_CCACAGCTGAAATCAT-1	IU_PDA_NP2	Normal Pancreas	CC10	Normal Epithelial cells
PDACNP_2_CCACAGTACCCATCCT-1	IU_PDA_NP2	Normal Pancreas	CC10	Normal Epithelial cells
PDACNP_2_CCACATACTGCACCCA-1	IU_PDA_NP2	Normal Pancreas	CC10	Normal Epithelial cells
PDACNP_2_CCACCCAAGGAAAGTG-1	IU_PDA_NP2	Normal Pancreas	CC10	Normal Epithelial cells
PDACNP_2_CCACGAATTTAACCTC-1	IU_PDA_NP2	Normal Pancreas	CC10	Hepatocytes
PDACNP_2_CCACGGTGCCCGGTAG-1	IU_PDA_NP2	Normal Pancreas	CC10	Normal Epithelial cells
PDACNP_2_CCACGTAAATTAGACT-1	IU_PDA_NP2	Normal Pancreas	CC10	Normal Epithelial cells
PDACNP_2_CCACTAAACTGAATCG-1	IU_PDA_NP2	Normal Pancreas	CC10	Normal Epithelial cells
PDACNP_2_CCACTATCCGGGTCAC-1	IU_PDA_NP2	Normal Pancreas	CC10	Normal Epithelial cells
PDACNP_2_CCACTCAGATCCGCAA-1	IU_PDA_NP2	Normal Pancreas	CC10	Normal Epithelial cells
PDACNP_2_CCACTGGTGGCTGGTT-1	IU_PDA_NP2	Normal Pancreas	CC10	Hepatocytes
PDACNP_2_CCACTGTTTGGATTAA-1	IU_PDA_NP2	Normal Pancreas	CC10	Normal Epithelial cells
PDACNP_2_CCAGAGACAAAGCCGG-1	IU_PDA_NP2	Normal Pancreas	CC10	Normal Epithelial cells
PDACNP_2_CCAGATAGTTGAGTGA-1	IU_PDA_NP2	Normal Pancreas	CC10	Normal Epithelial cells
PDACNP_2_CCAGCCTGGACCAATA-1	IU_PDA_NP2	Normal Pancreas	CC10	Normal Epithelial cells
PDACNP_2_CCAGCTACGCCTCATA-1	IU_PDA_NP2	Normal Pancreas	CC10	Normal Epithelial cells
PDACNP_2_CCAGCTCGAACGCATT-1	IU_PDA_NP2	Normal Pancreas	CC10	Normal Epithelial cells
PDACNP_2_CCAGCTGATGGTACTT-1	IU_PDA_NP2	Normal Pancreas	CC10	Normal Epithelial cells
PDACNP_2_CCAGCTTCCGCCCGCA-1	IU_PDA_NP2	Normal Pancreas	CC10	Hepatocytes
PDACNP_2_CCAGGGACGTGGCCTC-1	IU_PDA_NP2	Normal Pancreas	CC10	Normal Epithelial cells
PDACNP_2_CCAGTAGTCTGATCCA-1	IU_PDA_NP2	Normal Pancreas	CC10	Normal Epithelial cells
PDACNP_2_CCAGTCCATTATTCGA-1	IU_PDA_NP2	Normal Pancreas	CC10	Normal Epithelial cells
PDACNP_2_CCAGTCTAGACGGCGC-1	IU_PDA_NP2	Normal Pancreas	CC10	Normal Epithelial cells
PDACNP_2_CCAGTCTTGTCATAGA-1	IU_PDA_NP2	Normal Pancreas	CC10	Normal Epithelial cells
PDACNP_2_CCAGTTCGGTAACTCA-1	IU_PDA_NP2	Normal Pancreas	CC10	Normal Epithelial cells
PDACNP_2_CCATAAACAACCCGAC-1	IU_PDA_NP2	Normal Pancreas	CC10	Normal Epithelial cells
PDACNP_2_CCATACCTTTACTTGT-1	IU_PDA_NP2	Normal Pancreas	CC10	Normal Epithelial cells
PDACNP_2_CCATAGGTTGGCGTGG-1	IU_PDA_NP2	Normal Pancreas	CC10	Normal Epithelial cells
PDACNP_2_CCATAGTCAGTAACCC-1	IU_PDA_NP2	Normal Pancreas	CC10	Normal Epithelial cells
PDACNP_2_CCATATGGAAACTATA-1	IU_PDA_NP2	Normal Pancreas	CC10	Normal Epithelial cells
PDACNP_2_CCATATTGGATCATGA-1	IU_PDA_NP2	Normal Pancreas	CC10	Normal Epithelial cells
PDACNP_2_CCATCCATACCAAGTC-1	IU_PDA_NP2	Normal Pancreas	CC10	Normal Epithelial cells
PDACNP_2_CCATCGCAGTTAAACT-1	IU_PDA_NP2	Normal Pancreas	CC10	Normal Epithelial cells
PDACNP_2_CCATCTTGTTCACAAT-1	IU_PDA_NP2	Normal Pancreas	CC10	Normal Epithelial cells
PDACNP_2_CCATGCCCTAGATTTC-1	IU_PDA_NP2	Normal Pancreas	CC10	Normal Epithelial cells
PDACNP_2_CCATGCCTGTTTAGTA-1	IU_PDA_NP2	Normal Pancreas	CC10	Hepatocytes
PDACNP_2_CCATGCTCTGCAGGAA-1	IU_PDA_NP2	Normal Pancreas	CC10	Normal Epithelial cells
PDACNP_2_CCATGGCCCTTGTACC-1	IU_PDA_NP2	Normal Pancreas	CC10	Normal Epithelial cells
PDACNP_2_CCATTAGCGATAATCC-1	IU_PDA_NP2	Normal Pancreas	CC10	Hepatocytes
PDACNP_2_CCATTCCCTGCCCACA-1	IU_PDA_NP2	Normal Pancreas	CC10	Normal Epithelial cells
PDACNP_2_CCATTTCTACCTATTA-1	IU_PDA_NP2	Normal Pancreas	CC10	Hepatocytes
PDACNP_2_CCCAACATACGTCGCG-1	IU_PDA_NP2	Normal Pancreas	CC10	Normal Epithelial cells
PDACNP_2_CCCAACCACACTAACA-1	IU_PDA_NP2	Normal Pancreas	CC10	Normal Epithelial cells
PDACNP_2_CCCAAGTCATTACACT-1	IU_PDA_NP2	Normal Pancreas	CC10	Normal Epithelial cells
PDACNP_2_CCCAATTTCACAACTT-1	IU_PDA_NP2	Normal Pancreas	CC10	Normal Epithelial cells
PDACNP_2_CCCAGAGGAGGGCGTA-1	IU_PDA_NP2	Normal Pancreas	CC10	Normal Epithelial cells
PDACNP_2_CCCAGTTAAGGCGCCG-1	IU_PDA_NP2	Normal Pancreas	CC10	Normal Epithelial cells
PDACNP_2_CCCGACCATAGTCCGC-1	IU_PDA_NP2	Normal Pancreas	CC10	Normal Epithelial cells
PDACNP_2_CCCGCAGCGCGAACTA-1	IU_PDA_NP2	Normal Pancreas	CC10	Normal Epithelial cells
PDACNP_2_CCCGCAGGGCCCAAAG-1	IU_PDA_NP2	Normal Pancreas	CC10	Normal Epithelial cells
PDACNP_2_CCCGCCATGCTCCCGT-1	IU_PDA_NP2	Normal Pancreas	CC10	Normal Epithelial cells
PDACNP_2_CCCGCGCAATGCACCC-1	IU_PDA_NP2	Normal Pancreas	CC10	Normal Epithelial cells
PDACNP_2_CCCGCTTGCCCTCGTC-1	IU_PDA_NP2	Normal Pancreas	CC10	Normal Epithelial cells
PDACNP_2_CCCGGGTCGTTCAGGG-1	IU_PDA_NP2	Normal Pancreas	CC10	Normal Epithelial cells
PDACNP_2_CCCGGTGGAAGAACCT-1	IU_PDA_NP2	Normal Pancreas	CC10	Normal Epithelial cells
PDACNP_2_CCCGTAAGTCTAGGCC-1	IU_PDA_NP2	Normal Pancreas	CC10	Normal Epithelial cells
PDACNP_2_CCCGTCAGCGTCTGAC-1	IU_PDA_NP2	Normal Pancreas	CC10	Normal Epithelial cells
PDACNP_2_CCCGTGGGTTAATTGA-1	IU_PDA_NP2	Normal Pancreas	CC10	Normal Epithelial cells
PDACNP_2_CCCGTTTCGCAGATGT-1	IU_PDA_NP2	Normal Pancreas	CC10	Normal Epithelial cells
PDACNP_2_CCCTACCCACACCCAG-1	IU_PDA_NP2	Normal Pancreas	CC10	Normal Epithelial cells
PDACNP_2_CCCTACTTGAACAATG-1	IU_PDA_NP2	Normal Pancreas	CC10	Normal Epithelial cells
PDACNP_2_CCCTAGTGTCAGGTGT-1	IU_PDA_NP2	Normal Pancreas	CC10	Normal Epithelial cells
PDACNP_2_CCCTCAAGCTCTTAGT-1	IU_PDA_NP2	Normal Pancreas	CC10	Normal Epithelial cells
PDACNP_2_CCCTCATTCTGGAATT-1	IU_PDA_NP2	Normal Pancreas	CC10	Normal Epithelial cells
PDACNP_2_CCCTGAAATGAGTTGA-1	IU_PDA_NP2	Normal Pancreas	CC10	Normal Epithelial cells
PDACNP_2_CCCTGACTAACAAATT-1	IU_PDA_NP2	Normal Pancreas	CC10	Normal Epithelial cells
PDACNP_2_CCCTGATGTAACTCGT-1	IU_PDA_NP2	Normal Pancreas	CC10	Normal Epithelial cells
PDACNP_2_CCCTGCCCAATCCGCT-1	IU_PDA_NP2	Normal Pancreas	CC10	Normal Epithelial cells
PDACNP_2_CCCTGCGCTACGCATA-1	IU_PDA_NP2	Normal Pancreas	CC10	Hepatocytes
PDACNP_2_CCCTGTTGGCAAAGAC-1	IU_PDA_NP2	Normal Pancreas	CC10	Normal Epithelial cells
PDACNP_2_CCCTTCTCGTACGCGA-1	IU_PDA_NP2	Normal Pancreas	CC10	Normal Epithelial cells
PDACNP_2_CCCTTTAATGGAGTTC-1	IU_PDA_NP2	Normal Pancreas	CC10	Normal Epithelial cells
PDACNP_2_CCCTTTGACAGGTCTT-1	IU_PDA_NP2	Normal Pancreas	CC10	Normal Epithelial cells
PDACNP_2_CCGAAAGTGGTGAGCA-1	IU_PDA_NP2	Normal Pancreas	CC10	Normal Epithelial cells
PDACNP_2_CCGAACCTTCCCGGCC-1	IU_PDA_NP2	Normal Pancreas	CC10	Hepatocytes
PDACNP_2_CCGAAGTATATTGTTC-1	IU_PDA_NP2	Normal Pancreas	CC10	Normal Epithelial cells
PDACNP_2_CCGACAAACACATGAG-1	IU_PDA_NP2	Normal Pancreas	CC10	Normal Epithelial cells
PDACNP_2_CCGACAAAGGGAGTGC-1	IU_PDA_NP2	Normal Pancreas	CC10	Normal Epithelial cells
PDACNP_2_CCGACGTAAACACAAC-1	IU_PDA_NP2	Normal Pancreas	CC10	Normal Epithelial cells
PDACNP_2_CCGAGAAGTCGCATAA-1	IU_PDA_NP2	Normal Pancreas	CC10	Normal Epithelial cells
PDACNP_2_CCGAGCTGTGCTTGTC-1	IU_PDA_NP2	Normal Pancreas	CC10	Normal Epithelial cells
PDACNP_2_CCGATCTCAACCTTAT-1	IU_PDA_NP2	Normal Pancreas	CC10	Normal Epithelial cells
PDACNP_2_CCGATTCGAGGGACCC-1	IU_PDA_NP2	Normal Pancreas	CC10	Normal Epithelial cells
PDACNP_2_CCGCACAAAGACCAAC-1	IU_PDA_NP2	Normal Pancreas	CC10	Normal Epithelial cells
PDACNP_2_CCGCACACGAACGTGT-1	IU_PDA_NP2	Normal Pancreas	CC10	Normal Epithelial cells
PDACNP_2_CCGCACGTGACCTCGG-1	IU_PDA_NP2	Normal Pancreas	CC10	Normal Epithelial cells
PDACNP_2_CCGCACTTGCAATGAC-1	IU_PDA_NP2	Normal Pancreas	CC10	Normal Epithelial cells
PDACNP_2_CCGCATGTGGTACGAT-1	IU_PDA_NP2	Normal Pancreas	CC10	Normal Epithelial cells
PDACNP_2_CCGCCGGTCAACACAC-1	IU_PDA_NP2	Normal Pancreas	CC10	Normal Epithelial cells
PDACNP_2_CCGCCGTTGAGGATAA-1	IU_PDA_NP2	Normal Pancreas	CC10	Normal Epithelial cells
PDACNP_2_CCGCCTGCGAATTGGT-1	IU_PDA_NP2	Normal Pancreas	CC10	Normal Epithelial cells
PDACNP_2_CCGCGGAATGCGTCAC-1	IU_PDA_NP2	Normal Pancreas	CC10	Normal Epithelial cells
PDACNP_2_CCGCGGGTACGAAGAA-1	IU_PDA_NP2	Normal Pancreas	CC10	Normal Epithelial cells
PDACNP_2_CCGCGTAGGTAAGGGC-1	IU_PDA_NP2	Normal Pancreas	CC10	Normal Epithelial cells
PDACNP_2_CCGCTCCAGGGCGATC-1	IU_PDA_NP2	Normal Pancreas	CC10	Normal Epithelial cells
PDACNP_2_CCGCTCTTCCGAACTA-1	IU_PDA_NP2	Normal Pancreas	CC10	Normal Epithelial cells
PDACNP_2_CCGCTTACCTCACTCT-1	IU_PDA_NP2	Normal Pancreas	CC10	Normal Epithelial cells
PDACNP_2_CCGCTTCGCGGTTAAC-1	IU_PDA_NP2	Normal Pancreas	CC10	Normal Epithelial cells
PDACNP_2_CCGCTTGCTGACATGG-1	IU_PDA_NP2	Normal Pancreas	CC10	Normal Epithelial cells
PDACNP_2_CCGGAATGGTTTCAGT-1	IU_PDA_NP2	Normal Pancreas	CC10	Normal Epithelial cells
PDACNP_2_CCGGAGCGTACTTTCT-1	IU_PDA_NP2	Normal Pancreas	CC10	Normal Epithelial cells
PDACNP_2_CCGGAGGTCTTATGGT-1	IU_PDA_NP2	Normal Pancreas	CC10	Normal Epithelial cells
PDACNP_2_CCGGCACGACCGTTTC-1	IU_PDA_NP2	Normal Pancreas	CC10	Normal Epithelial cells
PDACNP_2_CCGGCGCATATTGGAT-1	IU_PDA_NP2	Normal Pancreas	CC10	Normal Epithelial cells
PDACNP_2_CCGGGACCCGCAGAGA-1	IU_PDA_NP2	Normal Pancreas	CC10	Normal Epithelial cells
PDACNP_2_CCGGGCGGTCTCGTCA-1	IU_PDA_NP2	Normal Pancreas	CC10	Normal Epithelial cells
PDACNP_2_CCGGGCTGCTCCATAC-1	IU_PDA_NP2	Normal Pancreas	CC10	Normal Epithelial cells
PDACNP_2_CCGGGTTCGAGGTTAC-1	IU_PDA_NP2	Normal Pancreas	CC10	Normal Epithelial cells
PDACNP_2_CCGGTAATGGCTAGTC-1	IU_PDA_NP2	Normal Pancreas	CC10	Normal Epithelial cells
PDACNP_2_CCGGTGCGAGTGATAG-1	IU_PDA_NP2	Normal Pancreas	CC10	Normal Epithelial cells
PDACNP_2_CCGTAAGTTGGTCCCA-1	IU_PDA_NP2	Normal Pancreas	CC10	Normal Epithelial cells
PDACNP_2_CCGTACCCAAGCGCCA-1	IU_PDA_NP2	Normal Pancreas	CC10	Normal Epithelial cells
PDACNP_2_CCGTAGGAAATCCCTG-1	IU_PDA_NP2	Normal Pancreas	CC10	Normal Epithelial cells
PDACNP_2_CCGTAGGGTTGTTTAC-1	IU_PDA_NP2	Normal Pancreas	CC10	Normal Epithelial cells
PDACNP_2_CCGTATTAGCGCAGTT-1	IU_PDA_NP2	Normal Pancreas	CC10	Normal Epithelial cells
PDACNP_2_CCGTGAGGCATTCATG-1	IU_PDA_NP2	Normal Pancreas	CC10	Normal Epithelial cells
PDACNP_2_CCGTGCCCATGACGGC-1	IU_PDA_NP2	Normal Pancreas	CC10	Normal Epithelial cells
PDACNP_2_CCGTGGAACGATCCAA-1	IU_PDA_NP2	Normal Pancreas	CC10	Normal Epithelial cells
PDACNP_2_CCGTGTTAAATTCCAT-1	IU_PDA_NP2	Normal Pancreas	CC10	Normal Epithelial cells
PDACNP_2_CCGTTACGTTAGAACA-1	IU_PDA_NP2	Normal Pancreas	CC10	Normal Epithelial cells
PDACNP_2_CCGTTCCGAATCTCGG-1	IU_PDA_NP2	Normal Pancreas	CC10	Hepatocytes
PDACNP_2_CCTAAAGGCTGACGCT-1	IU_PDA_NP2	Normal Pancreas	CC10	Normal Epithelial cells
PDACNP_2_CCTAACCCAAACAAGT-1	IU_PDA_NP2	Normal Pancreas	CC10	Normal Epithelial cells
PDACNP_2_CCTAACTAAGGCTCTA-1	IU_PDA_NP2	Normal Pancreas	CC10	Normal Epithelial cells
PDACNP_2_CCTAAGTGTCTAACCG-1	IU_PDA_NP2	Normal Pancreas	CC10	Normal Epithelial cells
PDACNP_2_CCTACAAGTCCGGAAT-1	IU_PDA_NP2	Normal Pancreas	CC10	Normal Epithelial cells
PDACNP_2_CCTACGGCTCAGTCGA-1	IU_PDA_NP2	Normal Pancreas	CC10	Normal Epithelial cells
PDACNP_2_CCTACTGCTTACACTT-1	IU_PDA_NP2	Normal Pancreas	CC10	Normal Epithelial cells
PDACNP_2_CCTAGGCGTAGCGATC-1	IU_PDA_NP2	Normal Pancreas	CC10	Normal Epithelial cells
PDACNP_2_CCTAGTTAGTCGCATG-1	IU_PDA_NP2	Normal Pancreas	CC10	Normal Epithelial cells
PDACNP_2_CCTATACCGTCCTGTC-1	IU_PDA_NP2	Normal Pancreas	CC10	Normal Epithelial cells
PDACNP_2_CCTATATTTGTCCTGG-1	IU_PDA_NP2	Normal Pancreas	CC10	Normal Epithelial cells
PDACNP_2_CCTATCTATATCGGAA-1	IU_PDA_NP2	Normal Pancreas	CC10	Normal Epithelial cells
PDACNP_2_CCTATGGGTTACCGTC-1	IU_PDA_NP2	Normal Pancreas	CC10	Normal Epithelial cells
PDACNP_2_CCTATGTCCACTCCAC-1	IU_PDA_NP2	Normal Pancreas	CC10	Normal Epithelial cells
PDACNP_2_CCTCACCAATCTTGAC-1	IU_PDA_NP2	Normal Pancreas	CC10	Normal Epithelial cells
PDACNP_2_CCTCACCTGAGGGAGC-1	IU_PDA_NP2	Normal Pancreas	CC10	Normal Epithelial cells
PDACNP_2_CCTCATGCAGCTACGA-1	IU_PDA_NP2	Normal Pancreas	CC10	Normal Epithelial cells
PDACNP_2_CCTCCCGACAATCCCT-1	IU_PDA_NP2	Normal Pancreas	CC10	Normal Epithelial cells
PDACNP_2_CCTCCGACAATTCAAG-1	IU_PDA_NP2	Normal Pancreas	CC10	Normal Epithelial cells
PDACNP_2_CCTCCTGAGCCCACAT-1	IU_PDA_NP2	Normal Pancreas	CC10	Normal Epithelial cells
PDACNP_2_CCTCCTGTTGTGTCGT-1	IU_PDA_NP2	Normal Pancreas	CC10	Normal Epithelial cells
PDACNP_2_CCTCGAAGTGGACGGG-1	IU_PDA_NP2	Normal Pancreas	CC10	Normal Epithelial cells
PDACNP_2_CCTCGCCAGCAAATTA-1	IU_PDA_NP2	Normal Pancreas	CC10	Normal Epithelial cells
PDACNP_2_CCTCGCGCGATATAGG-1	IU_PDA_NP2	Normal Pancreas	CC10	Normal Epithelial cells
PDACNP_2_CCTCGCGCTGTGCGAT-1	IU_PDA_NP2	Normal Pancreas	CC10	Normal Epithelial cells
PDACNP_2_CCTCGGACCGGGATAG-1	IU_PDA_NP2	Normal Pancreas	CC10	Normal Epithelial cells
PDACNP_2_CCTCGGATGCTACCTG-1	IU_PDA_NP2	Normal Pancreas	CC10	Hepatocytes
PDACNP_2_CCTCGTTACGCCTGTT-1	IU_PDA_NP2	Normal Pancreas	CC10	Normal Epithelial cells
PDACNP_2_CCTCTAATCTGCCAAG-1	IU_PDA_NP2	Normal Pancreas	CC10	Normal Epithelial cells
PDACNP_2_CCTCTCTCCCATCTAG-1	IU_PDA_NP2	Normal Pancreas	CC10	Normal Epithelial cells
PDACNP_2_CCTCTGTACTATTCTA-1	IU_PDA_NP2	Normal Pancreas	CC10	Normal Epithelial cells
PDACNP_2_CCTGAACGATATATTC-1	IU_PDA_NP2	Normal Pancreas	CC10	Normal Epithelial cells
PDACNP_2_CCTGAATATTTACATA-1	IU_PDA_NP2	Normal Pancreas	CC10	Normal Epithelial cells
PDACNP_2_CCTGACAAACTCGCGC-1	IU_PDA_NP2	Normal Pancreas	CC10	Normal Epithelial cells
PDACNP_2_CCTGACCACCGATGGT-1	IU_PDA_NP2	Normal Pancreas	CC10	Normal Epithelial cells
PDACNP_2_CCTGCCCGTTGTCTAG-1	IU_PDA_NP2	Normal Pancreas	CC10	Normal Epithelial cells
PDACNP_2_CCTGCGATAGAACTGT-1	IU_PDA_NP2	Normal Pancreas	CC10	Normal Epithelial cells
PDACNP_2_CCTGCGTTCTACGCTT-1	IU_PDA_NP2	Normal Pancreas	CC10	Hepatocytes
PDACNP_2_CCTGCTATTTGAGAAG-1	IU_PDA_NP2	Normal Pancreas	CC10	Normal Epithelial cells
PDACNP_2_CCTGGAAACGTTCTGC-1	IU_PDA_NP2	Normal Pancreas	CC10	Normal Epithelial cells
PDACNP_2_CCTGGCTAGACCCGCC-1	IU_PDA_NP2	Normal Pancreas	CC10	Normal Epithelial cells
PDACNP_2_CCTGGTCGAATGTGGG-1	IU_PDA_NP2	Normal Pancreas	CC10	Normal Epithelial cells
PDACNP_2_CCTGTAAGACATGATA-1	IU_PDA_NP2	Normal Pancreas	CC10	Normal Epithelial cells
PDACNP_2_CCTGTACTCACGCCCA-1	IU_PDA_NP2	Normal Pancreas	CC10	Normal Epithelial cells
PDACNP_2_CCTGTCACCCGGGCTC-1	IU_PDA_NP2	Normal Pancreas	CC10	Normal Epithelial cells
PDACNP_2_CCTGTCCCTCACGTTA-1	IU_PDA_NP2	Normal Pancreas	CC10	Normal Epithelial cells
PDACNP_2_CCTGTCGCCCGTAAAT-1	IU_PDA_NP2	Normal Pancreas	CC10	Normal Epithelial cells
PDACNP_2_CCTGTGCATAGGAGAC-1	IU_PDA_NP2	Normal Pancreas	CC10	Normal Epithelial cells
PDACNP_2_CCTGTTTGAAGACACG-1	IU_PDA_NP2	Normal Pancreas	CC10	Normal Epithelial cells
PDACNP_2_CCTTCTTGATCCAGTG-1	IU_PDA_NP2	Normal Pancreas	CC10	Normal Epithelial cells
PDACNP_2_CCTTGACCACTTTATT-1	IU_PDA_NP2	Normal Pancreas	CC10	Normal Epithelial cells
PDACNP_2_CCTTTAAGGGAGCACT-1	IU_PDA_NP2	Normal Pancreas	CC10	Normal Epithelial cells
PDACNP_2_CCTTTCAATGAAGAAA-1	IU_PDA_NP2	Normal Pancreas	CC10	Normal Epithelial cells
PDACNP_2_CGAAACATAGATGGCA-1	IU_PDA_NP2	Normal Pancreas	CC10	Normal Epithelial cells
PDACNP_2_CGAAACGCAATTCATG-1	IU_PDA_NP2	Normal Pancreas	CC10	Normal Epithelial cells
PDACNP_2_CGAACAGTATGGGCGT-1	IU_PDA_NP2	Normal Pancreas	CC10	Normal Epithelial cells
PDACNP_2_CGAACCCGCATGCGTC-1	IU_PDA_NP2	Normal Pancreas	CC10	Normal Epithelial cells
PDACNP_2_CGAACGCCCAGTGCCG-1	IU_PDA_NP2	Normal Pancreas	CC10	Normal Epithelial cells
PDACNP_2_CGAAGCTATAAATTCA-1	IU_PDA_NP2	Normal Pancreas	CC10	Normal Epithelial cells
PDACNP_2_CGAAGTTGCTCTGTGT-1	IU_PDA_NP2	Normal Pancreas	CC10	Normal Epithelial cells
PDACNP_2_CGAATGACGCATAATG-1	IU_PDA_NP2	Normal Pancreas	CC10	Normal Epithelial cells
PDACNP_2_CGACACGCTCCGACAG-1	IU_PDA_NP2	Normal Pancreas	CC10	Normal Epithelial cells
PDACNP_2_CGACAGTTCGCGTTAT-1	IU_PDA_NP2	Normal Pancreas	CC10	Normal Epithelial cells
PDACNP_2_CGACATGCGATCTTCT-1	IU_PDA_NP2	Normal Pancreas	CC10	Normal Epithelial cells
PDACNP_2_CGACTCAGGATGTTAT-1	IU_PDA_NP2	Normal Pancreas	CC10	Normal Epithelial cells
PDACNP_2_CGACTTTGTATAGCCT-1	IU_PDA_NP2	Normal Pancreas	CC10	Normal Epithelial cells
PDACNP_2_CGAGACTACTGCTGCT-1	IU_PDA_NP2	Normal Pancreas	CC10	Normal Epithelial cells
PDACNP_2_CGAGAGATGTGAACCT-1	IU_PDA_NP2	Normal Pancreas	CC10	Normal Epithelial cells
PDACNP_2_CGAGAGCTTTCACTAC-1	IU_PDA_NP2	Normal Pancreas	CC10	Normal Epithelial cells
PDACNP_2_CGAGAGGGTAGCCGCG-1	IU_PDA_NP2	Normal Pancreas	CC10	Normal Epithelial cells
PDACNP_2_CGAGATGTTGCCTATA-1	IU_PDA_NP2	Normal Pancreas	CC10	Normal Epithelial cells
PDACNP_2_CGAGATTTCGCTCGGG-1	IU_PDA_NP2	Normal Pancreas	CC10	Normal Epithelial cells
PDACNP_2_CGAGCACTTCAAGTTT-1	IU_PDA_NP2	Normal Pancreas	CC10	Normal Epithelial cells
PDACNP_2_CGAGCCGAGCACTCGA-1	IU_PDA_NP2	Normal Pancreas	CC10	Normal Epithelial cells
PDACNP_2_CGAGCGTTGATCAGCC-1	IU_PDA_NP2	Normal Pancreas	CC10	Normal Epithelial cells
PDACNP_2_CGAGCTGGGCTTTAGG-1	IU_PDA_NP2	Normal Pancreas	CC10	Normal Epithelial cells
PDACNP_2_CGAGGAGCTTCCATAT-1	IU_PDA_NP2	Normal Pancreas	CC10	Normal Epithelial cells
PDACNP_2_CGAGGATCGGGAACGA-1	IU_PDA_NP2	Normal Pancreas	CC10	Normal Epithelial cells
PDACNP_2_CGAGGCCAGGCATTGG-1	IU_PDA_NP2	Normal Pancreas	CC10	Normal Epithelial cells
PDACNP_2_CGAGGCTAAATATGGC-1	IU_PDA_NP2	Normal Pancreas	CC10	Normal Epithelial cells
PDACNP_2_CGAGGGACTGCGGTCG-1	IU_PDA_NP2	Normal Pancreas	CC10	Normal Epithelial cells
PDACNP_2_CGAGGGTATCCAGGTG-1	IU_PDA_NP2	Normal Pancreas	CC10	Normal Epithelial cells
PDACNP_2_CGAGTACTAAAGAGGA-1	IU_PDA_NP2	Normal Pancreas	CC10	Normal Epithelial cells
PDACNP_2_CGAGTGCTATAGTTCG-1	IU_PDA_NP2	Normal Pancreas	CC10	Normal Epithelial cells
PDACNP_2_CGAGTTCTGTCCCACC-1	IU_PDA_NP2	Normal Pancreas	CC10	Normal Epithelial cells
PDACNP_2_CGAGTTTATCGGACTG-1	IU_PDA_NP2	Normal Pancreas	CC10	Normal Epithelial cells
PDACNP_2_CGATAATACTCAGGTT-1	IU_PDA_NP2	Normal Pancreas	CC10	Normal Epithelial cells
PDACNP_2_CGATACCTCGCGGACA-1	IU_PDA_NP2	Normal Pancreas	CC10	Normal Epithelial cells
PDACNP_2_CGATAGTCGTACTGCA-1	IU_PDA_NP2	Normal Pancreas	CC10	Normal Epithelial cells
PDACNP_2_CGATATTAGCCGCAGG-1	IU_PDA_NP2	Normal Pancreas	CC10	Normal Epithelial cells
PDACNP_2_CGATCCGACCCAGTGC-1	IU_PDA_NP2	Normal Pancreas	CC10	Hepatocytes
PDACNP_2_CGATGGACCCTACGCC-1	IU_PDA_NP2	Normal Pancreas	CC10	Normal Epithelial cells
PDACNP_2_CGATTAAATATCTCCT-1	IU_PDA_NP2	Normal Pancreas	CC10	Normal Epithelial cells
PDACNP_2_CGATTCGCCTGGCTGC-1	IU_PDA_NP2	Normal Pancreas	CC10	Normal Epithelial cells
PDACNP_2_CGCAAACACGAGTTAC-1	IU_PDA_NP2	Normal Pancreas	CC10	Normal Epithelial cells
PDACNP_2_CGCAATTACTTTCGGT-1	IU_PDA_NP2	Normal Pancreas	CC10	Normal Epithelial cells
PDACNP_2_CGCAATTAGGGTAATA-1	IU_PDA_NP2	Normal Pancreas	CC10	Normal Epithelial cells
PDACNP_2_CGCAATTCTACAATAA-1	IU_PDA_NP2	Normal Pancreas	CC10	Normal Epithelial cells
PDACNP_2_CGCACGTGCGCTATCA-1	IU_PDA_NP2	Normal Pancreas	CC10	Normal Epithelial cells
PDACNP_2_CGCAGAAACATTTGCG-1	IU_PDA_NP2	Normal Pancreas	CC10	Normal Epithelial cells
PDACNP_2_CGCAGATCTTCACCCG-1	IU_PDA_NP2	Normal Pancreas	CC10	Normal Epithelial cells
PDACNP_2_CGCAGGCGATCCAAAC-1	IU_PDA_NP2	Normal Pancreas	CC10	Normal Epithelial cells
PDACNP_2_CGCATCATGGCTTCAG-1	IU_PDA_NP2	Normal Pancreas	CC10	Normal Epithelial cells
PDACNP_2_CGCATCCATCAGCCAG-1	IU_PDA_NP2	Normal Pancreas	CC10	Normal Epithelial cells
PDACNP_2_CGCATGCCGAATGCGT-1	IU_PDA_NP2	Normal Pancreas	CC10	Normal Epithelial cells
PDACNP_2_CGCATGGTGCGATGCT-1	IU_PDA_NP2	Normal Pancreas	CC10	Normal Epithelial cells
PDACNP_2_CGCATTAGCTAATAGG-1	IU_PDA_NP2	Normal Pancreas	CC10	Normal Epithelial cells
PDACNP_2_CGCCAAGAAGCCGAGT-1	IU_PDA_NP2	Normal Pancreas	CC10	Hepatocytes
PDACNP_2_CGCCAATTATTGCGTT-1	IU_PDA_NP2	Normal Pancreas	CC10	Normal Epithelial cells
PDACNP_2_CGCCACCCGCATTAAC-1	IU_PDA_NP2	Normal Pancreas	CC10	Normal Epithelial cells
PDACNP_2_CGCCATCCGATTATGA-1	IU_PDA_NP2	Normal Pancreas	CC10	Normal Epithelial cells
PDACNP_2_CGCCCAGCACGCCTAG-1	IU_PDA_NP2	Normal Pancreas	CC10	Normal Epithelial cells
PDACNP_2_CGCCCAGCGTTTCACG-1	IU_PDA_NP2	Normal Pancreas	CC10	Normal Epithelial cells
PDACNP_2_CGCCCTTGAAGGCTGA-1	IU_PDA_NP2	Normal Pancreas	CC10	Normal Epithelial cells
PDACNP_2_CGCCGACTATTCGCTA-1	IU_PDA_NP2	Normal Pancreas	CC10	Normal Epithelial cells
PDACNP_2_CGCCGCCCATGCCTGT-1	IU_PDA_NP2	Normal Pancreas	CC10	Normal Epithelial cells
PDACNP_2_CGCCGTCTACCCATCG-1	IU_PDA_NP2	Normal Pancreas	CC10	Normal Epithelial cells
PDACNP_2_CGCCGTTCAGCATAGT-1	IU_PDA_NP2	Normal Pancreas	CC10	Normal Epithelial cells
PDACNP_2_CGCCTCCCTCCTCTAT-1	IU_PDA_NP2	Normal Pancreas	CC10	Normal Epithelial cells
PDACNP_2_CGCCTGGCCTACGTAA-1	IU_PDA_NP2	Normal Pancreas	CC10	Normal Epithelial cells
PDACNP_2_CGCCTTTAGCATGCTC-1	IU_PDA_NP2	Normal Pancreas	CC10	Normal Epithelial cells
PDACNP_2_CGCGAAGTGGCATACT-1	IU_PDA_NP2	Normal Pancreas	CC10	Normal Epithelial cells
PDACNP_2_CGCGACACTGCGCAGC-1	IU_PDA_NP2	Normal Pancreas	CC10	Normal Epithelial cells
PDACNP_2_CGCGACCGCGACAGAT-1	IU_PDA_NP2	Normal Pancreas	CC10	Normal Epithelial cells
PDACNP_2_CGCGAGAGGGACTTGT-1	IU_PDA_NP2	Normal Pancreas	CC10	Normal Epithelial cells
PDACNP_2_CGCGCAAGGAACTACA-1	IU_PDA_NP2	Normal Pancreas	CC10	Normal Epithelial cells
PDACNP_2_CGCGCATGTTTGATTG-1	IU_PDA_NP2	Normal Pancreas	CC10	Normal Epithelial cells
PDACNP_2_CGCGCCCGACTTAATA-1	IU_PDA_NP2	Normal Pancreas	CC10	Normal Epithelial cells
PDACNP_2_CGCGGCAGTATTACGG-1	IU_PDA_NP2	Normal Pancreas	CC10	Normal Epithelial cells
PDACNP_2_CGCGGGAATTAGGCAG-1	IU_PDA_NP2	Normal Pancreas	CC10	Normal Epithelial cells
PDACNP_2_CGCGGGAATTCCTTTC-1	IU_PDA_NP2	Normal Pancreas	CC10	Normal Epithelial cells
PDACNP_2_CGCGGTAAGTCTAGCT-1	IU_PDA_NP2	Normal Pancreas	CC10	Normal Epithelial cells
PDACNP_2_CGCGGTCACAAACCAA-1	IU_PDA_NP2	Normal Pancreas	CC10	Normal Epithelial cells
PDACNP_2_CGCGTGCTATCAACGA-1	IU_PDA_NP2	Normal Pancreas	CC10	Normal Epithelial cells
PDACNP_2_CGCGTTCATGAAATAC-1	IU_PDA_NP2	Normal Pancreas	CC10	Normal Epithelial cells
PDACNP_2_CGCTACCGCCCTATGA-1	IU_PDA_NP2	Normal Pancreas	CC10	Normal Epithelial cells
PDACNP_2_CGCTACGGGACATTTA-1	IU_PDA_NP2	Normal Pancreas	CC10	Normal Epithelial cells
PDACNP_2_CGCTAGAGACCGCTGC-1	IU_PDA_NP2	Normal Pancreas	CC10	Normal Epithelial cells
PDACNP_2_CGCTATACCGCCCACT-1	IU_PDA_NP2	Normal Pancreas	CC10	Normal Epithelial cells
PDACNP_2_CGCTATTCAATGTATG-1	IU_PDA_NP2	Normal Pancreas	CC10	Normal Epithelial cells
PDACNP_2_CGCTATTCTTAGGCTC-1	IU_PDA_NP2	Normal Pancreas	CC10	Normal Epithelial cells
PDACNP_2_CGCTCTCCGTAGATTA-1	IU_PDA_NP2	Normal Pancreas	CC10	Normal Epithelial cells
PDACNP_2_CGCTGAGGACGTCCAA-1	IU_PDA_NP2	Normal Pancreas	CC10	Normal Epithelial cells
PDACNP_2_CGCTGGTGACTACCCT-1	IU_PDA_NP2	Normal Pancreas	CC10	Normal Epithelial cells
PDACNP_2_CGCTGTGACGCCGCAC-1	IU_PDA_NP2	Normal Pancreas	CC10	Normal Epithelial cells
PDACNP_2_CGCTTATTCCCGGTCG-1	IU_PDA_NP2	Normal Pancreas	CC10	Normal Epithelial cells
PDACNP_2_CGCTTCGGTCTAAGAC-1	IU_PDA_NP2	Normal Pancreas	CC10	Normal Epithelial cells
PDACNP_2_CGCTTTCATACCGGTG-1	IU_PDA_NP2	Normal Pancreas	CC10	Normal Epithelial cells
PDACNP_2_CGCTTTCTTGCATTCG-1	IU_PDA_NP2	Normal Pancreas	CC10	Normal Epithelial cells
PDACNP_2_CGGAAAGAATCAAACG-1	IU_PDA_NP2	Normal Pancreas	CC10	Normal Epithelial cells
PDACNP_2_CGGAAAGCAAATGTGC-1	IU_PDA_NP2	Normal Pancreas	CC10	Normal Epithelial cells
PDACNP_2_CGGAACGTAAACATAG-1	IU_PDA_NP2	Normal Pancreas	CC10	Normal Epithelial cells
PDACNP_2_CGGACCTTTACGTCCC-1	IU_PDA_NP2	Normal Pancreas	CC10	Normal Epithelial cells
PDACNP_2_CGGAGCAATTTAATCG-1	IU_PDA_NP2	Normal Pancreas	CC10	Normal Epithelial cells
PDACNP_2_CGGAGCATGGCGATCC-1	IU_PDA_NP2	Normal Pancreas	CC10	Normal Epithelial cells
PDACNP_2_CGGAGCTTATAACACC-1	IU_PDA_NP2	Normal Pancreas	CC10	Normal Epithelial cells
PDACNP_2_CGGAGTTTGAGAGACA-1	IU_PDA_NP2	Normal Pancreas	CC10	Normal Epithelial cells
PDACNP_2_CGGATAAGCGGACATG-1	IU_PDA_NP2	Normal Pancreas	CC10	Normal Epithelial cells
PDACNP_2_CGGATCCTCAAGGACT-1	IU_PDA_NP2	Normal Pancreas	CC10	Normal Epithelial cells
PDACNP_2_CGGCAAACATCGTGCG-1	IU_PDA_NP2	Normal Pancreas	CC10	Normal Epithelial cells
PDACNP_2_CGGCAATAAGATCGCC-1	IU_PDA_NP2	Normal Pancreas	CC10	Normal Epithelial cells
PDACNP_2_CGGCACCGTTAGCGCC-1	IU_PDA_NP2	Normal Pancreas	CC10	Normal Epithelial cells
PDACNP_2_CGGCACTCAAGAAAGT-1	IU_PDA_NP2	Normal Pancreas	CC10	Normal Epithelial cells
PDACNP_2_CGGCCACGCACAAAGT-1	IU_PDA_NP2	Normal Pancreas	CC10	Normal Epithelial cells
PDACNP_2_CGGCCCAACCTGTAGT-1	IU_PDA_NP2	Normal Pancreas	CC10	Normal Epithelial cells
PDACNP_2_CGGCGCCATCAATCCC-1	IU_PDA_NP2	Normal Pancreas	CC10	Normal Epithelial cells
PDACNP_2_CGGCTCTAAAGCTGCA-1	IU_PDA_NP2	Normal Pancreas	CC10	Normal Epithelial cells
PDACNP_2_CGGCTCTTCGTCGAAC-1	IU_PDA_NP2	Normal Pancreas	CC10	Normal Epithelial cells
PDACNP_2_CGGGAATTTATGTAAA-1	IU_PDA_NP2	Normal Pancreas	CC10	Normal Epithelial cells
PDACNP_2_CGGGAGCTTCAGTGTA-1	IU_PDA_NP2	Normal Pancreas	CC10	Normal Epithelial cells
PDACNP_2_CGGGAGTATACCGCCG-1	IU_PDA_NP2	Normal Pancreas	CC10	Normal Epithelial cells
PDACNP_2_CGGGATCAATGTAAGA-1	IU_PDA_NP2	Normal Pancreas	CC10	Normal Epithelial cells
PDACNP_2_CGGGCAGCTAAACCGC-1	IU_PDA_NP2	Normal Pancreas	CC10	Normal Epithelial cells
PDACNP_2_CGGGCCATAGCCGCAC-1	IU_PDA_NP2	Normal Pancreas	CC10	Normal Epithelial cells
PDACNP_2_CGGGCCTTCTTTGTAA-1	IU_PDA_NP2	Normal Pancreas	CC10	Normal Epithelial cells
PDACNP_2_CGGGCGATGGATCACG-1	IU_PDA_NP2	Normal Pancreas	CC10	Normal Epithelial cells
PDACNP_2_CGGGTGTACCCATTTA-1	IU_PDA_NP2	Normal Pancreas	CC10	Normal Epithelial cells
PDACNP_2_CGGGTTCGGCACGTAT-1	IU_PDA_NP2	Normal Pancreas	CC10	Normal Epithelial cells
PDACNP_2_CGGGTTGTAGCTTTGG-1	IU_PDA_NP2	Normal Pancreas	CC10	Normal Epithelial cells
PDACNP_2_CGGGTTTGTTAGGGCT-1	IU_PDA_NP2	Normal Pancreas	CC10	Normal Epithelial cells
PDACNP_2_CGGTACTAGAATCAAA-1	IU_PDA_NP2	Normal Pancreas	CC10	Normal Epithelial cells
PDACNP_2_CGGTAGAGGTGCAGGT-1	IU_PDA_NP2	Normal Pancreas	CC10	Normal Epithelial cells
PDACNP_2_CGGTATAGGTATTAGC-1	IU_PDA_NP2	Normal Pancreas	CC10	Normal Epithelial cells
PDACNP_2_CGGTCAAGTGGGAACC-1	IU_PDA_NP2	Normal Pancreas	CC10	Normal Epithelial cells
PDACNP_2_CGGTCCATGAGACTCC-1	IU_PDA_NP2	Normal Pancreas	CC10	Normal Epithelial cells
PDACNP_2_CGGTCTATCAACCCGT-1	IU_PDA_NP2	Normal Pancreas	CC10	Normal Epithelial cells
PDACNP_2_CGGTGAAGACTAAAGT-1	IU_PDA_NP2	Normal Pancreas	CC10	Normal Epithelial cells
PDACNP_2_CGGTGCAGATAGAACG-1	IU_PDA_NP2	Normal Pancreas	CC10	Normal Epithelial cells
PDACNP_2_CGGTGGGCTCCAGCCT-1	IU_PDA_NP2	Normal Pancreas	CC10	Normal Epithelial cells
PDACNP_2_CGGTGTACTTGATCCC-1	IU_PDA_NP2	Normal Pancreas	CC10	Normal Epithelial cells
PDACNP_2_CGGTTCAAGTAGGTGT-1	IU_PDA_NP2	Normal Pancreas	CC10	Normal Epithelial cells
PDACNP_2_CGGTTCCGGCTTCTTG-1	IU_PDA_NP2	Normal Pancreas	CC10	Normal Epithelial cells
PDACNP_2_CGGTTGACCTGGCATA-1	IU_PDA_NP2	Normal Pancreas	CC10	Normal Epithelial cells
PDACNP_2_CGGTTGGGCAGGGTCC-1	IU_PDA_NP2	Normal Pancreas	CC10	Normal Epithelial cells
PDACNP_2_CGGTTGGGTTCAAGTT-1	IU_PDA_NP2	Normal Pancreas	CC10	Normal Epithelial cells
PDACNP_2_CGGTTTATGAAGGAAC-1	IU_PDA_NP2	Normal Pancreas	CC10	Normal Epithelial cells
PDACNP_2_CGTAAACGCTTGAGTG-1	IU_PDA_NP2	Normal Pancreas	CC10	Normal Epithelial cells
PDACNP_2_CGTACCGAAAGTCTAG-1	IU_PDA_NP2	Normal Pancreas	CC10	Normal Epithelial cells
PDACNP_2_CGTACCTGATAGGCCT-1	IU_PDA_NP2	Normal Pancreas	CC10	Normal Epithelial cells
PDACNP_2_CGTAGAGAGTAATTAT-1	IU_PDA_NP2	Normal Pancreas	CC10	Normal Epithelial cells
PDACNP_2_CGTAGCGAATTGTCAG-1	IU_PDA_NP2	Normal Pancreas	CC10	Normal Epithelial cells
PDACNP_2_CGTATTAAGAGATCTA-1	IU_PDA_NP2	Normal Pancreas	CC10	Hepatocytes
PDACNP_2_CGTCAAGGCTATAAAT-1	IU_PDA_NP2	Normal Pancreas	CC10	Normal Epithelial cells
PDACNP_2_CGTCAATCTTTAACAT-1	IU_PDA_NP2	Normal Pancreas	CC10	Normal Epithelial cells
PDACNP_2_CGTCACGTCCATTGGT-1	IU_PDA_NP2	Normal Pancreas	CC10	Normal Epithelial cells
PDACNP_2_CGTCAGCTATTTACTC-1	IU_PDA_NP2	Normal Pancreas	CC10	Normal Epithelial cells
PDACNP_2_CGTCAGTGCGCACAAG-1	IU_PDA_NP2	Normal Pancreas	CC10	Normal Epithelial cells
PDACNP_2_CGTCATACCATATCCA-1	IU_PDA_NP2	Normal Pancreas	CC10	Normal Epithelial cells
PDACNP_2_CGTCGCATGTGAGCCA-1	IU_PDA_NP2	Normal Pancreas	CC10	Normal Epithelial cells
PDACNP_2_CGTCGCGGCGGGATTT-1	IU_PDA_NP2	Normal Pancreas	CC10	Normal Epithelial cells
PDACNP_2_CGTCTGGAAGGGCCCG-1	IU_PDA_NP2	Normal Pancreas	CC10	Normal Epithelial cells
PDACNP_2_CGTGAAGTTAATTCAC-1	IU_PDA_NP2	Normal Pancreas	CC10	Normal Epithelial cells
PDACNP_2_CGTGACATTGGGTCGT-1	IU_PDA_NP2	Normal Pancreas	CC10	Normal Epithelial cells
PDACNP_2_CGTGACCAGTCCTCTG-1	IU_PDA_NP2	Normal Pancreas	CC10	Normal Epithelial cells
PDACNP_2_CGTGCACACCACTGTA-1	IU_PDA_NP2	Normal Pancreas	CC10	Normal Epithelial cells
PDACNP_2_CGTGCAGACTGGGACA-1	IU_PDA_NP2	Normal Pancreas	CC10	Normal Epithelial cells
PDACNP_2_CGTGCATTGTCGACGC-1	IU_PDA_NP2	Normal Pancreas	CC10	Normal Epithelial cells
PDACNP_2_CGTGCCCTCCCGAAGA-1	IU_PDA_NP2	Normal Pancreas	CC10	Normal Epithelial cells
PDACNP_2_CGTGGAAGCCTCGTAC-1	IU_PDA_NP2	Normal Pancreas	CC10	Normal Epithelial cells
PDACNP_2_CGTGTATGGGAGCTGA-1	IU_PDA_NP2	Normal Pancreas	CC10	Normal Epithelial cells
PDACNP_2_CGTGTCCCATTCGCGA-1	IU_PDA_NP2	Normal Pancreas	CC10	Normal Epithelial cells
PDACNP_2_CGTGTGTTAAACCCTG-1	IU_PDA_NP2	Normal Pancreas	CC10	Normal Epithelial cells
PDACNP_2_CGTTAAACTAGTTAGG-1	IU_PDA_NP2	Normal Pancreas	CC10	Normal Epithelial cells
PDACNP_2_CGTTAATGTCCCGACG-1	IU_PDA_NP2	Normal Pancreas	CC10	Normal Epithelial cells
PDACNP_2_CGTTAGCTCACAACTG-1	IU_PDA_NP2	Normal Pancreas	CC10	Normal Epithelial cells
PDACNP_2_CGTTCAGACCCGCGAA-1	IU_PDA_NP2	Normal Pancreas	CC10	Normal Epithelial cells
PDACNP_2_CGTTCTTCGCACACCT-1	IU_PDA_NP2	Normal Pancreas	CC10	Normal Epithelial cells
PDACNP_2_CGTTGAGCGACCGTCG-1	IU_PDA_NP2	Normal Pancreas	CC10	Normal Epithelial cells
PDACNP_2_CGTTGAGTAATTGCGT-1	IU_PDA_NP2	Normal Pancreas	CC10	Normal Epithelial cells
PDACNP_2_CGTTGTAAACGTCAGG-1	IU_PDA_NP2	Normal Pancreas	CC10	Normal Epithelial cells
PDACNP_2_CGTTGTAAGATTGATT-1	IU_PDA_NP2	Normal Pancreas	CC10	Normal Epithelial cells
PDACNP_2_CGTTGTCGGCAATTGA-1	IU_PDA_NP2	Normal Pancreas	CC10	Normal Epithelial cells
PDACNP_2_CGTTGTTTCAATTCCC-1	IU_PDA_NP2	Normal Pancreas	CC10	Normal Epithelial cells
PDACNP_2_CGTTTAAGCGGAGCAC-1	IU_PDA_NP2	Normal Pancreas	CC10	Normal Epithelial cells
PDACNP_2_CGTTTACAAGGCAGCT-1	IU_PDA_NP2	Normal Pancreas	CC10	Normal Epithelial cells
PDACNP_2_CGTTTCACTTCGGGCG-1	IU_PDA_NP2	Normal Pancreas	CC10	Normal Epithelial cells
PDACNP_2_CGTTTCGCTCATTACA-1	IU_PDA_NP2	Normal Pancreas	CC10	Normal Epithelial cells
PDACNP_2_CTAAACGGGTGTAATC-1	IU_PDA_NP2	Normal Pancreas	CC10	Normal Epithelial cells
PDACNP_2_CTAAAGAATGCCTACT-1	IU_PDA_NP2	Normal Pancreas	CC10	Normal Epithelial cells
PDACNP_2_CTAAAGGGAAATAGGA-1	IU_PDA_NP2	Normal Pancreas	CC10	Normal Epithelial cells
PDACNP_2_CTAAAGTCCGAAGCTA-1	IU_PDA_NP2	Normal Pancreas	CC10	Normal Epithelial cells
PDACNP_2_CTAAATCCTATTCCGG-1	IU_PDA_NP2	Normal Pancreas	CC10	Normal Epithelial cells
PDACNP_2_CTAACCGCGCGCCCGT-1	IU_PDA_NP2	Normal Pancreas	CC10	Normal Epithelial cells
PDACNP_2_CTAACTGATAATCGCC-1	IU_PDA_NP2	Normal Pancreas	CC10	Normal Epithelial cells
PDACNP_2_CTAAGGGAATGATTGG-1	IU_PDA_NP2	Normal Pancreas	CC10	Normal Epithelial cells
PDACNP_2_CTAAGTACAGGGCTAC-1	IU_PDA_NP2	Normal Pancreas	CC10	Normal Epithelial cells
PDACNP_2_CTAATTCGCACGCGCT-1	IU_PDA_NP2	Normal Pancreas	CC10	Normal Epithelial cells
PDACNP_2_CTAATTCTCAGATATT-1	IU_PDA_NP2	Normal Pancreas	CC10	Normal Epithelial cells
PDACNP_2_CTAATTTCAACAACAC-1	IU_PDA_NP2	Normal Pancreas	CC10	Normal Epithelial cells
PDACNP_2_CTACACTAGCTTGTTC-1	IU_PDA_NP2	Normal Pancreas	CC10	Normal Epithelial cells
PDACNP_2_CTACACTCGCAGATGG-1	IU_PDA_NP2	Normal Pancreas	CC10	Normal Epithelial cells
PDACNP_2_CTACGACTAGCTATAA-1	IU_PDA_NP2	Normal Pancreas	CC10	Hepatocytes
PDACNP_2_CTACGCACGGAGTACC-1	IU_PDA_NP2	Normal Pancreas	CC10	Hepatocytes
PDACNP_2_CTACGCCATTTCCGAT-1	IU_PDA_NP2	Normal Pancreas	CC10	Normal Epithelial cells
PDACNP_2_CTACGTGTTGCCACCA-1	IU_PDA_NP2	Normal Pancreas	CC10	Normal Epithelial cells
PDACNP_2_CTACTCTAGGCCCGGC-1	IU_PDA_NP2	Normal Pancreas	CC10	Normal Epithelial cells
PDACNP_2_CTACTGCCACCTGACC-1	IU_PDA_NP2	Normal Pancreas	CC10	Normal Epithelial cells
PDACNP_2_CTAGACATATATGTAG-1	IU_PDA_NP2	Normal Pancreas	CC10	Normal Epithelial cells
PDACNP_2_CTAGACTGCATTTCGT-1	IU_PDA_NP2	Normal Pancreas	CC10	Normal Epithelial cells
PDACNP_2_CTAGATAAACTCCTCG-1	IU_PDA_NP2	Normal Pancreas	CC10	Normal Epithelial cells
PDACNP_2_CTAGATGTGAGTGTAA-1	IU_PDA_NP2	Normal Pancreas	CC10	Normal Epithelial cells
PDACNP_2_CTAGATTTACGACGGC-1	IU_PDA_NP2	Normal Pancreas	CC10	Normal Epithelial cells
PDACNP_2_CTAGCAACTAATTTAC-1	IU_PDA_NP2	Normal Pancreas	CC10	Normal Epithelial cells
PDACNP_2_CTAGCATAGTATAATG-1	IU_PDA_NP2	Normal Pancreas	CC10	Normal Epithelial cells
PDACNP_2_CTAGCCGATGTTATGA-1	IU_PDA_NP2	Normal Pancreas	CC10	Normal Epithelial cells
PDACNP_2_CTAGCTTAATGGTCCC-1	IU_PDA_NP2	Normal Pancreas	CC10	Normal Epithelial cells
PDACNP_2_CTAGGCGCCCTATCAG-1	IU_PDA_NP2	Normal Pancreas	CC10	Normal Epithelial cells
PDACNP_2_CTAGGCGGCAGAGAAT-1	IU_PDA_NP2	Normal Pancreas	CC10	Normal Epithelial cells
PDACNP_2_CTAGGTTCGGACGTGA-1	IU_PDA_NP2	Normal Pancreas	CC10	Hepatocytes
PDACNP_2_CTAGTAGAAAGGGATT-1	IU_PDA_NP2	Normal Pancreas	CC10	Normal Epithelial cells
PDACNP_2_CTAGTATTCGGAATTA-1	IU_PDA_NP2	Normal Pancreas	CC10	Normal Epithelial cells
PDACNP_2_CTAGTCACGTCTTAAG-1	IU_PDA_NP2	Normal Pancreas	CC10	Normal Epithelial cells
PDACNP_2_CTAGTGAAGGACAGGA-1	IU_PDA_NP2	Normal Pancreas	CC10	Normal Epithelial cells
PDACNP_2_CTAGTTACAACCCGGT-1	IU_PDA_NP2	Normal Pancreas	CC10	Normal Epithelial cells
PDACNP_2_CTAGTTGGGCCCGGTA-1	IU_PDA_NP2	Normal Pancreas	CC10	Normal Epithelial cells
PDACNP_2_CTATAAGAGCCAATCG-1	IU_PDA_NP2	Normal Pancreas	CC10	Normal Epithelial cells
PDACNP_2_CTATCGACGAAATACA-1	IU_PDA_NP2	Normal Pancreas	CC10	Normal Epithelial cells
PDACNP_2_CTATCGGGTCTCAACA-1	IU_PDA_NP2	Normal Pancreas	CC10	Normal Epithelial cells
PDACNP_2_CTATGCCCGAATGCAA-1	IU_PDA_NP2	Normal Pancreas	CC10	Normal Epithelial cells
PDACNP_2_CTATGGGAAGCGGAAT-1	IU_PDA_NP2	Normal Pancreas	CC10	Normal Epithelial cells
PDACNP_2_CTATGTCACTAGCCCA-1	IU_PDA_NP2	Normal Pancreas	CC10	Normal Epithelial cells
PDACNP_2_CTATTCATGTGTCCCA-1	IU_PDA_NP2	Normal Pancreas	CC10	Normal Epithelial cells
PDACNP_2_CTATTGTGTTTGGTCA-1	IU_PDA_NP2	Normal Pancreas	CC10	Normal Epithelial cells
PDACNP_2_CTCAACTAACCCGGAT-1	IU_PDA_NP2	Normal Pancreas	CC10	Normal Epithelial cells
PDACNP_2_CTCAAGACATTAGCGC-1	IU_PDA_NP2	Normal Pancreas	CC10	Normal Epithelial cells
PDACNP_2_CTCACATTTACTAAAT-1	IU_PDA_NP2	Normal Pancreas	CC10	Normal Epithelial cells
PDACNP_2_CTCACTGTGATACTTA-1	IU_PDA_NP2	Normal Pancreas	CC10	Normal Epithelial cells
PDACNP_2_CTCACTTGGCTGGTAA-1	IU_PDA_NP2	Normal Pancreas	CC10	Hepatocytes
PDACNP_2_CTCAGGACTCACCTGT-1	IU_PDA_NP2	Normal Pancreas	CC10	Normal Epithelial cells
PDACNP_2_CTCAGTCACGACAAAT-1	IU_PDA_NP2	Normal Pancreas	CC10	Normal Epithelial cells
PDACNP_2_CTCATGGCTCACAATC-1	IU_PDA_NP2	Normal Pancreas	CC10	Normal Epithelial cells
PDACNP_2_CTCATTGCTCTAACAA-1	IU_PDA_NP2	Normal Pancreas	CC10	Normal Epithelial cells
PDACNP_2_CTCCCAATGAGTCGCG-1	IU_PDA_NP2	Normal Pancreas	CC10	Normal Epithelial cells
PDACNP_2_CTCCGCCCACATGAGG-1	IU_PDA_NP2	Normal Pancreas	CC10	Normal Epithelial cells
PDACNP_2_CTCCGGCCTAATATGC-1	IU_PDA_NP2	Normal Pancreas	CC10	Normal Epithelial cells
PDACNP_2_CTCCGGCTTGTAGACA-1	IU_PDA_NP2	Normal Pancreas	CC10	Normal Epithelial cells
PDACNP_2_CTCCTAAGTTATGTCT-1	IU_PDA_NP2	Normal Pancreas	CC10	Normal Epithelial cells
PDACNP_2_CTCCTCCAGCTCACAC-1	IU_PDA_NP2	Normal Pancreas	CC10	Normal Epithelial cells
PDACNP_2_CTCCTTTACGCAAGTC-1	IU_PDA_NP2	Normal Pancreas	CC10	Normal Epithelial cells
PDACNP_2_CTCGAATGGAACGTAT-1	IU_PDA_NP2	Normal Pancreas	CC10	Normal Epithelial cells
PDACNP_2_CTCGAGATCCAAAGCA-1	IU_PDA_NP2	Normal Pancreas	CC10	Normal Epithelial cells
PDACNP_2_CTCGAGGTCGAACAGT-1	IU_PDA_NP2	Normal Pancreas	CC10	Normal Epithelial cells
PDACNP_2_CTCGATATTTGCGAGC-1	IU_PDA_NP2	Normal Pancreas	CC10	Normal Epithelial cells
PDACNP_2_CTCGCACCTATATAGT-1	IU_PDA_NP2	Normal Pancreas	CC10	Normal Epithelial cells
PDACNP_2_CTCGCCGAATGTAGGG-1	IU_PDA_NP2	Normal Pancreas	CC10	Normal Epithelial cells
PDACNP_2_CTCGCTAGGTAAGCGA-1	IU_PDA_NP2	Normal Pancreas	CC10	Normal Epithelial cells
PDACNP_2_CTCGGGATAACACCTA-1	IU_PDA_NP2	Normal Pancreas	CC10	Normal Epithelial cells
PDACNP_2_CTCGGTACCACTGCTC-1	IU_PDA_NP2	Normal Pancreas	CC10	Normal Epithelial cells
PDACNP_2_CTCGGTCCGTAGCCTG-1	IU_PDA_NP2	Normal Pancreas	CC10	Normal Epithelial cells
PDACNP_2_CTCGTCTGTGCCTTCG-1	IU_PDA_NP2	Normal Pancreas	CC10	Normal Epithelial cells
PDACNP_2_CTCGTTTCTAATGTTT-1	IU_PDA_NP2	Normal Pancreas	CC10	Normal Epithelial cells
PDACNP_2_CTCTAATGCATTGATC-1	IU_PDA_NP2	Normal Pancreas	CC10	Normal Epithelial cells
PDACNP_2_CTCTAGCCCTCGGAAA-1	IU_PDA_NP2	Normal Pancreas	CC10	Normal Epithelial cells
PDACNP_2_CTCTCACAATCGATGA-1	IU_PDA_NP2	Normal Pancreas	CC10	Normal Epithelial cells
PDACNP_2_CTCTCGCTGTACTATG-1	IU_PDA_NP2	Normal Pancreas	CC10	Normal Epithelial cells
PDACNP_2_CTCTGCGAAGCAAGCA-1	IU_PDA_NP2	Normal Pancreas	CC10	Normal Epithelial cells
PDACNP_2_CTCTGGACGCCTGGTG-1	IU_PDA_NP2	Normal Pancreas	CC10	Normal Epithelial cells
PDACNP_2_CTCTGTTTGAGGATTC-1	IU_PDA_NP2	Normal Pancreas	CC10	Normal Epithelial cells
PDACNP_2_CTCTTCTATTGACTGG-1	IU_PDA_NP2	Normal Pancreas	CC10	Normal Epithelial cells
PDACNP_2_CTCTTGTCCCGCTTGG-1	IU_PDA_NP2	Normal Pancreas	CC10	Normal Epithelial cells
PDACNP_2_CTGAAAGAGATCCGAC-1	IU_PDA_NP2	Normal Pancreas	CC10	Normal Epithelial cells
PDACNP_2_CTGAATCCGAGACCTC-1	IU_PDA_NP2	Normal Pancreas	CC10	Normal Epithelial cells
PDACNP_2_CTGAATTTATTGCCAG-1	IU_PDA_NP2	Normal Pancreas	CC10	Normal Epithelial cells
PDACNP_2_CTGACATAGAAATAGA-1	IU_PDA_NP2	Normal Pancreas	CC10	Normal Epithelial cells
PDACNP_2_CTGAGAAAGTTCGGCG-1	IU_PDA_NP2	Normal Pancreas	CC10	Normal Epithelial cells
PDACNP_2_CTGAGCAAGTAACAAG-1	IU_PDA_NP2	Normal Pancreas	CC10	Normal Epithelial cells
PDACNP_2_CTGATAGTGTATCTCA-1	IU_PDA_NP2	Normal Pancreas	CC10	Normal Epithelial cells
PDACNP_2_CTGCAAGCACGTTCCG-1	IU_PDA_NP2	Normal Pancreas	CC10	Normal Epithelial cells
PDACNP_2_CTGCACAACTACATAT-1	IU_PDA_NP2	Normal Pancreas	CC10	Normal Epithelial cells
PDACNP_2_CTGCACCTAGTCCACA-1	IU_PDA_NP2	Normal Pancreas	CC10	Normal Epithelial cells
PDACNP_2_CTGCACCTGGAACCGC-1	IU_PDA_NP2	Normal Pancreas	CC10	Normal Epithelial cells
PDACNP_2_CTGCACTCCAGTACAG-1	IU_PDA_NP2	Normal Pancreas	CC10	Normal Epithelial cells
PDACNP_2_CTGCAGAGAATCAGAG-1	IU_PDA_NP2	Normal Pancreas	CC10	Normal Epithelial cells
PDACNP_2_CTGCCAAGGTTGGAAG-1	IU_PDA_NP2	Normal Pancreas	CC10	Normal Epithelial cells
PDACNP_2_CTGCCATGCATCACAT-1	IU_PDA_NP2	Normal Pancreas	CC10	Normal Epithelial cells
PDACNP_2_CTGCCCACGAAGCGTT-1	IU_PDA_NP2	Normal Pancreas	CC10	Normal Epithelial cells
PDACNP_2_CTGCCTAGCCACCAAG-1	IU_PDA_NP2	Normal Pancreas	CC10	Normal Epithelial cells
PDACNP_2_CTGCCTCATATGCAAC-1	IU_PDA_NP2	Normal Pancreas	CC10	Normal Epithelial cells
PDACNP_2_CTGCCTTTCTAGTAAA-1	IU_PDA_NP2	Normal Pancreas	CC10	Normal Epithelial cells
PDACNP_2_CTGCGACCTCGCCGAA-1	IU_PDA_NP2	Normal Pancreas	CC10	Normal Epithelial cells
PDACNP_2_CTGCGGGTGAAATGTT-1	IU_PDA_NP2	Normal Pancreas	CC10	Normal Epithelial cells
PDACNP_2_CTGCGGTAGTCACGTG-1	IU_PDA_NP2	Normal Pancreas	CC10	Normal Epithelial cells
PDACNP_2_CTGCGTTACGATATAA-1	IU_PDA_NP2	Normal Pancreas	CC10	Normal Epithelial cells
PDACNP_2_CTGCTGAGGCCACGAA-1	IU_PDA_NP2	Normal Pancreas	CC10	Normal Epithelial cells
PDACNP_2_CTGCTGTCTAACGAGC-1	IU_PDA_NP2	Normal Pancreas	CC10	Normal Epithelial cells
PDACNP_2_CTGCTTGGCGATAGCT-1	IU_PDA_NP2	Normal Pancreas	CC10	Normal Epithelial cells
PDACNP_2_CTGCTTTATGTCCGCG-1	IU_PDA_NP2	Normal Pancreas	CC10	Normal Epithelial cells
PDACNP_2_CTGGAAATGGATGCTT-1	IU_PDA_NP2	Normal Pancreas	CC10	Hepatocytes
PDACNP_2_CTGGATTTACACTTGA-1	IU_PDA_NP2	Normal Pancreas	CC10	Normal Epithelial cells
PDACNP_2_CTGGCGACATAAGTCC-1	IU_PDA_NP2	Normal Pancreas	CC10	Normal Epithelial cells
PDACNP_2_CTGGCGCACAGGTCTG-1	IU_PDA_NP2	Normal Pancreas	CC10	Normal Epithelial cells
PDACNP_2_CTGGCGGGAATAAGTA-1	IU_PDA_NP2	Normal Pancreas	CC10	Normal Epithelial cells
PDACNP_2_CTGGCTCCTGCGGGAT-1	IU_PDA_NP2	Normal Pancreas	CC10	Normal Epithelial cells
PDACNP_2_CTGGCTGCTAACGTAA-1	IU_PDA_NP2	Normal Pancreas	CC10	Normal Epithelial cells
PDACNP_2_CTGGCTGGTTGTCAGT-1	IU_PDA_NP2	Normal Pancreas	CC10	Normal Epithelial cells
PDACNP_2_CTGGGATAAATAATGG-1	IU_PDA_NP2	Normal Pancreas	CC10	Normal Epithelial cells
PDACNP_2_CTGGGATACGCTACCC-1	IU_PDA_NP2	Normal Pancreas	CC10	Normal Epithelial cells
PDACNP_2_CTGGGCCTGCTATATC-1	IU_PDA_NP2	Normal Pancreas	CC10	Normal Epithelial cells
PDACNP_2_CTGGGCTATCCTTTGG-1	IU_PDA_NP2	Normal Pancreas	CC10	Normal Epithelial cells
PDACNP_2_CTGGGTAGGCAGTTAA-1	IU_PDA_NP2	Normal Pancreas	CC10	Normal Epithelial cells
PDACNP_2_CTGGTAAAGACTTACA-1	IU_PDA_NP2	Normal Pancreas	CC10	Normal Epithelial cells
PDACNP_2_CTGGTCATTCCAATCC-1	IU_PDA_NP2	Normal Pancreas	CC10	Normal Epithelial cells
PDACNP_2_CTGGTTCAACGCATCA-1	IU_PDA_NP2	Normal Pancreas	CC10	Normal Epithelial cells
PDACNP_2_CTGGTTCGCGAGCTAC-1	IU_PDA_NP2	Normal Pancreas	CC10	Normal Epithelial cells
PDACNP_2_CTGGTTTCGAGCAAGA-1	IU_PDA_NP2	Normal Pancreas	CC10	Normal Epithelial cells
PDACNP_2_CTGTACTTCTTAGCAT-1	IU_PDA_NP2	Normal Pancreas	CC10	Normal Epithelial cells
PDACNP_2_CTGTAGCCATCTCACT-1	IU_PDA_NP2	Normal Pancreas	CC10	Normal Epithelial cells
PDACNP_2_CTGTATGGTGTAGAAA-1	IU_PDA_NP2	Normal Pancreas	CC10	Normal Epithelial cells
PDACNP_2_CTGTCAAATGGCTCGG-1	IU_PDA_NP2	Normal Pancreas	CC10	Normal Epithelial cells
PDACNP_2_CTGTCACGCCAGGCGC-1	IU_PDA_NP2	Normal Pancreas	CC10	Hepatocytes
PDACNP_2_CTGTGCAGGGTAGGTC-1	IU_PDA_NP2	Normal Pancreas	CC10	Normal Epithelial cells
PDACNP_2_CTGTGGTCGGGAGATA-1	IU_PDA_NP2	Normal Pancreas	CC10	Normal Epithelial cells
PDACNP_2_CTGTTACCCAATCTAG-1	IU_PDA_NP2	Normal Pancreas	CC10	Normal Epithelial cells
PDACNP_2_CTGTTCACTGCCTGTG-1	IU_PDA_NP2	Normal Pancreas	CC10	Normal Epithelial cells
PDACNP_2_CTGTTCATCTCACGGG-1	IU_PDA_NP2	Normal Pancreas	CC10	Normal Epithelial cells
PDACNP_2_CTTAAATAAGACCCAT-1	IU_PDA_NP2	Normal Pancreas	CC10	Normal Epithelial cells
PDACNP_2_CTTAACTTCGAAGTAC-1	IU_PDA_NP2	Normal Pancreas	CC10	Normal Epithelial cells
PDACNP_2_CTTACACGGTATTCCA-1	IU_PDA_NP2	Normal Pancreas	CC10	Normal Epithelial cells
PDACNP_2_CTTACACTGGGAAATA-1	IU_PDA_NP2	Normal Pancreas	CC10	Normal Epithelial cells
PDACNP_2_CTTAGCCCGGATAGTG-1	IU_PDA_NP2	Normal Pancreas	CC10	Normal Epithelial cells
PDACNP_2_CTTAGCCTTCCACATG-1	IU_PDA_NP2	Normal Pancreas	CC10	Normal Epithelial cells
PDACNP_2_CTTAGTAGGCCTACAG-1	IU_PDA_NP2	Normal Pancreas	CC10	Normal Epithelial cells
PDACNP_2_CTTAGTGTAGTAGCAT-1	IU_PDA_NP2	Normal Pancreas	CC10	Normal Epithelial cells
PDACNP_2_CTTATGTTGACTACCA-1	IU_PDA_NP2	Normal Pancreas	CC10	Normal Epithelial cells
PDACNP_2_CTTCAACTCCACTTGG-1	IU_PDA_NP2	Normal Pancreas	CC10	Normal Epithelial cells
PDACNP_2_CTTCAGTTGGACAACG-1	IU_PDA_NP2	Normal Pancreas	CC10	Normal Epithelial cells
PDACNP_2_CTTCATAGCTCAAGAA-1	IU_PDA_NP2	Normal Pancreas	CC10	Normal Epithelial cells
PDACNP_2_CTTCATTGTCAGTGGA-1	IU_PDA_NP2	Normal Pancreas	CC10	Normal Epithelial cells
PDACNP_2_CTTCCGCTCCGTGAAG-1	IU_PDA_NP2	Normal Pancreas	CC10	Normal Epithelial cells
PDACNP_2_CTTCCTGCATATTTAC-1	IU_PDA_NP2	Normal Pancreas	CC10	Normal Epithelial cells
PDACNP_2_CTTCGATTGCGCAAGC-1	IU_PDA_NP2	Normal Pancreas	CC10	Normal Epithelial cells
PDACNP_2_CTTCGTAGATAGGTGA-1	IU_PDA_NP2	Normal Pancreas	CC10	Hepatocytes
PDACNP_2_CTTCGTGCCCGCATCG-1	IU_PDA_NP2	Normal Pancreas	CC10	Normal Epithelial cells
PDACNP_2_CTTCTATGTTGAAGTA-1	IU_PDA_NP2	Normal Pancreas	CC10	Normal Epithelial cells
PDACNP_2_CTTCTATTAATGCTAG-1	IU_PDA_NP2	Normal Pancreas	CC10	Normal Epithelial cells
PDACNP_2_CTTCTTACGTCGTATA-1	IU_PDA_NP2	Normal Pancreas	CC10	Normal Epithelial cells
PDACNP_2_CTTGAGGTTATCCCGA-1	IU_PDA_NP2	Normal Pancreas	CC10	Normal Epithelial cells
PDACNP_2_CTTGAGTTAGGGTAAT-1	IU_PDA_NP2	Normal Pancreas	CC10	Normal Epithelial cells
PDACNP_2_CTTGATGACCATCCAG-1	IU_PDA_NP2	Normal Pancreas	CC10	Normal Epithelial cells
PDACNP_2_CTTGCAACCGCCTCCT-1	IU_PDA_NP2	Normal Pancreas	CC10	Normal Epithelial cells
PDACNP_2_CTTGCCCACCCACGCA-1	IU_PDA_NP2	Normal Pancreas	CC10	Normal Epithelial cells
PDACNP_2_CTTGGCCAAGCTGGGA-1	IU_PDA_NP2	Normal Pancreas	CC10	Normal Epithelial cells
PDACNP_2_CTTGTACTTGTTGACT-1	IU_PDA_NP2	Normal Pancreas	CC10	Normal Epithelial cells
PDACNP_2_CTTGTCAACATTCGAG-1	IU_PDA_NP2	Normal Pancreas	CC10	Normal Epithelial cells
PDACNP_2_CTTGTCGTACGTGTCA-1	IU_PDA_NP2	Normal Pancreas	CC10	Normal Epithelial cells
PDACNP_2_CTTGTGAGGACAGCGG-1	IU_PDA_NP2	Normal Pancreas	CC10	Normal Epithelial cells
PDACNP_2_CTTGTGAGTCTTTGAC-1	IU_PDA_NP2	Normal Pancreas	CC10	Normal Epithelial cells
PDACNP_2_CTTGTGCTCACCGATT-1	IU_PDA_NP2	Normal Pancreas	CC10	Normal Epithelial cells
PDACNP_2_CTTGTTGCTGAGTCAA-1	IU_PDA_NP2	Normal Pancreas	CC10	Normal Epithelial cells
PDACNP_2_CTTGTTTATGTAGCCA-1	IU_PDA_NP2	Normal Pancreas	CC10	Normal Epithelial cells
PDACNP_2_CTTTAACTTTCAAAGG-1	IU_PDA_NP2	Normal Pancreas	CC10	Normal Epithelial cells
PDACNP_2_CTTTAATATTGGTCGA-1	IU_PDA_NP2	Normal Pancreas	CC10	Hepatocytes
PDACNP_2_CTTTCTGTGCGGGCTT-1	IU_PDA_NP2	Normal Pancreas	CC10	Normal Epithelial cells
PDACNP_2_CTTTGCATCGCTCTTG-1	IU_PDA_NP2	Normal Pancreas	CC10	Normal Epithelial cells
PDACNP_2_CTTTGCTGTCATGGAT-1	IU_PDA_NP2	Normal Pancreas	CC10	Normal Epithelial cells
PDACNP_2_CTTTGGCGCTTTATAC-1	IU_PDA_NP2	Normal Pancreas	CC10	Normal Epithelial cells
PDACNP_2_CTTTGGCTTTAGTAAA-1	IU_PDA_NP2	Normal Pancreas	CC10	Normal Epithelial cells
PDACNP_2_GAAACAGATGACCACC-1	IU_PDA_NP2	Normal Pancreas	CC10	Normal Epithelial cells
PDACNP_2_GAAACAGCCATGCAGT-1	IU_PDA_NP2	Normal Pancreas	CC10	Normal Epithelial cells
PDACNP_2_GAAACCATGGTGCGCT-1	IU_PDA_NP2	Normal Pancreas	CC10	Normal Epithelial cells
PDACNP_2_GAAACCTATACAAATG-1	IU_PDA_NP2	Normal Pancreas	CC10	Normal Epithelial cells
PDACNP_2_GAAACTCGTGCGATGC-1	IU_PDA_NP2	Normal Pancreas	CC10	Normal Epithelial cells
PDACNP_2_GAAACTCTAATGAAGG-1	IU_PDA_NP2	Normal Pancreas	CC10	Normal Epithelial cells
PDACNP_2_GAAAGAACAGCGTTAT-1	IU_PDA_NP2	Normal Pancreas	CC10	Normal Epithelial cells
PDACNP_2_GAAAGCAGTGCACTTT-1	IU_PDA_NP2	Normal Pancreas	CC10	Normal Epithelial cells
PDACNP_2_GAAAGCCCTTTGGACC-1	IU_PDA_NP2	Normal Pancreas	CC10	Normal Epithelial cells
PDACNP_2_GAAAGTGACTAACTGC-1	IU_PDA_NP2	Normal Pancreas	CC10	Normal Epithelial cells
PDACNP_2_GAAATACCTGCTGGCT-1	IU_PDA_NP2	Normal Pancreas	CC10	Normal Epithelial cells
PDACNP_2_GAAATACTAAACGTTT-1	IU_PDA_NP2	Normal Pancreas	CC10	Normal Epithelial cells
PDACNP_2_GAAATATCACCATCAG-1	IU_PDA_NP2	Normal Pancreas	CC10	Hepatocytes
PDACNP_2_GAAATATGCTTGAATG-1	IU_PDA_NP2	Normal Pancreas	CC10	Normal Epithelial cells
PDACNP_2_GAAATCGCGCGCAACT-1	IU_PDA_NP2	Normal Pancreas	CC10	Normal Epithelial cells
PDACNP_2_GAAATGGCGGTGTTAG-1	IU_PDA_NP2	Normal Pancreas	CC10	Normal Epithelial cells
PDACNP_2_GAAATGGGATGTAAAC-1	IU_PDA_NP2	Normal Pancreas	CC10	Normal Epithelial cells
PDACNP_2_GAAATTAGCACGGATA-1	IU_PDA_NP2	Normal Pancreas	CC10	Normal Epithelial cells
PDACNP_2_GAAATTCACATCGCTG-1	IU_PDA_NP2	Normal Pancreas	CC10	Normal Epithelial cells
PDACNP_2_GAAATTGTCTCTATAA-1	IU_PDA_NP2	Normal Pancreas	CC10	Normal Epithelial cells
PDACNP_2_GAACAACTGGGATGAA-1	IU_PDA_NP2	Normal Pancreas	CC10	Normal Epithelial cells
PDACNP_2_GAACACACATCAACCA-1	IU_PDA_NP2	Normal Pancreas	CC10	Normal Epithelial cells
PDACNP_2_GAACAGATTACTAAAT-1	IU_PDA_NP2	Normal Pancreas	CC10	Hepatocytes
PDACNP_2_GAACCCTCTGTGTTCT-1	IU_PDA_NP2	Normal Pancreas	CC10	Normal Epithelial cells
PDACNP_2_GAACCTTTAACGATCC-1	IU_PDA_NP2	Normal Pancreas	CC10	Normal Epithelial cells
PDACNP_2_GAACGACCGAATGATA-1	IU_PDA_NP2	Normal Pancreas	CC10	Normal Epithelial cells
PDACNP_2_GAACGCGGGTCACACG-1	IU_PDA_NP2	Normal Pancreas	CC10	Normal Epithelial cells
PDACNP_2_GAACGGTGTAAAGCAG-1	IU_PDA_NP2	Normal Pancreas	CC10	Normal Epithelial cells
PDACNP_2_GAACGTTAGGAAGACG-1	IU_PDA_NP2	Normal Pancreas	CC10	Normal Epithelial cells
PDACNP_2_GAACTTAGCGCCCGGT-1	IU_PDA_NP2	Normal Pancreas	CC10	Normal Epithelial cells
PDACNP_2_GAAGAACGGTGCAGGT-1	IU_PDA_NP2	Normal Pancreas	CC10	Normal Epithelial cells
PDACNP_2_GAAGCCACTGATTATG-1	IU_PDA_NP2	Normal Pancreas	CC10	Normal Epithelial cells
PDACNP_2_GAAGCCGGGTAAGCTC-1	IU_PDA_NP2	Normal Pancreas	CC10	Normal Epithelial cells
PDACNP_2_GAAGCCTGCACATTCC-1	IU_PDA_NP2	Normal Pancreas	CC10	Normal Epithelial cells
PDACNP_2_GAAGCGTGAGGAATTT-1	IU_PDA_NP2	Normal Pancreas	CC10	Normal Epithelial cells
PDACNP_2_GAAGCTTGCTGACCGC-1	IU_PDA_NP2	Normal Pancreas	CC10	Normal Epithelial cells
PDACNP_2_GAAGGACTAAATTGAA-1	IU_PDA_NP2	Normal Pancreas	CC10	Normal Epithelial cells
PDACNP_2_GAAGGAGTCGAGTGCG-1	IU_PDA_NP2	Normal Pancreas	CC10	Normal Epithelial cells
PDACNP_2_GAAGGCTACCATTGTT-1	IU_PDA_NP2	Normal Pancreas	CC10	Normal Epithelial cells
PDACNP_2_GAAGGGCATAACCATG-1	IU_PDA_NP2	Normal Pancreas	CC10	Normal Epithelial cells
PDACNP_2_GAAGGGTCATTAAGAC-1	IU_PDA_NP2	Normal Pancreas	CC10	Normal Epithelial cells
PDACNP_2_GAAGTCAGTTGCACTA-1	IU_PDA_NP2	Normal Pancreas	CC10	Normal Epithelial cells
PDACNP_2_GAAGTCTCCCTAGCGA-1	IU_PDA_NP2	Normal Pancreas	CC10	Normal Epithelial cells
PDACNP_2_GAAGTGATTTATCGTG-1	IU_PDA_NP2	Normal Pancreas	CC10	Normal Epithelial cells
PDACNP_2_GAAGTGCTGGATAGCT-1	IU_PDA_NP2	Normal Pancreas	CC10	Normal Epithelial cells
PDACNP_2_GAAGTTTCCACTCAAT-1	IU_PDA_NP2	Normal Pancreas	CC10	Normal Epithelial cells
PDACNP_2_GAATAGACGCGACCCA-1	IU_PDA_NP2	Normal Pancreas	CC10	Normal Epithelial cells
PDACNP_2_GAATAGCATTTAGGGT-1	IU_PDA_NP2	Normal Pancreas	CC10	Normal Epithelial cells
PDACNP_2_GAATAGCCCTGCGGTC-1	IU_PDA_NP2	Normal Pancreas	CC10	Normal Epithelial cells
PDACNP_2_GAATATTCGGAGTCCC-1	IU_PDA_NP2	Normal Pancreas	CC10	Normal Epithelial cells
PDACNP_2_GAATCGACATGGTCAC-1	IU_PDA_NP2	Normal Pancreas	CC10	Normal Epithelial cells
PDACNP_2_GAATCGCCGGACACGG-1	IU_PDA_NP2	Normal Pancreas	CC10	Normal Epithelial cells
PDACNP_2_GAATGCCGAAATGACC-1	IU_PDA_NP2	Normal Pancreas	CC10	Normal Epithelial cells
PDACNP_2_GAATGCGAATCGGTTC-1	IU_PDA_NP2	Normal Pancreas	CC10	Normal Epithelial cells
PDACNP_2_GAATGTATGGCAGGTC-1	IU_PDA_NP2	Normal Pancreas	CC10	Normal Epithelial cells
PDACNP_2_GAATGTGGTCCGGATT-1	IU_PDA_NP2	Normal Pancreas	CC10	Normal Epithelial cells
PDACNP_2_GAATGTTGGGTAATCT-1	IU_PDA_NP2	Normal Pancreas	CC10	Normal Epithelial cells
PDACNP_2_GAATTATAGTGAAAGG-1	IU_PDA_NP2	Normal Pancreas	CC10	Normal Epithelial cells
PDACNP_2_GAATTCACCCGGGTGT-1	IU_PDA_NP2	Normal Pancreas	CC10	Normal Epithelial cells
PDACNP_2_GAATTTCTCGCTGCAG-1	IU_PDA_NP2	Normal Pancreas	CC10	Normal Epithelial cells
PDACNP_2_GACAAACATATGCAGG-1	IU_PDA_NP2	Normal Pancreas	CC10	Normal Epithelial cells
PDACNP_2_GACAACGACCATTGAA-1	IU_PDA_NP2	Normal Pancreas	CC10	Normal Epithelial cells
PDACNP_2_GACAACGCAGCTTACG-1	IU_PDA_NP2	Normal Pancreas	CC10	Normal Epithelial cells
PDACNP_2_GACACAAGGGAAGAAA-1	IU_PDA_NP2	Normal Pancreas	CC10	Normal Epithelial cells
PDACNP_2_GACACAGCCGGGACTG-1	IU_PDA_NP2	Normal Pancreas	CC10	Normal Epithelial cells
PDACNP_2_GACACGAGTTAGAGGA-1	IU_PDA_NP2	Normal Pancreas	CC10	Normal Epithelial cells
PDACNP_2_GACACTGAGTTCAGTG-1	IU_PDA_NP2	Normal Pancreas	CC10	Normal Epithelial cells
PDACNP_2_GACACTGGAACCCGAT-1	IU_PDA_NP2	Normal Pancreas	CC10	Normal Epithelial cells
PDACNP_2_GACACTTCCAATTACC-1	IU_PDA_NP2	Normal Pancreas	CC10	Normal Epithelial cells
PDACNP_2_GACAGCCAGACCTGAC-1	IU_PDA_NP2	Normal Pancreas	CC10	Normal Epithelial cells
PDACNP_2_GACAGGCACACACTAT-1	IU_PDA_NP2	Normal Pancreas	CC10	Hepatocytes
PDACNP_2_GACATACTGTCGCAGA-1	IU_PDA_NP2	Normal Pancreas	CC10	Normal Epithelial cells
PDACNP_2_GACATCCGTCGAACTG-1	IU_PDA_NP2	Normal Pancreas	CC10	Normal Epithelial cells
PDACNP_2_GACATCGATTTATAAC-1	IU_PDA_NP2	Normal Pancreas	CC10	Normal Epithelial cells
PDACNP_2_GACCAAACGTTGACTG-1	IU_PDA_NP2	Normal Pancreas	CC10	Normal Epithelial cells
PDACNP_2_GACCACACTTCCCTTT-1	IU_PDA_NP2	Normal Pancreas	CC4	Normal Epithelial cells
PDACNP_2_GACCAGAGCCCTGTAG-1	IU_PDA_NP2	Normal Pancreas	CC10	Normal Epithelial cells
PDACNP_2_GACCCGTCGCCGGCTA-1	IU_PDA_NP2	Normal Pancreas	CC10	Normal Epithelial cells
PDACNP_2_GACCGACGTGAAAGCA-1	IU_PDA_NP2	Normal Pancreas	CC10	Normal Epithelial cells
PDACNP_2_GACCGACTGAAGCGTC-1	IU_PDA_NP2	Normal Pancreas	CC10	Normal Epithelial cells
PDACNP_2_GACCGTCAGGTCGTGA-1	IU_PDA_NP2	Normal Pancreas	CC10	Normal Epithelial cells
PDACNP_2_GACCGTGCTGACGGTG-1	IU_PDA_NP2	Normal Pancreas	CC10	Hepatocytes
PDACNP_2_GACGACGATCCGCGTT-1	IU_PDA_NP2	Normal Pancreas	CC10	Normal Epithelial cells
PDACNP_2_GACGAGGCTAATAAAC-1	IU_PDA_NP2	Normal Pancreas	CC10	Normal Epithelial cells
PDACNP_2_GACGCCGTAAAGGCTA-1	IU_PDA_NP2	Normal Pancreas	CC10	Normal Epithelial cells
PDACNP_2_GACGCCTGTTGCAGGG-1	IU_PDA_NP2	Normal Pancreas	CC10	Normal Epithelial cells
PDACNP_2_GACGCTTGCTTCTAAA-1	IU_PDA_NP2	Normal Pancreas	CC10	Normal Epithelial cells
PDACNP_2_GACGGGATGTCTTATG-1	IU_PDA_NP2	Normal Pancreas	CC10	Normal Epithelial cells
PDACNP_2_GACGGGTTGGCCCGTA-1	IU_PDA_NP2	Normal Pancreas	CC10	Normal Epithelial cells
PDACNP_2_GACGGTCCTAGGGTGT-1	IU_PDA_NP2	Normal Pancreas	CC10	Normal Epithelial cells
PDACNP_2_GACGTGAGACTCCATG-1	IU_PDA_NP2	Normal Pancreas	CC10	Normal Epithelial cells
PDACNP_2_GACGTGTAGGGATTAT-1	IU_PDA_NP2	Normal Pancreas	CC10	Normal Epithelial cells
PDACNP_2_GACGTTCGTAAATACA-1	IU_PDA_NP2	Normal Pancreas	CC10	Normal Epithelial cells
PDACNP_2_GACTAACACAGCACCT-1	IU_PDA_NP2	Normal Pancreas	CC10	Normal Epithelial cells
PDACNP_2_GACTAAGATCATGCAC-1	IU_PDA_NP2	Normal Pancreas	CC10	Normal Epithelial cells
PDACNP_2_GACTAAGTAGGCTCAC-1	IU_PDA_NP2	Normal Pancreas	CC10	Normal Epithelial cells
PDACNP_2_GACTACAATTGCTCGT-1	IU_PDA_NP2	Normal Pancreas	CC10	Normal Epithelial cells
PDACNP_2_GACTAGGCCGTTAGGT-1	IU_PDA_NP2	Normal Pancreas	CC10	Normal Epithelial cells
PDACNP_2_GACTCCCAGAATAAGG-1	IU_PDA_NP2	Normal Pancreas	CC10	Normal Epithelial cells
PDACNP_2_GACTCGGTCGGCGGAT-1	IU_PDA_NP2	Normal Pancreas	CC10	Normal Epithelial cells
PDACNP_2_GACTGATTGGTCACAA-1	IU_PDA_NP2	Normal Pancreas	CC10	Hepatocytes
PDACNP_2_GACTGCAAATCGAGCT-1	IU_PDA_NP2	Normal Pancreas	CC10	Normal Epithelial cells
PDACNP_2_GACTGCACCAGCCCAG-1	IU_PDA_NP2	Normal Pancreas	CC10	Normal Epithelial cells
PDACNP_2_GACTGCGGCACGTGTA-1	IU_PDA_NP2	Normal Pancreas	CC10	Normal Epithelial cells
PDACNP_2_GACTGGGCGCCGCAAC-1	IU_PDA_NP2	Normal Pancreas	CC10	Normal Epithelial cells
PDACNP_2_GAGAACGGTTCTGACT-1	IU_PDA_NP2	Normal Pancreas	CC10	Normal Epithelial cells
PDACNP_2_GAGAATCTCACGATCA-1	IU_PDA_NP2	Normal Pancreas	CC10	Normal Epithelial cells
PDACNP_2_GAGACCCTGCAACGCC-1	IU_PDA_NP2	Normal Pancreas	CC10	Normal Epithelial cells
PDACNP_2_GAGACTGATGGGTAGA-1	IU_PDA_NP2	Normal Pancreas	CC10	Normal Epithelial cells
PDACNP_2_GAGACTTCGCGACCGA-1	IU_PDA_NP2	Normal Pancreas	CC10	Normal Epithelial cells
PDACNP_2_GAGAGCGCAGTCCCTG-1	IU_PDA_NP2	Normal Pancreas	CC10	Normal Epithelial cells
PDACNP_2_GAGAGGGCGCGAGGTT-1	IU_PDA_NP2	Normal Pancreas	CC10	Normal Epithelial cells
PDACNP_2_GAGAGGTGCATTCTGG-1	IU_PDA_NP2	Normal Pancreas	CC10	Normal Epithelial cells
PDACNP_2_GAGATCTGCTTGGCAT-1	IU_PDA_NP2	Normal Pancreas	CC10	Normal Epithelial cells
PDACNP_2_GAGATCTGTCACTCCG-1	IU_PDA_NP2	Normal Pancreas	CC10	Normal Epithelial cells
PDACNP_2_GAGATCTTCCATGACA-1	IU_PDA_NP2	Normal Pancreas	CC10	Normal Epithelial cells
PDACNP_2_GAGATGACAATCCTTA-1	IU_PDA_NP2	Normal Pancreas	CC10	Normal Epithelial cells
PDACNP_2_GAGATGGCTTTAATCA-1	IU_PDA_NP2	Normal Pancreas	CC10	Normal Epithelial cells
PDACNP_2_GAGATGGGAGTCGACA-1	IU_PDA_NP2	Normal Pancreas	CC10	Normal Epithelial cells
PDACNP_2_GAGCACCTGTGTCCAG-1	IU_PDA_NP2	Normal Pancreas	CC10	Normal Epithelial cells
PDACNP_2_GAGCACGGCGCCTCTT-1	IU_PDA_NP2	Normal Pancreas	CC10	Normal Epithelial cells
PDACNP_2_GAGCATCATCCCTGGG-1	IU_PDA_NP2	Normal Pancreas	CC10	Normal Epithelial cells
PDACNP_2_GAGCCACGGTAGTAGG-1	IU_PDA_NP2	Normal Pancreas	CC10	Normal Epithelial cells
PDACNP_2_GAGCCAGCTACCTGTG-1	IU_PDA_NP2	Normal Pancreas	CC10	Normal Epithelial cells
PDACNP_2_GAGCCGAGCGTTTATT-1	IU_PDA_NP2	Normal Pancreas	CC10	Normal Epithelial cells
PDACNP_2_GAGCGAGGGAGTACCG-1	IU_PDA_NP2	Normal Pancreas	CC10	Normal Epithelial cells
PDACNP_2_GAGCGCAAATACTCCG-1	IU_PDA_NP2	Normal Pancreas	CC10	Normal Epithelial cells
PDACNP_2_GAGCGCGCACGAGTAG-1	IU_PDA_NP2	Normal Pancreas	CC10	Normal Epithelial cells
PDACNP_2_GAGCGCTATGTCAGGC-1	IU_PDA_NP2	Normal Pancreas	CC10	Normal Epithelial cells
PDACNP_2_GAGCTAAGGGCATATC-1	IU_PDA_NP2	Normal Pancreas	CC10	Normal Epithelial cells
PDACNP_2_GAGCTCTCGGACCTAA-1	IU_PDA_NP2	Normal Pancreas	CC10	Normal Epithelial cells
PDACNP_2_GAGCTGTCGTCTCGGA-1	IU_PDA_NP2	Normal Pancreas	CC10	Normal Epithelial cells
PDACNP_2_GAGGAATGGAGAGGTT-1	IU_PDA_NP2	Normal Pancreas	CC10	Normal Epithelial cells
PDACNP_2_GAGGAGATCCTCATGC-1	IU_PDA_NP2	Normal Pancreas	CC10	Normal Epithelial cells
PDACNP_2_GAGGATAAACAGTGCT-1	IU_PDA_NP2	Normal Pancreas	CC10	Normal Epithelial cells
PDACNP_2_GAGGCCTGTTGATACA-1	IU_PDA_NP2	Normal Pancreas	CC10	Normal Epithelial cells
PDACNP_2_GAGGCTATCAAAGTCG-1	IU_PDA_NP2	Normal Pancreas	CC10	Hepatocytes
PDACNP_2_GAGGGCATCGCGTATC-1	IU_PDA_NP2	Normal Pancreas	CC10	Normal Epithelial cells
PDACNP_2_GAGGGCGCAGCTCTGC-1	IU_PDA_NP2	Normal Pancreas	CC10	Normal Epithelial cells
PDACNP_2_GAGGTACATCCATCTT-1	IU_PDA_NP2	Normal Pancreas	CC10	Normal Epithelial cells
PDACNP_2_GAGGTACGCGTGTCCC-1	IU_PDA_NP2	Normal Pancreas	CC10	Normal Epithelial cells
PDACNP_2_GAGGTCCCAAAGATCT-1	IU_PDA_NP2	Normal Pancreas	CC10	Normal Epithelial cells
PDACNP_2_GAGTAAACCGGAAAGT-1	IU_PDA_NP2	Normal Pancreas	CC10	Normal Epithelial cells
PDACNP_2_GAGTACGGGTATACAA-1	IU_PDA_NP2	Normal Pancreas	CC10	Normal Epithelial cells
PDACNP_2_GAGTAGATACTAGTTG-1	IU_PDA_NP2	Normal Pancreas	CC10	Normal Epithelial cells
PDACNP_2_GAGTATGCCCGCCTTG-1	IU_PDA_NP2	Normal Pancreas	CC10	Normal Epithelial cells
PDACNP_2_GAGTATGCGCGTGCAT-1	IU_PDA_NP2	Normal Pancreas	CC10	Normal Epithelial cells
PDACNP_2_GAGTCAGACCAGAATC-1	IU_PDA_NP2	Normal Pancreas	CC10	Normal Epithelial cells
PDACNP_2_GAGTCCGCTTACCGGA-1	IU_PDA_NP2	Normal Pancreas	CC10	Normal Epithelial cells
PDACNP_2_GAGTCGACAGACCCTC-1	IU_PDA_NP2	Normal Pancreas	CC10	Normal Epithelial cells
PDACNP_2_GAGTGTCAACCAGAAA-1	IU_PDA_NP2	Normal Pancreas	CC10	Normal Epithelial cells
PDACNP_2_GATAAATCGGTGGATG-1	IU_PDA_NP2	Normal Pancreas	CC10	Normal Epithelial cells
PDACNP_2_GATAAGGCAGATGCAA-1	IU_PDA_NP2	Normal Pancreas	CC10	Normal Epithelial cells
PDACNP_2_GATACGATGGGAGTCA-1	IU_PDA_NP2	Normal Pancreas	CC10	Normal Epithelial cells
PDACNP_2_GATAGGTAACGTTGAC-1	IU_PDA_NP2	Normal Pancreas	CC10	Normal Epithelial cells
PDACNP_2_GATATCAGTATGTATC-1	IU_PDA_NP2	Normal Pancreas	CC10	Normal Epithelial cells
PDACNP_2_GATATCTCATGCAATA-1	IU_PDA_NP2	Normal Pancreas	CC10	Normal Epithelial cells
PDACNP_2_GATATGAGACACTAAC-1	IU_PDA_NP2	Normal Pancreas	CC10	Normal Epithelial cells
PDACNP_2_GATATGCGGTAGCCAA-1	IU_PDA_NP2	Normal Pancreas	CC10	Normal Epithelial cells
PDACNP_2_GATATGGATTACGCGG-1	IU_PDA_NP2	Normal Pancreas	CC10	Normal Epithelial cells
PDACNP_2_GATATTTCCTACATGG-1	IU_PDA_NP2	Normal Pancreas	CC10	Normal Epithelial cells
PDACNP_2_GATCATTCCAAACATT-1	IU_PDA_NP2	Normal Pancreas	CC10	Normal Epithelial cells
PDACNP_2_GATCCCTTTATACTGC-1	IU_PDA_NP2	Normal Pancreas	CC10	Normal Epithelial cells
PDACNP_2_GATCCGAATATAAGTG-1	IU_PDA_NP2	Normal Pancreas	CC10	Normal Epithelial cells
PDACNP_2_GATCCTAAATCGGGAC-1	IU_PDA_NP2	Normal Pancreas	CC10	Normal Epithelial cells
PDACNP_2_GATCCTCTTGCGCTTA-1	IU_PDA_NP2	Normal Pancreas	CC10	Normal Epithelial cells
PDACNP_2_GATCGACACTATCTGA-1	IU_PDA_NP2	Normal Pancreas	CC10	Normal Epithelial cells
PDACNP_2_GATCGCGGGCTCTCCA-1	IU_PDA_NP2	Normal Pancreas	CC10	Normal Epithelial cells
PDACNP_2_GATCGCTACCCGATTT-1	IU_PDA_NP2	Normal Pancreas	CC10	Normal Epithelial cells
PDACNP_2_GATCGGATAGAACCAT-1	IU_PDA_NP2	Normal Pancreas	CC10	Normal Epithelial cells
PDACNP_2_GATCGGCGATAAGTCG-1	IU_PDA_NP2	Normal Pancreas	CC10	Normal Epithelial cells
PDACNP_2_GATCGGTGGCCATAAC-1	IU_PDA_NP2	Normal Pancreas	CC10	Normal Epithelial cells
PDACNP_2_GATCGTGACTGATATC-1	IU_PDA_NP2	Normal Pancreas	CC10	Normal Epithelial cells
PDACNP_2_GATCTCGACGCTGTGG-1	IU_PDA_NP2	Normal Pancreas	CC10	Normal Epithelial cells
PDACNP_2_GATCTGCTATCTAAGG-1	IU_PDA_NP2	Normal Pancreas	CC10	Normal Epithelial cells
PDACNP_2_GATCTTCATTGTCCTC-1	IU_PDA_NP2	Normal Pancreas	CC10	Normal Epithelial cells
PDACNP_2_GATCTTGGAGGGCATA-1	IU_PDA_NP2	Normal Pancreas	CC10	Normal Epithelial cells
PDACNP_2_GATCTTTGCAGGGTAT-1	IU_PDA_NP2	Normal Pancreas	CC10	Normal Epithelial cells
PDACNP_2_GATGACGATGATCGCG-1	IU_PDA_NP2	Normal Pancreas	CC10	Normal Epithelial cells
PDACNP_2_GATGAGGAACCTTCGG-1	IU_PDA_NP2	Normal Pancreas	CC10	Normal Epithelial cells
PDACNP_2_GATGATTTGAAACTGG-1	IU_PDA_NP2	Normal Pancreas	CC10	Normal Epithelial cells
PDACNP_2_GATGCCACACTACAGC-1	IU_PDA_NP2	Normal Pancreas	CC10	Normal Epithelial cells
PDACNP_2_GATGCCAGCAGAAGGC-1	IU_PDA_NP2	Normal Pancreas	CC10	Normal Epithelial cells
PDACNP_2_GATGCGAATGGTATTA-1	IU_PDA_NP2	Normal Pancreas	CC10	Normal Epithelial cells
PDACNP_2_GATGCGTCCTGCATTC-1	IU_PDA_NP2	Normal Pancreas	CC10	Normal Epithelial cells
PDACNP_2_GATGCTACAAGCGCCT-1	IU_PDA_NP2	Normal Pancreas	CC10	Normal Epithelial cells
PDACNP_2_GATGCTGTATTTCATC-1	IU_PDA_NP2	Normal Pancreas	CC10	Normal Epithelial cells
PDACNP_2_GATGGCGCACACATTA-1	IU_PDA_NP2	Normal Pancreas	CC10	Normal Epithelial cells
PDACNP_2_GATGGTGCCCTAGGCA-1	IU_PDA_NP2	Normal Pancreas	CC10	Normal Epithelial cells
PDACNP_2_GATGTCCGGATCACAT-1	IU_PDA_NP2	Normal Pancreas	CC10	Normal Epithelial cells
PDACNP_2_GATGTGTTGTCACAAG-1	IU_PDA_NP2	Normal Pancreas	CC10	Normal Epithelial cells
PDACNP_2_GATGTTCAATCCACGA-1	IU_PDA_NP2	Normal Pancreas	CC10	Hepatocytes
PDACNP_2_GATGTTTGTGCGAGAT-1	IU_PDA_NP2	Normal Pancreas	CC10	Normal Epithelial cells
PDACNP_2_GATTAACCGAAAGCCC-1	IU_PDA_NP2	Normal Pancreas	CC10	Normal Epithelial cells
PDACNP_2_GATTAATCCTGGCTCA-1	IU_PDA_NP2	Normal Pancreas	CC10	Normal Epithelial cells
PDACNP_2_GATTACTGAATTTGGG-1	IU_PDA_NP2	Normal Pancreas	CC10	Normal Epithelial cells
PDACNP_2_GATTCCCTTGTCGCAG-1	IU_PDA_NP2	Normal Pancreas	CC10	Normal Epithelial cells
PDACNP_2_GATTCCTATACGGCGC-1	IU_PDA_NP2	Normal Pancreas	CC10	Normal Epithelial cells
PDACNP_2_GATTCGACGGTTCACG-1	IU_PDA_NP2	Normal Pancreas	CC10	Normal Epithelial cells
PDACNP_2_GATTGGGAAAGGTTGT-1	IU_PDA_NP2	Normal Pancreas	CC10	Normal Epithelial cells
PDACNP_2_GCAAACCCTACATTAT-1	IU_PDA_NP2	Normal Pancreas	CC10	Normal Epithelial cells
PDACNP_2_GCAAACCTTGGCCATA-1	IU_PDA_NP2	Normal Pancreas	CC10	Normal Epithelial cells
PDACNP_2_GCAAACGTCGCCAGGT-1	IU_PDA_NP2	Normal Pancreas	CC10	Normal Epithelial cells
PDACNP_2_GCAAATATTACGCTTT-1	IU_PDA_NP2	Normal Pancreas	CC10	Normal Epithelial cells
PDACNP_2_GCAACCACCAGACCGG-1	IU_PDA_NP2	Normal Pancreas	CC10	Normal Epithelial cells
PDACNP_2_GCAACCACGGCCGCGT-1	IU_PDA_NP2	Normal Pancreas	CC10	Normal Epithelial cells
PDACNP_2_GCAACGGCTAGTTATG-1	IU_PDA_NP2	Normal Pancreas	CC10	Normal Epithelial cells
PDACNP_2_GCAAGAATTCCTTGGC-1	IU_PDA_NP2	Normal Pancreas	CC10	Hepatocytes
PDACNP_2_GCAAGATGTGTTCGCG-1	IU_PDA_NP2	Normal Pancreas	CC10	Normal Epithelial cells
PDACNP_2_GCAAGTGCACAGAGAA-1	IU_PDA_NP2	Normal Pancreas	CC10	Normal Epithelial cells
PDACNP_2_GCACAAACGAGGCGTG-1	IU_PDA_NP2	Normal Pancreas	CC10	Normal Epithelial cells
PDACNP_2_GCACAAGTGGATCATA-1	IU_PDA_NP2	Normal Pancreas	CC10	Normal Epithelial cells
PDACNP_2_GCACAAGTGTCGGAAG-1	IU_PDA_NP2	Normal Pancreas	CC10	Normal Epithelial cells
PDACNP_2_GCACACACTGGTAGCC-1	IU_PDA_NP2	Normal Pancreas	CC10	Normal Epithelial cells
PDACNP_2_GCACACAGCTATTACC-1	IU_PDA_NP2	Normal Pancreas	CC10	Normal Epithelial cells
PDACNP_2_GCACACGCCCATGGTC-1	IU_PDA_NP2	Normal Pancreas	CC10	Normal Epithelial cells
PDACNP_2_GCACGCCGATTCCCGC-1	IU_PDA_NP2	Normal Pancreas	CC10	Normal Epithelial cells
PDACNP_2_GCACGTGGTTTACTTA-1	IU_PDA_NP2	Normal Pancreas	CC10	Normal Epithelial cells
PDACNP_2_GCACTAGTCGCGCTAT-1	IU_PDA_NP2	Normal Pancreas	CC10	Normal Epithelial cells
PDACNP_2_GCACTGCCTACCTTTA-1	IU_PDA_NP2	Normal Pancreas	CC10	Normal Epithelial cells
PDACNP_2_GCACTGTGCAAATGTA-1	IU_PDA_NP2	Normal Pancreas	CC10	Normal Epithelial cells
PDACNP_2_GCAGATCCTCGCAAAT-1	IU_PDA_NP2	Normal Pancreas	CC10	Normal Epithelial cells
PDACNP_2_GCAGATTAGGGATATC-1	IU_PDA_NP2	Normal Pancreas	CC10	Normal Epithelial cells
PDACNP_2_GCAGCACACAGCCCAG-1	IU_PDA_NP2	Normal Pancreas	CC10	Normal Epithelial cells
PDACNP_2_GCAGCCTATATCACAT-1	IU_PDA_NP2	Normal Pancreas	CC10	Normal Epithelial cells
PDACNP_2_GCAGCGGTGGGCATTA-1	IU_PDA_NP2	Normal Pancreas	CC10	Normal Epithelial cells
PDACNP_2_GCAGCTATGGACAGGT-1	IU_PDA_NP2	Normal Pancreas	CC10	Normal Epithelial cells
PDACNP_2_GCAGGACTATAGAATA-1	IU_PDA_NP2	Normal Pancreas	CC10	Normal Epithelial cells
PDACNP_2_GCAGGTAGAGTATGGT-1	IU_PDA_NP2	Normal Pancreas	CC10	Normal Epithelial cells
PDACNP_2_GCAGTGTGGCTATAGG-1	IU_PDA_NP2	Normal Pancreas	CC10	Normal Epithelial cells
PDACNP_2_GCATACGAGGTCTTTA-1	IU_PDA_NP2	Normal Pancreas	CC10	Normal Epithelial cells
PDACNP_2_GCATAGAGCACTCAGG-1	IU_PDA_NP2	Normal Pancreas	CC10	Normal Epithelial cells
PDACNP_2_GCATCCCTAACTTTGA-1	IU_PDA_NP2	Normal Pancreas	CC10	Normal Epithelial cells
PDACNP_2_GCATCGGCCGTGTAGG-1	IU_PDA_NP2	Normal Pancreas	CC10	Normal Epithelial cells
PDACNP_2_GCATGCTAATAACGAT-1	IU_PDA_NP2	Normal Pancreas	CC10	Normal Epithelial cells
PDACNP_2_GCATTCAAGGCAACGC-1	IU_PDA_NP2	Normal Pancreas	CC10	Normal Epithelial cells
PDACNP_2_GCATTCGAAATGAACA-1	IU_PDA_NP2	Normal Pancreas	CC10	Normal Epithelial cells
PDACNP_2_GCATTGTAATTCATAT-1	IU_PDA_NP2	Normal Pancreas	CC10	Normal Epithelial cells
PDACNP_2_GCATTTCCAAGGCTCC-1	IU_PDA_NP2	Normal Pancreas	CC10	Normal Epithelial cells
PDACNP_2_GCCAACCATTTCCGGA-1	IU_PDA_NP2	Normal Pancreas	CC10	Normal Epithelial cells
PDACNP_2_GCCAATAGGGCATCTC-1	IU_PDA_NP2	Normal Pancreas	CC10	Normal Epithelial cells
PDACNP_2_GCCACAATTTAAGGAC-1	IU_PDA_NP2	Normal Pancreas	CC10	Hepatocytes
PDACNP_2_GCCACTCAGAGCGCGA-1	IU_PDA_NP2	Normal Pancreas	CC10	Normal Epithelial cells
PDACNP_2_GCCAGGAGTAACCGAT-1	IU_PDA_NP2	Normal Pancreas	CC10	Normal Epithelial cells
PDACNP_2_GCCAGGCGTTCGCATG-1	IU_PDA_NP2	Normal Pancreas	CC10	Normal Epithelial cells
PDACNP_2_GCCAGGCTTAGTGGTA-1	IU_PDA_NP2	Normal Pancreas	CC10	Normal Epithelial cells
PDACNP_2_GCCATATTGCACACAG-1	IU_PDA_NP2	Normal Pancreas	CC10	Normal Epithelial cells
PDACNP_2_GCCATCGAGCTGCGTG-1	IU_PDA_NP2	Normal Pancreas	CC10	Normal Epithelial cells
PDACNP_2_GCCCACCAAGGCTGTC-1	IU_PDA_NP2	Normal Pancreas	CC10	Normal Epithelial cells
PDACNP_2_GCCCAGATGCTGGAGA-1	IU_PDA_NP2	Normal Pancreas	CC10	Normal Epithelial cells
PDACNP_2_GCCCAGTTGGTATGCC-1	IU_PDA_NP2	Normal Pancreas	CC10	Normal Epithelial cells
PDACNP_2_GCCCGATCTGTGGTCG-1	IU_PDA_NP2	Normal Pancreas	CC10	Normal Epithelial cells
PDACNP_2_GCCCGCGCGTAAACGG-1	IU_PDA_NP2	Normal Pancreas	CC10	Normal Epithelial cells
PDACNP_2_GCCCGCGCGTTTGACA-1	IU_PDA_NP2	Normal Pancreas	CC10	Normal Epithelial cells
PDACNP_2_GCCCGTAATACCTTCT-1	IU_PDA_NP2	Normal Pancreas	CC10	Normal Epithelial cells
PDACNP_2_GCCCTGAGGATGGGCT-1	IU_PDA_NP2	Normal Pancreas	CC10	Normal Epithelial cells
PDACNP_2_GCCGAAATTCCTACGT-1	IU_PDA_NP2	Normal Pancreas	CC10	Normal Epithelial cells
PDACNP_2_GCCGATTGGCCAAGCT-1	IU_PDA_NP2	Normal Pancreas	CC10	Normal Epithelial cells
PDACNP_2_GCCGCACTCCGTTTCA-1	IU_PDA_NP2	Normal Pancreas	CC10	Normal Epithelial cells
PDACNP_2_GCCGCATTAGTCCGGC-1	IU_PDA_NP2	Normal Pancreas	CC10	Normal Epithelial cells
PDACNP_2_GCCGCTTGTGAGAAAC-1	IU_PDA_NP2	Normal Pancreas	CC10	Normal Epithelial cells
PDACNP_2_GCCGGGTTAGGGTCGC-1	IU_PDA_NP2	Normal Pancreas	CC10	Normal Epithelial cells
PDACNP_2_GCCGGTTTGGGCGGAT-1	IU_PDA_NP2	Normal Pancreas	CC10	Normal Epithelial cells
PDACNP_2_GCCGTGGAAGAAATGT-1	IU_PDA_NP2	Normal Pancreas	CC10	Normal Epithelial cells
PDACNP_2_GCCTACGTTCTGTGCA-1	IU_PDA_NP2	Normal Pancreas	CC10	Normal Epithelial cells
PDACNP_2_GCCTAGCGATCTGACC-1	IU_PDA_NP2	Normal Pancreas	CC10	Normal Epithelial cells
PDACNP_2_GCCTATGCTGGGCCTT-1	IU_PDA_NP2	Normal Pancreas	CC10	Normal Epithelial cells
PDACNP_2_GCCTATTCCGATATAG-1	IU_PDA_NP2	Normal Pancreas	CC10	Normal Epithelial cells
PDACNP_2_GCCTATTTGCTACACA-1	IU_PDA_NP2	Normal Pancreas	CC10	Normal Epithelial cells
PDACNP_2_GCCTCATCTGGAAATA-1	IU_PDA_NP2	Normal Pancreas	CC10	Normal Epithelial cells
PDACNP_2_GCCTCCGACAATTCAC-1	IU_PDA_NP2	Normal Pancreas	CC10	Normal Epithelial cells
PDACNP_2_GCCTGCTACACTGAGA-1	IU_PDA_NP2	Normal Pancreas	CC10	Normal Epithelial cells
PDACNP_2_GCCTTCAGCCCTACCG-1	IU_PDA_NP2	Normal Pancreas	CC10	Normal Epithelial cells
PDACNP_2_GCCTTGTATATGCAGT-1	IU_PDA_NP2	Normal Pancreas	CC10	Normal Epithelial cells
PDACNP_2_GCGAAACGATCGGGAG-1	IU_PDA_NP2	Normal Pancreas	CC10	Normal Epithelial cells
PDACNP_2_GCGAAACTTAACTGGA-1	IU_PDA_NP2	Normal Pancreas	CC10	Normal Epithelial cells
PDACNP_2_GCGAAGAATCTGACGG-1	IU_PDA_NP2	Normal Pancreas	CC10	Normal Epithelial cells
PDACNP_2_GCGAAGCCATACCCGT-1	IU_PDA_NP2	Normal Pancreas	CC10	Normal Epithelial cells
PDACNP_2_GCGACGATAGTTGTAC-1	IU_PDA_NP2	Normal Pancreas	CC10	Normal Epithelial cells
PDACNP_2_GCGACGGTAGTCTCCT-1	IU_PDA_NP2	Normal Pancreas	CC10	Normal Epithelial cells
PDACNP_2_GCGAGAAACGGGAGTT-1	IU_PDA_NP2	Normal Pancreas	CC10	Normal Epithelial cells
PDACNP_2_GCGAGAGGCCATGTAA-1	IU_PDA_NP2	Normal Pancreas	CC10	Normal Epithelial cells
PDACNP_2_GCGAGAGTTGCGTCCA-1	IU_PDA_NP2	Normal Pancreas	CC10	Normal Epithelial cells
PDACNP_2_GCGAGGCCCGAGCAGA-1	IU_PDA_NP2	Normal Pancreas	CC10	Normal Epithelial cells
PDACNP_2_GCGAGTTCTGCAAAGA-1	IU_PDA_NP2	Normal Pancreas	CC10	Normal Epithelial cells
PDACNP_2_GCGCCGTTCCACGATA-1	IU_PDA_NP2	Normal Pancreas	CC10	Normal Epithelial cells
PDACNP_2_GCGCCTCCCACTCCGA-1	IU_PDA_NP2	Normal Pancreas	CC10	Normal Epithelial cells
PDACNP_2_GCGCGATGGGTCAAGT-1	IU_PDA_NP2	Normal Pancreas	CC10	Normal Epithelial cells
PDACNP_2_GCGCGTCATTGGTACA-1	IU_PDA_NP2	Normal Pancreas	CC10	Normal Epithelial cells
PDACNP_2_GCGCTAATTGAATAGA-1	IU_PDA_NP2	Normal Pancreas	CC10	Normal Epithelial cells
PDACNP_2_GCGCTATGCCGAGGCA-1	IU_PDA_NP2	Normal Pancreas	CC10	Normal Epithelial cells
PDACNP_2_GCGCTCGATCACCTGT-1	IU_PDA_NP2	Normal Pancreas	CC10	Normal Epithelial cells
PDACNP_2_GCGCTGATCCAGACTC-1	IU_PDA_NP2	Normal Pancreas	CC10	Normal Epithelial cells
PDACNP_2_GCGCTGCTTTGCATTT-1	IU_PDA_NP2	Normal Pancreas	CC10	Normal Epithelial cells
PDACNP_2_GCGCTTAAATAATTGG-1	IU_PDA_NP2	Normal Pancreas	CC10	Normal Epithelial cells
PDACNP_2_GCGGAGAGGGAGAACG-1	IU_PDA_NP2	Normal Pancreas	CC10	Normal Epithelial cells
PDACNP_2_GCGGCTCTGACGTACC-1	IU_PDA_NP2	Normal Pancreas	CC10	Normal Epithelial cells
PDACNP_2_GCGGCTTTAGCAAGTT-1	IU_PDA_NP2	Normal Pancreas	CC10	Normal Epithelial cells
PDACNP_2_GCGGGAACCAGGCCCT-1	IU_PDA_NP2	Normal Pancreas	CC10	Normal Epithelial cells
PDACNP_2_GCGGGCATTACGATGC-1	IU_PDA_NP2	Normal Pancreas	CC10	Normal Epithelial cells
PDACNP_2_GCGGGCGAGCCTTACC-1	IU_PDA_NP2	Normal Pancreas	CC10	Normal Epithelial cells
PDACNP_2_GCGGTAACCCAAATGA-1	IU_PDA_NP2	Normal Pancreas	CC10	Normal Epithelial cells
PDACNP_2_GCGGTCCCTAGACGCA-1	IU_PDA_NP2	Normal Pancreas	CC10	Normal Epithelial cells
PDACNP_2_GCGGTCTTGCTTTCAC-1	IU_PDA_NP2	Normal Pancreas	CC10	Normal Epithelial cells
PDACNP_2_GCGGTGAACTGCGCTC-1	IU_PDA_NP2	Normal Pancreas	CC10	Normal Epithelial cells
PDACNP_2_GCGGTGCGGAGCATCG-1	IU_PDA_NP2	Normal Pancreas	CC10	Normal Epithelial cells
PDACNP_2_GCGGTTCCCTATCATG-1	IU_PDA_NP2	Normal Pancreas	CC10	Normal Epithelial cells
PDACNP_2_GCGTCCAGCTCGTGGC-1	IU_PDA_NP2	Normal Pancreas	CC10	Normal Epithelial cells
PDACNP_2_GCGTCGAAATGTCGGT-1	IU_PDA_NP2	Normal Pancreas	CC10	Normal Epithelial cells
PDACNP_2_GCGTCGCCAGGGTGAT-1	IU_PDA_NP2	Normal Pancreas	CC10	Normal Epithelial cells
PDACNP_2_GCGTCTCTGCATTGGG-1	IU_PDA_NP2	Normal Pancreas	CC10	Normal Epithelial cells
PDACNP_2_GCGTGGTACTGGGTTA-1	IU_PDA_NP2	Normal Pancreas	CC10	Normal Epithelial cells
PDACNP_2_GCGTTATATTTGGAAC-1	IU_PDA_NP2	Normal Pancreas	CC10	Normal Epithelial cells
PDACNP_2_GCGTTCGGAGACCGGG-1	IU_PDA_NP2	Normal Pancreas	CC10	Normal Epithelial cells
PDACNP_2_GCTAAACCTGAGGTGA-1	IU_PDA_NP2	Normal Pancreas	CC10	Normal Epithelial cells
PDACNP_2_GCTAACTGAAGTCTGA-1	IU_PDA_NP2	Normal Pancreas	CC10	Normal Epithelial cells
PDACNP_2_GCTAAGTAAAGGCGAT-1	IU_PDA_NP2	Normal Pancreas	CC10	Normal Epithelial cells
PDACNP_2_GCTAATACCGAATGCC-1	IU_PDA_NP2	Normal Pancreas	CC10	Normal Epithelial cells
PDACNP_2_GCTACAATCGAGGATA-1	IU_PDA_NP2	Normal Pancreas	CC10	Normal Epithelial cells
PDACNP_2_GCTACACTGTCCGAAC-1	IU_PDA_NP2	Normal Pancreas	CC10	Normal Epithelial cells
PDACNP_2_GCTACGACTTATTGGG-1	IU_PDA_NP2	Normal Pancreas	CC10	Normal Epithelial cells
PDACNP_2_GCTACTATAGTAGAGT-1	IU_PDA_NP2	Normal Pancreas	CC10	Normal Epithelial cells
PDACNP_2_GCTAGAGTAGAGATGT-1	IU_PDA_NP2	Normal Pancreas	CC10	Normal Epithelial cells
PDACNP_2_GCTAGCACCTGGGCCA-1	IU_PDA_NP2	Normal Pancreas	CC10	Normal Epithelial cells
PDACNP_2_GCTAGCAGGGAGTGGG-1	IU_PDA_NP2	Normal Pancreas	CC10	Normal Epithelial cells
PDACNP_2_GCTAGGCACCACGGAG-1	IU_PDA_NP2	Normal Pancreas	CC10	Normal Epithelial cells
PDACNP_2_GCTAGTAGAGCTTGTA-1	IU_PDA_NP2	Normal Pancreas	CC10	Normal Epithelial cells
PDACNP_2_GCTAGTTTCATTGAGG-1	IU_PDA_NP2	Normal Pancreas	CC10	Normal Epithelial cells
PDACNP_2_GCTATACGTCTCGGAC-1	IU_PDA_NP2	Normal Pancreas	CC10	Normal Epithelial cells
PDACNP_2_GCTATCGCGGCGCAAC-1	IU_PDA_NP2	Normal Pancreas	CC10	Normal Epithelial cells
PDACNP_2_GCTCAACCTCTTAGAG-1	IU_PDA_NP2	Normal Pancreas	CC10	Normal Epithelial cells
PDACNP_2_GCTCAATGTAATACCG-1	IU_PDA_NP2	Normal Pancreas	CC10	Normal Epithelial cells
PDACNP_2_GCTCATTACTGCATGT-1	IU_PDA_NP2	Normal Pancreas	CC10	Normal Epithelial cells
PDACNP_2_GCTCCCAGTCGGTCCA-1	IU_PDA_NP2	Normal Pancreas	CC10	Normal Epithelial cells
PDACNP_2_GCTCCGCTCGCTTCAG-1	IU_PDA_NP2	Normal Pancreas	CC10	Normal Epithelial cells
PDACNP_2_GCTCGGAATTTAAAGC-1	IU_PDA_NP2	Normal Pancreas	CC10	Normal Epithelial cells
PDACNP_2_GCTCTAAACCCTGACG-1	IU_PDA_NP2	Normal Pancreas	CC10	Normal Epithelial cells
PDACNP_2_GCTCTATGTTACGTGC-1	IU_PDA_NP2	Normal Pancreas	CC10	Normal Epithelial cells
PDACNP_2_GCTCTCGGGTACCGAA-1	IU_PDA_NP2	Normal Pancreas	CC10	Normal Epithelial cells
PDACNP_2_GCTGAACTCTCCAGGG-1	IU_PDA_NP2	Normal Pancreas	CC10	Normal Epithelial cells
PDACNP_2_GCTGAGCAACGGTTCT-1	IU_PDA_NP2	Normal Pancreas	CC10	Normal Epithelial cells
PDACNP_2_GCTGAGGCGTGAGTAT-1	IU_PDA_NP2	Normal Pancreas	CC10	Normal Epithelial cells
PDACNP_2_GCTGCACGGTTTCTTA-1	IU_PDA_NP2	Normal Pancreas	CC10	Normal Epithelial cells
PDACNP_2_GCTGCTAAGTAGTCGA-1	IU_PDA_NP2	Normal Pancreas	CC10	Normal Epithelial cells
PDACNP_2_GCTGCTACTGCGTAGC-1	IU_PDA_NP2	Normal Pancreas	CC10	Normal Epithelial cells
PDACNP_2_GCTGCTCTCCGGACAC-1	IU_PDA_NP2	Normal Pancreas	CC10	Normal Epithelial cells
PDACNP_2_GCTGGACCCAAAGTGG-1	IU_PDA_NP2	Normal Pancreas	CC10	Normal Epithelial cells
PDACNP_2_GCTGGCATATTCACCT-1	IU_PDA_NP2	Normal Pancreas	CC10	Normal Epithelial cells
PDACNP_2_GCTGGCGGCGCATGCT-1	IU_PDA_NP2	Normal Pancreas	CC10	Normal Epithelial cells
PDACNP_2_GCTGGGTCCGCTGTTA-1	IU_PDA_NP2	Normal Pancreas	CC10	Normal Epithelial cells
PDACNP_2_GCTGTATTACTGGCCC-1	IU_PDA_NP2	Normal Pancreas	CC10	Hepatocytes
PDACNP_2_GCTGTTGCTACCGAAC-1	IU_PDA_NP2	Normal Pancreas	CC10	Normal Epithelial cells
PDACNP_2_GCTTAATGTAACTAAC-1	IU_PDA_NP2	Normal Pancreas	CC10	Normal Epithelial cells
PDACNP_2_GCTTACGTAGTTAGTA-1	IU_PDA_NP2	Normal Pancreas	CC10	Normal Epithelial cells
PDACNP_2_GCTTATGAAGCAGGAA-1	IU_PDA_NP2	Normal Pancreas	CC10	Normal Epithelial cells
PDACNP_2_GCTTCCAGCTTAGATT-1	IU_PDA_NP2	Normal Pancreas	CC10	Normal Epithelial cells
PDACNP_2_GCTTCCGTCCCTAGAC-1	IU_PDA_NP2	Normal Pancreas	CC10	Normal Epithelial cells
PDACNP_2_GCTTGATGATAATCAG-1	IU_PDA_NP2	Normal Pancreas	CC10	Normal Epithelial cells
PDACNP_2_GCTTGCAGCACAATTG-1	IU_PDA_NP2	Normal Pancreas	CC10	Normal Epithelial cells
PDACNP_2_GGAAACCTTGTTGAAT-1	IU_PDA_NP2	Normal Pancreas	CC10	Normal Epithelial cells
PDACNP_2_GGAAACTAAATGGGCC-1	IU_PDA_NP2	Normal Pancreas	CC10	Normal Epithelial cells
PDACNP_2_GGAAAGGGAATTGAGC-1	IU_PDA_NP2	Normal Pancreas	CC10	Normal Epithelial cells
PDACNP_2_GGAAAGTGCCCATGCC-1	IU_PDA_NP2	Normal Pancreas	CC10	Normal Epithelial cells
PDACNP_2_GGAACCCGAACAAGAA-1	IU_PDA_NP2	Normal Pancreas	CC10	Hepatocytes
PDACNP_2_GGAACCGTGTAAATTG-1	IU_PDA_NP2	Normal Pancreas	CC10	Normal Epithelial cells
PDACNP_2_GGAACGGCCTGCAGCC-1	IU_PDA_NP2	Normal Pancreas	CC10	Normal Epithelial cells
PDACNP_2_GGAACTTTGGCGATTA-1	IU_PDA_NP2	Normal Pancreas	CC10	Normal Epithelial cells
PDACNP_2_GGAAGCTCGCTTACAG-1	IU_PDA_NP2	Normal Pancreas	CC10	Normal Epithelial cells
PDACNP_2_GGAATAACCTCAAGAA-1	IU_PDA_NP2	Normal Pancreas	CC10	Normal Epithelial cells
PDACNP_2_GGACAACCATGAAGCC-1	IU_PDA_NP2	Normal Pancreas	CC10	Normal Epithelial cells
PDACNP_2_GGACAAGTTGCAGTGA-1	IU_PDA_NP2	Normal Pancreas	CC10	Normal Epithelial cells
PDACNP_2_GGACACAAGTTTACAC-1	IU_PDA_NP2	Normal Pancreas	CC10	Normal Epithelial cells
PDACNP_2_GGACCTACGGTAACGT-1	IU_PDA_NP2	Normal Pancreas	CC10	Normal Epithelial cells
PDACNP_2_GGACGGCTTGCGCAAC-1	IU_PDA_NP2	Normal Pancreas	CC10	Normal Epithelial cells
PDACNP_2_GGACGTCCATAGTTGG-1	IU_PDA_NP2	Normal Pancreas	CC10	Normal Epithelial cells
PDACNP_2_GGACTAAGTCAGGAGT-1	IU_PDA_NP2	Normal Pancreas	CC10	Normal Epithelial cells
PDACNP_2_GGACTCACAAATTAGG-1	IU_PDA_NP2	Normal Pancreas	CC10	Normal Epithelial cells
PDACNP_2_GGACTCTTTGACTAAG-1	IU_PDA_NP2	Normal Pancreas	CC10	Normal Epithelial cells
PDACNP_2_GGAGAAGTCATTGGCA-1	IU_PDA_NP2	Normal Pancreas	CC10	Normal Epithelial cells
PDACNP_2_GGAGACATTCACGGGC-1	IU_PDA_NP2	Normal Pancreas	CC10	Normal Epithelial cells
PDACNP_2_GGAGACCAATGTGCTT-1	IU_PDA_NP2	Normal Pancreas	CC10	Hepatocytes
PDACNP_2_GGAGACGACACCTTTG-1	IU_PDA_NP2	Normal Pancreas	CC10	Normal Epithelial cells
PDACNP_2_GGAGCAACATTTCAAG-1	IU_PDA_NP2	Normal Pancreas	CC10	Normal Epithelial cells
PDACNP_2_GGAGCACCAAGAACTA-1	IU_PDA_NP2	Normal Pancreas	CC10	Normal Epithelial cells
PDACNP_2_GGAGCGAGGCCTACTT-1	IU_PDA_NP2	Normal Pancreas	CC10	Normal Epithelial cells
PDACNP_2_GGAGGCCGAAGTCGTC-1	IU_PDA_NP2	Normal Pancreas	CC10	Normal Epithelial cells
PDACNP_2_GGAGGGTCAAGTAAGA-1	IU_PDA_NP2	Normal Pancreas	CC10	Normal Epithelial cells
PDACNP_2_GGAGTGCCGCCCTGGA-1	IU_PDA_NP2	Normal Pancreas	CC10	Normal Epithelial cells
PDACNP_2_GGAGTTGATTCTGTGT-1	IU_PDA_NP2	Normal Pancreas	CC10	Normal Epithelial cells
PDACNP_2_GGATACTCATGAATTG-1	IU_PDA_NP2	Normal Pancreas	CC10	Normal Epithelial cells
PDACNP_2_GGATCATCCCGTACGC-1	IU_PDA_NP2	Normal Pancreas	CC10	Normal Epithelial cells
PDACNP_2_GGATCCCTACCAGCTA-1	IU_PDA_NP2	Normal Pancreas	CC10	Normal Epithelial cells
PDACNP_2_GGATGAAGATCGCTGA-1	IU_PDA_NP2	Normal Pancreas	CC10	Normal Epithelial cells
PDACNP_2_GGATGACGCGAGTTTA-1	IU_PDA_NP2	Normal Pancreas	CC10	Normal Epithelial cells
PDACNP_2_GGATGCTGGCGTTCCT-1	IU_PDA_NP2	Normal Pancreas	CC10	Normal Epithelial cells
PDACNP_2_GGATGGCTTGAAGTAT-1	IU_PDA_NP2	Normal Pancreas	CC10	Normal Epithelial cells
PDACNP_2_GGATGTCCTTACCGCA-1	IU_PDA_NP2	Normal Pancreas	CC10	Normal Epithelial cells
PDACNP_2_GGATTAAGCTAAGGTC-1	IU_PDA_NP2	Normal Pancreas	CC10	Normal Epithelial cells
PDACNP_2_GGATTAATCATGGACC-1	IU_PDA_NP2	Normal Pancreas	CC10	Normal Epithelial cells
PDACNP_2_GGATTCAGTACGGTGG-1	IU_PDA_NP2	Normal Pancreas	CC10	Normal Epithelial cells
PDACNP_2_GGATTGCTGTGACTCC-1	IU_PDA_NP2	Normal Pancreas	CC10	Normal Epithelial cells
PDACNP_2_GGATTTCACTTCTATA-1	IU_PDA_NP2	Normal Pancreas	CC10	Normal Epithelial cells
PDACNP_2_GGCAAATTACTTTACT-1	IU_PDA_NP2	Normal Pancreas	CC10	Normal Epithelial cells
PDACNP_2_GGCAAGCCCATAGTGG-1	IU_PDA_NP2	Normal Pancreas	CC10	Normal Epithelial cells
PDACNP_2_GGCAATAGTCAATGAG-1	IU_PDA_NP2	Normal Pancreas	CC10	Normal Epithelial cells
PDACNP_2_GGCACTCCACTGGGCA-1	IU_PDA_NP2	Normal Pancreas	CC10	Hepatocytes
PDACNP_2_GGCAGCAAACCTATGC-1	IU_PDA_NP2	Normal Pancreas	CC10	Normal Epithelial cells
PDACNP_2_GGCAGCGGTAATCCTA-1	IU_PDA_NP2	Normal Pancreas	CC10	Normal Epithelial cells
PDACNP_2_GGCATACAGGTAGCGG-1	IU_PDA_NP2	Normal Pancreas	CC10	Normal Epithelial cells
PDACNP_2_GGCATATCGGTTCTGC-1	IU_PDA_NP2	Normal Pancreas	CC10	Normal Epithelial cells
PDACNP_2_GGCCACAAGCGATGGC-1	IU_PDA_NP2	Normal Pancreas	CC10	Normal Epithelial cells
PDACNP_2_GGCCCAGCTGGTTTGC-1	IU_PDA_NP2	Normal Pancreas	CC10	Normal Epithelial cells
PDACNP_2_GGCCCAGTTATCAGCA-1	IU_PDA_NP2	Normal Pancreas	CC10	Normal Epithelial cells
PDACNP_2_GGCCCGGAGCATGTCT-1	IU_PDA_NP2	Normal Pancreas	CC10	Normal Epithelial cells
PDACNP_2_GGCCCGTATACCATGC-1	IU_PDA_NP2	Normal Pancreas	CC10	Normal Epithelial cells
PDACNP_2_GGCCCTCACCCACTTA-1	IU_PDA_NP2	Normal Pancreas	CC10	Normal Epithelial cells
PDACNP_2_GGCCGGCGTCTGCTAT-1	IU_PDA_NP2	Normal Pancreas	CC10	Normal Epithelial cells
PDACNP_2_GGCCGTTTGGGTTTCA-1	IU_PDA_NP2	Normal Pancreas	CC10	Normal Epithelial cells
PDACNP_2_GGCCTTTGCAACTGGC-1	IU_PDA_NP2	Normal Pancreas	CC10	Normal Epithelial cells
PDACNP_2_GGCGAGCATCGAGGAC-1	IU_PDA_NP2	Normal Pancreas	CC10	Normal Epithelial cells
PDACNP_2_GGCGCAGGACATCTTC-1	IU_PDA_NP2	Normal Pancreas	CC10	Normal Epithelial cells
PDACNP_2_GGCGCATGAATTGATG-1	IU_PDA_NP2	Normal Pancreas	CC10	Hepatocytes
PDACNP_2_GGCGCGGAGATCTTTC-1	IU_PDA_NP2	Normal Pancreas	CC10	Normal Epithelial cells
PDACNP_2_GGCGCGTTCGAGTTTA-1	IU_PDA_NP2	Normal Pancreas	CC10	Normal Epithelial cells
PDACNP_2_GGCGCTCCTCATCAAT-1	IU_PDA_NP2	Normal Pancreas	CC10	Normal Epithelial cells
PDACNP_2_GGCGGAGTAATATTAG-1	IU_PDA_NP2	Normal Pancreas	CC10	Normal Epithelial cells
PDACNP_2_GGCGGTAGGATCATTG-1	IU_PDA_NP2	Normal Pancreas	CC10	Normal Epithelial cells
PDACNP_2_GGCGGTTTGCCGGTGC-1	IU_PDA_NP2	Normal Pancreas	CC10	Normal Epithelial cells
PDACNP_2_GGCGTAGGGAAAGCTG-1	IU_PDA_NP2	Normal Pancreas	CC10	Normal Epithelial cells
PDACNP_2_GGCGTCCTATCCGCTG-1	IU_PDA_NP2	Normal Pancreas	CC10	Normal Epithelial cells
PDACNP_2_GGCTAAAGGGCGGGTC-1	IU_PDA_NP2	Normal Pancreas	CC10	Normal Epithelial cells
PDACNP_2_GGCTAATGATTGAAAT-1	IU_PDA_NP2	Normal Pancreas	CC10	Normal Epithelial cells
PDACNP_2_GGCTATTAAGTTGTAT-1	IU_PDA_NP2	Normal Pancreas	CC10	Normal Epithelial cells
PDACNP_2_GGCTCGTGCCACCAGC-1	IU_PDA_NP2	Normal Pancreas	CC10	Normal Epithelial cells
PDACNP_2_GGCTCTGCTCCAACGC-1	IU_PDA_NP2	Normal Pancreas	CC10	Normal Epithelial cells
PDACNP_2_GGCTGAAATAGCAAAG-1	IU_PDA_NP2	Normal Pancreas	CC10	Normal Epithelial cells
PDACNP_2_GGCTGAGCATCGTAAG-1	IU_PDA_NP2	Normal Pancreas	CC10	Hepatocytes
PDACNP_2_GGCTGGCTAGCTTAAA-1	IU_PDA_NP2	Normal Pancreas	CC10	Normal Epithelial cells
PDACNP_2_GGCTTTCAATAAGGGT-1	IU_PDA_NP2	Normal Pancreas	CC10	Normal Epithelial cells
PDACNP_2_GGGAAAGAATGCCAAC-1	IU_PDA_NP2	Normal Pancreas	CC10	Normal Epithelial cells
PDACNP_2_GGGAACCACCTGTTTC-1	IU_PDA_NP2	Normal Pancreas	CC10	Normal Epithelial cells
PDACNP_2_GGGAACGGGAGGTTAG-1	IU_PDA_NP2	Normal Pancreas	CC10	Normal Epithelial cells
PDACNP_2_GGGAAGACGGTCTGTC-1	IU_PDA_NP2	Normal Pancreas	CC10	Normal Epithelial cells
PDACNP_2_GGGAAGGGCTTTCTCA-1	IU_PDA_NP2	Normal Pancreas	CC10	Normal Epithelial cells
PDACNP_2_GGGAATGAGCCCTCAC-1	IU_PDA_NP2	Normal Pancreas	CC10	Normal Epithelial cells
PDACNP_2_GGGAATTCTGTCCAGT-1	IU_PDA_NP2	Normal Pancreas	CC10	Normal Epithelial cells
PDACNP_2_GGGACCCGTATATCTT-1	IU_PDA_NP2	Normal Pancreas	CC10	Normal Epithelial cells
PDACNP_2_GGGACTGCATAGATAG-1	IU_PDA_NP2	Normal Pancreas	CC10	Normal Epithelial cells
PDACNP_2_GGGAGAACTCACAGTA-1	IU_PDA_NP2	Normal Pancreas	CC10	Normal Epithelial cells
PDACNP_2_GGGAGCGACCGTAGTG-1	IU_PDA_NP2	Normal Pancreas	CC10	Normal Epithelial cells
PDACNP_2_GGGAGGATGCCCGAAA-1	IU_PDA_NP2	Normal Pancreas	CC10	Normal Epithelial cells
PDACNP_2_GGGAGTAATGGCTGGC-1	IU_PDA_NP2	Normal Pancreas	CC10	Normal Epithelial cells
PDACNP_2_GGGAGTTAATGAGGCG-1	IU_PDA_NP2	Normal Pancreas	CC10	Normal Epithelial cells
PDACNP_2_GGGATACGGTAATAAT-1	IU_PDA_NP2	Normal Pancreas	CC10	Normal Epithelial cells
PDACNP_2_GGGATGGTCGTAACCG-1	IU_PDA_NP2	Normal Pancreas	CC10	Normal Epithelial cells
PDACNP_2_GGGATTATCTCACAAC-1	IU_PDA_NP2	Normal Pancreas	CC10	Normal Epithelial cells
PDACNP_2_GGGATTTACCGCACCT-1	IU_PDA_NP2	Normal Pancreas	CC10	Normal Epithelial cells
PDACNP_2_GGGCAGAGCAATCGTT-1	IU_PDA_NP2	Normal Pancreas	CC10	Normal Epithelial cells
PDACNP_2_GGGCAGTCAACGCCAA-1	IU_PDA_NP2	Normal Pancreas	CC10	Normal Epithelial cells
PDACNP_2_GGGCCCGTCTTAAACA-1	IU_PDA_NP2	Normal Pancreas	CC10	Hepatocytes
PDACNP_2_GGGCCCTACGAAAGGG-1	IU_PDA_NP2	Normal Pancreas	CC10	Normal Epithelial cells
PDACNP_2_GGGCCCTTATCTATAC-1	IU_PDA_NP2	Normal Pancreas	CC10	Normal Epithelial cells
PDACNP_2_GGGCCTATTTAAGTAT-1	IU_PDA_NP2	Normal Pancreas	CC10	Normal Epithelial cells
PDACNP_2_GGGCGAATTTCTCCAC-1	IU_PDA_NP2	Normal Pancreas	CC10	Normal Epithelial cells
PDACNP_2_GGGCGATATGTGTGAA-1	IU_PDA_NP2	Normal Pancreas	CC10	Normal Epithelial cells
PDACNP_2_GGGCGCAGCGTTACTC-1	IU_PDA_NP2	Normal Pancreas	CC10	Normal Epithelial cells
PDACNP_2_GGGCGGCAAATGAATT-1	IU_PDA_NP2	Normal Pancreas	CC10	Normal Epithelial cells
PDACNP_2_GGGCGGGTTCCCTACG-1	IU_PDA_NP2	Normal Pancreas	CC10	Normal Epithelial cells
PDACNP_2_GGGCGGTCCTATTGTC-1	IU_PDA_NP2	Normal Pancreas	CC10	Normal Epithelial cells
PDACNP_2_GGGCGTACATTTATAT-1	IU_PDA_NP2	Normal Pancreas	CC10	Normal Epithelial cells
PDACNP_2_GGGCGTCACCACGTAA-1	IU_PDA_NP2	Normal Pancreas	CC10	Normal Epithelial cells
PDACNP_2_GGGCGTCCACTGGCTC-1	IU_PDA_NP2	Normal Pancreas	CC10	Normal Epithelial cells
PDACNP_2_GGGCGTGGTTTCCCAG-1	IU_PDA_NP2	Normal Pancreas	CC10	Normal Epithelial cells
PDACNP_2_GGGCTATGATCGATGG-1	IU_PDA_NP2	Normal Pancreas	CC10	Normal Epithelial cells
PDACNP_2_GGGCTCATCGAACCCA-1	IU_PDA_NP2	Normal Pancreas	CC10	Normal Epithelial cells
PDACNP_2_GGGCTGCCTAGGGCGA-1	IU_PDA_NP2	Normal Pancreas	CC10	Normal Epithelial cells
PDACNP_2_GGGCTGGTTAGTCGCG-1	IU_PDA_NP2	Normal Pancreas	CC10	Normal Epithelial cells
PDACNP_2_GGGTAATGCTGTGTTT-1	IU_PDA_NP2	Normal Pancreas	CC10	Normal Epithelial cells
PDACNP_2_GGGTACACTCTGGAGG-1	IU_PDA_NP2	Normal Pancreas	CC10	Normal Epithelial cells
PDACNP_2_GGGTACCCACGGTCCT-1	IU_PDA_NP2	Normal Pancreas	CC10	Normal Epithelial cells
PDACNP_2_GGGTACTTCATGAACT-1	IU_PDA_NP2	Normal Pancreas	CC10	Normal Epithelial cells
PDACNP_2_GGGTATGTATGCACTT-1	IU_PDA_NP2	Normal Pancreas	CC10	Normal Epithelial cells
PDACNP_2_GGGTCACCGTGACGGT-1	IU_PDA_NP2	Normal Pancreas	CC10	Normal Epithelial cells
PDACNP_2_GGGTCATGCGTACCAT-1	IU_PDA_NP2	Normal Pancreas	CC10	Normal Epithelial cells
PDACNP_2_GGGTCGTGGCAAGTGT-1	IU_PDA_NP2	Normal Pancreas	CC10	Normal Epithelial cells
PDACNP_2_GGGTCTATCGCTTTCC-1	IU_PDA_NP2	Normal Pancreas	CC10	Normal Epithelial cells
PDACNP_2_GGGTGACACCTTAACT-1	IU_PDA_NP2	Normal Pancreas	CC10	Normal Epithelial cells
PDACNP_2_GGGTGCATATGAAAGC-1	IU_PDA_NP2	Normal Pancreas	CC10	Normal Epithelial cells
PDACNP_2_GGGTGTTTCAGCTATG-1	IU_PDA_NP2	Normal Pancreas	CC10	Normal Epithelial cells
PDACNP_2_GGGTTAACATTTGAGT-1	IU_PDA_NP2	Normal Pancreas	CC10	Normal Epithelial cells
PDACNP_2_GGGTTCAGACGAACAA-1	IU_PDA_NP2	Normal Pancreas	CC10	Normal Epithelial cells
PDACNP_2_GGGTTTAGGATAGGAT-1	IU_PDA_NP2	Normal Pancreas	CC10	Normal Epithelial cells
PDACNP_2_GGTAAACTCTGCGCTG-1	IU_PDA_NP2	Normal Pancreas	CC10	Normal Epithelial cells
PDACNP_2_GGTAAATGTGCGTTAC-1	IU_PDA_NP2	Normal Pancreas	CC10	Normal Epithelial cells
PDACNP_2_GGTAACTATGTATCTG-1	IU_PDA_NP2	Normal Pancreas	CC10	Normal Epithelial cells
PDACNP_2_GGTACAAACATGCTAT-1	IU_PDA_NP2	Normal Pancreas	CC10	Hepatocytes
PDACNP_2_GGTACACCAGATTTAT-1	IU_PDA_NP2	Normal Pancreas	CC10	Normal Epithelial cells
PDACNP_2_GGTACATCTGGGACGA-1	IU_PDA_NP2	Normal Pancreas	CC10	Normal Epithelial cells
PDACNP_2_GGTACCATTAAGACGG-1	IU_PDA_NP2	Normal Pancreas	CC10	Normal Epithelial cells
PDACNP_2_GGTACGTTGCGGCCGG-1	IU_PDA_NP2	Normal Pancreas	CC10	Normal Epithelial cells
PDACNP_2_GGTAGAAGACCGCCTG-1	IU_PDA_NP2	Normal Pancreas	CC10	Normal Epithelial cells
PDACNP_2_GGTAGACCGTTGGGCG-1	IU_PDA_NP2	Normal Pancreas	CC10	Normal Epithelial cells
PDACNP_2_GGTAGTGCTCGCACCA-1	IU_PDA_NP2	Normal Pancreas	CC10	Normal Epithelial cells
PDACNP_2_GGTATAGTGACACATA-1	IU_PDA_NP2	Normal Pancreas	CC10	Normal Epithelial cells
PDACNP_2_GGTATCAAGCATAGAA-1	IU_PDA_NP2	Normal Pancreas	CC10	Normal Epithelial cells
PDACNP_2_GGTATTGCCGAGTTTA-1	IU_PDA_NP2	Normal Pancreas	CC10	Normal Epithelial cells
PDACNP_2_GGTCAAGACTACTTCG-1	IU_PDA_NP2	Normal Pancreas	CC10	Normal Epithelial cells
PDACNP_2_GGTCACGTTAGATTCA-1	IU_PDA_NP2	Normal Pancreas	CC10	Normal Epithelial cells
PDACNP_2_GGTCAGTGGGTCCCAC-1	IU_PDA_NP2	Normal Pancreas	CC10	Normal Epithelial cells
PDACNP_2_GGTCCTTCATACGACT-1	IU_PDA_NP2	Normal Pancreas	CC10	Normal Epithelial cells
PDACNP_2_GGTCGGATAAACGGCG-1	IU_PDA_NP2	Normal Pancreas	CC10	Normal Epithelial cells
PDACNP_2_GGTCGGCCAGGAGCTT-1	IU_PDA_NP2	Normal Pancreas	CC10	Normal Epithelial cells
PDACNP_2_GGTCGGTAATTAGACA-1	IU_PDA_NP2	Normal Pancreas	CC10	Normal Epithelial cells
PDACNP_2_GGTCGGTCGTCCACAG-1	IU_PDA_NP2	Normal Pancreas	CC10	Normal Epithelial cells
PDACNP_2_GGTCTCCAAGTAGTGC-1	IU_PDA_NP2	Normal Pancreas	CC10	Normal Epithelial cells
PDACNP_2_GGTCTCCGTCCAGGTT-1	IU_PDA_NP2	Normal Pancreas	CC10	Normal Epithelial cells
PDACNP_2_GGTCTGAGAATCTGGA-1	IU_PDA_NP2	Normal Pancreas	CC10	Normal Epithelial cells
PDACNP_2_GGTCTTGAGCGCTCTT-1	IU_PDA_NP2	Normal Pancreas	CC10	Normal Epithelial cells
PDACNP_2_GGTGAAACCGGGAATG-1	IU_PDA_NP2	Normal Pancreas	CC10	Normal Epithelial cells
PDACNP_2_GGTGAACGGGCTAGCC-1	IU_PDA_NP2	Normal Pancreas	CC10	Normal Epithelial cells
PDACNP_2_GGTGAAGTACAGGGAT-1	IU_PDA_NP2	Normal Pancreas	CC10	Normal Epithelial cells
PDACNP_2_GGTGAGATGCAGATAA-1	IU_PDA_NP2	Normal Pancreas	CC10	Normal Epithelial cells
PDACNP_2_GGTGATAAGGAGCAGT-1	IU_PDA_NP2	Normal Pancreas	CC10	Normal Epithelial cells
PDACNP_2_GGTGATTTCATCTTGT-1	IU_PDA_NP2	Normal Pancreas	CC10	Normal Epithelial cells
PDACNP_2_GGTGCAGAGCCTATCG-1	IU_PDA_NP2	Normal Pancreas	CC10	Normal Epithelial cells
PDACNP_2_GGTGCGGATAAGTGGC-1	IU_PDA_NP2	Normal Pancreas	CC10	Normal Epithelial cells
PDACNP_2_GGTGCTGATCACAAAG-1	IU_PDA_NP2	Normal Pancreas	CC10	Hepatocytes
PDACNP_2_GGTGCTGGTACACATT-1	IU_PDA_NP2	Normal Pancreas	CC10	Normal Epithelial cells
PDACNP_2_GGTGGACCACGTGTTA-1	IU_PDA_NP2	Normal Pancreas	CC10	Normal Epithelial cells
PDACNP_2_GGTGGACTGCTCTGGC-1	IU_PDA_NP2	Normal Pancreas	CC10	Normal Epithelial cells
PDACNP_2_GGTGGAGGTTGATACG-1	IU_PDA_NP2	Normal Pancreas	CC10	Normal Epithelial cells
PDACNP_2_GGTGTTCTGTTTCTAC-1	IU_PDA_NP2	Normal Pancreas	CC10	Normal Epithelial cells
PDACNP_2_GGTTACCACCCTCGGG-1	IU_PDA_NP2	Normal Pancreas	CC10	Normal Epithelial cells
PDACNP_2_GGTTACCCGACACTTT-1	IU_PDA_NP2	Normal Pancreas	CC10	Normal Epithelial cells
PDACNP_2_GGTTAGCTATATGTCT-1	IU_PDA_NP2	Normal Pancreas	CC10	Normal Epithelial cells
PDACNP_2_GGTTAGGCTTGGAGAA-1	IU_PDA_NP2	Normal Pancreas	CC10	Normal Epithelial cells
PDACNP_2_GGTTAGTTACGGCGCC-1	IU_PDA_NP2	Normal Pancreas	CC10	Normal Epithelial cells
PDACNP_2_GGTTCTACTCGTCTGA-1	IU_PDA_NP2	Normal Pancreas	CC10	Normal Epithelial cells
PDACNP_2_GGTTGTGCTCTTGTCC-1	IU_PDA_NP2	Normal Pancreas	CC10	Normal Epithelial cells
PDACNP_2_GGTTGTGTAGCCTGGC-1	IU_PDA_NP2	Normal Pancreas	CC10	Normal Epithelial cells
PDACNP_2_GGTTTAATTGAGCAGG-1	IU_PDA_NP2	Normal Pancreas	CC10	Normal Epithelial cells
PDACNP_2_GGTTTACAATCTCAAT-1	IU_PDA_NP2	Normal Pancreas	CC10	Normal Epithelial cells
PDACNP_2_GGTTTAGCCTTTCTTG-1	IU_PDA_NP2	Normal Pancreas	CC10	Normal Epithelial cells
PDACNP_2_GGTTTGACAAGAAGCT-1	IU_PDA_NP2	Normal Pancreas	CC10	Normal Epithelial cells
PDACNP_2_GGTTTGAGTGCTGGAA-1	IU_PDA_NP2	Normal Pancreas	CC10	Normal Epithelial cells
PDACNP_2_GGTTTGTGACCTGAGG-1	IU_PDA_NP2	Normal Pancreas	CC10	Normal Epithelial cells
PDACNP_2_GTAACATCTAAGATAA-1	IU_PDA_NP2	Normal Pancreas	CC10	Normal Epithelial cells
PDACNP_2_GTAACTTGCGGCAGTC-1	IU_PDA_NP2	Normal Pancreas	CC10	Normal Epithelial cells
PDACNP_2_GTAAGCGGGCAGTCAG-1	IU_PDA_NP2	Normal Pancreas	CC10	Normal Epithelial cells
PDACNP_2_GTAAGGATTTGTCGGA-1	IU_PDA_NP2	Normal Pancreas	CC10	Normal Epithelial cells
PDACNP_2_GTAAGTAACAGTCTGG-1	IU_PDA_NP2	Normal Pancreas	CC10	Normal Epithelial cells
PDACNP_2_GTAAGTAGGGTATACC-1	IU_PDA_NP2	Normal Pancreas	CC10	Normal Epithelial cells
PDACNP_2_GTAAGTCCACACTCTA-1	IU_PDA_NP2	Normal Pancreas	CC10	Normal Epithelial cells
PDACNP_2_GTAATAAAGGGCTCCC-1	IU_PDA_NP2	Normal Pancreas	CC10	Normal Epithelial cells
PDACNP_2_GTAATCTGATTCTTCG-1	IU_PDA_NP2	Normal Pancreas	CC10	Normal Epithelial cells
PDACNP_2_GTACACTTACCTGAAG-1	IU_PDA_NP2	Normal Pancreas	CC10	Normal Epithelial cells
PDACNP_2_GTACAGAGGCAAGGGT-1	IU_PDA_NP2	Normal Pancreas	CC10	Normal Epithelial cells
PDACNP_2_GTACGACGGCGCTGCG-1	IU_PDA_NP2	Normal Pancreas	CC10	Normal Epithelial cells
PDACNP_2_GTACGAGATTGCGACA-1	IU_PDA_NP2	Normal Pancreas	CC10	Normal Epithelial cells
PDACNP_2_GTACGCTTCATTGCAC-1	IU_PDA_NP2	Normal Pancreas	CC10	Normal Epithelial cells
PDACNP_2_GTACGTCACGTATTAA-1	IU_PDA_NP2	Normal Pancreas	CC10	Normal Epithelial cells
PDACNP_2_GTACTAAGATTTGGAG-1	IU_PDA_NP2	Normal Pancreas	CC10	Normal Epithelial cells
PDACNP_2_GTACTCCCTTATCGCT-1	IU_PDA_NP2	Normal Pancreas	CC10	Normal Epithelial cells
PDACNP_2_GTACTCCTGGGTATGC-1	IU_PDA_NP2	Normal Pancreas	CC10	Normal Epithelial cells
PDACNP_2_GTACTGAGGTCGTAAC-1	IU_PDA_NP2	Normal Pancreas	CC10	Normal Epithelial cells
PDACNP_2_GTACTGCATGAAGCGT-1	IU_PDA_NP2	Normal Pancreas	CC10	Normal Epithelial cells
PDACNP_2_GTACTTGGGCACTTCT-1	IU_PDA_NP2	Normal Pancreas	CC10	Normal Epithelial cells
PDACNP_2_GTAGAAACGGGTGGAG-1	IU_PDA_NP2	Normal Pancreas	CC10	Normal Epithelial cells
PDACNP_2_GTAGACACGCCTGACT-1	IU_PDA_NP2	Normal Pancreas	CC10	Normal Epithelial cells
PDACNP_2_GTAGACGTCGTTACAT-1	IU_PDA_NP2	Normal Pancreas	CC10	Normal Epithelial cells
PDACNP_2_GTAGCCAAACATGGGA-1	IU_PDA_NP2	Normal Pancreas	CC10	Normal Epithelial cells
PDACNP_2_GTAGCGCTGTTGTAGT-1	IU_PDA_NP2	Normal Pancreas	CC10	Normal Epithelial cells
PDACNP_2_GTAGCGGCTATACACT-1	IU_PDA_NP2	Normal Pancreas	CC10	Normal Epithelial cells
PDACNP_2_GTAGGTGATCCGTGTA-1	IU_PDA_NP2	Normal Pancreas	CC10	Normal Epithelial cells
PDACNP_2_GTAGTCGCGGGAATCA-1	IU_PDA_NP2	Normal Pancreas	CC10	Normal Epithelial cells
PDACNP_2_GTAGTCTACGATATTG-1	IU_PDA_NP2	Normal Pancreas	CC10	Normal Epithelial cells
PDACNP_2_GTATAGGACTCAGTAG-1	IU_PDA_NP2	Normal Pancreas	CC10	Normal Epithelial cells
PDACNP_2_GTATAGTGGCCCATGT-1	IU_PDA_NP2	Normal Pancreas	CC10	Normal Epithelial cells
PDACNP_2_GTATATGTTACGGCGG-1	IU_PDA_NP2	Normal Pancreas	CC10	Normal Epithelial cells
PDACNP_2_GTATCAAACGTTAGCT-1	IU_PDA_NP2	Normal Pancreas	CC10	Normal Epithelial cells
PDACNP_2_GTATCAAGGTACTTCC-1	IU_PDA_NP2	Normal Pancreas	CC10	Normal Epithelial cells
PDACNP_2_GTATCAGCTTGGGTTC-1	IU_PDA_NP2	Normal Pancreas	CC10	Normal Epithelial cells
PDACNP_2_GTATCCTTTGGTAACC-1	IU_PDA_NP2	Normal Pancreas	CC10	Normal Epithelial cells
PDACNP_2_GTATCGGGACGAGCTG-1	IU_PDA_NP2	Normal Pancreas	CC10	Normal Epithelial cells
PDACNP_2_GTATCTTTCATAACCA-1	IU_PDA_NP2	Normal Pancreas	CC10	Hepatocytes
PDACNP_2_GTATGACGTGGGAAAC-1	IU_PDA_NP2	Normal Pancreas	CC10	Normal Epithelial cells
PDACNP_2_GTATGTGGGTCTAGTT-1	IU_PDA_NP2	Normal Pancreas	CC10	Normal Epithelial cells
PDACNP_2_GTATTAAGGCGTCTAA-1	IU_PDA_NP2	Normal Pancreas	CC10	Normal Epithelial cells
PDACNP_2_GTATTAGGGTTCGCGT-1	IU_PDA_NP2	Normal Pancreas	CC10	Normal Epithelial cells
PDACNP_2_GTATTCTGAGAAACGA-1	IU_PDA_NP2	Normal Pancreas	CC10	Normal Epithelial cells
PDACNP_2_GTATTCTTACCGTGCT-1	IU_PDA_NP2	Normal Pancreas	CC10	Normal Epithelial cells
PDACNP_2_GTCAAAGTTTACATAG-1	IU_PDA_NP2	Normal Pancreas	CC10	Normal Epithelial cells
PDACNP_2_GTCAACCAGGCCTATA-1	IU_PDA_NP2	Normal Pancreas	CC10	Normal Epithelial cells
PDACNP_2_GTCAAGCGGACTCGGG-1	IU_PDA_NP2	Normal Pancreas	CC10	Normal Epithelial cells
PDACNP_2_GTCAATGCTATAATTT-1	IU_PDA_NP2	Normal Pancreas	CC10	Normal Epithelial cells
PDACNP_2_GTCAATTGTACTGAAG-1	IU_PDA_NP2	Normal Pancreas	CC10	Normal Epithelial cells
PDACNP_2_GTCACAAAGTTTCCAA-1	IU_PDA_NP2	Normal Pancreas	CC10	Normal Epithelial cells
PDACNP_2_GTCACTCTCCAAATCT-1	IU_PDA_NP2	Normal Pancreas	CC10	Normal Epithelial cells
PDACNP_2_GTCAGAATAGTCTATG-1	IU_PDA_NP2	Normal Pancreas	CC10	Normal Epithelial cells
PDACNP_2_GTCAGACAGCGTTGGA-1	IU_PDA_NP2	Normal Pancreas	CC10	Normal Epithelial cells
PDACNP_2_GTCAGTTTGGTAGTCG-1	IU_PDA_NP2	Normal Pancreas	CC10	Normal Epithelial cells
PDACNP_2_GTCATCTCCTACAGCT-1	IU_PDA_NP2	Normal Pancreas	CC10	Normal Epithelial cells
PDACNP_2_GTCATGCACCTCCGTT-1	IU_PDA_NP2	Normal Pancreas	CC10	Normal Epithelial cells
PDACNP_2_GTCATGCGCGAGGGCT-1	IU_PDA_NP2	Normal Pancreas	CC10	Normal Epithelial cells
PDACNP_2_GTCATGGACATGACTA-1	IU_PDA_NP2	Normal Pancreas	CC10	Normal Epithelial cells
PDACNP_2_GTCATTAGAGCGAACG-1	IU_PDA_NP2	Normal Pancreas	CC10	Normal Epithelial cells
PDACNP_2_GTCATTGCATTGACCC-1	IU_PDA_NP2	Normal Pancreas	CC10	Normal Epithelial cells
PDACNP_2_GTCCATTACTGCTACG-1	IU_PDA_NP2	Normal Pancreas	CC10	Normal Epithelial cells
PDACNP_2_GTCCCAACGTAAAGTA-1	IU_PDA_NP2	Normal Pancreas	CC10	Normal Epithelial cells
PDACNP_2_GTCCCGCGACGTTATG-1	IU_PDA_NP2	Normal Pancreas	CC10	Normal Epithelial cells
PDACNP_2_GTCCGAGAGCAATCAT-1	IU_PDA_NP2	Normal Pancreas	CC10	Normal Epithelial cells
PDACNP_2_GTCCGGACCTGAAATT-1	IU_PDA_NP2	Normal Pancreas	CC10	Normal Epithelial cells
PDACNP_2_GTCCGGCTGAATTGCG-1	IU_PDA_NP2	Normal Pancreas	CC10	Normal Epithelial cells
PDACNP_2_GTCCGGGTTCACATTA-1	IU_PDA_NP2	Normal Pancreas	CC10	Normal Epithelial cells
PDACNP_2_GTCCTACAGGCGGCTC-1	IU_PDA_NP2	Normal Pancreas	CC10	Normal Epithelial cells
PDACNP_2_GTCCTACGAATAGTCT-1	IU_PDA_NP2	Normal Pancreas	CC10	Normal Epithelial cells
PDACNP_2_GTCCTATTGTTGTGGT-1	IU_PDA_NP2	Normal Pancreas	CC10	Normal Epithelial cells
PDACNP_2_GTCCTTCTACAACCCA-1	IU_PDA_NP2	Normal Pancreas	CC10	Normal Epithelial cells
PDACNP_2_GTCCTTCTAGTGGGTT-1	IU_PDA_NP2	Normal Pancreas	CC10	Normal Epithelial cells
PDACNP_2_GTCCTTTAATGACTTC-1	IU_PDA_NP2	Normal Pancreas	CC10	Normal Epithelial cells
PDACNP_2_GTCGCGTAACCCGTTG-1	IU_PDA_NP2	Normal Pancreas	CC10	Normal Epithelial cells
PDACNP_2_GTCGGAAGGATACCAG-1	IU_PDA_NP2	Normal Pancreas	CC10	Normal Epithelial cells
PDACNP_2_GTCGGATATCTCAGAC-1	IU_PDA_NP2	Normal Pancreas	CC10	Normal Epithelial cells
PDACNP_2_GTCGGGAAGCAGAAAC-1	IU_PDA_NP2	Normal Pancreas	CC10	Normal Epithelial cells
PDACNP_2_GTCGTACCATCTCGGG-1	IU_PDA_NP2	Normal Pancreas	CC10	Normal Epithelial cells
PDACNP_2_GTCGTACCTACGATTG-1	IU_PDA_NP2	Normal Pancreas	CC10	Normal Epithelial cells
PDACNP_2_GTCGTATTGGCGTACA-1	IU_PDA_NP2	Normal Pancreas	CC10	Normal Epithelial cells
PDACNP_2_GTCGTCAATTATAAGG-1	IU_PDA_NP2	Normal Pancreas	CC10	Normal Epithelial cells
PDACNP_2_GTCGTCTGGTTGGCTA-1	IU_PDA_NP2	Normal Pancreas	CC10	Normal Epithelial cells
PDACNP_2_GTCGTGTCTGGTCATC-1	IU_PDA_NP2	Normal Pancreas	CC10	Normal Epithelial cells
PDACNP_2_GTCGTTATTCGCTTAT-1	IU_PDA_NP2	Normal Pancreas	CC10	Normal Epithelial cells
PDACNP_2_GTCTACTCAATTACAA-1	IU_PDA_NP2	Normal Pancreas	CC10	Normal Epithelial cells
PDACNP_2_GTCTAGTGAGCCGCTT-1	IU_PDA_NP2	Normal Pancreas	CC10	Normal Epithelial cells
PDACNP_2_GTCTATCTGAGTTTCT-1	IU_PDA_NP2	Normal Pancreas	CC10	Normal Epithelial cells
PDACNP_2_GTCTATTGCATGCTCG-1	IU_PDA_NP2	Normal Pancreas	CC10	Normal Epithelial cells
PDACNP_2_GTCTCAAGGCCCGGCT-1	IU_PDA_NP2	Normal Pancreas	CC10	Normal Epithelial cells
PDACNP_2_GTCTCGACTAAGTTTG-1	IU_PDA_NP2	Normal Pancreas	CC10	Normal Epithelial cells
PDACNP_2_GTCTCGATCTGCTTTC-1	IU_PDA_NP2	Normal Pancreas	CC10	Normal Epithelial cells
PDACNP_2_GTCTGCCGACTCGACG-1	IU_PDA_NP2	Normal Pancreas	CC10	Normal Epithelial cells
PDACNP_2_GTCTGGGCGGTCGAGA-1	IU_PDA_NP2	Normal Pancreas	CC10	Normal Epithelial cells
PDACNP_2_GTCTTAGTACAGCCGG-1	IU_PDA_NP2	Normal Pancreas	CC10	Normal Epithelial cells
PDACNP_2_GTCTTGAGGAGCAGTG-1	IU_PDA_NP2	Normal Pancreas	CC10	Normal Epithelial cells
PDACNP_2_GTCTTGTAGCTATTCA-1	IU_PDA_NP2	Normal Pancreas	CC10	Normal Epithelial cells
PDACNP_2_GTGAAACGGCGCCACC-1	IU_PDA_NP2	Normal Pancreas	CC10	Normal Epithelial cells
PDACNP_2_GTGAAACGTGCTCCAC-1	IU_PDA_NP2	Normal Pancreas	CC10	Normal Epithelial cells
PDACNP_2_GTGAAGATTTCAAGTG-1	IU_PDA_NP2	Normal Pancreas	CC10	Normal Epithelial cells
PDACNP_2_GTGAAGCCGTATAGTC-1	IU_PDA_NP2	Normal Pancreas	CC10	Normal Epithelial cells
PDACNP_2_GTGACAGCTTCCCACT-1	IU_PDA_NP2	Normal Pancreas	CC10	Normal Epithelial cells
PDACNP_2_GTGACGAGGGTGACCC-1	IU_PDA_NP2	Normal Pancreas	CC10	Normal Epithelial cells
PDACNP_2_GTGAGCGTGCTGCACT-1	IU_PDA_NP2	Normal Pancreas	CC10	Hepatocytes
PDACNP_2_GTGAGGACACTTAAGG-1	IU_PDA_NP2	Normal Pancreas	CC10	Normal Epithelial cells
PDACNP_2_GTGAGGAGCGGTTGAG-1	IU_PDA_NP2	Normal Pancreas	CC10	Normal Epithelial cells
PDACNP_2_GTGAGTCTAAGACGGA-1	IU_PDA_NP2	Normal Pancreas	CC10	Normal Epithelial cells
PDACNP_2_GTGAGTGGTACAACGC-1	IU_PDA_NP2	Normal Pancreas	CC10	Normal Epithelial cells
PDACNP_2_GTGATCACTAACGCCT-1	IU_PDA_NP2	Normal Pancreas	CC10	Normal Epithelial cells
PDACNP_2_GTGATCCTTGTCATGA-1	IU_PDA_NP2	Normal Pancreas	CC10	Normal Epithelial cells
PDACNP_2_GTGATGCACAACATCT-1	IU_PDA_NP2	Normal Pancreas	CC10	Normal Epithelial cells
PDACNP_2_GTGATTCGCCGCTCAA-1	IU_PDA_NP2	Normal Pancreas	CC10	Normal Epithelial cells
PDACNP_2_GTGCAACAAATGTGGC-1	IU_PDA_NP2	Normal Pancreas	CC10	Normal Epithelial cells
PDACNP_2_GTGCACGAAAGTGACT-1	IU_PDA_NP2	Normal Pancreas	CC10	Normal Epithelial cells
PDACNP_2_GTGCCATCACACGGTG-1	IU_PDA_NP2	Normal Pancreas	CC10	Normal Epithelial cells
PDACNP_2_GTGCCCGTTCGGATTC-1	IU_PDA_NP2	Normal Pancreas	CC10	Normal Epithelial cells
PDACNP_2_GTGCCGCTTCAAAGGT-1	IU_PDA_NP2	Normal Pancreas	CC10	Normal Epithelial cells
PDACNP_2_GTGCCTAGCTATGCTT-1	IU_PDA_NP2	Normal Pancreas	CC10	Normal Epithelial cells
PDACNP_2_GTGCCTCAGTGTACGG-1	IU_PDA_NP2	Normal Pancreas	CC10	Normal Epithelial cells
PDACNP_2_GTGCCTGAGACCAAAC-1	IU_PDA_NP2	Normal Pancreas	CC10	Normal Epithelial cells
PDACNP_2_GTGCGAAATCGAACAC-1	IU_PDA_NP2	Normal Pancreas	CC10	Normal Epithelial cells
PDACNP_2_GTGCGCAGCTTGCTCC-1	IU_PDA_NP2	Normal Pancreas	CC10	Normal Epithelial cells
PDACNP_2_GTGCGGGACCATCGGC-1	IU_PDA_NP2	Normal Pancreas	CC10	Normal Epithelial cells
PDACNP_2_GTGCGGGTCTCCAAAT-1	IU_PDA_NP2	Normal Pancreas	CC10	Normal Epithelial cells
PDACNP_2_GTGCGTGTATATGAGC-1	IU_PDA_NP2	Normal Pancreas	CC10	Normal Epithelial cells
PDACNP_2_GTGCTCAAGTACTGTC-1	IU_PDA_NP2	Normal Pancreas	CC10	Normal Epithelial cells
PDACNP_2_GTGCTGCAGATAAGGA-1	IU_PDA_NP2	Normal Pancreas	CC10	Normal Epithelial cells
PDACNP_2_GTGCTTACATCAGCGC-1	IU_PDA_NP2	Normal Pancreas	CC10	Normal Epithelial cells
PDACNP_2_GTGGAACCTACATGCG-1	IU_PDA_NP2	Normal Pancreas	CC10	Normal Epithelial cells
PDACNP_2_GTGGACCAACCCGATT-1	IU_PDA_NP2	Normal Pancreas	CC10	Normal Epithelial cells
PDACNP_2_GTGGACGCATTTGTCC-1	IU_PDA_NP2	Normal Pancreas	CC10	Normal Epithelial cells
PDACNP_2_GTGGACGTGCTGAGAC-1	IU_PDA_NP2	Normal Pancreas	CC10	Normal Epithelial cells
PDACNP_2_GTGGCGGTCCCAGCGT-1	IU_PDA_NP2	Normal Pancreas	CC10	Hepatocytes
PDACNP_2_GTGGCTGTTTCTGTTC-1	IU_PDA_NP2	Normal Pancreas	CC10	Normal Epithelial cells
PDACNP_2_GTGGGCTTAGACACAC-1	IU_PDA_NP2	Normal Pancreas	CC10	Normal Epithelial cells
PDACNP_2_GTGGGTCTTCTTTGCG-1	IU_PDA_NP2	Normal Pancreas	CC10	Normal Epithelial cells
PDACNP_2_GTGGTCAGCGAAGTAT-1	IU_PDA_NP2	Normal Pancreas	CC10	Normal Epithelial cells
PDACNP_2_GTGGTGGCCAAGTGAA-1	IU_PDA_NP2	Normal Pancreas	CC10	Normal Epithelial cells
PDACNP_2_GTGGTTACTTCTTTCG-1	IU_PDA_NP2	Normal Pancreas	CC10	Normal Epithelial cells
PDACNP_2_GTGGTTTCCGCCTTTC-1	IU_PDA_NP2	Normal Pancreas	CC10	Normal Epithelial cells
PDACNP_2_GTGTACCTTGGCTACG-1	IU_PDA_NP2	Normal Pancreas	CC10	Normal Epithelial cells
PDACNP_2_GTGTATGACTTTAAAG-1	IU_PDA_NP2	Normal Pancreas	CC10	Normal Epithelial cells
PDACNP_2_GTGTCCGATAAGGCAT-1	IU_PDA_NP2	Normal Pancreas	CC10	Normal Epithelial cells
PDACNP_2_GTGTGAGCCGAGGTGC-1	IU_PDA_NP2	Normal Pancreas	CC10	Normal Epithelial cells
PDACNP_2_GTGTGTCGACGTCGCT-1	IU_PDA_NP2	Normal Pancreas	CC10	Normal Epithelial cells
PDACNP_2_GTGTTACTATGCGTCC-1	IU_PDA_NP2	Normal Pancreas	CC10	Normal Epithelial cells
PDACNP_2_GTTAAAGTAGGACTGG-1	IU_PDA_NP2	Normal Pancreas	CC10	Normal Epithelial cells
PDACNP_2_GTTAACATCACTTAAA-1	IU_PDA_NP2	Normal Pancreas	CC10	Normal Epithelial cells
PDACNP_2_GTTAACTATGTTGTCA-1	IU_PDA_NP2	Normal Pancreas	CC10	Normal Epithelial cells
PDACNP_2_GTTAAGGGTGCGATGT-1	IU_PDA_NP2	Normal Pancreas	CC10	Normal Epithelial cells
PDACNP_2_GTTAAGTTAGAGTGGG-1	IU_PDA_NP2	Normal Pancreas	CC10	Normal Epithelial cells
PDACNP_2_GTTAATGTCTATCTTA-1	IU_PDA_NP2	Normal Pancreas	CC10	Normal Epithelial cells
PDACNP_2_GTTACAATTGGTGACG-1	IU_PDA_NP2	Normal Pancreas	CC10	Normal Epithelial cells
PDACNP_2_GTTACCTACAACTTGC-1	IU_PDA_NP2	Normal Pancreas	CC10	Normal Epithelial cells
PDACNP_2_GTTACGAAATCCACGC-1	IU_PDA_NP2	Normal Pancreas	CC10	Normal Epithelial cells
PDACNP_2_GTTACGGCCCGACTGC-1	IU_PDA_NP2	Normal Pancreas	CC10	Normal Epithelial cells
PDACNP_2_GTTACTTTGGGCCTAG-1	IU_PDA_NP2	Normal Pancreas	CC10	Normal Epithelial cells
PDACNP_2_GTTAGCCCATGACATC-1	IU_PDA_NP2	Normal Pancreas	CC10	Normal Epithelial cells
PDACNP_2_GTTAGCCGTAAATCAA-1	IU_PDA_NP2	Normal Pancreas	CC10	Normal Epithelial cells
PDACNP_2_GTTATAATACGGTGAA-1	IU_PDA_NP2	Normal Pancreas	CC10	Normal Epithelial cells
PDACNP_2_GTTATATCAGGAGCCA-1	IU_PDA_NP2	Normal Pancreas	CC10	Normal Epithelial cells
PDACNP_2_GTTATATTATCTCCCT-1	IU_PDA_NP2	Normal Pancreas	CC10	Normal Epithelial cells
PDACNP_2_GTTATCAAGCTATCGA-1	IU_PDA_NP2	Normal Pancreas	CC10	Normal Epithelial cells
PDACNP_2_GTTATTAACGTGGGAG-1	IU_PDA_NP2	Normal Pancreas	CC10	Normal Epithelial cells
PDACNP_2_GTTCACAGGAGTCTAG-1	IU_PDA_NP2	Normal Pancreas	CC10	Normal Epithelial cells
PDACNP_2_GTTCATCGTTTGGCTG-1	IU_PDA_NP2	Normal Pancreas	CC10	Normal Epithelial cells
PDACNP_2_GTTCCAAGACAGCGAC-1	IU_PDA_NP2	Normal Pancreas	CC10	Normal Epithelial cells
PDACNP_2_GTTCCAGTCTGACCAT-1	IU_PDA_NP2	Normal Pancreas	CC10	Normal Epithelial cells
PDACNP_2_GTTCGCCATAAGTGCC-1	IU_PDA_NP2	Normal Pancreas	CC10	Normal Epithelial cells
PDACNP_2_GTTCGCTGAGACGTCT-1	IU_PDA_NP2	Normal Pancreas	CC10	Normal Epithelial cells
PDACNP_2_GTTCGGAGCACTCAAC-1	IU_PDA_NP2	Normal Pancreas	CC10	Normal Epithelial cells
PDACNP_2_GTTCGGATCGGGAACA-1	IU_PDA_NP2	Normal Pancreas	CC10	Normal Epithelial cells
PDACNP_2_GTTCGTCTAAAGAACT-1	IU_PDA_NP2	Normal Pancreas	CC10	Normal Epithelial cells
PDACNP_2_GTTCGTCTGGGTCCCT-1	IU_PDA_NP2	Normal Pancreas	CC10	Normal Epithelial cells
PDACNP_2_GTTCGTTGCGGACCAG-1	IU_PDA_NP2	Normal Pancreas	CC10	Normal Epithelial cells
PDACNP_2_GTTCTTCCCTCGATGT-1	IU_PDA_NP2	Normal Pancreas	CC10	Normal Epithelial cells
PDACNP_2_GTTGAACCGGTTCCAT-1	IU_PDA_NP2	Normal Pancreas	CC10	Hepatocytes
PDACNP_2_GTTGCACGGAGTTTCG-1	IU_PDA_NP2	Normal Pancreas	CC10	Normal Epithelial cells
PDACNP_2_GTTGCGCTAACATTAC-1	IU_PDA_NP2	Normal Pancreas	CC10	Normal Epithelial cells
PDACNP_2_GTTGGACCGCATCAGG-1	IU_PDA_NP2	Normal Pancreas	CC10	Normal Epithelial cells
PDACNP_2_GTTGGATTCAGTGGCT-1	IU_PDA_NP2	Normal Pancreas	CC10	Normal Epithelial cells
PDACNP_2_GTTGGATTTGCGTTGG-1	IU_PDA_NP2	Normal Pancreas	CC10	Normal Epithelial cells
PDACNP_2_GTTGGTCATGCTATCC-1	IU_PDA_NP2	Normal Pancreas	CC10	Normal Epithelial cells
PDACNP_2_GTTGTCGTGTTAGTTG-1	IU_PDA_NP2	Normal Pancreas	CC10	Normal Epithelial cells
PDACNP_2_GTTTACGTTCCATCTG-1	IU_PDA_NP2	Normal Pancreas	CC10	Normal Epithelial cells
PDACNP_2_GTTTATGGGATTTAGA-1	IU_PDA_NP2	Normal Pancreas	CC10	Normal Epithelial cells
PDACNP_2_GTTTCAAACGAGTTGT-1	IU_PDA_NP2	Normal Pancreas	CC10	Normal Epithelial cells
PDACNP_2_GTTTCATATCGTCGCT-1	IU_PDA_NP2	Normal Pancreas	CC10	Hepatocytes
PDACNP_2_GTTTCCTGGAGGGTGA-1	IU_PDA_NP2	Normal Pancreas	CC10	Normal Epithelial cells
PDACNP_2_GTTTCTAGAGGCGCGG-1	IU_PDA_NP2	Normal Pancreas	CC10	Normal Epithelial cells
PDACNP_2_GTTTCTGCAGTCTCCC-1	IU_PDA_NP2	Normal Pancreas	CC10	Normal Epithelial cells
PDACNP_2_GTTTGACCAAATCCTA-1	IU_PDA_NP2	Normal Pancreas	CC10	Hepatocytes
PDACNP_2_GTTTGGCCCAAGTTAT-1	IU_PDA_NP2	Normal Pancreas	CC10	Normal Epithelial cells
PDACNP_2_GTTTGGCCGCTCAGCG-1	IU_PDA_NP2	Normal Pancreas	CC10	Normal Epithelial cells
PDACNP_2_GTTTGGGCTTGTGAGC-1	IU_PDA_NP2	Normal Pancreas	CC10	Normal Epithelial cells
PDACNP_2_GTTTGGGTTTCGCCCG-1	IU_PDA_NP2	Normal Pancreas	CC10	Normal Epithelial cells
PDACNP_2_GTTTGGTAGGGTCAAC-1	IU_PDA_NP2	Normal Pancreas	CC10	Normal Epithelial cells
PDACNP_2_TAAACGTCGTCAATGA-1	IU_PDA_NP2	Normal Pancreas	CC10	Normal Epithelial cells
PDACNP_2_TAAAGACAACCCTTTA-1	IU_PDA_NP2	Normal Pancreas	CC10	Normal Epithelial cells
PDACNP_2_TAAAGAGCCCGAAACC-1	IU_PDA_NP2	Normal Pancreas	CC10	Normal Epithelial cells
PDACNP_2_TAAAGCGTTAGGAGAA-1	IU_PDA_NP2	Normal Pancreas	CC10	Normal Epithelial cells
PDACNP_2_TAAAGCTGCAATAGGG-1	IU_PDA_NP2	Normal Pancreas	CC10	Normal Epithelial cells
PDACNP_2_TAAATCTTTACACCTC-1	IU_PDA_NP2	Normal Pancreas	CC10	Normal Epithelial cells
PDACNP_2_TAAATGAATCCGTTTC-1	IU_PDA_NP2	Normal Pancreas	CC10	Normal Epithelial cells
PDACNP_2_TAAATGCCGTCTCATG-1	IU_PDA_NP2	Normal Pancreas	CC10	Normal Epithelial cells
PDACNP_2_TAACAAAGGGAGAAGC-1	IU_PDA_NP2	Normal Pancreas	CC10	Normal Epithelial cells
PDACNP_2_TAACAATATTTGTTGC-1	IU_PDA_NP2	Normal Pancreas	CC10	Normal Epithelial cells
PDACNP_2_TAACATACAATGTGGG-1	IU_PDA_NP2	Normal Pancreas	CC10	Normal Epithelial cells
PDACNP_2_TAACCGCCCGCAGTGC-1	IU_PDA_NP2	Normal Pancreas	CC10	Normal Epithelial cells
PDACNP_2_TAACCTAGGGAGTCCA-1	IU_PDA_NP2	Normal Pancreas	CC10	Normal Epithelial cells
PDACNP_2_TAACGCTTTGAGAGCG-1	IU_PDA_NP2	Normal Pancreas	CC10	Normal Epithelial cells
PDACNP_2_TAACTATCGAAGGTCC-1	IU_PDA_NP2	Normal Pancreas	CC10	Normal Epithelial cells
PDACNP_2_TAACTATTACGCCAAA-1	IU_PDA_NP2	Normal Pancreas	CC10	Normal Epithelial cells
PDACNP_2_TAACTCCATGGAGGCT-1	IU_PDA_NP2	Normal Pancreas	CC10	Normal Epithelial cells
PDACNP_2_TAAGATTTAGCGGGAG-1	IU_PDA_NP2	Normal Pancreas	CC10	Normal Epithelial cells
PDACNP_2_TAAGCAGGCGACACGC-1	IU_PDA_NP2	Normal Pancreas	CC10	Normal Epithelial cells
PDACNP_2_TAAGCCCTTACGACCA-1	IU_PDA_NP2	Normal Pancreas	CC10	Normal Epithelial cells
PDACNP_2_TAAGGCAACATAAGAT-1	IU_PDA_NP2	Normal Pancreas	CC10	Normal Epithelial cells
PDACNP_2_TAAGGCATAACATCAA-1	IU_PDA_NP2	Normal Pancreas	CC10	Normal Epithelial cells
PDACNP_2_TAAGGCCCGTCACCCT-1	IU_PDA_NP2	Normal Pancreas	CC10	Normal Epithelial cells
PDACNP_2_TAAGGGCCTGTCCGAT-1	IU_PDA_NP2	Normal Pancreas	CC10	Normal Epithelial cells
PDACNP_2_TAAGGGCTGGGAGAGG-1	IU_PDA_NP2	Normal Pancreas	CC10	Normal Epithelial cells
PDACNP_2_TAAGTAAATGTGCCGC-1	IU_PDA_NP2	Normal Pancreas	CC10	Normal Epithelial cells
PDACNP_2_TAAGTAACATCTTGAC-1	IU_PDA_NP2	Normal Pancreas	CC10	Normal Epithelial cells
PDACNP_2_TAAGTTGCGACGTAGG-1	IU_PDA_NP2	Normal Pancreas	CC10	Normal Epithelial cells
PDACNP_2_TAATAAACAAGGAGAT-1	IU_PDA_NP2	Normal Pancreas	CC10	Normal Epithelial cells
PDACNP_2_TAATACACAGTAGTAT-1	IU_PDA_NP2	Normal Pancreas	CC10	Normal Epithelial cells
PDACNP_2_TAATACTAGAACAGAC-1	IU_PDA_NP2	Normal Pancreas	CC10	Normal Epithelial cells
PDACNP_2_TAATAGTGACGACCAG-1	IU_PDA_NP2	Normal Pancreas	CC10	Normal Epithelial cells
PDACNP_2_TAATATTGAAATTCGC-1	IU_PDA_NP2	Normal Pancreas	CC10	Normal Epithelial cells
PDACNP_2_TAATCAACCAAATGGG-1	IU_PDA_NP2	Normal Pancreas	CC10	Normal Epithelial cells
PDACNP_2_TAATCGATCCGTACGT-1	IU_PDA_NP2	Normal Pancreas	CC10	Normal Epithelial cells
PDACNP_2_TAATTACGTCAGTAGA-1	IU_PDA_NP2	Normal Pancreas	CC10	Normal Epithelial cells
PDACNP_2_TAATTAGATGGATATG-1	IU_PDA_NP2	Normal Pancreas	CC10	Normal Epithelial cells
PDACNP_2_TAATTAGGACATCCGT-1	IU_PDA_NP2	Normal Pancreas	CC10	Normal Epithelial cells
PDACNP_2_TAATTGGAATCGGGAA-1	IU_PDA_NP2	Normal Pancreas	CC10	Normal Epithelial cells
PDACNP_2_TACAACGCACAACTCA-1	IU_PDA_NP2	Normal Pancreas	CC10	Normal Epithelial cells
PDACNP_2_TACAAGGGCTTCTTTA-1	IU_PDA_NP2	Normal Pancreas	CC10	Normal Epithelial cells
PDACNP_2_TACAAGTCTCGTGCAT-1	IU_PDA_NP2	Normal Pancreas	CC10	Normal Epithelial cells
PDACNP_2_TACACAGCCGTGGTGC-1	IU_PDA_NP2	Normal Pancreas	CC10	Normal Epithelial cells
PDACNP_2_TACACCGTCGTTAGTC-1	IU_PDA_NP2	Normal Pancreas	CC10	Normal Epithelial cells
PDACNP_2_TACACCTCTTCGAATC-1	IU_PDA_NP2	Normal Pancreas	CC10	Normal Epithelial cells
PDACNP_2_TACAGAAACGGTGGGC-1	IU_PDA_NP2	Normal Pancreas	CC10	Normal Epithelial cells
PDACNP_2_TACATAGGCATACACC-1	IU_PDA_NP2	Normal Pancreas	CC10	Normal Epithelial cells
PDACNP_2_TACATCTTGTTTCTTG-1	IU_PDA_NP2	Normal Pancreas	CC10	Normal Epithelial cells
PDACNP_2_TACATGACCTTATCCG-1	IU_PDA_NP2	Normal Pancreas	CC10	Normal Epithelial cells
PDACNP_2_TACATTTCTAACGTGC-1	IU_PDA_NP2	Normal Pancreas	CC10	Hepatocytes
PDACNP_2_TACCAAATAGCCCAGA-1	IU_PDA_NP2	Normal Pancreas	CC10	Normal Epithelial cells
PDACNP_2_TACCAATAAAGTACCA-1	IU_PDA_NP2	Normal Pancreas	CC10	Normal Epithelial cells
PDACNP_2_TACCAGAAGTAGGTTC-1	IU_PDA_NP2	Normal Pancreas	CC10	Normal Epithelial cells
PDACNP_2_TACCAGCTAGGTTTAA-1	IU_PDA_NP2	Normal Pancreas	CC10	Normal Epithelial cells
PDACNP_2_TACCATGTATTGATTT-1	IU_PDA_NP2	Normal Pancreas	CC10	Normal Epithelial cells
PDACNP_2_TACCGAATAATTGTAA-1	IU_PDA_NP2	Normal Pancreas	CC10	Normal Epithelial cells
PDACNP_2_TACCGGCTCACTGCCC-1	IU_PDA_NP2	Normal Pancreas	CC10	Hepatocytes
PDACNP_2_TACCGGTCGTTTCCAT-1	IU_PDA_NP2	Normal Pancreas	CC10	Normal Epithelial cells
PDACNP_2_TACCGTAGGTTAACTA-1	IU_PDA_NP2	Normal Pancreas	CC10	Normal Epithelial cells
PDACNP_2_TACCGTGCCTCGGACC-1	IU_PDA_NP2	Normal Pancreas	CC10	Hepatocytes
PDACNP_2_TACCTACTCCCAGTAT-1	IU_PDA_NP2	Normal Pancreas	CC10	Normal Epithelial cells
PDACNP_2_TACCTCACGCTTGTAC-1	IU_PDA_NP2	Normal Pancreas	CC10	Normal Epithelial cells
PDACNP_2_TACCTCAGTTGTCTGT-1	IU_PDA_NP2	Normal Pancreas	CC10	Normal Epithelial cells
PDACNP_2_TACCTGCTGCACTGTG-1	IU_PDA_NP2	Normal Pancreas	CC10	Normal Epithelial cells
PDACNP_2_TACGAACACGACTTCA-1	IU_PDA_NP2	Normal Pancreas	CC10	Hepatocytes
PDACNP_2_TACGACGCTTGCTGCG-1	IU_PDA_NP2	Normal Pancreas	CC10	Normal Epithelial cells
PDACNP_2_TACGACTGCCTCTTAG-1	IU_PDA_NP2	Normal Pancreas	CC10	Normal Epithelial cells
PDACNP_2_TACGAGAACTTCACGT-1	IU_PDA_NP2	Normal Pancreas	CC10	Normal Epithelial cells
PDACNP_2_TACGATGTTGATCATC-1	IU_PDA_NP2	Normal Pancreas	CC10	Normal Epithelial cells
PDACNP_2_TACGCAGTTCTTTCCT-1	IU_PDA_NP2	Normal Pancreas	CC10	Hepatocytes
PDACNP_2_TACGCCATATTCTAAT-1	IU_PDA_NP2	Normal Pancreas	CC10	Normal Epithelial cells
PDACNP_2_TACGCCTCCATTCCGA-1	IU_PDA_NP2	Normal Pancreas	CC10	Hepatocytes
PDACNP_2_TACGCTCGGTATTGGA-1	IU_PDA_NP2	Normal Pancreas	CC10	Normal Epithelial cells
PDACNP_2_TACGGAAGCCAAACCA-1	IU_PDA_NP2	Normal Pancreas	CC10	Normal Epithelial cells
PDACNP_2_TACGGCATGGACGCTA-1	IU_PDA_NP2	Normal Pancreas	CC10	Normal Epithelial cells
PDACNP_2_TACGGGTAATAACATA-1	IU_PDA_NP2	Normal Pancreas	CC10	Normal Epithelial cells
PDACNP_2_TACGTAAAGCGGAGTG-1	IU_PDA_NP2	Normal Pancreas	CC10	Normal Epithelial cells
PDACNP_2_TACGTGCACTATGCTG-1	IU_PDA_NP2	Normal Pancreas	CC10	Normal Epithelial cells
PDACNP_2_TACGTGGGCCCAGGGC-1	IU_PDA_NP2	Normal Pancreas	CC2	Normal Epithelial cells
PDACNP_2_TACGTTTACCGGCAAT-1	IU_PDA_NP2	Normal Pancreas	CC10	Hepatocytes
PDACNP_2_TACTACGTGCAATGCG-1	IU_PDA_NP2	Normal Pancreas	CC10	Normal Epithelial cells
PDACNP_2_TACTATGGTTCCTCAG-1	IU_PDA_NP2	Normal Pancreas	CC10	Normal Epithelial cells
PDACNP_2_TACTCGGCACGCCGGG-1	IU_PDA_NP2	Normal Pancreas	CC10	Normal Epithelial cells
PDACNP_2_TACTCTCCGAACAAAT-1	IU_PDA_NP2	Normal Pancreas	CC10	Normal Epithelial cells
PDACNP_2_TACTCTTACTTTACTG-1	IU_PDA_NP2	Normal Pancreas	CC10	Normal Epithelial cells
PDACNP_2_TACTCTTTCGTCTTCA-1	IU_PDA_NP2	Normal Pancreas	CC10	Normal Epithelial cells
PDACNP_2_TACTGAACAGATTTAG-1	IU_PDA_NP2	Normal Pancreas	CC10	Normal Epithelial cells
PDACNP_2_TACTGCAATCAATTAC-1	IU_PDA_NP2	Normal Pancreas	CC10	Normal Epithelial cells
PDACNP_2_TACTGGACAGCTCGGC-1	IU_PDA_NP2	Normal Pancreas	CC10	Hepatocytes
PDACNP_2_TACTGTTTCTCTGGTA-1	IU_PDA_NP2	Normal Pancreas	CC10	Normal Epithelial cells
PDACNP_2_TACTTAAACATGTACA-1	IU_PDA_NP2	Normal Pancreas	CC10	Normal Epithelial cells
PDACNP_2_TACTTGTTAGTAGTCC-1	IU_PDA_NP2	Normal Pancreas	CC10	Normal Epithelial cells
PDACNP_2_TAGAAACCACTAAGTA-1	IU_PDA_NP2	Normal Pancreas	CC10	Normal Epithelial cells
PDACNP_2_TAGAAAGGTGGCGCTA-1	IU_PDA_NP2	Normal Pancreas	CC10	Normal Epithelial cells
PDACNP_2_TAGAAATTCACGTATA-1	IU_PDA_NP2	Normal Pancreas	CC10	Normal Epithelial cells
PDACNP_2_TAGAACGCCAGTAACG-1	IU_PDA_NP2	Normal Pancreas	CC10	Normal Epithelial cells
PDACNP_2_TAGAATAGCCGATGAA-1	IU_PDA_NP2	Normal Pancreas	CC10	Normal Epithelial cells
PDACNP_2_TAGAATTAAGGGCAAC-1	IU_PDA_NP2	Normal Pancreas	CC10	Normal Epithelial cells
PDACNP_2_TAGACGAAACGCCAAT-1	IU_PDA_NP2	Normal Pancreas	CC10	Normal Epithelial cells
PDACNP_2_TAGAGATCATGCAACT-1	IU_PDA_NP2	Normal Pancreas	CC10	Normal Epithelial cells
PDACNP_2_TAGAGCTACGAAGAAC-1	IU_PDA_NP2	Normal Pancreas	CC10	Normal Epithelial cells
PDACNP_2_TAGAGGTTCTACTTGT-1	IU_PDA_NP2	Normal Pancreas	CC10	Normal Epithelial cells
PDACNP_2_TAGAGTCTAAGCGAAC-1	IU_PDA_NP2	Normal Pancreas	CC10	Normal Epithelial cells
PDACNP_2_TAGATATGGACTGGAA-1	IU_PDA_NP2	Normal Pancreas	CC10	Normal Epithelial cells
PDACNP_2_TAGATCCGAAGTCGCA-1	IU_PDA_NP2	Normal Pancreas	CC10	Normal Epithelial cells
PDACNP_2_TAGATGGTTCCTTACT-1	IU_PDA_NP2	Normal Pancreas	CC10	Normal Epithelial cells
PDACNP_2_TAGATTCCTGGTTATT-1	IU_PDA_NP2	Normal Pancreas	CC10	Hepatocytes
PDACNP_2_TAGCAACCTGTCACAA-1	IU_PDA_NP2	Normal Pancreas	CC10	Normal Epithelial cells
PDACNP_2_TAGCAGTATGACTAAA-1	IU_PDA_NP2	Normal Pancreas	CC10	Normal Epithelial cells
PDACNP_2_TAGCCAGAGGGTCCGG-1	IU_PDA_NP2	Normal Pancreas	CC10	Normal Epithelial cells
PDACNP_2_TAGCCATTTCAAAGTC-1	IU_PDA_NP2	Normal Pancreas	CC10	Normal Epithelial cells
PDACNP_2_TAGCGTCCCTCGATTG-1	IU_PDA_NP2	Normal Pancreas	CC10	Normal Epithelial cells
PDACNP_2_TAGCGTTGGGTCTTAC-1	IU_PDA_NP2	Normal Pancreas	CC10	Normal Epithelial cells
PDACNP_2_TAGCTAAGTCCGGGAG-1	IU_PDA_NP2	Normal Pancreas	CC10	Normal Epithelial cells
PDACNP_2_TAGCTAGAAGGCATGA-1	IU_PDA_NP2	Normal Pancreas	CC10	Normal Epithelial cells
PDACNP_2_TAGCTAGTGATGATGG-1	IU_PDA_NP2	Normal Pancreas	CC10	Normal Epithelial cells
PDACNP_2_TAGCTCGCCTGATAAC-1	IU_PDA_NP2	Normal Pancreas	CC10	Normal Epithelial cells
PDACNP_2_TAGGAACAGCCTCCAG-1	IU_PDA_NP2	Normal Pancreas	CC10	Normal Epithelial cells
PDACNP_2_TAGGCATGTTACGCCA-1	IU_PDA_NP2	Normal Pancreas	CC10	Normal Epithelial cells
PDACNP_2_TAGGCCTATATAGTCT-1	IU_PDA_NP2	Normal Pancreas	CC10	Normal Epithelial cells
PDACNP_2_TAGGCTAAAGTGGCAC-1	IU_PDA_NP2	Normal Pancreas	CC10	Normal Epithelial cells
PDACNP_2_TAGGGAGCTTGGGATG-1	IU_PDA_NP2	Normal Pancreas	CC10	Normal Epithelial cells
PDACNP_2_TAGGGTGTTTCAAGAG-1	IU_PDA_NP2	Normal Pancreas	CC10	Normal Epithelial cells
PDACNP_2_TAGGTCCAAGTAAGGA-1	IU_PDA_NP2	Normal Pancreas	CC10	Normal Epithelial cells
PDACNP_2_TAGGTGACGATAACCT-1	IU_PDA_NP2	Normal Pancreas	CC10	Normal Epithelial cells
PDACNP_2_TAGGTGAGCCCTACTC-1	IU_PDA_NP2	Normal Pancreas	CC10	Normal Epithelial cells
PDACNP_2_TAGGTGCTCGCCTAGC-1	IU_PDA_NP2	Normal Pancreas	CC10	Normal Epithelial cells
PDACNP_2_TAGGTGTTCCACAGAT-1	IU_PDA_NP2	Normal Pancreas	CC10	Normal Epithelial cells
PDACNP_2_TAGGTTCGAGTTCGTC-1	IU_PDA_NP2	Normal Pancreas	CC10	Normal Epithelial cells
PDACNP_2_TAGTACCTTAGTGGTC-1	IU_PDA_NP2	Normal Pancreas	CC10	Normal Epithelial cells
PDACNP_2_TAGTCCGCAGAGAATG-1	IU_PDA_NP2	Normal Pancreas	CC10	Normal Epithelial cells
PDACNP_2_TAGTCCGTATGCATAA-1	IU_PDA_NP2	Normal Pancreas	CC10	Normal Epithelial cells
PDACNP_2_TAGTCGATCACGGGTT-1	IU_PDA_NP2	Normal Pancreas	CC10	Normal Epithelial cells
PDACNP_2_TAGTCGGGATTCTTCG-1	IU_PDA_NP2	Normal Pancreas	CC10	Normal Epithelial cells
PDACNP_2_TAGTCTAACAACGAGA-1	IU_PDA_NP2	Normal Pancreas	CC10	Hepatocytes
PDACNP_2_TAGTCTGTGACGTTGC-1	IU_PDA_NP2	Normal Pancreas	CC10	Normal Epithelial cells
PDACNP_2_TAGTCTTTCCGAATTG-1	IU_PDA_NP2	Normal Pancreas	CC10	Normal Epithelial cells
PDACNP_2_TAGTGAGAAGTGGTTG-1	IU_PDA_NP2	Normal Pancreas	CC10	Normal Epithelial cells
PDACNP_2_TAGTGCCCTCCAGAGT-1	IU_PDA_NP2	Normal Pancreas	CC10	Hepatocytes
PDACNP_2_TAGTGCTTGAATCCTT-1	IU_PDA_NP2	Normal Pancreas	CC10	Normal Epithelial cells
PDACNP_2_TAGTGTCAGAAACGGC-1	IU_PDA_NP2	Normal Pancreas	CC10	Normal Epithelial cells
PDACNP_2_TAGTTAAGATAGGATA-1	IU_PDA_NP2	Normal Pancreas	CC10	Normal Epithelial cells
PDACNP_2_TAGTTTATTCTTGCTT-1	IU_PDA_NP2	Normal Pancreas	CC10	Normal Epithelial cells
PDACNP_2_TATAAGTGAGGATAGC-1	IU_PDA_NP2	Normal Pancreas	CC10	Normal Epithelial cells
PDACNP_2_TATACACAGACGCCTT-1	IU_PDA_NP2	Normal Pancreas	CC10	Normal Epithelial cells
PDACNP_2_TATACACGCAAAGTAT-1	IU_PDA_NP2	Normal Pancreas	CC10	Normal Epithelial cells
PDACNP_2_TATACCGAGTGCCACA-1	IU_PDA_NP2	Normal Pancreas	CC10	Normal Epithelial cells
PDACNP_2_TATACGCGTCATCACT-1	IU_PDA_NP2	Normal Pancreas	CC10	Normal Epithelial cells
PDACNP_2_TATACTCATGCGGCAA-1	IU_PDA_NP2	Normal Pancreas	CC10	Normal Epithelial cells
PDACNP_2_TATAGGGTACTCATGA-1	IU_PDA_NP2	Normal Pancreas	CC10	Normal Epithelial cells
PDACNP_2_TATATCATTGATCAGT-1	IU_PDA_NP2	Normal Pancreas	CC10	Normal Epithelial cells
PDACNP_2_TATATCCCTGGGAGGA-1	IU_PDA_NP2	Normal Pancreas	CC10	Normal Epithelial cells
PDACNP_2_TATATGCTGGGTTGCC-1	IU_PDA_NP2	Normal Pancreas	CC10	Normal Epithelial cells
PDACNP_2_TATATTACAAATGTCG-1	IU_PDA_NP2	Normal Pancreas	CC10	Normal Epithelial cells
PDACNP_2_TATATTCGCGTCGATA-1	IU_PDA_NP2	Normal Pancreas	CC10	Normal Epithelial cells
PDACNP_2_TATCAAAGGTCTGTAA-1	IU_PDA_NP2	Normal Pancreas	CC10	Normal Epithelial cells
PDACNP_2_TATCACCATGTAAAGT-1	IU_PDA_NP2	Normal Pancreas	CC10	Hepatocytes
PDACNP_2_TATCACCCAACCGACC-1	IU_PDA_NP2	Normal Pancreas	CC10	Normal Epithelial cells
PDACNP_2_TATCACTTCGAGTAAC-1	IU_PDA_NP2	Normal Pancreas	CC10	Normal Epithelial cells
PDACNP_2_TATCCATATCATGCGA-1	IU_PDA_NP2	Normal Pancreas	CC10	Normal Epithelial cells
PDACNP_2_TATCCGCACCGTCGGG-1	IU_PDA_NP2	Normal Pancreas	CC10	Normal Epithelial cells
PDACNP_2_TATCCTGCATGGGAAT-1	IU_PDA_NP2	Normal Pancreas	CC10	Normal Epithelial cells
PDACNP_2_TATCGATCTATGCATA-1	IU_PDA_NP2	Normal Pancreas	CC10	Normal Epithelial cells
PDACNP_2_TATCGATGATTAAACG-1	IU_PDA_NP2	Normal Pancreas	CC10	Normal Epithelial cells
PDACNP_2_TATCTACAGAGGTAAT-1	IU_PDA_NP2	Normal Pancreas	CC10	Normal Epithelial cells
PDACNP_2_TATCTACCACAGCGGG-1	IU_PDA_NP2	Normal Pancreas	CC10	Normal Epithelial cells
PDACNP_2_TATCTAGCCTAAAGGA-1	IU_PDA_NP2	Normal Pancreas	CC10	Normal Epithelial cells
PDACNP_2_TATGAAGAATTAAGGT-1	IU_PDA_NP2	Normal Pancreas	CC10	Normal Epithelial cells
PDACNP_2_TATGAAGACAGGTGCG-1	IU_PDA_NP2	Normal Pancreas	CC10	Normal Epithelial cells
PDACNP_2_TATGATAAATCTAACG-1	IU_PDA_NP2	Normal Pancreas	CC10	Normal Epithelial cells
PDACNP_2_TATGATCCGGCACGCC-1	IU_PDA_NP2	Normal Pancreas	CC10	Normal Epithelial cells
PDACNP_2_TATGATCTTCTCTTTA-1	IU_PDA_NP2	Normal Pancreas	CC10	Normal Epithelial cells
PDACNP_2_TATGATTCTGCTTGGT-1	IU_PDA_NP2	Normal Pancreas	CC10	Normal Epithelial cells
PDACNP_2_TATGCTCCCTACTTAC-1	IU_PDA_NP2	Normal Pancreas	CC10	Normal Epithelial cells
PDACNP_2_TATGGAGTTTCTCGTT-1	IU_PDA_NP2	Normal Pancreas	CC10	Normal Epithelial cells
PDACNP_2_TATGGATGTGCTACGC-1	IU_PDA_NP2	Normal Pancreas	CC10	Normal Epithelial cells
PDACNP_2_TATGGCAGACTTTCGA-1	IU_PDA_NP2	Normal Pancreas	CC10	Normal Epithelial cells
PDACNP_2_TATGGCCCGGCCTCGC-1	IU_PDA_NP2	Normal Pancreas	CC10	Normal Epithelial cells
PDACNP_2_TATGGGACCGAGCAGG-1	IU_PDA_NP2	Normal Pancreas	CC10	Normal Epithelial cells
PDACNP_2_TATGGGTACGTATCGT-1	IU_PDA_NP2	Normal Pancreas	CC10	Normal Epithelial cells
PDACNP_2_TATGGTCTGAGTAACA-1	IU_PDA_NP2	Normal Pancreas	CC10	Normal Epithelial cells
PDACNP_2_TATGGTTAGTGGGAGA-1	IU_PDA_NP2	Normal Pancreas	CC10	Normal Epithelial cells
PDACNP_2_TATGTCAAGACCGACT-1	IU_PDA_NP2	Normal Pancreas	CC10	Normal Epithelial cells
PDACNP_2_TATGTCTCATTGTGCC-1	IU_PDA_NP2	Normal Pancreas	CC10	Normal Epithelial cells
PDACNP_2_TATTAACCTGACCGCG-1	IU_PDA_NP2	Normal Pancreas	CC10	Normal Epithelial cells
PDACNP_2_TATTACCATCCTGCTT-1	IU_PDA_NP2	Normal Pancreas	CC10	Normal Epithelial cells
PDACNP_2_TATTCAATTCTAATCC-1	IU_PDA_NP2	Normal Pancreas	CC10	Normal Epithelial cells
PDACNP_2_TATTCCACTCAGCTCG-1	IU_PDA_NP2	Normal Pancreas	CC10	Normal Epithelial cells
PDACNP_2_TATTCCGAGCTGTTAT-1	IU_PDA_NP2	Normal Pancreas	CC10	Normal Epithelial cells
PDACNP_2_TATTCCTCCGCCCACT-1	IU_PDA_NP2	Normal Pancreas	CC10	Normal Epithelial cells
PDACNP_2_TATTCGTGCCAGAATA-1	IU_PDA_NP2	Normal Pancreas	CC10	Normal Epithelial cells
PDACNP_2_TATTGACATTTCTGCC-1	IU_PDA_NP2	Normal Pancreas	CC10	Normal Epithelial cells
PDACNP_2_TATTGCCGGGCTTGTA-1	IU_PDA_NP2	Normal Pancreas	CC10	Normal Epithelial cells
PDACNP_2_TATTTAGTCTAGATCG-1	IU_PDA_NP2	Normal Pancreas	CC10	Normal Epithelial cells
PDACNP_2_TATTTATACCGAGTAG-1	IU_PDA_NP2	Normal Pancreas	CC10	Normal Epithelial cells
PDACNP_2_TCAAACAACCGCGTCG-1	IU_PDA_NP2	Normal Pancreas	CC10	Normal Epithelial cells
PDACNP_2_TCAAACTTAGATTGTT-1	IU_PDA_NP2	Normal Pancreas	CC10	Normal Epithelial cells
PDACNP_2_TCAAATTGTTGTGCCG-1	IU_PDA_NP2	Normal Pancreas	CC10	Normal Epithelial cells
PDACNP_2_TCAAATTTGAGACTCA-1	IU_PDA_NP2	Normal Pancreas	CC10	Normal Epithelial cells
PDACNP_2_TCAACACATTGGGTAA-1	IU_PDA_NP2	Normal Pancreas	CC10	Normal Epithelial cells
PDACNP_2_TCAACATAGCGCCCTA-1	IU_PDA_NP2	Normal Pancreas	CC10	Normal Epithelial cells
PDACNP_2_TCAACCATGTTCGGGC-1	IU_PDA_NP2	Normal Pancreas	CC10	Normal Epithelial cells
PDACNP_2_TCAACGAGGAGACAAA-1	IU_PDA_NP2	Normal Pancreas	CC10	Normal Epithelial cells
PDACNP_2_TCAACGCGACCGGCAG-1	IU_PDA_NP2	Normal Pancreas	CC10	Normal Epithelial cells
PDACNP_2_TCAACTAACGTATAAC-1	IU_PDA_NP2	Normal Pancreas	CC10	Normal Epithelial cells
PDACNP_2_TCAACTGCAGAGTCAG-1	IU_PDA_NP2	Normal Pancreas	CC10	Normal Epithelial cells
PDACNP_2_TCAAGAAATACTAGCT-1	IU_PDA_NP2	Normal Pancreas	CC10	Normal Epithelial cells
PDACNP_2_TCAAGGTTACTACACC-1	IU_PDA_NP2	Normal Pancreas	CC10	Normal Epithelial cells
PDACNP_2_TCAATACGCCGTCATG-1	IU_PDA_NP2	Normal Pancreas	CC10	Normal Epithelial cells
PDACNP_2_TCACAAACCGAGGTAC-1	IU_PDA_NP2	Normal Pancreas	CC10	Normal Epithelial cells
PDACNP_2_TCACAGATCCTCAAAC-1	IU_PDA_NP2	Normal Pancreas	CC10	Normal Epithelial cells
PDACNP_2_TCACAGCAAACTCGAA-1	IU_PDA_NP2	Normal Pancreas	CC10	Normal Epithelial cells
PDACNP_2_TCACAGGAGAATAAGA-1	IU_PDA_NP2	Normal Pancreas	CC10	Normal Epithelial cells
PDACNP_2_TCACAGGGAATCGCAA-1	IU_PDA_NP2	Normal Pancreas	CC10	Normal Epithelial cells
PDACNP_2_TCACATCTTATCTGAT-1	IU_PDA_NP2	Normal Pancreas	CC10	Normal Epithelial cells
PDACNP_2_TCACGCATTGTAGATC-1	IU_PDA_NP2	Normal Pancreas	CC10	Normal Epithelial cells
PDACNP_2_TCACGGTCATCGCACA-1	IU_PDA_NP2	Normal Pancreas	CC10	Normal Epithelial cells
PDACNP_2_TCACGTGCCCGATTCA-1	IU_PDA_NP2	Normal Pancreas	CC10	Normal Epithelial cells
PDACNP_2_TCACTACGACCAATGC-1	IU_PDA_NP2	Normal Pancreas	CC10	Normal Epithelial cells
PDACNP_2_TCACTATCGTGCAATC-1	IU_PDA_NP2	Normal Pancreas	CC10	Normal Epithelial cells
PDACNP_2_TCACTCGTGCAACGGC-1	IU_PDA_NP2	Normal Pancreas	CC10	Normal Epithelial cells
PDACNP_2_TCACTCTTCGTCTGTC-1	IU_PDA_NP2	Normal Pancreas	CC10	Normal Epithelial cells
PDACNP_2_TCAGAACCTCCACAGG-1	IU_PDA_NP2	Normal Pancreas	CC10	Normal Epithelial cells
PDACNP_2_TCAGAACGGCGGTAAT-1	IU_PDA_NP2	Normal Pancreas	CC10	Normal Epithelial cells
PDACNP_2_TCAGACGCTATAGAAG-1	IU_PDA_NP2	Normal Pancreas	CC10	Hepatocytes
PDACNP_2_TCAGCAAATGCATCTC-1	IU_PDA_NP2	Normal Pancreas	CC10	Normal Epithelial cells
PDACNP_2_TCAGCCAATCCGTAAA-1	IU_PDA_NP2	Normal Pancreas	CC10	Normal Epithelial cells
PDACNP_2_TCAGGGCGACTTCCTT-1	IU_PDA_NP2	Normal Pancreas	CC10	Normal Epithelial cells
PDACNP_2_TCAGGGCGCAAACTCG-1	IU_PDA_NP2	Normal Pancreas	CC10	Normal Epithelial cells
PDACNP_2_TCAGGGTGCACGAAAC-1	IU_PDA_NP2	Normal Pancreas	CC10	Normal Epithelial cells
PDACNP_2_TCAGGGTGTAACGTAA-1	IU_PDA_NP2	Normal Pancreas	CC10	Normal Epithelial cells
PDACNP_2_TCAGGTTCTTTGAGAA-1	IU_PDA_NP2	Normal Pancreas	CC10	Normal Epithelial cells
PDACNP_2_TCAGTACTGACCCGCG-1	IU_PDA_NP2	Normal Pancreas	CC10	Normal Epithelial cells
PDACNP_2_TCATACTTACAGATCC-1	IU_PDA_NP2	Normal Pancreas	CC10	Normal Epithelial cells
PDACNP_2_TCATATGAGCTTTGTT-1	IU_PDA_NP2	Normal Pancreas	CC10	Normal Epithelial cells
PDACNP_2_TCATCACTCGAGCTCG-1	IU_PDA_NP2	Normal Pancreas	CC10	Normal Epithelial cells
PDACNP_2_TCATCCCAGAGGGTGG-1	IU_PDA_NP2	Normal Pancreas	CC10	Normal Epithelial cells
PDACNP_2_TCATCCTCAGCTGCTT-1	IU_PDA_NP2	Normal Pancreas	CC10	Normal Epithelial cells
PDACNP_2_TCATCGACGACCGTCG-1	IU_PDA_NP2	Normal Pancreas	CC10	Normal Epithelial cells
PDACNP_2_TCATGCAGGTTCTCAT-1	IU_PDA_NP2	Normal Pancreas	CC10	Normal Epithelial cells
PDACNP_2_TCATTCGTATAATTTG-1	IU_PDA_NP2	Normal Pancreas	CC10	Normal Epithelial cells
PDACNP_2_TCCAACTCAGCTATCT-1	IU_PDA_NP2	Normal Pancreas	CC10	Normal Epithelial cells
PDACNP_2_TCCAACTTTAAATTCT-1	IU_PDA_NP2	Normal Pancreas	CC10	Normal Epithelial cells
PDACNP_2_TCCAAGCCTAGACACA-1	IU_PDA_NP2	Normal Pancreas	CC10	Normal Epithelial cells
PDACNP_2_TCCAATAAAGGCTACC-1	IU_PDA_NP2	Normal Pancreas	CC10	Normal Epithelial cells
PDACNP_2_TCCACAATGGTTTACG-1	IU_PDA_NP2	Normal Pancreas	CC10	Normal Epithelial cells
PDACNP_2_TCCACCTCTAGCCTTT-1	IU_PDA_NP2	Normal Pancreas	CC10	Normal Epithelial cells
PDACNP_2_TCCAGATGTACGCCAA-1	IU_PDA_NP2	Normal Pancreas	CC10	Normal Epithelial cells
PDACNP_2_TCCAGCGCTATAAGCG-1	IU_PDA_NP2	Normal Pancreas	CC10	Normal Epithelial cells
PDACNP_2_TCCAGGCGAGTACGGT-1	IU_PDA_NP2	Normal Pancreas	CC10	Normal Epithelial cells
PDACNP_2_TCCAGGGTATATACGA-1	IU_PDA_NP2	Normal Pancreas	CC10	Normal Epithelial cells
PDACNP_2_TCCATTAGTTGGATAG-1	IU_PDA_NP2	Normal Pancreas	CC10	Normal Epithelial cells
PDACNP_2_TCCCAAACAGACAACG-1	IU_PDA_NP2	Normal Pancreas	CC10	Normal Epithelial cells
PDACNP_2_TCCCAAAGACGAAGGA-1	IU_PDA_NP2	Normal Pancreas	CC10	Normal Epithelial cells
PDACNP_2_TCCCAAAGCCCTAAAT-1	IU_PDA_NP2	Normal Pancreas	CC10	Normal Epithelial cells
PDACNP_2_TCCCAGCTTTAGTCTG-1	IU_PDA_NP2	Normal Pancreas	CC10	Normal Epithelial cells
PDACNP_2_TCCCGCGTACTCCTGG-1	IU_PDA_NP2	Normal Pancreas	CC10	Normal Epithelial cells
PDACNP_2_TCCCGGGTGTGCTGCT-1	IU_PDA_NP2	Normal Pancreas	CC10	Normal Epithelial cells
PDACNP_2_TCCCGGTCAGGAATTT-1	IU_PDA_NP2	Normal Pancreas	CC10	Normal Epithelial cells
PDACNP_2_TCCCGTCAGTCCCGCA-1	IU_PDA_NP2	Normal Pancreas	CC10	Normal Epithelial cells
PDACNP_2_TCCCGTCGCGTCATAG-1	IU_PDA_NP2	Normal Pancreas	CC10	Normal Epithelial cells
PDACNP_2_TCCCGTGTGCAATTTG-1	IU_PDA_NP2	Normal Pancreas	CC10	Normal Epithelial cells
PDACNP_2_TCCCTAGATCAATAGG-1	IU_PDA_NP2	Normal Pancreas	CC10	Normal Epithelial cells
PDACNP_2_TCCCTCCGAAATCGTT-1	IU_PDA_NP2	Normal Pancreas	CC10	Normal Epithelial cells
PDACNP_2_TCCCTGGCTCGCTGGA-1	IU_PDA_NP2	Normal Pancreas	CC10	Hepatocytes
PDACNP_2_TCCCTTAGATTACTCG-1	IU_PDA_NP2	Normal Pancreas	CC10	Normal Epithelial cells
PDACNP_2_TCCGAACTTGGCTTAC-1	IU_PDA_NP2	Normal Pancreas	CC10	Normal Epithelial cells
PDACNP_2_TCCGAATGGTCCTGAG-1	IU_PDA_NP2	Normal Pancreas	CC10	Normal Epithelial cells
PDACNP_2_TCCGAGAAGGCTAAGC-1	IU_PDA_NP2	Normal Pancreas	CC10	Normal Epithelial cells
PDACNP_2_TCCGATAATTGCCATA-1	IU_PDA_NP2	Normal Pancreas	CC10	Normal Epithelial cells
PDACNP_2_TCCGATGACTGAGCTC-1	IU_PDA_NP2	Normal Pancreas	CC10	Normal Epithelial cells
PDACNP_2_TCCGATGGTGCGACAT-1	IU_PDA_NP2	Normal Pancreas	CC10	Normal Epithelial cells
PDACNP_2_TCCGCAGCCACCTAGC-1	IU_PDA_NP2	Normal Pancreas	CC10	Normal Epithelial cells
PDACNP_2_TCCGCGGCCCAATGAA-1	IU_PDA_NP2	Normal Pancreas	CC10	Normal Epithelial cells
PDACNP_2_TCCGCTGTCATCCCGG-1	IU_PDA_NP2	Normal Pancreas	CC10	Normal Epithelial cells
PDACNP_2_TCCGCTTATCCCATTA-1	IU_PDA_NP2	Normal Pancreas	CC10	Normal Epithelial cells
PDACNP_2_TCCGGGCTTGACGGGA-1	IU_PDA_NP2	Normal Pancreas	CC10	Normal Epithelial cells
PDACNP_2_TCCGGTTCGTCCGGTC-1	IU_PDA_NP2	Normal Pancreas	CC10	Normal Epithelial cells
PDACNP_2_TCCGTAACCACAATCC-1	IU_PDA_NP2	Normal Pancreas	CC10	Normal Epithelial cells
PDACNP_2_TCCGTTAAGCTAATAT-1	IU_PDA_NP2	Normal Pancreas	CC10	Normal Epithelial cells
PDACNP_2_TCCTAAAGATTCAGAC-1	IU_PDA_NP2	Normal Pancreas	CC10	Normal Epithelial cells
PDACNP_2_TCCTAAATTGGGAAGC-1	IU_PDA_NP2	Normal Pancreas	CC10	Normal Epithelial cells
PDACNP_2_TCCTACATCCACGGCC-1	IU_PDA_NP2	Normal Pancreas	CC10	Normal Epithelial cells
PDACNP_2_TCCTAGCAAAGAAGCT-1	IU_PDA_NP2	Normal Pancreas	CC10	Normal Epithelial cells
PDACNP_2_TCCTATCATAGGTAAC-1	IU_PDA_NP2	Normal Pancreas	CC10	Normal Epithelial cells
PDACNP_2_TCCTCGGGCTGGGCTT-1	IU_PDA_NP2	Normal Pancreas	CC10	Normal Epithelial cells
PDACNP_2_TCCTCTACGAGATGGC-1	IU_PDA_NP2	Normal Pancreas	CC10	Normal Epithelial cells
PDACNP_2_TCCTCTCCAGTTGTCC-1	IU_PDA_NP2	Normal Pancreas	CC10	Normal Epithelial cells
PDACNP_2_TCCTCTGGCCCATTAG-1	IU_PDA_NP2	Normal Pancreas	CC10	Normal Epithelial cells
PDACNP_2_TCCTGCCAACTGGAGA-1	IU_PDA_NP2	Normal Pancreas	CC10	Normal Epithelial cells
PDACNP_2_TCCTGCGTTGATACTC-1	IU_PDA_NP2	Normal Pancreas	CC10	Normal Epithelial cells
PDACNP_2_TCCTGGCGCTGCCTGG-1	IU_PDA_NP2	Normal Pancreas	CC10	Normal Epithelial cells
PDACNP_2_TCCTTACGACGGTCCG-1	IU_PDA_NP2	Normal Pancreas	CC10	Normal Epithelial cells
PDACNP_2_TCCTTCAGTGGTCGAA-1	IU_PDA_NP2	Normal Pancreas	CC10	Normal Epithelial cells
PDACNP_2_TCCTTGTCCTTTAATT-1	IU_PDA_NP2	Normal Pancreas	CC10	Normal Epithelial cells
PDACNP_2_TCCTTTAAATCCGCTT-1	IU_PDA_NP2	Normal Pancreas	CC10	Normal Epithelial cells
PDACNP_2_TCCTTTCTTACGCTTA-1	IU_PDA_NP2	Normal Pancreas	CC10	Normal Epithelial cells
PDACNP_2_TCGAAATTTAGGACCA-1	IU_PDA_NP2	Normal Pancreas	CC10	Normal Epithelial cells
PDACNP_2_TCGAAGAACCGAGCAC-1	IU_PDA_NP2	Normal Pancreas	CC10	Normal Epithelial cells
PDACNP_2_TCGAGACCAACACCGT-1	IU_PDA_NP2	Normal Pancreas	CC10	Normal Epithelial cells
PDACNP_2_TCGATAGGCTAGTCGC-1	IU_PDA_NP2	Normal Pancreas	CC10	Normal Epithelial cells
PDACNP_2_TCGCAAAGATGCATTT-1	IU_PDA_NP2	Normal Pancreas	CC10	Normal Epithelial cells
PDACNP_2_TCGCACCAGGAGGCAG-1	IU_PDA_NP2	Normal Pancreas	CC10	Hepatocytes
PDACNP_2_TCGCATAAAGGGCGCA-1	IU_PDA_NP2	Normal Pancreas	CC10	Normal Epithelial cells
PDACNP_2_TCGCATCCCTAAGTGT-1	IU_PDA_NP2	Normal Pancreas	CC10	Normal Epithelial cells
PDACNP_2_TCGCATTCAATGACTT-1	IU_PDA_NP2	Normal Pancreas	CC10	Normal Epithelial cells
PDACNP_2_TCGCCCAACTGACTCC-1	IU_PDA_NP2	Normal Pancreas	CC10	Normal Epithelial cells
PDACNP_2_TCGCCGAAGTTGCGTC-1	IU_PDA_NP2	Normal Pancreas	CC10	Normal Epithelial cells
PDACNP_2_TCGCCGACATATTCGC-1	IU_PDA_NP2	Normal Pancreas	CC10	Normal Epithelial cells
PDACNP_2_TCGCCGGATGGGCAAG-1	IU_PDA_NP2	Normal Pancreas	CC10	Normal Epithelial cells
PDACNP_2_TCGCCGGTCGATCCGT-1	IU_PDA_NP2	Normal Pancreas	CC10	Normal Epithelial cells
PDACNP_2_TCGCCTCGACCTGTTG-1	IU_PDA_NP2	Normal Pancreas	CC10	Normal Epithelial cells
PDACNP_2_TCGCGTAGCAGTGTCC-1	IU_PDA_NP2	Normal Pancreas	CC10	Normal Epithelial cells
PDACNP_2_TCGCGTCCAGAAGGTC-1	IU_PDA_NP2	Normal Pancreas	CC10	Normal Epithelial cells
PDACNP_2_TCGCTAAACCGCTATC-1	IU_PDA_NP2	Normal Pancreas	CC10	Normal Epithelial cells
PDACNP_2_TCGCTACTGGCTTTGA-1	IU_PDA_NP2	Normal Pancreas	CC10	Normal Epithelial cells
PDACNP_2_TCGCTCGATATATTCC-1	IU_PDA_NP2	Normal Pancreas	CC10	Normal Epithelial cells
PDACNP_2_TCGCTCGGCACCAGCG-1	IU_PDA_NP2	Normal Pancreas	CC10	Normal Epithelial cells
PDACNP_2_TCGCTGCCAATGCTGT-1	IU_PDA_NP2	Normal Pancreas	CC10	Normal Epithelial cells
PDACNP_2_TCGCTGGGCGGATTGT-1	IU_PDA_NP2	Normal Pancreas	CC10	Normal Epithelial cells
PDACNP_2_TCGCTTTAAACGTTTG-1	IU_PDA_NP2	Normal Pancreas	CC10	Normal Epithelial cells
PDACNP_2_TCGGAATGCGCTCTGA-1	IU_PDA_NP2	Normal Pancreas	CC10	Normal Epithelial cells
PDACNP_2_TCGGAGTACATGAGTA-1	IU_PDA_NP2	Normal Pancreas	CC10	Normal Epithelial cells
PDACNP_2_TCGGCTTGTATCGACG-1	IU_PDA_NP2	Normal Pancreas	CC10	Normal Epithelial cells
PDACNP_2_TCGGGAGACAGCGTAC-1	IU_PDA_NP2	Normal Pancreas	CC10	Normal Epithelial cells
PDACNP_2_TCGGGATTCAAACATA-1	IU_PDA_NP2	Normal Pancreas	CC10	Normal Epithelial cells
PDACNP_2_TCGGTCCCTGACTCCA-1	IU_PDA_NP2	Normal Pancreas	CC10	Normal Epithelial cells
PDACNP_2_TCGGTTAGCCATGTAG-1	IU_PDA_NP2	Normal Pancreas	CC10	Normal Epithelial cells
PDACNP_2_TCGTAAGACGACATTG-1	IU_PDA_NP2	Normal Pancreas	CC10	Normal Epithelial cells
PDACNP_2_TCGTAAGCTCCGAGGA-1	IU_PDA_NP2	Normal Pancreas	CC10	Normal Epithelial cells
PDACNP_2_TCGTATAGTGCAATTA-1	IU_PDA_NP2	Normal Pancreas	CC10	Normal Epithelial cells
PDACNP_2_TCGTATTACCCATTGC-1	IU_PDA_NP2	Normal Pancreas	CC10	Normal Epithelial cells
PDACNP_2_TCGTATTTCGTCCGGA-1	IU_PDA_NP2	Normal Pancreas	CC10	Normal Epithelial cells
PDACNP_2_TCGTCACACTGTTAGC-1	IU_PDA_NP2	Normal Pancreas	CC10	Normal Epithelial cells
PDACNP_2_TCGTCCGCTGGCGTCT-1	IU_PDA_NP2	Normal Pancreas	CC10	Normal Epithelial cells
PDACNP_2_TCGTGTACTATGGATG-1	IU_PDA_NP2	Normal Pancreas	CC10	Normal Epithelial cells
PDACNP_2_TCGTGTCACGCTGACA-1	IU_PDA_NP2	Normal Pancreas	CC10	Normal Epithelial cells
PDACNP_2_TCGTGTTCGACCACAA-1	IU_PDA_NP2	Normal Pancreas	CC10	Normal Epithelial cells
PDACNP_2_TCGTTAGGAGTCCCTA-1	IU_PDA_NP2	Normal Pancreas	CC10	Normal Epithelial cells
PDACNP_2_TCGTTCGTTATTATGT-1	IU_PDA_NP2	Normal Pancreas	CC10	Normal Epithelial cells
PDACNP_2_TCGTTGCTATCCGGTC-1	IU_PDA_NP2	Normal Pancreas	CC10	Normal Epithelial cells
PDACNP_2_TCGTTGGCTCGTCAAT-1	IU_PDA_NP2	Normal Pancreas	CC10	Normal Epithelial cells
PDACNP_2_TCGTTTACGCGACCCT-1	IU_PDA_NP2	Normal Pancreas	CC10	Normal Epithelial cells
PDACNP_2_TCTAACTGTATGTAAA-1	IU_PDA_NP2	Normal Pancreas	CC10	Normal Epithelial cells
PDACNP_2_TCTACACGTTCATGCA-1	IU_PDA_NP2	Normal Pancreas	CC10	Normal Epithelial cells
PDACNP_2_TCTACCCAATAGAGAG-1	IU_PDA_NP2	Normal Pancreas	CC10	Normal Epithelial cells
PDACNP_2_TCTACCGTCCACAAGC-1	IU_PDA_NP2	Normal Pancreas	CC10	Normal Epithelial cells
PDACNP_2_TCTAGCAATCTCCGCC-1	IU_PDA_NP2	Normal Pancreas	CC10	Normal Epithelial cells
PDACNP_2_TCTAGCATCTTCGATG-1	IU_PDA_NP2	Normal Pancreas	CC10	Normal Epithelial cells
PDACNP_2_TCTAGCATGCCCAGAA-1	IU_PDA_NP2	Normal Pancreas	CC10	Hepatocytes
PDACNP_2_TCTAGTTATCAGAAGA-1	IU_PDA_NP2	Normal Pancreas	CC10	Normal Epithelial cells
PDACNP_2_TCTATAGGTGGGTAAT-1	IU_PDA_NP2	Normal Pancreas	CC10	Normal Epithelial cells
PDACNP_2_TCTATCATGCAGTTAC-1	IU_PDA_NP2	Normal Pancreas	CC10	Normal Epithelial cells
PDACNP_2_TCTATCGGTCGCAACA-1	IU_PDA_NP2	Normal Pancreas	CC10	Normal Epithelial cells
PDACNP_2_TCTATGCTATAACGAC-1	IU_PDA_NP2	Normal Pancreas	CC10	Normal Epithelial cells
PDACNP_2_TCTATTACGCTGGCGA-1	IU_PDA_NP2	Normal Pancreas	CC10	Normal Epithelial cells
PDACNP_2_TCTATTACTAGAGGAT-1	IU_PDA_NP2	Normal Pancreas	CC10	Normal Epithelial cells
PDACNP_2_TCTCAAATCAATCGGG-1	IU_PDA_NP2	Normal Pancreas	CC10	Normal Epithelial cells
PDACNP_2_TCTCATGAGATAGGGT-1	IU_PDA_NP2	Normal Pancreas	CC10	Normal Epithelial cells
PDACNP_2_TCTCCAACGTAGGTTA-1	IU_PDA_NP2	Normal Pancreas	CC10	Normal Epithelial cells
PDACNP_2_TCTCCACAAGTTGAAT-1	IU_PDA_NP2	Normal Pancreas	CC10	Normal Epithelial cells
PDACNP_2_TCTCGAACGAGGTCAC-1	IU_PDA_NP2	Normal Pancreas	CC10	Normal Epithelial cells
PDACNP_2_TCTCGACGTATCGCCG-1	IU_PDA_NP2	Normal Pancreas	CC10	Normal Epithelial cells
PDACNP_2_TCTCGAGGAGGTTCGC-1	IU_PDA_NP2	Normal Pancreas	CC10	Normal Epithelial cells
PDACNP_2_TCTCGGCTCCAGGACT-1	IU_PDA_NP2	Normal Pancreas	CC10	Normal Epithelial cells
PDACNP_2_TCTCTAATAGCTGGTA-1	IU_PDA_NP2	Normal Pancreas	CC10	Normal Epithelial cells
PDACNP_2_TCTCTCGCCGCACATA-1	IU_PDA_NP2	Normal Pancreas	CC10	Normal Epithelial cells
PDACNP_2_TCTGAACCGGTCGGCT-1	IU_PDA_NP2	Normal Pancreas	CC10	Normal Epithelial cells
PDACNP_2_TCTGAACTCGTACCCG-1	IU_PDA_NP2	Normal Pancreas	CC10	Normal Epithelial cells
PDACNP_2_TCTGAAGCACGTGGTC-1	IU_PDA_NP2	Normal Pancreas	CC10	Normal Epithelial cells
PDACNP_2_TCTGACGGGCTAACCC-1	IU_PDA_NP2	Normal Pancreas	CC10	Normal Epithelial cells
PDACNP_2_TCTGACTGTAATGGTT-1	IU_PDA_NP2	Normal Pancreas	CC10	Normal Epithelial cells
PDACNP_2_TCTGAGCAATTGACTG-1	IU_PDA_NP2	Normal Pancreas	CC10	Normal Epithelial cells
PDACNP_2_TCTGATCGGGTGCTAG-1	IU_PDA_NP2	Normal Pancreas	CC10	Normal Epithelial cells
PDACNP_2_TCTGATTGGAAATGGA-1	IU_PDA_NP2	Normal Pancreas	CC10	Normal Epithelial cells
PDACNP_2_TCTGCAGATTCGAGTC-1	IU_PDA_NP2	Normal Pancreas	CC10	Normal Epithelial cells
PDACNP_2_TCTGCATACCTTGCTT-1	IU_PDA_NP2	Normal Pancreas	CC10	Normal Epithelial cells
PDACNP_2_TCTGCCAGAAACTGCA-1	IU_PDA_NP2	Normal Pancreas	CC10	Normal Epithelial cells
PDACNP_2_TCTGCGTCCGGTTTCT-1	IU_PDA_NP2	Normal Pancreas	CC10	Normal Epithelial cells
PDACNP_2_TCTGGCCGTTCAAGTT-1	IU_PDA_NP2	Normal Pancreas	CC10	Normal Epithelial cells
PDACNP_2_TCTGGCGCAAGCCGGG-1	IU_PDA_NP2	Normal Pancreas	CC10	Normal Epithelial cells
PDACNP_2_TCTGGGTAGCGCTCAT-1	IU_PDA_NP2	Normal Pancreas	CC10	Normal Epithelial cells
PDACNP_2_TCTGTCATACAAGAGC-1	IU_PDA_NP2	Normal Pancreas	CC10	Normal Epithelial cells
PDACNP_2_TCTGTGACTGACCGTT-1	IU_PDA_NP2	Normal Pancreas	CC10	Normal Epithelial cells
PDACNP_2_TCTTACAGAGGTACCG-1	IU_PDA_NP2	Normal Pancreas	CC10	Normal Epithelial cells
PDACNP_2_TCTTACCGGAACTCGT-1	IU_PDA_NP2	Normal Pancreas	CC10	Normal Epithelial cells
PDACNP_2_TCTTACGGCATCCGAC-1	IU_PDA_NP2	Normal Pancreas	CC10	Normal Epithelial cells
PDACNP_2_TCTTACTTATGCCTCT-1	IU_PDA_NP2	Normal Pancreas	CC10	Normal Epithelial cells
PDACNP_2_TCTTAGAGCTCCAATT-1	IU_PDA_NP2	Normal Pancreas	CC10	Normal Epithelial cells
PDACNP_2_TCTTAGAGTGAACTCT-1	IU_PDA_NP2	Normal Pancreas	CC10	Normal Epithelial cells
PDACNP_2_TCTTCGATACCAATAA-1	IU_PDA_NP2	Normal Pancreas	CC10	Normal Epithelial cells
PDACNP_2_TCTTCTATAACCCGCC-1	IU_PDA_NP2	Normal Pancreas	CC10	Normal Epithelial cells
PDACNP_2_TCTTGATGCGTAGCGA-1	IU_PDA_NP2	Normal Pancreas	CC10	Normal Epithelial cells
PDACNP_2_TCTTGCTCCCGATACT-1	IU_PDA_NP2	Normal Pancreas	CC10	Normal Epithelial cells
PDACNP_2_TCTTGGTAACACCAAA-1	IU_PDA_NP2	Normal Pancreas	CC10	Normal Epithelial cells
PDACNP_2_TCTTTAGAGTCTAACA-1	IU_PDA_NP2	Normal Pancreas	CC10	Normal Epithelial cells
PDACNP_2_TCTTTAGCAGGCGAAC-1	IU_PDA_NP2	Normal Pancreas	CC10	Normal Epithelial cells
PDACNP_2_TCTTTCTCTTAAGGAG-1	IU_PDA_NP2	Normal Pancreas	CC10	Normal Epithelial cells
PDACNP_2_TGAAACCTCAACTCAC-1	IU_PDA_NP2	Normal Pancreas	CC10	Normal Epithelial cells
PDACNP_2_TGAAACTTATGCAAGC-1	IU_PDA_NP2	Normal Pancreas	CC10	Normal Epithelial cells
PDACNP_2_TGAACACCCGAAGCAG-1	IU_PDA_NP2	Normal Pancreas	CC10	Normal Epithelial cells
PDACNP_2_TGAAGAGCGGTCCTAG-1	IU_PDA_NP2	Normal Pancreas	CC10	Normal Epithelial cells
PDACNP_2_TGAAGTAGCTTACGGA-1	IU_PDA_NP2	Normal Pancreas	CC10	Normal Epithelial cells
PDACNP_2_TGAATACCGACGCGTA-1	IU_PDA_NP2	Normal Pancreas	CC10	Normal Epithelial cells
PDACNP_2_TGAATGTCAGCCGGCC-1	IU_PDA_NP2	Normal Pancreas	CC10	Normal Epithelial cells
PDACNP_2_TGACAACGCATGTCGC-1	IU_PDA_NP2	Normal Pancreas	CC10	Normal Epithelial cells
PDACNP_2_TGACACTTCTCTTTGC-1	IU_PDA_NP2	Normal Pancreas	CC10	Normal Epithelial cells
PDACNP_2_TGACCAAATCTTAAAC-1	IU_PDA_NP2	Normal Pancreas	CC10	Normal Epithelial cells
PDACNP_2_TGACCAGCTTCAAAGT-1	IU_PDA_NP2	Normal Pancreas	CC10	Normal Epithelial cells
PDACNP_2_TGACCCAACTCACATT-1	IU_PDA_NP2	Normal Pancreas	CC10	Normal Epithelial cells
PDACNP_2_TGACCCACGTTAGACA-1	IU_PDA_NP2	Normal Pancreas	CC10	Normal Epithelial cells
PDACNP_2_TGACGATGCACTAGAA-1	IU_PDA_NP2	Normal Pancreas	CC10	Normal Epithelial cells
PDACNP_2_TGAGAATGCTTTACCG-1	IU_PDA_NP2	Normal Pancreas	CC10	Normal Epithelial cells
PDACNP_2_TGAGAGATTTACCACG-1	IU_PDA_NP2	Normal Pancreas	CC10	Normal Epithelial cells
PDACNP_2_TGAGATCAAATACTCA-1	IU_PDA_NP2	Normal Pancreas	CC10	Normal Epithelial cells
PDACNP_2_TGAGATTAGGCCCTAA-1	IU_PDA_NP2	Normal Pancreas	CC10	Normal Epithelial cells
PDACNP_2_TGAGCAGTCGTGAAGT-1	IU_PDA_NP2	Normal Pancreas	CC10	Normal Epithelial cells
PDACNP_2_TGAGCCATACAGTCTC-1	IU_PDA_NP2	Normal Pancreas	CC10	Normal Epithelial cells
PDACNP_2_TGAGCGGAAAGTGTTC-1	IU_PDA_NP2	Normal Pancreas	CC10	Normal Epithelial cells
PDACNP_2_TGAGCTTTAATGACGC-1	IU_PDA_NP2	Normal Pancreas	CC10	Normal Epithelial cells
PDACNP_2_TGAGGAGTGCCAGCTT-1	IU_PDA_NP2	Normal Pancreas	CC10	Normal Epithelial cells
PDACNP_2_TGAGGTTGATCCCAAG-1	IU_PDA_NP2	Normal Pancreas	CC10	Normal Epithelial cells
PDACNP_2_TGAGTAAATTAGCGTA-1	IU_PDA_NP2	Normal Pancreas	CC10	Normal Epithelial cells
PDACNP_2_TGAGTGCCTCTTAAAT-1	IU_PDA_NP2	Normal Pancreas	CC10	Normal Epithelial cells
PDACNP_2_TGAGTGGTCCGTGACG-1	IU_PDA_NP2	Normal Pancreas	CC10	Normal Epithelial cells
PDACNP_2_TGAGTTAAAGACATTC-1	IU_PDA_NP2	Normal Pancreas	CC10	Normal Epithelial cells
PDACNP_2_TGATAGCGGGATTCTA-1	IU_PDA_NP2	Normal Pancreas	CC10	Normal Epithelial cells
PDACNP_2_TGATCAGGGAACTGCT-1	IU_PDA_NP2	Normal Pancreas	CC10	Normal Epithelial cells
PDACNP_2_TGATCCCAGCATTAGT-1	IU_PDA_NP2	Normal Pancreas	CC10	Normal Epithelial cells
PDACNP_2_TGATCGGTTTGACCCT-1	IU_PDA_NP2	Normal Pancreas	CC10	Normal Epithelial cells
PDACNP_2_TGATCTACGCTGATCT-1	IU_PDA_NP2	Normal Pancreas	CC10	Normal Epithelial cells
PDACNP_2_TGATCTATCACACTCT-1	IU_PDA_NP2	Normal Pancreas	CC10	Normal Epithelial cells
PDACNP_2_TGATCTCCGGCGCCAG-1	IU_PDA_NP2	Normal Pancreas	CC10	Hepatocytes
PDACNP_2_TGATGGCTGTTTCTGA-1	IU_PDA_NP2	Normal Pancreas	CC10	Normal Epithelial cells
PDACNP_2_TGATGGGACTAAGTCA-1	IU_PDA_NP2	Normal Pancreas	CC10	Normal Epithelial cells
PDACNP_2_TGATGTCAATTAAGTG-1	IU_PDA_NP2	Normal Pancreas	CC10	Normal Epithelial cells
PDACNP_2_TGATTATGGCACGCAG-1	IU_PDA_NP2	Normal Pancreas	CC10	Normal Epithelial cells
PDACNP_2_TGATTCGTCTATCACT-1	IU_PDA_NP2	Normal Pancreas	CC10	Normal Epithelial cells
PDACNP_2_TGATTCTGTCGCCGGT-1	IU_PDA_NP2	Normal Pancreas	CC10	Normal Epithelial cells
PDACNP_2_TGATTTATTAGCTGTG-1	IU_PDA_NP2	Normal Pancreas	CC10	Normal Epithelial cells
PDACNP_2_TGATTTCCTCCTGACG-1	IU_PDA_NP2	Normal Pancreas	CC10	Normal Epithelial cells
PDACNP_2_TGCAAACCCACATCAA-1	IU_PDA_NP2	Normal Pancreas	CC10	Normal Epithelial cells
PDACNP_2_TGCAACCCATCTGCGG-1	IU_PDA_NP2	Normal Pancreas	CC10	Normal Epithelial cells
PDACNP_2_TGCAACTACTGGTTGA-1	IU_PDA_NP2	Normal Pancreas	CC10	Normal Epithelial cells
PDACNP_2_TGCAAGAATGACGTAA-1	IU_PDA_NP2	Normal Pancreas	CC10	Normal Epithelial cells
PDACNP_2_TGCAATCTAACACGGT-1	IU_PDA_NP2	Normal Pancreas	CC10	Normal Epithelial cells
PDACNP_2_TGCAATTTGGGCACGG-1	IU_PDA_NP2	Normal Pancreas	CC10	Normal Epithelial cells
PDACNP_2_TGCACAGTGAAGTTAT-1	IU_PDA_NP2	Normal Pancreas	CC10	Normal Epithelial cells
PDACNP_2_TGCACTATGTGAGTGC-1	IU_PDA_NP2	Normal Pancreas	CC10	Normal Epithelial cells
PDACNP_2_TGCAGAACTATATCGT-1	IU_PDA_NP2	Normal Pancreas	CC10	Normal Epithelial cells
PDACNP_2_TGCAGAGTACCGAGCA-1	IU_PDA_NP2	Normal Pancreas	CC10	Normal Epithelial cells
PDACNP_2_TGCAGATCGTCCTAGG-1	IU_PDA_NP2	Normal Pancreas	CC10	Normal Epithelial cells
PDACNP_2_TGCAGGATCGGCAAAG-1	IU_PDA_NP2	Normal Pancreas	CC10	Normal Epithelial cells
PDACNP_2_TGCATGAGTAGATTCG-1	IU_PDA_NP2	Normal Pancreas	CC10	Normal Epithelial cells
PDACNP_2_TGCATGGATCGGATCT-1	IU_PDA_NP2	Normal Pancreas	CC10	Normal Epithelial cells
PDACNP_2_TGCATGTGGTAATCTA-1	IU_PDA_NP2	Normal Pancreas	CC10	Normal Epithelial cells
PDACNP_2_TGCCAATGGGTACTCT-1	IU_PDA_NP2	Normal Pancreas	CC10	Normal Epithelial cells
PDACNP_2_TGCCACCTGGCGAAAC-1	IU_PDA_NP2	Normal Pancreas	CC10	Normal Epithelial cells
PDACNP_2_TGCCAGTACGTGGAGA-1	IU_PDA_NP2	Normal Pancreas	CC10	Normal Epithelial cells
PDACNP_2_TGCCATGGCTTATAAG-1	IU_PDA_NP2	Normal Pancreas	CC10	Normal Epithelial cells
PDACNP_2_TGCCATTACTAAAGAA-1	IU_PDA_NP2	Normal Pancreas	CC10	Normal Epithelial cells
PDACNP_2_TGCCCGTACCGTTAAA-1	IU_PDA_NP2	Normal Pancreas	CC10	Normal Epithelial cells
PDACNP_2_TGCCGAAAGCGTATTC-1	IU_PDA_NP2	Normal Pancreas	CC10	Normal Epithelial cells
PDACNP_2_TGCCGATGTCATCAAT-1	IU_PDA_NP2	Normal Pancreas	CC10	Normal Epithelial cells
PDACNP_2_TGCCGTGGATCGTCCT-1	IU_PDA_NP2	Normal Pancreas	CC10	Normal Epithelial cells
PDACNP_2_TGCCGTGGGACCCAAT-1	IU_PDA_NP2	Normal Pancreas	CC10	Normal Epithelial cells
PDACNP_2_TGCCTAATTGAAGATT-1	IU_PDA_NP2	Normal Pancreas	CC10	Normal Epithelial cells
PDACNP_2_TGCCTGACATCGGTCA-1	IU_PDA_NP2	Normal Pancreas	CC10	Normal Epithelial cells
PDACNP_2_TGCCTGATCAAACGAT-1	IU_PDA_NP2	Normal Pancreas	CC10	Normal Epithelial cells
PDACNP_2_TGCGACACCCTAGTGC-1	IU_PDA_NP2	Normal Pancreas	CC10	Normal Epithelial cells
PDACNP_2_TGCGAGAAACGTTACG-1	IU_PDA_NP2	Normal Pancreas	CC10	Normal Epithelial cells
PDACNP_2_TGCGAGATGGCGGCCA-1	IU_PDA_NP2	Normal Pancreas	CC10	Normal Epithelial cells
PDACNP_2_TGCGAGCCCTTCCGCG-1	IU_PDA_NP2	Normal Pancreas	CC10	Normal Epithelial cells
PDACNP_2_TGCGATGCTAATGGCT-1	IU_PDA_NP2	Normal Pancreas	CC10	Normal Epithelial cells
PDACNP_2_TGCGCAAAGCATTTGG-1	IU_PDA_NP2	Normal Pancreas	CC10	Normal Epithelial cells
PDACNP_2_TGCGCCGTTAATAACG-1	IU_PDA_NP2	Normal Pancreas	CC10	Normal Epithelial cells
PDACNP_2_TGCGCGATTAACGGAG-1	IU_PDA_NP2	Normal Pancreas	CC10	Normal Epithelial cells
PDACNP_2_TGCGGACTTGACTCCG-1	IU_PDA_NP2	Normal Pancreas	CC10	Normal Epithelial cells
PDACNP_2_TGCGGAGTAAAGGTGC-1	IU_PDA_NP2	Normal Pancreas	CC10	Normal Epithelial cells
PDACNP_2_TGCGGCATAGTTCAAC-1	IU_PDA_NP2	Normal Pancreas	CC10	Normal Epithelial cells
PDACNP_2_TGCGGTGAAATTTCAT-1	IU_PDA_NP2	Normal Pancreas	CC10	Normal Epithelial cells
PDACNP_2_TGCGTAAGAACCTGAT-1	IU_PDA_NP2	Normal Pancreas	CC10	Normal Epithelial cells
PDACNP_2_TGCGTACGGCTAATTG-1	IU_PDA_NP2	Normal Pancreas	CC10	Normal Epithelial cells
PDACNP_2_TGCGTGATTGGGTGTC-1	IU_PDA_NP2	Normal Pancreas	CC10	Normal Epithelial cells
PDACNP_2_TGCGTTTGTTGACACT-1	IU_PDA_NP2	Normal Pancreas	CC10	Normal Epithelial cells
PDACNP_2_TGCTAAGTGTCTATTT-1	IU_PDA_NP2	Normal Pancreas	CC10	Normal Epithelial cells
PDACNP_2_TGCTCGGCGAAACCCA-1	IU_PDA_NP2	Normal Pancreas	CC10	Normal Epithelial cells
PDACNP_2_TGCTCGGTGGGTCACC-1	IU_PDA_NP2	Normal Pancreas	CC10	Normal Epithelial cells
PDACNP_2_TGCTCTTGAGAGTTTG-1	IU_PDA_NP2	Normal Pancreas	CC10	Normal Epithelial cells
PDACNP_2_TGCTGGTTGGACAATT-1	IU_PDA_NP2	Normal Pancreas	CC10	Normal Epithelial cells
PDACNP_2_TGCTGTTGAAGAACTC-1	IU_PDA_NP2	Normal Pancreas	CC10	Normal Epithelial cells
PDACNP_2_TGCTTCCCAAGCAGTA-1	IU_PDA_NP2	Normal Pancreas	CC10	Normal Epithelial cells
PDACNP_2_TGCTTGAAACCATGCA-1	IU_PDA_NP2	Normal Pancreas	CC10	Normal Epithelial cells
PDACNP_2_TGGAAACGGAGTGAAC-1	IU_PDA_NP2	Normal Pancreas	CC10	Normal Epithelial cells
PDACNP_2_TGGAACCACTGACACA-1	IU_PDA_NP2	Normal Pancreas	CC10	Normal Epithelial cells
PDACNP_2_TGGAAGAAGGGAACGT-1	IU_PDA_NP2	Normal Pancreas	CC10	Normal Epithelial cells
PDACNP_2_TGGAAGACGAACACCA-1	IU_PDA_NP2	Normal Pancreas	CC10	Normal Epithelial cells
PDACNP_2_TGGAAGGATAAAGATG-1	IU_PDA_NP2	Normal Pancreas	CC10	Normal Epithelial cells
PDACNP_2_TGGAATATCCTTGACC-1	IU_PDA_NP2	Normal Pancreas	CC10	Normal Epithelial cells
PDACNP_2_TGGAATTAGACGCTTT-1	IU_PDA_NP2	Normal Pancreas	CC10	Normal Epithelial cells
PDACNP_2_TGGACACCGTTGCTTG-1	IU_PDA_NP2	Normal Pancreas	CC10	Normal Epithelial cells
PDACNP_2_TGGACCAATCTAAGAT-1	IU_PDA_NP2	Normal Pancreas	CC10	Normal Epithelial cells
PDACNP_2_TGGACCACGGCGTTGA-1	IU_PDA_NP2	Normal Pancreas	CC10	Normal Epithelial cells
PDACNP_2_TGGACGTAGGCGAATC-1	IU_PDA_NP2	Normal Pancreas	CC10	Normal Epithelial cells
PDACNP_2_TGGACTGTTCGCTCAA-1	IU_PDA_NP2	Normal Pancreas	CC10	Normal Epithelial cells
PDACNP_2_TGGAGTGATGCGATGA-1	IU_PDA_NP2	Normal Pancreas	CC10	Normal Epithelial cells
PDACNP_2_TGGATAGAGTAACAGA-1	IU_PDA_NP2	Normal Pancreas	CC10	Normal Epithelial cells
PDACNP_2_TGGCAAACTAAATTAC-1	IU_PDA_NP2	Normal Pancreas	CC10	Normal Epithelial cells
PDACNP_2_TGGCAACTCGCGCGCC-1	IU_PDA_NP2	Normal Pancreas	CC10	Normal Epithelial cells
PDACNP_2_TGGCAATGGGACGGCG-1	IU_PDA_NP2	Normal Pancreas	CC10	Normal Epithelial cells
PDACNP_2_TGGCACGAGCTCGAGT-1	IU_PDA_NP2	Normal Pancreas	CC10	Normal Epithelial cells
PDACNP_2_TGGCAGCAGTAATAGT-1	IU_PDA_NP2	Normal Pancreas	CC10	Normal Epithelial cells
PDACNP_2_TGGCCAAACTGAAGTA-1	IU_PDA_NP2	Normal Pancreas	CC10	Normal Epithelial cells
PDACNP_2_TGGCCGTATATTGACC-1	IU_PDA_NP2	Normal Pancreas	CC10	Normal Epithelial cells
PDACNP_2_TGGCGACTGCTCCAAA-1	IU_PDA_NP2	Normal Pancreas	CC10	Normal Epithelial cells
PDACNP_2_TGGCGATCAAGTTATG-1	IU_PDA_NP2	Normal Pancreas	CC10	Normal Epithelial cells
PDACNP_2_TGGCGGTGTGCGATTG-1	IU_PDA_NP2	Normal Pancreas	CC10	Normal Epithelial cells
PDACNP_2_TGGCTACACTCTACCT-1	IU_PDA_NP2	Normal Pancreas	CC10	Normal Epithelial cells
PDACNP_2_TGGCTATGTGACATAC-1	IU_PDA_NP2	Normal Pancreas	CC10	Normal Epithelial cells
PDACNP_2_TGGCTTTGGGTAGACA-1	IU_PDA_NP2	Normal Pancreas	CC10	Normal Epithelial cells
PDACNP_2_TGGGAAATGCCTTTCC-1	IU_PDA_NP2	Normal Pancreas	CC10	Normal Epithelial cells
PDACNP_2_TGGGACCATTGGGAGT-1	IU_PDA_NP2	Normal Pancreas	CC10	Normal Epithelial cells
PDACNP_2_TGGGATGCACTCATTC-1	IU_PDA_NP2	Normal Pancreas	CC10	Normal Epithelial cells
PDACNP_2_TGGGCAATAGTTGGGT-1	IU_PDA_NP2	Normal Pancreas	CC10	Normal Epithelial cells
PDACNP_2_TGGGCACAAACAGAAC-1	IU_PDA_NP2	Normal Pancreas	CC10	Normal Epithelial cells
PDACNP_2_TGGGCACGTTCTATGG-1	IU_PDA_NP2	Normal Pancreas	CC10	Normal Epithelial cells
PDACNP_2_TGGGCCACAAGAGCGC-1	IU_PDA_NP2	Normal Pancreas	CC10	Normal Epithelial cells
PDACNP_2_TGGGCCCATACTAATT-1	IU_PDA_NP2	Normal Pancreas	CC10	Normal Epithelial cells
PDACNP_2_TGGGCCTTGCCTGCAT-1	IU_PDA_NP2	Normal Pancreas	CC10	Normal Epithelial cells
PDACNP_2_TGGGTAAGGTTCCCGC-1	IU_PDA_NP2	Normal Pancreas	CC10	Normal Epithelial cells
PDACNP_2_TGGGTGCACAAGCCAT-1	IU_PDA_NP2	Normal Pancreas	CC10	Normal Epithelial cells
PDACNP_2_TGGGTGGGATGTCATT-1	IU_PDA_NP2	Normal Pancreas	CC10	Normal Epithelial cells
PDACNP_2_TGGGTGTAATAGATTT-1	IU_PDA_NP2	Normal Pancreas	CC10	Normal Epithelial cells
PDACNP_2_TGGGTGTTAAGTAGAA-1	IU_PDA_NP2	Normal Pancreas	CC10	Normal Epithelial cells
PDACNP_2_TGGTAGAATATATGGG-1	IU_PDA_NP2	Normal Pancreas	CC10	Normal Epithelial cells
PDACNP_2_TGGTATCGGTCTGTAT-1	IU_PDA_NP2	Normal Pancreas	CC10	Normal Epithelial cells
PDACNP_2_TGGTCCCACGCTACGG-1	IU_PDA_NP2	Normal Pancreas	CC10	Normal Epithelial cells
PDACNP_2_TGGTCTAGCTTACATG-1	IU_PDA_NP2	Normal Pancreas	CC10	Normal Epithelial cells
PDACNP_2_TGGTTAAGGGCGCTGG-1	IU_PDA_NP2	Normal Pancreas	CC10	Normal Epithelial cells
PDACNP_2_TGGTTCAACGGGTAAT-1	IU_PDA_NP2	Normal Pancreas	CC10	Normal Epithelial cells
PDACNP_2_TGGTTCGTAGCAAAGG-1	IU_PDA_NP2	Normal Pancreas	CC10	Normal Epithelial cells
PDACNP_2_TGGTTGGAGGATCCTG-1	IU_PDA_NP2	Normal Pancreas	CC10	Normal Epithelial cells
PDACNP_2_TGGTTTAAACGTGGGT-1	IU_PDA_NP2	Normal Pancreas	CC10	Normal Epithelial cells
PDACNP_2_TGTAACTTGTCAACCT-1	IU_PDA_NP2	Normal Pancreas	CC10	Normal Epithelial cells
PDACNP_2_TGTAATGACCACAATA-1	IU_PDA_NP2	Normal Pancreas	CC10	Normal Epithelial cells
PDACNP_2_TGTACCTACACGAGGG-1	IU_PDA_NP2	Normal Pancreas	CC10	Normal Epithelial cells
PDACNP_2_TGTACGAACAAATCCG-1	IU_PDA_NP2	Normal Pancreas	CC10	Normal Epithelial cells
PDACNP_2_TGTACTACTCTCACGG-1	IU_PDA_NP2	Normal Pancreas	CC10	Normal Epithelial cells
PDACNP_2_TGTACTGTGCCAAAGT-1	IU_PDA_NP2	Normal Pancreas	CC10	Normal Epithelial cells
PDACNP_2_TGTAGCCAATTCCGTT-1	IU_PDA_NP2	Normal Pancreas	CC10	Normal Epithelial cells
PDACNP_2_TGTAGCCATCCCATTC-1	IU_PDA_NP2	Normal Pancreas	CC10	Normal Epithelial cells
PDACNP_2_TGTAGTGATCTATAAT-1	IU_PDA_NP2	Normal Pancreas	CC10	Normal Epithelial cells
PDACNP_2_TGTATAACAGATCCTG-1	IU_PDA_NP2	Normal Pancreas	CC10	Normal Epithelial cells
PDACNP_2_TGTATCAGACTGAAGC-1	IU_PDA_NP2	Normal Pancreas	CC10	Normal Epithelial cells
PDACNP_2_TGTATGGCGCAGACAG-1	IU_PDA_NP2	Normal Pancreas	CC10	Normal Epithelial cells
PDACNP_2_TGTATTTACCTAATGC-1	IU_PDA_NP2	Normal Pancreas	CC10	Normal Epithelial cells
PDACNP_2_TGTCATTTGTTGGGAA-1	IU_PDA_NP2	Normal Pancreas	CC10	Normal Epithelial cells
PDACNP_2_TGTCCACGGCTCAACT-1	IU_PDA_NP2	Normal Pancreas	CC10	Normal Epithelial cells
PDACNP_2_TGTCCCGACATAGCAC-1	IU_PDA_NP2	Normal Pancreas	CC10	Normal Epithelial cells
PDACNP_2_TGTCCGTGGCGCCTTT-1	IU_PDA_NP2	Normal Pancreas	CC10	Hepatocytes
PDACNP_2_TGTCCTAAGTCACCGC-1	IU_PDA_NP2	Normal Pancreas	CC10	Normal Epithelial cells
PDACNP_2_TGTCGGCATGGTGGAA-1	IU_PDA_NP2	Normal Pancreas	CC10	Normal Epithelial cells
PDACNP_2_TGTGACTACGCCAGTC-1	IU_PDA_NP2	Normal Pancreas	CC10	Normal Epithelial cells
PDACNP_2_TGTGACTAGAGTTTGC-1	IU_PDA_NP2	Normal Pancreas	CC10	Normal Epithelial cells
PDACNP_2_TGTGAGACTAGCCCAA-1	IU_PDA_NP2	Normal Pancreas	CC10	Normal Epithelial cells
PDACNP_2_TGTGCCGGTGCCGGAA-1	IU_PDA_NP2	Normal Pancreas	CC10	Normal Epithelial cells
PDACNP_2_TGTGCTTTACGTAAGA-1	IU_PDA_NP2	Normal Pancreas	CC10	Normal Epithelial cells
PDACNP_2_TGTGGCAAAGCGTATG-1	IU_PDA_NP2	Normal Pancreas	CC10	Normal Epithelial cells
PDACNP_2_TGTGGCGGGCTTCTGG-1	IU_PDA_NP2	Normal Pancreas	CC10	Normal Epithelial cells
PDACNP_2_TGTGGCTCCCACCAAC-1	IU_PDA_NP2	Normal Pancreas	CC10	Normal Epithelial cells
PDACNP_2_TGTGTCGCGAGTTGCA-1	IU_PDA_NP2	Normal Pancreas	CC10	Normal Epithelial cells
PDACNP_2_TGTGTTCGTATCCAAG-1	IU_PDA_NP2	Normal Pancreas	CC10	Normal Epithelial cells
PDACNP_2_TGTTATTGTATGTGGC-1	IU_PDA_NP2	Normal Pancreas	CC10	Normal Epithelial cells
PDACNP_2_TGTTCATAAATGTGCT-1	IU_PDA_NP2	Normal Pancreas	CC10	Normal Epithelial cells
PDACNP_2_TGTTCCGCTTCCATGA-1	IU_PDA_NP2	Normal Pancreas	CC10	Normal Epithelial cells
PDACNP_2_TGTTCCGGCCTGAGCT-1	IU_PDA_NP2	Normal Pancreas	CC10	Normal Epithelial cells
PDACNP_2_TGTTCGTATTGCGGTG-1	IU_PDA_NP2	Normal Pancreas	CC10	Normal Epithelial cells
PDACNP_2_TGTTCTTCCATTGACT-1	IU_PDA_NP2	Normal Pancreas	CC10	Normal Epithelial cells
PDACNP_2_TGTTGCCGTCGTCCCA-1	IU_PDA_NP2	Normal Pancreas	CC10	Normal Epithelial cells
PDACNP_2_TGTTGTCAAGAAGTCT-1	IU_PDA_NP2	Normal Pancreas	CC10	Normal Epithelial cells
PDACNP_2_TGTTTAATACTTCATC-1	IU_PDA_NP2	Normal Pancreas	CC10	Normal Epithelial cells
PDACNP_2_TGTTTCGGTACTTCTC-1	IU_PDA_NP2	Normal Pancreas	CC10	Normal Epithelial cells
PDACNP_2_TGTTTGAGATCGTCAG-1	IU_PDA_NP2	Normal Pancreas	CC10	Normal Epithelial cells
PDACNP_2_TTAAACAGAGTCCCGC-1	IU_PDA_NP2	Normal Pancreas	CC10	Normal Epithelial cells
PDACNP_2_TTAAACCTGGTTCCTT-1	IU_PDA_NP2	Normal Pancreas	CC10	Normal Epithelial cells
PDACNP_2_TTAAAGTAAGTCGCCA-1	IU_PDA_NP2	Normal Pancreas	CC10	Normal Epithelial cells
PDACNP_2_TTAACACCTCGAACAT-1	IU_PDA_NP2	Normal Pancreas	CC10	Normal Epithelial cells
PDACNP_2_TTAACCAACCCTCCCT-1	IU_PDA_NP2	Normal Pancreas	CC10	Normal Epithelial cells
PDACNP_2_TTAACGAACAAGCAGT-1	IU_PDA_NP2	Normal Pancreas	CC10	Normal Epithelial cells
PDACNP_2_TTAACTCACGCGTGGA-1	IU_PDA_NP2	Normal Pancreas	CC10	Normal Epithelial cells
PDACNP_2_TTAAGACGAACGAACC-1	IU_PDA_NP2	Normal Pancreas	CC10	Normal Epithelial cells
PDACNP_2_TTAAGCCGACAACTTC-1	IU_PDA_NP2	Normal Pancreas	CC10	Normal Epithelial cells
PDACNP_2_TTAAGCGCCTGACCCA-1	IU_PDA_NP2	Normal Pancreas	CC10	Normal Epithelial cells
PDACNP_2_TTAAGGATACGGAGGT-1	IU_PDA_NP2	Normal Pancreas	CC10	Normal Epithelial cells
PDACNP_2_TTAAGTATTGTTATCC-1	IU_PDA_NP2	Normal Pancreas	CC10	Normal Epithelial cells
PDACNP_2_TTAATGTAGACCAGGT-1	IU_PDA_NP2	Normal Pancreas	CC10	Normal Epithelial cells
PDACNP_2_TTAATGTGTTTGCAGG-1	IU_PDA_NP2	Normal Pancreas	CC10	Normal Epithelial cells
PDACNP_2_TTAATTGCTTTGGGTG-1	IU_PDA_NP2	Normal Pancreas	CC10	Normal Epithelial cells
PDACNP_2_TTAATTTCAGACGCGG-1	IU_PDA_NP2	Normal Pancreas	CC10	Normal Epithelial cells
PDACNP_2_TTACAACTACGCATCC-1	IU_PDA_NP2	Normal Pancreas	CC10	Normal Epithelial cells
PDACNP_2_TTACACGATCTGCGAC-1	IU_PDA_NP2	Normal Pancreas	CC10	Normal Epithelial cells
PDACNP_2_TTACAGACCTAAATGA-1	IU_PDA_NP2	Normal Pancreas	CC10	Normal Epithelial cells
PDACNP_2_TTACATCGTGGCCTGG-1	IU_PDA_NP2	Normal Pancreas	CC10	Normal Epithelial cells
PDACNP_2_TTACCATTGATTACCC-1	IU_PDA_NP2	Normal Pancreas	CC10	Normal Epithelial cells
PDACNP_2_TTACCCATTGCCGGGT-1	IU_PDA_NP2	Normal Pancreas	CC10	Normal Epithelial cells
PDACNP_2_TTACCCTAACAGTCCT-1	IU_PDA_NP2	Normal Pancreas	CC10	Normal Epithelial cells
PDACNP_2_TTACCCTAGGGATTGG-1	IU_PDA_NP2	Normal Pancreas	CC10	Normal Epithelial cells
PDACNP_2_TTACCGCCTTAGGGAA-1	IU_PDA_NP2	Normal Pancreas	CC10	Normal Epithelial cells
PDACNP_2_TTACGGTGTCACCGAG-1	IU_PDA_NP2	Normal Pancreas	CC10	Normal Epithelial cells
PDACNP_2_TTACTAAAGGACTTTA-1	IU_PDA_NP2	Normal Pancreas	CC10	Normal Epithelial cells
PDACNP_2_TTACTATCGGCTTCTC-1	IU_PDA_NP2	Normal Pancreas	CC10	Normal Epithelial cells
PDACNP_2_TTACTCTGGTACGTAC-1	IU_PDA_NP2	Normal Pancreas	CC10	Normal Epithelial cells
PDACNP_2_TTACTGGGATATTTCA-1	IU_PDA_NP2	Normal Pancreas	CC10	Normal Epithelial cells
PDACNP_2_TTACTGTCTAGAGCTC-1	IU_PDA_NP2	Normal Pancreas	CC10	Normal Epithelial cells
PDACNP_2_TTAGAAGAACATGACT-1	IU_PDA_NP2	Normal Pancreas	CC10	Normal Epithelial cells
PDACNP_2_TTAGACACGATCGTTG-1	IU_PDA_NP2	Normal Pancreas	CC10	Normal Epithelial cells
PDACNP_2_TTAGACGAGTCACCTC-1	IU_PDA_NP2	Normal Pancreas	CC10	Normal Epithelial cells
PDACNP_2_TTAGAGTTTAGAAGGA-1	IU_PDA_NP2	Normal Pancreas	CC10	Normal Epithelial cells
PDACNP_2_TTAGATAGGTCGATAC-1	IU_PDA_NP2	Normal Pancreas	CC10	Normal Epithelial cells
PDACNP_2_TTAGCAACATGGATGT-1	IU_PDA_NP2	Normal Pancreas	CC10	Normal Epithelial cells
PDACNP_2_TTAGCTAATACGATCT-1	IU_PDA_NP2	Normal Pancreas	CC10	Normal Epithelial cells
PDACNP_2_TTAGCTCTGTAATCCG-1	IU_PDA_NP2	Normal Pancreas	CC10	Normal Epithelial cells
PDACNP_2_TTAGCTGATTTGCCGT-1	IU_PDA_NP2	Normal Pancreas	CC10	Normal Epithelial cells
PDACNP_2_TTAGGTGTGACTGGTC-1	IU_PDA_NP2	Normal Pancreas	CC10	Normal Epithelial cells
PDACNP_2_TTAGTAAACCTGCTCT-1	IU_PDA_NP2	Normal Pancreas	CC10	Normal Epithelial cells
PDACNP_2_TTAGTAGGGCGGCGGG-1	IU_PDA_NP2	Normal Pancreas	CC10	Normal Epithelial cells
PDACNP_2_TTAGTTATTCGTGGCA-1	IU_PDA_NP2	Normal Pancreas	CC10	Normal Epithelial cells
PDACNP_2_TTAGTTCAAGTGTTCG-1	IU_PDA_NP2	Normal Pancreas	CC10	Normal Epithelial cells
PDACNP_2_TTATAGGTAATTGTCT-1	IU_PDA_NP2	Normal Pancreas	CC10	Normal Epithelial cells
PDACNP_2_TTATAGTCCAAGGTGC-1	IU_PDA_NP2	Normal Pancreas	CC10	Normal Epithelial cells
PDACNP_2_TTATATTTGGCAATCC-1	IU_PDA_NP2	Normal Pancreas	CC10	Normal Epithelial cells
PDACNP_2_TTATCATACTCGCAAA-1	IU_PDA_NP2	Normal Pancreas	CC10	Normal Epithelial cells
PDACNP_2_TTATCCAATCGAACTC-1	IU_PDA_NP2	Normal Pancreas	CC10	Normal Epithelial cells
PDACNP_2_TTATCGCCTGCGAAGC-1	IU_PDA_NP2	Normal Pancreas	CC10	Normal Epithelial cells
PDACNP_2_TTATGAATGAAAGGGA-1	IU_PDA_NP2	Normal Pancreas	CC10	Normal Epithelial cells
PDACNP_2_TTATGACAAACTGGAT-1	IU_PDA_NP2	Normal Pancreas	CC10	Normal Epithelial cells
PDACNP_2_TTATGATCTTAACGAA-1	IU_PDA_NP2	Normal Pancreas	CC10	Normal Epithelial cells
PDACNP_2_TTATGCGTCCCGGTCC-1	IU_PDA_NP2	Normal Pancreas	CC10	Normal Epithelial cells
PDACNP_2_TTATGTTTGCGATAGA-1	IU_PDA_NP2	Normal Pancreas	CC10	Normal Epithelial cells
PDACNP_2_TTATTAGAGCGTGTTC-1	IU_PDA_NP2	Normal Pancreas	CC10	Normal Epithelial cells
PDACNP_2_TTATTAGGGAAGCATC-1	IU_PDA_NP2	Normal Pancreas	CC10	Normal Epithelial cells
PDACNP_2_TTATTTCATCCCAAAC-1	IU_PDA_NP2	Normal Pancreas	CC10	Normal Epithelial cells
PDACNP_2_TTCAAAGTCTCTAGCC-1	IU_PDA_NP2	Normal Pancreas	CC10	Normal Epithelial cells
PDACNP_2_TTCAACGACCCGACCG-1	IU_PDA_NP2	Normal Pancreas	CC10	Normal Epithelial cells
PDACNP_2_TTCAAGCCGAGCTGAG-1	IU_PDA_NP2	Normal Pancreas	CC10	Normal Epithelial cells
PDACNP_2_TTCACGAAAGGATCAC-1	IU_PDA_NP2	Normal Pancreas	CC10	Hepatocytes
PDACNP_2_TTCACTCGAGCACCTA-1	IU_PDA_NP2	Normal Pancreas	CC10	Normal Epithelial cells
PDACNP_2_TTCAGAGTAACCTGAC-1	IU_PDA_NP2	Normal Pancreas	CC10	Normal Epithelial cells
PDACNP_2_TTCAGCCCTGGTCCAC-1	IU_PDA_NP2	Normal Pancreas	CC10	Normal Epithelial cells
PDACNP_2_TTCAGCTGGCGTGCCC-1	IU_PDA_NP2	Normal Pancreas	CC10	Normal Epithelial cells
PDACNP_2_TTCAGGCGTCAAAGCC-1	IU_PDA_NP2	Normal Pancreas	CC10	Normal Epithelial cells
PDACNP_2_TTCAGTTTGTGGCAGC-1	IU_PDA_NP2	Normal Pancreas	CC10	Normal Epithelial cells
PDACNP_2_TTCATAGCCTTGTAAC-1	IU_PDA_NP2	Normal Pancreas	CC10	Normal Epithelial cells
PDACNP_2_TTCATAGGGTGTCCAT-1	IU_PDA_NP2	Normal Pancreas	CC10	Normal Epithelial cells
PDACNP_2_TTCATGGCGCAACAGG-1	IU_PDA_NP2	Normal Pancreas	CC10	Normal Epithelial cells
PDACNP_2_TTCCAATCAGAGCTAG-1	IU_PDA_NP2	Normal Pancreas	CC10	Normal Epithelial cells
PDACNP_2_TTCCACACAGATTTGA-1	IU_PDA_NP2	Normal Pancreas	CC10	Normal Epithelial cells
PDACNP_2_TTCCAGACGAGATTTA-1	IU_PDA_NP2	Normal Pancreas	CC10	Normal Epithelial cells
PDACNP_2_TTCCATCATGCGGTGA-1	IU_PDA_NP2	Normal Pancreas	CC10	Normal Epithelial cells
PDACNP_2_TTCCATCGACAGCGTG-1	IU_PDA_NP2	Normal Pancreas	CC10	Normal Epithelial cells
PDACNP_2_TTCCGCAGAGAAATAT-1	IU_PDA_NP2	Normal Pancreas	CC10	Normal Epithelial cells
PDACNP_2_TTCCGCGTGAGGCGAT-1	IU_PDA_NP2	Normal Pancreas	CC10	Hepatocytes
PDACNP_2_TTCCGGCTCGACTTCT-1	IU_PDA_NP2	Normal Pancreas	CC10	Normal Epithelial cells
PDACNP_2_TTCCGGTATCTGTGTC-1	IU_PDA_NP2	Normal Pancreas	CC10	Normal Epithelial cells
PDACNP_2_TTCCGGTTACCCACTT-1	IU_PDA_NP2	Normal Pancreas	CC10	Normal Epithelial cells
PDACNP_2_TTCCTCGAGGGTGTCT-1	IU_PDA_NP2	Normal Pancreas	CC10	Normal Epithelial cells
PDACNP_2_TTCCTCGGACTAACCA-1	IU_PDA_NP2	Normal Pancreas	CC10	Normal Epithelial cells
PDACNP_2_TTCCTCTGCCCGAATA-1	IU_PDA_NP2	Normal Pancreas	CC10	Normal Epithelial cells
PDACNP_2_TTCCTTTCTGTGTTGC-1	IU_PDA_NP2	Normal Pancreas	CC10	Normal Epithelial cells
PDACNP_2_TTCGACAGAGCCCGTG-1	IU_PDA_NP2	Normal Pancreas	CC10	Normal Epithelial cells
PDACNP_2_TTCGACGGGAAGGGCG-1	IU_PDA_NP2	Normal Pancreas	CC10	Normal Epithelial cells
PDACNP_2_TTCGCACTCGCGTGCT-1	IU_PDA_NP2	Normal Pancreas	CC10	Normal Epithelial cells
PDACNP_2_TTCGCACTGTACGACA-1	IU_PDA_NP2	Normal Pancreas	CC10	Normal Epithelial cells
PDACNP_2_TTCGCATCCGGAAGCA-1	IU_PDA_NP2	Normal Pancreas	CC10	Normal Epithelial cells
PDACNP_2_TTCGCGCGCCATACGA-1	IU_PDA_NP2	Normal Pancreas	CC10	Normal Epithelial cells
PDACNP_2_TTCGCTAGGAAGTTGT-1	IU_PDA_NP2	Normal Pancreas	CC10	Normal Epithelial cells
PDACNP_2_TTCGCTATCTGACGTG-1	IU_PDA_NP2	Normal Pancreas	CC10	Normal Epithelial cells
PDACNP_2_TTCGGACTGATGCCTT-1	IU_PDA_NP2	Normal Pancreas	CC10	Normal Epithelial cells
PDACNP_2_TTCGGCAACCCGCTGA-1	IU_PDA_NP2	Normal Pancreas	CC10	Normal Epithelial cells
PDACNP_2_TTCGGCTAGAGATGGT-1	IU_PDA_NP2	Normal Pancreas	CC10	Normal Epithelial cells
PDACNP_2_TTCGGGACTAATCGCG-1	IU_PDA_NP2	Normal Pancreas	CC10	Normal Epithelial cells
PDACNP_2_TTCGGTACTGTAGAGG-1	IU_PDA_NP2	Normal Pancreas	CC10	Normal Epithelial cells
PDACNP_2_TTCGGTGGAGACGCCC-1	IU_PDA_NP2	Normal Pancreas	CC10	Normal Epithelial cells
PDACNP_2_TTCGTAATCCCAGCGG-1	IU_PDA_NP2	Normal Pancreas	CC10	Normal Epithelial cells
PDACNP_2_TTCGTACTCCAGAACG-1	IU_PDA_NP2	Normal Pancreas	CC10	Normal Epithelial cells
PDACNP_2_TTCGTTCAACGAAGTT-1	IU_PDA_NP2	Normal Pancreas	CC10	Normal Epithelial cells
PDACNP_2_TTCTACCTTTATGTTG-1	IU_PDA_NP2	Normal Pancreas	CC10	Normal Epithelial cells
PDACNP_2_TTCTACTTGCGAGGGC-1	IU_PDA_NP2	Normal Pancreas	CC10	Normal Epithelial cells
PDACNP_2_TTCTAGAAAGTCTTAT-1	IU_PDA_NP2	Normal Pancreas	CC10	Normal Epithelial cells
PDACNP_2_TTCTAGGCCAATTGTG-1	IU_PDA_NP2	Normal Pancreas	CC10	Normal Epithelial cells
PDACNP_2_TTCTATGCCTTTCGCA-1	IU_PDA_NP2	Normal Pancreas	CC10	Normal Epithelial cells
PDACNP_2_TTCTGCCGCGCCTAGA-1	IU_PDA_NP2	Normal Pancreas	CC10	Normal Epithelial cells
PDACNP_2_TTCTGCGAGCGCCCTT-1	IU_PDA_NP2	Normal Pancreas	CC10	Normal Epithelial cells
PDACNP_2_TTCTGCGGGTTAGCGG-1	IU_PDA_NP2	Normal Pancreas	CC10	Normal Epithelial cells
PDACNP_2_TTCTGCTAGACTCCAA-1	IU_PDA_NP2	Normal Pancreas	CC10	Normal Epithelial cells
PDACNP_2_TTCTGTTTCCTGTCGC-1	IU_PDA_NP2	Normal Pancreas	CC10	Normal Epithelial cells
PDACNP_2_TTCTTAGTGAACGGTG-1	IU_PDA_NP2	Normal Pancreas	CC10	Normal Epithelial cells
PDACNP_2_TTCTTAGTGGCTCAGA-1	IU_PDA_NP2	Normal Pancreas	CC10	Normal Epithelial cells
PDACNP_2_TTCTTATCCGCTGGGT-1	IU_PDA_NP2	Normal Pancreas	CC10	Normal Epithelial cells
PDACNP_2_TTCTTGAGCCGCGCTA-1	IU_PDA_NP2	Normal Pancreas	CC10	Normal Epithelial cells
PDACNP_2_TTCTTGCTAGCATCTC-1	IU_PDA_NP2	Normal Pancreas	CC10	Normal Epithelial cells
PDACNP_2_TTCTTGGAGTAATGAG-1	IU_PDA_NP2	Normal Pancreas	CC10	Normal Epithelial cells
PDACNP_2_TTCTTGTAACCTAATG-1	IU_PDA_NP2	Normal Pancreas	CC10	Normal Epithelial cells
PDACNP_2_TTCTTGTGTCCATCAG-1	IU_PDA_NP2	Normal Pancreas	CC10	Normal Epithelial cells
PDACNP_2_TTCTTTGGTCGCGACG-1	IU_PDA_NP2	Normal Pancreas	CC10	Normal Epithelial cells
PDACNP_2_TTGAAAGGTGTAAAGG-1	IU_PDA_NP2	Normal Pancreas	CC10	Normal Epithelial cells
PDACNP_2_TTGAACGAATCCTTTG-1	IU_PDA_NP2	Normal Pancreas	CC10	Normal Epithelial cells
PDACNP_2_TTGAACGACGTGCTGA-1	IU_PDA_NP2	Normal Pancreas	CC10	Normal Epithelial cells
PDACNP_2_TTGAAGAATTCCCAGG-1	IU_PDA_NP2	Normal Pancreas	CC10	Hepatocytes
PDACNP_2_TTGAATATGGACTTTC-1	IU_PDA_NP2	Normal Pancreas	CC10	Normal Epithelial cells
PDACNP_2_TTGAATTCACGTGAGG-1	IU_PDA_NP2	Normal Pancreas	CC10	Normal Epithelial cells
PDACNP_2_TTGACATGAACGTGGA-1	IU_PDA_NP2	Normal Pancreas	CC10	Normal Epithelial cells
PDACNP_2_TTGACCAGGAACAACT-1	IU_PDA_NP2	Normal Pancreas	CC10	Normal Epithelial cells
PDACNP_2_TTGACCATGTTCTCCG-1	IU_PDA_NP2	Normal Pancreas	CC10	Normal Epithelial cells
PDACNP_2_TTGACTACCATATGGT-1	IU_PDA_NP2	Normal Pancreas	CC10	Normal Epithelial cells
PDACNP_2_TTGAGAAGTTTAGCAT-1	IU_PDA_NP2	Normal Pancreas	CC10	Normal Epithelial cells
PDACNP_2_TTGAGAGTACTGCTAA-1	IU_PDA_NP2	Normal Pancreas	CC10	Normal Epithelial cells
PDACNP_2_TTGAGCAGCCCACGGT-1	IU_PDA_NP2	Normal Pancreas	CC10	Normal Epithelial cells
PDACNP_2_TTGAGCGCCACGTGAT-1	IU_PDA_NP2	Normal Pancreas	CC10	Normal Epithelial cells
PDACNP_2_TTGAGGCATTTAACTC-1	IU_PDA_NP2	Normal Pancreas	CC10	Normal Epithelial cells
PDACNP_2_TTGAGTCCCGCTGCTG-1	IU_PDA_NP2	Normal Pancreas	CC10	Normal Epithelial cells
PDACNP_2_TTGATAGTCAATACAT-1	IU_PDA_NP2	Normal Pancreas	CC10	Normal Epithelial cells
PDACNP_2_TTGATCTAACTTTGTC-1	IU_PDA_NP2	Normal Pancreas	CC10	Normal Epithelial cells
PDACNP_2_TTGATGTGTAGTCCCG-1	IU_PDA_NP2	Normal Pancreas	CC10	Normal Epithelial cells
PDACNP_2_TTGATTAGCTGTTTCT-1	IU_PDA_NP2	Normal Pancreas	CC10	Normal Epithelial cells
PDACNP_2_TTGATTATGCAGATGA-1	IU_PDA_NP2	Normal Pancreas	CC10	Normal Epithelial cells
PDACNP_2_TTGCAAGAAGACTCCT-1	IU_PDA_NP2	Normal Pancreas	CC10	Normal Epithelial cells
PDACNP_2_TTGCACAATTCAGAAA-1	IU_PDA_NP2	Normal Pancreas	CC10	Normal Epithelial cells
PDACNP_2_TTGCACGGAGCAGCAC-1	IU_PDA_NP2	Normal Pancreas	CC10	Normal Epithelial cells
PDACNP_2_TTGCATGCTGATCACG-1	IU_PDA_NP2	Normal Pancreas	CC10	Normal Epithelial cells
PDACNP_2_TTGCCAAGCAGAACCC-1	IU_PDA_NP2	Normal Pancreas	CC10	Normal Epithelial cells
PDACNP_2_TTGCCGCTTTCTAGTA-1	IU_PDA_NP2	Normal Pancreas	CC10	Normal Epithelial cells
PDACNP_2_TTGCCGGTGATCCCTC-1	IU_PDA_NP2	Normal Pancreas	CC10	Normal Epithelial cells
PDACNP_2_TTGCCTTCTCGCCGGG-1	IU_PDA_NP2	Normal Pancreas	CC10	Normal Epithelial cells
PDACNP_2_TTGCGCTCTCTCGCTT-1	IU_PDA_NP2	Normal Pancreas	CC10	Normal Epithelial cells
PDACNP_2_TTGCGCTTGATCAATA-1	IU_PDA_NP2	Normal Pancreas	CC10	Normal Epithelial cells
PDACNP_2_TTGCGTAGTTTGAGGA-1	IU_PDA_NP2	Normal Pancreas	CC10	Hepatocytes
PDACNP_2_TTGCGTGAACGCTTAG-1	IU_PDA_NP2	Normal Pancreas	CC10	Normal Epithelial cells
PDACNP_2_TTGCGTGTGTAGGCAT-1	IU_PDA_NP2	Normal Pancreas	CC10	Normal Epithelial cells
PDACNP_2_TTGCTAGCTACCAATC-1	IU_PDA_NP2	Normal Pancreas	CC10	Normal Epithelial cells
PDACNP_2_TTGCTCATAGTACGTG-1	IU_PDA_NP2	Normal Pancreas	CC10	Normal Epithelial cells
PDACNP_2_TTGCTCCCATACCGGA-1	IU_PDA_NP2	Normal Pancreas	CC10	Normal Epithelial cells
PDACNP_2_TTGCTGAAGGAACCAC-1	IU_PDA_NP2	Normal Pancreas	CC10	Normal Epithelial cells
PDACNP_2_TTGCTGATCATGTTCG-1	IU_PDA_NP2	Normal Pancreas	CC10	Hepatocytes
PDACNP_2_TTGCTGCACCTATCCA-1	IU_PDA_NP2	Normal Pancreas	CC10	Normal Epithelial cells
PDACNP_2_TTGCTGGCCGGGCTTC-1	IU_PDA_NP2	Normal Pancreas	CC10	Normal Epithelial cells
PDACNP_2_TTGGACATGTGGCTTA-1	IU_PDA_NP2	Normal Pancreas	CC10	Normal Epithelial cells
PDACNP_2_TTGGACCATCTGGCAA-1	IU_PDA_NP2	Normal Pancreas	CC10	Normal Epithelial cells
PDACNP_2_TTGGACCTATAACAGT-1	IU_PDA_NP2	Normal Pancreas	CC10	Normal Epithelial cells
PDACNP_2_TTGGAGTCTCCCTTCT-1	IU_PDA_NP2	Normal Pancreas	CC10	Normal Epithelial cells
PDACNP_2_TTGGATATCGTCTACG-1	IU_PDA_NP2	Normal Pancreas	CC10	Normal Epithelial cells
PDACNP_2_TTGGATCGACTTCTGG-1	IU_PDA_NP2	Normal Pancreas	CC10	Normal Epithelial cells
PDACNP_2_TTGGATTGGGTACCAC-1	IU_PDA_NP2	Normal Pancreas	CC10	Normal Epithelial cells
PDACNP_2_TTGGCCAAATTGTATC-1	IU_PDA_NP2	Normal Pancreas	CC10	Normal Epithelial cells
PDACNP_2_TTGGCCATCTTGCGCT-1	IU_PDA_NP2	Normal Pancreas	CC10	Normal Epithelial cells
PDACNP_2_TTGGCCTAGAATTTCG-1	IU_PDA_NP2	Normal Pancreas	CC10	Normal Epithelial cells
PDACNP_2_TTGGCGATCCGAATAT-1	IU_PDA_NP2	Normal Pancreas	CC10	Normal Epithelial cells
PDACNP_2_TTGGCTCAATATGTGT-1	IU_PDA_NP2	Normal Pancreas	CC10	Normal Epithelial cells
PDACNP_2_TTGGCTCGCATGAGAC-1	IU_PDA_NP2	Normal Pancreas	CC10	Normal Epithelial cells
PDACNP_2_TTGGGACACTGCCCGC-1	IU_PDA_NP2	Normal Pancreas	CC10	Normal Epithelial cells
PDACNP_2_TTGGGACGTAAGAGTT-1	IU_PDA_NP2	Normal Pancreas	CC10	Normal Epithelial cells
PDACNP_2_TTGGGCGGCGGTTGCC-1	IU_PDA_NP2	Normal Pancreas	CC10	Normal Epithelial cells
PDACNP_2_TTGGTATGGCTTGTGT-1	IU_PDA_NP2	Normal Pancreas	CC10	Normal Epithelial cells
PDACNP_2_TTGGTCACACTCGTAA-1	IU_PDA_NP2	Normal Pancreas	CC10	Normal Epithelial cells
PDACNP_2_TTGTAAGGACCTAAGT-1	IU_PDA_NP2	Normal Pancreas	CC10	Normal Epithelial cells
PDACNP_2_TTGTAAGGCCAGTTGG-1	IU_PDA_NP2	Normal Pancreas	CC10	Normal Epithelial cells
PDACNP_2_TTGTAATCCGTACTCG-1	IU_PDA_NP2	Normal Pancreas	CC10	Normal Epithelial cells
PDACNP_2_TTGTATCACACAGAAT-1	IU_PDA_NP2	Normal Pancreas	CC10	Normal Epithelial cells
PDACNP_2_TTGTCGTTCAGTTACC-1	IU_PDA_NP2	Normal Pancreas	CC10	Normal Epithelial cells
PDACNP_2_TTGTGAACCTAATCCG-1	IU_PDA_NP2	Normal Pancreas	CC10	Normal Epithelial cells
PDACNP_2_TTGTGCAGCCACGTCA-1	IU_PDA_NP2	Normal Pancreas	CC10	Hepatocytes
PDACNP_2_TTGTGGCCCTGACAGT-1	IU_PDA_NP2	Normal Pancreas	CC10	Normal Epithelial cells
PDACNP_2_TTGTGGTGGTACTAAG-1	IU_PDA_NP2	Normal Pancreas	CC10	Normal Epithelial cells
PDACNP_2_TTGTGTATGCCACCAA-1	IU_PDA_NP2	Normal Pancreas	CC10	Normal Epithelial cells
PDACNP_2_TTGTGTTTCCCGAAAG-1	IU_PDA_NP2	Normal Pancreas	CC10	Normal Epithelial cells
PDACNP_2_TTGTTAGCAAATTCGA-1	IU_PDA_NP2	Normal Pancreas	CC10	Normal Epithelial cells
PDACNP_2_TTGTTCAGTGTGCTAC-1	IU_PDA_NP2	Normal Pancreas	CC10	Normal Epithelial cells
PDACNP_2_TTGTTCTAGATACGCT-1	IU_PDA_NP2	Normal Pancreas	CC10	Normal Epithelial cells
PDACNP_2_TTGTTGTGTGTCAAGA-1	IU_PDA_NP2	Normal Pancreas	CC10	Normal Epithelial cells
PDACNP_2_TTGTTTCCATACAACT-1	IU_PDA_NP2	Normal Pancreas	CC10	Normal Epithelial cells
PDACNP_2_TTGTTTGTGTAAATTC-1	IU_PDA_NP2	Normal Pancreas	CC10	Normal Epithelial cells
