pathway	sample_id	gsva_score	Patient	Dataset	StromaState	n_cells
HALLMARK_ADIPOGENESIS	PDAC2___Normal	0.080375031081515	PDAC2	Powers	Normal	47
HALLMARK_ADIPOGENESIS	PDAC2___Activated	-0.317807950396111	PDAC2	Powers	Activated	1924
HALLMARK_ADIPOGENESIS	peng_N1___Normal	0.274224666983911	peng_N1	Peng	Normal	397
HALLMARK_ADIPOGENESIS	peng_N1___Activated	-0.104716226899752	peng_N1	Peng	Activated	381
HALLMARK_ADIPOGENESIS	peng_N10___Normal	0.105544923799728	peng_N10	Peng	Normal	42
HALLMARK_ADIPOGENESIS	peng_N10___Activated	0.00562072230193367	peng_N10	Peng	Activated	22
HALLMARK_ADIPOGENESIS	peng_N11___Normal	-0.153154149900222	peng_N11	Peng	Normal	28
HALLMARK_ADIPOGENESIS	peng_N11___Activated	0.105340674764972	peng_N11	Peng	Activated	22
HALLMARK_ADIPOGENESIS	peng_N2___Normal	0.153798340291165	peng_N2	Peng	Normal	223
HALLMARK_ADIPOGENESIS	peng_N2___Activated	0.0627539710093182	peng_N2	Peng	Activated	232
HALLMARK_ADIPOGENESIS	peng_N3___Normal	0.0681357723892471	peng_N3	Peng	Normal	172
HALLMARK_ADIPOGENESIS	peng_N3___Activated	-0.0579768250708728	peng_N3	Peng	Activated	40
HALLMARK_ADIPOGENESIS	peng_N4___Normal	0.112076754345942	peng_N4	Peng	Normal	85
HALLMARK_ADIPOGENESIS	peng_N4___Activated	0.0947220198814221	peng_N4	Peng	Activated	48
HALLMARK_ADIPOGENESIS	peng_N6___Normal	0.0241162281484313	peng_N6	Peng	Normal	214
HALLMARK_ADIPOGENESIS	peng_N6___Activated	-0.17612088746786	peng_N6	Peng	Activated	124
HALLMARK_ADIPOGENESIS	peng_N7___Normal	0.124829317992865	peng_N7	Peng	Normal	118
HALLMARK_ADIPOGENESIS	peng_N7___Activated	-0.104465993962762	peng_N7	Peng	Activated	58
HALLMARK_ADIPOGENESIS	peng_N8___Normal	0.255606437451163	peng_N8	Peng	Normal	263
HALLMARK_ADIPOGENESIS	peng_N8___Activated	-0.0299182168269302	peng_N8	Peng	Activated	203
HALLMARK_ADIPOGENESIS	peng_N9___Normal	0.198905977208649	peng_N9	Peng	Normal	124
HALLMARK_ADIPOGENESIS	peng_N9___Activated	-0.0135165459585603	peng_N9	Peng	Activated	235
HALLMARK_ADIPOGENESIS	peng_T1___Normal	-0.102813829686849	peng_T1	Peng	Normal	89
HALLMARK_ADIPOGENESIS	peng_T1___Activated	-0.146124012273638	peng_T1	Peng	Activated	248
HALLMARK_ADIPOGENESIS	peng_T10___Normal	-0.089421838939096	peng_T10	Peng	Normal	112
HALLMARK_ADIPOGENESIS	peng_T10___Activated	-0.168050599874359	peng_T10	Peng	Activated	222
HALLMARK_ADIPOGENESIS	peng_T12___Normal	0.0888084679735697	peng_T12	Peng	Normal	71
HALLMARK_ADIPOGENESIS	peng_T12___Activated	-0.0390605012258124	peng_T12	Peng	Activated	319
HALLMARK_ADIPOGENESIS	peng_T13___Normal	0.192127262843788	peng_T13	Peng	Normal	199
HALLMARK_ADIPOGENESIS	peng_T13___Activated	-0.116846842626343	peng_T13	Peng	Activated	522
HALLMARK_ADIPOGENESIS	peng_T14___Normal	-0.00531403456600571	peng_T14	Peng	Normal	108
HALLMARK_ADIPOGENESIS	peng_T14___Activated	-0.189356873109215	peng_T14	Peng	Activated	186
HALLMARK_ADIPOGENESIS	peng_T15___Normal	-0.078199491862614	peng_T15	Peng	Normal	140
HALLMARK_ADIPOGENESIS	peng_T15___Activated	-0.461243321554342	peng_T15	Peng	Activated	1165
HALLMARK_ADIPOGENESIS	peng_T16___Normal	-0.0474791676002113	peng_T16	Peng	Normal	94
HALLMARK_ADIPOGENESIS	peng_T16___Activated	-0.223007248159164	peng_T16	Peng	Activated	673
HALLMARK_ADIPOGENESIS	peng_T17___Normal	0.161042411430964	peng_T17	Peng	Normal	23
HALLMARK_ADIPOGENESIS	peng_T17___Activated	-0.303502196932097	peng_T17	Peng	Activated	305
HALLMARK_ADIPOGENESIS	peng_T18___Normal	-0.0700235621743893	peng_T18	Peng	Normal	81
HALLMARK_ADIPOGENESIS	peng_T18___Activated	-0.225744042754765	peng_T18	Peng	Activated	967
HALLMARK_ADIPOGENESIS	peng_T19___Normal	-0.138777558403747	peng_T19	Peng	Normal	660
HALLMARK_ADIPOGENESIS	peng_T19___Activated	-0.250881969444799	peng_T19	Peng	Activated	1046
HALLMARK_ADIPOGENESIS	peng_T2___Normal	0.124031018895844	peng_T2	Peng	Normal	25
HALLMARK_ADIPOGENESIS	peng_T2___Activated	-0.12429149813518	peng_T2	Peng	Activated	62
HALLMARK_ADIPOGENESIS	peng_T20___Normal	0.192587527242648	peng_T20	Peng	Normal	58
HALLMARK_ADIPOGENESIS	peng_T20___Activated	-0.0735502311949633	peng_T20	Peng	Activated	93
HALLMARK_ADIPOGENESIS	peng_T22___Normal	0.0535114807675386	peng_T22	Peng	Normal	26
HALLMARK_ADIPOGENESIS	peng_T22___Activated	-0.301497642912926	peng_T22	Peng	Activated	118
HALLMARK_ADIPOGENESIS	peng_T23___Normal	0.0228745665623462	peng_T23	Peng	Normal	56
HALLMARK_ADIPOGENESIS	peng_T23___Activated	-0.500501780634683	peng_T23	Peng	Activated	1282
HALLMARK_ADIPOGENESIS	peng_T24___Normal	-0.129754239413551	peng_T24	Peng	Normal	467
HALLMARK_ADIPOGENESIS	peng_T24___Activated	-0.435376242437624	peng_T24	Peng	Activated	917
HALLMARK_ADIPOGENESIS	peng_T3___Normal	0.0212432803540283	peng_T3	Peng	Normal	119
HALLMARK_ADIPOGENESIS	peng_T3___Activated	-0.358692703786201	peng_T3	Peng	Activated	339
HALLMARK_ADIPOGENESIS	peng_T4___Normal	-0.0362959688630773	peng_T4	Peng	Normal	46
HALLMARK_ADIPOGENESIS	peng_T4___Activated	-0.314144340679336	peng_T4	Peng	Activated	176
HALLMARK_ADIPOGENESIS	peng_T5___Normal	-0.0561293976978713	peng_T5	Peng	Normal	173
HALLMARK_ADIPOGENESIS	peng_T5___Activated	-0.202301353344167	peng_T5	Peng	Activated	238
HALLMARK_ADIPOGENESIS	peng_T6___Normal	0.171884274667923	peng_T6	Peng	Normal	147
HALLMARK_ADIPOGENESIS	peng_T6___Activated	-0.176695954496908	peng_T6	Peng	Activated	216
HALLMARK_ADIPOGENESIS	peng_T7___Normal	0.0119234341812404	peng_T7	Peng	Normal	125
HALLMARK_ADIPOGENESIS	peng_T7___Activated	-0.224206670498275	peng_T7	Peng	Activated	299
HALLMARK_ALLOGRAFT_REJECTION	PDAC2___Normal	-0.0835007976188829	PDAC2	Powers	Normal	47
HALLMARK_ALLOGRAFT_REJECTION	PDAC2___Activated	-0.0228672533907595	PDAC2	Powers	Activated	1924
HALLMARK_ALLOGRAFT_REJECTION	peng_N1___Normal	-0.283775019867673	peng_N1	Peng	Normal	397
HALLMARK_ALLOGRAFT_REJECTION	peng_N1___Activated	0.111999669301547	peng_N1	Peng	Activated	381
HALLMARK_ALLOGRAFT_REJECTION	peng_N10___Normal	-0.0468622942547787	peng_N10	Peng	Normal	42
HALLMARK_ALLOGRAFT_REJECTION	peng_N10___Activated	-0.0246734446684552	peng_N10	Peng	Activated	22
HALLMARK_ALLOGRAFT_REJECTION	peng_N11___Normal	-0.274113372591694	peng_N11	Peng	Normal	28
HALLMARK_ALLOGRAFT_REJECTION	peng_N11___Activated	-0.163053621342066	peng_N11	Peng	Activated	22
HALLMARK_ALLOGRAFT_REJECTION	peng_N2___Normal	-0.382034378602942	peng_N2	Peng	Normal	223
HALLMARK_ALLOGRAFT_REJECTION	peng_N2___Activated	-0.272299694085169	peng_N2	Peng	Activated	232
HALLMARK_ALLOGRAFT_REJECTION	peng_N3___Normal	-0.276117004780441	peng_N3	Peng	Normal	172
HALLMARK_ALLOGRAFT_REJECTION	peng_N3___Activated	0.035230839639244	peng_N3	Peng	Activated	40
HALLMARK_ALLOGRAFT_REJECTION	peng_N4___Normal	-0.422836718595961	peng_N4	Peng	Normal	85
HALLMARK_ALLOGRAFT_REJECTION	peng_N4___Activated	-0.348264274308097	peng_N4	Peng	Activated	48
HALLMARK_ALLOGRAFT_REJECTION	peng_N6___Normal	-0.512803770876053	peng_N6	Peng	Normal	214
HALLMARK_ALLOGRAFT_REJECTION	peng_N6___Activated	-0.332312018864623	peng_N6	Peng	Activated	124
HALLMARK_ALLOGRAFT_REJECTION	peng_N7___Normal	-0.419454334028337	peng_N7	Peng	Normal	118
HALLMARK_ALLOGRAFT_REJECTION	peng_N7___Activated	-0.300163525934322	peng_N7	Peng	Activated	58
HALLMARK_ALLOGRAFT_REJECTION	peng_N8___Normal	-0.372085721516696	peng_N8	Peng	Normal	263
HALLMARK_ALLOGRAFT_REJECTION	peng_N8___Activated	-0.144512390302813	peng_N8	Peng	Activated	203
HALLMARK_ALLOGRAFT_REJECTION	peng_N9___Normal	-0.324670076590519	peng_N9	Peng	Normal	124
HALLMARK_ALLOGRAFT_REJECTION	peng_N9___Activated	-0.325809969142102	peng_N9	Peng	Activated	235
HALLMARK_ALLOGRAFT_REJECTION	peng_T1___Normal	0.31823954934523	peng_T1	Peng	Normal	89
HALLMARK_ALLOGRAFT_REJECTION	peng_T1___Activated	0.290046034299574	peng_T1	Peng	Activated	248
HALLMARK_ALLOGRAFT_REJECTION	peng_T10___Normal	0.104782313096245	peng_T10	Peng	Normal	112
HALLMARK_ALLOGRAFT_REJECTION	peng_T10___Activated	0.320992331262016	peng_T10	Peng	Activated	222
HALLMARK_ALLOGRAFT_REJECTION	peng_T12___Normal	0.374330173850779	peng_T12	Peng	Normal	71
HALLMARK_ALLOGRAFT_REJECTION	peng_T12___Activated	0.582864814173994	peng_T12	Peng	Activated	319
HALLMARK_ALLOGRAFT_REJECTION	peng_T13___Normal	0.0111649614169235	peng_T13	Peng	Normal	199
HALLMARK_ALLOGRAFT_REJECTION	peng_T13___Activated	0.130419306138525	peng_T13	Peng	Activated	522
HALLMARK_ALLOGRAFT_REJECTION	peng_T14___Normal	-0.254930216467347	peng_T14	Peng	Normal	108
HALLMARK_ALLOGRAFT_REJECTION	peng_T14___Activated	-0.080657700863982	peng_T14	Peng	Activated	186
HALLMARK_ALLOGRAFT_REJECTION	peng_T15___Normal	0.0752030861317129	peng_T15	Peng	Normal	140
HALLMARK_ALLOGRAFT_REJECTION	peng_T15___Activated	0.323874905003353	peng_T15	Peng	Activated	1165
HALLMARK_ALLOGRAFT_REJECTION	peng_T16___Normal	0.310032605467458	peng_T16	Peng	Normal	94
HALLMARK_ALLOGRAFT_REJECTION	peng_T16___Activated	0.543375223564751	peng_T16	Peng	Activated	673
HALLMARK_ALLOGRAFT_REJECTION	peng_T17___Normal	-0.0390092535444302	peng_T17	Peng	Normal	23
HALLMARK_ALLOGRAFT_REJECTION	peng_T17___Activated	0.169089532943702	peng_T17	Peng	Activated	305
HALLMARK_ALLOGRAFT_REJECTION	peng_T18___Normal	0.0410370856778087	peng_T18	Peng	Normal	81
HALLMARK_ALLOGRAFT_REJECTION	peng_T18___Activated	0.230158489779077	peng_T18	Peng	Activated	967
HALLMARK_ALLOGRAFT_REJECTION	peng_T19___Normal	0.455098405299583	peng_T19	Peng	Normal	660
HALLMARK_ALLOGRAFT_REJECTION	peng_T19___Activated	0.511436719626876	peng_T19	Peng	Activated	1046
HALLMARK_ALLOGRAFT_REJECTION	peng_T2___Normal	0.2147446757649	peng_T2	Peng	Normal	25
HALLMARK_ALLOGRAFT_REJECTION	peng_T2___Activated	0.417807088514824	peng_T2	Peng	Activated	62
HALLMARK_ALLOGRAFT_REJECTION	peng_T20___Normal	-0.131647786513823	peng_T20	Peng	Normal	58
HALLMARK_ALLOGRAFT_REJECTION	peng_T20___Activated	-0.0840504371443895	peng_T20	Peng	Activated	93
HALLMARK_ALLOGRAFT_REJECTION	peng_T22___Normal	0.15494023473751	peng_T22	Peng	Normal	26
HALLMARK_ALLOGRAFT_REJECTION	peng_T22___Activated	0.048994372416055	peng_T22	Peng	Activated	118
HALLMARK_ALLOGRAFT_REJECTION	peng_T23___Normal	-0.00098492944459444	peng_T23	Peng	Normal	56
HALLMARK_ALLOGRAFT_REJECTION	peng_T23___Activated	0.442175921880957	peng_T23	Peng	Activated	1282
HALLMARK_ALLOGRAFT_REJECTION	peng_T24___Normal	-0.157575195940892	peng_T24	Peng	Normal	467
HALLMARK_ALLOGRAFT_REJECTION	peng_T24___Activated	0.0961593351323843	peng_T24	Peng	Activated	917
HALLMARK_ALLOGRAFT_REJECTION	peng_T3___Normal	0.0757164405790604	peng_T3	Peng	Normal	119
HALLMARK_ALLOGRAFT_REJECTION	peng_T3___Activated	0.236115856994841	peng_T3	Peng	Activated	339
HALLMARK_ALLOGRAFT_REJECTION	peng_T4___Normal	0.0752179504556789	peng_T4	Peng	Normal	46
HALLMARK_ALLOGRAFT_REJECTION	peng_T4___Activated	0.123203607072111	peng_T4	Peng	Activated	176
HALLMARK_ALLOGRAFT_REJECTION	peng_T5___Normal	0.245774372107649	peng_T5	Peng	Normal	173
HALLMARK_ALLOGRAFT_REJECTION	peng_T5___Activated	0.369355825493385	peng_T5	Peng	Activated	238
HALLMARK_ALLOGRAFT_REJECTION	peng_T6___Normal	0.215841396087296	peng_T6	Peng	Normal	147
HALLMARK_ALLOGRAFT_REJECTION	peng_T6___Activated	0.411364049573024	peng_T6	Peng	Activated	216
HALLMARK_ALLOGRAFT_REJECTION	peng_T7___Normal	-0.164761359937103	peng_T7	Peng	Normal	125
HALLMARK_ALLOGRAFT_REJECTION	peng_T7___Activated	-0.0290862354289564	peng_T7	Peng	Activated	299
HALLMARK_ANDROGEN_RESPONSE	PDAC2___Normal	0.173801338745469	PDAC2	Powers	Normal	47
HALLMARK_ANDROGEN_RESPONSE	PDAC2___Activated	0.122604671253144	PDAC2	Powers	Activated	1924
HALLMARK_ANDROGEN_RESPONSE	peng_N1___Normal	0.0110766089298467	peng_N1	Peng	Normal	397
HALLMARK_ANDROGEN_RESPONSE	peng_N1___Activated	0.212762223913025	peng_N1	Peng	Activated	381
HALLMARK_ANDROGEN_RESPONSE	peng_N10___Normal	0.26833056434688	peng_N10	Peng	Normal	42
HALLMARK_ANDROGEN_RESPONSE	peng_N10___Activated	0.0365188168655141	peng_N10	Peng	Activated	22
HALLMARK_ANDROGEN_RESPONSE	peng_N11___Normal	-0.0797015867299748	peng_N11	Peng	Normal	28
HALLMARK_ANDROGEN_RESPONSE	peng_N11___Activated	0.0878571427175335	peng_N11	Peng	Activated	22
HALLMARK_ANDROGEN_RESPONSE	peng_N2___Normal	-0.245300925816296	peng_N2	Peng	Normal	223
HALLMARK_ANDROGEN_RESPONSE	peng_N2___Activated	-0.239665405988616	peng_N2	Peng	Activated	232
HALLMARK_ANDROGEN_RESPONSE	peng_N3___Normal	-0.260490264495085	peng_N3	Peng	Normal	172
HALLMARK_ANDROGEN_RESPONSE	peng_N3___Activated	-0.0472807322829863	peng_N3	Peng	Activated	40
HALLMARK_ANDROGEN_RESPONSE	peng_N4___Normal	-0.022959199377621	peng_N4	Peng	Normal	85
HALLMARK_ANDROGEN_RESPONSE	peng_N4___Activated	-0.0262058380863231	peng_N4	Peng	Activated	48
HALLMARK_ANDROGEN_RESPONSE	peng_N6___Normal	-0.295695575639308	peng_N6	Peng	Normal	214
HALLMARK_ANDROGEN_RESPONSE	peng_N6___Activated	-0.205697091836074	peng_N6	Peng	Activated	124
HALLMARK_ANDROGEN_RESPONSE	peng_N7___Normal	-0.201083180638985	peng_N7	Peng	Normal	118
HALLMARK_ANDROGEN_RESPONSE	peng_N7___Activated	0.0931144008506368	peng_N7	Peng	Activated	58
HALLMARK_ANDROGEN_RESPONSE	peng_N8___Normal	-0.187988534594934	peng_N8	Peng	Normal	263
HALLMARK_ANDROGEN_RESPONSE	peng_N8___Activated	0.128925624230064	peng_N8	Peng	Activated	203
HALLMARK_ANDROGEN_RESPONSE	peng_N9___Normal	-0.140481945065937	peng_N9	Peng	Normal	124
HALLMARK_ANDROGEN_RESPONSE	peng_N9___Activated	-0.307297852894231	peng_N9	Peng	Activated	235
HALLMARK_ANDROGEN_RESPONSE	peng_T1___Normal	0.0577072880812176	peng_T1	Peng	Normal	89
HALLMARK_ANDROGEN_RESPONSE	peng_T1___Activated	0.132854754817644	peng_T1	Peng	Activated	248
HALLMARK_ANDROGEN_RESPONSE	peng_T10___Normal	-0.0525724440827116	peng_T10	Peng	Normal	112
HALLMARK_ANDROGEN_RESPONSE	peng_T10___Activated	0.0358677159737064	peng_T10	Peng	Activated	222
HALLMARK_ANDROGEN_RESPONSE	peng_T12___Normal	-0.108722617909517	peng_T12	Peng	Normal	71
HALLMARK_ANDROGEN_RESPONSE	peng_T12___Activated	-0.0481550966080017	peng_T12	Peng	Activated	319
HALLMARK_ANDROGEN_RESPONSE	peng_T13___Normal	-0.138448079839938	peng_T13	Peng	Normal	199
HALLMARK_ANDROGEN_RESPONSE	peng_T13___Activated	-0.166536145421278	peng_T13	Peng	Activated	522
HALLMARK_ANDROGEN_RESPONSE	peng_T14___Normal	-0.0581316219423955	peng_T14	Peng	Normal	108
HALLMARK_ANDROGEN_RESPONSE	peng_T14___Activated	-0.115068978711297	peng_T14	Peng	Activated	186
HALLMARK_ANDROGEN_RESPONSE	peng_T15___Normal	-0.299369303012038	peng_T15	Peng	Normal	140
HALLMARK_ANDROGEN_RESPONSE	peng_T15___Activated	-0.308989782901566	peng_T15	Peng	Activated	1165
HALLMARK_ANDROGEN_RESPONSE	peng_T16___Normal	0.00226824952526733	peng_T16	Peng	Normal	94
HALLMARK_ANDROGEN_RESPONSE	peng_T16___Activated	-0.0176999838631937	peng_T16	Peng	Activated	673
HALLMARK_ANDROGEN_RESPONSE	peng_T17___Normal	0.0447534233049976	peng_T17	Peng	Normal	23
HALLMARK_ANDROGEN_RESPONSE	peng_T17___Activated	0.0825147895068701	peng_T17	Peng	Activated	305
HALLMARK_ANDROGEN_RESPONSE	peng_T18___Normal	0.221458203452435	peng_T18	Peng	Normal	81
HALLMARK_ANDROGEN_RESPONSE	peng_T18___Activated	0.18269000345401	peng_T18	Peng	Activated	967
HALLMARK_ANDROGEN_RESPONSE	peng_T19___Normal	-0.0875466175830512	peng_T19	Peng	Normal	660
HALLMARK_ANDROGEN_RESPONSE	peng_T19___Activated	-0.138328878951951	peng_T19	Peng	Activated	1046
HALLMARK_ANDROGEN_RESPONSE	peng_T2___Normal	-0.143540379435631	peng_T2	Peng	Normal	25
HALLMARK_ANDROGEN_RESPONSE	peng_T2___Activated	-0.165139706129176	peng_T2	Peng	Activated	62
HALLMARK_ANDROGEN_RESPONSE	peng_T20___Normal	-0.0649219910170487	peng_T20	Peng	Normal	58
HALLMARK_ANDROGEN_RESPONSE	peng_T20___Activated	-0.00892452657809251	peng_T20	Peng	Activated	93
HALLMARK_ANDROGEN_RESPONSE	peng_T22___Normal	-0.153171099498524	peng_T22	Peng	Normal	26
HALLMARK_ANDROGEN_RESPONSE	peng_T22___Activated	-0.0899002670629629	peng_T22	Peng	Activated	118
HALLMARK_ANDROGEN_RESPONSE	peng_T23___Normal	0.0706015917150936	peng_T23	Peng	Normal	56
HALLMARK_ANDROGEN_RESPONSE	peng_T23___Activated	-0.131354380508589	peng_T23	Peng	Activated	1282
HALLMARK_ANDROGEN_RESPONSE	peng_T24___Normal	-0.385574267562518	peng_T24	Peng	Normal	467
HALLMARK_ANDROGEN_RESPONSE	peng_T24___Activated	-0.101231257095698	peng_T24	Peng	Activated	917
HALLMARK_ANDROGEN_RESPONSE	peng_T3___Normal	0.0207591707819288	peng_T3	Peng	Normal	119
HALLMARK_ANDROGEN_RESPONSE	peng_T3___Activated	0.0601075247121269	peng_T3	Peng	Activated	339
HALLMARK_ANDROGEN_RESPONSE	peng_T4___Normal	0.114272442409185	peng_T4	Peng	Normal	46
HALLMARK_ANDROGEN_RESPONSE	peng_T4___Activated	-0.0945049387624705	peng_T4	Peng	Activated	176
HALLMARK_ANDROGEN_RESPONSE	peng_T5___Normal	0.0889937111097536	peng_T5	Peng	Normal	173
HALLMARK_ANDROGEN_RESPONSE	peng_T5___Activated	0.21388154649196	peng_T5	Peng	Activated	238
HALLMARK_ANDROGEN_RESPONSE	peng_T6___Normal	-0.218758373865306	peng_T6	Peng	Normal	147
HALLMARK_ANDROGEN_RESPONSE	peng_T6___Activated	-0.150880750820303	peng_T6	Peng	Activated	216
HALLMARK_ANDROGEN_RESPONSE	peng_T7___Normal	0.0706707171626068	peng_T7	Peng	Normal	125
HALLMARK_ANDROGEN_RESPONSE	peng_T7___Activated	-0.0061462399003647	peng_T7	Peng	Activated	299
HALLMARK_ANGIOGENESIS	PDAC2___Normal	0.159568705007134	PDAC2	Powers	Normal	47
HALLMARK_ANGIOGENESIS	PDAC2___Activated	0.213522815187644	PDAC2	Powers	Activated	1924
HALLMARK_ANGIOGENESIS	peng_N1___Normal	-0.210359516959995	peng_N1	Peng	Normal	397
HALLMARK_ANGIOGENESIS	peng_N1___Activated	0.0871669172118004	peng_N1	Peng	Activated	381
HALLMARK_ANGIOGENESIS	peng_N10___Normal	-0.070320024220631	peng_N10	Peng	Normal	42
HALLMARK_ANGIOGENESIS	peng_N10___Activated	0.334110878385321	peng_N10	Peng	Activated	22
HALLMARK_ANGIOGENESIS	peng_N11___Normal	-0.0497974666034436	peng_N11	Peng	Normal	28
HALLMARK_ANGIOGENESIS	peng_N11___Activated	0.137675664040917	peng_N11	Peng	Activated	22
HALLMARK_ANGIOGENESIS	peng_N2___Normal	-0.306075396804459	peng_N2	Peng	Normal	223
HALLMARK_ANGIOGENESIS	peng_N2___Activated	-0.0382281940675508	peng_N2	Peng	Activated	232
HALLMARK_ANGIOGENESIS	peng_N3___Normal	-0.467008611817253	peng_N3	Peng	Normal	172
HALLMARK_ANGIOGENESIS	peng_N3___Activated	0.18415466504138	peng_N3	Peng	Activated	40
HALLMARK_ANGIOGENESIS	peng_N4___Normal	-0.0203538033441688	peng_N4	Peng	Normal	85
HALLMARK_ANGIOGENESIS	peng_N4___Activated	-0.0453641956174551	peng_N4	Peng	Activated	48
HALLMARK_ANGIOGENESIS	peng_N6___Normal	-0.351282442523967	peng_N6	Peng	Normal	214
HALLMARK_ANGIOGENESIS	peng_N6___Activated	0.139711794963994	peng_N6	Peng	Activated	124
HALLMARK_ANGIOGENESIS	peng_N7___Normal	-0.082403026576339	peng_N7	Peng	Normal	118
HALLMARK_ANGIOGENESIS	peng_N7___Activated	0.232721787057256	peng_N7	Peng	Activated	58
HALLMARK_ANGIOGENESIS	peng_N8___Normal	-0.355244261602598	peng_N8	Peng	Normal	263
HALLMARK_ANGIOGENESIS	peng_N8___Activated	-0.019099203099505	peng_N8	Peng	Activated	203
HALLMARK_ANGIOGENESIS	peng_N9___Normal	-0.106888504022152	peng_N9	Peng	Normal	124
HALLMARK_ANGIOGENESIS	peng_N9___Activated	-0.0624908579822254	peng_N9	Peng	Activated	235
HALLMARK_ANGIOGENESIS	peng_T1___Normal	-0.191999584423895	peng_T1	Peng	Normal	89
HALLMARK_ANGIOGENESIS	peng_T1___Activated	0.45102425730998	peng_T1	Peng	Activated	248
HALLMARK_ANGIOGENESIS	peng_T10___Normal	-0.267569614176391	peng_T10	Peng	Normal	112
HALLMARK_ANGIOGENESIS	peng_T10___Activated	0.139231575493827	peng_T10	Peng	Activated	222
HALLMARK_ANGIOGENESIS	peng_T12___Normal	-0.0114842990964746	peng_T12	Peng	Normal	71
HALLMARK_ANGIOGENESIS	peng_T12___Activated	0.4237002032881	peng_T12	Peng	Activated	319
HALLMARK_ANGIOGENESIS	peng_T13___Normal	-0.0861617715957467	peng_T13	Peng	Normal	199
HALLMARK_ANGIOGENESIS	peng_T13___Activated	0.123125689751196	peng_T13	Peng	Activated	522
HALLMARK_ANGIOGENESIS	peng_T14___Normal	-0.41529499874534	peng_T14	Peng	Normal	108
HALLMARK_ANGIOGENESIS	peng_T14___Activated	-0.0150408222951046	peng_T14	Peng	Activated	186
HALLMARK_ANGIOGENESIS	peng_T15___Normal	-0.354743531092303	peng_T15	Peng	Normal	140
HALLMARK_ANGIOGENESIS	peng_T15___Activated	0.285820996316289	peng_T15	Peng	Activated	1165
HALLMARK_ANGIOGENESIS	peng_T16___Normal	0.155652196464201	peng_T16	Peng	Normal	94
HALLMARK_ANGIOGENESIS	peng_T16___Activated	0.431883537328116	peng_T16	Peng	Activated	673
HALLMARK_ANGIOGENESIS	peng_T17___Normal	-0.138429617476967	peng_T17	Peng	Normal	23
HALLMARK_ANGIOGENESIS	peng_T17___Activated	0.145065963996324	peng_T17	Peng	Activated	305
HALLMARK_ANGIOGENESIS	peng_T18___Normal	0.00553920172890909	peng_T18	Peng	Normal	81
HALLMARK_ANGIOGENESIS	peng_T18___Activated	0.135803090845719	peng_T18	Peng	Activated	967
HALLMARK_ANGIOGENESIS	peng_T19___Normal	-0.245688110182927	peng_T19	Peng	Normal	660
HALLMARK_ANGIOGENESIS	peng_T19___Activated	0.382304917137997	peng_T19	Peng	Activated	1046
HALLMARK_ANGIOGENESIS	peng_T2___Normal	-0.083829588092903	peng_T2	Peng	Normal	25
HALLMARK_ANGIOGENESIS	peng_T2___Activated	-0.122535845991117	peng_T2	Peng	Activated	62
HALLMARK_ANGIOGENESIS	peng_T20___Normal	0.0982232506217374	peng_T20	Peng	Normal	58
HALLMARK_ANGIOGENESIS	peng_T20___Activated	0.366014954655701	peng_T20	Peng	Activated	93
HALLMARK_ANGIOGENESIS	peng_T22___Normal	-0.0574127070914534	peng_T22	Peng	Normal	26
HALLMARK_ANGIOGENESIS	peng_T22___Activated	0.0336647645569831	peng_T22	Peng	Activated	118
HALLMARK_ANGIOGENESIS	peng_T23___Normal	-0.406590197307642	peng_T23	Peng	Normal	56
HALLMARK_ANGIOGENESIS	peng_T23___Activated	-0.149683619134872	peng_T23	Peng	Activated	1282
HALLMARK_ANGIOGENESIS	peng_T24___Normal	-0.462822714992026	peng_T24	Peng	Normal	467
HALLMARK_ANGIOGENESIS	peng_T24___Activated	0.0816375121059063	peng_T24	Peng	Activated	917
HALLMARK_ANGIOGENESIS	peng_T3___Normal	-0.309714421462344	peng_T3	Peng	Normal	119
HALLMARK_ANGIOGENESIS	peng_T3___Activated	0.200560677257938	peng_T3	Peng	Activated	339
HALLMARK_ANGIOGENESIS	peng_T4___Normal	-0.201922315206929	peng_T4	Peng	Normal	46
HALLMARK_ANGIOGENESIS	peng_T4___Activated	-0.196917267218938	peng_T4	Peng	Activated	176
HALLMARK_ANGIOGENESIS	peng_T5___Normal	-0.161540051630201	peng_T5	Peng	Normal	173
HALLMARK_ANGIOGENESIS	peng_T5___Activated	0.323013680079833	peng_T5	Peng	Activated	238
HALLMARK_ANGIOGENESIS	peng_T6___Normal	-0.169207284584793	peng_T6	Peng	Normal	147
HALLMARK_ANGIOGENESIS	peng_T6___Activated	0.239584012195542	peng_T6	Peng	Activated	216
HALLMARK_ANGIOGENESIS	peng_T7___Normal	-0.118763769365577	peng_T7	Peng	Normal	125
HALLMARK_ANGIOGENESIS	peng_T7___Activated	0.221462273427511	peng_T7	Peng	Activated	299
HALLMARK_APICAL_JUNCTION	PDAC2___Normal	-0.018766266638689	PDAC2	Powers	Normal	47
HALLMARK_APICAL_JUNCTION	PDAC2___Activated	0.0757493765979774	PDAC2	Powers	Activated	1924
HALLMARK_APICAL_JUNCTION	peng_N1___Normal	-0.201210475351037	peng_N1	Peng	Normal	397
HALLMARK_APICAL_JUNCTION	peng_N1___Activated	9.27145403296081e-05	peng_N1	Peng	Activated	381
HALLMARK_APICAL_JUNCTION	peng_N10___Normal	-0.155851990673782	peng_N10	Peng	Normal	42
HALLMARK_APICAL_JUNCTION	peng_N10___Activated	0.0159773245515969	peng_N10	Peng	Activated	22
HALLMARK_APICAL_JUNCTION	peng_N11___Normal	0.0146805563396561	peng_N11	Peng	Normal	28
HALLMARK_APICAL_JUNCTION	peng_N11___Activated	-0.0617146487973399	peng_N11	Peng	Activated	22
HALLMARK_APICAL_JUNCTION	peng_N2___Normal	-0.203713591479865	peng_N2	Peng	Normal	223
HALLMARK_APICAL_JUNCTION	peng_N2___Activated	-0.120773844602828	peng_N2	Peng	Activated	232
HALLMARK_APICAL_JUNCTION	peng_N3___Normal	-0.0508020364655412	peng_N3	Peng	Normal	172
HALLMARK_APICAL_JUNCTION	peng_N3___Activated	0.0470332080299056	peng_N3	Peng	Activated	40
HALLMARK_APICAL_JUNCTION	peng_N4___Normal	0.00188619956879971	peng_N4	Peng	Normal	85
HALLMARK_APICAL_JUNCTION	peng_N4___Activated	-0.111253604532843	peng_N4	Peng	Activated	48
HALLMARK_APICAL_JUNCTION	peng_N6___Normal	-0.0715913037922654	peng_N6	Peng	Normal	214
HALLMARK_APICAL_JUNCTION	peng_N6___Activated	0.00400968751750341	peng_N6	Peng	Activated	124
HALLMARK_APICAL_JUNCTION	peng_N7___Normal	-0.213069633676884	peng_N7	Peng	Normal	118
HALLMARK_APICAL_JUNCTION	peng_N7___Activated	-0.0265293788362119	peng_N7	Peng	Activated	58
HALLMARK_APICAL_JUNCTION	peng_N8___Normal	-0.197621500273671	peng_N8	Peng	Normal	263
HALLMARK_APICAL_JUNCTION	peng_N8___Activated	-0.147315565919166	peng_N8	Peng	Activated	203
HALLMARK_APICAL_JUNCTION	peng_N9___Normal	-0.150611642238587	peng_N9	Peng	Normal	124
HALLMARK_APICAL_JUNCTION	peng_N9___Activated	-0.17327965766898	peng_N9	Peng	Activated	235
HALLMARK_APICAL_JUNCTION	peng_T1___Normal	0.113954027173314	peng_T1	Peng	Normal	89
HALLMARK_APICAL_JUNCTION	peng_T1___Activated	0.0843350122271751	peng_T1	Peng	Activated	248
HALLMARK_APICAL_JUNCTION	peng_T10___Normal	0.125417417110458	peng_T10	Peng	Normal	112
HALLMARK_APICAL_JUNCTION	peng_T10___Activated	0.0869999129097583	peng_T10	Peng	Activated	222
HALLMARK_APICAL_JUNCTION	peng_T12___Normal	-0.0939103252205833	peng_T12	Peng	Normal	71
HALLMARK_APICAL_JUNCTION	peng_T12___Activated	-0.0655658456516514	peng_T12	Peng	Activated	319
HALLMARK_APICAL_JUNCTION	peng_T13___Normal	-0.149560371623414	peng_T13	Peng	Normal	199
HALLMARK_APICAL_JUNCTION	peng_T13___Activated	-0.0291838976679922	peng_T13	Peng	Activated	522
HALLMARK_APICAL_JUNCTION	peng_T14___Normal	0.018788883103092	peng_T14	Peng	Normal	108
HALLMARK_APICAL_JUNCTION	peng_T14___Activated	0.11716456959181	peng_T14	Peng	Activated	186
HALLMARK_APICAL_JUNCTION	peng_T15___Normal	-0.0416278739527508	peng_T15	Peng	Normal	140
HALLMARK_APICAL_JUNCTION	peng_T15___Activated	0.241902713949067	peng_T15	Peng	Activated	1165
HALLMARK_APICAL_JUNCTION	peng_T16___Normal	-0.108165232943008	peng_T16	Peng	Normal	94
HALLMARK_APICAL_JUNCTION	peng_T16___Activated	0.214193433211332	peng_T16	Peng	Activated	673
HALLMARK_APICAL_JUNCTION	peng_T17___Normal	-0.0382382495220316	peng_T17	Peng	Normal	23
HALLMARK_APICAL_JUNCTION	peng_T17___Activated	0.253787481043865	peng_T17	Peng	Activated	305
HALLMARK_APICAL_JUNCTION	peng_T18___Normal	-0.0463431446651987	peng_T18	Peng	Normal	81
HALLMARK_APICAL_JUNCTION	peng_T18___Activated	0.161500587154756	peng_T18	Peng	Activated	967
HALLMARK_APICAL_JUNCTION	peng_T19___Normal	-0.0410517199159005	peng_T19	Peng	Normal	660
HALLMARK_APICAL_JUNCTION	peng_T19___Activated	-0.101819585851728	peng_T19	Peng	Activated	1046
HALLMARK_APICAL_JUNCTION	peng_T2___Normal	-0.135382062433114	peng_T2	Peng	Normal	25
HALLMARK_APICAL_JUNCTION	peng_T2___Activated	-0.0129134322927275	peng_T2	Peng	Activated	62
HALLMARK_APICAL_JUNCTION	peng_T20___Normal	0.0142528738553511	peng_T20	Peng	Normal	58
HALLMARK_APICAL_JUNCTION	peng_T20___Activated	0.0869220959756786	peng_T20	Peng	Activated	93
HALLMARK_APICAL_JUNCTION	peng_T22___Normal	0.0285592348641449	peng_T22	Peng	Normal	26
HALLMARK_APICAL_JUNCTION	peng_T22___Activated	0.278636452740134	peng_T22	Peng	Activated	118
HALLMARK_APICAL_JUNCTION	peng_T23___Normal	-0.0327982762864663	peng_T23	Peng	Normal	56
HALLMARK_APICAL_JUNCTION	peng_T23___Activated	0.168019700043119	peng_T23	Peng	Activated	1282
HALLMARK_APICAL_JUNCTION	peng_T24___Normal	-0.114176107095835	peng_T24	Peng	Normal	467
HALLMARK_APICAL_JUNCTION	peng_T24___Activated	0.138618704604568	peng_T24	Peng	Activated	917
HALLMARK_APICAL_JUNCTION	peng_T3___Normal	-0.0030882211442973	peng_T3	Peng	Normal	119
HALLMARK_APICAL_JUNCTION	peng_T3___Activated	0.136545553420885	peng_T3	Peng	Activated	339
HALLMARK_APICAL_JUNCTION	peng_T4___Normal	-0.00438843873203382	peng_T4	Peng	Normal	46
HALLMARK_APICAL_JUNCTION	peng_T4___Activated	0.195782797800533	peng_T4	Peng	Activated	176
HALLMARK_APICAL_JUNCTION	peng_T5___Normal	-0.257330289280691	peng_T5	Peng	Normal	173
HALLMARK_APICAL_JUNCTION	peng_T5___Activated	-0.025551622756014	peng_T5	Peng	Activated	238
HALLMARK_APICAL_JUNCTION	peng_T6___Normal	0.0535636186552751	peng_T6	Peng	Normal	147
HALLMARK_APICAL_JUNCTION	peng_T6___Activated	0.220820255449939	peng_T6	Peng	Activated	216
HALLMARK_APICAL_JUNCTION	peng_T7___Normal	-0.0453401869447546	peng_T7	Peng	Normal	125
HALLMARK_APICAL_JUNCTION	peng_T7___Activated	0.0631948971859637	peng_T7	Peng	Activated	299
HALLMARK_APICAL_SURFACE	PDAC2___Normal	0.0953489570621174	PDAC2	Powers	Normal	47
HALLMARK_APICAL_SURFACE	PDAC2___Activated	0.187579033646041	PDAC2	Powers	Activated	1924
HALLMARK_APICAL_SURFACE	peng_N1___Normal	0.0181995651485841	peng_N1	Peng	Normal	397
HALLMARK_APICAL_SURFACE	peng_N1___Activated	0.216347136970582	peng_N1	Peng	Activated	381
HALLMARK_APICAL_SURFACE	peng_N10___Normal	-0.18060946340232	peng_N10	Peng	Normal	42
HALLMARK_APICAL_SURFACE	peng_N10___Activated	0.207825606731721	peng_N10	Peng	Activated	22
HALLMARK_APICAL_SURFACE	peng_N11___Normal	0.157545047656117	peng_N11	Peng	Normal	28
HALLMARK_APICAL_SURFACE	peng_N11___Activated	0.225803883868022	peng_N11	Peng	Activated	22
HALLMARK_APICAL_SURFACE	peng_N2___Normal	0.0266514489548634	peng_N2	Peng	Normal	223
HALLMARK_APICAL_SURFACE	peng_N2___Activated	-0.095766636257189	peng_N2	Peng	Activated	232
HALLMARK_APICAL_SURFACE	peng_N3___Normal	-0.188670066849029	peng_N3	Peng	Normal	172
HALLMARK_APICAL_SURFACE	peng_N3___Activated	0.222299291628433	peng_N3	Peng	Activated	40
HALLMARK_APICAL_SURFACE	peng_N4___Normal	-0.00824980275176324	peng_N4	Peng	Normal	85
HALLMARK_APICAL_SURFACE	peng_N4___Activated	0.1128496554763	peng_N4	Peng	Activated	48
HALLMARK_APICAL_SURFACE	peng_N6___Normal	0.116362199910934	peng_N6	Peng	Normal	214
HALLMARK_APICAL_SURFACE	peng_N6___Activated	0.103435150196269	peng_N6	Peng	Activated	124
HALLMARK_APICAL_SURFACE	peng_N7___Normal	0.0679231580999898	peng_N7	Peng	Normal	118
HALLMARK_APICAL_SURFACE	peng_N7___Activated	0.0635438127933692	peng_N7	Peng	Activated	58
HALLMARK_APICAL_SURFACE	peng_N8___Normal	-0.331368640872663	peng_N8	Peng	Normal	263
HALLMARK_APICAL_SURFACE	peng_N8___Activated	0.0425346906782785	peng_N8	Peng	Activated	203
HALLMARK_APICAL_SURFACE	peng_N9___Normal	-0.214922701365419	peng_N9	Peng	Normal	124
HALLMARK_APICAL_SURFACE	peng_N9___Activated	-0.145449452850605	peng_N9	Peng	Activated	235
HALLMARK_APICAL_SURFACE	peng_T1___Normal	0.0238746946765926	peng_T1	Peng	Normal	89
HALLMARK_APICAL_SURFACE	peng_T1___Activated	0.0153018063844953	peng_T1	Peng	Activated	248
HALLMARK_APICAL_SURFACE	peng_T10___Normal	-0.154686212817671	peng_T10	Peng	Normal	112
HALLMARK_APICAL_SURFACE	peng_T10___Activated	0.00719442698123177	peng_T10	Peng	Activated	222
HALLMARK_APICAL_SURFACE	peng_T12___Normal	0.0846802814666876	peng_T12	Peng	Normal	71
HALLMARK_APICAL_SURFACE	peng_T12___Activated	-0.143140887904888	peng_T12	Peng	Activated	319
HALLMARK_APICAL_SURFACE	peng_T13___Normal	-0.303850042163322	peng_T13	Peng	Normal	199
HALLMARK_APICAL_SURFACE	peng_T13___Activated	0.188838597673924	peng_T13	Peng	Activated	522
HALLMARK_APICAL_SURFACE	peng_T14___Normal	-0.322566471935277	peng_T14	Peng	Normal	108
HALLMARK_APICAL_SURFACE	peng_T14___Activated	0.050094269332819	peng_T14	Peng	Activated	186
HALLMARK_APICAL_SURFACE	peng_T15___Normal	-0.16170288822605	peng_T15	Peng	Normal	140
HALLMARK_APICAL_SURFACE	peng_T15___Activated	0.342792947312822	peng_T15	Peng	Activated	1165
HALLMARK_APICAL_SURFACE	peng_T16___Normal	-0.00911684231456455	peng_T16	Peng	Normal	94
HALLMARK_APICAL_SURFACE	peng_T16___Activated	0.344630343319151	peng_T16	Peng	Activated	673
HALLMARK_APICAL_SURFACE	peng_T17___Normal	0.137768163235724	peng_T17	Peng	Normal	23
HALLMARK_APICAL_SURFACE	peng_T17___Activated	0.0754901018876621	peng_T17	Peng	Activated	305
HALLMARK_APICAL_SURFACE	peng_T18___Normal	-0.203687902928982	peng_T18	Peng	Normal	81
HALLMARK_APICAL_SURFACE	peng_T18___Activated	0.0160958827909291	peng_T18	Peng	Activated	967
HALLMARK_APICAL_SURFACE	peng_T19___Normal	-0.066918286493179	peng_T19	Peng	Normal	660
HALLMARK_APICAL_SURFACE	peng_T19___Activated	0.0453772714763695	peng_T19	Peng	Activated	1046
HALLMARK_APICAL_SURFACE	peng_T2___Normal	-0.0444298740335169	peng_T2	Peng	Normal	25
HALLMARK_APICAL_SURFACE	peng_T2___Activated	-0.0709084931071174	peng_T2	Peng	Activated	62
HALLMARK_APICAL_SURFACE	peng_T20___Normal	0.109025327363577	peng_T20	Peng	Normal	58
HALLMARK_APICAL_SURFACE	peng_T20___Activated	0.0897933958169203	peng_T20	Peng	Activated	93
HALLMARK_APICAL_SURFACE	peng_T22___Normal	-0.324965809729001	peng_T22	Peng	Normal	26
HALLMARK_APICAL_SURFACE	peng_T22___Activated	-0.226791829043688	peng_T22	Peng	Activated	118
HALLMARK_APICAL_SURFACE	peng_T23___Normal	-0.120714292127093	peng_T23	Peng	Normal	56
HALLMARK_APICAL_SURFACE	peng_T23___Activated	0.137089171106083	peng_T23	Peng	Activated	1282
HALLMARK_APICAL_SURFACE	peng_T24___Normal	-0.0825142268076001	peng_T24	Peng	Normal	467
HALLMARK_APICAL_SURFACE	peng_T24___Activated	0.264270593900157	peng_T24	Peng	Activated	917
HALLMARK_APICAL_SURFACE	peng_T3___Normal	-0.0830726626184141	peng_T3	Peng	Normal	119
HALLMARK_APICAL_SURFACE	peng_T3___Activated	0.186778205792312	peng_T3	Peng	Activated	339
HALLMARK_APICAL_SURFACE	peng_T4___Normal	-0.0744228114620145	peng_T4	Peng	Normal	46
HALLMARK_APICAL_SURFACE	peng_T4___Activated	0.0864417586424296	peng_T4	Peng	Activated	176
HALLMARK_APICAL_SURFACE	peng_T5___Normal	0.00595060771684525	peng_T5	Peng	Normal	173
HALLMARK_APICAL_SURFACE	peng_T5___Activated	0.251354380602559	peng_T5	Peng	Activated	238
HALLMARK_APICAL_SURFACE	peng_T6___Normal	0.0519101820032205	peng_T6	Peng	Normal	147
HALLMARK_APICAL_SURFACE	peng_T6___Activated	0.237014837341819	peng_T6	Peng	Activated	216
HALLMARK_APICAL_SURFACE	peng_T7___Normal	-0.392300955461242	peng_T7	Peng	Normal	125
HALLMARK_APICAL_SURFACE	peng_T7___Activated	0.0575372174158922	peng_T7	Peng	Activated	299
HALLMARK_APOPTOSIS	PDAC2___Normal	0.144802885160142	PDAC2	Powers	Normal	47
HALLMARK_APOPTOSIS	PDAC2___Activated	0.0551400782203972	PDAC2	Powers	Activated	1924
HALLMARK_APOPTOSIS	peng_N1___Normal	-0.0483676123311421	peng_N1	Peng	Normal	397
HALLMARK_APOPTOSIS	peng_N1___Activated	0.118475093725407	peng_N1	Peng	Activated	381
HALLMARK_APOPTOSIS	peng_N10___Normal	0.174344835656604	peng_N10	Peng	Normal	42
HALLMARK_APOPTOSIS	peng_N10___Activated	0.294221415158036	peng_N10	Peng	Activated	22
HALLMARK_APOPTOSIS	peng_N11___Normal	-0.176070778789058	peng_N11	Peng	Normal	28
HALLMARK_APOPTOSIS	peng_N11___Activated	0.00913803382082906	peng_N11	Peng	Activated	22
HALLMARK_APOPTOSIS	peng_N2___Normal	-0.204668384600531	peng_N2	Peng	Normal	223
HALLMARK_APOPTOSIS	peng_N2___Activated	-0.0783141369751246	peng_N2	Peng	Activated	232
HALLMARK_APOPTOSIS	peng_N3___Normal	-0.193836856796135	peng_N3	Peng	Normal	172
HALLMARK_APOPTOSIS	peng_N3___Activated	-0.153155684652222	peng_N3	Peng	Activated	40
HALLMARK_APOPTOSIS	peng_N4___Normal	-0.0664572510568824	peng_N4	Peng	Normal	85
HALLMARK_APOPTOSIS	peng_N4___Activated	0.0821657421994343	peng_N4	Peng	Activated	48
HALLMARK_APOPTOSIS	peng_N6___Normal	-0.306136230234441	peng_N6	Peng	Normal	214
HALLMARK_APOPTOSIS	peng_N6___Activated	0.0171157169417996	peng_N6	Peng	Activated	124
HALLMARK_APOPTOSIS	peng_N7___Normal	-0.185218898124691	peng_N7	Peng	Normal	118
HALLMARK_APOPTOSIS	peng_N7___Activated	0.167289355774169	peng_N7	Peng	Activated	58
HALLMARK_APOPTOSIS	peng_N8___Normal	-0.0408779875894002	peng_N8	Peng	Normal	263
HALLMARK_APOPTOSIS	peng_N8___Activated	0.152870544658819	peng_N8	Peng	Activated	203
HALLMARK_APOPTOSIS	peng_N9___Normal	-0.119541554172843	peng_N9	Peng	Normal	124
HALLMARK_APOPTOSIS	peng_N9___Activated	-0.00827787891149684	peng_N9	Peng	Activated	235
HALLMARK_APOPTOSIS	peng_T1___Normal	-0.16998898851911	peng_T1	Peng	Normal	89
HALLMARK_APOPTOSIS	peng_T1___Activated	0.133401757787127	peng_T1	Peng	Activated	248
HALLMARK_APOPTOSIS	peng_T10___Normal	-0.15571690759892	peng_T10	Peng	Normal	112
HALLMARK_APOPTOSIS	peng_T10___Activated	-0.065534333781557	peng_T10	Peng	Activated	222
HALLMARK_APOPTOSIS	peng_T12___Normal	-0.0683187568310797	peng_T12	Peng	Normal	71
HALLMARK_APOPTOSIS	peng_T12___Activated	0.0337158725382746	peng_T12	Peng	Activated	319
HALLMARK_APOPTOSIS	peng_T13___Normal	-0.216023964535331	peng_T13	Peng	Normal	199
HALLMARK_APOPTOSIS	peng_T13___Activated	-0.0833081794181335	peng_T13	Peng	Activated	522
HALLMARK_APOPTOSIS	peng_T14___Normal	-0.0803019332420464	peng_T14	Peng	Normal	108
HALLMARK_APOPTOSIS	peng_T14___Activated	0.0984855038779132	peng_T14	Peng	Activated	186
HALLMARK_APOPTOSIS	peng_T15___Normal	-0.196567689090097	peng_T15	Peng	Normal	140
HALLMARK_APOPTOSIS	peng_T15___Activated	-0.201420159415698	peng_T15	Peng	Activated	1165
HALLMARK_APOPTOSIS	peng_T16___Normal	-0.0541934201452342	peng_T16	Peng	Normal	94
HALLMARK_APOPTOSIS	peng_T16___Activated	0.134853563782945	peng_T16	Peng	Activated	673
HALLMARK_APOPTOSIS	peng_T17___Normal	-0.0455268347105598	peng_T17	Peng	Normal	23
HALLMARK_APOPTOSIS	peng_T17___Activated	0.0393292294221692	peng_T17	Peng	Activated	305
HALLMARK_APOPTOSIS	peng_T18___Normal	0.0182928897628923	peng_T18	Peng	Normal	81
HALLMARK_APOPTOSIS	peng_T18___Activated	0.144838878940059	peng_T18	Peng	Activated	967
HALLMARK_APOPTOSIS	peng_T19___Normal	0.0349451778450549	peng_T19	Peng	Normal	660
HALLMARK_APOPTOSIS	peng_T19___Activated	0.106220213685119	peng_T19	Peng	Activated	1046
HALLMARK_APOPTOSIS	peng_T2___Normal	-0.0661460179148519	peng_T2	Peng	Normal	25
HALLMARK_APOPTOSIS	peng_T2___Activated	-0.0311781979191963	peng_T2	Peng	Activated	62
HALLMARK_APOPTOSIS	peng_T20___Normal	-0.0281662741354195	peng_T20	Peng	Normal	58
HALLMARK_APOPTOSIS	peng_T20___Activated	0.0110644213586257	peng_T20	Peng	Activated	93
HALLMARK_APOPTOSIS	peng_T22___Normal	0.0471420404015444	peng_T22	Peng	Normal	26
HALLMARK_APOPTOSIS	peng_T22___Activated	-0.157990777581992	peng_T22	Peng	Activated	118
HALLMARK_APOPTOSIS	peng_T23___Normal	-0.0270637632814238	peng_T23	Peng	Normal	56
HALLMARK_APOPTOSIS	peng_T23___Activated	-0.0732738346479575	peng_T23	Peng	Activated	1282
HALLMARK_APOPTOSIS	peng_T24___Normal	-0.297702876445754	peng_T24	Peng	Normal	467
HALLMARK_APOPTOSIS	peng_T24___Activated	0.0475162577144284	peng_T24	Peng	Activated	917
HALLMARK_APOPTOSIS	peng_T3___Normal	-0.167574679619119	peng_T3	Peng	Normal	119
HALLMARK_APOPTOSIS	peng_T3___Activated	0.0879299103855914	peng_T3	Peng	Activated	339
HALLMARK_APOPTOSIS	peng_T4___Normal	0.0588208592548532	peng_T4	Peng	Normal	46
HALLMARK_APOPTOSIS	peng_T4___Activated	-0.226719830144781	peng_T4	Peng	Activated	176
HALLMARK_APOPTOSIS	peng_T5___Normal	0.0535783287796069	peng_T5	Peng	Normal	173
HALLMARK_APOPTOSIS	peng_T5___Activated	0.0192230460866348	peng_T5	Peng	Activated	238
HALLMARK_APOPTOSIS	peng_T6___Normal	-0.0668380416335343	peng_T6	Peng	Normal	147
HALLMARK_APOPTOSIS	peng_T6___Activated	-0.0428815424324418	peng_T6	Peng	Activated	216
HALLMARK_APOPTOSIS	peng_T7___Normal	-0.122496311972636	peng_T7	Peng	Normal	125
HALLMARK_APOPTOSIS	peng_T7___Activated	-0.170532512764674	peng_T7	Peng	Activated	299
HALLMARK_BILE_ACID_METABOLISM	PDAC2___Normal	-0.0587083071587358	PDAC2	Powers	Normal	47
HALLMARK_BILE_ACID_METABOLISM	PDAC2___Activated	-0.0442328566455964	PDAC2	Powers	Activated	1924
HALLMARK_BILE_ACID_METABOLISM	peng_N1___Normal	-0.0358532773053184	peng_N1	Peng	Normal	397
HALLMARK_BILE_ACID_METABOLISM	peng_N1___Activated	0.0632036850362403	peng_N1	Peng	Activated	381
HALLMARK_BILE_ACID_METABOLISM	peng_N10___Normal	0.165568297550982	peng_N10	Peng	Normal	42
HALLMARK_BILE_ACID_METABOLISM	peng_N10___Activated	0.00826668602282654	peng_N10	Peng	Activated	22
HALLMARK_BILE_ACID_METABOLISM	peng_N11___Normal	0.0288457500398427	peng_N11	Peng	Normal	28
HALLMARK_BILE_ACID_METABOLISM	peng_N11___Activated	0.182429648269962	peng_N11	Peng	Activated	22
HALLMARK_BILE_ACID_METABOLISM	peng_N2___Normal	0.185333889817616	peng_N2	Peng	Normal	223
HALLMARK_BILE_ACID_METABOLISM	peng_N2___Activated	0.318200565518188	peng_N2	Peng	Activated	232
HALLMARK_BILE_ACID_METABOLISM	peng_N3___Normal	-0.0799345468787762	peng_N3	Peng	Normal	172
HALLMARK_BILE_ACID_METABOLISM	peng_N3___Activated	0.163784708384727	peng_N3	Peng	Activated	40
HALLMARK_BILE_ACID_METABOLISM	peng_N4___Normal	0.143876981887226	peng_N4	Peng	Normal	85
HALLMARK_BILE_ACID_METABOLISM	peng_N4___Activated	0.196928689198223	peng_N4	Peng	Activated	48
HALLMARK_BILE_ACID_METABOLISM	peng_N6___Normal	0.290718221820112	peng_N6	Peng	Normal	214
HALLMARK_BILE_ACID_METABOLISM	peng_N6___Activated	0.23261331251092	peng_N6	Peng	Activated	124
HALLMARK_BILE_ACID_METABOLISM	peng_N7___Normal	0.119108480168994	peng_N7	Peng	Normal	118
HALLMARK_BILE_ACID_METABOLISM	peng_N7___Activated	0.0855364739286907	peng_N7	Peng	Activated	58
HALLMARK_BILE_ACID_METABOLISM	peng_N8___Normal	0.0173684391082886	peng_N8	Peng	Normal	263
HALLMARK_BILE_ACID_METABOLISM	peng_N8___Activated	0.196669466821316	peng_N8	Peng	Activated	203
HALLMARK_BILE_ACID_METABOLISM	peng_N9___Normal	0.240533566288523	peng_N9	Peng	Normal	124
HALLMARK_BILE_ACID_METABOLISM	peng_N9___Activated	0.242362232785784	peng_N9	Peng	Activated	235
HALLMARK_BILE_ACID_METABOLISM	peng_T1___Normal	0.00755453375412146	peng_T1	Peng	Normal	89
HALLMARK_BILE_ACID_METABOLISM	peng_T1___Activated	-0.216213454211119	peng_T1	Peng	Activated	248
HALLMARK_BILE_ACID_METABOLISM	peng_T10___Normal	-0.194272741478954	peng_T10	Peng	Normal	112
HALLMARK_BILE_ACID_METABOLISM	peng_T10___Activated	-0.205515794664588	peng_T10	Peng	Activated	222
HALLMARK_BILE_ACID_METABOLISM	peng_T12___Normal	-0.23143043124377	peng_T12	Peng	Normal	71
HALLMARK_BILE_ACID_METABOLISM	peng_T12___Activated	-0.223541047223842	peng_T12	Peng	Activated	319
HALLMARK_BILE_ACID_METABOLISM	peng_T13___Normal	-0.0985211026605093	peng_T13	Peng	Normal	199
HALLMARK_BILE_ACID_METABOLISM	peng_T13___Activated	0.0203317932808869	peng_T13	Peng	Activated	522
HALLMARK_BILE_ACID_METABOLISM	peng_T14___Normal	-0.00644384799500822	peng_T14	Peng	Normal	108
HALLMARK_BILE_ACID_METABOLISM	peng_T14___Activated	0.122953477143311	peng_T14	Peng	Activated	186
HALLMARK_BILE_ACID_METABOLISM	peng_T15___Normal	-0.235793588802475	peng_T15	Peng	Normal	140
HALLMARK_BILE_ACID_METABOLISM	peng_T15___Activated	-0.14360698548341	peng_T15	Peng	Activated	1165
HALLMARK_BILE_ACID_METABOLISM	peng_T16___Normal	-0.185607381594504	peng_T16	Peng	Normal	94
HALLMARK_BILE_ACID_METABOLISM	peng_T16___Activated	-0.0902591271234349	peng_T16	Peng	Activated	673
HALLMARK_BILE_ACID_METABOLISM	peng_T17___Normal	-0.0560511659530241	peng_T17	Peng	Normal	23
HALLMARK_BILE_ACID_METABOLISM	peng_T17___Activated	-0.0798754694826787	peng_T17	Peng	Activated	305
HALLMARK_BILE_ACID_METABOLISM	peng_T18___Normal	-0.35718288907679	peng_T18	Peng	Normal	81
HALLMARK_BILE_ACID_METABOLISM	peng_T18___Activated	-0.119655418683238	peng_T18	Peng	Activated	967
HALLMARK_BILE_ACID_METABOLISM	peng_T19___Normal	-0.143046554536404	peng_T19	Peng	Normal	660
HALLMARK_BILE_ACID_METABOLISM	peng_T19___Activated	-0.156790166712791	peng_T19	Peng	Activated	1046
HALLMARK_BILE_ACID_METABOLISM	peng_T2___Normal	0.0817438986188495	peng_T2	Peng	Normal	25
HALLMARK_BILE_ACID_METABOLISM	peng_T2___Activated	0.0618136099923381	peng_T2	Peng	Activated	62
HALLMARK_BILE_ACID_METABOLISM	peng_T20___Normal	-0.11459030643464	peng_T20	Peng	Normal	58
HALLMARK_BILE_ACID_METABOLISM	peng_T20___Activated	-0.136676222901113	peng_T20	Peng	Activated	93
HALLMARK_BILE_ACID_METABOLISM	peng_T22___Normal	-0.0456808887036012	peng_T22	Peng	Normal	26
HALLMARK_BILE_ACID_METABOLISM	peng_T22___Activated	-0.152179768500325	peng_T22	Peng	Activated	118
HALLMARK_BILE_ACID_METABOLISM	peng_T23___Normal	-0.0215063405063577	peng_T23	Peng	Normal	56
HALLMARK_BILE_ACID_METABOLISM	peng_T23___Activated	-0.116567135662219	peng_T23	Peng	Activated	1282
HALLMARK_BILE_ACID_METABOLISM	peng_T24___Normal	0.0294378081596441	peng_T24	Peng	Normal	467
HALLMARK_BILE_ACID_METABOLISM	peng_T24___Activated	0.110950933601573	peng_T24	Peng	Activated	917
HALLMARK_BILE_ACID_METABOLISM	peng_T3___Normal	-0.108679313341923	peng_T3	Peng	Normal	119
HALLMARK_BILE_ACID_METABOLISM	peng_T3___Activated	-0.171674770185096	peng_T3	Peng	Activated	339
HALLMARK_BILE_ACID_METABOLISM	peng_T4___Normal	-0.0583217801419384	peng_T4	Peng	Normal	46
HALLMARK_BILE_ACID_METABOLISM	peng_T4___Activated	-0.252224585770217	peng_T4	Peng	Activated	176
HALLMARK_BILE_ACID_METABOLISM	peng_T5___Normal	-0.0376420289646183	peng_T5	Peng	Normal	173
HALLMARK_BILE_ACID_METABOLISM	peng_T5___Activated	-0.113497630949885	peng_T5	Peng	Activated	238
HALLMARK_BILE_ACID_METABOLISM	peng_T6___Normal	0.0858653468221872	peng_T6	Peng	Normal	147
HALLMARK_BILE_ACID_METABOLISM	peng_T6___Activated	0.00578672456333926	peng_T6	Peng	Activated	216
HALLMARK_BILE_ACID_METABOLISM	peng_T7___Normal	0.00157054611425442	peng_T7	Peng	Normal	125
HALLMARK_BILE_ACID_METABOLISM	peng_T7___Activated	-0.0350493869791778	peng_T7	Peng	Activated	299
HALLMARK_CHOLESTEROL_HOMEOSTASIS	PDAC2___Normal	-0.0860576184271583	PDAC2	Powers	Normal	47
HALLMARK_CHOLESTEROL_HOMEOSTASIS	PDAC2___Activated	-0.115426456698038	PDAC2	Powers	Activated	1924
HALLMARK_CHOLESTEROL_HOMEOSTASIS	peng_N1___Normal	0.091265907175015	peng_N1	Peng	Normal	397
HALLMARK_CHOLESTEROL_HOMEOSTASIS	peng_N1___Activated	0.155062718376679	peng_N1	Peng	Activated	381
HALLMARK_CHOLESTEROL_HOMEOSTASIS	peng_N10___Normal	0.028004411021627	peng_N10	Peng	Normal	42
HALLMARK_CHOLESTEROL_HOMEOSTASIS	peng_N10___Activated	0.243822950060867	peng_N10	Peng	Activated	22
HALLMARK_CHOLESTEROL_HOMEOSTASIS	peng_N11___Normal	-0.262499504616086	peng_N11	Peng	Normal	28
HALLMARK_CHOLESTEROL_HOMEOSTASIS	peng_N11___Activated	0.123574296279036	peng_N11	Peng	Activated	22
HALLMARK_CHOLESTEROL_HOMEOSTASIS	peng_N2___Normal	-0.216341454233201	peng_N2	Peng	Normal	223
HALLMARK_CHOLESTEROL_HOMEOSTASIS	peng_N2___Activated	-0.06323967090628	peng_N2	Peng	Activated	232
HALLMARK_CHOLESTEROL_HOMEOSTASIS	peng_N3___Normal	-0.124018091160758	peng_N3	Peng	Normal	172
HALLMARK_CHOLESTEROL_HOMEOSTASIS	peng_N3___Activated	-0.308336048398431	peng_N3	Peng	Activated	40
HALLMARK_CHOLESTEROL_HOMEOSTASIS	peng_N4___Normal	-0.0957348679162827	peng_N4	Peng	Normal	85
HALLMARK_CHOLESTEROL_HOMEOSTASIS	peng_N4___Activated	-0.0719037271201273	peng_N4	Peng	Activated	48
HALLMARK_CHOLESTEROL_HOMEOSTASIS	peng_N6___Normal	-0.0616770295662463	peng_N6	Peng	Normal	214
HALLMARK_CHOLESTEROL_HOMEOSTASIS	peng_N6___Activated	-0.106723682175723	peng_N6	Peng	Activated	124
HALLMARK_CHOLESTEROL_HOMEOSTASIS	peng_N7___Normal	-0.301900371984354	peng_N7	Peng	Normal	118
HALLMARK_CHOLESTEROL_HOMEOSTASIS	peng_N7___Activated	-0.133740198422647	peng_N7	Peng	Activated	58
HALLMARK_CHOLESTEROL_HOMEOSTASIS	peng_N8___Normal	-0.0112974003103954	peng_N8	Peng	Normal	263
HALLMARK_CHOLESTEROL_HOMEOSTASIS	peng_N8___Activated	0.0268114741468426	peng_N8	Peng	Activated	203
HALLMARK_CHOLESTEROL_HOMEOSTASIS	peng_N9___Normal	-0.151373838674983	peng_N9	Peng	Normal	124
HALLMARK_CHOLESTEROL_HOMEOSTASIS	peng_N9___Activated	-0.12572167629793	peng_N9	Peng	Activated	235
HALLMARK_CHOLESTEROL_HOMEOSTASIS	peng_T1___Normal	0.0160801379774352	peng_T1	Peng	Normal	89
HALLMARK_CHOLESTEROL_HOMEOSTASIS	peng_T1___Activated	-0.00441491812842523	peng_T1	Peng	Activated	248
HALLMARK_CHOLESTEROL_HOMEOSTASIS	peng_T10___Normal	-0.194025537991545	peng_T10	Peng	Normal	112
HALLMARK_CHOLESTEROL_HOMEOSTASIS	peng_T10___Activated	-0.123861885793949	peng_T10	Peng	Activated	222
HALLMARK_CHOLESTEROL_HOMEOSTASIS	peng_T12___Normal	-0.0661778212907286	peng_T12	Peng	Normal	71
HALLMARK_CHOLESTEROL_HOMEOSTASIS	peng_T12___Activated	-0.0890525661003793	peng_T12	Peng	Activated	319
HALLMARK_CHOLESTEROL_HOMEOSTASIS	peng_T13___Normal	-0.0523140114744572	peng_T13	Peng	Normal	199
HALLMARK_CHOLESTEROL_HOMEOSTASIS	peng_T13___Activated	-0.147910374904908	peng_T13	Peng	Activated	522
HALLMARK_CHOLESTEROL_HOMEOSTASIS	peng_T14___Normal	0.196320423523033	peng_T14	Peng	Normal	108
HALLMARK_CHOLESTEROL_HOMEOSTASIS	peng_T14___Activated	0.205080685229237	peng_T14	Peng	Activated	186
HALLMARK_CHOLESTEROL_HOMEOSTASIS	peng_T15___Normal	-0.255487974097802	peng_T15	Peng	Normal	140
HALLMARK_CHOLESTEROL_HOMEOSTASIS	peng_T15___Activated	-0.315335132580718	peng_T15	Peng	Activated	1165
HALLMARK_CHOLESTEROL_HOMEOSTASIS	peng_T16___Normal	0.0256251782678079	peng_T16	Peng	Normal	94
HALLMARK_CHOLESTEROL_HOMEOSTASIS	peng_T16___Activated	-0.093600623929855	peng_T16	Peng	Activated	673
HALLMARK_CHOLESTEROL_HOMEOSTASIS	peng_T17___Normal	0.0485081186771649	peng_T17	Peng	Normal	23
HALLMARK_CHOLESTEROL_HOMEOSTASIS	peng_T17___Activated	0.130161723671349	peng_T17	Peng	Activated	305
HALLMARK_CHOLESTEROL_HOMEOSTASIS	peng_T18___Normal	0.16745609850737	peng_T18	Peng	Normal	81
HALLMARK_CHOLESTEROL_HOMEOSTASIS	peng_T18___Activated	0.216094623707266	peng_T18	Peng	Activated	967
HALLMARK_CHOLESTEROL_HOMEOSTASIS	peng_T19___Normal	-0.110056885792844	peng_T19	Peng	Normal	660
HALLMARK_CHOLESTEROL_HOMEOSTASIS	peng_T19___Activated	-0.290976825707879	peng_T19	Peng	Activated	1046
HALLMARK_CHOLESTEROL_HOMEOSTASIS	peng_T2___Normal	-0.0995163113389877	peng_T2	Peng	Normal	25
HALLMARK_CHOLESTEROL_HOMEOSTASIS	peng_T2___Activated	-0.269490097631803	peng_T2	Peng	Activated	62
HALLMARK_CHOLESTEROL_HOMEOSTASIS	peng_T20___Normal	0.216948460743886	peng_T20	Peng	Normal	58
HALLMARK_CHOLESTEROL_HOMEOSTASIS	peng_T20___Activated	0.117814536326352	peng_T20	Peng	Activated	93
HALLMARK_CHOLESTEROL_HOMEOSTASIS	peng_T22___Normal	-0.0264108660740385	peng_T22	Peng	Normal	26
HALLMARK_CHOLESTEROL_HOMEOSTASIS	peng_T22___Activated	-0.14371139631082	peng_T22	Peng	Activated	118
HALLMARK_CHOLESTEROL_HOMEOSTASIS	peng_T23___Normal	-0.00316191773589727	peng_T23	Peng	Normal	56
HALLMARK_CHOLESTEROL_HOMEOSTASIS	peng_T23___Activated	-0.306654313808689	peng_T23	Peng	Activated	1282
HALLMARK_CHOLESTEROL_HOMEOSTASIS	peng_T24___Normal	-0.21464961720024	peng_T24	Peng	Normal	467
HALLMARK_CHOLESTEROL_HOMEOSTASIS	peng_T24___Activated	-0.23456910184875	peng_T24	Peng	Activated	917
HALLMARK_CHOLESTEROL_HOMEOSTASIS	peng_T3___Normal	-0.133738574059383	peng_T3	Peng	Normal	119
HALLMARK_CHOLESTEROL_HOMEOSTASIS	peng_T3___Activated	-0.0506713970000444	peng_T3	Peng	Activated	339
HALLMARK_CHOLESTEROL_HOMEOSTASIS	peng_T4___Normal	-0.0289057810585713	peng_T4	Peng	Normal	46
HALLMARK_CHOLESTEROL_HOMEOSTASIS	peng_T4___Activated	-0.0924302999187895	peng_T4	Peng	Activated	176
HALLMARK_CHOLESTEROL_HOMEOSTASIS	peng_T5___Normal	0.174178294331053	peng_T5	Peng	Normal	173
HALLMARK_CHOLESTEROL_HOMEOSTASIS	peng_T5___Activated	0.0376313497062819	peng_T5	Peng	Activated	238
HALLMARK_CHOLESTEROL_HOMEOSTASIS	peng_T6___Normal	0.0799056747954807	peng_T6	Peng	Normal	147
HALLMARK_CHOLESTEROL_HOMEOSTASIS	peng_T6___Activated	-0.0353689023018177	peng_T6	Peng	Activated	216
HALLMARK_CHOLESTEROL_HOMEOSTASIS	peng_T7___Normal	-0.186386707464531	peng_T7	Peng	Normal	125
HALLMARK_CHOLESTEROL_HOMEOSTASIS	peng_T7___Activated	-0.23374007793284	peng_T7	Peng	Activated	299
HALLMARK_COAGULATION	PDAC2___Normal	-0.0196847877395434	PDAC2	Powers	Normal	47
HALLMARK_COAGULATION	PDAC2___Activated	0.0648067101641179	PDAC2	Powers	Activated	1924
HALLMARK_COAGULATION	peng_N1___Normal	-0.184014769589477	peng_N1	Peng	Normal	397
HALLMARK_COAGULATION	peng_N1___Activated	0.355834122733525	peng_N1	Peng	Activated	381
HALLMARK_COAGULATION	peng_N10___Normal	0.0440886282000298	peng_N10	Peng	Normal	42
HALLMARK_COAGULATION	peng_N10___Activated	0.136820512600125	peng_N10	Peng	Activated	22
HALLMARK_COAGULATION	peng_N11___Normal	-0.160569231324585	peng_N11	Peng	Normal	28
HALLMARK_COAGULATION	peng_N11___Activated	0.270871481468365	peng_N11	Peng	Activated	22
HALLMARK_COAGULATION	peng_N2___Normal	-0.393225974281957	peng_N2	Peng	Normal	223
HALLMARK_COAGULATION	peng_N2___Activated	0.104745624629099	peng_N2	Peng	Activated	232
HALLMARK_COAGULATION	peng_N3___Normal	-0.231280191006345	peng_N3	Peng	Normal	172
HALLMARK_COAGULATION	peng_N3___Activated	0.152843257952381	peng_N3	Peng	Activated	40
HALLMARK_COAGULATION	peng_N4___Normal	-0.24141305453402	peng_N4	Peng	Normal	85
HALLMARK_COAGULATION	peng_N4___Activated	0.0892240754513134	peng_N4	Peng	Activated	48
HALLMARK_COAGULATION	peng_N6___Normal	-0.377387909110484	peng_N6	Peng	Normal	214
HALLMARK_COAGULATION	peng_N6___Activated	0.185100547200173	peng_N6	Peng	Activated	124
HALLMARK_COAGULATION	peng_N7___Normal	-0.292734289893229	peng_N7	Peng	Normal	118
HALLMARK_COAGULATION	peng_N7___Activated	0.190860121519279	peng_N7	Peng	Activated	58
HALLMARK_COAGULATION	peng_N8___Normal	-0.278247294941989	peng_N8	Peng	Normal	263
HALLMARK_COAGULATION	peng_N8___Activated	0.258909843597346	peng_N8	Peng	Activated	203
HALLMARK_COAGULATION	peng_N9___Normal	-0.170741127329206	peng_N9	Peng	Normal	124
HALLMARK_COAGULATION	peng_N9___Activated	0.300018863410616	peng_N9	Peng	Activated	235
HALLMARK_COAGULATION	peng_T1___Normal	-0.158718996866283	peng_T1	Peng	Normal	89
HALLMARK_COAGULATION	peng_T1___Activated	0.0434438244238993	peng_T1	Peng	Activated	248
HALLMARK_COAGULATION	peng_T10___Normal	-0.00999839363852661	peng_T10	Peng	Normal	112
HALLMARK_COAGULATION	peng_T10___Activated	0.1691282337439	peng_T10	Peng	Activated	222
HALLMARK_COAGULATION	peng_T12___Normal	-0.0993707862667622	peng_T12	Peng	Normal	71
HALLMARK_COAGULATION	peng_T12___Activated	0.179833847139649	peng_T12	Peng	Activated	319
HALLMARK_COAGULATION	peng_T13___Normal	-0.0715583373705462	peng_T13	Peng	Normal	199
HALLMARK_COAGULATION	peng_T13___Activated	0.311114479965213	peng_T13	Peng	Activated	522
HALLMARK_COAGULATION	peng_T14___Normal	0.0651671426756049	peng_T14	Peng	Normal	108
HALLMARK_COAGULATION	peng_T14___Activated	0.433780311849937	peng_T14	Peng	Activated	186
HALLMARK_COAGULATION	peng_T15___Normal	-0.25782146163181	peng_T15	Peng	Normal	140
HALLMARK_COAGULATION	peng_T15___Activated	0.142940525203764	peng_T15	Peng	Activated	1165
HALLMARK_COAGULATION	peng_T16___Normal	-0.101314727870615	peng_T16	Peng	Normal	94
HALLMARK_COAGULATION	peng_T16___Activated	0.237253473271826	peng_T16	Peng	Activated	673
HALLMARK_COAGULATION	peng_T17___Normal	-0.094635518619354	peng_T17	Peng	Normal	23
HALLMARK_COAGULATION	peng_T17___Activated	0.313783547420277	peng_T17	Peng	Activated	305
HALLMARK_COAGULATION	peng_T18___Normal	0.0361397663654309	peng_T18	Peng	Normal	81
HALLMARK_COAGULATION	peng_T18___Activated	0.304475306409234	peng_T18	Peng	Activated	967
HALLMARK_COAGULATION	peng_T19___Normal	-0.216165025330859	peng_T19	Peng	Normal	660
HALLMARK_COAGULATION	peng_T19___Activated	-0.00444480990925811	peng_T19	Peng	Activated	1046
HALLMARK_COAGULATION	peng_T2___Normal	-0.153365932552384	peng_T2	Peng	Normal	25
HALLMARK_COAGULATION	peng_T2___Activated	0.171004072654645	peng_T2	Peng	Activated	62
HALLMARK_COAGULATION	peng_T20___Normal	-0.0336927211161225	peng_T20	Peng	Normal	58
HALLMARK_COAGULATION	peng_T20___Activated	-0.0831388686958542	peng_T20	Peng	Activated	93
HALLMARK_COAGULATION	peng_T22___Normal	-0.129804235437096	peng_T22	Peng	Normal	26
HALLMARK_COAGULATION	peng_T22___Activated	0.0547875129986851	peng_T22	Peng	Activated	118
HALLMARK_COAGULATION	peng_T23___Normal	0.0297132249783321	peng_T23	Peng	Normal	56
HALLMARK_COAGULATION	peng_T23___Activated	0.14042204529223	peng_T23	Peng	Activated	1282
HALLMARK_COAGULATION	peng_T24___Normal	-0.191002177678848	peng_T24	Peng	Normal	467
HALLMARK_COAGULATION	peng_T24___Activated	0.34189698935958	peng_T24	Peng	Activated	917
HALLMARK_COAGULATION	peng_T3___Normal	-0.132311103981837	peng_T3	Peng	Normal	119
HALLMARK_COAGULATION	peng_T3___Activated	0.249568668531197	peng_T3	Peng	Activated	339
HALLMARK_COAGULATION	peng_T4___Normal	0.00323338371528636	peng_T4	Peng	Normal	46
HALLMARK_COAGULATION	peng_T4___Activated	0.0211552729764535	peng_T4	Peng	Activated	176
HALLMARK_COAGULATION	peng_T5___Normal	-0.175383690138962	peng_T5	Peng	Normal	173
HALLMARK_COAGULATION	peng_T5___Activated	0.0752652261743769	peng_T5	Peng	Activated	238
HALLMARK_COAGULATION	peng_T6___Normal	-0.0466425715032355	peng_T6	Peng	Normal	147
HALLMARK_COAGULATION	peng_T6___Activated	0.134974730023831	peng_T6	Peng	Activated	216
HALLMARK_COAGULATION	peng_T7___Normal	-0.243582240845866	peng_T7	Peng	Normal	125
HALLMARK_COAGULATION	peng_T7___Activated	0.0900452700704056	peng_T7	Peng	Activated	299
HALLMARK_COMPLEMENT	PDAC2___Normal	0.0476464383067553	PDAC2	Powers	Normal	47
HALLMARK_COMPLEMENT	PDAC2___Activated	0.0116658157647325	PDAC2	Powers	Activated	1924
HALLMARK_COMPLEMENT	peng_N1___Normal	-0.215357398865488	peng_N1	Peng	Normal	397
HALLMARK_COMPLEMENT	peng_N1___Activated	0.119898930073793	peng_N1	Peng	Activated	381
HALLMARK_COMPLEMENT	peng_N10___Normal	0.0515887321587847	peng_N10	Peng	Normal	42
HALLMARK_COMPLEMENT	peng_N10___Activated	0.17300306197723	peng_N10	Peng	Activated	22
HALLMARK_COMPLEMENT	peng_N11___Normal	-0.191848230729638	peng_N11	Peng	Normal	28
HALLMARK_COMPLEMENT	peng_N11___Activated	0.150018281019793	peng_N11	Peng	Activated	22
HALLMARK_COMPLEMENT	peng_N2___Normal	-0.290258507179997	peng_N2	Peng	Normal	223
HALLMARK_COMPLEMENT	peng_N2___Activated	-0.0309763095377757	peng_N2	Peng	Activated	232
HALLMARK_COMPLEMENT	peng_N3___Normal	-0.312501084443332	peng_N3	Peng	Normal	172
HALLMARK_COMPLEMENT	peng_N3___Activated	-0.0745010853979235	peng_N3	Peng	Activated	40
HALLMARK_COMPLEMENT	peng_N4___Normal	-0.194523687007071	peng_N4	Peng	Normal	85
HALLMARK_COMPLEMENT	peng_N4___Activated	-0.0641950951353519	peng_N4	Peng	Activated	48
HALLMARK_COMPLEMENT	peng_N6___Normal	-0.345637462317832	peng_N6	Peng	Normal	214
HALLMARK_COMPLEMENT	peng_N6___Activated	0.0345901625254088	peng_N6	Peng	Activated	124
HALLMARK_COMPLEMENT	peng_N7___Normal	-0.33099505988971	peng_N7	Peng	Normal	118
HALLMARK_COMPLEMENT	peng_N7___Activated	-0.00969550129379537	peng_N7	Peng	Activated	58
HALLMARK_COMPLEMENT	peng_N8___Normal	-0.21751660285868	peng_N8	Peng	Normal	263
HALLMARK_COMPLEMENT	peng_N8___Activated	0.133043705387855	peng_N8	Peng	Activated	203
HALLMARK_COMPLEMENT	peng_N9___Normal	-0.126753682006702	peng_N9	Peng	Normal	124
HALLMARK_COMPLEMENT	peng_N9___Activated	0.0323075777501324	peng_N9	Peng	Activated	235
HALLMARK_COMPLEMENT	peng_T1___Normal	-0.028690513901282	peng_T1	Peng	Normal	89
HALLMARK_COMPLEMENT	peng_T1___Activated	0.0967445005133576	peng_T1	Peng	Activated	248
HALLMARK_COMPLEMENT	peng_T10___Normal	-0.10726983037069	peng_T10	Peng	Normal	112
HALLMARK_COMPLEMENT	peng_T10___Activated	0.0778568107152358	peng_T10	Peng	Activated	222
HALLMARK_COMPLEMENT	peng_T12___Normal	0.177067257301228	peng_T12	Peng	Normal	71
HALLMARK_COMPLEMENT	peng_T12___Activated	0.319838316701601	peng_T12	Peng	Activated	319
HALLMARK_COMPLEMENT	peng_T13___Normal	0.00425778582915193	peng_T13	Peng	Normal	199
HALLMARK_COMPLEMENT	peng_T13___Activated	0.17593591271364	peng_T13	Peng	Activated	522
HALLMARK_COMPLEMENT	peng_T14___Normal	-0.221810834493838	peng_T14	Peng	Normal	108
HALLMARK_COMPLEMENT	peng_T14___Activated	0.161499220309152	peng_T14	Peng	Activated	186
HALLMARK_COMPLEMENT	peng_T15___Normal	-0.100200397378984	peng_T15	Peng	Normal	140
HALLMARK_COMPLEMENT	peng_T15___Activated	0.10843585627784	peng_T15	Peng	Activated	1165
HALLMARK_COMPLEMENT	peng_T16___Normal	0.0743933658658123	peng_T16	Peng	Normal	94
HALLMARK_COMPLEMENT	peng_T16___Activated	0.365579677201717	peng_T16	Peng	Activated	673
HALLMARK_COMPLEMENT	peng_T17___Normal	-0.10457626901947	peng_T17	Peng	Normal	23
HALLMARK_COMPLEMENT	peng_T17___Activated	0.281931823041688	peng_T17	Peng	Activated	305
HALLMARK_COMPLEMENT	peng_T18___Normal	0.0181756205356991	peng_T18	Peng	Normal	81
HALLMARK_COMPLEMENT	peng_T18___Activated	0.197144576970516	peng_T18	Peng	Activated	967
HALLMARK_COMPLEMENT	peng_T19___Normal	0.0769375190604615	peng_T19	Peng	Normal	660
HALLMARK_COMPLEMENT	peng_T19___Activated	0.265015360819152	peng_T19	Peng	Activated	1046
HALLMARK_COMPLEMENT	peng_T2___Normal	-0.0636983269631332	peng_T2	Peng	Normal	25
HALLMARK_COMPLEMENT	peng_T2___Activated	0.0760828219827282	peng_T2	Peng	Activated	62
HALLMARK_COMPLEMENT	peng_T20___Normal	-0.164069208613213	peng_T20	Peng	Normal	58
HALLMARK_COMPLEMENT	peng_T20___Activated	-0.0943167246096281	peng_T20	Peng	Activated	93
HALLMARK_COMPLEMENT	peng_T22___Normal	-0.0435362380072363	peng_T22	Peng	Normal	26
HALLMARK_COMPLEMENT	peng_T22___Activated	-0.00964243360858735	peng_T22	Peng	Activated	118
HALLMARK_COMPLEMENT	peng_T23___Normal	-0.051347358729817	peng_T23	Peng	Normal	56
HALLMARK_COMPLEMENT	peng_T23___Activated	0.158073195785188	peng_T23	Peng	Activated	1282
HALLMARK_COMPLEMENT	peng_T24___Normal	-0.258589162948554	peng_T24	Peng	Normal	467
HALLMARK_COMPLEMENT	peng_T24___Activated	0.148441007262448	peng_T24	Peng	Activated	917
HALLMARK_COMPLEMENT	peng_T3___Normal	-0.151081820462606	peng_T3	Peng	Normal	119
HALLMARK_COMPLEMENT	peng_T3___Activated	0.160772642244771	peng_T3	Peng	Activated	339
HALLMARK_COMPLEMENT	peng_T4___Normal	-0.0738212543721585	peng_T4	Peng	Normal	46
HALLMARK_COMPLEMENT	peng_T4___Activated	-0.0323069580988385	peng_T4	Peng	Activated	176
HALLMARK_COMPLEMENT	peng_T5___Normal	0.0571566624790406	peng_T5	Peng	Normal	173
HALLMARK_COMPLEMENT	peng_T5___Activated	0.16395031509676	peng_T5	Peng	Activated	238
HALLMARK_COMPLEMENT	peng_T6___Normal	0.0465815528609611	peng_T6	Peng	Normal	147
HALLMARK_COMPLEMENT	peng_T6___Activated	0.199795524541853	peng_T6	Peng	Activated	216
HALLMARK_COMPLEMENT	peng_T7___Normal	-0.183324020384153	peng_T7	Peng	Normal	125
HALLMARK_COMPLEMENT	peng_T7___Activated	0.096214343850265	peng_T7	Peng	Activated	299
HALLMARK_DNA_REPAIR	PDAC2___Normal	-0.216540260910702	PDAC2	Powers	Normal	47
HALLMARK_DNA_REPAIR	PDAC2___Activated	-0.22094853142077	PDAC2	Powers	Activated	1924
HALLMARK_DNA_REPAIR	peng_N1___Normal	0.136939336842322	peng_N1	Peng	Normal	397
HALLMARK_DNA_REPAIR	peng_N1___Activated	-0.122845639602776	peng_N1	Peng	Activated	381
HALLMARK_DNA_REPAIR	peng_N10___Normal	-0.0172194047452318	peng_N10	Peng	Normal	42
HALLMARK_DNA_REPAIR	peng_N10___Activated	-0.173681041317755	peng_N10	Peng	Activated	22
HALLMARK_DNA_REPAIR	peng_N11___Normal	-0.0668925161110063	peng_N11	Peng	Normal	28
HALLMARK_DNA_REPAIR	peng_N11___Activated	0.0554232609417463	peng_N11	Peng	Activated	22
HALLMARK_DNA_REPAIR	peng_N2___Normal	0.178369076098366	peng_N2	Peng	Normal	223
HALLMARK_DNA_REPAIR	peng_N2___Activated	0.0517277147076062	peng_N2	Peng	Activated	232
HALLMARK_DNA_REPAIR	peng_N3___Normal	0.182694673449287	peng_N3	Peng	Normal	172
HALLMARK_DNA_REPAIR	peng_N3___Activated	0.00377531792724486	peng_N3	Peng	Activated	40
HALLMARK_DNA_REPAIR	peng_N4___Normal	-0.139982546734176	peng_N4	Peng	Normal	85
HALLMARK_DNA_REPAIR	peng_N4___Activated	-0.206739723990853	peng_N4	Peng	Activated	48
HALLMARK_DNA_REPAIR	peng_N6___Normal	-0.176293426012896	peng_N6	Peng	Normal	214
HALLMARK_DNA_REPAIR	peng_N6___Activated	-0.289352403581975	peng_N6	Peng	Activated	124
HALLMARK_DNA_REPAIR	peng_N7___Normal	0.0447893322378695	peng_N7	Peng	Normal	118
HALLMARK_DNA_REPAIR	peng_N7___Activated	-0.179772305154397	peng_N7	Peng	Activated	58
HALLMARK_DNA_REPAIR	peng_N8___Normal	0.0300830771680934	peng_N8	Peng	Normal	263
HALLMARK_DNA_REPAIR	peng_N8___Activated	-0.218907997856824	peng_N8	Peng	Activated	203
HALLMARK_DNA_REPAIR	peng_N9___Normal	0.0924008088982306	peng_N9	Peng	Normal	124
HALLMARK_DNA_REPAIR	peng_N9___Activated	-0.320576688679147	peng_N9	Peng	Activated	235
HALLMARK_DNA_REPAIR	peng_T1___Normal	0.0930499650751841	peng_T1	Peng	Normal	89
HALLMARK_DNA_REPAIR	peng_T1___Activated	-0.196309008755312	peng_T1	Peng	Activated	248
HALLMARK_DNA_REPAIR	peng_T10___Normal	0.0717573088964048	peng_T10	Peng	Normal	112
HALLMARK_DNA_REPAIR	peng_T10___Activated	-0.293217196373827	peng_T10	Peng	Activated	222
HALLMARK_DNA_REPAIR	peng_T12___Normal	0.187889274538569	peng_T12	Peng	Normal	71
HALLMARK_DNA_REPAIR	peng_T12___Activated	0.0552332335522129	peng_T12	Peng	Activated	319
HALLMARK_DNA_REPAIR	peng_T13___Normal	0.118382982325868	peng_T13	Peng	Normal	199
HALLMARK_DNA_REPAIR	peng_T13___Activated	0.0833442082233517	peng_T13	Peng	Activated	522
HALLMARK_DNA_REPAIR	peng_T14___Normal	0.0428082876354741	peng_T14	Peng	Normal	108
HALLMARK_DNA_REPAIR	peng_T14___Activated	-0.201760967696601	peng_T14	Peng	Activated	186
HALLMARK_DNA_REPAIR	peng_T15___Normal	-0.000607432950523429	peng_T15	Peng	Normal	140
HALLMARK_DNA_REPAIR	peng_T15___Activated	-0.413095915045399	peng_T15	Peng	Activated	1165
HALLMARK_DNA_REPAIR	peng_T16___Normal	0.0328137047153275	peng_T16	Peng	Normal	94
HALLMARK_DNA_REPAIR	peng_T16___Activated	-0.266655809660348	peng_T16	Peng	Activated	673
HALLMARK_DNA_REPAIR	peng_T17___Normal	0.146252399811507	peng_T17	Peng	Normal	23
HALLMARK_DNA_REPAIR	peng_T17___Activated	0.0290220463194333	peng_T17	Peng	Activated	305
HALLMARK_DNA_REPAIR	peng_T18___Normal	0.218114895529477	peng_T18	Peng	Normal	81
HALLMARK_DNA_REPAIR	peng_T18___Activated	-0.158691654876346	peng_T18	Peng	Activated	967
HALLMARK_DNA_REPAIR	peng_T19___Normal	0.123520614591517	peng_T19	Peng	Normal	660
HALLMARK_DNA_REPAIR	peng_T19___Activated	0.0186328251123732	peng_T19	Peng	Activated	1046
HALLMARK_DNA_REPAIR	peng_T2___Normal	0.077483521803476	peng_T2	Peng	Normal	25
HALLMARK_DNA_REPAIR	peng_T2___Activated	0.0405903589296236	peng_T2	Peng	Activated	62
HALLMARK_DNA_REPAIR	peng_T20___Normal	0.072527524698385	peng_T20	Peng	Normal	58
HALLMARK_DNA_REPAIR	peng_T20___Activated	-0.163081027050866	peng_T20	Peng	Activated	93
HALLMARK_DNA_REPAIR	peng_T22___Normal	-0.0832368041753724	peng_T22	Peng	Normal	26
HALLMARK_DNA_REPAIR	peng_T22___Activated	-0.225397663648008	peng_T22	Peng	Activated	118
HALLMARK_DNA_REPAIR	peng_T23___Normal	0.225584543626009	peng_T23	Peng	Normal	56
HALLMARK_DNA_REPAIR	peng_T23___Activated	-0.387450521345043	peng_T23	Peng	Activated	1282
HALLMARK_DNA_REPAIR	peng_T24___Normal	0.0005896451233183	peng_T24	Peng	Normal	467
HALLMARK_DNA_REPAIR	peng_T24___Activated	-0.476198710310539	peng_T24	Peng	Activated	917
HALLMARK_DNA_REPAIR	peng_T3___Normal	-0.0360910567725952	peng_T3	Peng	Normal	119
HALLMARK_DNA_REPAIR	peng_T3___Activated	-0.209176911172304	peng_T3	Peng	Activated	339
HALLMARK_DNA_REPAIR	peng_T4___Normal	-0.0442509745009185	peng_T4	Peng	Normal	46
HALLMARK_DNA_REPAIR	peng_T4___Activated	-0.184798341814377	peng_T4	Peng	Activated	176
HALLMARK_DNA_REPAIR	peng_T5___Normal	0.0916278052214662	peng_T5	Peng	Normal	173
HALLMARK_DNA_REPAIR	peng_T5___Activated	0.100757956608079	peng_T5	Peng	Activated	238
HALLMARK_DNA_REPAIR	peng_T6___Normal	0.104565435139457	peng_T6	Peng	Normal	147
HALLMARK_DNA_REPAIR	peng_T6___Activated	0.030121155518073	peng_T6	Peng	Activated	216
HALLMARK_DNA_REPAIR	peng_T7___Normal	0.157345531986375	peng_T7	Peng	Normal	125
HALLMARK_DNA_REPAIR	peng_T7___Activated	-0.0996279756947082	peng_T7	Peng	Activated	299
HALLMARK_E2F_TARGETS	PDAC2___Normal	0.154843339683696	PDAC2	Powers	Normal	47
HALLMARK_E2F_TARGETS	PDAC2___Activated	0.116514338616052	PDAC2	Powers	Activated	1924
HALLMARK_E2F_TARGETS	peng_N1___Normal	0.00861143197923109	peng_N1	Peng	Normal	397
HALLMARK_E2F_TARGETS	peng_N1___Activated	-0.100595756623449	peng_N1	Peng	Activated	381
HALLMARK_E2F_TARGETS	peng_N10___Normal	-0.00556625794755422	peng_N10	Peng	Normal	42
HALLMARK_E2F_TARGETS	peng_N10___Activated	0.137751429760486	peng_N10	Peng	Activated	22
HALLMARK_E2F_TARGETS	peng_N11___Normal	-0.122807553502579	peng_N11	Peng	Normal	28
HALLMARK_E2F_TARGETS	peng_N11___Activated	-0.0929831149586958	peng_N11	Peng	Activated	22
HALLMARK_E2F_TARGETS	peng_N2___Normal	-0.172488819464596	peng_N2	Peng	Normal	223
HALLMARK_E2F_TARGETS	peng_N2___Activated	-0.272719932139494	peng_N2	Peng	Activated	232
HALLMARK_E2F_TARGETS	peng_N3___Normal	-0.0471627138252806	peng_N3	Peng	Normal	172
HALLMARK_E2F_TARGETS	peng_N3___Activated	-0.202300758655284	peng_N3	Peng	Activated	40
HALLMARK_E2F_TARGETS	peng_N4___Normal	-0.102351724255056	peng_N4	Peng	Normal	85
HALLMARK_E2F_TARGETS	peng_N4___Activated	-0.184622715820015	peng_N4	Peng	Activated	48
HALLMARK_E2F_TARGETS	peng_N6___Normal	-0.229162087477675	peng_N6	Peng	Normal	214
HALLMARK_E2F_TARGETS	peng_N6___Activated	-0.301149973049691	peng_N6	Peng	Activated	124
HALLMARK_E2F_TARGETS	peng_N7___Normal	-0.0903947204513819	peng_N7	Peng	Normal	118
HALLMARK_E2F_TARGETS	peng_N7___Activated	-0.179652360594475	peng_N7	Peng	Activated	58
HALLMARK_E2F_TARGETS	peng_N8___Normal	-0.0409344541935331	peng_N8	Peng	Normal	263
HALLMARK_E2F_TARGETS	peng_N8___Activated	-0.143139869124893	peng_N8	Peng	Activated	203
HALLMARK_E2F_TARGETS	peng_N9___Normal	-0.065212528077333	peng_N9	Peng	Normal	124
HALLMARK_E2F_TARGETS	peng_N9___Activated	-0.300369798145524	peng_N9	Peng	Activated	235
HALLMARK_E2F_TARGETS	peng_T1___Normal	-0.0560466450358361	peng_T1	Peng	Normal	89
HALLMARK_E2F_TARGETS	peng_T1___Activated	-0.0721936452067834	peng_T1	Peng	Activated	248
HALLMARK_E2F_TARGETS	peng_T10___Normal	0.01441870925317	peng_T10	Peng	Normal	112
HALLMARK_E2F_TARGETS	peng_T10___Activated	0.00276561713990542	peng_T10	Peng	Activated	222
HALLMARK_E2F_TARGETS	peng_T12___Normal	0.281552624622864	peng_T12	Peng	Normal	71
HALLMARK_E2F_TARGETS	peng_T12___Activated	0.417557473984697	peng_T12	Peng	Activated	319
HALLMARK_E2F_TARGETS	peng_T13___Normal	0.0399228837375927	peng_T13	Peng	Normal	199
HALLMARK_E2F_TARGETS	peng_T13___Activated	0.0332629705064537	peng_T13	Peng	Activated	522
HALLMARK_E2F_TARGETS	peng_T14___Normal	-0.0628906719082385	peng_T14	Peng	Normal	108
HALLMARK_E2F_TARGETS	peng_T14___Activated	-0.124011926719311	peng_T14	Peng	Activated	186
HALLMARK_E2F_TARGETS	peng_T15___Normal	-0.226648354790586	peng_T15	Peng	Normal	140
HALLMARK_E2F_TARGETS	peng_T15___Activated	-0.312448267971517	peng_T15	Peng	Activated	1165
HALLMARK_E2F_TARGETS	peng_T16___Normal	-0.0684070524628364	peng_T16	Peng	Normal	94
HALLMARK_E2F_TARGETS	peng_T16___Activated	0.110924104925649	peng_T16	Peng	Activated	673
HALLMARK_E2F_TARGETS	peng_T17___Normal	0.18929969750942	peng_T17	Peng	Normal	23
HALLMARK_E2F_TARGETS	peng_T17___Activated	0.247814714959029	peng_T17	Peng	Activated	305
HALLMARK_E2F_TARGETS	peng_T18___Normal	0.137481198207067	peng_T18	Peng	Normal	81
HALLMARK_E2F_TARGETS	peng_T18___Activated	0.295724260948713	peng_T18	Peng	Activated	967
HALLMARK_E2F_TARGETS	peng_T19___Normal	0.310655188494366	peng_T19	Peng	Normal	660
HALLMARK_E2F_TARGETS	peng_T19___Activated	0.431489305508126	peng_T19	Peng	Activated	1046
HALLMARK_E2F_TARGETS	peng_T2___Normal	0.154639567711971	peng_T2	Peng	Normal	25
HALLMARK_E2F_TARGETS	peng_T2___Activated	0.155790839110451	peng_T2	Peng	Activated	62
HALLMARK_E2F_TARGETS	peng_T20___Normal	0.251019699860525	peng_T20	Peng	Normal	58
HALLMARK_E2F_TARGETS	peng_T20___Activated	0.0840915222008358	peng_T20	Peng	Activated	93
HALLMARK_E2F_TARGETS	peng_T22___Normal	-0.045448676137927	peng_T22	Peng	Normal	26
HALLMARK_E2F_TARGETS	peng_T22___Activated	-0.277260435640475	peng_T22	Peng	Activated	118
HALLMARK_E2F_TARGETS	peng_T23___Normal	0.133206717307178	peng_T23	Peng	Normal	56
HALLMARK_E2F_TARGETS	peng_T23___Activated	-0.185583412486893	peng_T23	Peng	Activated	1282
HALLMARK_E2F_TARGETS	peng_T24___Normal	-0.153141308497065	peng_T24	Peng	Normal	467
HALLMARK_E2F_TARGETS	peng_T24___Activated	-0.352852427234454	peng_T24	Peng	Activated	917
HALLMARK_E2F_TARGETS	peng_T3___Normal	0.000720846174691536	peng_T3	Peng	Normal	119
HALLMARK_E2F_TARGETS	peng_T3___Activated	-0.0586921450141962	peng_T3	Peng	Activated	339
HALLMARK_E2F_TARGETS	peng_T4___Normal	0.0512091075592177	peng_T4	Peng	Normal	46
HALLMARK_E2F_TARGETS	peng_T4___Activated	0.0734196186794683	peng_T4	Peng	Activated	176
HALLMARK_E2F_TARGETS	peng_T5___Normal	0.192183234808419	peng_T5	Peng	Normal	173
HALLMARK_E2F_TARGETS	peng_T5___Activated	0.0393517817357952	peng_T5	Peng	Activated	238
HALLMARK_E2F_TARGETS	peng_T6___Normal	0.0688693500212637	peng_T6	Peng	Normal	147
HALLMARK_E2F_TARGETS	peng_T6___Activated	-0.00763751122462966	peng_T6	Peng	Activated	216
HALLMARK_E2F_TARGETS	peng_T7___Normal	0.0186560529760434	peng_T7	Peng	Normal	125
HALLMARK_E2F_TARGETS	peng_T7___Activated	0.0123532175421419	peng_T7	Peng	Activated	299
HALLMARK_EPITHELIAL_MESENCHYMAL_TRANSITION	PDAC2___Normal	0.217680211791666	PDAC2	Powers	Normal	47
HALLMARK_EPITHELIAL_MESENCHYMAL_TRANSITION	PDAC2___Activated	0.442529783999927	PDAC2	Powers	Activated	1924
HALLMARK_EPITHELIAL_MESENCHYMAL_TRANSITION	peng_N1___Normal	-0.445797465018593	peng_N1	Peng	Normal	397
HALLMARK_EPITHELIAL_MESENCHYMAL_TRANSITION	peng_N1___Activated	0.203111476200818	peng_N1	Peng	Activated	381
HALLMARK_EPITHELIAL_MESENCHYMAL_TRANSITION	peng_N10___Normal	-0.285672823074486	peng_N10	Peng	Normal	42
HALLMARK_EPITHELIAL_MESENCHYMAL_TRANSITION	peng_N10___Activated	0.239618809070131	peng_N10	Peng	Activated	22
HALLMARK_EPITHELIAL_MESENCHYMAL_TRANSITION	peng_N11___Normal	-0.501713857735353	peng_N11	Peng	Normal	28
HALLMARK_EPITHELIAL_MESENCHYMAL_TRANSITION	peng_N11___Activated	0.0935513918664976	peng_N11	Peng	Activated	22
HALLMARK_EPITHELIAL_MESENCHYMAL_TRANSITION	peng_N2___Normal	-0.451986228573539	peng_N2	Peng	Normal	223
HALLMARK_EPITHELIAL_MESENCHYMAL_TRANSITION	peng_N2___Activated	0.0649913361442864	peng_N2	Peng	Activated	232
HALLMARK_EPITHELIAL_MESENCHYMAL_TRANSITION	peng_N3___Normal	-0.398505808029196	peng_N3	Peng	Normal	172
HALLMARK_EPITHELIAL_MESENCHYMAL_TRANSITION	peng_N3___Activated	0.228984019479339	peng_N3	Peng	Activated	40
HALLMARK_EPITHELIAL_MESENCHYMAL_TRANSITION	peng_N4___Normal	-0.372651750187061	peng_N4	Peng	Normal	85
HALLMARK_EPITHELIAL_MESENCHYMAL_TRANSITION	peng_N4___Activated	0.10553260178452	peng_N4	Peng	Activated	48
HALLMARK_EPITHELIAL_MESENCHYMAL_TRANSITION	peng_N6___Normal	-0.487769584085427	peng_N6	Peng	Normal	214
HALLMARK_EPITHELIAL_MESENCHYMAL_TRANSITION	peng_N6___Activated	0.158257182372773	peng_N6	Peng	Activated	124
HALLMARK_EPITHELIAL_MESENCHYMAL_TRANSITION	peng_N7___Normal	-0.417625370535443	peng_N7	Peng	Normal	118
HALLMARK_EPITHELIAL_MESENCHYMAL_TRANSITION	peng_N7___Activated	0.185349282785837	peng_N7	Peng	Activated	58
HALLMARK_EPITHELIAL_MESENCHYMAL_TRANSITION	peng_N8___Normal	-0.431459722529429	peng_N8	Peng	Normal	263
HALLMARK_EPITHELIAL_MESENCHYMAL_TRANSITION	peng_N8___Activated	0.201368829299156	peng_N8	Peng	Activated	203
HALLMARK_EPITHELIAL_MESENCHYMAL_TRANSITION	peng_N9___Normal	-0.338600189027695	peng_N9	Peng	Normal	124
HALLMARK_EPITHELIAL_MESENCHYMAL_TRANSITION	peng_N9___Activated	0.0968958594923873	peng_N9	Peng	Activated	235
HALLMARK_EPITHELIAL_MESENCHYMAL_TRANSITION	peng_T1___Normal	-0.229368392601782	peng_T1	Peng	Normal	89
HALLMARK_EPITHELIAL_MESENCHYMAL_TRANSITION	peng_T1___Activated	0.304804445410047	peng_T1	Peng	Activated	248
HALLMARK_EPITHELIAL_MESENCHYMAL_TRANSITION	peng_T10___Normal	-0.296927111698045	peng_T10	Peng	Normal	112
HALLMARK_EPITHELIAL_MESENCHYMAL_TRANSITION	peng_T10___Activated	0.0512553659737841	peng_T10	Peng	Activated	222
HALLMARK_EPITHELIAL_MESENCHYMAL_TRANSITION	peng_T12___Normal	-0.213538644256418	peng_T12	Peng	Normal	71
HALLMARK_EPITHELIAL_MESENCHYMAL_TRANSITION	peng_T12___Activated	0.283457846086794	peng_T12	Peng	Activated	319
HALLMARK_EPITHELIAL_MESENCHYMAL_TRANSITION	peng_T13___Normal	-0.277515976583149	peng_T13	Peng	Normal	199
HALLMARK_EPITHELIAL_MESENCHYMAL_TRANSITION	peng_T13___Activated	0.439057592793813	peng_T13	Peng	Activated	522
HALLMARK_EPITHELIAL_MESENCHYMAL_TRANSITION	peng_T14___Normal	-0.285282629620979	peng_T14	Peng	Normal	108
HALLMARK_EPITHELIAL_MESENCHYMAL_TRANSITION	peng_T14___Activated	0.390198084461554	peng_T14	Peng	Activated	186
HALLMARK_EPITHELIAL_MESENCHYMAL_TRANSITION	peng_T15___Normal	-0.299207146534928	peng_T15	Peng	Normal	140
HALLMARK_EPITHELIAL_MESENCHYMAL_TRANSITION	peng_T15___Activated	0.401447577014223	peng_T15	Peng	Activated	1165
HALLMARK_EPITHELIAL_MESENCHYMAL_TRANSITION	peng_T16___Normal	-0.00945401118975042	peng_T16	Peng	Normal	94
HALLMARK_EPITHELIAL_MESENCHYMAL_TRANSITION	peng_T16___Activated	0.462932441162246	peng_T16	Peng	Activated	673
HALLMARK_EPITHELIAL_MESENCHYMAL_TRANSITION	peng_T17___Normal	-0.0827865876845695	peng_T17	Peng	Normal	23
HALLMARK_EPITHELIAL_MESENCHYMAL_TRANSITION	peng_T17___Activated	0.500604295914342	peng_T17	Peng	Activated	305
HALLMARK_EPITHELIAL_MESENCHYMAL_TRANSITION	peng_T18___Normal	0.113268746019885	peng_T18	Peng	Normal	81
HALLMARK_EPITHELIAL_MESENCHYMAL_TRANSITION	peng_T18___Activated	0.540563327457194	peng_T18	Peng	Activated	967
HALLMARK_EPITHELIAL_MESENCHYMAL_TRANSITION	peng_T19___Normal	-0.312322362850859	peng_T19	Peng	Normal	660
HALLMARK_EPITHELIAL_MESENCHYMAL_TRANSITION	peng_T19___Activated	0.148039948132506	peng_T19	Peng	Activated	1046
HALLMARK_EPITHELIAL_MESENCHYMAL_TRANSITION	peng_T2___Normal	-0.251268827513981	peng_T2	Peng	Normal	25
HALLMARK_EPITHELIAL_MESENCHYMAL_TRANSITION	peng_T2___Activated	0.110015537563546	peng_T2	Peng	Activated	62
HALLMARK_EPITHELIAL_MESENCHYMAL_TRANSITION	peng_T20___Normal	-0.10048954759618	peng_T20	Peng	Normal	58
HALLMARK_EPITHELIAL_MESENCHYMAL_TRANSITION	peng_T20___Activated	0.168081173483821	peng_T20	Peng	Activated	93
HALLMARK_EPITHELIAL_MESENCHYMAL_TRANSITION	peng_T22___Normal	-0.019011832642705	peng_T22	Peng	Normal	26
HALLMARK_EPITHELIAL_MESENCHYMAL_TRANSITION	peng_T22___Activated	0.160303105081056	peng_T22	Peng	Activated	118
HALLMARK_EPITHELIAL_MESENCHYMAL_TRANSITION	peng_T23___Normal	-0.0912640464410885	peng_T23	Peng	Normal	56
HALLMARK_EPITHELIAL_MESENCHYMAL_TRANSITION	peng_T23___Activated	0.498469917083678	peng_T23	Peng	Activated	1282
HALLMARK_EPITHELIAL_MESENCHYMAL_TRANSITION	peng_T24___Normal	-0.471822154358416	peng_T24	Peng	Normal	467
HALLMARK_EPITHELIAL_MESENCHYMAL_TRANSITION	peng_T24___Activated	0.383652969518926	peng_T24	Peng	Activated	917
HALLMARK_EPITHELIAL_MESENCHYMAL_TRANSITION	peng_T3___Normal	-0.222951178553883	peng_T3	Peng	Normal	119
HALLMARK_EPITHELIAL_MESENCHYMAL_TRANSITION	peng_T3___Activated	0.391070306669887	peng_T3	Peng	Activated	339
HALLMARK_EPITHELIAL_MESENCHYMAL_TRANSITION	peng_T4___Normal	-0.210359313647703	peng_T4	Peng	Normal	46
HALLMARK_EPITHELIAL_MESENCHYMAL_TRANSITION	peng_T4___Activated	0.223558593383359	peng_T4	Peng	Activated	176
HALLMARK_EPITHELIAL_MESENCHYMAL_TRANSITION	peng_T5___Normal	-0.410383135058201	peng_T5	Peng	Normal	173
HALLMARK_EPITHELIAL_MESENCHYMAL_TRANSITION	peng_T5___Activated	0.154969905444247	peng_T5	Peng	Activated	238
HALLMARK_EPITHELIAL_MESENCHYMAL_TRANSITION	peng_T6___Normal	-0.405694395921356	peng_T6	Peng	Normal	147
HALLMARK_EPITHELIAL_MESENCHYMAL_TRANSITION	peng_T6___Activated	0.356089541123948	peng_T6	Peng	Activated	216
HALLMARK_EPITHELIAL_MESENCHYMAL_TRANSITION	peng_T7___Normal	-0.265222381218029	peng_T7	Peng	Normal	125
HALLMARK_EPITHELIAL_MESENCHYMAL_TRANSITION	peng_T7___Activated	0.259034211045128	peng_T7	Peng	Activated	299
HALLMARK_ESTROGEN_RESPONSE_EARLY	PDAC2___Normal	0.0991881846160627	PDAC2	Powers	Normal	47
HALLMARK_ESTROGEN_RESPONSE_EARLY	PDAC2___Activated	0.0224684421252618	PDAC2	Powers	Activated	1924
HALLMARK_ESTROGEN_RESPONSE_EARLY	peng_N1___Normal	0.0166274711978954	peng_N1	Peng	Normal	397
HALLMARK_ESTROGEN_RESPONSE_EARLY	peng_N1___Activated	0.0928245892572026	peng_N1	Peng	Activated	381
HALLMARK_ESTROGEN_RESPONSE_EARLY	peng_N10___Normal	0.15834264132066	peng_N10	Peng	Normal	42
HALLMARK_ESTROGEN_RESPONSE_EARLY	peng_N10___Activated	0.187419353863858	peng_N10	Peng	Activated	22
HALLMARK_ESTROGEN_RESPONSE_EARLY	peng_N11___Normal	0.0368493806819299	peng_N11	Peng	Normal	28
HALLMARK_ESTROGEN_RESPONSE_EARLY	peng_N11___Activated	-0.0250263730858389	peng_N11	Peng	Activated	22
HALLMARK_ESTROGEN_RESPONSE_EARLY	peng_N2___Normal	-0.154656189979606	peng_N2	Peng	Normal	223
HALLMARK_ESTROGEN_RESPONSE_EARLY	peng_N2___Activated	-0.0813964712956796	peng_N2	Peng	Activated	232
HALLMARK_ESTROGEN_RESPONSE_EARLY	peng_N3___Normal	-0.144836627027983	peng_N3	Peng	Normal	172
HALLMARK_ESTROGEN_RESPONSE_EARLY	peng_N3___Activated	-0.182272292604128	peng_N3	Peng	Activated	40
HALLMARK_ESTROGEN_RESPONSE_EARLY	peng_N4___Normal	0.107255879995526	peng_N4	Peng	Normal	85
HALLMARK_ESTROGEN_RESPONSE_EARLY	peng_N4___Activated	-0.0357000607094667	peng_N4	Peng	Activated	48
HALLMARK_ESTROGEN_RESPONSE_EARLY	peng_N6___Normal	-0.0323250279976231	peng_N6	Peng	Normal	214
HALLMARK_ESTROGEN_RESPONSE_EARLY	peng_N6___Activated	0.12045153326608	peng_N6	Peng	Activated	124
HALLMARK_ESTROGEN_RESPONSE_EARLY	peng_N7___Normal	-0.186662709009498	peng_N7	Peng	Normal	118
HALLMARK_ESTROGEN_RESPONSE_EARLY	peng_N7___Activated	-0.11012029965073	peng_N7	Peng	Activated	58
HALLMARK_ESTROGEN_RESPONSE_EARLY	peng_N8___Normal	-0.0124323154526678	peng_N8	Peng	Normal	263
HALLMARK_ESTROGEN_RESPONSE_EARLY	peng_N8___Activated	0.147502743446828	peng_N8	Peng	Activated	203
HALLMARK_ESTROGEN_RESPONSE_EARLY	peng_N9___Normal	0.019397485214577	peng_N9	Peng	Normal	124
HALLMARK_ESTROGEN_RESPONSE_EARLY	peng_N9___Activated	0.00593694031555297	peng_N9	Peng	Activated	235
HALLMARK_ESTROGEN_RESPONSE_EARLY	peng_T1___Normal	0.0647393079217289	peng_T1	Peng	Normal	89
HALLMARK_ESTROGEN_RESPONSE_EARLY	peng_T1___Activated	-0.00548159383367985	peng_T1	Peng	Activated	248
HALLMARK_ESTROGEN_RESPONSE_EARLY	peng_T10___Normal	0.156507991837931	peng_T10	Peng	Normal	112
HALLMARK_ESTROGEN_RESPONSE_EARLY	peng_T10___Activated	0.100518241058223	peng_T10	Peng	Activated	222
HALLMARK_ESTROGEN_RESPONSE_EARLY	peng_T12___Normal	-0.2409810557837	peng_T12	Peng	Normal	71
HALLMARK_ESTROGEN_RESPONSE_EARLY	peng_T12___Activated	-0.281760645722527	peng_T12	Peng	Activated	319
HALLMARK_ESTROGEN_RESPONSE_EARLY	peng_T13___Normal	-0.181446498466083	peng_T13	Peng	Normal	199
HALLMARK_ESTROGEN_RESPONSE_EARLY	peng_T13___Activated	-0.114814290479677	peng_T13	Peng	Activated	522
HALLMARK_ESTROGEN_RESPONSE_EARLY	peng_T14___Normal	0.215466055210775	peng_T14	Peng	Normal	108
HALLMARK_ESTROGEN_RESPONSE_EARLY	peng_T14___Activated	0.226041245594256	peng_T14	Peng	Activated	186
HALLMARK_ESTROGEN_RESPONSE_EARLY	peng_T15___Normal	-0.0473353589130755	peng_T15	Peng	Normal	140
HALLMARK_ESTROGEN_RESPONSE_EARLY	peng_T15___Activated	-0.0577785166597607	peng_T15	Peng	Activated	1165
HALLMARK_ESTROGEN_RESPONSE_EARLY	peng_T16___Normal	0.129850362065469	peng_T16	Peng	Normal	94
HALLMARK_ESTROGEN_RESPONSE_EARLY	peng_T16___Activated	0.097327647332301	peng_T16	Peng	Activated	673
HALLMARK_ESTROGEN_RESPONSE_EARLY	peng_T17___Normal	-0.101842290086077	peng_T17	Peng	Normal	23
HALLMARK_ESTROGEN_RESPONSE_EARLY	peng_T17___Activated	0.0771812952175765	peng_T17	Peng	Activated	305
HALLMARK_ESTROGEN_RESPONSE_EARLY	peng_T18___Normal	0.120410561479069	peng_T18	Peng	Normal	81
HALLMARK_ESTROGEN_RESPONSE_EARLY	peng_T18___Activated	0.156020147804338	peng_T18	Peng	Activated	967
HALLMARK_ESTROGEN_RESPONSE_EARLY	peng_T19___Normal	-0.0228350452498013	peng_T19	Peng	Normal	660
HALLMARK_ESTROGEN_RESPONSE_EARLY	peng_T19___Activated	-0.255036436411525	peng_T19	Peng	Activated	1046
HALLMARK_ESTROGEN_RESPONSE_EARLY	peng_T2___Normal	-0.0920930632602564	peng_T2	Peng	Normal	25
HALLMARK_ESTROGEN_RESPONSE_EARLY	peng_T2___Activated	-0.191331208149418	peng_T2	Peng	Activated	62
HALLMARK_ESTROGEN_RESPONSE_EARLY	peng_T20___Normal	0.0420045185774313	peng_T20	Peng	Normal	58
HALLMARK_ESTROGEN_RESPONSE_EARLY	peng_T20___Activated	0.0907231856306701	peng_T20	Peng	Activated	93
HALLMARK_ESTROGEN_RESPONSE_EARLY	peng_T22___Normal	0.101874863244728	peng_T22	Peng	Normal	26
HALLMARK_ESTROGEN_RESPONSE_EARLY	peng_T22___Activated	-0.0249177320224696	peng_T22	Peng	Activated	118
HALLMARK_ESTROGEN_RESPONSE_EARLY	peng_T23___Normal	-0.0447038555655698	peng_T23	Peng	Normal	56
HALLMARK_ESTROGEN_RESPONSE_EARLY	peng_T23___Activated	-0.0115009999081127	peng_T23	Peng	Activated	1282
HALLMARK_ESTROGEN_RESPONSE_EARLY	peng_T24___Normal	-0.156784814907804	peng_T24	Peng	Normal	467
HALLMARK_ESTROGEN_RESPONSE_EARLY	peng_T24___Activated	0.00813573322655284	peng_T24	Peng	Activated	917
HALLMARK_ESTROGEN_RESPONSE_EARLY	peng_T3___Normal	-0.0118765608342171	peng_T3	Peng	Normal	119
HALLMARK_ESTROGEN_RESPONSE_EARLY	peng_T3___Activated	-0.0448120458759695	peng_T3	Peng	Activated	339
HALLMARK_ESTROGEN_RESPONSE_EARLY	peng_T4___Normal	-0.0667783261146196	peng_T4	Peng	Normal	46
HALLMARK_ESTROGEN_RESPONSE_EARLY	peng_T4___Activated	0.0332366103403496	peng_T4	Peng	Activated	176
HALLMARK_ESTROGEN_RESPONSE_EARLY	peng_T5___Normal	-0.0653505218462371	peng_T5	Peng	Normal	173
HALLMARK_ESTROGEN_RESPONSE_EARLY	peng_T5___Activated	0.0105472763086774	peng_T5	Peng	Activated	238
HALLMARK_ESTROGEN_RESPONSE_EARLY	peng_T6___Normal	-0.0355097118277049	peng_T6	Peng	Normal	147
HALLMARK_ESTROGEN_RESPONSE_EARLY	peng_T6___Activated	-0.01421890922717	peng_T6	Peng	Activated	216
HALLMARK_ESTROGEN_RESPONSE_EARLY	peng_T7___Normal	-0.224077375348937	peng_T7	Peng	Normal	125
HALLMARK_ESTROGEN_RESPONSE_EARLY	peng_T7___Activated	-0.22476195369813	peng_T7	Peng	Activated	299
HALLMARK_ESTROGEN_RESPONSE_LATE	PDAC2___Normal	-0.0696359345058816	PDAC2	Powers	Normal	47
HALLMARK_ESTROGEN_RESPONSE_LATE	PDAC2___Activated	-0.139050991209483	PDAC2	Powers	Activated	1924
HALLMARK_ESTROGEN_RESPONSE_LATE	peng_N1___Normal	0.143671425489336	peng_N1	Peng	Normal	397
HALLMARK_ESTROGEN_RESPONSE_LATE	peng_N1___Activated	0.0941604618906053	peng_N1	Peng	Activated	381
HALLMARK_ESTROGEN_RESPONSE_LATE	peng_N10___Normal	0.219617131651711	peng_N10	Peng	Normal	42
HALLMARK_ESTROGEN_RESPONSE_LATE	peng_N10___Activated	0.106908271863575	peng_N10	Peng	Activated	22
HALLMARK_ESTROGEN_RESPONSE_LATE	peng_N11___Normal	0.0309802317383068	peng_N11	Peng	Normal	28
HALLMARK_ESTROGEN_RESPONSE_LATE	peng_N11___Activated	0.0874961298181907	peng_N11	Peng	Activated	22
HALLMARK_ESTROGEN_RESPONSE_LATE	peng_N2___Normal	0.0839100427182472	peng_N2	Peng	Normal	223
HALLMARK_ESTROGEN_RESPONSE_LATE	peng_N2___Activated	-0.014934066449575	peng_N2	Peng	Activated	232
HALLMARK_ESTROGEN_RESPONSE_LATE	peng_N3___Normal	0.030298942140302	peng_N3	Peng	Normal	172
HALLMARK_ESTROGEN_RESPONSE_LATE	peng_N3___Activated	-0.184385359038619	peng_N3	Peng	Activated	40
HALLMARK_ESTROGEN_RESPONSE_LATE	peng_N4___Normal	0.178009231215725	peng_N4	Peng	Normal	85
HALLMARK_ESTROGEN_RESPONSE_LATE	peng_N4___Activated	0.00414433861093666	peng_N4	Peng	Activated	48
HALLMARK_ESTROGEN_RESPONSE_LATE	peng_N6___Normal	-0.0472933483058075	peng_N6	Peng	Normal	214
HALLMARK_ESTROGEN_RESPONSE_LATE	peng_N6___Activated	-0.00148038780941834	peng_N6	Peng	Activated	124
HALLMARK_ESTROGEN_RESPONSE_LATE	peng_N7___Normal	-0.0916614057931357	peng_N7	Peng	Normal	118
HALLMARK_ESTROGEN_RESPONSE_LATE	peng_N7___Activated	-0.0340278072321966	peng_N7	Peng	Activated	58
HALLMARK_ESTROGEN_RESPONSE_LATE	peng_N8___Normal	0.089617267939579	peng_N8	Peng	Normal	263
HALLMARK_ESTROGEN_RESPONSE_LATE	peng_N8___Activated	0.00339378194808054	peng_N8	Peng	Activated	203
HALLMARK_ESTROGEN_RESPONSE_LATE	peng_N9___Normal	0.160976028784148	peng_N9	Peng	Normal	124
HALLMARK_ESTROGEN_RESPONSE_LATE	peng_N9___Activated	-0.00420997273690527	peng_N9	Peng	Activated	235
HALLMARK_ESTROGEN_RESPONSE_LATE	peng_T1___Normal	0.00179830563596334	peng_T1	Peng	Normal	89
HALLMARK_ESTROGEN_RESPONSE_LATE	peng_T1___Activated	-0.101671040609965	peng_T1	Peng	Activated	248
HALLMARK_ESTROGEN_RESPONSE_LATE	peng_T10___Normal	0.0164343300602767	peng_T10	Peng	Normal	112
HALLMARK_ESTROGEN_RESPONSE_LATE	peng_T10___Activated	0.0577739179753488	peng_T10	Peng	Activated	222
HALLMARK_ESTROGEN_RESPONSE_LATE	peng_T12___Normal	-0.173019293631779	peng_T12	Peng	Normal	71
HALLMARK_ESTROGEN_RESPONSE_LATE	peng_T12___Activated	-0.186341384637798	peng_T12	Peng	Activated	319
HALLMARK_ESTROGEN_RESPONSE_LATE	peng_T13___Normal	-0.00691467448928701	peng_T13	Peng	Normal	199
HALLMARK_ESTROGEN_RESPONSE_LATE	peng_T13___Activated	-0.0461004799061975	peng_T13	Peng	Activated	522
HALLMARK_ESTROGEN_RESPONSE_LATE	peng_T14___Normal	0.182750819142448	peng_T14	Peng	Normal	108
HALLMARK_ESTROGEN_RESPONSE_LATE	peng_T14___Activated	0.193237327117852	peng_T14	Peng	Activated	186
HALLMARK_ESTROGEN_RESPONSE_LATE	peng_T15___Normal	-0.036973945580533	peng_T15	Peng	Normal	140
HALLMARK_ESTROGEN_RESPONSE_LATE	peng_T15___Activated	-0.192361180388399	peng_T15	Peng	Activated	1165
HALLMARK_ESTROGEN_RESPONSE_LATE	peng_T16___Normal	0.114501468620924	peng_T16	Peng	Normal	94
HALLMARK_ESTROGEN_RESPONSE_LATE	peng_T16___Activated	0.133957718404486	peng_T16	Peng	Activated	673
HALLMARK_ESTROGEN_RESPONSE_LATE	peng_T17___Normal	-0.010003629091614	peng_T17	Peng	Normal	23
HALLMARK_ESTROGEN_RESPONSE_LATE	peng_T17___Activated	0.184971787763087	peng_T17	Peng	Activated	305
HALLMARK_ESTROGEN_RESPONSE_LATE	peng_T18___Normal	0.0149327699350953	peng_T18	Peng	Normal	81
HALLMARK_ESTROGEN_RESPONSE_LATE	peng_T18___Activated	0.13015853795709	peng_T18	Peng	Activated	967
HALLMARK_ESTROGEN_RESPONSE_LATE	peng_T19___Normal	0.0405275610349979	peng_T19	Peng	Normal	660
HALLMARK_ESTROGEN_RESPONSE_LATE	peng_T19___Activated	-0.129578524532399	peng_T19	Peng	Activated	1046
HALLMARK_ESTROGEN_RESPONSE_LATE	peng_T2___Normal	-0.0405376729806901	peng_T2	Peng	Normal	25
HALLMARK_ESTROGEN_RESPONSE_LATE	peng_T2___Activated	-0.242883253073547	peng_T2	Peng	Activated	62
HALLMARK_ESTROGEN_RESPONSE_LATE	peng_T20___Normal	0.0040084089408163	peng_T20	Peng	Normal	58
HALLMARK_ESTROGEN_RESPONSE_LATE	peng_T20___Activated	0.0373792522297258	peng_T20	Peng	Activated	93
HALLMARK_ESTROGEN_RESPONSE_LATE	peng_T22___Normal	-0.0145627670926903	peng_T22	Peng	Normal	26
HALLMARK_ESTROGEN_RESPONSE_LATE	peng_T22___Activated	0.000497036950094204	peng_T22	Peng	Activated	118
HALLMARK_ESTROGEN_RESPONSE_LATE	peng_T23___Normal	-0.0360795050557239	peng_T23	Peng	Normal	56
HALLMARK_ESTROGEN_RESPONSE_LATE	peng_T23___Activated	-0.148136898046337	peng_T23	Peng	Activated	1282
HALLMARK_ESTROGEN_RESPONSE_LATE	peng_T24___Normal	0.00913723104706338	peng_T24	Peng	Normal	467
HALLMARK_ESTROGEN_RESPONSE_LATE	peng_T24___Activated	-0.00502417556045542	peng_T24	Peng	Activated	917
HALLMARK_ESTROGEN_RESPONSE_LATE	peng_T3___Normal	-0.14949826423119	peng_T3	Peng	Normal	119
HALLMARK_ESTROGEN_RESPONSE_LATE	peng_T3___Activated	-0.0903498362253042	peng_T3	Peng	Activated	339
HALLMARK_ESTROGEN_RESPONSE_LATE	peng_T4___Normal	-0.154777804740618	peng_T4	Peng	Normal	46
HALLMARK_ESTROGEN_RESPONSE_LATE	peng_T4___Activated	-0.00781865011688648	peng_T4	Peng	Activated	176
HALLMARK_ESTROGEN_RESPONSE_LATE	peng_T5___Normal	-0.0273649132851937	peng_T5	Peng	Normal	173
HALLMARK_ESTROGEN_RESPONSE_LATE	peng_T5___Activated	-0.0314849656810846	peng_T5	Peng	Activated	238
HALLMARK_ESTROGEN_RESPONSE_LATE	peng_T6___Normal	0.13825543694732	peng_T6	Peng	Normal	147
HALLMARK_ESTROGEN_RESPONSE_LATE	peng_T6___Activated	0.0734839949459842	peng_T6	Peng	Activated	216
HALLMARK_ESTROGEN_RESPONSE_LATE	peng_T7___Normal	-0.178745256026739	peng_T7	Peng	Normal	125
HALLMARK_ESTROGEN_RESPONSE_LATE	peng_T7___Activated	-0.281081122472838	peng_T7	Peng	Activated	299
HALLMARK_FATTY_ACID_METABOLISM	PDAC2___Normal	0.0142065943269795	PDAC2	Powers	Normal	47
HALLMARK_FATTY_ACID_METABOLISM	PDAC2___Activated	-0.218295821460944	PDAC2	Powers	Activated	1924
HALLMARK_FATTY_ACID_METABOLISM	peng_N1___Normal	0.275421582242219	peng_N1	Peng	Normal	397
HALLMARK_FATTY_ACID_METABOLISM	peng_N1___Activated	0.0412078237774302	peng_N1	Peng	Activated	381
HALLMARK_FATTY_ACID_METABOLISM	peng_N10___Normal	0.258864051528559	peng_N10	Peng	Normal	42
HALLMARK_FATTY_ACID_METABOLISM	peng_N10___Activated	-0.00388418840189958	peng_N10	Peng	Activated	22
HALLMARK_FATTY_ACID_METABOLISM	peng_N11___Normal	0.00846834322311679	peng_N11	Peng	Normal	28
HALLMARK_FATTY_ACID_METABOLISM	peng_N11___Activated	0.132042104477583	peng_N11	Peng	Activated	22
HALLMARK_FATTY_ACID_METABOLISM	peng_N2___Normal	0.305438639594673	peng_N2	Peng	Normal	223
HALLMARK_FATTY_ACID_METABOLISM	peng_N2___Activated	0.238093157758387	peng_N2	Peng	Activated	232
HALLMARK_FATTY_ACID_METABOLISM	peng_N3___Normal	0.0264577519243504	peng_N3	Peng	Normal	172
HALLMARK_FATTY_ACID_METABOLISM	peng_N3___Activated	-0.0238661109669635	peng_N3	Peng	Activated	40
HALLMARK_FATTY_ACID_METABOLISM	peng_N4___Normal	0.0397696251813362	peng_N4	Peng	Normal	85
HALLMARK_FATTY_ACID_METABOLISM	peng_N4___Activated	0.132822928070898	peng_N4	Peng	Activated	48
HALLMARK_FATTY_ACID_METABOLISM	peng_N6___Normal	-0.0987396706173279	peng_N6	Peng	Normal	214
HALLMARK_FATTY_ACID_METABOLISM	peng_N6___Activated	-0.0425598974787321	peng_N6	Peng	Activated	124
HALLMARK_FATTY_ACID_METABOLISM	peng_N7___Normal	0.187714486629921	peng_N7	Peng	Normal	118
HALLMARK_FATTY_ACID_METABOLISM	peng_N7___Activated	-0.0705084631814284	peng_N7	Peng	Activated	58
HALLMARK_FATTY_ACID_METABOLISM	peng_N8___Normal	0.212117402857214	peng_N8	Peng	Normal	263
HALLMARK_FATTY_ACID_METABOLISM	peng_N8___Activated	0.0283446802610904	peng_N8	Peng	Activated	203
HALLMARK_FATTY_ACID_METABOLISM	peng_N9___Normal	0.29775140911802	peng_N9	Peng	Normal	124
HALLMARK_FATTY_ACID_METABOLISM	peng_N9___Activated	0.116294846859926	peng_N9	Peng	Activated	235
HALLMARK_FATTY_ACID_METABOLISM	peng_T1___Normal	-0.212675433357737	peng_T1	Peng	Normal	89
HALLMARK_FATTY_ACID_METABOLISM	peng_T1___Activated	-0.347121747690856	peng_T1	Peng	Activated	248
HALLMARK_FATTY_ACID_METABOLISM	peng_T10___Normal	-0.168045914968046	peng_T10	Peng	Normal	112
HALLMARK_FATTY_ACID_METABOLISM	peng_T10___Activated	-0.320292193870322	peng_T10	Peng	Activated	222
HALLMARK_FATTY_ACID_METABOLISM	peng_T12___Normal	0.0470837832709415	peng_T12	Peng	Normal	71
HALLMARK_FATTY_ACID_METABOLISM	peng_T12___Activated	-0.0201369292243913	peng_T12	Peng	Activated	319
HALLMARK_FATTY_ACID_METABOLISM	peng_T13___Normal	0.0773158320925409	peng_T13	Peng	Normal	199
HALLMARK_FATTY_ACID_METABOLISM	peng_T13___Activated	0.032786809408959	peng_T13	Peng	Activated	522
HALLMARK_FATTY_ACID_METABOLISM	peng_T14___Normal	0.267404399350581	peng_T14	Peng	Normal	108
HALLMARK_FATTY_ACID_METABOLISM	peng_T14___Activated	0.0317702123392007	peng_T14	Peng	Activated	186
HALLMARK_FATTY_ACID_METABOLISM	peng_T15___Normal	-0.160412669273322	peng_T15	Peng	Normal	140
HALLMARK_FATTY_ACID_METABOLISM	peng_T15___Activated	-0.407721187748229	peng_T15	Peng	Activated	1165
HALLMARK_FATTY_ACID_METABOLISM	peng_T16___Normal	-0.196225741739393	peng_T16	Peng	Normal	94
HALLMARK_FATTY_ACID_METABOLISM	peng_T16___Activated	-0.309196499368052	peng_T16	Peng	Activated	673
HALLMARK_FATTY_ACID_METABOLISM	peng_T17___Normal	0.117891580210997	peng_T17	Peng	Normal	23
HALLMARK_FATTY_ACID_METABOLISM	peng_T17___Activated	-0.0910927362758217	peng_T17	Peng	Activated	305
HALLMARK_FATTY_ACID_METABOLISM	peng_T18___Normal	-0.116912100545552	peng_T18	Peng	Normal	81
HALLMARK_FATTY_ACID_METABOLISM	peng_T18___Activated	-0.10070346221917	peng_T18	Peng	Activated	967
HALLMARK_FATTY_ACID_METABOLISM	peng_T19___Normal	-0.17877515036694	peng_T19	Peng	Normal	660
HALLMARK_FATTY_ACID_METABOLISM	peng_T19___Activated	-0.240052025149524	peng_T19	Peng	Activated	1046
HALLMARK_FATTY_ACID_METABOLISM	peng_T2___Normal	0.238252047628791	peng_T2	Peng	Normal	25
HALLMARK_FATTY_ACID_METABOLISM	peng_T2___Activated	0.008200098673667	peng_T2	Peng	Activated	62
HALLMARK_FATTY_ACID_METABOLISM	peng_T20___Normal	-0.0801380296580917	peng_T20	Peng	Normal	58
HALLMARK_FATTY_ACID_METABOLISM	peng_T20___Activated	-0.0485920087871964	peng_T20	Peng	Activated	93
HALLMARK_FATTY_ACID_METABOLISM	peng_T22___Normal	-0.0379375551559302	peng_T22	Peng	Normal	26
HALLMARK_FATTY_ACID_METABOLISM	peng_T22___Activated	-0.265831893739137	peng_T22	Peng	Activated	118
HALLMARK_FATTY_ACID_METABOLISM	peng_T23___Normal	-0.108998555579641	peng_T23	Peng	Normal	56
HALLMARK_FATTY_ACID_METABOLISM	peng_T23___Activated	-0.49328754133736	peng_T23	Peng	Activated	1282
HALLMARK_FATTY_ACID_METABOLISM	peng_T24___Normal	-0.15290499704514	peng_T24	Peng	Normal	467
HALLMARK_FATTY_ACID_METABOLISM	peng_T24___Activated	-0.353774918540567	peng_T24	Peng	Activated	917
HALLMARK_FATTY_ACID_METABOLISM	peng_T3___Normal	-0.150831840470506	peng_T3	Peng	Normal	119
HALLMARK_FATTY_ACID_METABOLISM	peng_T3___Activated	-0.308843782073551	peng_T3	Peng	Activated	339
HALLMARK_FATTY_ACID_METABOLISM	peng_T4___Normal	-0.15046774173164	peng_T4	Peng	Normal	46
HALLMARK_FATTY_ACID_METABOLISM	peng_T4___Activated	-0.195700695554362	peng_T4	Peng	Activated	176
HALLMARK_FATTY_ACID_METABOLISM	peng_T5___Normal	-0.0315469087833374	peng_T5	Peng	Normal	173
HALLMARK_FATTY_ACID_METABOLISM	peng_T5___Activated	-0.147245646281148	peng_T5	Peng	Activated	238
HALLMARK_FATTY_ACID_METABOLISM	peng_T6___Normal	0.376418626325794	peng_T6	Peng	Normal	147
HALLMARK_FATTY_ACID_METABOLISM	peng_T6___Activated	0.0265453207618069	peng_T6	Peng	Activated	216
HALLMARK_FATTY_ACID_METABOLISM	peng_T7___Normal	0.0657750661846777	peng_T7	Peng	Normal	125
HALLMARK_FATTY_ACID_METABOLISM	peng_T7___Activated	-0.128070201743257	peng_T7	Peng	Activated	299
HALLMARK_G2M_CHECKPOINT	PDAC2___Normal	0.319025850346736	PDAC2	Powers	Normal	47
HALLMARK_G2M_CHECKPOINT	PDAC2___Activated	0.30644681728296	PDAC2	Powers	Activated	1924
HALLMARK_G2M_CHECKPOINT	peng_N1___Normal	0.0215037381274256	peng_N1	Peng	Normal	397
HALLMARK_G2M_CHECKPOINT	peng_N1___Activated	-0.031123559338676	peng_N1	Peng	Activated	381
HALLMARK_G2M_CHECKPOINT	peng_N10___Normal	-0.0689954526866965	peng_N10	Peng	Normal	42
HALLMARK_G2M_CHECKPOINT	peng_N10___Activated	0.0623785274549749	peng_N10	Peng	Activated	22
HALLMARK_G2M_CHECKPOINT	peng_N11___Normal	-0.120540666876988	peng_N11	Peng	Normal	28
HALLMARK_G2M_CHECKPOINT	peng_N11___Activated	-0.066302288462194	peng_N11	Peng	Activated	22
HALLMARK_G2M_CHECKPOINT	peng_N2___Normal	-0.181146329043625	peng_N2	Peng	Normal	223
HALLMARK_G2M_CHECKPOINT	peng_N2___Activated	-0.333343409905609	peng_N2	Peng	Activated	232
HALLMARK_G2M_CHECKPOINT	peng_N3___Normal	-0.178684628022013	peng_N3	Peng	Normal	172
HALLMARK_G2M_CHECKPOINT	peng_N3___Activated	-0.13936559562459	peng_N3	Peng	Activated	40
HALLMARK_G2M_CHECKPOINT	peng_N4___Normal	0.0219423452238975	peng_N4	Peng	Normal	85
HALLMARK_G2M_CHECKPOINT	peng_N4___Activated	-0.0851666229564164	peng_N4	Peng	Activated	48
HALLMARK_G2M_CHECKPOINT	peng_N6___Normal	-0.181061220897187	peng_N6	Peng	Normal	214
HALLMARK_G2M_CHECKPOINT	peng_N6___Activated	-0.303788268959375	peng_N6	Peng	Activated	124
HALLMARK_G2M_CHECKPOINT	peng_N7___Normal	-0.0881940426285989	peng_N7	Peng	Normal	118
HALLMARK_G2M_CHECKPOINT	peng_N7___Activated	-0.134324814737059	peng_N7	Peng	Activated	58
HALLMARK_G2M_CHECKPOINT	peng_N8___Normal	-0.125020714676278	peng_N8	Peng	Normal	263
HALLMARK_G2M_CHECKPOINT	peng_N8___Activated	0.0406464440555286	peng_N8	Peng	Activated	203
HALLMARK_G2M_CHECKPOINT	peng_N9___Normal	-0.263586384111163	peng_N9	Peng	Normal	124
HALLMARK_G2M_CHECKPOINT	peng_N9___Activated	-0.288303609242493	peng_N9	Peng	Activated	235
HALLMARK_G2M_CHECKPOINT	peng_T1___Normal	0.0191701232662647	peng_T1	Peng	Normal	89
HALLMARK_G2M_CHECKPOINT	peng_T1___Activated	0.0779387252380196	peng_T1	Peng	Activated	248
HALLMARK_G2M_CHECKPOINT	peng_T10___Normal	0.122494526830343	peng_T10	Peng	Normal	112
HALLMARK_G2M_CHECKPOINT	peng_T10___Activated	0.119479451844835	peng_T10	Peng	Activated	222
HALLMARK_G2M_CHECKPOINT	peng_T12___Normal	0.227420671945884	peng_T12	Peng	Normal	71
HALLMARK_G2M_CHECKPOINT	peng_T12___Activated	0.40262683249349	peng_T12	Peng	Activated	319
HALLMARK_G2M_CHECKPOINT	peng_T13___Normal	-0.135985008411052	peng_T13	Peng	Normal	199
HALLMARK_G2M_CHECKPOINT	peng_T13___Activated	-0.118417368880867	peng_T13	Peng	Activated	522
HALLMARK_G2M_CHECKPOINT	peng_T14___Normal	-0.0214831396437024	peng_T14	Peng	Normal	108
HALLMARK_G2M_CHECKPOINT	peng_T14___Activated	-0.0527531416731689	peng_T14	Peng	Activated	186
HALLMARK_G2M_CHECKPOINT	peng_T15___Normal	-0.22733538192336	peng_T15	Peng	Normal	140
HALLMARK_G2M_CHECKPOINT	peng_T15___Activated	-0.206696661358275	peng_T15	Peng	Activated	1165
HALLMARK_G2M_CHECKPOINT	peng_T16___Normal	-0.000264661508107888	peng_T16	Peng	Normal	94
HALLMARK_G2M_CHECKPOINT	peng_T16___Activated	0.214602229946588	peng_T16	Peng	Activated	673
HALLMARK_G2M_CHECKPOINT	peng_T17___Normal	-0.0522173235482226	peng_T17	Peng	Normal	23
HALLMARK_G2M_CHECKPOINT	peng_T17___Activated	0.209550187961283	peng_T17	Peng	Activated	305
HALLMARK_G2M_CHECKPOINT	peng_T18___Normal	0.186492562736523	peng_T18	Peng	Normal	81
HALLMARK_G2M_CHECKPOINT	peng_T18___Activated	0.326228073186229	peng_T18	Peng	Activated	967
HALLMARK_G2M_CHECKPOINT	peng_T19___Normal	0.126153787909835	peng_T19	Peng	Normal	660
HALLMARK_G2M_CHECKPOINT	peng_T19___Activated	0.301274130179529	peng_T19	Peng	Activated	1046
HALLMARK_G2M_CHECKPOINT	peng_T2___Normal	0.0720893042088555	peng_T2	Peng	Normal	25
HALLMARK_G2M_CHECKPOINT	peng_T2___Activated	0.0543323385425475	peng_T2	Peng	Activated	62
HALLMARK_G2M_CHECKPOINT	peng_T20___Normal	0.159051901926307	peng_T20	Peng	Normal	58
HALLMARK_G2M_CHECKPOINT	peng_T20___Activated	0.200699441207732	peng_T20	Peng	Activated	93
HALLMARK_G2M_CHECKPOINT	peng_T22___Normal	-0.00449855963269152	peng_T22	Peng	Normal	26
HALLMARK_G2M_CHECKPOINT	peng_T22___Activated	-0.168297227067193	peng_T22	Peng	Activated	118
HALLMARK_G2M_CHECKPOINT	peng_T23___Normal	0.144530333902522	peng_T23	Peng	Normal	56
HALLMARK_G2M_CHECKPOINT	peng_T23___Activated	0.0448562351625706	peng_T23	Peng	Activated	1282
HALLMARK_G2M_CHECKPOINT	peng_T24___Normal	-0.347257877921323	peng_T24	Peng	Normal	467
HALLMARK_G2M_CHECKPOINT	peng_T24___Activated	-0.261875357215415	peng_T24	Peng	Activated	917
HALLMARK_G2M_CHECKPOINT	peng_T3___Normal	0.0266758338861279	peng_T3	Peng	Normal	119
HALLMARK_G2M_CHECKPOINT	peng_T3___Activated	0.00190006232331136	peng_T3	Peng	Activated	339
HALLMARK_G2M_CHECKPOINT	peng_T4___Normal	0.090723974547134	peng_T4	Peng	Normal	46
HALLMARK_G2M_CHECKPOINT	peng_T4___Activated	0.199595792748787	peng_T4	Peng	Activated	176
HALLMARK_G2M_CHECKPOINT	peng_T5___Normal	0.114231069723913	peng_T5	Peng	Normal	173
HALLMARK_G2M_CHECKPOINT	peng_T5___Activated	0.105432120444886	peng_T5	Peng	Activated	238
HALLMARK_G2M_CHECKPOINT	peng_T6___Normal	-0.142304196015613	peng_T6	Peng	Normal	147
HALLMARK_G2M_CHECKPOINT	peng_T6___Activated	-0.133631699523744	peng_T6	Peng	Activated	216
HALLMARK_G2M_CHECKPOINT	peng_T7___Normal	-0.0105494660084027	peng_T7	Peng	Normal	125
HALLMARK_G2M_CHECKPOINT	peng_T7___Activated	0.0913093076967065	peng_T7	Peng	Activated	299
HALLMARK_GLYCOLYSIS	PDAC2___Normal	0.0597624534849848	PDAC2	Powers	Normal	47
HALLMARK_GLYCOLYSIS	PDAC2___Activated	0.0828146635009465	PDAC2	Powers	Activated	1924
HALLMARK_GLYCOLYSIS	peng_N1___Normal	-0.11430470040816	peng_N1	Peng	Normal	397
HALLMARK_GLYCOLYSIS	peng_N1___Activated	-0.0368028763070415	peng_N1	Peng	Activated	381
HALLMARK_GLYCOLYSIS	peng_N10___Normal	0.0767056792316054	peng_N10	Peng	Normal	42
HALLMARK_GLYCOLYSIS	peng_N10___Activated	-0.044508696964339	peng_N10	Peng	Activated	22
HALLMARK_GLYCOLYSIS	peng_N11___Normal	-0.207167258829578	peng_N11	Peng	Normal	28
HALLMARK_GLYCOLYSIS	peng_N11___Activated	-0.0155769817514776	peng_N11	Peng	Activated	22
HALLMARK_GLYCOLYSIS	peng_N2___Normal	-0.112149677923562	peng_N2	Peng	Normal	223
HALLMARK_GLYCOLYSIS	peng_N2___Activated	0.180267555775781	peng_N2	Peng	Activated	232
HALLMARK_GLYCOLYSIS	peng_N3___Normal	-0.252054933836644	peng_N3	Peng	Normal	172
HALLMARK_GLYCOLYSIS	peng_N3___Activated	0.0945664896066894	peng_N3	Peng	Activated	40
HALLMARK_GLYCOLYSIS	peng_N4___Normal	-0.191258368359977	peng_N4	Peng	Normal	85
HALLMARK_GLYCOLYSIS	peng_N4___Activated	-0.0582681822442597	peng_N4	Peng	Activated	48
HALLMARK_GLYCOLYSIS	peng_N6___Normal	-0.260676627950178	peng_N6	Peng	Normal	214
HALLMARK_GLYCOLYSIS	peng_N6___Activated	-0.134306122396327	peng_N6	Peng	Activated	124
HALLMARK_GLYCOLYSIS	peng_N7___Normal	-0.242607577401383	peng_N7	Peng	Normal	118
HALLMARK_GLYCOLYSIS	peng_N7___Activated	-0.074036300584487	peng_N7	Peng	Activated	58
HALLMARK_GLYCOLYSIS	peng_N8___Normal	-0.184731030586401	peng_N8	Peng	Normal	263
HALLMARK_GLYCOLYSIS	peng_N8___Activated	-0.0505588335392803	peng_N8	Peng	Activated	203
HALLMARK_GLYCOLYSIS	peng_N9___Normal	-0.115805864945641	peng_N9	Peng	Normal	124
HALLMARK_GLYCOLYSIS	peng_N9___Activated	0.0339741522186422	peng_N9	Peng	Activated	235
HALLMARK_GLYCOLYSIS	peng_T1___Normal	-0.153861230659566	peng_T1	Peng	Normal	89
HALLMARK_GLYCOLYSIS	peng_T1___Activated	-0.00284415219526246	peng_T1	Peng	Activated	248
HALLMARK_GLYCOLYSIS	peng_T10___Normal	-0.110661570886292	peng_T10	Peng	Normal	112
HALLMARK_GLYCOLYSIS	peng_T10___Activated	-0.0725769486831254	peng_T10	Peng	Activated	222
HALLMARK_GLYCOLYSIS	peng_T12___Normal	-0.0998238478443297	peng_T12	Peng	Normal	71
HALLMARK_GLYCOLYSIS	peng_T12___Activated	0.0337496357438123	peng_T12	Peng	Activated	319
HALLMARK_GLYCOLYSIS	peng_T13___Normal	-0.06966594368845	peng_T13	Peng	Normal	199
HALLMARK_GLYCOLYSIS	peng_T13___Activated	0.0515764878950851	peng_T13	Peng	Activated	522
HALLMARK_GLYCOLYSIS	peng_T14___Normal	0.108564227357154	peng_T14	Peng	Normal	108
HALLMARK_GLYCOLYSIS	peng_T14___Activated	0.247275392736684	peng_T14	Peng	Activated	186
HALLMARK_GLYCOLYSIS	peng_T15___Normal	-0.0371928854346132	peng_T15	Peng	Normal	140
HALLMARK_GLYCOLYSIS	peng_T15___Activated	-0.028988834865564	peng_T15	Peng	Activated	1165
HALLMARK_GLYCOLYSIS	peng_T16___Normal	-0.0627601773143531	peng_T16	Peng	Normal	94
HALLMARK_GLYCOLYSIS	peng_T16___Activated	0.118451712981219	peng_T16	Peng	Activated	673
HALLMARK_GLYCOLYSIS	peng_T17___Normal	0.0316725793015023	peng_T17	Peng	Normal	23
HALLMARK_GLYCOLYSIS	peng_T17___Activated	0.396141555247918	peng_T17	Peng	Activated	305
HALLMARK_GLYCOLYSIS	peng_T18___Normal	0.0645531121991961	peng_T18	Peng	Normal	81
HALLMARK_GLYCOLYSIS	peng_T18___Activated	0.30751632684214	peng_T18	Peng	Activated	967
HALLMARK_GLYCOLYSIS	peng_T19___Normal	-0.0376664126726216	peng_T19	Peng	Normal	660
HALLMARK_GLYCOLYSIS	peng_T19___Activated	-0.0442982757913504	peng_T19	Peng	Activated	1046
HALLMARK_GLYCOLYSIS	peng_T2___Normal	0.0300991456259793	peng_T2	Peng	Normal	25
HALLMARK_GLYCOLYSIS	peng_T2___Activated	0.0248854752624474	peng_T2	Peng	Activated	62
HALLMARK_GLYCOLYSIS	peng_T20___Normal	0.0558316228639061	peng_T20	Peng	Normal	58
HALLMARK_GLYCOLYSIS	peng_T20___Activated	0.174508245728055	peng_T20	Peng	Activated	93
HALLMARK_GLYCOLYSIS	peng_T22___Normal	0.0655744653064735	peng_T22	Peng	Normal	26
HALLMARK_GLYCOLYSIS	peng_T22___Activated	0.0101068834849527	peng_T22	Peng	Activated	118
HALLMARK_GLYCOLYSIS	peng_T23___Normal	-0.0656311232574346	peng_T23	Peng	Normal	56
HALLMARK_GLYCOLYSIS	peng_T23___Activated	0.0594367045571418	peng_T23	Peng	Activated	1282
HALLMARK_GLYCOLYSIS	peng_T24___Normal	-0.305042054144515	peng_T24	Peng	Normal	467
HALLMARK_GLYCOLYSIS	peng_T24___Activated	-0.212993783087008	peng_T24	Peng	Activated	917
HALLMARK_GLYCOLYSIS	peng_T3___Normal	-0.141378823122522	peng_T3	Peng	Normal	119
HALLMARK_GLYCOLYSIS	peng_T3___Activated	-0.024215324261477	peng_T3	Peng	Activated	339
HALLMARK_GLYCOLYSIS	peng_T4___Normal	0.00407265941240451	peng_T4	Peng	Normal	46
HALLMARK_GLYCOLYSIS	peng_T4___Activated	0.0458926175737306	peng_T4	Peng	Activated	176
HALLMARK_GLYCOLYSIS	peng_T5___Normal	-0.155501658850955	peng_T5	Peng	Normal	173
HALLMARK_GLYCOLYSIS	peng_T5___Activated	0.00843466214204958	peng_T5	Peng	Activated	238
HALLMARK_GLYCOLYSIS	peng_T6___Normal	-0.0143017799508096	peng_T6	Peng	Normal	147
HALLMARK_GLYCOLYSIS	peng_T6___Activated	0.173185619107133	peng_T6	Peng	Activated	216
HALLMARK_GLYCOLYSIS	peng_T7___Normal	-0.135250955972631	peng_T7	Peng	Normal	125
HALLMARK_GLYCOLYSIS	peng_T7___Activated	-0.0404816404212901	peng_T7	Peng	Activated	299
HALLMARK_HEDGEHOG_SIGNALING	PDAC2___Normal	0.198902527671069	PDAC2	Powers	Normal	47
HALLMARK_HEDGEHOG_SIGNALING	PDAC2___Activated	0.0875212907911331	PDAC2	Powers	Activated	1924
HALLMARK_HEDGEHOG_SIGNALING	peng_N1___Normal	-0.376694850341243	peng_N1	Peng	Normal	397
HALLMARK_HEDGEHOG_SIGNALING	peng_N1___Activated	-0.2698077615515	peng_N1	Peng	Activated	381
HALLMARK_HEDGEHOG_SIGNALING	peng_N10___Normal	-0.316455724056571	peng_N10	Peng	Normal	42
HALLMARK_HEDGEHOG_SIGNALING	peng_N10___Activated	-0.111885513665852	peng_N10	Peng	Activated	22
HALLMARK_HEDGEHOG_SIGNALING	peng_N11___Normal	0.153232560744943	peng_N11	Peng	Normal	28
HALLMARK_HEDGEHOG_SIGNALING	peng_N11___Activated	0.203461696462339	peng_N11	Peng	Activated	22
HALLMARK_HEDGEHOG_SIGNALING	peng_N2___Normal	-0.23255085281277	peng_N2	Peng	Normal	223
HALLMARK_HEDGEHOG_SIGNALING	peng_N2___Activated	-0.162720160987742	peng_N2	Peng	Activated	232
HALLMARK_HEDGEHOG_SIGNALING	peng_N3___Normal	-0.252881488364039	peng_N3	Peng	Normal	172
HALLMARK_HEDGEHOG_SIGNALING	peng_N3___Activated	0.187581618248402	peng_N3	Peng	Activated	40
HALLMARK_HEDGEHOG_SIGNALING	peng_N4___Normal	-0.106360247691943	peng_N4	Peng	Normal	85
HALLMARK_HEDGEHOG_SIGNALING	peng_N4___Activated	-0.24139618484977	peng_N4	Peng	Activated	48
HALLMARK_HEDGEHOG_SIGNALING	peng_N6___Normal	-0.242114184529184	peng_N6	Peng	Normal	214
HALLMARK_HEDGEHOG_SIGNALING	peng_N6___Activated	0.0872054773281199	peng_N6	Peng	Activated	124
HALLMARK_HEDGEHOG_SIGNALING	peng_N7___Normal	-0.140918582841759	peng_N7	Peng	Normal	118
HALLMARK_HEDGEHOG_SIGNALING	peng_N7___Activated	-0.205798890399698	peng_N7	Peng	Activated	58
HALLMARK_HEDGEHOG_SIGNALING	peng_N8___Normal	-0.161338887170231	peng_N8	Peng	Normal	263
HALLMARK_HEDGEHOG_SIGNALING	peng_N8___Activated	-0.0849595247224908	peng_N8	Peng	Activated	203
HALLMARK_HEDGEHOG_SIGNALING	peng_N9___Normal	-0.367734732672705	peng_N9	Peng	Normal	124
HALLMARK_HEDGEHOG_SIGNALING	peng_N9___Activated	-0.111587714187331	peng_N9	Peng	Activated	235
HALLMARK_HEDGEHOG_SIGNALING	peng_T1___Normal	0.141457401382726	peng_T1	Peng	Normal	89
HALLMARK_HEDGEHOG_SIGNALING	peng_T1___Activated	0.154024929362011	peng_T1	Peng	Activated	248
HALLMARK_HEDGEHOG_SIGNALING	peng_T10___Normal	0.0751907758157545	peng_T10	Peng	Normal	112
HALLMARK_HEDGEHOG_SIGNALING	peng_T10___Activated	0.330812416275918	peng_T10	Peng	Activated	222
HALLMARK_HEDGEHOG_SIGNALING	peng_T12___Normal	0.180608989843138	peng_T12	Peng	Normal	71
HALLMARK_HEDGEHOG_SIGNALING	peng_T12___Activated	0.265209193755964	peng_T12	Peng	Activated	319
HALLMARK_HEDGEHOG_SIGNALING	peng_T13___Normal	-0.129463525243853	peng_T13	Peng	Normal	199
HALLMARK_HEDGEHOG_SIGNALING	peng_T13___Activated	0.129744366859864	peng_T13	Peng	Activated	522
HALLMARK_HEDGEHOG_SIGNALING	peng_T14___Normal	-0.0593801893384046	peng_T14	Peng	Normal	108
HALLMARK_HEDGEHOG_SIGNALING	peng_T14___Activated	0.325355127445639	peng_T14	Peng	Activated	186
HALLMARK_HEDGEHOG_SIGNALING	peng_T15___Normal	0.157564932908986	peng_T15	Peng	Normal	140
HALLMARK_HEDGEHOG_SIGNALING	peng_T15___Activated	0.435001892245599	peng_T15	Peng	Activated	1165
HALLMARK_HEDGEHOG_SIGNALING	peng_T16___Normal	0.13460509886952	peng_T16	Peng	Normal	94
HALLMARK_HEDGEHOG_SIGNALING	peng_T16___Activated	0.346671678055904	peng_T16	Peng	Activated	673
HALLMARK_HEDGEHOG_SIGNALING	peng_T17___Normal	0.00924196737754429	peng_T17	Peng	Normal	23
HALLMARK_HEDGEHOG_SIGNALING	peng_T17___Activated	0.197321487198915	peng_T17	Peng	Activated	305
HALLMARK_HEDGEHOG_SIGNALING	peng_T18___Normal	0.0554063909109713	peng_T18	Peng	Normal	81
HALLMARK_HEDGEHOG_SIGNALING	peng_T18___Activated	0.240439243929837	peng_T18	Peng	Activated	967
HALLMARK_HEDGEHOG_SIGNALING	peng_T19___Normal	0.129478164464951	peng_T19	Peng	Normal	660
HALLMARK_HEDGEHOG_SIGNALING	peng_T19___Activated	0.369177881046696	peng_T19	Peng	Activated	1046
HALLMARK_HEDGEHOG_SIGNALING	peng_T2___Normal	-0.143524269438481	peng_T2	Peng	Normal	25
HALLMARK_HEDGEHOG_SIGNALING	peng_T2___Activated	-0.183258064797232	peng_T2	Peng	Activated	62
HALLMARK_HEDGEHOG_SIGNALING	peng_T20___Normal	0.0227948035426307	peng_T20	Peng	Normal	58
HALLMARK_HEDGEHOG_SIGNALING	peng_T20___Activated	0.236251892039071	peng_T20	Peng	Activated	93
HALLMARK_HEDGEHOG_SIGNALING	peng_T22___Normal	-0.11550337286925	peng_T22	Peng	Normal	26
HALLMARK_HEDGEHOG_SIGNALING	peng_T22___Activated	0.135052420095973	peng_T22	Peng	Activated	118
HALLMARK_HEDGEHOG_SIGNALING	peng_T23___Normal	-0.167511104267167	peng_T23	Peng	Normal	56
HALLMARK_HEDGEHOG_SIGNALING	peng_T23___Activated	0.205130275947487	peng_T23	Peng	Activated	1282
HALLMARK_HEDGEHOG_SIGNALING	peng_T24___Normal	-0.248262574769266	peng_T24	Peng	Normal	467
HALLMARK_HEDGEHOG_SIGNALING	peng_T24___Activated	0.370612068090178	peng_T24	Peng	Activated	917
HALLMARK_HEDGEHOG_SIGNALING	peng_T3___Normal	-0.21842723753088	peng_T3	Peng	Normal	119
HALLMARK_HEDGEHOG_SIGNALING	peng_T3___Activated	0.338892584606181	peng_T3	Peng	Activated	339
HALLMARK_HEDGEHOG_SIGNALING	peng_T4___Normal	-0.16966688969261	peng_T4	Peng	Normal	46
HALLMARK_HEDGEHOG_SIGNALING	peng_T4___Activated	0.166290915006342	peng_T4	Peng	Activated	176
HALLMARK_HEDGEHOG_SIGNALING	peng_T5___Normal	0.0451128824669008	peng_T5	Peng	Normal	173
HALLMARK_HEDGEHOG_SIGNALING	peng_T5___Activated	0.201167674963761	peng_T5	Peng	Activated	238
HALLMARK_HEDGEHOG_SIGNALING	peng_T6___Normal	-0.223980036091831	peng_T6	Peng	Normal	147
HALLMARK_HEDGEHOG_SIGNALING	peng_T6___Activated	-0.0755989079277087	peng_T6	Peng	Activated	216
HALLMARK_HEDGEHOG_SIGNALING	peng_T7___Normal	-0.143696386569019	peng_T7	Peng	Normal	125
HALLMARK_HEDGEHOG_SIGNALING	peng_T7___Activated	0.163270018682547	peng_T7	Peng	Activated	299
HALLMARK_HEME_METABOLISM	PDAC2___Normal	0.160156140355429	PDAC2	Powers	Normal	47
HALLMARK_HEME_METABOLISM	PDAC2___Activated	0.089794459719367	PDAC2	Powers	Activated	1924
HALLMARK_HEME_METABOLISM	peng_N1___Normal	-0.051214445554342	peng_N1	Peng	Normal	397
HALLMARK_HEME_METABOLISM	peng_N1___Activated	-0.0448299047149484	peng_N1	Peng	Activated	381
HALLMARK_HEME_METABOLISM	peng_N10___Normal	-0.0386639457370955	peng_N10	Peng	Normal	42
HALLMARK_HEME_METABOLISM	peng_N10___Activated	0.00654721589682725	peng_N10	Peng	Activated	22
HALLMARK_HEME_METABOLISM	peng_N11___Normal	-0.0287670145332556	peng_N11	Peng	Normal	28
HALLMARK_HEME_METABOLISM	peng_N11___Activated	-0.0424906453924875	peng_N11	Peng	Activated	22
HALLMARK_HEME_METABOLISM	peng_N2___Normal	-0.115040246303169	peng_N2	Peng	Normal	223
HALLMARK_HEME_METABOLISM	peng_N2___Activated	-0.123283850827418	peng_N2	Peng	Activated	232
HALLMARK_HEME_METABOLISM	peng_N3___Normal	-0.109069210372597	peng_N3	Peng	Normal	172
HALLMARK_HEME_METABOLISM	peng_N3___Activated	-0.232137684049205	peng_N3	Peng	Activated	40
HALLMARK_HEME_METABOLISM	peng_N4___Normal	-0.0376938950405209	peng_N4	Peng	Normal	85
HALLMARK_HEME_METABOLISM	peng_N4___Activated	0.0760153972677892	peng_N4	Peng	Activated	48
HALLMARK_HEME_METABOLISM	peng_N6___Normal	0.107178003669036	peng_N6	Peng	Normal	214
HALLMARK_HEME_METABOLISM	peng_N6___Activated	-0.00710011957583076	peng_N6	Peng	Activated	124
HALLMARK_HEME_METABOLISM	peng_N7___Normal	-0.0179386940952108	peng_N7	Peng	Normal	118
HALLMARK_HEME_METABOLISM	peng_N7___Activated	-0.11796873557054	peng_N7	Peng	Activated	58
HALLMARK_HEME_METABOLISM	peng_N8___Normal	0.0036608907748025	peng_N8	Peng	Normal	263
HALLMARK_HEME_METABOLISM	peng_N8___Activated	-0.0155308181221844	peng_N8	Peng	Activated	203
HALLMARK_HEME_METABOLISM	peng_N9___Normal	-0.0177309329600141	peng_N9	Peng	Normal	124
HALLMARK_HEME_METABOLISM	peng_N9___Activated	-0.101779661467175	peng_N9	Peng	Activated	235
HALLMARK_HEME_METABOLISM	peng_T1___Normal	0.0640566445626569	peng_T1	Peng	Normal	89
HALLMARK_HEME_METABOLISM	peng_T1___Activated	0.106846621756083	peng_T1	Peng	Activated	248
HALLMARK_HEME_METABOLISM	peng_T10___Normal	0.000100540950896677	peng_T10	Peng	Normal	112
HALLMARK_HEME_METABOLISM	peng_T10___Activated	0.0428749985504714	peng_T10	Peng	Activated	222
HALLMARK_HEME_METABOLISM	peng_T12___Normal	0.152620277993844	peng_T12	Peng	Normal	71
HALLMARK_HEME_METABOLISM	peng_T12___Activated	-0.00512474398840845	peng_T12	Peng	Activated	319
HALLMARK_HEME_METABOLISM	peng_T13___Normal	-0.0250811923541074	peng_T13	Peng	Normal	199
HALLMARK_HEME_METABOLISM	peng_T13___Activated	-0.165041055355651	peng_T13	Peng	Activated	522
HALLMARK_HEME_METABOLISM	peng_T14___Normal	0.0680117515234208	peng_T14	Peng	Normal	108
HALLMARK_HEME_METABOLISM	peng_T14___Activated	0.187366353106624	peng_T14	Peng	Activated	186
HALLMARK_HEME_METABOLISM	peng_T15___Normal	0.12503518480971	peng_T15	Peng	Normal	140
HALLMARK_HEME_METABOLISM	peng_T15___Activated	-0.133887088022415	peng_T15	Peng	Activated	1165
HALLMARK_HEME_METABOLISM	peng_T16___Normal	-0.0520255294815761	peng_T16	Peng	Normal	94
HALLMARK_HEME_METABOLISM	peng_T16___Activated	-0.200700577764353	peng_T16	Peng	Activated	673
HALLMARK_HEME_METABOLISM	peng_T17___Normal	-0.0915748429571701	peng_T17	Peng	Normal	23
HALLMARK_HEME_METABOLISM	peng_T17___Activated	-0.0641922210100724	peng_T17	Peng	Activated	305
HALLMARK_HEME_METABOLISM	peng_T18___Normal	-0.026090421587374	peng_T18	Peng	Normal	81
HALLMARK_HEME_METABOLISM	peng_T18___Activated	-0.0918044738323814	peng_T18	Peng	Activated	967
HALLMARK_HEME_METABOLISM	peng_T19___Normal	-0.0561476862627195	peng_T19	Peng	Normal	660
HALLMARK_HEME_METABOLISM	peng_T19___Activated	-0.210373501027808	peng_T19	Peng	Activated	1046
HALLMARK_HEME_METABOLISM	peng_T2___Normal	-0.0301020320748671	peng_T2	Peng	Normal	25
HALLMARK_HEME_METABOLISM	peng_T2___Activated	-0.0728543189333183	peng_T2	Peng	Activated	62
HALLMARK_HEME_METABOLISM	peng_T20___Normal	-0.0463053688299536	peng_T20	Peng	Normal	58
HALLMARK_HEME_METABOLISM	peng_T20___Activated	-0.0396220678198465	peng_T20	Peng	Activated	93
HALLMARK_HEME_METABOLISM	peng_T22___Normal	0.0318307422642018	peng_T22	Peng	Normal	26
HALLMARK_HEME_METABOLISM	peng_T22___Activated	-0.0218878942506922	peng_T22	Peng	Activated	118
HALLMARK_HEME_METABOLISM	peng_T23___Normal	0.0636247951849771	peng_T23	Peng	Normal	56
HALLMARK_HEME_METABOLISM	peng_T23___Activated	-0.116035213904891	peng_T23	Peng	Activated	1282
HALLMARK_HEME_METABOLISM	peng_T24___Normal	-0.0623736135355957	peng_T24	Peng	Normal	467
HALLMARK_HEME_METABOLISM	peng_T24___Activated	-0.175576735609751	peng_T24	Peng	Activated	917
HALLMARK_HEME_METABOLISM	peng_T3___Normal	-0.00643574673955555	peng_T3	Peng	Normal	119
HALLMARK_HEME_METABOLISM	peng_T3___Activated	-0.0924881742955546	peng_T3	Peng	Activated	339
HALLMARK_HEME_METABOLISM	peng_T4___Normal	0.0165396835928495	peng_T4	Peng	Normal	46
HALLMARK_HEME_METABOLISM	peng_T4___Activated	-0.0215381811824331	peng_T4	Peng	Activated	176
HALLMARK_HEME_METABOLISM	peng_T5___Normal	0.00876537627511453	peng_T5	Peng	Normal	173
HALLMARK_HEME_METABOLISM	peng_T5___Activated	0.0388127369301727	peng_T5	Peng	Activated	238
HALLMARK_HEME_METABOLISM	peng_T6___Normal	0.0165148148342848	peng_T6	Peng	Normal	147
HALLMARK_HEME_METABOLISM	peng_T6___Activated	-0.158778940464329	peng_T6	Peng	Activated	216
HALLMARK_HEME_METABOLISM	peng_T7___Normal	0.0522943287223792	peng_T7	Peng	Normal	125
HALLMARK_HEME_METABOLISM	peng_T7___Activated	-0.0637611661701445	peng_T7	Peng	Activated	299
HALLMARK_HYPOXIA	PDAC2___Normal	0.111845540917696	PDAC2	Powers	Normal	47
HALLMARK_HYPOXIA	PDAC2___Activated	0.02761966160363	PDAC2	Powers	Activated	1924
HALLMARK_HYPOXIA	peng_N1___Normal	-0.0269998828808128	peng_N1	Peng	Normal	397
HALLMARK_HYPOXIA	peng_N1___Activated	0.123710640111419	peng_N1	Peng	Activated	381
HALLMARK_HYPOXIA	peng_N10___Normal	0.128150513666677	peng_N10	Peng	Normal	42
HALLMARK_HYPOXIA	peng_N10___Activated	0.131333121400984	peng_N10	Peng	Activated	22
HALLMARK_HYPOXIA	peng_N11___Normal	-0.198299579412386	peng_N11	Peng	Normal	28
HALLMARK_HYPOXIA	peng_N11___Activated	0.0778818414704434	peng_N11	Peng	Activated	22
HALLMARK_HYPOXIA	peng_N2___Normal	-0.0568565653570773	peng_N2	Peng	Normal	223
HALLMARK_HYPOXIA	peng_N2___Activated	0.0104468163940295	peng_N2	Peng	Activated	232
HALLMARK_HYPOXIA	peng_N3___Normal	-0.332907653666318	peng_N3	Peng	Normal	172
HALLMARK_HYPOXIA	peng_N3___Activated	-0.0363267130245384	peng_N3	Peng	Activated	40
HALLMARK_HYPOXIA	peng_N4___Normal	-0.0840239756204916	peng_N4	Peng	Normal	85
HALLMARK_HYPOXIA	peng_N4___Activated	0.0506577560038931	peng_N4	Peng	Activated	48
HALLMARK_HYPOXIA	peng_N6___Normal	-0.284590008456953	peng_N6	Peng	Normal	214
HALLMARK_HYPOXIA	peng_N6___Activated	0.00667292046698803	peng_N6	Peng	Activated	124
HALLMARK_HYPOXIA	peng_N7___Normal	-0.23332235574761	peng_N7	Peng	Normal	118
HALLMARK_HYPOXIA	peng_N7___Activated	0.0103394047248242	peng_N7	Peng	Activated	58
HALLMARK_HYPOXIA	peng_N8___Normal	-0.0323648142172611	peng_N8	Peng	Normal	263
HALLMARK_HYPOXIA	peng_N8___Activated	0.128681083832226	peng_N8	Peng	Activated	203
HALLMARK_HYPOXIA	peng_N9___Normal	-0.124029367668833	peng_N9	Peng	Normal	124
HALLMARK_HYPOXIA	peng_N9___Activated	-0.0321196292044131	peng_N9	Peng	Activated	235
HALLMARK_HYPOXIA	peng_T1___Normal	-0.0855796640601528	peng_T1	Peng	Normal	89
HALLMARK_HYPOXIA	peng_T1___Activated	-0.116801960538003	peng_T1	Peng	Activated	248
HALLMARK_HYPOXIA	peng_T10___Normal	-0.0138521253614049	peng_T10	Peng	Normal	112
HALLMARK_HYPOXIA	peng_T10___Activated	-0.188973185771642	peng_T10	Peng	Activated	222
HALLMARK_HYPOXIA	peng_T12___Normal	-0.136540579461396	peng_T12	Peng	Normal	71
HALLMARK_HYPOXIA	peng_T12___Activated	-0.109617981394027	peng_T12	Peng	Activated	319
HALLMARK_HYPOXIA	peng_T13___Normal	-0.13189220457557	peng_T13	Peng	Normal	199
HALLMARK_HYPOXIA	peng_T13___Activated	-0.107864835394831	peng_T13	Peng	Activated	522
HALLMARK_HYPOXIA	peng_T14___Normal	-0.0326697213911928	peng_T14	Peng	Normal	108
HALLMARK_HYPOXIA	peng_T14___Activated	-0.0792553934172675	peng_T14	Peng	Activated	186
HALLMARK_HYPOXIA	peng_T15___Normal	-0.0577724795152598	peng_T15	Peng	Normal	140
HALLMARK_HYPOXIA	peng_T15___Activated	-0.170673623751367	peng_T15	Peng	Activated	1165
HALLMARK_HYPOXIA	peng_T16___Normal	0.264119261453375	peng_T16	Peng	Normal	94
HALLMARK_HYPOXIA	peng_T16___Activated	0.283406479714007	peng_T16	Peng	Activated	673
HALLMARK_HYPOXIA	peng_T17___Normal	0.0622150748228144	peng_T17	Peng	Normal	23
HALLMARK_HYPOXIA	peng_T17___Activated	0.0741317018676084	peng_T17	Peng	Activated	305
HALLMARK_HYPOXIA	peng_T18___Normal	0.112015102695133	peng_T18	Peng	Normal	81
HALLMARK_HYPOXIA	peng_T18___Activated	0.239725423644166	peng_T18	Peng	Activated	967
HALLMARK_HYPOXIA	peng_T19___Normal	0.0600885802101023	peng_T19	Peng	Normal	660
HALLMARK_HYPOXIA	peng_T19___Activated	-0.143377165117423	peng_T19	Peng	Activated	1046
HALLMARK_HYPOXIA	peng_T2___Normal	-0.0963724282859316	peng_T2	Peng	Normal	25
HALLMARK_HYPOXIA	peng_T2___Activated	-0.120589574708861	peng_T2	Peng	Activated	62
HALLMARK_HYPOXIA	peng_T20___Normal	0.178314857656157	peng_T20	Peng	Normal	58
HALLMARK_HYPOXIA	peng_T20___Activated	0.117489868156944	peng_T20	Peng	Activated	93
HALLMARK_HYPOXIA	peng_T22___Normal	-0.0419988046439326	peng_T22	Peng	Normal	26
HALLMARK_HYPOXIA	peng_T22___Activated	-0.182440202331091	peng_T22	Peng	Activated	118
HALLMARK_HYPOXIA	peng_T23___Normal	0.14771694107323	peng_T23	Peng	Normal	56
HALLMARK_HYPOXIA	peng_T23___Activated	0.0860038821404868	peng_T23	Peng	Activated	1282
HALLMARK_HYPOXIA	peng_T24___Normal	-0.194448228071265	peng_T24	Peng	Normal	467
HALLMARK_HYPOXIA	peng_T24___Activated	-0.0489164709254069	peng_T24	Peng	Activated	917
HALLMARK_HYPOXIA	peng_T3___Normal	0.0241695479843896	peng_T3	Peng	Normal	119
HALLMARK_HYPOXIA	peng_T3___Activated	-0.0232374473478786	peng_T3	Peng	Activated	339
HALLMARK_HYPOXIA	peng_T4___Normal	-0.0897606416500144	peng_T4	Peng	Normal	46
HALLMARK_HYPOXIA	peng_T4___Activated	-0.140326689873318	peng_T4	Peng	Activated	176
HALLMARK_HYPOXIA	peng_T5___Normal	-0.0128819807727526	peng_T5	Peng	Normal	173
HALLMARK_HYPOXIA	peng_T5___Activated	-0.0714744738897327	peng_T5	Peng	Activated	238
HALLMARK_HYPOXIA	peng_T6___Normal	0.0353694446991156	peng_T6	Peng	Normal	147
HALLMARK_HYPOXIA	peng_T6___Activated	0.0316210246041045	peng_T6	Peng	Activated	216
HALLMARK_HYPOXIA	peng_T7___Normal	-0.192184924295242	peng_T7	Peng	Normal	125
HALLMARK_HYPOXIA	peng_T7___Activated	-0.230209052388503	peng_T7	Peng	Activated	299
HALLMARK_IL2_STAT5_SIGNALING	PDAC2___Normal	0.0818298322747065	PDAC2	Powers	Normal	47
HALLMARK_IL2_STAT5_SIGNALING	PDAC2___Activated	0.0694323331596005	PDAC2	Powers	Activated	1924
HALLMARK_IL2_STAT5_SIGNALING	peng_N1___Normal	-0.129476651108709	peng_N1	Peng	Normal	397
HALLMARK_IL2_STAT5_SIGNALING	peng_N1___Activated	0.153712268448855	peng_N1	Peng	Activated	381
HALLMARK_IL2_STAT5_SIGNALING	peng_N10___Normal	0.0478923806978661	peng_N10	Peng	Normal	42
HALLMARK_IL2_STAT5_SIGNALING	peng_N10___Activated	0.101010504848895	peng_N10	Peng	Activated	22
HALLMARK_IL2_STAT5_SIGNALING	peng_N11___Normal	-0.0975185868584508	peng_N11	Peng	Normal	28
HALLMARK_IL2_STAT5_SIGNALING	peng_N11___Activated	-0.0215825246800613	peng_N11	Peng	Activated	22
HALLMARK_IL2_STAT5_SIGNALING	peng_N2___Normal	-0.263057214128611	peng_N2	Peng	Normal	223
HALLMARK_IL2_STAT5_SIGNALING	peng_N2___Activated	-0.0439111563055006	peng_N2	Peng	Activated	232
HALLMARK_IL2_STAT5_SIGNALING	peng_N3___Normal	-0.207478247777218	peng_N3	Peng	Normal	172
HALLMARK_IL2_STAT5_SIGNALING	peng_N3___Activated	0.0106874170562117	peng_N3	Peng	Activated	40
HALLMARK_IL2_STAT5_SIGNALING	peng_N4___Normal	-0.145343746368126	peng_N4	Peng	Normal	85
HALLMARK_IL2_STAT5_SIGNALING	peng_N4___Activated	0.0824324662990491	peng_N4	Peng	Activated	48
HALLMARK_IL2_STAT5_SIGNALING	peng_N6___Normal	-0.326472552709162	peng_N6	Peng	Normal	214
HALLMARK_IL2_STAT5_SIGNALING	peng_N6___Activated	-0.0171767447392071	peng_N6	Peng	Activated	124
HALLMARK_IL2_STAT5_SIGNALING	peng_N7___Normal	-0.293149697289259	peng_N7	Peng	Normal	118
HALLMARK_IL2_STAT5_SIGNALING	peng_N7___Activated	0.0716194143813536	peng_N7	Peng	Activated	58
HALLMARK_IL2_STAT5_SIGNALING	peng_N8___Normal	-0.185127678896193	peng_N8	Peng	Normal	263
HALLMARK_IL2_STAT5_SIGNALING	peng_N8___Activated	0.106757228974815	peng_N8	Peng	Activated	203
HALLMARK_IL2_STAT5_SIGNALING	peng_N9___Normal	-0.154279097797704	peng_N9	Peng	Normal	124
HALLMARK_IL2_STAT5_SIGNALING	peng_N9___Activated	-0.104069324849617	peng_N9	Peng	Activated	235
HALLMARK_IL2_STAT5_SIGNALING	peng_T1___Normal	-0.0222901755945764	peng_T1	Peng	Normal	89
HALLMARK_IL2_STAT5_SIGNALING	peng_T1___Activated	0.223730563948628	peng_T1	Peng	Activated	248
HALLMARK_IL2_STAT5_SIGNALING	peng_T10___Normal	-0.0186253856397188	peng_T10	Peng	Normal	112
HALLMARK_IL2_STAT5_SIGNALING	peng_T10___Activated	0.108498410799317	peng_T10	Peng	Activated	222
HALLMARK_IL2_STAT5_SIGNALING	peng_T12___Normal	0.0202842927673559	peng_T12	Peng	Normal	71
HALLMARK_IL2_STAT5_SIGNALING	peng_T12___Activated	0.137800081667676	peng_T12	Peng	Activated	319
HALLMARK_IL2_STAT5_SIGNALING	peng_T13___Normal	-0.185990155483387	peng_T13	Peng	Normal	199
HALLMARK_IL2_STAT5_SIGNALING	peng_T13___Activated	0.153824885848111	peng_T13	Peng	Activated	522
HALLMARK_IL2_STAT5_SIGNALING	peng_T14___Normal	-0.140391187928368	peng_T14	Peng	Normal	108
HALLMARK_IL2_STAT5_SIGNALING	peng_T14___Activated	0.0892691668560577	peng_T14	Peng	Activated	186
HALLMARK_IL2_STAT5_SIGNALING	peng_T15___Normal	-0.102550419489822	peng_T15	Peng	Normal	140
HALLMARK_IL2_STAT5_SIGNALING	peng_T15___Activated	0.171124490658692	peng_T15	Peng	Activated	1165
HALLMARK_IL2_STAT5_SIGNALING	peng_T16___Normal	0.138803649558961	peng_T16	Peng	Normal	94
HALLMARK_IL2_STAT5_SIGNALING	peng_T16___Activated	0.306600020359907	peng_T16	Peng	Activated	673
HALLMARK_IL2_STAT5_SIGNALING	peng_T17___Normal	0.0363387176250167	peng_T17	Peng	Normal	23
HALLMARK_IL2_STAT5_SIGNALING	peng_T17___Activated	0.116431538545568	peng_T17	Peng	Activated	305
HALLMARK_IL2_STAT5_SIGNALING	peng_T18___Normal	0.0897290646258766	peng_T18	Peng	Normal	81
HALLMARK_IL2_STAT5_SIGNALING	peng_T18___Activated	0.224396028182788	peng_T18	Peng	Activated	967
HALLMARK_IL2_STAT5_SIGNALING	peng_T19___Normal	0.0768687954671171	peng_T19	Peng	Normal	660
HALLMARK_IL2_STAT5_SIGNALING	peng_T19___Activated	0.0939552113098872	peng_T19	Peng	Activated	1046
HALLMARK_IL2_STAT5_SIGNALING	peng_T2___Normal	-0.136100012189074	peng_T2	Peng	Normal	25
HALLMARK_IL2_STAT5_SIGNALING	peng_T2___Activated	-0.0319389323528349	peng_T2	Peng	Activated	62
HALLMARK_IL2_STAT5_SIGNALING	peng_T20___Normal	0.0617006775935807	peng_T20	Peng	Normal	58
HALLMARK_IL2_STAT5_SIGNALING	peng_T20___Activated	0.084116189665523	peng_T20	Peng	Activated	93
HALLMARK_IL2_STAT5_SIGNALING	peng_T22___Normal	-0.110214564751492	peng_T22	Peng	Normal	26
HALLMARK_IL2_STAT5_SIGNALING	peng_T22___Activated	-0.101090292164314	peng_T22	Peng	Activated	118
HALLMARK_IL2_STAT5_SIGNALING	peng_T23___Normal	-0.0814900631062951	peng_T23	Peng	Normal	56
HALLMARK_IL2_STAT5_SIGNALING	peng_T23___Activated	0.219718135973355	peng_T23	Peng	Activated	1282
HALLMARK_IL2_STAT5_SIGNALING	peng_T24___Normal	-0.257430820133425	peng_T24	Peng	Normal	467
HALLMARK_IL2_STAT5_SIGNALING	peng_T24___Activated	0.166377780578404	peng_T24	Peng	Activated	917
HALLMARK_IL2_STAT5_SIGNALING	peng_T3___Normal	-0.0206395242911212	peng_T3	Peng	Normal	119
HALLMARK_IL2_STAT5_SIGNALING	peng_T3___Activated	0.165089536431959	peng_T3	Peng	Activated	339
HALLMARK_IL2_STAT5_SIGNALING	peng_T4___Normal	-0.185500937500162	peng_T4	Peng	Normal	46
HALLMARK_IL2_STAT5_SIGNALING	peng_T4___Activated	-0.129830610145995	peng_T4	Peng	Activated	176
HALLMARK_IL2_STAT5_SIGNALING	peng_T5___Normal	0.0840303600042103	peng_T5	Peng	Normal	173
HALLMARK_IL2_STAT5_SIGNALING	peng_T5___Activated	0.160908487224086	peng_T5	Peng	Activated	238
HALLMARK_IL2_STAT5_SIGNALING	peng_T6___Normal	-0.0668550283387001	peng_T6	Peng	Normal	147
HALLMARK_IL2_STAT5_SIGNALING	peng_T6___Activated	-0.0316301754006497	peng_T6	Peng	Activated	216
HALLMARK_IL2_STAT5_SIGNALING	peng_T7___Normal	-0.124047471886028	peng_T7	Peng	Normal	125
HALLMARK_IL2_STAT5_SIGNALING	peng_T7___Activated	-0.152397453546214	peng_T7	Peng	Activated	299
HALLMARK_IL6_JAK_STAT3_SIGNALING	PDAC2___Normal	-0.0478887438851542	PDAC2	Powers	Normal	47
HALLMARK_IL6_JAK_STAT3_SIGNALING	PDAC2___Activated	0.029950073555853	PDAC2	Powers	Activated	1924
HALLMARK_IL6_JAK_STAT3_SIGNALING	peng_N1___Normal	-0.140294443633988	peng_N1	Peng	Normal	397
HALLMARK_IL6_JAK_STAT3_SIGNALING	peng_N1___Activated	-0.0205642062348171	peng_N1	Peng	Activated	381
HALLMARK_IL6_JAK_STAT3_SIGNALING	peng_N10___Normal	0.131203726264238	peng_N10	Peng	Normal	42
HALLMARK_IL6_JAK_STAT3_SIGNALING	peng_N10___Activated	-0.0675676390028327	peng_N10	Peng	Activated	22
HALLMARK_IL6_JAK_STAT3_SIGNALING	peng_N11___Normal	-0.196373489703164	peng_N11	Peng	Normal	28
HALLMARK_IL6_JAK_STAT3_SIGNALING	peng_N11___Activated	-0.052359824669135	peng_N11	Peng	Activated	22
HALLMARK_IL6_JAK_STAT3_SIGNALING	peng_N2___Normal	-0.353695787159644	peng_N2	Peng	Normal	223
HALLMARK_IL6_JAK_STAT3_SIGNALING	peng_N2___Activated	-0.229200377068151	peng_N2	Peng	Activated	232
HALLMARK_IL6_JAK_STAT3_SIGNALING	peng_N3___Normal	-0.28826101367313	peng_N3	Peng	Normal	172
HALLMARK_IL6_JAK_STAT3_SIGNALING	peng_N3___Activated	-0.195130781085025	peng_N3	Peng	Activated	40
HALLMARK_IL6_JAK_STAT3_SIGNALING	peng_N4___Normal	-0.306226607930515	peng_N4	Peng	Normal	85
HALLMARK_IL6_JAK_STAT3_SIGNALING	peng_N4___Activated	-0.21774918371554	peng_N4	Peng	Activated	48
HALLMARK_IL6_JAK_STAT3_SIGNALING	peng_N6___Normal	-0.512271329751325	peng_N6	Peng	Normal	214
HALLMARK_IL6_JAK_STAT3_SIGNALING	peng_N6___Activated	-0.255002055887543	peng_N6	Peng	Activated	124
HALLMARK_IL6_JAK_STAT3_SIGNALING	peng_N7___Normal	-0.387641319837618	peng_N7	Peng	Normal	118
HALLMARK_IL6_JAK_STAT3_SIGNALING	peng_N7___Activated	-0.0394981121526642	peng_N7	Peng	Activated	58
HALLMARK_IL6_JAK_STAT3_SIGNALING	peng_N8___Normal	-0.272956109146979	peng_N8	Peng	Normal	263
HALLMARK_IL6_JAK_STAT3_SIGNALING	peng_N8___Activated	0.165839514152388	peng_N8	Peng	Activated	203
HALLMARK_IL6_JAK_STAT3_SIGNALING	peng_N9___Normal	-0.270091196036512	peng_N9	Peng	Normal	124
HALLMARK_IL6_JAK_STAT3_SIGNALING	peng_N9___Activated	-0.200385015883228	peng_N9	Peng	Activated	235
HALLMARK_IL6_JAK_STAT3_SIGNALING	peng_T1___Normal	0.229849601193582	peng_T1	Peng	Normal	89
HALLMARK_IL6_JAK_STAT3_SIGNALING	peng_T1___Activated	0.332881242064584	peng_T1	Peng	Activated	248
HALLMARK_IL6_JAK_STAT3_SIGNALING	peng_T10___Normal	-0.0729368305393201	peng_T10	Peng	Normal	112
HALLMARK_IL6_JAK_STAT3_SIGNALING	peng_T10___Activated	0.216857813449267	peng_T10	Peng	Activated	222
HALLMARK_IL6_JAK_STAT3_SIGNALING	peng_T12___Normal	0.353693008762864	peng_T12	Peng	Normal	71
HALLMARK_IL6_JAK_STAT3_SIGNALING	peng_T12___Activated	0.514579628425122	peng_T12	Peng	Activated	319
HALLMARK_IL6_JAK_STAT3_SIGNALING	peng_T13___Normal	-0.115398051318416	peng_T13	Peng	Normal	199
HALLMARK_IL6_JAK_STAT3_SIGNALING	peng_T13___Activated	0.0216705730979743	peng_T13	Peng	Activated	522
HALLMARK_IL6_JAK_STAT3_SIGNALING	peng_T14___Normal	-0.0904085891668769	peng_T14	Peng	Normal	108
HALLMARK_IL6_JAK_STAT3_SIGNALING	peng_T14___Activated	0.0640786739205974	peng_T14	Peng	Activated	186
HALLMARK_IL6_JAK_STAT3_SIGNALING	peng_T15___Normal	-0.193127236660172	peng_T15	Peng	Normal	140
HALLMARK_IL6_JAK_STAT3_SIGNALING	peng_T15___Activated	0.229217374792897	peng_T15	Peng	Activated	1165
HALLMARK_IL6_JAK_STAT3_SIGNALING	peng_T16___Normal	0.201111954927664	peng_T16	Peng	Normal	94
HALLMARK_IL6_JAK_STAT3_SIGNALING	peng_T16___Activated	0.414552538463834	peng_T16	Peng	Activated	673
HALLMARK_IL6_JAK_STAT3_SIGNALING	peng_T17___Normal	-0.0915092339988944	peng_T17	Peng	Normal	23
HALLMARK_IL6_JAK_STAT3_SIGNALING	peng_T17___Activated	-0.00142266909203587	peng_T17	Peng	Activated	305
HALLMARK_IL6_JAK_STAT3_SIGNALING	peng_T18___Normal	0.0491328079817301	peng_T18	Peng	Normal	81
HALLMARK_IL6_JAK_STAT3_SIGNALING	peng_T18___Activated	0.228053429957799	peng_T18	Peng	Activated	967
HALLMARK_IL6_JAK_STAT3_SIGNALING	peng_T19___Normal	0.379950356102324	peng_T19	Peng	Normal	660
HALLMARK_IL6_JAK_STAT3_SIGNALING	peng_T19___Activated	0.410322668814794	peng_T19	Peng	Activated	1046
HALLMARK_IL6_JAK_STAT3_SIGNALING	peng_T2___Normal	0.117626988492983	peng_T2	Peng	Normal	25
HALLMARK_IL6_JAK_STAT3_SIGNALING	peng_T2___Activated	0.13072735359121	peng_T2	Peng	Activated	62
HALLMARK_IL6_JAK_STAT3_SIGNALING	peng_T20___Normal	0.103349226109199	peng_T20	Peng	Normal	58
HALLMARK_IL6_JAK_STAT3_SIGNALING	peng_T20___Activated	0.169217033139248	peng_T20	Peng	Activated	93
HALLMARK_IL6_JAK_STAT3_SIGNALING	peng_T22___Normal	0.0481692769939893	peng_T22	Peng	Normal	26
HALLMARK_IL6_JAK_STAT3_SIGNALING	peng_T22___Activated	0.164356739652713	peng_T22	Peng	Activated	118
HALLMARK_IL6_JAK_STAT3_SIGNALING	peng_T23___Normal	0.0865717819078042	peng_T23	Peng	Normal	56
HALLMARK_IL6_JAK_STAT3_SIGNALING	peng_T23___Activated	0.185960513248346	peng_T23	Peng	Activated	1282
HALLMARK_IL6_JAK_STAT3_SIGNALING	peng_T24___Normal	-0.246729363675962	peng_T24	Peng	Normal	467
HALLMARK_IL6_JAK_STAT3_SIGNALING	peng_T24___Activated	0.0851426977740422	peng_T24	Peng	Activated	917
HALLMARK_IL6_JAK_STAT3_SIGNALING	peng_T3___Normal	-0.0780606312665218	peng_T3	Peng	Normal	119
HALLMARK_IL6_JAK_STAT3_SIGNALING	peng_T3___Activated	0.0604561046309715	peng_T3	Peng	Activated	339
HALLMARK_IL6_JAK_STAT3_SIGNALING	peng_T4___Normal	-0.0604108817447357	peng_T4	Peng	Normal	46
HALLMARK_IL6_JAK_STAT3_SIGNALING	peng_T4___Activated	0.00640334249652477	peng_T4	Peng	Activated	176
HALLMARK_IL6_JAK_STAT3_SIGNALING	peng_T5___Normal	0.168329718490888	peng_T5	Peng	Normal	173
HALLMARK_IL6_JAK_STAT3_SIGNALING	peng_T5___Activated	0.268445668288067	peng_T5	Peng	Activated	238
HALLMARK_IL6_JAK_STAT3_SIGNALING	peng_T6___Normal	0.0393486976534912	peng_T6	Peng	Normal	147
HALLMARK_IL6_JAK_STAT3_SIGNALING	peng_T6___Activated	0.230272136762051	peng_T6	Peng	Activated	216
HALLMARK_IL6_JAK_STAT3_SIGNALING	peng_T7___Normal	0.00948248774769384	peng_T7	Peng	Normal	125
HALLMARK_IL6_JAK_STAT3_SIGNALING	peng_T7___Activated	0.125002708173361	peng_T7	Peng	Activated	299
HALLMARK_INFLAMMATORY_RESPONSE	PDAC2___Normal	0.0704357835898397	PDAC2	Powers	Normal	47
HALLMARK_INFLAMMATORY_RESPONSE	PDAC2___Activated	0.18339670879965	PDAC2	Powers	Activated	1924
HALLMARK_INFLAMMATORY_RESPONSE	peng_N1___Normal	-0.0878422374138143	peng_N1	Peng	Normal	397
HALLMARK_INFLAMMATORY_RESPONSE	peng_N1___Activated	0.303861778775121	peng_N1	Peng	Activated	381
HALLMARK_INFLAMMATORY_RESPONSE	peng_N10___Normal	0.0987822734126453	peng_N10	Peng	Normal	42
HALLMARK_INFLAMMATORY_RESPONSE	peng_N10___Activated	0.170313799511344	peng_N10	Peng	Activated	22
HALLMARK_INFLAMMATORY_RESPONSE	peng_N11___Normal	-0.0896491833388151	peng_N11	Peng	Normal	28
HALLMARK_INFLAMMATORY_RESPONSE	peng_N11___Activated	0.0685143246918708	peng_N11	Peng	Activated	22
HALLMARK_INFLAMMATORY_RESPONSE	peng_N2___Normal	-0.337395838536151	peng_N2	Peng	Normal	223
HALLMARK_INFLAMMATORY_RESPONSE	peng_N2___Activated	0.0160671009902675	peng_N2	Peng	Activated	232
HALLMARK_INFLAMMATORY_RESPONSE	peng_N3___Normal	-0.264807462481488	peng_N3	Peng	Normal	172
HALLMARK_INFLAMMATORY_RESPONSE	peng_N3___Activated	0.00783606138055284	peng_N3	Peng	Activated	40
HALLMARK_INFLAMMATORY_RESPONSE	peng_N4___Normal	-0.230085344000674	peng_N4	Peng	Normal	85
HALLMARK_INFLAMMATORY_RESPONSE	peng_N4___Activated	-0.0406032905188107	peng_N4	Peng	Activated	48
HALLMARK_INFLAMMATORY_RESPONSE	peng_N6___Normal	-0.434110496760633	peng_N6	Peng	Normal	214
HALLMARK_INFLAMMATORY_RESPONSE	peng_N6___Activated	0.0182256857193138	peng_N6	Peng	Activated	124
HALLMARK_INFLAMMATORY_RESPONSE	peng_N7___Normal	-0.373972367627565	peng_N7	Peng	Normal	118
HALLMARK_INFLAMMATORY_RESPONSE	peng_N7___Activated	-0.13756962710616	peng_N7	Peng	Activated	58
HALLMARK_INFLAMMATORY_RESPONSE	peng_N8___Normal	-0.191319986466602	peng_N8	Peng	Normal	263
HALLMARK_INFLAMMATORY_RESPONSE	peng_N8___Activated	0.276452545187861	peng_N8	Peng	Activated	203
HALLMARK_INFLAMMATORY_RESPONSE	peng_N9___Normal	-0.29411882130249	peng_N9	Peng	Normal	124
HALLMARK_INFLAMMATORY_RESPONSE	peng_N9___Activated	-0.148678442630486	peng_N9	Peng	Activated	235
HALLMARK_INFLAMMATORY_RESPONSE	peng_T1___Normal	0.172218313634745	peng_T1	Peng	Normal	89
HALLMARK_INFLAMMATORY_RESPONSE	peng_T1___Activated	0.252528143103281	peng_T1	Peng	Activated	248
HALLMARK_INFLAMMATORY_RESPONSE	peng_T10___Normal	-0.139589059096372	peng_T10	Peng	Normal	112
HALLMARK_INFLAMMATORY_RESPONSE	peng_T10___Activated	0.0914742117826288	peng_T10	Peng	Activated	222
HALLMARK_INFLAMMATORY_RESPONSE	peng_T12___Normal	0.268978314652108	peng_T12	Peng	Normal	71
HALLMARK_INFLAMMATORY_RESPONSE	peng_T12___Activated	0.46792937269468	peng_T12	Peng	Activated	319
HALLMARK_INFLAMMATORY_RESPONSE	peng_T13___Normal	-0.238100612146358	peng_T13	Peng	Normal	199
HALLMARK_INFLAMMATORY_RESPONSE	peng_T13___Activated	0.248887610641861	peng_T13	Peng	Activated	522
HALLMARK_INFLAMMATORY_RESPONSE	peng_T14___Normal	-0.138384219808086	peng_T14	Peng	Normal	108
HALLMARK_INFLAMMATORY_RESPONSE	peng_T14___Activated	0.0881113423533974	peng_T14	Peng	Activated	186
HALLMARK_INFLAMMATORY_RESPONSE	peng_T15___Normal	-0.165637523940837	peng_T15	Peng	Normal	140
HALLMARK_INFLAMMATORY_RESPONSE	peng_T15___Activated	0.181642258858116	peng_T15	Peng	Activated	1165
HALLMARK_INFLAMMATORY_RESPONSE	peng_T16___Normal	0.292325338945455	peng_T16	Peng	Normal	94
HALLMARK_INFLAMMATORY_RESPONSE	peng_T16___Activated	0.545628903219367	peng_T16	Peng	Activated	673
HALLMARK_INFLAMMATORY_RESPONSE	peng_T17___Normal	-0.0808449344373799	peng_T17	Peng	Normal	23
HALLMARK_INFLAMMATORY_RESPONSE	peng_T17___Activated	0.314823923132282	peng_T17	Peng	Activated	305
HALLMARK_INFLAMMATORY_RESPONSE	peng_T18___Normal	0.0572427123418635	peng_T18	Peng	Normal	81
HALLMARK_INFLAMMATORY_RESPONSE	peng_T18___Activated	0.300961309979327	peng_T18	Peng	Activated	967
HALLMARK_INFLAMMATORY_RESPONSE	peng_T19___Normal	0.269300797008094	peng_T19	Peng	Normal	660
HALLMARK_INFLAMMATORY_RESPONSE	peng_T19___Activated	0.397715457861452	peng_T19	Peng	Activated	1046
HALLMARK_INFLAMMATORY_RESPONSE	peng_T2___Normal	-0.0796086400798644	peng_T2	Peng	Normal	25
HALLMARK_INFLAMMATORY_RESPONSE	peng_T2___Activated	-0.00777299104667722	peng_T2	Peng	Activated	62
HALLMARK_INFLAMMATORY_RESPONSE	peng_T20___Normal	-0.121721517827437	peng_T20	Peng	Normal	58
HALLMARK_INFLAMMATORY_RESPONSE	peng_T20___Activated	-0.0651506471462038	peng_T20	Peng	Activated	93
HALLMARK_INFLAMMATORY_RESPONSE	peng_T22___Normal	-0.0899402082720207	peng_T22	Peng	Normal	26
HALLMARK_INFLAMMATORY_RESPONSE	peng_T22___Activated	-0.0565715505244327	peng_T22	Peng	Activated	118
HALLMARK_INFLAMMATORY_RESPONSE	peng_T23___Normal	-0.128890388614528	peng_T23	Peng	Normal	56
HALLMARK_INFLAMMATORY_RESPONSE	peng_T23___Activated	0.31120851793659	peng_T23	Peng	Activated	1282
HALLMARK_INFLAMMATORY_RESPONSE	peng_T24___Normal	-0.286680549589269	peng_T24	Peng	Normal	467
HALLMARK_INFLAMMATORY_RESPONSE	peng_T24___Activated	0.228430330998348	peng_T24	Peng	Activated	917
HALLMARK_INFLAMMATORY_RESPONSE	peng_T3___Normal	-0.127033554976418	peng_T3	Peng	Normal	119
HALLMARK_INFLAMMATORY_RESPONSE	peng_T3___Activated	0.269560864526491	peng_T3	Peng	Activated	339
HALLMARK_INFLAMMATORY_RESPONSE	peng_T4___Normal	-0.113871523765457	peng_T4	Peng	Normal	46
HALLMARK_INFLAMMATORY_RESPONSE	peng_T4___Activated	0.0247739724300157	peng_T4	Peng	Activated	176
HALLMARK_INFLAMMATORY_RESPONSE	peng_T5___Normal	0.16749447205428	peng_T5	Peng	Normal	173
HALLMARK_INFLAMMATORY_RESPONSE	peng_T5___Activated	0.317824113620467	peng_T5	Peng	Activated	238
HALLMARK_INFLAMMATORY_RESPONSE	peng_T6___Normal	-0.0142367914430141	peng_T6	Peng	Normal	147
HALLMARK_INFLAMMATORY_RESPONSE	peng_T6___Activated	0.339799512476981	peng_T6	Peng	Activated	216
HALLMARK_INFLAMMATORY_RESPONSE	peng_T7___Normal	-0.149481109865653	peng_T7	Peng	Normal	125
HALLMARK_INFLAMMATORY_RESPONSE	peng_T7___Activated	-0.0232276393164809	peng_T7	Peng	Activated	299
HALLMARK_INTERFERON_ALPHA_RESPONSE	PDAC2___Normal	-0.108838354644197	PDAC2	Powers	Normal	47
HALLMARK_INTERFERON_ALPHA_RESPONSE	PDAC2___Activated	-0.334512064409805	PDAC2	Powers	Activated	1924
HALLMARK_INTERFERON_ALPHA_RESPONSE	peng_N1___Normal	-0.525597001589991	peng_N1	Peng	Normal	397
HALLMARK_INTERFERON_ALPHA_RESPONSE	peng_N1___Activated	-0.305298562414886	peng_N1	Peng	Activated	381
HALLMARK_INTERFERON_ALPHA_RESPONSE	peng_N10___Normal	-0.0439764186777409	peng_N10	Peng	Normal	42
HALLMARK_INTERFERON_ALPHA_RESPONSE	peng_N10___Activated	0.0190037860224819	peng_N10	Peng	Activated	22
HALLMARK_INTERFERON_ALPHA_RESPONSE	peng_N11___Normal	-0.129541441706368	peng_N11	Peng	Normal	28
HALLMARK_INTERFERON_ALPHA_RESPONSE	peng_N11___Activated	0.068199165950158	peng_N11	Peng	Activated	22
HALLMARK_INTERFERON_ALPHA_RESPONSE	peng_N2___Normal	-0.55335906128552	peng_N2	Peng	Normal	223
HALLMARK_INTERFERON_ALPHA_RESPONSE	peng_N2___Activated	-0.164779656760767	peng_N2	Peng	Activated	232
HALLMARK_INTERFERON_ALPHA_RESPONSE	peng_N3___Normal	-0.36880697764563	peng_N3	Peng	Normal	172
HALLMARK_INTERFERON_ALPHA_RESPONSE	peng_N3___Activated	0.11599325074599	peng_N3	Peng	Activated	40
HALLMARK_INTERFERON_ALPHA_RESPONSE	peng_N4___Normal	-0.412199966928566	peng_N4	Peng	Normal	85
HALLMARK_INTERFERON_ALPHA_RESPONSE	peng_N4___Activated	-0.0937297530834562	peng_N4	Peng	Activated	48
HALLMARK_INTERFERON_ALPHA_RESPONSE	peng_N6___Normal	-0.561114381423058	peng_N6	Peng	Normal	214
HALLMARK_INTERFERON_ALPHA_RESPONSE	peng_N6___Activated	-0.0964119701115534	peng_N6	Peng	Activated	124
HALLMARK_INTERFERON_ALPHA_RESPONSE	peng_N7___Normal	-0.550720663284253	peng_N7	Peng	Normal	118
HALLMARK_INTERFERON_ALPHA_RESPONSE	peng_N7___Activated	-0.20487177055914	peng_N7	Peng	Activated	58
HALLMARK_INTERFERON_ALPHA_RESPONSE	peng_N8___Normal	-0.544385685046348	peng_N8	Peng	Normal	263
HALLMARK_INTERFERON_ALPHA_RESPONSE	peng_N8___Activated	-0.183799241283134	peng_N8	Peng	Activated	203
HALLMARK_INTERFERON_ALPHA_RESPONSE	peng_N9___Normal	-0.363683871664658	peng_N9	Peng	Normal	124
HALLMARK_INTERFERON_ALPHA_RESPONSE	peng_N9___Activated	0.0983416680124417	peng_N9	Peng	Activated	235
HALLMARK_INTERFERON_ALPHA_RESPONSE	peng_T1___Normal	0.158987654953084	peng_T1	Peng	Normal	89
HALLMARK_INTERFERON_ALPHA_RESPONSE	peng_T1___Activated	0.206592685041537	peng_T1	Peng	Activated	248
HALLMARK_INTERFERON_ALPHA_RESPONSE	peng_T10___Normal	-0.354249261835686	peng_T10	Peng	Normal	112
HALLMARK_INTERFERON_ALPHA_RESPONSE	peng_T10___Activated	0.280937766633051	peng_T10	Peng	Activated	222
HALLMARK_INTERFERON_ALPHA_RESPONSE	peng_T12___Normal	0.0819525897652938	peng_T12	Peng	Normal	71
HALLMARK_INTERFERON_ALPHA_RESPONSE	peng_T12___Activated	0.318075332765946	peng_T12	Peng	Activated	319
HALLMARK_INTERFERON_ALPHA_RESPONSE	peng_T13___Normal	-0.198679257231243	peng_T13	Peng	Normal	199
HALLMARK_INTERFERON_ALPHA_RESPONSE	peng_T13___Activated	0.299305316846298	peng_T13	Peng	Activated	522
HALLMARK_INTERFERON_ALPHA_RESPONSE	peng_T14___Normal	-0.00906854754907607	peng_T14	Peng	Normal	108
HALLMARK_INTERFERON_ALPHA_RESPONSE	peng_T14___Activated	0.277494913796922	peng_T14	Peng	Activated	186
HALLMARK_INTERFERON_ALPHA_RESPONSE	peng_T15___Normal	-0.278837521538631	peng_T15	Peng	Normal	140
HALLMARK_INTERFERON_ALPHA_RESPONSE	peng_T15___Activated	-0.214264819090075	peng_T15	Peng	Activated	1165
HALLMARK_INTERFERON_ALPHA_RESPONSE	peng_T16___Normal	0.116594532679061	peng_T16	Peng	Normal	94
HALLMARK_INTERFERON_ALPHA_RESPONSE	peng_T16___Activated	0.519064915394144	peng_T16	Peng	Activated	673
HALLMARK_INTERFERON_ALPHA_RESPONSE	peng_T17___Normal	-0.0380052907254222	peng_T17	Peng	Normal	23
HALLMARK_INTERFERON_ALPHA_RESPONSE	peng_T17___Activated	0.468147696090495	peng_T17	Peng	Activated	305
HALLMARK_INTERFERON_ALPHA_RESPONSE	peng_T18___Normal	0.0759125510353362	peng_T18	Peng	Normal	81
HALLMARK_INTERFERON_ALPHA_RESPONSE	peng_T18___Activated	0.174208276191338	peng_T18	Peng	Activated	967
HALLMARK_INTERFERON_ALPHA_RESPONSE	peng_T19___Normal	0.0618154222471207	peng_T19	Peng	Normal	660
HALLMARK_INTERFERON_ALPHA_RESPONSE	peng_T19___Activated	0.525505556981552	peng_T19	Peng	Activated	1046
HALLMARK_INTERFERON_ALPHA_RESPONSE	peng_T2___Normal	0.0509781003421317	peng_T2	Peng	Normal	25
HALLMARK_INTERFERON_ALPHA_RESPONSE	peng_T2___Activated	0.372541084371089	peng_T2	Peng	Activated	62
HALLMARK_INTERFERON_ALPHA_RESPONSE	peng_T20___Normal	-0.213285792285506	peng_T20	Peng	Normal	58
HALLMARK_INTERFERON_ALPHA_RESPONSE	peng_T20___Activated	0.0946229905423763	peng_T20	Peng	Activated	93
HALLMARK_INTERFERON_ALPHA_RESPONSE	peng_T22___Normal	0.0661702479780485	peng_T22	Peng	Normal	26
HALLMARK_INTERFERON_ALPHA_RESPONSE	peng_T22___Activated	0.105843046416795	peng_T22	Peng	Activated	118
HALLMARK_INTERFERON_ALPHA_RESPONSE	peng_T23___Normal	-0.29390853060394	peng_T23	Peng	Normal	56
HALLMARK_INTERFERON_ALPHA_RESPONSE	peng_T23___Activated	0.326898570267752	peng_T23	Peng	Activated	1282
HALLMARK_INTERFERON_ALPHA_RESPONSE	peng_T24___Normal	-0.446444482302726	peng_T24	Peng	Normal	467
HALLMARK_INTERFERON_ALPHA_RESPONSE	peng_T24___Activated	0.371936457864863	peng_T24	Peng	Activated	917
HALLMARK_INTERFERON_ALPHA_RESPONSE	peng_T3___Normal	-0.28512021303072	peng_T3	Peng	Normal	119
HALLMARK_INTERFERON_ALPHA_RESPONSE	peng_T3___Activated	0.319283630539619	peng_T3	Peng	Activated	339
HALLMARK_INTERFERON_ALPHA_RESPONSE	peng_T4___Normal	0.0260961988769798	peng_T4	Peng	Normal	46
HALLMARK_INTERFERON_ALPHA_RESPONSE	peng_T4___Activated	0.307975037870907	peng_T4	Peng	Activated	176
HALLMARK_INTERFERON_ALPHA_RESPONSE	peng_T5___Normal	0.0616946114428715	peng_T5	Peng	Normal	173
HALLMARK_INTERFERON_ALPHA_RESPONSE	peng_T5___Activated	0.39321132390173	peng_T5	Peng	Activated	238
HALLMARK_INTERFERON_ALPHA_RESPONSE	peng_T6___Normal	-0.0197442306784792	peng_T6	Peng	Normal	147
HALLMARK_INTERFERON_ALPHA_RESPONSE	peng_T6___Activated	0.57472139264851	peng_T6	Peng	Activated	216
HALLMARK_INTERFERON_ALPHA_RESPONSE	peng_T7___Normal	0.146734065359443	peng_T7	Peng	Normal	125
HALLMARK_INTERFERON_ALPHA_RESPONSE	peng_T7___Activated	0.420451614119898	peng_T7	Peng	Activated	299
HALLMARK_INTERFERON_GAMMA_RESPONSE	PDAC2___Normal	-0.0627174486950104	PDAC2	Powers	Normal	47
HALLMARK_INTERFERON_GAMMA_RESPONSE	PDAC2___Activated	-0.182961017483835	PDAC2	Powers	Activated	1924
HALLMARK_INTERFERON_GAMMA_RESPONSE	peng_N1___Normal	-0.31864029330228	peng_N1	Peng	Normal	397
HALLMARK_INTERFERON_GAMMA_RESPONSE	peng_N1___Activated	-0.0457474711759473	peng_N1	Peng	Activated	381
HALLMARK_INTERFERON_GAMMA_RESPONSE	peng_N10___Normal	0.0584659170466519	peng_N10	Peng	Normal	42
HALLMARK_INTERFERON_GAMMA_RESPONSE	peng_N10___Activated	0.120507829273538	peng_N10	Peng	Activated	22
HALLMARK_INTERFERON_GAMMA_RESPONSE	peng_N11___Normal	-0.163617119685799	peng_N11	Peng	Normal	28
HALLMARK_INTERFERON_GAMMA_RESPONSE	peng_N11___Activated	0.0832231620228032	peng_N11	Peng	Activated	22
HALLMARK_INTERFERON_GAMMA_RESPONSE	peng_N2___Normal	-0.471818131742524	peng_N2	Peng	Normal	223
HALLMARK_INTERFERON_GAMMA_RESPONSE	peng_N2___Activated	-0.159438098671078	peng_N2	Peng	Activated	232
HALLMARK_INTERFERON_GAMMA_RESPONSE	peng_N3___Normal	-0.300419911171655	peng_N3	Peng	Normal	172
HALLMARK_INTERFERON_GAMMA_RESPONSE	peng_N3___Activated	0.0831456597528117	peng_N3	Peng	Activated	40
HALLMARK_INTERFERON_GAMMA_RESPONSE	peng_N4___Normal	-0.366936090994156	peng_N4	Peng	Normal	85
HALLMARK_INTERFERON_GAMMA_RESPONSE	peng_N4___Activated	-0.225126726652426	peng_N4	Peng	Activated	48
HALLMARK_INTERFERON_GAMMA_RESPONSE	peng_N6___Normal	-0.499173710644144	peng_N6	Peng	Normal	214
HALLMARK_INTERFERON_GAMMA_RESPONSE	peng_N6___Activated	-0.0795072194906471	peng_N6	Peng	Activated	124
HALLMARK_INTERFERON_GAMMA_RESPONSE	peng_N7___Normal	-0.484233834132883	peng_N7	Peng	Normal	118
HALLMARK_INTERFERON_GAMMA_RESPONSE	peng_N7___Activated	-0.214259798574747	peng_N7	Peng	Activated	58
HALLMARK_INTERFERON_GAMMA_RESPONSE	peng_N8___Normal	-0.397416734298471	peng_N8	Peng	Normal	263
HALLMARK_INTERFERON_GAMMA_RESPONSE	peng_N8___Activated	-0.0226295516681052	peng_N8	Peng	Activated	203
HALLMARK_INTERFERON_GAMMA_RESPONSE	peng_N9___Normal	-0.341117408156001	peng_N9	Peng	Normal	124
HALLMARK_INTERFERON_GAMMA_RESPONSE	peng_N9___Activated	-0.126221938913923	peng_N9	Peng	Activated	235
HALLMARK_INTERFERON_GAMMA_RESPONSE	peng_T1___Normal	0.108842549912004	peng_T1	Peng	Normal	89
HALLMARK_INTERFERON_GAMMA_RESPONSE	peng_T1___Activated	0.348755967007895	peng_T1	Peng	Activated	248
HALLMARK_INTERFERON_GAMMA_RESPONSE	peng_T10___Normal	-0.160532195200478	peng_T10	Peng	Normal	112
HALLMARK_INTERFERON_GAMMA_RESPONSE	peng_T10___Activated	0.119102850103727	peng_T10	Peng	Activated	222
HALLMARK_INTERFERON_GAMMA_RESPONSE	peng_T12___Normal	0.218556647465799	peng_T12	Peng	Normal	71
HALLMARK_INTERFERON_GAMMA_RESPONSE	peng_T12___Activated	0.409573765066643	peng_T12	Peng	Activated	319
HALLMARK_INTERFERON_GAMMA_RESPONSE	peng_T13___Normal	-0.151965715409294	peng_T13	Peng	Normal	199
HALLMARK_INTERFERON_GAMMA_RESPONSE	peng_T13___Activated	0.204786198387685	peng_T13	Peng	Activated	522
HALLMARK_INTERFERON_GAMMA_RESPONSE	peng_T14___Normal	-0.0475602409910083	peng_T14	Peng	Normal	108
HALLMARK_INTERFERON_GAMMA_RESPONSE	peng_T14___Activated	0.0885415216369045	peng_T14	Peng	Activated	186
HALLMARK_INTERFERON_GAMMA_RESPONSE	peng_T15___Normal	-0.220825094723597	peng_T15	Peng	Normal	140
HALLMARK_INTERFERON_GAMMA_RESPONSE	peng_T15___Activated	-0.0718735165804914	peng_T15	Peng	Activated	1165
HALLMARK_INTERFERON_GAMMA_RESPONSE	peng_T16___Normal	0.337757918798422	peng_T16	Peng	Normal	94
HALLMARK_INTERFERON_GAMMA_RESPONSE	peng_T16___Activated	0.513334703177153	peng_T16	Peng	Activated	673
HALLMARK_INTERFERON_GAMMA_RESPONSE	peng_T17___Normal	0.0732832831145056	peng_T17	Peng	Normal	23
HALLMARK_INTERFERON_GAMMA_RESPONSE	peng_T17___Activated	0.343401236793443	peng_T17	Peng	Activated	305
HALLMARK_INTERFERON_GAMMA_RESPONSE	peng_T18___Normal	-0.0303273373994243	peng_T18	Peng	Normal	81
HALLMARK_INTERFERON_GAMMA_RESPONSE	peng_T18___Activated	0.177434225134217	peng_T18	Peng	Activated	967
HALLMARK_INTERFERON_GAMMA_RESPONSE	peng_T19___Normal	0.292400019347856	peng_T19	Peng	Normal	660
HALLMARK_INTERFERON_GAMMA_RESPONSE	peng_T19___Activated	0.450593284254838	peng_T19	Peng	Activated	1046
HALLMARK_INTERFERON_GAMMA_RESPONSE	peng_T2___Normal	0.0427302762652411	peng_T2	Peng	Normal	25
HALLMARK_INTERFERON_GAMMA_RESPONSE	peng_T2___Activated	0.311139141975315	peng_T2	Peng	Activated	62
HALLMARK_INTERFERON_GAMMA_RESPONSE	peng_T20___Normal	-0.210017402931111	peng_T20	Peng	Normal	58
HALLMARK_INTERFERON_GAMMA_RESPONSE	peng_T20___Activated	0.0261205945173136	peng_T20	Peng	Activated	93
HALLMARK_INTERFERON_GAMMA_RESPONSE	peng_T22___Normal	-0.00120518845663198	peng_T22	Peng	Normal	26
HALLMARK_INTERFERON_GAMMA_RESPONSE	peng_T22___Activated	-0.095184671626974	peng_T22	Peng	Activated	118
HALLMARK_INTERFERON_GAMMA_RESPONSE	peng_T23___Normal	-0.233634574034888	peng_T23	Peng	Normal	56
HALLMARK_INTERFERON_GAMMA_RESPONSE	peng_T23___Activated	0.275384168117579	peng_T23	Peng	Activated	1282
HALLMARK_INTERFERON_GAMMA_RESPONSE	peng_T24___Normal	-0.339302501237207	peng_T24	Peng	Normal	467
HALLMARK_INTERFERON_GAMMA_RESPONSE	peng_T24___Activated	0.257821041513743	peng_T24	Peng	Activated	917
HALLMARK_INTERFERON_GAMMA_RESPONSE	peng_T3___Normal	-0.160839635798982	peng_T3	Peng	Normal	119
HALLMARK_INTERFERON_GAMMA_RESPONSE	peng_T3___Activated	0.270240341072745	peng_T3	Peng	Activated	339
HALLMARK_INTERFERON_GAMMA_RESPONSE	peng_T4___Normal	-0.0517275318727933	peng_T4	Peng	Normal	46
HALLMARK_INTERFERON_GAMMA_RESPONSE	peng_T4___Activated	0.0300279284897159	peng_T4	Peng	Activated	176
HALLMARK_INTERFERON_GAMMA_RESPONSE	peng_T5___Normal	0.123330517047949	peng_T5	Peng	Normal	173
HALLMARK_INTERFERON_GAMMA_RESPONSE	peng_T5___Activated	0.377368080411041	peng_T5	Peng	Activated	238
HALLMARK_INTERFERON_GAMMA_RESPONSE	peng_T6___Normal	-0.0324137722347376	peng_T6	Peng	Normal	147
HALLMARK_INTERFERON_GAMMA_RESPONSE	peng_T6___Activated	0.412216924825409	peng_T6	Peng	Activated	216
HALLMARK_INTERFERON_GAMMA_RESPONSE	peng_T7___Normal	-0.169968965405432	peng_T7	Peng	Normal	125
HALLMARK_INTERFERON_GAMMA_RESPONSE	peng_T7___Activated	0.151405239669733	peng_T7	Peng	Activated	299
HALLMARK_KRAS_SIGNALING_DN	PDAC2___Normal	0.0398247336864737	PDAC2	Powers	Normal	47
HALLMARK_KRAS_SIGNALING_DN	PDAC2___Activated	-0.0374074430610356	PDAC2	Powers	Activated	1924
HALLMARK_KRAS_SIGNALING_DN	peng_N1___Normal	0.153220969338346	peng_N1	Peng	Normal	397
HALLMARK_KRAS_SIGNALING_DN	peng_N1___Activated	0.0368354318260988	peng_N1	Peng	Activated	381
HALLMARK_KRAS_SIGNALING_DN	peng_N10___Normal	0.220052898604077	peng_N10	Peng	Normal	42
HALLMARK_KRAS_SIGNALING_DN	peng_N10___Activated	0.254379663334186	peng_N10	Peng	Activated	22
HALLMARK_KRAS_SIGNALING_DN	peng_N11___Normal	0.155232995208573	peng_N11	Peng	Normal	28
HALLMARK_KRAS_SIGNALING_DN	peng_N11___Activated	0.125054785257832	peng_N11	Peng	Activated	22
HALLMARK_KRAS_SIGNALING_DN	peng_N2___Normal	0.236205743457478	peng_N2	Peng	Normal	223
HALLMARK_KRAS_SIGNALING_DN	peng_N2___Activated	0.170748707013227	peng_N2	Peng	Activated	232
HALLMARK_KRAS_SIGNALING_DN	peng_N3___Normal	0.110285053430892	peng_N3	Peng	Normal	172
HALLMARK_KRAS_SIGNALING_DN	peng_N3___Activated	0.125292861579576	peng_N3	Peng	Activated	40
HALLMARK_KRAS_SIGNALING_DN	peng_N4___Normal	0.121979226077463	peng_N4	Peng	Normal	85
HALLMARK_KRAS_SIGNALING_DN	peng_N4___Activated	0.0778235281810112	peng_N4	Peng	Activated	48
HALLMARK_KRAS_SIGNALING_DN	peng_N6___Normal	0.215076513900113	peng_N6	Peng	Normal	214
HALLMARK_KRAS_SIGNALING_DN	peng_N6___Activated	0.109209241107202	peng_N6	Peng	Activated	124
HALLMARK_KRAS_SIGNALING_DN	peng_N7___Normal	-0.055771286625883	peng_N7	Peng	Normal	118
HALLMARK_KRAS_SIGNALING_DN	peng_N7___Activated	-0.0876269945140742	peng_N7	Peng	Activated	58
HALLMARK_KRAS_SIGNALING_DN	peng_N8___Normal	0.20258581760985	peng_N8	Peng	Normal	263
HALLMARK_KRAS_SIGNALING_DN	peng_N8___Activated	0.11680930639577	peng_N8	Peng	Activated	203
HALLMARK_KRAS_SIGNALING_DN	peng_N9___Normal	0.180269622570398	peng_N9	Peng	Normal	124
HALLMARK_KRAS_SIGNALING_DN	peng_N9___Activated	0.146790802539298	peng_N9	Peng	Activated	235
HALLMARK_KRAS_SIGNALING_DN	peng_T1___Normal	0.0556919369009244	peng_T1	Peng	Normal	89
HALLMARK_KRAS_SIGNALING_DN	peng_T1___Activated	-0.0876726063730643	peng_T1	Peng	Activated	248
HALLMARK_KRAS_SIGNALING_DN	peng_T10___Normal	0.249783515787728	peng_T10	Peng	Normal	112
HALLMARK_KRAS_SIGNALING_DN	peng_T10___Activated	0.0400119231279648	peng_T10	Peng	Activated	222
HALLMARK_KRAS_SIGNALING_DN	peng_T12___Normal	-0.153787347311289	peng_T12	Peng	Normal	71
HALLMARK_KRAS_SIGNALING_DN	peng_T12___Activated	-0.142961983422838	peng_T12	Peng	Activated	319
HALLMARK_KRAS_SIGNALING_DN	peng_T13___Normal	-0.00721078152248555	peng_T13	Peng	Normal	199
HALLMARK_KRAS_SIGNALING_DN	peng_T13___Activated	0.000624982344633485	peng_T13	Peng	Activated	522
HALLMARK_KRAS_SIGNALING_DN	peng_T14___Normal	0.0566066123330194	peng_T14	Peng	Normal	108
HALLMARK_KRAS_SIGNALING_DN	peng_T14___Activated	0.00476328524725181	peng_T14	Peng	Activated	186
HALLMARK_KRAS_SIGNALING_DN	peng_T15___Normal	0.184675176015926	peng_T15	Peng	Normal	140
HALLMARK_KRAS_SIGNALING_DN	peng_T15___Activated	0.125396840274171	peng_T15	Peng	Activated	1165
HALLMARK_KRAS_SIGNALING_DN	peng_T16___Normal	0.266800100809907	peng_T16	Peng	Normal	94
HALLMARK_KRAS_SIGNALING_DN	peng_T16___Activated	0.254095631694102	peng_T16	Peng	Activated	673
HALLMARK_KRAS_SIGNALING_DN	peng_T17___Normal	-0.00151589745302422	peng_T17	Peng	Normal	23
HALLMARK_KRAS_SIGNALING_DN	peng_T17___Activated	0.0132703032449602	peng_T17	Peng	Activated	305
HALLMARK_KRAS_SIGNALING_DN	peng_T18___Normal	-0.067778485260383	peng_T18	Peng	Normal	81
HALLMARK_KRAS_SIGNALING_DN	peng_T18___Activated	0.0958190335729687	peng_T18	Peng	Activated	967
HALLMARK_KRAS_SIGNALING_DN	peng_T19___Normal	0.204326076872051	peng_T19	Peng	Normal	660
HALLMARK_KRAS_SIGNALING_DN	peng_T19___Activated	0.131646388863813	peng_T19	Peng	Activated	1046
HALLMARK_KRAS_SIGNALING_DN	peng_T2___Normal	-0.115050229652493	peng_T2	Peng	Normal	25
HALLMARK_KRAS_SIGNALING_DN	peng_T2___Activated	-0.0487370682174429	peng_T2	Peng	Activated	62
HALLMARK_KRAS_SIGNALING_DN	peng_T20___Normal	0.0272887674357302	peng_T20	Peng	Normal	58
HALLMARK_KRAS_SIGNALING_DN	peng_T20___Activated	-0.0596479852398702	peng_T20	Peng	Activated	93
HALLMARK_KRAS_SIGNALING_DN	peng_T22___Normal	0.199468489874638	peng_T22	Peng	Normal	26
HALLMARK_KRAS_SIGNALING_DN	peng_T22___Activated	0.0571686724408096	peng_T22	Peng	Activated	118
HALLMARK_KRAS_SIGNALING_DN	peng_T23___Normal	0.025105050683621	peng_T23	Peng	Normal	56
HALLMARK_KRAS_SIGNALING_DN	peng_T23___Activated	-0.0393109678327811	peng_T23	Peng	Activated	1282
HALLMARK_KRAS_SIGNALING_DN	peng_T24___Normal	0.175102248442336	peng_T24	Peng	Normal	467
HALLMARK_KRAS_SIGNALING_DN	peng_T24___Activated	0.142221444112493	peng_T24	Peng	Activated	917
HALLMARK_KRAS_SIGNALING_DN	peng_T3___Normal	-0.00193903345073573	peng_T3	Peng	Normal	119
HALLMARK_KRAS_SIGNALING_DN	peng_T3___Activated	-0.0382753788560299	peng_T3	Peng	Activated	339
HALLMARK_KRAS_SIGNALING_DN	peng_T4___Normal	-0.185730202127882	peng_T4	Peng	Normal	46
HALLMARK_KRAS_SIGNALING_DN	peng_T4___Activated	-0.0444485895410002	peng_T4	Peng	Activated	176
HALLMARK_KRAS_SIGNALING_DN	peng_T5___Normal	0.0168498740022512	peng_T5	Peng	Normal	173
HALLMARK_KRAS_SIGNALING_DN	peng_T5___Activated	0.00663323047573414	peng_T5	Peng	Activated	238
HALLMARK_KRAS_SIGNALING_DN	peng_T6___Normal	0.22152683959923	peng_T6	Peng	Normal	147
HALLMARK_KRAS_SIGNALING_DN	peng_T6___Activated	0.302535943514535	peng_T6	Peng	Activated	216
HALLMARK_KRAS_SIGNALING_DN	peng_T7___Normal	0.0280019543096409	peng_T7	Peng	Normal	125
HALLMARK_KRAS_SIGNALING_DN	peng_T7___Activated	-0.0595132785157703	peng_T7	Peng	Activated	299
HALLMARK_KRAS_SIGNALING_UP	PDAC2___Normal	0.108351895789281	PDAC2	Powers	Normal	47
HALLMARK_KRAS_SIGNALING_UP	PDAC2___Activated	0.204454941416813	PDAC2	Powers	Activated	1924
HALLMARK_KRAS_SIGNALING_UP	peng_N1___Normal	-0.208042081739827	peng_N1	Peng	Normal	397
HALLMARK_KRAS_SIGNALING_UP	peng_N1___Activated	0.22719730561769	peng_N1	Peng	Activated	381
HALLMARK_KRAS_SIGNALING_UP	peng_N10___Normal	0.0908317647627344	peng_N10	Peng	Normal	42
HALLMARK_KRAS_SIGNALING_UP	peng_N10___Activated	0.0716877302149673	peng_N10	Peng	Activated	22
HALLMARK_KRAS_SIGNALING_UP	peng_N11___Normal	0.007127666961635	peng_N11	Peng	Normal	28
HALLMARK_KRAS_SIGNALING_UP	peng_N11___Activated	0.223011504774671	peng_N11	Peng	Activated	22
HALLMARK_KRAS_SIGNALING_UP	peng_N2___Normal	-0.216427570026746	peng_N2	Peng	Normal	223
HALLMARK_KRAS_SIGNALING_UP	peng_N2___Activated	-0.0200384811866147	peng_N2	Peng	Activated	232
HALLMARK_KRAS_SIGNALING_UP	peng_N3___Normal	-0.155127996128107	peng_N3	Peng	Normal	172
HALLMARK_KRAS_SIGNALING_UP	peng_N3___Activated	0.0748174423059615	peng_N3	Peng	Activated	40
HALLMARK_KRAS_SIGNALING_UP	peng_N4___Normal	-0.190710584041678	peng_N4	Peng	Normal	85
HALLMARK_KRAS_SIGNALING_UP	peng_N4___Activated	-0.025306157846381	peng_N4	Peng	Activated	48
HALLMARK_KRAS_SIGNALING_UP	peng_N6___Normal	-0.279751861459054	peng_N6	Peng	Normal	214
HALLMARK_KRAS_SIGNALING_UP	peng_N6___Activated	0.0806402080853907	peng_N6	Peng	Activated	124
HALLMARK_KRAS_SIGNALING_UP	peng_N7___Normal	-0.312687794274766	peng_N7	Peng	Normal	118
HALLMARK_KRAS_SIGNALING_UP	peng_N7___Activated	0.0748825518175286	peng_N7	Peng	Activated	58
HALLMARK_KRAS_SIGNALING_UP	peng_N8___Normal	-0.246327864540674	peng_N8	Peng	Normal	263
HALLMARK_KRAS_SIGNALING_UP	peng_N8___Activated	0.0677822193469154	peng_N8	Peng	Activated	203
HALLMARK_KRAS_SIGNALING_UP	peng_N9___Normal	-0.080162073520068	peng_N9	Peng	Normal	124
HALLMARK_KRAS_SIGNALING_UP	peng_N9___Activated	0.0235083873229516	peng_N9	Peng	Activated	235
HALLMARK_KRAS_SIGNALING_UP	peng_T1___Normal	0.0611013300035063	peng_T1	Peng	Normal	89
HALLMARK_KRAS_SIGNALING_UP	peng_T1___Activated	0.202828248765351	peng_T1	Peng	Activated	248
HALLMARK_KRAS_SIGNALING_UP	peng_T10___Normal	-0.130843767674976	peng_T10	Peng	Normal	112
HALLMARK_KRAS_SIGNALING_UP	peng_T10___Activated	0.107767874444931	peng_T10	Peng	Activated	222
HALLMARK_KRAS_SIGNALING_UP	peng_T12___Normal	-0.11682248567222	peng_T12	Peng	Normal	71
HALLMARK_KRAS_SIGNALING_UP	peng_T12___Activated	0.130216695094502	peng_T12	Peng	Activated	319
HALLMARK_KRAS_SIGNALING_UP	peng_T13___Normal	-0.257566207033768	peng_T13	Peng	Normal	199
HALLMARK_KRAS_SIGNALING_UP	peng_T13___Activated	0.232864366107777	peng_T13	Peng	Activated	522
HALLMARK_KRAS_SIGNALING_UP	peng_T14___Normal	-0.156391660357852	peng_T14	Peng	Normal	108
HALLMARK_KRAS_SIGNALING_UP	peng_T14___Activated	0.227242143211751	peng_T14	Peng	Activated	186
HALLMARK_KRAS_SIGNALING_UP	peng_T15___Normal	-0.217155283502765	peng_T15	Peng	Normal	140
HALLMARK_KRAS_SIGNALING_UP	peng_T15___Activated	0.210782416765172	peng_T15	Peng	Activated	1165
HALLMARK_KRAS_SIGNALING_UP	peng_T16___Normal	0.0296443805363178	peng_T16	Peng	Normal	94
HALLMARK_KRAS_SIGNALING_UP	peng_T16___Activated	0.297902131271682	peng_T16	Peng	Activated	673
HALLMARK_KRAS_SIGNALING_UP	peng_T17___Normal	-0.0944776409006114	peng_T17	Peng	Normal	23
HALLMARK_KRAS_SIGNALING_UP	peng_T17___Activated	0.171057638158373	peng_T17	Peng	Activated	305
HALLMARK_KRAS_SIGNALING_UP	peng_T18___Normal	-0.0157783600100516	peng_T18	Peng	Normal	81
HALLMARK_KRAS_SIGNALING_UP	peng_T18___Activated	0.185007631392637	peng_T18	Peng	Activated	967
HALLMARK_KRAS_SIGNALING_UP	peng_T19___Normal	0.0276954801612248	peng_T19	Peng	Normal	660
HALLMARK_KRAS_SIGNALING_UP	peng_T19___Activated	0.121651850133236	peng_T19	Peng	Activated	1046
HALLMARK_KRAS_SIGNALING_UP	peng_T2___Normal	-0.12676334028049	peng_T2	Peng	Normal	25
HALLMARK_KRAS_SIGNALING_UP	peng_T2___Activated	0.102615847903151	peng_T2	Peng	Activated	62
HALLMARK_KRAS_SIGNALING_UP	peng_T20___Normal	-0.142732906419288	peng_T20	Peng	Normal	58
HALLMARK_KRAS_SIGNALING_UP	peng_T20___Activated	-0.138100129126068	peng_T20	Peng	Activated	93
HALLMARK_KRAS_SIGNALING_UP	peng_T22___Normal	-0.202540933393409	peng_T22	Peng	Normal	26
HALLMARK_KRAS_SIGNALING_UP	peng_T22___Activated	0.0110239116527719	peng_T22	Peng	Activated	118
HALLMARK_KRAS_SIGNALING_UP	peng_T23___Normal	-0.189044108850544	peng_T23	Peng	Normal	56
HALLMARK_KRAS_SIGNALING_UP	peng_T23___Activated	0.155341612537643	peng_T23	Peng	Activated	1282
HALLMARK_KRAS_SIGNALING_UP	peng_T24___Normal	-0.286668385484149	peng_T24	Peng	Normal	467
HALLMARK_KRAS_SIGNALING_UP	peng_T24___Activated	0.33026358127329	peng_T24	Peng	Activated	917
HALLMARK_KRAS_SIGNALING_UP	peng_T3___Normal	-0.175158278014753	peng_T3	Peng	Normal	119
HALLMARK_KRAS_SIGNALING_UP	peng_T3___Activated	0.0882413591846246	peng_T3	Peng	Activated	339
HALLMARK_KRAS_SIGNALING_UP	peng_T4___Normal	-0.176335722643416	peng_T4	Peng	Normal	46
HALLMARK_KRAS_SIGNALING_UP	peng_T4___Activated	0.102389509786658	peng_T4	Peng	Activated	176
HALLMARK_KRAS_SIGNALING_UP	peng_T5___Normal	0.127077696145898	peng_T5	Peng	Normal	173
HALLMARK_KRAS_SIGNALING_UP	peng_T5___Activated	0.252418341392264	peng_T5	Peng	Activated	238
HALLMARK_KRAS_SIGNALING_UP	peng_T6___Normal	0.00366104444203474	peng_T6	Peng	Normal	147
HALLMARK_KRAS_SIGNALING_UP	peng_T6___Activated	0.196764848261696	peng_T6	Peng	Activated	216
HALLMARK_KRAS_SIGNALING_UP	peng_T7___Normal	-0.264081960438951	peng_T7	Peng	Normal	125
HALLMARK_KRAS_SIGNALING_UP	peng_T7___Activated	-0.0798426557530066	peng_T7	Peng	Activated	299
HALLMARK_MITOTIC_SPINDLE	PDAC2___Normal	0.0987200389212043	PDAC2	Powers	Normal	47
HALLMARK_MITOTIC_SPINDLE	PDAC2___Activated	0.173162549764833	PDAC2	Powers	Activated	1924
HALLMARK_MITOTIC_SPINDLE	peng_N1___Normal	-0.264326175152955	peng_N1	Peng	Normal	397
HALLMARK_MITOTIC_SPINDLE	peng_N1___Activated	-0.230096948519272	peng_N1	Peng	Activated	381
HALLMARK_MITOTIC_SPINDLE	peng_N10___Normal	-0.0849003256580139	peng_N10	Peng	Normal	42
HALLMARK_MITOTIC_SPINDLE	peng_N10___Activated	-0.0661245050045312	peng_N10	Peng	Activated	22
HALLMARK_MITOTIC_SPINDLE	peng_N11___Normal	0.189023234824281	peng_N11	Peng	Normal	28
HALLMARK_MITOTIC_SPINDLE	peng_N11___Activated	-0.00135052601740865	peng_N11	Peng	Activated	22
HALLMARK_MITOTIC_SPINDLE	peng_N2___Normal	-0.231464889603331	peng_N2	Peng	Normal	223
HALLMARK_MITOTIC_SPINDLE	peng_N2___Activated	-0.376908513177758	peng_N2	Peng	Activated	232
HALLMARK_MITOTIC_SPINDLE	peng_N3___Normal	0.00630907254643731	peng_N3	Peng	Normal	172
HALLMARK_MITOTIC_SPINDLE	peng_N3___Activated	-0.0596757152232116	peng_N3	Peng	Activated	40
HALLMARK_MITOTIC_SPINDLE	peng_N4___Normal	0.0469760569152139	peng_N4	Peng	Normal	85
HALLMARK_MITOTIC_SPINDLE	peng_N4___Activated	-0.123113258313551	peng_N4	Peng	Activated	48
HALLMARK_MITOTIC_SPINDLE	peng_N6___Normal	0.00943386951897529	peng_N6	Peng	Normal	214
HALLMARK_MITOTIC_SPINDLE	peng_N6___Activated	-0.20704937612995	peng_N6	Peng	Activated	124
HALLMARK_MITOTIC_SPINDLE	peng_N7___Normal	0.0969724199817792	peng_N7	Peng	Normal	118
HALLMARK_MITOTIC_SPINDLE	peng_N7___Activated	-0.0832560194450462	peng_N7	Peng	Activated	58
HALLMARK_MITOTIC_SPINDLE	peng_N8___Normal	-0.17787689246574	peng_N8	Peng	Normal	263
HALLMARK_MITOTIC_SPINDLE	peng_N8___Activated	-0.253724162890445	peng_N8	Peng	Activated	203
HALLMARK_MITOTIC_SPINDLE	peng_N9___Normal	-0.230558520936855	peng_N9	Peng	Normal	124
HALLMARK_MITOTIC_SPINDLE	peng_N9___Activated	-0.269109135176286	peng_N9	Peng	Activated	235
HALLMARK_MITOTIC_SPINDLE	peng_T1___Normal	-0.0353106515979644	peng_T1	Peng	Normal	89
HALLMARK_MITOTIC_SPINDLE	peng_T1___Activated	0.0943620317947787	peng_T1	Peng	Activated	248
HALLMARK_MITOTIC_SPINDLE	peng_T10___Normal	0.0569496349537906	peng_T10	Peng	Normal	112
HALLMARK_MITOTIC_SPINDLE	peng_T10___Activated	0.172696472357528	peng_T10	Peng	Activated	222
HALLMARK_MITOTIC_SPINDLE	peng_T12___Normal	-0.110232832075244	peng_T12	Peng	Normal	71
HALLMARK_MITOTIC_SPINDLE	peng_T12___Activated	-0.102999739953607	peng_T12	Peng	Activated	319
HALLMARK_MITOTIC_SPINDLE	peng_T13___Normal	-0.193711963118959	peng_T13	Peng	Normal	199
HALLMARK_MITOTIC_SPINDLE	peng_T13___Activated	-0.321201626368189	peng_T13	Peng	Activated	522
HALLMARK_MITOTIC_SPINDLE	peng_T14___Normal	2.42502157871138e-06	peng_T14	Peng	Normal	108
HALLMARK_MITOTIC_SPINDLE	peng_T14___Activated	-0.11534869539468	peng_T14	Peng	Activated	186
HALLMARK_MITOTIC_SPINDLE	peng_T15___Normal	-0.111663636902492	peng_T15	Peng	Normal	140
HALLMARK_MITOTIC_SPINDLE	peng_T15___Activated	0.0826819809519154	peng_T15	Peng	Activated	1165
HALLMARK_MITOTIC_SPINDLE	peng_T16___Normal	-0.0699368065565991	peng_T16	Peng	Normal	94
HALLMARK_MITOTIC_SPINDLE	peng_T16___Activated	-0.0753097338854238	peng_T16	Peng	Activated	673
HALLMARK_MITOTIC_SPINDLE	peng_T17___Normal	-0.0514177157344338	peng_T17	Peng	Normal	23
HALLMARK_MITOTIC_SPINDLE	peng_T17___Activated	0.0422935654110914	peng_T17	Peng	Activated	305
HALLMARK_MITOTIC_SPINDLE	peng_T18___Normal	0.0415886979703887	peng_T18	Peng	Normal	81
HALLMARK_MITOTIC_SPINDLE	peng_T18___Activated	0.0666853915112324	peng_T18	Peng	Activated	967
HALLMARK_MITOTIC_SPINDLE	peng_T19___Normal	0.0547005058860103	peng_T19	Peng	Normal	660
HALLMARK_MITOTIC_SPINDLE	peng_T19___Activated	0.0346599751155878	peng_T19	Peng	Activated	1046
HALLMARK_MITOTIC_SPINDLE	peng_T2___Normal	0.0273383893702433	peng_T2	Peng	Normal	25
HALLMARK_MITOTIC_SPINDLE	peng_T2___Activated	-0.118078740471757	peng_T2	Peng	Activated	62
HALLMARK_MITOTIC_SPINDLE	peng_T20___Normal	0.00866481098324617	peng_T20	Peng	Normal	58
HALLMARK_MITOTIC_SPINDLE	peng_T20___Activated	0.187155160420301	peng_T20	Peng	Activated	93
HALLMARK_MITOTIC_SPINDLE	peng_T22___Normal	0.136368361400827	peng_T22	Peng	Normal	26
HALLMARK_MITOTIC_SPINDLE	peng_T22___Activated	0.340604678693036	peng_T22	Peng	Activated	118
HALLMARK_MITOTIC_SPINDLE	peng_T23___Normal	-0.010653080673429	peng_T23	Peng	Normal	56
HALLMARK_MITOTIC_SPINDLE	peng_T23___Activated	0.176938233719749	peng_T23	Peng	Activated	1282
HALLMARK_MITOTIC_SPINDLE	peng_T24___Normal	-0.199478721402742	peng_T24	Peng	Normal	467
HALLMARK_MITOTIC_SPINDLE	peng_T24___Activated	-0.011091215764047	peng_T24	Peng	Activated	917
HALLMARK_MITOTIC_SPINDLE	peng_T3___Normal	-0.00301389257384124	peng_T3	Peng	Normal	119
HALLMARK_MITOTIC_SPINDLE	peng_T3___Activated	0.224594197076148	peng_T3	Peng	Activated	339
HALLMARK_MITOTIC_SPINDLE	peng_T4___Normal	0.0191169693237704	peng_T4	Peng	Normal	46
HALLMARK_MITOTIC_SPINDLE	peng_T4___Activated	0.246238297408144	peng_T4	Peng	Activated	176
HALLMARK_MITOTIC_SPINDLE	peng_T5___Normal	0.0617369050736498	peng_T5	Peng	Normal	173
HALLMARK_MITOTIC_SPINDLE	peng_T5___Activated	0.0215602637237587	peng_T5	Peng	Activated	238
HALLMARK_MITOTIC_SPINDLE	peng_T6___Normal	-0.200242665463733	peng_T6	Peng	Normal	147
HALLMARK_MITOTIC_SPINDLE	peng_T6___Activated	-0.17687576982358	peng_T6	Peng	Activated	216
HALLMARK_MITOTIC_SPINDLE	peng_T7___Normal	0.0587051342182915	peng_T7	Peng	Normal	125
HALLMARK_MITOTIC_SPINDLE	peng_T7___Activated	0.134950491538522	peng_T7	Peng	Activated	299
HALLMARK_MTORC1_SIGNALING	PDAC2___Normal	0.172482713350159	PDAC2	Powers	Normal	47
HALLMARK_MTORC1_SIGNALING	PDAC2___Activated	0.200718994703804	PDAC2	Powers	Activated	1924
HALLMARK_MTORC1_SIGNALING	peng_N1___Normal	0.153269466851426	peng_N1	Peng	Normal	397
HALLMARK_MTORC1_SIGNALING	peng_N1___Activated	0.101462004737536	peng_N1	Peng	Activated	381
HALLMARK_MTORC1_SIGNALING	peng_N10___Normal	0.094191794170633	peng_N10	Peng	Normal	42
HALLMARK_MTORC1_SIGNALING	peng_N10___Activated	0.0036460392131662	peng_N10	Peng	Activated	22
HALLMARK_MTORC1_SIGNALING	peng_N11___Normal	-0.323509180148668	peng_N11	Peng	Normal	28
HALLMARK_MTORC1_SIGNALING	peng_N11___Activated	-0.142947319801976	peng_N11	Peng	Activated	22
HALLMARK_MTORC1_SIGNALING	peng_N2___Normal	-0.259985475141395	peng_N2	Peng	Normal	223
HALLMARK_MTORC1_SIGNALING	peng_N2___Activated	-0.183268874785981	peng_N2	Peng	Activated	232
HALLMARK_MTORC1_SIGNALING	peng_N3___Normal	-0.332717058562634	peng_N3	Peng	Normal	172
HALLMARK_MTORC1_SIGNALING	peng_N3___Activated	-0.345495067138345	peng_N3	Peng	Activated	40
HALLMARK_MTORC1_SIGNALING	peng_N4___Normal	-0.341993985039067	peng_N4	Peng	Normal	85
HALLMARK_MTORC1_SIGNALING	peng_N4___Activated	-0.277635483439932	peng_N4	Peng	Activated	48
HALLMARK_MTORC1_SIGNALING	peng_N6___Normal	-0.406950232605779	peng_N6	Peng	Normal	214
HALLMARK_MTORC1_SIGNALING	peng_N6___Activated	-0.376167660220822	peng_N6	Peng	Activated	124
HALLMARK_MTORC1_SIGNALING	peng_N7___Normal	-0.289738216399539	peng_N7	Peng	Normal	118
HALLMARK_MTORC1_SIGNALING	peng_N7___Activated	-0.246843201440298	peng_N7	Peng	Activated	58
HALLMARK_MTORC1_SIGNALING	peng_N8___Normal	-0.129985308928738	peng_N8	Peng	Normal	263
HALLMARK_MTORC1_SIGNALING	peng_N8___Activated	-0.0891116034229112	peng_N8	Peng	Activated	203
HALLMARK_MTORC1_SIGNALING	peng_N9___Normal	-0.208154162726127	peng_N9	Peng	Normal	124
HALLMARK_MTORC1_SIGNALING	peng_N9___Activated	-0.302684283179366	peng_N9	Peng	Activated	235
HALLMARK_MTORC1_SIGNALING	peng_T1___Normal	-0.0555140504388656	peng_T1	Peng	Normal	89
HALLMARK_MTORC1_SIGNALING	peng_T1___Activated	0.0307970861226461	peng_T1	Peng	Activated	248
HALLMARK_MTORC1_SIGNALING	peng_T10___Normal	-0.0201859967805402	peng_T10	Peng	Normal	112
HALLMARK_MTORC1_SIGNALING	peng_T10___Activated	-0.105708317965686	peng_T10	Peng	Activated	222
HALLMARK_MTORC1_SIGNALING	peng_T12___Normal	0.291571650501656	peng_T12	Peng	Normal	71
HALLMARK_MTORC1_SIGNALING	peng_T12___Activated	0.280931015880153	peng_T12	Peng	Activated	319
HALLMARK_MTORC1_SIGNALING	peng_T13___Normal	-0.104071343580795	peng_T13	Peng	Normal	199
HALLMARK_MTORC1_SIGNALING	peng_T13___Activated	0.0236600087498523	peng_T13	Peng	Activated	522
HALLMARK_MTORC1_SIGNALING	peng_T14___Normal	0.121725553131236	peng_T14	Peng	Normal	108
HALLMARK_MTORC1_SIGNALING	peng_T14___Activated	0.0438476457861023	peng_T14	Peng	Activated	186
HALLMARK_MTORC1_SIGNALING	peng_T15___Normal	-0.195431766686835	peng_T15	Peng	Normal	140
HALLMARK_MTORC1_SIGNALING	peng_T15___Activated	-0.320584926405185	peng_T15	Peng	Activated	1165
HALLMARK_MTORC1_SIGNALING	peng_T16___Normal	0.21280231866899	peng_T16	Peng	Normal	94
HALLMARK_MTORC1_SIGNALING	peng_T16___Activated	0.25469345009345	peng_T16	Peng	Activated	673
HALLMARK_MTORC1_SIGNALING	peng_T17___Normal	0.216502781608681	peng_T17	Peng	Normal	23
HALLMARK_MTORC1_SIGNALING	peng_T17___Activated	0.369297535891561	peng_T17	Peng	Activated	305
HALLMARK_MTORC1_SIGNALING	peng_T18___Normal	0.211204245038089	peng_T18	Peng	Normal	81
HALLMARK_MTORC1_SIGNALING	peng_T18___Activated	0.246928634012035	peng_T18	Peng	Activated	967
HALLMARK_MTORC1_SIGNALING	peng_T19___Normal	0.134584537844779	peng_T19	Peng	Normal	660
HALLMARK_MTORC1_SIGNALING	peng_T19___Activated	0.102538453895257	peng_T19	Peng	Activated	1046
HALLMARK_MTORC1_SIGNALING	peng_T2___Normal	0.0339329462910141	peng_T2	Peng	Normal	25
HALLMARK_MTORC1_SIGNALING	peng_T2___Activated	0.118812775860835	peng_T2	Peng	Activated	62
HALLMARK_MTORC1_SIGNALING	peng_T20___Normal	0.36004737251125	peng_T20	Peng	Normal	58
HALLMARK_MTORC1_SIGNALING	peng_T20___Activated	0.238872105144697	peng_T20	Peng	Activated	93
HALLMARK_MTORC1_SIGNALING	peng_T22___Normal	-0.130869197306164	peng_T22	Peng	Normal	26
HALLMARK_MTORC1_SIGNALING	peng_T22___Activated	-0.231979555607976	peng_T22	Peng	Activated	118
HALLMARK_MTORC1_SIGNALING	peng_T23___Normal	0.15232684878493	peng_T23	Peng	Normal	56
HALLMARK_MTORC1_SIGNALING	peng_T23___Activated	-0.161169052932003	peng_T23	Peng	Activated	1282
HALLMARK_MTORC1_SIGNALING	peng_T24___Normal	-0.328445565387462	peng_T24	Peng	Normal	467
HALLMARK_MTORC1_SIGNALING	peng_T24___Activated	-0.410952372996367	peng_T24	Peng	Activated	917
HALLMARK_MTORC1_SIGNALING	peng_T3___Normal	0.0634945084977329	peng_T3	Peng	Normal	119
HALLMARK_MTORC1_SIGNALING	peng_T3___Activated	0.0068235321014869	peng_T3	Peng	Activated	339
HALLMARK_MTORC1_SIGNALING	peng_T4___Normal	0.00985962420567338	peng_T4	Peng	Normal	46
HALLMARK_MTORC1_SIGNALING	peng_T4___Activated	-0.124267250801137	peng_T4	Peng	Activated	176
HALLMARK_MTORC1_SIGNALING	peng_T5___Normal	0.193166203679359	peng_T5	Peng	Normal	173
HALLMARK_MTORC1_SIGNALING	peng_T5___Activated	0.156663492643157	peng_T5	Peng	Activated	238
HALLMARK_MTORC1_SIGNALING	peng_T6___Normal	0.259183870900218	peng_T6	Peng	Normal	147
HALLMARK_MTORC1_SIGNALING	peng_T6___Activated	0.0457684520606473	peng_T6	Peng	Activated	216
HALLMARK_MTORC1_SIGNALING	peng_T7___Normal	-0.108733025442841	peng_T7	Peng	Normal	125
HALLMARK_MTORC1_SIGNALING	peng_T7___Activated	-0.214069494694742	peng_T7	Peng	Activated	299
HALLMARK_MYC_TARGETS_V1	PDAC2___Normal	0.169056970754545	PDAC2	Powers	Normal	47
HALLMARK_MYC_TARGETS_V1	PDAC2___Activated	-0.0353681902403548	PDAC2	Powers	Activated	1924
HALLMARK_MYC_TARGETS_V1	peng_N1___Normal	0.294556610079729	peng_N1	Peng	Normal	397
HALLMARK_MYC_TARGETS_V1	peng_N1___Activated	0.147000576894948	peng_N1	Peng	Activated	381
HALLMARK_MYC_TARGETS_V1	peng_N10___Normal	0.0629312545298575	peng_N10	Peng	Normal	42
HALLMARK_MYC_TARGETS_V1	peng_N10___Activated	0.0912618436899507	peng_N10	Peng	Activated	22
HALLMARK_MYC_TARGETS_V1	peng_N11___Normal	-0.329680001335332	peng_N11	Peng	Normal	28
HALLMARK_MYC_TARGETS_V1	peng_N11___Activated	-0.166688023624995	peng_N11	Peng	Activated	22
HALLMARK_MYC_TARGETS_V1	peng_N2___Normal	-0.174330417642073	peng_N2	Peng	Normal	223
HALLMARK_MYC_TARGETS_V1	peng_N2___Activated	-0.234384925974492	peng_N2	Peng	Activated	232
HALLMARK_MYC_TARGETS_V1	peng_N3___Normal	-0.162298505817939	peng_N3	Peng	Normal	172
HALLMARK_MYC_TARGETS_V1	peng_N3___Activated	-0.341759600897419	peng_N3	Peng	Activated	40
HALLMARK_MYC_TARGETS_V1	peng_N4___Normal	-0.367540933466031	peng_N4	Peng	Normal	85
HALLMARK_MYC_TARGETS_V1	peng_N4___Activated	-0.322389444722685	peng_N4	Peng	Activated	48
HALLMARK_MYC_TARGETS_V1	peng_N6___Normal	-0.323154160283252	peng_N6	Peng	Normal	214
HALLMARK_MYC_TARGETS_V1	peng_N6___Activated	-0.546027668441293	peng_N6	Peng	Activated	124
HALLMARK_MYC_TARGETS_V1	peng_N7___Normal	-0.0029194329166885	peng_N7	Peng	Normal	118
HALLMARK_MYC_TARGETS_V1	peng_N7___Activated	-0.237505314446446	peng_N7	Peng	Activated	58
HALLMARK_MYC_TARGETS_V1	peng_N8___Normal	0.0941166312328511	peng_N8	Peng	Normal	263
HALLMARK_MYC_TARGETS_V1	peng_N8___Activated	-0.190082015149994	peng_N8	Peng	Activated	203
HALLMARK_MYC_TARGETS_V1	peng_N9___Normal	-0.0376882141498399	peng_N9	Peng	Normal	124
HALLMARK_MYC_TARGETS_V1	peng_N9___Activated	-0.438205819476018	peng_N9	Peng	Activated	235
HALLMARK_MYC_TARGETS_V1	peng_T1___Normal	0.0167786252875744	peng_T1	Peng	Normal	89
HALLMARK_MYC_TARGETS_V1	peng_T1___Activated	-0.182984768739151	peng_T1	Peng	Activated	248
HALLMARK_MYC_TARGETS_V1	peng_T10___Normal	-0.172109389754635	peng_T10	Peng	Normal	112
HALLMARK_MYC_TARGETS_V1	peng_T10___Activated	-0.372711279733793	peng_T10	Peng	Activated	222
HALLMARK_MYC_TARGETS_V1	peng_T12___Normal	0.528999562608153	peng_T12	Peng	Normal	71
HALLMARK_MYC_TARGETS_V1	peng_T12___Activated	0.480670107193595	peng_T12	Peng	Activated	319
HALLMARK_MYC_TARGETS_V1	peng_T13___Normal	0.374678902934478	peng_T13	Peng	Normal	199
HALLMARK_MYC_TARGETS_V1	peng_T13___Activated	0.124262696315436	peng_T13	Peng	Activated	522
HALLMARK_MYC_TARGETS_V1	peng_T14___Normal	0.169833822441475	peng_T14	Peng	Normal	108
HALLMARK_MYC_TARGETS_V1	peng_T14___Activated	-0.39064027701763	peng_T14	Peng	Activated	186
HALLMARK_MYC_TARGETS_V1	peng_T15___Normal	-0.146368667913567	peng_T15	Peng	Normal	140
HALLMARK_MYC_TARGETS_V1	peng_T15___Activated	-0.568250643758544	peng_T15	Peng	Activated	1165
HALLMARK_MYC_TARGETS_V1	peng_T16___Normal	0.0101034472763772	peng_T16	Peng	Normal	94
HALLMARK_MYC_TARGETS_V1	peng_T16___Activated	-0.131980333479173	peng_T16	Peng	Activated	673
HALLMARK_MYC_TARGETS_V1	peng_T17___Normal	0.320996217746328	peng_T17	Peng	Normal	23
HALLMARK_MYC_TARGETS_V1	peng_T17___Activated	0.16528801015462	peng_T17	Peng	Activated	305
HALLMARK_MYC_TARGETS_V1	peng_T18___Normal	0.320891425226012	peng_T18	Peng	Normal	81
HALLMARK_MYC_TARGETS_V1	peng_T18___Activated	0.196120671909095	peng_T18	Peng	Activated	967
HALLMARK_MYC_TARGETS_V1	peng_T19___Normal	0.02336373854559	peng_T19	Peng	Normal	660
HALLMARK_MYC_TARGETS_V1	peng_T19___Activated	-0.0560344196538613	peng_T19	Peng	Activated	1046
HALLMARK_MYC_TARGETS_V1	peng_T2___Normal	0.30383161740204	peng_T2	Peng	Normal	25
HALLMARK_MYC_TARGETS_V1	peng_T2___Activated	0.314456889160938	peng_T2	Peng	Activated	62
HALLMARK_MYC_TARGETS_V1	peng_T20___Normal	0.456990995840761	peng_T20	Peng	Normal	58
HALLMARK_MYC_TARGETS_V1	peng_T20___Activated	0.245640381010003	peng_T20	Peng	Activated	93
HALLMARK_MYC_TARGETS_V1	peng_T22___Normal	-0.0500754303236737	peng_T22	Peng	Normal	26
HALLMARK_MYC_TARGETS_V1	peng_T22___Activated	-0.334950986850068	peng_T22	Peng	Activated	118
HALLMARK_MYC_TARGETS_V1	peng_T23___Normal	0.322517551434811	peng_T23	Peng	Normal	56
HALLMARK_MYC_TARGETS_V1	peng_T23___Activated	-0.539604168993652	peng_T23	Peng	Activated	1282
HALLMARK_MYC_TARGETS_V1	peng_T24___Normal	-0.310233304912076	peng_T24	Peng	Normal	467
HALLMARK_MYC_TARGETS_V1	peng_T24___Activated	-0.629000576892146	peng_T24	Peng	Activated	917
HALLMARK_MYC_TARGETS_V1	peng_T3___Normal	0.0437050775405736	peng_T3	Peng	Normal	119
HALLMARK_MYC_TARGETS_V1	peng_T3___Activated	-0.286695037056465	peng_T3	Peng	Activated	339
HALLMARK_MYC_TARGETS_V1	peng_T4___Normal	0.148678584415464	peng_T4	Peng	Normal	46
HALLMARK_MYC_TARGETS_V1	peng_T4___Activated	-0.326904941514413	peng_T4	Peng	Activated	176
HALLMARK_MYC_TARGETS_V1	peng_T5___Normal	0.113007961269841	peng_T5	Peng	Normal	173
HALLMARK_MYC_TARGETS_V1	peng_T5___Activated	0.0061731309184069	peng_T5	Peng	Activated	238
HALLMARK_MYC_TARGETS_V1	peng_T6___Normal	0.0711614681414894	peng_T6	Peng	Normal	147
HALLMARK_MYC_TARGETS_V1	peng_T6___Activated	-0.0823875471163787	peng_T6	Peng	Activated	216
HALLMARK_MYC_TARGETS_V1	peng_T7___Normal	0.163364545272981	peng_T7	Peng	Normal	125
HALLMARK_MYC_TARGETS_V1	peng_T7___Activated	-0.0573337687145039	peng_T7	Peng	Activated	299
HALLMARK_MYC_TARGETS_V2	PDAC2___Normal	-0.114391912675939	PDAC2	Powers	Normal	47
HALLMARK_MYC_TARGETS_V2	PDAC2___Activated	-0.0480885358768559	PDAC2	Powers	Activated	1924
HALLMARK_MYC_TARGETS_V2	peng_N1___Normal	0.328602437975113	peng_N1	Peng	Normal	397
HALLMARK_MYC_TARGETS_V2	peng_N1___Activated	0.427414269392531	peng_N1	Peng	Activated	381
HALLMARK_MYC_TARGETS_V2	peng_N10___Normal	-0.0038633410741728	peng_N10	Peng	Normal	42
HALLMARK_MYC_TARGETS_V2	peng_N10___Activated	-0.156020394430764	peng_N10	Peng	Activated	22
HALLMARK_MYC_TARGETS_V2	peng_N11___Normal	-0.465543431820183	peng_N11	Peng	Normal	28
HALLMARK_MYC_TARGETS_V2	peng_N11___Activated	-0.411599067028816	peng_N11	Peng	Activated	22
HALLMARK_MYC_TARGETS_V2	peng_N2___Normal	-0.528757860723922	peng_N2	Peng	Normal	223
HALLMARK_MYC_TARGETS_V2	peng_N2___Activated	-0.161172957583804	peng_N2	Peng	Activated	232
HALLMARK_MYC_TARGETS_V2	peng_N3___Normal	-0.217196946473973	peng_N3	Peng	Normal	172
HALLMARK_MYC_TARGETS_V2	peng_N3___Activated	-0.369803157429718	peng_N3	Peng	Activated	40
HALLMARK_MYC_TARGETS_V2	peng_N4___Normal	-0.29453705051829	peng_N4	Peng	Normal	85
HALLMARK_MYC_TARGETS_V2	peng_N4___Activated	-0.188259717684713	peng_N4	Peng	Activated	48
HALLMARK_MYC_TARGETS_V2	peng_N6___Normal	-0.453903656894056	peng_N6	Peng	Normal	214
HALLMARK_MYC_TARGETS_V2	peng_N6___Activated	-0.48810634261099	peng_N6	Peng	Activated	124
HALLMARK_MYC_TARGETS_V2	peng_N7___Normal	-0.336224625832954	peng_N7	Peng	Normal	118
HALLMARK_MYC_TARGETS_V2	peng_N7___Activated	-0.132292333602066	peng_N7	Peng	Activated	58
HALLMARK_MYC_TARGETS_V2	peng_N8___Normal	0.0386188147074324	peng_N8	Peng	Normal	263
HALLMARK_MYC_TARGETS_V2	peng_N8___Activated	0.252376465291271	peng_N8	Peng	Activated	203
HALLMARK_MYC_TARGETS_V2	peng_N9___Normal	-0.0266839370011124	peng_N9	Peng	Normal	124
HALLMARK_MYC_TARGETS_V2	peng_N9___Activated	-0.400142038700373	peng_N9	Peng	Activated	235
HALLMARK_MYC_TARGETS_V2	peng_T1___Normal	0.214110187256736	peng_T1	Peng	Normal	89
HALLMARK_MYC_TARGETS_V2	peng_T1___Activated	0.194869798290956	peng_T1	Peng	Activated	248
HALLMARK_MYC_TARGETS_V2	peng_T10___Normal	0.0252974911541261	peng_T10	Peng	Normal	112
HALLMARK_MYC_TARGETS_V2	peng_T10___Activated	-0.163175691553438	peng_T10	Peng	Activated	222
HALLMARK_MYC_TARGETS_V2	peng_T12___Normal	0.368940151043686	peng_T12	Peng	Normal	71
HALLMARK_MYC_TARGETS_V2	peng_T12___Activated	0.470313410375905	peng_T12	Peng	Activated	319
HALLMARK_MYC_TARGETS_V2	peng_T13___Normal	0.00881203087220453	peng_T13	Peng	Normal	199
HALLMARK_MYC_TARGETS_V2	peng_T13___Activated	0.107968635019318	peng_T13	Peng	Activated	522
HALLMARK_MYC_TARGETS_V2	peng_T14___Normal	0.152027592140496	peng_T14	Peng	Normal	108
HALLMARK_MYC_TARGETS_V2	peng_T14___Activated	-0.308246109178238	peng_T14	Peng	Activated	186
HALLMARK_MYC_TARGETS_V2	peng_T15___Normal	-0.222912258973145	peng_T15	Peng	Normal	140
HALLMARK_MYC_TARGETS_V2	peng_T15___Activated	-0.44448120612783	peng_T15	Peng	Activated	1165
HALLMARK_MYC_TARGETS_V2	peng_T16___Normal	0.141167794364214	peng_T16	Peng	Normal	94
HALLMARK_MYC_TARGETS_V2	peng_T16___Activated	0.0761930814671082	peng_T16	Peng	Activated	673
HALLMARK_MYC_TARGETS_V2	peng_T17___Normal	0.194281750349026	peng_T17	Peng	Normal	23
HALLMARK_MYC_TARGETS_V2	peng_T17___Activated	0.0143671377607213	peng_T17	Peng	Activated	305
HALLMARK_MYC_TARGETS_V2	peng_T18___Normal	0.437208326022356	peng_T18	Peng	Normal	81
HALLMARK_MYC_TARGETS_V2	peng_T18___Activated	0.442640209325091	peng_T18	Peng	Activated	967
HALLMARK_MYC_TARGETS_V2	peng_T19___Normal	-0.148300519296096	peng_T19	Peng	Normal	660
HALLMARK_MYC_TARGETS_V2	peng_T19___Activated	0.016733332976561	peng_T19	Peng	Activated	1046
HALLMARK_MYC_TARGETS_V2	peng_T2___Normal	0.204812126983671	peng_T2	Peng	Normal	25
HALLMARK_MYC_TARGETS_V2	peng_T2___Activated	0.24998669170306	peng_T2	Peng	Activated	62
HALLMARK_MYC_TARGETS_V2	peng_T20___Normal	0.505656783886825	peng_T20	Peng	Normal	58
HALLMARK_MYC_TARGETS_V2	peng_T20___Activated	0.348634593875557	peng_T20	Peng	Activated	93
HALLMARK_MYC_TARGETS_V2	peng_T22___Normal	0.0370671376889711	peng_T22	Peng	Normal	26
HALLMARK_MYC_TARGETS_V2	peng_T22___Activated	-0.366530781112846	peng_T22	Peng	Activated	118
HALLMARK_MYC_TARGETS_V2	peng_T23___Normal	0.166452384434397	peng_T23	Peng	Normal	56
HALLMARK_MYC_TARGETS_V2	peng_T23___Activated	-0.474843141584474	peng_T23	Peng	Activated	1282
HALLMARK_MYC_TARGETS_V2	peng_T24___Normal	-0.354264237905057	peng_T24	Peng	Normal	467
HALLMARK_MYC_TARGETS_V2	peng_T24___Activated	-0.582845349240148	peng_T24	Peng	Activated	917
HALLMARK_MYC_TARGETS_V2	peng_T3___Normal	0.30864742942627	peng_T3	Peng	Normal	119
HALLMARK_MYC_TARGETS_V2	peng_T3___Activated	-0.325682493183599	peng_T3	Peng	Activated	339
HALLMARK_MYC_TARGETS_V2	peng_T4___Normal	-0.0344363632934532	peng_T4	Peng	Normal	46
HALLMARK_MYC_TARGETS_V2	peng_T4___Activated	-0.17951353935101	peng_T4	Peng	Activated	176
HALLMARK_MYC_TARGETS_V2	peng_T5___Normal	0.300866120748755	peng_T5	Peng	Normal	173
HALLMARK_MYC_TARGETS_V2	peng_T5___Activated	0.308133435787804	peng_T5	Peng	Activated	238
HALLMARK_MYC_TARGETS_V2	peng_T6___Normal	-0.089994559125723	peng_T6	Peng	Normal	147
HALLMARK_MYC_TARGETS_V2	peng_T6___Activated	-0.0129578780528529	peng_T6	Peng	Activated	216
HALLMARK_MYC_TARGETS_V2	peng_T7___Normal	-0.0877484737407559	peng_T7	Peng	Normal	125
HALLMARK_MYC_TARGETS_V2	peng_T7___Activated	0.156280463580507	peng_T7	Peng	Activated	299
HALLMARK_MYOGENESIS	PDAC2___Normal	0.2777125231708	PDAC2	Powers	Normal	47
HALLMARK_MYOGENESIS	PDAC2___Activated	-0.119173383905854	PDAC2	Powers	Activated	1924
HALLMARK_MYOGENESIS	peng_N1___Normal	0.102284370116402	peng_N1	Peng	Normal	397
HALLMARK_MYOGENESIS	peng_N1___Activated	-0.128559582619233	peng_N1	Peng	Activated	381
HALLMARK_MYOGENESIS	peng_N10___Normal	0.0138666237020227	peng_N10	Peng	Normal	42
HALLMARK_MYOGENESIS	peng_N10___Activated	-0.0552483150155982	peng_N10	Peng	Activated	22
HALLMARK_MYOGENESIS	peng_N11___Normal	-0.181858228364221	peng_N11	Peng	Normal	28
HALLMARK_MYOGENESIS	peng_N11___Activated	-0.00105925055321388	peng_N11	Peng	Activated	22
HALLMARK_MYOGENESIS	peng_N2___Normal	0.0764086783184607	peng_N2	Peng	Normal	223
HALLMARK_MYOGENESIS	peng_N2___Activated	-0.184100408074815	peng_N2	Peng	Activated	232
HALLMARK_MYOGENESIS	peng_N3___Normal	0.123691628381737	peng_N3	Peng	Normal	172
HALLMARK_MYOGENESIS	peng_N3___Activated	-0.0573367629764494	peng_N3	Peng	Activated	40
HALLMARK_MYOGENESIS	peng_N4___Normal	0.00850574595511128	peng_N4	Peng	Normal	85
HALLMARK_MYOGENESIS	peng_N4___Activated	-0.00356010729715853	peng_N4	Peng	Activated	48
HALLMARK_MYOGENESIS	peng_N6___Normal	0.221718845233706	peng_N6	Peng	Normal	214
HALLMARK_MYOGENESIS	peng_N6___Activated	-0.0282873118081655	peng_N6	Peng	Activated	124
HALLMARK_MYOGENESIS	peng_N7___Normal	0.11068589119989	peng_N7	Peng	Normal	118
HALLMARK_MYOGENESIS	peng_N7___Activated	-0.152537709767053	peng_N7	Peng	Activated	58
HALLMARK_MYOGENESIS	peng_N8___Normal	0.235883367902418	peng_N8	Peng	Normal	263
HALLMARK_MYOGENESIS	peng_N8___Activated	-0.135682509052428	peng_N8	Peng	Activated	203
HALLMARK_MYOGENESIS	peng_N9___Normal	0.066761667705985	peng_N9	Peng	Normal	124
HALLMARK_MYOGENESIS	peng_N9___Activated	-0.180691656824731	peng_N9	Peng	Activated	235
HALLMARK_MYOGENESIS	peng_T1___Normal	-0.0402800813446902	peng_T1	Peng	Normal	89
HALLMARK_MYOGENESIS	peng_T1___Activated	-0.152180602453451	peng_T1	Peng	Activated	248
HALLMARK_MYOGENESIS	peng_T10___Normal	0.0901285882503849	peng_T10	Peng	Normal	112
HALLMARK_MYOGENESIS	peng_T10___Activated	-0.0247838036718032	peng_T10	Peng	Activated	222
HALLMARK_MYOGENESIS	peng_T12___Normal	-0.0758377096092687	peng_T12	Peng	Normal	71
HALLMARK_MYOGENESIS	peng_T12___Activated	-0.23378811448113	peng_T12	Peng	Activated	319
HALLMARK_MYOGENESIS	peng_T13___Normal	0.0405533122000607	peng_T13	Peng	Normal	199
HALLMARK_MYOGENESIS	peng_T13___Activated	-0.217455779073791	peng_T13	Peng	Activated	522
HALLMARK_MYOGENESIS	peng_T14___Normal	0.1378635297949	peng_T14	Peng	Normal	108
HALLMARK_MYOGENESIS	peng_T14___Activated	-0.0403977219494583	peng_T14	Peng	Activated	186
HALLMARK_MYOGENESIS	peng_T15___Normal	0.136525635463698	peng_T15	Peng	Normal	140
HALLMARK_MYOGENESIS	peng_T15___Activated	-0.111774472991724	peng_T15	Peng	Activated	1165
HALLMARK_MYOGENESIS	peng_T16___Normal	0.158635833105156	peng_T16	Peng	Normal	94
HALLMARK_MYOGENESIS	peng_T16___Activated	0.000403384797769163	peng_T16	Peng	Activated	673
HALLMARK_MYOGENESIS	peng_T17___Normal	0.0534609293872414	peng_T17	Peng	Normal	23
HALLMARK_MYOGENESIS	peng_T17___Activated	-0.180928312889606	peng_T17	Peng	Activated	305
HALLMARK_MYOGENESIS	peng_T18___Normal	0.241082101664865	peng_T18	Peng	Normal	81
HALLMARK_MYOGENESIS	peng_T18___Activated	-0.0540228843918595	peng_T18	Peng	Activated	967
HALLMARK_MYOGENESIS	peng_T19___Normal	0.0297664822228014	peng_T19	Peng	Normal	660
HALLMARK_MYOGENESIS	peng_T19___Activated	-0.230855011358062	peng_T19	Peng	Activated	1046
HALLMARK_MYOGENESIS	peng_T2___Normal	-0.126403320498845	peng_T2	Peng	Normal	25
HALLMARK_MYOGENESIS	peng_T2___Activated	-0.143622403482015	peng_T2	Peng	Activated	62
HALLMARK_MYOGENESIS	peng_T20___Normal	0.0384185895089781	peng_T20	Peng	Normal	58
HALLMARK_MYOGENESIS	peng_T20___Activated	-0.0185283632591274	peng_T20	Peng	Activated	93
HALLMARK_MYOGENESIS	peng_T22___Normal	0.141208060703062	peng_T22	Peng	Normal	26
HALLMARK_MYOGENESIS	peng_T22___Activated	0.109536723747747	peng_T22	Peng	Activated	118
HALLMARK_MYOGENESIS	peng_T23___Normal	0.100294982761026	peng_T23	Peng	Normal	56
HALLMARK_MYOGENESIS	peng_T23___Activated	-0.0975884483143038	peng_T23	Peng	Activated	1282
HALLMARK_MYOGENESIS	peng_T24___Normal	0.133618321644597	peng_T24	Peng	Normal	467
HALLMARK_MYOGENESIS	peng_T24___Activated	-0.136103487076656	peng_T24	Peng	Activated	917
HALLMARK_MYOGENESIS	peng_T3___Normal	0.0323895931345813	peng_T3	Peng	Normal	119
HALLMARK_MYOGENESIS	peng_T3___Activated	0.0164382228748564	peng_T3	Peng	Activated	339
HALLMARK_MYOGENESIS	peng_T4___Normal	0.0337112779815632	peng_T4	Peng	Normal	46
HALLMARK_MYOGENESIS	peng_T4___Activated	0.0753004627994949	peng_T4	Peng	Activated	176
HALLMARK_MYOGENESIS	peng_T5___Normal	-0.241881427392492	peng_T5	Peng	Normal	173
HALLMARK_MYOGENESIS	peng_T5___Activated	-0.265818153079827	peng_T5	Peng	Activated	238
HALLMARK_MYOGENESIS	peng_T6___Normal	0.181742935236726	peng_T6	Peng	Normal	147
HALLMARK_MYOGENESIS	peng_T6___Activated	0.0535160985733406	peng_T6	Peng	Activated	216
HALLMARK_MYOGENESIS	peng_T7___Normal	-0.0758512091088481	peng_T7	Peng	Normal	125
HALLMARK_MYOGENESIS	peng_T7___Activated	-0.174369431975479	peng_T7	Peng	Activated	299
HALLMARK_NOTCH_SIGNALING	PDAC2___Normal	0.144555196448131	PDAC2	Powers	Normal	47
HALLMARK_NOTCH_SIGNALING	PDAC2___Activated	-0.286976214783885	PDAC2	Powers	Activated	1924
HALLMARK_NOTCH_SIGNALING	peng_N1___Normal	0.0259375990758562	peng_N1	Peng	Normal	397
HALLMARK_NOTCH_SIGNALING	peng_N1___Activated	-0.0104971311345154	peng_N1	Peng	Activated	381
HALLMARK_NOTCH_SIGNALING	peng_N10___Normal	0.0487235037773306	peng_N10	Peng	Normal	42
HALLMARK_NOTCH_SIGNALING	peng_N10___Activated	0.187224663676353	peng_N10	Peng	Activated	22
HALLMARK_NOTCH_SIGNALING	peng_N11___Normal	0.167689474612676	peng_N11	Peng	Normal	28
HALLMARK_NOTCH_SIGNALING	peng_N11___Activated	0.176986086016598	peng_N11	Peng	Activated	22
HALLMARK_NOTCH_SIGNALING	peng_N2___Normal	0.0746207168054128	peng_N2	Peng	Normal	223
HALLMARK_NOTCH_SIGNALING	peng_N2___Activated	0.105545370633094	peng_N2	Peng	Activated	232
HALLMARK_NOTCH_SIGNALING	peng_N3___Normal	0.319419761539918	peng_N3	Peng	Normal	172
HALLMARK_NOTCH_SIGNALING	peng_N3___Activated	0.117475204429649	peng_N3	Peng	Activated	40
HALLMARK_NOTCH_SIGNALING	peng_N4___Normal	0.255291302007804	peng_N4	Peng	Normal	85
HALLMARK_NOTCH_SIGNALING	peng_N4___Activated	0.241724553621101	peng_N4	Peng	Activated	48
HALLMARK_NOTCH_SIGNALING	peng_N6___Normal	0.325378228100591	peng_N6	Peng	Normal	214
HALLMARK_NOTCH_SIGNALING	peng_N6___Activated	0.159327438095102	peng_N6	Peng	Activated	124
HALLMARK_NOTCH_SIGNALING	peng_N7___Normal	0.114060197895798	peng_N7	Peng	Normal	118
HALLMARK_NOTCH_SIGNALING	peng_N7___Activated	0.177067950714469	peng_N7	Peng	Activated	58
HALLMARK_NOTCH_SIGNALING	peng_N8___Normal	0.0886531487537824	peng_N8	Peng	Normal	263
HALLMARK_NOTCH_SIGNALING	peng_N8___Activated	0.209391326522372	peng_N8	Peng	Activated	203
HALLMARK_NOTCH_SIGNALING	peng_N9___Normal	0.182868236385226	peng_N9	Peng	Normal	124
HALLMARK_NOTCH_SIGNALING	peng_N9___Activated	0.104045527211305	peng_N9	Peng	Activated	235
HALLMARK_NOTCH_SIGNALING	peng_T1___Normal	-0.176522330576829	peng_T1	Peng	Normal	89
HALLMARK_NOTCH_SIGNALING	peng_T1___Activated	0.0603702805803729	peng_T1	Peng	Activated	248
HALLMARK_NOTCH_SIGNALING	peng_T10___Normal	-0.155532096274382	peng_T10	Peng	Normal	112
HALLMARK_NOTCH_SIGNALING	peng_T10___Activated	0.208631222409727	peng_T10	Peng	Activated	222
HALLMARK_NOTCH_SIGNALING	peng_T12___Normal	-0.284871799737837	peng_T12	Peng	Normal	71
HALLMARK_NOTCH_SIGNALING	peng_T12___Activated	0.0922230858045737	peng_T12	Peng	Activated	319
HALLMARK_NOTCH_SIGNALING	peng_T13___Normal	-0.177041666975105	peng_T13	Peng	Normal	199
HALLMARK_NOTCH_SIGNALING	peng_T13___Activated	-0.0747129662469861	peng_T13	Peng	Activated	522
HALLMARK_NOTCH_SIGNALING	peng_T14___Normal	-0.184320619444887	peng_T14	Peng	Normal	108
HALLMARK_NOTCH_SIGNALING	peng_T14___Activated	0.0149747968804184	peng_T14	Peng	Activated	186
HALLMARK_NOTCH_SIGNALING	peng_T15___Normal	-0.146913919534755	peng_T15	Peng	Normal	140
HALLMARK_NOTCH_SIGNALING	peng_T15___Activated	0.022425801200784	peng_T15	Peng	Activated	1165
HALLMARK_NOTCH_SIGNALING	peng_T16___Normal	-0.184256902177266	peng_T16	Peng	Normal	94
HALLMARK_NOTCH_SIGNALING	peng_T16___Activated	-0.145466626413722	peng_T16	Peng	Activated	673
HALLMARK_NOTCH_SIGNALING	peng_T17___Normal	-0.0484690728222403	peng_T17	Peng	Normal	23
HALLMARK_NOTCH_SIGNALING	peng_T17___Activated	-0.233168023351238	peng_T17	Peng	Activated	305
HALLMARK_NOTCH_SIGNALING	peng_T18___Normal	0.118301691842634	peng_T18	Peng	Normal	81
HALLMARK_NOTCH_SIGNALING	peng_T18___Activated	-0.118508908857483	peng_T18	Peng	Activated	967
HALLMARK_NOTCH_SIGNALING	peng_T19___Normal	-0.43032870735145	peng_T19	Peng	Normal	660
HALLMARK_NOTCH_SIGNALING	peng_T19___Activated	-0.499409367665002	peng_T19	Peng	Activated	1046
HALLMARK_NOTCH_SIGNALING	peng_T2___Normal	-0.423299381868357	peng_T2	Peng	Normal	25
HALLMARK_NOTCH_SIGNALING	peng_T2___Activated	-0.154140837549911	peng_T2	Peng	Activated	62
HALLMARK_NOTCH_SIGNALING	peng_T20___Normal	-0.0885456938221188	peng_T20	Peng	Normal	58
HALLMARK_NOTCH_SIGNALING	peng_T20___Activated	-0.149442864165934	peng_T20	Peng	Activated	93
HALLMARK_NOTCH_SIGNALING	peng_T22___Normal	-0.132183427216374	peng_T22	Peng	Normal	26
HALLMARK_NOTCH_SIGNALING	peng_T22___Activated	-0.153767820574108	peng_T22	Peng	Activated	118
HALLMARK_NOTCH_SIGNALING	peng_T23___Normal	-0.296845853372344	peng_T23	Peng	Normal	56
HALLMARK_NOTCH_SIGNALING	peng_T23___Activated	-0.133749450582739	peng_T23	Peng	Activated	1282
HALLMARK_NOTCH_SIGNALING	peng_T24___Normal	-0.388591074171704	peng_T24	Peng	Normal	467
HALLMARK_NOTCH_SIGNALING	peng_T24___Activated	-0.133466536572357	peng_T24	Peng	Activated	917
HALLMARK_NOTCH_SIGNALING	peng_T3___Normal	-0.430457057214351	peng_T3	Peng	Normal	119
HALLMARK_NOTCH_SIGNALING	peng_T3___Activated	0.00708626081113622	peng_T3	Peng	Activated	339
HALLMARK_NOTCH_SIGNALING	peng_T4___Normal	-0.147051346375489	peng_T4	Peng	Normal	46
HALLMARK_NOTCH_SIGNALING	peng_T4___Activated	0.16019126442284	peng_T4	Peng	Activated	176
HALLMARK_NOTCH_SIGNALING	peng_T5___Normal	-0.20923470313153	peng_T5	Peng	Normal	173
HALLMARK_NOTCH_SIGNALING	peng_T5___Activated	-0.0210240362786394	peng_T5	Peng	Activated	238
HALLMARK_NOTCH_SIGNALING	peng_T6___Normal	-0.138885899051514	peng_T6	Peng	Normal	147
HALLMARK_NOTCH_SIGNALING	peng_T6___Activated	-0.133890803922563	peng_T6	Peng	Activated	216
HALLMARK_NOTCH_SIGNALING	peng_T7___Normal	0.0267464747247796	peng_T7	Peng	Normal	125
HALLMARK_NOTCH_SIGNALING	peng_T7___Activated	-0.0398368922428882	peng_T7	Peng	Activated	299
HALLMARK_OXIDATIVE_PHOSPHORYLATION	PDAC2___Normal	0.0686308944471878	PDAC2	Powers	Normal	47
HALLMARK_OXIDATIVE_PHOSPHORYLATION	PDAC2___Activated	-0.495719218055097	PDAC2	Powers	Activated	1924
HALLMARK_OXIDATIVE_PHOSPHORYLATION	peng_N1___Normal	0.498231643589444	peng_N1	Peng	Normal	397
HALLMARK_OXIDATIVE_PHOSPHORYLATION	peng_N1___Activated	-0.396538261956861	peng_N1	Peng	Activated	381
HALLMARK_OXIDATIVE_PHOSPHORYLATION	peng_N10___Normal	0.310348688694459	peng_N10	Peng	Normal	42
HALLMARK_OXIDATIVE_PHOSPHORYLATION	peng_N10___Activated	-0.302797996895577	peng_N10	Peng	Activated	22
HALLMARK_OXIDATIVE_PHOSPHORYLATION	peng_N11___Normal	-0.213092020888761	peng_N11	Peng	Normal	28
HALLMARK_OXIDATIVE_PHOSPHORYLATION	peng_N11___Activated	-0.20139202942309	peng_N11	Peng	Activated	22
HALLMARK_OXIDATIVE_PHOSPHORYLATION	peng_N2___Normal	0.509212685644462	peng_N2	Peng	Normal	223
HALLMARK_OXIDATIVE_PHOSPHORYLATION	peng_N2___Activated	-0.178119773598581	peng_N2	Peng	Activated	232
HALLMARK_OXIDATIVE_PHOSPHORYLATION	peng_N3___Normal	0.400449512482562	peng_N3	Peng	Normal	172
HALLMARK_OXIDATIVE_PHOSPHORYLATION	peng_N3___Activated	-0.0655056536097252	peng_N3	Peng	Activated	40
HALLMARK_OXIDATIVE_PHOSPHORYLATION	peng_N4___Normal	0.0398641671679859	peng_N4	Peng	Normal	85
HALLMARK_OXIDATIVE_PHOSPHORYLATION	peng_N4___Activated	-0.269877726529672	peng_N4	Peng	Activated	48
HALLMARK_OXIDATIVE_PHOSPHORYLATION	peng_N6___Normal	0.203910542160223	peng_N6	Peng	Normal	214
HALLMARK_OXIDATIVE_PHOSPHORYLATION	peng_N6___Activated	-0.536324468889121	peng_N6	Peng	Activated	124
HALLMARK_OXIDATIVE_PHOSPHORYLATION	peng_N7___Normal	0.455471117275333	peng_N7	Peng	Normal	118
HALLMARK_OXIDATIVE_PHOSPHORYLATION	peng_N7___Activated	-0.384882761184981	peng_N7	Peng	Activated	58
HALLMARK_OXIDATIVE_PHOSPHORYLATION	peng_N8___Normal	0.48923239592588	peng_N8	Peng	Normal	263
HALLMARK_OXIDATIVE_PHOSPHORYLATION	peng_N8___Activated	-0.474815634514634	peng_N8	Peng	Activated	203
HALLMARK_OXIDATIVE_PHOSPHORYLATION	peng_N9___Normal	0.351956073739431	peng_N9	Peng	Normal	124
HALLMARK_OXIDATIVE_PHOSPHORYLATION	peng_N9___Activated	-0.4930037136708	peng_N9	Peng	Activated	235
HALLMARK_OXIDATIVE_PHOSPHORYLATION	peng_T1___Normal	0.0101097989291627	peng_T1	Peng	Normal	89
HALLMARK_OXIDATIVE_PHOSPHORYLATION	peng_T1___Activated	-0.33701722399748	peng_T1	Peng	Activated	248
HALLMARK_OXIDATIVE_PHOSPHORYLATION	peng_T10___Normal	-0.00685361312197275	peng_T10	Peng	Normal	112
HALLMARK_OXIDATIVE_PHOSPHORYLATION	peng_T10___Activated	-0.42479993304527	peng_T10	Peng	Activated	222
HALLMARK_OXIDATIVE_PHOSPHORYLATION	peng_T12___Normal	0.339729118772243	peng_T12	Peng	Normal	71
HALLMARK_OXIDATIVE_PHOSPHORYLATION	peng_T12___Activated	0.0751948792588804	peng_T12	Peng	Activated	319
HALLMARK_OXIDATIVE_PHOSPHORYLATION	peng_T13___Normal	0.485560396385426	peng_T13	Peng	Normal	199
HALLMARK_OXIDATIVE_PHOSPHORYLATION	peng_T13___Activated	-0.21100127196679	peng_T13	Peng	Activated	522
HALLMARK_OXIDATIVE_PHOSPHORYLATION	peng_T14___Normal	0.354353570645926	peng_T14	Peng	Normal	108
HALLMARK_OXIDATIVE_PHOSPHORYLATION	peng_T14___Activated	-0.406724918158077	peng_T14	Peng	Activated	186
HALLMARK_OXIDATIVE_PHOSPHORYLATION	peng_T15___Normal	0.221912733116181	peng_T15	Peng	Normal	140
HALLMARK_OXIDATIVE_PHOSPHORYLATION	peng_T15___Activated	-0.665628486019334	peng_T15	Peng	Activated	1165
HALLMARK_OXIDATIVE_PHOSPHORYLATION	peng_T16___Normal	0.136029554458332	peng_T16	Peng	Normal	94
HALLMARK_OXIDATIVE_PHOSPHORYLATION	peng_T16___Activated	-0.385732314845316	peng_T16	Peng	Activated	673
HALLMARK_OXIDATIVE_PHOSPHORYLATION	peng_T17___Normal	0.397298406816808	peng_T17	Peng	Normal	23
HALLMARK_OXIDATIVE_PHOSPHORYLATION	peng_T17___Activated	-0.116200934562899	peng_T17	Peng	Activated	305
HALLMARK_OXIDATIVE_PHOSPHORYLATION	peng_T18___Normal	0.0896698651358228	peng_T18	Peng	Normal	81
HALLMARK_OXIDATIVE_PHOSPHORYLATION	peng_T18___Activated	-0.290822280383019	peng_T18	Peng	Activated	967
HALLMARK_OXIDATIVE_PHOSPHORYLATION	peng_T19___Normal	0.0957492308920246	peng_T19	Peng	Normal	660
HALLMARK_OXIDATIVE_PHOSPHORYLATION	peng_T19___Activated	-0.336112518721515	peng_T19	Peng	Activated	1046
HALLMARK_OXIDATIVE_PHOSPHORYLATION	peng_T2___Normal	0.378360417130149	peng_T2	Peng	Normal	25
HALLMARK_OXIDATIVE_PHOSPHORYLATION	peng_T2___Activated	-0.144122128844557	peng_T2	Peng	Activated	62
HALLMARK_OXIDATIVE_PHOSPHORYLATION	peng_T20___Normal	0.368374067291463	peng_T20	Peng	Normal	58
HALLMARK_OXIDATIVE_PHOSPHORYLATION	peng_T20___Activated	0.00264454660881824	peng_T20	Peng	Activated	93
HALLMARK_OXIDATIVE_PHOSPHORYLATION	peng_T22___Normal	0.140257964811241	peng_T22	Peng	Normal	26
HALLMARK_OXIDATIVE_PHOSPHORYLATION	peng_T22___Activated	-0.295194640489909	peng_T22	Peng	Activated	118
HALLMARK_OXIDATIVE_PHOSPHORYLATION	peng_T23___Normal	0.222717707972588	peng_T23	Peng	Normal	56
HALLMARK_OXIDATIVE_PHOSPHORYLATION	peng_T23___Activated	-0.686201458377815	peng_T23	Peng	Activated	1282
HALLMARK_OXIDATIVE_PHOSPHORYLATION	peng_T24___Normal	0.291018810861935	peng_T24	Peng	Normal	467
HALLMARK_OXIDATIVE_PHOSPHORYLATION	peng_T24___Activated	-0.679056177096328	peng_T24	Peng	Activated	917
HALLMARK_OXIDATIVE_PHOSPHORYLATION	peng_T3___Normal	0.00452599033414924	peng_T3	Peng	Normal	119
HALLMARK_OXIDATIVE_PHOSPHORYLATION	peng_T3___Activated	-0.507667692668336	peng_T3	Peng	Activated	339
HALLMARK_OXIDATIVE_PHOSPHORYLATION	peng_T4___Normal	0.149127460797859	peng_T4	Peng	Normal	46
HALLMARK_OXIDATIVE_PHOSPHORYLATION	peng_T4___Activated	-0.483241937722924	peng_T4	Peng	Activated	176
HALLMARK_OXIDATIVE_PHOSPHORYLATION	peng_T5___Normal	0.136570224995203	peng_T5	Peng	Normal	173
HALLMARK_OXIDATIVE_PHOSPHORYLATION	peng_T5___Activated	-0.273202812661113	peng_T5	Peng	Activated	238
HALLMARK_OXIDATIVE_PHOSPHORYLATION	peng_T6___Normal	0.381847810448449	peng_T6	Peng	Normal	147
HALLMARK_OXIDATIVE_PHOSPHORYLATION	peng_T6___Activated	-0.245228352989231	peng_T6	Peng	Activated	216
HALLMARK_OXIDATIVE_PHOSPHORYLATION	peng_T7___Normal	0.111689275979028	peng_T7	Peng	Normal	125
HALLMARK_OXIDATIVE_PHOSPHORYLATION	peng_T7___Activated	-0.361558428992416	peng_T7	Peng	Activated	299
HALLMARK_P53_PATHWAY	PDAC2___Normal	0.147620035269213	PDAC2	Powers	Normal	47
HALLMARK_P53_PATHWAY	PDAC2___Activated	0.0513729964205743	PDAC2	Powers	Activated	1924
HALLMARK_P53_PATHWAY	peng_N1___Normal	0.00381302466886396	peng_N1	Peng	Normal	397
HALLMARK_P53_PATHWAY	peng_N1___Activated	0.0292894775474516	peng_N1	Peng	Activated	381
HALLMARK_P53_PATHWAY	peng_N10___Normal	0.132188980923653	peng_N10	Peng	Normal	42
HALLMARK_P53_PATHWAY	peng_N10___Activated	0.10419267497687	peng_N10	Peng	Activated	22
HALLMARK_P53_PATHWAY	peng_N11___Normal	0.0223722540776729	peng_N11	Peng	Normal	28
HALLMARK_P53_PATHWAY	peng_N11___Activated	-0.0200348674651922	peng_N11	Peng	Activated	22
HALLMARK_P53_PATHWAY	peng_N2___Normal	-0.128881340589679	peng_N2	Peng	Normal	223
HALLMARK_P53_PATHWAY	peng_N2___Activated	-0.129096729737248	peng_N2	Peng	Activated	232
HALLMARK_P53_PATHWAY	peng_N3___Normal	-0.149828846136724	peng_N3	Peng	Normal	172
HALLMARK_P53_PATHWAY	peng_N3___Activated	-0.157539513196763	peng_N3	Peng	Activated	40
HALLMARK_P53_PATHWAY	peng_N4___Normal	0.0119074484278566	peng_N4	Peng	Normal	85
HALLMARK_P53_PATHWAY	peng_N4___Activated	-0.0666253134149367	peng_N4	Peng	Activated	48
HALLMARK_P53_PATHWAY	peng_N6___Normal	-0.212826325809334	peng_N6	Peng	Normal	214
HALLMARK_P53_PATHWAY	peng_N6___Activated	-0.0498815140562751	peng_N6	Peng	Activated	124
HALLMARK_P53_PATHWAY	peng_N7___Normal	-0.0457775077626841	peng_N7	Peng	Normal	118
HALLMARK_P53_PATHWAY	peng_N7___Activated	0.0900608761155886	peng_N7	Peng	Activated	58
HALLMARK_P53_PATHWAY	peng_N8___Normal	-0.0692939945614771	peng_N8	Peng	Normal	263
HALLMARK_P53_PATHWAY	peng_N8___Activated	-0.0461802964875353	peng_N8	Peng	Activated	203
HALLMARK_P53_PATHWAY	peng_N9___Normal	0.0482322083497795	peng_N9	Peng	Normal	124
HALLMARK_P53_PATHWAY	peng_N9___Activated	-0.0516823106515453	peng_N9	Peng	Activated	235
HALLMARK_P53_PATHWAY	peng_T1___Normal	0.118754616304225	peng_T1	Peng	Normal	89
HALLMARK_P53_PATHWAY	peng_T1___Activated	-0.121394338043967	peng_T1	Peng	Activated	248
HALLMARK_P53_PATHWAY	peng_T10___Normal	-0.0492752188540686	peng_T10	Peng	Normal	112
HALLMARK_P53_PATHWAY	peng_T10___Activated	0.0148312348875583	peng_T10	Peng	Activated	222
HALLMARK_P53_PATHWAY	peng_T12___Normal	-0.0052930723773692	peng_T12	Peng	Normal	71
HALLMARK_P53_PATHWAY	peng_T12___Activated	-0.180395367492022	peng_T12	Peng	Activated	319
HALLMARK_P53_PATHWAY	peng_T13___Normal	-0.226231634990806	peng_T13	Peng	Normal	199
HALLMARK_P53_PATHWAY	peng_T13___Activated	-0.102282029198165	peng_T13	Peng	Activated	522
HALLMARK_P53_PATHWAY	peng_T14___Normal	-0.0448814474509477	peng_T14	Peng	Normal	108
HALLMARK_P53_PATHWAY	peng_T14___Activated	0.0302277385180789	peng_T14	Peng	Activated	186
HALLMARK_P53_PATHWAY	peng_T15___Normal	-0.199767621659643	peng_T15	Peng	Normal	140
HALLMARK_P53_PATHWAY	peng_T15___Activated	-0.146197903451252	peng_T15	Peng	Activated	1165
HALLMARK_P53_PATHWAY	peng_T16___Normal	-0.0103611336202325	peng_T16	Peng	Normal	94
HALLMARK_P53_PATHWAY	peng_T16___Activated	-0.00504075632179873	peng_T16	Peng	Activated	673
HALLMARK_P53_PATHWAY	peng_T17___Normal	-0.0508515482517015	peng_T17	Peng	Normal	23
HALLMARK_P53_PATHWAY	peng_T17___Activated	-0.0514351025940714	peng_T17	Peng	Activated	305
HALLMARK_P53_PATHWAY	peng_T18___Normal	-0.0825046001096701	peng_T18	Peng	Normal	81
HALLMARK_P53_PATHWAY	peng_T18___Activated	-0.101724712798733	peng_T18	Peng	Activated	967
HALLMARK_P53_PATHWAY	peng_T19___Normal	-0.0715089576029283	peng_T19	Peng	Normal	660
HALLMARK_P53_PATHWAY	peng_T19___Activated	-0.0323659712935926	peng_T19	Peng	Activated	1046
HALLMARK_P53_PATHWAY	peng_T2___Normal	-0.162610917339347	peng_T2	Peng	Normal	25
HALLMARK_P53_PATHWAY	peng_T2___Activated	-0.0894250749357381	peng_T2	Peng	Activated	62
HALLMARK_P53_PATHWAY	peng_T20___Normal	0.147530314057704	peng_T20	Peng	Normal	58
HALLMARK_P53_PATHWAY	peng_T20___Activated	0.0692762460751681	peng_T20	Peng	Activated	93
HALLMARK_P53_PATHWAY	peng_T22___Normal	0.095500148492462	peng_T22	Peng	Normal	26
HALLMARK_P53_PATHWAY	peng_T22___Activated	-0.0880024525142126	peng_T22	Peng	Activated	118
HALLMARK_P53_PATHWAY	peng_T23___Normal	-0.058432359704514	peng_T23	Peng	Normal	56
HALLMARK_P53_PATHWAY	peng_T23___Activated	-0.135567818548275	peng_T23	Peng	Activated	1282
HALLMARK_P53_PATHWAY	peng_T24___Normal	-0.11541184904131	peng_T24	Peng	Normal	467
HALLMARK_P53_PATHWAY	peng_T24___Activated	-0.0596675055943123	peng_T24	Peng	Activated	917
HALLMARK_P53_PATHWAY	peng_T3___Normal	0.157098462892485	peng_T3	Peng	Normal	119
HALLMARK_P53_PATHWAY	peng_T3___Activated	0.00221885889535905	peng_T3	Peng	Activated	339
HALLMARK_P53_PATHWAY	peng_T4___Normal	-0.0175806402194124	peng_T4	Peng	Normal	46
HALLMARK_P53_PATHWAY	peng_T4___Activated	0.0134941623658988	peng_T4	Peng	Activated	176
HALLMARK_P53_PATHWAY	peng_T5___Normal	-0.06388935547034	peng_T5	Peng	Normal	173
HALLMARK_P53_PATHWAY	peng_T5___Activated	-0.0394871864020273	peng_T5	Peng	Activated	238
HALLMARK_P53_PATHWAY	peng_T6___Normal	-0.0206818854363597	peng_T6	Peng	Normal	147
HALLMARK_P53_PATHWAY	peng_T6___Activated	0.0607610479169116	peng_T6	Peng	Activated	216
HALLMARK_P53_PATHWAY	peng_T7___Normal	-0.205078721080323	peng_T7	Peng	Normal	125
HALLMARK_P53_PATHWAY	peng_T7___Activated	-0.0730147311936666	peng_T7	Peng	Activated	299
HALLMARK_PANCREAS_BETA_CELLS	PDAC2___Normal	0.211858547679316	PDAC2	Powers	Normal	47
HALLMARK_PANCREAS_BETA_CELLS	PDAC2___Activated	0.286003474784431	PDAC2	Powers	Activated	1924
HALLMARK_PANCREAS_BETA_CELLS	peng_N1___Normal	0.25775795747417	peng_N1	Peng	Normal	397
HALLMARK_PANCREAS_BETA_CELLS	peng_N1___Activated	0.409058287492603	peng_N1	Peng	Activated	381
HALLMARK_PANCREAS_BETA_CELLS	peng_N10___Normal	0.00342551988146272	peng_N10	Peng	Normal	42
HALLMARK_PANCREAS_BETA_CELLS	peng_N10___Activated	0.225552599427178	peng_N10	Peng	Activated	22
HALLMARK_PANCREAS_BETA_CELLS	peng_N11___Normal	0.193675916565249	peng_N11	Peng	Normal	28
HALLMARK_PANCREAS_BETA_CELLS	peng_N11___Activated	0.0210307647033157	peng_N11	Peng	Activated	22
HALLMARK_PANCREAS_BETA_CELLS	peng_N2___Normal	0.320762952565653	peng_N2	Peng	Normal	223
HALLMARK_PANCREAS_BETA_CELLS	peng_N2___Activated	0.491575084916974	peng_N2	Peng	Activated	232
HALLMARK_PANCREAS_BETA_CELLS	peng_N3___Normal	0.150187048031241	peng_N3	Peng	Normal	172
HALLMARK_PANCREAS_BETA_CELLS	peng_N3___Activated	0.264263381965138	peng_N3	Peng	Activated	40
HALLMARK_PANCREAS_BETA_CELLS	peng_N4___Normal	-0.083796006616394	peng_N4	Peng	Normal	85
HALLMARK_PANCREAS_BETA_CELLS	peng_N4___Activated	0.131786842509467	peng_N4	Peng	Activated	48
HALLMARK_PANCREAS_BETA_CELLS	peng_N6___Normal	-0.0426803097586003	peng_N6	Peng	Normal	214
HALLMARK_PANCREAS_BETA_CELLS	peng_N6___Activated	0.187498984154779	peng_N6	Peng	Activated	124
HALLMARK_PANCREAS_BETA_CELLS	peng_N7___Normal	0.301000552814528	peng_N7	Peng	Normal	118
HALLMARK_PANCREAS_BETA_CELLS	peng_N7___Activated	0.289426562125254	peng_N7	Peng	Activated	58
HALLMARK_PANCREAS_BETA_CELLS	peng_N8___Normal	0.095638615173523	peng_N8	Peng	Normal	263
HALLMARK_PANCREAS_BETA_CELLS	peng_N8___Activated	0.341170510501798	peng_N8	Peng	Activated	203
HALLMARK_PANCREAS_BETA_CELLS	peng_N9___Normal	0.222384565225874	peng_N9	Peng	Normal	124
HALLMARK_PANCREAS_BETA_CELLS	peng_N9___Activated	0.405224036934632	peng_N9	Peng	Activated	235
HALLMARK_PANCREAS_BETA_CELLS	peng_T1___Normal	-0.125761665630044	peng_T1	Peng	Normal	89
HALLMARK_PANCREAS_BETA_CELLS	peng_T1___Activated	0.0899032187985677	peng_T1	Peng	Activated	248
HALLMARK_PANCREAS_BETA_CELLS	peng_T10___Normal	-0.152437095955821	peng_T10	Peng	Normal	112
HALLMARK_PANCREAS_BETA_CELLS	peng_T10___Activated	-0.340384066421999	peng_T10	Peng	Activated	222
HALLMARK_PANCREAS_BETA_CELLS	peng_T12___Normal	-0.183683192214702	peng_T12	Peng	Normal	71
HALLMARK_PANCREAS_BETA_CELLS	peng_T12___Activated	-0.303086434669947	peng_T12	Peng	Activated	319
HALLMARK_PANCREAS_BETA_CELLS	peng_T13___Normal	-0.259400813743582	peng_T13	Peng	Normal	199
HALLMARK_PANCREAS_BETA_CELLS	peng_T13___Activated	0.0435769468389733	peng_T13	Peng	Activated	522
HALLMARK_PANCREAS_BETA_CELLS	peng_T14___Normal	-0.0796308259144116	peng_T14	Peng	Normal	108
HALLMARK_PANCREAS_BETA_CELLS	peng_T14___Activated	-0.195401698643353	peng_T14	Peng	Activated	186
HALLMARK_PANCREAS_BETA_CELLS	peng_T15___Normal	0.212439085528712	peng_T15	Peng	Normal	140
HALLMARK_PANCREAS_BETA_CELLS	peng_T15___Activated	0.261189937308392	peng_T15	Peng	Activated	1165
HALLMARK_PANCREAS_BETA_CELLS	peng_T16___Normal	-0.121560813355999	peng_T16	Peng	Normal	94
HALLMARK_PANCREAS_BETA_CELLS	peng_T16___Activated	-0.119465604267947	peng_T16	Peng	Activated	673
HALLMARK_PANCREAS_BETA_CELLS	peng_T17___Normal	-0.0825900162546532	peng_T17	Peng	Normal	23
HALLMARK_PANCREAS_BETA_CELLS	peng_T17___Activated	-0.0573792743184551	peng_T17	Peng	Activated	305
HALLMARK_PANCREAS_BETA_CELLS	peng_T18___Normal	-0.284091855757633	peng_T18	Peng	Normal	81
HALLMARK_PANCREAS_BETA_CELLS	peng_T18___Activated	-0.0964319244760121	peng_T18	Peng	Activated	967
HALLMARK_PANCREAS_BETA_CELLS	peng_T19___Normal	0.0833253864244579	peng_T19	Peng	Normal	660
HALLMARK_PANCREAS_BETA_CELLS	peng_T19___Activated	0.0984693499849418	peng_T19	Peng	Activated	1046
HALLMARK_PANCREAS_BETA_CELLS	peng_T2___Normal	-0.0791321285911855	peng_T2	Peng	Normal	25
HALLMARK_PANCREAS_BETA_CELLS	peng_T2___Activated	-0.168324119744724	peng_T2	Peng	Activated	62
HALLMARK_PANCREAS_BETA_CELLS	peng_T20___Normal	-0.124612822891677	peng_T20	Peng	Normal	58
HALLMARK_PANCREAS_BETA_CELLS	peng_T20___Activated	-0.234858398203464	peng_T20	Peng	Activated	93
HALLMARK_PANCREAS_BETA_CELLS	peng_T22___Normal	0.185446118263398	peng_T22	Peng	Normal	26
HALLMARK_PANCREAS_BETA_CELLS	peng_T22___Activated	-0.401510601579723	peng_T22	Peng	Activated	118
HALLMARK_PANCREAS_BETA_CELLS	peng_T23___Normal	0.121245300177645	peng_T23	Peng	Normal	56
HALLMARK_PANCREAS_BETA_CELLS	peng_T23___Activated	-0.118630940774713	peng_T23	Peng	Activated	1282
HALLMARK_PANCREAS_BETA_CELLS	peng_T24___Normal	0.303763115182185	peng_T24	Peng	Normal	467
HALLMARK_PANCREAS_BETA_CELLS	peng_T24___Activated	0.340285244020111	peng_T24	Peng	Activated	917
HALLMARK_PANCREAS_BETA_CELLS	peng_T3___Normal	-0.253553170684957	peng_T3	Peng	Normal	119
HALLMARK_PANCREAS_BETA_CELLS	peng_T3___Activated	-0.182908050801359	peng_T3	Peng	Activated	339
HALLMARK_PANCREAS_BETA_CELLS	peng_T4___Normal	-0.0480230012710391	peng_T4	Peng	Normal	46
HALLMARK_PANCREAS_BETA_CELLS	peng_T4___Activated	-0.179088002013672	peng_T4	Peng	Activated	176
HALLMARK_PANCREAS_BETA_CELLS	peng_T5___Normal	0.298716567143132	peng_T5	Peng	Normal	173
HALLMARK_PANCREAS_BETA_CELLS	peng_T5___Activated	0.177669954130807	peng_T5	Peng	Activated	238
HALLMARK_PANCREAS_BETA_CELLS	peng_T6___Normal	0.230300727300357	peng_T6	Peng	Normal	147
HALLMARK_PANCREAS_BETA_CELLS	peng_T6___Activated	0.437493721932499	peng_T6	Peng	Activated	216
HALLMARK_PANCREAS_BETA_CELLS	peng_T7___Normal	-0.0279342883467882	peng_T7	Peng	Normal	125
HALLMARK_PANCREAS_BETA_CELLS	peng_T7___Activated	-0.197563327026753	peng_T7	Peng	Activated	299
HALLMARK_PEROXISOME	PDAC2___Normal	0.0668966789342158	PDAC2	Powers	Normal	47
HALLMARK_PEROXISOME	PDAC2___Activated	-0.156047611287669	PDAC2	Powers	Activated	1924
HALLMARK_PEROXISOME	peng_N1___Normal	0.11755414619025	peng_N1	Peng	Normal	397
HALLMARK_PEROXISOME	peng_N1___Activated	-0.0772129440053378	peng_N1	Peng	Activated	381
HALLMARK_PEROXISOME	peng_N10___Normal	0.227388161935734	peng_N10	Peng	Normal	42
HALLMARK_PEROXISOME	peng_N10___Activated	-0.166564111128217	peng_N10	Peng	Activated	22
HALLMARK_PEROXISOME	peng_N11___Normal	0.0803823265405013	peng_N11	Peng	Normal	28
HALLMARK_PEROXISOME	peng_N11___Activated	0.100158514444339	peng_N11	Peng	Activated	22
HALLMARK_PEROXISOME	peng_N2___Normal	0.144978716480876	peng_N2	Peng	Normal	223
HALLMARK_PEROXISOME	peng_N2___Activated	0.230245197302593	peng_N2	Peng	Activated	232
HALLMARK_PEROXISOME	peng_N3___Normal	0.0219060694908298	peng_N3	Peng	Normal	172
HALLMARK_PEROXISOME	peng_N3___Activated	0.057300815344489	peng_N3	Peng	Activated	40
HALLMARK_PEROXISOME	peng_N4___Normal	0.0458258976033546	peng_N4	Peng	Normal	85
HALLMARK_PEROXISOME	peng_N4___Activated	-0.0209558552409704	peng_N4	Peng	Activated	48
HALLMARK_PEROXISOME	peng_N6___Normal	-0.0583802460358535	peng_N6	Peng	Normal	214
HALLMARK_PEROXISOME	peng_N6___Activated	0.00898330897734811	peng_N6	Peng	Activated	124
HALLMARK_PEROXISOME	peng_N7___Normal	0.16483248841294	peng_N7	Peng	Normal	118
HALLMARK_PEROXISOME	peng_N7___Activated	-0.137964077299519	peng_N7	Peng	Activated	58
HALLMARK_PEROXISOME	peng_N8___Normal	-0.00916602150053139	peng_N8	Peng	Normal	263
HALLMARK_PEROXISOME	peng_N8___Activated	-0.0700025647895764	peng_N8	Peng	Activated	203
HALLMARK_PEROXISOME	peng_N9___Normal	-0.059963544288232	peng_N9	Peng	Normal	124
HALLMARK_PEROXISOME	peng_N9___Activated	0.0805310468316533	peng_N9	Peng	Activated	235
HALLMARK_PEROXISOME	peng_T1___Normal	-0.0563566535173662	peng_T1	Peng	Normal	89
HALLMARK_PEROXISOME	peng_T1___Activated	-0.0837147395672524	peng_T1	Peng	Activated	248
HALLMARK_PEROXISOME	peng_T10___Normal	-0.111560359764385	peng_T10	Peng	Normal	112
HALLMARK_PEROXISOME	peng_T10___Activated	-0.191833092325811	peng_T10	Peng	Activated	222
HALLMARK_PEROXISOME	peng_T12___Normal	-0.135183678912124	peng_T12	Peng	Normal	71
HALLMARK_PEROXISOME	peng_T12___Activated	-0.0469547207698429	peng_T12	Peng	Activated	319
HALLMARK_PEROXISOME	peng_T13___Normal	0.117936511734749	peng_T13	Peng	Normal	199
HALLMARK_PEROXISOME	peng_T13___Activated	-0.114768920577044	peng_T13	Peng	Activated	522
HALLMARK_PEROXISOME	peng_T14___Normal	0.214596753511525	peng_T14	Peng	Normal	108
HALLMARK_PEROXISOME	peng_T14___Activated	-0.00833128457066787	peng_T14	Peng	Activated	186
HALLMARK_PEROXISOME	peng_T15___Normal	-0.0342238909183081	peng_T15	Peng	Normal	140
HALLMARK_PEROXISOME	peng_T15___Activated	-0.290478473096886	peng_T15	Peng	Activated	1165
HALLMARK_PEROXISOME	peng_T16___Normal	-0.0559750358060413	peng_T16	Peng	Normal	94
HALLMARK_PEROXISOME	peng_T16___Activated	-0.0886394581029037	peng_T16	Peng	Activated	673
HALLMARK_PEROXISOME	peng_T17___Normal	0.156389323779929	peng_T17	Peng	Normal	23
HALLMARK_PEROXISOME	peng_T17___Activated	-0.0343342106142082	peng_T17	Peng	Activated	305
HALLMARK_PEROXISOME	peng_T18___Normal	-0.263548768215948	peng_T18	Peng	Normal	81
HALLMARK_PEROXISOME	peng_T18___Activated	-0.0595068356327834	peng_T18	Peng	Activated	967
HALLMARK_PEROXISOME	peng_T19___Normal	-0.207062461474192	peng_T19	Peng	Normal	660
HALLMARK_PEROXISOME	peng_T19___Activated	-0.294898036439904	peng_T19	Peng	Activated	1046
HALLMARK_PEROXISOME	peng_T2___Normal	0.0676185898305179	peng_T2	Peng	Normal	25
HALLMARK_PEROXISOME	peng_T2___Activated	-0.0565112623127329	peng_T2	Peng	Activated	62
HALLMARK_PEROXISOME	peng_T20___Normal	0.148908758478514	peng_T20	Peng	Normal	58
HALLMARK_PEROXISOME	peng_T20___Activated	-0.0970863343015592	peng_T20	Peng	Activated	93
HALLMARK_PEROXISOME	peng_T22___Normal	-0.0765100240420629	peng_T22	Peng	Normal	26
HALLMARK_PEROXISOME	peng_T22___Activated	-0.171842201752364	peng_T22	Peng	Activated	118
HALLMARK_PEROXISOME	peng_T23___Normal	0.0595078781448249	peng_T23	Peng	Normal	56
HALLMARK_PEROXISOME	peng_T23___Activated	-0.268794800005497	peng_T23	Peng	Activated	1282
HALLMARK_PEROXISOME	peng_T24___Normal	-0.0476610241773605	peng_T24	Peng	Normal	467
HALLMARK_PEROXISOME	peng_T24___Activated	-0.160929846942347	peng_T24	Peng	Activated	917
HALLMARK_PEROXISOME	peng_T3___Normal	-0.0389909037834123	peng_T3	Peng	Normal	119
HALLMARK_PEROXISOME	peng_T3___Activated	-0.117720868880798	peng_T3	Peng	Activated	339
HALLMARK_PEROXISOME	peng_T4___Normal	-0.102628815831687	peng_T4	Peng	Normal	46
HALLMARK_PEROXISOME	peng_T4___Activated	-0.186728692133944	peng_T4	Peng	Activated	176
HALLMARK_PEROXISOME	peng_T5___Normal	-0.114494855682164	peng_T5	Peng	Normal	173
HALLMARK_PEROXISOME	peng_T5___Activated	-0.142961137343621	peng_T5	Peng	Activated	238
HALLMARK_PEROXISOME	peng_T6___Normal	0.200657660346035	peng_T6	Peng	Normal	147
HALLMARK_PEROXISOME	peng_T6___Activated	0.183224634186389	peng_T6	Peng	Activated	216
HALLMARK_PEROXISOME	peng_T7___Normal	0.0957914955891205	peng_T7	Peng	Normal	125
HALLMARK_PEROXISOME	peng_T7___Activated	-0.15496317916384	peng_T7	Peng	Activated	299
HALLMARK_PI3K_AKT_MTOR_SIGNALING	PDAC2___Normal	0.0377623737286498	PDAC2	Powers	Normal	47
HALLMARK_PI3K_AKT_MTOR_SIGNALING	PDAC2___Activated	0.0699594251113217	PDAC2	Powers	Activated	1924
HALLMARK_PI3K_AKT_MTOR_SIGNALING	peng_N1___Normal	-0.159669916844854	peng_N1	Peng	Normal	397
HALLMARK_PI3K_AKT_MTOR_SIGNALING	peng_N1___Activated	-0.247717397450574	peng_N1	Peng	Activated	381
HALLMARK_PI3K_AKT_MTOR_SIGNALING	peng_N10___Normal	0.109701742223742	peng_N10	Peng	Normal	42
HALLMARK_PI3K_AKT_MTOR_SIGNALING	peng_N10___Activated	-0.117021668496812	peng_N10	Peng	Activated	22
HALLMARK_PI3K_AKT_MTOR_SIGNALING	peng_N11___Normal	-0.0303439946982981	peng_N11	Peng	Normal	28
HALLMARK_PI3K_AKT_MTOR_SIGNALING	peng_N11___Activated	0.051681955970694	peng_N11	Peng	Activated	22
HALLMARK_PI3K_AKT_MTOR_SIGNALING	peng_N2___Normal	-0.198433195284254	peng_N2	Peng	Normal	223
HALLMARK_PI3K_AKT_MTOR_SIGNALING	peng_N2___Activated	-0.343522426589542	peng_N2	Peng	Activated	232
HALLMARK_PI3K_AKT_MTOR_SIGNALING	peng_N3___Normal	-0.17509744157919	peng_N3	Peng	Normal	172
HALLMARK_PI3K_AKT_MTOR_SIGNALING	peng_N3___Activated	-0.327131617446316	peng_N3	Peng	Activated	40
HALLMARK_PI3K_AKT_MTOR_SIGNALING	peng_N4___Normal	-0.165538940348681	peng_N4	Peng	Normal	85
HALLMARK_PI3K_AKT_MTOR_SIGNALING	peng_N4___Activated	-0.305686876690045	peng_N4	Peng	Activated	48
HALLMARK_PI3K_AKT_MTOR_SIGNALING	peng_N6___Normal	-0.0855836990663607	peng_N6	Peng	Normal	214
HALLMARK_PI3K_AKT_MTOR_SIGNALING	peng_N6___Activated	-0.280419948894556	peng_N6	Peng	Activated	124
HALLMARK_PI3K_AKT_MTOR_SIGNALING	peng_N7___Normal	-0.202095677957576	peng_N7	Peng	Normal	118
HALLMARK_PI3K_AKT_MTOR_SIGNALING	peng_N7___Activated	-0.0463816550757913	peng_N7	Peng	Activated	58
HALLMARK_PI3K_AKT_MTOR_SIGNALING	peng_N8___Normal	-0.178226968387023	peng_N8	Peng	Normal	263
HALLMARK_PI3K_AKT_MTOR_SIGNALING	peng_N8___Activated	-0.242119475980641	peng_N8	Peng	Activated	203
HALLMARK_PI3K_AKT_MTOR_SIGNALING	peng_N9___Normal	-0.270120170290175	peng_N9	Peng	Normal	124
HALLMARK_PI3K_AKT_MTOR_SIGNALING	peng_N9___Activated	-0.2750644259743	peng_N9	Peng	Activated	235
HALLMARK_PI3K_AKT_MTOR_SIGNALING	peng_T1___Normal	0.175747686152502	peng_T1	Peng	Normal	89
HALLMARK_PI3K_AKT_MTOR_SIGNALING	peng_T1___Activated	0.0812940222501683	peng_T1	Peng	Activated	248
HALLMARK_PI3K_AKT_MTOR_SIGNALING	peng_T10___Normal	0.0657406065807581	peng_T10	Peng	Normal	112
HALLMARK_PI3K_AKT_MTOR_SIGNALING	peng_T10___Activated	0.0307451649666766	peng_T10	Peng	Activated	222
HALLMARK_PI3K_AKT_MTOR_SIGNALING	peng_T12___Normal	0.238364587988757	peng_T12	Peng	Normal	71
HALLMARK_PI3K_AKT_MTOR_SIGNALING	peng_T12___Activated	0.0385902517476212	peng_T12	Peng	Activated	319
HALLMARK_PI3K_AKT_MTOR_SIGNALING	peng_T13___Normal	-0.0595655108066176	peng_T13	Peng	Normal	199
HALLMARK_PI3K_AKT_MTOR_SIGNALING	peng_T13___Activated	-0.135850343122187	peng_T13	Peng	Activated	522
HALLMARK_PI3K_AKT_MTOR_SIGNALING	peng_T14___Normal	-0.0859815224438957	peng_T14	Peng	Normal	108
HALLMARK_PI3K_AKT_MTOR_SIGNALING	peng_T14___Activated	-0.191059310677655	peng_T14	Peng	Activated	186
HALLMARK_PI3K_AKT_MTOR_SIGNALING	peng_T15___Normal	0.196190428820294	peng_T15	Peng	Normal	140
HALLMARK_PI3K_AKT_MTOR_SIGNALING	peng_T15___Activated	0.000761033020201085	peng_T15	Peng	Activated	1165
HALLMARK_PI3K_AKT_MTOR_SIGNALING	peng_T16___Normal	0.276839878555952	peng_T16	Peng	Normal	94
HALLMARK_PI3K_AKT_MTOR_SIGNALING	peng_T16___Activated	0.0840209983940543	peng_T16	Peng	Activated	673
HALLMARK_PI3K_AKT_MTOR_SIGNALING	peng_T17___Normal	0.0866124620789506	peng_T17	Peng	Normal	23
HALLMARK_PI3K_AKT_MTOR_SIGNALING	peng_T17___Activated	0.0834441465845746	peng_T17	Peng	Activated	305
HALLMARK_PI3K_AKT_MTOR_SIGNALING	peng_T18___Normal	0.091084771077135	peng_T18	Peng	Normal	81
HALLMARK_PI3K_AKT_MTOR_SIGNALING	peng_T18___Activated	0.0039939755795157	peng_T18	Peng	Activated	967
HALLMARK_PI3K_AKT_MTOR_SIGNALING	peng_T19___Normal	0.057198663160501	peng_T19	Peng	Normal	660
HALLMARK_PI3K_AKT_MTOR_SIGNALING	peng_T19___Activated	-0.1745723509647	peng_T19	Peng	Activated	1046
HALLMARK_PI3K_AKT_MTOR_SIGNALING	peng_T2___Normal	0.0653746415696657	peng_T2	Peng	Normal	25
HALLMARK_PI3K_AKT_MTOR_SIGNALING	peng_T2___Activated	0.121677542253091	peng_T2	Peng	Activated	62
HALLMARK_PI3K_AKT_MTOR_SIGNALING	peng_T20___Normal	0.208668153401187	peng_T20	Peng	Normal	58
HALLMARK_PI3K_AKT_MTOR_SIGNALING	peng_T20___Activated	-0.0104059987952088	peng_T20	Peng	Activated	93
HALLMARK_PI3K_AKT_MTOR_SIGNALING	peng_T22___Normal	0.223026863995949	peng_T22	Peng	Normal	26
HALLMARK_PI3K_AKT_MTOR_SIGNALING	peng_T22___Activated	-0.0569423511067902	peng_T22	Peng	Activated	118
HALLMARK_PI3K_AKT_MTOR_SIGNALING	peng_T23___Normal	0.204586257057191	peng_T23	Peng	Normal	56
HALLMARK_PI3K_AKT_MTOR_SIGNALING	peng_T23___Activated	-0.102985800697809	peng_T23	Peng	Activated	1282
HALLMARK_PI3K_AKT_MTOR_SIGNALING	peng_T24___Normal	-0.107548468791626	peng_T24	Peng	Normal	467
HALLMARK_PI3K_AKT_MTOR_SIGNALING	peng_T24___Activated	-0.288225226780857	peng_T24	Peng	Activated	917
HALLMARK_PI3K_AKT_MTOR_SIGNALING	peng_T3___Normal	0.0348111306599498	peng_T3	Peng	Normal	119
HALLMARK_PI3K_AKT_MTOR_SIGNALING	peng_T3___Activated	-0.013716684447116	peng_T3	Peng	Activated	339
HALLMARK_PI3K_AKT_MTOR_SIGNALING	peng_T4___Normal	0.116756974662121	peng_T4	Peng	Normal	46
HALLMARK_PI3K_AKT_MTOR_SIGNALING	peng_T4___Activated	-0.00383769031086723	peng_T4	Peng	Activated	176
HALLMARK_PI3K_AKT_MTOR_SIGNALING	peng_T5___Normal	0.0334002249501669	peng_T5	Peng	Normal	173
HALLMARK_PI3K_AKT_MTOR_SIGNALING	peng_T5___Activated	0.105921471500374	peng_T5	Peng	Activated	238
HALLMARK_PI3K_AKT_MTOR_SIGNALING	peng_T6___Normal	0.0750828457500541	peng_T6	Peng	Normal	147
HALLMARK_PI3K_AKT_MTOR_SIGNALING	peng_T6___Activated	0.183610242868603	peng_T6	Peng	Activated	216
HALLMARK_PI3K_AKT_MTOR_SIGNALING	peng_T7___Normal	-0.0159272385947535	peng_T7	Peng	Normal	125
HALLMARK_PI3K_AKT_MTOR_SIGNALING	peng_T7___Activated	-0.137723730376794	peng_T7	Peng	Activated	299
HALLMARK_PROTEIN_SECRETION	PDAC2___Normal	0.205323207496186	PDAC2	Powers	Normal	47
HALLMARK_PROTEIN_SECRETION	PDAC2___Activated	0.187571653445165	PDAC2	Powers	Activated	1924
HALLMARK_PROTEIN_SECRETION	peng_N1___Normal	-0.0519326401689749	peng_N1	Peng	Normal	397
HALLMARK_PROTEIN_SECRETION	peng_N1___Activated	-0.062895620857732	peng_N1	Peng	Activated	381
HALLMARK_PROTEIN_SECRETION	peng_N10___Normal	-0.110459525479718	peng_N10	Peng	Normal	42
HALLMARK_PROTEIN_SECRETION	peng_N10___Activated	0.17866046541919	peng_N10	Peng	Activated	22
HALLMARK_PROTEIN_SECRETION	peng_N11___Normal	-0.138519881601384	peng_N11	Peng	Normal	28
HALLMARK_PROTEIN_SECRETION	peng_N11___Activated	-0.0551612779968327	peng_N11	Peng	Activated	22
HALLMARK_PROTEIN_SECRETION	peng_N2___Normal	-0.170649084511401	peng_N2	Peng	Normal	223
HALLMARK_PROTEIN_SECRETION	peng_N2___Activated	0.00561876099216016	peng_N2	Peng	Activated	232
HALLMARK_PROTEIN_SECRETION	peng_N3___Normal	-0.337224703890009	peng_N3	Peng	Normal	172
HALLMARK_PROTEIN_SECRETION	peng_N3___Activated	-0.100491788144518	peng_N3	Peng	Activated	40
HALLMARK_PROTEIN_SECRETION	peng_N4___Normal	-0.0757147696163478	peng_N4	Peng	Normal	85
HALLMARK_PROTEIN_SECRETION	peng_N4___Activated	-0.0994937382581015	peng_N4	Peng	Activated	48
HALLMARK_PROTEIN_SECRETION	peng_N6___Normal	-0.249808900684371	peng_N6	Peng	Normal	214
HALLMARK_PROTEIN_SECRETION	peng_N6___Activated	-0.0959987090859232	peng_N6	Peng	Activated	124
HALLMARK_PROTEIN_SECRETION	peng_N7___Normal	-0.136998753888442	peng_N7	Peng	Normal	118
HALLMARK_PROTEIN_SECRETION	peng_N7___Activated	0.123400206580221	peng_N7	Peng	Activated	58
HALLMARK_PROTEIN_SECRETION	peng_N8___Normal	-0.19630550155816	peng_N8	Peng	Normal	263
HALLMARK_PROTEIN_SECRETION	peng_N8___Activated	-0.0527499286425534	peng_N8	Peng	Activated	203
HALLMARK_PROTEIN_SECRETION	peng_N9___Normal	-0.0952515589881658	peng_N9	Peng	Normal	124
HALLMARK_PROTEIN_SECRETION	peng_N9___Activated	0.0281718578918709	peng_N9	Peng	Activated	235
HALLMARK_PROTEIN_SECRETION	peng_T1___Normal	0.0231473459272662	peng_T1	Peng	Normal	89
HALLMARK_PROTEIN_SECRETION	peng_T1___Activated	-0.154512691691014	peng_T1	Peng	Activated	248
HALLMARK_PROTEIN_SECRETION	peng_T10___Normal	-0.0993686471418074	peng_T10	Peng	Normal	112
HALLMARK_PROTEIN_SECRETION	peng_T10___Activated	-0.136742947097659	peng_T10	Peng	Activated	222
HALLMARK_PROTEIN_SECRETION	peng_T12___Normal	0.157554696258552	peng_T12	Peng	Normal	71
HALLMARK_PROTEIN_SECRETION	peng_T12___Activated	0.0729751471769695	peng_T12	Peng	Activated	319
HALLMARK_PROTEIN_SECRETION	peng_T13___Normal	-0.286453898960193	peng_T13	Peng	Normal	199
HALLMARK_PROTEIN_SECRETION	peng_T13___Activated	-0.19598230173997	peng_T13	Peng	Activated	522
HALLMARK_PROTEIN_SECRETION	peng_T14___Normal	-0.107788038352633	peng_T14	Peng	Normal	108
HALLMARK_PROTEIN_SECRETION	peng_T14___Activated	-0.0175103195284937	peng_T14	Peng	Activated	186
HALLMARK_PROTEIN_SECRETION	peng_T15___Normal	-0.0779057652481838	peng_T15	Peng	Normal	140
HALLMARK_PROTEIN_SECRETION	peng_T15___Activated	-0.162904624618526	peng_T15	Peng	Activated	1165
HALLMARK_PROTEIN_SECRETION	peng_T16___Normal	-0.127719777159027	peng_T16	Peng	Normal	94
HALLMARK_PROTEIN_SECRETION	peng_T16___Activated	-0.126623336142248	peng_T16	Peng	Activated	673
HALLMARK_PROTEIN_SECRETION	peng_T17___Normal	-0.078582483198582	peng_T17	Peng	Normal	23
HALLMARK_PROTEIN_SECRETION	peng_T17___Activated	0.233870440317558	peng_T17	Peng	Activated	305
HALLMARK_PROTEIN_SECRETION	peng_T18___Normal	-0.139814430979073	peng_T18	Peng	Normal	81
HALLMARK_PROTEIN_SECRETION	peng_T18___Activated	-0.0243276782808156	peng_T18	Peng	Activated	967
HALLMARK_PROTEIN_SECRETION	peng_T19___Normal	-0.35930034526986	peng_T19	Peng	Normal	660
HALLMARK_PROTEIN_SECRETION	peng_T19___Activated	-0.230382705283041	peng_T19	Peng	Activated	1046
HALLMARK_PROTEIN_SECRETION	peng_T2___Normal	0.0737639242226661	peng_T2	Peng	Normal	25
HALLMARK_PROTEIN_SECRETION	peng_T2___Activated	0.0260905821421354	peng_T2	Peng	Activated	62
HALLMARK_PROTEIN_SECRETION	peng_T20___Normal	0.00160381576782054	peng_T20	Peng	Normal	58
HALLMARK_PROTEIN_SECRETION	peng_T20___Activated	0.159326659908988	peng_T20	Peng	Activated	93
HALLMARK_PROTEIN_SECRETION	peng_T22___Normal	-0.0170090428425947	peng_T22	Peng	Normal	26
HALLMARK_PROTEIN_SECRETION	peng_T22___Activated	0.0137136681766244	peng_T22	Peng	Activated	118
HALLMARK_PROTEIN_SECRETION	peng_T23___Normal	0.0728275372949435	peng_T23	Peng	Normal	56
HALLMARK_PROTEIN_SECRETION	peng_T23___Activated	0.0106417332428382	peng_T23	Peng	Activated	1282
HALLMARK_PROTEIN_SECRETION	peng_T24___Normal	-0.373835418885077	peng_T24	Peng	Normal	467
HALLMARK_PROTEIN_SECRETION	peng_T24___Activated	-0.19464207754836	peng_T24	Peng	Activated	917
HALLMARK_PROTEIN_SECRETION	peng_T3___Normal	-0.0684929557243098	peng_T3	Peng	Normal	119
HALLMARK_PROTEIN_SECRETION	peng_T3___Activated	0.225112846880755	peng_T3	Peng	Activated	339
HALLMARK_PROTEIN_SECRETION	peng_T4___Normal	-0.145884405350449	peng_T4	Peng	Normal	46
HALLMARK_PROTEIN_SECRETION	peng_T4___Activated	0.0203470527271641	peng_T4	Peng	Activated	176
HALLMARK_PROTEIN_SECRETION	peng_T5___Normal	-0.0535080814676263	peng_T5	Peng	Normal	173
HALLMARK_PROTEIN_SECRETION	peng_T5___Activated	0.0353831346692185	peng_T5	Peng	Activated	238
HALLMARK_PROTEIN_SECRETION	peng_T6___Normal	-0.119298900701475	peng_T6	Peng	Normal	147
HALLMARK_PROTEIN_SECRETION	peng_T6___Activated	-0.146091883868286	peng_T6	Peng	Activated	216
HALLMARK_PROTEIN_SECRETION	peng_T7___Normal	-0.0293733484722509	peng_T7	Peng	Normal	125
HALLMARK_PROTEIN_SECRETION	peng_T7___Activated	0.117127801696829	peng_T7	Peng	Activated	299
HALLMARK_REACTIVE_OXYGEN_SPECIES_PATHWAY	PDAC2___Normal	-0.0725974770384099	PDAC2	Powers	Normal	47
HALLMARK_REACTIVE_OXYGEN_SPECIES_PATHWAY	PDAC2___Activated	-0.193414306874906	PDAC2	Powers	Activated	1924
HALLMARK_REACTIVE_OXYGEN_SPECIES_PATHWAY	peng_N1___Normal	0.267019275709312	peng_N1	Peng	Normal	397
HALLMARK_REACTIVE_OXYGEN_SPECIES_PATHWAY	peng_N1___Activated	0.293365311659458	peng_N1	Peng	Activated	381
HALLMARK_REACTIVE_OXYGEN_SPECIES_PATHWAY	peng_N10___Normal	0.0270464066723031	peng_N10	Peng	Normal	42
HALLMARK_REACTIVE_OXYGEN_SPECIES_PATHWAY	peng_N10___Activated	-0.0336203736303914	peng_N10	Peng	Activated	22
HALLMARK_REACTIVE_OXYGEN_SPECIES_PATHWAY	peng_N11___Normal	-0.177429514841262	peng_N11	Peng	Normal	28
HALLMARK_REACTIVE_OXYGEN_SPECIES_PATHWAY	peng_N11___Activated	0.132024226531296	peng_N11	Peng	Activated	22
HALLMARK_REACTIVE_OXYGEN_SPECIES_PATHWAY	peng_N2___Normal	0.0256027761180362	peng_N2	Peng	Normal	223
HALLMARK_REACTIVE_OXYGEN_SPECIES_PATHWAY	peng_N2___Activated	0.217233108527857	peng_N2	Peng	Activated	232
HALLMARK_REACTIVE_OXYGEN_SPECIES_PATHWAY	peng_N3___Normal	0.0280888547401512	peng_N3	Peng	Normal	172
HALLMARK_REACTIVE_OXYGEN_SPECIES_PATHWAY	peng_N3___Activated	0.167344724285377	peng_N3	Peng	Activated	40
HALLMARK_REACTIVE_OXYGEN_SPECIES_PATHWAY	peng_N4___Normal	-0.120503564579821	peng_N4	Peng	Normal	85
HALLMARK_REACTIVE_OXYGEN_SPECIES_PATHWAY	peng_N4___Activated	0.0982083770730396	peng_N4	Peng	Activated	48
HALLMARK_REACTIVE_OXYGEN_SPECIES_PATHWAY	peng_N6___Normal	-0.297742179682417	peng_N6	Peng	Normal	214
HALLMARK_REACTIVE_OXYGEN_SPECIES_PATHWAY	peng_N6___Activated	-0.139004150631704	peng_N6	Peng	Activated	124
HALLMARK_REACTIVE_OXYGEN_SPECIES_PATHWAY	peng_N7___Normal	-0.0647777710563045	peng_N7	Peng	Normal	118
HALLMARK_REACTIVE_OXYGEN_SPECIES_PATHWAY	peng_N7___Activated	-0.0844047495235926	peng_N7	Peng	Activated	58
HALLMARK_REACTIVE_OXYGEN_SPECIES_PATHWAY	peng_N8___Normal	-0.078281811815407	peng_N8	Peng	Normal	263
HALLMARK_REACTIVE_OXYGEN_SPECIES_PATHWAY	peng_N8___Activated	0.255519848193502	peng_N8	Peng	Activated	203
HALLMARK_REACTIVE_OXYGEN_SPECIES_PATHWAY	peng_N9___Normal	0.0052001673770295	peng_N9	Peng	Normal	124
HALLMARK_REACTIVE_OXYGEN_SPECIES_PATHWAY	peng_N9___Activated	-0.153203741890119	peng_N9	Peng	Activated	235
HALLMARK_REACTIVE_OXYGEN_SPECIES_PATHWAY	peng_T1___Normal	0.0683351062289251	peng_T1	Peng	Normal	89
HALLMARK_REACTIVE_OXYGEN_SPECIES_PATHWAY	peng_T1___Activated	-0.189724373803365	peng_T1	Peng	Activated	248
HALLMARK_REACTIVE_OXYGEN_SPECIES_PATHWAY	peng_T10___Normal	-0.248442294770758	peng_T10	Peng	Normal	112
HALLMARK_REACTIVE_OXYGEN_SPECIES_PATHWAY	peng_T10___Activated	-0.31824407749003	peng_T10	Peng	Activated	222
HALLMARK_REACTIVE_OXYGEN_SPECIES_PATHWAY	peng_T12___Normal	0.237322090906065	peng_T12	Peng	Normal	71
HALLMARK_REACTIVE_OXYGEN_SPECIES_PATHWAY	peng_T12___Activated	0.0178074139003013	peng_T12	Peng	Activated	319
HALLMARK_REACTIVE_OXYGEN_SPECIES_PATHWAY	peng_T13___Normal	0.201074754668217	peng_T13	Peng	Normal	199
HALLMARK_REACTIVE_OXYGEN_SPECIES_PATHWAY	peng_T13___Activated	0.00732053034030955	peng_T13	Peng	Activated	522
HALLMARK_REACTIVE_OXYGEN_SPECIES_PATHWAY	peng_T14___Normal	0.219763404781161	peng_T14	Peng	Normal	108
HALLMARK_REACTIVE_OXYGEN_SPECIES_PATHWAY	peng_T14___Activated	-0.132834144210584	peng_T14	Peng	Activated	186
HALLMARK_REACTIVE_OXYGEN_SPECIES_PATHWAY	peng_T15___Normal	0.167492479627949	peng_T15	Peng	Normal	140
HALLMARK_REACTIVE_OXYGEN_SPECIES_PATHWAY	peng_T15___Activated	-0.406430393737644	peng_T15	Peng	Activated	1165
HALLMARK_REACTIVE_OXYGEN_SPECIES_PATHWAY	peng_T16___Normal	0.0370249306658159	peng_T16	Peng	Normal	94
HALLMARK_REACTIVE_OXYGEN_SPECIES_PATHWAY	peng_T16___Activated	-0.0688710646228636	peng_T16	Peng	Activated	673
HALLMARK_REACTIVE_OXYGEN_SPECIES_PATHWAY	peng_T17___Normal	0.100600178226233	peng_T17	Peng	Normal	23
HALLMARK_REACTIVE_OXYGEN_SPECIES_PATHWAY	peng_T17___Activated	0.127654108165863	peng_T17	Peng	Activated	305
HALLMARK_REACTIVE_OXYGEN_SPECIES_PATHWAY	peng_T18___Normal	0.0784558348080779	peng_T18	Peng	Normal	81
HALLMARK_REACTIVE_OXYGEN_SPECIES_PATHWAY	peng_T18___Activated	-0.000809687342035237	peng_T18	Peng	Activated	967
HALLMARK_REACTIVE_OXYGEN_SPECIES_PATHWAY	peng_T19___Normal	-0.166341310352891	peng_T19	Peng	Normal	660
HALLMARK_REACTIVE_OXYGEN_SPECIES_PATHWAY	peng_T19___Activated	-0.161361622739955	peng_T19	Peng	Activated	1046
HALLMARK_REACTIVE_OXYGEN_SPECIES_PATHWAY	peng_T2___Normal	0.0555094415856451	peng_T2	Peng	Normal	25
HALLMARK_REACTIVE_OXYGEN_SPECIES_PATHWAY	peng_T2___Activated	0.0519482323897525	peng_T2	Peng	Activated	62
HALLMARK_REACTIVE_OXYGEN_SPECIES_PATHWAY	peng_T20___Normal	0.123656685099626	peng_T20	Peng	Normal	58
HALLMARK_REACTIVE_OXYGEN_SPECIES_PATHWAY	peng_T20___Activated	-0.341393966996713	peng_T20	Peng	Activated	93
HALLMARK_REACTIVE_OXYGEN_SPECIES_PATHWAY	peng_T22___Normal	-0.152023283055527	peng_T22	Peng	Normal	26
HALLMARK_REACTIVE_OXYGEN_SPECIES_PATHWAY	peng_T22___Activated	-0.375945070373832	peng_T22	Peng	Activated	118
HALLMARK_REACTIVE_OXYGEN_SPECIES_PATHWAY	peng_T23___Normal	-0.146738832859298	peng_T23	Peng	Normal	56
HALLMARK_REACTIVE_OXYGEN_SPECIES_PATHWAY	peng_T23___Activated	-0.459860668697179	peng_T23	Peng	Activated	1282
HALLMARK_REACTIVE_OXYGEN_SPECIES_PATHWAY	peng_T24___Normal	-0.143264902081561	peng_T24	Peng	Normal	467
HALLMARK_REACTIVE_OXYGEN_SPECIES_PATHWAY	peng_T24___Activated	-0.467396571527822	peng_T24	Peng	Activated	917
HALLMARK_REACTIVE_OXYGEN_SPECIES_PATHWAY	peng_T3___Normal	-0.0365323774032335	peng_T3	Peng	Normal	119
HALLMARK_REACTIVE_OXYGEN_SPECIES_PATHWAY	peng_T3___Activated	-0.271357775712946	peng_T3	Peng	Activated	339
HALLMARK_REACTIVE_OXYGEN_SPECIES_PATHWAY	peng_T4___Normal	0.166114145147946	peng_T4	Peng	Normal	46
HALLMARK_REACTIVE_OXYGEN_SPECIES_PATHWAY	peng_T4___Activated	-0.132683944465331	peng_T4	Peng	Activated	176
HALLMARK_REACTIVE_OXYGEN_SPECIES_PATHWAY	peng_T5___Normal	-0.0197915169099084	peng_T5	Peng	Normal	173
HALLMARK_REACTIVE_OXYGEN_SPECIES_PATHWAY	peng_T5___Activated	-0.0221469888561205	peng_T5	Peng	Activated	238
HALLMARK_REACTIVE_OXYGEN_SPECIES_PATHWAY	peng_T6___Normal	-0.0624544619516536	peng_T6	Peng	Normal	147
HALLMARK_REACTIVE_OXYGEN_SPECIES_PATHWAY	peng_T6___Activated	-0.0194421574879031	peng_T6	Peng	Activated	216
HALLMARK_REACTIVE_OXYGEN_SPECIES_PATHWAY	peng_T7___Normal	-0.204818056806761	peng_T7	Peng	Normal	125
HALLMARK_REACTIVE_OXYGEN_SPECIES_PATHWAY	peng_T7___Activated	-0.352503073860393	peng_T7	Peng	Activated	299
HALLMARK_SPERMATOGENESIS	PDAC2___Normal	0.223702101046977	PDAC2	Powers	Normal	47
HALLMARK_SPERMATOGENESIS	PDAC2___Activated	0.322387086186182	PDAC2	Powers	Activated	1924
HALLMARK_SPERMATOGENESIS	peng_N1___Normal	0.217163864823165	peng_N1	Peng	Normal	397
HALLMARK_SPERMATOGENESIS	peng_N1___Activated	0.331200194578443	peng_N1	Peng	Activated	381
HALLMARK_SPERMATOGENESIS	peng_N10___Normal	0.105577912286759	peng_N10	Peng	Normal	42
HALLMARK_SPERMATOGENESIS	peng_N10___Activated	-0.0124549476734014	peng_N10	Peng	Activated	22
HALLMARK_SPERMATOGENESIS	peng_N11___Normal	-0.0601112873223149	peng_N11	Peng	Normal	28
HALLMARK_SPERMATOGENESIS	peng_N11___Activated	-0.0183215594603024	peng_N11	Peng	Activated	22
HALLMARK_SPERMATOGENESIS	peng_N2___Normal	0.241190760379276	peng_N2	Peng	Normal	223
HALLMARK_SPERMATOGENESIS	peng_N2___Activated	0.114006663808055	peng_N2	Peng	Activated	232
HALLMARK_SPERMATOGENESIS	peng_N3___Normal	0.0154790956033006	peng_N3	Peng	Normal	172
HALLMARK_SPERMATOGENESIS	peng_N3___Activated	0.0590937544555823	peng_N3	Peng	Activated	40
HALLMARK_SPERMATOGENESIS	peng_N4___Normal	0.231093321146145	peng_N4	Peng	Normal	85
HALLMARK_SPERMATOGENESIS	peng_N4___Activated	-0.172389823498713	peng_N4	Peng	Activated	48
HALLMARK_SPERMATOGENESIS	peng_N6___Normal	0.195547736679793	peng_N6	Peng	Normal	214
HALLMARK_SPERMATOGENESIS	peng_N6___Activated	-0.0105531930077974	peng_N6	Peng	Activated	124
HALLMARK_SPERMATOGENESIS	peng_N7___Normal	0.155123063294652	peng_N7	Peng	Normal	118
HALLMARK_SPERMATOGENESIS	peng_N7___Activated	0.201151075444688	peng_N7	Peng	Activated	58
HALLMARK_SPERMATOGENESIS	peng_N8___Normal	0.250845555965569	peng_N8	Peng	Normal	263
HALLMARK_SPERMATOGENESIS	peng_N8___Activated	0.192001930707738	peng_N8	Peng	Activated	203
HALLMARK_SPERMATOGENESIS	peng_N9___Normal	0.113895527346175	peng_N9	Peng	Normal	124
HALLMARK_SPERMATOGENESIS	peng_N9___Activated	0.087180628527759	peng_N9	Peng	Activated	235
HALLMARK_SPERMATOGENESIS	peng_T1___Normal	-0.138280789786624	peng_T1	Peng	Normal	89
HALLMARK_SPERMATOGENESIS	peng_T1___Activated	0.0884959439130519	peng_T1	Peng	Activated	248
HALLMARK_SPERMATOGENESIS	peng_T10___Normal	-0.0165673873334016	peng_T10	Peng	Normal	112
HALLMARK_SPERMATOGENESIS	peng_T10___Activated	-0.217040578455512	peng_T10	Peng	Activated	222
HALLMARK_SPERMATOGENESIS	peng_T12___Normal	0.0235522189322646	peng_T12	Peng	Normal	71
HALLMARK_SPERMATOGENESIS	peng_T12___Activated	0.192999724343167	peng_T12	Peng	Activated	319
HALLMARK_SPERMATOGENESIS	peng_T13___Normal	0.0366709551116566	peng_T13	Peng	Normal	199
HALLMARK_SPERMATOGENESIS	peng_T13___Activated	-0.102652992696728	peng_T13	Peng	Activated	522
HALLMARK_SPERMATOGENESIS	peng_T14___Normal	-0.12699835911568	peng_T14	Peng	Normal	108
HALLMARK_SPERMATOGENESIS	peng_T14___Activated	-0.161037025984369	peng_T14	Peng	Activated	186
HALLMARK_SPERMATOGENESIS	peng_T15___Normal	-0.120981118844345	peng_T15	Peng	Normal	140
HALLMARK_SPERMATOGENESIS	peng_T15___Activated	0.066204232136421	peng_T15	Peng	Activated	1165
HALLMARK_SPERMATOGENESIS	peng_T16___Normal	-0.0990932200864059	peng_T16	Peng	Normal	94
HALLMARK_SPERMATOGENESIS	peng_T16___Activated	0.122493201758181	peng_T16	Peng	Activated	673
HALLMARK_SPERMATOGENESIS	peng_T17___Normal	-0.103643998506707	peng_T17	Peng	Normal	23
HALLMARK_SPERMATOGENESIS	peng_T17___Activated	-0.00299411892350959	peng_T17	Peng	Activated	305
HALLMARK_SPERMATOGENESIS	peng_T18___Normal	-0.0672936687156946	peng_T18	Peng	Normal	81
HALLMARK_SPERMATOGENESIS	peng_T18___Activated	0.200491591922314	peng_T18	Peng	Activated	967
HALLMARK_SPERMATOGENESIS	peng_T19___Normal	0.0999686965659071	peng_T19	Peng	Normal	660
HALLMARK_SPERMATOGENESIS	peng_T19___Activated	0.165573018177724	peng_T19	Peng	Activated	1046
HALLMARK_SPERMATOGENESIS	peng_T2___Normal	0.0528878255581043	peng_T2	Peng	Normal	25
HALLMARK_SPERMATOGENESIS	peng_T2___Activated	-0.0646579840400994	peng_T2	Peng	Activated	62
HALLMARK_SPERMATOGENESIS	peng_T20___Normal	-0.175135670783327	peng_T20	Peng	Normal	58
HALLMARK_SPERMATOGENESIS	peng_T20___Activated	0.0426388563755634	peng_T20	Peng	Activated	93
HALLMARK_SPERMATOGENESIS	peng_T22___Normal	-0.0307221237513648	peng_T22	Peng	Normal	26
HALLMARK_SPERMATOGENESIS	peng_T22___Activated	-0.136438162928264	peng_T22	Peng	Activated	118
HALLMARK_SPERMATOGENESIS	peng_T23___Normal	0.0545291817473191	peng_T23	Peng	Normal	56
HALLMARK_SPERMATOGENESIS	peng_T23___Activated	0.0334689285077411	peng_T23	Peng	Activated	1282
HALLMARK_SPERMATOGENESIS	peng_T24___Normal	0.077662781023578	peng_T24	Peng	Normal	467
HALLMARK_SPERMATOGENESIS	peng_T24___Activated	0.0920612003558343	peng_T24	Peng	Activated	917
HALLMARK_SPERMATOGENESIS	peng_T3___Normal	0.0600487711925932	peng_T3	Peng	Normal	119
HALLMARK_SPERMATOGENESIS	peng_T3___Activated	-0.13319781221044	peng_T3	Peng	Activated	339
HALLMARK_SPERMATOGENESIS	peng_T4___Normal	-0.0801736339435054	peng_T4	Peng	Normal	46
HALLMARK_SPERMATOGENESIS	peng_T4___Activated	0.0479881346938364	peng_T4	Peng	Activated	176
HALLMARK_SPERMATOGENESIS	peng_T5___Normal	0.0378582602731952	peng_T5	Peng	Normal	173
HALLMARK_SPERMATOGENESIS	peng_T5___Activated	0.162377492683447	peng_T5	Peng	Activated	238
HALLMARK_SPERMATOGENESIS	peng_T6___Normal	0.0878879596864526	peng_T6	Peng	Normal	147
HALLMARK_SPERMATOGENESIS	peng_T6___Activated	-0.0982207740516789	peng_T6	Peng	Activated	216
HALLMARK_SPERMATOGENESIS	peng_T7___Normal	-0.0125883103724788	peng_T7	Peng	Normal	125
HALLMARK_SPERMATOGENESIS	peng_T7___Activated	0.0453346744938341	peng_T7	Peng	Activated	299
HALLMARK_TGF_BETA_SIGNALING	PDAC2___Normal	0.0310442942718427	PDAC2	Powers	Normal	47
HALLMARK_TGF_BETA_SIGNALING	PDAC2___Activated	0.300069688801083	PDAC2	Powers	Activated	1924
HALLMARK_TGF_BETA_SIGNALING	peng_N1___Normal	-0.0662846410655223	peng_N1	Peng	Normal	397
HALLMARK_TGF_BETA_SIGNALING	peng_N1___Activated	0.019984568779527	peng_N1	Peng	Activated	381
HALLMARK_TGF_BETA_SIGNALING	peng_N10___Normal	0.0990670888276234	peng_N10	Peng	Normal	42
HALLMARK_TGF_BETA_SIGNALING	peng_N10___Activated	-0.149662976927276	peng_N10	Peng	Activated	22
HALLMARK_TGF_BETA_SIGNALING	peng_N11___Normal	0.306370607662402	peng_N11	Peng	Normal	28
HALLMARK_TGF_BETA_SIGNALING	peng_N11___Activated	0.183253337281301	peng_N11	Peng	Activated	22
HALLMARK_TGF_BETA_SIGNALING	peng_N2___Normal	-0.212031969643703	peng_N2	Peng	Normal	223
HALLMARK_TGF_BETA_SIGNALING	peng_N2___Activated	-0.253669656615593	peng_N2	Peng	Activated	232
HALLMARK_TGF_BETA_SIGNALING	peng_N3___Normal	-0.363354157371596	peng_N3	Peng	Normal	172
HALLMARK_TGF_BETA_SIGNALING	peng_N3___Activated	-0.0129347257543856	peng_N3	Peng	Activated	40
HALLMARK_TGF_BETA_SIGNALING	peng_N4___Normal	0.0271630002589485	peng_N4	Peng	Normal	85
HALLMARK_TGF_BETA_SIGNALING	peng_N4___Activated	-0.0519354043775468	peng_N4	Peng	Activated	48
HALLMARK_TGF_BETA_SIGNALING	peng_N6___Normal	-0.146125214421445	peng_N6	Peng	Normal	214
HALLMARK_TGF_BETA_SIGNALING	peng_N6___Activated	-0.0653117604524417	peng_N6	Peng	Activated	124
HALLMARK_TGF_BETA_SIGNALING	peng_N7___Normal	0.00105167217948696	peng_N7	Peng	Normal	118
HALLMARK_TGF_BETA_SIGNALING	peng_N7___Activated	-0.00500314796938139	peng_N7	Peng	Activated	58
HALLMARK_TGF_BETA_SIGNALING	peng_N8___Normal	-0.246740808453428	peng_N8	Peng	Normal	263
HALLMARK_TGF_BETA_SIGNALING	peng_N8___Activated	0.0185271290450806	peng_N8	Peng	Activated	203
HALLMARK_TGF_BETA_SIGNALING	peng_N9___Normal	-0.0998045679532543	peng_N9	Peng	Normal	124
HALLMARK_TGF_BETA_SIGNALING	peng_N9___Activated	-0.286868159547888	peng_N9	Peng	Activated	235
HALLMARK_TGF_BETA_SIGNALING	peng_T1___Normal	-0.224542857942068	peng_T1	Peng	Normal	89
HALLMARK_TGF_BETA_SIGNALING	peng_T1___Activated	0.318150506869325	peng_T1	Peng	Activated	248
HALLMARK_TGF_BETA_SIGNALING	peng_T10___Normal	-0.049946624449111	peng_T10	Peng	Normal	112
HALLMARK_TGF_BETA_SIGNALING	peng_T10___Activated	-0.00903370584899171	peng_T10	Peng	Activated	222
HALLMARK_TGF_BETA_SIGNALING	peng_T12___Normal	0.0608212968411933	peng_T12	Peng	Normal	71
HALLMARK_TGF_BETA_SIGNALING	peng_T12___Activated	-0.0334155536834184	peng_T12	Peng	Activated	319
HALLMARK_TGF_BETA_SIGNALING	peng_T13___Normal	-0.26275253522109	peng_T13	Peng	Normal	199
HALLMARK_TGF_BETA_SIGNALING	peng_T13___Activated	-0.0706945893511508	peng_T13	Peng	Activated	522
HALLMARK_TGF_BETA_SIGNALING	peng_T14___Normal	-0.403192569919422	peng_T14	Peng	Normal	108
HALLMARK_TGF_BETA_SIGNALING	peng_T14___Activated	-0.251650251839139	peng_T14	Peng	Activated	186
HALLMARK_TGF_BETA_SIGNALING	peng_T15___Normal	0.0462797945221373	peng_T15	Peng	Normal	140
HALLMARK_TGF_BETA_SIGNALING	peng_T15___Activated	0.00169347256266633	peng_T15	Peng	Activated	1165
HALLMARK_TGF_BETA_SIGNALING	peng_T16___Normal	-0.00543625054156177	peng_T16	Peng	Normal	94
HALLMARK_TGF_BETA_SIGNALING	peng_T16___Activated	0.21900360846326	peng_T16	Peng	Activated	673
HALLMARK_TGF_BETA_SIGNALING	peng_T17___Normal	-0.181872928090291	peng_T17	Peng	Normal	23
HALLMARK_TGF_BETA_SIGNALING	peng_T17___Activated	0.116242305626591	peng_T17	Peng	Activated	305
HALLMARK_TGF_BETA_SIGNALING	peng_T18___Normal	0.0320083937138592	peng_T18	Peng	Normal	81
HALLMARK_TGF_BETA_SIGNALING	peng_T18___Activated	0.0352768596510574	peng_T18	Peng	Activated	967
HALLMARK_TGF_BETA_SIGNALING	peng_T19___Normal	-0.332818813803162	peng_T19	Peng	Normal	660
HALLMARK_TGF_BETA_SIGNALING	peng_T19___Activated	-0.333523843411199	peng_T19	Peng	Activated	1046
HALLMARK_TGF_BETA_SIGNALING	peng_T2___Normal	-0.250892180384763	peng_T2	Peng	Normal	25
HALLMARK_TGF_BETA_SIGNALING	peng_T2___Activated	0.0144170566918935	peng_T2	Peng	Activated	62
HALLMARK_TGF_BETA_SIGNALING	peng_T20___Normal	0.100216050530646	peng_T20	Peng	Normal	58
HALLMARK_TGF_BETA_SIGNALING	peng_T20___Activated	-0.175328544010907	peng_T20	Peng	Activated	93
HALLMARK_TGF_BETA_SIGNALING	peng_T22___Normal	0.00412379597826484	peng_T22	Peng	Normal	26
HALLMARK_TGF_BETA_SIGNALING	peng_T22___Activated	-0.130664248524632	peng_T22	Peng	Activated	118
HALLMARK_TGF_BETA_SIGNALING	peng_T23___Normal	-0.0516039467567964	peng_T23	Peng	Normal	56
HALLMARK_TGF_BETA_SIGNALING	peng_T23___Activated	0.10625017192154	peng_T23	Peng	Activated	1282
HALLMARK_TGF_BETA_SIGNALING	peng_T24___Normal	-0.345180879301119	peng_T24	Peng	Normal	467
HALLMARK_TGF_BETA_SIGNALING	peng_T24___Activated	0.211613491293706	peng_T24	Peng	Activated	917
HALLMARK_TGF_BETA_SIGNALING	peng_T3___Normal	0.0872121965552743	peng_T3	Peng	Normal	119
HALLMARK_TGF_BETA_SIGNALING	peng_T3___Activated	0.215302003502865	peng_T3	Peng	Activated	339
HALLMARK_TGF_BETA_SIGNALING	peng_T4___Normal	-0.18521178249427	peng_T4	Peng	Normal	46
HALLMARK_TGF_BETA_SIGNALING	peng_T4___Activated	0.0850360943913254	peng_T4	Peng	Activated	176
HALLMARK_TGF_BETA_SIGNALING	peng_T5___Normal	-0.101197780182022	peng_T5	Peng	Normal	173
HALLMARK_TGF_BETA_SIGNALING	peng_T5___Activated	-0.0317654586207426	peng_T5	Peng	Activated	238
HALLMARK_TGF_BETA_SIGNALING	peng_T6___Normal	-0.223467611346089	peng_T6	Peng	Normal	147
HALLMARK_TGF_BETA_SIGNALING	peng_T6___Activated	-0.200470943982299	peng_T6	Peng	Activated	216
HALLMARK_TGF_BETA_SIGNALING	peng_T7___Normal	-0.0186901656844467	peng_T7	Peng	Normal	125
HALLMARK_TGF_BETA_SIGNALING	peng_T7___Activated	-0.0491927664274483	peng_T7	Peng	Activated	299
HALLMARK_TNFA_SIGNALING_VIA_NFKB	PDAC2___Normal	0.331711295363166	PDAC2	Powers	Normal	47
HALLMARK_TNFA_SIGNALING_VIA_NFKB	PDAC2___Activated	0.169262000625988	PDAC2	Powers	Activated	1924
HALLMARK_TNFA_SIGNALING_VIA_NFKB	peng_N1___Normal	0.21410117168515	peng_N1	Peng	Normal	397
HALLMARK_TNFA_SIGNALING_VIA_NFKB	peng_N1___Activated	0.290331907285867	peng_N1	Peng	Activated	381
HALLMARK_TNFA_SIGNALING_VIA_NFKB	peng_N10___Normal	0.298519309976964	peng_N10	Peng	Normal	42
HALLMARK_TNFA_SIGNALING_VIA_NFKB	peng_N10___Activated	0.131449884294127	peng_N10	Peng	Activated	22
HALLMARK_TNFA_SIGNALING_VIA_NFKB	peng_N11___Normal	-0.104765635356103	peng_N11	Peng	Normal	28
HALLMARK_TNFA_SIGNALING_VIA_NFKB	peng_N11___Activated	-0.0304407477239335	peng_N11	Peng	Activated	22
HALLMARK_TNFA_SIGNALING_VIA_NFKB	peng_N2___Normal	-0.227931112824601	peng_N2	Peng	Normal	223
HALLMARK_TNFA_SIGNALING_VIA_NFKB	peng_N2___Activated	-0.291884410044642	peng_N2	Peng	Activated	232
HALLMARK_TNFA_SIGNALING_VIA_NFKB	peng_N3___Normal	-0.350258148105292	peng_N3	Peng	Normal	172
HALLMARK_TNFA_SIGNALING_VIA_NFKB	peng_N3___Activated	-0.276565227554565	peng_N3	Peng	Activated	40
HALLMARK_TNFA_SIGNALING_VIA_NFKB	peng_N4___Normal	0.0832764381706777	peng_N4	Peng	Normal	85
HALLMARK_TNFA_SIGNALING_VIA_NFKB	peng_N4___Activated	-0.00342915791557971	peng_N4	Peng	Activated	48
HALLMARK_TNFA_SIGNALING_VIA_NFKB	peng_N6___Normal	-0.336639292807337	peng_N6	Peng	Normal	214
HALLMARK_TNFA_SIGNALING_VIA_NFKB	peng_N6___Activated	-0.0402937316313928	peng_N6	Peng	Activated	124
HALLMARK_TNFA_SIGNALING_VIA_NFKB	peng_N7___Normal	-0.34080741167643	peng_N7	Peng	Normal	118
HALLMARK_TNFA_SIGNALING_VIA_NFKB	peng_N7___Activated	0.121783272191807	peng_N7	Peng	Activated	58
HALLMARK_TNFA_SIGNALING_VIA_NFKB	peng_N8___Normal	0.189336962677899	peng_N8	Peng	Normal	263
HALLMARK_TNFA_SIGNALING_VIA_NFKB	peng_N8___Activated	0.379153125209076	peng_N8	Peng	Activated	203
HALLMARK_TNFA_SIGNALING_VIA_NFKB	peng_N9___Normal	-0.228892760457576	peng_N9	Peng	Normal	124
HALLMARK_TNFA_SIGNALING_VIA_NFKB	peng_N9___Activated	-0.293854547260509	peng_N9	Peng	Activated	235
HALLMARK_TNFA_SIGNALING_VIA_NFKB	peng_T1___Normal	0.000502595720308308	peng_T1	Peng	Normal	89
HALLMARK_TNFA_SIGNALING_VIA_NFKB	peng_T1___Activated	0.251626414812038	peng_T1	Peng	Activated	248
HALLMARK_TNFA_SIGNALING_VIA_NFKB	peng_T10___Normal	-0.0782173164385986	peng_T10	Peng	Normal	112
HALLMARK_TNFA_SIGNALING_VIA_NFKB	peng_T10___Activated	-0.093097797769042	peng_T10	Peng	Activated	222
HALLMARK_TNFA_SIGNALING_VIA_NFKB	peng_T12___Normal	0.101219850819476	peng_T12	Peng	Normal	71
HALLMARK_TNFA_SIGNALING_VIA_NFKB	peng_T12___Activated	0.207341643140645	peng_T12	Peng	Activated	319
HALLMARK_TNFA_SIGNALING_VIA_NFKB	peng_T13___Normal	-0.218003192008339	peng_T13	Peng	Normal	199
HALLMARK_TNFA_SIGNALING_VIA_NFKB	peng_T13___Activated	-0.180004967379762	peng_T13	Peng	Activated	522
HALLMARK_TNFA_SIGNALING_VIA_NFKB	peng_T14___Normal	-0.100962368074782	peng_T14	Peng	Normal	108
HALLMARK_TNFA_SIGNALING_VIA_NFKB	peng_T14___Activated	-0.0840540744757424	peng_T14	Peng	Activated	186
HALLMARK_TNFA_SIGNALING_VIA_NFKB	peng_T15___Normal	-0.242733069389366	peng_T15	Peng	Normal	140
HALLMARK_TNFA_SIGNALING_VIA_NFKB	peng_T15___Activated	-0.25328402879051	peng_T15	Peng	Activated	1165
HALLMARK_TNFA_SIGNALING_VIA_NFKB	peng_T16___Normal	0.379980127683507	peng_T16	Peng	Normal	94
HALLMARK_TNFA_SIGNALING_VIA_NFKB	peng_T16___Activated	0.453847632708704	peng_T16	Peng	Activated	673
HALLMARK_TNFA_SIGNALING_VIA_NFKB	peng_T17___Normal	-0.112463403721005	peng_T17	Peng	Normal	23
HALLMARK_TNFA_SIGNALING_VIA_NFKB	peng_T17___Activated	-0.0379129830947611	peng_T17	Peng	Activated	305
HALLMARK_TNFA_SIGNALING_VIA_NFKB	peng_T18___Normal	0.222224109211592	peng_T18	Peng	Normal	81
HALLMARK_TNFA_SIGNALING_VIA_NFKB	peng_T18___Activated	0.171858610936958	peng_T18	Peng	Activated	967
HALLMARK_TNFA_SIGNALING_VIA_NFKB	peng_T19___Normal	0.299578105981279	peng_T19	Peng	Normal	660
HALLMARK_TNFA_SIGNALING_VIA_NFKB	peng_T19___Activated	0.217258034654663	peng_T19	Peng	Activated	1046
HALLMARK_TNFA_SIGNALING_VIA_NFKB	peng_T2___Normal	-0.294075646425758	peng_T2	Peng	Normal	25
HALLMARK_TNFA_SIGNALING_VIA_NFKB	peng_T2___Activated	-0.385817355198226	peng_T2	Peng	Activated	62
HALLMARK_TNFA_SIGNALING_VIA_NFKB	peng_T20___Normal	0.0525131042566006	peng_T20	Peng	Normal	58
HALLMARK_TNFA_SIGNALING_VIA_NFKB	peng_T20___Activated	0.0782046503987941	peng_T20	Peng	Activated	93
HALLMARK_TNFA_SIGNALING_VIA_NFKB	peng_T22___Normal	-0.0305352152948574	peng_T22	Peng	Normal	26
HALLMARK_TNFA_SIGNALING_VIA_NFKB	peng_T22___Activated	-0.23134591952475	peng_T22	Peng	Activated	118
HALLMARK_TNFA_SIGNALING_VIA_NFKB	peng_T23___Normal	-0.0238959952260863	peng_T23	Peng	Normal	56
HALLMARK_TNFA_SIGNALING_VIA_NFKB	peng_T23___Activated	-0.0671633015221705	peng_T23	Peng	Activated	1282
HALLMARK_TNFA_SIGNALING_VIA_NFKB	peng_T24___Normal	-0.307908772225098	peng_T24	Peng	Normal	467
HALLMARK_TNFA_SIGNALING_VIA_NFKB	peng_T24___Activated	0.151701049956437	peng_T24	Peng	Activated	917
HALLMARK_TNFA_SIGNALING_VIA_NFKB	peng_T3___Normal	0.0620413072252516	peng_T3	Peng	Normal	119
HALLMARK_TNFA_SIGNALING_VIA_NFKB	peng_T3___Activated	0.0470229081100723	peng_T3	Peng	Activated	339
HALLMARK_TNFA_SIGNALING_VIA_NFKB	peng_T4___Normal	-0.24096475742649	peng_T4	Peng	Normal	46
HALLMARK_TNFA_SIGNALING_VIA_NFKB	peng_T4___Activated	-0.320352633378593	peng_T4	Peng	Activated	176
HALLMARK_TNFA_SIGNALING_VIA_NFKB	peng_T5___Normal	-0.0171412952082655	peng_T5	Peng	Normal	173
HALLMARK_TNFA_SIGNALING_VIA_NFKB	peng_T5___Activated	0.0170370750323427	peng_T5	Peng	Activated	238
HALLMARK_TNFA_SIGNALING_VIA_NFKB	peng_T6___Normal	-0.0688458432089718	peng_T6	Peng	Normal	147
HALLMARK_TNFA_SIGNALING_VIA_NFKB	peng_T6___Activated	-0.191324623628586	peng_T6	Peng	Activated	216
HALLMARK_TNFA_SIGNALING_VIA_NFKB	peng_T7___Normal	-0.24739109678723	peng_T7	Peng	Normal	125
HALLMARK_TNFA_SIGNALING_VIA_NFKB	peng_T7___Activated	-0.315002146030809	peng_T7	Peng	Activated	299
HALLMARK_UNFOLDED_PROTEIN_RESPONSE	PDAC2___Normal	0.171327873669144	PDAC2	Powers	Normal	47
HALLMARK_UNFOLDED_PROTEIN_RESPONSE	PDAC2___Activated	0.329048666592739	PDAC2	Powers	Activated	1924
HALLMARK_UNFOLDED_PROTEIN_RESPONSE	peng_N1___Normal	-0.015211912902954	peng_N1	Peng	Normal	397
HALLMARK_UNFOLDED_PROTEIN_RESPONSE	peng_N1___Activated	0.290590164978987	peng_N1	Peng	Activated	381
HALLMARK_UNFOLDED_PROTEIN_RESPONSE	peng_N10___Normal	-0.0380316531434794	peng_N10	Peng	Normal	42
HALLMARK_UNFOLDED_PROTEIN_RESPONSE	peng_N10___Activated	0.187820942009562	peng_N10	Peng	Activated	22
HALLMARK_UNFOLDED_PROTEIN_RESPONSE	peng_N11___Normal	-0.32862634628064	peng_N11	Peng	Normal	28
HALLMARK_UNFOLDED_PROTEIN_RESPONSE	peng_N11___Activated	0.0462729292717181	peng_N11	Peng	Activated	22
HALLMARK_UNFOLDED_PROTEIN_RESPONSE	peng_N2___Normal	-0.297934203024713	peng_N2	Peng	Normal	223
HALLMARK_UNFOLDED_PROTEIN_RESPONSE	peng_N2___Activated	-0.0572193267812794	peng_N2	Peng	Activated	232
HALLMARK_UNFOLDED_PROTEIN_RESPONSE	peng_N3___Normal	-0.395443721080993	peng_N3	Peng	Normal	172
HALLMARK_UNFOLDED_PROTEIN_RESPONSE	peng_N3___Activated	-0.354055287844536	peng_N3	Peng	Activated	40
HALLMARK_UNFOLDED_PROTEIN_RESPONSE	peng_N4___Normal	-0.31270221495011	peng_N4	Peng	Normal	85
HALLMARK_UNFOLDED_PROTEIN_RESPONSE	peng_N4___Activated	-0.0551423088361478	peng_N4	Peng	Activated	48
HALLMARK_UNFOLDED_PROTEIN_RESPONSE	peng_N6___Normal	-0.380059182180006	peng_N6	Peng	Normal	214
HALLMARK_UNFOLDED_PROTEIN_RESPONSE	peng_N6___Activated	-0.284081009518596	peng_N6	Peng	Activated	124
HALLMARK_UNFOLDED_PROTEIN_RESPONSE	peng_N7___Normal	-0.134808437091933	peng_N7	Peng	Normal	118
HALLMARK_UNFOLDED_PROTEIN_RESPONSE	peng_N7___Activated	-0.0851202697968421	peng_N7	Peng	Activated	58
HALLMARK_UNFOLDED_PROTEIN_RESPONSE	peng_N8___Normal	-0.245826796492881	peng_N8	Peng	Normal	263
HALLMARK_UNFOLDED_PROTEIN_RESPONSE	peng_N8___Activated	0.153575458003941	peng_N8	Peng	Activated	203
HALLMARK_UNFOLDED_PROTEIN_RESPONSE	peng_N9___Normal	-0.228104977278688	peng_N9	Peng	Normal	124
HALLMARK_UNFOLDED_PROTEIN_RESPONSE	peng_N9___Activated	-0.211942865692107	peng_N9	Peng	Activated	235
HALLMARK_UNFOLDED_PROTEIN_RESPONSE	peng_T1___Normal	-0.141415715991598	peng_T1	Peng	Normal	89
HALLMARK_UNFOLDED_PROTEIN_RESPONSE	peng_T1___Activated	-0.123807658966432	peng_T1	Peng	Activated	248
HALLMARK_UNFOLDED_PROTEIN_RESPONSE	peng_T10___Normal	-0.0836506494509567	peng_T10	Peng	Normal	112
HALLMARK_UNFOLDED_PROTEIN_RESPONSE	peng_T10___Activated	-0.123696923872809	peng_T10	Peng	Activated	222
HALLMARK_UNFOLDED_PROTEIN_RESPONSE	peng_T12___Normal	0.136149917214815	peng_T12	Peng	Normal	71
HALLMARK_UNFOLDED_PROTEIN_RESPONSE	peng_T12___Activated	0.111210568057174	peng_T12	Peng	Activated	319
HALLMARK_UNFOLDED_PROTEIN_RESPONSE	peng_T13___Normal	-0.0847252294274712	peng_T13	Peng	Normal	199
HALLMARK_UNFOLDED_PROTEIN_RESPONSE	peng_T13___Activated	0.0664623076520391	peng_T13	Peng	Activated	522
HALLMARK_UNFOLDED_PROTEIN_RESPONSE	peng_T14___Normal	-0.0588118760134261	peng_T14	Peng	Normal	108
HALLMARK_UNFOLDED_PROTEIN_RESPONSE	peng_T14___Activated	0.0655092093364174	peng_T14	Peng	Activated	186
HALLMARK_UNFOLDED_PROTEIN_RESPONSE	peng_T15___Normal	-0.285509321202898	peng_T15	Peng	Normal	140
HALLMARK_UNFOLDED_PROTEIN_RESPONSE	peng_T15___Activated	-0.317171736735929	peng_T15	Peng	Activated	1165
HALLMARK_UNFOLDED_PROTEIN_RESPONSE	peng_T16___Normal	-0.0180520768177821	peng_T16	Peng	Normal	94
HALLMARK_UNFOLDED_PROTEIN_RESPONSE	peng_T16___Activated	-0.000866760255315568	peng_T16	Peng	Activated	673
HALLMARK_UNFOLDED_PROTEIN_RESPONSE	peng_T17___Normal	-0.0262846330852261	peng_T17	Peng	Normal	23
HALLMARK_UNFOLDED_PROTEIN_RESPONSE	peng_T17___Activated	0.252450334410317	peng_T17	Peng	Activated	305
HALLMARK_UNFOLDED_PROTEIN_RESPONSE	peng_T18___Normal	0.133203566281607	peng_T18	Peng	Normal	81
HALLMARK_UNFOLDED_PROTEIN_RESPONSE	peng_T18___Activated	0.234315310140644	peng_T18	Peng	Activated	967
HALLMARK_UNFOLDED_PROTEIN_RESPONSE	peng_T19___Normal	-0.0422434486076315	peng_T19	Peng	Normal	660
HALLMARK_UNFOLDED_PROTEIN_RESPONSE	peng_T19___Activated	0.0417051749386045	peng_T19	Peng	Activated	1046
HALLMARK_UNFOLDED_PROTEIN_RESPONSE	peng_T2___Normal	0.0998437282578459	peng_T2	Peng	Normal	25
HALLMARK_UNFOLDED_PROTEIN_RESPONSE	peng_T2___Activated	0.219617580855289	peng_T2	Peng	Activated	62
HALLMARK_UNFOLDED_PROTEIN_RESPONSE	peng_T20___Normal	0.211073909917161	peng_T20	Peng	Normal	58
HALLMARK_UNFOLDED_PROTEIN_RESPONSE	peng_T20___Activated	0.108151059021467	peng_T20	Peng	Activated	93
HALLMARK_UNFOLDED_PROTEIN_RESPONSE	peng_T22___Normal	-0.109405238282628	peng_T22	Peng	Normal	26
HALLMARK_UNFOLDED_PROTEIN_RESPONSE	peng_T22___Activated	-0.347580355025007	peng_T22	Peng	Activated	118
HALLMARK_UNFOLDED_PROTEIN_RESPONSE	peng_T23___Normal	0.0672966102827828	peng_T23	Peng	Normal	56
HALLMARK_UNFOLDED_PROTEIN_RESPONSE	peng_T23___Activated	-0.0959345013827629	peng_T23	Peng	Activated	1282
HALLMARK_UNFOLDED_PROTEIN_RESPONSE	peng_T24___Normal	-0.372069925514443	peng_T24	Peng	Normal	467
HALLMARK_UNFOLDED_PROTEIN_RESPONSE	peng_T24___Activated	-0.280575350878046	peng_T24	Peng	Activated	917
HALLMARK_UNFOLDED_PROTEIN_RESPONSE	peng_T3___Normal	-0.00911997546167226	peng_T3	Peng	Normal	119
HALLMARK_UNFOLDED_PROTEIN_RESPONSE	peng_T3___Activated	0.0650842277737749	peng_T3	Peng	Activated	339
HALLMARK_UNFOLDED_PROTEIN_RESPONSE	peng_T4___Normal	0.00873090578768654	peng_T4	Peng	Normal	46
HALLMARK_UNFOLDED_PROTEIN_RESPONSE	peng_T4___Activated	-0.0552029267593717	peng_T4	Peng	Activated	176
HALLMARK_UNFOLDED_PROTEIN_RESPONSE	peng_T5___Normal	-0.0527630278229035	peng_T5	Peng	Normal	173
HALLMARK_UNFOLDED_PROTEIN_RESPONSE	peng_T5___Activated	0.0015792983483468	peng_T5	Peng	Activated	238
HALLMARK_UNFOLDED_PROTEIN_RESPONSE	peng_T6___Normal	0.0508697750529364	peng_T6	Peng	Normal	147
HALLMARK_UNFOLDED_PROTEIN_RESPONSE	peng_T6___Activated	-0.00172999949893693	peng_T6	Peng	Activated	216
HALLMARK_UNFOLDED_PROTEIN_RESPONSE	peng_T7___Normal	0.0296551100411322	peng_T7	Peng	Normal	125
HALLMARK_UNFOLDED_PROTEIN_RESPONSE	peng_T7___Activated	-0.0425420986767197	peng_T7	Peng	Activated	299
HALLMARK_UV_RESPONSE_DN	PDAC2___Normal	0.210806743899667	PDAC2	Powers	Normal	47
HALLMARK_UV_RESPONSE_DN	PDAC2___Activated	0.131921028494702	PDAC2	Powers	Activated	1924
HALLMARK_UV_RESPONSE_DN	peng_N1___Normal	-0.17642976024226	peng_N1	Peng	Normal	397
HALLMARK_UV_RESPONSE_DN	peng_N1___Activated	0.0400311893641346	peng_N1	Peng	Activated	381
HALLMARK_UV_RESPONSE_DN	peng_N10___Normal	-0.114905585690563	peng_N10	Peng	Normal	42
HALLMARK_UV_RESPONSE_DN	peng_N10___Activated	0.125013899298963	peng_N10	Peng	Activated	22
HALLMARK_UV_RESPONSE_DN	peng_N11___Normal	0.0764875830597372	peng_N11	Peng	Normal	28
HALLMARK_UV_RESPONSE_DN	peng_N11___Activated	0.256859922303135	peng_N11	Peng	Activated	22
HALLMARK_UV_RESPONSE_DN	peng_N2___Normal	-0.201227987535818	peng_N2	Peng	Normal	223
HALLMARK_UV_RESPONSE_DN	peng_N2___Activated	-0.0157804258672208	peng_N2	Peng	Activated	232
HALLMARK_UV_RESPONSE_DN	peng_N3___Normal	-0.104637540999607	peng_N3	Peng	Normal	172
HALLMARK_UV_RESPONSE_DN	peng_N3___Activated	0.099152129910145	peng_N3	Peng	Activated	40
HALLMARK_UV_RESPONSE_DN	peng_N4___Normal	0.154677011163384	peng_N4	Peng	Normal	85
HALLMARK_UV_RESPONSE_DN	peng_N4___Activated	0.201997337099489	peng_N4	Peng	Activated	48
HALLMARK_UV_RESPONSE_DN	peng_N6___Normal	0.0996004177789709	peng_N6	Peng	Normal	214
HALLMARK_UV_RESPONSE_DN	peng_N6___Activated	0.203002749564679	peng_N6	Peng	Activated	124
HALLMARK_UV_RESPONSE_DN	peng_N7___Normal	-0.0230429162633005	peng_N7	Peng	Normal	118
HALLMARK_UV_RESPONSE_DN	peng_N7___Activated	0.222702812237033	peng_N7	Peng	Activated	58
HALLMARK_UV_RESPONSE_DN	peng_N8___Normal	-0.0568989293493377	peng_N8	Peng	Normal	263
HALLMARK_UV_RESPONSE_DN	peng_N8___Activated	0.156522818301903	peng_N8	Peng	Activated	203
HALLMARK_UV_RESPONSE_DN	peng_N9___Normal	-0.175482985362274	peng_N9	Peng	Normal	124
HALLMARK_UV_RESPONSE_DN	peng_N9___Activated	0.109935393015843	peng_N9	Peng	Activated	235
HALLMARK_UV_RESPONSE_DN	peng_T1___Normal	-0.210278188029269	peng_T1	Peng	Normal	89
HALLMARK_UV_RESPONSE_DN	peng_T1___Activated	0.103206823047472	peng_T1	Peng	Activated	248
HALLMARK_UV_RESPONSE_DN	peng_T10___Normal	-0.0658045665183414	peng_T10	Peng	Normal	112
HALLMARK_UV_RESPONSE_DN	peng_T10___Activated	0.0463987044370713	peng_T10	Peng	Activated	222
HALLMARK_UV_RESPONSE_DN	peng_T12___Normal	-0.292486232632222	peng_T12	Peng	Normal	71
HALLMARK_UV_RESPONSE_DN	peng_T12___Activated	-0.0935540857687065	peng_T12	Peng	Activated	319
HALLMARK_UV_RESPONSE_DN	peng_T13___Normal	-0.292459594433087	peng_T13	Peng	Normal	199
HALLMARK_UV_RESPONSE_DN	peng_T13___Activated	-0.0638853614781755	peng_T13	Peng	Activated	522
HALLMARK_UV_RESPONSE_DN	peng_T14___Normal	-0.295658320257015	peng_T14	Peng	Normal	108
HALLMARK_UV_RESPONSE_DN	peng_T14___Activated	-0.0978988925271458	peng_T14	Peng	Activated	186
HALLMARK_UV_RESPONSE_DN	peng_T15___Normal	-0.199578854698537	peng_T15	Peng	Normal	140
HALLMARK_UV_RESPONSE_DN	peng_T15___Activated	-0.0139708508616571	peng_T15	Peng	Activated	1165
HALLMARK_UV_RESPONSE_DN	peng_T16___Normal	-0.15296660422546	peng_T16	Peng	Normal	94
HALLMARK_UV_RESPONSE_DN	peng_T16___Activated	0.013087492117989	peng_T16	Peng	Activated	673
HALLMARK_UV_RESPONSE_DN	peng_T17___Normal	0.00142453270561468	peng_T17	Peng	Normal	23
HALLMARK_UV_RESPONSE_DN	peng_T17___Activated	-0.109164048713669	peng_T17	Peng	Activated	305
HALLMARK_UV_RESPONSE_DN	peng_T18___Normal	-0.00474718514131031	peng_T18	Peng	Normal	81
HALLMARK_UV_RESPONSE_DN	peng_T18___Activated	-0.0847602525196671	peng_T18	Peng	Activated	967
HALLMARK_UV_RESPONSE_DN	peng_T19___Normal	-0.221716911317902	peng_T19	Peng	Normal	660
HALLMARK_UV_RESPONSE_DN	peng_T19___Activated	-0.160487683329507	peng_T19	Peng	Activated	1046
HALLMARK_UV_RESPONSE_DN	peng_T2___Normal	-0.274595405109322	peng_T2	Peng	Normal	25
HALLMARK_UV_RESPONSE_DN	peng_T2___Activated	-0.184313742469135	peng_T2	Peng	Activated	62
HALLMARK_UV_RESPONSE_DN	peng_T20___Normal	-0.145716149076645	peng_T20	Peng	Normal	58
HALLMARK_UV_RESPONSE_DN	peng_T20___Activated	-0.064510448531661	peng_T20	Peng	Activated	93
HALLMARK_UV_RESPONSE_DN	peng_T22___Normal	-0.0798865198764136	peng_T22	Peng	Normal	26
HALLMARK_UV_RESPONSE_DN	peng_T22___Activated	0.022826593684358	peng_T22	Peng	Activated	118
HALLMARK_UV_RESPONSE_DN	peng_T23___Normal	-0.134727955568097	peng_T23	Peng	Normal	56
HALLMARK_UV_RESPONSE_DN	peng_T23___Activated	0.165315144767276	peng_T23	Peng	Activated	1282
HALLMARK_UV_RESPONSE_DN	peng_T24___Normal	-0.372318780662509	peng_T24	Peng	Normal	467
HALLMARK_UV_RESPONSE_DN	peng_T24___Activated	0.165382312071323	peng_T24	Peng	Activated	917
HALLMARK_UV_RESPONSE_DN	peng_T3___Normal	-0.126834126478821	peng_T3	Peng	Normal	119
HALLMARK_UV_RESPONSE_DN	peng_T3___Activated	0.0819102814841495	peng_T3	Peng	Activated	339
HALLMARK_UV_RESPONSE_DN	peng_T4___Normal	-0.0428267285636734	peng_T4	Peng	Normal	46
HALLMARK_UV_RESPONSE_DN	peng_T4___Activated	0.0876122680340502	peng_T4	Peng	Activated	176
HALLMARK_UV_RESPONSE_DN	peng_T5___Normal	-0.143075172294416	peng_T5	Peng	Normal	173
HALLMARK_UV_RESPONSE_DN	peng_T5___Activated	-0.0467426707855838	peng_T5	Peng	Activated	238
HALLMARK_UV_RESPONSE_DN	peng_T6___Normal	-0.352739428564252	peng_T6	Peng	Normal	147
HALLMARK_UV_RESPONSE_DN	peng_T6___Activated	-0.308806431569306	peng_T6	Peng	Activated	216
HALLMARK_UV_RESPONSE_DN	peng_T7___Normal	0.114967149354635	peng_T7	Peng	Normal	125
HALLMARK_UV_RESPONSE_DN	peng_T7___Activated	0.113113905816925	peng_T7	Peng	Activated	299
HALLMARK_UV_RESPONSE_UP	PDAC2___Normal	0.0960722082055238	PDAC2	Powers	Normal	47
HALLMARK_UV_RESPONSE_UP	PDAC2___Activated	-0.0464795937776158	PDAC2	Powers	Activated	1924
HALLMARK_UV_RESPONSE_UP	peng_N1___Normal	0.192455785498305	peng_N1	Peng	Normal	397
HALLMARK_UV_RESPONSE_UP	peng_N1___Activated	0.155729768344575	peng_N1	Peng	Activated	381
HALLMARK_UV_RESPONSE_UP	peng_N10___Normal	0.105361811142388	peng_N10	Peng	Normal	42
HALLMARK_UV_RESPONSE_UP	peng_N10___Activated	-0.0410748187322241	peng_N10	Peng	Activated	22
HALLMARK_UV_RESPONSE_UP	peng_N11___Normal	-0.111357807772391	peng_N11	Peng	Normal	28
HALLMARK_UV_RESPONSE_UP	peng_N11___Activated	0.0452568417853103	peng_N11	Peng	Activated	22
HALLMARK_UV_RESPONSE_UP	peng_N2___Normal	-0.0405388168071179	peng_N2	Peng	Normal	223
HALLMARK_UV_RESPONSE_UP	peng_N2___Activated	-0.143692332772174	peng_N2	Peng	Activated	232
HALLMARK_UV_RESPONSE_UP	peng_N3___Normal	-0.100682536657929	peng_N3	Peng	Normal	172
HALLMARK_UV_RESPONSE_UP	peng_N3___Activated	-0.192315734659074	peng_N3	Peng	Activated	40
HALLMARK_UV_RESPONSE_UP	peng_N4___Normal	0.221127700950932	peng_N4	Peng	Normal	85
HALLMARK_UV_RESPONSE_UP	peng_N4___Activated	-0.0184569746894797	peng_N4	Peng	Activated	48
HALLMARK_UV_RESPONSE_UP	peng_N6___Normal	-0.121161660779654	peng_N6	Peng	Normal	214
HALLMARK_UV_RESPONSE_UP	peng_N6___Activated	-0.125521456615961	peng_N6	Peng	Activated	124
HALLMARK_UV_RESPONSE_UP	peng_N7___Normal	-0.00680647033345336	peng_N7	Peng	Normal	118
HALLMARK_UV_RESPONSE_UP	peng_N7___Activated	-0.039215141949568	peng_N7	Peng	Activated	58
HALLMARK_UV_RESPONSE_UP	peng_N8___Normal	0.14071818024611	peng_N8	Peng	Normal	263
HALLMARK_UV_RESPONSE_UP	peng_N8___Activated	0.113557765783692	peng_N8	Peng	Activated	203
HALLMARK_UV_RESPONSE_UP	peng_N9___Normal	0.0795304382389139	peng_N9	Peng	Normal	124
HALLMARK_UV_RESPONSE_UP	peng_N9___Activated	-0.0946342747235261	peng_N9	Peng	Activated	235
HALLMARK_UV_RESPONSE_UP	peng_T1___Normal	0.0115528350654208	peng_T1	Peng	Normal	89
HALLMARK_UV_RESPONSE_UP	peng_T1___Activated	-0.0337865694520417	peng_T1	Peng	Activated	248
HALLMARK_UV_RESPONSE_UP	peng_T10___Normal	-0.0561909814294642	peng_T10	Peng	Normal	112
HALLMARK_UV_RESPONSE_UP	peng_T10___Activated	-0.0753727586652552	peng_T10	Peng	Activated	222
HALLMARK_UV_RESPONSE_UP	peng_T12___Normal	0.0844604484536619	peng_T12	Peng	Normal	71
HALLMARK_UV_RESPONSE_UP	peng_T12___Activated	-0.0153897689613959	peng_T12	Peng	Activated	319
HALLMARK_UV_RESPONSE_UP	peng_T13___Normal	-0.038983843496624	peng_T13	Peng	Normal	199
HALLMARK_UV_RESPONSE_UP	peng_T13___Activated	-0.146514457651109	peng_T13	Peng	Activated	522
HALLMARK_UV_RESPONSE_UP	peng_T14___Normal	0.0944829954641352	peng_T14	Peng	Normal	108
HALLMARK_UV_RESPONSE_UP	peng_T14___Activated	-0.0122400661003976	peng_T14	Peng	Activated	186
HALLMARK_UV_RESPONSE_UP	peng_T15___Normal	0.172966097507637	peng_T15	Peng	Normal	140
HALLMARK_UV_RESPONSE_UP	peng_T15___Activated	-0.31468258794954	peng_T15	Peng	Activated	1165
HALLMARK_UV_RESPONSE_UP	peng_T16___Normal	0.0971648465863911	peng_T16	Peng	Normal	94
HALLMARK_UV_RESPONSE_UP	peng_T16___Activated	0.0371123056163524	peng_T16	Peng	Activated	673
HALLMARK_UV_RESPONSE_UP	peng_T17___Normal	-0.0503651573655191	peng_T17	Peng	Normal	23
HALLMARK_UV_RESPONSE_UP	peng_T17___Activated	-0.0970224999319824	peng_T17	Peng	Activated	305
HALLMARK_UV_RESPONSE_UP	peng_T18___Normal	-0.010811863691304	peng_T18	Peng	Normal	81
HALLMARK_UV_RESPONSE_UP	peng_T18___Activated	-0.0398323914360387	peng_T18	Peng	Activated	967
HALLMARK_UV_RESPONSE_UP	peng_T19___Normal	0.0325577730344726	peng_T19	Peng	Normal	660
HALLMARK_UV_RESPONSE_UP	peng_T19___Activated	-0.101490246911936	peng_T19	Peng	Activated	1046
HALLMARK_UV_RESPONSE_UP	peng_T2___Normal	-0.186156461853786	peng_T2	Peng	Normal	25
HALLMARK_UV_RESPONSE_UP	peng_T2___Activated	-0.210941032380982	peng_T2	Peng	Activated	62
HALLMARK_UV_RESPONSE_UP	peng_T20___Normal	0.120144949458089	peng_T20	Peng	Normal	58
HALLMARK_UV_RESPONSE_UP	peng_T20___Activated	-0.0202422084348064	peng_T20	Peng	Activated	93
HALLMARK_UV_RESPONSE_UP	peng_T22___Normal	-0.0566114045338897	peng_T22	Peng	Normal	26
HALLMARK_UV_RESPONSE_UP	peng_T22___Activated	-0.216936156142228	peng_T22	Peng	Activated	118
HALLMARK_UV_RESPONSE_UP	peng_T23___Normal	0.119909030107971	peng_T23	Peng	Normal	56
HALLMARK_UV_RESPONSE_UP	peng_T23___Activated	-0.306961605812328	peng_T23	Peng	Activated	1282
HALLMARK_UV_RESPONSE_UP	peng_T24___Normal	-0.118602921210525	peng_T24	Peng	Normal	467
HALLMARK_UV_RESPONSE_UP	peng_T24___Activated	-0.35712043740964	peng_T24	Peng	Activated	917
HALLMARK_UV_RESPONSE_UP	peng_T3___Normal	-0.00217737790316042	peng_T3	Peng	Normal	119
HALLMARK_UV_RESPONSE_UP	peng_T3___Activated	-0.141798404609393	peng_T3	Peng	Activated	339
HALLMARK_UV_RESPONSE_UP	peng_T4___Normal	-0.060704554385455	peng_T4	Peng	Normal	46
HALLMARK_UV_RESPONSE_UP	peng_T4___Activated	-0.227005121162294	peng_T4	Peng	Activated	176
HALLMARK_UV_RESPONSE_UP	peng_T5___Normal	0.0879625939413248	peng_T5	Peng	Normal	173
HALLMARK_UV_RESPONSE_UP	peng_T5___Activated	0.0231926610062836	peng_T5	Peng	Activated	238
HALLMARK_UV_RESPONSE_UP	peng_T6___Normal	0.217150245805735	peng_T6	Peng	Normal	147
HALLMARK_UV_RESPONSE_UP	peng_T6___Activated	-0.166780596307112	peng_T6	Peng	Activated	216
HALLMARK_UV_RESPONSE_UP	peng_T7___Normal	0.0303670605860326	peng_T7	Peng	Normal	125
HALLMARK_UV_RESPONSE_UP	peng_T7___Activated	-0.26842521738841	peng_T7	Peng	Activated	299
HALLMARK_WNT_BETA_CATENIN_SIGNALING	PDAC2___Normal	0.154455158569505	PDAC2	Powers	Normal	47
HALLMARK_WNT_BETA_CATENIN_SIGNALING	PDAC2___Activated	0.0594366431390514	PDAC2	Powers	Activated	1924
HALLMARK_WNT_BETA_CATENIN_SIGNALING	peng_N1___Normal	-0.0750295961945911	peng_N1	Peng	Normal	397
HALLMARK_WNT_BETA_CATENIN_SIGNALING	peng_N1___Activated	-0.309290532215741	peng_N1	Peng	Activated	381
HALLMARK_WNT_BETA_CATENIN_SIGNALING	peng_N10___Normal	0.162270799619933	peng_N10	Peng	Normal	42
HALLMARK_WNT_BETA_CATENIN_SIGNALING	peng_N10___Activated	-0.143808076610801	peng_N10	Peng	Activated	22
HALLMARK_WNT_BETA_CATENIN_SIGNALING	peng_N11___Normal	0.0831666343482602	peng_N11	Peng	Normal	28
HALLMARK_WNT_BETA_CATENIN_SIGNALING	peng_N11___Activated	0.112577096775461	peng_N11	Peng	Activated	22
HALLMARK_WNT_BETA_CATENIN_SIGNALING	peng_N2___Normal	-0.0465654646255268	peng_N2	Peng	Normal	223
HALLMARK_WNT_BETA_CATENIN_SIGNALING	peng_N2___Activated	-0.176837799907773	peng_N2	Peng	Activated	232
HALLMARK_WNT_BETA_CATENIN_SIGNALING	peng_N3___Normal	-0.236321800228927	peng_N3	Peng	Normal	172
HALLMARK_WNT_BETA_CATENIN_SIGNALING	peng_N3___Activated	-0.397644300505552	peng_N3	Peng	Activated	40
HALLMARK_WNT_BETA_CATENIN_SIGNALING	peng_N4___Normal	0.148345650943206	peng_N4	Peng	Normal	85
HALLMARK_WNT_BETA_CATENIN_SIGNALING	peng_N4___Activated	0.0868884617782391	peng_N4	Peng	Activated	48
HALLMARK_WNT_BETA_CATENIN_SIGNALING	peng_N6___Normal	0.20928878626538	peng_N6	Peng	Normal	214
HALLMARK_WNT_BETA_CATENIN_SIGNALING	peng_N6___Activated	0.23677126921781	peng_N6	Peng	Activated	124
HALLMARK_WNT_BETA_CATENIN_SIGNALING	peng_N7___Normal	0.037412894978869	peng_N7	Peng	Normal	118
HALLMARK_WNT_BETA_CATENIN_SIGNALING	peng_N7___Activated	0.0192668541212941	peng_N7	Peng	Activated	58
HALLMARK_WNT_BETA_CATENIN_SIGNALING	peng_N8___Normal	-0.046567765105237	peng_N8	Peng	Normal	263
HALLMARK_WNT_BETA_CATENIN_SIGNALING	peng_N8___Activated	-0.0776157791724509	peng_N8	Peng	Activated	203
HALLMARK_WNT_BETA_CATENIN_SIGNALING	peng_N9___Normal	0.126330415304231	peng_N9	Peng	Normal	124
HALLMARK_WNT_BETA_CATENIN_SIGNALING	peng_N9___Activated	0.0823058413396505	peng_N9	Peng	Activated	235
HALLMARK_WNT_BETA_CATENIN_SIGNALING	peng_T1___Normal	-0.029151476105912	peng_T1	Peng	Normal	89
HALLMARK_WNT_BETA_CATENIN_SIGNALING	peng_T1___Activated	0.163042116858066	peng_T1	Peng	Activated	248
HALLMARK_WNT_BETA_CATENIN_SIGNALING	peng_T10___Normal	-0.241866315041424	peng_T10	Peng	Normal	112
HALLMARK_WNT_BETA_CATENIN_SIGNALING	peng_T10___Activated	0.157427399076038	peng_T10	Peng	Activated	222
HALLMARK_WNT_BETA_CATENIN_SIGNALING	peng_T12___Normal	-0.234667431268848	peng_T12	Peng	Normal	71
HALLMARK_WNT_BETA_CATENIN_SIGNALING	peng_T12___Activated	0.049402091377866	peng_T12	Peng	Activated	319
HALLMARK_WNT_BETA_CATENIN_SIGNALING	peng_T13___Normal	-0.121517978506883	peng_T13	Peng	Normal	199
HALLMARK_WNT_BETA_CATENIN_SIGNALING	peng_T13___Activated	-0.0634374573628315	peng_T13	Peng	Activated	522
HALLMARK_WNT_BETA_CATENIN_SIGNALING	peng_T14___Normal	-0.307271938569719	peng_T14	Peng	Normal	108
HALLMARK_WNT_BETA_CATENIN_SIGNALING	peng_T14___Activated	-0.101296551538119	peng_T14	Peng	Activated	186
HALLMARK_WNT_BETA_CATENIN_SIGNALING	peng_T15___Normal	-0.245144791271656	peng_T15	Peng	Normal	140
HALLMARK_WNT_BETA_CATENIN_SIGNALING	peng_T15___Activated	0.191047842284742	peng_T15	Peng	Activated	1165
HALLMARK_WNT_BETA_CATENIN_SIGNALING	peng_T16___Normal	-0.317827231620804	peng_T16	Peng	Normal	94
HALLMARK_WNT_BETA_CATENIN_SIGNALING	peng_T16___Activated	-0.0298179581070317	peng_T16	Peng	Activated	673
HALLMARK_WNT_BETA_CATENIN_SIGNALING	peng_T17___Normal	-0.321445514299195	peng_T17	Peng	Normal	23
HALLMARK_WNT_BETA_CATENIN_SIGNALING	peng_T17___Activated	-0.215154658979025	peng_T17	Peng	Activated	305
HALLMARK_WNT_BETA_CATENIN_SIGNALING	peng_T18___Normal	0.0218593465539609	peng_T18	Peng	Normal	81
HALLMARK_WNT_BETA_CATENIN_SIGNALING	peng_T18___Activated	-0.270782775732914	peng_T18	Peng	Activated	967
HALLMARK_WNT_BETA_CATENIN_SIGNALING	peng_T19___Normal	-0.468506226393535	peng_T19	Peng	Normal	660
HALLMARK_WNT_BETA_CATENIN_SIGNALING	peng_T19___Activated	-0.318742335910385	peng_T19	Peng	Activated	1046
HALLMARK_WNT_BETA_CATENIN_SIGNALING	peng_T2___Normal	-0.250367801992943	peng_T2	Peng	Normal	25
HALLMARK_WNT_BETA_CATENIN_SIGNALING	peng_T2___Activated	0.133487099674035	peng_T2	Peng	Activated	62
HALLMARK_WNT_BETA_CATENIN_SIGNALING	peng_T20___Normal	0.0300523473163641	peng_T20	Peng	Normal	58
HALLMARK_WNT_BETA_CATENIN_SIGNALING	peng_T20___Activated	0.0463412996131963	peng_T20	Peng	Activated	93
HALLMARK_WNT_BETA_CATENIN_SIGNALING	peng_T22___Normal	-0.0474326951891568	peng_T22	Peng	Normal	26
HALLMARK_WNT_BETA_CATENIN_SIGNALING	peng_T22___Activated	-0.130337405455188	peng_T22	Peng	Activated	118
HALLMARK_WNT_BETA_CATENIN_SIGNALING	peng_T23___Normal	-0.317608631192687	peng_T23	Peng	Normal	56
HALLMARK_WNT_BETA_CATENIN_SIGNALING	peng_T23___Activated	0.0753970791913299	peng_T23	Peng	Activated	1282
HALLMARK_WNT_BETA_CATENIN_SIGNALING	peng_T24___Normal	-0.25244325856506	peng_T24	Peng	Normal	467
HALLMARK_WNT_BETA_CATENIN_SIGNALING	peng_T24___Activated	0.116077651333459	peng_T24	Peng	Activated	917
HALLMARK_WNT_BETA_CATENIN_SIGNALING	peng_T3___Normal	-0.258697219417413	peng_T3	Peng	Normal	119
HALLMARK_WNT_BETA_CATENIN_SIGNALING	peng_T3___Activated	0.11067495682414	peng_T3	Peng	Activated	339
HALLMARK_WNT_BETA_CATENIN_SIGNALING	peng_T4___Normal	-0.0345792629365874	peng_T4	Peng	Normal	46
HALLMARK_WNT_BETA_CATENIN_SIGNALING	peng_T4___Activated	0.305685841835225	peng_T4	Peng	Activated	176
HALLMARK_WNT_BETA_CATENIN_SIGNALING	peng_T5___Normal	-0.0904753689779682	peng_T5	Peng	Normal	173
HALLMARK_WNT_BETA_CATENIN_SIGNALING	peng_T5___Activated	0.0243718393138881	peng_T5	Peng	Activated	238
HALLMARK_WNT_BETA_CATENIN_SIGNALING	peng_T6___Normal	-0.0511064163497457	peng_T6	Peng	Normal	147
HALLMARK_WNT_BETA_CATENIN_SIGNALING	peng_T6___Activated	-0.126591916330243	peng_T6	Peng	Activated	216
HALLMARK_WNT_BETA_CATENIN_SIGNALING	peng_T7___Normal	0.251356834045625	peng_T7	Peng	Normal	125
HALLMARK_WNT_BETA_CATENIN_SIGNALING	peng_T7___Activated	0.115156365514987	peng_T7	Peng	Activated	299
HALLMARK_XENOBIOTIC_METABOLISM	PDAC2___Normal	-0.0118024112616666	PDAC2	Powers	Normal	47
HALLMARK_XENOBIOTIC_METABOLISM	PDAC2___Activated	-0.0419176697919943	PDAC2	Powers	Activated	1924
HALLMARK_XENOBIOTIC_METABOLISM	peng_N1___Normal	0.0665833859052203	peng_N1	Peng	Normal	397
HALLMARK_XENOBIOTIC_METABOLISM	peng_N1___Activated	0.176916303971108	peng_N1	Peng	Activated	381
HALLMARK_XENOBIOTIC_METABOLISM	peng_N10___Normal	0.0817023182556973	peng_N10	Peng	Normal	42
HALLMARK_XENOBIOTIC_METABOLISM	peng_N10___Activated	0.165971194067348	peng_N10	Peng	Activated	22
HALLMARK_XENOBIOTIC_METABOLISM	peng_N11___Normal	-0.0921499626626892	peng_N11	Peng	Normal	28
HALLMARK_XENOBIOTIC_METABOLISM	peng_N11___Activated	0.153005962248039	peng_N11	Peng	Activated	22
HALLMARK_XENOBIOTIC_METABOLISM	peng_N2___Normal	-0.0587209787729286	peng_N2	Peng	Normal	223
HALLMARK_XENOBIOTIC_METABOLISM	peng_N2___Activated	0.252101336641979	peng_N2	Peng	Activated	232
HALLMARK_XENOBIOTIC_METABOLISM	peng_N3___Normal	-0.0799132505510062	peng_N3	Peng	Normal	172
HALLMARK_XENOBIOTIC_METABOLISM	peng_N3___Activated	-0.0796967728215683	peng_N3	Peng	Activated	40
HALLMARK_XENOBIOTIC_METABOLISM	peng_N4___Normal	-0.0851782482090943	peng_N4	Peng	Normal	85
HALLMARK_XENOBIOTIC_METABOLISM	peng_N4___Activated	0.237664055433208	peng_N4	Peng	Activated	48
HALLMARK_XENOBIOTIC_METABOLISM	peng_N6___Normal	-0.290149595246516	peng_N6	Peng	Normal	214
HALLMARK_XENOBIOTIC_METABOLISM	peng_N6___Activated	0.0522040167464364	peng_N6	Peng	Activated	124
HALLMARK_XENOBIOTIC_METABOLISM	peng_N7___Normal	-0.132967839622251	peng_N7	Peng	Normal	118
HALLMARK_XENOBIOTIC_METABOLISM	peng_N7___Activated	0.189403668125181	peng_N7	Peng	Activated	58
HALLMARK_XENOBIOTIC_METABOLISM	peng_N8___Normal	0.0226766014817467	peng_N8	Peng	Normal	263
HALLMARK_XENOBIOTIC_METABOLISM	peng_N8___Activated	0.219642558884841	peng_N8	Peng	Activated	203
HALLMARK_XENOBIOTIC_METABOLISM	peng_N9___Normal	0.142684060852684	peng_N9	Peng	Normal	124
HALLMARK_XENOBIOTIC_METABOLISM	peng_N9___Activated	0.265300405316887	peng_N9	Peng	Activated	235
HALLMARK_XENOBIOTIC_METABOLISM	peng_T1___Normal	-0.248320474708013	peng_T1	Peng	Normal	89
HALLMARK_XENOBIOTIC_METABOLISM	peng_T1___Activated	-0.131119096961225	peng_T1	Peng	Activated	248
HALLMARK_XENOBIOTIC_METABOLISM	peng_T10___Normal	-0.110293316363325	peng_T10	Peng	Normal	112
HALLMARK_XENOBIOTIC_METABOLISM	peng_T10___Activated	-0.0666697470346996	peng_T10	Peng	Activated	222
HALLMARK_XENOBIOTIC_METABOLISM	peng_T12___Normal	-0.0654270751542949	peng_T12	Peng	Normal	71
HALLMARK_XENOBIOTIC_METABOLISM	peng_T12___Activated	0.0507748602879625	peng_T12	Peng	Activated	319
HALLMARK_XENOBIOTIC_METABOLISM	peng_T13___Normal	-0.0298022413230032	peng_T13	Peng	Normal	199
HALLMARK_XENOBIOTIC_METABOLISM	peng_T13___Activated	0.102983893196717	peng_T13	Peng	Activated	522
HALLMARK_XENOBIOTIC_METABOLISM	peng_T14___Normal	0.162218191291632	peng_T14	Peng	Normal	108
HALLMARK_XENOBIOTIC_METABOLISM	peng_T14___Activated	0.28834659160892	peng_T14	Peng	Activated	186
HALLMARK_XENOBIOTIC_METABOLISM	peng_T15___Normal	-0.201048476137608	peng_T15	Peng	Normal	140
HALLMARK_XENOBIOTIC_METABOLISM	peng_T15___Activated	-0.205439108136819	peng_T15	Peng	Activated	1165
HALLMARK_XENOBIOTIC_METABOLISM	peng_T16___Normal	-0.013599404236709	peng_T16	Peng	Normal	94
HALLMARK_XENOBIOTIC_METABOLISM	peng_T16___Activated	-0.0667900696725222	peng_T16	Peng	Activated	673
HALLMARK_XENOBIOTIC_METABOLISM	peng_T17___Normal	-0.0988485695174657	peng_T17	Peng	Normal	23
HALLMARK_XENOBIOTIC_METABOLISM	peng_T17___Activated	0.0995847064682813	peng_T17	Peng	Activated	305
HALLMARK_XENOBIOTIC_METABOLISM	peng_T18___Normal	-0.0315337779648955	peng_T18	Peng	Normal	81
HALLMARK_XENOBIOTIC_METABOLISM	peng_T18___Activated	0.234099299976402	peng_T18	Peng	Activated	967
HALLMARK_XENOBIOTIC_METABOLISM	peng_T19___Normal	-0.239363457775893	peng_T19	Peng	Normal	660
HALLMARK_XENOBIOTIC_METABOLISM	peng_T19___Activated	-0.0839411591413994	peng_T19	Peng	Activated	1046
HALLMARK_XENOBIOTIC_METABOLISM	peng_T2___Normal	-0.125414479875101	peng_T2	Peng	Normal	25
HALLMARK_XENOBIOTIC_METABOLISM	peng_T2___Activated	-0.0570071650543808	peng_T2	Peng	Activated	62
HALLMARK_XENOBIOTIC_METABOLISM	peng_T20___Normal	0.0105087424961088	peng_T20	Peng	Normal	58
HALLMARK_XENOBIOTIC_METABOLISM	peng_T20___Activated	0.00485586457090098	peng_T20	Peng	Activated	93
HALLMARK_XENOBIOTIC_METABOLISM	peng_T22___Normal	-0.0390037271852205	peng_T22	Peng	Normal	26
HALLMARK_XENOBIOTIC_METABOLISM	peng_T22___Activated	-0.171188684787073	peng_T22	Peng	Activated	118
HALLMARK_XENOBIOTIC_METABOLISM	peng_T23___Normal	0.00790995503105157	peng_T23	Peng	Normal	56
HALLMARK_XENOBIOTIC_METABOLISM	peng_T23___Activated	-0.289153095824173	peng_T23	Peng	Activated	1282
HALLMARK_XENOBIOTIC_METABOLISM	peng_T24___Normal	-0.147171400950649	peng_T24	Peng	Normal	467
HALLMARK_XENOBIOTIC_METABOLISM	peng_T24___Activated	-0.031729425733814	peng_T24	Peng	Activated	917
HALLMARK_XENOBIOTIC_METABOLISM	peng_T3___Normal	-0.1820658452521	peng_T3	Peng	Normal	119
HALLMARK_XENOBIOTIC_METABOLISM	peng_T3___Activated	-0.134626948691658	peng_T3	Peng	Activated	339
HALLMARK_XENOBIOTIC_METABOLISM	peng_T4___Normal	0.00835960361505289	peng_T4	Peng	Normal	46
HALLMARK_XENOBIOTIC_METABOLISM	peng_T4___Activated	-0.132790413674916	peng_T4	Peng	Activated	176
HALLMARK_XENOBIOTIC_METABOLISM	peng_T5___Normal	-0.0771300165593188	peng_T5	Peng	Normal	173
HALLMARK_XENOBIOTIC_METABOLISM	peng_T5___Activated	0.0287502517837911	peng_T5	Peng	Activated	238
HALLMARK_XENOBIOTIC_METABOLISM	peng_T6___Normal	0.126411097372624	peng_T6	Peng	Normal	147
HALLMARK_XENOBIOTIC_METABOLISM	peng_T6___Activated	0.197019560047365	peng_T6	Peng	Activated	216
HALLMARK_XENOBIOTIC_METABOLISM	peng_T7___Normal	-0.163347549324521	peng_T7	Peng	Normal	125
HALLMARK_XENOBIOTIC_METABOLISM	peng_T7___Activated	-0.11386170562415	peng_T7	Peng	Activated	299
