sample_id	Patient	CellType2	n_cells	KCNA5	KCNA7	KCNAB1	KCNAB2	KCNB1	KCNC4	KCND2	KCND3	KCNE4	KCNJ15	KCNJ16	KCNJ8	KCNK1	KCNK15	KCNK17	KCNK3	KCNK6	KCNMA1	KCNMB1	KCNMB4	KCNN3	KCNN4	KCNQ4	KCNS3	KCNT2	SDC1	LRRC15	COL11A1	MMP11	GJB2	F13A1	IGFL2	TRIM59	PLPP4	LOXL2	ITGA11	C1QTNF3	RASGRF2	COL12A1	TMEM158	KIF26B	DSG2	SUGCT	CADM1	PLAU	NUAK1	RUNX2	COL10A1	ADAM12	SLC16A3	FN1	COL8A2	WNT5A	C1QTNF6	BCAT1	HMOX1	ARC	TFPI2	CXCL3	LIF	FOSL1	IL6	HMGA1	CXCL2	CXCL8	KRT18	HAS1	HSPB8	GPRC5A	HAS2	THAP2	CLCF1	KDM6B	TMEM88	BDKRB1	CYB5D1	FLNC	DUSP2	DYRK3	NR4A3	KRT8	HSPH1	NFATC2	EFNB2	myCAF_score	iCAF_score
HPD1__myCAF	HPD1	myCAF	22	0	0	0	5.71170559479776	0	0	5.71170559479776	5.71170559479776	7.31849437956286	5.71170559479776	0	0	5.71170559479776	0	0	0	7.09551660448878	0	5.71170559479776	0	0	0	0	7.50070540359379	0	8.75307351245662	6.40319789315345	8.41666446385498	11.5519471215903	8.48118916295444	0	7.50070540359379	7.78824929290871	8.41666446385498	10.4959124796137	8.75307351245662	7.09551660448878	0	10.1392493852771	7.09551660448878	8.27359764287882	7.78824929290871	9.39735548788766	5.71170559479776	10.591220145848	8.41666446385498	8.48118916295444	9.64028377664551	9.57966322073275	10.3528158896925	13.2182779654537	0	9.39735548788766	8.01130992517448	9.14248731822955	9.0758033244487	0	7.09551660448878	6.80811076471459	7.09551660448878	7.78824929290871	8.70429124700799	8.65300668271295	6.80811076471459	8.65300668271295	9.42204607747306	8.59894916145608	5.71170559479776	5.71170559479776	9.23485119530392	5.71170559479776	7.65477712396668	7.50070540359379	0	5.71170559479776	0	8.48118916295444	0	6.80811076471459	6.80811076471459	9.23485119530392	8.88658515800618	5.71170559479776	5.71170559479776	0.760385972750098	-0.0900420079716157
HPD2__qPSC	HPD2	qPSC	20	0	0	0	0	0	0	0	0	0	0	0	0	7.23670154752993	6.03440659209356	0	4.94057270320442	6.72635559649275	4.94057270320442	0	0	0	6.03440659209356	4.94057270320442	5.63013822623795	0	7.41890315018213	0	0	4.94057270320442	0	0	0	0	0	0	0	0	0	4.94057270320442	6.72635559649275	4.94057270320442	8.22950008493154	5.63013822623795	7.41890315018213	7.76703341515741	4.94057270320442	0	0	6.88033499104287	6.03440659209356	4.94057270320442	0	0	0	0	0	0	11.5771956244633	8.59714280950298	6.72635559649275	8.43012229383476	0	11.2790455095919	9.95072404479723	9.72094827140324	13.0064899591586	0	7.64192673296387	8.02476627717835	0	5.63013822623795	6.88033499104287	7.64192673296387	0	4.94057270320442	5.63013822623795	4.94057270320442	4.94057270320442	0	0	12.575924102179	8.11175038242073	4.94057270320442	7.57296813966912	-1.00681385732325	0.163403877858668
HPD3__qPSC	HPD3	qPSC	23	0	0	0	0	0	6.72347513486435	5.11883510459562	0	0	7.4160209583414	6.21345075841926	0	7.3107272779983	6.50063212653455	0	5.80898630749664	7.19302778020415	0	0	0	0	0	5.11883510459562	7.67824639672661	0	8.15764316212015	0	0	7.51127645138367	5.80898630749664	0	0	5.80898630749664	0	0	0	5.11883510459562	0	5.80898630749664	6.72347513486435	5.11883510459562	9.190473602068	0	8.00354023730605	8.29113873698814	6.50063212653455	0	0	6.50063212653455	9.190473602068	5.11883510459562	5.11883510459562	0	6.21345075841926	0	6.72347513486435	5.11883510459562	10.7368733816096	9.72801425554151	7.75232131221038	6.50063212653455	7.51127645138367	8.96310980375688	10.6696854472283	11.8545419473007	12.7137396154541	0	8.40889391350247	7.82128553369944	5.11883510459562	6.50063212653455	7.3107272779983	7.88579898541551	5.11883510459562	0	6.21345075841926	0	0	5.80898630749664	0	12.7466906180437	8.48033750659124	5.11883510459562	6.50063212653455	-0.622883478259171	0.295620042070304
PDAC1__csCAF	PDAC1	csCAF	160	0	0	5.47852304466472	6.57434779030138	0	5.47852304466472	6.1695802967641	0	8.56557183690078	5.47852304466472	0	7.77734311590588	7.26679686928459	0	0	0	5.47852304466472	0	7.95959481621639	5.47852304466472	5.47852304466472	5.47852304466472	0	6.57434779030138	5.47852304466472	6.57434779030138	5.47852304466472	10.2017637350121	7.26679686928459	7.55430434016781	6.86168087288302	8.73259660504328	6.1695802967641	8.4189984498233	10.1283390934871	8.30779877149617	0	6.1695802967641	11.2550952678601	10.6561459169879	7.55430434016781	7.95959481621639	7.87261519277873	7.77734311590588	10.2105740392134	8.73259660504328	8.8417792165353	8.8066930597573	7.95959481621639	10.1928751188878	12.4261149876246	8.36494348600678	10.4231284383182	6.57434779030138	9.18801314056146	10.4160111829543	9.16332308441369	8.51906089525287	9.80512732061061	6.1695802967641	7.08461497179909	10.1472068314035	8.03961065471224	10.561961028407	11.8373741436182	8.1136955955676	8.77033096103692	8.8417792165353	8.51906089525287	7.87261519277873	6.86168087288302	0	8.30779877149617	0	6.86168087288302	7.08461497179909	7.55430434016781	7.42084778051993	7.08461497179909	9.25862373562599	7.87261519277873	11.3207897042749	6.1695802967641	7.55430434016781	0.706202261154225	0.483963525811647
PDAC1__myCAF	PDAC1	myCAF	235	0	0	4.65781889882087	6.4416410068374	0	5.75008634665811	6.25963815707389	4.65781889882087	8.74279065987711	4.65781889882087	0	7.13399097515077	7.28802771561508	0	0	4.65781889882087	6.95182891165802	4.65781889882087	4.65781889882087	5.75008634665811	5.75008634665811	0	0	7.42147364519703	4.65781889882087	6.84657471073714	6.59556397658145	9.93153882390717	7.42147364519703	7.28802771561508	7.21397233247282	9.31181592558227	6.4416410068374	8.40970931213753	10.4683978283752	8.69150576586767	0	6.95182891165802	11.4063921057017	10.4382759380499	7.94447802090117	7.73976419931315	8.33740535251208	8.04980307443578	9.72352015300386	9.12573212652627	8.56050102414459	9.0910504095568	8.80731920547401	9.96645342078416	12.9103317934056	8.67380918888621	10.4197574377528	6.59556397658145	8.49863784524402	10.2128435810291	8.67380918888621	7.82673931113043	9.20226418463279	5.75008634665811	6.84657471073714	8.92508561500814	7.6444975359797	9.65898562245277	11.3165268956719	7.59322943447294	7.28802771561508	8.31209368278273	7.42147364519703	6.4416410068374	6.84657471073714	6.03697247593467	7.69326490604342	4.65781889882087	5.34621122684131	4.65781889882087	7.59322943447294	6.25963815707389	6.4416410068374	8.23207143568688	7.86754534855819	11.1050711686276	5.75008634665811	7.69326490604342	0.766575250573347	0.354545985240285
PDAC1__qPSC	PDAC1	qPSC	104	0	0	0	6.80046328454428	6.1084287440433	0	6.1084287440433	6.80046328454428	9.10204594192231	6.1084287440433	0	9.05075851265336	6.1084287440433	0	0	7.20555723735866	6.80046328454428	0	7.71608583767321	7.20555723735866	0	0	0	8.05243075151753	6.1084287440433	6.1084287440433	0	8.05243075151753	9.15083079952622	6.80046328454428	7.89833312481742	0	6.1084287440433	7.71608583767321	10.3689134954931	7.89833312481742	0	0	10.7311968905651	9.93489207641526	6.80046328454428	6.80046328454428	8.59129460711701	7.20555723735866	10.0765361938499	8.50430011321244	7.49305368049217	6.80046328454428	0	9.66161396975426	12.6059926171083	7.89833312481742	9.60277732921834	7.20555723735866	8.1859223524495	9.84392491288211	8.99669780814119	9.24179334885527	9.91291424645532	8.74541875580613	7.71608583767321	10.5370455587839	7.89833312481742	10.1492925969115	12.1320735824472	9.10204594192231	7.20555723735866	9.43848633872799	8.30367443791697	8.05243075151753	7.71608583767321	0	9.05075851265336	0	6.80046328454428	0	7.20555723735866	7.71608583767321	6.80046328454428	9.10204594192231	8.81440101464073	11.353238028249	8.81440101464073	7.20555723735866	0.451719311424286	0.657104531552103
PDAC1__smPSC	PDAC1	smPSC	118	5.87560406269788	0	5.87560406269788	0	0	6.56734670835077	5.87560406269788	0	8.76332115194807	6.56734670835077	0	6.9723431994324	6.56734670835077	0	5.87560406269788	7.81910522846517	5.87560406269788	6.9723431994324	8.43795888987249	5.87560406269788	0	0	0	8.07033032359971	6.9723431994324	5.87560406269788	6.56734670835077	8.58103086755217	0	5.87560406269788	6.56734670835077	8.17565957077084	6.56734670835077	7.48279377139954	9.98371302804001	7.95258637217683	0	6.9723431994324	10.7480118289104	9.74405267241211	6.56734670835077	7.25979088099446	9.63405859605758	6.56734670835077	9.45639014723401	8.70617193597377	7.95258637217683	8.07033032359971	7.95258637217683	9.80467384466999	12.7345073055108	8.07033032359971	9.2740842279839	0	8.35793422300145	10.426699540131	8.86866603104012	9.36938587824917	10.0472235940407	8.35793422300145	6.9723431994324	9.99997280463069	8.35793422300145	10.7248452732558	11.8592520955142	8.76332115194807	7.48279377139954	9.9332845612419	8.76332115194807	0	7.25979088099446	7.25979088099446	8.96396341710877	0	6.56734670835077	5.87560406269788	8.17565957077084	0	7.48279377139954	8.76332115194807	8.58103086755217	11.3862331142975	7.66502154326094	8.17565957077084	0.572751432445731	0.636777537054165
PDAC2__csCAF	PDAC2	csCAF	533	0	0	5.59507010612654	7.20153067964082	6.97857347193828	6.69120189502905	8.72700342201984	9.05719950383326	10.1865045715189	7.98958135155554	0	9.37562144837894	8.36416886539678	6.69120189502905	0	5.59507010612654	8.72700342201984	6.97857347193828	9.63446374961644	8.07656448014907	7.53778990960663	5.59507010612654	0	8.07656448014907	7.98958135155554	8.15658328471032	8.36416886539678	9.96084211186871	10.9192413207482	9.44157400558963	7.53778990960663	8.68255902976807	7.67125472834549	8.58726580149144	8.48192600397724	8.15658328471032	9.70228205517127	7.53778990960663	10.4196906221835	7.98958135155554	8.5359823210149	7.89430506877325	9.37562144837894	7.20153067964082	10.4511883639987	10.2065044921788	9.28031974509284	11.0381004944497	10.0340421832069	8.36416886539678	12.1265937299684	8.58726580149144	9.05719950383326	9.44157400558963	8.48192600397724	7.89430506877325	7.38372798806646	9.83989557167043	9.59874804644115	8.15658328471032	7.7889859812487	8.9236847609151	7.7889859812487	10.3788698709587	9.35263390144396	9.54266249210454	7.20153067964082	9.42006952548466	9.89546254266568	9.94810369138546	8.68255902976807	7.53778990960663	10.1965545306189	7.38372798806646	9.17496958952637	8.76955628026511	8.07656448014907	6.97857347193828	7.20153067964082	9.22903135813037	8.99266875259315	11.1710909466853	9.42006952548466	7.67125472834549	0.850909775576742	0.738269142063108
PDAC2__myCAF	PDAC2	myCAF	792	0	0	5.89591331133276	4.51783707765915	6.11850657867175	6.81055228200987	7.68537793025174	8.00370633612685	9.55679122631163	6.30046111118104	5.20551301760624	8.35724681604666	7.87454070311421	0	4.51783707765915	0	8.47736455890308	8.00370633612685	6.81055228200987	7.39784901177086	7.94120754159639	5.20551301760624	4.51783707765915	7.59840832485319	6.81055228200987	9.44141780128542	8.55010930771144	10.802150854525	11.0215935331281	10.1273053367598	7.64283829376811	8.75551734111921	7.64283829376811	8.63417681803045	8.6814214911572	8.93781263266035	10.5157047903873	7.94120754159639	10.8802031142488	8.00370633612685	8.91371828419783	8.17070900076158	9.23434994831825	8.24479677146642	10.159392389004	10.5008534378478	9.89598660474692	11.070735584969	10.1236757140658	8.43890643986495	12.5152337378362	9.03958261772932	8.75551734111921	9.16092991803185	9.01784523812987	7.28014254430477	6.90576226733393	8.9258380238773	9.2164940899732	8.17070900076158	7.28014254430477	7.55191217791552	7.07266218703752	9.39729657687237	9.17040767080524	8.43890643986495	6.11850657867175	9.03958261772932	9.31913854774065	9.20744515796668	7.68537793025174	7.34072663075076	9.58833738779081	6.11850657867175	8.83774299800663	7.68537793025174	8.49605283771363	7.21564996126744	7.21564996126744	8.49605283771363	8.220705625269	10.3818262191488	9.09194455117036	6.81055228200987	0.914900926204438	0.542615985851901
PDAC2__qPSC	PDAC2	qPSC	268	6.41835694901878	0	0	7.11068812954144	0	7.51588108960205	8.49637005336797	8.71947276219005	10.1056445858239	7.11068812954144	0	10.3085779270377	7.11068812954144	0	8.20875604802972	7.11068812954144	8.61413039895689	6.41835694901878	10.0543534413462	0	7.51588108960205	7.11068812954144	6.41835694901878	9.30718681409822	7.51588108960205	7.80342706025081	7.51588108960205	9.12488341104707	11.47932965729	9.25003373962859	8.20875604802972	9.05589831963472	6.41835694901878	8.61413039895689	9.78407645577108	9.05589831963472	8.49637005336797	7.80342706025081	9.81797612938989	8.71947276219005	8.61413039895689	8.20875604802972	8.98179932441494	8.61413039895689	10.0543534413462	10.2454012001417	8.81476808976546	10.8355845768941	8.61413039895689	7.51588108960205	12.3777338334989	8.36286783293086	9.59484619390804	8.36286783293086	8.02648894159094	7.51588108960205	7.11068812954144	8.71947276219005	9.67488366474492	8.20875604802972	6.41835694901878	8.36286783293086	8.36286783293086	10.367999423709	9.74898714815967	10.5598849451075	7.80342706025081	8.61413039895689	8.71947276219005	9.05589831963472	8.49637005336797	0	10.130336202113	8.71947276219005	9.05589831963472	7.80342706025081	7.80342706025081	6.41835694901878	8.20875604802972	8.61413039895689	9.55228953942827	10.7734540577324	7.80342706025081	8.71947276219005	0.751178432062555	0.669411824928806
PDAC2__smPSC	PDAC2	smPSC	368	7.20197727393766	0	7.48947305127203	7.20197727393766	6.796884651979	8.30009269848111	7.71250480885471	8.58771264555538	10.2457898301718	6.10485409811484	6.796884651979	9.36080216925607	7.89475182955046	6.10485409811484	7.20197727393766	7.89475182955046	8.30009269848111	8.74183669903931	10.1801949549153	8.66774101605522	6.796884651979	6.796884651979	6.10485409811484	8.93596452010868	7.48947305127203	8.1823407240662	6.796884651979	9.62904591304362	10.9929855441033	8.66774101605522	7.89475182955046	9.43490399631523	7.71250480885471	8.04884926590596	9.14724855233383	8.81081891979042	9.1937637264814	6.796884651979	9.97386721046276	7.48947305127203	8.04884926590596	7.89475182955046	9.36080216925607	8.40542836445108	9.99448554660393	10.1631011752423	8.58771264555538	11.2900178994435	8.1823407240662	8.30009269848111	12.4656515569037	8.81081891979042	9.65803157020684	7.20197727393766	7.20197727393766	8.1823407240662	7.48947305127203	9.59919494352192	9.53667895964611	8.40542836445108	6.796884651979	8.66774101605522	7.71250480885471	10.1970014413346	9.50389154202301	10.4067149189511	6.796884651979	8.99311562442624	8.99311562442624	8.87534812144107	8.58771264555538	0	10.2457898301718	0	8.1823407240662	8.04884926590596	7.71250480885471	7.48947305127203	7.48947305127203	9.71359796675023	9.76623859993319	10.6876099014148	8.1823407240662	8.66774101605522	0.769017026973007	0.697397976695329
peng_N10__qPSC	peng_N10	qPSC	20	0	9.39675294672337	9.39675294672337	9.39675294672337	0	0	0	0	10.0898586298665	0	0	11.6992633431273	0	0	11.3425919562956	0	0	0	0	0	0	0	9.39675294672337	9.39675294672337	0	0	0	0	9.39675294672337	0	0	0	0	0	0	0	0	0	10.4953099051197	0	0	0	0	9.39675294672337	9.39675294672337	0	0	0	0	0	0	0	0	0	0	0	0	0	0	0	0	12.6547696804918	9.39675294672337	11.006124462464	0	10.7829850610723	0	0	0	0	0	0	10.4953099051197	0	0	0	0	0	9.39675294672337	9.39675294672337	11.3425919562956	11.006124462464	0	0	-1.32279415182291	-1.15236134323637
peng_N10__smPSC	peng_N10	smPSC	26	10.8977583257089	0	9.51151946202224	0	0	9.51151946202224	0	0	11.3032172672454	0	10.2046296446356	10.4277657961962	0	0	10.6100824197907	8.81844627324924	0	0	10.2046296446356	9.51151946202224	9.51151946202224	0	0	8.81844627324924	0	0	0	0	8.81844627324924	0	0	0	0	0	0	0	9.51151946202224	0	8.81844627324924	0	0	0	0	0	0	0	0	0	0	0	9.51151946202224	0	0	0	8.81844627324924	8.81844627324924	0	9.51151946202224	0	8.81844627324924	10.2046296446356	10.7642295758891	8.81844627324924	0	0	11.3832590262123	0	10.2046296446356	9.91695990498475	0	9.51151946202224	0	10.4277657961962	11.1208981770847	0	0	0	0	10.2046296446356	0	11.7627450528099	11.4573661851881	0	9.51151946202224	-1.27899447082872	0.666581964461473
peng_N11__smPSC	peng_N11	smPSC	20	0	0	10.4691498123938	0	0	9.55290167840258	0	0	9.95834312124427	11.0569238553525	11.0569238553525	8.85982549028197	9.55290167840258	0	9.95834312124427	0	0	10.4691498123938	10.6514666359777	0	8.85982549028197	0	0	0	0	8.85982549028197	0	0	0	0	0	0	8.85982549028197	0	0	0	0	9.55290167840258	0	0	0	9.95834312124427	8.85982549028197	9.95834312124427	9.95834312124427	10.9391427918853	0	0	0	9.55290167840258	11.257591682169	0	0	0	0	0	0	9.55290167840258	0	0	0	0	0	0	0	11.4246437808418	0	9.55290167840258	0	0	10.2460133608528	8.85982549028197	8.85982549028197	12.0377432473601	0	0	0	0	9.55290167840258	8.85982549028197	11.1622827932562	0	0	8.85982549028197	-0.965402806973508	-1.08157197825318
peng_N1__csCAF	peng_N1	csCAF	224	0	8.72192334387445	7.62363694896786	6.93097840999904	0	7.84668274330484	7.84668274330484	8.18304324596336	10.1287139230508	8.94503429997038	9.18139562860566	9.60421698335731	8.02893912347111	9.28146928361255	7.62363694896786	0	9.00956467213737	6.93097840999904	9.4756088624745	8.02893912347111	7.33611778357796	0	6.93097840999904	8.02893912347111	0	7.33611778357796	0	6.23880779689237	7.84668274330484	0	0	0	5.54761089483528	0	7.62363694896786	6.23880779689237	7.62363694896786	6.23880779689237	10.1489158320325	7.84668274330484	0	8.31653971916409	6.93097840999904	8.63492678254192	10.4415755203642	8.72192334387445	8.02893912347111	8.80195351505131	6.23880779689237	7.84668274330484	10.7366851107969	7.33611778357796	7.62363694896786	6.23880779689237	6.23880779689237	6.93097840999904	9.45580776917712	10.1687176922996	8.63492678254192	8.18304324596336	10.4112710691201	8.31653971916409	10.1881350406281	10.2973304414852	9.23268377614139	11.6618123415539	0	8.02893912347111	9.00956467213737	9.37243296316093	8.02893912347111	8.18304324596336	10.4112710691201	9.45580776917712	8.02893912347111	8.4342955944256	6.23880779689237	7.62363694896786	9.49502547333053	8.80195351505131	11.5695819498656	12.1875013536943	10.7801692979337	6.23880779689237	0.218934941112729	0.777366954847047
peng_N1__iCAF	peng_N1	iCAF	21	0	0	7.98690488256717	0	0	0	0	0	7.98690488256717	7.98690488256717	8.67988210646565	0	0	0	7.98690488256717	0	0	7.98690488256717	0	0	0	0	0	0	0	0	0	0	0	0	0	0	0	0	0	7.98690488256717	0	0	9.08529055593377	0	0	7.98690488256717	7.98690488256717	0	9.59607085047627	0	7.98690488256717	7.98690488256717	0	0	10.0660489811308	0	7.98690488256717	0	0	0	9.59607085047627	9.59607085047627	11.2446745552131	7.98690488256717	10.7591749123681	9.08529055593377	10.3844911217657	11.6241600474088	0	10.8197982842103	0	7.98690488256717	9.59607085047627	9.08529055593377	0	7.98690488256717	10.9310218140972	9.37294429786166	7.98690488256717	9.77838107464329	0	0	9.37294429786166	10.0660489811308	10.5515404513198	12.7139557679114	10.2891840327701	7.98690488256717	-1.00681385732325	0.774669988331753
peng_N1__myCAF	peng_N1	myCAF	138	0	8.74112182534172	0	7.13232320626039	0	8.0481345064393	6.43997456809096	8.0481345064393	9.87241562893039	9.07754838250934	8.23040277885356	8.63577907335235	6.43997456809096	8.38451539667123	0	0	9.32883743241437	6.43997456809096	9.14653364055115	7.13232320626039	8.0481345064393	0	0	8.63577907335235	0	7.82507087637147	0	7.82507087637147	9.32883743241437	0	6.43997456809096	0	0	0	8.0481345064393	8.38451539667123	0	6.43997456809096	10.3504318300471	8.38451539667123	7.13232320626039	8.38451539667123	7.13232320626039	8.74112182534172	9.80572781152779	8.83641747100078	6.43997456809096	10.4988474242622	8.23040277885356	8.0481345064393	12.3355351056146	7.13232320626039	7.53752199180438	0	7.13232320626039	6.43997456809096	8.92341673604133	10.049337973057	7.53752199180438	8.63577907335235	9.99377059129046	8.51801824183781	9.83962752537208	9.14653364055115	7.82507087637147	11.4818122781254	0	8.83641747100078	9.07754838250934	9.21106549987668	6.43997456809096	7.82507087637147	10.3302297753616	8.51801824183781	7.82507087637147	7.13232320626039	6.43997456809096	6.43997456809096	9.07754838250934	7.82507087637147	11.372862281792	11.8182815673072	10.5655370201654	7.53752199180438	0.342015799969094	0.683362276978142
peng_N1__qPSC	peng_N1	qPSC	137	9.41253825276105	7.80342706025081	9.41253825276105	7.80342706025081	0	8.71947276219005	7.11068812954144	0	9.88251124654041	9.30718681409822	9.74898714815967	10.0543534413462	0	8.71947276219005	11.3293911829141	7.11068812954144	9.05589831963472	0	9.25003373962859	0	7.11068812954144	0	0	9.88251124654041	0	7.11068812954144	0	0	7.11068812954144	0	0	0	6.41835694901878	0	8.20875604802972	7.11068812954144	7.11068812954144	7.11068812954144	9.05589831963472	7.11068812954144	0	7.11068812954144	0	9.81797612938989	9.1894151245697	8.71947276219005	7.11068812954144	0	0	8.20875604802972	9.67488366474492	0	0	7.11068812954144	0	7.11068812954144	0	10.6362560168435	0	8.20875604802972	9.81797612938989	10.5110960777289	8.71947276219005	10.1056445858239	9.41253825276105	12.2972618331804	0	8.20875604802972	7.11068812954144	7.80342706025081	7.80342706025081	0	10.0543534413462	9.1894151245697	7.11068812954144	0	7.11068812954144	8.20875604802972	7.80342706025081	9.59484619390804	12.0515197214108	11.2687673120075	7.80342706025081	7.80342706025081	-0.438679558122897	0.632888558477145
peng_N1__smPSC	peng_N1	smPSC	258	11.1529370641694	8.26280893976638	11.1074753567496	7.3469050332454	0	9.98536364115108	0	6.65440222927343	10.696186959766	9.29226252883607	9.36124925801298	9.21816164391628	0	8.44508750672742	10.7474791225995	0	7.75215525685316	9.29226252883607	10.9435901728337	8.26280893976638	7.3469050332454	7.3469050332454	8.26280893976638	8.95582714528282	0	7.75215525685316	0	0	7.3469050332454	0	0	0	6.65440222927343	0	6.65440222927343	7.75215525685316	6.65440222927343	0	9.13812720461885	0	0	8.73271583928901	7.3469050332454	8.73271583928901	8.95582714528282	8.0397298697365	6.65440222927343	6.65440222927343	0	7.3469050332454	8.73271583928901	7.3469050332454	0	6.65440222927343	6.65440222927343	0	0	10.4817825001827	6.65440222927343	8.0397298697365	8.44508750672742	9.91125921278385	8.59920747839963	8.85048096100687	7.75215525685316	11.8571268355723	0	10.0543534413462	6.65440222927343	0	8.26280893976638	6.65440222927343	9.83122063951202	9.36124925801298	0	7.75215525685316	9.29226252883607	9.48640228413879	9.13812720461885	9.54355648260345	11.7282949383099	11.5803760935482	8.0397298697365	7.3469050332454	-0.17619186910992	0.61357800674669
peng_N2__csCAF	peng_N2	csCAF	138	0	9.22809355238869	8.12967772511655	8.12967772511655	7.43682516429998	0	8.12967772511655	8.53504460735136	11.173919491886	9.38223019778205	9.73887987924341	11.4252308011582	8.53504460735136	9.83418470025837	9.92119161156826	7.43682516429998	9.38223019778205	7.43682516429998	11.0335642491298	9.04579164347129	9.22809355238869	0	7.43682516429998	10.3807058429878	8.12967772511655	8.53504460735136	0	0	9.04579164347129	0	7.43682516429998	0	0	0	9.73887987924341	9.51575106445189	8.53504460735136	7.43682516429998	10.655135242577	7.43682516429998	0	9.22809355238869	8.53504460735136	9.22809355238869	10.5717556840223	7.43682516429998	8.82267756324811	8.53504460735136	7.43682516429998	8.53504460735136	10.2694838579124	8.12967772511655	9.73887987924341	0	7.43682516429998	0	0	9.73887987924341	8.12967772511655	0	0	10.0753352738585	8.53504460735136	9.04579164347129	9.51575106445189	11.0998125993869	0	8.12967772511655	0	9.38223019778205	9.38223019778205	7.43682516429998	8.53504460735136	10.2694838579124	7.43682516429998	7.43682516429998	0	7.43682516429998	8.12967772511655	9.38223019778205	11.6106321770721	10.4319975861065	8.12967772511655	8.12967772511655	0.485523307046738	0.452279126267476
peng_N2__myCAF	peng_N2	myCAF	67	0	8.84584124802127	7.74751687643503	7.74751687643503	0	9.356609278422	7.74751687643503	7.74751687643503	10.8825979680816	9.53891643635634	9.356609278422	10.3120675573988	8.84584124802127	9.13348732500847	7.74751687643503	0	7.74751687643503	0	11.0051981229882	0	9.13348732500847	0	0	9.53891643635634	8.84584124802127	8.84584124802127	0	7.74751687643503	10.5803237252182	0	0	0	0	0	10.3120675573988	9.53891643635634	8.44044812695547	0	10.6915466854702	8.44044812695547	0	9.13348732500847	0	8.44044812695547	9.94435754590442	8.44044812695547	8.44044812695547	11.3024453739905	0	7.74751687643503	11.8742263224829	8.44044812695547	7.74751687643503	9.13348732500847	7.74751687643503	8.44044812695547	0	9.69305683115694	0	0	0	0	9.13348732500847	8.84584124802127	9.356609278422	11.2128343724288	0	9.13348732500847	0	9.13348732500847	8.44044812695547	7.74751687643503	8.44044812695547	8.84584124802127	0	8.44044812695547	0	9.53891643635634	8.44044812695547	7.74751687643503	11.5537570594444	10.1450195144747	7.74751687643503	0	0.433128969680336	0.374692215389794
peng_N2__qPSC	peng_N2	qPSC	87	9.66716210579976	7.87571923306213	8.97407825255707	0	9.26172866185152	9.66716210579976	0	0	10.9198798380416	9.66716210579976	9.48485321479009	11.5389106949158	0	7.87571923306213	11.3410870829731	7.87571923306213	0	0	8.56867646775607	0	0	0	7.87571923306213	10.072606103911	0	0	0	0	8.56867646775607	0	0	0	8.97407825255707	0	9.26172866185152	7.87571923306213	0	0	9.95482834579559	0	0	8.97407825255707	0	10.5144237773479	9.66716210579976	9.95482834579559	0	0	0	7.87571923306213	8.97407825255707	0	7.87571923306213	8.97407825255707	0	0	0	8.97407825255707	8.56867646775607	0	7.87571923306213	0	0	9.26172866185152	0	12.3751531977874	0	9.26172866185152	0	0	7.87571923306213	0	9.26172866185152	10.072606103911	0	0	0	7.87571923306213	7.87571923306213	9.48485321479009	11.8826793995434	9.48485321479009	0	7.87571923306213	-0.809719397149693	0.102440191149973
peng_N2__smPSC	peng_N2	smPSC	162	11.6292979554479	8.82607553728077	11.1773179182267	7.4402216394354	9.51914928842939	9.74227815321429	0	0	11.2008480903369	9.63692416492946	9.63692416492946	9.63692416492946	7.4402216394354	0	11.4469781789396	8.53844241477456	8.53844241477456	8.13307519936982	11.4286292380807	9.23149169304716	0	0	7.4402216394354	10.5307034694932	0	0	0	0	8.82607553728077	0	0	0	0	0	7.4402216394354	0	7.4402216394354	7.4402216394354	9.04918971747748	0	0	7.4402216394354	7.4402216394354	8.82607553728077	7.4402216394354	7.4402216394354	0	0	0	7.84549101003942	8.13307519936982	0	0	0	0	0	0	8.82607553728077	8.13307519936982	0	0	8.13307519936982	8.13307519936982	7.4402216394354	8.53844241477456	11.7437073443078	0	10.658533636538	0	0	8.13307519936982	0	8.53844241477456	10.2728822142286	0	8.13307519936982	0	0	9.04918971747748	8.53844241477456	11.5000874517514	9.3856283860509	0	9.23149169304716	-0.88483519083639	0.0543639893746345
peng_N3__csCAF	peng_N3	csCAF	27	0	0	0	0	0	10.3498066546526	0	0	10.3498066546526	0	0	0	0	0	0	0	11.4483976104424	0	11.4483976104424	0	0	0	0	0	0	0	0	0	0	0	0	0	0	0	0	0	0	0	11.0429378355965	0	0	0	0	0	0	0	0	0	0	0	11.9592189675782	0	0	0	10.3498066546526	0	0	10.3498066546526	0	0	0	0	0	0	0	11.0429378355965	0	10.3498066546526	0	0	0	0	11.0429378355965	0	0	0	0	0	10.3498066546526	0	12.295689375638	0	11.0429378355965	0	-1.36748836655734	-1.27567734421416
peng_N3__qPSC	peng_N3	qPSC	52	10.6444492299817	0	9.54588460570831	0	0	10.6444492299817	0	0	11.7430456300134	0	10.2389960381852	0	0	0	12.3184062992441	0	9.54588460570831	0	9.95132588190312	9.54588460570831	0	0	0	9.54588460570831	0	0	0	0	0	0	0	0	0	0	0	0	0	0	10.2389960381852	9.54588460570831	0	0	9.54588460570831	11.7430456300134	0	10.2389960381852	0	0	0	0	10.6444492299817	0	0	0	0	0	0	10.2389960381852	0	0	0	0	0	0	0	11.337584494088	0	0	0	0	0	0	9.54588460570831	9.54588460570831	0	0	0	0	0	0	11.1552653205962	0	0	0	-1.23113402715966	-1.39730609280946
peng_N3__smPSC	peng_N3	smPSC	120	10.8769555869607	9.37294429786166	10.7591749123681	0	10.0660489811308	10.7591749123681	0	0	10.9823142137636	9.37294429786166	10.6256465553887	0	0	0	11.57009332321	0	8.67988210646565	0	11.7242426538428	10.0660489811308	0	0	9.77838107464329	9.77838107464329	0	0	0	0	0	0	0	0	0	0	0	0	0	0	10.9823142137636	0	0	9.77838107464329	0	9.77838107464329	9.37294429786166	0	0	0	0	0	9.37294429786166	0	0	0	0	0	0	0	0	0	0	0	8.67988210646565	8.67988210646565	0	11.57009332321	0	9.77838107464329	0	0	0	8.67988210646565	10.0660489811308	10.2891840327701	0	0	0	0	8.67988210646565	0	11.2446745552131	8.67988210646565	0	9.37294429786166	-1.27899447082872	-1.08157197825318
peng_N4__csCAF	peng_N4	csCAF	32	0	8.69768373160457	8.69768373160457	0	0	0	0	0	9.39074742262153	10.3069880574239	10.7769791620095	9.79618469933296	0	0	9.79618469933296	0	8.69768373160457	0	10.0838528557959	8.69768373160457	0	0	0	9.39074742262153	0	9.39074742262153	0	0	0	0	0	0	0	0	0	9.39074742262153	0	0	10.6434507514611	9.79618469933296	0	9.39074742262153	8.69768373160457	9.79618469933296	10.6434507514611	9.79618469933296	0	8.69768373160457	0	8.69768373160457	10.4893040477216	0	0	0	0	0	0	8.69768373160457	10.3069880574239	8.69768373160457	0	0	8.69768373160457	11.2624789490804	8.69768373160457	11.4701159052328	0	9.79618469933296	0	0	0	0	9.39074742262153	8.69768373160457	8.69768373160457	0	0	0	8.69768373160457	0	12.5261617724648	10.4893040477216	0	0	-0.809719397149693	-0.632565741409488
peng_N4__qPSC	peng_N4	qPSC	47	0	8.56342811167947	0	8.56342811167947	8.56342811167947	9.25647980591775	0	0	10.7604829292509	10.7604829292509	11.1282011795789	11.6077686628378	0	0	12.118590648535	0	9.25647980591775	0	8.56342811167947	0	0	0	0	10.1727132416221	0	0	0	0	0	0	0	0	0	0	8.56342811167947	0	0	0	10.509174564315	9.25647980591775	8.56342811167947	9.25647980591775	8.56342811167947	11.202308102297	8.56342811167947	8.56342811167947	0	0	0	0	9.66191308322578	0	0	0	0	0	0	9.25647980591775	0	0	0	0	0	8.56342811167947	0	11.4536194988686	0	9.25647980591775	0	0	9.25647980591775	0	0	10.7604829292509	8.56342811167947	9.25647980591775	0	0	0	0	11.4536194988686	9.25647980591775	0	8.56342811167947	-0.972538652013146	-1.13306403001642
peng_N4__smPSC	peng_N4	smPSC	43	11.338984057776	9.03650605777281	11.4342931557744	0	10.1350390194008	10.6458487770036	0	0	11.5213036312582	0	9.72959374364263	9.03650605777281	9.03650605777281	0	11.5213036312582	9.03650605777281	0	9.03650605777281	10.4227111755301	9.03650605777281	0	0	9.03650605777281	9.03650605777281	0	9.03650605777281	0	0	9.72959374364263	0	0	0	0	0	0	9.72959374364263	0	0	10.1350390194008	9.72959374364263	0	0	0	9.03650605777281	0	0	0	0	0	0	0	0	0	0	0	0	0	9.72959374364263	9.03650605777281	0	0	0	0	10.1350390194008	0	11.1158434814219	0	9.72959374364263	0	0	0	0	10.8281663672175	0	0	0	0	10.9823142137636	9.03650605777281	9.72959374364263	10.6458487770036	9.72959374364263	0	9.72959374364263	-1.23113402715966	-0.834422266030448
peng_N5__qPSC	peng_N5	qPSC	24	0	0	0	0	0	0	0	0	0	9.42114240001151	9.42114240001151	0	0	0	11.8189640396995	0	0	0	9.42114240001151	0	0	0	0	9.42114240001151	0	0	0	0	0	0	0	0	0	0	10.1142490830317	0	0	0	0	0	0	0	0	11.2128343724288	0	9.42114240001151	0	0	0	0	10.1142490830317	0	0	0	0	0	0	10.1142490830317	9.42114240001151	0	0	0	0	10.5197006915955	11.6182949805876	11.9059748030571	0	0	0	0	0	0	10.1142490830317	0	0	0	0	0	0	10.5197006915955	11.3669831237088	12.1936551880188	0	0	-1.32279415182291	-1.15236134323637
peng_N5__smPSC	peng_N5	smPSC	40	11.0305155155947	8.72807620961131	11.0305155155947	0	8.72807620961131	10.1142490830317	0	0	10.9251567999061	9.82658050994205	11.1258242226945	0	0	0	10.1142490830317	0	8.72807620961131	9.42114240001151	11.1258242226945	9.82658050994205	0	0	0	9.82658050994205	0	0	0	0	0	0	0	0	0	0	0	0	0	0	0	8.72807620961131	0	9.42114240001151	0	8.72807620961131	0	8.72807620961131	0	0	0	0	9.82658050994205	0	0	0	0	0	0	11.0305155155947	9.82658050994205	0	0	0	0	10.3373845346411	10.3373845346411	11.2928760416542	0	9.42114240001151	0	0	0	8.72807620961131	10.1142490830317	0	0	8.72807620961131	8.72807620961131	0	9.42114240001151	0	11.5005130699204	11.6182949805876	0	0	-1.27899447082872	-0.673606742953651
peng_N6__csCAF	peng_N6	csCAF	85	8.49392556427268	7.10824513891371	0	0	0	8.89932243402398	0	7.80098307084891	10.6909681623085	7.80098307084891	10.1985061540493	10.4396602338586	8.89932243402398	9.7465423020154	8.49392556427268	0	8.89932243402398	7.80098307084891	11.0194658594052	10.1031996968268	10.7963264030155	0	0	10.2855144288769	7.80098307084891	0	0	0	8.49392556427268	0	0	0	0	0	8.89932243402398	9.7465423020154	9.18697038555108	7.80098307084891	11.0964256872271	8.49392556427268	0	8.49392556427268	0	9.41009346375163	10.5731879703334	8.49392556427268	0	7.80098307084891	7.80098307084891	0	12.2432297287969	9.59240137157028	9.99784373097228	0	7.80098307084891	7.80098307084891	0	10.1985061540493	0	7.80098307084891	0	9.88006638254095	7.80098307084891	10.1031996968268	9.41009346375163	10.2855144288769	0	8.89932243402398	8.49392556427268	9.41009346375163	9.18697038555108	0	9.18697038555108	9.18697038555108	7.80098307084891	7.80098307084891	8.89932243402398	0	0	0	10.5731879703334	9.41009346375163	7.80098307084891	8.89932243402398	0.22744229376132	0.477178998780968
peng_N6__myCAF	peng_N6	myCAF	29	0	0	8.78522562486853	0	0	8.78522562486853	8.78522562486853	0	8.78522562486853	10.3945411485378	9.88373592393949	9.47829631420581	0	0	0	0	8.78522562486853	0	10.7310046425311	8.78522562486853	10.7310046425311	0	0	9.88373592393949	0	0	0	0	11.1829818183644	0	0	0	0	0	0	9.47829631420581	8.78522562486853	0	10.3945411485378	9.47829631420581	0	10.1714052469602	0	9.88373592393949	10.1714052469602	9.88373592393949	0	10.1714052469602	0	0	12.4226628226059	8.78522562486853	9.47829631420581	8.78522562486853	0	8.78522562486853	0	9.88373592393949	0	0	0	0	0	0	8.78522562486853	11.7808125600966	0	9.47829631420581	0	0	0	0	9.47829631420581	0	0	0	0	0	8.78522562486853	8.78522562486853	10.3945411485378	9.88373592393949	0	0	-0.651122886654727	-1.13306403001642
peng_N6__qPSC	peng_N6	qPSC	59	10.658533636538	0	9.27230977127655	8.57925657746454	8.57925657746454	10.3708593972048	0	0	10.8816724879517	9.27230977127655	11.0639909114663	10.7763140611413	8.57925657746454	0	11.4694507974204	8.57925657746454	9.27230977127655	0	10.1885441068616	8.57925657746454	0	0	8.57925657746454	10.658533636538	0	0	0	0	0	0	0	0	0	0	0	9.27230977127655	0	0	10.3708593972048	0	0	9.27230977127655	0	10.5250056009718	9.67774354850563	8.57925657746454	0	0	8.57925657746454	0	9.96540995514975	0	0	8.57925657746454	0	0	0	8.57925657746454	0	0	0	0	8.57925657746454	0	0	11.9463709078584	0	8.57925657746454	0	0	0	0	10.3708593972048	10.7763140611413	0	9.27230977127655	9.67774354850563	0	0	0	11.4122929979529	9.96540995514975	0	0	-1.00681385732325	-1.15236134323637
peng_N6__smPSC	peng_N6	smPSC	162	11.6617070911733	8.54099837131363	11.0257259844887	7.44277659675631	9.38818462822444	10.437952341512	0	0	11.7048788989156	9.23404789951291	10.4867411104833	9.84013931249396	0	0	11.2034045118949	7.44277659675631	7.44277659675631	10.7380493378598	11.3542254937467	9.05174587395398	0	0	9.63948045471496	10.1502800353931	0	7.44277659675631	0	0	7.44277659675631	0	0	0	0	0	7.44277659675631	0	0	0	9.92714625031629	0	0	8.82863161877708	0	9.23404789951291	0	8.13563090603109	0	0	7.44277659675631	0	9.92714625031629	0	0	7.44277659675631	0	0	0	9.38818462822444	7.44277659675631	0	0	9.38818462822444	8.54099837131363	7.44277659675631	0	10.9079449835193	0	10.0812899542694	0	0	8.82863161877708	0	10.0812899542694	9.52170555738445	0	7.44277659675631	9.84013931249396	0	9.05174587395398	9.23404789951291	10.5777104622527	9.52170555738445	8.13563090603109	8.54099837131363	-0.942854487940031	0.236105969957918
peng_N7__csCAF	peng_N7	csCAF	29	0	9.94435754590442	0	0	0	0	0	0	11.3306159081043	9.25125836188873	10.8606194787462	10.6374807273283	0	0	0	0	9.25125836188873	0	0	9.94435754590442	9.25125836188873	0	0	9.25125836188873	0	0	0	0	9.25125836188873	0	0	0	0	0	9.94435754590442	9.94435754590442	9.25125836188873	0	11.0429378355965	0	9.25125836188873	0	9.25125836188873	9.94435754590442	9.94435754590442	10.3498066546526	9.25125836188873	0	0	0	11.4483976104424	0	0	9.25125836188873	0	0	0	9.94435754590442	0	0	10.6374807273283	9.25125836188873	9.25125836188873	9.25125836188873	0	11.7360770162524	0	9.94435754590442	0	0	0	0	9.94435754590442	9.25125836188873	0	0	0	0	10.3498066546526	0	10.8606194787462	10.3498066546526	9.94435754590442	0	-0.742601221988146	-0.673606742953651
peng_N7__myCAF	peng_N7	myCAF	24	0	0	0	0	0	0	0	0	9.65669147255669	11.0429378355965	11.0429378355965	9.65669147255669	0	0	0	9.65669147255669	0	0	10.3498066546526	0	9.65669147255669	0	0	0	0	0	0	0	0	0	0	0	0	0	0	10.7552610963785	9.65669147255669	0	10.3498066546526	9.65669147255669	0	0	0	0	0	0	0	0	0	0	11.7360770162524	0	0	9.65669147255669	0	0	0	9.65669147255669	0	0	10.3498066546526	0	0	9.65669147255669	0	12.1415394577117	0	0	0	0	0	0	0	9.65669147255669	0	0	0	9.65669147255669	11.0429378355965	0	12.0545285655679	0	9.65669147255669	0	-1.23113402715966	-1.15236134323637
peng_N7__qPSC	peng_N7	qPSC	42	9.53891643635634	0	8.84584124802127	0	0	10.4551639704077	0	9.53891643635634	10.6374807273283	8.84584124802127	9.53891643635634	11.3306159081043	0	0	11.6789190729968	0	9.53891643635634	8.84584124802127	8.84584124802127	0	0	0	0	9.94435754590442	0	0	0	0	0	0	0	0	0	0	0	0	0	0	9.53891643635634	0	0	0	8.84584124802127	11.7901438164734	8.84584124802127	8.84584124802127	8.84584124802127	0	0	0	9.94435754590442	0	0	0	0	0	0	0	8.84584124802127	0	0	0	8.84584124802127	0	0	12.3720620182896	0	8.84584124802127	0	0	8.84584124802127	0	9.53891643635634	0	0	0	0	0	0	8.84584124802127	11.7901438164734	8.84584124802127	0	0	-1.14717666213763	-1.15236134323637
peng_N7__smPSC	peng_N7	smPSC	79	11.8675686864802	0	11.1454413958581	9.00548353375648	0	10.5094654654717	0	0	11.5703195910143	9.69856934496622	9.41090772938298	10.2581588305986	0	0	11.4477185005149	0	8.3124590805995	9.00548353375648	11.6264085426351	0	0	0	8.3124590805995	9.69856934496622	0	0	0	0	0	0	0	0	0	0	0	9.41090772938298	0	0	8.3124590805995	8.3124590805995	0	9.00548353375648	0	9.00548353375648	0	0	0	0	0	0	8.3124590805995	0	0	8.3124590805995	0	0	0	8.3124590805995	0	0	0	0	8.3124590805995	8.3124590805995	0	11.6795179061976	0	10.1040139957874	0	0	9.00548353375648	0	9.92170062195843	9.00548353375648	0	0	0	9.00548353375648	9.41090772938298	8.3124590805995	11.2025990074217	0	0	9.00548353375648	-1.23113402715966	-0.673606742953651
peng_N8__csCAF	peng_N8	csCAF	123	0	8.34768738874908	7.09551660448878	8.1935761987828	0	0	0	7.78824929290871	10.8788959343471	8.48118916295444	8.70429124700799	9.86732801297972	8.88658515800618	9.04071609036852	7.09551660448878	0	9.04071609036852	0	9.98510528850147	9.29200418808957	8.88658515800618	0	0	9.04071609036852	8.1935761987828	7.09551660448878	0	0	8.1935761987828	0	7.09551660448878	0	0	0	8.1935761987828	8.88658515800618	7.78824929290871	7.09551660448878	10.7322954367693	8.88658515800618	0	7.78824929290871	7.78824929290871	8.70429124700799	10.8559068545389	7.78824929290871	8.70429124700799	9.04071609036852	8.1935761987828	0	10.9013683712675	7.78824929290871	9.802792947907	0	8.1935761987828	8.1935761987828	9.86732801297972	9.86732801297972	8.1935761987828	8.88658515800618	9.98510528850147	10.923346877269	9.659700611452	10.758270363468	7.09551660448878	11.2993924482451	0	9.04071609036852	7.78824929290871	10.23021772883	7.78824929290871	7.78824929290871	11.1551447605021	9.659700611452	0	8.1935761987828	0	8.48118916295444	9.802792947907	9.49265812737993	11.3573790084054	10.4269215830702	10.3135964526515	0	0.220729997894993	0.775392616295654
peng_N8__myCAF	peng_N8	myCAF	51	0	7.98396902255347	0	8.67694574670723	0	0	0	7.98396902255347	10.0631122464522	9.08235402955597	0	7.98396902255347	7.98396902255347	7.98396902255347	7.98396902255347	0	7.98396902255347	0	10.6227097671422	8.67694574670723	8.67694574670723	0	0	7.98396902255347	0	0	0	7.98396902255347	11.2417377340008	0	0	0	0	0	8.67694574670723	8.67694574670723	0	0	10.6917010148579	7.98396902255347	0	7.98396902255347	9.37000768816707	7.98396902255347	9.77544438162719	7.98396902255347	8.67694574670723	11.0746860339189	0	0	12.1107679657107	9.08235402955597	8.67694574670723	7.98396902255347	0	0	0	9.77544438162719	0	0	7.98396902255347	7.98396902255347	8.67694574670723	10.5486036685675	0	11.0746860339189	0	7.98396902255347	9.08235402955597	8.67694574670723	9.08235402955597	9.08235402955597	11.279477576235	9.08235402955597	0	9.08235402955597	0	7.98396902255347	10.0631122464522	8.67694574670723	11.2025175454559	9.77544438162719	10.8740187828419	0	0.0897121256888749	0.476277834173071
peng_N8__qPSC	peng_N8	qPSC	112	9.57825783633952	7.38158684519288	8.47978397295186	7.38158684519288	8.99052654384899	9.46048345282456	0	7.38158684519288	10.6390845384497	9.32696318427187	9.32696318427187	10.9918987895171	0	8.07442267123071	12.1767597335206	8.07442267123071	8.07442267123071	0	8.07442267123071	0	8.07442267123071	0	8.07442267123071	10.1535916981586	0	7.38158684519288	0	0	7.38158684519288	0	0	0	0	0	0	0	0	0	9.6836114302303	7.38158684519288	7.38158684519288	8.47978397295186	0	10.7131907991045	9.46048345282456	8.76741413816894	0	0	0	0	8.76741413816894	7.38158684519288	7.38158684519288	0	8.07442267123071	0	0	10.1535916981586	8.47978397295186	7.38158684519288	7.38158684519288	8.76741413816894	7.38158684519288	10.0890557727499	8.07442267123071	12.2407812729842	0	8.47978397295186	0	7.38158684519288	7.38158684519288	8.07442267123071	9.94596131856701	9.86592260428387	0	7.38158684519288	0	8.76741413816894	8.07442267123071	9.46048345282456	11.737680853014	8.76741413816894	8.07442267123071	7.38158684519288	-0.809719397149693	0.525471764972103
peng_N8__smPSC	peng_N8	smPSC	167	11.5658244136941	9.05025398854794	11.0137628201391	8.5803207735579	9.53571666437826	10.2665667219334	0	0	11.352733450861	8.76261103573922	8.35722416232643	9.16802398398322	0	0	11.4593419989943	8.5803207735579	7.66431164913532	9.9151834777539	11.3651558259538	6.9716336381713	0	0	8.35722416232643	9.45567997548264	0	7.66431164913532	0	6.9716336381713	8.35722416232643	0	6.9716336381713	0	0	0	8.06962031844984	8.5803207735579	8.06962031844984	0	8.76261103573922	6.9716336381713	0	8.35722416232643	0	9.80396365658093	8.5803207735579	8.06962031844984	0	0	0	7.66431164913532	8.06962031844984	0	0	6.9716336381713	6.9716336381713	6.9716336381713	9.05025398854794	9.53571666437826	6.9716336381713	8.06962031844984	6.9716336381713	9.53571666437826	8.76261103573922	9.60981947755065	9.27337406734173	11.4593419989943	0	10.4364603248752	6.9716336381713	0	8.35722416232643	8.06962031844984	9.74334248677375	9.27337406734173	6.9716336381713	0	9.27337406734173	10.0152622297655	8.91673936167212	9.53571666437826	11.1450967947011	8.91673936167212	7.66431164913532	8.5803207735579	-0.33156105134301	0.626779380073436
peng_N9__csCAF	peng_N9	csCAF	112	0	8.11703908058936	7.42419026643807	7.42419026643807	0	8.52240471344191	8.52240471344191	8.11703908058936	11.1124878235742	9.5031096084672	9.03315074987816	10.2568419056583	8.52240471344191	7.42419026643807	7.42419026643807	0	9.03315074987816	0	11.7803099250781	9.21545240884993	9.03315074987816	0	7.42419026643807	8.11703908058936	9.03315074987816	8.11703908058936	0	0	8.52240471344191	0	0	0	0	0	8.11703908058936	9.21545240884993	8.11703908058936	7.42419026643807	10.5146630339254	8.11703908058936	7.42419026643807	8.52240471344191	7.42419026643807	9.21545240884993	10.3680638442971	8.52240471344191	8.81003704455489	9.5031096084672	8.52240471344191	8.11703908058936	11.8424412451135	9.36958887570465	9.90854984312218	9.03315074987816	8.11703908058936	8.11703908058936	8.52240471344191	9.21545240884993	0	7.42419026643807	0	10.1962194786154	9.03315074987816	9.36958887570465	0	10.5146630339254	0	8.52240471344191	0	9.5031096084672	8.11703908058936	0	9.8215429886246	10.1316834448819	0	0	0	8.52240471344191	9.03315074987816	0	11.3356283899285	11.2948068929022	7.42419026643807	7.42419026643807	0.42682000029141	0.458117967190058
peng_N9__myCAF	peng_N9	myCAF	76	0	0	7.4325957479174	7.4325957479174	0	8.53081352561405	7.4325957479174	0	10.5230732851675	9.37799863998819	9.51151946202224	9.51151946202224	0	0	8.53081352561405	7.4325957479174	8.53081352561405	0	11.8140379577268	9.04156022850564	7.4325957479174	0	0	9.22386205410776	8.81844627324924	0	0	0	10.3224085693245	0	0	0	0	0	9.37799863998819	7.4325957479174	0	0	9.9969988179665	7.4325957479174	0	8.12544705984086	7.4325957479174	9.22386205410776	9.04156022850564	8.12544705984086	9.04156022850564	10.9285294237798	8.12544705984086	7.4325957479174	12.7402745511702	8.81844627324924	8.81844627324924	7.4325957479174	7.4325957479174	0	0	8.12544705984086	8.12544705984086	0	0	0	8.53081352561405	8.53081352561405	0	10.6901232300733	0	8.53081352561405	0	0	8.12544705984086	0	9.51151946202224	9.37799863998819	0	7.4325957479174	0	0	8.53081352561405	0	11.0696056616327	10.7993201666515	7.4325957479174	7.4325957479174	0.237908135901907	0.0388321099054574
peng_N9__qPSC	peng_N9	qPSC	105	7.67608989812331	8.77439294911314	8.36900515939013	0	7.67608989812331	9.06203636013043	0	8.77439294911314	11.0429378355965	9.97825749765562	9.87290213730085	11.8500204140697	0	7.67608989812331	12.0194374535476	8.36900515939013	8.36900515939013	0	7.67608989812331	7.67608989812331	0	0	8.36900515939013	10.3147164776612	9.06203636013043	8.77439294911314	0	0	9.06203636013043	0	0	0	0	0	9.28515671386647	0	7.67608989812331	0	9.87290213730085	8.36900515939013	0	8.36900515939013	7.67608989812331	11.436836912071	10.3837071396951	9.28515671386647	0	7.67608989812331	0	0	9.46746280530934	0	7.67608989812331	7.67608989812331	8.36900515939013	0	0	8.36900515939013	0	8.36900515939013	0	9.06203636013043	0	9.06203636013043	8.36900515939013	11.6459266739688	0	8.36900515939013	0	0	8.36900515939013	0	8.77439294911314	8.77439294911314	0	0	0	0	0	8.36900515939013	11.4133066715794	9.87290213730085	0	8.36900515939013	-0.258216021054782	-0.632565741409488
peng_N9__smPSC	peng_N9	smPSC	61	10.6571162351896	0	10.8935000589722	0	9.74086080186175	10.3469698642235	0	0	10.7822766095775	10.51401901197	10.433978567053	10.51401901197	0	8.64236616601663	11.4455607594099	7.94939543874114	8.64236616601663	7.94939543874114	10.3469698642235	7.94939543874114	7.94939543874114	0	0	9.74086080186175	0	9.74086080186175	0	0	7.94939543874114	0	0	0	7.94939543874114	0	0	8.64236616601663	8.64236616601663	0	8.64236616601663	7.94939543874114	0	9.89500307738624	7.94939543874114	10.1463062998202	9.04777244944357	9.04777244944357	7.94939543874114	0	0	0	8.64236616601663	7.94939543874114	0	7.94939543874114	7.94939543874114	0	0	8.64236616601663	0	0	0	8.64236616601663	8.64236616601663	0	0	11.755712835215	0	8.64236616601663	0	0	8.64236616601663	0	9.33542510825707	9.04777244944357	0	7.94939543874114	9.04777244944357	7.94939543874114	9.04777244944357	9.04777244944357	12.0094915977658	10.433978567053	7.94939543874114	7.94939543874114	-0.422619307803846	0.420697401765977
peng_T10__csCAF	peng_T10	csCAF	48	0	8.54913562096371	7.85618213411214	0	7.85618213411214	7.85618213411214	0	8.95453615616435	10.9468547760104	7.85618213411214	0	10.8515463575372	8.95453615616435	0	10.5638707432727	8.54913562096371	10.0530623411358	9.465310118602	10.0530623411358	0	9.24218594059868	7.85618213411214	0	8.54913562096371	8.54913562096371	9.24218594059868	0	7.85618213411214	10.1584185514142	7.85618213411214	7.85618213411214	0	8.77224042903377	0	9.80176021383689	8.54913562096371	7.85618213411214	7.85618213411214	10.6284076498674	0	7.85618213411214	8.95453615616435	7.85618213411214	7.85618213411214	9.465310118602	9.64761875964685	8.95453615616435	9.465310118602	7.85618213411214	0	12.2984505244743	0	10.1584185514142	7.85618213411214	7.85618213411214	0	0	8.95453615616435	0	0	7.85618213411214	0	10.2537252086215	0	8.54913562096371	11.188013058536	0	7.85618213411214	9.93528468717765	0	0	0	9.80176021383689	7.85618213411214	0	8.95453615616435	8.54913562096371	0	7.85618213411214	7.85618213411214	11.4393244114579	8.54913562096371	9.24218594059868	9.24218594059868	0.588639747760414	0.176752782631213
peng_T10__myCAF	peng_T10	myCAF	36	8.48905444724347	8.48905444724347	7.79611295320424	7.79611295320424	0	7.79611295320424	0	0	10.0983277799946	0	0	9.58752958805681	7.79611295320424	0	9.40522174689479	0	9.58752958805681	0	8.89445098377544	8.48905444724347	0	0	7.79611295320424	8.89445098377544	7.79611295320424	9.40522174689479	0	10.1936342190367	10.8402435706167	9.40522174689479	0	7.79611295320424	7.1033770188084	0	8.48905444724347	9.40522174689479	9.74167047088894	7.79611295320424	10.5037791719064	8.48905444724347	7.79611295320424	7.79611295320424	8.48905444724347	7.79611295320424	10.5037791719064	8.48905444724347	9.58752958805681	11.3510613564103	7.79611295320424	0	12.9886606748459	8.89445098377544	9.58752958805681	0	0	9.18209876867577	0	7.79611295320424	0	7.79611295320424	0	7.79611295320424	8.89445098377544	0	7.79611295320424	10.3606825486539	0	7.79611295320424	7.79611295320424	0	7.79611295320424	0	0	0	0	0	7.79611295320424	0	7.79611295320424	0	9.40522174689479	7.79611295320424	8.89445098377544	0	0.573645864701396	-0.673606742953651
peng_T10__qPSC	peng_T10	qPSC	127	8.7819634791571	9.40093184977376	8.91547568704243	8.91547568704243	8.22246279192836	9.40093184977376	0	6.83697376501977	11.6800953889344	7.52958412817454	6.83697376501977	10.946791320654	8.22246279192836	6.83697376501977	9.88047344496283	8.7819634791571	9.60855571811661	6.83697376501977	9.94946290550738	7.52958412817454	0	7.52958412817454	0	10.0139984420608	8.22246279192836	9.03324380098053	0	0	10.0139984420608	6.83697376501977	7.93487023309012	0	7.52958412817454	0	9.72633129244068	0	0	0	9.66917638982287	8.7819634791571	0	9.13859237910342	8.22246279192836	9.03324380098053	9.2338927917277	8.7819634791571	7.52958412817454	6.83697376501977	7.52958412817454	6.83697376501977	12.5627510894628	0	7.52958412817454	8.91547568704243	6.83697376501977	6.83697376501977	0	0	7.93487023309012	8.44555263122811	6.83697376501977	9.32089602932776	8.91547568704243	7.52958412817454	7.52958412817454	11.3577000982104	0	7.93487023309012	8.62783837840959	6.83697376501977	8.62783837840959	0	9.72633129244068	8.62783837840959	0	0	0	7.52958412817454	6.83697376501977	9.32089602932776	11.2426321927186	9.03324380098053	8.44555263122811	7.52958412817454	0.323038765213892	0.426229864510218
peng_T10__smPSC	peng_T10	smPSC	122	10.4110154857564	9.31246339346453	10.3420247642025	7.70338658321178	7.01069059708806	9.49476990150415	0	0	11.4524498845106	8.39630809018948	0	9.71789840383755	8.10870124792399	7.01069059708806	10.4755521256989	9.49476990150415	9.31246339346453	8.95582714528282	11.1206766718897	8.39630809018948	0	8.10870124792399	8.39630809018948	10.1008715025178	7.70338658321178	9.20711291018379	0	0	9.08934241485722	0	8.10870124792399	0	7.01069059708806	0	8.95582714528282	8.10870124792399	8.10870124792399	8.10870124792399	10.1008715025178	7.70338658321178	7.01069059708806	9.57480682113495	8.61940650067517	7.70338658321178	9.64890983208251	9.57480682113495	8.10870124792399	7.70338658321178	0	8.61940650067517	12.0849674635152	7.01069059708806	7.01069059708806	7.01069059708806	7.70338658321178	0	0	0	7.01069059708806	8.39630809018948	0	9.40776536488548	9.64890983208251	8.10870124792399	8.61940650067517	10.8599548188387	0	9.84305446483987	8.95582714528282	0	7.70338658321178	0	9.71789840383755	8.95582714528282	0	8.10870124792399	8.10870124792399	8.95582714528282	8.95582714528282	9.40776536488548	11.3792472873287	9.40776536488548	9.57480682113495	8.39630809018948	0.355131162448065	0.467697943951438
peng_T11__csCAF	peng_T11	csCAF	429	0	6.2799567099082	6.2799567099082	6.2799567099082	0	5.96220528774886	7.31483921266239	6.92569134250395	9.69735880567399	7.36206137758003	4.98565723861263	8.6339543647304	6.92569134250395	5.82904157449236	6.18483386072596	0	7.70927634143938	6.65406452486931	9.22739204309104	6.71461333362408	5.27162902832978	6.52071722575494	3.90062291897084	9.03936015123406	5.49374500420777	9.71797683888471	8.55320797653294	10.3306892375271	11.9983994017317	10.9752676956088	8.65104578182185	10.1028034317155	8.611998190135	9.14298336060836	9.15840619367148	8.80758948801814	10.8649216357623	7.09988756148562	10.3050886850993	9.21782353735607	8.085186934057	8.1431568355595	9.69437836095545	8.6339543647304	10.7335070937143	8.9237445126255	8.78561390559202	11.7086307799888	7.95807352976044	9.21782353735607	12.2227927960429	8.38022525316517	7.95807352976044	8.00765354367273	8.11459188968862	7.09988756148562	3.90062291897084	8.0393918386535	8.1289763536732	6.65406452486931	6.44672252507253	8.60775671691465	7.54427711404771	9.23686985959904	8.31124876427802	9.04509014796151	8.38022525316517	7.49166198175474	7.54427711404771	8.0393918386535	7.31483921266239	5.6753809236243	7.73077300095465	4.98565723861263	6.07970225707077	4.98565723861263	6.82571127058452	7.37731923014387	7.64186636103954	7.24819373975317	9.24157529344417	8.65104578182185	6.71461333362408	6.07970225707077	0.81394693085395	0.307406536563784
peng_T11__iCAF	peng_T11	iCAF	167	0	6.6528936902117	5.96103596097081	4.36185423624591	0	7.12241334622921	5.04860363686039	5.04860363686039	8.81507408869649	5.96103596097081	0	7.12241334622921	7.71675871184775	5.04860363686039	4.36185423624591	0	4.36185423624591	6.29677157187338	7.24010673150376	5.45192702330093	5.45192702330093	5.96103596097081	0	6.83500017670988	5.45192702330093	6.83500017670988	5.96103596097081	9.25438795492641	9.63734975963278	9.55309515188806	5.73853651234488	8.42677387557749	3.68138111486435	7.24010673150376	7.34539552106888	6.547676529058	8.33824074901549	5.45192702330093	9.27636478140732	9.07651962510229	6.98899720657285	7.90473460301659	7.18299050707996	6.547676529058	9.72897436970151	6.6528936902117	7.24010673150376	9.91741129468098	6.98899720657285	8.31955312906435	11.7292813240121	7.52760947907668	6.29677157187338	7.71675871184775	7.48507325668323	6.14292788537468	7.93289523014282	11.1071269906086	10.9717709850554	9.29786899490712	9.398956302195	11.5442144932467	8.59769727037212	11.6609122696062	9.53087361018579	10.2098405115477	11.301758476954	8.53886795393683	10.4493654001562	10.8548208526679	9.29075218156136	8.79182072012496	10.2295865548053	8.08699465919178	8.15596702963194	7.56840995245034	7.39415494390935	8.83779900318531	8.67992080032707	9.94377688739652	9.8624983206331	9.31892049536845	9.79149111859621	7.48507325668323	0.3589983703616	0.837062186878038
peng_T11__myCAF	peng_T11	myCAF	553	0	5.07057208088167	5.82101426127002	5.7605749095865	0	5.4739420533531	6.97475160012582	5.69624631977946	8.84576214183928	6.42044837449599	4.60432866941733	6.81457158006772	6.56975398204806	4.78498076364926	5.07057208088167	0	6.74720687750439	7.26219984558175	7.36122456084635	6.67497427364276	4.3836840977278	6.38771281440577	3.03414384925635	7.99580414133819	4.60432866941733	9.98612357478754	8.60903189063906	11.0982736958417	11.9211367509831	11.0475957439538	8.46568143517691	10.1245323381558	8.95110589156312	8.8766157547829	9.23103663927087	8.75954043193639	11.2439149253296	7.28957985842777	10.7804992551126	8.84576214183928	8.31295343467414	8.18911630212256	9.10962591043931	8.93560609668748	10.0615284244481	9.1793404623146	8.63749844329092	11.2333742675976	8.66517703025427	8.67873423695289	12.5372751121165	8.69542629819788	7.75594482296241	7.97560830895906	8.1780695510328	6.28253918118187	4.10015316365742	6.59711505977968	7.68577170485511	6.85708545746741	5.93192778486338	7.08001859154622	6.69963610270921	8.6820950136275	7.74743779302668	8.11502968813634	6.48287006441895	5.87800796172637	6.6237474036309	7.21967073343717	6.7237043357654	5.18765722561147	7.06322574020431	5.07057208088167	5.62749331586083	5.87800796172637	6.16498969946525	6.89786537208247	6.16498969946525	6.12252146087215	8.4944248808087	8.03501189774835	6.07816937149855	5.29245907763853	0.764744226256214	0.136722207905244
peng_T11__qPSC	peng_T11	qPSC	323	6.32221074075055	6.7915406548413	5.81258171323964	6.5042329246214	0	7.27661636307797	6.5042329246214	6.09951608084278	10.8930787382588	5.81258171323964	0	11.352169158735	6.5042329246214	0	9.26494682679219	5.40861033972833	8.44885903076212	5.40861033972833	8.96671554945262	6.90919887860678	5.81258171323964	6.32221074075055	5.81258171323964	9.77993602417414	5.81258171323964	8.11247244831586	6.7915406548413	7.96941772311534	10.6999592079397	7.96941772311534	6.65816971176121	8.11247244831586	7.41962496783533	7.0144595335345	10.0242255382689	6.5042329246214	8.61312963537421	4.7199310219801	9.70824830063871	8.32213626316486	6.09951608084278	6.5042329246214	7.75592597188493	10.0242255382689	9.94213196758743	7.93021084507937	7.35067493962125	8.68143687993574	8.71847198043183	8.71847198043183	12.7176790880414	6.65816971176121	7.48412605917452	8.9452121178486	7.80242652380674	7.6558875857354	5.40861033972833	7.41962499960542	8.00714524063371	7.80242652380674	7.54471762550036	11.6788929175139	7.48412605917452	10.6298932817145	9.98402093577104	10.1748451678813	8.9452121178486	7.75592597188493	8.00714524063371	6.90919887860678	7.54471762550036	6.65816971176121	8.86999888091976	6.09951608084278	0	5.81258171323964	0	8.04350098922634	7.27661636307797	8.32213626316486	9.79862710949287	8.85425275478635	8.68143687993574	6.32221074075055	0.540155223489717	0.377838215756015
peng_T11__smPSC	peng_T11	smPSC	219	8.41922896850489	7.50326905890051	8.48375370300586	5.71426219406301	0	7.90855039037049	6.40575872137493	5.71426219406301	10.8229658833101	7.09807955243917	0	10.1769043165663	6.40575872137493	5.71426219406301	9.71835151455474	7.50326905890051	8.48375370300586	8.01387414664747	10.3310495622669	7.50326905890051	6.81067300569886	7.65734098144694	6.40575872137493	10.0417350437962	5.71426219406301	7.90855039037049	5.71426219406301	9.23741601651969	10.828971787991	9.44870657120334	7.50326905890051	9.68131251340414	8.23695152767081	7.79081330204005	9.47223523625347	8.80215103226806	9.25201340537809	0	9.94511262562045	9.00691759097211	7.32105775188021	7.09807955243917	9.49522300540407	9.32196551299542	10.6526242200209	8.48375370300586	8.41922896850489	10.7923830790791	8.70685589326981	9.56117617252996	12.6531180616842	8.19614056183643	7.65734098144694	8.84659625528743	8.10915424958964	6.40575872137493	6.81067300569886	8.35025185294131	8.10915424958964	6.40575872137493	7.90855039037049	10.3744284737281	8.10915424958964	8.80215103226806	8.48375370300586	10.6236373784041	8.10915424958964	8.41922896850489	8.35025185294131	7.65734098144694	8.35025185294131	7.65734098144694	8.70685589326981	7.09807955243917	6.81067300569886	0	7.32105775188021	8.70685589326981	8.10915424958964	8.01387414664747	10.2857032548834	9.07836810257016	7.90855039037049	6.81067300569886	0.738224355989719	0.40224955707212
peng_T12__csCAF	peng_T12	csCAF	43	0	9.25230047147677	0	8.74153877287024	7.64324604871739	8.33615356546529	0	9.84004451733557	10.2818582426695	0	0	10.9008816437999	7.64324604871739	7.64324604871739	0	0	8.74153877287024	0	11.5940196033335	8.33615356546529	7.64324604871739	7.64324604871739	0	9.43460604634234	7.64324604871739	7.64324604871739	0	0	9.84004451733557	7.64324604871739	7.64324604871739	0	8.04855138733311	0	7.64324604871739	8.74153877287024	0	7.64324604871739	9.94539970548526	9.43460604634234	0	8.33615356546529	8.33615356546529	8.33615356546529	10.2077529050375	8.74153877287024	8.33615356546529	10.4760082131816	9.02918089257624	8.33615356546529	12.0247992920467	8.74153877287024	8.74153877287024	8.33615356546529	8.33615356546529	0	0	11.7371192174976	8.33615356546529	0	8.33615356546529	10.1277132709638	8.74153877287024	9.94539970548526	8.33615356546529	10.0407055263982	9.02918089257624	8.33615356546529	7.64324604871739	10.9386212887467	8.74153877287024	0	10.0407055263982	7.64324604871739	8.33615356546529	0	0	7.64324604871739	8.33615356546529	0	10.4153853541815	9.25230047147677	7.64324604871739	8.33615356546529	0.465233275258561	0.391014738257549
peng_T12__myCAF	peng_T12	myCAF	43	0	0	0	6.45507376769283	0	0	7.14743437734906	7.84018804032524	7.55263715760837	6.45507376769283	0	8.85153845107155	6.45507376769283	0	6.45507376769283	0	6.45507376769283	0	9.54461404840944	6.45507376769283	0	0	0	8.2455219414855	0	0	0	0	8.53313840400704	6.45507376769283	0	0	0	0	8.06325286953656	7.14743437734906	0	7.14743437734906	10.4425132195101	10.1171020366341	7.55263715760837	7.14743437734906	7.14743437734906	0	9.4980974416156	7.14743437734906	6.45507376769283	9.44931102715791	8.39963513045115	8.39963513045115	12.7778617916625	6.45507376769283	9.95005529430484	7.55263715760837	7.84018804032524	0	0	12.6519819244112	7.55263715760837	9.58906269855003	7.55263715760837	11.0282272221895	8.75624258729676	8.2455219414855	10.1912071242848	8.39963513045115	8.93853789788001	0	7.55263715760837	8.85153845107155	6.45507376769283	7.55263715760837	6.45507376769283	7.55263715760837	8.53313840400704	0	6.45507376769283	7.14743437734906	7.14743437734906	7.14743437734906	8.53313840400704	7.84018804032524	6.45507376769283	6.45507376769283	0.195591809624443	0.223106488508018
peng_T12__qPSC	peng_T12	qPSC	189	0	9.26289882589915	7.06643299972518	8.31858630290791	0	9.41703595136514	7.47161364360847	8.31858630290791	11.0909463047946	7.06643299972518	6.37413872664253	11.6807083364268	0	6.37413872664253	11.0909463047946	8.56984652072423	10.0613543368181	6.37413872664253	9.41703595136514	7.47161364360847	0	7.75915345359709	7.47161364360847	10.6491220245727	8.16447627900061	6.37413872664253	0	0	10.1566606349624	0	0	0	7.75915345359709	0	10.2226161250911	6.37413872664253	6.37413872664253	6.37413872664253	9.46355227032416	8.85748115660867	7.47161364360847	7.47161364360847	7.06643299972518	10.6629150217507	10.9157451359335	8.31858630290791	6.37413872664253	0	6.37413872664253	8.77048271708784	11.944592710069	0	8.16447627900061	9.20574599321338	6.37413872664253	8.31858630290791	0	9.01161150578962	7.98221163771786	9.50800065765727	7.75915345359709	8.85748115660867	9.55055717809814	8.31858630290791	8.93751291706248	11.0358873908056	8.31858630290791	8.67518806202515	7.75915345359709	9.01161150578962	7.47161364360847	7.75915345359709	9.55055717809814	7.75915345359709	0	7.98221163771786	0	7.98221163771786	8.45208720250771	9.63059441178729	10.5919650061235	9.59137632615026	9.41703595136514	7.47161364360847	0.156697019582926	0.503090210428074
peng_T12__smPSC	peng_T12	smPSC	114	8.83376347211317	8.6514710606465	9.23918000278813	7.04273238135327	7.04273238135327	8.98789333332943	7.04273238135327	0	11.0121666769216	7.04273238135327	0	10.5076214940569	7.04273238135327	0	10.7307595798806	8.83376347211317	8.98789333332943	7.04273238135327	10.8485401864204	8.42837122573055	0	7.04273238135327	7.73544259849964	10.7054423324608	0	0	0	0	9.8145016405018	0	0	0	0	0	9.68097805545578	0	0	0	10.1329404660739	8.14076200969586	0	8.42837122573055	8.83376347211317	7.04273238135327	10.4091842482098	9.43983303314403	7.73544259849964	7.04273238135327	7.73544259849964	9.64461272462979	12.4031545348404	7.04273238135327	0	9.12140911171128	8.14076200969586	8.6514710606465	0	9.12140911171128	8.42837122573055	9.98634326792867	0	10.2199485306897	8.6514710606465	7.73544259849964	9.34453080267613	11.0492073486117	7.04273238135327	9.98634326792867	7.73544259849964	0	8.42837122573055	8.14076200969586	9.34453080267613	7.04273238135327	0	7.73544259849964	7.73544259849964	8.6514710606465	9.60687488793545	9.43983303314403	10.6254014933334	9.43983303314403	9.23918000278813	7.73544259849964	0.194559003275073	0.567746786799822
peng_T13__csCAF	peng_T13	csCAF	162	0	7.70062310874039	7.70062310874039	0	0	7.007928370923	7.007928370923	9.30969891953545	9.89744534282725	7.70062310874039	7.70062310874039	9.84028988798439	7.70062310874039	0	8.79893365514875	7.007928370923	8.39354399114174	7.007928370923	12.0759331778134	8.39354399114174	7.007928370923	0	0	9.77966859502922	7.007928370923	7.007928370923	0	7.007928370923	11.8822275160318	7.70062310874039	7.007928370923	0	7.41309187328221	7.70062310874039	8.61664227667828	8.39354399114174	9.20434846402718	0	10.0028008281699	7.70062310874039	7.007928370923	0	8.95306277847306	8.39354399114174	10.0028008281699	9.20434846402718	8.79893365514875	11.134172270418	0	0	11.9270108159361	8.10593735709973	8.95306277847306	0	0	8.10593735709973	0	9.30969891953545	0	7.007928370923	7.70062310874039	8.95306277847306	0	7.70062310874039	7.70062310874039	10.2651546449789	10.2651546449789	0	9.30969891953545	9.57204228952278	9.20434846402718	7.70062310874039	9.95150991656638	7.70062310874039	8.95306277847306	8.10593735709973	7.70062310874039	7.70062310874039	7.70062310874039	9.08657800341542	10.6446332690307	9.4920053859153	9.08657800341542	8.39354399114174	0.412039494432824	0.588366329184682
peng_T13__myCAF	peng_T13	myCAF	160	0	0	7.17053880877201	0	0	6.47816024107855	7.17053880877201	7.57574758125399	9.73477815270277	7.57574758125399	7.17053880877201	8.87465759622831	6.47816024107855	0	0	0	8.08636808919879	0	11.3966145834671	8.08636808919879	0	0	0	9.04169015919541	0	0	0	8.55625632230353	11.600595564201	7.86330146124798	7.17053880877201	0	0	8.77936140527805	7.86330146124798	8.26863836046295	8.08636808919879	6.47816024107855	10.1655403524992	8.96165731569007	8.08636808919879	7.86330146124798	7.17053880877201	8.42275240615852	9.30992629349584	8.77936140527805	7.86330146124798	11.600595564201	7.57574758125399	6.47816024107855	12.9883700405431	7.86330146124798	8.55625632230353	7.57574758125399	7.57574758125399	6.47816024107855	0	7.86330146124798	6.47816024107855	8.26863836046295	7.17053880877201	6.47816024107855	7.17053880877201	7.86330146124798	7.17053880877201	9.61218355085945	7.17053880877201	6.47816024107855	8.96165731569007	8.08636808919879	7.17053880877201	7.17053880877201	9.36707967836664	8.26863836046295	7.17053880877201	7.57574758125399	7.86330146124798	7.57574758125399	6.47816024107855	0	9.77251628850528	9.24930732923946	8.08636808919879	6.47816024107855	0.53506420347701	0.217519964244098
peng_T13__qPSC	peng_T13	qPSC	219	7.11682188830895	7.11682188830895	8.50250755832077	7.80956331596684	0	8.50250755832077	0	7.80956331596684	11.4467542422424	8.21489313651376	8.72561051705124	12.0432697870005	7.11682188830895	7.11682188830895	10.8772292170388	0	9.82411455077298	0	9.19555325433166	7.80956331596684	0	0	7.11682188830895	10.4482437275573	7.80956331596684	8.21489313651376	0	7.11682188830895	11.2431576995361	0	7.11682188830895	0	7.11682188830895	0	9.88864968875464	7.11682188830895	0	0	9.82411455077298	8.50250755832077	7.11682188830895	8.50250755832077	7.11682188830895	11.1413764084326	10.5500236154931	9.19555325433166	7.11682188830895	7.11682188830895	0	7.11682188830895	11.3787015313982	0	7.11682188830895	8.90790501120726	7.11682188830895	7.11682188830895	0	8.90790501120726	0	7.11682188830895	7.11682188830895	8.50250755832077	7.11682188830895	8.21489313651376	8.21489313651376	11.4200862839195	0	8.72561051705124	0	7.11682188830895	8.21489313651376	0	9.31332501329126	0	0	0	0	0	7.11682188830895	0	11.1590757311497	9.06203636013043	9.19555325433166	8.21489313651376	0.347137700109131	0.163535011492688
peng_T13__smPSC	peng_T13	smPSC	173	10.2027010751551	0	10.1285959545399	0	7.56412554016447	9.17314838184564	0	8.25701332169403	11.2271816285318	0	7.56412554016447	10.6546727187875	8.66239194850372	7.56412554016447	11.3478081041016	7.56412554016447	0	9.17314838184564	11.4348184981478	8.25701332169403	0	0	7.56412554016447	10.9648213563109	0	0	0	0	8.25701332169403	0	0	0	0	0	8.66239194850372	8.25701332169403	9.17314838184564	0	9.86624366644567	0	0	8.25701332169403	8.25701332169403	8.95003077750147	8.66239194850372	8.66239194850372	0	7.56412554016447	8.25701332169403	0	11.812109331106	0	0	7.56412554016447	0	7.56412554016447	0	7.56412554016447	9.35545264028553	8.95003077750147	7.56412554016447	8.25701332169403	8.25701332169403	8.66239194850372	8.25701332169403	11.7067496392512	0	10.3968505478004	8.25701332169403	0	8.66239194850372	8.66239194850372	8.25701332169403	7.56412554016447	0	9.17314838184564	8.66239194850372	0	9.64311308937393	9.5095909639624	10.9309204011764	9.76088891713861	8.25701332169403	7.56412554016447	-0.651122886654727	0.454217363704683
peng_T14__csCAF	peng_T14	csCAF	69	0	8.11703908058936	0	8.52240471344191	0	7.42419026643807	0	9.03315074987816	10.8248107260358	8.11703908058936	0	10.0626934161349	9.36958887570465	7.42419026643807	8.81003704455489	0	8.11703908058936	0	11.0071289662236	7.42419026643807	9.62088435304127	8.11703908058936	0	8.11703908058936	8.52240471344191	9.36958887570465	0	0	9.36958887570465	0	0	0	7.42419026643807	0	7.42419026643807	7.42419026643807	9.21545240884993	7.42419026643807	10.1316834448819	7.42419026643807	0	9.21545240884993	8.11703908058936	8.11703908058936	9.36958887570465	9.03315074987816	8.52240471344191	10.1962194786154	0	8.52240471344191	12.2987953250143	9.03315074987816	8.11703908058936	7.42419026643807	7.42419026643807	7.42419026643807	0	9.21545240884993	9.90854984312218	8.52240471344191	7.42419026643807	7.42419026643807	8.52240471344191	9.03315074987816	7.42419026643807	11.5507374586027	0	8.52240471344191	10.0626934161349	9.03315074987816	8.52240471344191	7.42419026643807	9.5031096084672	7.42419026643807	0	7.42419026643807	7.42419026643807	0	8.52240471344191	8.11703908058936	11.9344595115066	10.0626934161349	8.52240471344191	8.81003704455489	0.303745174326693	0.575990024116947
peng_T14__myCAF	peng_T14	myCAF	59	6.30608615070373	6.30608615070373	0	0	0	7.69101070204493	0	6.30608615070373	9.56242618284658	6.30608615070373	0	8.50168704374217	8.50168704374217	0	0	0	8.60702724665386	6.9983203332628	9.7700523621671	6.9983203332628	8.70232080663171	7.91406286595699	0	8.78931833355495	0	9.8306736229567	0	9.60016390630834	11.805524994157	9.56242618284658	8.8693493217917	10.0178759836457	8.00933981190795	0	8.38392939843825	8.60702724665386	10.5669649506057	6.30608615070373	10.1754984243072	8.60702724665386	7.40348092337326	6.9983203332628	9.88782904920776	8.60702724665386	9.99318448594399	8.70232080663171	8.38392939843825	11.7638526153398	7.40348092337326	8.38392939843825	12.6707329098539	8.38392939843825	9.13758021747055	7.69101070204493	7.40348092337326	0	0	6.9983203332628	8.50168704374217	6.9983203332628	6.30608615070373	6.9983203332628	6.30608615070373	8.25043064960535	6.30608615070373	10.3818277553258	0	6.9983203332628	7.91406286595699	7.69101070204493	6.9983203332628	6.30608615070373	7.69101070204493	6.30608615070373	0	0	7.40348092337326	0	6.9983203332628	0	10.5809508349018	8.50168704374217	6.30608615070373	7.40348092337326	0.656662941600456	-0.0815702162003219
peng_T14__qPSC	peng_T14	qPSC	76	9.12034793903418	7.17511001888882	8.78391946809539	7.86785847463417	0	7.86785847463417	0	7.1750940741797	11.4510051252406	8.27319595680678	0	11.0661642980339	9.12034793903418	0	10.3098558871151	7.86785847463417	10.0075867692576	0	10.5416506108233	8.78391946809539	7.86785847463417	8.27319595680678	7.1750940741797	10.4324543665186	8.56081421018212	9.25386565449012	0	0	10.4324543665186	0	0	0	0	0	9.88242963385811	0	7.1750940741797	0	9.47699005745404	7.86785847463417	0	8.78391946809539	8.56081421018212	10.352414113898	9.57229327413098	8.56081421018212	7.1750940741797	0	7.1750940741797	8.78391946809539	12.0418687101381	0	0	8.56081421018212	0	7.1750940741797	0	0	9.81344040979737	0	7.86785847463417	8.78391946809539	8.27319595680678	8.78391946809539	7.86785847463417	11.5931782040619	0	8.27319595680678	9.65929884847743	7.1750940741797	7.1750940741797	0	9.25386565449012	0	0	7.1750940741797	8.27319595680678	0	7.86785847463417	9.12034793903418	11.5563645770203	9.94696496348683	8.56081421018212	7.1750940741797	0.0202519119438571	0.326343899762392
peng_T14__smPSC	peng_T14	smPSC	90	10.6029291895511	0	10.0816492637063	7.13796312746483	0	8.23604569687175	0	7.83071304488769	11.1445160829834	7.13796312746483	0	9.8452716430077	9.53513598622404	8.23604569687175	10.4330347533252	9.33448135007834	8.52366153468167	9.62214134090351	11.5560186293739	7.13796312746483	0	8.52366153468167	7.83071304488769	9.43983303314403	0	8.52366153468167	0	0	8.74676534310488	7.13796312746483	0	0	0	0	7.13796312746483	0	8.23604569687175	0	9.8452716430077	0	0	8.52366153468167	8.23604569687175	8.23604569687175	9.97042855097861	8.52366153468167	0	0	0	8.23604569687175	11.5798290526977	0	0	7.13796312746483	0	0	0	7.13796312746483	9.97042855097861	0	0	11.4809841897857	0	8.92906040376065	7.83071304488769	11.4809841897857	0	9.08319215734508	9.8452716430077	0	7.83071304488769	0	9.33448135007834	0	0	7.13796312746483	8.92906040376065	0	8.52366153468167	9.70217895274781	11.7423465792664	9.08319215734508	0	9.21670935505241	-0.651122886654727	0.194447404136984
peng_T15__csCAF	peng_T15	csCAF	233	0	7.20331825654325	6.10619308666736	7.49081428355194	6.10619308666736	7.49081428355194	8.50205992142242	9.50523342389145	9.93265153886236	8.18368233103194	6.79822513551474	10.2311319949891	8.05019081933234	0	7.89609331159766	6.10619308666736	9.09980554565114	6.10619308666736	11.5398743419931	8.18368233103194	7.49081428355194	7.49081428355194	6.10619308666736	9.23955291998221	8.30143434709153	8.99445743964126	7.49081428355194	9.04851812953707	11.1791493559715	8.66908276718665	8.40677004637911	9.23955291998221	7.0211455111865	8.66908276718665	8.66908276718665	9.04851812953707	8.58905437746293	7.49081428355194	10.1983433731974	8.93730632552228	7.49081428355194	7.71384619098383	8.40677004637911	8.30143434709153	10.6991039938717	8.93730632552228	9.14859039135288	11.3871766471103	9.09980554565114	8.30143434709153	12.4704358645472	9.1951055719926	8.40677004637911	9.09980554565114	7.49081428355194	8.05019081933234	0	9.60053683447997	7.20331825654325	7.49081428355194	7.20331825654325	6.10619308666736	8.58905437746293	7.20331825654325	8.18368233103194	9.86521364616753	7.20331825654325	7.89609331159766	7.89609331159766	8.50205992142242	8.30143434709153	7.49081428355194	9.04851812953707	8.18368233103194	0	7.49081428355194	7.20331825654325	8.58905437746293	8.18368233103194	6.10619308666736	10.394451621755	9.50523342389145	8.58905437746293	7.89609331159766	0.719704685904576	0.434740421450075
peng_T15__myCAF	peng_T15	myCAF	350	0	6.50998417579366	4.32459728200884	6.61519583004445	0	6.79729405317013	7.74568988743961	6.25909494375466	8.83320438419701	6.79729405317013	6.25909494375466	7.35643110093685	6.71038419766752	4.32459728200884	4.32459728200884	4.32459728200884	8.09576449415262	7.60760363625274	8.94126366895431	7.020214220927	6.39238718573938	6.61519583004445	0	8.14020300326579	6.10526304250621	9.93893935957611	9.02092104963621	10.7820902584014	11.4071743228702	10.2697293466461	8.53097497344393	9.73186434881312	8.30971682319666	8.50112798792943	8.83320438419701	9.04758611632485	9.76878278572796	7.56988241041871	10.9446060726727	8.95578988188728	8.76577327615844	8.33686122865612	8.73027222557045	7.53068232717633	10.2193893816434	9.02092104963621	8.90652534741319	11.3421393248154	9.30857290794111	7.94920914946141	12.9535110345425	9.37394993023751	8.64217984385959	8.28181500928526	8.11823057603715	5.92338760507026	4.32459728200884	6.61519583004445	5.92338760507026	6.39238718573938	5.4143444711711	0	6.87725084999609	6.10526304250621	5.4143444711711	8.54557091398346	4.32459728200884	6.39238718573938	6.79729405317013	7.44734735820618	6.61519583004445	5.70091285984772	7.56988241041871	6.10526304250621	0	5.70091285984772	6.71038419766752	6.95128517840559	7.30767285991007	4.32459728200884	8.82227691597407	8.28181500928526	6.39238718573938	6.61519583004445	0.78505732367605	-0.0268732712412429
peng_T15__qPSC	peng_T15	qPSC	413	8.08796831770841	8.29555007833694	7.13294829316743	7.82569621297907	5.52669874094135	9.13373757955243	7.60265249179754	7.9209700884459	11.3457694147037	7.9209700884459	7.60265249179754	11.7610441275073	6.622654769217	6.622654769217	10.7101198237914	7.13294829316743	9.90478827069095	6.91000431246484	9.30699212501505	7.82569621297907	5.52669874094135	6.91000431246484	6.91000431246484	9.78544784282789	8.16205434581541	7.60265249179754	6.91000431246484	7.72038006749948	10.4280160703571	6.622654769217	7.13294829316743	7.72038006749948	7.13294829316743	6.21785438797342	10.0871015049492	6.91000431246484	7.72038006749948	6.91000431246484	9.94160043893228	8.16205434581541	7.13294829316743	8.00795121081411	7.60265249179754	10.1178719026197	9.91721017420775	8.70093197459253	8.08796831770841	8.41330537747848	8.29555007833694	8.23102819873902	12.593439201241	6.21785438797342	7.46919240030947	8.81869651778575	7.60265249179754	8.00795121081411	0	6.21785438797342	8.65837959626188	0	6.91000431246484	7.46919240030947	8.46736091998604	8.74174731186544	9.30699212501505	10.7267403371492	0	8.00795121081411	7.82569621297907	7.13294829316743	7.46919240030947	6.21785438797342	9.32946296337148	8.00795121081411	0	0	0	8.81869651778575	7.82569621297907	8.89014527888322	10.610332695186	9.32946296337148	7.72038006749948	7.60265249179754	0.497304107119463	0.296810572356929
peng_T15__smPSC	peng_T15	smPSC	303	10.6920676426425	8.33840571243918	9.84812769504696	8.2843517773761	7.47373705671062	9.93707068351765	0	7.18624423382243	11.042717792907	8.72609436978377	6.78115751742913	10.4936216922075	7.18624423382243	7.18624423382243	10.6512465949753	9.26502324527801	9.0314333091901	8.38968704908932	11.3126336232931	7.47373705671062	6.08914465368978	7.18624423382243	8.48497657428314	10.2765639051645	6.08914465368978	8.72609436978377	6.78115751742913	8.2843517773761	9.97874140649888	6.08914465368978	7.6967670410929	7.47373705671062	7.00407405089649	6.78115751742913	9.45424892089793	7.87901287943302	8.94920546155426	7.6967670410929	10.3773653027135	6.08914465368978	7.87901287943302	8.03310947114001	8.57197073877146	8.85960547531694	9.58345115464449	9.13150537806703	6.08914465368978	8.92022174350554	7.87901287943302	8.92022174350554	12.4360176961866	7.47373705671062	6.78115751742913	8.38968704908932	6.08914465368978	7.6967670410929	0	6.78115751742913	7.18624423382243	0	7.18624423382243	6.78115751742913	9.0827206240118	7.47373705671062	7.6967670410929	10.5977592106452	0	9.80050222391021	7.47373705671062	0	8.03310947114001	7.47373705671062	9.61330209253052	8.79507642153988	0	7.6967670410929	7.47373705671062	8.85960547531694	9.22246774730879	9.13150537806703	10.6718653990899	9.41916039950878	7.47373705671062	7.87901287943302	0.55526718499244	0.27918343400664
peng_T16__csCAF	peng_T16	csCAF	108	6.55886907551353	7.25130726085778	0	7.25130726085778	6.55886907551353	0	0	7.65653592547798	10.2463655230355	7.25130726085778	7.25130726085778	10.4076283854329	7.25130726085778	6.55886907551353	8.16717235419337	8.63706954549091	7.25130726085778	7.65653592547798	10.0074831903596	6.55886907551353	6.55886907551353	7.25130726085778	6.55886907551353	8.34944660663121	7.65653592547798	7.9440997552179	0	8.34944660663121	10.44929984913	9.33012801910575	8.16717235419337	6.55886907551353	6.55886907551353	0	8.16717235419337	7.25130726085778	9.44790119794915	6.55886907551353	10.6005267530845	7.9440997552179	6.55886907551353	7.9440997552179	7.9440997552179	0	9.69300651346726	8.34944660663121	8.34944660663121	9.44790119794915	8.63706954549091	8.63706954549091	12.7996766091758	7.25130726085778	7.9440997552179	8.16717235419337	8.95547489197852	8.16717235419337	7.25130726085778	7.9440997552179	9.85334002074768	9.33012801910575	7.25130726085778	9.95869527926067	7.65653592547798	11.2759621273732	9.95869527926067	8.95547489197852	10.2210486249544	8.95547489197852	9.39074742262153	9.50196426895331	8.34944660663121	8.16717235419337	10.0232308432421	8.86017761497135	7.25130726085778	7.65653592547798	7.65653592547798	8.16717235419337	8.16717235419337	10.0838528557959	9.12250912585943	9.33012801910575	8.5035634962626	6.55886907551353	0.51898232428432	0.779000382108107
peng_T16__myCAF	peng_T16	myCAF	133	0	6.43945437679205	6.03478758891888	6.72673705000587	0	6.43945437679205	6.72673705000587	6.03478758891888	8.67161943936103	6.43945437679205	0	6.72673705000587	6.72673705000587	0	0	0	7.13180259929258	0	8.33521575292528	0	5.34403155228089	6.43945437679205	5.34403155228089	7.41928483244996	0	8.67161943936103	6.72673705000587	9.95441156867489	11.5192701236169	9.97401911739209	7.28583909012746	8.59752465030024	7.59104041471762	8.70670484945354	9.95441156867489	7.73757502898177	8.7406008853602	7.13180259929258	10.13507374326	9.91400398982144	7.97864362545467	8.2298818944039	9.34666397822227	5.34403155228089	9.81663488592438	8.28393508569094	8.17273916090052	9.98368058027568	9.64337348236976	9.10055525890468	13.1676818037063	8.11213217916883	9.49820160589608	7.53700124613262	8.70670484945354	6.43945437679205	6.03478758891888	6.94964088518539	9.10055525890468	7.13180259929258	7.41928483244996	7.28583909012746	6.03478758891888	10.6325724756848	8.83589652344582	7.53700124613262	6.72673705000587	6.43945437679205	7.64230846101557	8.2298818944039	6.72673705000587	0	8.17273916090052	6.43945437679205	0	5.34403155228089	7.64230846101557	7.28583909012746	8.04761364975114	8.28393508569094	7.73757502898177	8.80512940908888	7.41928483244996	7.13180259929258	0.779777247670494	0.247310561345643
peng_T16__qPSC	peng_T16	qPSC	287	7.48013451510437	8.86600565053725	8.57837061200821	6.96968494163562	5.87295078616666	7.25713199922408	0	7.66236203722395	11.3254654391912	6.96968494163562	7.25713199922408	11.2454237366689	5.87295078616666	0	9.58377316773871	8.50939117837858	8.64289737487248	0	9.02725278226136	7.66236203722395	0	7.25713199922408	5.87295078616666	9.58377316773871	7.66236203722395	7.48013451510437	0	6.96968494163562	9.91323304609291	7.9499265538966	8.17299956510947	7.66236203722395	6.96968494163562	0	9.821430257895	7.25713199922408	7.25713199922408	7.25713199922408	9.821430257895	8.0676704012221	0	7.66236203722395	7.9499265538966	8.64289737487248	9.63139801501472	9.08912098043593	7.9499265538966	7.66236203722395	8.2682840927341	8.76066081309947	12.409722296307	5.87295078616666	7.66236203722395	8.86600565053725	7.48013451510437	8.96130300252416	0	7.66236203722395	9.78221171577536	8.86600565053725	8.91478909539427	10.5886563338109	8.50939117837858	11.3038665907463	10.5522896229824	9.9973121701429	8.35527409240465	8.64289737487248	5.87295078616666	8.0676704012221	8.0676704012221	7.25713199922408	9.9973121701429	8.2682840927341	0	8.17299956510947	0	9.33595636397552	7.66236203722395	10.597545058217	10.2396158416174	9.65438604152861	8.76066081309947	7.66236203722395	0.399632958915948	0.630675350681965
peng_T16__smPSC	peng_T16	smPSC	236	10.4521698066395	8.97066347169235	10.1745473133679	8.05456334742287	0	8.34216600445458	0	0	11.0331869597815	8.05456334742287	6.26439086360211	10.0911690199491	7.64925705123693	6.95658615517235	9.66374710830959	9.48143826062721	8.20866864778235	9.30709939798359	10.6992602749054	7.87230531842438	0	8.4599225669027	6.26439086360211	9.69653488126075	7.36173376549015	8.34216600445458	0	6.26439086360211	9.81788871010113	7.87230531842438	8.34216600445458	6.95658615517235	6.95658615517235	6.26439086360211	9.39806328246486	0	8.74755169083536	7.36173376549015	10.3733912964499	7.36173376549015	6.95658615517235	7.36173376549015	9.09581166349368	7.36173376549015	10.0911690199491	8.97066347169235	6.95658615517235	0	8.05456334742287	8.34216600445458	12.6063699634025	7.36173376549015	6.26439086360211	8.4599225669027	6.26439086360211	7.36173376549015	6.95658615517235	7.36173376549015	8.82758217922172	9.09581166349368	8.20866864778235	10.6319581637539	8.05456334742287	10.1126743433838	9.55839365328925	9.30709939798359	8.82758217922172	9.84605807405386	8.97066347169235	6.26439086360211	6.95658615517235	6.95658615517235	9.62984774787157	6.95658615517235	7.36173376549015	7.87230531842438	8.20866864778235	9.52065604092293	7.87230531842438	10.6063163599541	9.75905151119163	9.5947587758096	6.95658615517235	8.34216600445458	0.486818993699281	0.693771308457508
peng_T17__csCAF	peng_T17	csCAF	42	0	6.64592223388458	0	0	0	7.3384195485283	8.25432015803972	6.64592223388458	8.03124163768934	7.05095414497706	0	9.6404194008901	8.03124163768934	0	8.94733726398354	0	8.25432015803972	0	8.43659835850821	0	0	7.74366794078033	0	9.28377233332086	7.3384195485283	7.74366794078033	6.64592223388458	6.64592223388458	12.4823563196134	7.3384195485283	9.20967150882902	0	7.3384195485283	8.94733726398354	9.97687305283326	9.20967150882902	8.43659835850821	7.3384195485283	10.4513134799153	8.43659835850821	7.3384195485283	8.03124163768934	9.5891295299582	8.94733726398354	10.8493341165647	8.43659835850821	8.8419912018964	11.4486537880626	0	9.73572366742524	11.4486537880626	7.3384195485283	10.9487047535825	6.64592223388458	8.72422623290959	6.64592223388458	6.64592223388458	9.04263561798374	7.74366794078033	7.74366794078033	6.64592223388458	8.59071806838064	9.04263561798374	9.04263561798374	8.03124163768934	11.1664247977052	8.59071806838064	8.03124163768934	9.20967150882902	6.64592223388458	5.95407351955058	8.03124163768934	7.3384195485283	6.64592223388458	0	6.64592223388458	7.3384195485283	8.59071806838064	8.43659835850821	6.64592223388458	10.7877774564237	8.8419912018964	8.72422623290959	8.25432015803972	0.68699985123446	0.470659368428379
peng_T17__myCAF	peng_T17	myCAF	144	0	4.5200883386031	4.5200883386031	5.20777661552891	0	6.01566118145859	6.81282584729835	3.83777037166461	6.38263483820958	5.611415446809	0	6.76159042393397	7.21792436113345	3.83777037166461	0	0	6.38263483820958	5.20777661552891	6.70758749987288	6.45662204146668	0	6.81282584729835	0	6.90803606017372	3.83777037166461	9.80250070742329	7.57770536829688	10.5265433124724	12.7406526192726	10.2601596449173	8.60366857873671	9.87282895873271	8.1315509630926	9.01461204581184	8.96361585515786	8.39093130760872	8.91599404920519	5.89818312858939	10.2821723503992	9.36125682763537	7.64511327457126	7.84173814086145	9.77188779118058	8.48902795625345	10.4675937049189	8.58686456942608	8.17298442864143	11.1542458520538	8.95778568328333	9.17268350505517	12.4896811409944	7.60068325613308	9.05785688167092	7.66660930152512	8.18571988258174	5.89818312858939	0	5.89818312858939	5.76504372006649	5.611415446809	6.01566118145859	4.5200883386031	8.10675436994282	7.07493633004519	6.01566118145859	8.13377500240959	5.89818312858939	5.89818312858939	7.31316787299243	7.25069052809749	6.52551023477753	5.20777661552891	6.52551023477753	0	4.5200883386031	3.83777037166461	6.2158880994855	5.20777661552891	6.65050094272772	5.4298248010294	8.62835671737501	8.00598164714015	3.83777037166461	6.01566118145859	0.772989605335292	-0.181239976065567
peng_T17__qPSC	peng_T17	qPSC	81	8.36556361501328	6.75705625275013	7.16213373684873	7.16213373684873	6.06507104351921	8.00898841430721	0	7.672649153189	10.2968859922715	0	0	10.9827436674974	8.54784638008538	0	8.83547996076863	0	9.39503339868912	0	9.91294288151123	6.75705625275013	0	6.75705625275013	0	9.80047079443164	6.06507104351921	7.672649153189	0	0	10.595370274211	0	6.06507104351921	0	7.672649153189	6.06507104351921	10.7632472783178	0	6.06507104351921	0	9.8240000028759	7.44962194093652	6.75705625275013	7.44962194093652	9.10737903783503	9.28171468964575	9.72636708576877	8.14247824846049	7.16213373684873	6.06507104351921	10.014034235923	9.05859441589298	12.7156117823327	6.06507104351921	9.10737903783503	9.15389401505473	7.44962194093652	6.75705625275013	0	0	8.14247824846049	6.75705625275013	6.06507104351921	11.1867235855631	8.54784638008538	9.43012185173955	7.672649153189	11.6079322873012	9.32093182158764	8.54784638008538	8.14247824846049	0	7.16213373684873	6.75705625275013	8.6278741674652	0	0	6.06507104351921	6.06507104351921	6.06507104351921	7.672649153189	8.14247824846049	10.5625812857753	9.10737903783503	7.16213373684873	7.16213373684873	0.363279921616979	0.330030421939191
peng_T17__smPSC	peng_T17	smPSC	48	10.2401621774102	0	9.70119118139395	7.75564822814653	0	9.14162130030886	0	0	10.7997626622036	8.44858122753813	0	9.54705070327111	8.85397493172817	0	9.14162130030886	0	7.75564822814653	8.44858122753813	11.2517403661571	7.75564822814653	7.75564822814653	8.85397493172817	0	9.70119118139395	0	9.83471492267186	0	0	9.54705070327111	7.75564822814653	0	0	7.06292927235167	0	9.3647434286885	0	8.85397493172817	7.75564822814653	10.1531540465116	0	0	7.75564822814653	10.1531540465116	9.3647434286885	9.3647434286885	9.14162130030886	7.75564822814653	7.75564822814653	0	9.83471492267186	12.4914220270858	0	0	0	8.44858122753813	7.75564822814653	0	0	8.44858122753813	9.70119118139395	0	8.44858122753813	10.5278353230576	0	9.54705070327111	11.4688023377956	0	9.9524920072404	9.14162130030886	0	0	8.44858122753813	7.75564822814653	0	7.75564822814653	0	0	7.75564822814653	8.44858122753813	8.85397493172817	11.1225304256658	9.3647434286885	7.75564822814653	0	0.209649413579548	0.377805818827296
peng_T18__csCAF	peng_T18	csCAF	199	0	6.50030039986651	6.50030039986651	7.19269580409949	0	7.59791019445339	8.10853519874736	9.06386142083983	10.4007993598229	0	0	9.63435594105957	8.00320812246334	7.88546688445182	7.19269580409949	0	9.61237848859239	0	10.2124050610647	7.75198922908945	7.19269580409949	6.90526438655835	5.80865507857899	8.89682838596532	7.59791019445339	7.59791019445339	7.19269580409949	9.38925166101951	9.10159746084844	7.19269580409949	6.50030039986651	6.50030039986651	7.3103952741553	9.23973341373299	8.10853519874736	7.41568893230439	9.02464533867807	5.80865507857899	10.3595576816319	8.44492144327245	7.75198922908945	8.75024651504317	9.2069468276872	6.90526438655835	9.46928793651794	8.2908065943839	8.2908065943839	11.143201654214	7.19269580409949	8.8503148856514	12.3610102752226	8.8503148856514	6.50030039986651	7.59791019445339	8.00320812246334	5.80865507857899	8.20381801823229	10.1751350603957	8.44492144327245	9.27147907755943	9.84875318328909	8.37083000863459	9.63435594105957	9.2069468276872	8.44492144327245	10.7473130270093	10.2943192960625	9.58990715309201	10.6960208643637	8.51389998202443	7.19269580409949	8.2908065943839	10.2715918225639	7.19269580409949	9.77599781488552	0	7.41568893230439	6.90526438655835	8.51389998202443	9.88323756908747	10.6577028842341	9.86614401543158	10.4596381222348	8.20381801823229	0.595619058576251	0.701751667845162
peng_T18__myCAF	peng_T18	myCAF	185	0	6.35559302522595	0	5.6628368935446	0	6.57704186090217	6.57704186090217	7.36473968153042	9.2429739309838	6.06714378071749	0	7.60576604552371	7.91101674594589	6.35424623925949	4.97315634862274	4.97315634862274	8.29866440807549	6.35424623925949	9.2567659272342	7.16420968510661	5.6628368935446	6.06714378071749	0	8.01106528183889	6.57704186090217	8.26230598049052	7.04652336855702	10.3734140423255	11.5215778236758	8.89817329832256	7.73923523945005	9.70247060050437	7.67472574485307	8.97367091345071	9.02677418517985	8.29866440807549	8.96453959229249	6.91311631532586	10.6832616451144	8.49277650702878	8.10200820996751	8.49277650702878	10.0782407904138	7.45169829127654	9.90790322151796	8.87837340378857	8.26230598049052	11.5144401056436	8.10200820996751	9.00938455035082	12.9075090682385	8.79500391396575	7.60576604552371	7.73923523945005	8.22457557796671	6.35424623925949	5.6628368935446	7.60576604552371	6.75913139731075	7.60576604552371	8.05757021685548	4.97315634862274	7.79983424891332	4.97315634862274	7.45169829127654	10.3085786162909	8.01106528183889	7.36473968153042	9.04386658210574	7.67472574485307	6.35424623925949	6.06714378071749	9.14070550527397	4.97315634862274	7.53169634756914	4.97315634862274	6.75913139731075	7.04652336855702	6.91311631532586	7.96229170608692	10.3415216913586	8.85817354076662	8.54992353505711	6.75913139731075	0.704771919249563	0.182617920911238
peng_T18__qPSC	peng_T18	qPSC	445	8.11514306594148	8.11514306594148	7.35334464382104	7.35334464382104	6.79420907559268	8.11514306594148	7.01712855307488	7.01712855307488	10.9827599383103	5.41126981077762	0	11.0272109620924	8.17966290082618	0	10.4307038764528	7.80509685072908	9.72434176796502	0	10.0702752568554	6.79420907559268	0	7.35334464382104	6.1021815116748	9.6263675164725	6.79420907559268	8.29741479195181	0	6.79420907559268	9.9815510677408	5.41126981077762	5.41126981077762	5.41126981077762	7.70982743528727	5.41126981077762	10.355585548359	6.50690034798796	6.79420907559268	6.50690034798796	9.501213168978	9.07047050803985	6.79420907559268	8.70279684323552	7.01712855307488	9.59651655229768	9.7109195558725	8.29741479195181	6.79420907559268	5.41126981077762	7.01712855307488	8.54248308327302	12.4323361450702	5.41126981077762	7.60451674048262	8.11514306594148	5.41126981077762	8.04617154974454	6.1021815116748	7.01712855307488	8.11514306594148	8.11514306594148	9.64096535986078	8.84092574657725	8.90343733450562	8.54248308327302	9.41420858842682	11.6093384410025	8.29741479195181	7.48679597740242	9.75065752278103	7.48679597740242	7.19930069941536	7.35334464382104	9.87275352342776	7.97208821774339	0	6.1021815116748	5.41126981077762	7.70982743528727	7.80509685072908	9.01783299142222	11.2845421904111	9.58125012578292	10.6485645931118	8.04617154974454	0.4363626874083	0.565065033077216
peng_T18__smPSC	peng_T18	smPSC	204	10.0053763818319	8.37143211001292	9.12508140750107	7.90156730150058	7.39098842257636	8.48918943601113	6.29360894569723	6.29360894569723	10.6092719575089	0	0	9.12508140750107	7.90156730150058	0	9.69301825403503	9.5107090397365	8.48918943601113	8.48918943601113	10.8135678594571	6.29360894569723	6.9858316599283	6.29360894569723	6.29360894569723	9.33636975811424	7.90156730150058	8.37143211001292	0	0	9.06446359190549	0	0	6.29360894569723	7.20879021537591	0	9.18223377132804	7.67851628663691	0	0	9.69301825403503	7.67851628663691	0	8.48918943601113	8.48918943601113	7.39098842257636	8.68982273442688	8.48918943601113	6.9858316599283	6.9858316599283	6.9858316599283	8.23793377169196	13.0047176079814	6.29360894569723	0	8.9309487284816	7.67851628663691	0	0	6.9858316599283	8.08382716256995	9.12508140750107	8.59452938346651	9.2875840018798	7.90156730150058	0	7.39098842257636	11.211753597946	6.29360894569723	8.77682008716354	9.23629557939778	0	6.29360894569723	8.37143211001292	9.65911883038667	7.39098842257636	0	7.90156730150058	7.39098842257636	8.08382716256995	8.48918943601113	9.2875840018798	11.0792663294403	9.33636975811424	9.84716011770086	6.9858316599283	0.198477968879388	0.410830221520358
peng_T19__csCAF	peng_T19	csCAF	249	7.28313599220368	7.68837206486241	7.68837206486241	7.68837206486241	6.59067560341675	8.19901442249213	7.28313599220368	9.36197620391097	11.1001761641564	6.59067560341675	0	11.3768047489133	7.28313599220368	7.975939599915	9.72485554461454	9.15435666896274	8.38129015750365	7.68837206486241	10.2782153763867	7.28313599220368	6.59067560341675	7.68837206486241	6.59067560341675	9.22845708694187	7.975939599915	8.53540810620078	0	8.66891494977462	9.63388945963403	7.68837206486241	6.59067560341675	8.38129015750365	7.28313599220368	7.68837206486241	8.38129015750365	8.53540810620078	8.78667889130826	0	10.0550804184902	7.68837206486241	7.975939599915	6.59067560341675	7.975939599915	9.58510256905442	10.252898449782	9.29744341143135	7.68837206486241	9.63388945963403	9.47974969173117	8.19901442249213	12.0446285392724	7.68837206486241	8.19901442249213	8.78667889130826	7.28313599220368	8.53540810620078	7.28313599220368	8.89202413140539	9.63388945963403	9.15435666896274	9.15435666896274	9.84745096910213	8.38129015750365	10.5966597327836	8.19901442249213	10.1728586800348	10.7482061153675	9.07432277442077	9.47974969173117	9.36197620391097	0	7.68837206486241	10.2269238911459	9.58510256905442	6.59067560341675	7.68837206486241	7.28313599220368	9.72485554461454	9.47974969173117	10.0550804184902	10.1446888942956	9.92155516397595	8.89202413140539	7.975939599915	0.56930564254371	0.809903527935597
peng_T19__myCAF	peng_T19	myCAF	150	7.01124396074898	7.41640846160325	7.01124396074898	6.31899806014239	6.31899806014239	7.01124396074898	7.70394019653452	8.10925494451741	10.0308107773228	7.01124396074898	0	9.81375694413765	8.10925494451741	0	7.92699353448657	7.70394019653452	7.70394019653452	6.31899806014239	10.3602776211971	8.39686182842764	0	6.31899806014239	0	8.88228288117444	6.31899806014239	8.61996026390317	0	9.75124011579383	11.1293937172588	9.98080261430724	7.70394019653452	9.08989621557422	7.23420715855484	8.39686182842764	8.88228288117444	8.39686182842764	9.23506298208973	0	10.3425786095559	8.51461979998049	8.10925494451741	7.41640846160325	8.10925494451741	6.31899806014239	10.2875206567733	9.64946365958048	8.10925494451741	10.8280740286823	9.57536064588603	8.26336266015602	12.8274557137287	8.39686182842764	9.313017206679	8.71525403744331	8.26336266015602	7.01124396074898	0	7.92699353448657	9.95482834579559	7.01124396074898	6.31899806014239	6.31899806014239	7.70394019653452	10.8058513376227	8.80225174234051	9.313017206679	8.10925494451741	7.70394019653452	8.10925494451741	9.15051420208778	8.26336266015602	7.41640846160325	9.36180307360797	7.41640846160325	0	6.31899806014239	7.70394019653452	8.51461979998049	7.41640846160325	8.51461979998049	9.40831918264461	9.57536064588603	8.10925494451741	7.70394019653452	0.643574900472361	0.431860260185736
peng_T19__qPSC	peng_T19	qPSC	673	9.49754208198745	8.11147280364204	8.71747219945757	8.02448870597066	7.70615772257609	9.15273249240964	7.01346048814138	5.62986156056234	11.9470408048752	7.23642408529895	5.62986156056234	11.5975370607521	5.62986156056234	6.72607826733937	10.9922588788843	8.76191684459131	9.3875499118555	7.01346048814138	10.2010141440629	7.70615772257609	5.62986156056234	7.92921126036597	7.57269062036578	10.0806552113257	8.26558061446562	7.70615772257609	0	0	9.59662590573532	0	7.23642408529895	5.62986156056234	8.39907985413132	0	10.0330292053571	6.72607826733937	6.32121259293243	5.62986156056234	9.51815983784134	7.23642408529895	7.57269062036578	7.41862565466179	6.72607826733937	10.2706915653854	10.0806552113257	9.31523553228805	7.70615772257609	6.32121259293243	7.41862565466179	8.84528592671805	11.6326280637119	0	0	8.62217838956631	6.32121259293243	8.39907985413132	0	7.01346048814138	8.19149242823426	8.45969123619363	8.11147280364204	10.8412213657327	8.80446993464827	8.19149242823426	8.33455633783652	10.773781450683	8.71747219945757	8.62217838956631	8.33455633783652	0	8.33455633783652	7.57269062036578	9.88899664037721	8.88450109911583	0	7.01346048814138	6.72607826733937	9.59662590573532	8.76191684459131	10.2314722375678	10.6235026435342	9.65168204232356	8.33455633783652	7.82389075171926	0.235063398393928	0.503556594489586
peng_T19__smPSC	peng_T19	smPSC	616	10.8628906730295	8.0720186102187	9.88004636735235	7.56140106648947	8.25428814023756	9.84671168219866	5.77223895108584	5.77223895108584	11.3336536868172	6.46382852904074	0	10.1386086929669	5.77223895108584	6.46382852904074	10.1129672889441	9.92805318719657	8.40840165642532	9.3527269867704	11.2287201172545	8.33431083689222	5.77223895108584	7.37918353347966	8.33431083689222	10.199975286736	7.37918353347966	8.0720186102187	0	0	9.17042277554374	5.77223895108584	5.77223895108584	0	7.78444058319746	0	8.98812203303339	7.56140106648947	8.33431083689222	0	10.1758786417721	6.86877389667453	5.77223895108584	7.71547743698814	7.71547743698814	8.25428814023756	9.75816318493114	9.13652481256855	7.56140106648947	5.77223895108584	7.15619599755521	9.23495479212883	12.0306189592373	6.86877389667453	5.77223895108584	8.60251831962489	7.37918353347966	7.37918353347966	7.56140106648947	7.15619599755521	8.98812203303339	8.81379243311082	8.65966653103836	11.0523408948307	8.65966653103836	8.76500970233229	7.9666927775739	10.2577927693509	8.25428814023756	9.97386053874716	9.0273379429289	6.46382852904074	8.60251831962489	7.9666927775739	10.1386086929669	8.40840165642532	0	7.56140106648947	7.56140106648947	9.94355662316791	9.55338191327393	10.4512814547079	10.4419793322436	9.59783059058465	8.0720186102187	7.56140106648947	0.328145012811891	0.665787987088762
peng_T1__csCAF	peng_T1	csCAF	46	0	0	0	0	0	0	0	9.1808845644305	10.2794281911467	0	0	10.7902400819566	0	0	0	9.1808845644305	0	0	10.6848818551379	0	0	0	0	8.48784036795961	0	0	0	0	9.58631534215202	0	0	0	0	8.48784036795961	8.48784036795961	0	0	8.48784036795961	10.0971135007601	0	8.48784036795961	0	8.48784036795961	0	9.58631534215202	8.48784036795961	8.48784036795961	0	9.58631534215202	8.48784036795961	11.9533767294537	8.48784036795961	8.48784036795961	8.48784036795961	8.48784036795961	8.48784036795961	0	8.48784036795961	11.5321666363738	8.48784036795961	0	10.6848818551379	8.48784036795961	11.7834788847795	10.567101680523	9.58631534215202	10.2794281911467	8.48784036795961	9.8739802489685	10.0971135007601	0	8.48784036795961	10.0971135007601	9.1808845644305	0	0	0	8.48784036795961	0	9.8739802489685	10.6848818551379	9.8739802489685	9.8739802489685	0	0.181324584086277	0.60729791967504
peng_T1__myCAF	peng_T1	myCAF	45	0	0	0	0	0	7.83701971507119	0	0	9.78259136909786	7.83701971507119	0	9.62845009345762	0	0	0	0	7.83701971507119	0	9.91611570852408	8.52996945412254	0	9.22301789930758	0	8.52996945412254	0	7.83701971507119	0	10.3215643589761	11.8619835373449	7.83701971507119	0	0	0	9.62845009345762	8.93536873973063	0	8.93536873973063	0	10.727018495163	0	7.83701971507119	7.83701971507119	9.22301789930758	7.83701971507119	9.91611570852408	7.83701971507119	9.22301789930758	11.014695081609	9.44614170237692	8.93536873973063	12.9180316114608	7.83701971507119	7.83701971507119	8.52996945412254	7.83701971507119	7.83701971507119	0	0	9.22301789930758	7.83701971507119	7.83701971507119	7.83701971507119	7.83701971507119	8.93536873973063	7.83701971507119	8.52996945412254	8.93536873973063	0	8.52996945412254	7.83701971507119	0	7.83701971507119	9.91611570852408	8.52996945412254	0	0	7.83701971507119	7.83701971507119	8.52996945412254	7.83701971507119	8.93536873973063	9.22301789930758	7.83701971507119	0	0.573019636714591	0.369676318976902
peng_T1__qPSC	peng_T1	qPSC	132	7.78764695164489	7.78764695164489	7.78764695164489	0	0	8.88598265016785	0	7.78764695164489	11.2837521748786	8.48058669676837	0	10.9653031595987	7.78764695164489	0	11.6790608051961	8.48058669676837	9.57906067123639	0	9.17363014347181	8.88598265016785	7.78764695164489	9.17363014347181	7.78764695164489	9.98450272511782	8.48058669676837	0	0	0	9.73320147074585	7.78764695164489	0	0	7.78764695164489	0	10.0898586298665	0	0	0	7.78764695164489	8.88598265016785	0	0	0	10.4263190097666	9.73320147074585	9.39675294672337	8.48058669676837	0	7.78764695164489	7.78764695164489	12.2980961046796	0	8.88598265016785	9.73320147074585	0	7.78764695164489	0	0	8.88598265016785	8.48058669676837	0	9.73320147074585	0	9.39675294672337	7.78764695164489	10.9227442969782	7.78764695164489	0	9.39675294672337	7.78764695164489	7.78764695164489	0	9.39675294672337	9.17363014347181	0	8.48058669676837	0	7.78764695164489	8.48058669676837	9.73320147074585	11.1545421779625	9.17363014347181	8.88598265016785	9.57906067123639	-0.651122886654727	0.472479934022919
peng_T1__smPSC	peng_T1	smPSC	105	9.10159746084844	8.40856176164335	10.4878082027955	8.40856176164335	0	0	0	8.40856176164335	10.7109461792496	0	0	9.10159746084844	0	0	11.047412044564	9.50702540574301	8.40856176164335	8.40856176164335	10.4878082027955	0	0	0	0	10.0178212979437	8.40856176164335	0	0	0	10.8062543318243	0	0	0	0	0	9.50702540574301	0	8.40856176164335	0	10.3542807921949	8.40856176164335	8.40856176164335	0	0	9.50702540574301	9.10159746084844	9.10159746084844	0	0	0	0	12.502687065386	0	0	9.50702540574301	0	0	0	0	8.40856176164335	0	9.10159746084844	10.2001354217082	9.50702540574301	9.50702540574301	9.10159746084844	10.9733052976647	0	8.40856176164335	9.79468889607007	0	8.40856176164335	8.40856176164335	9.10159746084844	9.10159746084844	0	0	0	9.50702540574301	9.10159746084844	10.0178212979437	11.047412044564	9.10159746084844	9.10159746084844	9.10159746084844	-0.88483519083639	0.52699612860194
peng_T20__qPSC	peng_T20	qPSC	68	9.06031390679577	8.14419743948535	9.24261609898571	0	0	8.83719940168449	0	0	11.6096519625558	0	7.45134063239721	11.8934178928734	7.45134063239721	0	11.3825968259287	0	0	0	9.84870789069772	0	0	8.54956573769617	0	9.24261609898571	8.14419743948535	9.06031390679577	0	0	9.93571486639498	8.14419743948535	0	0	0	0	10.1588487347978	0	0	0	9.06031390679577	8.83719940168449	0	8.14419743948535	0	10.586279277592	9.64804893192052	8.54956573769617	0	0	0	9.06031390679577	11.8815835165984	0	0	8.14419743948535	0	8.14419743948535	0	0	0	9.75340299241867	8.14419743948535	10.5418286632129	8.14419743948535	8.14419743948535	0	11.51121282885	0	0	8.83719940168449	0	7.45134063239721	0	9.84870789069772	7.45134063239721	0	0	0	0	8.54956573769617	9.39675294672337	11.006124462464	9.39675294672337	8.14419743948535	0	-0.742601221988146	0.143307673670458
peng_T20__smPSC	peng_T20	smPSC	63	10.5290028342645	8.04439038332478	11.0398177582594	8.04439038332478	0	8.73737710251546	0	0	11.5098153688337	0	0	9.99002543998102	8.04439038332478	0	11.0398177582594	8.04439038332478	0	9.83588240263124	11.1795776071878	0	0	0	8.04439038332478	8.04439038332478	0	8.73737710251546	0	0	9.14278871777828	8.04439038332478	0	0	0	0	9.83588240263124	0	8.04439038332478	0	8.73737710251546	0	0	0	0	8.04439038332478	9.65357154520763	8.04439038332478	0	0	0	9.43044404273429	11.9560988602418	8.04439038332478	0	9.14278871777828	0	8.04439038332478	8.04439038332478	0	0	10.9885253085948	8.04439038332478	9.99002543998102	9.65357154520763	0	0	10.8773016610651	0	9.14278871777828	10.2413296782011	0	8.73737710251546	8.04439038332478	9.14278871777828	8.04439038332478	0	8.73737710251546	8.04439038332478	8.04439038332478	9.14278871777828	9.43044404273429	11.3762854092295	9.43044404273429	0	0	-0.742601221988146	0.589668119791194
peng_T21__myCAF	peng_T21	myCAF	51	0	6.64976784215267	0	0	0	5.95791414723709	7.05480141631088	5.95791414723709	8.35345638208015	0	0	5.95791414723709	7.3422676519345	5.95791414723709	0	0	5.95791414723709	7.3422676519345	7.56528167878722	0	0	7.74751687661891	5.95791414723709	7.05480141631088	0	9.96270581207081	8.99997135935422	11.1371236126599	11.9665990280012	10.0158131998791	8.89990089159062	9.21352172603628	8.87323630528284	8.89990089159062	9.73957404195016	8.99997135935422	9.30532053118362	7.05480141631088	11.1970862299274	9.6189536061357	8.66354848685005	7.74751687661891	7.74751687661891	8.1528380365482	9.78402324340377	9.04648576527617	8.66354848685005	10.5403194279765	9.32271070597878	9.6189536061357	12.6982091930671	9.04648576527617	7.56528167878722	7.3422676519345	8.35345638208015	7.05480141631088	0	6.64976784215267	7.56528167878722	5.95791414723709	5.95791414723709	6.64976784215267	0	8.1528380365482	9.51074761656624	8.99997135935422	0	5.95791414723709	7.3422676519345	8.25816976008356	6.64976784215267	0	7.56528167878722	0	0	6.64976784215267	0	7.90160586690677	7.56528167878722	6.64976784215267	8.99997135935422	10.6374807275123	0	0	0.855627829918206	-0.0784229168573291
peng_T21__qPSC	peng_T21	qPSC	20	0	8.69668639192627	7.59840832485319	7.59840832485319	0	8.2913048496897	0	0	10.3059905844389	7.59840832485319	0	11.1532693405205	0	0	9.7951872485683	7.59840832485319	8.2913048496897	0	8.69668639192627	0	0	7.59840832485319	0	8.69668639192627	0	7.59840832485319	0	0	9.67741117777734	0	0	0	8.51439826231895	0	10.1628948842028	0	0	0	9.54388873990851	7.59840832485319	0	0	0	9.67741117777734	8.98432667882339	8.2913048496897	7.59840832485319	0	9.99584781323051	9.90054219229886	12.97780661516	0	7.59840832485319	0	7.59840832485319	7.59840832485319	0	0	9.20744515796668	8.2913048496897	0	10.0828553911437	8.69668639192627	9.54388873990851	10.5936642988019	10.5936642988019	0	0	9.20744515796668	8.2913048496897	0	0	9.38974999963078	0	0	0	0	7.59840832485319	8.98432667882339	8.2913048496897	10.2370001009645	10.9652200735027	7.59840832485319	8.69668639192627	-0.332155941889248	0.314469402582673
peng_T21__smPSC	peng_T21	smPSC	20	0	0	9.99236451519625	0	0	0	0	0	11.1709878394084	0	0	9.29926308149693	8.6062073883804	0	10.8032693155857	8.6062073883804	0	0	11.1709878394084	0	0	8.6062073883804	9.29926308149693	8.6062073883804	0	9.29926308149693	0	0	10.2154989168872	0	0	0	0	0	8.6062073883804	0	0	0	10.5519606966936	0	0	8.6062073883804	0	8.6062073883804	11.0909463047946	10.2154989168872	0	8.6062073883804	0	9.99236451519625	12.4772292285235	0	0	0	0	9.29926308149693	0	0	9.29926308149693	0	0	8.6062073883804	0	8.6062073883804	10.8032693155857	9.70469769193054	8.6062073883804	9.99236451519625	9.99236451519625	0	8.6062073883804	8.6062073883804	9.70469769193054	0	0	0	0	0	9.29926308149693	8.6062073883804	10.9086277979495	9.99236451519625	0	0	-0.88483519083639	0.234943400676304
peng_T22__qPSC	peng_T22	qPSC	52	8.02740705595826	8.02740705595826	8.02740705595826	7.33458621557611	0	9.53123055894759	0	0	11.2657718652518	7.33458621557611	0	10.4250055634238	0	0	11.2459694940307	7.33458621557611	10.5920550817786	0	10.0748155807579	8.02740705595826	0	8.94350193259451	0	10.7012517756622	7.33458621557611	8.94350193259451	0	0	10.7679416974673	0	0	0	6.64209139605169	0	9.63658381954994	8.94350193259451	0	0	9.2799368591066	8.02740705595826	8.02740705595826	9.12580172532731	8.02740705595826	10.5920550817786	9.12580172532731	8.02740705595826	7.33458621557611	0	8.02740705595826	8.7203910264839	12.2897650848701	0	7.33458621557611	8.43276336033667	0	0	0	0	8.43276336033667	0	7.33458621557611	0	9.12580172532731	8.7203910264839	7.33458621557611	11.5235980646047	0	7.33458621557611	8.43276336033667	8.02740705595826	8.7203910264839	0	8.94350193259451	0	7.33458621557611	7.33458621557611	0	8.43276336033667	8.02740705595826	9.2799368591066	11.4282888741841	8.02740705595826	8.43276336033667	7.33458621557611	0.331338905097449	0.308167245399975
peng_T22__smPSC	peng_T22	smPSC	57	10.6958640218122	7.80587704227778	10.2034019428501	0	0	9.75143798693	0	0	11.0243617500187	7.80587704227778	0	10.0027394793723	7.80587704227778	0	10.7499300515882	9.19186585621434	9.19186585621434	7.80587704227778	11.0635818362589	9.19186585621434	0	9.19186585621434	0	10.5780838159488	8.49882053508909	0	0	0	8.49882053508909	0	0	0	7.11313711279125	0	8.49882053508909	0	7.80587704227778	0	9.59729700887185	7.80587704227778	7.80587704227778	7.80587704227778	9.59729700887185	7.80587704227778	7.80587704227778	8.49882053508909	7.80587704227778	0	7.80587704227778	7.80587704227778	12.5239721349647	0	0	8.49882053508909	0	0	0	0	7.80587704227778	0	0	8.49882053508909	0	7.80587704227778	9.19186585621434	11.271218262377	0	9.41498903439651	8.49882053508909	0	7.80587704227778	8.49882053508909	9.75143798693	0	0	0	0	0	8.90421773806029	0	11.6556258971686	8.90421773806029	8.49882053508909	7.80587704227778	-0.126083623066643	-0.178888068035584
peng_T23__csCAF	peng_T23	csCAF	348	0	7.00505893844462	0	7.22802101720168	0	6.71767924709106	8.50843042354386	8.45128387788376	10.0246204290937	6.71767924709106	0	9.17330872449703	8.10306619047497	7.56428581628145	0	0	8.56248702579698	7.6977523758487	10.7536766890202	8.01608232309373	7.00505893844462	7.00505893844462	0	8.70906443465048	7.81548498288771	9.17330872449703	7.92080515382057	10.4854192767747	11.4526782431466	8.83687799604881	7.6977523758487	8.39067260760129	7.49021773930462	8.98527796295385	8.39067260760129	8.39067260760129	10.127848914445	7.81548498288771	10.8052629835065	8.95019111599284	8.32614921798671	7.56428581628145	8.45128387788376	7.22802101720168	10.0367412559415	8.56248702579698	8.98527796295385	11.131300277939	9.144324239754	8.83687799604881	12.6618929519551	9.08370629443997	8.95019111599284	8.45128387788376	8.61377076297268	6.71767924709106	5.62148272120231	9.22887296630712	7.00505893844462	8.10306619047497	7.00505893844462	7.00505893844462	8.18308562019645	7.41022157399257	7.92080515382057	9.05196125741423	8.87609312166377	8.56248702579698	9.11447451370196	8.83687799604881	7.6977523758487	7.22802101720168	9.37914147198714	7.41022157399257	7.6977523758487	7.56428581628145	7.81548498288771	8.56248702579698	8.39067260760129	7.6977523758487	9.85201603197964	9.50975131136835	9.64327343826575	6.71767924709106	0.785920899918307	0.424726021830243
peng_T23__myCAF	peng_T23	myCAF	493	0	4.39723832947929	3.71632727399924	6.0918624711628	3.71632727399924	4.39723832947929	7.4299664461396	4.79859122979468	7.5208866397613	5.48760922245919	0	5.64116862398191	7.02479789776124	5.08421083957131	0	0	6.63745364250488	7.40588336292943	6.7838784153247	5.99677838515562	3.71632727399924	5.48760922245919	0	7.27591462932789	5.30611486838627	9.88411691317079	8.95452279337942	11.3414079392546	11.8723113730909	9.25248095353388	8.82764851483887	8.45409042917229	8.43249452799804	8.53608680689261	9.062457416991	9.12989113660236	10.0016670479858	7.27591462932789	11.1074954194251	9.66047476068762	8.6335239190362	8.14634057657521	9.01970062288023	7.83523379889014	9.90235357943147	8.48769999772308	9.12115840731195	11.0168688248393	9.36854261804661	8.28707507598776	12.921358572696	9.12989113660236	8.03583257361605	7.80298590543454	8.79779999478887	5.30611486838627	5.08421083957131	6.0918624711628	4.39723832947929	4.39723832947929	4.79859122979468	3.71632727399924	5.48760922245919	5.08421083957131	5.89169413695893	7.47645949743751	4.39723832947929	5.89169413695893	6.7838784153247	6.46584904783391	5.08421083957131	5.30611486838627	7.54238132040304	5.89169413695893	3.71632727399924	5.30611486838627	6.0918624711628	7.09373146433763	6.82828096466339	5.30611486838627	8.03583257361605	7.71750020573958	6.46584904783391	4.79859122979468	0.897735347119508	-0.246011126463525
peng_T23__qPSC	peng_T23	qPSC	237	6.85266845934074	6.16057735328489	8.55655166029357	7.54528718411895	0	7.95057607822264	7.54528718411895	7.25778129462574	11.1757579344547	0	6.16057735328489	11.214723367584	6.16057735328489	0	9.04895336657225	8.23817003202655	8.99180186529468	6.16057735328489	9.10301440287778	7.76832501075669	0	7.54528718411895	6.16057735328489	9.41664198790027	7.76832501075669	8.55655166029357	6.85266845934074	9.37742452909228	11.1072389816159	7.25778129462574	7.25778129462574	7.54528718411895	7.86359674245261	6.16057735328489	9.87208775073833	7.76832501075669	8.23817003202655	0	10.0297091706575	8.79767251314673	0	7.54528718411895	8.23817003202655	9.49074414869676	9.98715147236621	8.64354701372127	7.25778129462574	9.33660606010081	8.79767251314673	8.64354701372127	12.9619716933565	7.76832501075669	7.95057607822264	8.86665531229543	8.10467640548764	7.54528718411895	0	7.54528718411895	6.16057735328489	8.23817003202655	7.54528718411895	6.85266845934074	7.76832501075669	7.76832501075669	7.95057607822264	10.2856325932349	6.16057735328489	7.25778129462574	7.76832501075669	7.25778129462574	6.85266845934074	6.16057735328489	9.49074414869676	6.16057735328489	0	0	0	8.9311850200538	7.25778129462574	8.99180186529468	10.128795915654	9.15430213076436	9.04895336657225	6.85266845934074	0.632891392561474	0.165803582949664
peng_T23__smPSC	peng_T23	smPSC	251	10.3208262590868	7.54873151312789	9.62771201787146	7.54873151312789	0	8.05934640352542	7.14352975929612	6.45117222568805	10.8190601747839	0	0	10.2108291940845	7.14352975929612	7.14352975929612	9.94614778220924	8.84763131264186	8.39572831224963	9.15774791440716	10.7354968419014	8.39572831224963	0	7.54873151312789	8.05934640352542	10.0605529537146	6.45117222568805	8.24161527003769	6.45117222568805	9.15774791440716	10.5927521317094	7.8362818824286	7.54873151312789	7.14352975929612	6.85611097178352	7.54873151312789	9.01466328601975	8.93463071274599	8.24161527003769	6.45117222568805	10.2562899339393	6.45117222568805	7.8362818824286	7.8362818824286	9.62771201787146	8.05934640352542	9.70774965802414	9.15774791440716	7.54873151312789	9.22227984802298	7.14352975929612	8.39572831224963	12.8825349425537	8.05934640352542	6.45117222568805	8.529231475733	7.54873151312789	7.54873151312789	0	7.14352975929612	7.14352975929612	7.14352975929612	7.54873151312789	9.44540363651157	7.54873151312789	6.45117222568805	7.14352975929612	10.4008664329196	6.45117222568805	9.28289865728419	7.14352975929612	0	7.54873151312789	7.8362818824286	8.64699255483977	0	0	7.8362818824286	7.14352975929612	8.93463071274599	8.39572831224963	8.39572831224963	10.7122944544956	9.34005190438002	7.54873151312789	8.24161527003769	0.585312741980129	0.300409271137696
peng_T24__csCAF	peng_T24	csCAF	278	6.24855002099179	6.94073010642369	6.24855002099179	0	0	8.44405467095874	8.19280171961997	9.33774538949437	10.5641288344268	9.24244401342161	9.24244401342161	8.95479422065583	7.34587264153901	8.64468624276256	8.32629853192959	0	9.13709425777489	6.94073010642369	10.3241851684326	8.0386971450192	8.32629853192959	0	0	9.57888858091118	8.19280171961997	7.34587264153901	7.63339338846598	8.5493936687939	10.4513364239781	6.24855002099179	6.94073010642369	6.24855002099179	7.63339338846598	8.95479422065583	6.24855002099179	8.88581057174493	9.5425234987291	7.63339338846598	10.0968037081841	9.13709425777489	7.85644013197137	7.85644013197137	8.19280171961997	8.5493936687939	9.46556819642406	8.81171324091942	9.33774538949437	11.0829121744065	8.5493936687939	8.19280171961997	12.5904987328957	9.46556819642406	9.50478592980377	7.63339338846598	7.85644013197137	7.85644013197137	8.32629853192959	9.50478592980377	9.13709425777489	8.0386971450192	7.63339338846598	7.63339338846598	7.85644013197137	9.01932467196959	9.74318115127086	10.8910244185252	7.85644013197137	9.01932467196959	9.57888858091118	7.85644013197137	8.73168294798568	6.94073010642369	9.42474942998181	8.95479422065583	8.44405467095874	7.85644013197137	6.94073010642369	8.19280171961997	8.5493936687939	9.19115581589586	11.0002217838001	9.57888858091118	7.63339338846598	6.94073010642369	0.738019830517844	0.674469645366508
peng_T24__myCAF	peng_T24	myCAF	247	5.57131757869157	6.95475376176116	6.2625602151929	7.17770647709832	0	6.2625602151929	7.17770647709832	7.17770647709832	9.61062313949649	8.78653346955912	7.96574734160408	7.96574734160408	7.35990078967213	7.35990078967213	6.2625602151929	0	8.34033230010719	5.57131757869157	9.25647980591775	7.35990078967213	7.17770647709832	7.17770647709832	6.2625602151929	8.13274801681471	6.95475376176116	8.40094288105964	8.05272978882768	9.74195089376322	11.0564583675197	8.65872093101256	8.05272978882768	8.65872093101256	7.35990078967213	8.27580969171048	8.13274801681471	8.70316514545841	8.7457178407126	6.66738966836374	10.4578827059775	9.03336012703875	8.45808881396609	7.96574734160408	8.20683500590303	6.66738966836374	10.0893349542898	8.70316514545841	8.9349324018132	11.1769906441247	8.40094288105964	5.57131757869157	13.1446287432036	8.7457178407126	8.8634831938419	7.35990078967213	8.34033230010719	6.95475376176116	5.57131757869157	8.34033230010719	8.5121448679533	7.96574734160408	7.17770647709832	5.57131757869157	7.64742378407664	8.40094288105964	7.87047187641427	9.87162156985709	5.57131757869157	7.17770647709832	8.13274801681471	8.34033230010719	7.76515378809325	6.66738966836374	8.78653346955912	7.64742378407664	0	5.57131757869157	5.57131757869157	7.76515378809325	7.35990078967213	8.27580969171048	10.42734687269	8.5121448679533	6.2625602151929	7.87047187641427	0.71930631212027	0.350313843124994
peng_T24__qPSC	peng_T24	qPSC	415	10.1383867306	7.74088670496144	9.44527908178669	7.96394331530321	8.65691659123878	8.75221096003205	6.35589555219436	7.74088670496144	11.378049528232	9.85071783557073	8.83920916098817	11.0726719657968	0	7.04817411591886	11.3911214611767	7.74088670496144	9.65005885322727	7.04817411591886	9.5322838702604	7.45334951733533	0	7.96394331530321	7.74088670496144	10.6979855758799	8.55157539981053	7.74088670496144	0	0	9.48972740687637	0	0	6.35589555219436	7.85862144101076	0	9.34997680814416	7.45334951733533	7.45334951733533	7.04817411591886	9.78820087918638	8.43381651891601	7.04817411591886	8.30031618155658	7.45334951733533	10.397239348285	9.90955532362669	8.91924071957467	7.04817411591886	7.74088670496144	7.96394331530321	7.04817411591886	11.6373701220205	6.35589555219436	0	8.14620690724928	6.35589555219436	0	0	7.96394331530321	7.96394331530321	7.04817411591886	7.96394331530321	9.18747322572321	8.14620690724928	9.06232372441754	8.55157539981053	11.6624338721225	6.35589555219436	8.91924071957467	8.75221096003205	7.04817411591886	8.14620690724928	8.55157539981053	9.85071783557073	8.65691659123878	6.35589555219436	7.74088670496144	6.35589555219436	8.65691659123878	8.83920916098817	9.29868809097961	11.3975939028092	9.39876283099854	7.45334951733533	8.30031618155658	0.336257014626463	0.546895377313642
peng_T24__smPSC	peng_T24	smPSC	435	11.5546020028019	8.28040020280734	10.3773189848066	8.4138999154608	7.94402933534971	8.97342065746088	0	7.02827062306405	11.0256007477909	9.88963534608193	9.10693620821786	9.86064930030844	7.72097447362514	7.02827062306405	11.0964256872271	8.81929109973329	8.4138999154608	9.7682810306601	11.4156519725406	8.53165831044582	7.72097447362514	8.4138999154608	8.63699911312938	10.8228928936133	7.72097447362514	8.53165831044582	0	0	9.2247069222482	6.33600951331267	0	7.02827062306405	8.03930726244386	7.02827062306405	8.12629176138037	0	7.94402933534971	7.02827062306405	10.0954779681617	7.02827062306405	6.33600951331267	8.28040020280734	8.4138999154608	8.81929109973329	9.59240137157028	9.16755430683942	6.33600951331267	7.72097447362514	0	7.94402933534971	11.5272032950527	7.02827062306405	7.02827062306405	8.4138999154608	7.43344019967866	6.33600951331267	6.33600951331267	7.94402933534971	8.12629176138037	7.72097447362514	7.72097447362514	7.94402933534971	8.28040020280734	8.4138999154608	8.97342065746088	10.9192221715272	0	10.5537703863016	8.12629176138037	0	8.63699911312938	7.43344019967866	9.37884352003122	8.73229316384753	0	8.12629176138037	8.63699911312938	8.97342065746088	8.89932243402398	9.27876895541999	11.0070820043143	9.46980795100471	7.43344019967866	7.94402933534971	0.359717741838016	0.45137197839508
peng_T2__csCAF	peng_T2	csCAF	21	0	9.43773895819432	0	9.72540111536769	0	0	0	10.4185184222664	11.2294320416186	9.72540111536769	0	10.6416559987412	0	9.03231367945315	9.03231367945315	0	0	0	11.2294320416186	9.72540111536769	9.03231367945315	0	0	9.72540111536769	0	0	0	0	10.1308463078008	9.72540111536769	0	0	9.03231367945315	0	9.03231367945315	0	9.03231367945315	0	10.6416559987412	0	0	9.03231367945315	0	0	9.03231367945315	0	9.03231367945315	10.6416559987412	9.03231367945315	0	12.3994941372603	0	9.72540111536769	0	0	0	0	9.72540111536769	0	0	0	0	9.03231367945315	10.1308463078008	0	11.111650665661	0	0	9.03231367945315	0	9.03231367945315	0	9.72540111536769	0	0	0	0	9.03231367945315	0	0	10.4185184222664	9.72540111536769	0	9.72540111536769	-0.742601221988146	-1.08157197825318
peng_T2__qPSC	peng_T2	qPSC	30	0	0	0	8.44741529659437	0	9.83354880427832	0	0	11.8484053512328	9.14045524440528	0	11.2804267812199	0	0	11.5827043615688	0	10.0566816311101	9.14045524440528	9.14045524440528	0	0	0	0	10.7498073623602	9.14045524440528	0	0	0	11.0862734705227	0	0	0	9.36357734778975	0	9.14045524440528	0	0	0	9.83354880427832	0	0	8.44741529659437	0	10.6444492299817	0	9.14045524440528	0	0	0	0	11.538253022907	0	0	9.14045524440528	0	9.14045524440528	0	8.44741529659437	0	0	0	0	10.0566816311101	0	0	11.7794129904563	0	0	0	0	8.44741529659437	0	0	0	0	0	0	10.3931416110392	9.14045524440528	0	10.5266691734166	9.83354880427832	0	0	-1.00681385732325	-1.15236134323637
peng_T2__smPSC	peng_T2	smPSC	20	0	0	10.5258924951812	0	0	0	0	0	12.1353089412942	0	0	10.5258924951812	0	0	10.8135678594571	0	0	9.4273338702998	11.506704977669	10.1204408032897	0	0	0	10.8135678594571	0	0	0	9.4273338702998	0	0	0	0	0	0	10.1204408032897	0	0	0	0	9.4273338702998	0	10.1204408032897	10.1204408032897	0	0	9.4273338702998	0	0	0	0	11.506704977669	9.4273338702998	0	9.4273338702998	0	9.4273338702998	0	0	0	0	0	0	10.8135678594571	0	0	10.5258924951812	0	10.1204408032897	9.4273338702998	0	0	0	9.4273338702998	0	0	8.7342671800207	0	10.1204408032897	0	0	10.8135678594571	10.5258924951812	0	0	-1.06849457114795	-1.13306403001642
peng_T3__csCAF	peng_T3	csCAF	77	7.35781007118401	7.35781007118401	7.35781007118401	8.05063840430975	0	0	8.45599720734391	8.05063840430975	10.791180059538	0	0	9.14903807152788	9.14903807152788	8.05063840430975	8.05063840430975	0	8.9667377789134	7.35781007118401	10.031364923078	7.35781007118401	7.35781007118401	7.35781007118401	0	8.05063840430975	8.7436261230206	0	0	0	9.43669356311946	8.05063840430975	0	0	8.05063840430975	8.45599720734391	8.05063840430975	8.45599720734391	10.1904231473833	8.45599720734391	10.6152933508014	8.45599720734391	7.35781007118401	8.05063840430975	8.05063840430975	8.9667377789134	9.43669356311946	9.43669356311946	9.14903807152788	10.7583909227222	9.55446773833209	8.05063840430975	12.5219618942506	8.05063840430975	9.14903807152788	8.45599720734391	8.05063840430975	0	0	9.75512554573592	8.05063840430975	8.05063840430975	8.7436261230206	0	7.35781007118401	0	8.45599720734391	10.6893995702494	9.92217070779986	7.35781007118401	10.8229281147205	9.43669356311946	8.7436261230206	0	9.75512554573592	0	8.9667377789134	6.66530028066339	8.05063840430975	8.05063840430975	8.9667377789134	9.55446773833209	11.4176262851054	9.75512554573592	9.30317356237868	8.05063840430975	0.533451761914865	0.58917193711506
peng_T3__myCAF	peng_T3	myCAF	44	0	7.41530170804358	0	0	0	7.70283327648363	0	0	9.57425330297851	0	0	0	7.01013754002155	0	0	0	7.70283327648363	0	8.95527366008688	7.01013754002155	7.01013754002155	7.01013754002155	0	8.61885304404181	0	9.08878892073487	0	9.78187963732747	11.1363834054515	9.71734488055358	9.31190988684472	0	7.01013754002155	7.70283327648363	8.61885304404181	9.08878892073487	8.95527366008688	8.39575465854596	10.9795434085086	9.20655940911847	7.70283327648363	8.39575465854596	9.31190988684472	7.01013754002155	10.1873259234047	8.80114448915685	8.80114448915685	11.0867872052798	8.10814785792519	8.10814785792519	13.0423228363951	9.40721185372099	10.1447679456983	7.01013754002155	8.10814785792519	7.01013754002155	0	8.80114448915685	7.01013754002155	7.70283327648363	0	7.70283327648363	8.95527366008688	7.01013754002155	7.01013754002155	9.71734488055358	7.01013754002155	7.01013754002155	9.08878892073487	8.10814785792519	8.10814785792519	0	8.80114448915685	7.01013754002155	0	0	0	0	0	8.10814785792519	9.6483563111792	9.40721185372099	8.95527366008688	7.70283327648363	0.731443673925719	0.0648215649623574
peng_T3__qPSC	peng_T3	qPSC	160	9.13981978666071	8.44677990700968	8.82140629473227	8.53377340131402	6.74299700519647	7.43555445786964	6.74299700519647	6.74299700519647	11.6016387569213	0	0	11.0458982472183	7.840822912706	6.74299700519647	10.3527670189794	6.74299700519647	9.57509998426047	0	9.51447970220678	0	6.74299700519647	7.43555445786964	0	10.0740638714395	7.840822912706	6.74299700519647	0	0	10.0376977887095	7.43555445786964	0	0	7.43555445786964	0	9.91992021807699	7.43555445786964	6.74299700519647	0	9.78639585186788	7.43555445786964	7.840822912706	8.82140629473227	8.12840664401778	10.1430539323267	9.30685736246978	7.840822912706	7.840822912706	0	8.35149118600559	8.82140629473227	12.6054517307244	0	7.840822912706	9.44994609944423	8.35149118600559	7.840822912706	0	6.74299700519647	8.82140629473227	7.840822912706	8.12840664401778	9.2268222213882	8.53377340131402	8.35149118600559	7.840822912706	10.9007187299408	6.74299700519647	8.35149118600559	8.82140629473227	7.43555445786964	7.840822912706	7.43555445786964	9.63225454051771	8.12840664401778	0	0	7.43555445786964	0	8.35149118600559	9.78639585186788	11.136280930079	9.96074024519208	9.2268222213882	6.74299700519647	0.367620737201865	0.454840812973586
peng_T3__smPSC	peng_T3	smPSC	174	10.5415418501927	7.90282786922158	9.63712442222408	7.49754759233467	0	7.90282786922158	6.80495470055138	6.80495470055138	11.2924946515382	0	0	9.28884491943895	8.88342603515524	0	10.0227660194751	8.59579018439137	8.19041751325018	9.5119699806251	10.7646801182992	7.49754759233467	8.19041751325018	8.41350560340956	7.90282786922158	9.84842108525275	6.80495470055138	8.41350560340956	0	0	8.41350560340956	0	6.80495470055138	0	8.19041751325018	0	8.88342603515524	0	7.49754759233467	0	10.2050801799032	0	0	7.90282786922158	9.00119366310754	8.19041751325018	8.41350560340956	8.74991445208714	6.80495470055138	0	8.41350560340956	8.88342603515524	12.8027851306363	6.80495470055138	0	8.19041751325018	6.80495470055138	7.49754759233467	0	6.80495470055138	8.41350560340956	0	8.41350560340956	8.74991445208714	8.88342603515524	6.80495470055138	8.59579018439137	10.9309980956379	0	9.79963356260694	9.20184194693996	0	8.59579018439137	7.90282786922158	9.63712442222408	6.80495470055138	0	6.80495470055138	8.19041751325018	8.19041751325018	7.49754759233467	9.00119366310754	11.1476656464324	10.1360899499818	8.41350560340956	7.49754759233467	0.205229624808103	0.465837673163605
peng_T4__csCAF	peng_T4	csCAF	27	0	0	0	8.20631172552159	0	0	8.20631172552159	0	10.1519879110741	0	0	9.30474204730718	9.30474204730718	0	9.30474204730718	0	8.89932243402398	0	10.1519879110741	0	0	8.89932243402398	8.20631172552159	8.89932243402398	8.20631172552159	8.20631172552159	0	0	8.89932243402398	8.89932243402398	8.20631172552159	0	0	0	8.20631172552159	9.30474204730718	9.81553127372289	8.20631172552159	9.30474204730718	8.20631172552159	8.20631172552159	8.89932243402398	8.89932243402398	0	8.20631172552159	8.89932243402398	9.30474204730718	11.2970936251515	8.20631172552159	8.20631172552159	12.8011613704859	0	8.20631172552159	0	0	0	0	8.20631172552159	8.20631172552159	8.20631172552159	0	0	8.20631172552159	10.5086511554007	0	10.9786445473735	8.89932243402398	0	9.30474204730718	0	8.89932243402398	0	9.99784373097228	0	0	8.20631172552159	8.20631172552159	0	8.20631172552159	8.89932243402398	11.7613946242383	8.89932243402398	0	0	0.44916599431612	0.285057530937118
peng_T4__myCAF	peng_T4	myCAF	38	0	8.11815606590743	0	7.02013975518879	0	7.02013975518879	7.71283998558898	7.02013975518879	8.11815606590743	0	7.02013975518879	7.02013975518879	7.71283998558898	0	0	0	8.11815606590743	7.02013975518879	8.9652835816212	0	7.02013975518879	0	7.02013975518879	8.6288624514489	0	10.3865723293539	8.9652835816212	11.0967982598232	11.2239516250636	10.1973367555022	8.6288624514489	10.1103287666382	9.37070609902667	8.11815606590743	8.6288624514489	9.72735548767305	9.96373171202113	7.71283998558898	10.8694122884593	8.6288624514489	8.6288624514489	9.21656961630186	9.09879900294478	8.40576361613505	10.1973367555022	9.21656961630186	9.32192019400913	11.6244247859636	8.11815606590743	8.9652835816212	12.6717379738757	9.21656961630186	9.09879900294478	7.71283998558898	8.6288624514489	0	0	0	0	0	0	0	7.02013975518879	0	7.02013975518879	9.50422684369208	7.02013975518879	0	8.40576361613505	0	0	0	9.09879900294478	0	0	0	7.02013975518879	0	7.02013975518879	7.02013975518879	9.90966710612138	8.11815606590743	8.11815606590743	0	0.872042793703898	-1.08157197825318
peng_T4__qPSC	peng_T4	qPSC	67	8.38201752819354	8.38201752819354	8.38201752819354	8.7874063175325	0	9.07505022841536	7.6890992690001	0	11.2440025209682	7.6890992690001	7.6890992690001	11.7140012431232	7.6890992690001	0	11.2150153689638	8.7874063175325	9.07505022841536	8.38201752819354	9.99127226579535	8.7874063175325	0	8.38201752819354	7.6890992690001	10.2536259614603	8.38201752819354	9.07505022841536	0	7.6890992690001	10.2536259614603	0	7.6890992690001	7.6890992690001	6.99640977401816	0	9.8859168387804	7.6890992690001	0	0	9.29817088208917	8.38201752819354	7.6890992690001	7.6890992690001	0	10.2536259614603	10.2536259614603	8.7874063175325	7.6890992690001	0	8.38201752819354	9.8859168387804	12.4248438397804	0	0	8.38201752819354	0	0	0	0	7.6890992690001	0	7.6890992690001	0	7.6890992690001	0	8.38201752819354	11.0208622410344	0	8.38201752819354	8.7874063175325	7.6890992690001	8.38201752819354	0	8.38201752819354	0	0	6.99640977401816	0	0	7.6890992690001	7.6890992690001	10.9075355185505	9.48047717349824	8.7874063175325	0	0.415247597097586	0.0870525430267251
peng_T4__smPSC	peng_T4	smPSC	88	9.82452512186506	0	10.19223325318	0	0	9.23678174257271	0	0	10.19223325318	0	0	9.57322615294559	7.62773331633567	8.32063708580032	9.82452512186506	9.23678174257271	7.62773331633567	9.01366253859065	10.6717920628124	7.62773331633567	0	7.62773331633567	8.32063708580032	9.92988022668992	0	8.32063708580032	0	0	9.70674884970871	8.32063708580032	7.62773331633567	0	8.0330361569637	0	8.7260210437085	8.32063708580032	6.93507278029152	8.32063708580032	9.92988022668992	0	7.62773331633567	8.7260210437085	9.23678174257271	8.32063708580032	9.01366253859065	8.32063708580032	0	0	0	9.23678174257271	13.0254113400169	7.62773331633567	7.62773331633567	8.7260210437085	7.62773331633567	7.62773331633567	0	7.62773331633567	8.7260210437085	0	0	0	8.7260210437085	8.7260210437085	0	10.6717920628124	0	7.62773331633567	9.70674884970871	0	7.62773331633567	7.62773331633567	9.57322615294559	0	0	7.62773331633567	8.32063708580032	7.62773331633567	7.62773331633567	7.62773331633567	10.9945590578306	9.41908706748257	9.70674884970871	8.7260210437085	0.395508104083744	0.189179734983094
peng_T5__csCAF	peng_T5	csCAF	63	0	0	7.9037292493277	7.9037292493277	0	7.9037292493277	0	9.51287162727965	10.9478998503827	0	7.9037292493277	10.5424435397001	7.9037292493277	9.0020952653264	9.8493227509525	8.59669173107178	7.9037292493277	0	10.9944190662478	7.9037292493277	8.59669173107178	7.9037292493277	0	0	9.0020952653264	0	0	0	10.100625449625	0	0	0	0	0	9.0020952653264	7.9037292493277	9.98284754568924	8.59669173107178	10.8991105659593	7.9037292493277	0	7.9037292493277	8.59669173107178	8.59669173107178	9.8493227509525	9.0020952653264	7.9037292493277	10.4683375977105	9.0020952653264	7.9037292493277	11.6169408964348	7.9037292493277	0	8.59669173107178	0	8.59669173107178	9.2897465494296	9.98284754568924	7.9037292493277	8.59669173107178	9.2897465494296	9.0020952653264	9.2897465494296	10.5424435397001	7.9037292493277	10.6759716332991	0	0	9.8493227509525	9.8493227509525	0	0	10.8991105659593	9.2897465494296	8.59669173107178	7.21095136409003	7.9037292493277	9.0020952653264	9.2897465494296	9.98284754568924	10.9944190662478	10.8478182439218	9.2897465494296	7.9037292493277	0.34210258814665	0.793172381488772
peng_T5__myCAF	peng_T5	myCAF	38	0	0	0	8.44276512520368	0	0	0	0	10.5220181272375	8.44276512520368	9.1358045731758	10.7451562911823	8.44276512520368	0	10.2343450336702	0	9.1358045731758	0	10.9274742563806	0	8.44276512520368	8.44276512520368	0	0	0	0	0	0	10.2343450336702	8.44276512520368	0	0	8.84815841287624	0	9.82889788308916	9.82889788308916	0	0	9.82889788308916	8.44276512520368	0	9.82889788308916	0	11.1506142160861	9.1358045731758	8.44276512520368	9.54123376784202	8.44276512520368	0	9.1358045731758	12.5856877954411	0	8.44276512520368	8.44276512520368	9.1358045731758	0	0	8.44276512520368	0	0	0	0	8.44276512520368	9.1358045731758	8.44276512520368	11.2151518393195	0	0	0	8.44276512520368	9.1358045731758	8.44276512520368	9.54123376784202	8.44276512520368	0	0	0	8.44276512520368	8.44276512520368	9.1358045731758	11.0075155826677	10.0520306599258	9.1358045731758	8.44276512520368	0.260660404940732	0.375579234262486
peng_T5__qPSC	peng_T5	qPSC	137	7.01179763134411	8.62051433406563	8.80280582916412	8.62051433406563	7.01179763134411	7.01179763134411	0	8.95693503579845	11.380355308025	8.10980894804526	7.01179763134411	11.3283961780323	7.01179763134411	0	11.392933947512	7.01179763134411	9.20822083243818	0	9.20822083243818	7.01179763134411	0	7.70449411679166	0	9.84416243937383	7.01179763134411	8.39741587360024	0	0	10.3782229708527	0	0	0	7.01179763134411	0	9.57591477757157	7.01179763134411	0	0	9.57591477757157	8.39741587360024	0	8.10980894804526	7.01179763134411	10.8175785719155	10.2690272676291	9.90131790565341	8.39741587360024	0	7.01179763134411	9.57591477757157	11.3013678351381	0	0	8.10980894804526	8.80280582916412	8.62051433406563	0	8.62051433406563	0	8.62051433406563	9.20822083243818	10.0554614270836	8.80280582916412	9.95538248962546	7.70449411679166	11.3149733202207	0	0	8.39741587360024	0	8.39741587360024	7.01179763134411	9.90131790565341	9.4088733073382	0	7.01179763134411	0	8.39741587360024	8.10980894804526	10.5662698704876	11.4995425424139	10.0066734104387	8.10980894804526	0	0.218917558275452	0.501304076761894
peng_T5__smPSC	peng_T5	smPSC	167	10.463821784882	8.88839486328595	10.3923649357798	9.17604243990309	8.88839486328595	7.7900584984646	0	7.09732506097612	11.5851430766387	7.7900584984646	8.70610090230295	10.0409799607433	8.48299874327736	7.09732506097612	11.1908557657059	8.88839486328595	7.7900584984646	7.09732506097612	10.562259181044	7.7900584984646	7.09732506097612	7.7900584984646	9.17604243990309	10.0409799607433	0	0	0	0	9.04252583135341	0	0	0	7.7900584984646	0	8.70610090230295	7.09732506097612	7.7900584984646	7.09732506097612	9.80460280315776	7.7900584984646	0	8.19538565416613	7.09732506097612	9.80460280315776	9.17604243990309	9.58147305098662	7.09732506097612	0	7.7900584984646	9.39916529314533	11.4909567804214	0	0	9.04252583135341	0	8.19538565416613	7.09732506097612	8.88839486328595	7.09732506097612	7.09732506097612	7.7900584984646	10.6518691219315	9.29381397668349	8.70610090230295	9.04252583135341	11.2861646909813	0	9.58147305098662	8.88839486328595	0	0	7.7900584984646	9.39916529314533	8.88839486328595	0	7.09732506097612	8.19538565416613	9.04252583135341	8.70610090230295	10.463821784882	11.5738436271039	9.29381397668349	8.48299874327736	8.19538565416613	0.0656640898207086	0.583654128312289
peng_T6__csCAF	peng_T6	csCAF	30	0	7.75798367823537	0	8.45091717730613	0	0	0	7.75798367823537	11.312916545288	8.85631104810341	7.75798367823537	10.753309917913	8.45091717730613	9.14395749999662	7.75798367823537	7.75798367823537	9.54938698627735	7.75798367823537	10.9356279122768	0	7.75798367823537	8.85631104810341	0	9.36707967836664	7.75798367823537	9.14395749999662	0	0	10.9764491943095	9.70352748820656	0	0	0	8.45091717730613	8.85631104810341	9.14395749999662	9.14395749999662	7.75798367823537	10.3966441344508	0	7.75798367823537	8.45091717730613	0	8.85631104810341	10.155490405267	0	9.83705124733956	11.2540767855155	8.45091717730613	7.75798367823537	11.8684371419329	7.75798367823537	8.45091717730613	9.36707967836664	0	0	0	10.0601841116678	9.54938698627735	0	8.45091717730613	7.75798367823537	8.45091717730613	9.14395749999662	9.36707967836664	10.0601841116678	0	7.75798367823537	10.3966441344508	8.45091717730613	7.75798367823537	0	9.83705124733956	8.45091717730613	0	7.06526372372322	8.45091717730613	9.14395749999662	9.14395749999662	7.75798367823537	11.2540767855155	9.83705124733956	0	7.75798367823537	0.43154364680292	0.443180089416041
peng_T6__myCAF	peng_T6	myCAF	37	0	6.72809065259597	0	0	0	7.42063924608075	0	6.72809065259597	8.92425082728745	7.64366303697113	6.72809065259597	8.11348699868454	6.72809065259597	7.64366303697113	6.72809065259597	0	7.97999838697192	7.64366303697113	8.86710024407362	7.1331567424685	0	6.0361395723381	0	7.97999838697192	6.0361395723381	9.46781044731336	0	10.4526154202383	12.370575912095	9.64472862018158	8.80648443163828	10.2678871752428	7.73892966397418	8.74195589437213	8.80648443163828	8.43185905207049	9.98503574342253	7.97999838697192	10.3242382087413	9.16934434551792	7.1331567424685	7.82590474551371	9.43502320116957	7.42063924608075	10.1113240010895	8.11348699868454	9.32967156068931	10.9966073282253	8.6729744329019	8.33657065364716	12.7196098783136	8.11348699868454	8.6729744329019	8.59887962599031	7.82590474551371	7.42063924608075	0	7.64366303697113	6.0361395723381	8.43185905207049	0	6.0361395723381	7.64366303697113	7.42063924608075	7.64366303697113	9.25271761963851	6.0361395723381	7.97999838697192	8.11348699868454	7.1331567424685	7.1331567424685	6.0361395723381	7.82590474551371	6.0361395723381	0	0	6.72809065259597	7.1331567424685	7.1331567424685	6.0361395723381	9.67139516289188	8.74195589437213	6.72809065259597	6.0361395723381	0.772384623479855	0.068141579885653
peng_T6__qPSC	peng_T6	qPSC	137	9.05274170246404	7.26156741011875	8.17743684915742	7.66679848856404	7.26156741011875	8.87044355932127	0	6.56912199010746	11.777211806604	8.35971158467841	8.35971158467841	11.5649397431587	6.56912199010746	0	10.7724315655168	8.76509865245969	8.96574096811109	6.56912199010746	10.2313156473182	0	0	7.95436352564248	7.26156741011875	10.1231061797373	0	8.35971158467841	0	0	10.4995711575609	0	0	7.26156741011875	0	0	9.70327327721637	0	6.56912199010746	6.56912199010746	9.27586183957886	7.66679848856404	0	8.35971158467841	7.26156741011875	10.1786738610927	9.2068756579191	9.05274170246404	7.26156741011875	0	8.17743684915742	8.96574096811109	12.1011130182682	0	7.66679848856404	8.51382881939704	7.26156741011875	6.56912199010746	6.56912199010746	7.26156741011875	9.13277540474115	6.56912199010746	6.56912199010746	8.17743684915742	8.35971158467841	8.76509865245969	9.34039450708092	11.3299039194691	9.13277540474115	8.17743684915742	9.65882429115191	0	7.66679848856404	7.66679848856404	8.87044355932127	9.13277540474115	0	7.66679848856404	7.26156741011875	8.647335127456	7.95436352564248	8.76509865245969	11.2121223848619	9.65882429115191	8.35971158467841	7.66679848856404	0.274831358686669	0.49739636770801
peng_T6__smPSC	peng_T6	smPSC	158	10.6397631497718	8.0560588770221	10.8889736594605	9.06745793009402	8.27913899145054	8.46141825475151	0	0	11.7320503564965	9.44211532906751	8.27913899145054	9.6652430177641	0	7.36322882054148	10.6948216442017	9.5027352854343	8.0560588770221	9.15445969375261	11.3338412972301	6.6707155865965	6.6707155865965	8.27913899145054	0	10.5814956783293	6.6707155865965	8.86681286972949	0	0	9.6652430177641	0	6.6707155865965	6.6707155865965	7.07575810828542	6.6707155865965	7.36322882054148	8.61553872384574	7.36322882054148	7.36322882054148	9.6652430177641	7.36322882054148	0	8.61553872384574	8.61553872384574	8.97215928616494	9.15445969375261	8.61553872384574	7.36322882054148	0	0	9.44211532906751	11.8399384970309	0	0	7.36322882054148	6.6707155865965	7.36322882054148	0	0	8.97215928616494	7.36322882054148	7.36322882054148	9.80499668389105	8.61553872384574	8.27913899145054	8.86681286972949	11.0132691947593	6.6707155865965	9.84755399933985	9.61395306289591	0	8.74904745782153	8.0560588770221	9.30859526673009	8.86681286972949	0	5.97883509487394	7.76848252377134	9.80499668389105	8.27913899145054	9.06745793009402	10.8591212618527	10.1034754335802	6.6707155865965	7.76848252377134	0.240933096073589	0.53055126718644
peng_T7__csCAF	peng_T7	csCAF	76	0	0	0	7.98984939313631	0	8.68282711678027	9.08823573286791	9.37588955811264	11.2476200269818	7.98984939313631	0	11.627105531323	7.98984939313631	8.68282711678027	10.6285919941916	0	9.78132641821581	0	10.4744453499728	7.98984939313631	0	0	0	10.1867726938773	7.98984939313631	0	0	7.98984939313631	9.59901616071961	7.98984939313631	0	0	0	0	7.98984939313631	8.68282711678027	0	0	10.7621203600992	0	0	0	7.98984939313631	9.08823573286791	10.8227437356177	9.78132641821581	9.78132641821581	10.2921294430033	9.08823573286791	0	12.2661812779221	0	7.98984939313631	7.98984939313631	8.68282711678027	0	0	9.37588955811264	8.68282711678027	8.68282711678027	7.98984939313631	0	7.98984939313631	9.08823573286791	8.68282711678027	10.5544858846284	0	0	9.59901616071961	0	0	0	8.68282711678027	0	9.37588955811264	0	0	7.98984939313631	8.68282711678027	7.98984939313631	11.0340490310341	9.78132641821581	0	0	0.266277136742026	-0.0840100868901401
peng_T7__myCAF	peng_T7	myCAF	62	0	0	0	7.18426749267381	0	7.87703538913668	7.87703538913668	8.28237403723765	10.3615942354165	0	0	9.58147305098662	7.18426749267381	7.18426749267381	8.28237403723765	0	8.79309848148229	0	10.9447265472692	7.87703538913668	0	0	0	8.79309848148229	7.18426749267381	7.87703538913668	0	9.82262032300008	10.0739227042425	8.79309848148229	0	0	7.18426749267381	0	9.12952735231743	7.87703538913668	8.56999287368828	0	10.479373757289	8.28237403723765	8.28237403723765	0	8.56999287368828	0	9.82262032300008	9.48616977068243	8.28237403723765	11.1347670951974	8.56999287368828	7.87703538913668	13.2069582113004	8.56999287368828	8.28237403723765	9.26304519274813	8.56999287368828	0	0	0	7.18426749267381	8.28237403723765	0	7.18426749267381	0	7.18426749267381	0	9.74851652094125	0	0	8.79309848148229	0	0	0	8.56999287368828	0	0	0	0	7.18426749267381	7.18426749267381	0	9.38081768768234	8.28237403723765	8.56999287368828	7.87703538913668	0.530763007410625	-0.834422266030448
peng_T7__qPSC	peng_T7	qPSC	172	7.05827668308866	0	7.75099364145795	0	8.44392564149348	9.00344919502798	7.05827668308866	9.25473629296367	11.6423923178828	7.75099364145795	7.75099364145795	11.8195973472816	7.05827668308866	0	11.3881607227061	0	9.13696521442522	7.05827668308866	8.66702615114593	8.15631530102803	7.05827668308866	0	7.05827668308866	10.7951061716098	7.05827668308866	0	0	0	9.89068004336906	7.05827668308866	0	0	6.36598939203448	0	9.13696521442522	7.05827668308866	0	0	9.25473629296367	7.05827668308866	8.15631530102803	7.05827668308866	0	10.6409589083733	10.0531913761639	9.62243163957415	7.75099364145795	0	0	7.05827668308866	12.1072775800016	0	7.75099364145795	9.13696521442522	8.44392564149348	0	0	8.44392564149348	0	0	7.75099364145795	8.15631530102803	0	8.15631530102803	7.05827668308866	11.2470838409324	0	7.05827668308866	7.05827668308866	0	0	0	9.45538959599904	8.66702615114593	7.05827668308866	6.36598939203448	0	9.00344919502798	0	8.84931901246946	11.1517749656557	9.83005858682848	7.75099364145795	8.84931901246946	0.135702874167243	0.146774816501064
peng_T7__smPSC	peng_T7	smPSC	112	10.1735861895764	8.38201752819354	10.327731417216	7.6890992690001	8.38201752819354	9.99127226579535	0	0	11.5804710188558	8.7874063175325	7.6890992690001	9.99127226579535	0	7.6890992690001	11.0898540220624	9.07505022841536	9.48047717349824	7.6890992690001	11.4022246112237	7.6890992690001	0	7.6890992690001	0	10.6843965471419	0	8.38201752819354	0	0	9.8859168387804	0	0	0	0	0	9.63461694933648	7.6890992690001	7.6890992690001	0	10.1735861895764	0	0	7.6890992690001	0	8.7874063175325	9.48047717349824	9.29817088208917	0	0	9.07505022841536	7.6890992690001	12.39817570128	0	0	8.7874063175325	0	0	0	7.6890992690001	7.6890992690001	7.6890992690001	0	7.6890992690001	0	0	8.38201752819354	10.4612587206802	0	9.07505022841536	0	0	8.38201752819354	8.7874063175325	9.63461694933648	0	7.6890992690001	0	0	7.6890992690001	8.7874063175325	8.38201752819354	10.9844952026735	9.99127226579535	7.6890992690001	0	-0.651122886654727	0.284881829718842
peng_T8__myCAF	peng_T8	myCAF	39	0	7.69347364451348	0	7.69347364451348	0	0	0	7.00078215227062	9.48485321479009	0	0	8.60949086369119	7.69347364451348	0	0	0	8.09878681035942	7.00078215227062	7.69347364451348	7.00078215227062	0	0	0	9.30254685672552	0	9.07942610307227	0	10.4338871912972	10.7610918926609	9.07942610307227	0	0	7.00078215227062	0	9.19719647342562	0	9.07942610307227	7.00078215227062	10.9888715032005	7.69347364451348	7.00078215227062	9.07942610307227	9.70798156714391	7.00078215227062	8.60949086369119	8.38639290302178	8.79178202556717	10.7375619002233	9.39784874634245	9.77251628850528	13.2264090395473	7.00078215227062	8.38639290302178	0	9.19719647342562	0	0	0	8.38639290302178	0	0	0	7.69347364451348	0	8.09878681035942	10.2580021822193	8.38639290302178	0	7.69347364451348	8.09878681035942	0	0	7.00078215227062	0	0	0	7.00078215227062	7.00078215227062	7.69347364451348	0	10.1779623975159	7.69347364451348	0	7.69347364451348	0.652542007059974	-0.765515206416976
peng_T8__qPSC	peng_T8	qPSC	51	0	8.67694574670723	0	7.57867434180106	0	8.27156587043408	0	7.57867434180106	11.0746860339189	0	0	11.2157625927347	0	0	8.67694574670723	9.37000768816707	8.67694574670723	7.57867434180106	9.88079921425852	0	7.57867434180106	0	0	8.96458520051717	0	8.67694574670723	0	0	10.0631122464522	9.18770317977441	0	0	6.88603826910474	0	10.0631122464522	0	0	0	8.27156587043408	0	0	9.18770317977441	8.27156587043408	9.37000768816707	10.2172568372347	8.67694574670723	8.27156587043408	0	8.27156587043408	9.37000768816707	12.331757573152	0	8.27156587043408	8.27156587043408	7.57867434180106	8.27156587043408	0	0	9.37000768816707	7.57867434180106	7.57867434180106	0	9.77544438162719	0	8.67694574670723	12.0089858606831	7.57867434180106	8.27156587043408	9.37000768816707	0	7.57867434180106	0	7.57867434180106	0	0	0	0	8.27156587043408	8.67694574670723	8.67694574670723	11.8408500538133	9.77544438162719	8.27156587043408	8.67694574670723	0.351003099678863	0.465230847530875
peng_T9__csCAF	peng_T9	csCAF	157	0	5.85567237854733	4.76277097076013	6.83471027207977	0	5.85567237854733	7.4628167752646	6.95237376959695	8.97382676806106	7.1528705658898	5.45163805114613	8.4179749043701	7.1528705658898	5.85567237854733	0	4.76277097076013	7.64504265465512	7.05763864445399	9.14255657592361	6.70133255035489	4.76277097076013	6.83471027207977	0	8.22019747331878	5.45163805114613	9.82315075866796	8.22019747331878	10.4102143068731	11.8034546923416	9.9303907789116	8.25096097553083	9.74468356628596	7.7250485608897	9.53338826203162	9.22019951486831	9.18511173144115	10.6206848355322	7.69908469613979	10.2306919717801	8.97382676806106	8.58302104481124	8.77969789949713	9.41771274149217	8.28080626195649	10.3263791625775	8.33795060164934	8.76168219080052	11.5146170466129	8.77969789949713	9.92472531792572	12.5481950131979	8.28080626195649	8.6663876729656	8.36534310927103	8.81478391499955	7.64504265465512	5.45163805114613	7.7991249878749	8.94397764376701	5.85567237854733	7.1528705658898	0	8.4179749043701	9.48165643154991	8.91321006386821	10.1013409284475	0	6.95237376959695	8.36534310927103	6.70133255035489	6.54738672833333	6.54738672833333	7.1528705658898	0	0	5.16538471519235	6.70133255035489	6.83471027207977	6.95237376959695	4.76277097076013	10.5004230881016	8.51559282847032	5.45163805114613	6.36535190198155	0.852973469860966	0.135839401897168
peng_T9__myCAF	peng_T9	myCAF	380	0	4.55070281931311	4.26653449313742	5.64225035785968	0	5.72202034510452	7.16190159238371	4.95264179118431	7.60863609539013	6.20034575537131	3.86806005385328	7.00484801347873	6.71035955807132	4.55070281931311	3.19559636037458	0	7.26536598202284	7.2816152230685	6.52255934157328	6.41352963933891	3.19559636037458	6.76586355700263	4.26653449313742	7.68685094711222	4.77173218127161	9.99331467165187	8.51058014985075	11.0518480766246	11.6222245196284	10.1151290373861	8.33581588044884	9.74277772438387	8.43212496913063	9.19652675768764	9.31719720142378	9.53905891406673	10.971401649195	7.53635264422537	10.7060522246334	8.92536663260103	8.2780105816896	8.51528509569058	9.0316478821479	8.48671753140309	9.93262599088261	8.71078540196924	9.02038151214824	11.3825147197396	9.01184764615488	9.26756915000947	12.7565156519298	8.55666218822651	7.9416399567432	8.02165530844304	8.78515730848936	6.62086160154996	0	5.9895138958265	7.92483886591363	4.77173218127161	5.7958944976786	5.55556119097027	7.45843434555232	8.65929758504225	8.21665771379756	9.58358085829176	0	6.1516570225111	7.48508741993633	6.73849659485369	5.92904581684332	5.55556119097027	6.81844818864636	0	0	4.77173218127161	5.55556119097027	6.62086160154996	6.24677355179637	4.55070281931311	9.86680059835213	7.83631895394849	4.95264179118431	4.55070281931311	0.888212874990927	-0.234103924495536
peng_T9__qPSC	peng_T9	qPSC	111	7.50031819604767	6.6537572752656	6.24893654411736	7.164067098337	0	7.75150974824431	6.6537572752656	6.6537572752656	9.72830183071733	6.6537572752656	5.55772000684674	11.4287965942751	6.94111700346238	0	8.26216332012285	0	9.50517317263568	0	8.03908429173545	6.24893654411736	5.55772000684674	7.50031819604767	0	9.50517317263568	5.55772000684674	9.08032940086246	6.24893654411736	9.44575431127337	10.6598239289954	8.03908429173545	6.94111700346238	8.44444185931925	7.50031819604767	7.9521022419727	10.2452383947942	7.63378047273263	8.59856181115811	6.6537572752656	10.0537076828556	8.19318888418266	7.63378047273263	8.32668570987819	6.6537572752656	9.77341963775726	8.9551814423382	8.03908429173545	7.9521022419727	9.93593002542559	9.50517317263568	9.64826408747929	12.9981058997873	6.94111700346238	7.75150974824431	9.05047988873979	8.19318888418266	7.63378047273263	0	5.55772000684674	8.44444185931925	5.55772000684674	7.164067098337	5.55772000684674	8.64507344626866	9.16487755500293	8.98796710171146	10.6537450260235	0	6.6537572752656	8.64507344626866	7.164067098337	7.63378047273263	0	8.03908429173545	5.55772000684674	0	4.86842296656813	0	6.94111700346238	6.24893654411736	7.164067098337	10.938367812066	8.92128434122755	7.75150974824431	7.34625966337621	0.741103986743968	0.0623058188983562
peng_T9__smPSC	peng_T9	smPSC	75	7.42880452522736	5.35351164547321	6.736251065457	7.42880452522736	0	7.42880452522736	7.42880452522736	6.0442902700084	9.50772627189509	6.0442902700084	6.0442902700084	9.22006895771439	7.42880452522736	6.0442902700084	7.83407164804551	6.736251065457	7.98816575344664	7.98816575344664	9.56834652454123	6.736251065457	6.736251065457	7.6518292900714	0	8.75012474581844	6.0442902700084	9.62550105465823	8.34473885535196	10.0850090593235	10.8126208589347	9.33784098977041	8.12165471315103	9.13306658358045	8.05713599426692	8.68114319152166	9.95398663490224	9.08655171239814	10.0122528522071	0	10.2316068471335	8.98648016720867	8.44002743096726	8.81465336430955	8.75012474581844	8.98648016720867	10.0309441547181	8.68114319152166	8.34473885535196	11.2124135912328	8.34473885535196	10.4239724373366	12.6986456700477	8.5270208041095	8.5270208041095	7.83407164804551	9.08655171239814	7.42880452522736	6.0442902700084	0	8.34473885535196	7.14132039887518	7.42880452522736	0	8.81465336430955	9.53849567977953	8.5270208041095	11.0788841279635	0	6.736251065457	9.13306658358045	7.14132039887518	7.42880452522736	7.42880452522736	8.12165471315103	6.0442902700084	0	6.0442902700084	6.0442902700084	7.6518292900714	7.14132039887518	0	11.1539181981352	8.34473885535196	6.0442902700084	7.14132039887518	0.772625400020425	0.418713872656535
