orig.ident	contrast	contrast_labels	gene	n_inside	n_outside	n_inside_positive	n_outside_positive	pct_inside_positive	pct_outside_positive	delta_pct_positive	mean_expression_inside	mean_expression_outside	mean_positive_expression_inside	mean_positive_expression_outside	log2fc_mean_expression	auc	wilcoxon_p	wilcoxon_fdr
IU_PDA_T1	CC1_CC5	CC1,CC5	KCNK1	2969	561	118	54	3.97440215560795	9.62566844919786	-5.65126629358991	0.0410912765240822	0.115864527629234	1.03389830508475	1.2037037037037	-0.100065325452258	0.471487305844289	8.80607109916089e-09	2.11345706379861e-07
IU_PDA_T1	CC1_CC5	CC1,CC5	KCNN4	2969	561	85	38	2.86291680700573	6.77361853832442	-3.91070173131869	0.0303132367800606	0.071301247771836	1.05882352941176	1.05263157894737	-0.0562812065308454	0.480441688295392	3.61146238289688e-06	4.33375485947626e-05
IU_PDA_T1	CC1_CC5	CC1,CC5	KCNK6	2969	561	146	47	4.91748063320984	8.37789661319073	-3.4604159799809	0.0518693162681037	0.0944741532976827	1.05479452054795	1.12765957446809	-0.0572824087274689	0.48254782484965	0.000855514498919495	0.00684411599135596
IU_PDA_T1	CC1_CC5	CC1,CC5	KCNC4	2969	561	97	34	3.26709329740653	6.06060606060606	-2.79351276319953	0.0343550016840687	0.0659536541889483	1.05154639175258	1.08823529411765	-0.043413294600093	0.485996113133394	0.00129168306096642	0.00757417430224823
IU_PDA_T1	CC1_CC5	CC1,CC5	KCNQ4	2969	561	16	10	0.538901987201078	1.7825311942959	-1.24362920709482	0.00572583361401145	0.0213903743315508	1.0625	1.2	-0.0222972960002265	0.49377975263102	0.00157795297963505	0.00757417430224823
IU_PDA_T1	CC1_CC5	CC1,CC5	KCNE4	2969	561	301	34	10.1380936342203	6.06060606060606	4.07748757361422	0.114516672280229	0.0606060606060606	1.12956810631229	1	0.0715293007393704	0.520754871041163	0.00210742094277876	0.00842968377111505
IU_PDA_T1	CC1_CC5	CC1,CC5	KCNK15	2969	561	3	4	0.101044122600202	0.71301247771836	-0.611968355118158	0.00101044122600202	0.0071301247771836	1	1	-0.00879307414181663	0.496940158224409	0.00281091672609397	0.00963742877517932
IU_PDA_T1	CC1_CC5	CC1,CC5	KCNMB4	2969	561	115	10	3.87335803300775	1.7825311942959	2.09082683871185	0.0410912765240822	0.0196078431372549	1.06086956521739	1.1	0.0300821847019715	0.510440625621019	0.0141357260171667	0.0424071780515
IU_PDA_T1	CC1_CC5	CC1,CC5	KCNJ15	2969	561	40	15	1.34725496800269	2.67379679144385	-1.32654182344116	0.0134725496800269	0.0285204991087344	1	1.06666666666667	-0.0212635346900082	0.493355283262759	0.0197769034112067	0.0527384090965511
IU_PDA_T1	CC1_CC5	CC1,CC5	KCND2	2969	561	103	12	3.46918154260694	2.13903743315508	1.33014410945186	0.0363758841360728	0.0231729055258467	1.04854368932039	1.08333333333333	0.0184973842799943	0.506637812355721	0.10435566126896	0.242663903571593
IU_PDA_T1	CC1_CC5	CC1,CC5	KCNK17	2969	561	15	6	0.50522061300101	1.06951871657754	-0.56429810357653	0.00538901987201078	0.0106951871657754	1.06666666666667	1	-0.00759412616792422	0.497180310625123	0.111220955803647	0.242663903571593
IU_PDA_T1	CC1_CC5	CC1,CC5	KCNAB2	2969	561	104	27	3.50286291680701	4.81283422459893	-1.30997130779192	0.0367126978780734	0.0499108734402852	1.04807692307692	1.03703703703704	-0.018250724880113	0.493459449366568	0.132863245457315	0.265726490914631
IU_PDA_T1	CC1_CC5	CC1,CC5	KCNS3	2969	561	321	50	10.8117211182216	8.9126559714795	1.89906514674212	0.121926574604244	0.0998217468805704	1.12772585669782	1.12	0.0287085421470707	0.509590185931992	0.174634803249165	0.322402713690765
IU_PDA_T1	CC1_CC5	CC1,CC5	KCNA5	2969	561	4	0	0.134725496800269	0	0.134725496800269	0.00134725496800269	0	1	NA	0.00194236992098887	0.500673627484001	0.384440801192525	0.553130366352282
IU_PDA_T1	CC1_CC5	CC1,CC5	KCNT2	2969	561	9	3	0.303132367800606	0.53475935828877	-0.231626990488164	0.00303132367800606	0.0053475935828877	1	1	-0.0033277311945565	0.498841865047559	0.387424782995321	0.553130366352282
IU_PDA_T1	CC1_CC5	CC1,CC5	KCNMA1	2969	561	357	60	12.024250589424	10.6951871657754	1.32906342364865	0.13506231054227	0.126559714795009	1.12324929971989	1.18333333333333	0.0108477105142553	0.506371243190929	0.39157810895372	0.553130366352282
IU_PDA_T1	CC1_CC5	CC1,CC5	KCNB1	2969	561	2	1	0.0673627484001347	0.17825311942959	-0.110890371029455	0.000673627484001347	0.0017825311942959	1	1	-0.00159784776337421	0.499445548144853	0.408520539544694	0.553130366352282
IU_PDA_T1	CC1_CC5	CC1,CC5	KCND3	2969	561	63	15	2.12192657460424	2.67379679144385	-0.551870216839607	0.0212192657460424	0.0267379679144385	1	1	-0.00777538064908348	0.497240648915802	0.414847774764212	0.553130366352282
IU_PDA_T1	CC1_CC5	CC1,CC5	KCNAB1	2969	561	10	1	0.336813742000674	0.17825311942959	0.158560622571084	0.00336813742000674	0.0017825311942959	1	1	0.00228167065074147	0.500792803112855	0.536656706642015	0.677882155758334
IU_PDA_T1	CC1_CC5	CC1,CC5	KCNN3	2969	561	31	7	1.04412260020209	1.24777183600713	-0.203649235805042	0.0104412260020209	0.0124777183600713	1	1	-0.00290475149930151	0.498981753820975	0.668204245235173	0.801845094282207
IU_PDA_T1	CC1_CC5	CC1,CC5	KCNJ8	2969	561	157	32	5.28797574941058	5.70409982174688	-0.416124072336304	0.0579319636241159	0.0588235294117647	1.09554140127389	1.03125	-0.00121531052666393	0.498016341170107	0.701922105133984	0.802196691581696
IU_PDA_T1	CC1_CC5	CC1,CC5	KCNMB1	2969	561	98	20	3.3007746716066	3.5650623885918	-0.264287716985199	0.0350286291680701	0.0409982174688057	1.06122448979592	1.15	-0.0082969246649174	0.498626328267919	0.739933108056918	0.80719975424391
IU_PDA_T1	CC1_CC5	CC1,CC5	KCNK3	2969	561	7	1	0.235769619400472	0.17825311942959	0.0575164999708815	0.00235769619400472	0.0017825311942959	1	1	0.000828073509242703	0.500287582499854	0.792779454345465	0.827248126273529
IU_PDA_T1	CC1_CC5	CC1,CC5	KCNJ16	2969	561	17	3	0.572583361401145	0.53475935828877	0.0378240031123752	0.00606264735601213	0.0071301247771836	1.05882352941176	1.33333333333333	-0.00152995236962214	0.500184917348549	0.914775873835915	0.914775873835915
IU_PDA_T10	CC1_CC5	CC1,CC5	KCNK1	582	2132	32	427	5.49828178694158	20.0281425891182	-14.5298608021766	0.0584192439862543	0.272514071294559	1.0625	1.36065573770492	-0.265770411736073	0.426174864444917	4.76225289894761e-17	1.14294069574743e-15
IU_PDA_T10	CC1_CC5	CC1,CC5	KCNN4	582	2132	10	153	1.71821305841924	7.17636022514071	-5.45814716672147	0.0189003436426117	0.0811444652908068	1.1	1.13071895424837	-0.0855463609198046	0.472697578383397	9.0059275529133e-07	1.0807113063496e-05
IU_PDA_T10	CC1_CC5	CC1,CC5	KCNK6	582	2132	26	196	4.46735395189003	9.19324577861163	-4.7258918267216	0.0463917525773196	0.104596622889306	1.03846153846154	1.13775510204082	-0.0780965467429211	0.476207745820519	0.000206780749435437	0.00165424599548349
IU_PDA_T10	CC1_CC5	CC1,CC5	KCNAB2	582	2132	30	199	5.15463917525773	9.33395872420263	-4.17931954894489	0.0567010309278351	0.107410881801126	1.1	1.15075376884422	-0.0676233461511483	0.478934965796922	0.00119987861885712	0.00719927171314271
IU_PDA_T10	CC1_CC5	CC1,CC5	KCNC4	582	2132	8	78	1.3745704467354	3.65853658536585	-2.28396613863046	0.013745704467354	0.0389305816135084	1	1.06410256410256	-0.035403459342285	0.488564050985474	0.0052495284623038	0.0251977366190582
IU_PDA_T10	CC1_CC5	CC1,CC5	KCND2	582	2132	10	18	1.71821305841924	0.844277673545966	0.873935384873278	0.0171821305841924	0.00891181988742964	1	1.05555555555556	0.0117779360567807	0.504365647344023	0.0647108318635408	0.239107968659194
IU_PDA_T10	CC1_CC5	CC1,CC5	KCNK3	582	2132	0	12	0	0.562851782363977	-0.562851782363977	0	0.00562851782363977	NA	1	-0.00809746769859656	0.49718574108818	0.0697398241922651	0.239107968659194
IU_PDA_T10	CC1_CC5	CC1,CC5	KCNE4	582	2132	36	99	6.18556701030928	4.64352720450281	1.54203980580646	0.0652920962199313	0.0483114446529081	1.05555555555556	1.04040404040404	0.0231816690544495	0.507745659336054	0.127709797270842	0.303170470342197
IU_PDA_T10	CC1_CC5	CC1,CC5	KCNK17	582	2132	2	21	0.343642611683849	0.984990619136961	-0.641348007453112	0.00343642611683849	0.0103189493433396	1	1.04761904761905	-0.00986159581329824	0.496792454046666	0.134626854575524	0.303170470342197
IU_PDA_T10	CC1_CC5	CC1,CC5	KCNK15	582	2132	2	21	0.343642611683849	0.984990619136961	-0.641348007453112	0.00343642611683849	0.00984990619136961	1	1	-0.0091916654363244	0.496793259962734	0.134724237643445	0.303170470342197
IU_PDA_T10	CC1_CC5	CC1,CC5	KCNJ16	582	2132	0	8	0	0.375234521575985	-0.375234521575985	0	0.00375234521575985	NA	1	-0.00540335852933367	0.49812382739212	0.138953132240174	0.303170470342197
IU_PDA_T10	CC1_CC5	CC1,CC5	KCNB1	582	2132	0	7	0	0.328330206378987	-0.328330206378987	0	0.00328330206378987	NA	1	-0.0047290444058685	0.498358348968105	0.166395935301293	0.307192495940849
IU_PDA_T10	CC1_CC5	CC1,CC5	KCNT2	582	2132	0	7	0	0.328330206378987	-0.328330206378987	0	0.00328330206378987	NA	1	-0.0047290444058685	0.498358348968105	0.166395935301293	0.307192495940849
IU_PDA_T10	CC1_CC5	CC1,CC5	KCND3	582	2132	7	43	1.20274914089347	2.01688555347092	-0.814136412577448	0.0120274914089347	0.0206378986866792	1	1.02325581395349	-0.0122226375689866	0.495926497230872	0.195264018210628	0.320318229544426
IU_PDA_T10	CC1_CC5	CC1,CC5	KCNA5	582	2132	0	6	0	0.281425891181989	-0.281425891181989	0	0.00281425891181989	NA	1	-0.00405441496131465	0.49859287054409	0.200198893465266	0.320318229544426
IU_PDA_T10	CC1_CC5	CC1,CC5	KCNJ15	582	2132	4	26	0.687285223367698	1.21951219512195	-0.532226971754254	0.00687285223367698	0.0131332082551595	1	1.07692307692308	-0.00894236277769103	0.497337253309091	0.276198988889185	0.414298483333778
IU_PDA_T10	CC1_CC5	CC1,CC5	KCNN3	582	2132	9	43	1.54639175257732	2.01688555347092	-0.470493800893599	0.0171821305841924	0.0215759849906191	1.11111111111111	1.06976744186047	-0.00621849323706532	0.497653978324081	0.464354286019351	0.655558992027319
IU_PDA_T10	CC1_CC5	CC1,CC5	KCNJ8	582	2132	27	113	4.63917525773196	5.30018761726079	-0.661012359528829	0.0515463917525773	0.0558161350844278	1.11111111111111	1.05309734513274	-0.00584611891061188	0.49672314526476	0.52648389897176	0.701978531962347
IU_PDA_T10	CC1_CC5	CC1,CC5	KCNAB1	582	2132	1	2	0.171821305841924	0.0938086303939962	0.0780126754479282	0.00171821305841924	0.000938086303939962	1	1	0.00112399222696366	0.50039006337724	0.615735767950546	0.733104867109242
IU_PDA_T10	CC1_CC5	CC1,CC5	KCNMA1	582	2132	40	134	6.87285223367698	6.28517823639775	0.587673997279229	0.0687285223367698	0.0712945590994371	1	1.13432835820896	-0.00345978538134828	0.50272883180854	0.633900741248036	0.733104867109242
IU_PDA_T10	CC1_CC5	CC1,CC5	KCNMB4	582	2132	5	23	0.859106529209622	1.07879924953096	-0.219692720321335	0.00859106529209622	0.0112570356472795	1	1.04347826086957	-0.00380838979156151	0.498899521608222	0.641466758720586	0.733104867109242
IU_PDA_T10	CC1_CC5	CC1,CC5	KCNQ4	582	2132	4	12	0.687285223367698	0.562851782363977	0.12443344100372	0.00687285223367698	0.00562851782363977	1	1	0.00178404381536738	0.500622167205019	0.728226940859023	0.786020324870128
IU_PDA_T10	CC1_CC5	CC1,CC5	KCNMB1	582	2132	9	37	1.54639175257732	1.73545966228893	-0.189067909711611	0.0154639175257732	0.0178236397748593	1	1.02702702702703	-0.00334862730341718	0.499051033829133	0.753269478000539	0.786020324870128
IU_PDA_T10	CC1_CC5	CC1,CC5	KCNS3	582	2132	31	114	5.32646048109966	5.34709193245779	-0.0206314513581303	0.0549828178694158	0.0553470919324578	1.03225806451613	1.03508771929825	-0.000498060883327913	0.499892813162866	0.983741757684564	0.983741757684564
IU_PDA_T11	CC1_CC5	CC1,CC5	KCNK1	1956	821	196	270	10.0204498977505	32.8867235079172	-22.8662736101667	0.10838445807771	0.48721071863581	1.08163265306122	1.48148148148148	-0.424150686807961	0.381512956168471	3.42208190787929e-52	8.2129965789103e-51
IU_PDA_T11	CC1_CC5	CC1,CC5	KCNN4	1956	821	125	171	6.39059304703476	20.8282582216809	-14.4376651746461	0.0679959100204499	0.2557856272838	1.064	1.2280701754386	-0.233684083475429	0.427050096022358	6.66788583811551e-30	8.00146300573861e-29
IU_PDA_T11	CC1_CC5	CC1,CC5	KCNC4	1956	821	91	115	4.65235173824131	14.0073081607795	-9.35495642253823	0.0501022494887526	0.160779537149817	1.07692307692308	1.14782608695652	-0.144564180766176	0.453011627298745	6.71169018059578e-18	5.36935214447663e-17
IU_PDA_T11	CC1_CC5	CC1,CC5	KCNK6	1956	821	143	139	7.31083844580777	16.9305724725944	-9.61973402678662	0.07719836400818	0.187576126674787	1.05594405594406	1.10791366906475	-0.140736052994096	0.451541090345705	1.24495830455711e-14	7.46974982734268e-14
IU_PDA_T11	CC1_CC5	CC1,CC5	KCNJ15	1956	821	26	30	1.32924335378323	3.65408038976857	-2.32483703598534	0.0132924335378323	0.0377588306942753	1	1.03333333333333	-0.0344206162137789	0.488367719549953	6.91343337612916e-05	0.0003318448020542
IU_PDA_T11	CC1_CC5	CC1,CC5	KCNK15	1956	821	10	16	0.511247443762781	1.94884287454324	-1.43759543078046	0.00511247443762781	0.0207064555420219	1	1.0625	-0.0222110705332	0.492808909280667	0.000330014005491587	0.00132005602196635
IU_PDA_T11	CC1_CC5	CC1,CC5	KCNMB4	1956	821	113	78	5.77709611451943	9.50060901339829	-3.72351289887887	0.0603271983640082	0.101096224116931	1.04424778761062	1.06410256410256	-0.0544310267763911	0.481327948110564	0.000389150574482305	0.00133423054108219
IU_PDA_T11	CC1_CC5	CC1,CC5	KCNS3	1956	821	236	134	12.0654396728016	16.3215590742996	-4.256119401498	0.1359918200409	0.186358099878197	1.1271186440678	1.14179104477612	-0.062587103867679	0.478559988442445	0.00244090512560244	0.00732271537680733
IU_PDA_T11	CC1_CC5	CC1,CC5	KCNAB2	1956	821	124	77	6.33946830265849	9.37880633373934	-3.03933803108086	0.0695296523517382	0.0986601705237515	1.09677419354839	1.05194805194805	-0.0387687301828687	0.484913841417395	0.0051244936490079	0.0136653163973544
IU_PDA_T11	CC1_CC5	CC1,CC5	KCNMB1	1956	821	337	174	17.2290388548057	21.1936662606577	-3.96462740585201	0.238752556237219	0.264311814859927	1.38575667655786	1.24712643678161	-0.0294642820809632	0.481321720979702	0.0209321333139371	0.0502371199534491
IU_PDA_T11	CC1_CC5	CC1,CC5	KCNAB1	1956	821	42	8	2.14723926380368	0.97442143727162	1.17281782653206	0.0219836400817996	0.0097442143727162	1.02380952380952	1	0.0173822220744484	0.505866579985005	0.0338761695550478	0.0712860779127397
IU_PDA_T11	CC1_CC5	CC1,CC5	KCND2	1956	821	44	30	2.24948875255624	3.65408038976857	-1.40459163721234	0.0224948875255624	0.0377588306942753	1	1.03333333333333	-0.0213775787381802	0.492963342126042	0.0356430389563699	0.0712860779127397
IU_PDA_T11	CC1_CC5	CC1,CC5	KCNK3	1956	821	23	17	1.1758691206544	2.07064555420219	-0.894776433547796	0.0127811860940695	0.0207064555420219	1.08695652173913	1	-0.0112455119842943	0.495536703954726	0.0716583457373054	0.132292330591948
IU_PDA_T11	CC1_CC5	CC1,CC5	KCNT2	1956	821	17	3	0.869120654396728	0.365408038976857	0.503712615419871	0.00869120654396728	0.00365408038976857	1	1	0.00722247036591125	0.502518563077099	0.152075729944008	0.260701251332586
IU_PDA_T11	CC1_CC5	CC1,CC5	KCNMA1	1956	821	799	366	40.8486707566462	44.5797807551766	-3.7311099985304	0.657464212678937	0.655298416565164	1.60951188986233	1.46994535519126	0.00188639157572154	0.486592987254309	0.207659737269043	0.332255579630468
IU_PDA_T11	CC1_CC5	CC1,CC5	KCNN3	1956	821	55	29	2.8118609406953	3.53227771010962	-0.720416769414326	0.028118609406953	0.0353227771010962	1	1	-0.0100739078941411	0.496397916152928	0.311859806612674	0.467789709919011
IU_PDA_T11	CC1_CC5	CC1,CC5	KCNB1	1956	821	34	17	1.73824130879346	2.07064555420219	-0.332404245408736	0.0178936605316973	0.0219244823386114	1.02941176470588	1.05882352941176	-0.00570173789374975	0.498332685711724	0.550426568573028	0.777072802691334
IU_PDA_T11	CC1_CC5	CC1,CC5	KCNA5	1956	821	6	3	0.306748466257669	0.365408038976857	-0.0586595727191888	0.00306748466257669	0.00365408038976857	1	1	-0.00084344413840881	0.499706702136404	0.804024516415351	0.954652350031921
IU_PDA_T11	CC1_CC5	CC1,CC5	KCNJ16	1956	821	4	2	0.204498977505113	0.243605359317905	-0.0391063818127925	0.00204498977505112	0.00243605359317905	1	1	-0.000562924593484061	0.499804468090936	0.839527879375101	0.954652350031921
IU_PDA_T11	CC1_CC5	CC1,CC5	KCNQ4	1956	821	36	16	1.84049079754601	1.94884287454324	-0.108352076997227	0.0184049079754601	0.0207064555420219	1	1.0625	-0.00325674480569992	0.499447030779462	0.844484989196904	0.954652350031921
IU_PDA_T11	CC1_CC5	CC1,CC5	KCND3	1956	821	57	25	2.91411042944785	3.04506699147381	-0.13095656202596	0.0296523517382413	0.0316686967113276	1.01754385964912	1.04	-0.00282243449984292	0.499335253780491	0.850229581891846	0.954652350031921
IU_PDA_T11	CC1_CC5	CC1,CC5	KCNE4	1956	821	131	54	6.69734151329243	6.57734470158343	0.119996811708998	0.0725971370143149	0.0706455542021924	1.08396946564885	1.07407407407407	0.00262736425943481	0.500575075535097	0.911711228038179	0.954652350031921
IU_PDA_T11	CC1_CC5	CC1,CC5	KCNK17	1956	821	5	2	0.255623721881391	0.243605359317905	0.0120183625634856	0.00255623721881391	0.00243605359317905	1	1	0.000172956596094322	0.500060091812817	0.95404615258341	0.954652350031921
IU_PDA_T11	CC1_CC5	CC1,CC5	KCNJ8	1956	821	154	65	7.87321063394683	7.91717417783191	-0.0439635438850825	0.0889570552147239	0.0901339829476248	1.12987012987013	1.13846153846154	-0.00155840021284729	0.49968117089987	0.954652350031921	0.954652350031921
IU_PDA_T12	CC1_CC5	CC1,CC5	KCNN4	2790	852	506	326	18.1362007168459	38.2629107981221	-20.1267100812762	0.217921146953405	0.656103286384977	1.20158102766798	1.71472392638037	-0.443371921903755	0.389329765931311	8.37636487013444e-41	2.01032756883227e-39
IU_PDA_T12	CC1_CC5	CC1,CC5	KCNK1	2790	852	510	316	18.2795698924731	37.0892018779343	-18.8096319854612	0.215770609318996	0.597417840375587	1.18039215686275	1.61075949367089	-0.393870683431507	0.397233580695643	1.23258732993546e-35	1.47910479592255e-34
IU_PDA_T12	CC1_CC5	CC1,CC5	KCNJ15	2790	852	569	302	20.3942652329749	35.4460093896714	-15.0517441566965	0.264516129032258	0.664319248826291	1.29701230228471	1.87417218543046	-0.396346758172707	0.415224561226379	7.45926810756491e-24	5.96741448605192e-23
IU_PDA_T12	CC1_CC5	CC1,CC5	KCNK6	2790	852	793	344	28.4229390681004	40.3755868544601	-11.9526477863597	0.353046594982079	0.626760563380282	1.2421185372005	1.55232558139535	-0.265790399528122	0.429313906136941	1.48845147619028e-14	8.93070885714171e-14
IU_PDA_T12	CC1_CC5	CC1,CC5	KCNC4	2790	852	341	191	12.2222222222222	22.4178403755869	-10.1956181533646	0.135483870967742	0.259389671361502	1.10850439882698	1.15706806282723	-0.149417527167624	0.44857850808555	1.09677201574293e-13	5.26450567556608e-13
IU_PDA_T12	CC1_CC5	CC1,CC5	KCND3	2790	852	366	181	13.1182795698925	21.2441314553991	-8.12585188550659	0.149820788530466	0.247652582159624	1.14207650273224	1.16574585635359	-0.117807241566896	0.458896208793983	4.38532551422069e-09	1.75413020568827e-08
IU_PDA_T12	CC1_CC5	CC1,CC5	KCNK3	2790	852	161	88	5.77060931899642	10.3286384976526	-4.55802917865617	0.06415770609319	0.123239436619718	1.11180124223602	1.19318181818182	-0.0779535229900817	0.476967540007067	3.14518090691623e-06	1.07834773951414e-05
IU_PDA_T12	CC1_CC5	CC1,CC5	KCNQ4	2790	852	120	69	4.3010752688172	8.09859154929578	-3.79751628047857	0.0451612903225806	0.0903755868544601	1.05	1.11594202898551	-0.0610995685464274	0.480945529809682	1.14256484452602e-05	3.42769453357807e-05
IU_PDA_T12	CC1_CC5	CC1,CC5	KCNA5	2790	852	57	35	2.04301075268817	4.10798122065728	-2.0649704679691	0.0211469534050179	0.0422535211267606	1.03508771929825	1.02857142857143	-0.0295157465169665	0.48967788210746	0.000777697725248167	0.0018687595449496
IU_PDA_T12	CC1_CC5	CC1,CC5	KCNE4	2790	852	878	220	31.4695340501792	25.8215962441315	5.64793780604775	0.4	0.311032863849765	1.27107061503417	1.20454545454545	0.0947229769127649	0.530513066451276	0.000778649810395668	0.0018687595449496
IU_PDA_T12	CC1_CC5	CC1,CC5	KCNB1	2790	852	22	17	0.788530465949821	1.99530516431925	-1.20677469836943	0.00788530465949821	0.0211267605633803	1	1.05882352941176	-0.018830498154267	0.493961498981944	0.00272406566926125	0.0059434160056609
IU_PDA_T12	CC1_CC5	CC1,CC5	KCNK17	2790	852	273	110	9.78494623655914	12.9107981220657	-3.12585188550659	0.111111111111111	0.163145539906103	1.13553113553114	1.26363636363636	-0.0660285335155998	0.484140626314638	0.00830664238636184	0.0166132847727237
IU_PDA_T12	CC1_CC5	CC1,CC5	KCND2	2790	852	444	108	15.9139784946237	12.6760563380282	3.23792215659549	0.185304659498208	0.13849765258216	1.16441441441441	1.09259259259259	0.0581266066259132	0.516769734295859	0.0170655972412657	0.0315057179838751
IU_PDA_T12	CC1_CC5	CC1,CC5	KCNJ16	2790	852	10	8	0.3584229390681	0.938967136150235	-0.580544197082134	0.003584229390681	0.00938967136150235	1	1	-0.00832152424784315	0.497097279014589	0.0344603357174612	0.0590748612299335
IU_PDA_T12	CC1_CC5	CC1,CC5	KCNMB4	2790	852	478	121	17.1326164874552	14.2018779342723	2.93073855318289	0.197491039426523	0.158450704225352	1.15271966527197	1.11570247933884	0.047818206387861	0.514870134787218	0.040793567581465	0.065269708130344
IU_PDA_T12	CC1_CC5	CC1,CC5	KCNS3	2790	852	845	229	30.2867383512545	26.8779342723005	3.40880407895402	0.402867383512545	0.342723004694836	1.3301775147929	1.27510917030568	0.0632169173577028	0.517609840644825	0.0511725247050556	0.0767587870575835
IU_PDA_T12	CC1_CC5	CC1,CC5	KCNMB1	2790	852	593	205	21.2544802867383	24.0610328638498	-2.80655257711141	0.246236559139785	0.292253521126761	1.15851602023609	1.21463414634146	-0.0523111883274526	0.48450620088512	0.0566150146187546	0.0799270794617713
IU_PDA_T12	CC1_CC5	CC1,CC5	KCNK15	2790	852	24	12	0.860215053763441	1.40845070422535	-0.548235650461911	0.00860215053763441	0.0140845070422535	1	1	-0.00782067541764754	0.49725882174769	0.156897572622031	0.209196763496042
IU_PDA_T12	CC1_CC5	CC1,CC5	KCNAB1	2790	852	129	46	4.62365591397849	5.39906103286385	-0.775405118885356	0.0491039426523298	0.0586854460093897	1.06201550387597	1.08695652173913	-0.0131163793373424	0.496117295168863	0.353716074461414	0.44679925195126
IU_PDA_T12	CC1_CC5	CC1,CC5	KCNMA1	2790	852	1199	359	42.9749103942652	42.1361502347418	0.838760159523446	0.666666666666667	0.672535211267606	1.55129274395329	1.59610027855153	-0.00507098954742198	0.504112608746866	0.682558677328866	0.797344787126537
IU_PDA_T12	CC1_CC5	CC1,CC5	KCNT2	2790	852	48	13	1.72043010752688	1.52582159624413	0.19460851128275	0.0175627240143369	0.0152582159624413	1.02083333333333	1	0.0032710247095931	0.500975777003719	0.69767668873572	0.797344787126537
IU_PDA_T12	CC1_CC5	CC1,CC5	KCNJ8	2790	852	576	173	20.6451612903226	20.3051643192488	0.339996971073756	0.259139784946237	0.258215962441315	1.25520833333333	1.27167630057803	0.0010588842738875	0.501738477459741	0.826817117320843	0.895144629670088
IU_PDA_T12	CC1_CC5	CC1,CC5	KCNN3	2790	852	205	61	7.34767025089606	7.15962441314554	0.188045837750517	0.0799283154121864	0.0786384976525822	1.08780487804878	1.09836065573771	0.00172411981471681	0.500912464031501	0.857846936767168	0.895144629670088
IU_PDA_T12	CC1_CC5	CC1,CC5	KCNAB2	2790	852	1018	310	36.4874551971326	36.3849765258216	0.102478671311026	0.503584229390681	0.507042253521127	1.38015717092338	1.39354838709677	-0.00331417828582905	0.500768379692732	0.936351466741504	0.936351466741504
IU_PDA_T2	CC1_CC5	CC1,CC5	KCNK1	822	3296	80	489	9.7323600973236	14.8361650485437	-5.10380495122009	0.105839416058394	0.16868932038835	1.0875	1.13701431492843	-0.0797495601478167	0.474246044752321	0.000131398338302586	0.00315356011926206
IU_PDA_T2	CC1_CC5	CC1,CC5	KCNN4	822	3296	111	619	13.5036496350365	18.7803398058252	-5.27669017078875	0.153284671532847	0.225121359223301	1.13513513513514	1.19870759289176	-0.0871760029316788	0.472875401577965	0.000279610183852927	0.00335532220623512
IU_PDA_T2	CC1_CC5	CC1,CC5	KCNE4	822	3296	57	161	6.93430656934307	4.88470873786408	2.04959783147899	0.0705596107055961	0.0506674757281553	1.01754385964912	1.03726708074534	0.0270589848289667	0.510214585843196	0.0192908836836973	0.134936932691447
IU_PDA_T2	CC1_CC5	CC1,CC5	KCNK3	822	3296	17	120	2.06812652068127	3.64077669902913	-1.57265017834786	0.0218978102189781	0.0373179611650485	1.05882352941176	1.025	-0.0216072462657363	0.49214948296837	0.0247454294090083	0.134936932691447
IU_PDA_T2	CC1_CC5	CC1,CC5	KCNMB1	822	3296	23	54	2.79805352798054	1.63834951456311	1.15970401341743	0.0279805352798054	0.0163834951456311	1	1	0.0163680944385852	0.505798520067087	0.0281118609773847	0.134936932691447
IU_PDA_T2	CC1_CC5	CC1,CC5	KCND3	822	3296	9	72	1.09489051094891	2.18446601941748	-1.08957550846857	0.0109489051094891	0.0221480582524272	1	1.01388888888889	-0.0158941028498773	0.494550461519382	0.0441180627517119	0.176472251006847
IU_PDA_T2	CC1_CC5	CC1,CC5	KCNT2	822	3296	1	18	0.121654501216545	0.546116504854369	-0.424462003637824	0.00121654501216545	0.00546116504854369	1	1	-0.00610332329829062	0.497877689981811	0.108194734590626	0.362525581878545
IU_PDA_T2	CC1_CC5	CC1,CC5	KCNK6	822	3296	61	299	7.42092457420925	9.07160194174757	-1.65067736753833	0.0766423357664234	0.0995145631067961	1.0327868852459	1.09698996655518	-0.0303276515743398	0.491574060130395	0.126085621374406	0.362525581878545
IU_PDA_T2	CC1_CC5	CC1,CC5	KCNMB4	822	3296	31	165	3.7712895377129	5.00606796116505	-1.23477842345215	0.0389294403892944	0.0527912621359223	1.03225806451613	1.05454545454545	-0.0191217443435975	0.493810605792172	0.135947093204454	0.362525581878545
IU_PDA_T2	CC1_CC5	CC1,CC5	KCNJ15	822	3296	88	408	10.705596107056	12.378640776699	-1.67304466964307	0.118004866180049	0.139259708737864	1.10227272727273	1.125	-0.0271701976110641	0.491571660997331	0.184449770692165	0.421487088316831
IU_PDA_T2	CC1_CC5	CC1,CC5	KCNQ4	822	3296	6	42	0.72992700729927	1.27427184466019	-0.544344837360924	0.0072992700729927	0.0130461165048544	1	1.02380952380952	-0.00820747706225473	0.497277168521012	0.193181582145214	0.421487088316831
IU_PDA_T2	CC1_CC5	CC1,CC5	KCND2	822	3296	23	70	2.79805352798054	2.12378640776699	0.674267120213545	0.0279805352798054	0.0221480582524272	1	1.04285714285714	0.00820876154932466	0.503358601740959	0.246241841452698	0.492483682905397
IU_PDA_T2	CC1_CC5	CC1,CC5	KCNN3	822	3296	8	45	0.97323600973236	1.36529126213592	-0.392055252403562	0.0097323600973236	0.0139563106796117	1	1.02222222222222	-0.00602254832536536	0.498038247348404	0.371996083660066	0.672215050516303
IU_PDA_T2	CC1_CC5	CC1,CC5	KCNK17	822	3296	27	129	3.28467153284672	3.91383495145631	-0.629163418609596	0.0328467153284672	0.0409587378640777	1	1.04651162790698	-0.0112867235030808	0.496829268832825	0.394279224031593	0.672215050516303
IU_PDA_T2	CC1_CC5	CC1,CC5	KCNJ8	822	3296	64	230	7.78588807785888	6.97815533980583	0.807732738053056	0.0815085158150852	0.0731189320388349	1.046875	1.04782608695652	0.0112350486303865	0.504047337479035	0.42013440657269	0.672215050516303
IU_PDA_T2	CC1_CC5	CC1,CC5	KCNS3	822	3296	92	397	11.1922141119221	12.0449029126214	-0.852688800699219	0.124087591240876	0.131674757281553	1.10869565217391	1.09319899244332	-0.00970493022500707	0.495774573028134	0.503150940386679	0.730365533452108
IU_PDA_T2	CC1_CC5	CC1,CC5	KCNC4	822	3296	42	187	5.10948905109489	5.67354368932039	-0.564054638225498	0.0547445255474453	0.0597694174757282	1.07142857142857	1.05347593582888	-0.00685680067149427	0.497173083055772	0.526936108422598	0.730365533452108
IU_PDA_T2	CC1_CC5	CC1,CC5	KCNAB2	822	3296	48	175	5.83941605839416	5.30946601941748	0.529950038976685	0.0608272506082725	0.0552184466019418	1.04166666666667	1.04	0.00764805097187476	0.502652333876645	0.547774150089081	0.730365533452108
IU_PDA_T2	CC1_CC5	CC1,CC5	KCNB1	822	3296	3	10	0.364963503649635	0.303398058252427	0.0615654453972079	0.00364963503649635	0.00303398058252427	1	1	0.000885243342399508	0.500307827226986	0.778351625006714	0.916384232972839
IU_PDA_T2	CC1_CC5	CC1,CC5	KCNAB1	822	3296	5	18	0.608272506082725	0.546116504854369	0.0621560012283562	0.00608272506082725	0.00546116504854369	1	1	0.000891575451358411	0.500310780006142	0.830624519887717	0.916384232972839
IU_PDA_T2	CC1_CC5	CC1,CC5	KCNK15	822	3296	1	5	0.121654501216545	0.151699029126214	-0.0300445279096686	0.00121654501216545	0.00151699029126214	1	1	-0.000432859299374798	0.499849777360452	0.839905167789294	0.916384232972839
IU_PDA_T2	CC1_CC5	CC1,CC5	KCNMA1	822	3296	84	344	10.2189781021898	10.4368932038835	-0.217915101693713	0.110705596107056	0.11377427184466	1.08333333333333	1.09011627906977	-0.00398040561378984	0.498844909704013	0.846129533509837	0.916384232972839
IU_PDA_T2	CC1_CC5	CC1,CC5	KCNJ16	822	3296	14	58	1.70316301703163	1.75970873786408	-0.0565457208324476	0.0170316301703163	0.0175970873786408	1	1	-0.000801897981928011	0.499717271395838	0.911896102361551	0.916384232972839
IU_PDA_T2	CC1_CC5	CC1,CC5	KCNA5	822	3296	4	17	0.48661800486618	0.515776699029126	-0.0291586941629462	0.0048661800486618	0.00515776699029126	1	1	-0.000418573160033838	0.499854206529185	0.916384232972839	0.916384232972839
IU_PDA_T3	CC1_CC5	CC1,CC5	KCNK3	1911	2443	103	402	5.3898482469911	16.4551780597626	-11.0653298127715	0.0565149136577708	0.407695456406058	1.04854368932039	2.47761194029851	-0.414022119905518	0.442401350476902	6.6910302995897e-32	1.60584727190153e-30
IU_PDA_T3	CC1_CC5	CC1,CC5	KCNE4	1911	2443	182	123	9.52380952380952	5.03479328694228	4.48901623686724	0.097854526425955	0.0523945968072043	1.02747252747253	1.04065040650407	0.0610111530334113	0.522432443489692	8.67027195475705e-09	1.04043263457085e-07
IU_PDA_T3	CC1_CC5	CC1,CC5	KCNMA1	1911	2443	364	324	19.047619047619	13.2623823168236	5.78523673079547	0.2145473574045	0.151043798608269	1.12637362637363	1.13888888888889	0.077476013561747	0.528853784657539	2.3199289772763e-07	1.85594318182104e-06
IU_PDA_T3	CC1_CC5	CC1,CC5	KCNS3	1911	2443	297	262	15.541601255887	10.7245190339746	4.81708222191235	0.173207744636316	0.125665165779779	1.11447811447811	1.17175572519084	0.0596807447958423	0.523697498143437	3.59049422262397e-06	2.15429653357438e-05
IU_PDA_T3	CC1_CC5	CC1,CC5	KCND3	1911	2443	49	113	2.56410256410256	4.625460499386	-2.06135793528344	0.0256410256410256	0.0499386000818666	1	1.07964601769911	-0.0337790862020461	0.489651227473577	0.000343167210123223	0.00164720260859147
IU_PDA_T3	CC1_CC5	CC1,CC5	KCNJ15	1911	2443	118	107	6.17477760334903	4.37986082685223	1.7949167764968	0.0638409209837781	0.0466639377814163	1.03389830508475	1.06542056074766	0.0234841398928832	0.508969014728912	0.00797954366017158	0.0311687845396592
IU_PDA_T3	CC1_CC5	CC1,CC5	KCNMB1	1911	2443	151	144	7.90162218733647	5.89439214081048	2.00723004652599	0.0842490842490843	0.0634465820712239	1.06622516556291	1.07638888888889	0.0279486575284724	0.510013338122805	0.00909089549073394	0.0311687845396592
IU_PDA_T3	CC1_CC5	CC1,CC5	KCNB1	1911	2443	0	8	0	0.327466230045027	-0.327466230045027	0	0.00327466230045027	NA	1	-0.00471662059958324	0.498362668849775	0.0122940672555088	0.0368822017665265
IU_PDA_T3	CC1_CC5	CC1,CC5	KCNMB4	1911	2443	173	257	9.05285190999477	10.5198526401965	-1.46700073020171	0.103610675039246	0.112566516577978	1.14450867052023	1.07003891050584	-0.0116602756838999	0.492958662100818	0.122388865250556	0.326370307334815
IU_PDA_T3	CC1_CC5	CC1,CC5	KCNAB1	1911	2443	6	15	0.313971742543171	0.613999181334425	-0.300027438791254	0.00313971742543171	0.00613999181334425	1	1	-0.00430849341471128	0.498499862806044	0.156222068474166	0.374932964337999
IU_PDA_T3	CC1_CC5	CC1,CC5	KCND2	1911	2443	33	55	1.72684458398744	2.25133033155956	-0.524485747572117	0.0172684458398744	0.0233319688907081	1	1.03636363636364	-0.00857379065386868	0.497370502721067	0.22110752875493	0.480401307374413
IU_PDA_T3	CC1_CC5	CC1,CC5	KCNK1	1911	2443	211	296	11.0413396127682	12.116250511666	-1.0749108988978	0.122448979591837	0.142447810069587	1.10900473933649	1.17567567567568	-0.0254783913893596	0.494242030701887	0.240200653687207	0.480401307374413
IU_PDA_T3	CC1_CC5	CC1,CC5	KCNJ16	1911	2443	1	4	0.0523286237571952	0.163733115022513	-0.111404491265318	0.000523286237571952	0.00163733115022513	1	1	-0.00160549280884145	0.499442977543673	0.281487244245515	0.519668758607104
IU_PDA_T3	CC1_CC5	CC1,CC5	KCNN3	1911	2443	44	46	2.30245944531659	1.8829308227589	0.419528622557685	0.0240711669283098	0.0192386410151453	1.04545454545455	1.02173913043478	0.0068240989611606	0.502102783869932	0.333152590159841	0.571118725988298
IU_PDA_T3	CC1_CC5	CC1,CC5	KCNK17	1911	2443	33	34	1.72684458398744	1.39173147769136	0.335113106296078	0.0172684458398744	0.0143266475644699	1	1.02941176470588	0.00417811675497928	0.501672031260944	0.373734493807981	0.597975190092769
IU_PDA_T3	CC1_CC5	CC1,CC5	KCNAB2	1911	2443	274	330	14.3380429094715	13.5079819893573	0.83006092011413	0.159079016221873	0.15309046254605	1.10948905109489	1.13333333333333	0.00747322035724983	0.504048560448771	0.443596910121241	0.601658009757664
IU_PDA_T3	CC1_CC5	CC1,CC5	KCNN4	1911	2443	136	188	7.11669283097855	7.69545640605812	-0.57876357507958	0.0743066457352172	0.0851412198117069	1.04411764705882	1.1063829787234	-0.014476957468857	0.496963526113868	0.448761682529587	0.601658009757664
IU_PDA_T3	CC1_CC5	CC1,CC5	KCNT2	1911	2443	9	8	0.470957613814757	0.327466230045027	0.14349138376973	0.00470957613814757	0.00327466230045027	1	1	0.00206191203147852	0.500717456918849	0.451243507318248	0.601658009757664
IU_PDA_T3	CC1_CC5	CC1,CC5	KCNJ8	1911	2443	192	259	10.0470957613815	10.6017191977077	-0.55462343632626	0.113029827315542	0.117478510028653	1.125	1.10810810810811	-0.00575483255674259	0.497384425604998	0.574273439309102	0.725398028600971
IU_PDA_T3	CC1_CC5	CC1,CC5	KCNK15	1911	2443	24	35	1.25588697017268	1.43266475644699	-0.176777786274307	0.0130821559392988	0.0147359803520262	1.04166666666667	1.02857142857143	-0.00235323352232783	0.499117289158807	0.617110786687117	0.74053294402454
IU_PDA_T3	CC1_CC5	CC1,CC5	KCNC4	1911	2443	81	99	4.23861852433281	4.0523945968072	0.186223927525606	0.043432757718472	0.0409332787556283	1.02469135802469	1.01010101010101	0.00346003299788965	0.500943650233165	0.756263899183904	0.864301599067319
IU_PDA_T3	CC1_CC5	CC1,CC5	KCNA5	1911	2443	6	7	0.313971742543171	0.286532951289398	0.0274387912537729	0.00313971742543171	0.00286532951289398	1	1	0.000394673068017615	0.500137193956269	0.869212585527848	0.923593168584563
IU_PDA_T3	CC1_CC5	CC1,CC5	KCNK6	1911	2443	155	195	8.11093668236525	7.98198935734752	0.12894732501773	0.0847723704866562	0.0843225542365943	1.04516129032258	1.05641025641026	0.000598358029592234	0.500588616692938	0.887284093293166	0.923593168584563
IU_PDA_T3	CC1_CC5	CC1,CC5	KCNQ4	1911	2443	32	40	1.67451596023025	1.63733115022513	0.0371848100051131	0.0172684458398744	0.0167826442898076	1.03125	1.025	0.000689130675099409	0.500186780842883	0.923593168584563	0.923593168584563
IU_PDA_T4	CC1_CC5	CC1,CC5	KCNK1	692	2929	99	786	14.3063583815029	26.8350973028337	-12.5287389213308	0.164739884393064	0.410378968931376	1.15151515151515	1.52926208651399	-0.276075066085511	0.434066007258489	5.92801309154801e-13	1.42272314197152e-11
IU_PDA_T4	CC1_CC5	CC1,CC5	KCNN4	692	2929	60	471	8.67052023121387	16.0805735745988	-7.41005334338496	0.0968208092485549	0.210310686241038	1.11666666666667	1.30785562632696	-0.14204958646877	0.462118401395651	4.2684908252266e-07	5.12218899027192e-06
IU_PDA_T4	CC1_CC5	CC1,CC5	KCNMA1	692	2929	54	123	7.80346820809249	4.19938545578696	3.60408275230553	0.0867052023121387	0.0457494025264595	1.11111111111111	1.08943089430894	0.0554234503213218	0.518040148643128	7.5577696274501e-05	0.000578711508039479
IU_PDA_T4	CC1_CC5	CC1,CC5	KCNJ8	692	2929	37	74	5.34682080924856	2.52645954250597	2.82036126674258	0.0549132947976879	0.0279959030385797	1.02702702702703	1.10810810810811	0.0372899112853443	0.514055922733992	0.00011446404373701	0.000578711508039479
IU_PDA_T4	CC1_CC5	CC1,CC5	KCNMB1	692	2929	46	101	6.64739884393064	3.44827586206897	3.19912298186167	0.0765895953757225	0.0368726527825196	1.15217391304348	1.06930693069307	0.0542296724247065	0.51603952502087	0.000120564897508225	0.000578711508039479
IU_PDA_T4	CC1_CC5	CC1,CC5	KCNE4	692	2929	37	80	5.34682080924856	2.73130761351997	2.61551319572858	0.0563583815028902	0.0276544895868897	1.05405405405405	1.0125	0.039744074548015	0.513107908359104	0.00045299923217715	0.0018119969287086
IU_PDA_T4	CC1_CC5	CC1,CC5	KCNA5	692	2929	7	8	1.01156069364162	0.273130761351997	0.738429932289621	0.0130057803468208	0.00273130761351997	1.28571428571429	1	0.0147073339284142	0.503696096637768	0.00647734159248089	0.0222080283170773
IU_PDA_T4	CC1_CC5	CC1,CC5	KCNAB2	692	2929	40	257	5.78034682080925	8.77432570843291	-2.99397888762366	0.0635838150289017	0.095937179924889	1.1	1.09338521400778	-0.0432313757100103	0.485064641604683	0.0100412823759397	0.0300434803855903
IU_PDA_T4	CC1_CC5	CC1,CC5	KCNQ4	692	2929	34	224	4.91329479768786	7.64766131785592	-2.73436652016806	0.0520231213872832	0.0880846705360191	1.05882352941176	1.15178571428571	-0.0486244133365148	0.486216665318116	0.0112663051445964	0.0300434803855903
IU_PDA_T4	CC1_CC5	CC1,CC5	KCND2	692	2929	13	28	1.87861271676301	0.95595766473199	0.922655052031015	0.0202312138728324	0.0102424035506999	1.07692307692308	1.07142857142857	0.0141946423199013	0.504613768632195	0.0391043936309689	0.0895523930233076
IU_PDA_T4	CC1_CC5	CC1,CC5	KCNK6	692	2929	83	436	11.9942196531792	14.8856264936839	-2.89140684050466	0.135838150289017	0.182314783202458	1.13253012048193	1.22477064220183	-0.0578569196959795	0.485134453748345	0.0450764445413519	0.0895523930233076
IU_PDA_T4	CC1_CC5	CC1,CC5	KCNK15	692	2929	5	7	0.722543352601156	0.238989416182998	0.483553936418158	0.00722543352601156	0.00238989416182998	1	1	0.0069428432678526	0.502417769682091	0.0465531886857114	0.0895523930233076
IU_PDA_T4	CC1_CC5	CC1,CC5	KCND3	692	2929	11	23	1.58959537572254	0.785250938886992	0.804344436835551	0.0158959537572254	0.00785250938886992	1	1	0.0114681232547815	0.504021722184178	0.0485075462209583	0.0895523930233076
IU_PDA_T4	CC1_CC5	CC1,CC5	KCNK3	692	2929	12	28	1.73410404624277	0.95595766473199	0.778146381510784	0.0187861271676301	0.0102424035506999	1.08333333333333	1.07142857142857	0.0121497163348765	0.503891718651634	0.0781388700712467	0.126998974089272
IU_PDA_T4	CC1_CC5	CC1,CC5	KCNN3	692	2929	10	22	1.44508670520231	0.751109593717992	0.69397711148432	0.0158959537572254	0.00819392284055992	1.1	1.09090909090909	0.0109794881812233	0.503470378929462	0.0793743588057948	0.126998974089272
IU_PDA_T4	CC1_CC5	CC1,CC5	KCNJ15	692	2929	17	50	2.45664739884393	1.70706725844998	0.749580140393948	0.0245664739884393	0.0174120860361898	1	1.02	0.0101094521326341	0.50374370703963	0.188738003355757	0.283107005033635
IU_PDA_T4	CC1_CC5	CC1,CC5	KCNS3	692	2929	126	565	18.2080924855491	19.2898600204848	-1.08176753493568	0.225433526011561	0.247183339023558	1.23809523809524	1.28141592920354	-0.0253813335561769	0.494042285930806	0.474835961655984	0.670356651749624
IU_PDA_T4	CC1_CC5	CC1,CC5	KCNC4	692	2929	34	158	4.91329479768786	5.39433253670195	-0.481037739014085	0.0534682080924856	0.0580402867872994	1.08823529411765	1.07594936708861	-0.00624778501663625	0.497626387115491	0.616294716435871	0.821726288581162
IU_PDA_T4	CC1_CC5	CC1,CC5	KCNAB1	692	2929	3	15	0.433526011560694	0.512120177534995	-0.0785941659743012	0.00433526011560694	0.00546261522703995	1	1.06666666666667	-0.00161850086431081	0.499606289112068	0.79112229460577	0.917105976506161
IU_PDA_T4	CC1_CC5	CC1,CC5	KCNMB4	692	2929	50	206	7.22543352601156	7.03311710481393	0.192316421197631	0.0751445086705202	0.0771594400819392	1.04	1.09708737864078	-0.0027012285192379	0.500864387814105	0.873258738862854	0.917105976506161
IU_PDA_T4	CC1_CC5	CC1,CC5	KCNK17	692	2929	3	14	0.433526011560694	0.477978832365995	-0.0444528208053016	0.00433526011560694	0.00477978832365995	1	1	-0.000638409086882824	0.499777735895974	0.877741418390171	0.917105976506161
IU_PDA_T4	CC1_CC5	CC1,CC5	KCNB1	692	2929	1	5	0.144508670520231	0.170706725844998	-0.0261980553247671	0.00144508670520231	0.00170706725844998	1	1	-0.000377363293534194	0.499869009723376	0.878893227485071	0.917105976506161
IU_PDA_T4	CC1_CC5	CC1,CC5	KCNJ16	692	2929	1	5	0.144508670520231	0.170706725844998	-0.0261980553247671	0.00144508670520231	0.00170706725844998	1	1	-0.000377363293534194	0.499869009723376	0.878893227485071	0.917105976506161
IU_PDA_T4	CC1_CC5	CC1,CC5	KCNT2	692	2929	5	22	0.722543352601156	0.751109593717992	-0.0285662411168364	0.00722543352601156	0.00751109593717992	1	1	-0.000409109320942016	0.499857168794416	0.937390126037878	0.937390126037878
IU_PDA_T6	CC1_CC5	CC1,CC5	KCNK1	820	2577	235	1386	28.6585365853659	53.7834691501746	-25.1249325648088	0.371951219512195	1.0372526193248	1.29787234042553	1.92857142857143	-0.570395698982274	0.35128718400106	9.82854042283938e-45	2.26056429725306e-43
IU_PDA_T6	CC1_CC5	CC1,CC5	KCNJ16	820	2577	3	141	0.365853658536585	5.47147846332945	-5.10562480479287	0.00365853658536585	0.0679084206441599	1	1.24113475177305	-0.0895194119262985	0.474457679093671	2.5791887081319e-10	2.96606701435169e-09
IU_PDA_T6	CC1_CC5	CC1,CC5	KCNC4	820	2577	97	555	11.8292682926829	21.5366705471478	-9.70740225446492	0.134146341463415	0.266201008925107	1.1340206185567	1.23603603603604	-0.158899643742297	0.450615671465213	4.56607822144822e-10	3.50065996977697e-09
IU_PDA_T6	CC1_CC5	CC1,CC5	KCNN4	820	2577	68	438	8.29268292682927	16.9965075669383	-8.70382464010903	0.0951219512195122	0.197128443927047	1.14705882352941	1.15981735159817	-0.128486416941459	0.456404686864098	1.07358208014204e-09	6.1730969608167e-09
IU_PDA_T6	CC1_CC5	CC1,CC5	KCNJ15	820	2577	53	364	6.46341463414634	14.1249514939853	-7.66153685983891	0.0670731707317073	0.17151726814125	1.0377358490566	1.21428571428571	-0.13471911243976	0.461118525038568	3.56819275247481e-09	1.64136866613841e-08
IU_PDA_T6	CC1_CC5	CC1,CC5	KCNJ8	820	2577	170	348	20.7317073170732	13.5040745052387	7.22763281183452	0.246341463414634	0.152890958478851	1.18823529411765	1.13218390804598	0.112443313456381	0.536861021986239	3.28369440263755e-07	1.25874952101106e-06
IU_PDA_T6	CC1_CC5	CC1,CC5	KCNMA1	820	2577	121	226	14.7560975609756	8.76988746604579	5.98621009492982	0.189024390243902	0.0977881257275902	1.28099173553719	1.11504424778761	0.115178669594894	0.530604455928145	4.73766832831323e-07	1.55666245073149e-06
IU_PDA_T6	CC1_CC5	CC1,CC5	KCNS3	820	2577	84	433	10.2439024390244	16.802483507955	-6.5585810689306	0.107317073170732	0.194800155219247	1.04761904761905	1.15935334872979	-0.109700942399728	0.466330200554625	3.03972341241658e-06	8.73920481069767e-06
IU_PDA_T6	CC1_CC5	CC1,CC5	KCNE4	820	2577	129	260	15.7317073170732	10.0892510671323	5.64245624994085	0.184146341463415	0.109817617384556	1.17054263565891	1.08846153846154	0.0935247761076141	0.528771401800165	6.68929661624779e-06	1.7094869130411e-05
IU_PDA_T6	CC1_CC5	CC1,CC5	KCNK3	820	2577	2	71	0.24390243902439	2.75514163756306	-2.51123919853867	0.0024390243902439	0.0283275126115638	1	1.02816901408451	-0.0367853383020674	0.487442857548482	1.56801913001263e-05	3.60644399902905e-05
IU_PDA_T6	CC1_CC5	CC1,CC5	KCNK6	820	2577	82	388	10	15.0562669771052	-5.05626697710516	0.104878048780488	0.175009701202949	1.04878048780488	1.16237113402062	-0.0887855275853229	0.474011187143303	0.000177183125937802	0.000370473808779041
IU_PDA_T6	CC1_CC5	CC1,CC5	KCNK15	820	2577	3	49	0.365853658536585	1.90143577803648	-1.53558211949989	0.00365853658536585	0.0194024058983314	1	1.02040816326531	-0.0224551423578323	0.492321379558382	0.00181266611880504	0.00347427672770966
IU_PDA_T6	CC1_CC5	CC1,CC5	KCND2	820	2577	86	189	10.4878048780488	7.33410942956927	3.15369544847951	0.110975609756098	0.0756693830034924	1.05813953488372	1.03174603174603	0.0465924240190108	0.515869984951305	0.00371462638169109	0.00657203129068424
IU_PDA_T6	CC1_CC5	CC1,CC5	KCND3	820	2577	23	125	2.80487804878049	4.85060147458285	-2.04572342580236	0.0292682926829268	0.0527745440434614	1.04347826086957	1.088	-0.0325774212205074	0.489746301712144	0.0122420643381129	0.0201119628411855
IU_PDA_T6	CC1_CC5	CC1,CC5	KCNN3	820	2577	38	75	4.63414634146341	2.91036088474971	1.72378545671371	0.0463414634146341	0.0298797050834303	1	1.02666666666667	0.022877904483526	0.508600944565907	0.0167523597283818	0.0256869515835187
IU_PDA_T6	CC1_CC5	CC1,CC5	KCNQ4	820	2577	20	109	2.4390243902439	4.22972448583624	-1.79070009559234	0.024390243902439	0.0461777260380287	1	1.09174311926605	-0.0303625411615621	0.491008641169066	0.0189704792189684	0.0272700638772671
IU_PDA_T6	CC1_CC5	CC1,CC5	KCNMB1	820	2577	50	116	6.09756097560976	4.50135816841288	1.59620280719687	0.0658536585365854	0.0492821109817617	1.08	1.0948275862069	0.0226067555725877	0.507946704903603	0.0660264612057562	0.0893299181019055
IU_PDA_T6	CC1_CC5	CC1,CC5	KCNT2	820	2577	9	14	1.09756097560976	0.543267365153279	0.554293610456477	0.0109756097560976	0.00543267365153279	1	1	0.00793171366982955	0.502771468052282	0.0918752115426038	0.117396103637772
IU_PDA_T6	CC1_CC5	CC1,CC5	KCNK17	820	2577	9	15	1.09756097560976	0.582072176949942	0.515488798659814	0.0109756097560976	0.00582072176949942	1	1	0.00737501096529921	0.502577443993299	0.124831550038007	0.151111876361798
IU_PDA_T6	CC1_CC5	CC1,CC5	KCNMB4	820	2577	43	105	5.24390243902439	4.07450523864959	1.1693972003748	0.0585365853658537	0.0419091967403958	1.11627906976744	1.02857142857143	0.0228415819258781	0.505916550725461	0.148314380991381	0.170561538140088
IU_PDA_T6	CC1_CC5	CC1,CC5	KCNAB1	820	2577	9	20	1.09756097560976	0.776096235933256	0.3214647396765	0.0109756097560976	0.00776096235933256	1	1	0.00459471517151652	0.501607323698382	0.383559086750683	0.420088523584082
IU_PDA_T6	CC1_CC5	CC1,CC5	KCNAB2	820	2577	74	218	9.02439024390244	8.45944897167249	0.564941272229952	0.0951219512195122	0.0942956926658906	1.05405405405405	1.11467889908257	0.00108890980916478	0.502643932725707	0.638149405384812	0.667156196538667
IU_PDA_T6	CC1_CC5	CC1,CC5	KCNA5	820	2577	2	7	0.24390243902439	0.27163368257664	-0.0277312435522493	0.0024390243902439	0.0027163368257664	1	1	-0.000399048658068246	0.499861343782239	0.892982210702478	0.892982210702478
IU_PDA_T6	CC1_CC5	CC1,CC5	KCNB1	820	2577	0	0	0	0	0	0	0	NA	NA	0	0.5	NA	NA
IU_PDA_T8	CC1_CC5	CC1,CC5	KCNK1	242	3537	16	839	6.61157024793388	23.7206672321176	-17.1090969841837	0.0702479338842975	0.317783432287249	1.0625	1.33969010727056	-0.300168243426066	0.412896604256771	4.78717889072687e-10	1.05317935595991e-08
IU_PDA_T8	CC1_CC5	CC1,CC5	KCNN4	242	3537	17	755	7.02479338842975	21.3457732541702	-14.3209798657404	0.0702479338842975	0.284421826406559	1	1.33245033112583	-0.263174035943864	0.426508317035729	4.78698317644681e-08	5.26568149409149e-07
IU_PDA_T8	CC1_CC5	CC1,CC5	KCNJ16	242	3537	2	145	0.826446280991736	4.09951936669494	-3.2730730857032	0.00826446280991736	0.0426915465083404	1	1.04137931034483	-0.0484383364401273	0.483627624848999	0.0108245063003874	0.0656625503118216
IU_PDA_T8	CC1_CC5	CC1,CC5	KCNK6	242	3537	8	271	3.30578512396694	7.66186033361606	-4.35607520964912	0.0330578512396694	0.0811422109132033	1	1.0590405904059	-0.0656352568923372	0.478154199875227	0.0119386455112403	0.0656625503118216
IU_PDA_T8	CC1_CC5	CC1,CC5	KCNQ4	242	3537	0	78	0	2.20525869380831	-2.20525869380831	0	0.0223353124116483	NA	1.01282051282051	-0.031868458714269	0.488973706530958	0.0195937967505161	0.0797617339108508
IU_PDA_T8	CC1_CC5	CC1,CC5	KCNC4	242	3537	5	193	2.06611570247934	5.45660163980775	-3.39048593732841	0.0206611570247934	0.0582414475544247	1	1.06735751295337	-0.0521648348889596	0.48300960098323	0.0217532001575048	0.0797617339108508
IU_PDA_T8	CC1_CC5	CC1,CC5	KCNAB2	242	3537	12	298	4.95867768595041	8.42521911224201	-3.4665414262916	0.0495867768595041	0.0930166808029403	1	1.10402684563758	-0.0584939690127453	0.482478030361445	0.0547137843644256	0.17195760800248
IU_PDA_T8	CC1_CC5	CC1,CC5	KCNJ15	242	3537	6	160	2.47933884297521	4.52360757704269	-2.04426873406749	0.0247933884297521	0.0483460559796438	1	1.06875	-0.0327819518123314	0.489743607717237	0.132028902957131	0.363079483132111
IU_PDA_T8	CC1_CC5	CC1,CC5	KCND3	242	3537	2	78	0.826446280991736	2.20525869380831	-1.37881241281658	0.00826446280991736	0.0226180378852135	1	1.02564102564103	-0.0203932786665637	0.493103601361755	0.149345744646708	0.365067375803063
IU_PDA_T8	CC1_CC5	CC1,CC5	KCNN3	242	3537	6	50	2.47933884297521	1.41362736782584	1.06571147514937	0.0247933884297521	0.0144189991518236	1	1.02	0.0146794018939384	0.505325052514504	0.184713116668424	0.406368856670534
IU_PDA_T8	CC1_CC5	CC1,CC5	KCNMB1	242	3537	4	104	1.65289256198347	2.94034492507775	-1.28745236309428	0.0165289256198347	0.0313825275657337	1	1.06730769230769	-0.0209282423991774	0.493546382165397	0.24374933382671	0.455315203044245
IU_PDA_T8	CC1_CC5	CC1,CC5	KCNT2	242	3537	0	18	0	0.508905852417303	-0.508905852417303	0	0.00508905852417303	NA	1	-0.00732334080585869	0.497455470737913	0.266027041102231	0.455315203044245
IU_PDA_T8	CC1_CC5	CC1,CC5	KCNMB4	242	3537	2	63	0.826446280991736	1.78117048346056	-0.954724202468824	0.00826446280991736	0.0180944303081708	1	1.01587301587302	-0.0139972802010699	0.495225210700575	0.269049892707963	0.455315203044245
IU_PDA_T8	CC1_CC5	CC1,CC5	KCNK3	242	3537	0	14	0	0.395815662991235	-0.395815662991235	0	0.00424088210347752	NA	1.07142857142857	-0.00610536264918722	0.498020921685044	0.326889649369721	0.498260882862827
IU_PDA_T8	CC1_CC5	CC1,CC5	KCNE4	242	3537	11	121	4.54545454545455	3.42097823013854	1.12447631531601	0.0454545454545455	0.035340684195646	1	1.03305785123967	0.0140247653232973	0.505596679260801	0.358938656053102	0.498260882862827
IU_PDA_T8	CC1_CC5	CC1,CC5	KCNJ8	242	3537	10	193	4.13223140495868	5.45660163980775	-1.32437023484907	0.0413223140495868	0.0573932711337291	1	1.05181347150259	-0.022095364848758	0.493325575907117	0.372987012666817	0.498260882862827
IU_PDA_T8	CC1_CC5	CC1,CC5	KCNK15	242	3537	0	11	0	0.310998020921685	-0.310998020921685	0	0.00310998020921685	NA	1	-0.00447979060014511	0.498445009895392	0.385019773121276	0.498260882862827
IU_PDA_T8	CC1_CC5	CC1,CC5	KCNAB1	242	3537	0	8	0	0.226180378852135	-0.226180378852135	0	0.00226180378852135	NA	1	-0.00325940842595961	0.498869098105739	0.458983429039499	0.541829412838278
IU_PDA_T8	CC1_CC5	CC1,CC5	KCNK17	242	3537	1	30	0.413223140495868	0.848176420695505	-0.434953280199637	0.00413223140495868	0.00876448968052022	1	1.03333333333333	-0.00664012988819928	0.497824649455461	0.467943583814876	0.541829412838278
IU_PDA_T8	CC1_CC5	CC1,CC5	KCNMA1	242	3537	14	238	5.78512396694215	6.728866270851	-0.943742303908855	0.0578512396694215	0.0729431721798134	1	1.08403361344538	-0.0204369038765045	0.495134084308269	0.557257231951845	0.61298295514703
IU_PDA_T8	CC1_CC5	CC1,CC5	KCND2	242	3537	3	57	1.2396694214876	1.61153519932146	-0.371865777833855	0.012396694214876	0.0166808029403449	1	1.03508771929825	-0.00609210008555229	0.498137166249588	0.653786924922148	0.684919635632727
IU_PDA_T8	CC1_CC5	CC1,CC5	KCNS3	242	3537	12	166	4.95867768595041	4.69324286118179	0.26543482476862	0.0495867768595041	0.0480633305060786	1	1.02409638554217	0.00209555337933443	0.501299135233903	0.853584063143409	0.853584063143409
IU_PDA_T8	CC1_CC5	CC1,CC5	KCNA5	242	3537	0	0	0	0	0	0	0	NA	NA	0	0.5	NA	NA
IU_PDA_T8	CC1_CC5	CC1,CC5	KCNB1	242	3537	0	0	0	0	0	0	0	NA	NA	0	0.5	NA	NA
IU_PDA_T9	CC1_CC5	CC1,CC5	KCNN3	3019	507	82	33	2.71613116926134	6.50887573964497	-3.79274457038363	0.028155018217953	0.0690335305719921	1.03658536585366	1.06060606060606	-0.0562493036770285	0.481040850419402	8.70819117535765e-06	0.000208996588208584
IU_PDA_T9	CC1_CC5	CC1,CC5	KCNJ15	3019	507	286	22	9.47333554157006	4.33925049309665	5.13408504847341	0.104339185160649	0.0453648915187377	1.1013986013986	1.04545454545455	0.0791767350255706	0.525785410349836	0.000142626676468484	0.00170232732665328
IU_PDA_T9	CC1_CC5	CC1,CC5	KCNMB1	3019	507	255	68	8.44650546538589	13.4122287968442	-4.96572333145829	0.0907585293143425	0.171597633136095	1.07450980392157	1.27941176470588	-0.103145428715703	0.474349501154098	0.00021279091583166	0.00170232732665328
IU_PDA_T9	CC1_CC5	CC1,CC5	KCNB1	3019	507	6	6	0.198741305067903	1.18343195266272	-0.984690647594819	0.00198741305067903	0.0138067061143984	1	1.16666666666667	-0.0169182266548437	0.495074586788603	0.000425603021795188	0.00255361813077113
IU_PDA_T9	CC1_CC5	CC1,CC5	KCND3	3019	507	288	72	9.53958264325936	14.2011834319527	-4.6616007886933	0.105332891685989	0.161735700197239	1.10416666666667	1.13888888888889	-0.0718009571584258	0.476460065868174	0.00120542825790311	0.00578605563793491
IU_PDA_T9	CC1_CC5	CC1,CC5	KCNQ4	3019	507	20	10	0.662471016893011	1.9723865877712	-1.30991557087819	0.00695594567737661	0.019723865877712	1.05	1	-0.0181779664942715	0.49345368876798	0.00298208070446274	0.0119283228178509
IU_PDA_T9	CC1_CC5	CC1,CC5	KCNK6	3019	507	275	66	9.1089764822789	13.0177514792899	-3.90877499701104	0.0987081815170586	0.145956607495069	1.08363636363636	1.12121212121212	-0.0607441611267916	0.480233341369224	0.00534901425639826	0.0183394774505083
IU_PDA_T9	CC1_CC5	CC1,CC5	KCNK3	3019	507	11	6	0.364359059291156	1.18343195266272	-0.819072893371566	0.00430606160980457	0.0118343195266272	1.18181818181818	1	-0.0107740819462472	0.495908555479988	0.013856464755993	0.041569394267979
IU_PDA_T9	CC1_CC5	CC1,CC5	KCNMA1	3019	507	811	157	26.8631997350116	30.9664694280079	-4.1032696929963	0.343822457767473	0.42603550295858	1.27990135635018	1.37579617834395	-0.0856673542551295	0.478475571871245	0.0464704452608891	0.123921187362371
IU_PDA_T9	CC1_CC5	CC1,CC5	KCNK1	3019	507	244	53	8.08214640609473	10.4536489151874	-2.37150250909264	0.0871149387214309	0.128205128205128	1.07786885245902	1.22641509433962	-0.0535249177749613	0.48761917455066	0.0633500628594783	0.152040150862748
IU_PDA_T9	CC1_CC5	CC1,CC5	KCND2	3019	507	62	5	2.05366015236833	0.986193293885602	1.06746685848273	0.0208678370321298	0.00986193293885602	1.01612903225806	1	0.0156380420045004	0.505338967603599	0.103259478200514	0.225293406982939
IU_PDA_T9	CC1_CC5	CC1,CC5	KCNA5	3019	507	8	3	0.264988406757204	0.591715976331361	-0.326727569574157	0.00264988406757204	0.00591715976331361	1	1	-0.0046935815416294	0.498366362152129	0.222271037042899	0.438215378799079
IU_PDA_T9	CC1_CC5	CC1,CC5	KCNJ8	3019	507	290	57	9.60582974494866	11.2426035502959	-1.6367738053472	0.104670420669096	0.132149901380671	1.08965517241379	1.17543859649123	-0.035448985114025	0.491548921263294	0.237366663516168	0.438215378799079
IU_PDA_T9	CC1_CC5	CC1,CC5	KCNT2	3019	507	51	12	1.68930109307718	2.36686390532544	-0.677562812248266	0.0172242464392183	0.0236686390532544	1.01960784313725	1	-0.00911103589229074	0.496616105885604	0.287192626753819	0.469777724720515
IU_PDA_T9	CC1_CC5	CC1,CC5	KCNK15	3019	507	9	3	0.298111957601855	0.591715976331361	-0.293604018729506	0.00298111957601855	0.00591715976331361	1	1	-0.00421705138341105	0.498531979906352	0.293611077950322	0.469777724720515
IU_PDA_T9	CC1_CC5	CC1,CC5	KCNAB1	3019	507	29	7	0.960582974494866	1.38067061143984	-0.420087636944976	0.00960582974494866	0.0157790927021696	1	1.14285714285714	-0.00879453908754358	0.497890088610398	0.381862556268887	0.572793834403331
IU_PDA_T9	CC1_CC5	CC1,CC5	KCNC4	3019	507	82	16	2.71613116926134	3.15581854043393	-0.43968737117258	0.0278237827095065	0.0315581854043393	1.02439024390244	1	-0.00523225922850689	0.497812016335725	0.579192394078854	0.817683379876029
IU_PDA_T9	CC1_CC5	CC1,CC5	KCNE4	3019	507	325	58	10.7651540245114	11.439842209073	-0.67468818456155	0.117588605498509	0.124260355029586	1.09230769230769	1.08620689655172	-0.00858695527482303	0.496629499037326	0.65194080018844	0.841753185296552
IU_PDA_T9	CC1_CC5	CC1,CC5	KCNS3	3019	507	305	48	10.1026830076184	9.46745562130178	0.635227386316641	0.107982775753561	0.102564102564103	1.06885245901639	1.08333333333333	0.00707291817534833	0.503106884537312	0.66638793835977	0.841753185296552
IU_PDA_T9	CC1_CC5	CC1,CC5	KCNMB4	3019	507	144	25	4.76979132162968	4.93096646942801	-0.161175147798329	0.0496853262669758	0.0512820512820513	1.04166666666667	1.04	-0.00219288288722685	0.49918824434074	0.87420531862167	0.982906137990119
IU_PDA_T9	CC1_CC5	CC1,CC5	KCNAB2	3019	507	292	50	9.67207684663796	9.86193293885602	-0.189856092218056	0.104339185160649	0.106508875739645	1.07876712328767	1.08	-0.00283167613266085	0.499029813155734	0.89139885340015	0.982906137990119
IU_PDA_T9	CC1_CC5	CC1,CC5	KCNN4	3019	507	231	38	7.65154024511428	7.49506903353057	0.156471211583705	0.0831401126200729	0.0808678500986193	1.08658008658009	1.07894736842105	0.00302973291463364	0.500792809249507	0.900997293157609	0.982906137990119
IU_PDA_T9	CC1_CC5	CC1,CC5	KCNK17	3019	507	24	4	0.794965220271613	0.788954635108481	0.00601058516313191	0.00794965220271613	0.00788954635108481	1	1	8.60330666897502e-05	0.500030052925816	0.988744401573815	0.994388878293268
IU_PDA_T9	CC1_CC5	CC1,CC5	KCNJ16	3019	507	6	1	0.198741305067903	0.19723865877712	0.00150264629078298	0.00198741305067903	0.0019723865877712	1	1	2.16357668685921e-05	0.500007513231454	0.994388878293268	0.994388878293268
IU_PDA_T1	CC2_CC3	CC2,CC3	KCNN4	68	3462	13	110	19.1176470588235	3.17735413056037	15.9402929282632	0.220588235294118	0.0332177931831311	1.15384615384615	1.04545454545455	0.240432196467998	0.580054032011418	1.01377081265562e-12	2.4330499503735e-11
IU_PDA_T1	CC2_CC3	CC2,CC3	KCNC4	68	3462	11	120	16.1764705882353	3.46620450606586	12.7102660821694	0.205882352941176	0.036106296938186	1.27272727272727	1.04166666666667	0.218917142776858	0.564199119855915	2.92407200205618e-08	3.50888640246741e-07
IU_PDA_T1	CC2_CC3	CC2,CC3	KCNQ4	68	3462	4	22	5.88235294117647	0.635470826112074	5.2468821150644	0.0588235294117647	0.0072212593876372	1	1.13636363636364	0.0720815207819069	0.526217419376763	5.52300179087033e-07	4.03237431850707e-06
IU_PDA_T1	CC2_CC3	CC2,CC3	KCNK1	68	3462	12	160	17.6470588235294	4.62160600808781	13.0254528154416	0.205882352941176	0.0499711149624495	1.16666666666667	1.08125	0.199739523927426	0.565518061644068	6.72062386417844e-07	4.03237431850707e-06
IU_PDA_T1	CC2_CC3	CC2,CC3	KCNT2	68	3462	2	10	2.94117647058824	0.288850375505488	2.65232609508275	0.0294117647058824	0.00288850375505488	1	1	0.0376589526167863	0.513261630475414	0.000198620512613631	0.000953378460545429
IU_PDA_T1	CC2_CC3	CC2,CC3	KCNK6	68	3462	9	184	13.2352941176471	5.31484690930098	7.92044720834608	0.132352941176471	0.0571923743500867	1	1.07608695652174	0.0990857756397957	0.539334624664424	0.0047254300513217	0.0189017202052868
IU_PDA_T1	CC2_CC3	CC2,CC3	KCNJ8	68	3462	0	189	0	5.45927209705373	-5.45927209705373	0	0.0592143269786251	NA	1.08465608465608	-0.0829945413450274	0.472703639514731	0.0477069769527754	0.159723008322227
IU_PDA_T1	CC2_CC3	CC2,CC3	KCNJ15	68	3462	3	52	4.41176470588235	1.50202195262854	2.90974275325381	0.0588235294117647	0.0150202195262854	1.33333333333333	1	0.0609536935502354	0.514659156556904	0.0532410027740756	0.159723008322227
IU_PDA_T1	CC2_CC3	CC2,CC3	KCNS3	68	3462	10	361	14.7058823529412	10.4274985557481	4.27838379719305	0.176470588235294	0.117273252455228	1.2	1.12465373961219	0.0744831835268204	0.522020593332654	0.241269464460802	0.643385238562139
IU_PDA_T1	CC2_CC3	CC2,CC3	KCNK17	68	3462	1	20	1.47058823529412	0.577700751010976	0.892887484283141	0.0147058823529412	0.00606585788561525	1	1.05	0.0123368673077455	0.504462313521596	0.343325170694446	0.808149087740595
IU_PDA_T1	CC2_CC3	CC2,CC3	KCNMB1	68	3462	1	117	1.47058823529412	3.37954939341421	-1.90896115812009	0.0147058823529412	0.0363951473136915	1	1.07692307692308	-0.0305125500247928	0.49043607911102	0.384927230552776	0.808149087740595
IU_PDA_T1	CC2_CC3	CC2,CC3	KCNMA1	68	3462	6	411	8.82352941176471	11.8717504332756	-3.04822102151086	0.0882352941176471	0.134604274985557	1	1.1338199513382	-0.060198680569444	0.484147211744316	0.422876349258706	0.808149087740595
IU_PDA_T1	CC2_CC3	CC2,CC3	KCNJ16	68	3462	0	20	0	0.577700751010976	-0.577700751010976	0	0.00635470826112074	NA	1.1	-0.00913889923222599	0.497111496244945	0.529702716856465	0.808149087740595
IU_PDA_T1	CC2_CC3	CC2,CC3	KCNE4	68	3462	5	330	7.35294117647059	9.53206239168111	-2.17912121521052	0.0735294117647059	0.106585788561525	1	1.11818181818182	-0.0437535834275636	0.488722091956367	0.529930490383961	0.808149087740595
IU_PDA_T1	CC2_CC3	CC2,CC3	KCND2	68	3462	3	112	4.41176470588235	3.23512420566147	1.17664050022089	0.0441176470588235	0.0340843443096476	1	1.05357142857143	0.0139304154693624	0.505844972304346	0.590818220408545	0.808149087740595
IU_PDA_T1	CC2_CC3	CC2,CC3	KCNAB1	68	3462	0	11	0	0.317735413056037	-0.317735413056037	0	0.00317735413056037	NA	1	-0.00457668601545315	0.49841132293472	0.641585885794868	0.808149087740595
IU_PDA_T1	CC2_CC3	CC2,CC3	KCND3	68	3462	1	77	1.47058823529412	2.22414789139226	-0.753559656098141	0.0147058823529412	0.0222414789139226	1	1	-0.0106744215307623	0.496232201719509	0.675522905812122	0.808149087740595
IU_PDA_T1	CC2_CC3	CC2,CC3	KCNK3	68	3462	0	8	0	0.231080300404391	-0.231080300404391	0	0.00231080300404391	NA	1	-0.00332993809898465	0.498844598497978	0.691518044877389	0.808149087740595
IU_PDA_T1	CC2_CC3	CC2,CC3	KCNK15	68	3462	0	7	0	0.202195262853842	-0.202195262853842	0	0.00202195262853842	NA	1	-0.00291411591974347	0.498989023685731	0.710551278466127	0.808149087740595
IU_PDA_T1	CC2_CC3	CC2,CC3	KCNN3	68	3462	1	37	1.47058823529412	1.06874638937031	0.401841845923811	0.0147058823529412	0.0106874638937031	1	1	0.00572467565461867	0.502009209229619	0.750516626573869	0.808149087740595
IU_PDA_T1	CC2_CC3	CC2,CC3	KCNAB2	68	3462	3	128	4.41176470588235	3.69728480647025	0.714479899412105	0.0441176470588235	0.0387059503177354	1	1.046875	0.00749698210653407	0.503534169300302	0.760132560243885	0.808149087740595
IU_PDA_T1	CC2_CC3	CC2,CC3	KCNA5	68	3462	0	4	0	0.115540150202195	-0.115540150202195	0	0.00115540150202195	NA	1	-0.00166592979353096	0.499422299248989	0.779156973466029	0.808149087740595
IU_PDA_T1	CC2_CC3	CC2,CC3	KCNMB4	68	3462	2	123	2.94117647058824	3.5528596187175	-0.611683148129269	0.0294117647058824	0.0378393991912189	1	1.0650406504065	-0.0117630349408985	0.496907601862235	0.784671410294675	0.808149087740595
IU_PDA_T1	CC2_CC3	CC2,CC3	KCNB1	68	3462	0	3	0	0.0866551126516464	-0.0866551126516464	0	0.000866551126516464	NA	1	-0.00124962765793747	0.499566724436742	0.808149087740595	0.808149087740595
IU_PDA_T10	CC2_CC3	CC2,CC3	KCNK1	1235	1479	352	107	28.502024291498	7.23461798512508	21.2674063063729	0.398380566801619	0.0831643002028398	1.39772727272727	1.14953271028037	0.368504945747242	0.608087858904556	2.91914568721969e-50	7.00594964932725e-49
IU_PDA_T10	CC2_CC3	CC2,CC3	KCNN4	1235	1479	123	40	9.95951417004049	2.70453008789723	7.25498408214326	0.115789473684211	0.0277214334009466	1.16260162601626	1.025	0.118615575000371	0.536438889390742	1.80129212072075e-15	2.1615505448649e-14
IU_PDA_T10	CC2_CC3	CC2,CC3	KCNK6	1235	1479	147	75	11.9028340080972	5.0709939148073	6.83184009328986	0.138461538461538	0.0534144692359702	1.16326530612245	1.05333333333333	0.112012371637894	0.534411039300545	7.45078954964043e-11	5.96063163971235e-10
IU_PDA_T10	CC2_CC3	CC2,CC3	KCNC4	1235	1479	56	30	4.53441295546559	2.02839756592292	2.50601538954267	0.048582995951417	0.0209601081812035	1.07142857142857	1.03333333333333	0.0385145589885029	0.512547596170955	0.000202517725696773	0.00121510635418064
IU_PDA_T10	CC2_CC3	CC2,CC3	KCND3	1235	1479	35	15	2.83400809716599	1.01419878296146	1.81980931420453	0.0291497975708502	0.0101419878296146	1.02857142857143	1	0.0268948928427495	0.50910315263897	0.000445341179819422	0.00213763766313323
IU_PDA_T10	CC2_CC3	CC2,CC3	KCNAB2	1235	1479	127	102	10.2834008097166	6.89655172413793	3.38684908557867	0.121457489878543	0.0757268424611224	1.18110236220472	1.09803921568627	0.0600631512325307	0.517260540960765	0.00128198626595812	0.00512794506383247
IU_PDA_T10	CC2_CC3	CC2,CC3	KCNK15	1235	1479	17	6	1.37651821862348	0.405679513184584	0.970838705438898	0.0137651821862348	0.00405679513184584	1	1	0.0138826418715178	0.504854193527195	0.00601313985685886	0.0206164795092304
IU_PDA_T10	CC2_CC3	CC2,CC3	KCNJ16	1235	1479	7	1	0.566801619433198	0.0676132521974307	0.499188367235768	0.00566801619433198	0.000676132521974307	1	1	0.00717900833119683	0.502495941836179	0.0169242006200183	0.0507726018600549
IU_PDA_T10	CC2_CC3	CC2,CC3	KCNB1	1235	1479	6	1	0.48582995951417	0.0676132521974307	0.418216707316739	0.0048582995951417	0.000676132521974307	1	1	0.00601695024107199	0.502091083536584	0.0324596438680515	0.0779031452833236
IU_PDA_T10	CC2_CC3	CC2,CC3	KCNT2	1235	1479	6	1	0.48582995951417	0.0676132521974307	0.418216707316739	0.0048582995951417	0.000676132521974307	1	1	0.00601695024107199	0.502091083536584	0.0324596438680515	0.0779031452833236
IU_PDA_T10	CC2_CC3	CC2,CC3	KCNA5	1235	1479	1	5	0.0809716599190283	0.338066260987153	-0.257094601068125	0.000809716599190283	0.00338066260987153	1	1	-0.0037013380894011	0.498714526994659	0.155658020545002	0.339617499370913
IU_PDA_T10	CC2_CC3	CC2,CC3	KCNMA1	1235	1479	72	102	5.82995951417004	6.89655172413793	-1.06659220996789	0.0647773279352227	0.0757268424611224	1.11111111111111	1.09803921568627	-0.0147600255243554	0.4947417693868	0.265532936344565	0.531065872689131
IU_PDA_T10	CC2_CC3	CC2,CC3	KCNMB1	1235	1479	18	28	1.45748987854251	1.89317106152806	-0.435681182985549	0.0145748987854251	0.0196078431372549	1	1.03571428571429	-0.00713900331977606	0.497816666803536	0.380245643916377	0.663017160766625
IU_PDA_T10	CC2_CC3	CC2,CC3	KCNQ4	1235	1479	9	7	0.728744939271255	0.473292765382015	0.25545217388924	0.00728744939271255	0.00473292765382015	1	1	0.00366338021903428	0.501277260869446	0.386760010447198	0.663017160766625
IU_PDA_T10	CC2_CC3	CC2,CC3	KCNS3	1235	1479	62	83	5.02024291497976	5.61189993238675	-0.59165701740699	0.0518218623481781	0.0581473968897904	1.03225806451613	1.03614457831325	-0.00865021574507185	0.497036240155702	0.494202371437216	0.762183634390917
IU_PDA_T10	CC2_CC3	CC2,CC3	KCND2	1235	1479	11	17	0.890688259109312	1.14942528735632	-0.25873702824701	0.0097165991902834	0.0114942528735632	1.09090909090909	1	-0.00253769943093897	0.498710968402438	0.508122422927278	0.762183634390917
IU_PDA_T10	CC2_CC3	CC2,CC3	KCNJ15	1235	1479	15	15	1.21457489878543	1.01419878296146	0.200376115823965	0.0137651821862348	0.0101419878296146	1.13333333333333	1	0.0051654247704089	0.501005986647067	0.617689218536537	0.872031837933935
IU_PDA_T10	CC2_CC3	CC2,CC3	KCNAB1	1235	1479	1	2	0.0809716599190283	0.135226504394861	-0.0542548444758331	0.000809716599190283	0.00135226504394861	1	1	-0.000781886757445402	0.499728725777621	0.671928944502925	0.895905259337233
IU_PDA_T10	CC2_CC3	CC2,CC3	KCNK3	1235	1479	6	6	0.48582995951417	0.405679513184584	0.0801504463295859	0.0048582995951417	0.00405679513184584	1	1	0.00115119506925606	0.500400752231648	0.754022761752664	0.952449804319155
IU_PDA_T10	CC2_CC3	CC2,CC3	KCNK17	1235	1479	10	13	0.809716599190283	0.878972278566599	-0.0692556793763156	0.00809716599190283	0.0094658553076403	1	1.07692307692308	-0.00195741255207027	0.499650984224487	0.843425963614904	0.959728661078388
IU_PDA_T10	CC2_CC3	CC2,CC3	KCNN3	1235	1479	23	29	1.86234817813765	1.96078431372549	-0.098436135587838	0.0194331983805668	0.0216362407031778	1.04347826086957	1.10344827586207	-0.00311436681878467	0.499496869807535	0.84900448259115	0.959728661078388
IU_PDA_T10	CC2_CC3	CC2,CC3	KCNE4	1235	1479	62	73	5.02024291497976	4.93576741041244	0.0844755045673162	0.0534412955465587	0.050709939148073	1.06451612903226	1.02739726027397	0.00374546893711292	0.500448930095562	0.914700063486561	0.959728661078388
IU_PDA_T10	CC2_CC3	CC2,CC3	KCNMB4	1235	1479	13	15	1.05263157894737	1.01419878296146	0.0384327959859079	0.011336032388664	0.0101419878296146	1.07692307692308	1	0.00170433944574825	0.500196270047877	0.919739966866789	0.959728661078388
IU_PDA_T10	CC2_CC3	CC2,CC3	KCNJ8	1235	1479	64	76	5.18218623481781	5.13860716700473	0.0435790678130807	0.0534412955465587	0.0561189993238675	1.03125	1.09210526315789	-0.00366248079715641	0.500153840679089	0.971220159810429	0.971220159810429
IU_PDA_T11	CC2_CC3	CC2,CC3	KCNK1	270	2507	131	335	48.5185185185185	13.3625847626645	35.155933755854	0.792592592592593	0.158755484643	1.63358778625954	1.18805970149254	0.629471472765812	0.683608119487657	8.34784515872324e-53	2.00348283809358e-51
IU_PDA_T11	CC2_CC3	CC2,CC3	KCNN4	270	2507	85	211	31.4814814814815	8.41643398484244	23.065047496639	0.422222222222222	0.0913442361388113	1.34117647058824	1.08530805687204	0.382040669618367	0.617789448802612	1.07619229556995e-32	1.29143075468394e-31
IU_PDA_T11	CC2_CC3	CC2,CC3	KCNC4	270	2507	54	152	20	6.06302353410451	13.9369764658955	0.237037037037037	0.0662145991224571	1.18518518518519	1.09210526315789	0.214390854014082	0.57027729764068	5.7660736583457e-17	4.61285892667656e-16
IU_PDA_T11	CC2_CC3	CC2,CC3	KCNK6	270	2507	58	224	21.4814814814815	8.93498205025927	12.5464994312222	0.240740740740741	0.0957319505384922	1.12068965517241	1.07142857142857	0.179306774052387	0.563242919824491	6.40843442945487e-11	3.84506065767292e-10
IU_PDA_T11	CC2_CC3	CC2,CC3	KCNK15	270	2507	10	16	3.7037037037037	0.638213003589948	3.06549070011376	0.0407407407407407	0.00638213003589948	1.1	1	0.048432513027734	0.515339272259895	6.61103581298157e-07	3.17329719023115e-06
IU_PDA_T11	CC2_CC3	CC2,CC3	KCNJ15	270	2507	13	43	4.81481481481481	1.71519744714799	3.09961736766683	0.0518518518518519	0.0171519744714799	1.07692307692308	1	0.0483962715415701	0.515529849754022	0.000562452099730559	0.00224980839892224
IU_PDA_T11	CC2_CC3	CC2,CC3	KCNMB4	270	2507	31	160	11.4814814814815	6.38213003589948	5.099351445582	0.122222222222222	0.0670123653769445	1.06451612903226	1.05	0.0727814910801877	0.525549941644876	0.00162491851734397	0.0055711492023222
IU_PDA_T11	CC2_CC3	CC2,CC3	KCNA5	270	2507	3	6	1.11111111111111	0.239329876346231	0.871781234764881	0.0111111111111111	0.00239329876346231	1	1	0.0124928688223054	0.504358906173824	0.0166537661691167	0.0499612985073502
IU_PDA_T11	CC2_CC3	CC2,CC3	KCNJ16	270	2507	2	4	0.740740740740741	0.159553250897487	0.581187489843254	0.00740740740740741	0.00159553250897487	1	1	0.00834721176194773	0.502905937449216	0.0507189963449174	0.13525065691978
IU_PDA_T11	CC2_CC3	CC2,CC3	KCNQ4	270	2507	9	43	3.33333333333333	1.71519744714799	1.61813588618535	0.037037037037037	0.0171519744714799	1.11111111111111	1	0.0279321689818543	0.508122442346615	0.0613897345329037	0.147335362878969
IU_PDA_T11	CC2_CC3	CC2,CC3	KCND2	270	2507	11	63	4.07407407407407	2.51296370163542	1.56111037243865	0.0407407407407407	0.0255285201435979	1	1.01587301587302	0.0212431091703783	0.507797426465157	0.130660295780526	0.281669795400389
IU_PDA_T11	CC2_CC3	CC2,CC3	KCNT2	270	2507	0	20	0	0.797766254487435	-0.797766254487435	0	0.00797766254487435	NA	1	-0.011463668110836	0.496011168727563	0.140834897700195	0.281669795400389
IU_PDA_T11	CC2_CC3	CC2,CC3	KCNS3	270	2507	42	328	15.5555555555556	13.0833665735939	2.47218898196162	0.192592592592593	0.146390107698444	1.23809523809524	1.11890243902439	0.0570032154403888	0.513478556338548	0.216112040124556	0.398976074076104
IU_PDA_T11	CC2_CC3	CC2,CC3	KCNN3	270	2507	5	79	1.85185185185185	3.15117670522537	-1.29932485337352	0.0185185185185185	0.0315117670522537	1	1	-0.018288067615124	0.493503375733132	0.236329964297649	0.405137081653113
IU_PDA_T11	CC2_CC3	CC2,CC3	KCND3	270	2507	11	71	4.07407407407407	2.83207020343039	1.24200387064368	0.0407407407407407	0.0291184682887914	1	1.02816901408451	0.0162016536934181	0.506193768559146	0.253348337872947	0.405357340596716
IU_PDA_T11	CC2_CC3	CC2,CC3	KCNB1	270	2507	7	44	2.59259259259259	1.75508575987236	0.837506832720235	0.0259259259259259	0.018348623853211	1	1.04545454545455	0.0106950274251781	0.504177192749191	0.331422203710238	0.481386152262717
IU_PDA_T11	CC2_CC3	CC2,CC3	KCNMA1	270	2507	108	1057	40	42.161946549661	-2.16194654966095	0.57037037037037	0.666134822497008	1.42592592592593	1.57994323557237	-0.0854002898164851	0.484394066982819	0.340981857852758	0.481386152262717
IU_PDA_T11	CC2_CC3	CC2,CC3	KCNE4	270	2507	15	170	5.55555555555556	6.7810131631432	-1.22545760758764	0.062962962962963	0.0729956122856003	1.13333333333333	1.07647058823529	-0.0135528469851906	0.494008627694308	0.453257008629439	0.604342678172585
IU_PDA_T11	CC2_CC3	CC2,CC3	KCNK3	270	2507	5	35	1.85185185185185	1.39609094535301	0.45576090649884	0.0185185185185185	0.0147586757080176	1	1.05714285714286	0.00533553691077499	0.502271417807916	0.551743393665098	0.674008287795229
IU_PDA_T11	CC2_CC3	CC2,CC3	KCNJ8	270	2507	19	200	7.03703703703704	7.97766254487435	-0.940625507837314	0.0703703703703704	0.0913442361388113	1	1.145	-0.0279961486021106	0.494988107373428	0.561673573162691	0.674008287795229
IU_PDA_T11	CC2_CC3	CC2,CC3	KCNAB1	270	2507	4	46	1.48148148148148	1.8348623853211	-0.353380903839619	0.0148148148148148	0.0187475069804547	1	1.02173913043478	-0.00558004295908889	0.49823014079097	0.677749661857071	0.745445714504847
IU_PDA_T11	CC2_CC3	CC2,CC3	KCNK17	270	2507	1	6	0.37037037037037	0.239329876346231	0.13104049402414	0.0037037037037037	0.00239329876346231	1	1	0.00188476925632464	0.500655202470121	0.68332523829611	0.745445714504847
IU_PDA_T11	CC2_CC3	CC2,CC3	KCNAB2	270	2507	21	180	7.77777777777778	7.17989629038692	0.597881487390861	0.0814814814814815	0.0777822098125249	1.04761904761905	1.08333333333333	0.00494328333744113	0.502904460104301	0.726435160840367	0.758019298268209
IU_PDA_T11	CC2_CC3	CC2,CC3	KCNMB1	270	2507	50	461	18.5185185185185	18.3885121659354	0.130006352583138	0.237037037037037	0.247307538891105	1.28	1.34490238611714	-0.0119285276678799	0.500599802035781	0.961601948600735	0.961601948600735
IU_PDA_T12	CC2_CC3	CC2,CC3	KCNN4	251	3391	167	665	66.5338645418327	19.6107342966677	46.923130245165	1.25498007968127	0.251253317605426	1.88622754491018	1.2812030075188	0.849740794615805	0.755699114482794	2.37119117848716e-76	5.6908588283692e-75
IU_PDA_T12	CC2_CC3	CC2,CC3	KCNK1	251	3391	165	661	65.7370517928287	19.4927749926275	46.2442768002011	1.21115537848606	0.237982895900914	1.84242424242424	1.22087745839637	0.836809025019973	0.753793437280075	1.03010948643475e-75	1.23613138372171e-74
IU_PDA_T12	CC2_CC3	CC2,CC3	KCNJ15	251	3391	152	719	60.5577689243028	21.2031849012091	39.3545840230937	1.23107569721116	0.293423768799764	2.03289473684211	1.38386648122392	0.786544435346032	0.717169658141248	9.24785476130515e-54	7.39828380904412e-53
IU_PDA_T12	CC2_CC3	CC2,CC3	KCNK6	251	3391	145	992	57.7689243027888	29.2539074019463	28.5150169008425	0.9800796812749	0.375405485107638	1.69655172413793	1.28326612903226	0.525701483436449	0.662826723186875	3.05258278296564e-26	1.83154966977939e-25
IU_PDA_T12	CC2_CC3	CC2,CC3	KCNC4	251	3391	78	454	31.0756972111554	13.3883810085521	17.6873162026033	0.374501992031873	0.148923621350634	1.20512820512821	1.11233480176211	0.258626104657848	0.590002714003908	7.22936689030818e-15	3.47009610734793e-14
IU_PDA_T12	CC2_CC3	CC2,CC3	KCNQ4	251	3391	30	159	11.9521912350598	4.68888233559422	7.26330889946554	0.135458167330677	0.0498378059569449	1.13333333333333	1.06289308176101	0.113108098273003	0.536441670651514	5.11461127683495e-07	2.04584451073398e-06
IU_PDA_T12	CC2_CC3	CC2,CC3	KCND3	251	3391	64	483	25.4980079681275	14.2435859628428	11.2544220052847	0.314741035856574	0.162194043055146	1.234375	1.13871635610766	0.177927695182641	0.558332285719992	6.23229478165386e-07	2.13678678228132e-06
IU_PDA_T12	CC2_CC3	CC2,CC3	KCNJ8	251	3391	26	723	10.3585657370518	21.3211442052492	-10.9625784681974	0.103585657370518	0.270421704511943	1	1.26832641770401	-0.20310885342036	0.44283497093901	1.67092948385964e-05	5.01278845157892e-05
IU_PDA_T12	CC2_CC3	CC2,CC3	KCNE4	251	3391	50	1048	19.9203187250996	30.9053376585078	-10.9850189334082	0.211155378486056	0.391624889413152	1.06	1.26717557251908	-0.200386427618598	0.440088657460985	7.88076879572571e-05	0.000210153834552686
IU_PDA_T12	CC2_CC3	CC2,CC3	KCNMA1	251	3391	85	1473	33.8645418326693	43.4385137127691	-9.57397188009978	0.47808764940239	0.682099675611914	1.41176470588235	1.57026476578411	-0.186531374748426	0.445612419093899	0.00121064053648836	0.00290553728757207
IU_PDA_T12	CC2_CC3	CC2,CC3	KCNAB2	251	3391	73	1255	29.0836653386454	37.0097316425833	-7.92606630393789	0.330677290836653	0.517251548215865	1.13698630136986	1.39760956175299	-0.18929955423262	0.451170840084075	0.00239238473827794	0.00521974851987915
IU_PDA_T12	CC2_CC3	CC2,CC3	KCND2	251	3391	24	528	9.56175298804781	15.570628133294	-6.0088751452462	0.0956175298804781	0.180182836921262	1	1.15719696969697	-0.10726612841906	0.468884121432289	0.00808845579588534	0.0161769115917707
IU_PDA_T12	CC2_CC3	CC2,CC3	KCNAB1	251	3391	4	171	1.59362549800797	5.04276024771454	-3.44913474970657	0.0159362549800797	0.0539663815983486	1	1.07017543859649	-0.0530189671079738	0.482728478595203	0.0135655708576015	0.0250441308140336
IU_PDA_T12	CC2_CC3	CC2,CC3	KCNK15	251	3391	6	30	2.39043824701195	0.884694780300796	1.50574346671116	0.0239043824701195	0.00884694780300796	1	1	0.0213736755006371	0.507528717333556	0.0199933442583844	0.0342743044429447
IU_PDA_T12	CC2_CC3	CC2,CC3	KCNS3	251	3391	63	1011	25.0996015936255	29.8142140961368	-4.71461250251134	0.306772908366534	0.394868770274255	1.22222222222222	1.324431256182	-0.0941209485340149	0.473844521648	0.0830751991812148	0.132920318689944
IU_PDA_T12	CC2_CC3	CC2,CC3	KCNMB4	251	3391	32	567	12.7490039840637	16.720731347685	-3.97172736362131	0.143426294820717	0.191683869065173	1.125	1.14638447971781	-0.0596381944331125	0.4800849682955	0.10114143270503	0.151712149057544
IU_PDA_T12	CC2_CC3	CC2,CC3	KCNA5	251	3391	3	89	1.19521912350598	2.62459451489236	-1.42937539138639	0.0119521912350598	0.0271306399292244	1	1.03370786516854	-0.0214785557398979	0.492847836022469	0.163508394792574	0.230835380883634
IU_PDA_T12	CC2_CC3	CC2,CC3	KCNN3	251	3391	14	252	5.57768924302789	7.43143615452669	-1.8537469114988	0.0557768924302789	0.0813919197876733	1	1.0952380952381	-0.0345844861864457	0.490533883340128	0.266178258192133	0.343669888705248
IU_PDA_T12	CC2_CC3	CC2,CC3	KCNMB1	251	3391	62	736	24.7011952191235	21.7045119433795	2.99668327574397	0.286852589641434	0.254792096726629	1.16129032258065	1.17391304347826	0.0363984531952588	0.514918209791327	0.272071995224988	0.343669888705248
IU_PDA_T12	CC2_CC3	CC2,CC3	KCNK17	251	3391	25	358	9.9601593625498	10.5573577115895	-0.597198349039701	0.127490039840637	0.122972574461811	1.28	1.16480446927374	0.00579199459859755	0.496738495736899	0.74533759571978	0.85826726179167
IU_PDA_T12	CC2_CC3	CC2,CC3	KCNK3	251	3391	16	233	6.37450199203187	6.87112946033618	-0.496627468304312	0.0717131474103586	0.0784429371866706	1.125	1.14163090128755	-0.00903103371008528	0.497379400122894	0.750983854067711	0.85826726179167
IU_PDA_T12	CC2_CC3	CC2,CC3	KCNJ16	251	3391	1	17	0.398406374501992	0.501327042170451	-0.102920667668459	0.00398406374501992	0.00501327042170451	1	1	-0.00147818165126286	0.499485396661658	0.822502147334099	0.879813656325773
IU_PDA_T12	CC2_CC3	CC2,CC3	KCNB1	251	3391	3	36	1.19521912350598	1.06163373636096	0.133585387145021	0.0119521912350598	0.0109112356237098	1	1.02777777777778	0.00148480773432502	0.500666164595525	0.843154753978866	0.879813656325773
IU_PDA_T12	CC2_CC3	CC2,CC3	KCNT2	251	3391	4	57	1.59362549800797	1.68092008257151	-0.0872945845635447	0.0159362549800797	0.0171040990858154	1	1.01754385964912	-0.00165746152733662	0.499561177290249	0.916744720883408	0.916744720883408
IU_PDA_T2	CC2_CC3	CC2,CC3	KCNK1	688	3430	186	383	27.0348837209302	11.1661807580175	15.8687029629127	0.328488372093023	0.121574344023324	1.21505376344086	1.088772845953	0.244260347119531	0.580787468641942	4.3322549391383e-29	1.03974118539319e-27
IU_PDA_T2	CC2_CC3	CC2,CC3	KCNK6	688	3430	115	245	16.7151162790698	7.14285714285714	9.57225913621263	0.193313953488372	0.0752186588921283	1.15652173913043	1.0530612244898	0.150343577706544	0.548282298799919	2.82053098533503e-16	3.38463718240204e-15
IU_PDA_T2	CC2_CC3	CC2,CC3	KCNN4	688	3430	190	540	27.6162790697674	15.7434402332362	11.8728388365313	0.344476744186047	0.183965014577259	1.24736842105263	1.16851851851852	0.183418349837426	0.560685046443827	3.28087540774102e-14	2.62470032619282e-13
IU_PDA_T2	CC2_CC3	CC2,CC3	KCNS3	688	3430	117	372	17.0058139534884	10.8454810495627	6.16033290392569	0.184593023255814	0.119241982507289	1.08547008547009	1.0994623655914	0.0818695106295672	0.530695301376364	5.64389143394613e-06	3.38633486036768e-05
IU_PDA_T2	CC2_CC3	CC2,CC3	KCND3	688	3430	28	53	4.06976744186047	1.54518950437318	2.52457793748729	0.0421511627906977	0.0154518950437318	1.03571428571429	1	0.0374426574732589	0.512634119262323	1.32789456147601e-05	6.37389389508487e-05
IU_PDA_T2	CC2_CC3	CC2,CC3	KCNC4	688	3430	59	170	8.57558139534884	4.95626822157434	3.61931317377449	0.0901162790697674	0.0524781341107872	1.05084745762712	1.05882352941176	0.0506917699667867	0.518091480778358	0.000157531476570315	0.00063012590628126
IU_PDA_T2	CC2_CC3	CC2,CC3	KCNQ4	688	3430	17	31	2.47093023255814	0.903790087463557	1.56714014509458	0.0247093023255814	0.00932944606413994	1	1.03225806451613	0.0218175442775938	0.507832098786358	0.000477297936083332	0.00163645006657142
IU_PDA_T2	CC2_CC3	CC2,CC3	KCNK3	688	3430	36	101	5.23255813953488	2.94460641399417	2.28795172554072	0.0523255813953488	0.0306122448979592	1	1.03960396039604	0.0300794937445212	0.511409248084616	0.00232311605876239	0.00696934817628716
IU_PDA_T2	CC2_CC3	CC2,CC3	KCNAB1	688	3430	8	15	1.16279069767442	0.43731778425656	0.725472913417859	0.0116279069767442	0.0043731778425656	1	1	0.0103833346151515	0.503627364567089	0.0198044150588537	0.0528117734902764
IU_PDA_T2	CC2_CC3	CC2,CC3	KCNMB4	688	3430	43	153	6.25	4.46064139941691	1.78935860058309	0.0668604651162791	0.0466472303206997	1.06976744186047	1.04575163398693	0.0275962304908757	0.508988744999661	0.0432845858916995	0.103883006140079
IU_PDA_T2	CC2_CC3	CC2,CC3	KCNJ16	688	3430	18	54	2.61627906976744	1.57434402332362	1.04193504644383	0.0261627906976744	0.0157434402332362	1	1	0.0147235710303925	0.505209675232219	0.0570666308570335	0.124509012778982
IU_PDA_T2	CC2_CC3	CC2,CC3	KCNJ15	688	3430	95	401	13.8081395348837	11.6909620991254	2.11717743575836	0.151162790697674	0.131778425655977	1.09473684210526	1.12718204488778	0.0245003237240226	0.510156197030307	0.135553927623596	0.271107855247193
IU_PDA_T2	CC2_CC3	CC2,CC3	KCNT2	688	3430	1	18	0.145348837209302	0.524781341107872	-0.379432503898569	0.00145348837209302	0.00524781341107872	1	1	-0.00545578002673027	0.498102837480507	0.180199518101129	0.33267603341747
IU_PDA_T2	CC2_CC3	CC2,CC3	KCNA5	688	3430	5	16	0.726744186046512	0.466472303206997	0.260271882839515	0.00726744186046512	0.00466472303206997	1	1	0.0037326622703421	0.501301359414198	0.381784063783814	0.612622083703712
IU_PDA_T2	CC2_CC3	CC2,CC3	KCNB1	688	3430	1	12	0.145348837209302	0.349854227405248	-0.204505390195945	0.00145348837209302	0.00349854227405248	1	1	-0.00294310297783572	0.49897747304902	0.38288880231482	0.612622083703712
IU_PDA_T2	CC2_CC3	CC2,CC3	KCNN3	688	3430	7	46	1.01744186046512	1.34110787172012	-0.323666011255	0.0101744186046512	0.0137026239067055	1	1.02173913043478	-0.0050300777586815	0.498380186792325	0.491483385776675	0.72891287547231
IU_PDA_T2	CC2_CC3	CC2,CC3	KCNJ8	688	3430	53	241	7.70348837209302	7.02623906705539	0.67724930503763	0.0843023255813953	0.0728862973760933	1.09433962264151	1.03734439834025	0.0152698756689393	0.503491338395823	0.516313286792886	0.72891287547231
IU_PDA_T2	CC2_CC3	CC2,CC3	KCND2	688	3430	14	79	2.03488372093023	2.30320699708455	-0.268323276154316	0.0218023255813953	0.0236151603498542	1.07142857142857	1.0253164556962	-0.00255729545014309	0.498669189436572	0.668072215729777	0.890762954306369
IU_PDA_T2	CC2_CC3	CC2,CC3	KCNMB1	688	3430	14	63	2.03488372093023	1.83673469387755	0.198149027052681	0.0203488372093023	0.0183673469387755	1	1	0.00280439926777287	0.500990745135263	0.726238387422336	0.911573598949205
IU_PDA_T2	CC2_CC3	CC2,CC3	KCNAB2	688	3430	39	184	5.66860465116279	5.36443148688047	0.304173164282324	0.0566860465116279	0.056268221574344	1	1.04891304347826	0.000570569824383718	0.501446496372635	0.759644665791004	0.911573598949205
IU_PDA_T2	CC2_CC3	CC2,CC3	KCNK17	688	3430	27	129	3.92441860465116	3.76093294460641	0.163485660044749	0.0421511627906977	0.0387755102040816	1.07407407407407	1.03100775193798	0.00468064692668189	0.50082272526951	0.836561130238582	0.956069863129808
IU_PDA_T2	CC2_CC3	CC2,CC3	KCNE4	688	3430	36	182	5.23255813953488	5.30612244897959	-0.0735643094447074	0.0523255813953488	0.0551020408163265	1	1.03846153846154	-0.00380139893125646	0.499578785002373	0.928247268129565	0.987620812668374
IU_PDA_T2	CC2_CC3	CC2,CC3	KCNMA1	688	3430	71	357	10.3197674418605	10.4081632653061	-0.0883958234456568	0.111918604651163	0.113411078717201	1.08450704225352	1.08963585434174	-0.00193516068442302	0.499571793002915	0.946469945473859	0.987620812668374
IU_PDA_T2	CC2_CC3	CC2,CC3	KCNK15	688	3430	1	5	0.145348837209302	0.145772594752187	-0.000423757542884262	0.00145348837209302	0.00145772594752187	1	1	-6.10464309466633e-06	0.499997881212286	0.997878287544913	0.997878287544913
IU_PDA_T3	CC2_CC3	CC2,CC3	KCNK1	325	4029	98	409	30.1538461538462	10.1514023330851	20.002443820761	0.406153846153846	0.111690245718541	1.3469387755102	1.10024449877751	0.338999586435154	0.603372472650209	5.92321105154214e-29	1.42157065237011e-27
IU_PDA_T3	CC2_CC3	CC2,CC3	KCNN4	325	4029	73	251	22.4615384615385	6.22983370563415	16.2317047559043	0.264615384615385	0.0655249441548771	1.17808219178082	1.05179282868526	0.247134308466641	0.581860358554327	2.92482561799165e-27	3.50979074158998e-26
IU_PDA_T3	CC2_CC3	CC2,CC3	KCNS3	325	4029	96	463	29.5384615384615	11.4916852817076	18.0467762567539	0.350769230769231	0.130057086125589	1.1875	1.1317494600432	0.257385567748941	0.591145731905226	3.7702156831185e-21	3.0161725464948e-20
IU_PDA_T3	CC2_CC3	CC2,CC3	KCNJ15	325	4029	31	194	9.53846153846154	4.81509059319931	4.72337094526223	0.107692307692308	0.0498883097542815	1.12903225806452	1.0360824742268	0.0773213305551442	0.52369589705405	0.00020566162764908	0.00116183273705901
IU_PDA_T3	CC2_CC3	CC2,CC3	KCNK3	325	4029	18	487	5.53846153846154	12.0873665922065	-6.54890505374496	0.0646153846153846	0.268801191362621	1.16666666666667	2.22381930184805	-0.253133711077488	0.466038528361685	0.000242048486887293	0.00116183273705901
IU_PDA_T3	CC2_CC3	CC2,CC3	KCNJ8	325	4029	16	435	4.92307692307692	10.7967237527923	-5.87364682971533	0.0523076923076923	0.120625465376024	1.0625	1.11724137931034	-0.0907475752495411	0.47052103022319	0.000799013531942548	0.00319605412777019
IU_PDA_T3	CC2_CC3	CC2,CC3	KCNK15	325	4029	11	48	3.38461538461538	1.19136262099777	2.19325276361762	0.0369230769230769	0.0121618267560189	1.09090909090909	1.02083333333333	0.0348689033980436	0.510980392156863	0.000989058740642271	0.00339105853934493
IU_PDA_T3	CC2_CC3	CC2,CC3	KCNMA1	325	4029	33	655	10.1538461538462	16.2571357656987	-6.10328961185253	0.110769230769231	0.184413005708613	1.09090909090909	1.13435114503817	-0.0926131185752755	0.469196021154323	0.00345512935413042	0.0103653880623913
IU_PDA_T3	CC2_CC3	CC2,CC3	KCNE4	325	4029	11	294	3.38461538461538	7.29709605361132	-3.91248066899593	0.0338461538461538	0.0754529659965252	1	1.03401360544218	-0.056922916260327	0.480399793802623	0.00774509490894644	0.0206535864238572
IU_PDA_T3	CC2_CC3	CC2,CC3	KCND3	325	4029	4	158	1.23076923076923	3.92156862745098	-2.69079939668175	0.0123076923076923	0.0414494911888806	1	1.05696202531646	-0.0409450066092443	0.486533783912786	0.0136124456823672	0.0326698696376812
IU_PDA_T3	CC2_CC3	CC2,CC3	KCNQ4	325	4029	10	62	3.07692307692308	1.53884338545545	1.53807969146763	0.0307692307692308	0.0158848349466369	1	1.03225806451613	0.0209845161348315	0.50768276151746	0.0366850625300318	0.073506547321239
IU_PDA_T3	CC2_CC3	CC2,CC3	KCNMB4	325	4029	43	387	13.2307692307692	9.60536113179449	3.62540809897474	0.141538461538462	0.105981633159593	1.06976744186047	1.10335917312662	0.0456520415135534	0.517974683544304	0.0367532736606195	0.073506547321239
IU_PDA_T3	CC2_CC3	CC2,CC3	KCNK17	325	4029	1	66	0.307692307692308	1.63812360387193	-1.33043129617962	0.00307692307692308	0.0166294365847605	1	1.01515151515152	-0.0193616635361411	0.493347461672108	0.060890269005867	0.105478538694981
IU_PDA_T3	CC2_CC3	CC2,CC3	KCNK6	325	4029	35	315	10.7692307692308	7.81831720029784	2.95091356893293	0.110769230769231	0.0824025812856788	1.02857142857143	1.05396825396825	0.0373219340383466	0.514660633484163	0.0615291475720724	0.105478538694981
IU_PDA_T3	CC2_CC3	CC2,CC3	KCNN3	325	4029	3	87	0.923076923076923	2.15934475055845	-1.23626782748153	0.0123076923076923	0.0220898485976669	1.33333333333333	1.02298850574713	-0.0138741586642309	0.493849590469099	0.133843064073168	0.21414890251707
IU_PDA_T3	CC2_CC3	CC2,CC3	KCND2	325	4029	3	85	0.923076923076923	2.10970464135021	-1.18662771827329	0.00923076923076923	0.0215934475055845	1	1.02352941176471	-0.0175650800431033	0.49406457032667	0.143542319480717	0.215313479221076
IU_PDA_T3	CC2_CC3	CC2,CC3	KCNAB2	325	4029	53	551	16.3076923076923	13.6758500868702	2.63184222082212	0.190769230769231	0.15289153636138	1.16981132075472	1.11796733212341	0.0466370571071765	0.513655230349199	0.171149457505086	0.241622763536591
IU_PDA_T3	CC2_CC3	CC2,CC3	KCNC4	325	4029	18	162	5.53846153846154	4.02084884586746	1.51761269259408	0.0553846153846154	0.0409530900967982	1	1.01851851851852	0.0198638023090014	0.507567443725299	0.187422772199074	0.242594978448757
IU_PDA_T3	CC2_CC3	CC2,CC3	KCNAB1	325	4029	0	21	0	0.521221146686523	-0.521221146686523	0	0.00521221146686523	NA	1	-0.00750010251075074	0.497393894266567	0.192054357938599	0.242594978448757
IU_PDA_T3	CC2_CC3	CC2,CC3	KCNA5	325	4029	0	13	0	0.322660709853562	-0.322660709853562	0	0.00322660709853562	NA	1	-0.0046475162311368	0.498386696450732	0.305151269021981	0.366181522826377
IU_PDA_T3	CC2_CC3	CC2,CC3	KCNB1	325	4029	0	8	0	0.198560436832961	-0.198560436832961	0	0.00198560436832961	NA	1	-0.00286178133191129	0.499007197815835	0.421416792746904	0.481619191710748
IU_PDA_T3	CC2_CC3	CC2,CC3	KCNJ16	325	4029	0	5	0	0.124100273020601	-0.124100273020601	0	0.00124100273020601	NA	1	-0.00178927846436315	0.499379498634897	0.525186200519973	0.572930400567243
IU_PDA_T3	CC2_CC3	CC2,CC3	KCNMB1	325	4029	20	275	6.15384615384615	6.82551501613304	-0.671668862286881	0.0707692307692308	0.072722759990072	1.15	1.06545454545455	-0.00262967877799731	0.496832197338526	0.662070231069129	0.690855893289526
IU_PDA_T3	CC2_CC3	CC2,CC3	KCNT2	325	4029	1	16	0.307692307692308	0.397120873665922	-0.0894285659736144	0.00307692307692308	0.00397120873665922	1	1	-0.00128565085348084	0.499552857170132	0.803630076049965	0.803630076049965
IU_PDA_T4	CC2_CC3	CC2,CC3	KCNK1	1215	2406	465	420	38.2716049382716	17.4563591022444	20.8152458360272	0.665843621399177	0.21072319201995	1.73978494623656	1.20714285714286	0.460383917236895	0.611185000461808	3.47446296865318e-48	8.33871112476763e-47
IU_PDA_T4	CC2_CC3	CC2,CC3	KCNN4	1215	2406	288	243	23.7037037037037	10.0997506234414	13.6039530802623	0.339094650205761	0.112635078969244	1.43055555555556	1.11522633744856	0.267277440714683	0.570128348538804	2.53455891954539e-29	3.04147070345446e-28
IU_PDA_T4	CC2_CC3	CC2,CC3	KCNK6	1215	2406	261	258	21.4814814814815	10.7231920199501	10.7582894615314	0.279012345679012	0.120116375727348	1.29885057471264	1.12015503875969	0.191381559450776	0.554936561203302	5.9040233334695e-19	4.7232186667756e-18
IU_PDA_T4	CC2_CC3	CC2,CC3	KCNQ4	1215	2406	134	124	11.0288065843621	5.15378221113882	5.87502437322332	0.132510288065844	0.0552784704904406	1.20149253731343	1.07258064516129	0.101900403737525	0.529622103862429	6.10868063803556e-11	3.66520838282133e-10
IU_PDA_T4	CC2_CC3	CC2,CC3	KCNMB4	1215	2406	116	140	9.54732510288066	5.8187863674148	3.72853873546586	0.109465020576132	0.0602660016625104	1.14655172413793	1.03571428571429	0.0654379262623191	0.518857349082712	2.92303610398795e-05	0.000140305732991422
IU_PDA_T4	CC2_CC3	CC2,CC3	KCNAB2	1215	2406	128	169	10.5349794238683	7.024106400665	3.51087302320331	0.11522633744856	0.0768911055694098	1.09375	1.09467455621302	0.0504641647440726	0.517590625630711	0.000271183825469554	0.00108473530187822
IU_PDA_T4	CC2_CC3	CC2,CC3	KCNC4	1215	2406	85	107	6.99588477366255	4.44721529509559	2.54866947856696	0.0790123456790123	0.0461346633416459	1.12941176470588	1.03738317757009	0.0446427977437084	0.512851273736099	0.0011208107372169	0.00384277967045794
IU_PDA_T4	CC2_CC3	CC2,CC3	KCNMB1	1215	2406	35	112	2.88065843621399	4.65502909393184	-1.77437065771785	0.0296296296296296	0.0519534497090607	1.02857142857143	1.11607142857143	-0.0309453892619312	0.491098727803263	0.0103897921647467	0.03116937649424
IU_PDA_T4	CC2_CC3	CC2,CC3	KCNK3	1215	2406	7	33	0.576131687242798	1.3715710723192	-0.795439385076403	0.0065843621399177	0.014546965918537	1.14285714285714	1.06060606060606	-0.0113675625708338	0.496026052837727	0.0307516699594374	0.0820044532251664
IU_PDA_T4	CC2_CC3	CC2,CC3	KCNMA1	1215	2406	47	130	3.86831275720165	5.40315876974231	-1.53484601254067	0.0436213991769547	0.0586034912718204	1.12765957446809	1.08461538461538	-0.0205638854518543	0.492384778793756	0.0448014321579788	0.107523437179149
IU_PDA_T4	CC2_CC3	CC2,CC3	KCNK15	1215	2406	1	11	0.0823045267489712	0.457190357439734	-0.374885830690763	0.000823045267489712	0.00457190357439734	1	1	-0.00539391563906385	0.498125570846546	0.0638641491999219	0.139339961890739
IU_PDA_T4	CC2_CC3	CC2,CC3	KCNN3	1215	2406	6	26	0.493827160493827	1.08063175394846	-0.586804593454635	0.00493827160493827	0.0120532003325021	1	1.11538461538462	-0.010178243299368	0.497062898309781	0.0745697975280569	0.149139595056114
IU_PDA_T4	CC2_CC3	CC2,CC3	KCNJ16	1215	2406	4	2	0.329218106995885	0.0831255195344971	0.246092587461388	0.00329218106995885	0.000831255195344971	1	1	0.00354306254344333	0.501230462937307	0.0856265414189974	0.149285858999688
IU_PDA_T4	CC2_CC3	CC2,CC3	KCNS3	1215	2406	251	440	20.6584362139918	18.2876142975894	2.37082191640241	0.267489711934156	0.230673316708229	1.29482071713147	1.26136363636364	0.0425261890876434	0.511877371044269	0.0870834177498178	0.149285858999688
IU_PDA_T4	CC2_CC3	CC2,CC3	KCNA5	1215	2406	2	13	0.164609053497942	0.540315876974231	-0.375706823476289	0.00164609053497942	0.00623441396508728	1	1.15384615384615	-0.00659358260227482	0.498120781721964	0.0964302933706469	0.154288469393035
IU_PDA_T4	CC2_CC3	CC2,CC3	KCNE4	1215	2406	34	83	2.79835390946502	3.44970906068163	-0.651355151216609	0.0288065843621399	0.0353283458021613	1.02941176470588	1.02409638554217	-0.00911659800845411	0.496745789846372	0.295724153635551	0.443586230453326
IU_PDA_T4	CC2_CC3	CC2,CC3	KCNAB1	1215	2406	8	10	0.65843621399177	0.415627597672485	0.242808616319284	0.0065843621399177	0.00457190357439734	1	1.1	0.00288725944473733	0.501212674760287	0.327231112485209	0.461973335273237
IU_PDA_T4	CC2_CC3	CC2,CC3	KCNJ15	1215	2406	26	41	2.13991769547325	1.70407315045719	0.435844545016061	0.0213991769547325	0.0174563591022444	1	1.02439024390244	0.00557988612063841	0.502174775680825	0.359177894566961	0.478903859422615
IU_PDA_T4	CC2_CC3	CC2,CC3	KCNB1	1215	2406	1	5	0.0823045267489712	0.207813798836243	-0.125509272087272	0.000823045267489712	0.00207813798836243	1	1	-0.00180809347600757	0.499372453639564	0.380665768394095	0.480840970603068
IU_PDA_T4	CC2_CC3	CC2,CC3	KCND2	1215	2406	16	25	1.31687242798354	1.03906899418121	0.277803433802325	0.0148148148148148	0.0108063175394846	1.125	1.04	0.00570989964218684	0.501394832534576	0.453831081641541	0.54459729796985
IU_PDA_T4	CC2_CC3	CC2,CC3	KCNJ8	1215	2406	34	77	2.79835390946502	3.20033250207814	-0.401978592613117	0.0304526748971193	0.0344970906068163	1.08823529411765	1.07792207792208	-0.005651339365484	0.497982581269734	0.506084280046832	0.578382034339236
IU_PDA_T4	CC2_CC3	CC2,CC3	KCNT2	1215	2406	8	19	0.65843621399177	0.789692435577722	-0.131256221585953	0.0065843621399177	0.00789692435577722	1	1	-0.00188001475153225	0.49934371889207	0.664687731952938	0.725113889403205
IU_PDA_T4	CC2_CC3	CC2,CC3	KCNK17	1215	2406	5	12	0.411522633744856	0.498753117206983	-0.0872304834621265	0.00411522633744856	0.00498753117206983	1	1	-0.0012527681159414	0.499563847582689	0.716957436017229	0.748129498452761
IU_PDA_T4	CC2_CC3	CC2,CC3	KCND3	1215	2406	12	22	0.987654320987654	0.914380714879468	0.0732736061081862	0.00987654320987654	0.00914380714879468	1	1	0.00104715609015626	0.500366368030541	0.829112187877074	0.829112187877074
IU_PDA_T6	CC2_CC3	CC2,CC3	KCNK1	1656	1741	1059	562	63.9492753623188	32.2802986789202	31.6689766833987	1.31823671497585	0.456634118322803	2.06137865911237	1.41459074733096	0.670389344859318	0.688012990202199	2.16023871406017e-95	4.96854904233839e-94
IU_PDA_T6	CC2_CC3	CC2,CC3	KCNN4	1656	1741	341	165	20.5917874396135	9.47731188971855	11.114475549895	0.240338164251208	0.107983917288914	1.16715542521994	1.13939393939394	0.162796568420868	0.555588853094035	1.06105594067848e-19	1.22021433178025e-18
IU_PDA_T6	CC2_CC3	CC2,CC3	KCNJ16	1656	1741	122	22	7.36714975845411	1.26364158529581	6.1035081731583	0.0809178743961353	0.0252728317059161	1.09836065573771	2	0.0762490433869325	0.530334057554795	1.78602230742044e-18	1.36928376902233e-17
IU_PDA_T6	CC2_CC3	CC2,CC3	KCNC4	1656	1741	415	237	25.06038647343	13.6128661688685	11.4475203045615	0.314009661835749	0.158529580700747	1.25301204819277	1.16455696202532	0.181681002789154	0.558209993701216	9.31450238099824e-18	4.44206545184745e-17
IU_PDA_T6	CC2_CC3	CC2,CC3	KCNJ15	1656	1741	285	132	17.2101449275362	7.58184951177484	9.62829541576139	0.205917874396135	0.0896036760482481	1.19649122807018	1.18181818181818	0.146328184184273	0.548370917929892	9.65666402575533e-18	4.44206545184745e-17
IU_PDA_T6	CC2_CC3	CC2,CC3	KCNS3	1656	1741	325	192	19.6256038647343	11.0281447443998	8.59745912033453	0.232487922705314	0.117748420448018	1.18461538461538	1.06770833333333	0.140978002403383	0.544094438756115	9.27493557492262e-13	3.555391970387e-12
IU_PDA_T6	CC2_CC3	CC2,CC3	KCNK3	1656	1741	60	13	3.6231884057971	0.746697300402068	2.87649110539503	0.03743961352657	0.00746697300402068	1.03333333333333	1	0.0422948188455062	0.514386964568644	7.47594130812353e-09	2.4563807155263e-08
IU_PDA_T6	CC2_CC3	CC2,CC3	KCNK6	1656	1741	281	189	16.9685990338164	10.8558299827685	6.1127690510479	0.199275362318841	0.11889718552556	1.17437722419929	1.0952380952381	0.100085475597808	0.531195284513592	1.46385560947312e-07	4.20858487723521e-07
IU_PDA_T6	CC2_CC3	CC2,CC3	KCNQ4	1656	1741	83	46	5.01207729468599	2.64215967834578	2.36991761634021	0.054951690821256	0.0275703618609994	1.09638554216867	1.04347826086957	0.037939751016627	0.511869358495173	0.000297392779322123	0.000760003769378758
IU_PDA_T6	CC2_CC3	CC2,CC3	KCNMB1	1656	1741	60	106	3.6231884057971	6.08845491097071	-2.4652665051736	0.0380434782608696	0.0677771395749569	1.05	1.11320754716981	-0.0407436952896446	0.487623721166413	0.000825675903779615	0.00180592105703446
IU_PDA_T6	CC2_CC3	CC2,CC3	KCND3	1656	1741	92	56	5.55555555555556	3.2165422171166	2.33901333843896	0.0597826086956522	0.0350373348650201	1.07608695652174	1.08928571428571	0.0340855495301601	0.511674429155325	0.000863701375103437	0.00180592105703446
IU_PDA_T6	CC2_CC3	CC2,CC3	KCNMA1	1656	1741	142	205	8.57487922705314	11.7748420448018	-3.1999628177487	0.0923913043478261	0.145893164847789	1.07746478873239	1.2390243902439	-0.0689828083366912	0.483440197620891	0.00145608452265902	0.00279082866842979
IU_PDA_T6	CC2_CC3	CC2,CC3	KCNJ8	1656	1741	223	295	13.4661835748792	16.9442848937392	-3.47810131886	0.147946859903382	0.201608271108558	1.09865470852018	1.18983050847458	-0.0659107894466136	0.481911632495068	0.00342332085201155	0.00605664458432813
IU_PDA_T6	CC2_CC3	CC2,CC3	KCNK15	1656	1741	34	18	2.05314009661836	1.03388856978748	1.01925152683088	0.0205314009661836	0.0109132682366456	1	1.05555555555556	0.0136613477966633	0.505090361195049	0.0157174053814334	0.0258214516980692
IU_PDA_T6	CC2_CC3	CC2,CC3	KCNT2	1656	1741	6	17	0.36231884057971	0.976450315910396	-0.614131475330686	0.0036231884057971	0.00976450315910396	1	1	-0.0088011582212838	0.496929342623347	0.0291527364152182	0.0447008625033346
IU_PDA_T6	CC2_CC3	CC2,CC3	KCNAB2	1656	1741	155	137	9.35990338164251	7.86904078116025	1.49086260048226	0.105072463768116	0.0844342331993107	1.12258064516129	1.07299270072993	0.0271984139613396	0.507569120140294	0.115806547037575	0.166471911366514
IU_PDA_T6	CC2_CC3	CC2,CC3	KCNE4	1656	1741	178	211	10.7487922705314	12.1194715680643	-1.37067929753293	0.116545893719807	0.138426191843768	1.08426966292135	1.14218009478673	-0.0279982076305164	0.492879356081102	0.192970037343742	0.261077109347416
IU_PDA_T6	CC2_CC3	CC2,CC3	KCNMB4	1656	1741	65	83	3.92512077294686	4.76737507179782	-0.842254298850957	0.0404589371980676	0.0511200459506031	1.03076923076923	1.07228915662651	-0.0147074167946808	0.495760807132333	0.226368640202973	0.289248818037132
IU_PDA_T6	CC2_CC3	CC2,CC3	KCNA5	1656	1741	3	6	0.181159420289855	0.344629523262493	-0.163470102972638	0.00181159420289855	0.00344629523262493	1	1	-0.00235219180912054	0.499182649485137	0.354282218087825	0.428867948211577
IU_PDA_T6	CC2_CC3	CC2,CC3	KCNN3	1656	1741	58	55	3.5024154589372	3.15910396323952	0.343311495697681	0.036231884057971	0.0315910396323952	1.03448275862069	1	0.00647573291017472	0.501735634193242	0.572862508719978	0.658791885027974
IU_PDA_T6	CC2_CC3	CC2,CC3	KCNAB1	1656	1741	13	16	0.785024154589372	0.919012062033314	-0.133987907443942	0.00785024154589372	0.00919012062033314	1	1	-0.00191670649400149	0.49933006046278	0.671403369565024	0.735346547618836
IU_PDA_T6	CC2_CC3	CC2,CC3	KCND2	1656	1741	137	138	8.27294685990338	7.92647903503733	0.346467824866047	0.0851449275362319	0.0832854681217691	1.02919708029197	1.05072463768116	0.00247426298662113	0.501661755279741	0.722687644583366	0.755537082973519
IU_PDA_T6	CC2_CC3	CC2,CC3	KCNK17	1656	1741	12	12	0.72463768115942	0.689259046524986	0.0353786346344346	0.0072463768115942	0.00689259046524986	1	1	0.000506822836901284	0.500176893173172	0.902076691417033	0.902076691417033
IU_PDA_T6	CC2_CC3	CC2,CC3	KCNB1	1656	1741	0	0	0	0	0	0	0	NA	NA	0	0.5	NA	NA
IU_PDA_T8	CC2_CC3	CC2,CC3	KCNK1	2650	1129	744	111	28.0754716981132	9.83170947741364	18.2437622206996	0.38377358490566	0.109831709477414	1.36693548387097	1.11711711711712	0.318266977824882	0.593989170580076	3.50103768371105e-36	7.70228290416431e-35
IU_PDA_T8	CC2_CC3	CC2,CC3	KCNN4	2650	1129	667	105	25.1698113207547	9.30026572187777	15.8695455988769	0.342264150943396	0.102745792736935	1.35982008995502	1.1047619047619	0.283568358541484	0.581524307702592	1.02502732094681e-29	1.12753005304149e-28
IU_PDA_T8	CC2_CC3	CC2,CC3	KCNK6	2650	1129	226	53	8.52830188679245	4.69441984056687	3.83388204622558	0.0905660377358491	0.0487156775907883	1.06194690265487	1.0377358490566	0.0564535381941685	0.519200828918562	3.6120922231839e-05	0.000263942324985518
IU_PDA_T8	CC2_CC3	CC2,CC3	KCNC4	2650	1129	164	34	6.18867924528302	3.01151461470328	3.17716463057974	0.0667924528301887	0.0301151461470328	1.07926829268293	1	0.0504739127930338	0.515959690492505	5.58276143842777e-05	0.000263942324985518
IU_PDA_T8	CC2_CC3	CC2,CC3	KCNJ16	2650	1129	125	22	4.71698113207547	1.94862710363153	2.76835402844394	0.0483018867924528	0.0221434898139947	1.024	1.13636363636364	0.0364565017709869	0.513790129852767	5.99868920421631e-05	0.000263942324985518
IU_PDA_T8	CC2_CC3	CC2,CC3	KCNJ15	2650	1129	133	33	5.0188679245283	2.9229406554473	2.095927269081	0.0543396226415094	0.029229406554473	1.08270676691729	1	0.0347750784400112	0.510534786169093	0.00382429134570214	0.0129687299731018
IU_PDA_T8	CC2_CC3	CC2,CC3	KCNE4	2650	1129	78	54	2.94339622641509	4.78299379982285	-1.83959757340776	0.029811320754717	0.0504871567759079	1.01282051282051	1.05555555555556	-0.0286784888367861	0.49077193041095	0.00468403571888615	0.0129687299731018
IU_PDA_T8	CC2_CC3	CC2,CC3	KCNQ4	2650	1129	66	12	2.49056603773585	1.06288751107174	1.4276785266641	0.0252830188679245	0.0106288751107174	1.01515151515152	1	0.0207689003683699	0.507140398081455	0.00471590180840065	0.0129687299731018
IU_PDA_T8	CC2_CC3	CC2,CC3	KCNJ8	2650	1129	131	72	4.94339622641509	6.37732506643047	-1.43392884001538	0.0509433962264151	0.0690876882196634	1.03053435114504	1.08333333333333	-0.0246952220925502	0.492736099737621	0.0698781146283801	0.170813169091596
IU_PDA_T8	CC2_CC3	CC2,CC3	KCNAB2	2650	1129	230	80	8.67924528301887	7.0859167404783	1.59332854254057	0.0947169811320755	0.0797165633303809	1.09130434782609	1.125	0.019905296012862	0.50786001972024	0.107139805457596	0.235707572006711
IU_PDA_T8	CC2_CC3	CC2,CC3	KCNN3	2650	1129	34	22	1.28301886792453	1.94862710363153	-0.665608235707004	0.0132075471698113	0.0194862710363153	1.02941176470588	1	-0.00891261882437833	0.496675635476377	0.121598970115009	0.241147977909131
IU_PDA_T8	CC2_CC3	CC2,CC3	KCNK15	2650	1129	10	1	0.377358490566038	0.0885739592559787	0.288784531310059	0.00377358490566038	0.000885739592559787	1	1	0.00415659952107866	0.50144392265655	0.131535260677708	0.241147977909131
IU_PDA_T8	CC2_CC3	CC2,CC3	KCNS3	2650	1129	133	45	5.0188679245283	3.98582816651904	1.03303975800926	0.0516981132075472	0.0398582816651904	1.03007518796992	1	0.0163337204288338	0.505195280512058	0.167656966990087	0.2837271749063
IU_PDA_T8	CC2_CC3	CC2,CC3	KCNK3	2650	1129	12	2	0.452830188679245	0.177147918511957	0.275682270167288	0.00452830188679245	0.00265721877767936	1	1.5	0.00268973951508631	0.501376405902702	0.202391840674012	0.318044321059161
IU_PDA_T8	CC2_CC3	CC2,CC3	KCNMB1	2650	1129	80	28	3.0188679245283	2.4800708591674	0.538797065360897	0.0324528301886792	0.0256864481842338	1.075	1.03571428571429	0.00948610333173842	0.502708691946455	0.360352814575472	0.517439369774209
IU_PDA_T8	CC2_CC3	CC2,CC3	KCNMA1	2650	1129	183	69	6.90566037735849	6.11160318866253	0.794057188695958	0.0735849056603774	0.0682019486271036	1.0655737704918	1.11594202898551	0.00725187172893631	0.503923157912328	0.37631954165397	0.517439369774209
IU_PDA_T8	CC2_CC3	CC2,CC3	KCNT2	2650	1129	14	4	0.528301886792453	0.354295837023915	0.174006049768538	0.00528301886792453	0.00354295837023915	1	1	0.00249934768582357	0.500870030248843	0.477076411279447	0.617393002832226
IU_PDA_T8	CC2_CC3	CC2,CC3	KCND3	2650	1129	54	26	2.0377358490566	2.30292294065545	-0.265187091598844	0.0211320754716981	0.0230292294065545	1.03703703703704	1	-0.00267788589180554	0.498682754817254	0.606635307906623	0.741443154108095
IU_PDA_T8	CC2_CC3	CC2,CC3	KCNAB1	2650	1129	6	2	0.226415094339623	0.177147918511957	0.0492671758276652	0.00226415094339623	0.00177147918511957	1	1	0.000709343792181444	0.500246335879138	0.762981385637782	0.87723852545488
IU_PDA_T8	CC2_CC3	CC2,CC3	KCND2	2650	1129	43	17	1.62264150943396	1.50575730735164	0.116884202082324	0.0162264150943396	0.016829052258636	1	1.11764705882353	-0.000855285738939196	0.500570048632117	0.797489568595345	0.87723852545488
IU_PDA_T8	CC2_CC3	CC2,CC3	KCNMB4	2650	1129	46	19	1.73584905660377	1.6829052258636	0.0529438307401773	0.0177358490566038	0.016829052258636	1.02173913043478	1	0.00128600599499244	0.50026789444658	0.907703759121532	0.919783525954284
IU_PDA_T8	CC2_CC3	CC2,CC3	KCNK17	2650	1129	22	9	0.830188679245283	0.797165633303809	0.0330230459414743	0.00830188679245283	0.00885739592559787	1	1.11111111111111	-0.000794612798982733	0.500161438574795	0.919783525954284	0.919783525954284
IU_PDA_T8	CC2_CC3	CC2,CC3	KCNA5	2650	1129	0	0	0	0	0	0	0	NA	NA	0	0.5	NA	NA
IU_PDA_T8	CC2_CC3	CC2,CC3	KCNB1	2650	1129	0	0	0	0	0	0	0	NA	NA	0	0.5	NA	NA
IU_PDA_T9	CC2_CC3	CC2,CC3	KCNN4	22	3504	9	260	40.9090909090909	7.42009132420091	33.48899958489	0.454545454545455	0.0804794520547945	1.11111111111111	1.08461538461538	0.428896745260171	0.66789902449149	3.3717152026055e-09	8.09211648625319e-08
IU_PDA_T9	CC2_CC3	CC2,CC3	KCNK1	22	3504	8	289	36.3636363636364	8.24771689497717	28.1159194686592	0.590909090909091	0.0898972602739726	1.625	1.08996539792388	0.545659253286328	0.645256070983811	1.01520789302057e-06	1.21824947162468e-05
IU_PDA_T9	CC2_CC3	CC2,CC3	KCNA5	22	3504	1	10	4.54545454545455	0.285388127853881	4.26006641760066	0.0454545454545455	0.00285388127853881	1	1	0.0600189210125128	0.521300332088003	0.000355169361534881	0.00284135489227905
IU_PDA_T9	CC2_CC3	CC2,CC3	KCNS3	22	3504	5	348	22.7272727272727	9.93150684931507	12.7957658779577	0.272727272727273	0.106164383561644	1.2	1.06896551724138	0.202357507606399	0.565457658779577	0.0415134551129756	0.249080730677854
IU_PDA_T9	CC2_CC3	CC2,CC3	KCNE4	22	3504	0	383	0	10.9303652968037	-10.9303652968037	0	0.119292237442922	NA	1.09138381201044	-0.162586760590976	0.445348173515982	0.100718079236022	0.451354864745876
IU_PDA_T9	CC2_CC3	CC2,CC3	KCND3	22	3504	0	360	0	10.2739726027397	-10.2739726027397	0	0.114155251141553	NA	1.11111111111111	-0.155950277961713	0.448630136986301	0.112838716186469	0.451354864745876
IU_PDA_T9	CC2_CC3	CC2,CC3	KCNT2	22	3504	1	62	4.54545454545455	1.76940639269406	2.77604815276048	0.0454545454545455	0.0179794520547945	1	1.01612903225806	0.0384218965540772	0.513873754669988	0.327450061309702	0.827185549719761
IU_PDA_T9	CC2_CC3	CC2,CC3	KCND2	22	3504	1	66	4.54545454545455	1.88356164383562	2.66189290161893	0.0454545454545455	0.01912100456621	1	1.01515151515152	0.0368049784348234	0.51330297841428	0.362273713554925	0.827185549719761
IU_PDA_T9	CC2_CC3	CC2,CC3	KCNN3	22	3504	0	115	0	3.28196347031963	-3.28196347031963	0	0.0342465753424658	NA	1.04347826086957	-0.0485801804450616	0.483590182648402	0.387702472333532	0.827185549719761
IU_PDA_T9	CC2_CC3	CC2,CC3	KCNMA1	22	3504	4	964	18.1818181818182	27.5114155251142	-9.32959734329598	0.272727272727273	0.356164383561644	1.5	1.29460580912863	-0.0916087577792857	0.459526774595268	0.400792626151546	0.827185549719761
IU_PDA_T9	CC2_CC3	CC2,CC3	KCNAB2	22	3504	1	341	4.54545454545455	9.73173515981735	-5.18628061436281	0.0454545454545455	0.105022831050228	1	1.0791788856305	-0.0799458402537055	0.473899958489	0.40976872016559	0.827185549719761
IU_PDA_T9	CC2_CC3	CC2,CC3	KCNC4	22	3504	0	98	0	2.79680365296804	-2.79680365296804	0	0.0285388127853881	NA	1.02040816326531	-0.0405962362123652	0.48601598173516	0.42636760282977	0.827185549719761
IU_PDA_T9	CC2_CC3	CC2,CC3	KCNMB1	22	3504	1	322	4.54545454545455	9.18949771689498	-4.64404317144043	0.0454545454545455	0.102739726027397	1	1.11801242236025	-0.0769619818148842	0.476585201328352	0.448058839431537	0.827185549719761
IU_PDA_T9	CC2_CC3	CC2,CC3	KCNK6	22	3504	3	338	13.6363636363636	9.64611872146119	3.99024491490245	0.181818181818182	0.105022831050228	1.33333333333333	1.0887573964497	0.0969319218303737	0.521559775840598	0.495392682629753	0.837425727183527
IU_PDA_T9	CC2_CC3	CC2,CC3	KCNJ15	22	3504	1	307	4.54545454545455	8.76141552511415	-4.21596097965961	0.0909090909090909	0.0958904109589041	2	1.09446254071661	-0.00657265392348616	0.480723329182233	0.523391079489704	0.837425727183527
IU_PDA_T9	CC2_CC3	CC2,CC3	KCNAB1	22	3504	0	36	0	1.02739726027397	-1.02739726027397	0	0.0105593607305936	NA	1.02777777777778	-0.0151540687897428	0.49486301369863	0.63279207076265	0.895293209768365
IU_PDA_T9	CC2_CC3	CC2,CC3	KCNQ4	22	3504	0	30	0	0.856164383561644	-0.856164383561644	0	0.00884703196347032	NA	1.03333333333333	-0.0127074400955878	0.495719178082192	0.662984733791316	0.895293209768365
IU_PDA_T9	CC2_CC3	CC2,CC3	KCNK17	22	3504	0	28	0	0.799086757990868	-0.799086757990868	0	0.00799086757990868	NA	1	-0.0114825680472926	0.496004566210046	0.673828784865705	0.895293209768365
IU_PDA_T9	CC2_CC3	CC2,CC3	KCNK3	22	3504	0	17	0	0.485159817351598	-0.485159817351598	0	0.00542237442922374	NA	1.11764705882353	-0.00780169989379024	0.497574200913242	0.743329773771711	0.895293209768365
IU_PDA_T9	CC2_CC3	CC2,CC3	KCNK15	22	3504	0	12	0	0.342465753424658	-0.342465753424658	0	0.00342465753424658	NA	1	-0.00493229554223056	0.498287671232877	0.783381464789958	0.895293209768365
IU_PDA_T9	CC2_CC3	CC2,CC3	KCNB1	22	3504	0	12	0	0.342465753424658	-0.342465753424658	0	0.00371004566210046	NA	1.08333333333333	-0.00534256002413337	0.498287671232877	0.78338155854732	0.895293209768365
IU_PDA_T9	CC2_CC3	CC2,CC3	KCNJ16	22	3504	0	7	0	0.199771689497717	-0.199771689497717	0	0.00199771689497717	NA	1	-0.00287922127958168	0.499001141552511	0.833807651349014	0.909608346926197
IU_PDA_T9	CC2_CC3	CC2,CC3	KCNJ8	22	3504	2	345	9.09090909090909	9.8458904109589	-0.754981320049813	0.0909090909090909	0.108732876712329	1	1.10434782608696	-0.0233809416100403	0.495848899958489	0.896368729916216	0.935341283390834
IU_PDA_T9	CC2_CC3	CC2,CC3	KCNMB4	22	3504	1	168	4.54545454545455	4.79452054794521	-0.249066002490659	0.0454545454545455	0.0499429223744292	1	1.04166666666667	-0.00618056395208547	0.498715753424658	0.955174431447729	0.955174431447729
