spot	tissue	row	col	imagerow	imagecol
PDACNP_1_AAACAACGAATAGTTC-1	1	0	16	4912	20278
PDACNP_1_AAACAAGTATCTCCCA-1	1	50	102	16547	8507
PDACNP_1_AAACACCAATAACTGC-1	1	59	19	5317	6389
PDACNP_1_AAACAGAGCGACTCCT-1	1	14	94	15465	16982
PDACNP_1_AAACAGCTTTCAGAAG-1	1	43	9	3965	10156
PDACNP_1_AAACAGGGTCTATATT-1	1	47	13	4506	9214
PDACNP_1_AAACATTTCCCGGATT-1	1	61	97	15870	5917
PDACNP_1_AAACCCGAACGAAATC-1	1	45	115	18306	9684
PDACNP_1_AAACCGGGTAGGTACC-1	1	42	28	6535	10391
PDACNP_1_AAACCTAAGCAGCCGG-1	1	65	83	13976	4976
PDACNP_1_AAACGAAGATGGAGTA-1	1	58	4	3288	6625
PDACNP_1_AAACGAGACGGTTGAT-1	1	35	79	13435	12038
PDACNP_1_AAACGGGCGTACGGGT-1	1	65	91	15058	4976
PDACNP_1_AAACGGGTTGGTATCC-1	1	1	23	5860	20043
PDACNP_1_AAACGGTTGCGAACTG-1	1	67	59	10729	4505
PDACNP_1_AAACTCGGTTCGCAAT-1	1	66	70	12217	4741
PDACNP_1_AAACTCGTGATATAAG-1	1	23	113	18036	14863
PDACNP_1_AAACTTAATTGCACGC-1	1	64	12	4370	5212
PDACNP_1_AAACTTGCAAACGTAT-1	1	45	19	5318	9685
PDACNP_1_AAAGAATGTGGACTAA-1	1	71	105	16952	3563
PDACNP_1_AAAGACCCAAGTCGCG-1	1	10	48	9242	17924
PDACNP_1_AAAGACTGGGCGCTTT-1	1	29	15	4777	13451
PDACNP_1_AAAGGCCCTATAATAC-1	1	66	22	5723	4741
PDACNP_1_AAAGGCTACGGACCAT-1	1	62	54	10053	5682
PDACNP_1_AAAGGCTCTCGCGCCG-1	1	55	55	10188	7330
PDACNP_1_AAAGGGATGTAGCAAG-1	1	24	62	11136	14628
PDACNP_1_AAAGTAGCATTGCTCA-1	1	51	27	6400	8272
PDACNP_1_AAAGTCACTGATGTAA-1	1	10	52	9783	17924
PDACNP_1_AAATAACCATACGGGA-1	1	14	88	14653	16982
PDACNP_1_AAATACCTATAAGCAT-1	1	47	69	12082	9213
PDACNP_1_AAATAGCTTAGACTTT-1	1	36	106	17088	11803
PDACNP_1_AAATAGGGTGCTATTG-1	1	53	79	13435	7801
PDACNP_1_AAATCCGATACACGCC-1	1	65	87	14517	4976
PDACNP_1_AAATCGCGGAAGGAGT-1	1	57	5	3423	6860
PDACNP_1_AAATCTAGCCCTGCTA-1	1	53	101	16412	7801
PDACNP_1_AAATGATTCGATCAGC-1	1	21	111	17765	15334
PDACNP_1_AAATGCTCGTTACGTT-1	1	16	24	5995	16512
PDACNP_1_AAATGGCCCGTGCCCT-1	1	49	17	5047	8743
PDACNP_1_AAATTAACGGGTAGCT-1	1	34	58	10594	12274
PDACNP_1_AAATTAATAAGCGCGA-1	1	32	4	3288	12745
PDACNP_1_AAATTACACGACTCTG-1	1	14	86	14383	16982
PDACNP_1_AAATTACCTATCGATG-1	1	26	94	15465	14157
PDACNP_1_AAATTGATAGTCCTTT-1	1	55	31	6941	7331
PDACNP_1_AAATTTGCGGGTGTGG-1	1	47	33	7212	9214
PDACNP_1_AACAATACATTGTCGA-1	1	61	37	7753	5918
PDACNP_1_AACACACGCTCGCCGC-1	1	51	93	15329	8272
PDACNP_1_AACACGACTGTACTGA-1	1	9	65	11542	18159
PDACNP_1_AACACGAGACGCGGCC-1	1	45	21	5588	9685
PDACNP_1_AACAGCTGTGTGGCAA-1	1	59	31	6941	6389
PDACNP_1_AACAGGAAATCGAATA-1	1	15	67	11812	16747
PDACNP_1_AACAGGATGGGCCGCG-1	1	29	31	6941	13451
PDACNP_1_AACATATCAACTGGTG-1	1	27	99	16141	13921
PDACNP_1_AACATTGAAGTTGATC-1	1	67	23	5858	4506
PDACNP_1_AACATTGGTCAGCCGT-1	1	3	17	5048	19572
PDACNP_1_AACATTGTGACTCGAG-1	1	64	52	9782	5212
PDACNP_1_AACCATAGGGTTGAAC-1	1	65	11	4235	4977
PDACNP_1_AACCCAGAGACGGAGA-1	1	15	39	8024	16747
PDACNP_1_AACCCATCCCATGATC-1	1	56	14	4641	7095
PDACNP_1_AACCCGACAACCCGTG-1	1	67	43	8564	4505
PDACNP_1_AACCCGAGCAGAATCG-1	1	57	113	18035	6859
PDACNP_1_AACCCTACTGTCAATA-1	1	40	96	15735	10861
PDACNP_1_AACCCTGGTGGAACCA-1	1	8	70	12218	18395
PDACNP_1_AACCGAGCTTGGTCAT-1	1	24	70	12218	14628
PDACNP_1_AACCGCTAAGGGATGC-1	1	46	92	15194	9449
PDACNP_1_AACCGTTGTGTTTGCT-1	1	12	64	11406	17453
PDACNP_1_AACCTCGCTTTAGCCC-1	1	62	82	13841	5682
PDACNP_1_AACCTTTAAATACGGT-1	1	54	68	11947	7566
PDACNP_1_AACCTTTACGACGTCT-1	1	16	92	15195	16511
PDACNP_1_AACGAAAGTCGTCCCA-1	1	58	8	3829	6625
PDACNP_1_AACGACCTCCTAGCCG-1	1	71	119	18847	3563
PDACNP_1_AACGATAATGCCGTAG-1	1	53	73	12623	7801
PDACNP_1_AACGATAGAAGGGCCG-1	1	15	53	9918	16747
PDACNP_1_AACGATATGTCAACTG-1	1	24	76	13030	14628
PDACNP_1_AACGCATGATCTGGGT-1	1	20	104	16818	15569
PDACNP_1_AACGCGAACGGCAACA-1	1	8	22	5724	18395
PDACNP_1_AACGCGACCTTGGGCG-1	1	67	53	9917	4505
PDACNP_1_AACGCGGTCTCCAGCC-1	1	23	65	11542	14863
PDACNP_1_AACGCTGTTGCTGAAA-1	1	54	94	15465	7565
PDACNP_1_AACGGACGTACGTATA-1	1	50	92	15194	8507
PDACNP_1_AACGGCCATCTCCGGT-1	1	47	39	8023	9214
PDACNP_1_AACGTACTGTGGGTAC-1	1	48	42	8429	8978
PDACNP_1_AACGTCGCTGCACTTC-1	1	73	109	17494	3092
PDACNP_1_AACGTGATGAAGGACA-1	1	9	83	13977	18159
PDACNP_1_AACGTGCGAAAGTCTC-1	1	36	74	12759	11803
PDACNP_1_AACGTTATCAGCACCT-1	1	22	10	4100	15099
PDACNP_1_AACTACCCGTTTGTCA-1	1	47	113	18035	9213
PDACNP_1_AACTAGGCTTGGGTGT-1	1	55	61	11000	7330
PDACNP_1_AACTCCTAATCCCATG-1	1	12	92	15195	17453
PDACNP_1_AACTCTCAATAGAGCG-1	1	35	93	15330	12038
PDACNP_1_AACTCTCAGTGTGCTC-1	1	53	41	8294	7801
PDACNP_1_AACTGATATTAGGCCT-1	1	16	66	11677	16511
PDACNP_1_AACTGGGTCCCGACGT-1	1	20	66	11677	15570
PDACNP_1_AACTGGTGTGGGCCTT-1	1	7	49	9377	18630
PDACNP_1_AACTTCTGCGTCTATC-1	1	18	18	5183	16041
PDACNP_1_AACTTGCCCGTATGCA-1	1	29	27	6400	13451
PDACNP_1_AACTTGCGTTCTCGCG-1	1	14	20	5453	16983
PDACNP_1_AACTTTACGGGAGCTT-1	1	31	7	3694	12981
PDACNP_1_AAGACCAAATAACTCA-1	1	62	6	3558	5683
PDACNP_1_AAGACCCAACTGAACA-1	1	60	54	10053	6153
PDACNP_1_AAGAGATGAATCGGTA-1	1	27	27	6400	13922
PDACNP_1_AAGAGCTCTTTATCGG-1	1	35	77	13165	12038
PDACNP_1_AAGAGGCATGGATCGC-1	1	36	80	13571	11803
PDACNP_1_AAGAGGCCCTTTGGAA-1	1	59	109	17494	6388
PDACNP_1_AAGATGGCACCGGACC-1	1	59	39	8023	6389
PDACNP_1_AAGATTGGCGGAACGT-1	1	26	90	14924	14157
PDACNP_1_AAGCACCCTGCGTATC-1	1	59	73	12623	6388
PDACNP_1_AAGCATACTCTCCTGA-1	1	53	69	12082	7801
PDACNP_1_AAGCCGAAGCGGTTTA-1	1	49	107	17223	8742
PDACNP_1_AAGCCGCCGTGAAATC-1	1	65	23	5858	4976
PDACNP_1_AAGCGCAGGGCTTTGA-1	1	67	73	12623	4505
PDACNP_1_AAGCGTCCCTCATCGA-1	1	57	35	7482	6860
PDACNP_1_AAGCTAGATCGAGTAA-1	1	50	68	11947	8507
PDACNP_1_AAGCTCTTTCATGGTG-1	1	57	81	13706	6859
PDACNP_1_AAGGAGCGGTTGGTGC-1	1	28	48	9241	13687
PDACNP_1_AAGGCGCGTAAAGCTT-1	1	24	38	7889	14628
PDACNP_1_AAGGGACTATGCATTC-1	1	60	26	6264	6154
PDACNP_1_AAGGGTTTGATTTCAG-1	1	59	1	2882	6389
PDACNP_1_AAGTAGAAGACCGGGT-1	1	19	47	9106	15805
PDACNP_1_AAGTAGTGACGCGAGG-1	1	33	31	6941	12510
PDACNP_1_AAGTCTTCTGTGGCCT-1	1	39	3	3153	11097
PDACNP_1_AAGTGAGTCGGGTTTA-1	1	62	48	9241	5682
PDACNP_1_AAGTGCGTTAGAATCT-1	1	49	27	6400	8743
PDACNP_1_AAGTGCTTCTCTATTG-1	1	69	37	7752	4035
PDACNP_1_AAGTGTTTGGAGACGG-1	1	52	80	13570	8036
PDACNP_1_AAGTTCACTCCAAGCT-1	1	57	85	14247	6859
PDACNP_1_AAGTTCAGTCTGCGTA-1	1	18	104	16818	16040
PDACNP_1_AAGTTGTGATGTTATA-1	1	66	106	17088	4740
PDACNP_1_AAGTTTATGGGCCCAA-1	1	68	70	12217	4270
PDACNP_1_AATAACACTAGAACAA-1	1	52	38	7888	8037
PDACNP_1_AATAACGTCGCGCCCA-1	1	75	115	18305	2621
PDACNP_1_AATACAATGTTTCAGG-1	1	23	19	5318	14864
PDACNP_1_AATACCGGAGGGCTGT-1	1	67	37	7753	4506
PDACNP_1_AATACCTGATGTGAAC-1	1	74	100	16276	2857
PDACNP_1_AATAGAACAGAGTGGC-1	1	52	46	8970	8037
PDACNP_1_AATAGAATCTGTTTCA-1	1	48	86	14382	8978
PDACNP_1_AATAGCTACCGCGTGC-1	1	19	111	17765	15805
PDACNP_1_AATATCAAGGTCGGAT-1	1	8	42	8430	18395
PDACNP_1_AATATCCTAGCAAACT-1	1	46	2	3018	9450
PDACNP_1_AATATCGAATCAATGC-1	1	49	109	17494	8742
PDACNP_1_AATATCGAGGGTTCTC-1	1	27	101	16412	13921
PDACNP_1_AATCAGGTTTCATTTA-1	1	69	33	7211	4035
PDACNP_1_AATCATGTAAAGACTC-1	1	54	98	16006	7565
PDACNP_1_AATCCATGCAAGGGTG-1	1	8	26	6265	18395
PDACNP_1_AATCGCCTCAGCGCCA-1	1	39	79	13435	11097
PDACNP_1_AATCGCGCAGAGGACT-1	1	42	114	18171	10390
PDACNP_1_AATCGGGACACTACGA-1	1	8	60	10865	18395
PDACNP_1_AATCGGTATAGCCCTC-1	1	71	109	17494	3563
PDACNP_1_AATCGTGAGCCGAGCA-1	1	67	83	13976	4505
PDACNP_1_AATCTAGGTTTACTTG-1	1	52	16	4912	8037
PDACNP_1_AATCTATGCCGGAGCC-1	1	26	110	17630	14157
PDACNP_1_AATCTGCGTTGGGACG-1	1	32	92	15194	12744
PDACNP_1_AATCTGGCTTTCTAGT-1	1	51	15	4776	8272
PDACNP_1_AATGACTGTCAGCCGG-1	1	23	47	9106	14864
PDACNP_1_AATGAGTTCGCATATG-1	1	15	21	5589	16747
PDACNP_1_AATGATGATACGCTAT-1	1	23	93	15330	14863
PDACNP_1_AATGATGCGACTCCTG-1	1	25	101	16412	14392
PDACNP_1_AATGCAACCGGGTACC-1	1	25	59	10730	14393
PDACNP_1_AATGCACCAAGCAATG-1	1	19	97	15871	15805
PDACNP_1_AATGGTCCACCGTTCA-1	1	30	16	4912	13216
PDACNP_1_AATGGTTCTCACAAGC-1	1	19	35	7483	15805
PDACNP_1_AATGTATGGCACTGTA-1	1	65	9	3964	4977
PDACNP_1_AATGTGCTAATCTGAG-1	1	66	32	7076	4741
PDACNP_1_AATGTTGTCGTGAGAC-1	1	68	108	17358	4269
PDACNP_1_AATTAACGGATTTCCA-1	1	58	66	11676	6624
PDACNP_1_AATTACGAGACCCATC-1	1	59	5	3423	6389
PDACNP_1_AATTACTCGTACGCTC-1	1	10	8	3830	17924
PDACNP_1_AATTAGCGCTGCAGCG-1	1	51	63	11270	8272
PDACNP_1_AATTATACCCAGCAAG-1	1	75	89	14788	2622
PDACNP_1_AATTCATAAGGGATCT-1	1	23	91	15059	14863
PDACNP_1_AATTCATTGTCATGCA-1	1	63	9	3964	5447
PDACNP_1_AATTCCAACTTGGTGA-1	1	3	13	4507	19572
PDACNP_1_AATTCCAAGCATGTAC-1	1	66	58	10594	4741
PDACNP_1_AATTCGATTCGAGGAT-1	1	66	76	13029	4741
PDACNP_1_AATTCTAGAGTTAGGC-1	1	49	63	11270	8743
PDACNP_1_AATTGAACGCTCTGGT-1	1	45	83	13976	9684
PDACNP_1_AATTGCAGCAATCGAC-1	1	64	102	16547	5211
PDACNP_1_AATTGCGTGGATTACA-1	1	67	9	3964	4506
PDACNP_1_AATTTGGGACATAGTA-1	1	13	91	15059	17217
PDACNP_1_AATTTGGTTCCAAAGA-1	1	11	67	11812	17688
PDACNP_1_ACAAACCATGCGTCCT-1	1	64	16	4911	5212
PDACNP_1_ACAAAGAAGGTAGGCC-1	1	46	4	3288	9450
PDACNP_1_ACAAAGCATGACCTAG-1	1	63	97	15870	5447
PDACNP_1_ACAAATCGCACCGAAT-1	1	50	82	13841	8507
PDACNP_1_ACAACAGCATGAGCTA-1	1	32	72	12488	12745
PDACNP_1_ACAACGGTCCCTGCGA-1	1	22	30	6806	15099
PDACNP_1_ACAAGCAGTGCCTAGC-1	1	30	26	6265	13216
PDACNP_1_ACAAGGAAATCCGCCC-1	1	49	75	12894	8743
PDACNP_1_ACAAGGACAAGAGGTT-1	1	29	37	7753	13451
PDACNP_1_ACAATGAATACGGAGA-1	1	57	31	6941	6860
PDACNP_1_ACAATTTAGGAGGCTC-1	1	31	9	3965	12981
PDACNP_1_ACAATTTGAGCAGTGG-1	1	28	82	13841	13686
PDACNP_1_ACACAAAGACGGGTGG-1	1	24	56	10324	14628
PDACNP_1_ACACACCAGGACCAGT-1	1	44	90	14924	9920
PDACNP_1_ACACACTTTCTACACG-1	1	14	64	11406	16982
PDACNP_1_ACACATGATCAAATCT-1	1	60	16	4911	6154
PDACNP_1_ACACATTGACGCAACA-1	1	8	8	3830	18395
PDACNP_1_ACACATTTCCGTAGAC-1	1	73	67	11811	3093
PDACNP_1_ACACCCAGCATGCAGC-1	1	24	50	9512	14628
PDACNP_1_ACACCCGAGAAATCCG-1	1	19	39	8024	15805
PDACNP_1_ACACGAGACTCCTTCT-1	1	31	71	12353	12980
PDACNP_1_ACACGGGAACTTAGGG-1	1	27	71	12353	13922
PDACNP_1_ACACGTAGGCCACAAG-1	1	58	110	17629	6624
PDACNP_1_ACACTCCAATGTCACT-1	1	17	17	5047	16276
PDACNP_1_ACACTGATCAAGGTGT-1	1	52	48	9241	8037
PDACNP_1_ACACTGGGACAGTCGT-1	1	59	115	18306	6388
PDACNP_1_ACAGAACTGAGAACAA-1	1	52	24	5994	8037
PDACNP_1_ACAGATTAGGTTAGTG-1	1	7	57	10459	18630
PDACNP_1_ACAGCATAGAGCCAGT-1	1	10	58	10595	17924
PDACNP_1_ACAGCGACATTCTCAT-1	1	59	99	16141	6388
PDACNP_1_ACAGCGCACCCGCAGC-1	1	10	80	13571	17924
PDACNP_1_ACAGGCACGGATCCTT-1	1	69	95	15600	4034
PDACNP_1_ACAGGCTTGCCCGACT-1	1	53	87	14517	7801
PDACNP_1_ACAGGTGGAGGTGAGG-1	1	51	39	8023	8272
PDACNP_1_ACAGTAATACAACTTG-1	1	46	14	4641	9449
PDACNP_1_ACATAAGTCGTGGTGA-1	1	59	9	3964	6389
PDACNP_1_ACATAATAAGGCGGTG-1	1	21	63	11271	15334
PDACNP_1_ACATACAATCAAGCGG-1	1	76	96	15735	2386
PDACNP_1_ACATCCCGGCCATACG-1	1	55	57	10459	7330
PDACNP_1_ACATCGTATGCAATGG-1	1	45	81	13706	9684
PDACNP_1_ACATCGTTAACCTAGT-1	1	9	75	12895	18159
PDACNP_1_ACATGCTTACGGCAGC-1	1	75	17	5046	2622
PDACNP_1_ACATGGCTCAATTTAG-1	1	8	14	4642	18395
PDACNP_1_ACATTAGTTTATATCC-1	1	51	61	11000	8272
PDACNP_1_ACATTCGCGCGGAATA-1	1	73	27	6399	3093
PDACNP_1_ACATTTGAAACCTAAC-1	1	73	99	16141	3092
PDACNP_1_ACCAACACCACACACT-1	1	20	110	17630	15569
PDACNP_1_ACCAACCGCACTCCAC-1	1	65	97	15870	4976
PDACNP_1_ACCAACGCTTATTTAT-1	1	53	49	9376	7801
PDACNP_1_ACCAAGTCATCGGCAG-1	1	70	106	17088	3799
PDACNP_1_ACCAATATGCAAGTTA-1	1	56	78	13300	7095
PDACNP_1_ACCACAAGTTTCTATC-1	1	30	54	10053	13216
PDACNP_1_ACCACACGGTTGATGG-1	1	75	79	13435	2622
PDACNP_1_ACCACGTGCAGCTATA-1	1	48	76	13029	8978
PDACNP_1_ACCAGTGCGGGAGACG-1	1	48	94	15465	8978
PDACNP_1_ACCCACCTACATGCTC-1	1	25	25	6130	14393
PDACNP_1_ACCCGAGCGAAATTAC-1	1	61	29	6670	5918
PDACNP_1_ACCCGATTGGTTCCGA-1	1	69	35	7482	4035
PDACNP_1_ACCCGGAAACTCCCAG-1	1	57	65	11541	6859
PDACNP_1_ACCCGGATGACGCATC-1	1	38	100	16277	11332
PDACNP_1_ACCCGTGTCATCAGTA-1	1	58	54	10053	6624
PDACNP_1_ACCCTATAGGACTGAG-1	1	12	20	5453	17453
PDACNP_1_ACCCTATGCCATATCG-1	1	56	40	8159	7095
PDACNP_1_ACCCTCCCTTGCTATT-1	1	48	84	14112	8978
PDACNP_1_ACCCTTCATCTGCGAA-1	1	13	65	11542	17218
PDACNP_1_ACCGAAAGGGCCCTGC-1	1	9	53	9918	18159
PDACNP_1_ACCGAAGAGTCTGGTT-1	1	57	11	4235	6860
PDACNP_1_ACCGACACATCTCCCA-1	1	61	67	11811	5918
PDACNP_1_ACCGACTGAGTCCCAC-1	1	28	66	11677	13686
PDACNP_1_ACCGAGTCTCCTTATT-1	1	71	79	13435	3563
PDACNP_1_ACCGATGGTAGCATCG-1	1	36	92	15194	11803
PDACNP_1_ACCGCAATAACTGCCT-1	1	51	79	13435	8272
PDACNP_1_ACCGGTCAGGTACACC-1	1	59	15	4776	6389
PDACNP_1_ACCGTGACCACGTGGG-1	1	61	39	8023	5918
PDACNP_1_ACCTAAGTACCTTTCA-1	1	50	30	6806	8508
PDACNP_1_ACCTAATCGACTTCCT-1	1	32	30	6806	12745
PDACNP_1_ACCTACAGTATGTGGT-1	1	41	113	18035	10626
PDACNP_1_ACCTCAGCGAGGCGCA-1	1	77	99	16141	2151
PDACNP_1_ACCTCCGCCCTCGCTG-1	1	55	107	17223	7330
PDACNP_1_ACCTCCGTTATTCACC-1	1	34	112	17900	12273
PDACNP_1_ACCTCGAACTTATGCT-1	1	65	15	4776	4977
PDACNP_1_ACCTGCGTGTCATGTT-1	1	46	18	5182	9449
PDACNP_1_ACGACTGGTCATACTC-1	1	64	34	7347	5212
PDACNP_1_ACGAGATATTTGCTTA-1	1	9	81	13706	18159
PDACNP_1_ACGAGGATACCACTCT-1	1	50	18	5182	8508
PDACNP_1_ACGAGGTTTACAACGT-1	1	57	13	4506	6860
PDACNP_1_ACGAGTACGGATGCCC-1	1	28	104	16818	13686
PDACNP_1_ACGAGTCGCCGGCGTT-1	1	4	8	3830	19337
PDACNP_1_ACGATACATAGAACTA-1	1	22	80	13571	15099
PDACNP_1_ACGATCATACATAGAG-1	1	25	63	11271	14393
PDACNP_1_ACGATCATCTTGTAAA-1	1	36	102	16547	11803
PDACNP_1_ACGATGGATCCGATGC-1	1	10	70	12218	17924
PDACNP_1_ACGCAAACTAATAGAT-1	1	63	47	9106	5447
PDACNP_1_ACGCAATCACTACAGC-1	1	25	109	17494	14392
PDACNP_1_ACGCATACGTTTACTA-1	1	56	102	16547	7094
PDACNP_1_ACGCATTCGTGAGTAC-1	1	33	61	11000	12509
PDACNP_1_ACGCCAGATGATTTCT-1	1	17	73	12624	16276
PDACNP_1_ACGCCAGTGCGTTTGC-1	1	72	102	16547	3328
PDACNP_1_ACGCGAAGTCAGACGA-1	1	49	59	10729	8743
PDACNP_1_ACGCGGGCCAAGGACA-1	1	34	62	11135	12274
PDACNP_1_ACGCGTTTCTTAAGAG-1	1	29	5	3424	13452
PDACNP_1_ACGCTACTGAATGGGC-1	1	74	120	18982	2857
PDACNP_1_ACGCTAGTGATACACT-1	1	28	100	16277	13686
PDACNP_1_ACGGAACACGAGTGCC-1	1	73	101	16411	3092
PDACNP_1_ACGGAATTTAGCAAAT-1	1	15	27	6400	16747
PDACNP_1_ACGGACGCAGCGACAA-1	1	74	16	4911	2858
PDACNP_1_ACGGACTCTCAAAGCG-1	1	61	75	12894	5918
PDACNP_1_ACGGAGCGCAAATTAC-1	1	18	108	17359	16040
PDACNP_1_ACGGATGGTGCGGATA-1	1	57	79	13435	6859
PDACNP_1_ACGGCACTTGCTTGGG-1	1	52	60	10865	8036
PDACNP_1_ACGGCCAACATGGACT-1	1	53	55	10188	7801
PDACNP_1_ACGGCGACGATGGGAA-1	1	49	77	13165	8743
PDACNP_1_ACGGCTGGATGTAGAA-1	1	61	11	4235	5918
PDACNP_1_ACGGGAGTGTCGGCCC-1	1	47	25	6129	9214
PDACNP_1_ACGGGTCATGTGACTT-1	1	15	9	3965	16747
PDACNP_1_ACGGTACAGTTCAATG-1	1	71	97	15870	3563
PDACNP_1_ACGTACAGATTTCTCT-1	1	10	66	11677	17924
PDACNP_1_ACGTACTTTGGCACGG-1	1	70	32	7076	3799
PDACNP_1_ACGTAGATTGCTGATG-1	1	33	67	11812	12509
PDACNP_1_ACGTAGGAGAGTCGCT-1	1	70	72	12488	3799
PDACNP_1_ACGTATTACTCCGATC-1	1	41	97	15871	10626
PDACNP_1_ACGTCTCGTTCCGGGA-1	1	44	6	3559	9920
PDACNP_1_ACGTGACAAAGTAAGT-1	1	52	4	3288	8037
PDACNP_1_ACGTGCGCCTCGTGCA-1	1	17	63	11271	16276
PDACNP_1_ACGTTATTGGTCACTC-1	1	19	13	4506	15806
PDACNP_1_ACGTTCCGCGCTCCGT-1	1	8	54	10054	18395
PDACNP_1_ACGTTCGCAATCAATT-1	1	33	113	18035	12509
PDACNP_1_ACGTTCGTTCAGGAAA-1	1	60	44	8700	6153
PDACNP_1_ACGTTCTGTACAAGTC-1	1	65	95	15600	4976
PDACNP_1_ACGTTTAGTTGTGATC-1	1	14	68	11948	16982
PDACNP_1_ACTACAAAGAGAGGTG-1	1	71	49	9376	3564
PDACNP_1_ACTACATCCCGACAAG-1	1	63	17	5047	5447
PDACNP_1_ACTACCATCCGAGGGC-1	1	74	28	6535	2858
PDACNP_1_ACTACGCGTTAGAATT-1	1	60	56	10323	6153
PDACNP_1_ACTAGTTGCGATCGTC-1	1	50	104	16818	8507
PDACNP_1_ACTATCCAGGGCATGG-1	1	38	108	17359	11332
PDACNP_1_ACTATCTGCCCGCGTA-1	1	53	113	18035	7801
PDACNP_1_ACTATGTCCAGCTGCC-1	1	64	22	5723	5212
PDACNP_1_ACTATTCGTCCGTGGT-1	1	14	74	12759	16982
PDACNP_1_ACTATTTCCGGGCCCA-1	1	59	41	8294	6389
PDACNP_1_ACTCAAGTGCAAGGCT-1	1	60	86	14382	6153
PDACNP_1_ACTCAATAAAGGCACG-1	1	25	69	12083	14393
PDACNP_1_ACTCATGGCAGCCTTC-1	1	67	17	5047	4506
PDACNP_1_ACTCCAATATCATCAT-1	1	63	29	6670	5447
PDACNP_1_ACTCCCATTCCTAAAG-1	1	47	17	5047	9214
PDACNP_1_ACTCCCGAATTCGTTT-1	1	32	104	16818	12744
PDACNP_1_ACTCCCTAATGCTAAA-1	1	57	69	12082	6859
PDACNP_1_ACTCCCTAGAATAGTA-1	1	48	70	12218	8978
PDACNP_1_ACTCGATGTATTTCAT-1	1	18	10	4100	16041
PDACNP_1_ACTCGCCGTTCGATAA-1	1	67	111	17764	4505
PDACNP_1_ACTCGTAACCCGTCCT-1	1	49	23	5859	8743
PDACNP_1_ACTCGTCAGTAATCCC-1	1	36	78	13300	11803
PDACNP_1_ACTCTCTGACTTAGGT-1	1	42	78	13300	10390
PDACNP_1_ACTGAAACGCCGTTAG-1	1	57	93	15329	6859
PDACNP_1_ACTGAATGGCGAAAGT-1	1	47	83	13976	9213
PDACNP_1_ACTGCCCGCCATTCTC-1	1	68	30	6805	4270
PDACNP_1_ACTGCCGTCGTAACTC-1	1	16	70	12218	16511
PDACNP_1_ACTGCGGACACACCGT-1	1	37	119	18847	11567
PDACNP_1_ACTGCTCGGAAGGATG-1	1	53	9	3964	7802
PDACNP_1_ACTGTACGATACACAT-1	1	30	78	13300	13215
PDACNP_1_ACTGTATACGCGAGCA-1	1	10	36	7618	17924
PDACNP_1_ACTGTCCAGGATTATA-1	1	33	55	10188	12509
PDACNP_1_ACTGTCTTCTTTAGAA-1	1	30	64	11406	13216
PDACNP_1_ACTTACCGGGCGCGCA-1	1	11	95	15601	17688
PDACNP_1_ACTTACGCATCCACGC-1	1	58	78	13300	6624
PDACNP_1_ACTTATACTTACCCGG-1	1	36	90	14924	11803
PDACNP_1_ACTTATTTATGTGCCA-1	1	46	90	14923	9449
PDACNP_1_ACTTCAGGCTGATCCC-1	1	51	81	13706	8272
PDACNP_1_ACTTCCAGTGGAAGCT-1	1	57	3	3153	6860
PDACNP_1_ACTTCCATGCGGGACA-1	1	61	85	14247	5918
PDACNP_1_ACTTCGCCATACGCAC-1	1	27	75	12894	13922
PDACNP_1_ACTTGGGACCCGGTGG-1	1	29	49	9377	13451
PDACNP_1_ACTTGGGCTTTCGCCA-1	1	77	75	12894	2151
PDACNP_1_ACTTGTGGATGGAACG-1	1	52	108	17359	8036
PDACNP_1_ACTTTACCCTCATGAA-1	1	32	106	17088	12744
PDACNP_1_ACTTTATACACCACTT-1	1	74	10	4099	2858
PDACNP_1_ACTTTCCTATAGCTTC-1	1	28	62	11136	13686
PDACNP_1_ACTTTGACTGCATCCT-1	1	39	11	4235	11097
PDACNP_1_ACTTTGGTCGTGCTCC-1	1	61	13	4506	5918
PDACNP_1_AGAACCCTCAATTGGG-1	1	61	9	3964	5918
PDACNP_1_AGAACGTGGTACATTC-1	1	27	73	12624	13922
PDACNP_1_AGAACTGTACTTTGTA-1	1	74	96	15735	2857
PDACNP_1_AGAAGGTACACTTCAC-1	1	52	14	4641	8037
PDACNP_1_AGAAGGTTGTAGGTCG-1	1	64	78	13300	5211
PDACNP_1_AGAAGTGATTCGTGAT-1	1	48	28	6535	8978
PDACNP_1_AGAATACAGGCTATCC-1	1	75	99	16141	2622
PDACNP_1_AGAATTATGGATTCGA-1	1	32	98	16006	12744
PDACNP_1_AGACAGCTCAGAATCC-1	1	22	12	4371	15099
PDACNP_1_AGACATAGATCCTTCC-1	1	7	47	9106	18630
PDACNP_1_AGACCAAACCACACCT-1	1	51	9	3965	8272
PDACNP_1_AGACCATGGGATACAA-1	1	22	28	6536	15099
PDACNP_1_AGACCCGCCCTCCTCG-1	1	26	56	10324	14157
PDACNP_1_AGACCGCTCCGCGGTT-1	1	51	111	17765	8271
PDACNP_1_AGACGACGATGCCGCT-1	1	53	33	7212	7801
PDACNP_1_AGACTGTTACCGGGTC-1	1	63	45	8835	5447
PDACNP_1_AGAGAAACACCAGAAA-1	1	68	34	7347	4270
PDACNP_1_AGAGAACCGTCTAGGA-1	1	26	88	14653	14157
PDACNP_1_AGAGAAGGAGTACAAT-1	1	58	34	7347	6624
PDACNP_1_AGAGCAGTTATGAGAC-1	1	29	19	5318	13451
PDACNP_1_AGAGCCGCCGAGATTT-1	1	58	112	17900	6624
PDACNP_1_AGAGCGGGCTAATCAT-1	1	16	64	11406	16511
PDACNP_1_AGAGCGTACAAGCTCG-1	1	24	28	6536	14628
PDACNP_1_AGATACCAATAGAACC-1	1	64	110	17629	5211
PDACNP_1_AGATACTCAAGATCGA-1	1	46	82	13841	9449
PDACNP_1_AGATATAATACGACTA-1	1	64	72	12488	5211
PDACNP_1_AGATCGTGCATAAGAT-1	1	21	97	15871	15334
PDACNP_1_AGATCTCAGGTGTGAT-1	1	29	75	12894	13451
PDACNP_1_AGATGACTCGCCCACG-1	1	21	55	10189	15334
PDACNP_1_AGATGATGGAGTCTGG-1	1	34	106	17088	12273
PDACNP_1_AGATGCAAGACGTGCA-1	1	58	24	5994	6624
PDACNP_1_AGATGCATCCTGTGTC-1	1	48	6	3559	8979
PDACNP_1_AGATGCTATAACGAGC-1	1	11	7	3695	17689
PDACNP_1_AGATTCACAACCGATA-1	1	53	13	4506	7802
PDACNP_1_AGCAAAGGCCGCTAGT-1	1	60	72	12488	6153
PDACNP_1_AGCAACATATCTTATT-1	1	41	93	15329	10626
PDACNP_1_AGCAACCGAAAGTAAT-1	1	56	20	5453	7095
PDACNP_1_AGCACACGTTTAGACT-1	1	68	26	6264	4270
PDACNP_1_AGCACCAGTACTCACG-1	1	27	65	11541	13922
PDACNP_1_AGCACTACCTCACCAG-1	1	53	81	13706	7801
PDACNP_1_AGCACTTAAGGACGCC-1	1	31	35	7483	12980
PDACNP_1_AGCAGAAGGAGAAAGA-1	1	64	68	11947	5211
PDACNP_1_AGCAGCCAGATGAATA-1	1	56	58	10594	7095
PDACNP_1_AGCATATCAATATGCT-1	1	51	95	15600	8272
PDACNP_1_AGCATCATTTCGAAAG-1	1	53	19	5317	7801
PDACNP_1_AGCATCGTCGATAATT-1	1	22	52	9783	15099
PDACNP_1_AGCATTACGAGGCAAG-1	1	67	105	16953	4505
PDACNP_1_AGCCACTCCCGTGCTT-1	1	23	81	13706	14863
PDACNP_1_AGCCATATAGTATGTG-1	1	71	65	11541	3564
PDACNP_1_AGCCCATACATGTAAG-1	1	42	26	6265	10391
PDACNP_1_AGCCCGCAACAAGCAG-1	1	68	54	10052	4270
PDACNP_1_AGCCCGCACTACAATG-1	1	73	111	17764	3092
PDACNP_1_AGCCCGGCATTAGAGG-1	1	64	26	6264	5212
PDACNP_1_AGCCCGGTAGCCTGTA-1	1	61	49	9376	5918
PDACNP_1_AGCCCTAAGCGAAGTT-1	1	15	65	11542	16747
PDACNP_1_AGCCCTCCCTGGTGGC-1	1	67	29	6670	4506
PDACNP_1_AGCCCTTCTAATCCGA-1	1	17	103	16683	16276
PDACNP_1_AGCCGTGGCTAAATGT-1	1	50	22	5723	8508
PDACNP_1_AGCCTAATACCCACGT-1	1	50	14	4641	8508
PDACNP_1_AGCCTTAAAGCGGAAG-1	1	21	15	4777	15335
PDACNP_1_AGCGACAGGAACGGTC-1	1	51	37	7753	8272
PDACNP_1_AGCGACATCCCATTCA-1	1	17	59	10730	16276
PDACNP_1_AGCGACCAACGATATT-1	1	25	55	10189	14393
PDACNP_1_AGCGAGACGTGAAGGC-1	1	68	22	5723	4270
PDACNP_1_AGCGATGCGCCTAATA-1	1	64	108	17358	5211
PDACNP_1_AGCGCATAATGAATCG-1	1	57	55	10188	6859
PDACNP_1_AGCGCGGGTGCCAATG-1	1	24	92	15194	14628
PDACNP_1_AGCGGACACTTCGTAG-1	1	62	62	11135	5682
PDACNP_1_AGCGGGAAGGGTCCAT-1	1	13	37	7753	17218
PDACNP_1_AGCGGGTCTGACACTC-1	1	66	66	11676	4741
PDACNP_1_AGCGTACGAGAGCTAG-1	1	8	24	5995	18395
PDACNP_1_AGCTAACAAGCAATGT-1	1	61	33	7211	5918
PDACNP_1_AGCTAAGTACGCAGGC-1	1	64	86	14382	5211
PDACNP_1_AGCTACGAATGGTGGT-1	1	77	109	17494	2151
PDACNP_1_AGCTAGAAGCAGAAGT-1	1	21	99	16142	15334
PDACNP_1_AGCTATTTAATCCAAC-1	1	16	74	12759	16511
PDACNP_1_AGCTCCATATATGTTC-1	1	57	109	17494	6859
PDACNP_1_AGCTCCTTCGCACATC-1	1	52	86	14382	8036
PDACNP_1_AGCTCTAGACGTTCCA-1	1	38	76	13029	11332
PDACNP_1_AGCTCTTCCCAGTGCA-1	1	18	88	14653	16040
PDACNP_1_AGCTGAAGTAAACCAA-1	1	20	84	14112	15569
PDACNP_1_AGCTGTAACCTCAATC-1	1	54	28	6535	7566
PDACNP_1_AGCTTCTTCTCGAGCA-1	1	68	100	16276	4269
PDACNP_1_AGGAAAGCCTCTGATG-1	1	5	13	4506	19101
PDACNP_1_AGGAAGCTGTCCGCCG-1	1	61	65	11541	5918
PDACNP_1_AGGACATCGCACGTCG-1	1	16	38	7889	16512
PDACNP_1_AGGACGACCCATTAGA-1	1	43	45	8835	10155
PDACNP_1_AGGACGCTCGATGTTG-1	1	18	98	16006	16040
PDACNP_1_AGGAGCGTTTATTATC-1	1	77	115	18305	2151
PDACNP_1_AGGATAAAGTCGGGAT-1	1	53	65	11541	7801
PDACNP_1_AGGATATAGGGATTTA-1	1	46	96	15735	9449
PDACNP_1_AGGATATCCGACTGCA-1	1	71	95	15600	3563
PDACNP_1_AGGATCACGCGATCTG-1	1	48	16	4912	8979
PDACNP_1_AGGCACGTGACTGTCC-1	1	57	115	18306	6859
PDACNP_1_AGGCAGATGCGTAAAC-1	1	26	86	14383	14157
PDACNP_1_AGGCAGGGAGCGTACT-1	1	59	49	9376	6389
PDACNP_1_AGGCATTGTCGTAGGG-1	1	49	99	16141	8742
PDACNP_1_AGGCCACCCGTTATGA-1	1	28	38	7888	13687
PDACNP_1_AGGCCCAGTGACTGGT-1	1	9	15	4777	18160
PDACNP_1_AGGCCCATTGTACAGG-1	1	15	55	10189	16747
PDACNP_1_AGGCCCTAGAACGCCA-1	1	45	25	6129	9685
PDACNP_1_AGGCCTATCATACCAA-1	1	72	52	9782	3328
PDACNP_1_AGGCCTGAGAATCTCG-1	1	62	88	14653	5682
PDACNP_1_AGGCGGTTTGTCCCGC-1	1	59	17	5047	6389
PDACNP_1_AGGCTATGGTTAGCTT-1	1	26	30	6806	14158
PDACNP_1_AGGCTTCCCGAAGAAG-1	1	50	42	8429	8507
PDACNP_1_AGGCTTGCTAGACACC-1	1	24	18	5183	14628
PDACNP_1_AGGGAAACGAGGTACT-1	1	13	89	14789	17217
PDACNP_1_AGGGACCGGCTGCGTT-1	1	36	110	17630	11803
PDACNP_1_AGGGACTCTACGCGAC-1	1	55	53	9917	7330
PDACNP_1_AGGGAGACATACTTCG-1	1	29	113	18036	13450
PDACNP_1_AGGGCAGCGGCGTGGT-1	1	8	74	12759	18395
PDACNP_1_AGGGCCCTAATGTTCT-1	1	64	122	19253	5211
PDACNP_1_AGGGCGAGCAGCTGAT-1	1	44	20	5453	9920
PDACNP_1_AGGGCGTGATCGGCTA-1	1	17	45	8836	16276
PDACNP_1_AGGGCTGCAGTTACAG-1	1	35	65	11541	12038
PDACNP_1_AGGGTCAGAGCACTCG-1	1	68	40	8158	4270
PDACNP_1_AGGGTCGATGCGAACT-1	1	37	97	15871	11567
PDACNP_1_AGGGTCTGGACGCAGT-1	1	69	119	18847	4034
PDACNP_1_AGGGTGCCGTTCTTTA-1	1	65	33	7211	4976
PDACNP_1_AGGGTGCTCTCGAGGG-1	1	34	92	15194	12274
PDACNP_1_AGGGTTCAGACGGTCC-1	1	69	45	8835	4035
PDACNP_1_AGGGTTCCCTTTGGTT-1	1	30	88	14653	13215
PDACNP_1_AGGGTTTAGTTCGGGA-1	1	33	63	11271	12509
PDACNP_1_AGGTAACCTCCTATTC-1	1	13	41	8295	17218
PDACNP_1_AGGTACGATATTGCCA-1	1	12	76	13030	17453
PDACNP_1_AGGTAGATCGAGATAT-1	1	63	35	7482	5447
PDACNP_1_AGGTATAATTGATAGT-1	1	35	109	17494	12038
PDACNP_1_AGGTCAGGTGAGAGTG-1	1	46	20	5453	9449
PDACNP_1_AGGTCGCGGAGTTACT-1	1	26	104	16818	14157
PDACNP_1_AGGTGCACGTCCACAT-1	1	70	104	16817	3799
PDACNP_1_AGGTGGTGACCTTCGC-1	1	64	56	10323	5212
PDACNP_1_AGGTTACACCATGCCG-1	1	43	115	18306	10155
PDACNP_1_AGGTTCTCCTTTCCGG-1	1	66	8	3829	4741
PDACNP_1_AGGTTGAGGCACGCTT-1	1	22	74	12759	15099
PDACNP_1_AGTAACTATAGCAGCC-1	1	71	107	17223	3563
PDACNP_1_AGTAAGGGACAGAATC-1	1	77	105	16952	2151
PDACNP_1_AGTAATCTAAGGGTGG-1	1	74	88	14652	2857
PDACNP_1_AGTAATGTCTTGCCGC-1	1	16	60	10865	16511
PDACNP_1_AGTACAGAAGCTTATA-1	1	71	77	13164	3563
PDACNP_1_AGTACATCATTTATCA-1	1	29	109	17494	13451
PDACNP_1_AGTACGGGCACCTGGC-1	1	25	79	13436	14392
PDACNP_1_AGTACTCTTATGCCCA-1	1	56	88	14653	7095
PDACNP_1_AGTAGAAGGCGCCTCA-1	1	70	62	11135	3799
PDACNP_1_AGTAGGAAGGAAGTTG-1	1	16	98	16006	16511
PDACNP_1_AGTAGGTAACATACAT-1	1	13	51	9648	17218
PDACNP_1_AGTATACACAGCGACA-1	1	64	48	9241	5212
PDACNP_1_AGTATTTGGCACGACC-1	1	58	52	9782	6624
PDACNP_1_AGTCAAATGATGTGAT-1	1	67	35	7482	4506
PDACNP_1_AGTCAAGATGACACTT-1	1	48	90	14923	8978
PDACNP_1_AGTCACTAGCTCTCGA-1	1	55	99	16141	7330
PDACNP_1_AGTCAGCCACCGCCTG-1	1	16	28	6536	16512
PDACNP_1_AGTCCCGCCTTTAATT-1	1	17	93	15330	16276
PDACNP_1_AGTCGAAACGATTCAG-1	1	69	1	2882	4035
PDACNP_1_AGTCGACGGTCTCAAG-1	1	38	90	14924	11332
PDACNP_1_AGTCGGCTCAACTTTA-1	1	47	23	5859	9214
PDACNP_1_AGTCGTATAAAGCAGA-1	1	65	81	13706	4976
PDACNP_1_AGTCGTCGACCACCAA-1	1	57	91	15059	6859
PDACNP_1_AGTCTCACAAGACTAC-1	1	54	30	6806	7566
PDACNP_1_AGTCTGGACATCCTTG-1	1	18	20	5453	16041
PDACNP_1_AGTCTTCTCCTCAAAT-1	1	24	66	11677	14628
PDACNP_1_AGTCTTTAAAGTGTCC-1	1	67	77	13164	4505
PDACNP_1_AGTGACCTACTTTACG-1	1	44	52	9782	9920
PDACNP_1_AGTGACTGTGACACAA-1	1	66	28	6535	4741
PDACNP_1_AGTGAGACTTCCAGTA-1	1	35	87	14518	12038
PDACNP_1_AGTGAGCCTCGCCGCC-1	1	29	103	16683	13451
PDACNP_1_AGTGAGTCGAATTAAC-1	1	67	109	17494	4505
PDACNP_1_AGTGATAACCTGCGCG-1	1	59	89	14788	6388
PDACNP_1_AGTGATATGAGTAGTT-1	1	45	49	9376	9684
PDACNP_1_AGTGATTCAAGCAGGA-1	1	33	87	14518	12509
PDACNP_1_AGTGCACGCTTAAGAA-1	1	52	96	15735	8036
PDACNP_1_AGTGCGTAGCTCGTAA-1	1	46	42	8429	9449
PDACNP_1_AGTGCTTGCACGAATA-1	1	41	89	14788	10626
PDACNP_1_AGTGGCCCGCAAATGG-1	1	73	95	15599	3092
PDACNP_1_AGTGGCGGCAATTTGA-1	1	24	94	15465	14628
PDACNP_1_AGTGGCGTCTGAAGGT-1	1	62	86	14382	5682
PDACNP_1_AGTGGCTCCGTCGGCC-1	1	40	12	4371	10862
PDACNP_1_AGTGGTTGCGTATAGG-1	1	35	7	3694	12039
PDACNP_1_AGTGTATTGCGCATTG-1	1	17	95	15600	16276
PDACNP_1_AGTGTGCTAAGATCGC-1	1	14	10	4100	16983
PDACNP_1_AGTGTGGTCTATTGTG-1	1	21	23	5859	15335
PDACNP_1_AGTTAAGCGGTCCCGG-1	1	16	80	13571	16511
PDACNP_1_AGTTAAGTCAACCGCT-1	1	51	25	6129	8272
PDACNP_1_AGTTACCGCACATGGT-1	1	26	14	4641	14158
PDACNP_1_AGTTACTCTATCGTGG-1	1	15	89	14789	16746
PDACNP_1_AGTTATTCAGACTGTG-1	1	76	112	17899	2386
PDACNP_1_AGTTCACCGGTTGGAC-1	1	20	8	3830	15570
PDACNP_1_AGTTCCTACAGAATTA-1	1	30	50	9512	13216
PDACNP_1_AGTTGACATCGGCTGG-1	1	10	26	6265	17924
PDACNP_1_AGTTGACGGTCCTTGC-1	1	65	63	11270	4976
PDACNP_1_AGTTGCTGACTGATAT-1	1	16	18	5183	16512
PDACNP_1_AGTTGGCAAGGCTAGA-1	1	68	106	17088	4269
PDACNP_1_AGTTTGCACCTGCCTC-1	1	58	74	12759	6624
PDACNP_1_AGTTTGGCACGGGTTG-1	1	48	102	16547	8978
PDACNP_1_ATAAACGGACCCGTAA-1	1	47	61	11000	9214
PDACNP_1_ATAAACGTTGCACCAC-1	1	57	107	17223	6859
PDACNP_1_ATAACGCCGGAGGGTC-1	1	35	81	13706	12038
PDACNP_1_ATAACGGAGTCCAACG-1	1	25	75	12894	14392
PDACNP_1_ATAAGGTGGAGAACAT-1	1	50	72	12488	8507
PDACNP_1_ATAAGTAGGATTCAGA-1	1	27	103	16683	13921
PDACNP_1_ATAAGTAGGGCGACTC-1	1	36	108	17359	11803
PDACNP_1_ATAAGTTACCGCGACG-1	1	46	52	9782	9449
PDACNP_1_ATAATACCGTTAGCCG-1	1	16	16	4912	16512
PDACNP_1_ATAATAGTGTAGGGAC-1	1	18	30	6806	16041
PDACNP_1_ATAATCTTGGAGAACC-1	1	61	77	13164	5918
PDACNP_1_ATAATTAGCTAAGTAG-1	1	64	64	11406	5211
PDACNP_1_ATACAGGCCCTCCAAT-1	1	56	72	12488	7095
PDACNP_1_ATACCAGGCTAATAGA-1	1	9	55	10189	18159
PDACNP_1_ATACCCTCCCGGCCAA-1	1	76	8	3829	2387
PDACNP_1_ATACCCTGGCTCAAAT-1	1	1	13	4507	20043
PDACNP_1_ATACCTAACCAAGAAA-1	1	58	64	11406	6624
PDACNP_1_ATACGAGGTTTGTAAG-1	1	75	49	9376	2622
PDACNP_1_ATACGCCGGCGAAACC-1	1	40	78	13300	10861
PDACNP_1_ATACGGAACGTCGTTT-1	1	56	22	5723	7095
PDACNP_1_ATACGGGTTTCGATTG-1	1	22	82	13842	15099
PDACNP_1_ATACGGTGAAGATGCA-1	1	33	11	4235	12510
PDACNP_1_ATACGTACTTAGCCAC-1	1	55	77	13165	7330
PDACNP_1_ATACGTCCACTCCTGT-1	1	47	93	15329	9213
PDACNP_1_ATACGTTATGCACGGA-1	1	63	63	11270	5447
PDACNP_1_ATACTACCCGTACCAC-1	1	59	105	16953	6388
PDACNP_1_ATACTAGCATGACCCT-1	1	21	61	11000	15334
PDACNP_1_ATACTCTCGCCACTCT-1	1	9	25	6130	18160
PDACNP_1_ATACTGCCTTACACCG-1	1	58	84	14112	6624
PDACNP_1_ATAGACAACGGGACCT-1	1	28	92	15194	13686
PDACNP_1_ATAGAGTACTGGGACA-1	1	26	48	9241	14157
PDACNP_1_ATAGAGTTATCAACTT-1	1	27	93	15330	13921
PDACNP_1_ATAGCAACTAGGGAAG-1	1	62	98	16006	5682
PDACNP_1_ATAGCCATAACAGTCA-1	1	72	114	18170	3328
PDACNP_1_ATAGCCTCAGTACCCA-1	1	18	14	4642	16041
PDACNP_1_ATAGCTGCTCTTGTTA-1	1	16	10	4100	16512
PDACNP_1_ATAGGCTAGCTTCGCA-1	1	25	97	15871	14392
PDACNP_1_ATAGGGATATCCTTGA-1	1	21	71	12353	15334
PDACNP_1_ATAGGTTGGGCAGATG-1	1	28	64	11406	13686
PDACNP_1_ATAGTTCCACCCACTC-1	1	38	102	16547	11332
PDACNP_1_ATATAAAGCGCTCGTG-1	1	58	68	11947	6624
PDACNP_1_ATATAAATGTAGCTGC-1	1	54	74	12759	7566
PDACNP_1_ATATAACACGGGCGCA-1	1	66	94	15464	4740
PDACNP_1_ATATACATGTATGGTA-1	1	49	1	2882	8743
PDACNP_1_ATATACGCTCGTGACG-1	1	62	108	17359	5682
PDACNP_1_ATATAGAGTATTGGTC-1	1	63	11	4235	5447
PDACNP_1_ATATCAACCTACAGAG-1	1	37	105	16953	11567
PDACNP_1_ATATCAATTCCAGCCT-1	1	56	6	3559	7095
PDACNP_1_ATATCGGTAGGGAGAT-1	1	38	110	17630	11332
PDACNP_1_ATATCTCCCTCGTTAA-1	1	19	87	14518	15805
PDACNP_1_ATATCTTAGGGCCTTC-1	1	35	61	11000	12039
PDACNP_1_ATATGGGATAGCAACT-1	1	71	55	10188	3564
PDACNP_1_ATATGTCTAGAGCGTG-1	1	74	68	11947	2857
PDACNP_1_ATATGTCTCCCTAGCC-1	1	35	97	15871	12038
PDACNP_1_ATATTCAGTTAAACCT-1	1	44	40	8159	9920
PDACNP_1_ATATTCCACATAGTGA-1	1	51	77	13165	8272
PDACNP_1_ATATTCCCACAGGTCA-1	1	11	59	10730	17688
PDACNP_1_ATATTGCTGTCAAAGT-1	1	18	32	7077	16041
PDACNP_1_ATATTTAACCCTCAAG-1	1	31	55	10188	12980
PDACNP_1_ATCAAACGAAGGTTTG-1	1	49	33	7212	8743
PDACNP_1_ATCAAGATCCCAGGAC-1	1	72	58	10594	3328
PDACNP_1_ATCAATCTGGGCTGCA-1	1	33	65	11541	12509
PDACNP_1_ATCAATGCCGTGGCTG-1	1	61	19	5317	5918
PDACNP_1_ATCACATTAGAATATC-1	1	20	82	13842	15569
PDACNP_1_ATCACTTCATCCTCGC-1	1	21	67	11812	15334
PDACNP_1_ATCAGCCTCATGCTGC-1	1	57	87	14517	6859
PDACNP_1_ATCAGCTCGTCCACTA-1	1	49	15	4776	8743
PDACNP_1_ATCATAGCCCTATGTA-1	1	62	106	17088	5682
PDACNP_1_ATCCAACGCAGTCATA-1	1	25	37	7753	14393
PDACNP_1_ATCCAATGGAGGGTCC-1	1	43	27	6400	10156
PDACNP_1_ATCCACATCGACAGAA-1	1	62	72	12488	5682
PDACNP_1_ATCCAGAGCAACAACC-1	1	50	52	9782	8507
PDACNP_1_ATCCCATCCACAGCGC-1	1	62	14	4641	5683
PDACNP_1_ATCCTACCTAAGCTCT-1	1	44	48	9241	9920
PDACNP_1_ATCCTGCGTGGAATGG-1	1	45	47	9106	9685
PDACNP_1_ATCGACTCTTTCCGTT-1	1	23	61	11000	14863
PDACNP_1_ATCGCACGATTGTTCA-1	1	7	17	5048	18631
PDACNP_1_ATCGCACGCCGGGAGA-1	1	25	57	10459	14393
PDACNP_1_ATCGCTGCGTGCAGCA-1	1	23	111	17765	14863
PDACNP_1_ATCGGAGACAGACGGC-1	1	52	76	13029	8036
PDACNP_1_ATCGGCAAGCAGTCCA-1	1	20	96	15736	15569
PDACNP_1_ATCGGTTACCTAGTAA-1	1	34	8	3830	12274
PDACNP_1_ATCGTCCAATCGAGTC-1	1	9	13	4506	18160
PDACNP_1_ATCGTGGAAAGTCTGG-1	1	63	23	5858	5447
PDACNP_1_ATCGTTCACTTTCGCC-1	1	10	94	15465	17924
PDACNP_1_ATCTAATATCCTACGG-1	1	55	67	11812	7330
PDACNP_1_ATCTACCATCTGCTCC-1	1	70	88	14652	3799
PDACNP_1_ATCTAGCTTGTGAGGG-1	1	67	65	11541	4505
PDACNP_1_ATCTCCCTGCAATCTA-1	1	16	72	12489	16511
PDACNP_1_ATCTGACATGGAAGGA-1	1	63	41	8294	5447
PDACNP_1_ATCTGATAGTGTCTTA-1	1	16	12	4371	16512
PDACNP_1_ATCTGCACCTCTGCGA-1	1	29	101	16412	13451
PDACNP_1_ATCTGGGCTGTTCTTG-1	1	61	69	12082	5918
PDACNP_1_ATCTGGTTAAGACTGT-1	1	26	76	13030	14157
PDACNP_1_ATCTGTAATTGTACCC-1	1	15	57	10459	16747
PDACNP_1_ATCTTGACTTGTCCAA-1	1	30	108	17359	13215
PDACNP_1_ATGAAGCCAAGGAGCC-1	1	22	46	8971	15099
PDACNP_1_ATGAAGTGGACCCAGC-1	1	30	4	3288	13216
PDACNP_1_ATGACGCCGGCTCTAA-1	1	16	58	10595	16511
PDACNP_1_ATGACGCGTTCTATCC-1	1	52	30	6806	8037
PDACNP_1_ATGACTATCAGCTGTG-1	1	63	43	8564	5447
PDACNP_1_ATGACTATGCGACATT-1	1	48	88	14653	8978
PDACNP_1_ATGATCGGGAATAGAC-1	1	16	54	10053	16511
PDACNP_1_ATGATGCAATGGTACA-1	1	44	50	9512	9920
PDACNP_1_ATGCACCTTCCTTAAT-1	1	20	6	3559	15570
PDACNP_1_ATGCACGCGCTGTTCA-1	1	59	11	4235	6389
PDACNP_1_ATGCATGATCCAGGAT-1	1	25	65	11541	14393
PDACNP_1_ATGCCGGTCTTGCATA-1	1	31	75	12894	12980
PDACNP_1_ATGCCGGTTGATGGGA-1	1	19	83	13977	15805
PDACNP_1_ATGCGAGTCCCACCAC-1	1	48	104	16818	8978
PDACNP_1_ATGCTCAGTGTTGCAT-1	1	21	29	6671	15335
PDACNP_1_ATGCTCTGGCGCGGTA-1	1	60	76	13029	6153
PDACNP_1_ATGCTTAGGAGTTGAT-1	1	56	112	17900	7094
PDACNP_1_ATGGAAATTTAAGGAG-1	1	53	7	3694	7802
PDACNP_1_ATGGAACCTTTGCACA-1	1	38	120	18982	11332
PDACNP_1_ATGGATCCGGCGTCCG-1	1	19	79	13436	15805
PDACNP_1_ATGGATTGACCAAACG-1	1	27	61	11000	13922
PDACNP_1_ATGGCAGCCGAGAAAC-1	1	33	9	3965	12510
PDACNP_1_ATGGCCCGAAAGGTTA-1	1	76	120	18982	2386
PDACNP_1_ATGGGACCTGCTGAAC-1	1	61	31	6941	5918
PDACNP_1_ATGGGCCTCGGCCTCT-1	1	45	91	15059	9684
PDACNP_1_ATGGGTGTATACCTCC-1	1	64	24	5994	5212
PDACNP_1_ATGGTCGCGTGGTTTC-1	1	45	85	14247	9684
PDACNP_1_ATGTAAGGCTGCTCTT-1	1	32	112	17900	12744
PDACNP_1_ATGTACATGCGGTGAG-1	1	64	112	17900	5211
PDACNP_1_ATGTACGATGACGTCG-1	1	66	64	11405	4741
PDACNP_1_ATGTAGCGCGCGTAGG-1	1	68	72	12488	4270
PDACNP_1_ATGTCATTTCCCATTG-1	1	18	4	3289	16041
PDACNP_1_ATGTGAAAGCCTAATG-1	1	46	22	5723	9449
PDACNP_1_ATGTGCATCCGACGCA-1	1	23	57	10459	14863
PDACNP_1_ATGTTACGAGCAATAC-1	1	15	29	6671	16747
PDACNP_1_ATGTTCCTGCCCACCT-1	1	16	8	3830	16512
PDACNP_1_ATGTTGATTAGAGACT-1	1	68	92	15194	4270
PDACNP_1_ATGTTGTAGTCTGTTT-1	1	65	47	9105	4976
PDACNP_1_ATTAATACTACGCGGG-1	1	22	66	11677	15099
PDACNP_1_ATTAATGAACCAGTCG-1	1	23	79	13436	14863
PDACNP_1_ATTAATTCGGTCACTC-1	1	14	66	11677	16982
PDACNP_1_ATTACAACTACCGGCC-1	1	11	87	14518	17688
PDACNP_1_ATTACATGTCAGTCTT-1	1	50	108	17359	8507
PDACNP_1_ATTACTAGCCTCTTGC-1	1	18	44	8700	16041
PDACNP_1_ATTACTTACTGGGCAT-1	1	22	100	16277	15098
PDACNP_1_ATTAGATTCCTCAGCA-1	1	25	105	16953	14392
PDACNP_1_ATTAGATTGATAGCGG-1	1	19	49	9377	15805
PDACNP_1_ATTAGGCGATGCTTTC-1	1	37	71	12353	11568
PDACNP_1_ATTATACTTTGCTCGT-1	1	18	78	13300	16040
PDACNP_1_ATTATCTCGACAGATC-1	1	7	61	11001	18630
PDACNP_1_ATTATGAGACCCAATT-1	1	66	12	4370	4741
PDACNP_1_ATTATGCCATAGGGAG-1	1	21	53	9918	15334
PDACNP_1_ATTATTATGTCCGTCA-1	1	59	37	7753	6389
PDACNP_1_ATTATTCAGAGTCACT-1	1	67	97	15870	4505
PDACNP_1_ATTCAACCATTTAAGG-1	1	58	100	16276	6624
PDACNP_1_ATTCACTGATGTTGGA-1	1	56	68	11947	7095
PDACNP_1_ATTCAGGACCTATTTC-1	1	20	98	16006	15569
PDACNP_1_ATTCAGTAGCAGGGTC-1	1	27	25	6130	13922
PDACNP_1_ATTCATATACTGTCCA-1	1	46	60	10865	9449
PDACNP_1_ATTCCCACATAAACAA-1	1	26	24	5994	14158
PDACNP_1_ATTCCTTCCAGGCGGT-1	1	10	24	5995	17924
PDACNP_1_ATTCGCGCCTTGAGAG-1	1	65	107	17223	4976
PDACNP_1_ATTCGTTTATCGTATT-1	1	76	110	17629	2386
PDACNP_1_ATTCTCGTCTCTTTAG-1	1	11	51	9648	17689
PDACNP_1_ATTGAAGATCTTAGTG-1	1	31	49	9377	12980
PDACNP_1_ATTGACCGGCGATGAC-1	1	20	114	18171	15569
PDACNP_1_ATTGACGTAACTCGGT-1	1	8	72	12489	18395
PDACNP_1_ATTGATAGCAACGAGA-1	1	12	22	5724	17453
PDACNP_1_ATTGATCACCACATTT-1	1	52	8	3829	8037
PDACNP_1_ATTGATGAGTCCTAAC-1	1	33	99	16141	12509
PDACNP_1_ATTGCCTATTAGACCG-1	1	67	25	6129	4506
PDACNP_1_ATTGCCTTTATGTTTG-1	1	64	84	14111	5211
PDACNP_1_ATTGGATTACAGCGTA-1	1	54	102	16547	7565
PDACNP_1_ATTGGGAATATCTTGG-1	1	12	52	9783	17453
PDACNP_1_ATTGGTTGTGCATTAC-1	1	72	106	17088	3328
PDACNP_1_ATTGTACAACTCGGCT-1	1	35	103	16683	12038
PDACNP_1_ATTGTCGCAATACCTT-1	1	15	85	14248	16747
PDACNP_1_ATTGTCTGTTTCATGT-1	1	71	53	9917	3564
PDACNP_1_ATTTAACTCGTATTAC-1	1	14	52	9783	16982
PDACNP_1_ATTTACAGTTTACTGG-1	1	30	38	7888	13216
PDACNP_1_ATTTACTAAGTCCATT-1	1	31	111	17765	12980
PDACNP_1_ATTTCATTATTTCGCG-1	1	14	78	13301	16982
PDACNP_1_ATTTCCGGGTTCTGCG-1	1	55	35	7482	7331
PDACNP_1_ATTTGCGCGAGTAGCT-1	1	53	31	6941	7801
PDACNP_1_ATTTGGAGATTGCGGT-1	1	58	0	2747	6625
PDACNP_1_ATTTGTCTTGGGAGCT-1	1	40	84	14112	10861
PDACNP_1_ATTTGTTCCAGGGCTC-1	1	19	71	12353	15805
PDACNP_1_CAAACCATAAGCGTAT-1	1	77	89	14788	2151
PDACNP_1_CAAACCCTCCGGCGGG-1	1	70	70	12217	3799
PDACNP_1_CAAACGAGTATCGCAG-1	1	47	47	9106	9214
PDACNP_1_CAAACTACGATAGAGA-1	1	12	84	14112	17453
PDACNP_1_CAAACTATTGAGCTTC-1	1	11	75	12895	17688
PDACNP_1_CAAAGTCAGGTTAGCT-1	1	9	11	4236	18160
PDACNP_1_CAAATCTCTCACAAGG-1	1	44	24	5994	9920
PDACNP_1_CAAATTGTCAGCAAGC-1	1	13	67	11812	17218
PDACNP_1_CAACATGGCCTGATAA-1	1	6	12	4371	18866
PDACNP_1_CAACCAGTGGCCTACC-1	1	61	115	18306	5917
PDACNP_1_CAACGACCCGTTTACA-1	1	20	50	9512	15570
PDACNP_1_CAACGGTTCTTGATAC-1	1	18	38	7889	16041
PDACNP_1_CAACGTGGTGGAGTCT-1	1	55	113	18035	7330
PDACNP_1_CAACTCCTTGATCCCG-1	1	18	46	8971	16041
PDACNP_1_CAACTGCTCATCCGAT-1	1	59	55	10188	6389
PDACNP_1_CAAGATATTATAACGT-1	1	45	89	14788	9684
PDACNP_1_CAAGCACCAAATGCCT-1	1	18	66	11677	16040
PDACNP_1_CAAGCGGCACATAATT-1	1	54	72	12488	7566
PDACNP_1_CAAGGCCAGTGGTGCA-1	1	66	100	16276	4740
PDACNP_1_CAAGGGAGTGTATTTG-1	1	1	17	5048	20043
PDACNP_1_CAAGGTCCTATAGGCT-1	1	34	110	17630	12273
PDACNP_1_CAAGTAAGTGATAGAC-1	1	69	53	9917	4035
PDACNP_1_CAAGTGTGGTTGCAAA-1	1	40	94	15465	10861
PDACNP_1_CAATAAACCTTGGCCC-1	1	26	74	12759	14157
PDACNP_1_CAATACGCTCTGAGGC-1	1	40	10	4100	10862
PDACNP_1_CAATATTCTTGACCTA-1	1	54	40	8159	7566
PDACNP_1_CAATATTGGACTAGTG-1	1	8	18	5183	18395
PDACNP_1_CAATCCCTATACCAGC-1	1	12	88	14653	17453
PDACNP_1_CAATGACCCTTAATTT-1	1	73	57	10458	3093
PDACNP_1_CAATGCGAGAAGTATC-1	1	54	82	13841	7565
PDACNP_1_CAATGGATCTCTACCA-1	1	28	86	14383	13686
PDACNP_1_CAATTAAGGGTGATGA-1	1	29	65	11541	13451
PDACNP_1_CAATTGGGCCGCACTC-1	1	56	4	3288	7095
PDACNP_1_CAATTTGACCGGGAAG-1	1	7	13	4506	18631
PDACNP_1_CACAAACCGCAGAACT-1	1	71	115	18305	3563
PDACNP_1_CACACACGCTAACGAG-1	1	55	103	16682	7330
PDACNP_1_CACACAGGGATAGATT-1	1	25	27	6400	14393
PDACNP_1_CACACGCGCTGTCTTA-1	1	33	89	14788	12509
PDACNP_1_CACAGCACCCACGGCA-1	1	31	59	10730	12980
PDACNP_1_CACAGCTAGGGAGTGA-1	1	20	60	10865	15570
PDACNP_1_CACAGGGCCGTTGTCA-1	1	62	60	10864	5682
PDACNP_1_CACAGTCCCGCTTCGC-1	1	60	112	17900	6153
PDACNP_1_CACATCGTGCACGCGC-1	1	60	38	7888	6153
PDACNP_1_CACATCTCACCGACGA-1	1	57	75	12894	6859
PDACNP_1_CACATTCTTTCGATGG-1	1	18	90	14924	16040
PDACNP_1_CACCAATCATCCGTCT-1	1	54	4	3288	7566
PDACNP_1_CACCACGCCACACAGA-1	1	40	8	3829	10862
PDACNP_1_CACCAGTCAGCATGCA-1	1	60	22	5723	6154
PDACNP_1_CACCATCGGAGGAGAC-1	1	11	61	11001	17688
PDACNP_1_CACCCAAATCTTATGT-1	1	35	105	16953	12038
PDACNP_1_CACCCACACGTCACCC-1	1	17	43	8565	16276
PDACNP_1_CACCCACGAGGCAATT-1	1	20	86	14383	15569
PDACNP_1_CACCCGCGTTTGACAC-1	1	73	117	18576	3092
PDACNP_1_CACCCGGTTTGTGACT-1	1	53	39	8023	7801
PDACNP_1_CACCCTAACAAGATCT-1	1	56	80	13570	7095
PDACNP_1_CACCCTTGGTGAGACC-1	1	50	16	4912	8508
PDACNP_1_CACCGATACACCGAGC-1	1	10	84	14112	17924
PDACNP_1_CACCGATGATGGGTAC-1	1	71	117	18576	3563
PDACNP_1_CACCGCCAGAAGGTTT-1	1	27	59	10730	13922
PDACNP_1_CACCGCCGACCAGCGA-1	1	9	67	11812	18159
PDACNP_1_CACCGGGCATCACAAG-1	1	72	94	15464	3328
PDACNP_1_CACCGTATCCCATCCG-1	1	52	104	16818	8036
PDACNP_1_CACCGTTAGGGATCAC-1	1	53	37	7753	7801
PDACNP_1_CACCGTTGCGCGATAT-1	1	47	29	6670	9214
PDACNP_1_CACCTAATAGAGTCGT-1	1	17	25	6130	16276
PDACNP_1_CACCTAATCAGTTTAC-1	1	20	72	12489	15570
PDACNP_1_CACCTCGATGGTGGAC-1	1	18	70	12218	16040
PDACNP_1_CACGAAAGTTAGTCCC-1	1	33	29	6671	12510
PDACNP_1_CACGAGCAAACCAGAC-1	1	74	22	5723	2858
PDACNP_1_CACGCACAGCGCAGCT-1	1	24	72	12489	14628
PDACNP_1_CACGTCGGCAACCTCT-1	1	49	37	7753	8743
PDACNP_1_CACGTTCGTGCTCTAG-1	1	37	81	13706	11567
PDACNP_1_CACGTTTCGTACACAC-1	1	55	91	15059	7330
PDACNP_1_CACTACGGGAGCTGCC-1	1	59	107	17223	6388
PDACNP_1_CACTCAGCTCTTGAGG-1	1	11	71	12353	17688
PDACNP_1_CACTCCTATGTAAGAT-1	1	56	36	7617	7095
PDACNP_1_CACTCCTCTCGGTCGG-1	1	15	87	14518	16747
PDACNP_1_CACTCGAGCTGAACAA-1	1	48	74	12759	8978
PDACNP_1_CACTCTCAAGCATCGA-1	1	69	47	9105	4035
PDACNP_1_CACTCTTCTGCTAGCC-1	1	59	101	16412	6388
PDACNP_1_CACTGACGATTGTGGA-1	1	65	51	9647	4976
PDACNP_1_CACTGTCCAAGTGAGA-1	1	19	43	8565	15805
PDACNP_1_CACTTCGTCTTATCTC-1	1	14	14	4642	16983
PDACNP_1_CAGAACTTAGCCCTCT-1	1	53	85	14247	7801
PDACNP_1_CAGAATAACACACGGA-1	1	55	111	17765	7330
PDACNP_1_CAGACACCGATCGCTG-1	1	53	51	9647	7801
PDACNP_1_CAGACCTGTAAGTGTT-1	1	31	99	16141	12980
PDACNP_1_CAGACGAACCTGATAC-1	1	50	50	9512	8507
PDACNP_1_CAGAGACGGTCACCCA-1	1	51	57	10459	8272
PDACNP_1_CAGAGCATGAGCTTGC-1	1	26	70	12218	14157
PDACNP_1_CAGAGGCGATGCATGA-1	1	54	48	9241	7566
PDACNP_1_CAGAGTGATTTAACGT-1	1	9	69	12083	18159
PDACNP_1_CAGATAATGGGCGGGT-1	1	66	102	16547	4740
PDACNP_1_CAGATACTAACATAGT-1	1	26	46	8971	14157
PDACNP_1_CAGATATGAAGATGAC-1	1	67	19	5317	4506
PDACNP_1_CAGATCATTTAAAGTC-1	1	22	108	17359	15098
PDACNP_1_CAGATCCTGGTTTGAA-1	1	55	17	5047	7331
PDACNP_1_CAGATGTTTGTCCCAA-1	1	52	2	3017	8037
PDACNP_1_CAGCAGCCCGTTCCTT-1	1	28	78	13300	13686
PDACNP_1_CAGCAGTCTGTGCTGC-1	1	62	74	12758	5682
PDACNP_1_CAGCCGGGCCCTCTAT-1	1	11	85	14248	17688
PDACNP_1_CAGCCTCCTGCAGAGG-1	1	23	77	13165	14863
PDACNP_1_CAGCCTCGATAGCGGT-1	1	63	123	19388	5446
PDACNP_1_CAGCCTCTCCTCAAGA-1	1	15	95	15600	16746
PDACNP_1_CAGCGATTCCCTTCAA-1	1	53	43	8565	7801
PDACNP_1_CAGCTCACTGAGACAT-1	1	33	59	10730	12509
PDACNP_1_CAGCTCGTGCTTGTGT-1	1	14	42	8430	16982
PDACNP_1_CAGCTCTGGGCTCACT-1	1	73	35	7482	3093
PDACNP_1_CAGCTGGCGTAACCGT-1	1	48	22	5723	8979
PDACNP_1_CAGCTTAGTAGGTAGC-1	1	32	28	6535	12745
PDACNP_1_CAGGAAGACTTTATAT-1	1	13	85	14248	17217
PDACNP_1_CAGGCAGTCTTACCAG-1	1	65	85	14247	4976
PDACNP_1_CAGGCCAGTACCACCT-1	1	71	17	5047	3564
PDACNP_1_CAGGCGCCATGCTAGG-1	1	49	73	12623	8743
PDACNP_1_CAGGGCTAACGAAACC-1	1	2	8	3830	19808
PDACNP_1_CAGTAACTATTTATTG-1	1	19	101	16412	15805
PDACNP_1_CAGTAATCCCTCCCAG-1	1	21	25	6130	15335
PDACNP_1_CAGTACATTCTCTAAA-1	1	20	102	16547	15569
PDACNP_1_CAGTACCAGTTTACGT-1	1	48	18	5182	8979
PDACNP_1_CAGTAGCCCACGCGGT-1	1	25	91	15059	14392
PDACNP_1_CAGTCGAGGATGCAAT-1	1	25	99	16142	14392
PDACNP_1_CAGTCGGCCTAGATAT-1	1	45	3	3153	9685
PDACNP_1_CAGTGAATAAATGACT-1	1	25	83	13977	14392
PDACNP_1_CAGTGGTTGCACATGA-1	1	16	22	5724	16512
PDACNP_1_CAGTGTCCGCAGAATG-1	1	15	37	7753	16747
PDACNP_1_CAGTGTCGGCTGGCCC-1	1	52	92	15194	8036
PDACNP_1_CAGTGTTAATCTCTCA-1	1	70	16	4911	3799
PDACNP_1_CAGTTCAAATTGACAC-1	1	29	51	9647	13451
PDACNP_1_CAGTTCCGCGGGTCGA-1	1	26	26	6265	14158
PDACNP_1_CAGTTCGAGGACCCGA-1	1	69	49	9376	4035
PDACNP_1_CATAACGGACAGTCGT-1	1	36	94	15465	11803
PDACNP_1_CATAAGAAGCTTGGCT-1	1	58	72	12488	6624
PDACNP_1_CATACAAAGCCGAACC-1	1	13	35	7483	17218
PDACNP_1_CATACACAAAGTCAGC-1	1	56	0	2747	7095
PDACNP_1_CATACACGGTTCCCAC-1	1	61	55	10188	5918
PDACNP_1_CATACGAACTAGCTGG-1	1	65	31	6941	4976
PDACNP_1_CATACGGGTGCATGAT-1	1	5	17	5048	19101
PDACNP_1_CATACTTCTTTCTCCG-1	1	68	52	9782	4270
PDACNP_1_CATAGAGGAGATACTA-1	1	69	87	14517	4034
PDACNP_1_CATAGCCGCCCGGGAT-1	1	26	22	5724	14158
PDACNP_1_CATAGCGTTGCCCACC-1	1	54	42	8429	7566
PDACNP_1_CATAGGGACACTTGTG-1	1	75	21	5588	2622
PDACNP_1_CATAGTACATTGAGAG-1	1	15	77	13165	16747
PDACNP_1_CATAGTAGCATAGTAG-1	1	19	45	8836	15805
PDACNP_1_CATAGTCAAATACATA-1	1	65	93	15329	4976
PDACNP_1_CATATACTACTGATAA-1	1	18	102	16548	16040
PDACNP_1_CATATGTCAGGCTACG-1	1	48	24	5994	8979
PDACNP_1_CATATTATTTGCCCTA-1	1	9	79	13436	18159
PDACNP_1_CATCAACACCTACTAA-1	1	15	7	3695	16747
PDACNP_1_CATCATCTACCCGGAC-1	1	11	69	12083	17688
PDACNP_1_CATCATTACCCTGAGG-1	1	52	94	15465	8036
PDACNP_1_CATCCGCAGGCCCGAA-1	1	15	15	4777	16747
PDACNP_1_CATCCTCTCAAAGATC-1	1	54	92	15194	7565
PDACNP_1_CATCGCCCGCGGCCAA-1	1	14	44	8700	16982
PDACNP_1_CATCGTCCGGTTACTA-1	1	23	11	4236	14864
PDACNP_1_CATCTATCCCGTGTCT-1	1	18	100	16277	16040
PDACNP_1_CATCTGCAGGATCATT-1	1	28	8	3830	13687
PDACNP_1_CATCTTACACCACCTC-1	1	37	99	16141	11567
PDACNP_1_CATGAGATGCACTCTC-1	1	59	79	13435	6388
PDACNP_1_CATGATACGGTGAAAC-1	1	76	76	13029	2386
PDACNP_1_CATGATGCACAATTCT-1	1	21	69	12083	15334
PDACNP_1_CATGCACATGAGAGGC-1	1	73	21	5588	3093
PDACNP_1_CATGCCAACTCGCAAA-1	1	43	21	5588	10156
PDACNP_1_CATGCGACCAGTTTAA-1	1	26	98	16006	14157
PDACNP_1_CATGCGTTAGACAGAA-1	1	15	63	11271	16747
PDACNP_1_CATGCGTTGAGAGGAG-1	1	72	46	8970	3328
PDACNP_1_CATGCTGGCTCCAATT-1	1	12	60	10865	17453
PDACNP_1_CATGGATTGTCTTCCG-1	1	55	101	16412	7330
PDACNP_1_CATGGCAGGAAGATCG-1	1	17	57	10459	16276
PDACNP_1_CATGGGTATGCCTTAT-1	1	56	82	13841	7095
PDACNP_1_CATGGGTCGGGTGTGG-1	1	21	85	14247	15334
PDACNP_1_CATGGTAAGTAGCGTT-1	1	45	73	12623	9684
PDACNP_1_CATGGTATTAGTTTGT-1	1	59	7	3694	6389
PDACNP_1_CATGGTCTAGATACCG-1	1	26	66	11677	14157
PDACNP_1_CATGTAAGAGACATTT-1	1	54	90	14923	7565
PDACNP_1_CATGTCTCATTTATGG-1	1	49	85	14247	8742
PDACNP_1_CATGTGGGCTCATCAC-1	1	76	90	14923	2386
PDACNP_1_CATTACGCAGGAAGGG-1	1	71	101	16411	3563
PDACNP_1_CATTACGTCGGCCCGT-1	1	19	65	11542	15805
PDACNP_1_CATTATCCCATTAACG-1	1	67	31	6941	4506
PDACNP_1_CATTATGCTTGTTGTG-1	1	26	52	9783	14157
PDACNP_1_CATTCCCTAAGTACAA-1	1	12	18	5183	17453
PDACNP_1_CATTGCGGGTCAATTC-1	1	25	115	18306	14392
PDACNP_1_CATTTAGCGGACCATG-1	1	25	85	14247	14392
PDACNP_1_CATTTCTAGCAGACTA-1	1	16	26	6265	16512
PDACNP_1_CATTTGAGTGGTACGT-1	1	50	48	9241	8507
PDACNP_1_CCAAACAGAACCCTCG-1	1	22	48	9242	15099
PDACNP_1_CCAAAGCAGTTGGTTG-1	1	10	10	4101	17924
PDACNP_1_CCAAATCAAAGGGCAA-1	1	72	22	5723	3329
PDACNP_1_CCAACCTTATGTAACT-1	1	67	41	8294	4505
PDACNP_1_CCAACGATGCACTGAT-1	1	31	37	7753	12980
PDACNP_1_CCAAGAAAGTGGGCGA-1	1	52	52	9782	8037
PDACNP_1_CCAAGCGTAACTCGTA-1	1	33	71	12353	12509
PDACNP_1_CCAAGGAACAGAGAGG-1	1	14	48	9242	16982
PDACNP_1_CCAAGTTTCTACAGAT-1	1	14	8	3830	16983
PDACNP_1_CCAATCGGTAGATCGA-1	1	14	84	14112	16982
PDACNP_1_CCAATTACGGGTCGAG-1	1	19	93	15330	15805
PDACNP_1_CCAATTGAATGTTAAT-1	1	20	46	8971	15570
PDACNP_1_CCACAGCTGAAATCAT-1	1	8	28	6536	18395
PDACNP_1_CCACAGTACCCATCCT-1	1	48	92	15194	8978
PDACNP_1_CCACATGGCTCTTTAT-1	1	55	5	3423	7331
PDACNP_1_CCACCAACTTTACTGT-1	1	52	40	8159	8037
PDACNP_1_CCACCCAAGGAAAGTG-1	1	37	75	12894	11568
PDACNP_1_CCACGAGAAGAGAATC-1	1	17	75	12895	16276
PDACNP_1_CCACGGAGCCATAAGA-1	1	47	27	6400	9214
PDACNP_1_CCACGGCAGGTGTAGG-1	1	71	31	6941	3564
PDACNP_1_CCACGGTGCCCGGTAG-1	1	35	107	17224	12038
PDACNP_1_CCACTCAGATCCGCAA-1	1	72	80	13570	3328
PDACNP_1_CCACTGTTTGGATTAA-1	1	58	106	17088	6624
PDACNP_1_CCACTTTCCTTCTAGG-1	1	77	113	18035	2151
PDACNP_1_CCAGAAACTGATGCGA-1	1	69	117	18576	4034
PDACNP_1_CCAGAAAGCAACTCAT-1	1	52	36	7617	8037
PDACNP_1_CCAGAGACAAAGCCGG-1	1	23	21	5589	14864
PDACNP_1_CCAGATAGTTGAGTGA-1	1	28	84	14112	13686
PDACNP_1_CCAGCTACGCCTCATA-1	1	9	35	7483	18159
PDACNP_1_CCAGCTCGAACGCATT-1	1	63	65	11541	5447
PDACNP_1_CCAGCTTCCGCCCGCA-1	1	29	17	5047	13451
PDACNP_1_CCAGGGACGTGGCCTC-1	1	27	53	9918	13922
PDACNP_1_CCAGTCAAATCTCTTA-1	1	42	8	3829	10391
PDACNP_1_CCAGTCCATTATTCGA-1	1	10	22	5724	17924
PDACNP_1_CCAGTCTTGTCATAGA-1	1	59	59	10729	6389
PDACNP_1_CCAGTGAGCTCCTTGT-1	1	0	12	4371	20278
PDACNP_1_CCAGTGTACAGACCGA-1	1	72	18	5182	3329
PDACNP_1_CCAGTTCGGTAACTCA-1	1	73	89	14788	3093
PDACNP_1_CCATAAACAACCCGAC-1	1	14	76	13030	16982
PDACNP_1_CCATAACCTGTGCAGT-1	1	51	5	3423	8272
PDACNP_1_CCATACCTTTACTTGT-1	1	30	102	16547	13215
PDACNP_1_CCATAGAGGCTGCCAG-1	1	60	4	3288	6154
PDACNP_1_CCATAGGTTGGCGTGG-1	1	18	62	11136	16041
PDACNP_1_CCATAGTCAGTAACCC-1	1	15	17	5047	16747
PDACNP_1_CCATATGGAAACTATA-1	1	53	103	16682	7801
PDACNP_1_CCATATTGGATCATGA-1	1	11	11	4236	17689
PDACNP_1_CCATCGCAGTTAAACT-1	1	50	62	11135	8507
PDACNP_1_CCATCTCACCAGTGAA-1	1	38	98	16006	11332
PDACNP_1_CCATCTTGTTCACAAT-1	1	7	41	8295	18630
PDACNP_1_CCATGCTCTGCAGGAA-1	1	21	43	8565	15334
PDACNP_1_CCATGTTCATCTATAT-1	1	68	28	6535	4270
PDACNP_1_CCATTTCTACCTATTA-1	1	55	71	12353	7330
PDACNP_1_CCCAAACATGCTGCTC-1	1	34	88	14653	12274
PDACNP_1_CCCAACCACACTAACA-1	1	8	66	11677	18395
PDACNP_1_CCCAAGTCATTACACT-1	1	68	96	15735	4270
PDACNP_1_CCCAATGAGATTTGCA-1	1	60	40	8159	6153
PDACNP_1_CCCACTCCACGGTATC-1	1	49	3	3153	8743
PDACNP_1_CCCAGAGGAGGGCGTA-1	1	21	105	16953	15334
PDACNP_1_CCCAGGTCTGAAGGCT-1	1	53	111	17765	7801
PDACNP_1_CCCAGTAAACTTGGGA-1	1	52	12	4370	8037
PDACNP_1_CCCGACCATAGTCCGC-1	1	20	74	12759	15570
PDACNP_1_CCCGCAGCGCGAACTA-1	1	49	67	11812	8743
PDACNP_1_CCCGCAGGGCCCAAAG-1	1	11	79	13436	17688
PDACNP_1_CCCGCCATGCTCCCGT-1	1	19	41	8295	15805
PDACNP_1_CCCGCGCAATGCACCC-1	1	19	23	5859	15805
PDACNP_1_CCCGGCACGTGTCAGG-1	1	76	104	16817	2386
PDACNP_1_CCCGGTGGAAGAACCT-1	1	25	21	5589	14393
PDACNP_1_CCCGGTGTATCGGAAT-1	1	53	17	5047	7802
PDACNP_1_CCCGTAGCTGGGAAGA-1	1	57	39	8023	6860
PDACNP_1_CCCGTCAGCGTCTGAC-1	1	23	51	9647	14864
PDACNP_1_CCCGTGACAGTGCCTT-1	1	77	91	15058	2151
PDACNP_1_CCCGTGAGGGCGGTGA-1	1	44	4	3288	9920
PDACNP_1_CCCGTGGGTTAATTGA-1	1	3	9	3965	19572
PDACNP_1_CCCGTTTCGCAGATGT-1	1	52	106	17088	8036
PDACNP_1_CCCTACCCACACCCAG-1	1	74	90	14923	2857
PDACNP_1_CCCTACTTGAACAATG-1	1	70	86	14382	3799
PDACNP_1_CCCTAGGCAACAAGAG-1	1	47	3	3153	9214
PDACNP_1_CCCTAGTGTCAGGTGT-1	1	10	20	5453	17924
PDACNP_1_CCCTCAAGCTCTTAGT-1	1	20	4	3289	15570
PDACNP_1_CCCTCAGATCGAGAAC-1	1	72	26	6264	3329
PDACNP_1_CCCTCATTCTGGAATT-1	1	16	44	8700	16512
PDACNP_1_CCCTCCTCGCTCGTAT-1	1	50	106	17088	8507
PDACNP_1_CCCTCGATAATACACA-1	1	69	29	6670	4035
PDACNP_1_CCCTGATGTAACTCGT-1	1	14	16	4912	16983
PDACNP_1_CCCTGGCTGTTCCTTC-1	1	47	5	3423	9214
PDACNP_1_CCCTGTTGGCAAAGAC-1	1	12	10	4100	17454
PDACNP_1_CCCTTTAATGGAGTTC-1	1	63	109	17494	5446
PDACNP_1_CCCTTTGACAGGTCTT-1	1	50	56	10323	8507
PDACNP_1_CCGAAAGTGGTGAGCA-1	1	17	27	6400	16276
PDACNP_1_CCGAACACTGGGCCTC-1	1	44	18	5182	9920
PDACNP_1_CCGAACCTTCCCGGCC-1	1	49	71	12353	8743
PDACNP_1_CCGAAGCATTGACCAA-1	1	61	5	3423	5918
PDACNP_1_CCGAAGTATATTGTTC-1	1	22	22	5724	15099
PDACNP_1_CCGACAAACACATGAG-1	1	16	14	4642	16512
PDACNP_1_CCGACAATAGGCCGCC-1	1	57	111	17764	6859
PDACNP_1_CCGACGGGCATGAGGT-1	1	54	26	6264	7566
PDACNP_1_CCGAGCTGTGCTTGTC-1	1	18	112	17900	16040
PDACNP_1_CCGATCTCAACCTTAT-1	1	37	101	16412	11567
PDACNP_1_CCGCACAAAGACCAAC-1	1	36	76	13030	11803
PDACNP_1_CCGCACGTGACCTCGG-1	1	28	26	6265	13687
PDACNP_1_CCGCATGTGGTACGAT-1	1	56	66	11676	7095
PDACNP_1_CCGCCGGAACTTCTCG-1	1	54	12	4370	7566
PDACNP_1_CCGCCGGTCAACACAC-1	1	13	55	10189	17218
PDACNP_1_CCGCCTGCGAATTGGT-1	1	15	97	15871	16746
PDACNP_1_CCGCCTTGCGATGTCG-1	1	43	7	3694	10156
PDACNP_1_CCGCGATTTGGTAGGT-1	1	39	9	3965	11097
PDACNP_1_CCGCGGGTACGAAGAA-1	1	32	26	6265	12745
PDACNP_1_CCGCGTAGGTAAGGGC-1	1	30	22	5724	13216
PDACNP_1_CCGCTATCAGCACCAG-1	1	45	63	11271	9684
PDACNP_1_CCGCTCCAGGGCGATC-1	1	71	69	12082	3564
PDACNP_1_CCGCTCCGGATAAGCT-1	1	74	14	4641	2858
PDACNP_1_CCGCTCTTCCGAACTA-1	1	63	99	16141	5447
PDACNP_1_CCGCTTGCTGACATGG-1	1	27	113	18036	13921
PDACNP_1_CCGGAAGTGCAATATG-1	1	75	105	16952	2622
PDACNP_1_CCGGAATGGTTTCAGT-1	1	24	32	7077	14628
PDACNP_1_CCGGCACGACCGTTTC-1	1	35	111	17765	12038
PDACNP_1_CCGGCCGCGAGCATAT-1	1	58	2	3017	6625
PDACNP_1_CCGGCGCATATTGGAT-1	1	14	56	10324	16982
PDACNP_1_CCGGCGTGAGACTCTG-1	1	47	11	4235	9214
PDACNP_1_CCGGGACCCGCAGAGA-1	1	16	52	9783	16511
PDACNP_1_CCGGGCGGTCTCGTCA-1	1	32	76	13030	12745
PDACNP_1_CCGGGCTAAGAATTTC-1	1	70	20	5452	3799
PDACNP_1_CCGGGCTGCTCCATAC-1	1	36	86	14382	11803
PDACNP_1_CCGGTTTGTAATTGTG-1	1	56	42	8429	7095
PDACNP_1_CCGTAAGTTGGTCCCA-1	1	33	77	13165	12509
PDACNP_1_CCGTACCCAAGCGCCA-1	1	12	34	7348	17453
PDACNP_1_CCGTAGGGTTGTTTAC-1	1	60	104	16817	6153
PDACNP_1_CCGTGCCCATGACGGC-1	1	12	48	9242	17453
PDACNP_1_CCGTGGAACGATCCAA-1	1	24	106	17089	14628
PDACNP_1_CCGTGTTAAATTCCAT-1	1	48	36	7618	8978
PDACNP_1_CCGTTACGTTAGAACA-1	1	20	88	14653	15569
PDACNP_1_CCTAAAGGCTGACGCT-1	1	14	82	13842	16982
PDACNP_1_CCTAACCCAAACAAGT-1	1	49	89	14788	8742
PDACNP_1_CCTAACTAAGGCTCTA-1	1	21	93	15330	15334
PDACNP_1_CCTACATTCACAGACG-1	1	51	33	7212	8272
PDACNP_1_CCTACGGCTCAGTCGA-1	1	16	32	7077	16512
PDACNP_1_CCTACTGCTTACACTT-1	1	27	49	9377	13922
PDACNP_1_CCTAGGCGTAGCGATC-1	1	36	88	14653	11803
PDACNP_1_CCTAGGTAAAGGTAGC-1	1	51	11	4235	8272
PDACNP_1_CCTAGTTAGTCGCATG-1	1	12	72	12489	17453
PDACNP_1_CCTATAATGAGTGCCC-1	1	55	81	13706	7330
PDACNP_1_CCTATACCGTCCTGTC-1	1	55	45	8835	7330
PDACNP_1_CCTATATCGTGTCACG-1	1	60	10	4100	6154
PDACNP_1_CCTATATTTGTCCTGG-1	1	62	52	9782	5682
PDACNP_1_CCTATCTATATCGGAA-1	1	19	77	13165	15805
PDACNP_1_CCTATGAAGTGGTGCC-1	1	37	111	17765	11567
PDACNP_1_CCTATGGCTCCTAGTG-1	1	62	24	5994	5683
PDACNP_1_CCTATGGGTTACCGTC-1	1	29	69	12083	13451
PDACNP_1_CCTATGGTCAAAGCTG-1	1	68	68	11947	4270
PDACNP_1_CCTATGTCCACTCCAC-1	1	62	92	15194	5682
PDACNP_1_CCTCAACGATCGCTGT-1	1	52	0	2747	8037
PDACNP_1_CCTCACCAATCTTGAC-1	1	17	35	7483	16276
PDACNP_1_CCTCACCTGAGGGAGC-1	1	28	102	16547	13686
PDACNP_1_CCTCACCTTAGCATCG-1	1	27	97	15871	13921
PDACNP_1_CCTCATGCAGCTACGA-1	1	10	30	6806	17924
PDACNP_1_CCTCCCGACAATCCCT-1	1	9	63	11271	18159
PDACNP_1_CCTCCGACAATTCAAG-1	1	33	33	7212	12510
PDACNP_1_CCTCCTGTTGTGTCGT-1	1	62	96	15735	5682
PDACNP_1_CCTCGAAGTGGACGGG-1	1	15	71	12353	16747
PDACNP_1_CCTCGCCAGCAAATTA-1	1	18	74	12759	16040
PDACNP_1_CCTCGCGCGATATAGG-1	1	21	95	15600	15334
PDACNP_1_CCTCGGACCGGGATAG-1	1	41	85	14247	10626
PDACNP_1_CCTCGGATGCTACCTG-1	1	32	10	4100	12745
PDACNP_1_CCTCGGTTTCCTTGCC-1	1	70	38	7888	3799
PDACNP_1_CCTCTAATCTGCCAAG-1	1	23	73	12624	14863
PDACNP_1_CCTCTACAAGGATTGG-1	1	67	27	6400	4506
PDACNP_1_CCTCTATCGATTAGCA-1	1	52	26	6265	8037
PDACNP_1_CCTCTGGCCTAGACGG-1	1	15	75	12895	16747
PDACNP_1_CCTCTGTACTATTCTA-1	1	53	61	11000	7801
PDACNP_1_CCTGAACGATATATTC-1	1	37	85	14247	11567
PDACNP_1_CCTGAATATTTACATA-1	1	23	71	12353	14863
PDACNP_1_CCTGACAAACTCGCGC-1	1	19	3	3153	15806
PDACNP_1_CCTGAGAATAAATGCA-1	1	71	33	7211	3564
PDACNP_1_CCTGATTCGCGAAGAA-1	1	75	93	15329	2622
PDACNP_1_CCTGCGATAGAACTGT-1	1	8	20	5454	18395
PDACNP_1_CCTGCTACAACCATAC-1	1	77	107	17223	2151
PDACNP_1_CCTGCTATTTGAGAAG-1	1	26	50	9512	14157
PDACNP_1_CCTGGTCGAATGTGGG-1	1	59	69	12082	6389
PDACNP_1_CCTGTCACCCGGGCTC-1	1	29	67	11812	13451
PDACNP_1_CCTGTTCAACCTCGGG-1	1	71	51	9647	3564
PDACNP_1_CCTTAAGTACGCAATT-1	1	75	97	15870	2622
PDACNP_1_CCTTCAGTTAAAGTGA-1	1	61	47	9106	5918
PDACNP_1_CCTTCCGCAACGCTGC-1	1	71	15	4776	3564
PDACNP_1_CCTTCGTATAGAATCC-1	1	69	61	11000	4034
PDACNP_1_CCTTCTTGATCCAGTG-1	1	19	73	12624	15805
PDACNP_1_CCTTGACCACTTTATT-1	1	55	109	17494	7330
PDACNP_1_CCTTGTGAACGTGGTT-1	1	72	48	9241	3328
PDACNP_1_CCTTTAAGGGAGCACT-1	1	58	50	9511	6624
PDACNP_1_CCTTTCAATGAAGAAA-1	1	25	95	15600	14392
PDACNP_1_CCTTTGAATTATGGCT-1	1	58	6	3559	6625
PDACNP_1_CGAAACATAGATGGCA-1	1	11	77	13165	17688
PDACNP_1_CGAACAGTATGGGCGT-1	1	50	96	15735	8507
PDACNP_1_CGAACCCGCATGCGTC-1	1	49	49	9376	8743
PDACNP_1_CGAACCTCTTTCCTAG-1	1	72	20	5452	3329
PDACNP_1_CGAACGCCCAGTGCCG-1	1	14	70	12218	16982
PDACNP_1_CGAACGGCCGGACAAC-1	1	47	15	4776	9214
PDACNP_1_CGAAGGGTTTCAGATT-1	1	66	14	4641	4741
PDACNP_1_CGAAGTTGCTCTGTGT-1	1	33	35	7482	12510
PDACNP_1_CGAATGACGCATAATG-1	1	63	57	10458	5447
PDACNP_1_CGAATGGTAGGTCGTC-1	1	73	29	6670	3093
PDACNP_1_CGACACCGCTTAAGGA-1	1	10	118	18712	17923
PDACNP_1_CGACACGCTCCGACAG-1	1	46	94	15465	9449
PDACNP_1_CGACATGCGATCTTCT-1	1	8	64	11406	18395
PDACNP_1_CGACCCTTAACGCCGG-1	1	48	12	4370	8979
PDACNP_1_CGACCTACTAGACAAT-1	1	46	0	2747	9450
PDACNP_1_CGACGCATCCGTACCT-1	1	50	10	4100	8508
PDACNP_1_CGACTCAGGATGTTAT-1	1	23	89	14789	14863
PDACNP_1_CGACTTTGTATAGCCT-1	1	33	109	17494	12509
PDACNP_1_CGAGACTACTGCTGCT-1	1	72	98	16005	3328
PDACNP_1_CGAGAGATGTGAACCT-1	1	29	73	12624	13451
PDACNP_1_CGAGAGCGCGTAGATA-1	1	45	7	3694	9685
PDACNP_1_CGAGAGCTTTCACTAC-1	1	64	88	14653	5211
PDACNP_1_CGAGAGGGTAGCCGCG-1	1	56	104	16817	7094
PDACNP_1_CGAGATTTCGCTCGGG-1	1	42	116	18441	10390
PDACNP_1_CGAGCTGGGCTTTAGG-1	1	17	67	11812	16276
PDACNP_1_CGAGGCCAGGCATTGG-1	1	14	22	5724	16983
PDACNP_1_CGAGGCTAAATATGGC-1	1	29	71	12353	13451
PDACNP_1_CGAGGGACTGCGGTCG-1	1	38	78	13300	11332
PDACNP_1_CGAGTGAAGGTACCAG-1	1	55	29	6670	7331
PDACNP_1_CGAGTGCTATAGTTCG-1	1	10	38	7889	17924
PDACNP_1_CGAGTTCTGTCCCACC-1	1	27	85	14247	13922
PDACNP_1_CGAGTTTATCGGACTG-1	1	37	93	15330	11567
PDACNP_1_CGATAGTCGTACTGCA-1	1	66	88	14653	4740
PDACNP_1_CGATCCACCATTGTTG-1	1	72	54	10052	3328
PDACNP_1_CGATCCTCGCAACATA-1	1	66	40	8158	4741
PDACNP_1_CGATCTGTTGGAGGAC-1	1	46	24	5994	9449
PDACNP_1_CGATGGACCCTACGCC-1	1	22	96	15736	15099
PDACNP_1_CGATGTTGTTATCTAC-1	1	58	12	4370	6624
PDACNP_1_CGATTAAATATCTCCT-1	1	56	62	11135	7095
PDACNP_1_CGATTCGCCTGGCTGC-1	1	57	73	12623	6859
PDACNP_1_CGATTTGTCATTAATG-1	1	75	25	6129	2622
PDACNP_1_CGCAAACACGAGTTAC-1	1	27	37	7753	13922
PDACNP_1_CGCAATTCTACAATAA-1	1	26	28	6536	14158
PDACNP_1_CGCACATGTCCACTAC-1	1	39	87	14518	11097
PDACNP_1_CGCACGTCTGTTTATG-1	1	68	32	7076	4270
PDACNP_1_CGCACGTGCGCTATCA-1	1	39	99	16141	11096
PDACNP_1_CGCAGAAACATTTGCG-1	1	8	58	10595	18395
PDACNP_1_CGCAGATCTTCACCCG-1	1	25	113	18036	14392
PDACNP_1_CGCAGTTCTATCTTTC-1	1	76	114	18170	2386
PDACNP_1_CGCATCATGGCTTCAG-1	1	9	85	14248	18159
PDACNP_1_CGCATGCCGAATGCGT-1	1	67	89	14788	4505
PDACNP_1_CGCATTAGCTAATAGG-1	1	27	57	10459	13922
PDACNP_1_CGCCACAGGTCGCGAT-1	1	49	9	3965	8743
PDACNP_1_CGCCACCCGCATTAAC-1	1	6	18	5183	18866
PDACNP_1_CGCCATCCGATTATGA-1	1	24	80	13571	14628
PDACNP_1_CGCCCAGCACGCCTAG-1	1	59	51	9647	6389
PDACNP_1_CGCCCAGCGTTTCACG-1	1	65	89	14788	4976
PDACNP_1_CGCCCGCTTCCGTACA-1	1	18	80	13571	16040
PDACNP_1_CGCCCTTGAAGGCTGA-1	1	24	20	5453	14628
PDACNP_1_CGCCGACTATTCGCTA-1	1	35	5	3424	12039
PDACNP_1_CGCCGTTCAGCATAGT-1	1	58	104	16817	6624
PDACNP_1_CGCGAAGTGGCATACT-1	1	64	96	15735	5211
PDACNP_1_CGCGACACTGCGCAGC-1	1	24	12	4371	14629
PDACNP_1_CGCGAGTCTGCCGGGT-1	1	52	20	5453	8037
PDACNP_1_CGCGCAAATGTCCAGA-1	1	56	24	5994	7095
PDACNP_1_CGCGCATGTTTGATTG-1	1	50	54	10053	8507
PDACNP_1_CGCGCCCGACTTAATA-1	1	21	75	12894	15334
PDACNP_1_CGCGGCAGTATTACGG-1	1	12	16	4912	17453
PDACNP_1_CGCGGGAATTAGGCAG-1	1	28	80	13571	13686
PDACNP_1_CGCGTGCTATCAACGA-1	1	1	27	6401	20043
PDACNP_1_CGCGTGGGCCTGTGTT-1	1	70	2	3017	3800
PDACNP_1_CGCGTTCATGAAATAC-1	1	27	51	9647	13922
PDACNP_1_CGCTAGAGACCGCTGC-1	1	39	101	16412	11096
PDACNP_1_CGCTATTCAATGTATG-1	1	19	31	6942	15805
PDACNP_1_CGCTCGACATAATGAT-1	1	21	45	8836	15334
PDACNP_1_CGCTGTGACGCCGCAC-1	1	25	47	9106	14393
PDACNP_1_CGCTGTGTGGATGTTG-1	1	59	43	8564	6389
PDACNP_1_CGCTTAGTATTGATAC-1	1	66	52	9782	4741
PDACNP_1_CGCTTATTCCCGGTCG-1	1	42	30	6806	10391
PDACNP_1_CGCTTTCATACCGGTG-1	1	14	50	9512	16982
PDACNP_1_CGCTTTCTTGCATTCG-1	1	31	85	14247	12980
PDACNP_1_CGGAAAGAATCAAACG-1	1	58	48	9241	6624
PDACNP_1_CGGAAAGCAAATGTGC-1	1	18	6	3559	16041
PDACNP_1_CGGAACGTAAACATAG-1	1	47	45	8835	9214
PDACNP_1_CGGACCTTTACGTCCC-1	1	71	71	12352	3564
PDACNP_1_CGGACGTTACTTGAAG-1	1	42	6	3559	10391
PDACNP_1_CGGAGCAATTTAATCG-1	1	54	60	10865	7566
PDACNP_1_CGGAGCTTATAACACC-1	1	10	86	14383	17924
PDACNP_1_CGGAGTTTGAGAGACA-1	1	30	34	7347	13216
PDACNP_1_CGGATAAGCGGACATG-1	1	19	17	5047	15806
PDACNP_1_CGGATCCTCAAGGACT-1	1	60	80	13570	6153
PDACNP_1_CGGATGAATGCTGTGA-1	1	70	22	5723	3799
PDACNP_1_CGGCAAACATCGTGCG-1	1	52	66	11676	8036
PDACNP_1_CGGCAATAAGATCGCC-1	1	54	108	17359	7565
PDACNP_1_CGGCACCGTTAGCGCC-1	1	11	89	14789	17688
PDACNP_1_CGGCAGGGTCGGGTTG-1	1	32	94	15465	12744
PDACNP_1_CGGCCACGCACAAAGT-1	1	35	59	10730	12039
PDACNP_1_CGGCCAGAGCGACCAT-1	1	67	49	9376	4505
PDACNP_1_CGGCCCAACCTGTAGT-1	1	28	112	17900	13686
PDACNP_1_CGGCTTTGTATGATAA-1	1	8	56	10324	18395
PDACNP_1_CGGGAGCTTCAGTGTA-1	1	49	91	15059	8742
PDACNP_1_CGGGAGTATACCGCCG-1	1	19	15	4777	15806
PDACNP_1_CGGGATCAATGTAAGA-1	1	23	59	10730	14863
PDACNP_1_CGGGCAGCTAAACCGC-1	1	32	56	10324	12745
PDACNP_1_CGGGCCATAGCCGCAC-1	1	14	18	5183	16983
PDACNP_1_CGGGCGATGGATCACG-1	1	69	75	12894	4034
PDACNP_1_CGGGTGTACCCATTTA-1	1	32	86	14383	12744
PDACNP_1_CGGGTTTGTTAGGGCT-1	1	56	114	18170	7094
PDACNP_1_CGGTACGGCAAACCCA-1	1	53	1	2882	7802
PDACNP_1_CGGTAGAGGTGCAGGT-1	1	22	92	15194	15099
PDACNP_1_CGGTATGGGCACTCTG-1	1	75	77	13164	2622
PDACNP_1_CGGTCAAGTGGGAACC-1	1	26	80	13571	14157
PDACNP_1_CGGTCCGTCGCAAGCC-1	1	63	51	9647	5447
PDACNP_1_CGGTCTATCAACCCGT-1	1	18	82	13842	16040
PDACNP_1_CGGTGCGCGTTGGTCC-1	1	49	39	8023	8743
PDACNP_1_CGGTGGGCTCCAGCCT-1	1	15	99	16142	16746
PDACNP_1_CGGTGTACTTGATCCC-1	1	17	31	6942	16276
PDACNP_1_CGGTTATCCAACAGTG-1	1	30	98	16006	13215
PDACNP_1_CGGTTCAAGTAGGTGT-1	1	24	98	16006	14628
PDACNP_1_CGGTTCCGGCTTCTTG-1	1	9	29	6671	18160
PDACNP_1_CGGTTGAGTATCCTTC-1	1	66	30	6805	4741
PDACNP_1_CGGTTGGGCAGGGTCC-1	1	73	75	12894	3093
PDACNP_1_CGTAAACGCTTGAGTG-1	1	11	23	5859	17689
PDACNP_1_CGTAAAGCAAGAAATC-1	1	70	28	6535	3799
PDACNP_1_CGTAACTTCGACACTT-1	1	68	50	9511	4270
PDACNP_1_CGTACCGAAAGTCTAG-1	1	10	12	4371	17924
PDACNP_1_CGTACCTGATAGGCCT-1	1	22	68	11947	15099
PDACNP_1_CGTAGAGAGTAATTAT-1	1	67	87	14517	4505
PDACNP_1_CGTAGCGAATTGTCAG-1	1	13	71	12353	17217
PDACNP_1_CGTAGCGCCGACGTTG-1	1	7	53	9918	18630
PDACNP_1_CGTATTAAGAGATCTA-1	1	32	54	10053	12745
PDACNP_1_CGTCAAGGCTATAAAT-1	1	30	14	4641	13216
PDACNP_1_CGTCAATCTTTAACAT-1	1	11	9	3965	17689
PDACNP_1_CGTCACGTCCATTGGT-1	1	47	51	9647	9214
PDACNP_1_CGTCAGCTATTTACTC-1	1	17	11	4236	16276
PDACNP_1_CGTCAGTGCGCACAAG-1	1	11	49	9377	17689
PDACNP_1_CGTCATACCATATCCA-1	1	20	20	5453	15570
PDACNP_1_CGTCCTCATCGCGTGC-1	1	71	111	17764	3563
PDACNP_1_CGTCGCATGTGAGCCA-1	1	65	77	13164	4976
PDACNP_1_CGTCGCTTGGTTATAC-1	1	63	25	6129	5447
PDACNP_1_CGTCGGATAGTGTTGA-1	1	34	96	15735	12274
PDACNP_1_CGTCGGGTCTAAGCGC-1	1	54	22	5723	7566
PDACNP_1_CGTCGTCCTTCGCGAA-1	1	56	76	13029	7095
PDACNP_1_CGTCTGGAAGGGCCCG-1	1	16	62	11136	16511
PDACNP_1_CGTGACCAGTCCTCTG-1	1	63	55	10188	5447
PDACNP_1_CGTGCACACCACTGTA-1	1	72	90	14923	3328
PDACNP_1_CGTGCAGACTGGGACA-1	1	40	74	12759	10861
PDACNP_1_CGTGCTGGCCTAGTCG-1	1	9	19	5318	18160
PDACNP_1_CGTGCTTCTACCTAAA-1	1	62	28	6535	5683
PDACNP_1_CGTGGTACCCAAAGGC-1	1	66	42	8429	4741
PDACNP_1_CGTGTATGGGAGCTGA-1	1	65	111	17764	4976
PDACNP_1_CGTGTCTCGTTACGAC-1	1	60	34	7347	6153
PDACNP_1_CGTTAAATACGACCAG-1	1	74	118	18711	2857
PDACNP_1_CGTTAATGTCCCGACG-1	1	59	87	14517	6388
PDACNP_1_CGTTAGCTCACAACTG-1	1	14	90	14924	16982
PDACNP_1_CGTTATCATACTTCCA-1	1	45	1	2882	9685
PDACNP_1_CGTTCAAGGAAACGGA-1	1	70	46	8970	3799
PDACNP_1_CGTTCAGACCCGCGAA-1	1	65	61	11000	4976
PDACNP_1_CGTTCATGGTGCGCGT-1	1	48	20	5453	8979
PDACNP_1_CGTTCTTCGCACACCT-1	1	19	109	17495	15805
PDACNP_1_CGTTGAATACCGCGCT-1	1	57	77	13164	6859
PDACNP_1_CGTTGAGTAATTGCGT-1	1	11	101	16412	17688
PDACNP_1_CGTTGCCCGCGTGGGA-1	1	65	45	8835	4976
PDACNP_1_CGTTGTAAACGTCAGG-1	1	21	13	4506	15335
PDACNP_1_CGTTGTAAGATTGATT-1	1	26	108	17359	14157
PDACNP_1_CGTTGTCGGCAATTGA-1	1	64	66	11676	5211
PDACNP_1_CGTTTAAGCGGAGCAC-1	1	13	59	10730	17218
PDACNP_1_CGTTTCACTTCGGGCG-1	1	18	92	15195	16040
PDACNP_1_CGTTTCGGTTATATGC-1	1	74	116	18441	2857
PDACNP_1_CGTTTGTGTAGAGGGT-1	1	55	41	8294	7330
PDACNP_1_CTAAATCCGGTGTACA-1	1	61	35	7482	5918
PDACNP_1_CTAAATCCTATTCCGG-1	1	26	84	14112	14157
PDACNP_1_CTAACAGCACAATAAC-1	1	61	1	2882	5918
PDACNP_1_CTAACGAAACTTGCTG-1	1	30	94	15465	13215
PDACNP_1_CTAACTGATAATCGCC-1	1	58	102	16547	6624
PDACNP_1_CTAACTGGTCCGGTTC-1	1	50	36	7617	8508
PDACNP_1_CTAATTCGCACGCGCT-1	1	28	34	7347	13687
PDACNP_1_CTAATTCTCAGATATT-1	1	27	105	16953	13921
PDACNP_1_CTAATTTCAACAACAC-1	1	21	27	6400	15335
PDACNP_1_CTACAAGAAATAACCC-1	1	58	40	8159	6624
PDACNP_1_CTACACTCGCAGATGG-1	1	57	101	16412	6859
PDACNP_1_CTACCCTAAGGTCATA-1	1	31	91	15059	12980
PDACNP_1_CTACGATCCTATCCTA-1	1	69	19	5317	4035
PDACNP_1_CTACGCCATTTCCGAT-1	1	12	80	13571	17453
PDACNP_1_CTACTATCATAGGTTT-1	1	53	25	6129	7801
PDACNP_1_CTACTATCTTTCAGAG-1	1	29	93	15330	13451
PDACNP_1_CTACTCAAGGTATAGT-1	1	60	42	8429	6153
PDACNP_1_CTACTCTAGGCCCGGC-1	1	31	25	6130	12981
PDACNP_1_CTACTGCCACCTGACC-1	1	27	63	11271	13922
PDACNP_1_CTAGACTGCATTTCGT-1	1	10	96	15736	17923
PDACNP_1_CTAGATAAACTCCTCG-1	1	7	25	6130	18630
PDACNP_1_CTAGATGTGAGTGTAA-1	1	33	103	16683	12509
PDACNP_1_CTAGCATAGTATAATG-1	1	34	66	11677	12274
PDACNP_1_CTAGCCGATGTTATGA-1	1	23	101	16412	14863
PDACNP_1_CTAGGCGCCCTATCAG-1	1	51	91	15059	8272
PDACNP_1_CTAGGGATAGGGACAA-1	1	71	43	8564	3564
PDACNP_1_CTAGGTCTGAAGGAAT-1	1	36	104	16818	11803
PDACNP_1_CTAGGTTCGGACGTGA-1	1	58	70	12217	6624
PDACNP_1_CTAGTAGAAAGGGATT-1	1	63	81	13706	5447
PDACNP_1_CTAGTATTCGGAATTA-1	1	14	80	13571	16982
PDACNP_1_CTAGTTACAACCCGGT-1	1	53	67	11812	7801
PDACNP_1_CTAGTTGGGCCCGGTA-1	1	26	68	11947	14157
PDACNP_1_CTATAAGAGCCAATCG-1	1	26	100	16277	14157
PDACNP_1_CTATAAGTAGGGTTTG-1	1	73	11	4235	3093
PDACNP_1_CTATACTTAAAGCGAG-1	1	62	4	3288	5683
PDACNP_1_CTATAGGCGTTGATGT-1	1	62	38	7888	5683
PDACNP_1_CTATATCCAGCCTGGC-1	1	69	31	6941	4035
PDACNP_1_CTATCGACGAAATACA-1	1	53	93	15329	7801
PDACNP_1_CTATGAACACCTTGCC-1	1	72	28	6535	3329
PDACNP_1_CTATGGGAAGCGGAAT-1	1	54	104	16817	7565
PDACNP_1_CTATGTCACTAGCCCA-1	1	30	66	11677	13216
PDACNP_1_CTATGTCTATTGAAAC-1	1	11	55	10189	17688
PDACNP_1_CTATGTGAGTCACGGC-1	1	45	17	5047	9685
PDACNP_1_CTATTCATGTGTCCCA-1	1	52	62	11135	8036
PDACNP_1_CTATTTGGTTACGGAT-1	1	36	82	13841	11803
PDACNP_1_CTCAAACCACTGCCCG-1	1	64	40	8158	5212
PDACNP_1_CTCAACTAACCCGGAT-1	1	63	85	14247	5447
PDACNP_1_CTCACTGTGATACTTA-1	1	63	75	12894	5447
PDACNP_1_CTCAGAGCTAATGTCG-1	1	73	59	10729	3093
PDACNP_1_CTCAGATTGTGATAAG-1	1	43	5	3423	10156
PDACNP_1_CTCAGGACTCACCTGT-1	1	16	30	6806	16512
PDACNP_1_CTCATAAATGTGTATA-1	1	74	106	17088	2857
PDACNP_1_CTCATGGTAATTTGCG-1	1	50	26	6265	8508
PDACNP_1_CTCATTGCTCTAACAA-1	1	60	78	13300	6153
PDACNP_1_CTCATTTGATGGGCGG-1	1	22	62	11136	15099
PDACNP_1_CTCCCTCCTTTCGATC-1	1	51	23	5859	8272
PDACNP_1_CTCCGGCCTAATATGC-1	1	19	59	10730	15805
PDACNP_1_CTCCGGCTTGTAGACA-1	1	15	19	5318	16747
PDACNP_1_CTCCTAAGTTATGTCT-1	1	12	30	6806	17453
PDACNP_1_CTCCTCCAGCTCACAC-1	1	62	50	9511	5682
PDACNP_1_CTCCTTTACGCAAGTC-1	1	23	109	17494	14863
PDACNP_1_CTCGAGACATACGATA-1	1	55	7	3694	7331
PDACNP_1_CTCGAGATCCAAAGCA-1	1	11	13	4506	17689
PDACNP_1_CTCGAGGCAAGTTTCA-1	1	72	32	7076	3329
PDACNP_1_CTCGAGGTCGAACAGT-1	1	29	59	10730	13451
PDACNP_1_CTCGATATTTGCGAGC-1	1	23	99	16142	14863
PDACNP_1_CTCGCACCTATATAGT-1	1	24	68	11947	14628
PDACNP_1_CTCGCATTGCATAGCC-1	1	60	12	4370	6154
PDACNP_1_CTCGCCGAATGTAGGG-1	1	60	64	11406	6153
PDACNP_1_CTCGCTAGGTAAGCGA-1	1	72	96	15735	3328
PDACNP_1_CTCGGGTTCTCTGGCC-1	1	61	27	6400	5918
PDACNP_1_CTCGGTACCACTGCTC-1	1	41	81	13706	10626
PDACNP_1_CTCGGTCCGTAGCCTG-1	1	18	50	9512	16041
PDACNP_1_CTCGTCGAGGGCTCAT-1	1	60	18	5182	6154
PDACNP_1_CTCGTCTGTGCCTTCG-1	1	70	82	13841	3799
PDACNP_1_CTCGTTACGGCTACCA-1	1	70	40	8158	3799
PDACNP_1_CTCGTTTCTAATGTTT-1	1	22	104	16818	15098
PDACNP_1_CTCTAATGCATTGATC-1	1	24	110	17630	14628
PDACNP_1_CTCTACATCCTGCGTG-1	1	72	66	11676	3328
PDACNP_1_CTCTAGCCCTCGGAAA-1	1	66	90	14923	4740
PDACNP_1_CTCTATTTGGCTGCAG-1	1	48	68	11947	8978
PDACNP_1_CTCTCACAATCGATGA-1	1	32	70	12218	12745
PDACNP_1_CTCTCTAACTGCCTAG-1	1	57	21	5588	6860
PDACNP_1_CTCTGCAGGCATTCTT-1	1	71	23	5858	3564
PDACNP_1_CTCTGCGAAGCAAGCA-1	1	12	50	9512	17453
PDACNP_1_CTCTGGACGCCTGGTG-1	1	32	62	11135	12745
PDACNP_1_CTCTGTCCATGCACCA-1	1	75	91	15058	2622
PDACNP_1_CTCTTCTGGAAGTTAG-1	1	62	40	8158	5683
PDACNP_1_CTCTTGTCCCGCTTGG-1	1	54	58	10594	7566
PDACNP_1_CTGAAAGAGATCCGAC-1	1	19	69	12083	15805
PDACNP_1_CTGAATCCGAGACCTC-1	1	47	53	9918	9214
PDACNP_1_CTGAATTTATTGCCAG-1	1	22	106	17089	15098
PDACNP_1_CTGACTGCGCAGCTCG-1	1	31	101	16412	12980
PDACNP_1_CTGAGAGTAGAAATAC-1	1	64	124	19523	5211
PDACNP_1_CTGAGCAAGTAACAAG-1	1	15	25	6130	16747
PDACNP_1_CTGATCCCTTTATGCA-1	1	71	29	6670	3564
PDACNP_1_CTGCAAGCACGTTCCG-1	1	61	111	17764	5917
PDACNP_1_CTGCACAACTACATAT-1	1	50	76	13029	8507
PDACNP_1_CTGCACCTGGAACCGC-1	1	15	49	9377	16747
PDACNP_1_CTGCACTCCAGTACAG-1	1	54	70	12217	7566
PDACNP_1_CTGCAGAGAATCAGAG-1	1	61	101	16411	5917
PDACNP_1_CTGCAGGGTGACGCTC-1	1	76	118	18711	2386
PDACNP_1_CTGCCAAGGTTGGAAG-1	1	21	77	13165	15334
PDACNP_1_CTGCCCACGAAGCGTT-1	1	32	6	3559	12745
PDACNP_1_CTGCCTTTAATACCTT-1	1	64	28	6535	5212
PDACNP_1_CTGCCTTTCTAGTAAA-1	1	63	93	15329	5447
PDACNP_1_CTGCGACCTCGCCGAA-1	1	71	73	12623	3564
PDACNP_1_CTGCGGGTGAAATGTT-1	1	31	23	5859	12981
PDACNP_1_CTGCGGTAGTCACGTG-1	1	10	92	15195	17924
PDACNP_1_CTGCGTTACGATATAA-1	1	16	90	14924	16511
PDACNP_1_CTGCTGAGGCCACGAA-1	1	49	35	7482	8743
PDACNP_1_CTGCTTGGCGATAGCT-1	1	53	75	12894	7801
PDACNP_1_CTGCTTTATGTCCGCG-1	1	20	112	17900	15569
PDACNP_1_CTGGAAATGGATGCTT-1	1	29	53	9918	13451
PDACNP_1_CTGGAAGACACGGTGG-1	1	50	88	14653	8507
PDACNP_1_CTGGACGCAGTCCGGC-1	1	51	13	4506	8272
PDACNP_1_CTGGATTTACACTTGA-1	1	49	55	10188	8743
PDACNP_1_CTGGCATCCGAATGAG-1	1	48	26	6265	8978
PDACNP_1_CTGGCGACATAAGTCC-1	1	17	81	13706	16276
PDACNP_1_CTGGCGATTTACATGT-1	1	73	107	17223	3092
PDACNP_1_CTGGCGCACAGGTCTG-1	1	37	89	14788	11567
PDACNP_1_CTGGCGGGAATAAGTA-1	1	20	22	5724	15570
PDACNP_1_CTGGCTCCTGCGGGAT-1	1	7	27	6401	18630
PDACNP_1_CTGGCTGGTTGTCAGT-1	1	54	56	10323	7566
PDACNP_1_CTGGGATAAATAATGG-1	1	38	84	14112	11332
PDACNP_1_CTGGGATACGCTACCC-1	1	37	117	18577	11567
PDACNP_1_CTGGGCCTGCTATATC-1	1	44	30	6806	9920
PDACNP_1_CTGGGCTACTGGAGAG-1	1	76	108	17358	2386
PDACNP_1_CTGGGTTGAGTTAAAG-1	1	53	11	4235	7802
PDACNP_1_CTGGTAAAGACTTACA-1	1	71	99	16141	3563
PDACNP_1_CTGGTAAAGTGTGGGC-1	1	60	114	18170	6153
PDACNP_1_CTGGTAACGAGCTCTT-1	1	29	97	15871	13451
PDACNP_1_CTGGTCATTCCAATCC-1	1	23	15	4777	14864
PDACNP_1_CTGGTTTCGAGCAAGA-1	1	46	88	14653	9449
PDACNP_1_CTGTAGCCATCTCACT-1	1	56	46	8970	7095
PDACNP_1_CTGTAGTGAGGATCGA-1	1	69	43	8564	4035
PDACNP_1_CTGTATGGTGTAGAAA-1	1	20	32	7077	15570
PDACNP_1_CTGTCAAATGGCTCGG-1	1	23	83	13977	14863
PDACNP_1_CTGTGGTCGGGAGATA-1	1	55	89	14788	7330
PDACNP_1_CTGTTACCCAATCTAG-1	1	48	58	10594	8978
PDACNP_1_CTGTTCACTGCCTGTG-1	1	22	56	10324	15099
PDACNP_1_CTGTTGTTCAGTCGTA-1	1	67	21	5588	4506
PDACNP_1_CTTAAATAAGACCCAT-1	1	25	9	3965	14393
PDACNP_1_CTTAACTTACAGTATA-1	1	70	112	17900	3799
PDACNP_1_CTTAACTTCGAAGTAC-1	1	11	63	11271	17688
PDACNP_1_CTTAAGCAGCGAGCCG-1	1	51	3	3153	8272
PDACNP_1_CTTACACTGGGAAATA-1	1	16	48	9242	16511
PDACNP_1_CTTACATAGATTTCTT-1	1	74	82	13841	2857
PDACNP_1_CTTAGGTATAGACCAG-1	1	63	15	4776	5447
PDACNP_1_CTTAGTAGGCCTACAG-1	1	32	102	16547	12744
PDACNP_1_CTTAGTGTAGTAGCAT-1	1	61	83	13976	5918
PDACNP_1_CTTAGTTGAGGAATCG-1	1	67	33	7211	4506
PDACNP_1_CTTCAACTCCACTTGG-1	1	59	77	13164	6388
PDACNP_1_CTTCACGCCCTGGTAC-1	1	71	21	5588	3564
PDACNP_1_CTTCAGTGGTCGCCTA-1	1	54	18	5182	7566
PDACNP_1_CTTCAGTTGGACAACG-1	1	73	91	15058	3093
PDACNP_1_CTTCATAGCTCAAGAA-1	1	19	37	7753	15805
PDACNP_1_CTTCCGCTCCGTGAAG-1	1	56	50	9512	7095
PDACNP_1_CTTCGATTGCGCAAGC-1	1	68	88	14653	4270
PDACNP_1_CTTCGGCCAATTGTTT-1	1	50	110	17629	8507
PDACNP_1_CTTCTATGTTGAAGTA-1	1	46	28	6535	9449
PDACNP_1_CTTCTATTAATGCTAG-1	1	51	47	9106	8272
PDACNP_1_CTTCTGGGCGTACCTA-1	1	66	34	7347	4741
PDACNP_1_CTTCTTACGTCGTATA-1	1	14	60	10865	16982
PDACNP_1_CTTGACCCGAAAGATA-1	1	9	57	10459	18159
PDACNP_1_CTTGAGTTAGGGTAAT-1	1	39	93	15329	11097
PDACNP_1_CTTGCAACCGCCTCCT-1	1	43	25	6129	10156
PDACNP_1_CTTGCCCACCCACGCA-1	1	70	100	16276	3799
PDACNP_1_CTTGGCCAAGCTGGGA-1	1	61	57	10459	5918
PDACNP_1_CTTGTACTTGTTGACT-1	1	21	51	9647	15334
PDACNP_1_CTTGTCAACATTCGAG-1	1	50	66	11676	8507
PDACNP_1_CTTGTGAGGACAGCGG-1	1	6	10	4101	18866
PDACNP_1_CTTGTGCTCACCGATT-1	1	22	94	15465	15099
PDACNP_1_CTTGTTGCTGAGTCAA-1	1	38	80	13571	11332
PDACNP_1_CTTGTTTATGTAGCCA-1	1	18	28	6536	16041
PDACNP_1_CTTTAACTTTCAAAGG-1	1	23	67	11812	14863
PDACNP_1_CTTTAATATTGGTCGA-1	1	51	73	12623	8272
PDACNP_1_CTTTACCGAATAGTAG-1	1	50	84	14112	8507
PDACNP_1_CTTTAGGAACACTGTT-1	1	41	87	14518	10626
PDACNP_1_CTTTCTGTGCGGGCTT-1	1	54	66	11676	7566
PDACNP_1_CTTTGACGTCGCTTCT-1	1	44	0	2747	9920
PDACNP_1_CTTTGCATCGCTCTTG-1	1	60	94	15464	6153
PDACNP_1_CTTTGGCGCTTTATAC-1	1	32	18	5183	12745
PDACNP_1_CTTTGGGATTGTTGCA-1	1	62	44	8700	5683
PDACNP_1_CTTTGTCGAATGCTCC-1	1	57	7	3694	6860
PDACNP_1_GAAACAGATGACCACC-1	1	40	92	15194	10861
PDACNP_1_GAAACAGCCATGCAGT-1	1	13	61	11001	17218
PDACNP_1_GAAACATAGGAAACAG-1	1	60	20	5453	6154
PDACNP_1_GAAACCATGGTGCGCT-1	1	27	109	17494	13921
PDACNP_1_GAAACCGAATTACCTT-1	1	45	51	9647	9684
PDACNP_1_GAAACCTATACAAATG-1	1	60	52	9782	6153
PDACNP_1_GAAACTCGTGCGATGC-1	1	28	24	5994	13687
PDACNP_1_GAAACTCTAATGAAGG-1	1	13	73	12624	17217
PDACNP_1_GAAAGAACAGCGTTAT-1	1	37	103	16682	11567
PDACNP_1_GAAAGCAGTGCACTTT-1	1	56	54	10053	7095
PDACNP_1_GAAAGTGACTAACTGC-1	1	25	31	6941	14393
PDACNP_1_GAAATACTAAACGTTT-1	1	18	22	5724	16041
PDACNP_1_GAAATCGCGCGCAACT-1	1	18	68	11947	16040
PDACNP_1_GAAATGGCGGTGTTAG-1	1	30	52	9783	13216
PDACNP_1_GAAATTAGCACGGATA-1	1	18	96	15736	16040
PDACNP_1_GAAATTCACATCGCTG-1	1	13	49	9377	17218
PDACNP_1_GAACAACTGGGATGAA-1	1	67	85	14247	4505
PDACNP_1_GAACACACATCAACCA-1	1	22	50	9512	15099
PDACNP_1_GAACAGATTACTAAAT-1	1	57	71	12353	6859
PDACNP_1_GAACCCTCTGTGTTCT-1	1	59	67	11811	6389
PDACNP_1_GAACCTCGACCTACAC-1	1	41	9	3965	10627
PDACNP_1_GAACCTTTAACGATCC-1	1	63	79	13435	5447
PDACNP_1_GAACGACCGAATGATA-1	1	19	63	11271	15805
PDACNP_1_GAACGTCTCATGGTCG-1	1	31	87	14518	12980
PDACNP_1_GAACTGTGGAGAGACA-1	1	68	66	11676	4270
PDACNP_1_GAAGAAACGATATTGT-1	1	59	29	6670	6389
PDACNP_1_GAAGAACGGTGCAGGT-1	1	14	40	8159	16982
PDACNP_1_GAAGCCACTGATTATG-1	1	65	69	12082	4976
PDACNP_1_GAAGCCTGCACATTCC-1	1	61	61	11000	5918
PDACNP_1_GAAGCGTGAGGAATTT-1	1	34	60	10865	12274
PDACNP_1_GAAGCTCGGACCCGTC-1	1	55	21	5588	7331
PDACNP_1_GAAGCTTGCTGACCGC-1	1	29	35	7483	13451
PDACNP_1_GAAGGAGTCGAGTGCG-1	1	66	60	10864	4741
PDACNP_1_GAAGGGCATAACCATG-1	1	7	11	4236	18631
PDACNP_1_GAAGGGTCATTAAGAC-1	1	73	81	13705	3093
PDACNP_1_GAAGTCAGTTGCACTA-1	1	52	58	10594	8037
PDACNP_1_GAAGTCTCCCTAGCGA-1	1	37	91	15059	11567
PDACNP_1_GAAGTGCTGGATAGCT-1	1	15	61	11000	16747
PDACNP_1_GAATAGCATTTAGGGT-1	1	46	118	18712	9448
PDACNP_1_GAATAGCCCTGCGGTC-1	1	18	110	17630	16040
PDACNP_1_GAATAGTGCTCGATTA-1	1	60	36	7617	6153
PDACNP_1_GAATATTCGGAGTCCC-1	1	13	83	13977	17217
PDACNP_1_GAATCGCCGGACACGG-1	1	11	41	8295	17689
PDACNP_1_GAATCTGAACATTCTC-1	1	42	64	11406	10391
PDACNP_1_GAATGCCGAAATGACC-1	1	21	17	5047	15335
PDACNP_1_GAATGCGAATCGGTTC-1	1	63	69	12082	5447
PDACNP_1_GAATGGGCTTATCGAC-1	1	40	6	3559	10862
PDACNP_1_GAATGTATGGCAGGTC-1	1	15	91	15059	16746
PDACNP_1_GAATGTTGGGTAATCT-1	1	23	69	12083	14863
PDACNP_1_GAATTATAGTGAAAGG-1	1	34	68	11947	12274
PDACNP_1_GAATTCACCCGGGTGT-1	1	47	55	10188	9214
PDACNP_1_GAATTTCTCGCTGCAG-1	1	28	30	6806	13687
PDACNP_1_GACAACGACCATTGAA-1	1	25	77	13165	14392
PDACNP_1_GACAACGCAGCTTACG-1	1	20	54	10053	15570
PDACNP_1_GACACAAGGGAAGAAA-1	1	30	72	12488	13215
PDACNP_1_GACACAGCCGGGACTG-1	1	72	100	16276	3328
PDACNP_1_GACACGAGTTAGAGGA-1	1	19	25	6130	15805
PDACNP_1_GACACTGAGTTCAGTG-1	1	44	46	8971	9920
PDACNP_1_GACACTGGAACCCGAT-1	1	52	110	17629	8036
PDACNP_1_GACAGATTTCTGGCTC-1	1	44	8	3829	9920
PDACNP_1_GACAGCCAGACCTGAC-1	1	42	86	14382	10390
PDACNP_1_GACAGGTAATCCGTGT-1	1	76	116	18441	2386
PDACNP_1_GACATACTGTCGCAGA-1	1	21	9	3965	15335
PDACNP_1_GACATCCGTCGAACTG-1	1	65	71	12353	4976
PDACNP_1_GACATCGATTTATAAC-1	1	52	50	9512	8037
PDACNP_1_GACCAAACGTTGACTG-1	1	58	108	17359	6624
PDACNP_1_GACCACACTTCCCTTT-1	1	70	80	13570	3799
PDACNP_1_GACCCAATTATGATAC-1	1	54	20	5453	7566
PDACNP_1_GACCCGTCGCCGGCTA-1	1	9	59	10730	18159
PDACNP_1_GACCGACCGCTAATAT-1	1	2	10	4101	19808
PDACNP_1_GACCGACGTGAAAGCA-1	1	38	112	17900	11332
PDACNP_1_GACCGATTAAATATGT-1	1	68	16	4911	4270
PDACNP_1_GACCGTCAGGTCGTGA-1	1	13	81	13706	17217
PDACNP_1_GACCTTCCACGTCTAC-1	1	66	74	12758	4741
PDACNP_1_GACGACGATCCGCGTT-1	1	52	70	12217	8036
PDACNP_1_GACGACTTTCCAAGAA-1	1	1	11	4236	20043
PDACNP_1_GACGAGGCTAATAAAC-1	1	56	100	16276	7094
PDACNP_1_GACGATATCACTGGGT-1	1	72	34	7347	3328
PDACNP_1_GACGCATACCCGTCGG-1	1	64	6	3558	5212
PDACNP_1_GACGCCGTAAAGGCTA-1	1	54	54	10053	7566
PDACNP_1_GACGCCTGTTGCAGGG-1	1	11	31	6942	17689
PDACNP_1_GACGGGATGTCTTATG-1	1	1	25	6130	20043
PDACNP_1_GACGGGCATCGAATTT-1	1	75	107	17223	2622
PDACNP_1_GACGGGTTGGCCCGTA-1	1	61	51	9647	5918
PDACNP_1_GACGGTCAATAGAAGC-1	1	30	100	16277	13215
PDACNP_1_GACGTGAGACTCCATG-1	1	8	30	6806	18395
PDACNP_1_GACGTGTAGGGATTAT-1	1	28	32	7077	13687
PDACNP_1_GACGTTGCTCGGCGGC-1	1	73	31	6941	3093
PDACNP_1_GACTAAGATCATGCAC-1	1	23	53	9918	14864
PDACNP_1_GACTACAAAGCGGTGG-1	1	49	21	5588	8743
PDACNP_1_GACTAGGCCGTTAGGT-1	1	66	78	13300	4741
PDACNP_1_GACTCACCCACGTGAG-1	1	38	106	17088	11332
PDACNP_1_GACTCCCAGAATAAGG-1	1	27	111	17765	13921
PDACNP_1_GACTCCTTCCAATTGA-1	1	56	10	4100	7095
PDACNP_1_GACTCGCGGGAATGAC-1	1	28	96	15736	13686
PDACNP_1_GACTCTAGAGTTCCAA-1	1	74	56	10323	2857
PDACNP_1_GACTGCAAATCGAGCT-1	1	59	75	12894	6388
PDACNP_1_GACTGCACCAGCCCAG-1	1	46	80	13571	9449
PDACNP_1_GACTGCGGCACGTGTA-1	1	27	15	4777	13922
PDACNP_1_GACTGCTGGTGAGAAA-1	1	67	39	8023	4506
PDACNP_1_GACTTCAACGCATCAA-1	1	74	94	15464	2857
PDACNP_1_GAGAATCTCACGATCA-1	1	31	5	3424	12981
PDACNP_1_GAGACTGATGGGTAGA-1	1	28	56	10324	13686
PDACNP_1_GAGACTTCGCGACCGA-1	1	53	57	10459	7801
PDACNP_1_GAGAGCGCAGTCCCTG-1	1	28	6	3559	13687
PDACNP_1_GAGAGGTGCATTCTGG-1	1	44	28	6535	9920
PDACNP_1_GAGAGTCTCGGGAGAG-1	1	72	40	8158	3328
PDACNP_1_GAGATCTGTCACTCCG-1	1	30	74	12759	13215
PDACNP_1_GAGATGGCTTTAATCA-1	1	70	76	13029	3799
PDACNP_1_GAGATGGGAGTCGACA-1	1	52	72	12488	8036
PDACNP_1_GAGCACCTGTGTCCAG-1	1	58	80	13570	6624
PDACNP_1_GAGCATCAACAACTTG-1	1	64	30	6805	5212
PDACNP_1_GAGCATCATCCCTGGG-1	1	12	40	8159	17453
PDACNP_1_GAGCCACGGTAGTAGG-1	1	9	47	9106	18159
PDACNP_1_GAGCCAGCTACCTGTG-1	1	53	89	14788	7801
PDACNP_1_GAGCGAGGGAGTACCG-1	1	14	58	10595	16982
PDACNP_1_GAGCGCAAATACTCCG-1	1	51	107	17223	8271
PDACNP_1_GAGCGCGCACGAGTAG-1	1	49	93	15329	8742
PDACNP_1_GAGCGGAATGCGGTGT-1	1	68	48	9241	4270
PDACNP_1_GAGCTCAACATGAGCG-1	1	73	69	12082	3093
PDACNP_1_GAGCTGTCGTCTCGGA-1	1	20	108	17359	15569
PDACNP_1_GAGGAATATCTCTTTG-1	1	71	45	8835	3564
PDACNP_1_GAGGAATGGAGAGGTT-1	1	27	31	6941	13922
PDACNP_1_GAGGAGATCCTCATGC-1	1	12	8	3830	17454
PDACNP_1_GAGGATAAACAGTGCT-1	1	40	114	18171	10861
PDACNP_1_GAGGCCCGACTCCGCA-1	1	55	23	5859	7331
PDACNP_1_GAGGGAGTCAGATCGC-1	1	65	41	8294	4976
PDACNP_1_GAGGGCATCGCGTATC-1	1	11	33	7212	17689
PDACNP_1_GAGGGCGCAGCTCTGC-1	1	27	89	14789	13922
PDACNP_1_GAGGGTAGTAACAAAG-1	1	63	31	6941	5447
PDACNP_1_GAGGTACATCCATCTT-1	1	12	68	11948	17453
PDACNP_1_GAGGTACGCGTGTCCC-1	1	67	67	11811	4505
PDACNP_1_GAGGTCCCAAAGATCT-1	1	18	26	6265	16041
PDACNP_1_GAGTAAGGCCACGGGA-1	1	48	14	4641	8979
PDACNP_1_GAGTACGGGTATACAA-1	1	15	43	8565	16747
PDACNP_1_GAGTAGATACTAGTTG-1	1	62	64	11406	5682
PDACNP_1_GAGTATACCCTAATCA-1	1	70	30	6805	3799
PDACNP_1_GAGTATGCCCGCCTTG-1	1	49	43	8565	8743
PDACNP_1_GAGTATGCGCGTGCAT-1	1	63	71	12353	5447
PDACNP_1_GAGTCAGACCAGAATC-1	1	56	48	9241	7095
PDACNP_1_GAGTCCACCAGGTTTA-1	1	77	93	15329	2151
PDACNP_1_GAGTCCGCTTACCGGA-1	1	46	58	10594	9449
PDACNP_1_GAGTCGACAGACCCTC-1	1	29	9	3965	13451
PDACNP_1_GAGTCTTGTAAAGGAC-1	1	47	1	2882	9214
PDACNP_1_GAGTGTCAACCAGAAA-1	1	63	83	13976	5447
PDACNP_1_GAGTGTGCGGTACCCA-1	1	44	88	14653	9920
PDACNP_1_GAGTTCTGTGGGTGCT-1	1	59	3	3153	6389
PDACNP_1_GAGTTGATGGCAATTT-1	1	51	19	5317	8272
PDACNP_1_GATAAATCGGTGGATG-1	1	15	41	8295	16747
PDACNP_1_GATAACTCGCACTGTG-1	1	39	89	14788	11097
PDACNP_1_GATACGATGGGAGTCA-1	1	45	45	8835	9685
PDACNP_1_GATAGATAGTACAGTC-1	1	73	97	15870	3092
PDACNP_1_GATAGGTAACGTTGAC-1	1	48	60	10865	8978
PDACNP_1_GATAGTGCGAGTAAGT-1	1	68	44	8700	4270
PDACNP_1_GATATCAAGCAGGAGC-1	1	55	3	3153	7331
PDACNP_1_GATATCAGTATGTATC-1	1	9	9	3965	18160
PDACNP_1_GATATGAGACACTAAC-1	1	39	81	13706	11097
PDACNP_1_GATATGCGGTAGCCAA-1	1	19	91	15059	15805
PDACNP_1_GATATGGATTACGCGG-1	1	28	18	5183	13687
PDACNP_1_GATATTGAGATTGGCG-1	1	34	100	16277	12274
PDACNP_1_GATATTTCCTACATGG-1	1	17	89	14789	16276
PDACNP_1_GATCAACATAAAGGGA-1	1	62	36	7617	5683
PDACNP_1_GATCATTCCAAACATT-1	1	30	56	10324	13216
PDACNP_1_GATCCAACCTTTAAAC-1	1	77	11	4235	2152
PDACNP_1_GATCCCTTTATACTGC-1	1	28	60	10865	13686
PDACNP_1_GATCCGGGAATTAACA-1	1	39	73	12624	11097
PDACNP_1_GATCCTAAATCGGGAC-1	1	27	95	15600	13921
PDACNP_1_GATCCTCGACACTGGC-1	1	50	32	7076	8508
PDACNP_1_GATCGACACTATCTGA-1	1	27	47	9106	13922
PDACNP_1_GATCGCTACCCGATTT-1	1	50	98	16006	8507
PDACNP_1_GATCGCTATATCTCAG-1	1	61	25	6129	5918
PDACNP_1_GATCGCTGTGGTGCGT-1	1	70	18	5182	3799
PDACNP_1_GATCGGATAGAACCAT-1	1	41	13	4506	10627
PDACNP_1_GATCGGCGATAAGTCG-1	1	20	14	4642	15570
PDACNP_1_GATCGGTGGCCATAAC-1	1	28	68	11947	13686
PDACNP_1_GATCGTGACTGATATC-1	1	38	72	12488	11332
PDACNP_1_GATCTAACCGTATTCA-1	1	52	6	3559	8037
PDACNP_1_GATCTGCTATCTAAGG-1	1	62	56	10323	5682
PDACNP_1_GATCTTCATTGTCCTC-1	1	19	9	3965	15806
PDACNP_1_GATGACAAGTAGGGCA-1	1	57	33	7211	6860
PDACNP_1_GATGACGATGATCGCG-1	1	19	113	18036	15805
PDACNP_1_GATGAGGAACCTTCGG-1	1	67	81	13705	4505
PDACNP_1_GATGCCAGCAGAAGGC-1	1	23	17	5047	14864
PDACNP_1_GATGCCTTCTGCGGCA-1	1	58	14	4641	6624
PDACNP_1_GATGCGAATGGTATTA-1	1	26	10	4100	14158
PDACNP_1_GATGCTACAAGCGCCT-1	1	17	51	9647	16276
PDACNP_1_GATGGCGCACACATTA-1	1	19	29	6671	15805
PDACNP_1_GATGGTGCCCTAGGCA-1	1	10	78	13301	17924
PDACNP_1_GATGTAACGAACCACC-1	1	51	21	5588	8272
PDACNP_1_GATGTCGGTCAACTGC-1	1	9	73	12624	18159
PDACNP_1_GATTAACCGAAAGCCC-1	1	55	93	15329	7330
PDACNP_1_GATTATCTTGCATTAT-1	1	76	92	15194	2386
PDACNP_1_GATTCCCTTGTCGCAG-1	1	25	67	11812	14393
PDACNP_1_GATTCCGCGTTTCCGT-1	1	16	76	13030	16511
PDACNP_1_GATTCCTATACGGCGC-1	1	25	23	5859	14393
PDACNP_1_GATTGCTCCAGTTGCA-1	1	63	27	6400	5447
PDACNP_1_GATTGGGAAAGGTTGT-1	1	66	80	13570	4741
PDACNP_1_GCAAACCCTACATTAT-1	1	48	82	13841	8978
PDACNP_1_GCAAACCTTGGCCATA-1	1	57	67	11812	6859
PDACNP_1_GCAAACGTAAGCGACC-1	1	69	5	3423	4035
PDACNP_1_GCAAAGGGCGTTAGCC-1	1	66	20	5453	4741
PDACNP_1_GCAAATGAGGACACTT-1	1	41	5	3424	10627
PDACNP_1_GCAACACACTAGAACT-1	1	46	16	4912	9449
PDACNP_1_GCAACCACCAGACCGG-1	1	14	92	15195	16982
PDACNP_1_GCAACCACGGCCGCGT-1	1	43	29	6671	10156
PDACNP_1_GCAAGCTGGAAACCGC-1	1	54	2	3017	7566
PDACNP_1_GCAAGTGTAAAGCATG-1	1	67	45	8835	4505
PDACNP_1_GCACAAACCCTAGATG-1	1	65	21	5588	4977
PDACNP_1_GCACAACCTCGGGCGT-1	1	58	10	4100	6625
PDACNP_1_GCACAAGTGGATCATA-1	1	16	6	3559	16512
PDACNP_1_GCACAAGTGTCGGAAG-1	1	10	64	11406	17924
PDACNP_1_GCACACAGCTATTACC-1	1	72	70	12217	3328
PDACNP_1_GCACAGCACGGGCCGA-1	1	72	42	8429	3328
PDACNP_1_GCACCTAGGCGAGTCC-1	1	73	103	16682	3092
PDACNP_1_GCACCTTCCCGAAGGT-1	1	67	121	19117	4505
PDACNP_1_GCACGCCGATTCCCGC-1	1	72	76	13029	3328
PDACNP_1_GCACGCCTACTTAGAT-1	1	55	39	8023	7330
PDACNP_1_GCACGTGGTTTACTTA-1	1	64	106	17088	5211
PDACNP_1_GCACTAGTCGCGCTAT-1	1	13	43	8565	17218
PDACNP_1_GCACTGCCTACCTTTA-1	1	66	68	11947	4741
PDACNP_1_GCAGACCCAGCACGTA-1	1	39	103	16682	11096
PDACNP_1_GCAGATCCATAAGACT-1	1	51	85	14247	8272
PDACNP_1_GCAGATCCTCGCAAAT-1	1	23	13	4506	14864
PDACNP_1_GCAGCTATGGACAGGT-1	1	13	113	18036	17217
PDACNP_1_GCAGGAACTTAGATCT-1	1	53	15	4776	7802
PDACNP_1_GCAGGTAGAGTATGGT-1	1	18	94	15465	16040
PDACNP_1_GCAGTGTGGCTATAGG-1	1	59	83	13976	6388
PDACNP_1_GCATCCCTAACTTTGA-1	1	16	42	8430	16512
PDACNP_1_GCATCGGCCGTGTAGG-1	1	49	103	16682	8742
PDACNP_1_GCATGAGGGACGCGGC-1	1	30	90	14924	13215
PDACNP_1_GCATGCTAATAACGAT-1	1	67	95	15600	4505
PDACNP_1_GCATGGGTACTGACGC-1	1	41	3	3153	10627
PDACNP_1_GCATTCAAGGCAACGC-1	1	28	108	17359	13686
PDACNP_1_GCATTCGAAATGAACA-1	1	28	14	4641	13687
PDACNP_1_GCATTGACTTGCGGAA-1	1	50	4	3288	8508
PDACNP_1_GCATTTCCAAGGCTCC-1	1	33	111	17765	12509
PDACNP_1_GCCAACCATTTCCGGA-1	1	26	106	17089	14157
PDACNP_1_GCCAATAGGGCATCTC-1	1	25	103	16683	14392
PDACNP_1_GCCACAATTTAAGGAC-1	1	45	39	8023	9685
PDACNP_1_GCCACCTTATTCGCGA-1	1	77	9	3964	2152
PDACNP_1_GCCAGGAAAGAACACT-1	1	71	35	7482	3564
PDACNP_1_GCCAGGAGTAACCGAT-1	1	21	89	14789	15334
PDACNP_1_GCCATATTGCACACAG-1	1	22	90	14924	15099
PDACNP_1_GCCATCGAGCTGCGTG-1	1	53	47	9106	7801
PDACNP_1_GCCATCGATGCTGCAT-1	1	32	110	17630	12744
PDACNP_1_GCCATTAGCCTCAAAC-1	1	55	13	4506	7331
PDACNP_1_GCCCACCAAGGCTGTC-1	1	12	38	7889	17453
PDACNP_1_GCCCGACTTCTTCCCG-1	1	49	25	6129	8743
PDACNP_1_GCCCGAGAGTCTAAAT-1	1	62	10	4100	5683
PDACNP_1_GCCCGATCTGTGGTCG-1	1	53	63	11270	7801
PDACNP_1_GCCCGATGCCCAGTTC-1	1	73	19	5317	3093
PDACNP_1_GCCCGCGCGTAAACGG-1	1	49	41	8294	8743
PDACNP_1_GCCCGCGCGTTTGACA-1	1	20	40	8159	15570
PDACNP_1_GCCCGTAATACCTTCT-1	1	27	79	13436	13922
PDACNP_1_GCCCTAGCCGTCGCGA-1	1	54	16	4912	7566
PDACNP_1_GCCCTGAGGATGGGCT-1	1	68	74	12758	4270
PDACNP_1_GCCGACCCACGACTGC-1	1	62	30	6806	5683
PDACNP_1_GCCGGTCGTATCTCTC-1	1	70	54	10052	3799
PDACNP_1_GCCGTCGGTTTCGGGC-1	1	71	41	8294	3564
PDACNP_1_GCCGTGGAAGAAATGT-1	1	39	115	18306	11096
PDACNP_1_GCCTACGTTCTGTGCA-1	1	68	82	13841	4270
PDACNP_1_GCCTAGCGATCTGACC-1	1	20	42	8430	15570
PDACNP_1_GCCTATAGTGTCAGGG-1	1	29	91	15059	13451
PDACNP_1_GCCTATTTGCTACACA-1	1	8	50	9512	18395
PDACNP_1_GCCTCATCTGGAAATA-1	1	41	95	15600	10626
PDACNP_1_GCCTCTATACATAGCA-1	1	55	75	12894	7330
PDACNP_1_GCCTGTCCCGGTGCAT-1	1	73	63	11270	3093
PDACNP_1_GCCTTCAGCCCTACCG-1	1	16	50	9512	16511
PDACNP_1_GCCTTGTATATGCAGT-1	1	17	15	4777	16276
PDACNP_1_GCCTTTGTCAGTGGAC-1	1	64	10	4100	5212
PDACNP_1_GCGAAACGATCGGGAG-1	1	54	100	16276	7565
PDACNP_1_GCGAAGAATCTGACGG-1	1	66	84	14111	4740
PDACNP_1_GCGAAGCCATACCCGT-1	1	31	61	11000	12980
PDACNP_1_GCGACATGTAAACATC-1	1	37	107	17224	11567
PDACNP_1_GCGACCCAACCATCTG-1	1	59	33	7211	6389
PDACNP_1_GCGACGATAGTTGTAC-1	1	48	54	10053	8978
PDACNP_1_GCGACGGTAGTCTCCT-1	1	73	71	12352	3093
PDACNP_1_GCGAGAAACGGGAGTT-1	1	13	13	4506	17218
PDACNP_1_GCGAGAGGCCATGTAA-1	1	21	113	18036	15334
PDACNP_1_GCGAGAGTTGCGTCCA-1	1	33	107	17224	12509
PDACNP_1_GCGAGCGCATGCTCCC-1	1	37	109	17494	11567
PDACNP_1_GCGAGGGACTGCTAGA-1	1	1	7	3695	20043
PDACNP_1_GCGAGTTCTGCAAAGA-1	1	35	63	11271	12038
PDACNP_1_GCGATTCTGGAAGCAG-1	1	10	74	12759	17924
PDACNP_1_GCGATTGTTAACGTTA-1	1	37	77	13165	11568
PDACNP_1_GCGCAAATATATTCAA-1	1	58	28	6535	6624
PDACNP_1_GCGCATCCAGTCAGCA-1	1	29	95	15600	13451
PDACNP_1_GCGCGGTCTAGTAACT-1	1	68	60	10864	4270
PDACNP_1_GCGCGTCATTGGTACA-1	1	57	83	13976	6859
PDACNP_1_GCGCGTTTAAATCGTA-1	1	1	9	3965	20043
PDACNP_1_GCGCTAATTGAATAGA-1	1	34	70	12218	12274
PDACNP_1_GCGCTATGCCGAGGCA-1	1	43	47	9106	10155
PDACNP_1_GCGCTGATCCAGACTC-1	1	17	87	14518	16276
PDACNP_1_GCGCTGCTTTGCATTT-1	1	28	94	15465	13686
PDACNP_1_GCGCTTAAATAATTGG-1	1	57	89	14788	6859
PDACNP_1_GCGGACCGCGTTGTGG-1	1	51	43	8565	8272
PDACNP_1_GCGGAGAAACTTCGCA-1	1	55	33	7212	7331
PDACNP_1_GCGGAGAGGGAGAACG-1	1	46	78	13300	9449
PDACNP_1_GCGGATTACTTGTTCT-1	1	74	110	17629	2857
PDACNP_1_GCGGCAAAGTATTGCC-1	1	59	27	6400	6389
PDACNP_1_GCGGCTTTAGCAAGTT-1	1	70	78	13300	3799
PDACNP_1_GCGGGAACCAGGCCCT-1	1	18	48	9242	16041
PDACNP_1_GCGGGCGAGCCTTACC-1	1	55	51	9647	7330
PDACNP_1_GCGGTAACCCAAATGA-1	1	7	23	5859	18630
PDACNP_1_GCGGTCTTGCTTTCAC-1	1	72	82	13841	3328
PDACNP_1_GCGGTGAACTGCGCTC-1	1	20	94	15465	15569
PDACNP_1_GCGGTGCGGAGCATCG-1	1	19	5	3424	15806
PDACNP_1_GCGGTTCCCTATCATG-1	1	47	49	9376	9214
PDACNP_1_GCGTAAATGGCCATAA-1	1	34	102	16547	12274
PDACNP_1_GCGTCCCTAAGACATA-1	1	64	42	8429	5212
PDACNP_1_GCGTCGAAATGTCGGT-1	1	17	65	11542	16276
PDACNP_1_GCGTCGCCAGGGTGAT-1	1	54	62	11135	7566
PDACNP_1_GCGTGGTACTGGGTTA-1	1	35	95	15600	12038
PDACNP_1_GCGTTCGGAGACCGGG-1	1	19	103	16683	15805
PDACNP_1_GCTAAACCTGAGGTGA-1	1	23	23	5859	14864
PDACNP_1_GCTAACTGAAGTCTGA-1	1	58	88	14653	6624
PDACNP_1_GCTAAGCCCAGTATGC-1	1	74	108	17358	2857
PDACNP_1_GCTAAGTAGTTTCTCT-1	1	34	80	13571	12274
PDACNP_1_GCTAATACCGAATGCC-1	1	21	47	9106	15334
PDACNP_1_GCTACAATCGAGGATA-1	1	62	104	16817	5682
PDACNP_1_GCTACACTGTCCGAAC-1	1	2	20	5454	19808
PDACNP_1_GCTACAGTACGGACCG-1	1	40	14	4641	10862
PDACNP_1_GCTACTATAGTAGAGT-1	1	50	94	15465	8507
PDACNP_1_GCTAGCAACGCACCTA-1	1	76	98	16005	2386
PDACNP_1_GCTAGCGATAGGTCTT-1	1	66	24	5994	4741
PDACNP_1_GCTAGCTTGAATAGCT-1	1	52	44	8700	8037
PDACNP_1_GCTAGGCACCACGGAG-1	1	54	84	14112	7565
PDACNP_1_GCTAGTTTCATTGAGG-1	1	17	37	7753	16276
PDACNP_1_GCTATAAGGGCCAGGA-1	1	75	109	17494	2622
PDACNP_1_GCTATACGTCTCGGAC-1	1	52	88	14653	8036
PDACNP_1_GCTATCATACTCATGG-1	1	54	78	13300	7565
PDACNP_1_GCTATCGCGGCGCAAC-1	1	20	24	5994	15570
PDACNP_1_GCTATGCCAGCTTATG-1	1	44	2	3018	9920
PDACNP_1_GCTCAACCTCTTAGAG-1	1	17	9	3965	16276
PDACNP_1_GCTCAATCCGTTTATT-1	1	53	35	7482	7801
PDACNP_1_GCTCAATGTAATACCG-1	1	62	58	10594	5682
PDACNP_1_GCTCATTACTGCATGT-1	1	13	93	15330	17217
PDACNP_1_GCTCCATGCAAAGCAA-1	1	69	55	10188	4035
PDACNP_1_GCTCCTGACATACTGG-1	1	56	32	7076	7095
PDACNP_1_GCTCGCGGTTCCGCTC-1	1	25	13	4506	14393
PDACNP_1_GCTCGGAATTTAAAGC-1	1	22	84	14112	15099
PDACNP_1_GCTCTAAACCCTGACG-1	1	24	58	10594	14628
PDACNP_1_GCTCTCGGGTACCGAA-1	1	26	58	10594	14157
PDACNP_1_GCTCTTTCCGCTAGTG-1	1	64	54	10053	5212
PDACNP_1_GCTGAACTCTCCAGGG-1	1	40	120	18982	10861
PDACNP_1_GCTGAATCTTCCAATC-1	1	59	23	5859	6389
PDACNP_1_GCTGAGCAACGGTTCT-1	1	19	7	3694	15806
PDACNP_1_GCTGCACGGTTTCTTA-1	1	41	73	12624	10626
PDACNP_1_GCTGCTAAGTAGTCGA-1	1	56	56	10323	7095
PDACNP_1_GCTGCTACTGCGTAGC-1	1	51	75	12894	8272
PDACNP_1_GCTGCTCTCCGGACAC-1	1	31	63	11271	12980
PDACNP_1_GCTGGCATATTCACCT-1	1	31	31	6941	12980
PDACNP_1_GCTGGCGGCGCATGCT-1	1	54	64	11406	7566
PDACNP_1_GCTGGGAGCGCGTCAA-1	1	73	33	7211	3093
PDACNP_1_GCTGGGTCCGCTGTTA-1	1	3	15	4777	19572
PDACNP_1_GCTGGTTTAGGCCATA-1	1	60	14	4641	6154
PDACNP_1_GCTGTATTACTGGCCC-1	1	46	38	7888	9449
PDACNP_1_GCTGTTGCTACCGAAC-1	1	39	95	15600	11097
PDACNP_1_GCTTATGAAGCAGGAA-1	1	35	89	14788	12038
PDACNP_1_GCTTCCAGCTTAGATT-1	1	8	16	4912	18395
PDACNP_1_GCTTCCATGTAACCGC-1	1	74	102	16547	2857
PDACNP_1_GCTTCCCGTAAGCTCC-1	1	75	95	15599	2622
PDACNP_1_GCTTCCGTCCCTAGAC-1	1	29	77	13165	13451
PDACNP_1_GCTTCGACGTTCAATC-1	1	69	15	4776	4035
PDACNP_1_GCTTGGATCGATTAGG-1	1	31	97	15871	12980
PDACNP_1_GCTTTACACAACTGGG-1	1	70	116	18441	3799
PDACNP_1_GCTTTCAGAGGAGGTG-1	1	33	95	15600	12509
PDACNP_1_GGAAACCTTGTTGAAT-1	1	20	106	17089	15569
PDACNP_1_GGAAAGGGAATTGAGC-1	1	73	73	12623	3093
PDACNP_1_GGAAAGTGCCCATGCC-1	1	20	90	14924	15569
PDACNP_1_GGAACCCGAACAAGAA-1	1	23	9	3965	14864
PDACNP_1_GGAACCGTGTAAATTG-1	1	49	47	9106	8743
PDACNP_1_GGAACCTTGACTCTGC-1	1	59	21	5588	6389
PDACNP_1_GGAACGGCCTGCAGCC-1	1	25	15	4777	14393
PDACNP_1_GGAACTTTGGCGATTA-1	1	60	110	17629	6153
PDACNP_1_GGAAGCTCGCTTACAG-1	1	11	83	13977	17688
PDACNP_1_GGAATGCGCTAGCGTG-1	1	32	82	13841	12745
PDACNP_1_GGACAACCATGAAGCC-1	1	70	102	16547	3799
PDACNP_1_GGACAAGTTGCAGTGA-1	1	33	7	3694	12510
PDACNP_1_GGACCAACAGGATAAC-1	1	51	67	11812	8272
PDACNP_1_GGACCTCTAGGCCGCC-1	1	58	30	6806	6624
PDACNP_1_GGACTAAGTCAGGAGT-1	1	27	5	3424	13922
PDACNP_1_GGACTCGACAGCGCAT-1	1	68	46	8970	4270
PDACNP_1_GGACTCGTGAGTGGTC-1	1	64	38	7888	5212
PDACNP_1_GGAGACCATCTACATA-1	1	50	8	3829	8508
PDACNP_1_GGAGCAACATTTCAAG-1	1	57	103	16682	6859
PDACNP_1_GGAGCACCAAGAACTA-1	1	26	82	13841	14157
PDACNP_1_GGAGCGAGGCCTACTT-1	1	67	69	12082	4505
PDACNP_1_GGAGGCCGAAGTCGTC-1	1	40	116	18441	10861
PDACNP_1_GGAGGGCTTGGTTGGC-1	1	32	78	13300	12745
PDACNP_1_GGAGGGTCAAGTAAGA-1	1	62	114	18170	5682
PDACNP_1_GGAGTGCCGCCCTGGA-1	1	19	53	9918	15805
PDACNP_1_GGATACTCATGAATTG-1	1	9	45	8836	18159
PDACNP_1_GGATCAGAGCCATCAG-1	1	43	1	2882	10156
PDACNP_1_GGATCCCTACCAGCTA-1	1	8	12	4371	18395
PDACNP_1_GGATCCGGAATATACT-1	1	34	82	13841	12274
PDACNP_1_GGATCTTACTGCCCTT-1	1	65	35	7482	4976
PDACNP_1_GGATCTTGACTCAACC-1	1	51	17	5047	8272
PDACNP_1_GGATGGCTTGAAGTAT-1	1	68	98	16005	4270
PDACNP_1_GGATGTCCTTACCGCA-1	1	35	91	15059	12038
PDACNP_1_GGATTAATCATGGACC-1	1	71	75	12894	3563
PDACNP_1_GGATTCAGTACGGTGG-1	1	19	33	7212	15805
PDACNP_1_GGATTCCGCTATACCC-1	1	19	81	13706	15805
PDACNP_1_GGATTGAAGTAGCCTC-1	1	76	102	16547	2386
PDACNP_1_GGATTGCTGTGACTCC-1	1	60	84	14111	6153
PDACNP_1_GGCAAGCCCATAGTGG-1	1	67	61	11000	4505
PDACNP_1_GGCAATAGTCAATGAG-1	1	30	70	12218	13215
PDACNP_1_GGCACGCTGCTACAGT-1	1	72	112	17900	3328
PDACNP_1_GGCACTGCGGTGGTTT-1	1	70	110	17629	3799
PDACNP_1_GGCAGCAAACCTATGC-1	1	51	103	16682	8271
PDACNP_1_GGCATATCGGTTCTGC-1	1	17	83	13977	16276
PDACNP_1_GGCATTCCCTCCCTCG-1	1	77	111	17764	2151
PDACNP_1_GGCCAATTGTATAGAC-1	1	74	98	16005	2857
PDACNP_1_GGCCACACGAAAGCCT-1	1	22	2	3018	15099
PDACNP_1_GGCCCAGCTGGTTTGC-1	1	70	74	12758	3799
PDACNP_1_GGCCGAGACTCTGGTG-1	1	62	32	7076	5683
PDACNP_1_GGCCGGCGTCTGCTAT-1	1	65	79	13435	4976
PDACNP_1_GGCCGTTTGGGTTTCA-1	1	59	45	8835	6389
PDACNP_1_GGCCTGCTCTGATGTT-1	1	72	64	11405	3328
PDACNP_1_GGCCTGCTTCTCCCGA-1	1	59	113	18035	6388
PDACNP_1_GGCGAGCGAAACGGCA-1	1	51	7	3694	8272
PDACNP_1_GGCGCACAGTTTACCT-1	1	77	103	16682	2151
PDACNP_1_GGCGCGGAGATCTTTC-1	1	58	86	14382	6624
PDACNP_1_GGCGCGTTCGAGTTTA-1	1	47	59	10729	9214
PDACNP_1_GGCGCTCCTCATCAAT-1	1	17	19	5318	16276
PDACNP_1_GGCGCTTCATTCCCTG-1	1	67	71	12353	4505
PDACNP_1_GGCGGTAGGATCATTG-1	1	31	69	12083	12980
PDACNP_1_GGCGGTTTGCCGGTGC-1	1	15	11	4236	16747
PDACNP_1_GGCGTAGGGAAAGCTG-1	1	64	82	13841	5211
PDACNP_1_GGCGTCCTATCCGCTG-1	1	31	33	7212	12980
PDACNP_1_GGCTAAAGGGCGGGTC-1	1	19	99	16142	15805
PDACNP_1_GGCTACTATACACTCC-1	1	64	44	8700	5212
PDACNP_1_GGCTCCTCCACCTGTT-1	1	59	35	7482	6389
PDACNP_1_GGCTCGCGTTGAGGTA-1	1	31	93	15330	12980
PDACNP_1_GGCTCGTGCCACCAGC-1	1	20	38	7889	15570
PDACNP_1_GGCTCTGCTCCAACGC-1	1	26	72	12489	14157
PDACNP_1_GGCTGAAATAGCAAAG-1	1	49	79	13435	8743
PDACNP_1_GGCTGGCAATCCCACG-1	1	76	88	14652	2386
PDACNP_1_GGCTGGCTAGCTTAAA-1	1	11	29	6671	17689
PDACNP_1_GGCTTGGCTCTCACCT-1	1	24	2	3018	14629
PDACNP_1_GGCTTTCAATAAGGGT-1	1	60	62	11135	6153
PDACNP_1_GGGAAAGAATGCCAAC-1	1	70	108	17358	3799
PDACNP_1_GGGAACGGTTTCAGAT-1	1	64	32	7076	5212
PDACNP_1_GGGAAGACGGTCTGTC-1	1	64	76	13029	5211
PDACNP_1_GGGAAGGGCTTTCTCA-1	1	63	87	14517	5447
PDACNP_1_GGGAATGAGCCCTCAC-1	1	19	107	17224	15805
PDACNP_1_GGGAATTCTGTCCAGT-1	1	28	4	3288	13687
PDACNP_1_GGGACAGAGTTACTCC-1	1	57	19	5317	6860
PDACNP_1_GGGACCCGTATATCTT-1	1	57	53	9917	6859
PDACNP_1_GGGACTGCATAGATAG-1	1	32	60	10865	12745
PDACNP_1_GGGAGAACTCACAGTA-1	1	32	64	11406	12745
PDACNP_1_GGGAGCGACCGTAGTG-1	1	68	86	14382	4270
PDACNP_1_GGGAGTTAATGAGGCG-1	1	33	75	12894	12509
PDACNP_1_GGGATACGGTAATAAT-1	1	21	7	3694	15335
PDACNP_1_GGGATATTGATCGCCA-1	1	75	23	5858	2622
PDACNP_1_GGGATGGTCGTAACCG-1	1	47	43	8565	9214
PDACNP_1_GGGCAACCGCACGTGC-1	1	55	19	5317	7331
PDACNP_1_GGGCACGTAGTACTGT-1	1	70	48	9241	3799
PDACNP_1_GGGCACTATTGACCAT-1	1	61	3	3153	5918
PDACNP_1_GGGCAGACGTCACTGC-1	1	48	4	3288	8979
PDACNP_1_GGGCAGAGCAATCGTT-1	1	58	60	10864	6624
PDACNP_1_GGGCAGGATTTCTGTG-1	1	65	7	3694	4977
PDACNP_1_GGGCAGTCAACGCCAA-1	1	69	79	13435	4034
PDACNP_1_GGGCCCTTATCTATAC-1	1	33	5	3424	12510
PDACNP_1_GGGCCGGCCGAAGTAC-1	1	36	84	14112	11803
PDACNP_1_GGGCCTAAATGGGCTA-1	1	45	9	3965	9685
PDACNP_1_GGGCGAATTTCTCCAC-1	1	17	7	3695	16276
PDACNP_1_GGGCGATATGTGTGAA-1	1	28	58	10594	13686
PDACNP_1_GGGCGGCAAATGAATT-1	1	49	45	8835	8743
PDACNP_1_GGGCGTACATTTATAT-1	1	24	54	10053	14628
PDACNP_1_GGGCGTCACCACGTAA-1	1	48	50	9512	8978
PDACNP_1_GGGCGTGGTTTCCCAG-1	1	61	81	13706	5918
PDACNP_1_GGGCGTTTACATTCAT-1	1	66	26	6264	4741
PDACNP_1_GGGCTATGATCGATGG-1	1	57	51	9647	6860
PDACNP_1_GGGCTCATCGAACCCA-1	1	25	89	14789	14392
PDACNP_1_GGGCTGCCTAGGGCGA-1	1	33	69	12083	12509
PDACNP_1_GGGCTGGTTAGTCGCG-1	1	31	51	9647	12980
PDACNP_1_GGGTAATGCTGTGTTT-1	1	9	21	5589	18160
PDACNP_1_GGGTACACTCTGGAGG-1	1	6	8	3830	18866
PDACNP_1_GGGTACCCACGGTCCT-1	1	14	26	6265	16983
PDACNP_1_GGGTATGTATGCACTT-1	1	28	28	6536	13687
PDACNP_1_GGGTATTCTAGCAAAC-1	1	55	15	4776	7331
PDACNP_1_GGGTCAGGAGCTAGAT-1	1	65	55	10188	4976
PDACNP_1_GGGTCATGCGTACCAT-1	1	22	14	4641	15099
PDACNP_1_GGGTCGTGGCAAGTGT-1	1	25	107	17224	14392
PDACNP_1_GGGTCTATCGCTTTCC-1	1	63	113	18035	5446
PDACNP_1_GGGTGACACCTTAACT-1	1	46	56	10323	9449
PDACNP_1_GGGTGCATATGAAAGC-1	1	30	112	17900	13215
PDACNP_1_GGGTGTTTCAGCTATG-1	1	16	68	11948	16511
PDACNP_1_GGGTTAACATTTGAGT-1	1	54	50	9512	7566
PDACNP_1_GGGTTCAGACGAACAA-1	1	19	19	5318	15806
PDACNP_1_GGTAAACTCTGCGCTG-1	1	66	114	18170	4740
PDACNP_1_GGTAAATGTGCGTTAC-1	1	11	81	13706	17688
PDACNP_1_GGTACCATTAAGACGG-1	1	29	105	16953	13451
PDACNP_1_GGTACGTTGCGGCCGG-1	1	66	112	17900	4740
PDACNP_1_GGTAGAAGACCGCCTG-1	1	53	71	12353	7801
PDACNP_1_GGTAGACCGTTGGGCG-1	1	53	53	9917	7801
PDACNP_1_GGTAGTGCTCGCACCA-1	1	34	72	12488	12274
PDACNP_1_GGTATCAAGCATAGAA-1	1	3	11	4236	19572
PDACNP_1_GGTCAAGACTACTTCG-1	1	53	105	16953	7801
PDACNP_1_GGTCAGTGGGTCCCAC-1	1	48	62	11135	8978
PDACNP_1_GGTCCACGTCTATTTG-1	1	73	25	6129	3093
PDACNP_1_GGTCCTTCATACGACT-1	1	13	9	3965	17218
PDACNP_1_GGTCGGATAAACGGCG-1	1	23	97	15871	14863
PDACNP_1_GGTCGGCCAGGAGCTT-1	1	32	84	14112	12745
PDACNP_1_GGTCGGTAATTAGACA-1	1	12	36	7618	17453
PDACNP_1_GGTCGGTCGTCCACAG-1	1	56	52	9782	7095
PDACNP_1_GGTCGTAAGCTCGCAC-1	1	49	19	5318	8743
PDACNP_1_GGTCTCCGTCCAGGTT-1	1	63	101	16411	5447
PDACNP_1_GGTCTCTGAATGGACT-1	1	52	34	7347	8037
PDACNP_1_GGTCTGAGAATCTGGA-1	1	30	80	13571	13215
PDACNP_1_GGTCTTGAGCGCTCTT-1	1	65	65	11541	4976
PDACNP_1_GGTGATAAGGAGCAGT-1	1	37	79	13435	11568
PDACNP_1_GGTGCATAAATGATTA-1	1	67	47	9105	4505
PDACNP_1_GGTGCGGATAAGTGGC-1	1	16	46	8971	16511
PDACNP_1_GGTGCTGATCACAAAG-1	1	27	21	5588	13922
PDACNP_1_GGTGGACTGCTCTGGC-1	1	55	85	14247	7330
PDACNP_1_GGTGTAAATCGATTGT-1	1	69	65	11541	4034
PDACNP_1_GGTGTAGGTAAGTAAA-1	1	70	50	9511	3799
PDACNP_1_GGTTAGCTATATGTCT-1	1	47	87	14518	9213
PDACNP_1_GGTTAGGCTTGGAGAA-1	1	28	36	7618	13687
PDACNP_1_GGTTAGTTACGGCGCC-1	1	27	23	5859	13922
PDACNP_1_GGTTCGCATTTGCCGT-1	1	75	103	16682	2622
PDACNP_1_GGTTCGGATTATACTA-1	1	39	7	3694	11097
PDACNP_1_GGTTGTGCTCTTGTCC-1	1	24	10	4100	14629
PDACNP_1_GGTTTAATTACCATCG-1	1	63	39	8023	5447
PDACNP_1_GGTTTACAATCTCAAT-1	1	25	73	12624	14393
PDACNP_1_GGTTTCAATCGGTCAG-1	1	33	91	15059	12509
PDACNP_1_GGTTTGAGTGCTGGAA-1	1	12	42	8430	17453
PDACNP_1_GGTTTGTGACCTGAGG-1	1	61	105	16953	5917
PDACNP_1_GTAACAACTGACCTTG-1	1	11	119	18848	17688
PDACNP_1_GTAACATCTAAGATAA-1	1	56	110	17629	7094
PDACNP_1_GTAACTACGTAGACCT-1	1	73	17	5047	3093
PDACNP_1_GTAACTGCCCAAGGAG-1	1	66	46	8970	4741
PDACNP_1_GTAAGCGGGCAGTCAG-1	1	23	63	11271	14863
PDACNP_1_GTAAGGATTTGTCGGA-1	1	10	68	11948	17924
PDACNP_1_GTAAGTAACAGTCTGG-1	1	40	82	13841	10861
PDACNP_1_GTAAGTAGGGTATACC-1	1	26	36	7618	14157
PDACNP_1_GTAAGTCCACACTCTA-1	1	43	119	18847	10155
PDACNP_1_GTAATAAAGGGCTCCC-1	1	31	103	16683	12980
PDACNP_1_GTAATCTGATTCTTCG-1	1	50	44	8700	8507
PDACNP_1_GTACAGAGGCAAGGGT-1	1	37	83	13977	11567
PDACNP_1_GTACGAGATTGCGACA-1	1	21	57	10459	15334
PDACNP_1_GTACGCTTCATTGCAC-1	1	46	72	12488	9449
PDACNP_1_GTACGTCACGTATTAA-1	1	11	107	17224	17688
PDACNP_1_GTACTAAGATTTGGAG-1	1	27	55	10188	13922
PDACNP_1_GTACTCCTGGGTATGC-1	1	26	102	16547	14157
PDACNP_1_GTACTGAGGTCGTAAC-1	1	11	47	9106	17689
PDACNP_1_GTACTGCATGAAGCGT-1	1	11	39	8024	17689
PDACNP_1_GTACTGGAGTTAGACC-1	1	33	81	13706	12509
PDACNP_1_GTACTTGGGCACTTCT-1	1	17	33	7212	16276
PDACNP_1_GTAGAAACGGGTGGAG-1	1	24	16	4912	14628
PDACNP_1_GTAGACAACCGATGAA-1	1	7	55	10189	18630
PDACNP_1_GTAGACACGCCTGACT-1	1	63	67	11811	5447
PDACNP_1_GTAGAGGGAGACAAGT-1	1	51	31	6941	8272
PDACNP_1_GTAGCCAAACATGGGA-1	1	50	70	12218	8507
PDACNP_1_GTAGCGGCTATACACT-1	1	39	69	12082	11097
PDACNP_1_GTAGCTCCGGGAGGCT-1	1	65	37	7753	4976
PDACNP_1_GTAGCTTCCTCTTGTT-1	1	31	89	14788	12980
PDACNP_1_GTAGGTGATCCGTGTA-1	1	17	79	13436	16276
PDACNP_1_GTAGTCGCGGGAATCA-1	1	49	81	13706	8743
PDACNP_1_GTAGTCTACGATATTG-1	1	63	77	13164	5447
PDACNP_1_GTAGTTCGAAGGCGAA-1	1	65	39	8023	4976
PDACNP_1_GTAGTTTAAGCACACG-1	1	73	23	5858	3093
PDACNP_1_GTATAATCTCCCGGAT-1	1	14	12	4371	16983
PDACNP_1_GTATAGGACTCAGTAG-1	1	20	58	10595	15570
PDACNP_1_GTATATGTTACGGCGG-1	1	6	20	5454	18866
PDACNP_1_GTATCAAGGTACTTCC-1	1	72	72	12488	3328
PDACNP_1_GTATCCTTTGGTAACC-1	1	64	92	15194	5211
PDACNP_1_GTATCGGGACGAGCTG-1	1	5	15	4777	19101
PDACNP_1_GTATCTCAGTCTTGAC-1	1	58	22	5723	6624
PDACNP_1_GTATCTCGGGCGCTTT-1	1	71	19	5317	3564
PDACNP_1_GTATGAAATTTCACTC-1	1	52	22	5723	8037
PDACNP_1_GTATGTGGGTCTAGTT-1	1	38	92	15194	11332
PDACNP_1_GTATTAAGGCGTCTAA-1	1	20	26	6265	15570
PDACNP_1_GTATTCTTACCGTGCT-1	1	7	21	5589	18630
PDACNP_1_GTCAAAGAAGTGGTGT-1	1	56	18	5182	7095
PDACNP_1_GTCAACCAGGCCTATA-1	1	65	103	16682	4976
PDACNP_1_GTCAAGCGGACTCGGG-1	1	39	77	13165	11097
PDACNP_1_GTCACAAAGTTTCCAA-1	1	9	61	11001	18159
PDACNP_1_GTCAGAATAGTCTATG-1	1	30	32	7077	13216
PDACNP_1_GTCAGTTGTGCTCGTT-1	1	9	71	12354	18159
PDACNP_1_GTCATGCACCTCCGTT-1	1	29	61	11000	13451
PDACNP_1_GTCATGCGCGAGGGCT-1	1	64	98	16006	5211
PDACNP_1_GTCATGGACATGACTA-1	1	26	62	11136	14157
PDACNP_1_GTCATTGCATTGACCC-1	1	31	17	5047	12981
PDACNP_1_GTCCAATATTTAGCCT-1	1	65	53	9917	4976
PDACNP_1_GTCCAGGCACGTGTGC-1	1	70	44	8700	3799
PDACNP_1_GTCCCAACGTAAAGTA-1	1	33	73	12624	12509
PDACNP_1_GTCCCAATCATCCCGC-1	1	42	2	3018	10391
PDACNP_1_GTCCCGCGACGTTATG-1	1	58	82	13841	6624
PDACNP_1_GTCCGAGAGCAATCAT-1	1	32	8	3830	12745
PDACNP_1_GTCCGGACCTGAAATT-1	1	54	88	14653	7565
PDACNP_1_GTCCGGCTGAATTGCG-1	1	28	52	9783	13686
PDACNP_1_GTCCGGGTTCACATTA-1	1	69	71	12352	4034
PDACNP_1_GTCCGTTAGAGGGCCT-1	1	76	78	13299	2386
PDACNP_1_GTCCTACAGGCGGCTC-1	1	18	16	4912	16041
PDACNP_1_GTCCTACGAATAGTCT-1	1	53	91	15059	7801
PDACNP_1_GTCCTACTCTACGGGC-1	1	54	6	3559	7566
PDACNP_1_GTCCTAGGATACCTTA-1	1	66	6	3558	4741
PDACNP_1_GTCCTATTGTTGTGGT-1	1	29	7	3694	13452
PDACNP_1_GTCCTTCTACAACCCA-1	1	22	6	3559	15099
PDACNP_1_GTCGAATTTGGGCGCT-1	1	69	17	5047	4035
PDACNP_1_GTCGCCGTTGTGTGTT-1	1	57	43	8564	6860
PDACNP_1_GTCGCGTAACCCGTTG-1	1	39	75	12894	11097
PDACNP_1_GTCGGATATCTCAGAC-1	1	32	36	7618	12745
PDACNP_1_GTCGGATGTAGCGCGC-1	1	17	77	13165	16276
PDACNP_1_GTCGGGAACATGGTAG-1	1	40	4	3288	10862
PDACNP_1_GTCGGGAAGCAGAAAC-1	1	59	65	11541	6389
PDACNP_1_GTCGGGTGAAGTACCG-1	1	72	116	18441	3328
PDACNP_1_GTCGTACCATCTCGGG-1	1	46	62	11135	9449
PDACNP_1_GTCGTATTGGCGTACA-1	1	19	95	15600	15805
PDACNP_1_GTCTAGTGAGCCGCTT-1	1	66	92	15194	4740
PDACNP_1_GTCTATTGCATGCTCG-1	1	65	105	16953	4976
PDACNP_1_GTCTATTGGTTCCGGT-1	1	50	90	14923	8507
PDACNP_1_GTCTCAAGGCCCGGCT-1	1	60	66	11676	6153
PDACNP_1_GTCTCCCGAGTCCCGT-1	1	72	110	17629	3328
PDACNP_1_GTCTCCTGCCAGTATG-1	1	59	13	4506	6389
PDACNP_1_GTCTCGACTAAGTTTG-1	1	25	111	17765	14392
PDACNP_1_GTCTCGATCTGCTTTC-1	1	20	80	13571	15570
PDACNP_1_GTCTGCCGACTCGACG-1	1	73	87	14517	3093
PDACNP_1_GTCTGGGCGGTCGAGA-1	1	46	44	8700	9449
PDACNP_1_GTCTGTAGGTTGAACA-1	1	73	39	8023	3093
PDACNP_1_GTCTTACCACGCCAAG-1	1	74	114	18170	2857
PDACNP_1_GTCTTAGTACAGCCGG-1	1	12	78	13301	17453
PDACNP_1_GTCTTGAGGAGCAGTG-1	1	38	116	18441	11332
PDACNP_1_GTGAAACGGCGCCACC-1	1	24	88	14653	14628
PDACNP_1_GTGAAACGTGCTCCAC-1	1	11	37	7753	17689
PDACNP_1_GTGAACTCCCATTCGA-1	1	30	104	16818	13215
PDACNP_1_GTGAAGATTTCAAGTG-1	1	21	103	16683	15334
PDACNP_1_GTGAAGCCGTATAGTC-1	1	21	107	17224	15334
PDACNP_1_GTGACAGCTTCCCACT-1	1	64	74	12758	5211
PDACNP_1_GTGACCGCACACTACG-1	1	39	91	15059	11097
PDACNP_1_GTGACGCAGGTTTCAT-1	1	65	75	12894	4976
PDACNP_1_GTGACTTCAGTAGTGC-1	1	46	50	9512	9449
PDACNP_1_GTGAGATAACCTTATA-1	1	69	41	8294	4035
PDACNP_1_GTGAGGACACTTAAGG-1	1	41	77	13165	10626
PDACNP_1_GTGAGGAGCGGTTGAG-1	1	13	87	14518	17217
PDACNP_1_GTGAGTCGACTAATAG-1	1	71	113	18035	3563
PDACNP_1_GTGAGTCTAAGACGGA-1	1	25	11	4236	14393
PDACNP_1_GTGAGTGGTACAACGC-1	1	52	56	10323	8037
PDACNP_1_GTGATCAAGCGTGCAC-1	1	65	27	6400	4976
PDACNP_1_GTGATCACTAACGCCT-1	1	47	97	15871	9213
PDACNP_1_GTGATCCTTGTCATGA-1	1	62	84	14111	5682
PDACNP_1_GTGATGCACAACATCT-1	1	12	96	15736	17453
PDACNP_1_GTGATTCGCCGCTCAA-1	1	48	40	8159	8978
PDACNP_1_GTGCAACAAATGTGGC-1	1	14	62	11136	16982
PDACNP_1_GTGCACCAGCTTCAAC-1	1	66	54	10053	4741
PDACNP_1_GTGCACGAAAGTGACT-1	1	17	71	12353	16276
PDACNP_1_GTGCCCGTTCGGATTC-1	1	39	85	14247	11097
PDACNP_1_GTGCCGCTTCAAAGGT-1	1	44	44	8700	9920
PDACNP_1_GTGCCTAGCTATGCTT-1	1	13	11	4236	17218
PDACNP_1_GTGCCTCAGTGTACGG-1	1	11	93	15330	17688
PDACNP_1_GTGCCTGAGACCAAAC-1	1	69	89	14788	4034
PDACNP_1_GTGCGAAATCGAACAC-1	1	45	43	8565	9685
PDACNP_1_GTGCGACAGGGAGTGT-1	1	36	100	16277	11803
PDACNP_1_GTGCGGGTCTCCAAAT-1	1	20	56	10324	15570
PDACNP_1_GTGCGTGTATATGAGC-1	1	41	83	13977	10626
PDACNP_1_GTGGAACCTACATGCG-1	1	15	81	13706	16747
PDACNP_1_GTGGACCAACCCGATT-1	1	45	29	6671	9685
PDACNP_1_GTGGACGCATTTGTCC-1	1	56	64	11406	7095
PDACNP_1_GTGGACGTGCTGAGAC-1	1	17	39	8024	16276
PDACNP_1_GTGGAGCGTTTACCGA-1	1	58	16	4911	6624
PDACNP_1_GTGGAGTCGGCGGTTG-1	1	54	38	7888	7566
PDACNP_1_GTGGCAAACAGCGGCA-1	1	50	20	5453	8508
PDACNP_1_GTGGGAACAAACCGGG-1	1	71	47	9105	3564
PDACNP_1_GTGGGAAGACTGAATC-1	1	45	15	4776	9685
PDACNP_1_GTGGGCTTAGACACAC-1	1	29	39	8024	13451
PDACNP_1_GTGGGTACTGAGCGTA-1	1	50	2	3017	8508
PDACNP_1_GTGGGTCTTCTTTGCG-1	1	2	18	5183	19808
PDACNP_1_GTGGTATAGTCTGCCG-1	1	57	41	8294	6860
PDACNP_1_GTGGTGGCCAAGTGAA-1	1	45	79	13435	9684
PDACNP_1_GTGGTTACTTCTTTCG-1	1	31	105	16953	12980
PDACNP_1_GTGTACCTTGGCTACG-1	1	26	78	13300	14157
PDACNP_1_GTGTATATCAGCGGGC-1	1	58	76	13029	6624
PDACNP_1_GTGTCAGTGTACGTGG-1	1	68	42	8429	4270
PDACNP_1_GTGTCGTATAGCGTTC-1	1	54	76	13029	7566
PDACNP_1_GTGTGAATAACTTAGG-1	1	33	83	13977	12509
PDACNP_1_GTGTTACTATGCGTCC-1	1	41	75	12894	10626
PDACNP_1_GTTAAAGTAGGACTGG-1	1	49	83	13976	8743
PDACNP_1_GTTAACATCACTTAAA-1	1	55	73	12623	7330
PDACNP_1_GTTAAGGGTGCGATGT-1	1	61	71	12353	5918
PDACNP_1_GTTACCTACAACTTGC-1	1	47	67	11812	9213
PDACNP_1_GTTAGCCCATGACATC-1	1	67	75	12894	4505
PDACNP_1_GTTAGCCGTAAATCAA-1	1	30	110	17630	13215
PDACNP_1_GTTAGGCTACCCGTTT-1	1	54	14	4641	7566
PDACNP_1_GTTATAATACGGTGAA-1	1	53	107	17223	7801
PDACNP_1_GTTATATCAGGAGCCA-1	1	23	115	18306	14863
PDACNP_1_GTTATATTATCTCCCT-1	1	48	56	10323	8978
PDACNP_1_GTTATCAAGCTATCGA-1	1	71	103	16682	3563
PDACNP_1_GTTCACAGGAGTCTAG-1	1	32	34	7347	12745
PDACNP_1_GTTCAGTCGCCAAATG-1	1	70	60	10864	3799
PDACNP_1_GTTCATCGTTTGGCTG-1	1	33	105	16953	12509
PDACNP_1_GTTCCAGTCTGACCAT-1	1	17	53	9918	16276
PDACNP_1_GTTCCGTCCGCCTGCA-1	1	70	42	8429	3799
PDACNP_1_GTTCGACAATTGTATA-1	1	69	27	6400	4035
PDACNP_1_GTTCGCTGAGACGTCT-1	1	53	109	17494	7801
PDACNP_1_GTTCGGAGCACTCAAC-1	1	64	114	18170	5211
PDACNP_1_GTTCGGGCGTACCATT-1	1	32	108	17359	12744
PDACNP_1_GTTCGTCTAAAGAACT-1	1	51	89	14788	8272
PDACNP_1_GTTCTTCCCTCGATGT-1	1	15	51	9648	16747
PDACNP_1_GTTGAGTCCCGCCGGT-1	1	52	78	13300	8036
PDACNP_1_GTTGCACGGAGTTTCG-1	1	24	48	9241	14628
PDACNP_1_GTTGCCCTAACGGGTG-1	1	73	15	4776	3093
PDACNP_1_GTTGCGCTAACATTAC-1	1	41	119	18847	10625
PDACNP_1_GTTGGATTCAGTGGCT-1	1	16	96	15736	16511
PDACNP_1_GTTGGATTGAGAACAC-1	1	32	88	14653	12744
PDACNP_1_GTTGGTCATGCTATCC-1	1	55	63	11270	7330
PDACNP_1_GTTGTAGATTTATGAG-1	1	71	63	11270	3564
PDACNP_1_GTTGTCGTGTTAGTTG-1	1	15	47	9106	16747
PDACNP_1_GTTTACGTTCCATCTG-1	1	48	64	11406	8978
PDACNP_1_GTTTATGGGATTTAGA-1	1	22	8	3830	15099
PDACNP_1_GTTTCAAACGAGTTGT-1	1	61	109	17494	5917
PDACNP_1_GTTTCCTGGAGGGTGA-1	1	25	49	9377	14393
PDACNP_1_GTTTCTAGAGGCGCGG-1	1	69	93	15329	4034
PDACNP_1_GTTTCTGCAGTCTCCC-1	1	40	72	12488	10861
PDACNP_1_GTTTGACCAAATCCTA-1	1	30	58	10594	13216
PDACNP_1_GTTTGGCCCAAGTTAT-1	1	42	80	13571	10390
PDACNP_1_GTTTGGCCGCTCAGCG-1	1	12	32	7077	17453
PDACNP_1_GTTTGGGCTTGTGAGC-1	1	51	65	11541	8272
PDACNP_1_GTTTGGTAGGGTCAAC-1	1	53	59	10729	7801
PDACNP_1_GTTTGGTGATCGGTGC-1	1	66	38	7888	4741
PDACNP_1_GTTTGTTAGCCAAGTA-1	1	53	3	3153	7802
PDACNP_1_TAAACCCAGGAGGGCA-1	1	54	36	7617	7566
PDACNP_1_TAAACGTCGTCAATGA-1	1	18	12	4371	16041
PDACNP_1_TAAAGACAACCCTTTA-1	1	40	118	18712	10861
PDACNP_1_TAAAGAGCCCGAAACC-1	1	10	46	8971	17924
PDACNP_1_TAAAGCGGTATTTCCA-1	1	63	49	9376	5447
PDACNP_1_TAAAGCGTTAGGAGAA-1	1	28	88	14653	13686
PDACNP_1_TAAAGCTGCAATAGGG-1	1	17	97	15871	16276
PDACNP_1_TAAAGTGCACGTCTCG-1	1	72	50	9511	3328
PDACNP_1_TAAATTTAGTAACACC-1	1	71	39	8023	3564
PDACNP_1_TAACAATATTTGTTGC-1	1	28	16	4912	13687
PDACNP_1_TAACAGCGTTTGTGCT-1	1	63	37	7753	5447
PDACNP_1_TAACATACACGCGATC-1	1	55	25	6129	7331
PDACNP_1_TAACCGCCCGCAGTGC-1	1	9	49	9377	18159
PDACNP_1_TAACCGTCCAGTTCAT-1	1	1	15	4777	20043
PDACNP_1_TAACCTACCGTCCGAG-1	1	33	101	16412	12509
PDACNP_1_TAACGCTTTGAGAGCG-1	1	27	29	6671	13922
PDACNP_1_TAACTATTACGCCAAA-1	1	29	107	17224	13451
PDACNP_1_TAACTCATCCGCGCGG-1	1	43	49	9376	10155
PDACNP_1_TAACTCCATGGAGGCT-1	1	19	27	6400	15805
PDACNP_1_TAAGCGCGAATCAAAT-1	1	65	25	6129	4976
PDACNP_1_TAAGGAACTTGTGGGA-1	1	16	40	8159	16512
PDACNP_1_TAAGGCAACATAAGAT-1	1	25	71	12353	14393
PDACNP_1_TAAGGCATAACATCAA-1	1	57	49	9376	6860
PDACNP_1_TAAGGCCCGTCACCCT-1	1	62	70	12217	5682
PDACNP_1_TAAGGGCCTGTCCGAT-1	1	57	95	15600	6859
PDACNP_1_TAAGTAACATCTTGAC-1	1	46	40	8159	9449
PDACNP_1_TAAGTCGCCGAGTATC-1	1	54	32	7076	7566
PDACNP_1_TAAGTGAATAGTCTAC-1	1	72	24	5994	3329
PDACNP_1_TAAGTTGCGACGTAGG-1	1	53	95	15600	7801
PDACNP_1_TAATAAACAAGGAGAT-1	1	17	91	15059	16276
PDACNP_1_TAATACACAGTAGTAT-1	1	20	64	11406	15570
PDACNP_1_TAATACTAGAACAGAC-1	1	69	77	13164	4034
PDACNP_1_TAATAGAACAGAGTTA-1	1	50	38	7888	8508
PDACNP_1_TAATAGTGACGACCAG-1	1	27	83	13977	13922
PDACNP_1_TAATGAAAGACCCTTG-1	1	25	17	5047	14393
PDACNP_1_TAATGTCGGTTCATGG-1	1	74	24	5994	2858
PDACNP_1_TAATTACGTCAGTAGA-1	1	62	102	16547	5682
PDACNP_1_TAATTAGATGGATATG-1	1	10	32	7077	17924
PDACNP_1_TAATTCCAATGCTTCA-1	1	65	121	19117	4976
PDACNP_1_TAATTTCCGTCCAGTA-1	1	40	0	2747	10862
PDACNP_1_TACAACAGCGCATACA-1	1	75	111	17764	2621
PDACNP_1_TACAAGGGCTTCTTTA-1	1	68	94	15464	4270
PDACNP_1_TACAAGTCTCGTGCAT-1	1	31	27	6400	12980
PDACNP_1_TACACAGCCGTGGTGC-1	1	72	74	12758	3328
PDACNP_1_TACAGAAACGGTGGGC-1	1	59	85	14247	6388
PDACNP_1_TACCAAATAGCCCAGA-1	1	59	61	11000	6389
PDACNP_1_TACCAATAAAGTACCA-1	1	55	83	13976	7330
PDACNP_1_TACCAGAAGTAGGTTC-1	1	49	51	9647	8743
PDACNP_1_TACCAGCTAGGTTTAA-1	1	11	65	11542	17688
PDACNP_1_TACCAGGAATCCCGTC-1	1	68	36	7617	4270
PDACNP_1_TACCGAATAATTGTAA-1	1	67	93	15329	4505
PDACNP_1_TACCGCGGACTTGCAG-1	1	33	97	15871	12509
PDACNP_1_TACCGTAGGTTAACTA-1	1	59	57	10459	6389
PDACNP_1_TACCGTGCCTCGGACC-1	1	51	69	12082	8272
PDACNP_1_TACCTACTCCCAGTAT-1	1	58	62	11135	6624
PDACNP_1_TACCTATCCCTAGAGG-1	1	40	2	3018	10862
PDACNP_1_TACCTCACGCTTGTAC-1	1	16	56	10324	16511
PDACNP_1_TACCTCAGTTGTCTGT-1	1	60	50	9511	6153
PDACNP_1_TACCTCCACACCAATG-1	1	65	29	6670	4976
PDACNP_1_TACCTGCTGCACTGTG-1	1	28	22	5724	13687
PDACNP_1_TACGAACACGACTTCA-1	1	31	53	9918	12980
PDACNP_1_TACGACGCTTGCTGCG-1	1	46	54	10053	9449
PDACNP_1_TACGCCGAGGGTACCC-1	1	56	34	7347	7095
PDACNP_1_TACGCCTCCATTCCGA-1	1	55	59	10729	7330
PDACNP_1_TACGCTATAGAAACCT-1	1	34	104	16818	12273
PDACNP_1_TACGCTCGGTATTGGA-1	1	61	113	18035	5917
PDACNP_1_TACGCTGATAGTTGTA-1	1	73	13	4505	3093
PDACNP_1_TACGCTGCACGGTCGT-1	1	75	117	18576	2621
PDACNP_1_TACGCTGCTGTGTTAA-1	1	68	24	5994	4270
PDACNP_1_TACGGAAGCCAAACCA-1	1	69	73	12623	4034
PDACNP_1_TACGGCATGGACGCTA-1	1	63	115	18306	5446
PDACNP_1_TACGGGATGCTAGCAG-1	1	21	83	13977	15334
PDACNP_1_TACGTACTAGTGCTGA-1	1	62	42	8429	5683
PDACNP_1_TACGTGGGCCCAGGGC-1	1	69	81	13705	4034
PDACNP_1_TACTACGTGCAATGCG-1	1	71	85	14247	3563
PDACNP_1_TACTATGGTTCCTCAG-1	1	57	47	9106	6860
PDACNP_1_TACTCCTCTAGTTGAC-1	1	64	36	7617	5212
PDACNP_1_TACTCTCCGAACAAAT-1	1	21	81	13706	15334
PDACNP_1_TACTCTTACTTTACTG-1	1	59	111	17764	6388
PDACNP_1_TACTCTTTCGTCTTCA-1	1	58	46	8970	6624
PDACNP_1_TACTGAACAGATTTAG-1	1	56	44	8700	7095
PDACNP_1_TACTGAGGGAAGAAAG-1	1	60	6	3558	6154
PDACNP_1_TACTGCAATCAATTAC-1	1	22	102	16547	15098
PDACNP_1_TACTTAAACATGTACA-1	1	66	108	17358	4740
PDACNP_1_TACTTGTTAGTAGTCC-1	1	37	87	14518	11567
PDACNP_1_TACTTTACTGAGCCGG-1	1	30	96	15736	13215
PDACNP_1_TACTTTCCGCACGCCA-1	1	47	19	5318	9214
PDACNP_1_TAGAAAGGTGGCGCTA-1	1	31	81	13706	12980
PDACNP_1_TAGAATAGCCGATGAA-1	1	62	100	16276	5682
PDACNP_1_TAGAATTAAGGGCAAC-1	1	10	76	13030	17924
PDACNP_1_TAGACGAAACGCCAAT-1	1	63	73	12623	5447
PDACNP_1_TAGACGCCCGTACCGG-1	1	32	90	14924	12744
PDACNP_1_TAGACTACCTAGCGTT-1	1	38	104	16818	11332
PDACNP_1_TAGAGATCATGCAACT-1	1	44	26	6265	9920
PDACNP_1_TAGAGCTACGAAGAAC-1	1	13	53	9918	17218
PDACNP_1_TAGAGGGAGTTTATCT-1	1	73	65	11541	3093
PDACNP_1_TAGAGGTTCTACTTGT-1	1	54	96	15735	7565
PDACNP_1_TAGAGTCTAAGCGAAC-1	1	29	55	10188	13451
PDACNP_1_TAGAGTGTTCCGGGTA-1	1	75	101	16411	2622
PDACNP_1_TAGATATGGACTGGAA-1	1	49	53	9918	8743
PDACNP_1_TAGATCCGAAGTCGCA-1	1	10	72	12489	17924
PDACNP_1_TAGATTCAAAGTGCGG-1	1	69	39	8023	4035
PDACNP_1_TAGATTCTCTAGCAAA-1	1	73	119	18847	3092
PDACNP_1_TAGCAACCTGTCACAA-1	1	22	26	6265	15099
PDACNP_1_TAGCAGATACTTAGGG-1	1	73	93	15329	3092
PDACNP_1_TAGCAGTATGACTAAA-1	1	66	98	16006	4740
PDACNP_1_TAGCCAGAGGGTCCGG-1	1	7	9	3965	18631
PDACNP_1_TAGCCGGCGGTCAGCG-1	1	33	85	14247	12509
PDACNP_1_TAGCGTCCGGTGTGGT-1	1	53	77	13165	7801
PDACNP_1_TAGCGTCGAATATTGA-1	1	34	4	3288	12274
PDACNP_1_TAGCTAAGTCCGGGAG-1	1	29	57	10459	13451
PDACNP_1_TAGCTAGAAGGCATGA-1	1	51	51	9647	8272
PDACNP_1_TAGCTAGTGATGATGG-1	1	60	48	9241	6153
PDACNP_1_TAGCTCGCCTGATAAC-1	1	50	58	10594	8507
PDACNP_1_TAGCTGATGTGAAGCG-1	1	42	10	4100	10391
PDACNP_1_TAGGAGGCTCGAGAAC-1	1	73	115	18305	3092
PDACNP_1_TAGGCGATGAGGTCTC-1	1	55	11	4235	7331
PDACNP_1_TAGGCGGCTGCAAAGA-1	1	65	13	4505	4977
PDACNP_1_TAGGCTAAAGTGGCAC-1	1	65	99	16141	4976
PDACNP_1_TAGGGAGCTTGGGATG-1	1	36	96	15735	11803
PDACNP_1_TAGGGTGTTTCAAGAG-1	1	22	54	10053	15099
PDACNP_1_TAGGTCCAAGTAAGGA-1	1	29	23	5859	13451
PDACNP_1_TAGGTCGCCGGAACTG-1	1	32	100	16277	12744
PDACNP_1_TAGGTGACGATAACCT-1	1	61	79	13435	5918
PDACNP_1_TAGGTGAGCCCTACTC-1	1	29	33	7212	13451
PDACNP_1_TAGGTGCTCGCCTAGC-1	1	40	86	14382	10861
PDACNP_1_TAGGTGTTCCACAGAT-1	1	60	60	10864	6153
PDACNP_1_TAGTACCACAACTTTC-1	1	63	13	4505	5447
PDACNP_1_TAGTACCTTAGTGGTC-1	1	21	21	5589	15335
PDACNP_1_TAGTAGCTTATACCAG-1	1	61	43	8564	5918
PDACNP_1_TAGTCCCGGAGACCAC-1	1	66	48	9241	4741
PDACNP_1_TAGTCCGTATGCATAA-1	1	15	13	4506	16747
PDACNP_1_TAGTCCTGCACTAAGC-1	1	69	25	6129	4035
PDACNP_1_TAGTCGATCACGGGTT-1	1	48	96	15735	8978
PDACNP_1_TAGTCTGCGGCACATT-1	1	72	36	7617	3328
PDACNP_1_TAGTCTGTGACGTTGC-1	1	23	103	16683	14863
PDACNP_1_TAGTGCCCTCCAGAGT-1	1	32	52	9783	12745
PDACNP_1_TAGTGTCAGAAACGGC-1	1	21	19	5318	15335
PDACNP_1_TAGTTAAGATAGGATA-1	1	12	82	13842	17453
PDACNP_1_TAGTTTATTCTTGCTT-1	1	13	57	10459	17218
PDACNP_1_TAGTTTGATCGGTCGC-1	1	68	0	2747	4270
PDACNP_1_TATAAATCCACAAGCT-1	1	20	44	8700	15570
PDACNP_1_TATACACAGACGCCTT-1	1	50	60	10865	8507
PDACNP_1_TATACACGCAAAGTAT-1	1	18	36	7618	16041
PDACNP_1_TATACTCATGCGGCAA-1	1	20	18	5183	15570
PDACNP_1_TATAGCGCACGTTATC-1	1	47	7	3694	9214
PDACNP_1_TATAGTTAGGTGTACT-1	1	72	12	4370	3329
PDACNP_1_TATATAGGGCTTTACG-1	1	63	33	7211	5447
PDACNP_1_TATATATCGAGAAATG-1	1	60	28	6535	6154
PDACNP_1_TATATCAAAGTGATCT-1	1	71	37	7752	3564
PDACNP_1_TATATCATTGATCAGT-1	1	30	6	3559	13216
PDACNP_1_TATATCCCTGGGAGGA-1	1	36	98	16006	11803
PDACNP_1_TATATGCTGGGTTGCC-1	1	23	7	3694	14864
PDACNP_1_TATATTCGCGTCGATA-1	1	8	62	11136	18395
PDACNP_1_TATCACCCAACCGACC-1	1	24	100	16277	14628
PDACNP_1_TATCACTTCGAGTAAC-1	1	17	99	16142	16276
PDACNP_1_TATCAGTGGCGTAGTC-1	1	54	8	3829	7566
PDACNP_1_TATCCAATTGGTTATC-1	1	55	79	13435	7330
PDACNP_1_TATCCATATCATGCGA-1	1	18	52	9783	16041
PDACNP_1_TATCCATCTCGGTTAG-1	1	61	17	5047	5918
PDACNP_1_TATCCGCACCGTCGGG-1	1	59	53	9917	6389
PDACNP_1_TATCCTGCATGGGAAT-1	1	14	54	10053	16982
PDACNP_1_TATCGATCTATGCATA-1	1	22	88	14653	15099
PDACNP_1_TATCGATGATTAAACG-1	1	23	49	9377	14864
PDACNP_1_TATCTACAGAGGTAAT-1	1	30	24	5994	13216
PDACNP_1_TATCTGAGCCGATATT-1	1	64	8	3829	5212
PDACNP_1_TATCTTGCAATACAAC-1	1	56	16	4911	7095
PDACNP_1_TATGAAGAATTAAGGT-1	1	67	99	16141	4505
PDACNP_1_TATGAAGACAGGTGCG-1	1	29	21	5588	13451
PDACNP_1_TATGACCTTGCGCTGG-1	1	48	0	2747	8979
PDACNP_1_TATGATCCGGCACGCC-1	1	26	112	17900	14157
PDACNP_1_TATGATCTTCTCTTTA-1	1	58	90	14923	6624
PDACNP_1_TATGCTCCCTACTTAC-1	1	25	61	11000	14393
PDACNP_1_TATGGATGTGCTACGC-1	1	26	54	10053	14157
PDACNP_1_TATGGCAGACTTTCGA-1	1	1	21	5589	20043
PDACNP_1_TATGGCCCGGCCTCGC-1	1	30	30	6806	13216
PDACNP_1_TATGGGTACGTATCGT-1	1	32	58	10594	12745
PDACNP_1_TATGTAAAGTGCTTAA-1	1	66	44	8700	4741
PDACNP_1_TATGTAGAAACCCGGC-1	1	61	7	3694	5918
PDACNP_1_TATGTCAAGACCGACT-1	1	20	92	15195	15569
PDACNP_1_TATTAACACCAAAGCA-1	1	54	10	4100	7566
PDACNP_1_TATTAACCTGACCGCG-1	1	57	45	8835	6860
PDACNP_1_TATTACCATCCTGCTT-1	1	38	96	15735	11332
PDACNP_1_TATTATGTTTGCCTGC-1	1	57	17	5047	6860
PDACNP_1_TATTCAATTCTAATCC-1	1	34	74	12759	12274
PDACNP_1_TATTCCACTCAGCTCG-1	1	49	57	10459	8743
PDACNP_1_TATTCCGAGCTGTTAT-1	1	54	86	14382	7565
PDACNP_1_TATTCCTCCGCCCACT-1	1	48	32	7076	8978
PDACNP_1_TATTCGTGCCAGAATA-1	1	34	64	11406	12274
PDACNP_1_TATTGCCGGGCTTGTA-1	1	67	113	18035	4505
PDACNP_1_TATTTAGTCTAGATCG-1	1	18	58	10595	16041
PDACNP_1_TATTTATACCGAGTAG-1	1	16	78	13300	16511
PDACNP_1_TATTTGTTACCCTTTA-1	1	24	46	8971	14628
PDACNP_1_TCAAACAACCGCGTCG-1	1	24	60	10865	14628
PDACNP_1_TCAAACTTAGATTGTT-1	1	31	65	11541	12980
PDACNP_1_TCAAAGAGCTATCTGT-1	1	49	5	3423	8743
PDACNP_1_TCAAAGTCACGGCGTC-1	1	70	24	5994	3799
PDACNP_1_TCAAATTGTTGTGCCG-1	1	68	78	13300	4270
PDACNP_1_TCAAATTTGAGACTCA-1	1	60	70	12217	6153
PDACNP_1_TCAACAAAGATAATTC-1	1	53	29	6670	7801
PDACNP_1_TCAACACATTGGGTAA-1	1	11	35	7483	17689
PDACNP_1_TCAACATAGCGCCCTA-1	1	58	44	8700	6624
PDACNP_1_TCAACATCGACCGAGA-1	1	44	16	4912	9920
PDACNP_1_TCAACCATGTTCGGGC-1	1	25	51	9647	14393
PDACNP_1_TCAACGCAGGAAATAA-1	1	49	31	6941	8743
PDACNP_1_TCAACTAACGTATAAC-1	1	31	19	5318	12981
PDACNP_1_TCAACTGCAGAGTCAG-1	1	56	108	17359	7094
PDACNP_1_TCAAGAAATACTAGCT-1	1	34	108	17359	12273
PDACNP_1_TCAAGCGCGGACGGTA-1	1	58	114	18170	6623
PDACNP_1_TCAATATACAGGAGGC-1	1	70	118	18711	3798
PDACNP_1_TCAATCCGGGAAGTTT-1	1	74	104	16817	2857
PDACNP_1_TCACAAACCGAGGTAC-1	1	61	95	15600	5917
PDACNP_1_TCACAGATCCTCAAAC-1	1	11	15	4777	17689
PDACNP_1_TCACAGCAAACTCGAA-1	1	51	49	9376	8272
PDACNP_1_TCACAGGAGAATAAGA-1	1	55	49	9376	7330
PDACNP_1_TCACAGGGAATCGCAA-1	1	47	79	13435	9213
PDACNP_1_TCACATCTTATCTGAT-1	1	28	20	5453	13687
PDACNP_1_TCACCGCTCGGCACTC-1	1	30	92	15194	13215
PDACNP_1_TCACGGCCCAAGAGAG-1	1	68	18	5182	4270
PDACNP_1_TCACGGTCATCGCACA-1	1	23	45	8836	14864
PDACNP_1_TCACTACGACCAATGC-1	1	13	95	15601	17217
PDACNP_1_TCACTATCCCTTCGGT-1	1	72	104	16817	3328
PDACNP_1_TCACTCGTGCAACGGC-1	1	15	93	15330	16746
PDACNP_1_TCACTCTTCGTCTGTC-1	1	18	8	3830	16041
PDACNP_1_TCAGAACCTCCACAGG-1	1	30	106	17088	13215
PDACNP_1_TCAGACGCTATAGAAG-1	1	48	72	12488	8978
PDACNP_1_TCAGCAAATGCATCTC-1	1	31	73	12624	12980
PDACNP_1_TCAGCAGTAGGCCCTG-1	1	61	41	8294	5918
PDACNP_1_TCAGCGCACGCCGTTT-1	1	74	80	13570	2857
PDACNP_1_TCAGCTTGAGCTTTCG-1	1	62	2	3017	5683
PDACNP_1_TCAGGGCGCAAACTCG-1	1	22	16	4912	15099
PDACNP_1_TCAGGGTGTAACGTAA-1	1	28	72	12488	13686
PDACNP_1_TCAGTACTGACCCGCG-1	1	26	34	7347	14157
PDACNP_1_TCAGTAGGGACTATAA-1	1	46	48	9241	9449
PDACNP_1_TCAGTGTATACGTCAT-1	1	58	36	7617	6624
PDACNP_1_TCATAAGTCCAAGAAG-1	1	62	124	19523	5682
PDACNP_1_TCATACTTACAGATCC-1	1	22	24	5994	15099
PDACNP_1_TCATATGAGCTTTGTT-1	1	64	62	11135	5212
PDACNP_1_TCATCACTCGAGCTCG-1	1	17	29	6671	16276
PDACNP_1_TCATCCATCTGATCAC-1	1	74	12	4370	2858
PDACNP_1_TCATCCCAGAGGGTGG-1	1	12	70	12218	17453
PDACNP_1_TCATCCTCAGCTGCTT-1	1	68	90	14923	4270
PDACNP_1_TCATCGACGACCGTCG-1	1	70	84	14111	3799
PDACNP_1_TCATCGATGGTCCCAA-1	1	57	29	6670	6860
PDACNP_1_TCATGCAGGTTCTCAT-1	1	18	84	14112	16040
PDACNP_1_TCATGGAGGCCTTTGT-1	1	77	119	18847	2151
PDACNP_1_TCATTTAAGTCTCCGA-1	1	35	99	16141	12038
PDACNP_1_TCATTTAGAAGTGTGA-1	1	54	110	17629	7565
PDACNP_1_TCCAACTCAGCTATCT-1	1	67	91	15058	4505
PDACNP_1_TCCAAGCCTAGACACA-1	1	67	79	13435	4505
PDACNP_1_TCCAATAAAGGCTACC-1	1	63	53	9917	5447
PDACNP_1_TCCAATGCGTCGCCGC-1	1	65	1	2882	4977
PDACNP_1_TCCACAATGGTTTACG-1	1	30	36	7618	13216
PDACNP_1_TCCACATCGTATATTG-1	1	69	67	11811	4034
PDACNP_1_TCCACCAAGACATAGG-1	1	72	108	17358	3328
PDACNP_1_TCCACCTCTAGCCTTT-1	1	61	53	9917	5918
PDACNP_1_TCCACTTTATCTAGGT-1	1	31	79	13436	12980
PDACNP_1_TCCAGAGCACCGGTTC-1	1	40	70	12218	10861
PDACNP_1_TCCAGATGTACGCCAA-1	1	24	114	18171	14628
PDACNP_1_TCCAGGCGAGTACGGT-1	1	31	57	10459	12980
PDACNP_1_TCCAGGGTATATACGA-1	1	61	63	11270	5918
PDACNP_1_TCCATCAATACTAATC-1	1	64	14	4641	5212
PDACNP_1_TCCCAAACAGACAACG-1	1	22	110	17630	15098
PDACNP_1_TCCCAAAGACGAAGGA-1	1	26	60	10865	14157
PDACNP_1_TCCCAAAGCCCTAAAT-1	1	39	117	18577	11096
PDACNP_1_TCCCAATATCGACGAC-1	1	77	101	16411	2151
PDACNP_1_TCCCACTCTCTTCCGG-1	1	31	107	17224	12980
PDACNP_1_TCCCAGCTTTAGTCTG-1	1	34	56	10324	12274
PDACNP_1_TCCCAGGCTTAGCTAA-1	1	30	48	9241	13216
PDACNP_1_TCCCGCGTACTCCTGG-1	1	27	69	12083	13922
PDACNP_1_TCCCGTCAGTCCCGCA-1	1	23	75	12894	14863
PDACNP_1_TCCCGTCGCGTCATAG-1	1	29	115	18306	13450
PDACNP_1_TCCCTAGATCAATAGG-1	1	28	114	18171	13686
PDACNP_1_TCCCTCCGAAATCGTT-1	1	2	26	6265	19807
PDACNP_1_TCCCTGGCGTATTAAC-1	1	58	18	5182	6624
PDACNP_1_TCCCTTAGATTACTCG-1	1	18	86	14383	16040
PDACNP_1_TCCGAATGGTCCTGAG-1	1	31	113	18036	12980
PDACNP_1_TCCGACCGCTAATCAA-1	1	70	36	7617	3799
PDACNP_1_TCCGATAATTGCCATA-1	1	18	64	11406	16040
PDACNP_1_TCCGATGACTGAGCTC-1	1	22	76	13030	15099
PDACNP_1_TCCGATGGTGCGACAT-1	1	25	53	9918	14393
PDACNP_1_TCCGATTACATTGCCG-1	1	32	32	7077	12745
PDACNP_1_TCCGCAGCCACCTAGC-1	1	13	7	3695	17218
PDACNP_1_TCCGCCTGTCTACAAG-1	1	56	74	12759	7095
PDACNP_1_TCCGCGGCAGCATCTG-1	1	34	84	14112	12274
PDACNP_1_TCCGCGGCCCAATGAA-1	1	53	99	16141	7801
PDACNP_1_TCCGCTGTCATCCCGG-1	1	47	81	13706	9213
PDACNP_1_TCCGCTTATCCCATTA-1	1	50	64	11406	8507
PDACNP_1_TCCGGCCTAGCGTACA-1	1	28	98	16006	13686
PDACNP_1_TCCGGGCCACTAACGG-1	1	76	100	16276	2386
PDACNP_1_TCCGGGCTTGACGGGA-1	1	66	96	15735	4740
PDACNP_1_TCCGGTTCGTCCGGTC-1	1	51	53	9917	8272
PDACNP_1_TCCGTAACCACAATCC-1	1	20	16	4912	15570
PDACNP_1_TCCGTTAAGCTAATAT-1	1	52	100	16276	8036
PDACNP_1_TCCGTTTAGCCTTGAA-1	1	29	89	14788	13451
PDACNP_1_TCCTAAAGATTCAGAC-1	1	68	84	14111	4270
PDACNP_1_TCCTAAATTGGGAAGC-1	1	56	70	12217	7095
PDACNP_1_TCCTAACCGTCGGGCA-1	1	62	46	8970	5683
PDACNP_1_TCCTACATCCACGGCC-1	1	46	84	14112	9449
PDACNP_1_TCCTCCTAAGACATTC-1	1	47	21	5588	9214
PDACNP_1_TCCTCGGGCTGGGCTT-1	1	40	76	13029	10861
PDACNP_1_TCCTCTACGAGATGGC-1	1	26	32	7077	14158
PDACNP_1_TCCTCTCCAGTTGTCC-1	1	30	20	5453	13216
PDACNP_1_TCCTCTGGCCCATTAG-1	1	10	88	14654	17924
PDACNP_1_TCCTGCAGCCGCCAAT-1	1	77	77	13164	2151
PDACNP_1_TCCTGCCAACTGGAGA-1	1	12	90	14924	17453
PDACNP_1_TCCTTACGACGGTCCG-1	1	49	95	15600	8742
PDACNP_1_TCCTTCAATCCCTACG-1	1	41	1	2882	10627
PDACNP_1_TCCTTCAGTGGTCGAA-1	1	15	69	12083	16747
PDACNP_1_TCCTTGTCCTTTAATT-1	1	69	69	12082	4034
PDACNP_1_TCCTTTAAATCCGCTT-1	1	56	92	15194	7095
PDACNP_1_TCCTTTCTTACGCTTA-1	1	30	62	11136	13216
PDACNP_1_TCGAATATCCCGCAGG-1	1	58	32	7076	6624
PDACNP_1_TCGACAACTGAACCCG-1	1	57	15	4776	6860
PDACNP_1_TCGACATAGCGTAGCG-1	1	72	30	6805	3329
PDACNP_1_TCGACTGACGATGGCT-1	1	75	119	18847	2621
PDACNP_1_TCGAGCCAGGCAGGCC-1	1	57	37	7753	6860
PDACNP_1_TCGAGTCTACGATTCG-1	1	56	2	3017	7095
PDACNP_1_TCGATAGGCTAGTCGC-1	1	8	48	9242	18395
PDACNP_1_TCGCACCAGGAGGCAG-1	1	50	80	13570	8507
PDACNP_1_TCGCATAAAGGGCGCA-1	1	63	111	17764	5446
PDACNP_1_TCGCATCCCTAAGTGT-1	1	15	31	6942	16747
PDACNP_1_TCGCCACCCGGATTAC-1	1	75	19	5317	2622
PDACNP_1_TCGCCGACATATTCGC-1	1	66	86	14382	4740
PDACNP_1_TCGCCGCACCGCGTGA-1	1	46	6	3559	9450
PDACNP_1_TCGCCGGATGGGCAAG-1	1	26	4	3288	14158
PDACNP_1_TCGCCGGTCGATCCGT-1	1	19	61	11000	15805
PDACNP_1_TCGCCTCCTTCGGCTC-1	1	74	92	15194	2857
PDACNP_1_TCGCCTCGACCTGTTG-1	1	5	11	4236	19101
PDACNP_1_TCGCGTCCAGAAGGTC-1	1	31	29	6671	12980
PDACNP_1_TCGCTAAACCGCTATC-1	1	19	89	14789	15805
PDACNP_1_TCGCTACTGGCTTTGA-1	1	65	73	12623	4976
PDACNP_1_TCGCTCGATATATTCC-1	1	29	63	11271	13451
PDACNP_1_TCGCTCGGCACCAGCG-1	1	24	108	17359	14628
PDACNP_1_TCGCTGCCAATGCTGT-1	1	68	80	13570	4270
PDACNP_1_TCGCTGGGCGGATTGT-1	1	28	74	12759	13686
PDACNP_1_TCGCTGTGCGTAAATC-1	1	17	41	8295	16276
PDACNP_1_TCGCTTTAAACGTTTG-1	1	25	87	14518	14392
PDACNP_1_TCGGAATGCGCTCTGA-1	1	30	28	6535	13216
PDACNP_1_TCGGACGCCCAGCCCA-1	1	33	79	13435	12509
PDACNP_1_TCGGAGAGTATCGGGA-1	1	45	23	5859	9685
PDACNP_1_TCGGAGTACATGAGTA-1	1	32	74	12759	12745
PDACNP_1_TCGGATCTGGATGACC-1	1	67	5	3423	4506
PDACNP_1_TCGGCGAACCCAAACC-1	1	49	105	16953	8742
PDACNP_1_TCGGCGTACTGCACAA-1	1	49	13	4506	8743
PDACNP_1_TCGGGAACGTGCCTAG-1	1	31	109	17494	12980
PDACNP_1_TCGGGAGACAGCGTAC-1	1	59	71	12353	6388
PDACNP_1_TCGGGCCGTCGTGGTA-1	1	40	88	14653	10861
PDACNP_1_TCGGGTGAAACTGCTA-1	1	10	56	10324	17924
PDACNP_1_TCGGTCCCGACAATAG-1	1	57	23	5859	6860
PDACNP_1_TCGTAAGACGACATTG-1	1	27	77	13165	13922
PDACNP_1_TCGTAAGCTCCGAGGA-1	1	16	106	17089	16511
PDACNP_1_TCGTACCGACGTCAAG-1	1	68	56	10323	4270
PDACNP_1_TCGTCAAGTACGCGCA-1	1	56	38	7888	7095
PDACNP_1_TCGTCACACTGTTAGC-1	1	27	19	5318	13922
PDACNP_1_TCGTCTTAGGCGTTAA-1	1	53	83	13976	7801
PDACNP_1_TCGTGTACTATGGATG-1	1	47	77	13165	9213
PDACNP_1_TCGTGTCACGCTGACA-1	1	43	23	5859	10156
PDACNP_1_TCGTGTTCGACCACAA-1	1	57	105	16953	6859
PDACNP_1_TCGTTAGGAGTCCCTA-1	1	52	54	10053	8037
PDACNP_1_TCGTTCGTTATTATGT-1	1	10	62	11136	17924
PDACNP_1_TCGTTGCTATCCGGTC-1	1	54	46	8970	7566
PDACNP_1_TCGTTGGCTCGTCAAT-1	1	9	31	6942	18160
PDACNP_1_TCTAAAGAACAGTCTC-1	1	52	10	4100	8037
PDACNP_1_TCTAACCTAGCCTGCG-1	1	74	112	17899	2857
PDACNP_1_TCTACCCAATAGAGAG-1	1	56	106	17088	7094
PDACNP_1_TCTACCCGCATCATTT-1	1	75	113	18035	2621
PDACNP_1_TCTACCGTCCACAAGC-1	1	27	67	11812	13922
PDACNP_1_TCTAGCAATCTCCGCC-1	1	46	30	6806	9449
PDACNP_1_TCTAGCATCTTCGATG-1	1	23	43	8565	14864
PDACNP_1_TCTAGCATGCCCAGAA-1	1	48	66	11676	8978
PDACNP_1_TCTAGGTGGCGACGCT-1	1	29	99	16141	13451
PDACNP_1_TCTAGTTATCAGAAGA-1	1	34	54	10053	12274
PDACNP_1_TCTATAGGTGGGTAAT-1	1	65	109	17494	4976
PDACNP_1_TCTATCATGCAGTTAC-1	1	18	40	8159	16041
PDACNP_1_TCTATCGGTCGCAACA-1	1	22	64	11406	15099
PDACNP_1_TCTATGCTATAACGAC-1	1	64	94	15464	5211
PDACNP_1_TCTCAAATCAATCGGG-1	1	71	89	14788	3563
PDACNP_1_TCTCAGGCTACTCGCT-1	1	72	118	18711	3328
PDACNP_1_TCTCATGAGATAGGGT-1	1	49	87	14518	8742
PDACNP_1_TCTCCAACGTAGGTTA-1	1	20	78	13300	15570
PDACNP_1_TCTCCACAAGTTGAAT-1	1	61	93	15329	5917
PDACNP_1_TCTCCCTGGGCAGCGT-1	1	54	80	13570	7565
PDACNP_1_TCTCGAGGAGGTTCGC-1	1	52	112	17900	8036
PDACNP_1_TCTCGGCTCCAGGACT-1	1	13	23	5859	17218
PDACNP_1_TCTCGTGTTACGAGGA-1	1	45	5	3423	9685
PDACNP_1_TCTCTAATAGCTGGTA-1	1	20	52	9783	15570
PDACNP_1_TCTCTTACCGCGAACC-1	1	65	43	8564	4976
PDACNP_1_TCTGAACTCGTACCCG-1	1	47	95	15600	9213
PDACNP_1_TCTGAAGCACGTGGTC-1	1	56	84	14112	7095
PDACNP_1_TCTGAATTCCGTACAA-1	1	34	94	15465	12274
PDACNP_1_TCTGACTGTAATGGTT-1	1	6	14	4642	18866
PDACNP_1_TCTGAGCAATTGACTG-1	1	54	112	17900	7565
PDACNP_1_TCTGATGTATTCTGTC-1	1	51	83	13976	8272
PDACNP_1_TCTGCATACCTTGCTT-1	1	61	99	16141	5917
PDACNP_1_TCTGCCAGAAACTGCA-1	1	41	79	13435	10626
PDACNP_1_TCTGCGTCCGGTTTCT-1	1	15	23	5859	16747
PDACNP_1_TCTGGCGCAAGCCGGG-1	1	34	6	3559	12274
PDACNP_1_TCTGGGAACCTTTGAA-1	1	40	98	16006	10861
PDACNP_1_TCTGTGCCATCATAGT-1	1	32	80	13571	12745
PDACNP_1_TCTGTTACCCAGCATA-1	1	51	35	7482	8272
PDACNP_1_TCTTACCGGAACTCGT-1	1	21	91	15059	15334
PDACNP_1_TCTTACGGCATCCGAC-1	1	25	29	6671	14393
PDACNP_1_TCTTACTTATGCCTCT-1	1	45	93	15329	9684
PDACNP_1_TCTTCCCATGGGCACA-1	1	32	96	15735	12744
PDACNP_1_TCTTCGAATAGACGTT-1	1	39	71	12353	11097
PDACNP_1_TCTTCGATACCAATAA-1	1	32	66	11677	12745
PDACNP_1_TCTTGATGCGTAGCGA-1	1	32	68	11947	12745
PDACNP_1_TCTTGCTCCCGATACT-1	1	65	67	11811	4976
PDACNP_1_TCTTGGTAACACCAAA-1	1	21	65	11542	15334
PDACNP_1_TCTTTAAGACTATGAA-1	1	34	98	16006	12274
PDACNP_1_TGAAACTTATGCAAGC-1	1	11	73	12624	17688
PDACNP_1_TGAAAGGACCTGACTC-1	1	35	83	13977	12038
PDACNP_1_TGAACAAGCAGGGACT-1	1	66	36	7617	4741
PDACNP_1_TGAACTGCTATGACTT-1	1	39	1	2882	11097
PDACNP_1_TGAAGAGCGGTCCTAG-1	1	19	11	4236	15806
PDACNP_1_TGAAGTAGCTTACGGA-1	1	17	5	3424	16276
PDACNP_1_TGAATACCGACGCGTA-1	1	66	82	13841	4740
PDACNP_1_TGAATATGCTATAAAC-1	1	16	114	18171	16511
PDACNP_1_TGAATGAGTGTTTCCC-1	1	66	50	9511	4741
PDACNP_1_TGAATTTCACTTGCCT-1	1	42	4	3288	10391
PDACNP_1_TGACACTTCTCTTTGC-1	1	16	102	16548	16511
PDACNP_1_TGACAGGACAAGTCCA-1	1	55	9	3964	7331
PDACNP_1_TGACATCGAGCGGACC-1	1	35	101	16412	12038
PDACNP_1_TGACATGTAACGTGAC-1	1	69	63	11270	4034
PDACNP_1_TGACCAAATCTTAAAC-1	1	66	62	11135	4741
PDACNP_1_TGACGAATATTTCCCT-1	1	44	22	5723	9920
PDACNP_1_TGACGATGCACTAGAA-1	1	37	95	15600	11567
PDACNP_1_TGACTCCGAATCATAC-1	1	62	16	4911	5683
PDACNP_1_TGAGAATGCTTTACCG-1	1	18	54	10053	16041
PDACNP_1_TGAGACGTACCTCTCA-1	1	39	5	3424	11097
PDACNP_1_TGAGAGATTTACCACG-1	1	41	91	15059	10626
PDACNP_1_TGAGATCAAATACTCA-1	1	7	63	11271	18630
PDACNP_1_TGAGATTAGGCCCTAA-1	1	16	94	15465	16511
PDACNP_1_TGAGCGGAAAGTGTTC-1	1	55	65	11541	7330
PDACNP_1_TGAGCTTTAATGACGC-1	1	19	85	14247	15805
PDACNP_1_TGAGGCATGTACTGTG-1	1	56	8	3829	7095
PDACNP_1_TGAGGTGTGTGGCGGA-1	1	70	52	9782	3799
PDACNP_1_TGAGTAAATTAGCGTA-1	1	47	57	10459	9214
PDACNP_1_TGAGTGCCTCTTAAAT-1	1	45	41	8294	9685
PDACNP_1_TGAGTGTAACAACGGG-1	1	73	105	16952	3092
PDACNP_1_TGATACATTTAGCCGT-1	1	55	43	8564	7330
PDACNP_1_TGATAGCGGGATTCTA-1	1	28	12	4371	13687
PDACNP_1_TGATCACCACACTGAC-1	1	69	51	9647	4035
PDACNP_1_TGATCAGGGAACTGCT-1	1	42	24	5994	10391
PDACNP_1_TGATCCCAGCATTAGT-1	1	27	107	17224	13921
PDACNP_1_TGATCGGTTTGACCCT-1	1	28	54	10053	13686
PDACNP_1_TGATCTACGCTGATCT-1	1	16	100	16277	16511
PDACNP_1_TGATCTATCACACTCT-1	1	72	92	15194	3328
PDACNP_1_TGATCTCCGGCGCCAG-1	1	28	50	9512	13687
PDACNP_1_TGATGGCTGTTTCTGA-1	1	30	114	18171	13215
PDACNP_1_TGATGGGACTAAGTCA-1	1	5	9	3965	19101
PDACNP_1_TGATGTCAATTAAGTG-1	1	59	103	16682	6388
PDACNP_1_TGATTATGGCACGCAG-1	1	13	111	17765	17217
PDACNP_1_TGATTCCCGGTTACCT-1	1	64	50	9511	5212
PDACNP_1_TGATTCTGTCGCCGGT-1	1	48	44	8700	8978
PDACNP_1_TGATTTCCTCCTGACG-1	1	16	34	7347	16512
PDACNP_1_TGCAAGAATGACGTAA-1	1	30	60	10865	13216
PDACNP_1_TGCACTATGTGAGTGC-1	1	17	13	4506	16276
PDACNP_1_TGCAGGATCGGCAAAG-1	1	24	74	12759	14628
PDACNP_1_TGCAGTGGTAGGGAAC-1	1	68	20	5452	4270
PDACNP_1_TGCAGTTTCCTCCCAT-1	1	40	90	14924	10861
PDACNP_1_TGCATATGTCTGTCAC-1	1	35	85	14247	12038
PDACNP_1_TGCATGAGTAGATTCG-1	1	2	12	4371	19808
PDACNP_1_TGCATGGATCGGATCT-1	1	19	67	11812	15805
PDACNP_1_TGCATGTGACCCATAG-1	1	68	38	7888	4270
PDACNP_1_TGCCAAAGTCAGACTT-1	1	43	19	5318	10156
PDACNP_1_TGCCAATGGGTACTCT-1	1	54	52	9782	7566
PDACNP_1_TGCCACACTAGAGGAA-1	1	43	3	3153	10156
PDACNP_1_TGCCACCTGGCGAAAC-1	1	20	76	13030	15570
PDACNP_1_TGCCAGTACGTGGAGA-1	1	51	71	12353	8272
PDACNP_1_TGCCATTACTAAAGAA-1	1	21	87	14518	15334
PDACNP_1_TGCCGATGTCATCAAT-1	1	2	14	4642	19808
PDACNP_1_TGCCGGATGTACGAGC-1	1	62	34	7347	5683
PDACNP_1_TGCCGTGGATCGTCCT-1	1	57	63	11270	6859
PDACNP_1_TGCCGTGGGACCCAAT-1	1	71	67	11811	3564
PDACNP_1_TGCCGTTCTTAATCGG-1	1	57	1	2882	6860
PDACNP_1_TGCCTAATTGAAGATT-1	1	55	105	16953	7330
PDACNP_1_TGCCTGACATCGGTCA-1	1	16	20	5453	16512
PDACNP_1_TGCCTGATCAAACGAT-1	1	20	70	12218	15570
PDACNP_1_TGCGAATATGGGATTT-1	1	45	13	4506	9685
PDACNP_1_TGCGACACCCTAGTGC-1	1	46	46	8971	9449
PDACNP_1_TGCGACGGCCGAACGT-1	1	60	32	7076	6153
PDACNP_1_TGCGAGAATATTACCC-1	1	50	40	8159	8508
PDACNP_1_TGCGATGCTAATGGCT-1	1	21	11	4236	15335
PDACNP_1_TGCGCAAAGCATTTGG-1	1	31	67	11812	12980
PDACNP_1_TGCGGACTTGACTCCG-1	1	68	76	13029	4270
PDACNP_1_TGCGGAGTAAAGGTGC-1	1	22	70	12218	15099
PDACNP_1_TGCGGCATAGTTCAAC-1	1	12	54	10053	17453
PDACNP_1_TGCGGTGAAATTTCAT-1	1	12	66	11677	17453
PDACNP_1_TGCGTCATGACTGAGC-1	1	53	21	5588	7801
PDACNP_1_TGCGTGATTGGGTGTC-1	1	11	17	5048	17689
PDACNP_1_TGCTAAGTGTCTATTT-1	1	52	90	14923	8036
PDACNP_1_TGCTATGGCAAAGGGA-1	1	70	26	6264	3799
PDACNP_1_TGCTCGGCGAAACCCA-1	1	57	61	11000	6859
PDACNP_1_TGCTCGGTGGGTCACC-1	1	66	72	12488	4741
PDACNP_1_TGCTCTTGAGAGTTTG-1	1	64	70	12217	5211
PDACNP_1_TGCTTAGAGAGAATGC-1	1	62	26	6264	5683
PDACNP_1_TGCTTCCCAAGCAGTA-1	1	62	66	11676	5682
PDACNP_1_TGCTTGAAACCATGCA-1	1	9	17	5048	18160
PDACNP_1_TGGAAACGGAGTGAAC-1	1	6	16	4912	18866
PDACNP_1_TGGAACCACTGACACA-1	1	24	102	16547	14628
PDACNP_1_TGGAAGGATAAAGATG-1	1	20	68	11947	15570
PDACNP_1_TGGAATATCCTTGACC-1	1	23	107	17224	14863
PDACNP_1_TGGAATTAGACGCTTT-1	1	26	18	5183	14158
PDACNP_1_TGGACACCGTTGCTTG-1	1	20	10	4100	15570
PDACNP_1_TGGACCAATCTAAGAT-1	1	62	80	13570	5682
PDACNP_1_TGGACCACGGCGTTGA-1	1	7	19	5318	18630
PDACNP_1_TGGACGCAATCCAGCC-1	1	58	20	5453	6624
PDACNP_1_TGGACTGTTCGCTCAA-1	1	37	73	12624	11568
PDACNP_1_TGGAGAATAATCGTCC-1	1	72	44	8699	3328
PDACNP_1_TGGATAGAGTAACAGA-1	1	10	14	4642	17924
PDACNP_1_TGGCAAACTAAATTAC-1	1	50	78	13300	8507
PDACNP_1_TGGCAACTCGCGCGCC-1	1	22	86	14383	15099
PDACNP_1_TGGCAAGCACAAGTCG-1	1	66	56	10323	4741
PDACNP_1_TGGCAATGGGACGGCG-1	1	54	106	17088	7565
PDACNP_1_TGGCATGAAGTTTGGG-1	1	56	12	4370	7095
PDACNP_1_TGGCCAAACTGAAGTA-1	1	28	76	13030	13686
PDACNP_1_TGGCCAATTTGGTACT-1	1	49	11	4235	8743
PDACNP_1_TGGCGACTGCTCCAAA-1	1	55	47	9106	7330
PDACNP_1_TGGCGATCAAGTTATG-1	1	51	55	10188	8272
PDACNP_1_TGGCGGTGTGCGATTG-1	1	7	43	8565	18630
PDACNP_1_TGGCTACACTCTACCT-1	1	64	100	16276	5211
PDACNP_1_TGGCTATGTGACATAC-1	1	60	82	13841	6153
PDACNP_1_TGGCTCTTGTCGCGTA-1	1	42	12	4371	10391
PDACNP_1_TGGCTTATGTATAATG-1	1	55	1	2882	7331
PDACNP_1_TGGCTTTGGGTAGACA-1	1	19	51	9647	15805
PDACNP_1_TGGGCACAAACAGAAC-1	1	8	46	8971	18395
PDACNP_1_TGGGCACGTTCTATGG-1	1	15	73	12624	16747
PDACNP_1_TGGGCCACAAGAGCGC-1	1	18	72	12489	16040
PDACNP_1_TGGGCCCATACTAATT-1	1	47	89	14788	9213
PDACNP_1_TGGGCCTTGCCTGCAT-1	1	8	10	4101	18395
PDACNP_1_TGGGCGATACAATAAG-1	1	68	62	11135	4270
PDACNP_1_TGGGTAAGGTTCCCGC-1	1	13	79	13436	17217
PDACNP_1_TGGGTGCACAAGCCAT-1	1	69	85	14247	4034
PDACNP_1_TGGGTGTTAAGTAGAA-1	1	72	68	11947	3328
PDACNP_1_TGGGTTTCGGGCGTAC-1	1	71	25	6129	3564
PDACNP_1_TGGTAAGCAGGATTGA-1	1	41	11	4235	10627
PDACNP_1_TGGTACCGGCACAGCC-1	1	0	8	3830	20278
PDACNP_1_TGGTAGAATATATGGG-1	1	48	100	16276	8978
PDACNP_1_TGGTATCGCATCCCAA-1	1	8	68	11948	18395
PDACNP_1_TGGTATCGGTCTGTAT-1	1	7	59	10730	18630
PDACNP_1_TGGTCCCACGCTACGG-1	1	52	74	12759	8036
PDACNP_1_TGGTCGATATACCTCT-1	1	73	37	7752	3093
PDACNP_1_TGGTCGTGCAAGGCAA-1	1	41	7	3694	10627
PDACNP_1_TGGTCTAGCTTACATG-1	1	21	5	3424	15335
PDACNP_1_TGGTGATCGTATTTGT-1	1	26	16	4912	14158
PDACNP_1_TGGTTAACTTACATTT-1	1	60	8	3829	6154
PDACNP_1_TGGTTAAGGGCGCTGG-1	1	26	114	18171	14157
PDACNP_1_TGGTTCAACGGGTAAT-1	1	50	74	12759	8507
PDACNP_1_TGGTTCGTAGCAAAGG-1	1	23	55	10189	14864
PDACNP_1_TGGTTGGAGGATCCTG-1	1	11	91	15059	17688
PDACNP_1_TGGTTTAAACGTGGGT-1	1	24	112	17900	14628
PDACNP_1_TGTAAGACTGATAAGA-1	1	66	0	2747	4741
PDACNP_1_TGTACCCGACCCTAAT-1	1	67	7	3694	4506
PDACNP_1_TGTACTATCGCTCGTT-1	1	76	94	15464	2386
PDACNP_1_TGTACTTCCGGGCATG-1	1	70	114	18170	3799
PDACNP_1_TGTAGCCATCCCATTC-1	1	62	112	17900	5682
PDACNP_1_TGTAGGAGAAATTTCC-1	1	34	86	14383	12274
PDACNP_1_TGTATAACAGATCCTG-1	1	29	79	13436	13451
PDACNP_1_TGTATCCTTATTCCAT-1	1	10	50	9512	17924
PDACNP_1_TGTCATTTGTTGGGAA-1	1	21	109	17495	15334
PDACNP_1_TGTCCACGGCTCAACT-1	1	65	101	16411	4976
PDACNP_1_TGTCCCGACATAGCAC-1	1	11	57	10459	17688
PDACNP_1_TGTCCGTGGCGCCTTT-1	1	30	18	5183	13216
PDACNP_1_TGTCGGCATGGTGGAA-1	1	9	23	5859	18160
PDACNP_1_TGTCGTTATCACATAT-1	1	61	15	4776	5918
PDACNP_1_TGTCTACAGTTTCTGT-1	1	11	53	9918	17688
PDACNP_1_TGTGACTACGCCAGTC-1	1	21	73	12624	15334
PDACNP_1_TGTGAGACTAGCCCAA-1	1	59	63	11270	6389
PDACNP_1_TGTGCCAGAGGCAAAG-1	1	54	0	2747	7566
PDACNP_1_TGTGCCGGTGCCGGAA-1	1	53	97	15870	7801
PDACNP_1_TGTGGCGGGCTTCTGG-1	1	65	59	10729	4976
PDACNP_1_TGTGGTTGCTAAAGCT-1	1	65	49	9376	4976
PDACNP_1_TGTGTCGAAGTCGAGG-1	1	42	0	2747	10391
PDACNP_1_TGTGTCGCGAGTTGCA-1	1	24	36	7618	14628
PDACNP_1_TGTGTGACCATGAATC-1	1	48	2	3018	8979
PDACNP_1_TGTGTTCGTATCCAAG-1	1	31	21	5588	12981
PDACNP_1_TGTTATTGTATGTGGC-1	1	44	86	14382	9920
PDACNP_1_TGTTCCGGCCTGAGCT-1	1	70	66	11676	3799
PDACNP_1_TGTTCGTATTGCGGTG-1	1	49	61	11000	8743
PDACNP_1_TGTTGTCAAGAAGTCT-1	1	24	82	13842	14628
PDACNP_1_TGTTTAATACTTCATC-1	1	9	77	13165	18159
PDACNP_1_TGTTTCGGTACTTCTC-1	1	18	56	10324	16041
PDACNP_1_TTAAACAGAGTCCCGC-1	1	9	27	6401	18160
PDACNP_1_TTAAACCGGTAGCGAC-1	1	8	52	9783	18395
PDACNP_1_TTAAACCTGGTTCCTT-1	1	26	12	4371	14158
PDACNP_1_TTAAACTCGAATTCAT-1	1	31	95	15600	12980
PDACNP_1_TTAAAGTAAGTCGCCA-1	1	69	105	16953	4034
PDACNP_1_TTAACACCTCGAACAT-1	1	24	22	5724	14628
PDACNP_1_TTAACCAACCCTCCCT-1	1	19	55	10189	15805
PDACNP_1_TTAACGAACAAGCAGT-1	1	22	114	18171	15098
PDACNP_1_TTAACGTCGCAAGACC-1	1	10	54	10053	17924
PDACNP_1_TTAACTCACGCGTGGA-1	1	24	14	4641	14629
PDACNP_1_TTAACTTCAGGTAGGA-1	1	46	26	6265	9449
PDACNP_1_TTAAGATACCCAGAGA-1	1	74	26	6264	2858
PDACNP_1_TTAAGCCGACAACTTC-1	1	13	77	13165	17217
PDACNP_1_TTAATCAGTACGTCAG-1	1	18	76	13030	16040
PDACNP_1_TTAATGTAGACCAGGT-1	1	30	68	11947	13216
PDACNP_1_TTAATTGCTTTGGGTG-1	1	62	76	13029	5682
PDACNP_1_TTAATTTCAGACGCGG-1	1	17	69	12083	16276
PDACNP_1_TTACAACTACGCATCC-1	1	24	52	9783	14628
PDACNP_1_TTACACGATCTGCGAC-1	1	62	110	17629	5682
PDACNP_1_TTACAGACCTAAATGA-1	1	26	96	15736	14157
PDACNP_1_TTACCCATTGCCGGGT-1	1	17	85	14248	16276
PDACNP_1_TTACCCTAGGGATTGG-1	1	60	58	10594	6153
PDACNP_1_TTACGGATGGTTCGAG-1	1	33	93	15330	12509
PDACNP_1_TTACTAAAGGACTTTA-1	1	48	78	13300	8978
PDACNP_1_TTACTCCGGCCGGGAA-1	1	34	78	13300	12274
PDACNP_1_TTACTCTGGTACGTAC-1	1	43	31	6941	10155
PDACNP_1_TTAGAAGAACATGACT-1	1	52	64	11406	8036
PDACNP_1_TTAGAATAAGGGTCGG-1	1	61	45	8835	5918
PDACNP_1_TTAGACGAGTCACCTC-1	1	48	80	13571	8978
PDACNP_1_TTAGAGGGATATACAG-1	1	50	0	2747	8508
PDACNP_1_TTAGAGTTTAGAAGGA-1	1	46	86	14382	9449
PDACNP_1_TTAGATAGGTCGATAC-1	1	13	21	5589	17218
PDACNP_1_TTAGCAACATGGATGT-1	1	20	28	6536	15570
PDACNP_1_TTAGCGAATAGATAGG-1	1	77	95	15599	2151
PDACNP_1_TTAGCTAATACGATCT-1	1	22	98	16006	15099
PDACNP_1_TTAGCTCTGTAATCCG-1	1	31	15	4777	12981
PDACNP_1_TTAGCTGATTTGCCGT-1	1	38	94	15465	11332
PDACNP_1_TTAGGTCATAACCGAC-1	1	58	38	7888	6624
PDACNP_1_TTAGGTGTGACTGGTC-1	1	3	7	3695	19572
PDACNP_1_TTAGTAAACCTGCTCT-1	1	62	94	15464	5682
PDACNP_1_TTAGTTATTCGTGGCA-1	1	47	91	15059	9213
PDACNP_1_TTAGTTCAAGTGTTCG-1	1	22	112	17900	15098
PDACNP_1_TTATAGGTAATTGTCT-1	1	61	73	12623	5918
PDACNP_1_TTATATACGCTGTCAC-1	1	38	74	12759	11332
PDACNP_1_TTATATTTGGCAATCC-1	1	26	64	11406	14157
PDACNP_1_TTATCATACTCGCAAA-1	1	2	24	5995	19807
PDACNP_1_TTATCCAATCGAACTC-1	1	13	33	7212	17218
PDACNP_1_TTATCCGGGATCTATA-1	1	51	87	14518	8272
PDACNP_1_TTATCCTCAAGGAATA-1	1	52	18	5182	8037
PDACNP_1_TTATCGCCTGCGAAGC-1	1	27	17	5047	13922
PDACNP_1_TTATCTGACATTAGGA-1	1	46	8	3829	9449
PDACNP_1_TTATCTGTATCATAAC-1	1	22	60	10865	15099
PDACNP_1_TTATGACAAACTGGAT-1	1	27	35	7483	13922
PDACNP_1_TTATGCGTCCCGGTCC-1	1	7	45	8836	18630
PDACNP_1_TTATGTTTGCGATAGA-1	1	26	20	5453	14158
PDACNP_1_TTATTAGGGAAGCATC-1	1	15	59	10730	16747
PDACNP_1_TTATTTCATCCCAAAC-1	1	1	19	5318	20043
PDACNP_1_TTCAAAGTCTCTAGCC-1	1	35	75	12894	12038
PDACNP_1_TTCAACGACCCGACCG-1	1	20	48	9242	15570
PDACNP_1_TTCAAGCCGAGCTGAG-1	1	13	75	12895	17217
PDACNP_1_TTCAATACTCTGAATC-1	1	38	86	14382	11332
PDACNP_1_TTCACGGTCGTCACGT-1	1	71	27	6399	3564
PDACNP_1_TTCACTCGAGCACCTA-1	1	55	69	12082	7330
PDACNP_1_TTCACTTCCTAGAACG-1	1	67	51	9647	4505
PDACNP_1_TTCAGCCCTGGTCCAC-1	1	47	85	14247	9213
PDACNP_1_TTCAGTTCAAGAGGAG-1	1	72	38	7888	3328
PDACNP_1_TTCATAGCCTTGTAAC-1	1	7	15	4777	18631
PDACNP_1_TTCATAGGGTGTCCAT-1	1	16	4	3289	16512
PDACNP_1_TTCATGGCGCAACAGG-1	1	19	75	12895	15805
PDACNP_1_TTCCAATCAGAGCTAG-1	1	23	95	15600	14863
PDACNP_1_TTCCAATCTGGCTATC-1	1	48	46	8970	8978
PDACNP_1_TTCCACACAGATTTGA-1	1	50	46	8970	8507
PDACNP_1_TTCCAGACGAGATTTA-1	1	39	111	17765	11096
PDACNP_1_TTCCATCGACAGCGTG-1	1	61	107	17223	5917
PDACNP_1_TTCCCAAAGTACTGAT-1	1	77	117	18576	2151
PDACNP_1_TTCCCGGCGCCAATAG-1	1	46	12	4370	9449
PDACNP_1_TTCCGCAGAGAAATAT-1	1	21	101	16412	15334
PDACNP_1_TTCCGCGTGAGGCGAT-1	1	46	64	11406	9449
PDACNP_1_TTCCGGCCTTGAGGCT-1	1	54	44	8700	7566
PDACNP_1_TTCCGGTATCTGTGTC-1	1	41	115	18306	10625
PDACNP_1_TTCCGGTTACCCACTT-1	1	45	87	14518	9684
PDACNP_1_TTCCTCGAGGGTGTCT-1	1	21	49	9377	15334
PDACNP_1_TTCCTCGGACTAACCA-1	1	50	86	14382	8507
PDACNP_1_TTCGACAGAGCCCGTG-1	1	52	68	11947	8036
PDACNP_1_TTCGACGGGAAGGGCG-1	1	24	44	8700	14628
PDACNP_1_TTCGCACTCGCGTGCT-1	1	25	45	8836	14393
PDACNP_1_TTCGCATCCGGAAGCA-1	1	11	19	5318	17689
PDACNP_1_TTCGCCGCTCGCGCTA-1	1	57	9	3964	6860
PDACNP_1_TTCGCGCGCCATACGA-1	1	59	47	9106	6389
PDACNP_1_TTCGCTAGGAAGTTGT-1	1	41	117	18577	10625
PDACNP_1_TTCGCTATCTGACGTG-1	1	20	100	16277	15569
PDACNP_1_TTCGGACTGGGCATGG-1	1	68	6	3558	4270
PDACNP_1_TTCGGCAACCCGCTGA-1	1	16	88	14653	16511
PDACNP_1_TTCGGCTAGAGATGGT-1	1	18	24	5995	16041
PDACNP_1_TTCGGGACTAATCGCG-1	1	36	72	12488	11803
PDACNP_1_TTCGGGCGCTAGTCTT-1	1	55	37	7753	7330
PDACNP_1_TTCGGTACTGTAGAGG-1	1	67	63	11270	4505
PDACNP_1_TTCGTAATCCCAGCGG-1	1	12	86	14383	17453
PDACNP_1_TTCGTACTCCAGAACG-1	1	29	29	6671	13451
PDACNP_1_TTCGTTCAACGAAGTT-1	1	23	105	16953	14863
PDACNP_1_TTCTAACCGAAGCTTA-1	1	34	90	14924	12274
PDACNP_1_TTCTACCTCAATCGGT-1	1	69	23	5858	4035
PDACNP_1_TTCTAGAAAGTCTTAT-1	1	60	46	8970	6153
PDACNP_1_TTCTAGGCCAATTGTG-1	1	22	44	8700	15099
PDACNP_1_TTCTATTAAACGCAGC-1	1	67	55	10188	4505
PDACNP_1_TTCTCAATTGCTACAA-1	1	72	14	4641	3329
PDACNP_1_TTCTCTTACAGGTGAT-1	1	62	8	3829	5683
PDACNP_1_TTCTGACCGGGCTCAA-1	1	52	84	14112	8036
PDACNP_1_TTCTGCCGCGCCTAGA-1	1	49	69	12082	8743
PDACNP_1_TTCTGCGGGTTAGCGG-1	1	40	80	13571	10861
PDACNP_1_TTCTGCTAGACTCCAA-1	1	28	106	17089	13686
PDACNP_1_TTCTGTTTCCTGTCGC-1	1	20	12	4371	15570
PDACNP_1_TTCTTAGTGAACGGTG-1	1	18	34	7347	16041
PDACNP_1_TTCTTAGTGGCTCAGA-1	1	17	61	11000	16276
PDACNP_1_TTCTTATCCGCTGGGT-1	1	49	101	16412	8742
PDACNP_1_TTCTTGAGCCGCGCTA-1	1	47	41	8294	9214
PDACNP_1_TTCTTGGACGATCTGC-1	1	52	32	7076	8037
PDACNP_1_TTCTTGGAGTAATGAG-1	1	21	79	13436	15334
PDACNP_1_TTCTTGTGTCCATCAG-1	1	30	8	3830	13216
PDACNP_1_TTCTTTGGTCGCGACG-1	1	24	104	16818	14628
PDACNP_1_TTGAACGAATCCTTTG-1	1	19	21	5589	15806
PDACNP_1_TTGAAGAATTCCCAGG-1	1	32	50	9512	12745
PDACNP_1_TTGAAGGATGGGCGCC-1	1	62	12	4370	5683
PDACNP_1_TTGAATATGGACTTTC-1	1	34	76	13030	12274
PDACNP_1_TTGAATTCACGTGAGG-1	1	39	97	15871	11096
PDACNP_1_TTGACAGGAGCTCCCG-1	1	47	99	16141	9213
PDACNP_1_TTGACCAGGAACAACT-1	1	64	80	13570	5211
PDACNP_1_TTGACCATGTTCTCCG-1	1	24	78	13300	14628
PDACNP_1_TTGACCGTGTTAATGA-1	1	50	34	7347	8508
PDACNP_1_TTGACGATTCAGCACG-1	1	9	51	9648	18159
PDACNP_1_TTGAGAAGTTTAGCAT-1	1	55	87	14517	7330
PDACNP_1_TTGAGCAGCCCACGGT-1	1	44	116	18441	9919
PDACNP_1_TTGAGCGCCACGTGAT-1	1	38	118	18712	11332
PDACNP_1_TTGAGTCCCGCTGCTG-1	1	39	119	18847	11096
PDACNP_1_TTGATAGTCAATACAT-1	1	27	115	18306	13921
PDACNP_1_TTGATGCCGCTCGTCG-1	1	70	34	7347	3799
PDACNP_1_TTGATGTGTAGTCCCG-1	1	24	90	14924	14628
PDACNP_1_TTGATTAGCTGTTTCT-1	1	48	34	7347	8978
PDACNP_1_TTGATTATGCAGATGA-1	1	27	33	7212	13922
PDACNP_1_TTGCAAGAAGACTCCT-1	1	70	68	11947	3799
PDACNP_1_TTGCACGGAGCAGCAC-1	1	21	59	10730	15334
PDACNP_1_TTGCCAAGCAGAACCC-1	1	44	114	18171	9919
PDACNP_1_TTGCCATAGCCCGCTC-1	1	54	24	5994	7566
PDACNP_1_TTGCCGCAGACCTACA-1	1	62	18	5182	5683
PDACNP_1_TTGCCGCTTTCTAGTA-1	1	62	78	13300	5682
PDACNP_1_TTGCCTAATCCAAAGT-1	1	69	21	5588	4035
PDACNP_1_TTGCGCACAACCACGT-1	1	76	106	17088	2386
PDACNP_1_TTGCGCTCTCTCGCTT-1	1	22	4	3289	15099
PDACNP_1_TTGCGGCATCAGAAAG-1	1	53	45	8835	7801
PDACNP_1_TTGCGTCGGCCAACCG-1	1	51	41	8294	8272
PDACNP_1_TTGCGTGAACGCTTAG-1	1	14	96	15736	16982
PDACNP_1_TTGCGTGTGTAGGCAT-1	1	69	83	13976	4034
PDACNP_1_TTGCTCATAGTACGTG-1	1	67	107	17223	4505
PDACNP_1_TTGCTCCCATACCGGA-1	1	22	72	12489	15099
PDACNP_1_TTGCTGAAGGAACCAC-1	1	19	57	10459	15805
PDACNP_1_TTGCTGATCATGTTCG-1	1	33	57	10459	12509
PDACNP_1_TTGCTGCACCTATCCA-1	1	22	20	5453	15099
PDACNP_1_TTGGAAGAATACAGTC-1	1	50	24	5994	8508
PDACNP_1_TTGGACCATCTGGCAA-1	1	51	105	16953	8271
PDACNP_1_TTGGACCTATAACAGT-1	1	56	86	14382	7095
PDACNP_1_TTGGAGTCTCCCTTCT-1	1	8	44	8701	18395
PDACNP_1_TTGGATATCGTCTACG-1	1	48	52	9782	8978
PDACNP_1_TTGGATCGACTTCTGG-1	1	10	60	10865	17924
PDACNP_1_TTGGCCAAATTGTATC-1	1	74	86	14382	2857
PDACNP_1_TTGGCCATCTTGCGCT-1	1	17	21	5589	16276
PDACNP_1_TTGGCTCAATATGTGT-1	1	65	113	18035	4976
PDACNP_1_TTGGGAAGACGAGCCG-1	1	68	64	11405	4270
PDACNP_1_TTGGGACACTGCCCGC-1	1	28	70	12218	13686
PDACNP_1_TTGGGACGTAAGAGTT-1	1	51	109	17494	8271
PDACNP_1_TTGGGCGGCGGTTGCC-1	1	30	76	13030	13215
PDACNP_1_TTGGTCACACTCGTAA-1	1	48	48	9241	8978
PDACNP_1_TTGGTTGCGGTGCGCG-1	1	53	23	5859	7801
PDACNP_1_TTGTAAGGACCTAAGT-1	1	46	32	7076	9449
PDACNP_1_TTGTAAGGCCAGTTGG-1	1	27	81	13706	13922
PDACNP_1_TTGTACACCTCGAACA-1	1	51	1	2882	8272
PDACNP_1_TTGTATCACACAGAAT-1	1	12	74	12759	17453
PDACNP_1_TTGTCACCGCGGTATC-1	1	53	5	3423	7802
PDACNP_1_TTGTCGTTCAGTTACC-1	1	22	58	10594	15099
PDACNP_1_TTGTGAACCTAATCCG-1	1	56	90	14923	7095
PDACNP_1_TTGTGCAGCCACGTCA-1	1	60	74	12759	6153
PDACNP_1_TTGTGCGGAAGCGGAT-1	1	60	2	3017	6154
PDACNP_1_TTGTGGCCCTGACAGT-1	1	18	60	10865	16041
PDACNP_1_TTGTGGTGGTACTAAG-1	1	63	95	15600	5447
PDACNP_1_TTGTGTATGCCACCAA-1	1	56	60	10864	7095
PDACNP_1_TTGTGTTTCCCGAAAG-1	1	51	59	10729	8272
PDACNP_1_TTGTTAGCAAATTCGA-1	1	22	42	8430	15099
PDACNP_1_TTGTTCAGTGTGCTAC-1	1	24	64	11406	14628
PDACNP_1_TTGTTGTGTGTCAAGA-1	1	31	77	13165	12980
PDACNP_1_TTGTTTCACATCCAGG-1	1	58	42	8429	6624
PDACNP_1_TTGTTTCATTAGTCTA-1	1	60	30	6806	6153
PDACNP_1_TTGTTTCCATACAACT-1	1	45	27	6400	9685
PDACNP_1_TTGTTTGTATTACACG-1	1	73	41	8294	3093
PDACNP_1_TTGTTTGTGTAAATTC-1	1	7	51	9648	18630
