spot	orig.ident	Origin	cc_ischia_10	first_type
PDACNP_1_AAACAACGAATAGTTC-1	IU_PDA_NP10	Normal Pancreas	CC10	Normal Epithelial cells
PDACNP_1_AAACAAGTATCTCCCA-1	IU_PDA_NP10	Normal Pancreas	CC10	Normal Epithelial cells
PDACNP_1_AAACACCAATAACTGC-1	IU_PDA_NP10	Normal Pancreas	CC10	Normal Epithelial cells
PDACNP_1_AAACAGAGCGACTCCT-1	IU_PDA_NP10	Normal Pancreas	CC10	Normal Epithelial cells
PDACNP_1_AAACAGCTTTCAGAAG-1	IU_PDA_NP10	Normal Pancreas	CC10	Normal Epithelial cells
PDACNP_1_AAACAGGGTCTATATT-1	IU_PDA_NP10	Normal Pancreas	CC10	Normal Epithelial cells
PDACNP_1_AAACATTTCCCGGATT-1	IU_PDA_NP10	Normal Pancreas	CC10	Normal Epithelial cells
PDACNP_1_AAACCCGAACGAAATC-1	IU_PDA_NP10	Normal Pancreas	CC10	Normal Epithelial cells
PDACNP_1_AAACCGGGTAGGTACC-1	IU_PDA_NP10	Normal Pancreas	CC10	Normal Epithelial cells
PDACNP_1_AAACCTAAGCAGCCGG-1	IU_PDA_NP10	Normal Pancreas	CC10	Normal Epithelial cells
PDACNP_1_AAACGAAGATGGAGTA-1	IU_PDA_NP10	Normal Pancreas	CC10	Normal Epithelial cells
PDACNP_1_AAACGAGACGGTTGAT-1	IU_PDA_NP10	Normal Pancreas	CC10	Normal Epithelial cells
PDACNP_1_AAACGGGCGTACGGGT-1	IU_PDA_NP10	Normal Pancreas	CC10	Normal Epithelial cells
PDACNP_1_AAACGGGTTGGTATCC-1	IU_PDA_NP10	Normal Pancreas	CC10	Normal Epithelial cells
PDACNP_1_AAACGGTTGCGAACTG-1	IU_PDA_NP10	Normal Pancreas	CC10	Normal Epithelial cells
PDACNP_1_AAACTCGGTTCGCAAT-1	IU_PDA_NP10	Normal Pancreas	CC10	Normal Epithelial cells
PDACNP_1_AAACTCGTGATATAAG-1	IU_PDA_NP10	Normal Pancreas	CC10	Normal Epithelial cells
PDACNP_1_AAACTTAATTGCACGC-1	IU_PDA_NP10	Normal Pancreas	CC10	Normal Epithelial cells
PDACNP_1_AAACTTGCAAACGTAT-1	IU_PDA_NP10	Normal Pancreas	CC10	Normal Epithelial cells
PDACNP_1_AAAGAATGTGGACTAA-1	IU_PDA_NP10	Normal Pancreas	CC10	Normal Epithelial cells
PDACNP_1_AAAGACCCAAGTCGCG-1	IU_PDA_NP10	Normal Pancreas	CC10	Normal Epithelial cells
PDACNP_1_AAAGACTGGGCGCTTT-1	IU_PDA_NP10	Normal Pancreas	CC10	Normal Epithelial cells
PDACNP_1_AAAGGCCCTATAATAC-1	IU_PDA_NP10	Normal Pancreas	CC10	Normal Epithelial cells
PDACNP_1_AAAGGCTACGGACCAT-1	IU_PDA_NP10	Normal Pancreas	CC10	Normal Epithelial cells
PDACNP_1_AAAGGCTCTCGCGCCG-1	IU_PDA_NP10	Normal Pancreas	CC10	Normal Epithelial cells
PDACNP_1_AAAGGGATGTAGCAAG-1	IU_PDA_NP10	Normal Pancreas	CC10	Normal Epithelial cells
PDACNP_1_AAAGTAGCATTGCTCA-1	IU_PDA_NP10	Normal Pancreas	CC10	Normal Epithelial cells
PDACNP_1_AAAGTCACTGATGTAA-1	IU_PDA_NP10	Normal Pancreas	CC10	Normal Epithelial cells
PDACNP_1_AAATAACCATACGGGA-1	IU_PDA_NP10	Normal Pancreas	CC10	Normal Epithelial cells
PDACNP_1_AAATACCTATAAGCAT-1	IU_PDA_NP10	Normal Pancreas	CC10	Normal Epithelial cells
PDACNP_1_AAATAGCTTAGACTTT-1	IU_PDA_NP10	Normal Pancreas	CC10	Normal Epithelial cells
PDACNP_1_AAATAGGGTGCTATTG-1	IU_PDA_NP10	Normal Pancreas	CC10	Normal Epithelial cells
PDACNP_1_AAATCCGATACACGCC-1	IU_PDA_NP10	Normal Pancreas	CC10	Normal Epithelial cells
PDACNP_1_AAATCGCGGAAGGAGT-1	IU_PDA_NP10	Normal Pancreas	CC10	Normal Epithelial cells
PDACNP_1_AAATCTAGCCCTGCTA-1	IU_PDA_NP10	Normal Pancreas	CC10	Normal Epithelial cells
PDACNP_1_AAATGATTCGATCAGC-1	IU_PDA_NP10	Normal Pancreas	CC10	Normal Epithelial cells
PDACNP_1_AAATGCTCGTTACGTT-1	IU_PDA_NP10	Normal Pancreas	CC3	Normal Epithelial cells
PDACNP_1_AAATGGCCCGTGCCCT-1	IU_PDA_NP10	Normal Pancreas	CC10	Normal Epithelial cells
PDACNP_1_AAATTAACGGGTAGCT-1	IU_PDA_NP10	Normal Pancreas	CC10	Normal Epithelial cells
PDACNP_1_AAATTAATAAGCGCGA-1	IU_PDA_NP10	Normal Pancreas	CC10	Normal Epithelial cells
PDACNP_1_AAATTACACGACTCTG-1	IU_PDA_NP10	Normal Pancreas	CC10	Normal Epithelial cells
PDACNP_1_AAATTACCTATCGATG-1	IU_PDA_NP10	Normal Pancreas	CC10	Normal Epithelial cells
PDACNP_1_AAATTGATAGTCCTTT-1	IU_PDA_NP10	Normal Pancreas	CC10	Normal Epithelial cells
PDACNP_1_AAATTTGCGGGTGTGG-1	IU_PDA_NP10	Normal Pancreas	CC10	Normal Epithelial cells
PDACNP_1_AACAATACATTGTCGA-1	IU_PDA_NP10	Normal Pancreas	CC10	Normal Epithelial cells
PDACNP_1_AACACACGCTCGCCGC-1	IU_PDA_NP10	Normal Pancreas	CC10	Normal Epithelial cells
PDACNP_1_AACACGACTGTACTGA-1	IU_PDA_NP10	Normal Pancreas	CC10	Normal Epithelial cells
PDACNP_1_AACACGAGACGCGGCC-1	IU_PDA_NP10	Normal Pancreas	CC10	Normal Epithelial cells
PDACNP_1_AACAGCTGTGTGGCAA-1	IU_PDA_NP10	Normal Pancreas	CC10	Normal Epithelial cells
PDACNP_1_AACAGGAAATCGAATA-1	IU_PDA_NP10	Normal Pancreas	CC10	Normal Epithelial cells
PDACNP_1_AACAGGATGGGCCGCG-1	IU_PDA_NP10	Normal Pancreas	CC10	Normal Epithelial cells
PDACNP_1_AACATATCAACTGGTG-1	IU_PDA_NP10	Normal Pancreas	CC10	Normal Epithelial cells
PDACNP_1_AACATTGAAGTTGATC-1	IU_PDA_NP10	Normal Pancreas	CC10	Normal Epithelial cells
PDACNP_1_AACATTGGTCAGCCGT-1	IU_PDA_NP10	Normal Pancreas	CC10	Normal Epithelial cells
PDACNP_1_AACATTGTGACTCGAG-1	IU_PDA_NP10	Normal Pancreas	CC10	Normal Epithelial cells
PDACNP_1_AACCATAGGGTTGAAC-1	IU_PDA_NP10	Normal Pancreas	CC10	Normal Epithelial cells
PDACNP_1_AACCCAGAGACGGAGA-1	IU_PDA_NP10	Normal Pancreas	CC2	Normal Epithelial cells
PDACNP_1_AACCCATCCCATGATC-1	IU_PDA_NP10	Normal Pancreas	CC10	Normal Epithelial cells
PDACNP_1_AACCCGACAACCCGTG-1	IU_PDA_NP10	Normal Pancreas	CC10	Normal Epithelial cells
PDACNP_1_AACCCGAGCAGAATCG-1	IU_PDA_NP10	Normal Pancreas	CC10	Normal Epithelial cells
PDACNP_1_AACCCTACTGTCAATA-1	IU_PDA_NP10	Normal Pancreas	CC10	Normal Epithelial cells
PDACNP_1_AACCCTGGTGGAACCA-1	IU_PDA_NP10	Normal Pancreas	CC10	Normal Epithelial cells
PDACNP_1_AACCGAGCTTGGTCAT-1	IU_PDA_NP10	Normal Pancreas	CC10	Normal Epithelial cells
PDACNP_1_AACCGCTAAGGGATGC-1	IU_PDA_NP10	Normal Pancreas	CC10	Normal Epithelial cells
PDACNP_1_AACCGTTGTGTTTGCT-1	IU_PDA_NP10	Normal Pancreas	CC10	Normal Epithelial cells
PDACNP_1_AACCTCGCTTTAGCCC-1	IU_PDA_NP10	Normal Pancreas	CC10	Normal Epithelial cells
PDACNP_1_AACCTTTAAATACGGT-1	IU_PDA_NP10	Normal Pancreas	CC10	Normal Epithelial cells
PDACNP_1_AACCTTTACGACGTCT-1	IU_PDA_NP10	Normal Pancreas	CC10	Normal Epithelial cells
PDACNP_1_AACGAAAGTCGTCCCA-1	IU_PDA_NP10	Normal Pancreas	CC10	Normal Epithelial cells
PDACNP_1_AACGACCTCCTAGCCG-1	IU_PDA_NP10	Normal Pancreas	CC10	Normal Epithelial cells
PDACNP_1_AACGATAATGCCGTAG-1	IU_PDA_NP10	Normal Pancreas	CC10	Normal Epithelial cells
PDACNP_1_AACGATAGAAGGGCCG-1	IU_PDA_NP10	Normal Pancreas	CC10	Normal Epithelial cells
PDACNP_1_AACGATATGTCAACTG-1	IU_PDA_NP10	Normal Pancreas	CC10	Normal Epithelial cells
PDACNP_1_AACGCATGATCTGGGT-1	IU_PDA_NP10	Normal Pancreas	CC10	Normal Epithelial cells
PDACNP_1_AACGCGAACGGCAACA-1	IU_PDA_NP10	Normal Pancreas	CC10	Normal Epithelial cells
PDACNP_1_AACGCGACCTTGGGCG-1	IU_PDA_NP10	Normal Pancreas	CC10	Normal Epithelial cells
PDACNP_1_AACGCGGTCTCCAGCC-1	IU_PDA_NP10	Normal Pancreas	CC10	Normal Epithelial cells
PDACNP_1_AACGCTGTTGCTGAAA-1	IU_PDA_NP10	Normal Pancreas	CC10	Normal Epithelial cells
PDACNP_1_AACGGACGTACGTATA-1	IU_PDA_NP10	Normal Pancreas	CC10	Normal Epithelial cells
PDACNP_1_AACGGCCATCTCCGGT-1	IU_PDA_NP10	Normal Pancreas	CC10	Normal Epithelial cells
PDACNP_1_AACGTACTGTGGGTAC-1	IU_PDA_NP10	Normal Pancreas	CC10	Normal Epithelial cells
PDACNP_1_AACGTCGCTGCACTTC-1	IU_PDA_NP10	Normal Pancreas	CC10	Normal Epithelial cells
PDACNP_1_AACGTGATGAAGGACA-1	IU_PDA_NP10	Normal Pancreas	CC10	Normal Epithelial cells
PDACNP_1_AACGTGCGAAAGTCTC-1	IU_PDA_NP10	Normal Pancreas	CC10	Normal Epithelial cells
PDACNP_1_AACGTTATCAGCACCT-1	IU_PDA_NP10	Normal Pancreas	CC10	Normal Epithelial cells
PDACNP_1_AACTACCCGTTTGTCA-1	IU_PDA_NP10	Normal Pancreas	CC10	Normal Epithelial cells
PDACNP_1_AACTAGGCTTGGGTGT-1	IU_PDA_NP10	Normal Pancreas	CC10	Normal Epithelial cells
PDACNP_1_AACTCCTAATCCCATG-1	IU_PDA_NP10	Normal Pancreas	CC10	Normal Epithelial cells
PDACNP_1_AACTCTCAATAGAGCG-1	IU_PDA_NP10	Normal Pancreas	CC10	Normal Epithelial cells
PDACNP_1_AACTCTCAGTGTGCTC-1	IU_PDA_NP10	Normal Pancreas	CC10	Normal Epithelial cells
PDACNP_1_AACTGATATTAGGCCT-1	IU_PDA_NP10	Normal Pancreas	CC10	Normal Epithelial cells
PDACNP_1_AACTGGGTCCCGACGT-1	IU_PDA_NP10	Normal Pancreas	CC10	Normal Epithelial cells
PDACNP_1_AACTGGTGTGGGCCTT-1	IU_PDA_NP10	Normal Pancreas	CC10	Normal Epithelial cells
PDACNP_1_AACTTCTGCGTCTATC-1	IU_PDA_NP10	Normal Pancreas	CC10	Normal Epithelial cells
PDACNP_1_AACTTGCCCGTATGCA-1	IU_PDA_NP10	Normal Pancreas	CC10	Normal Epithelial cells
PDACNP_1_AACTTGCGTTCTCGCG-1	IU_PDA_NP10	Normal Pancreas	CC3	Normal Epithelial cells
PDACNP_1_AACTTTACGGGAGCTT-1	IU_PDA_NP10	Normal Pancreas	CC10	Normal Epithelial cells
PDACNP_1_AAGACCAAATAACTCA-1	IU_PDA_NP10	Normal Pancreas	CC10	Normal Epithelial cells
PDACNP_1_AAGACCCAACTGAACA-1	IU_PDA_NP10	Normal Pancreas	CC10	Normal Epithelial cells
PDACNP_1_AAGAGATGAATCGGTA-1	IU_PDA_NP10	Normal Pancreas	CC10	Normal Epithelial cells
PDACNP_1_AAGAGCTCTTTATCGG-1	IU_PDA_NP10	Normal Pancreas	CC10	Normal Epithelial cells
PDACNP_1_AAGAGGCATGGATCGC-1	IU_PDA_NP10	Normal Pancreas	CC10	Normal Epithelial cells
PDACNP_1_AAGAGGCCCTTTGGAA-1	IU_PDA_NP10	Normal Pancreas	CC10	Normal Epithelial cells
PDACNP_1_AAGATGGCACCGGACC-1	IU_PDA_NP10	Normal Pancreas	CC10	Normal Epithelial cells
PDACNP_1_AAGATTGGCGGAACGT-1	IU_PDA_NP10	Normal Pancreas	CC10	Normal Epithelial cells
PDACNP_1_AAGCACCCTGCGTATC-1	IU_PDA_NP10	Normal Pancreas	CC10	Normal Epithelial cells
PDACNP_1_AAGCATACTCTCCTGA-1	IU_PDA_NP10	Normal Pancreas	CC10	Normal Epithelial cells
PDACNP_1_AAGCCGAAGCGGTTTA-1	IU_PDA_NP10	Normal Pancreas	CC10	Normal Epithelial cells
PDACNP_1_AAGCCGCCGTGAAATC-1	IU_PDA_NP10	Normal Pancreas	CC10	Normal Epithelial cells
PDACNP_1_AAGCGCAGGGCTTTGA-1	IU_PDA_NP10	Normal Pancreas	CC10	Normal Epithelial cells
PDACNP_1_AAGCGTCCCTCATCGA-1	IU_PDA_NP10	Normal Pancreas	CC10	Normal Epithelial cells
PDACNP_1_AAGCTAGATCGAGTAA-1	IU_PDA_NP10	Normal Pancreas	CC10	Normal Epithelial cells
PDACNP_1_AAGCTCTTTCATGGTG-1	IU_PDA_NP10	Normal Pancreas	CC10	Normal Epithelial cells
PDACNP_1_AAGGAGCGGTTGGTGC-1	IU_PDA_NP10	Normal Pancreas	CC10	Normal Epithelial cells
PDACNP_1_AAGGCGCGTAAAGCTT-1	IU_PDA_NP10	Normal Pancreas	CC10	Normal Epithelial cells
PDACNP_1_AAGGGACTATGCATTC-1	IU_PDA_NP10	Normal Pancreas	CC10	Normal Epithelial cells
PDACNP_1_AAGGGTTTGATTTCAG-1	IU_PDA_NP10	Normal Pancreas	CC10	Normal Epithelial cells
PDACNP_1_AAGTAGAAGACCGGGT-1	IU_PDA_NP10	Normal Pancreas	CC10	Normal Epithelial cells
PDACNP_1_AAGTAGTGACGCGAGG-1	IU_PDA_NP10	Normal Pancreas	CC10	Normal Epithelial cells
PDACNP_1_AAGTCTTCTGTGGCCT-1	IU_PDA_NP10	Normal Pancreas	CC10	Normal Epithelial cells
PDACNP_1_AAGTGAGTCGGGTTTA-1	IU_PDA_NP10	Normal Pancreas	CC10	Normal Epithelial cells
PDACNP_1_AAGTGCGTTAGAATCT-1	IU_PDA_NP10	Normal Pancreas	CC10	Normal Epithelial cells
PDACNP_1_AAGTGCTTCTCTATTG-1	IU_PDA_NP10	Normal Pancreas	CC10	Normal Epithelial cells
PDACNP_1_AAGTGTTTGGAGACGG-1	IU_PDA_NP10	Normal Pancreas	CC10	Normal Epithelial cells
PDACNP_1_AAGTTCACTCCAAGCT-1	IU_PDA_NP10	Normal Pancreas	CC10	Normal Epithelial cells
PDACNP_1_AAGTTCAGTCTGCGTA-1	IU_PDA_NP10	Normal Pancreas	CC10	Normal Epithelial cells
PDACNP_1_AAGTTGTGATGTTATA-1	IU_PDA_NP10	Normal Pancreas	CC10	Normal Epithelial cells
PDACNP_1_AAGTTTATGGGCCCAA-1	IU_PDA_NP10	Normal Pancreas	CC10	Normal Epithelial cells
PDACNP_1_AATAACACTAGAACAA-1	IU_PDA_NP10	Normal Pancreas	CC10	Normal Epithelial cells
PDACNP_1_AATAACGTCGCGCCCA-1	IU_PDA_NP10	Normal Pancreas	CC10	Normal Epithelial cells
PDACNP_1_AATACAATGTTTCAGG-1	IU_PDA_NP10	Normal Pancreas	CC10	Normal Epithelial cells
PDACNP_1_AATACCGGAGGGCTGT-1	IU_PDA_NP10	Normal Pancreas	CC10	Normal Epithelial cells
PDACNP_1_AATACCTGATGTGAAC-1	IU_PDA_NP10	Normal Pancreas	CC10	Normal Epithelial cells
PDACNP_1_AATAGAACAGAGTGGC-1	IU_PDA_NP10	Normal Pancreas	CC10	Normal Epithelial cells
PDACNP_1_AATAGAATCTGTTTCA-1	IU_PDA_NP10	Normal Pancreas	CC10	Normal Epithelial cells
PDACNP_1_AATAGCTACCGCGTGC-1	IU_PDA_NP10	Normal Pancreas	CC10	Normal Epithelial cells
PDACNP_1_AATATCAAGGTCGGAT-1	IU_PDA_NP10	Normal Pancreas	CC10	Normal Epithelial cells
PDACNP_1_AATATCCTAGCAAACT-1	IU_PDA_NP10	Normal Pancreas	CC10	Normal Epithelial cells
PDACNP_1_AATATCGAATCAATGC-1	IU_PDA_NP10	Normal Pancreas	CC10	Normal Epithelial cells
PDACNP_1_AATATCGAGGGTTCTC-1	IU_PDA_NP10	Normal Pancreas	CC10	Normal Epithelial cells
PDACNP_1_AATCAGGTTTCATTTA-1	IU_PDA_NP10	Normal Pancreas	CC10	Normal Epithelial cells
PDACNP_1_AATCATGTAAAGACTC-1	IU_PDA_NP10	Normal Pancreas	CC10	Normal Epithelial cells
PDACNP_1_AATCCATGCAAGGGTG-1	IU_PDA_NP10	Normal Pancreas	CC10	Normal Epithelial cells
PDACNP_1_AATCGCCTCAGCGCCA-1	IU_PDA_NP10	Normal Pancreas	CC10	Normal Epithelial cells
PDACNP_1_AATCGCGCAGAGGACT-1	IU_PDA_NP10	Normal Pancreas	CC10	Normal Epithelial cells
PDACNP_1_AATCGGGACACTACGA-1	IU_PDA_NP10	Normal Pancreas	CC10	Normal Epithelial cells
PDACNP_1_AATCGGTATAGCCCTC-1	IU_PDA_NP10	Normal Pancreas	CC10	Normal Epithelial cells
PDACNP_1_AATCGTGAGCCGAGCA-1	IU_PDA_NP10	Normal Pancreas	CC10	Normal Epithelial cells
PDACNP_1_AATCTAGGTTTACTTG-1	IU_PDA_NP10	Normal Pancreas	CC10	Normal Epithelial cells
PDACNP_1_AATCTATGCCGGAGCC-1	IU_PDA_NP10	Normal Pancreas	CC10	Normal Epithelial cells
PDACNP_1_AATCTGCGTTGGGACG-1	IU_PDA_NP10	Normal Pancreas	CC10	Normal Epithelial cells
PDACNP_1_AATCTGGCTTTCTAGT-1	IU_PDA_NP10	Normal Pancreas	CC10	Normal Epithelial cells
PDACNP_1_AATGACTGTCAGCCGG-1	IU_PDA_NP10	Normal Pancreas	CC10	Normal Epithelial cells
PDACNP_1_AATGAGTTCGCATATG-1	IU_PDA_NP10	Normal Pancreas	CC3	Normal Epithelial cells
PDACNP_1_AATGATGATACGCTAT-1	IU_PDA_NP10	Normal Pancreas	CC10	Normal Epithelial cells
PDACNP_1_AATGATGCGACTCCTG-1	IU_PDA_NP10	Normal Pancreas	CC10	Normal Epithelial cells
PDACNP_1_AATGCAACCGGGTACC-1	IU_PDA_NP10	Normal Pancreas	CC10	Normal Epithelial cells
PDACNP_1_AATGCACCAAGCAATG-1	IU_PDA_NP10	Normal Pancreas	CC10	Normal Epithelial cells
PDACNP_1_AATGGTCCACCGTTCA-1	IU_PDA_NP10	Normal Pancreas	CC10	Normal Epithelial cells
PDACNP_1_AATGGTTCTCACAAGC-1	IU_PDA_NP10	Normal Pancreas	CC10	Normal Epithelial cells
PDACNP_1_AATGTATGGCACTGTA-1	IU_PDA_NP10	Normal Pancreas	CC10	Normal Epithelial cells
PDACNP_1_AATGTGCTAATCTGAG-1	IU_PDA_NP10	Normal Pancreas	CC10	Normal Epithelial cells
PDACNP_1_AATGTTGTCGTGAGAC-1	IU_PDA_NP10	Normal Pancreas	CC10	Normal Epithelial cells
PDACNP_1_AATTAACGGATTTCCA-1	IU_PDA_NP10	Normal Pancreas	CC10	Normal Epithelial cells
PDACNP_1_AATTACGAGACCCATC-1	IU_PDA_NP10	Normal Pancreas	CC10	Normal Epithelial cells
PDACNP_1_AATTACTCGTACGCTC-1	IU_PDA_NP10	Normal Pancreas	CC3	Normal Epithelial cells
PDACNP_1_AATTAGCGCTGCAGCG-1	IU_PDA_NP10	Normal Pancreas	CC10	Normal Epithelial cells
PDACNP_1_AATTATACCCAGCAAG-1	IU_PDA_NP10	Normal Pancreas	CC10	Normal Epithelial cells
PDACNP_1_AATTCATAAGGGATCT-1	IU_PDA_NP10	Normal Pancreas	CC10	Normal Epithelial cells
PDACNP_1_AATTCATTGTCATGCA-1	IU_PDA_NP10	Normal Pancreas	CC10	Normal Epithelial cells
PDACNP_1_AATTCCAACTTGGTGA-1	IU_PDA_NP10	Normal Pancreas	CC10	Normal Epithelial cells
PDACNP_1_AATTCCAAGCATGTAC-1	IU_PDA_NP10	Normal Pancreas	CC10	Normal Epithelial cells
PDACNP_1_AATTCGATTCGAGGAT-1	IU_PDA_NP10	Normal Pancreas	CC10	Normal Epithelial cells
PDACNP_1_AATTCTAGAGTTAGGC-1	IU_PDA_NP10	Normal Pancreas	CC10	Normal Epithelial cells
PDACNP_1_AATTGAACGCTCTGGT-1	IU_PDA_NP10	Normal Pancreas	CC10	Normal Epithelial cells
PDACNP_1_AATTGCAGCAATCGAC-1	IU_PDA_NP10	Normal Pancreas	CC10	Normal Epithelial cells
PDACNP_1_AATTGCGTGGATTACA-1	IU_PDA_NP10	Normal Pancreas	CC10	Normal Epithelial cells
PDACNP_1_AATTTGGGACATAGTA-1	IU_PDA_NP10	Normal Pancreas	CC10	Normal Epithelial cells
PDACNP_1_AATTTGGTTCCAAAGA-1	IU_PDA_NP10	Normal Pancreas	CC10	Normal Epithelial cells
PDACNP_1_ACAAACCATGCGTCCT-1	IU_PDA_NP10	Normal Pancreas	CC10	Normal Epithelial cells
PDACNP_1_ACAAAGAAGGTAGGCC-1	IU_PDA_NP10	Normal Pancreas	CC10	Normal Epithelial cells
PDACNP_1_ACAAAGCATGACCTAG-1	IU_PDA_NP10	Normal Pancreas	CC10	Normal Epithelial cells
PDACNP_1_ACAAATCGCACCGAAT-1	IU_PDA_NP10	Normal Pancreas	CC10	Normal Epithelial cells
PDACNP_1_ACAACAGCATGAGCTA-1	IU_PDA_NP10	Normal Pancreas	CC10	Normal Epithelial cells
PDACNP_1_ACAACGGTCCCTGCGA-1	IU_PDA_NP10	Normal Pancreas	CC10	Normal Epithelial cells
PDACNP_1_ACAAGCAGTGCCTAGC-1	IU_PDA_NP10	Normal Pancreas	CC10	Normal Epithelial cells
PDACNP_1_ACAAGGAAATCCGCCC-1	IU_PDA_NP10	Normal Pancreas	CC10	Normal Epithelial cells
PDACNP_1_ACAAGGACAAGAGGTT-1	IU_PDA_NP10	Normal Pancreas	CC10	Normal Epithelial cells
PDACNP_1_ACAATGAATACGGAGA-1	IU_PDA_NP10	Normal Pancreas	CC10	Normal Epithelial cells
PDACNP_1_ACAATTTAGGAGGCTC-1	IU_PDA_NP10	Normal Pancreas	CC10	Normal Epithelial cells
PDACNP_1_ACAATTTGAGCAGTGG-1	IU_PDA_NP10	Normal Pancreas	CC10	Normal Epithelial cells
PDACNP_1_ACACAAAGACGGGTGG-1	IU_PDA_NP10	Normal Pancreas	CC10	Normal Epithelial cells
PDACNP_1_ACACACCAGGACCAGT-1	IU_PDA_NP10	Normal Pancreas	CC10	Normal Epithelial cells
PDACNP_1_ACACACTTTCTACACG-1	IU_PDA_NP10	Normal Pancreas	CC10	Normal Epithelial cells
PDACNP_1_ACACATGATCAAATCT-1	IU_PDA_NP10	Normal Pancreas	CC10	Normal Epithelial cells
PDACNP_1_ACACATTGACGCAACA-1	IU_PDA_NP10	Normal Pancreas	CC10	Normal Epithelial cells
PDACNP_1_ACACATTTCCGTAGAC-1	IU_PDA_NP10	Normal Pancreas	CC10	Normal Epithelial cells
PDACNP_1_ACACCCAGCATGCAGC-1	IU_PDA_NP10	Normal Pancreas	CC10	Normal Epithelial cells
PDACNP_1_ACACCCGAGAAATCCG-1	IU_PDA_NP10	Normal Pancreas	CC10	Normal Epithelial cells
PDACNP_1_ACACGAGACTCCTTCT-1	IU_PDA_NP10	Normal Pancreas	CC10	Normal Epithelial cells
PDACNP_1_ACACGGGAACTTAGGG-1	IU_PDA_NP10	Normal Pancreas	CC10	Normal Epithelial cells
PDACNP_1_ACACGTAGGCCACAAG-1	IU_PDA_NP10	Normal Pancreas	CC10	Normal Epithelial cells
PDACNP_1_ACACTCCAATGTCACT-1	IU_PDA_NP10	Normal Pancreas	CC10	Normal Epithelial cells
PDACNP_1_ACACTGATCAAGGTGT-1	IU_PDA_NP10	Normal Pancreas	CC10	Normal Epithelial cells
PDACNP_1_ACACTGGGACAGTCGT-1	IU_PDA_NP10	Normal Pancreas	CC10	Normal Epithelial cells
PDACNP_1_ACAGAACTGAGAACAA-1	IU_PDA_NP10	Normal Pancreas	CC10	Normal Epithelial cells
PDACNP_1_ACAGATTAGGTTAGTG-1	IU_PDA_NP10	Normal Pancreas	CC10	Normal Epithelial cells
PDACNP_1_ACAGCATAGAGCCAGT-1	IU_PDA_NP10	Normal Pancreas	CC10	Normal Epithelial cells
PDACNP_1_ACAGCGACATTCTCAT-1	IU_PDA_NP10	Normal Pancreas	CC10	Normal Epithelial cells
PDACNP_1_ACAGCGCACCCGCAGC-1	IU_PDA_NP10	Normal Pancreas	CC10	Normal Epithelial cells
PDACNP_1_ACAGGCACGGATCCTT-1	IU_PDA_NP10	Normal Pancreas	CC10	Normal Epithelial cells
PDACNP_1_ACAGGCTTGCCCGACT-1	IU_PDA_NP10	Normal Pancreas	CC10	Normal Epithelial cells
PDACNP_1_ACAGGTGGAGGTGAGG-1	IU_PDA_NP10	Normal Pancreas	CC10	Normal Epithelial cells
PDACNP_1_ACAGTAATACAACTTG-1	IU_PDA_NP10	Normal Pancreas	CC10	Normal Epithelial cells
PDACNP_1_ACATAAGTCGTGGTGA-1	IU_PDA_NP10	Normal Pancreas	CC10	Normal Epithelial cells
PDACNP_1_ACATAATAAGGCGGTG-1	IU_PDA_NP10	Normal Pancreas	CC10	Normal Epithelial cells
PDACNP_1_ACATACAATCAAGCGG-1	IU_PDA_NP10	Normal Pancreas	CC10	Normal Epithelial cells
PDACNP_1_ACATCCCGGCCATACG-1	IU_PDA_NP10	Normal Pancreas	CC10	Normal Epithelial cells
PDACNP_1_ACATCGTATGCAATGG-1	IU_PDA_NP10	Normal Pancreas	CC10	Normal Epithelial cells
PDACNP_1_ACATCGTTAACCTAGT-1	IU_PDA_NP10	Normal Pancreas	CC10	Normal Epithelial cells
PDACNP_1_ACATGCTTACGGCAGC-1	IU_PDA_NP10	Normal Pancreas	CC10	Normal Epithelial cells
PDACNP_1_ACATGGCTCAATTTAG-1	IU_PDA_NP10	Normal Pancreas	CC10	Normal Epithelial cells
PDACNP_1_ACATTAGTTTATATCC-1	IU_PDA_NP10	Normal Pancreas	CC10	Normal Epithelial cells
PDACNP_1_ACATTCGCGCGGAATA-1	IU_PDA_NP10	Normal Pancreas	CC10	Normal Epithelial cells
PDACNP_1_ACATTTGAAACCTAAC-1	IU_PDA_NP10	Normal Pancreas	CC10	Normal Epithelial cells
PDACNP_1_ACCAACACCACACACT-1	IU_PDA_NP10	Normal Pancreas	CC10	Normal Epithelial cells
PDACNP_1_ACCAACCGCACTCCAC-1	IU_PDA_NP10	Normal Pancreas	CC10	Normal Epithelial cells
PDACNP_1_ACCAACGCTTATTTAT-1	IU_PDA_NP10	Normal Pancreas	CC10	Normal Epithelial cells
PDACNP_1_ACCAAGTCATCGGCAG-1	IU_PDA_NP10	Normal Pancreas	CC10	Normal Epithelial cells
PDACNP_1_ACCAATATGCAAGTTA-1	IU_PDA_NP10	Normal Pancreas	CC10	Normal Epithelial cells
PDACNP_1_ACCACAAGTTTCTATC-1	IU_PDA_NP10	Normal Pancreas	CC10	Normal Epithelial cells
PDACNP_1_ACCACACGGTTGATGG-1	IU_PDA_NP10	Normal Pancreas	CC10	Normal Epithelial cells
PDACNP_1_ACCACGTGCAGCTATA-1	IU_PDA_NP10	Normal Pancreas	CC10	Normal Epithelial cells
PDACNP_1_ACCAGTGCGGGAGACG-1	IU_PDA_NP10	Normal Pancreas	CC10	Normal Epithelial cells
PDACNP_1_ACCCACCTACATGCTC-1	IU_PDA_NP10	Normal Pancreas	CC10	Normal Epithelial cells
PDACNP_1_ACCCGAGCGAAATTAC-1	IU_PDA_NP10	Normal Pancreas	CC10	Normal Epithelial cells
PDACNP_1_ACCCGATTGGTTCCGA-1	IU_PDA_NP10	Normal Pancreas	CC10	Normal Epithelial cells
PDACNP_1_ACCCGGAAACTCCCAG-1	IU_PDA_NP10	Normal Pancreas	CC10	Normal Epithelial cells
PDACNP_1_ACCCGGATGACGCATC-1	IU_PDA_NP10	Normal Pancreas	CC10	Normal Epithelial cells
PDACNP_1_ACCCGTGTCATCAGTA-1	IU_PDA_NP10	Normal Pancreas	CC10	Normal Epithelial cells
PDACNP_1_ACCCTATAGGACTGAG-1	IU_PDA_NP10	Normal Pancreas	CC10	Normal Epithelial cells
PDACNP_1_ACCCTATGCCATATCG-1	IU_PDA_NP10	Normal Pancreas	CC10	Normal Epithelial cells
PDACNP_1_ACCCTCCCTTGCTATT-1	IU_PDA_NP10	Normal Pancreas	CC10	Normal Epithelial cells
PDACNP_1_ACCCTTCATCTGCGAA-1	IU_PDA_NP10	Normal Pancreas	CC10	Normal Epithelial cells
PDACNP_1_ACCGAAAGGGCCCTGC-1	IU_PDA_NP10	Normal Pancreas	CC10	Normal Epithelial cells
PDACNP_1_ACCGAAGAGTCTGGTT-1	IU_PDA_NP10	Normal Pancreas	CC10	Normal Epithelial cells
PDACNP_1_ACCGACACATCTCCCA-1	IU_PDA_NP10	Normal Pancreas	CC10	Normal Epithelial cells
PDACNP_1_ACCGACTGAGTCCCAC-1	IU_PDA_NP10	Normal Pancreas	CC10	Normal Epithelial cells
PDACNP_1_ACCGAGTCTCCTTATT-1	IU_PDA_NP10	Normal Pancreas	CC10	Normal Epithelial cells
PDACNP_1_ACCGATGGTAGCATCG-1	IU_PDA_NP10	Normal Pancreas	CC10	Normal Epithelial cells
PDACNP_1_ACCGCAATAACTGCCT-1	IU_PDA_NP10	Normal Pancreas	CC10	Normal Epithelial cells
PDACNP_1_ACCGGTCAGGTACACC-1	IU_PDA_NP10	Normal Pancreas	CC10	Normal Epithelial cells
PDACNP_1_ACCGTGACCACGTGGG-1	IU_PDA_NP10	Normal Pancreas	CC10	Normal Epithelial cells
PDACNP_1_ACCTAAGTACCTTTCA-1	IU_PDA_NP10	Normal Pancreas	CC10	Normal Epithelial cells
PDACNP_1_ACCTAATCGACTTCCT-1	IU_PDA_NP10	Normal Pancreas	CC10	Normal Epithelial cells
PDACNP_1_ACCTACAGTATGTGGT-1	IU_PDA_NP10	Normal Pancreas	CC10	Normal Epithelial cells
PDACNP_1_ACCTCAGCGAGGCGCA-1	IU_PDA_NP10	Normal Pancreas	CC10	Normal Epithelial cells
PDACNP_1_ACCTCCGCCCTCGCTG-1	IU_PDA_NP10	Normal Pancreas	CC10	Normal Epithelial cells
PDACNP_1_ACCTCCGTTATTCACC-1	IU_PDA_NP10	Normal Pancreas	CC10	Normal Epithelial cells
PDACNP_1_ACCTCGAACTTATGCT-1	IU_PDA_NP10	Normal Pancreas	CC10	Normal Epithelial cells
PDACNP_1_ACCTGCGTGTCATGTT-1	IU_PDA_NP10	Normal Pancreas	CC10	Normal Epithelial cells
PDACNP_1_ACGACTGGTCATACTC-1	IU_PDA_NP10	Normal Pancreas	CC10	Normal Epithelial cells
PDACNP_1_ACGAGATATTTGCTTA-1	IU_PDA_NP10	Normal Pancreas	CC10	Normal Epithelial cells
PDACNP_1_ACGAGGATACCACTCT-1	IU_PDA_NP10	Normal Pancreas	CC10	Normal Epithelial cells
PDACNP_1_ACGAGGTTTACAACGT-1	IU_PDA_NP10	Normal Pancreas	CC10	Normal Epithelial cells
PDACNP_1_ACGAGTACGGATGCCC-1	IU_PDA_NP10	Normal Pancreas	CC10	Normal Epithelial cells
PDACNP_1_ACGAGTCGCCGGCGTT-1	IU_PDA_NP10	Normal Pancreas	CC10	Normal Epithelial cells
PDACNP_1_ACGATACATAGAACTA-1	IU_PDA_NP10	Normal Pancreas	CC10	Normal Epithelial cells
PDACNP_1_ACGATCATACATAGAG-1	IU_PDA_NP10	Normal Pancreas	CC10	Normal Epithelial cells
PDACNP_1_ACGATCATCTTGTAAA-1	IU_PDA_NP10	Normal Pancreas	CC10	Normal Epithelial cells
PDACNP_1_ACGATGGATCCGATGC-1	IU_PDA_NP10	Normal Pancreas	CC10	Normal Epithelial cells
PDACNP_1_ACGCAAACTAATAGAT-1	IU_PDA_NP10	Normal Pancreas	CC10	Normal Epithelial cells
PDACNP_1_ACGCAATCACTACAGC-1	IU_PDA_NP10	Normal Pancreas	CC10	Normal Epithelial cells
PDACNP_1_ACGCATACGTTTACTA-1	IU_PDA_NP10	Normal Pancreas	CC10	Normal Epithelial cells
PDACNP_1_ACGCATTCGTGAGTAC-1	IU_PDA_NP10	Normal Pancreas	CC10	Normal Epithelial cells
PDACNP_1_ACGCCAGATGATTTCT-1	IU_PDA_NP10	Normal Pancreas	CC10	Normal Epithelial cells
PDACNP_1_ACGCCAGTGCGTTTGC-1	IU_PDA_NP10	Normal Pancreas	CC10	Normal Epithelial cells
PDACNP_1_ACGCGAAGTCAGACGA-1	IU_PDA_NP10	Normal Pancreas	CC10	Normal Epithelial cells
PDACNP_1_ACGCGGGCCAAGGACA-1	IU_PDA_NP10	Normal Pancreas	CC10	Normal Epithelial cells
PDACNP_1_ACGCGTTTCTTAAGAG-1	IU_PDA_NP10	Normal Pancreas	CC10	Normal Epithelial cells
PDACNP_1_ACGCTACTGAATGGGC-1	IU_PDA_NP10	Normal Pancreas	CC10	Normal Epithelial cells
PDACNP_1_ACGCTAGTGATACACT-1	IU_PDA_NP10	Normal Pancreas	CC10	Normal Epithelial cells
PDACNP_1_ACGGAACACGAGTGCC-1	IU_PDA_NP10	Normal Pancreas	CC10	Normal Epithelial cells
PDACNP_1_ACGGAATTTAGCAAAT-1	IU_PDA_NP10	Normal Pancreas	CC3	Normal Epithelial cells
PDACNP_1_ACGGACGCAGCGACAA-1	IU_PDA_NP10	Normal Pancreas	CC10	Normal Epithelial cells
PDACNP_1_ACGGACTCTCAAAGCG-1	IU_PDA_NP10	Normal Pancreas	CC10	Normal Epithelial cells
PDACNP_1_ACGGAGCGCAAATTAC-1	IU_PDA_NP10	Normal Pancreas	CC10	Normal Epithelial cells
PDACNP_1_ACGGATGGTGCGGATA-1	IU_PDA_NP10	Normal Pancreas	CC10	Normal Epithelial cells
PDACNP_1_ACGGCACTTGCTTGGG-1	IU_PDA_NP10	Normal Pancreas	CC10	Normal Epithelial cells
PDACNP_1_ACGGCCAACATGGACT-1	IU_PDA_NP10	Normal Pancreas	CC10	Normal Epithelial cells
PDACNP_1_ACGGCGACGATGGGAA-1	IU_PDA_NP10	Normal Pancreas	CC10	Normal Epithelial cells
PDACNP_1_ACGGCTGGATGTAGAA-1	IU_PDA_NP10	Normal Pancreas	CC10	Normal Epithelial cells
PDACNP_1_ACGGGAGTGTCGGCCC-1	IU_PDA_NP10	Normal Pancreas	CC10	Normal Epithelial cells
PDACNP_1_ACGGGTCATGTGACTT-1	IU_PDA_NP10	Normal Pancreas	CC10	Normal Epithelial cells
PDACNP_1_ACGGTACAGTTCAATG-1	IU_PDA_NP10	Normal Pancreas	CC10	Normal Epithelial cells
PDACNP_1_ACGTACAGATTTCTCT-1	IU_PDA_NP10	Normal Pancreas	CC10	Normal Epithelial cells
PDACNP_1_ACGTACTTTGGCACGG-1	IU_PDA_NP10	Normal Pancreas	CC10	Normal Epithelial cells
PDACNP_1_ACGTAGATTGCTGATG-1	IU_PDA_NP10	Normal Pancreas	CC10	Normal Epithelial cells
PDACNP_1_ACGTAGGAGAGTCGCT-1	IU_PDA_NP10	Normal Pancreas	CC10	Normal Epithelial cells
PDACNP_1_ACGTATTACTCCGATC-1	IU_PDA_NP10	Normal Pancreas	CC10	Normal Epithelial cells
PDACNP_1_ACGTCTCGTTCCGGGA-1	IU_PDA_NP10	Normal Pancreas	CC10	Normal Epithelial cells
PDACNP_1_ACGTGACAAAGTAAGT-1	IU_PDA_NP10	Normal Pancreas	CC10	Normal Epithelial cells
PDACNP_1_ACGTGCGCCTCGTGCA-1	IU_PDA_NP10	Normal Pancreas	CC10	Normal Epithelial cells
PDACNP_1_ACGTTATTGGTCACTC-1	IU_PDA_NP10	Normal Pancreas	CC10	Normal Epithelial cells
PDACNP_1_ACGTTCCGCGCTCCGT-1	IU_PDA_NP10	Normal Pancreas	CC10	Normal Epithelial cells
PDACNP_1_ACGTTCGCAATCAATT-1	IU_PDA_NP10	Normal Pancreas	CC10	Normal Epithelial cells
PDACNP_1_ACGTTCGTTCAGGAAA-1	IU_PDA_NP10	Normal Pancreas	CC10	Normal Epithelial cells
PDACNP_1_ACGTTCTGTACAAGTC-1	IU_PDA_NP10	Normal Pancreas	CC10	Normal Epithelial cells
PDACNP_1_ACGTTTAGTTGTGATC-1	IU_PDA_NP10	Normal Pancreas	CC10	Normal Epithelial cells
PDACNP_1_ACTACAAAGAGAGGTG-1	IU_PDA_NP10	Normal Pancreas	CC10	Normal Epithelial cells
PDACNP_1_ACTACATCCCGACAAG-1	IU_PDA_NP10	Normal Pancreas	CC10	Normal Epithelial cells
PDACNP_1_ACTACCATCCGAGGGC-1	IU_PDA_NP10	Normal Pancreas	CC10	Normal Epithelial cells
PDACNP_1_ACTACGCGTTAGAATT-1	IU_PDA_NP10	Normal Pancreas	CC10	Normal Epithelial cells
PDACNP_1_ACTAGTTGCGATCGTC-1	IU_PDA_NP10	Normal Pancreas	CC10	Normal Epithelial cells
PDACNP_1_ACTATCCAGGGCATGG-1	IU_PDA_NP10	Normal Pancreas	CC10	Normal Epithelial cells
PDACNP_1_ACTATCTGCCCGCGTA-1	IU_PDA_NP10	Normal Pancreas	CC10	Normal Epithelial cells
PDACNP_1_ACTATGTCCAGCTGCC-1	IU_PDA_NP10	Normal Pancreas	CC10	Normal Epithelial cells
PDACNP_1_ACTATTCGTCCGTGGT-1	IU_PDA_NP10	Normal Pancreas	CC10	Normal Epithelial cells
PDACNP_1_ACTATTTCCGGGCCCA-1	IU_PDA_NP10	Normal Pancreas	CC10	Normal Epithelial cells
PDACNP_1_ACTCAAGTGCAAGGCT-1	IU_PDA_NP10	Normal Pancreas	CC10	Normal Epithelial cells
PDACNP_1_ACTCAATAAAGGCACG-1	IU_PDA_NP10	Normal Pancreas	CC10	Normal Epithelial cells
PDACNP_1_ACTCATGGCAGCCTTC-1	IU_PDA_NP10	Normal Pancreas	CC10	Normal Epithelial cells
PDACNP_1_ACTCCAATATCATCAT-1	IU_PDA_NP10	Normal Pancreas	CC10	Normal Epithelial cells
PDACNP_1_ACTCCCATTCCTAAAG-1	IU_PDA_NP10	Normal Pancreas	CC10	Normal Epithelial cells
PDACNP_1_ACTCCCGAATTCGTTT-1	IU_PDA_NP10	Normal Pancreas	CC10	Normal Epithelial cells
PDACNP_1_ACTCCCTAATGCTAAA-1	IU_PDA_NP10	Normal Pancreas	CC10	Normal Epithelial cells
PDACNP_1_ACTCCCTAGAATAGTA-1	IU_PDA_NP10	Normal Pancreas	CC10	Normal Epithelial cells
PDACNP_1_ACTCGATGTATTTCAT-1	IU_PDA_NP10	Normal Pancreas	CC10	Normal Epithelial cells
PDACNP_1_ACTCGCCGTTCGATAA-1	IU_PDA_NP10	Normal Pancreas	CC10	Normal Epithelial cells
PDACNP_1_ACTCGTAACCCGTCCT-1	IU_PDA_NP10	Normal Pancreas	CC10	Normal Epithelial cells
PDACNP_1_ACTCGTCAGTAATCCC-1	IU_PDA_NP10	Normal Pancreas	CC10	Normal Epithelial cells
PDACNP_1_ACTCTCTGACTTAGGT-1	IU_PDA_NP10	Normal Pancreas	CC10	Normal Epithelial cells
PDACNP_1_ACTGAAACGCCGTTAG-1	IU_PDA_NP10	Normal Pancreas	CC10	Normal Epithelial cells
PDACNP_1_ACTGAATGGCGAAAGT-1	IU_PDA_NP10	Normal Pancreas	CC10	Normal Epithelial cells
PDACNP_1_ACTGCCCGCCATTCTC-1	IU_PDA_NP10	Normal Pancreas	CC10	Normal Epithelial cells
PDACNP_1_ACTGCCGTCGTAACTC-1	IU_PDA_NP10	Normal Pancreas	CC10	Normal Epithelial cells
PDACNP_1_ACTGCGGACACACCGT-1	IU_PDA_NP10	Normal Pancreas	CC10	Normal Epithelial cells
PDACNP_1_ACTGCTCGGAAGGATG-1	IU_PDA_NP10	Normal Pancreas	CC10	Normal Epithelial cells
PDACNP_1_ACTGTACGATACACAT-1	IU_PDA_NP10	Normal Pancreas	CC10	Normal Epithelial cells
PDACNP_1_ACTGTATACGCGAGCA-1	IU_PDA_NP10	Normal Pancreas	CC10	Normal Epithelial cells
PDACNP_1_ACTGTCCAGGATTATA-1	IU_PDA_NP10	Normal Pancreas	CC10	Normal Epithelial cells
PDACNP_1_ACTGTCTTCTTTAGAA-1	IU_PDA_NP10	Normal Pancreas	CC10	Normal Epithelial cells
PDACNP_1_ACTTACCGGGCGCGCA-1	IU_PDA_NP10	Normal Pancreas	CC10	Normal Epithelial cells
PDACNP_1_ACTTACGCATCCACGC-1	IU_PDA_NP10	Normal Pancreas	CC10	Normal Epithelial cells
PDACNP_1_ACTTATACTTACCCGG-1	IU_PDA_NP10	Normal Pancreas	CC10	Normal Epithelial cells
PDACNP_1_ACTTATTTATGTGCCA-1	IU_PDA_NP10	Normal Pancreas	CC10	Normal Epithelial cells
PDACNP_1_ACTTCAGGCTGATCCC-1	IU_PDA_NP10	Normal Pancreas	CC10	Normal Epithelial cells
PDACNP_1_ACTTCCAGTGGAAGCT-1	IU_PDA_NP10	Normal Pancreas	CC10	Normal Epithelial cells
PDACNP_1_ACTTCCATGCGGGACA-1	IU_PDA_NP10	Normal Pancreas	CC10	Normal Epithelial cells
PDACNP_1_ACTTCGCCATACGCAC-1	IU_PDA_NP10	Normal Pancreas	CC10	Normal Epithelial cells
PDACNP_1_ACTTGGGACCCGGTGG-1	IU_PDA_NP10	Normal Pancreas	CC10	Normal Epithelial cells
PDACNP_1_ACTTGGGCTTTCGCCA-1	IU_PDA_NP10	Normal Pancreas	CC10	Normal Epithelial cells
PDACNP_1_ACTTGTGGATGGAACG-1	IU_PDA_NP10	Normal Pancreas	CC10	Normal Epithelial cells
PDACNP_1_ACTTTACCCTCATGAA-1	IU_PDA_NP10	Normal Pancreas	CC10	Normal Epithelial cells
PDACNP_1_ACTTTATACACCACTT-1	IU_PDA_NP10	Normal Pancreas	CC10	Normal Epithelial cells
PDACNP_1_ACTTTCCTATAGCTTC-1	IU_PDA_NP10	Normal Pancreas	CC10	Normal Epithelial cells
PDACNP_1_ACTTTGACTGCATCCT-1	IU_PDA_NP10	Normal Pancreas	CC10	Normal Epithelial cells
PDACNP_1_ACTTTGGTCGTGCTCC-1	IU_PDA_NP10	Normal Pancreas	CC10	Normal Epithelial cells
PDACNP_1_AGAACCCTCAATTGGG-1	IU_PDA_NP10	Normal Pancreas	CC10	Normal Epithelial cells
PDACNP_1_AGAACGTGGTACATTC-1	IU_PDA_NP10	Normal Pancreas	CC10	Normal Epithelial cells
PDACNP_1_AGAACTGTACTTTGTA-1	IU_PDA_NP10	Normal Pancreas	CC10	Normal Epithelial cells
PDACNP_1_AGAAGGTACACTTCAC-1	IU_PDA_NP10	Normal Pancreas	CC10	Normal Epithelial cells
PDACNP_1_AGAAGGTTGTAGGTCG-1	IU_PDA_NP10	Normal Pancreas	CC10	Normal Epithelial cells
PDACNP_1_AGAAGTGATTCGTGAT-1	IU_PDA_NP10	Normal Pancreas	CC10	Normal Epithelial cells
PDACNP_1_AGAATACAGGCTATCC-1	IU_PDA_NP10	Normal Pancreas	CC10	Normal Epithelial cells
PDACNP_1_AGAATTATGGATTCGA-1	IU_PDA_NP10	Normal Pancreas	CC10	Normal Epithelial cells
PDACNP_1_AGACAGCTCAGAATCC-1	IU_PDA_NP10	Normal Pancreas	CC10	Normal Epithelial cells
PDACNP_1_AGACATAGATCCTTCC-1	IU_PDA_NP10	Normal Pancreas	CC10	Normal Epithelial cells
PDACNP_1_AGACCAAACCACACCT-1	IU_PDA_NP10	Normal Pancreas	CC10	Normal Epithelial cells
PDACNP_1_AGACCATGGGATACAA-1	IU_PDA_NP10	Normal Pancreas	CC10	Normal Epithelial cells
PDACNP_1_AGACCCGCCCTCCTCG-1	IU_PDA_NP10	Normal Pancreas	CC10	Normal Epithelial cells
PDACNP_1_AGACCGCTCCGCGGTT-1	IU_PDA_NP10	Normal Pancreas	CC10	Normal Epithelial cells
PDACNP_1_AGACGACGATGCCGCT-1	IU_PDA_NP10	Normal Pancreas	CC10	Normal Epithelial cells
PDACNP_1_AGACTGTTACCGGGTC-1	IU_PDA_NP10	Normal Pancreas	CC10	Normal Epithelial cells
PDACNP_1_AGAGAAACACCAGAAA-1	IU_PDA_NP10	Normal Pancreas	CC10	Normal Epithelial cells
PDACNP_1_AGAGAACCGTCTAGGA-1	IU_PDA_NP10	Normal Pancreas	CC10	Normal Epithelial cells
PDACNP_1_AGAGAAGGAGTACAAT-1	IU_PDA_NP10	Normal Pancreas	CC10	Normal Epithelial cells
PDACNP_1_AGAGCAGTTATGAGAC-1	IU_PDA_NP10	Normal Pancreas	CC10	Normal Epithelial cells
PDACNP_1_AGAGCCGCCGAGATTT-1	IU_PDA_NP10	Normal Pancreas	CC10	Normal Epithelial cells
PDACNP_1_AGAGCGGGCTAATCAT-1	IU_PDA_NP10	Normal Pancreas	CC10	Normal Epithelial cells
PDACNP_1_AGAGCGTACAAGCTCG-1	IU_PDA_NP10	Normal Pancreas	CC10	Normal Epithelial cells
PDACNP_1_AGATACCAATAGAACC-1	IU_PDA_NP10	Normal Pancreas	CC10	Normal Epithelial cells
PDACNP_1_AGATACTCAAGATCGA-1	IU_PDA_NP10	Normal Pancreas	CC10	Normal Epithelial cells
PDACNP_1_AGATATAATACGACTA-1	IU_PDA_NP10	Normal Pancreas	CC10	Normal Epithelial cells
PDACNP_1_AGATCGTGCATAAGAT-1	IU_PDA_NP10	Normal Pancreas	CC10	Normal Epithelial cells
PDACNP_1_AGATCTCAGGTGTGAT-1	IU_PDA_NP10	Normal Pancreas	CC10	Normal Epithelial cells
PDACNP_1_AGATGACTCGCCCACG-1	IU_PDA_NP10	Normal Pancreas	CC10	Normal Epithelial cells
PDACNP_1_AGATGATGGAGTCTGG-1	IU_PDA_NP10	Normal Pancreas	CC10	Normal Epithelial cells
PDACNP_1_AGATGCAAGACGTGCA-1	IU_PDA_NP10	Normal Pancreas	CC10	Normal Epithelial cells
PDACNP_1_AGATGCATCCTGTGTC-1	IU_PDA_NP10	Normal Pancreas	CC10	Normal Epithelial cells
PDACNP_1_AGATGCTATAACGAGC-1	IU_PDA_NP10	Normal Pancreas	CC3	Normal Epithelial cells
PDACNP_1_AGATTCACAACCGATA-1	IU_PDA_NP10	Normal Pancreas	CC10	Normal Epithelial cells
PDACNP_1_AGCAAAGGCCGCTAGT-1	IU_PDA_NP10	Normal Pancreas	CC10	Normal Epithelial cells
PDACNP_1_AGCAACATATCTTATT-1	IU_PDA_NP10	Normal Pancreas	CC10	Normal Epithelial cells
PDACNP_1_AGCAACCGAAAGTAAT-1	IU_PDA_NP10	Normal Pancreas	CC10	Normal Epithelial cells
PDACNP_1_AGCACACGTTTAGACT-1	IU_PDA_NP10	Normal Pancreas	CC10	Normal Epithelial cells
PDACNP_1_AGCACCAGTACTCACG-1	IU_PDA_NP10	Normal Pancreas	CC10	Normal Epithelial cells
PDACNP_1_AGCACTACCTCACCAG-1	IU_PDA_NP10	Normal Pancreas	CC10	Normal Epithelial cells
PDACNP_1_AGCACTTAAGGACGCC-1	IU_PDA_NP10	Normal Pancreas	CC10	Normal Epithelial cells
PDACNP_1_AGCAGAAGGAGAAAGA-1	IU_PDA_NP10	Normal Pancreas	CC10	Normal Epithelial cells
PDACNP_1_AGCAGCCAGATGAATA-1	IU_PDA_NP10	Normal Pancreas	CC10	Normal Epithelial cells
PDACNP_1_AGCATATCAATATGCT-1	IU_PDA_NP10	Normal Pancreas	CC10	Normal Epithelial cells
PDACNP_1_AGCATCATTTCGAAAG-1	IU_PDA_NP10	Normal Pancreas	CC10	Normal Epithelial cells
PDACNP_1_AGCATCGTCGATAATT-1	IU_PDA_NP10	Normal Pancreas	CC10	Normal Epithelial cells
PDACNP_1_AGCATTACGAGGCAAG-1	IU_PDA_NP10	Normal Pancreas	CC10	Normal Epithelial cells
PDACNP_1_AGCCACTCCCGTGCTT-1	IU_PDA_NP10	Normal Pancreas	CC10	Normal Epithelial cells
PDACNP_1_AGCCATATAGTATGTG-1	IU_PDA_NP10	Normal Pancreas	CC10	Normal Epithelial cells
PDACNP_1_AGCCCATACATGTAAG-1	IU_PDA_NP10	Normal Pancreas	CC10	Normal Epithelial cells
PDACNP_1_AGCCCGCAACAAGCAG-1	IU_PDA_NP10	Normal Pancreas	CC10	Normal Epithelial cells
PDACNP_1_AGCCCGCACTACAATG-1	IU_PDA_NP10	Normal Pancreas	CC10	Normal Epithelial cells
PDACNP_1_AGCCCGGCATTAGAGG-1	IU_PDA_NP10	Normal Pancreas	CC10	Normal Epithelial cells
PDACNP_1_AGCCCGGTAGCCTGTA-1	IU_PDA_NP10	Normal Pancreas	CC10	Normal Epithelial cells
PDACNP_1_AGCCCTAAGCGAAGTT-1	IU_PDA_NP10	Normal Pancreas	CC10	Normal Epithelial cells
PDACNP_1_AGCCCTCCCTGGTGGC-1	IU_PDA_NP10	Normal Pancreas	CC10	Normal Epithelial cells
PDACNP_1_AGCCCTTCTAATCCGA-1	IU_PDA_NP10	Normal Pancreas	CC7	Normal Epithelial cells
PDACNP_1_AGCCGTGGCTAAATGT-1	IU_PDA_NP10	Normal Pancreas	CC10	Normal Epithelial cells
PDACNP_1_AGCCTAATACCCACGT-1	IU_PDA_NP10	Normal Pancreas	CC10	Normal Epithelial cells
PDACNP_1_AGCCTTAAAGCGGAAG-1	IU_PDA_NP10	Normal Pancreas	CC10	Normal Epithelial cells
PDACNP_1_AGCGACAGGAACGGTC-1	IU_PDA_NP10	Normal Pancreas	CC10	Normal Epithelial cells
PDACNP_1_AGCGACATCCCATTCA-1	IU_PDA_NP10	Normal Pancreas	CC10	Normal Epithelial cells
PDACNP_1_AGCGACCAACGATATT-1	IU_PDA_NP10	Normal Pancreas	CC10	Normal Epithelial cells
PDACNP_1_AGCGAGACGTGAAGGC-1	IU_PDA_NP10	Normal Pancreas	CC10	Normal Epithelial cells
PDACNP_1_AGCGATGCGCCTAATA-1	IU_PDA_NP10	Normal Pancreas	CC10	Normal Epithelial cells
PDACNP_1_AGCGCATAATGAATCG-1	IU_PDA_NP10	Normal Pancreas	CC10	Normal Epithelial cells
PDACNP_1_AGCGCGGGTGCCAATG-1	IU_PDA_NP10	Normal Pancreas	CC10	Normal Epithelial cells
PDACNP_1_AGCGGACACTTCGTAG-1	IU_PDA_NP10	Normal Pancreas	CC10	Normal Epithelial cells
PDACNP_1_AGCGGGAAGGGTCCAT-1	IU_PDA_NP10	Normal Pancreas	CC10	Normal Epithelial cells
PDACNP_1_AGCGGGTCTGACACTC-1	IU_PDA_NP10	Normal Pancreas	CC10	Normal Epithelial cells
PDACNP_1_AGCGTACGAGAGCTAG-1	IU_PDA_NP10	Normal Pancreas	CC10	Normal Epithelial cells
PDACNP_1_AGCTAACAAGCAATGT-1	IU_PDA_NP10	Normal Pancreas	CC10	Normal Epithelial cells
PDACNP_1_AGCTAAGTACGCAGGC-1	IU_PDA_NP10	Normal Pancreas	CC10	Normal Epithelial cells
PDACNP_1_AGCTACGAATGGTGGT-1	IU_PDA_NP10	Normal Pancreas	CC10	Normal Epithelial cells
PDACNP_1_AGCTAGAAGCAGAAGT-1	IU_PDA_NP10	Normal Pancreas	CC10	Normal Epithelial cells
PDACNP_1_AGCTATTTAATCCAAC-1	IU_PDA_NP10	Normal Pancreas	CC10	Normal Epithelial cells
PDACNP_1_AGCTCCATATATGTTC-1	IU_PDA_NP10	Normal Pancreas	CC10	Normal Epithelial cells
PDACNP_1_AGCTCCTTCGCACATC-1	IU_PDA_NP10	Normal Pancreas	CC10	Normal Epithelial cells
PDACNP_1_AGCTCTAGACGTTCCA-1	IU_PDA_NP10	Normal Pancreas	CC10	Normal Epithelial cells
PDACNP_1_AGCTCTTCCCAGTGCA-1	IU_PDA_NP10	Normal Pancreas	CC10	Normal Epithelial cells
PDACNP_1_AGCTGAAGTAAACCAA-1	IU_PDA_NP10	Normal Pancreas	CC10	Normal Epithelial cells
PDACNP_1_AGCTGTAACCTCAATC-1	IU_PDA_NP10	Normal Pancreas	CC10	Normal Epithelial cells
PDACNP_1_AGCTTCTTCTCGAGCA-1	IU_PDA_NP10	Normal Pancreas	CC10	Normal Epithelial cells
PDACNP_1_AGGAAAGCCTCTGATG-1	IU_PDA_NP10	Normal Pancreas	CC10	Normal Epithelial cells
PDACNP_1_AGGAAGCTGTCCGCCG-1	IU_PDA_NP10	Normal Pancreas	CC10	Normal Epithelial cells
PDACNP_1_AGGACATCGCACGTCG-1	IU_PDA_NP10	Normal Pancreas	CC10	Normal Epithelial cells
PDACNP_1_AGGACGACCCATTAGA-1	IU_PDA_NP10	Normal Pancreas	CC10	Normal Epithelial cells
PDACNP_1_AGGACGCTCGATGTTG-1	IU_PDA_NP10	Normal Pancreas	CC10	Normal Epithelial cells
PDACNP_1_AGGAGCGTTTATTATC-1	IU_PDA_NP10	Normal Pancreas	CC10	Normal Epithelial cells
PDACNP_1_AGGATAAAGTCGGGAT-1	IU_PDA_NP10	Normal Pancreas	CC10	Normal Epithelial cells
PDACNP_1_AGGATATAGGGATTTA-1	IU_PDA_NP10	Normal Pancreas	CC10	Normal Epithelial cells
PDACNP_1_AGGATATCCGACTGCA-1	IU_PDA_NP10	Normal Pancreas	CC10	Normal Epithelial cells
PDACNP_1_AGGATCACGCGATCTG-1	IU_PDA_NP10	Normal Pancreas	CC10	Normal Epithelial cells
PDACNP_1_AGGCACGTGACTGTCC-1	IU_PDA_NP10	Normal Pancreas	CC10	Normal Epithelial cells
PDACNP_1_AGGCAGATGCGTAAAC-1	IU_PDA_NP10	Normal Pancreas	CC10	Normal Epithelial cells
PDACNP_1_AGGCAGGGAGCGTACT-1	IU_PDA_NP10	Normal Pancreas	CC10	Normal Epithelial cells
PDACNP_1_AGGCATTGTCGTAGGG-1	IU_PDA_NP10	Normal Pancreas	CC10	Normal Epithelial cells
PDACNP_1_AGGCCACCCGTTATGA-1	IU_PDA_NP10	Normal Pancreas	CC10	Normal Epithelial cells
PDACNP_1_AGGCCCAGTGACTGGT-1	IU_PDA_NP10	Normal Pancreas	CC10	Normal Epithelial cells
PDACNP_1_AGGCCCATTGTACAGG-1	IU_PDA_NP10	Normal Pancreas	CC10	Normal Epithelial cells
PDACNP_1_AGGCCCTAGAACGCCA-1	IU_PDA_NP10	Normal Pancreas	CC10	Normal Epithelial cells
PDACNP_1_AGGCCTATCATACCAA-1	IU_PDA_NP10	Normal Pancreas	CC10	Normal Epithelial cells
PDACNP_1_AGGCCTGAGAATCTCG-1	IU_PDA_NP10	Normal Pancreas	CC10	Normal Epithelial cells
PDACNP_1_AGGCGGTTTGTCCCGC-1	IU_PDA_NP10	Normal Pancreas	CC10	Normal Epithelial cells
PDACNP_1_AGGCTATGGTTAGCTT-1	IU_PDA_NP10	Normal Pancreas	CC10	Normal Epithelial cells
PDACNP_1_AGGCTTCCCGAAGAAG-1	IU_PDA_NP10	Normal Pancreas	CC10	Normal Epithelial cells
PDACNP_1_AGGCTTGCTAGACACC-1	IU_PDA_NP10	Normal Pancreas	CC10	Normal Epithelial cells
PDACNP_1_AGGGAAACGAGGTACT-1	IU_PDA_NP10	Normal Pancreas	CC10	Normal Epithelial cells
PDACNP_1_AGGGACCGGCTGCGTT-1	IU_PDA_NP10	Normal Pancreas	CC10	Normal Epithelial cells
PDACNP_1_AGGGACTCTACGCGAC-1	IU_PDA_NP10	Normal Pancreas	CC10	Normal Epithelial cells
PDACNP_1_AGGGAGACATACTTCG-1	IU_PDA_NP10	Normal Pancreas	CC10	Normal Epithelial cells
PDACNP_1_AGGGCAGCGGCGTGGT-1	IU_PDA_NP10	Normal Pancreas	CC10	Normal Epithelial cells
PDACNP_1_AGGGCCCTAATGTTCT-1	IU_PDA_NP10	Normal Pancreas	CC10	Normal Epithelial cells
PDACNP_1_AGGGCGAGCAGCTGAT-1	IU_PDA_NP10	Normal Pancreas	CC10	Normal Epithelial cells
PDACNP_1_AGGGCGTGATCGGCTA-1	IU_PDA_NP10	Normal Pancreas	CC10	Normal Epithelial cells
PDACNP_1_AGGGCTGCAGTTACAG-1	IU_PDA_NP10	Normal Pancreas	CC10	Normal Epithelial cells
PDACNP_1_AGGGTCAGAGCACTCG-1	IU_PDA_NP10	Normal Pancreas	CC10	Normal Epithelial cells
PDACNP_1_AGGGTCGATGCGAACT-1	IU_PDA_NP10	Normal Pancreas	CC10	Normal Epithelial cells
PDACNP_1_AGGGTCTGGACGCAGT-1	IU_PDA_NP10	Normal Pancreas	CC10	Normal Epithelial cells
PDACNP_1_AGGGTGCCGTTCTTTA-1	IU_PDA_NP10	Normal Pancreas	CC10	Normal Epithelial cells
PDACNP_1_AGGGTGCTCTCGAGGG-1	IU_PDA_NP10	Normal Pancreas	CC10	Normal Epithelial cells
PDACNP_1_AGGGTTCAGACGGTCC-1	IU_PDA_NP10	Normal Pancreas	CC10	Normal Epithelial cells
PDACNP_1_AGGGTTCCCTTTGGTT-1	IU_PDA_NP10	Normal Pancreas	CC10	Normal Epithelial cells
PDACNP_1_AGGGTTTAGTTCGGGA-1	IU_PDA_NP10	Normal Pancreas	CC10	Normal Epithelial cells
PDACNP_1_AGGTAACCTCCTATTC-1	IU_PDA_NP10	Normal Pancreas	CC10	Normal Epithelial cells
PDACNP_1_AGGTACGATATTGCCA-1	IU_PDA_NP10	Normal Pancreas	CC10	Normal Epithelial cells
PDACNP_1_AGGTAGATCGAGATAT-1	IU_PDA_NP10	Normal Pancreas	CC10	Normal Epithelial cells
PDACNP_1_AGGTATAATTGATAGT-1	IU_PDA_NP10	Normal Pancreas	CC10	Normal Epithelial cells
PDACNP_1_AGGTCAGGTGAGAGTG-1	IU_PDA_NP10	Normal Pancreas	CC10	Normal Epithelial cells
PDACNP_1_AGGTCGCGGAGTTACT-1	IU_PDA_NP10	Normal Pancreas	CC10	Normal Epithelial cells
PDACNP_1_AGGTGCACGTCCACAT-1	IU_PDA_NP10	Normal Pancreas	CC10	Normal Epithelial cells
PDACNP_1_AGGTGGTGACCTTCGC-1	IU_PDA_NP10	Normal Pancreas	CC10	Normal Epithelial cells
PDACNP_1_AGGTTACACCATGCCG-1	IU_PDA_NP10	Normal Pancreas	CC10	Normal Epithelial cells
PDACNP_1_AGGTTCTCCTTTCCGG-1	IU_PDA_NP10	Normal Pancreas	CC10	Normal Epithelial cells
PDACNP_1_AGGTTGAGGCACGCTT-1	IU_PDA_NP10	Normal Pancreas	CC10	Normal Epithelial cells
PDACNP_1_AGTAACTATAGCAGCC-1	IU_PDA_NP10	Normal Pancreas	CC10	Normal Epithelial cells
PDACNP_1_AGTAAGGGACAGAATC-1	IU_PDA_NP10	Normal Pancreas	CC10	Normal Epithelial cells
PDACNP_1_AGTAATCTAAGGGTGG-1	IU_PDA_NP10	Normal Pancreas	CC10	Normal Epithelial cells
PDACNP_1_AGTAATGTCTTGCCGC-1	IU_PDA_NP10	Normal Pancreas	CC10	Normal Epithelial cells
PDACNP_1_AGTACAGAAGCTTATA-1	IU_PDA_NP10	Normal Pancreas	CC10	Normal Epithelial cells
PDACNP_1_AGTACATCATTTATCA-1	IU_PDA_NP10	Normal Pancreas	CC10	Normal Epithelial cells
PDACNP_1_AGTACGGGCACCTGGC-1	IU_PDA_NP10	Normal Pancreas	CC10	Normal Epithelial cells
PDACNP_1_AGTACTCTTATGCCCA-1	IU_PDA_NP10	Normal Pancreas	CC10	Normal Epithelial cells
PDACNP_1_AGTAGAAGGCGCCTCA-1	IU_PDA_NP10	Normal Pancreas	CC10	Normal Epithelial cells
PDACNP_1_AGTAGGAAGGAAGTTG-1	IU_PDA_NP10	Normal Pancreas	CC10	Normal Epithelial cells
PDACNP_1_AGTAGGTAACATACAT-1	IU_PDA_NP10	Normal Pancreas	CC10	Normal Epithelial cells
PDACNP_1_AGTATACACAGCGACA-1	IU_PDA_NP10	Normal Pancreas	CC10	Normal Epithelial cells
PDACNP_1_AGTATTTGGCACGACC-1	IU_PDA_NP10	Normal Pancreas	CC10	Normal Epithelial cells
PDACNP_1_AGTCAAATGATGTGAT-1	IU_PDA_NP10	Normal Pancreas	CC10	Normal Epithelial cells
PDACNP_1_AGTCAAGATGACACTT-1	IU_PDA_NP10	Normal Pancreas	CC10	Normal Epithelial cells
PDACNP_1_AGTCACTAGCTCTCGA-1	IU_PDA_NP10	Normal Pancreas	CC10	Normal Epithelial cells
PDACNP_1_AGTCAGCCACCGCCTG-1	IU_PDA_NP10	Normal Pancreas	CC3	Normal Epithelial cells
PDACNP_1_AGTCCCGCCTTTAATT-1	IU_PDA_NP10	Normal Pancreas	CC10	Normal Epithelial cells
PDACNP_1_AGTCGAAACGATTCAG-1	IU_PDA_NP10	Normal Pancreas	CC10	Normal Epithelial cells
PDACNP_1_AGTCGACGGTCTCAAG-1	IU_PDA_NP10	Normal Pancreas	CC10	Normal Epithelial cells
PDACNP_1_AGTCGGCTCAACTTTA-1	IU_PDA_NP10	Normal Pancreas	CC10	Normal Epithelial cells
PDACNP_1_AGTCGTATAAAGCAGA-1	IU_PDA_NP10	Normal Pancreas	CC10	Normal Epithelial cells
PDACNP_1_AGTCGTCGACCACCAA-1	IU_PDA_NP10	Normal Pancreas	CC10	Normal Epithelial cells
PDACNP_1_AGTCTCACAAGACTAC-1	IU_PDA_NP10	Normal Pancreas	CC10	Normal Epithelial cells
PDACNP_1_AGTCTGGACATCCTTG-1	IU_PDA_NP10	Normal Pancreas	CC10	Normal Epithelial cells
PDACNP_1_AGTCTTCTCCTCAAAT-1	IU_PDA_NP10	Normal Pancreas	CC10	Normal Epithelial cells
PDACNP_1_AGTCTTTAAAGTGTCC-1	IU_PDA_NP10	Normal Pancreas	CC10	Normal Epithelial cells
PDACNP_1_AGTGACCTACTTTACG-1	IU_PDA_NP10	Normal Pancreas	CC10	Normal Epithelial cells
PDACNP_1_AGTGACTGTGACACAA-1	IU_PDA_NP10	Normal Pancreas	CC10	Normal Epithelial cells
PDACNP_1_AGTGAGACTTCCAGTA-1	IU_PDA_NP10	Normal Pancreas	CC10	Normal Epithelial cells
PDACNP_1_AGTGAGCCTCGCCGCC-1	IU_PDA_NP10	Normal Pancreas	CC10	Normal Epithelial cells
PDACNP_1_AGTGAGTCGAATTAAC-1	IU_PDA_NP10	Normal Pancreas	CC10	Normal Epithelial cells
PDACNP_1_AGTGATAACCTGCGCG-1	IU_PDA_NP10	Normal Pancreas	CC10	Normal Epithelial cells
PDACNP_1_AGTGATATGAGTAGTT-1	IU_PDA_NP10	Normal Pancreas	CC10	Normal Epithelial cells
PDACNP_1_AGTGATTCAAGCAGGA-1	IU_PDA_NP10	Normal Pancreas	CC10	Normal Epithelial cells
PDACNP_1_AGTGCACGCTTAAGAA-1	IU_PDA_NP10	Normal Pancreas	CC10	Normal Epithelial cells
PDACNP_1_AGTGCGTAGCTCGTAA-1	IU_PDA_NP10	Normal Pancreas	CC10	Normal Epithelial cells
PDACNP_1_AGTGCTTGCACGAATA-1	IU_PDA_NP10	Normal Pancreas	CC10	Normal Epithelial cells
PDACNP_1_AGTGGCCCGCAAATGG-1	IU_PDA_NP10	Normal Pancreas	CC10	Normal Epithelial cells
PDACNP_1_AGTGGCGGCAATTTGA-1	IU_PDA_NP10	Normal Pancreas	CC10	Normal Epithelial cells
PDACNP_1_AGTGGCGTCTGAAGGT-1	IU_PDA_NP10	Normal Pancreas	CC10	Normal Epithelial cells
PDACNP_1_AGTGGCTCCGTCGGCC-1	IU_PDA_NP10	Normal Pancreas	CC10	Normal Epithelial cells
PDACNP_1_AGTGGTTGCGTATAGG-1	IU_PDA_NP10	Normal Pancreas	CC10	Normal Epithelial cells
PDACNP_1_AGTGTATTGCGCATTG-1	IU_PDA_NP10	Normal Pancreas	CC10	Normal Epithelial cells
PDACNP_1_AGTGTGCTAAGATCGC-1	IU_PDA_NP10	Normal Pancreas	CC2	Normal Epithelial cells
PDACNP_1_AGTGTGGTCTATTGTG-1	IU_PDA_NP10	Normal Pancreas	CC7	Normal Epithelial cells
PDACNP_1_AGTTAAGCGGTCCCGG-1	IU_PDA_NP10	Normal Pancreas	CC10	Normal Epithelial cells
PDACNP_1_AGTTAAGTCAACCGCT-1	IU_PDA_NP10	Normal Pancreas	CC10	Normal Epithelial cells
PDACNP_1_AGTTACCGCACATGGT-1	IU_PDA_NP10	Normal Pancreas	CC10	Normal Epithelial cells
PDACNP_1_AGTTACTCTATCGTGG-1	IU_PDA_NP10	Normal Pancreas	CC10	Normal Epithelial cells
PDACNP_1_AGTTATTCAGACTGTG-1	IU_PDA_NP10	Normal Pancreas	CC10	Normal Epithelial cells
PDACNP_1_AGTTCACCGGTTGGAC-1	IU_PDA_NP10	Normal Pancreas	CC10	Normal Epithelial cells
PDACNP_1_AGTTCCTACAGAATTA-1	IU_PDA_NP10	Normal Pancreas	CC10	Normal Epithelial cells
PDACNP_1_AGTTGACATCGGCTGG-1	IU_PDA_NP10	Normal Pancreas	CC10	Normal Epithelial cells
PDACNP_1_AGTTGACGGTCCTTGC-1	IU_PDA_NP10	Normal Pancreas	CC10	Normal Epithelial cells
PDACNP_1_AGTTGCTGACTGATAT-1	IU_PDA_NP10	Normal Pancreas	CC2	Normal Epithelial cells
PDACNP_1_AGTTGGCAAGGCTAGA-1	IU_PDA_NP10	Normal Pancreas	CC10	Normal Epithelial cells
PDACNP_1_AGTTTGCACCTGCCTC-1	IU_PDA_NP10	Normal Pancreas	CC10	Normal Epithelial cells
PDACNP_1_AGTTTGGCACGGGTTG-1	IU_PDA_NP10	Normal Pancreas	CC10	Normal Epithelial cells
PDACNP_1_ATAAACGGACCCGTAA-1	IU_PDA_NP10	Normal Pancreas	CC10	Normal Epithelial cells
PDACNP_1_ATAAACGTTGCACCAC-1	IU_PDA_NP10	Normal Pancreas	CC10	Normal Epithelial cells
PDACNP_1_ATAACGCCGGAGGGTC-1	IU_PDA_NP10	Normal Pancreas	CC10	Normal Epithelial cells
PDACNP_1_ATAACGGAGTCCAACG-1	IU_PDA_NP10	Normal Pancreas	CC10	Normal Epithelial cells
PDACNP_1_ATAAGGTGGAGAACAT-1	IU_PDA_NP10	Normal Pancreas	CC10	Normal Epithelial cells
PDACNP_1_ATAAGTAGGATTCAGA-1	IU_PDA_NP10	Normal Pancreas	CC10	Normal Epithelial cells
PDACNP_1_ATAAGTAGGGCGACTC-1	IU_PDA_NP10	Normal Pancreas	CC10	Normal Epithelial cells
PDACNP_1_ATAAGTTACCGCGACG-1	IU_PDA_NP10	Normal Pancreas	CC10	Normal Epithelial cells
PDACNP_1_ATAATACCGTTAGCCG-1	IU_PDA_NP10	Normal Pancreas	CC2	Normal Epithelial cells
PDACNP_1_ATAATAGTGTAGGGAC-1	IU_PDA_NP10	Normal Pancreas	CC2	Normal Epithelial cells
PDACNP_1_ATAATCTTGGAGAACC-1	IU_PDA_NP10	Normal Pancreas	CC10	Normal Epithelial cells
PDACNP_1_ATAATTAGCTAAGTAG-1	IU_PDA_NP10	Normal Pancreas	CC10	Normal Epithelial cells
PDACNP_1_ATACAGGCCCTCCAAT-1	IU_PDA_NP10	Normal Pancreas	CC10	Normal Epithelial cells
PDACNP_1_ATACCAGGCTAATAGA-1	IU_PDA_NP10	Normal Pancreas	CC10	Normal Epithelial cells
PDACNP_1_ATACCCTCCCGGCCAA-1	IU_PDA_NP10	Normal Pancreas	CC10	Normal Epithelial cells
PDACNP_1_ATACCCTGGCTCAAAT-1	IU_PDA_NP10	Normal Pancreas	CC10	Normal Epithelial cells
PDACNP_1_ATACCTAACCAAGAAA-1	IU_PDA_NP10	Normal Pancreas	CC10	Normal Epithelial cells
PDACNP_1_ATACGAGGTTTGTAAG-1	IU_PDA_NP10	Normal Pancreas	CC10	C1Q-TAM
PDACNP_1_ATACGCCGGCGAAACC-1	IU_PDA_NP10	Normal Pancreas	CC10	Normal Epithelial cells
PDACNP_1_ATACGGAACGTCGTTT-1	IU_PDA_NP10	Normal Pancreas	CC10	Normal Epithelial cells
PDACNP_1_ATACGGGTTTCGATTG-1	IU_PDA_NP10	Normal Pancreas	CC10	Normal Epithelial cells
PDACNP_1_ATACGGTGAAGATGCA-1	IU_PDA_NP10	Normal Pancreas	CC10	Normal Epithelial cells
PDACNP_1_ATACGTACTTAGCCAC-1	IU_PDA_NP10	Normal Pancreas	CC10	Normal Epithelial cells
PDACNP_1_ATACGTCCACTCCTGT-1	IU_PDA_NP10	Normal Pancreas	CC10	Normal Epithelial cells
PDACNP_1_ATACGTTATGCACGGA-1	IU_PDA_NP10	Normal Pancreas	CC10	Normal Epithelial cells
PDACNP_1_ATACTACCCGTACCAC-1	IU_PDA_NP10	Normal Pancreas	CC10	Normal Epithelial cells
PDACNP_1_ATACTAGCATGACCCT-1	IU_PDA_NP10	Normal Pancreas	CC10	Normal Epithelial cells
PDACNP_1_ATACTCTCGCCACTCT-1	IU_PDA_NP10	Normal Pancreas	CC10	Normal Epithelial cells
PDACNP_1_ATACTGCCTTACACCG-1	IU_PDA_NP10	Normal Pancreas	CC10	Normal Epithelial cells
PDACNP_1_ATAGACAACGGGACCT-1	IU_PDA_NP10	Normal Pancreas	CC10	Normal Epithelial cells
PDACNP_1_ATAGAGTACTGGGACA-1	IU_PDA_NP10	Normal Pancreas	CC10	Normal Epithelial cells
PDACNP_1_ATAGAGTTATCAACTT-1	IU_PDA_NP10	Normal Pancreas	CC10	Normal Epithelial cells
PDACNP_1_ATAGCAACTAGGGAAG-1	IU_PDA_NP10	Normal Pancreas	CC10	Normal Epithelial cells
PDACNP_1_ATAGCCATAACAGTCA-1	IU_PDA_NP10	Normal Pancreas	CC10	Normal Epithelial cells
PDACNP_1_ATAGCCTCAGTACCCA-1	IU_PDA_NP10	Normal Pancreas	CC10	Normal Epithelial cells
PDACNP_1_ATAGCTGCTCTTGTTA-1	IU_PDA_NP10	Normal Pancreas	CC10	Normal Epithelial cells
PDACNP_1_ATAGGCTAGCTTCGCA-1	IU_PDA_NP10	Normal Pancreas	CC10	Normal Epithelial cells
PDACNP_1_ATAGGGATATCCTTGA-1	IU_PDA_NP10	Normal Pancreas	CC10	Normal Epithelial cells
PDACNP_1_ATAGGTTGGGCAGATG-1	IU_PDA_NP10	Normal Pancreas	CC10	Normal Epithelial cells
PDACNP_1_ATAGTTCCACCCACTC-1	IU_PDA_NP10	Normal Pancreas	CC10	Normal Epithelial cells
PDACNP_1_ATATAAAGCGCTCGTG-1	IU_PDA_NP10	Normal Pancreas	CC10	Normal Epithelial cells
PDACNP_1_ATATAAATGTAGCTGC-1	IU_PDA_NP10	Normal Pancreas	CC10	Normal Epithelial cells
PDACNP_1_ATATAACACGGGCGCA-1	IU_PDA_NP10	Normal Pancreas	CC10	Normal Epithelial cells
PDACNP_1_ATATACATGTATGGTA-1	IU_PDA_NP10	Normal Pancreas	CC10	Normal Epithelial cells
PDACNP_1_ATATACGCTCGTGACG-1	IU_PDA_NP10	Normal Pancreas	CC10	Normal Epithelial cells
PDACNP_1_ATATAGAGTATTGGTC-1	IU_PDA_NP10	Normal Pancreas	CC10	Normal Epithelial cells
PDACNP_1_ATATCAACCTACAGAG-1	IU_PDA_NP10	Normal Pancreas	CC10	Normal Epithelial cells
PDACNP_1_ATATCAATTCCAGCCT-1	IU_PDA_NP10	Normal Pancreas	CC10	Normal Epithelial cells
PDACNP_1_ATATCGGTAGGGAGAT-1	IU_PDA_NP10	Normal Pancreas	CC10	Normal Epithelial cells
PDACNP_1_ATATCTCCCTCGTTAA-1	IU_PDA_NP10	Normal Pancreas	CC10	Normal Epithelial cells
PDACNP_1_ATATCTTAGGGCCTTC-1	IU_PDA_NP10	Normal Pancreas	CC10	Normal Epithelial cells
PDACNP_1_ATATGGGATAGCAACT-1	IU_PDA_NP10	Normal Pancreas	CC10	Normal Epithelial cells
PDACNP_1_ATATGTCTAGAGCGTG-1	IU_PDA_NP10	Normal Pancreas	CC10	Normal Epithelial cells
PDACNP_1_ATATGTCTCCCTAGCC-1	IU_PDA_NP10	Normal Pancreas	CC10	Normal Epithelial cells
PDACNP_1_ATATTCAGTTAAACCT-1	IU_PDA_NP10	Normal Pancreas	CC10	Normal Epithelial cells
PDACNP_1_ATATTCCACATAGTGA-1	IU_PDA_NP10	Normal Pancreas	CC10	Normal Epithelial cells
PDACNP_1_ATATTCCCACAGGTCA-1	IU_PDA_NP10	Normal Pancreas	CC10	Normal Epithelial cells
PDACNP_1_ATATTGCTGTCAAAGT-1	IU_PDA_NP10	Normal Pancreas	CC10	Normal Epithelial cells
PDACNP_1_ATATTTAACCCTCAAG-1	IU_PDA_NP10	Normal Pancreas	CC10	Normal Epithelial cells
PDACNP_1_ATCAAACGAAGGTTTG-1	IU_PDA_NP10	Normal Pancreas	CC10	Normal Epithelial cells
PDACNP_1_ATCAAGATCCCAGGAC-1	IU_PDA_NP10	Normal Pancreas	CC10	Normal Epithelial cells
PDACNP_1_ATCAATCTGGGCTGCA-1	IU_PDA_NP10	Normal Pancreas	CC10	Normal Epithelial cells
PDACNP_1_ATCAATGCCGTGGCTG-1	IU_PDA_NP10	Normal Pancreas	CC10	Normal Epithelial cells
PDACNP_1_ATCACATTAGAATATC-1	IU_PDA_NP10	Normal Pancreas	CC10	Normal Epithelial cells
PDACNP_1_ATCACTTCATCCTCGC-1	IU_PDA_NP10	Normal Pancreas	CC10	Normal Epithelial cells
PDACNP_1_ATCAGCCTCATGCTGC-1	IU_PDA_NP10	Normal Pancreas	CC10	Normal Epithelial cells
PDACNP_1_ATCAGCTCGTCCACTA-1	IU_PDA_NP10	Normal Pancreas	CC10	Normal Epithelial cells
PDACNP_1_ATCATAGCCCTATGTA-1	IU_PDA_NP10	Normal Pancreas	CC10	Normal Epithelial cells
PDACNP_1_ATCCAACGCAGTCATA-1	IU_PDA_NP10	Normal Pancreas	CC10	Normal Epithelial cells
PDACNP_1_ATCCAATGGAGGGTCC-1	IU_PDA_NP10	Normal Pancreas	CC10	Normal Epithelial cells
PDACNP_1_ATCCACATCGACAGAA-1	IU_PDA_NP10	Normal Pancreas	CC10	Normal Epithelial cells
PDACNP_1_ATCCAGAGCAACAACC-1	IU_PDA_NP10	Normal Pancreas	CC10	Normal Epithelial cells
PDACNP_1_ATCCCATCCACAGCGC-1	IU_PDA_NP10	Normal Pancreas	CC10	Normal Epithelial cells
PDACNP_1_ATCCTACCTAAGCTCT-1	IU_PDA_NP10	Normal Pancreas	CC10	Normal Epithelial cells
PDACNP_1_ATCCTGCGTGGAATGG-1	IU_PDA_NP10	Normal Pancreas	CC10	Normal Epithelial cells
PDACNP_1_ATCGACTCTTTCCGTT-1	IU_PDA_NP10	Normal Pancreas	CC10	Normal Epithelial cells
PDACNP_1_ATCGCACGATTGTTCA-1	IU_PDA_NP10	Normal Pancreas	CC10	Normal Epithelial cells
PDACNP_1_ATCGCACGCCGGGAGA-1	IU_PDA_NP10	Normal Pancreas	CC10	Normal Epithelial cells
PDACNP_1_ATCGCTGCGTGCAGCA-1	IU_PDA_NP10	Normal Pancreas	CC10	Normal Epithelial cells
PDACNP_1_ATCGGAGACAGACGGC-1	IU_PDA_NP10	Normal Pancreas	CC10	Normal Epithelial cells
PDACNP_1_ATCGGCAAGCAGTCCA-1	IU_PDA_NP10	Normal Pancreas	CC10	Normal Epithelial cells
PDACNP_1_ATCGGTTACCTAGTAA-1	IU_PDA_NP10	Normal Pancreas	CC10	Normal Epithelial cells
PDACNP_1_ATCGTCCAATCGAGTC-1	IU_PDA_NP10	Normal Pancreas	CC10	Normal Epithelial cells
PDACNP_1_ATCGTGGAAAGTCTGG-1	IU_PDA_NP10	Normal Pancreas	CC10	Normal Epithelial cells
PDACNP_1_ATCGTTCACTTTCGCC-1	IU_PDA_NP10	Normal Pancreas	CC10	Normal Epithelial cells
PDACNP_1_ATCTAATATCCTACGG-1	IU_PDA_NP10	Normal Pancreas	CC10	Normal Epithelial cells
PDACNP_1_ATCTACCATCTGCTCC-1	IU_PDA_NP10	Normal Pancreas	CC10	Normal Epithelial cells
PDACNP_1_ATCTAGCTTGTGAGGG-1	IU_PDA_NP10	Normal Pancreas	CC10	Normal Epithelial cells
PDACNP_1_ATCTCCCTGCAATCTA-1	IU_PDA_NP10	Normal Pancreas	CC10	Normal Epithelial cells
PDACNP_1_ATCTGACATGGAAGGA-1	IU_PDA_NP10	Normal Pancreas	CC10	Normal Epithelial cells
PDACNP_1_ATCTGATAGTGTCTTA-1	IU_PDA_NP10	Normal Pancreas	CC10	Normal Epithelial cells
PDACNP_1_ATCTGCACCTCTGCGA-1	IU_PDA_NP10	Normal Pancreas	CC10	Normal Epithelial cells
PDACNP_1_ATCTGGGCTGTTCTTG-1	IU_PDA_NP10	Normal Pancreas	CC10	Normal Epithelial cells
PDACNP_1_ATCTGGTTAAGACTGT-1	IU_PDA_NP10	Normal Pancreas	CC10	Normal Epithelial cells
PDACNP_1_ATCTGTAATTGTACCC-1	IU_PDA_NP10	Normal Pancreas	CC10	Normal Epithelial cells
PDACNP_1_ATCTTGACTTGTCCAA-1	IU_PDA_NP10	Normal Pancreas	CC10	Normal Epithelial cells
PDACNP_1_ATGAAGCCAAGGAGCC-1	IU_PDA_NP10	Normal Pancreas	CC10	Normal Epithelial cells
PDACNP_1_ATGAAGTGGACCCAGC-1	IU_PDA_NP10	Normal Pancreas	CC10	Normal Epithelial cells
PDACNP_1_ATGACGCCGGCTCTAA-1	IU_PDA_NP10	Normal Pancreas	CC10	Normal Epithelial cells
PDACNP_1_ATGACGCGTTCTATCC-1	IU_PDA_NP10	Normal Pancreas	CC10	Normal Epithelial cells
PDACNP_1_ATGACTATCAGCTGTG-1	IU_PDA_NP10	Normal Pancreas	CC10	Normal Epithelial cells
PDACNP_1_ATGACTATGCGACATT-1	IU_PDA_NP10	Normal Pancreas	CC10	Normal Epithelial cells
PDACNP_1_ATGATCGGGAATAGAC-1	IU_PDA_NP10	Normal Pancreas	CC10	Normal Epithelial cells
PDACNP_1_ATGATGCAATGGTACA-1	IU_PDA_NP10	Normal Pancreas	CC10	Normal Epithelial cells
PDACNP_1_ATGCACCTTCCTTAAT-1	IU_PDA_NP10	Normal Pancreas	CC10	Normal Epithelial cells
PDACNP_1_ATGCACGCGCTGTTCA-1	IU_PDA_NP10	Normal Pancreas	CC10	Normal Epithelial cells
PDACNP_1_ATGCATGATCCAGGAT-1	IU_PDA_NP10	Normal Pancreas	CC10	Normal Epithelial cells
PDACNP_1_ATGCCGGTCTTGCATA-1	IU_PDA_NP10	Normal Pancreas	CC10	Normal Epithelial cells
PDACNP_1_ATGCCGGTTGATGGGA-1	IU_PDA_NP10	Normal Pancreas	CC10	Normal Epithelial cells
PDACNP_1_ATGCGAGTCCCACCAC-1	IU_PDA_NP10	Normal Pancreas	CC10	Normal Epithelial cells
PDACNP_1_ATGCTCAGTGTTGCAT-1	IU_PDA_NP10	Normal Pancreas	CC10	Normal Epithelial cells
PDACNP_1_ATGCTCTGGCGCGGTA-1	IU_PDA_NP10	Normal Pancreas	CC10	Normal Epithelial cells
PDACNP_1_ATGCTTAGGAGTTGAT-1	IU_PDA_NP10	Normal Pancreas	CC10	Normal Epithelial cells
PDACNP_1_ATGGAAATTTAAGGAG-1	IU_PDA_NP10	Normal Pancreas	CC10	Normal Epithelial cells
PDACNP_1_ATGGAACCTTTGCACA-1	IU_PDA_NP10	Normal Pancreas	CC10	Normal Epithelial cells
PDACNP_1_ATGGATCCGGCGTCCG-1	IU_PDA_NP10	Normal Pancreas	CC10	Normal Epithelial cells
PDACNP_1_ATGGATTGACCAAACG-1	IU_PDA_NP10	Normal Pancreas	CC10	Normal Epithelial cells
PDACNP_1_ATGGCAGCCGAGAAAC-1	IU_PDA_NP10	Normal Pancreas	CC10	Normal Epithelial cells
PDACNP_1_ATGGCCCGAAAGGTTA-1	IU_PDA_NP10	Normal Pancreas	CC10	Normal Epithelial cells
PDACNP_1_ATGGGACCTGCTGAAC-1	IU_PDA_NP10	Normal Pancreas	CC10	Normal Epithelial cells
PDACNP_1_ATGGGCCTCGGCCTCT-1	IU_PDA_NP10	Normal Pancreas	CC10	Normal Epithelial cells
PDACNP_1_ATGGGTGTATACCTCC-1	IU_PDA_NP10	Normal Pancreas	CC10	Normal Epithelial cells
PDACNP_1_ATGGTCGCGTGGTTTC-1	IU_PDA_NP10	Normal Pancreas	CC10	Normal Epithelial cells
PDACNP_1_ATGTAAGGCTGCTCTT-1	IU_PDA_NP10	Normal Pancreas	CC10	Normal Epithelial cells
PDACNP_1_ATGTACATGCGGTGAG-1	IU_PDA_NP10	Normal Pancreas	CC10	Normal Epithelial cells
PDACNP_1_ATGTACGATGACGTCG-1	IU_PDA_NP10	Normal Pancreas	CC10	Normal Epithelial cells
PDACNP_1_ATGTAGCGCGCGTAGG-1	IU_PDA_NP10	Normal Pancreas	CC10	Normal Epithelial cells
PDACNP_1_ATGTCATTTCCCATTG-1	IU_PDA_NP10	Normal Pancreas	CC10	Normal Epithelial cells
PDACNP_1_ATGTGAAAGCCTAATG-1	IU_PDA_NP10	Normal Pancreas	CC10	Normal Epithelial cells
PDACNP_1_ATGTGCATCCGACGCA-1	IU_PDA_NP10	Normal Pancreas	CC10	Normal Epithelial cells
PDACNP_1_ATGTTACGAGCAATAC-1	IU_PDA_NP10	Normal Pancreas	CC3	Normal Epithelial cells
PDACNP_1_ATGTTCCTGCCCACCT-1	IU_PDA_NP10	Normal Pancreas	CC10	Normal Epithelial cells
PDACNP_1_ATGTTGATTAGAGACT-1	IU_PDA_NP10	Normal Pancreas	CC10	Normal Epithelial cells
PDACNP_1_ATGTTGTAGTCTGTTT-1	IU_PDA_NP10	Normal Pancreas	CC10	Normal Epithelial cells
PDACNP_1_ATTAATACTACGCGGG-1	IU_PDA_NP10	Normal Pancreas	CC10	Normal Epithelial cells
PDACNP_1_ATTAATGAACCAGTCG-1	IU_PDA_NP10	Normal Pancreas	CC10	Normal Epithelial cells
PDACNP_1_ATTAATTCGGTCACTC-1	IU_PDA_NP10	Normal Pancreas	CC10	Normal Epithelial cells
PDACNP_1_ATTACAACTACCGGCC-1	IU_PDA_NP10	Normal Pancreas	CC10	Normal Epithelial cells
PDACNP_1_ATTACATGTCAGTCTT-1	IU_PDA_NP10	Normal Pancreas	CC10	Normal Epithelial cells
PDACNP_1_ATTACTAGCCTCTTGC-1	IU_PDA_NP10	Normal Pancreas	CC10	Normal Epithelial cells
PDACNP_1_ATTACTTACTGGGCAT-1	IU_PDA_NP10	Normal Pancreas	CC10	Normal Epithelial cells
PDACNP_1_ATTAGATTCCTCAGCA-1	IU_PDA_NP10	Normal Pancreas	CC10	Normal Epithelial cells
PDACNP_1_ATTAGATTGATAGCGG-1	IU_PDA_NP10	Normal Pancreas	CC10	Normal Epithelial cells
PDACNP_1_ATTAGGCGATGCTTTC-1	IU_PDA_NP10	Normal Pancreas	CC10	Normal Epithelial cells
PDACNP_1_ATTATACTTTGCTCGT-1	IU_PDA_NP10	Normal Pancreas	CC10	Normal Epithelial cells
PDACNP_1_ATTATCTCGACAGATC-1	IU_PDA_NP10	Normal Pancreas	CC10	Normal Epithelial cells
PDACNP_1_ATTATGAGACCCAATT-1	IU_PDA_NP10	Normal Pancreas	CC10	Normal Epithelial cells
PDACNP_1_ATTATGCCATAGGGAG-1	IU_PDA_NP10	Normal Pancreas	CC10	Normal Epithelial cells
PDACNP_1_ATTATTATGTCCGTCA-1	IU_PDA_NP10	Normal Pancreas	CC10	Normal Epithelial cells
PDACNP_1_ATTATTCAGAGTCACT-1	IU_PDA_NP10	Normal Pancreas	CC10	Normal Epithelial cells
PDACNP_1_ATTCAACCATTTAAGG-1	IU_PDA_NP10	Normal Pancreas	CC10	Normal Epithelial cells
PDACNP_1_ATTCACTGATGTTGGA-1	IU_PDA_NP10	Normal Pancreas	CC10	Normal Epithelial cells
PDACNP_1_ATTCAGGACCTATTTC-1	IU_PDA_NP10	Normal Pancreas	CC10	Normal Epithelial cells
PDACNP_1_ATTCAGTAGCAGGGTC-1	IU_PDA_NP10	Normal Pancreas	CC10	Normal Epithelial cells
PDACNP_1_ATTCATATACTGTCCA-1	IU_PDA_NP10	Normal Pancreas	CC10	Normal Epithelial cells
PDACNP_1_ATTCCCACATAAACAA-1	IU_PDA_NP10	Normal Pancreas	CC10	Normal Epithelial cells
PDACNP_1_ATTCCTTCCAGGCGGT-1	IU_PDA_NP10	Normal Pancreas	CC10	Normal Epithelial cells
PDACNP_1_ATTCGCGCCTTGAGAG-1	IU_PDA_NP10	Normal Pancreas	CC10	Normal Epithelial cells
PDACNP_1_ATTCGTTTATCGTATT-1	IU_PDA_NP10	Normal Pancreas	CC10	Normal Epithelial cells
PDACNP_1_ATTCTCGTCTCTTTAG-1	IU_PDA_NP10	Normal Pancreas	CC10	Normal Epithelial cells
PDACNP_1_ATTGAAGATCTTAGTG-1	IU_PDA_NP10	Normal Pancreas	CC10	Normal Epithelial cells
PDACNP_1_ATTGACCGGCGATGAC-1	IU_PDA_NP10	Normal Pancreas	CC10	Normal Epithelial cells
PDACNP_1_ATTGACGTAACTCGGT-1	IU_PDA_NP10	Normal Pancreas	CC10	Normal Epithelial cells
PDACNP_1_ATTGATAGCAACGAGA-1	IU_PDA_NP10	Normal Pancreas	CC10	Normal Epithelial cells
PDACNP_1_ATTGATCACCACATTT-1	IU_PDA_NP10	Normal Pancreas	CC10	Normal Epithelial cells
PDACNP_1_ATTGATGAGTCCTAAC-1	IU_PDA_NP10	Normal Pancreas	CC10	Normal Epithelial cells
PDACNP_1_ATTGCCTATTAGACCG-1	IU_PDA_NP10	Normal Pancreas	CC10	Normal Epithelial cells
PDACNP_1_ATTGCCTTTATGTTTG-1	IU_PDA_NP10	Normal Pancreas	CC10	Normal Epithelial cells
PDACNP_1_ATTGGATTACAGCGTA-1	IU_PDA_NP10	Normal Pancreas	CC10	Normal Epithelial cells
PDACNP_1_ATTGGGAATATCTTGG-1	IU_PDA_NP10	Normal Pancreas	CC10	Normal Epithelial cells
PDACNP_1_ATTGGTTGTGCATTAC-1	IU_PDA_NP10	Normal Pancreas	CC10	Normal Epithelial cells
PDACNP_1_ATTGTACAACTCGGCT-1	IU_PDA_NP10	Normal Pancreas	CC10	Normal Epithelial cells
PDACNP_1_ATTGTCGCAATACCTT-1	IU_PDA_NP10	Normal Pancreas	CC10	Normal Epithelial cells
PDACNP_1_ATTGTCTGTTTCATGT-1	IU_PDA_NP10	Normal Pancreas	CC10	Normal Epithelial cells
PDACNP_1_ATTTAACTCGTATTAC-1	IU_PDA_NP10	Normal Pancreas	CC10	Normal Epithelial cells
PDACNP_1_ATTTACAGTTTACTGG-1	IU_PDA_NP10	Normal Pancreas	CC10	Normal Epithelial cells
PDACNP_1_ATTTACTAAGTCCATT-1	IU_PDA_NP10	Normal Pancreas	CC10	Normal Epithelial cells
PDACNP_1_ATTTCATTATTTCGCG-1	IU_PDA_NP10	Normal Pancreas	CC10	Normal Epithelial cells
PDACNP_1_ATTTCCGGGTTCTGCG-1	IU_PDA_NP10	Normal Pancreas	CC10	Normal Epithelial cells
PDACNP_1_ATTTGCGCGAGTAGCT-1	IU_PDA_NP10	Normal Pancreas	CC10	Normal Epithelial cells
PDACNP_1_ATTTGGAGATTGCGGT-1	IU_PDA_NP10	Normal Pancreas	CC10	Normal Epithelial cells
PDACNP_1_ATTTGTCTTGGGAGCT-1	IU_PDA_NP10	Normal Pancreas	CC10	Normal Epithelial cells
PDACNP_1_ATTTGTTCCAGGGCTC-1	IU_PDA_NP10	Normal Pancreas	CC10	Normal Epithelial cells
PDACNP_1_CAAACCATAAGCGTAT-1	IU_PDA_NP10	Normal Pancreas	CC10	Normal Epithelial cells
PDACNP_1_CAAACCCTCCGGCGGG-1	IU_PDA_NP10	Normal Pancreas	CC10	Normal Epithelial cells
PDACNP_1_CAAACGAGTATCGCAG-1	IU_PDA_NP10	Normal Pancreas	CC10	Normal Epithelial cells
PDACNP_1_CAAACTACGATAGAGA-1	IU_PDA_NP10	Normal Pancreas	CC10	Normal Epithelial cells
PDACNP_1_CAAACTATTGAGCTTC-1	IU_PDA_NP10	Normal Pancreas	CC10	Normal Epithelial cells
PDACNP_1_CAAAGTCAGGTTAGCT-1	IU_PDA_NP10	Normal Pancreas	CC7	Normal Epithelial cells
PDACNP_1_CAAATCTCTCACAAGG-1	IU_PDA_NP10	Normal Pancreas	CC10	Normal Epithelial cells
PDACNP_1_CAAATTGTCAGCAAGC-1	IU_PDA_NP10	Normal Pancreas	CC10	Normal Epithelial cells
PDACNP_1_CAACATGGCCTGATAA-1	IU_PDA_NP10	Normal Pancreas	CC10	Normal Epithelial cells
PDACNP_1_CAACCAGTGGCCTACC-1	IU_PDA_NP10	Normal Pancreas	CC10	Normal Epithelial cells
PDACNP_1_CAACGACCCGTTTACA-1	IU_PDA_NP10	Normal Pancreas	CC10	Normal Epithelial cells
PDACNP_1_CAACGGTTCTTGATAC-1	IU_PDA_NP10	Normal Pancreas	CC10	Normal Epithelial cells
PDACNP_1_CAACGTGGTGGAGTCT-1	IU_PDA_NP10	Normal Pancreas	CC10	Normal Epithelial cells
PDACNP_1_CAACTCCTTGATCCCG-1	IU_PDA_NP10	Normal Pancreas	CC10	Normal Epithelial cells
PDACNP_1_CAACTGCTCATCCGAT-1	IU_PDA_NP10	Normal Pancreas	CC10	Normal Epithelial cells
PDACNP_1_CAAGATATTATAACGT-1	IU_PDA_NP10	Normal Pancreas	CC10	Normal Epithelial cells
PDACNP_1_CAAGCACCAAATGCCT-1	IU_PDA_NP10	Normal Pancreas	CC10	Normal Epithelial cells
PDACNP_1_CAAGCGGCACATAATT-1	IU_PDA_NP10	Normal Pancreas	CC10	Normal Epithelial cells
PDACNP_1_CAAGGCCAGTGGTGCA-1	IU_PDA_NP10	Normal Pancreas	CC10	Normal Epithelial cells
PDACNP_1_CAAGGGAGTGTATTTG-1	IU_PDA_NP10	Normal Pancreas	CC10	Normal Epithelial cells
PDACNP_1_CAAGGTCCTATAGGCT-1	IU_PDA_NP10	Normal Pancreas	CC10	Normal Epithelial cells
PDACNP_1_CAAGTAAGTGATAGAC-1	IU_PDA_NP10	Normal Pancreas	CC10	Normal Epithelial cells
PDACNP_1_CAAGTGTGGTTGCAAA-1	IU_PDA_NP10	Normal Pancreas	CC10	Normal Epithelial cells
PDACNP_1_CAATAAACCTTGGCCC-1	IU_PDA_NP10	Normal Pancreas	CC10	Normal Epithelial cells
PDACNP_1_CAATACGCTCTGAGGC-1	IU_PDA_NP10	Normal Pancreas	CC10	Normal Epithelial cells
PDACNP_1_CAATATTCTTGACCTA-1	IU_PDA_NP10	Normal Pancreas	CC10	Normal Epithelial cells
PDACNP_1_CAATATTGGACTAGTG-1	IU_PDA_NP10	Normal Pancreas	CC10	Normal Epithelial cells
PDACNP_1_CAATCCCTATACCAGC-1	IU_PDA_NP10	Normal Pancreas	CC10	Normal Epithelial cells
PDACNP_1_CAATGACCCTTAATTT-1	IU_PDA_NP10	Normal Pancreas	CC10	Normal Epithelial cells
PDACNP_1_CAATGCGAGAAGTATC-1	IU_PDA_NP10	Normal Pancreas	CC10	Normal Epithelial cells
PDACNP_1_CAATGGATCTCTACCA-1	IU_PDA_NP10	Normal Pancreas	CC10	Normal Epithelial cells
PDACNP_1_CAATTAAGGGTGATGA-1	IU_PDA_NP10	Normal Pancreas	CC10	Normal Epithelial cells
PDACNP_1_CAATTGGGCCGCACTC-1	IU_PDA_NP10	Normal Pancreas	CC10	Normal Epithelial cells
PDACNP_1_CAATTTGACCGGGAAG-1	IU_PDA_NP10	Normal Pancreas	CC10	Normal Epithelial cells
PDACNP_1_CACAAACCGCAGAACT-1	IU_PDA_NP10	Normal Pancreas	CC10	Normal Epithelial cells
PDACNP_1_CACACACGCTAACGAG-1	IU_PDA_NP10	Normal Pancreas	CC10	Normal Epithelial cells
PDACNP_1_CACACAGGGATAGATT-1	IU_PDA_NP10	Normal Pancreas	CC10	Normal Epithelial cells
PDACNP_1_CACACGCGCTGTCTTA-1	IU_PDA_NP10	Normal Pancreas	CC10	Normal Epithelial cells
PDACNP_1_CACAGCACCCACGGCA-1	IU_PDA_NP10	Normal Pancreas	CC10	Normal Epithelial cells
PDACNP_1_CACAGCTAGGGAGTGA-1	IU_PDA_NP10	Normal Pancreas	CC10	Normal Epithelial cells
PDACNP_1_CACAGGGCCGTTGTCA-1	IU_PDA_NP10	Normal Pancreas	CC10	Normal Epithelial cells
PDACNP_1_CACAGTCCCGCTTCGC-1	IU_PDA_NP10	Normal Pancreas	CC10	Normal Epithelial cells
PDACNP_1_CACATCGTGCACGCGC-1	IU_PDA_NP10	Normal Pancreas	CC10	Normal Epithelial cells
PDACNP_1_CACATCTCACCGACGA-1	IU_PDA_NP10	Normal Pancreas	CC10	Normal Epithelial cells
PDACNP_1_CACATTCTTTCGATGG-1	IU_PDA_NP10	Normal Pancreas	CC10	Normal Epithelial cells
PDACNP_1_CACCAATCATCCGTCT-1	IU_PDA_NP10	Normal Pancreas	CC10	Normal Epithelial cells
PDACNP_1_CACCACGCCACACAGA-1	IU_PDA_NP10	Normal Pancreas	CC10	Normal Epithelial cells
PDACNP_1_CACCAGTCAGCATGCA-1	IU_PDA_NP10	Normal Pancreas	CC10	Normal Epithelial cells
PDACNP_1_CACCATCGGAGGAGAC-1	IU_PDA_NP10	Normal Pancreas	CC10	Normal Epithelial cells
PDACNP_1_CACCCAAATCTTATGT-1	IU_PDA_NP10	Normal Pancreas	CC10	Normal Epithelial cells
PDACNP_1_CACCCACACGTCACCC-1	IU_PDA_NP10	Normal Pancreas	CC10	Normal Epithelial cells
PDACNP_1_CACCCACGAGGCAATT-1	IU_PDA_NP10	Normal Pancreas	CC10	Normal Epithelial cells
PDACNP_1_CACCCGCGTTTGACAC-1	IU_PDA_NP10	Normal Pancreas	CC10	Normal Epithelial cells
PDACNP_1_CACCCGGTTTGTGACT-1	IU_PDA_NP10	Normal Pancreas	CC10	Normal Epithelial cells
PDACNP_1_CACCCTAACAAGATCT-1	IU_PDA_NP10	Normal Pancreas	CC10	Normal Epithelial cells
PDACNP_1_CACCCTTGGTGAGACC-1	IU_PDA_NP10	Normal Pancreas	CC10	Normal Epithelial cells
PDACNP_1_CACCGATACACCGAGC-1	IU_PDA_NP10	Normal Pancreas	CC10	Normal Epithelial cells
PDACNP_1_CACCGATGATGGGTAC-1	IU_PDA_NP10	Normal Pancreas	CC10	Normal Epithelial cells
PDACNP_1_CACCGCCAGAAGGTTT-1	IU_PDA_NP10	Normal Pancreas	CC10	Normal Epithelial cells
PDACNP_1_CACCGCCGACCAGCGA-1	IU_PDA_NP10	Normal Pancreas	CC10	Normal Epithelial cells
PDACNP_1_CACCGGGCATCACAAG-1	IU_PDA_NP10	Normal Pancreas	CC10	Normal Epithelial cells
PDACNP_1_CACCGTATCCCATCCG-1	IU_PDA_NP10	Normal Pancreas	CC10	Normal Epithelial cells
PDACNP_1_CACCGTTAGGGATCAC-1	IU_PDA_NP10	Normal Pancreas	CC10	Normal Epithelial cells
PDACNP_1_CACCGTTGCGCGATAT-1	IU_PDA_NP10	Normal Pancreas	CC10	Normal Epithelial cells
PDACNP_1_CACCTAATAGAGTCGT-1	IU_PDA_NP10	Normal Pancreas	CC2	Normal Epithelial cells
PDACNP_1_CACCTAATCAGTTTAC-1	IU_PDA_NP10	Normal Pancreas	CC10	Normal Epithelial cells
PDACNP_1_CACCTCGATGGTGGAC-1	IU_PDA_NP10	Normal Pancreas	CC10	Normal Epithelial cells
PDACNP_1_CACGAAAGTTAGTCCC-1	IU_PDA_NP10	Normal Pancreas	CC10	Normal Epithelial cells
PDACNP_1_CACGAGCAAACCAGAC-1	IU_PDA_NP10	Normal Pancreas	CC10	Normal Epithelial cells
PDACNP_1_CACGCACAGCGCAGCT-1	IU_PDA_NP10	Normal Pancreas	CC10	Normal Epithelial cells
PDACNP_1_CACGTCGGCAACCTCT-1	IU_PDA_NP10	Normal Pancreas	CC10	Normal Epithelial cells
PDACNP_1_CACGTTCGTGCTCTAG-1	IU_PDA_NP10	Normal Pancreas	CC10	Normal Epithelial cells
PDACNP_1_CACGTTTCGTACACAC-1	IU_PDA_NP10	Normal Pancreas	CC10	Normal Epithelial cells
PDACNP_1_CACTACGGGAGCTGCC-1	IU_PDA_NP10	Normal Pancreas	CC10	Normal Epithelial cells
PDACNP_1_CACTCAGCTCTTGAGG-1	IU_PDA_NP10	Normal Pancreas	CC10	Normal Epithelial cells
PDACNP_1_CACTCCTATGTAAGAT-1	IU_PDA_NP10	Normal Pancreas	CC10	Normal Epithelial cells
PDACNP_1_CACTCCTCTCGGTCGG-1	IU_PDA_NP10	Normal Pancreas	CC10	Normal Epithelial cells
PDACNP_1_CACTCGAGCTGAACAA-1	IU_PDA_NP10	Normal Pancreas	CC10	Normal Epithelial cells
PDACNP_1_CACTCTCAAGCATCGA-1	IU_PDA_NP10	Normal Pancreas	CC10	Normal Epithelial cells
PDACNP_1_CACTCTTCTGCTAGCC-1	IU_PDA_NP10	Normal Pancreas	CC10	Normal Epithelial cells
PDACNP_1_CACTGACGATTGTGGA-1	IU_PDA_NP10	Normal Pancreas	CC10	Normal Epithelial cells
PDACNP_1_CACTGTCCAAGTGAGA-1	IU_PDA_NP10	Normal Pancreas	CC10	Normal Epithelial cells
PDACNP_1_CACTTCGTCTTATCTC-1	IU_PDA_NP10	Normal Pancreas	CC3	Normal Epithelial cells
PDACNP_1_CAGAACTTAGCCCTCT-1	IU_PDA_NP10	Normal Pancreas	CC10	Normal Epithelial cells
PDACNP_1_CAGAATAACACACGGA-1	IU_PDA_NP10	Normal Pancreas	CC10	Normal Epithelial cells
PDACNP_1_CAGACACCGATCGCTG-1	IU_PDA_NP10	Normal Pancreas	CC10	Normal Epithelial cells
PDACNP_1_CAGACCTGTAAGTGTT-1	IU_PDA_NP10	Normal Pancreas	CC10	Normal Epithelial cells
PDACNP_1_CAGACGAACCTGATAC-1	IU_PDA_NP10	Normal Pancreas	CC10	Normal Epithelial cells
PDACNP_1_CAGAGACGGTCACCCA-1	IU_PDA_NP10	Normal Pancreas	CC10	Normal Epithelial cells
PDACNP_1_CAGAGCATGAGCTTGC-1	IU_PDA_NP10	Normal Pancreas	CC10	Normal Epithelial cells
PDACNP_1_CAGAGGCGATGCATGA-1	IU_PDA_NP10	Normal Pancreas	CC10	Normal Epithelial cells
PDACNP_1_CAGAGTGATTTAACGT-1	IU_PDA_NP10	Normal Pancreas	CC10	Normal Epithelial cells
PDACNP_1_CAGATAATGGGCGGGT-1	IU_PDA_NP10	Normal Pancreas	CC10	Normal Epithelial cells
PDACNP_1_CAGATACTAACATAGT-1	IU_PDA_NP10	Normal Pancreas	CC10	Normal Epithelial cells
PDACNP_1_CAGATATGAAGATGAC-1	IU_PDA_NP10	Normal Pancreas	CC10	Normal Epithelial cells
PDACNP_1_CAGATCATTTAAAGTC-1	IU_PDA_NP10	Normal Pancreas	CC10	Normal Epithelial cells
PDACNP_1_CAGATCCTGGTTTGAA-1	IU_PDA_NP10	Normal Pancreas	CC10	Normal Epithelial cells
PDACNP_1_CAGATGTTTGTCCCAA-1	IU_PDA_NP10	Normal Pancreas	CC10	Normal Epithelial cells
PDACNP_1_CAGCAGCCCGTTCCTT-1	IU_PDA_NP10	Normal Pancreas	CC10	Normal Epithelial cells
PDACNP_1_CAGCAGTCTGTGCTGC-1	IU_PDA_NP10	Normal Pancreas	CC10	Normal Epithelial cells
PDACNP_1_CAGCCGGGCCCTCTAT-1	IU_PDA_NP10	Normal Pancreas	CC10	Normal Epithelial cells
PDACNP_1_CAGCCTCCTGCAGAGG-1	IU_PDA_NP10	Normal Pancreas	CC10	Normal Epithelial cells
PDACNP_1_CAGCCTCGATAGCGGT-1	IU_PDA_NP10	Normal Pancreas	CC10	Normal Epithelial cells
PDACNP_1_CAGCCTCTCCTCAAGA-1	IU_PDA_NP10	Normal Pancreas	CC10	Normal Epithelial cells
PDACNP_1_CAGCGATTCCCTTCAA-1	IU_PDA_NP10	Normal Pancreas	CC10	Normal Epithelial cells
PDACNP_1_CAGCTCACTGAGACAT-1	IU_PDA_NP10	Normal Pancreas	CC10	Normal Epithelial cells
PDACNP_1_CAGCTCGTGCTTGTGT-1	IU_PDA_NP10	Normal Pancreas	CC10	Normal Epithelial cells
PDACNP_1_CAGCTCTGGGCTCACT-1	IU_PDA_NP10	Normal Pancreas	CC10	Normal Epithelial cells
PDACNP_1_CAGCTGGCGTAACCGT-1	IU_PDA_NP10	Normal Pancreas	CC10	Normal Epithelial cells
PDACNP_1_CAGCTTAGTAGGTAGC-1	IU_PDA_NP10	Normal Pancreas	CC10	Normal Epithelial cells
PDACNP_1_CAGGAAGACTTTATAT-1	IU_PDA_NP10	Normal Pancreas	CC10	Normal Epithelial cells
PDACNP_1_CAGGCAGTCTTACCAG-1	IU_PDA_NP10	Normal Pancreas	CC10	Normal Epithelial cells
PDACNP_1_CAGGCCAGTACCACCT-1	IU_PDA_NP10	Normal Pancreas	CC10	Normal Epithelial cells
PDACNP_1_CAGGCGCCATGCTAGG-1	IU_PDA_NP10	Normal Pancreas	CC10	Normal Epithelial cells
PDACNP_1_CAGGGCTAACGAAACC-1	IU_PDA_NP10	Normal Pancreas	CC10	Normal Epithelial cells
PDACNP_1_CAGTAACTATTTATTG-1	IU_PDA_NP10	Normal Pancreas	CC10	Normal Epithelial cells
PDACNP_1_CAGTAATCCCTCCCAG-1	IU_PDA_NP10	Normal Pancreas	CC10	Normal Epithelial cells
PDACNP_1_CAGTACATTCTCTAAA-1	IU_PDA_NP10	Normal Pancreas	CC10	Normal Epithelial cells
PDACNP_1_CAGTACCAGTTTACGT-1	IU_PDA_NP10	Normal Pancreas	CC10	Normal Epithelial cells
PDACNP_1_CAGTAGCCCACGCGGT-1	IU_PDA_NP10	Normal Pancreas	CC10	Normal Epithelial cells
PDACNP_1_CAGTCGAGGATGCAAT-1	IU_PDA_NP10	Normal Pancreas	CC10	Normal Epithelial cells
PDACNP_1_CAGTCGGCCTAGATAT-1	IU_PDA_NP10	Normal Pancreas	CC10	Normal Epithelial cells
PDACNP_1_CAGTGAATAAATGACT-1	IU_PDA_NP10	Normal Pancreas	CC10	Normal Epithelial cells
PDACNP_1_CAGTGGTTGCACATGA-1	IU_PDA_NP10	Normal Pancreas	CC3	Normal Epithelial cells
PDACNP_1_CAGTGTCCGCAGAATG-1	IU_PDA_NP10	Normal Pancreas	CC3	Normal Epithelial cells
PDACNP_1_CAGTGTCGGCTGGCCC-1	IU_PDA_NP10	Normal Pancreas	CC10	Normal Epithelial cells
PDACNP_1_CAGTGTTAATCTCTCA-1	IU_PDA_NP10	Normal Pancreas	CC10	Normal Epithelial cells
PDACNP_1_CAGTTCAAATTGACAC-1	IU_PDA_NP10	Normal Pancreas	CC10	Normal Epithelial cells
PDACNP_1_CAGTTCCGCGGGTCGA-1	IU_PDA_NP10	Normal Pancreas	CC10	Normal Epithelial cells
PDACNP_1_CAGTTCGAGGACCCGA-1	IU_PDA_NP10	Normal Pancreas	CC10	Normal Epithelial cells
PDACNP_1_CATAACGGACAGTCGT-1	IU_PDA_NP10	Normal Pancreas	CC10	Normal Epithelial cells
PDACNP_1_CATAAGAAGCTTGGCT-1	IU_PDA_NP10	Normal Pancreas	CC10	Normal Epithelial cells
PDACNP_1_CATACAAAGCCGAACC-1	IU_PDA_NP10	Normal Pancreas	CC10	Normal Epithelial cells
PDACNP_1_CATACACAAAGTCAGC-1	IU_PDA_NP10	Normal Pancreas	CC10	Normal Epithelial cells
PDACNP_1_CATACACGGTTCCCAC-1	IU_PDA_NP10	Normal Pancreas	CC10	Normal Epithelial cells
PDACNP_1_CATACGAACTAGCTGG-1	IU_PDA_NP10	Normal Pancreas	CC10	Normal Epithelial cells
PDACNP_1_CATACGGGTGCATGAT-1	IU_PDA_NP10	Normal Pancreas	CC10	Normal Epithelial cells
PDACNP_1_CATACTTCTTTCTCCG-1	IU_PDA_NP10	Normal Pancreas	CC10	Normal Epithelial cells
PDACNP_1_CATAGAGGAGATACTA-1	IU_PDA_NP10	Normal Pancreas	CC10	Normal Epithelial cells
PDACNP_1_CATAGCCGCCCGGGAT-1	IU_PDA_NP10	Normal Pancreas	CC10	Normal Epithelial cells
PDACNP_1_CATAGCGTTGCCCACC-1	IU_PDA_NP10	Normal Pancreas	CC10	Normal Epithelial cells
PDACNP_1_CATAGGGACACTTGTG-1	IU_PDA_NP10	Normal Pancreas	CC10	Normal Epithelial cells
PDACNP_1_CATAGTACATTGAGAG-1	IU_PDA_NP10	Normal Pancreas	CC10	Normal Epithelial cells
PDACNP_1_CATAGTAGCATAGTAG-1	IU_PDA_NP10	Normal Pancreas	CC10	Normal Epithelial cells
PDACNP_1_CATAGTCAAATACATA-1	IU_PDA_NP10	Normal Pancreas	CC10	Normal Epithelial cells
PDACNP_1_CATATACTACTGATAA-1	IU_PDA_NP10	Normal Pancreas	CC10	Normal Epithelial cells
PDACNP_1_CATATGTCAGGCTACG-1	IU_PDA_NP10	Normal Pancreas	CC10	Normal Epithelial cells
PDACNP_1_CATATTATTTGCCCTA-1	IU_PDA_NP10	Normal Pancreas	CC10	Normal Epithelial cells
PDACNP_1_CATCAACACCTACTAA-1	IU_PDA_NP10	Normal Pancreas	CC10	Normal Epithelial cells
PDACNP_1_CATCATCTACCCGGAC-1	IU_PDA_NP10	Normal Pancreas	CC10	Normal Epithelial cells
PDACNP_1_CATCATTACCCTGAGG-1	IU_PDA_NP10	Normal Pancreas	CC10	Normal Epithelial cells
PDACNP_1_CATCCGCAGGCCCGAA-1	IU_PDA_NP10	Normal Pancreas	CC2	Normal Epithelial cells
PDACNP_1_CATCCTCTCAAAGATC-1	IU_PDA_NP10	Normal Pancreas	CC10	Normal Epithelial cells
PDACNP_1_CATCGCCCGCGGCCAA-1	IU_PDA_NP10	Normal Pancreas	CC10	Normal Epithelial cells
PDACNP_1_CATCGTCCGGTTACTA-1	IU_PDA_NP10	Normal Pancreas	CC10	Normal Epithelial cells
PDACNP_1_CATCTATCCCGTGTCT-1	IU_PDA_NP10	Normal Pancreas	CC10	Normal Epithelial cells
PDACNP_1_CATCTGCAGGATCATT-1	IU_PDA_NP10	Normal Pancreas	CC10	Normal Epithelial cells
PDACNP_1_CATCTTACACCACCTC-1	IU_PDA_NP10	Normal Pancreas	CC10	Normal Epithelial cells
PDACNP_1_CATGAGATGCACTCTC-1	IU_PDA_NP10	Normal Pancreas	CC10	Normal Epithelial cells
PDACNP_1_CATGATACGGTGAAAC-1	IU_PDA_NP10	Normal Pancreas	CC10	Normal Epithelial cells
PDACNP_1_CATGATGCACAATTCT-1	IU_PDA_NP10	Normal Pancreas	CC10	Normal Epithelial cells
PDACNP_1_CATGCACATGAGAGGC-1	IU_PDA_NP10	Normal Pancreas	CC10	Normal Epithelial cells
PDACNP_1_CATGCCAACTCGCAAA-1	IU_PDA_NP10	Normal Pancreas	CC10	Normal Epithelial cells
PDACNP_1_CATGCGACCAGTTTAA-1	IU_PDA_NP10	Normal Pancreas	CC10	Normal Epithelial cells
PDACNP_1_CATGCGTTAGACAGAA-1	IU_PDA_NP10	Normal Pancreas	CC10	Normal Epithelial cells
PDACNP_1_CATGCGTTGAGAGGAG-1	IU_PDA_NP10	Normal Pancreas	CC10	Normal Epithelial cells
PDACNP_1_CATGCTGGCTCCAATT-1	IU_PDA_NP10	Normal Pancreas	CC10	Normal Epithelial cells
PDACNP_1_CATGGATTGTCTTCCG-1	IU_PDA_NP10	Normal Pancreas	CC10	Normal Epithelial cells
PDACNP_1_CATGGCAGGAAGATCG-1	IU_PDA_NP10	Normal Pancreas	CC10	Normal Epithelial cells
PDACNP_1_CATGGGTATGCCTTAT-1	IU_PDA_NP10	Normal Pancreas	CC10	Normal Epithelial cells
PDACNP_1_CATGGGTCGGGTGTGG-1	IU_PDA_NP10	Normal Pancreas	CC10	Normal Epithelial cells
PDACNP_1_CATGGTAAGTAGCGTT-1	IU_PDA_NP10	Normal Pancreas	CC10	Normal Epithelial cells
PDACNP_1_CATGGTATTAGTTTGT-1	IU_PDA_NP10	Normal Pancreas	CC10	Normal Epithelial cells
PDACNP_1_CATGGTCTAGATACCG-1	IU_PDA_NP10	Normal Pancreas	CC10	Normal Epithelial cells
PDACNP_1_CATGTAAGAGACATTT-1	IU_PDA_NP10	Normal Pancreas	CC10	Normal Epithelial cells
PDACNP_1_CATGTCTCATTTATGG-1	IU_PDA_NP10	Normal Pancreas	CC10	Normal Epithelial cells
PDACNP_1_CATGTGGGCTCATCAC-1	IU_PDA_NP10	Normal Pancreas	CC10	Normal Epithelial cells
PDACNP_1_CATTACGCAGGAAGGG-1	IU_PDA_NP10	Normal Pancreas	CC10	Normal Epithelial cells
PDACNP_1_CATTACGTCGGCCCGT-1	IU_PDA_NP10	Normal Pancreas	CC10	Normal Epithelial cells
PDACNP_1_CATTATCCCATTAACG-1	IU_PDA_NP10	Normal Pancreas	CC10	Normal Epithelial cells
PDACNP_1_CATTATGCTTGTTGTG-1	IU_PDA_NP10	Normal Pancreas	CC10	Normal Epithelial cells
PDACNP_1_CATTCCCTAAGTACAA-1	IU_PDA_NP10	Normal Pancreas	CC10	Normal Epithelial cells
PDACNP_1_CATTGCGGGTCAATTC-1	IU_PDA_NP10	Normal Pancreas	CC10	Normal Epithelial cells
PDACNP_1_CATTTAGCGGACCATG-1	IU_PDA_NP10	Normal Pancreas	CC10	Normal Epithelial cells
PDACNP_1_CATTTCTAGCAGACTA-1	IU_PDA_NP10	Normal Pancreas	CC3	Normal Epithelial cells
PDACNP_1_CATTTGAGTGGTACGT-1	IU_PDA_NP10	Normal Pancreas	CC10	Normal Epithelial cells
PDACNP_1_CCAAACAGAACCCTCG-1	IU_PDA_NP10	Normal Pancreas	CC10	Normal Epithelial cells
PDACNP_1_CCAAAGCAGTTGGTTG-1	IU_PDA_NP10	Normal Pancreas	CC2	Normal Epithelial cells
PDACNP_1_CCAAATCAAAGGGCAA-1	IU_PDA_NP10	Normal Pancreas	CC10	Normal Epithelial cells
PDACNP_1_CCAACCTTATGTAACT-1	IU_PDA_NP10	Normal Pancreas	CC10	Normal Epithelial cells
PDACNP_1_CCAACGATGCACTGAT-1	IU_PDA_NP10	Normal Pancreas	CC10	Normal Epithelial cells
PDACNP_1_CCAAGAAAGTGGGCGA-1	IU_PDA_NP10	Normal Pancreas	CC10	Normal Epithelial cells
PDACNP_1_CCAAGCGTAACTCGTA-1	IU_PDA_NP10	Normal Pancreas	CC10	Normal Epithelial cells
PDACNP_1_CCAAGGAACAGAGAGG-1	IU_PDA_NP10	Normal Pancreas	CC10	Normal Epithelial cells
PDACNP_1_CCAAGTTTCTACAGAT-1	IU_PDA_NP10	Normal Pancreas	CC2	Normal Epithelial cells
PDACNP_1_CCAATCGGTAGATCGA-1	IU_PDA_NP10	Normal Pancreas	CC10	Normal Epithelial cells
PDACNP_1_CCAATTACGGGTCGAG-1	IU_PDA_NP10	Normal Pancreas	CC10	Normal Epithelial cells
PDACNP_1_CCAATTGAATGTTAAT-1	IU_PDA_NP10	Normal Pancreas	CC10	Normal Epithelial cells
PDACNP_1_CCACAGCTGAAATCAT-1	IU_PDA_NP10	Normal Pancreas	CC10	Normal Epithelial cells
PDACNP_1_CCACAGTACCCATCCT-1	IU_PDA_NP10	Normal Pancreas	CC10	Normal Epithelial cells
PDACNP_1_CCACATGGCTCTTTAT-1	IU_PDA_NP10	Normal Pancreas	CC10	Normal Epithelial cells
PDACNP_1_CCACCAACTTTACTGT-1	IU_PDA_NP10	Normal Pancreas	CC10	Normal Epithelial cells
PDACNP_1_CCACCCAAGGAAAGTG-1	IU_PDA_NP10	Normal Pancreas	CC10	Normal Epithelial cells
PDACNP_1_CCACGAGAAGAGAATC-1	IU_PDA_NP10	Normal Pancreas	CC10	Normal Epithelial cells
PDACNP_1_CCACGGAGCCATAAGA-1	IU_PDA_NP10	Normal Pancreas	CC10	Normal Epithelial cells
PDACNP_1_CCACGGCAGGTGTAGG-1	IU_PDA_NP10	Normal Pancreas	CC10	Normal Epithelial cells
PDACNP_1_CCACGGTGCCCGGTAG-1	IU_PDA_NP10	Normal Pancreas	CC10	Normal Epithelial cells
PDACNP_1_CCACTCAGATCCGCAA-1	IU_PDA_NP10	Normal Pancreas	CC10	Normal Epithelial cells
PDACNP_1_CCACTGTTTGGATTAA-1	IU_PDA_NP10	Normal Pancreas	CC10	Normal Epithelial cells
PDACNP_1_CCACTTTCCTTCTAGG-1	IU_PDA_NP10	Normal Pancreas	CC10	Normal Epithelial cells
PDACNP_1_CCAGAAACTGATGCGA-1	IU_PDA_NP10	Normal Pancreas	CC10	Normal Epithelial cells
PDACNP_1_CCAGAAAGCAACTCAT-1	IU_PDA_NP10	Normal Pancreas	CC10	Normal Epithelial cells
PDACNP_1_CCAGAGACAAAGCCGG-1	IU_PDA_NP10	Normal Pancreas	CC10	Normal Epithelial cells
PDACNP_1_CCAGATAGTTGAGTGA-1	IU_PDA_NP10	Normal Pancreas	CC10	Normal Epithelial cells
PDACNP_1_CCAGCTACGCCTCATA-1	IU_PDA_NP10	Normal Pancreas	CC10	Normal Epithelial cells
PDACNP_1_CCAGCTCGAACGCATT-1	IU_PDA_NP10	Normal Pancreas	CC10	Normal Epithelial cells
PDACNP_1_CCAGCTTCCGCCCGCA-1	IU_PDA_NP10	Normal Pancreas	CC10	Normal Epithelial cells
PDACNP_1_CCAGGGACGTGGCCTC-1	IU_PDA_NP10	Normal Pancreas	CC10	Normal Epithelial cells
PDACNP_1_CCAGTCAAATCTCTTA-1	IU_PDA_NP10	Normal Pancreas	CC10	Normal Epithelial cells
PDACNP_1_CCAGTCCATTATTCGA-1	IU_PDA_NP10	Normal Pancreas	CC10	Normal Epithelial cells
PDACNP_1_CCAGTCTTGTCATAGA-1	IU_PDA_NP10	Normal Pancreas	CC10	Normal Epithelial cells
PDACNP_1_CCAGTGAGCTCCTTGT-1	IU_PDA_NP10	Normal Pancreas	CC10	Normal Epithelial cells
PDACNP_1_CCAGTGTACAGACCGA-1	IU_PDA_NP10	Normal Pancreas	CC10	Normal Epithelial cells
PDACNP_1_CCAGTTCGGTAACTCA-1	IU_PDA_NP10	Normal Pancreas	CC10	Normal Epithelial cells
PDACNP_1_CCATAAACAACCCGAC-1	IU_PDA_NP10	Normal Pancreas	CC10	Normal Epithelial cells
PDACNP_1_CCATAACCTGTGCAGT-1	IU_PDA_NP10	Normal Pancreas	CC10	Normal Epithelial cells
PDACNP_1_CCATACCTTTACTTGT-1	IU_PDA_NP10	Normal Pancreas	CC10	Normal Epithelial cells
PDACNP_1_CCATAGAGGCTGCCAG-1	IU_PDA_NP10	Normal Pancreas	CC10	Normal Epithelial cells
PDACNP_1_CCATAGGTTGGCGTGG-1	IU_PDA_NP10	Normal Pancreas	CC10	Normal Epithelial cells
PDACNP_1_CCATAGTCAGTAACCC-1	IU_PDA_NP10	Normal Pancreas	CC3	Normal Epithelial cells
PDACNP_1_CCATATGGAAACTATA-1	IU_PDA_NP10	Normal Pancreas	CC10	Normal Epithelial cells
PDACNP_1_CCATATTGGATCATGA-1	IU_PDA_NP10	Normal Pancreas	CC3	Normal Epithelial cells
PDACNP_1_CCATCGCAGTTAAACT-1	IU_PDA_NP10	Normal Pancreas	CC10	Normal Epithelial cells
PDACNP_1_CCATCTCACCAGTGAA-1	IU_PDA_NP10	Normal Pancreas	CC10	Normal Epithelial cells
PDACNP_1_CCATCTTGTTCACAAT-1	IU_PDA_NP10	Normal Pancreas	CC10	Normal Epithelial cells
PDACNP_1_CCATGCTCTGCAGGAA-1	IU_PDA_NP10	Normal Pancreas	CC10	Normal Epithelial cells
PDACNP_1_CCATGTTCATCTATAT-1	IU_PDA_NP10	Normal Pancreas	CC10	Normal Epithelial cells
PDACNP_1_CCATTTCTACCTATTA-1	IU_PDA_NP10	Normal Pancreas	CC10	Normal Epithelial cells
PDACNP_1_CCCAAACATGCTGCTC-1	IU_PDA_NP10	Normal Pancreas	CC10	Normal Epithelial cells
PDACNP_1_CCCAACCACACTAACA-1	IU_PDA_NP10	Normal Pancreas	CC10	Normal Epithelial cells
PDACNP_1_CCCAAGTCATTACACT-1	IU_PDA_NP10	Normal Pancreas	CC10	Normal Epithelial cells
PDACNP_1_CCCAATGAGATTTGCA-1	IU_PDA_NP10	Normal Pancreas	CC10	Normal Epithelial cells
PDACNP_1_CCCACTCCACGGTATC-1	IU_PDA_NP10	Normal Pancreas	CC10	Normal Epithelial cells
PDACNP_1_CCCAGAGGAGGGCGTA-1	IU_PDA_NP10	Normal Pancreas	CC10	Normal Epithelial cells
PDACNP_1_CCCAGGTCTGAAGGCT-1	IU_PDA_NP10	Normal Pancreas	CC10	Normal Epithelial cells
PDACNP_1_CCCAGTAAACTTGGGA-1	IU_PDA_NP10	Normal Pancreas	CC10	Normal Epithelial cells
PDACNP_1_CCCGACCATAGTCCGC-1	IU_PDA_NP10	Normal Pancreas	CC10	Normal Epithelial cells
PDACNP_1_CCCGCAGCGCGAACTA-1	IU_PDA_NP10	Normal Pancreas	CC10	Normal Epithelial cells
PDACNP_1_CCCGCAGGGCCCAAAG-1	IU_PDA_NP10	Normal Pancreas	CC10	Normal Epithelial cells
PDACNP_1_CCCGCCATGCTCCCGT-1	IU_PDA_NP10	Normal Pancreas	CC10	Normal Epithelial cells
PDACNP_1_CCCGCGCAATGCACCC-1	IU_PDA_NP10	Normal Pancreas	CC2	Normal Epithelial cells
PDACNP_1_CCCGGCACGTGTCAGG-1	IU_PDA_NP10	Normal Pancreas	CC10	Normal Epithelial cells
PDACNP_1_CCCGGTGGAAGAACCT-1	IU_PDA_NP10	Normal Pancreas	CC10	Normal Epithelial cells
PDACNP_1_CCCGGTGTATCGGAAT-1	IU_PDA_NP10	Normal Pancreas	CC10	Normal Epithelial cells
PDACNP_1_CCCGTAGCTGGGAAGA-1	IU_PDA_NP10	Normal Pancreas	CC10	Normal Epithelial cells
PDACNP_1_CCCGTCAGCGTCTGAC-1	IU_PDA_NP10	Normal Pancreas	CC10	Normal Epithelial cells
PDACNP_1_CCCGTGACAGTGCCTT-1	IU_PDA_NP10	Normal Pancreas	CC10	Normal Epithelial cells
PDACNP_1_CCCGTGAGGGCGGTGA-1	IU_PDA_NP10	Normal Pancreas	CC10	Normal Epithelial cells
PDACNP_1_CCCGTGGGTTAATTGA-1	IU_PDA_NP10	Normal Pancreas	CC10	Normal Epithelial cells
PDACNP_1_CCCGTTTCGCAGATGT-1	IU_PDA_NP10	Normal Pancreas	CC10	Normal Epithelial cells
PDACNP_1_CCCTACCCACACCCAG-1	IU_PDA_NP10	Normal Pancreas	CC10	Normal Epithelial cells
PDACNP_1_CCCTACTTGAACAATG-1	IU_PDA_NP10	Normal Pancreas	CC10	Normal Epithelial cells
PDACNP_1_CCCTAGGCAACAAGAG-1	IU_PDA_NP10	Normal Pancreas	CC10	Normal Epithelial cells
PDACNP_1_CCCTAGTGTCAGGTGT-1	IU_PDA_NP10	Normal Pancreas	CC10	Normal Epithelial cells
PDACNP_1_CCCTCAAGCTCTTAGT-1	IU_PDA_NP10	Normal Pancreas	CC10	Normal Epithelial cells
PDACNP_1_CCCTCAGATCGAGAAC-1	IU_PDA_NP10	Normal Pancreas	CC10	Normal Epithelial cells
PDACNP_1_CCCTCATTCTGGAATT-1	IU_PDA_NP10	Normal Pancreas	CC10	Normal Epithelial cells
PDACNP_1_CCCTCCTCGCTCGTAT-1	IU_PDA_NP10	Normal Pancreas	CC10	Normal Epithelial cells
PDACNP_1_CCCTCGATAATACACA-1	IU_PDA_NP10	Normal Pancreas	CC10	Normal Epithelial cells
PDACNP_1_CCCTGATGTAACTCGT-1	IU_PDA_NP10	Normal Pancreas	CC3	Normal Epithelial cells
PDACNP_1_CCCTGGCTGTTCCTTC-1	IU_PDA_NP10	Normal Pancreas	CC10	Normal Epithelial cells
PDACNP_1_CCCTGTTGGCAAAGAC-1	IU_PDA_NP10	Normal Pancreas	CC3	Normal Epithelial cells
PDACNP_1_CCCTTTAATGGAGTTC-1	IU_PDA_NP10	Normal Pancreas	CC10	Normal Epithelial cells
PDACNP_1_CCCTTTGACAGGTCTT-1	IU_PDA_NP10	Normal Pancreas	CC10	Normal Epithelial cells
PDACNP_1_CCGAAAGTGGTGAGCA-1	IU_PDA_NP10	Normal Pancreas	CC2	Normal Epithelial cells
PDACNP_1_CCGAACACTGGGCCTC-1	IU_PDA_NP10	Normal Pancreas	CC10	Normal Epithelial cells
PDACNP_1_CCGAACCTTCCCGGCC-1	IU_PDA_NP10	Normal Pancreas	CC10	Normal Epithelial cells
PDACNP_1_CCGAAGCATTGACCAA-1	IU_PDA_NP10	Normal Pancreas	CC10	Normal Epithelial cells
PDACNP_1_CCGAAGTATATTGTTC-1	IU_PDA_NP10	Normal Pancreas	CC10	Normal Epithelial cells
PDACNP_1_CCGACAAACACATGAG-1	IU_PDA_NP10	Normal Pancreas	CC10	Normal Epithelial cells
PDACNP_1_CCGACAATAGGCCGCC-1	IU_PDA_NP10	Normal Pancreas	CC10	Normal Epithelial cells
PDACNP_1_CCGACGGGCATGAGGT-1	IU_PDA_NP10	Normal Pancreas	CC10	Normal Epithelial cells
PDACNP_1_CCGAGCTGTGCTTGTC-1	IU_PDA_NP10	Normal Pancreas	CC10	Normal Epithelial cells
PDACNP_1_CCGATCTCAACCTTAT-1	IU_PDA_NP10	Normal Pancreas	CC10	Normal Epithelial cells
PDACNP_1_CCGCACAAAGACCAAC-1	IU_PDA_NP10	Normal Pancreas	CC10	Normal Epithelial cells
PDACNP_1_CCGCACGTGACCTCGG-1	IU_PDA_NP10	Normal Pancreas	CC10	Normal Epithelial cells
PDACNP_1_CCGCATGTGGTACGAT-1	IU_PDA_NP10	Normal Pancreas	CC10	Normal Epithelial cells
PDACNP_1_CCGCCGGAACTTCTCG-1	IU_PDA_NP10	Normal Pancreas	CC10	Normal Epithelial cells
PDACNP_1_CCGCCGGTCAACACAC-1	IU_PDA_NP10	Normal Pancreas	CC10	Normal Epithelial cells
PDACNP_1_CCGCCTGCGAATTGGT-1	IU_PDA_NP10	Normal Pancreas	CC10	Normal Epithelial cells
PDACNP_1_CCGCCTTGCGATGTCG-1	IU_PDA_NP10	Normal Pancreas	CC10	Normal Epithelial cells
PDACNP_1_CCGCGATTTGGTAGGT-1	IU_PDA_NP10	Normal Pancreas	CC10	Normal Epithelial cells
PDACNP_1_CCGCGGGTACGAAGAA-1	IU_PDA_NP10	Normal Pancreas	CC10	Normal Epithelial cells
PDACNP_1_CCGCGTAGGTAAGGGC-1	IU_PDA_NP10	Normal Pancreas	CC10	Normal Epithelial cells
PDACNP_1_CCGCTATCAGCACCAG-1	IU_PDA_NP10	Normal Pancreas	CC10	Normal Epithelial cells
PDACNP_1_CCGCTCCAGGGCGATC-1	IU_PDA_NP10	Normal Pancreas	CC10	Normal Epithelial cells
PDACNP_1_CCGCTCCGGATAAGCT-1	IU_PDA_NP10	Normal Pancreas	CC10	Normal Epithelial cells
PDACNP_1_CCGCTCTTCCGAACTA-1	IU_PDA_NP10	Normal Pancreas	CC10	Normal Epithelial cells
PDACNP_1_CCGCTTGCTGACATGG-1	IU_PDA_NP10	Normal Pancreas	CC10	Normal Epithelial cells
PDACNP_1_CCGGAAGTGCAATATG-1	IU_PDA_NP10	Normal Pancreas	CC10	Normal Epithelial cells
PDACNP_1_CCGGAATGGTTTCAGT-1	IU_PDA_NP10	Normal Pancreas	CC10	Normal Epithelial cells
PDACNP_1_CCGGCACGACCGTTTC-1	IU_PDA_NP10	Normal Pancreas	CC10	Normal Epithelial cells
PDACNP_1_CCGGCCGCGAGCATAT-1	IU_PDA_NP10	Normal Pancreas	CC10	Normal Epithelial cells
PDACNP_1_CCGGCGCATATTGGAT-1	IU_PDA_NP10	Normal Pancreas	CC10	Normal Epithelial cells
PDACNP_1_CCGGCGTGAGACTCTG-1	IU_PDA_NP10	Normal Pancreas	CC10	Normal Epithelial cells
PDACNP_1_CCGGGACCCGCAGAGA-1	IU_PDA_NP10	Normal Pancreas	CC10	Normal Epithelial cells
PDACNP_1_CCGGGCGGTCTCGTCA-1	IU_PDA_NP10	Normal Pancreas	CC10	Normal Epithelial cells
PDACNP_1_CCGGGCTAAGAATTTC-1	IU_PDA_NP10	Normal Pancreas	CC10	Normal Epithelial cells
PDACNP_1_CCGGGCTGCTCCATAC-1	IU_PDA_NP10	Normal Pancreas	CC10	Normal Epithelial cells
PDACNP_1_CCGGTTTGTAATTGTG-1	IU_PDA_NP10	Normal Pancreas	CC10	Normal Epithelial cells
PDACNP_1_CCGTAAGTTGGTCCCA-1	IU_PDA_NP10	Normal Pancreas	CC10	Normal Epithelial cells
PDACNP_1_CCGTACCCAAGCGCCA-1	IU_PDA_NP10	Normal Pancreas	CC10	Normal Epithelial cells
PDACNP_1_CCGTAGGGTTGTTTAC-1	IU_PDA_NP10	Normal Pancreas	CC10	Normal Epithelial cells
PDACNP_1_CCGTGCCCATGACGGC-1	IU_PDA_NP10	Normal Pancreas	CC10	Normal Epithelial cells
PDACNP_1_CCGTGGAACGATCCAA-1	IU_PDA_NP10	Normal Pancreas	CC10	Normal Epithelial cells
PDACNP_1_CCGTGTTAAATTCCAT-1	IU_PDA_NP10	Normal Pancreas	CC10	Normal Epithelial cells
PDACNP_1_CCGTTACGTTAGAACA-1	IU_PDA_NP10	Normal Pancreas	CC10	Normal Epithelial cells
PDACNP_1_CCTAAAGGCTGACGCT-1	IU_PDA_NP10	Normal Pancreas	CC10	Normal Epithelial cells
PDACNP_1_CCTAACCCAAACAAGT-1	IU_PDA_NP10	Normal Pancreas	CC10	Normal Epithelial cells
PDACNP_1_CCTAACTAAGGCTCTA-1	IU_PDA_NP10	Normal Pancreas	CC10	Normal Epithelial cells
PDACNP_1_CCTACATTCACAGACG-1	IU_PDA_NP10	Normal Pancreas	CC10	Normal Epithelial cells
PDACNP_1_CCTACGGCTCAGTCGA-1	IU_PDA_NP10	Normal Pancreas	CC2	Normal Epithelial cells
PDACNP_1_CCTACTGCTTACACTT-1	IU_PDA_NP10	Normal Pancreas	CC10	Normal Epithelial cells
PDACNP_1_CCTAGGCGTAGCGATC-1	IU_PDA_NP10	Normal Pancreas	CC10	Normal Epithelial cells
PDACNP_1_CCTAGGTAAAGGTAGC-1	IU_PDA_NP10	Normal Pancreas	CC10	Normal Epithelial cells
PDACNP_1_CCTAGTTAGTCGCATG-1	IU_PDA_NP10	Normal Pancreas	CC10	Normal Epithelial cells
PDACNP_1_CCTATAATGAGTGCCC-1	IU_PDA_NP10	Normal Pancreas	CC10	Normal Epithelial cells
PDACNP_1_CCTATACCGTCCTGTC-1	IU_PDA_NP10	Normal Pancreas	CC10	Normal Epithelial cells
PDACNP_1_CCTATATCGTGTCACG-1	IU_PDA_NP10	Normal Pancreas	CC10	Normal Epithelial cells
PDACNP_1_CCTATATTTGTCCTGG-1	IU_PDA_NP10	Normal Pancreas	CC10	Normal Epithelial cells
PDACNP_1_CCTATCTATATCGGAA-1	IU_PDA_NP10	Normal Pancreas	CC10	Normal Epithelial cells
PDACNP_1_CCTATGAAGTGGTGCC-1	IU_PDA_NP10	Normal Pancreas	CC10	Normal Epithelial cells
PDACNP_1_CCTATGGCTCCTAGTG-1	IU_PDA_NP10	Normal Pancreas	CC10	Normal Epithelial cells
PDACNP_1_CCTATGGGTTACCGTC-1	IU_PDA_NP10	Normal Pancreas	CC10	Normal Epithelial cells
PDACNP_1_CCTATGGTCAAAGCTG-1	IU_PDA_NP10	Normal Pancreas	CC10	Normal Epithelial cells
PDACNP_1_CCTATGTCCACTCCAC-1	IU_PDA_NP10	Normal Pancreas	CC10	Normal Epithelial cells
PDACNP_1_CCTCAACGATCGCTGT-1	IU_PDA_NP10	Normal Pancreas	CC10	Normal Epithelial cells
PDACNP_1_CCTCACCAATCTTGAC-1	IU_PDA_NP10	Normal Pancreas	CC10	Normal Epithelial cells
PDACNP_1_CCTCACCTGAGGGAGC-1	IU_PDA_NP10	Normal Pancreas	CC10	Normal Epithelial cells
PDACNP_1_CCTCACCTTAGCATCG-1	IU_PDA_NP10	Normal Pancreas	CC10	Normal Epithelial cells
PDACNP_1_CCTCATGCAGCTACGA-1	IU_PDA_NP10	Normal Pancreas	CC10	Normal Epithelial cells
PDACNP_1_CCTCCCGACAATCCCT-1	IU_PDA_NP10	Normal Pancreas	CC10	Normal Epithelial cells
PDACNP_1_CCTCCGACAATTCAAG-1	IU_PDA_NP10	Normal Pancreas	CC10	Normal Epithelial cells
PDACNP_1_CCTCCTGTTGTGTCGT-1	IU_PDA_NP10	Normal Pancreas	CC10	Normal Epithelial cells
PDACNP_1_CCTCGAAGTGGACGGG-1	IU_PDA_NP10	Normal Pancreas	CC10	Normal Epithelial cells
PDACNP_1_CCTCGCCAGCAAATTA-1	IU_PDA_NP10	Normal Pancreas	CC10	Normal Epithelial cells
PDACNP_1_CCTCGCGCGATATAGG-1	IU_PDA_NP10	Normal Pancreas	CC10	Normal Epithelial cells
PDACNP_1_CCTCGGACCGGGATAG-1	IU_PDA_NP10	Normal Pancreas	CC10	Normal Epithelial cells
PDACNP_1_CCTCGGATGCTACCTG-1	IU_PDA_NP10	Normal Pancreas	CC10	Normal Epithelial cells
PDACNP_1_CCTCGGTTTCCTTGCC-1	IU_PDA_NP10	Normal Pancreas	CC10	Normal Epithelial cells
PDACNP_1_CCTCTAATCTGCCAAG-1	IU_PDA_NP10	Normal Pancreas	CC10	Normal Epithelial cells
PDACNP_1_CCTCTACAAGGATTGG-1	IU_PDA_NP10	Normal Pancreas	CC10	Normal Epithelial cells
PDACNP_1_CCTCTATCGATTAGCA-1	IU_PDA_NP10	Normal Pancreas	CC10	Normal Epithelial cells
PDACNP_1_CCTCTGGCCTAGACGG-1	IU_PDA_NP10	Normal Pancreas	CC10	Normal Epithelial cells
PDACNP_1_CCTCTGTACTATTCTA-1	IU_PDA_NP10	Normal Pancreas	CC10	Normal Epithelial cells
PDACNP_1_CCTGAACGATATATTC-1	IU_PDA_NP10	Normal Pancreas	CC10	Normal Epithelial cells
PDACNP_1_CCTGAATATTTACATA-1	IU_PDA_NP10	Normal Pancreas	CC10	Normal Epithelial cells
PDACNP_1_CCTGACAAACTCGCGC-1	IU_PDA_NP10	Normal Pancreas	CC10	Normal Epithelial cells
PDACNP_1_CCTGAGAATAAATGCA-1	IU_PDA_NP10	Normal Pancreas	CC10	Normal Epithelial cells
PDACNP_1_CCTGATTCGCGAAGAA-1	IU_PDA_NP10	Normal Pancreas	CC10	Normal Epithelial cells
PDACNP_1_CCTGCGATAGAACTGT-1	IU_PDA_NP10	Normal Pancreas	CC10	Normal Epithelial cells
PDACNP_1_CCTGCTACAACCATAC-1	IU_PDA_NP10	Normal Pancreas	CC10	Normal Epithelial cells
PDACNP_1_CCTGCTATTTGAGAAG-1	IU_PDA_NP10	Normal Pancreas	CC10	Normal Epithelial cells
PDACNP_1_CCTGGTCGAATGTGGG-1	IU_PDA_NP10	Normal Pancreas	CC10	Normal Epithelial cells
PDACNP_1_CCTGTCACCCGGGCTC-1	IU_PDA_NP10	Normal Pancreas	CC10	Normal Epithelial cells
PDACNP_1_CCTGTTCAACCTCGGG-1	IU_PDA_NP10	Normal Pancreas	CC10	Normal Epithelial cells
PDACNP_1_CCTTAAGTACGCAATT-1	IU_PDA_NP10	Normal Pancreas	CC10	Normal Epithelial cells
PDACNP_1_CCTTCAGTTAAAGTGA-1	IU_PDA_NP10	Normal Pancreas	CC10	Normal Epithelial cells
PDACNP_1_CCTTCCGCAACGCTGC-1	IU_PDA_NP10	Normal Pancreas	CC10	Normal Epithelial cells
PDACNP_1_CCTTCGTATAGAATCC-1	IU_PDA_NP10	Normal Pancreas	CC10	Normal Epithelial cells
PDACNP_1_CCTTCTTGATCCAGTG-1	IU_PDA_NP10	Normal Pancreas	CC10	Normal Epithelial cells
PDACNP_1_CCTTGACCACTTTATT-1	IU_PDA_NP10	Normal Pancreas	CC10	Normal Epithelial cells
PDACNP_1_CCTTGTGAACGTGGTT-1	IU_PDA_NP10	Normal Pancreas	CC10	Normal Epithelial cells
PDACNP_1_CCTTTAAGGGAGCACT-1	IU_PDA_NP10	Normal Pancreas	CC10	Normal Epithelial cells
PDACNP_1_CCTTTCAATGAAGAAA-1	IU_PDA_NP10	Normal Pancreas	CC10	Normal Epithelial cells
PDACNP_1_CCTTTGAATTATGGCT-1	IU_PDA_NP10	Normal Pancreas	CC10	Normal Epithelial cells
PDACNP_1_CGAAACATAGATGGCA-1	IU_PDA_NP10	Normal Pancreas	CC10	Normal Epithelial cells
PDACNP_1_CGAACAGTATGGGCGT-1	IU_PDA_NP10	Normal Pancreas	CC10	Normal Epithelial cells
PDACNP_1_CGAACCCGCATGCGTC-1	IU_PDA_NP10	Normal Pancreas	CC10	Normal Epithelial cells
PDACNP_1_CGAACCTCTTTCCTAG-1	IU_PDA_NP10	Normal Pancreas	CC10	Normal Epithelial cells
PDACNP_1_CGAACGCCCAGTGCCG-1	IU_PDA_NP10	Normal Pancreas	CC10	Normal Epithelial cells
PDACNP_1_CGAACGGCCGGACAAC-1	IU_PDA_NP10	Normal Pancreas	CC10	Normal Epithelial cells
PDACNP_1_CGAAGGGTTTCAGATT-1	IU_PDA_NP10	Normal Pancreas	CC10	Normal Epithelial cells
PDACNP_1_CGAAGTTGCTCTGTGT-1	IU_PDA_NP10	Normal Pancreas	CC10	Normal Epithelial cells
PDACNP_1_CGAATGACGCATAATG-1	IU_PDA_NP10	Normal Pancreas	CC10	Normal Epithelial cells
PDACNP_1_CGAATGGTAGGTCGTC-1	IU_PDA_NP10	Normal Pancreas	CC10	Normal Epithelial cells
PDACNP_1_CGACACCGCTTAAGGA-1	IU_PDA_NP10	Normal Pancreas	CC10	Normal Epithelial cells
PDACNP_1_CGACACGCTCCGACAG-1	IU_PDA_NP10	Normal Pancreas	CC10	Normal Epithelial cells
PDACNP_1_CGACATGCGATCTTCT-1	IU_PDA_NP10	Normal Pancreas	CC10	Normal Epithelial cells
PDACNP_1_CGACCCTTAACGCCGG-1	IU_PDA_NP10	Normal Pancreas	CC10	Normal Epithelial cells
PDACNP_1_CGACCTACTAGACAAT-1	IU_PDA_NP10	Normal Pancreas	CC10	Normal Epithelial cells
PDACNP_1_CGACGCATCCGTACCT-1	IU_PDA_NP10	Normal Pancreas	CC10	Normal Epithelial cells
PDACNP_1_CGACTCAGGATGTTAT-1	IU_PDA_NP10	Normal Pancreas	CC10	Normal Epithelial cells
PDACNP_1_CGACTTTGTATAGCCT-1	IU_PDA_NP10	Normal Pancreas	CC10	Normal Epithelial cells
PDACNP_1_CGAGACTACTGCTGCT-1	IU_PDA_NP10	Normal Pancreas	CC10	Normal Epithelial cells
PDACNP_1_CGAGAGATGTGAACCT-1	IU_PDA_NP10	Normal Pancreas	CC10	Normal Epithelial cells
PDACNP_1_CGAGAGCGCGTAGATA-1	IU_PDA_NP10	Normal Pancreas	CC10	Normal Epithelial cells
PDACNP_1_CGAGAGCTTTCACTAC-1	IU_PDA_NP10	Normal Pancreas	CC10	Normal Epithelial cells
PDACNP_1_CGAGAGGGTAGCCGCG-1	IU_PDA_NP10	Normal Pancreas	CC10	Normal Epithelial cells
PDACNP_1_CGAGATTTCGCTCGGG-1	IU_PDA_NP10	Normal Pancreas	CC10	Normal Epithelial cells
PDACNP_1_CGAGCTGGGCTTTAGG-1	IU_PDA_NP10	Normal Pancreas	CC10	Normal Epithelial cells
PDACNP_1_CGAGGCCAGGCATTGG-1	IU_PDA_NP10	Normal Pancreas	CC2	Normal Epithelial cells
PDACNP_1_CGAGGCTAAATATGGC-1	IU_PDA_NP10	Normal Pancreas	CC10	Normal Epithelial cells
PDACNP_1_CGAGGGACTGCGGTCG-1	IU_PDA_NP10	Normal Pancreas	CC10	Normal Epithelial cells
PDACNP_1_CGAGTGAAGGTACCAG-1	IU_PDA_NP10	Normal Pancreas	CC10	Normal Epithelial cells
PDACNP_1_CGAGTGCTATAGTTCG-1	IU_PDA_NP10	Normal Pancreas	CC10	Normal Epithelial cells
PDACNP_1_CGAGTTCTGTCCCACC-1	IU_PDA_NP10	Normal Pancreas	CC10	Normal Epithelial cells
PDACNP_1_CGAGTTTATCGGACTG-1	IU_PDA_NP10	Normal Pancreas	CC10	Normal Epithelial cells
PDACNP_1_CGATAGTCGTACTGCA-1	IU_PDA_NP10	Normal Pancreas	CC10	Normal Epithelial cells
PDACNP_1_CGATCCACCATTGTTG-1	IU_PDA_NP10	Normal Pancreas	CC10	Normal Epithelial cells
PDACNP_1_CGATCCTCGCAACATA-1	IU_PDA_NP10	Normal Pancreas	CC10	Normal Epithelial cells
PDACNP_1_CGATCTGTTGGAGGAC-1	IU_PDA_NP10	Normal Pancreas	CC10	Normal Epithelial cells
PDACNP_1_CGATGGACCCTACGCC-1	IU_PDA_NP10	Normal Pancreas	CC10	Normal Epithelial cells
PDACNP_1_CGATGTTGTTATCTAC-1	IU_PDA_NP10	Normal Pancreas	CC10	Normal Epithelial cells
PDACNP_1_CGATTAAATATCTCCT-1	IU_PDA_NP10	Normal Pancreas	CC10	Normal Epithelial cells
PDACNP_1_CGATTCGCCTGGCTGC-1	IU_PDA_NP10	Normal Pancreas	CC10	Normal Epithelial cells
PDACNP_1_CGATTTGTCATTAATG-1	IU_PDA_NP10	Normal Pancreas	CC10	Normal Epithelial cells
PDACNP_1_CGCAAACACGAGTTAC-1	IU_PDA_NP10	Normal Pancreas	CC10	Normal Epithelial cells
PDACNP_1_CGCAATTCTACAATAA-1	IU_PDA_NP10	Normal Pancreas	CC10	Normal Epithelial cells
PDACNP_1_CGCACATGTCCACTAC-1	IU_PDA_NP10	Normal Pancreas	CC10	Normal Epithelial cells
PDACNP_1_CGCACGTCTGTTTATG-1	IU_PDA_NP10	Normal Pancreas	CC10	Normal Epithelial cells
PDACNP_1_CGCACGTGCGCTATCA-1	IU_PDA_NP10	Normal Pancreas	CC10	Normal Epithelial cells
PDACNP_1_CGCAGAAACATTTGCG-1	IU_PDA_NP10	Normal Pancreas	CC10	Normal Epithelial cells
PDACNP_1_CGCAGATCTTCACCCG-1	IU_PDA_NP10	Normal Pancreas	CC10	Normal Epithelial cells
PDACNP_1_CGCAGTTCTATCTTTC-1	IU_PDA_NP10	Normal Pancreas	CC10	Normal Epithelial cells
PDACNP_1_CGCATCATGGCTTCAG-1	IU_PDA_NP10	Normal Pancreas	CC10	Normal Epithelial cells
PDACNP_1_CGCATGCCGAATGCGT-1	IU_PDA_NP10	Normal Pancreas	CC10	Normal Epithelial cells
PDACNP_1_CGCATTAGCTAATAGG-1	IU_PDA_NP10	Normal Pancreas	CC10	Normal Epithelial cells
PDACNP_1_CGCCACAGGTCGCGAT-1	IU_PDA_NP10	Normal Pancreas	CC10	Normal Epithelial cells
PDACNP_1_CGCCACCCGCATTAAC-1	IU_PDA_NP10	Normal Pancreas	CC10	Normal Epithelial cells
PDACNP_1_CGCCATCCGATTATGA-1	IU_PDA_NP10	Normal Pancreas	CC10	Normal Epithelial cells
PDACNP_1_CGCCCAGCACGCCTAG-1	IU_PDA_NP10	Normal Pancreas	CC10	Normal Epithelial cells
PDACNP_1_CGCCCAGCGTTTCACG-1	IU_PDA_NP10	Normal Pancreas	CC10	Normal Epithelial cells
PDACNP_1_CGCCCGCTTCCGTACA-1	IU_PDA_NP10	Normal Pancreas	CC10	Normal Epithelial cells
PDACNP_1_CGCCCTTGAAGGCTGA-1	IU_PDA_NP10	Normal Pancreas	CC10	Normal Epithelial cells
PDACNP_1_CGCCGACTATTCGCTA-1	IU_PDA_NP10	Normal Pancreas	CC10	Normal Epithelial cells
PDACNP_1_CGCCGTTCAGCATAGT-1	IU_PDA_NP10	Normal Pancreas	CC10	Normal Epithelial cells
PDACNP_1_CGCGAAGTGGCATACT-1	IU_PDA_NP10	Normal Pancreas	CC10	Normal Epithelial cells
PDACNP_1_CGCGACACTGCGCAGC-1	IU_PDA_NP10	Normal Pancreas	CC10	Normal Epithelial cells
PDACNP_1_CGCGAGTCTGCCGGGT-1	IU_PDA_NP10	Normal Pancreas	CC10	Normal Epithelial cells
PDACNP_1_CGCGCAAATGTCCAGA-1	IU_PDA_NP10	Normal Pancreas	CC10	Normal Epithelial cells
PDACNP_1_CGCGCATGTTTGATTG-1	IU_PDA_NP10	Normal Pancreas	CC10	Normal Epithelial cells
PDACNP_1_CGCGCCCGACTTAATA-1	IU_PDA_NP10	Normal Pancreas	CC10	Normal Epithelial cells
PDACNP_1_CGCGGCAGTATTACGG-1	IU_PDA_NP10	Normal Pancreas	CC10	Normal Epithelial cells
PDACNP_1_CGCGGGAATTAGGCAG-1	IU_PDA_NP10	Normal Pancreas	CC10	Normal Epithelial cells
PDACNP_1_CGCGTGCTATCAACGA-1	IU_PDA_NP10	Normal Pancreas	CC10	Normal Epithelial cells
PDACNP_1_CGCGTGGGCCTGTGTT-1	IU_PDA_NP10	Normal Pancreas	CC10	Normal Epithelial cells
PDACNP_1_CGCGTTCATGAAATAC-1	IU_PDA_NP10	Normal Pancreas	CC10	Normal Epithelial cells
PDACNP_1_CGCTAGAGACCGCTGC-1	IU_PDA_NP10	Normal Pancreas	CC10	Normal Epithelial cells
PDACNP_1_CGCTATTCAATGTATG-1	IU_PDA_NP10	Normal Pancreas	CC2	Normal Epithelial cells
PDACNP_1_CGCTCGACATAATGAT-1	IU_PDA_NP10	Normal Pancreas	CC10	Normal Epithelial cells
PDACNP_1_CGCTGTGACGCCGCAC-1	IU_PDA_NP10	Normal Pancreas	CC10	Normal Epithelial cells
PDACNP_1_CGCTGTGTGGATGTTG-1	IU_PDA_NP10	Normal Pancreas	CC10	Normal Epithelial cells
PDACNP_1_CGCTTAGTATTGATAC-1	IU_PDA_NP10	Normal Pancreas	CC10	Normal Epithelial cells
PDACNP_1_CGCTTATTCCCGGTCG-1	IU_PDA_NP10	Normal Pancreas	CC10	Normal Epithelial cells
PDACNP_1_CGCTTTCATACCGGTG-1	IU_PDA_NP10	Normal Pancreas	CC10	Normal Epithelial cells
PDACNP_1_CGCTTTCTTGCATTCG-1	IU_PDA_NP10	Normal Pancreas	CC10	Normal Epithelial cells
PDACNP_1_CGGAAAGAATCAAACG-1	IU_PDA_NP10	Normal Pancreas	CC10	Normal Epithelial cells
PDACNP_1_CGGAAAGCAAATGTGC-1	IU_PDA_NP10	Normal Pancreas	CC10	Normal Epithelial cells
PDACNP_1_CGGAACGTAAACATAG-1	IU_PDA_NP10	Normal Pancreas	CC10	Normal Epithelial cells
PDACNP_1_CGGACCTTTACGTCCC-1	IU_PDA_NP10	Normal Pancreas	CC10	Normal Epithelial cells
PDACNP_1_CGGACGTTACTTGAAG-1	IU_PDA_NP10	Normal Pancreas	CC10	Normal Epithelial cells
PDACNP_1_CGGAGCAATTTAATCG-1	IU_PDA_NP10	Normal Pancreas	CC10	Normal Epithelial cells
PDACNP_1_CGGAGCTTATAACACC-1	IU_PDA_NP10	Normal Pancreas	CC10	Normal Epithelial cells
PDACNP_1_CGGAGTTTGAGAGACA-1	IU_PDA_NP10	Normal Pancreas	CC10	Normal Epithelial cells
PDACNP_1_CGGATAAGCGGACATG-1	IU_PDA_NP10	Normal Pancreas	CC10	Normal Epithelial cells
PDACNP_1_CGGATCCTCAAGGACT-1	IU_PDA_NP10	Normal Pancreas	CC10	Normal Epithelial cells
PDACNP_1_CGGATGAATGCTGTGA-1	IU_PDA_NP10	Normal Pancreas	CC10	Normal Epithelial cells
PDACNP_1_CGGCAAACATCGTGCG-1	IU_PDA_NP10	Normal Pancreas	CC10	Normal Epithelial cells
PDACNP_1_CGGCAATAAGATCGCC-1	IU_PDA_NP10	Normal Pancreas	CC10	Normal Epithelial cells
PDACNP_1_CGGCACCGTTAGCGCC-1	IU_PDA_NP10	Normal Pancreas	CC10	Normal Epithelial cells
PDACNP_1_CGGCAGGGTCGGGTTG-1	IU_PDA_NP10	Normal Pancreas	CC10	Normal Epithelial cells
PDACNP_1_CGGCCACGCACAAAGT-1	IU_PDA_NP10	Normal Pancreas	CC10	Normal Epithelial cells
PDACNP_1_CGGCCAGAGCGACCAT-1	IU_PDA_NP10	Normal Pancreas	CC10	Normal Epithelial cells
PDACNP_1_CGGCCCAACCTGTAGT-1	IU_PDA_NP10	Normal Pancreas	CC10	Normal Epithelial cells
PDACNP_1_CGGCTTTGTATGATAA-1	IU_PDA_NP10	Normal Pancreas	CC10	Normal Epithelial cells
PDACNP_1_CGGGAGCTTCAGTGTA-1	IU_PDA_NP10	Normal Pancreas	CC10	Normal Epithelial cells
PDACNP_1_CGGGAGTATACCGCCG-1	IU_PDA_NP10	Normal Pancreas	CC10	Normal Epithelial cells
PDACNP_1_CGGGATCAATGTAAGA-1	IU_PDA_NP10	Normal Pancreas	CC10	Normal Epithelial cells
PDACNP_1_CGGGCAGCTAAACCGC-1	IU_PDA_NP10	Normal Pancreas	CC10	Normal Epithelial cells
PDACNP_1_CGGGCCATAGCCGCAC-1	IU_PDA_NP10	Normal Pancreas	CC3	Normal Epithelial cells
PDACNP_1_CGGGCGATGGATCACG-1	IU_PDA_NP10	Normal Pancreas	CC10	Normal Epithelial cells
PDACNP_1_CGGGTGTACCCATTTA-1	IU_PDA_NP10	Normal Pancreas	CC10	Normal Epithelial cells
PDACNP_1_CGGGTTTGTTAGGGCT-1	IU_PDA_NP10	Normal Pancreas	CC10	Normal Epithelial cells
PDACNP_1_CGGTACGGCAAACCCA-1	IU_PDA_NP10	Normal Pancreas	CC10	Normal Epithelial cells
PDACNP_1_CGGTAGAGGTGCAGGT-1	IU_PDA_NP10	Normal Pancreas	CC10	Normal Epithelial cells
PDACNP_1_CGGTATGGGCACTCTG-1	IU_PDA_NP10	Normal Pancreas	CC10	Normal Epithelial cells
PDACNP_1_CGGTCAAGTGGGAACC-1	IU_PDA_NP10	Normal Pancreas	CC10	Normal Epithelial cells
PDACNP_1_CGGTCCGTCGCAAGCC-1	IU_PDA_NP10	Normal Pancreas	CC10	Normal Epithelial cells
PDACNP_1_CGGTCTATCAACCCGT-1	IU_PDA_NP10	Normal Pancreas	CC10	Normal Epithelial cells
PDACNP_1_CGGTGCGCGTTGGTCC-1	IU_PDA_NP10	Normal Pancreas	CC10	Normal Epithelial cells
PDACNP_1_CGGTGGGCTCCAGCCT-1	IU_PDA_NP10	Normal Pancreas	CC10	Normal Epithelial cells
PDACNP_1_CGGTGTACTTGATCCC-1	IU_PDA_NP10	Normal Pancreas	CC2	Normal Epithelial cells
PDACNP_1_CGGTTATCCAACAGTG-1	IU_PDA_NP10	Normal Pancreas	CC10	Normal Epithelial cells
PDACNP_1_CGGTTCAAGTAGGTGT-1	IU_PDA_NP10	Normal Pancreas	CC10	Normal Epithelial cells
PDACNP_1_CGGTTCCGGCTTCTTG-1	IU_PDA_NP10	Normal Pancreas	CC10	Normal Epithelial cells
PDACNP_1_CGGTTGAGTATCCTTC-1	IU_PDA_NP10	Normal Pancreas	CC10	Normal Epithelial cells
PDACNP_1_CGGTTGGGCAGGGTCC-1	IU_PDA_NP10	Normal Pancreas	CC10	Normal Epithelial cells
PDACNP_1_CGTAAACGCTTGAGTG-1	IU_PDA_NP10	Normal Pancreas	CC10	Normal Epithelial cells
PDACNP_1_CGTAAAGCAAGAAATC-1	IU_PDA_NP10	Normal Pancreas	CC10	Normal Epithelial cells
PDACNP_1_CGTAACTTCGACACTT-1	IU_PDA_NP10	Normal Pancreas	CC10	Normal Epithelial cells
PDACNP_1_CGTACCGAAAGTCTAG-1	IU_PDA_NP10	Normal Pancreas	CC2	Normal Epithelial cells
PDACNP_1_CGTACCTGATAGGCCT-1	IU_PDA_NP10	Normal Pancreas	CC10	Normal Epithelial cells
PDACNP_1_CGTAGAGAGTAATTAT-1	IU_PDA_NP10	Normal Pancreas	CC10	Normal Epithelial cells
PDACNP_1_CGTAGCGAATTGTCAG-1	IU_PDA_NP10	Normal Pancreas	CC10	Normal Epithelial cells
PDACNP_1_CGTAGCGCCGACGTTG-1	IU_PDA_NP10	Normal Pancreas	CC10	Normal Epithelial cells
PDACNP_1_CGTATTAAGAGATCTA-1	IU_PDA_NP10	Normal Pancreas	CC10	Normal Epithelial cells
PDACNP_1_CGTCAAGGCTATAAAT-1	IU_PDA_NP10	Normal Pancreas	CC10	Normal Epithelial cells
PDACNP_1_CGTCAATCTTTAACAT-1	IU_PDA_NP10	Normal Pancreas	CC3	Normal Epithelial cells
PDACNP_1_CGTCACGTCCATTGGT-1	IU_PDA_NP10	Normal Pancreas	CC10	Normal Epithelial cells
PDACNP_1_CGTCAGCTATTTACTC-1	IU_PDA_NP10	Normal Pancreas	CC10	Normal Epithelial cells
PDACNP_1_CGTCAGTGCGCACAAG-1	IU_PDA_NP10	Normal Pancreas	CC10	Normal Epithelial cells
PDACNP_1_CGTCATACCATATCCA-1	IU_PDA_NP10	Normal Pancreas	CC10	Normal Epithelial cells
PDACNP_1_CGTCCTCATCGCGTGC-1	IU_PDA_NP10	Normal Pancreas	CC10	Normal Epithelial cells
PDACNP_1_CGTCGCATGTGAGCCA-1	IU_PDA_NP10	Normal Pancreas	CC10	Normal Epithelial cells
PDACNP_1_CGTCGCTTGGTTATAC-1	IU_PDA_NP10	Normal Pancreas	CC10	Normal Epithelial cells
PDACNP_1_CGTCGGATAGTGTTGA-1	IU_PDA_NP10	Normal Pancreas	CC10	Normal Epithelial cells
PDACNP_1_CGTCGGGTCTAAGCGC-1	IU_PDA_NP10	Normal Pancreas	CC10	Normal Epithelial cells
PDACNP_1_CGTCGTCCTTCGCGAA-1	IU_PDA_NP10	Normal Pancreas	CC10	Normal Epithelial cells
PDACNP_1_CGTCTGGAAGGGCCCG-1	IU_PDA_NP10	Normal Pancreas	CC10	Normal Epithelial cells
PDACNP_1_CGTGACCAGTCCTCTG-1	IU_PDA_NP10	Normal Pancreas	CC10	Normal Epithelial cells
PDACNP_1_CGTGCACACCACTGTA-1	IU_PDA_NP10	Normal Pancreas	CC10	Normal Epithelial cells
PDACNP_1_CGTGCAGACTGGGACA-1	IU_PDA_NP10	Normal Pancreas	CC10	Normal Epithelial cells
PDACNP_1_CGTGCTGGCCTAGTCG-1	IU_PDA_NP10	Normal Pancreas	CC10	Normal Epithelial cells
PDACNP_1_CGTGCTTCTACCTAAA-1	IU_PDA_NP10	Normal Pancreas	CC10	Normal Epithelial cells
PDACNP_1_CGTGGTACCCAAAGGC-1	IU_PDA_NP10	Normal Pancreas	CC10	Normal Epithelial cells
PDACNP_1_CGTGTATGGGAGCTGA-1	IU_PDA_NP10	Normal Pancreas	CC10	Normal Epithelial cells
PDACNP_1_CGTGTCTCGTTACGAC-1	IU_PDA_NP10	Normal Pancreas	CC10	Normal Epithelial cells
PDACNP_1_CGTTAAATACGACCAG-1	IU_PDA_NP10	Normal Pancreas	CC10	Normal Epithelial cells
PDACNP_1_CGTTAATGTCCCGACG-1	IU_PDA_NP10	Normal Pancreas	CC10	Normal Epithelial cells
PDACNP_1_CGTTAGCTCACAACTG-1	IU_PDA_NP10	Normal Pancreas	CC10	Normal Epithelial cells
PDACNP_1_CGTTATCATACTTCCA-1	IU_PDA_NP10	Normal Pancreas	CC10	Normal Epithelial cells
PDACNP_1_CGTTCAAGGAAACGGA-1	IU_PDA_NP10	Normal Pancreas	CC10	Normal Epithelial cells
PDACNP_1_CGTTCAGACCCGCGAA-1	IU_PDA_NP10	Normal Pancreas	CC10	Normal Epithelial cells
PDACNP_1_CGTTCATGGTGCGCGT-1	IU_PDA_NP10	Normal Pancreas	CC10	Normal Epithelial cells
PDACNP_1_CGTTCTTCGCACACCT-1	IU_PDA_NP10	Normal Pancreas	CC10	Normal Epithelial cells
PDACNP_1_CGTTGAATACCGCGCT-1	IU_PDA_NP10	Normal Pancreas	CC10	Normal Epithelial cells
PDACNP_1_CGTTGAGTAATTGCGT-1	IU_PDA_NP10	Normal Pancreas	CC7	Normal Epithelial cells
PDACNP_1_CGTTGCCCGCGTGGGA-1	IU_PDA_NP10	Normal Pancreas	CC10	Normal Epithelial cells
PDACNP_1_CGTTGTAAACGTCAGG-1	IU_PDA_NP10	Normal Pancreas	CC10	Normal Epithelial cells
PDACNP_1_CGTTGTAAGATTGATT-1	IU_PDA_NP10	Normal Pancreas	CC10	Normal Epithelial cells
PDACNP_1_CGTTGTCGGCAATTGA-1	IU_PDA_NP10	Normal Pancreas	CC10	Normal Epithelial cells
PDACNP_1_CGTTTAAGCGGAGCAC-1	IU_PDA_NP10	Normal Pancreas	CC10	Normal Epithelial cells
PDACNP_1_CGTTTCACTTCGGGCG-1	IU_PDA_NP10	Normal Pancreas	CC10	Normal Epithelial cells
PDACNP_1_CGTTTCGGTTATATGC-1	IU_PDA_NP10	Normal Pancreas	CC10	Normal Epithelial cells
PDACNP_1_CGTTTGTGTAGAGGGT-1	IU_PDA_NP10	Normal Pancreas	CC10	Normal Epithelial cells
PDACNP_1_CTAAATCCGGTGTACA-1	IU_PDA_NP10	Normal Pancreas	CC10	Normal Epithelial cells
PDACNP_1_CTAAATCCTATTCCGG-1	IU_PDA_NP10	Normal Pancreas	CC10	Normal Epithelial cells
PDACNP_1_CTAACAGCACAATAAC-1	IU_PDA_NP10	Normal Pancreas	CC10	Normal Epithelial cells
PDACNP_1_CTAACGAAACTTGCTG-1	IU_PDA_NP10	Normal Pancreas	CC10	Normal Epithelial cells
PDACNP_1_CTAACTGATAATCGCC-1	IU_PDA_NP10	Normal Pancreas	CC10	Normal Epithelial cells
PDACNP_1_CTAACTGGTCCGGTTC-1	IU_PDA_NP10	Normal Pancreas	CC10	Normal Epithelial cells
PDACNP_1_CTAATTCGCACGCGCT-1	IU_PDA_NP10	Normal Pancreas	CC10	Normal Epithelial cells
PDACNP_1_CTAATTCTCAGATATT-1	IU_PDA_NP10	Normal Pancreas	CC10	Normal Epithelial cells
PDACNP_1_CTAATTTCAACAACAC-1	IU_PDA_NP10	Normal Pancreas	CC10	Normal Epithelial cells
PDACNP_1_CTACAAGAAATAACCC-1	IU_PDA_NP10	Normal Pancreas	CC10	Normal Epithelial cells
PDACNP_1_CTACACTCGCAGATGG-1	IU_PDA_NP10	Normal Pancreas	CC10	Normal Epithelial cells
PDACNP_1_CTACCCTAAGGTCATA-1	IU_PDA_NP10	Normal Pancreas	CC10	Normal Epithelial cells
PDACNP_1_CTACGATCCTATCCTA-1	IU_PDA_NP10	Normal Pancreas	CC10	Normal Epithelial cells
PDACNP_1_CTACGCCATTTCCGAT-1	IU_PDA_NP10	Normal Pancreas	CC10	Normal Epithelial cells
PDACNP_1_CTACTATCATAGGTTT-1	IU_PDA_NP10	Normal Pancreas	CC10	Normal Epithelial cells
PDACNP_1_CTACTATCTTTCAGAG-1	IU_PDA_NP10	Normal Pancreas	CC10	Normal Epithelial cells
PDACNP_1_CTACTCAAGGTATAGT-1	IU_PDA_NP10	Normal Pancreas	CC10	Normal Epithelial cells
PDACNP_1_CTACTCTAGGCCCGGC-1	IU_PDA_NP10	Normal Pancreas	CC10	Normal Epithelial cells
PDACNP_1_CTACTGCCACCTGACC-1	IU_PDA_NP10	Normal Pancreas	CC10	Normal Epithelial cells
PDACNP_1_CTAGACTGCATTTCGT-1	IU_PDA_NP10	Normal Pancreas	CC10	Normal Epithelial cells
PDACNP_1_CTAGATAAACTCCTCG-1	IU_PDA_NP10	Normal Pancreas	CC10	Normal Epithelial cells
PDACNP_1_CTAGATGTGAGTGTAA-1	IU_PDA_NP10	Normal Pancreas	CC10	Normal Epithelial cells
PDACNP_1_CTAGCATAGTATAATG-1	IU_PDA_NP10	Normal Pancreas	CC10	Normal Epithelial cells
PDACNP_1_CTAGCCGATGTTATGA-1	IU_PDA_NP10	Normal Pancreas	CC10	Normal Epithelial cells
PDACNP_1_CTAGGCGCCCTATCAG-1	IU_PDA_NP10	Normal Pancreas	CC10	Normal Epithelial cells
PDACNP_1_CTAGGGATAGGGACAA-1	IU_PDA_NP10	Normal Pancreas	CC10	Normal Epithelial cells
PDACNP_1_CTAGGTCTGAAGGAAT-1	IU_PDA_NP10	Normal Pancreas	CC10	Normal Epithelial cells
PDACNP_1_CTAGGTTCGGACGTGA-1	IU_PDA_NP10	Normal Pancreas	CC10	Normal Epithelial cells
PDACNP_1_CTAGTAGAAAGGGATT-1	IU_PDA_NP10	Normal Pancreas	CC10	Normal Epithelial cells
PDACNP_1_CTAGTATTCGGAATTA-1	IU_PDA_NP10	Normal Pancreas	CC10	Normal Epithelial cells
PDACNP_1_CTAGTTACAACCCGGT-1	IU_PDA_NP10	Normal Pancreas	CC10	Normal Epithelial cells
PDACNP_1_CTAGTTGGGCCCGGTA-1	IU_PDA_NP10	Normal Pancreas	CC10	Normal Epithelial cells
PDACNP_1_CTATAAGAGCCAATCG-1	IU_PDA_NP10	Normal Pancreas	CC10	Normal Epithelial cells
PDACNP_1_CTATAAGTAGGGTTTG-1	IU_PDA_NP10	Normal Pancreas	CC10	Normal Epithelial cells
PDACNP_1_CTATACTTAAAGCGAG-1	IU_PDA_NP10	Normal Pancreas	CC10	Normal Epithelial cells
PDACNP_1_CTATAGGCGTTGATGT-1	IU_PDA_NP10	Normal Pancreas	CC10	Normal Epithelial cells
PDACNP_1_CTATATCCAGCCTGGC-1	IU_PDA_NP10	Normal Pancreas	CC10	Normal Epithelial cells
PDACNP_1_CTATCGACGAAATACA-1	IU_PDA_NP10	Normal Pancreas	CC10	Normal Epithelial cells
PDACNP_1_CTATGAACACCTTGCC-1	IU_PDA_NP10	Normal Pancreas	CC10	Normal Epithelial cells
PDACNP_1_CTATGGGAAGCGGAAT-1	IU_PDA_NP10	Normal Pancreas	CC10	Normal Epithelial cells
PDACNP_1_CTATGTCACTAGCCCA-1	IU_PDA_NP10	Normal Pancreas	CC10	Normal Epithelial cells
PDACNP_1_CTATGTCTATTGAAAC-1	IU_PDA_NP10	Normal Pancreas	CC10	Normal Epithelial cells
PDACNP_1_CTATGTGAGTCACGGC-1	IU_PDA_NP10	Normal Pancreas	CC10	Normal Epithelial cells
PDACNP_1_CTATTCATGTGTCCCA-1	IU_PDA_NP10	Normal Pancreas	CC10	Normal Epithelial cells
PDACNP_1_CTATTTGGTTACGGAT-1	IU_PDA_NP10	Normal Pancreas	CC10	Normal Epithelial cells
PDACNP_1_CTCAAACCACTGCCCG-1	IU_PDA_NP10	Normal Pancreas	CC10	Normal Epithelial cells
PDACNP_1_CTCAACTAACCCGGAT-1	IU_PDA_NP10	Normal Pancreas	CC10	Normal Epithelial cells
PDACNP_1_CTCACTGTGATACTTA-1	IU_PDA_NP10	Normal Pancreas	CC10	Normal Epithelial cells
PDACNP_1_CTCAGAGCTAATGTCG-1	IU_PDA_NP10	Normal Pancreas	CC10	Normal Epithelial cells
PDACNP_1_CTCAGATTGTGATAAG-1	IU_PDA_NP10	Normal Pancreas	CC10	Normal Epithelial cells
PDACNP_1_CTCAGGACTCACCTGT-1	IU_PDA_NP10	Normal Pancreas	CC2	Normal Epithelial cells
PDACNP_1_CTCATAAATGTGTATA-1	IU_PDA_NP10	Normal Pancreas	CC10	Normal Epithelial cells
PDACNP_1_CTCATGGTAATTTGCG-1	IU_PDA_NP10	Normal Pancreas	CC10	Normal Epithelial cells
PDACNP_1_CTCATTGCTCTAACAA-1	IU_PDA_NP10	Normal Pancreas	CC10	Normal Epithelial cells
PDACNP_1_CTCATTTGATGGGCGG-1	IU_PDA_NP10	Normal Pancreas	CC10	Normal Epithelial cells
PDACNP_1_CTCCCTCCTTTCGATC-1	IU_PDA_NP10	Normal Pancreas	CC10	Normal Epithelial cells
PDACNP_1_CTCCGGCCTAATATGC-1	IU_PDA_NP10	Normal Pancreas	CC10	Normal Epithelial cells
PDACNP_1_CTCCGGCTTGTAGACA-1	IU_PDA_NP10	Normal Pancreas	CC3	Normal Epithelial cells
PDACNP_1_CTCCTAAGTTATGTCT-1	IU_PDA_NP10	Normal Pancreas	CC10	Normal Epithelial cells
PDACNP_1_CTCCTCCAGCTCACAC-1	IU_PDA_NP10	Normal Pancreas	CC10	Normal Epithelial cells
PDACNP_1_CTCCTTTACGCAAGTC-1	IU_PDA_NP10	Normal Pancreas	CC10	Normal Epithelial cells
PDACNP_1_CTCGAGACATACGATA-1	IU_PDA_NP10	Normal Pancreas	CC10	Normal Epithelial cells
PDACNP_1_CTCGAGATCCAAAGCA-1	IU_PDA_NP10	Normal Pancreas	CC3	Tumor Epithelial cells
PDACNP_1_CTCGAGGCAAGTTTCA-1	IU_PDA_NP10	Normal Pancreas	CC10	Normal Epithelial cells
PDACNP_1_CTCGAGGTCGAACAGT-1	IU_PDA_NP10	Normal Pancreas	CC10	Normal Epithelial cells
PDACNP_1_CTCGATATTTGCGAGC-1	IU_PDA_NP10	Normal Pancreas	CC10	Normal Epithelial cells
PDACNP_1_CTCGCACCTATATAGT-1	IU_PDA_NP10	Normal Pancreas	CC10	Normal Epithelial cells
PDACNP_1_CTCGCATTGCATAGCC-1	IU_PDA_NP10	Normal Pancreas	CC10	Normal Epithelial cells
PDACNP_1_CTCGCCGAATGTAGGG-1	IU_PDA_NP10	Normal Pancreas	CC10	Normal Epithelial cells
PDACNP_1_CTCGCTAGGTAAGCGA-1	IU_PDA_NP10	Normal Pancreas	CC10	Normal Epithelial cells
PDACNP_1_CTCGGGTTCTCTGGCC-1	IU_PDA_NP10	Normal Pancreas	CC10	Normal Epithelial cells
PDACNP_1_CTCGGTACCACTGCTC-1	IU_PDA_NP10	Normal Pancreas	CC10	Normal Epithelial cells
PDACNP_1_CTCGGTCCGTAGCCTG-1	IU_PDA_NP10	Normal Pancreas	CC10	Normal Epithelial cells
PDACNP_1_CTCGTCGAGGGCTCAT-1	IU_PDA_NP10	Normal Pancreas	CC10	Normal Epithelial cells
PDACNP_1_CTCGTCTGTGCCTTCG-1	IU_PDA_NP10	Normal Pancreas	CC10	Normal Epithelial cells
PDACNP_1_CTCGTTACGGCTACCA-1	IU_PDA_NP10	Normal Pancreas	CC10	Normal Epithelial cells
PDACNP_1_CTCGTTTCTAATGTTT-1	IU_PDA_NP10	Normal Pancreas	CC10	Normal Epithelial cells
PDACNP_1_CTCTAATGCATTGATC-1	IU_PDA_NP10	Normal Pancreas	CC10	Normal Epithelial cells
PDACNP_1_CTCTACATCCTGCGTG-1	IU_PDA_NP10	Normal Pancreas	CC10	Normal Epithelial cells
PDACNP_1_CTCTAGCCCTCGGAAA-1	IU_PDA_NP10	Normal Pancreas	CC10	Normal Epithelial cells
PDACNP_1_CTCTATTTGGCTGCAG-1	IU_PDA_NP10	Normal Pancreas	CC10	Normal Epithelial cells
PDACNP_1_CTCTCACAATCGATGA-1	IU_PDA_NP10	Normal Pancreas	CC10	Normal Epithelial cells
PDACNP_1_CTCTCTAACTGCCTAG-1	IU_PDA_NP10	Normal Pancreas	CC10	Normal Epithelial cells
PDACNP_1_CTCTGCAGGCATTCTT-1	IU_PDA_NP10	Normal Pancreas	CC10	Normal Epithelial cells
PDACNP_1_CTCTGCGAAGCAAGCA-1	IU_PDA_NP10	Normal Pancreas	CC10	Normal Epithelial cells
PDACNP_1_CTCTGGACGCCTGGTG-1	IU_PDA_NP10	Normal Pancreas	CC10	Normal Epithelial cells
PDACNP_1_CTCTGTCCATGCACCA-1	IU_PDA_NP10	Normal Pancreas	CC10	Normal Epithelial cells
PDACNP_1_CTCTTCTGGAAGTTAG-1	IU_PDA_NP10	Normal Pancreas	CC10	Normal Epithelial cells
PDACNP_1_CTCTTGTCCCGCTTGG-1	IU_PDA_NP10	Normal Pancreas	CC10	Normal Epithelial cells
PDACNP_1_CTGAAAGAGATCCGAC-1	IU_PDA_NP10	Normal Pancreas	CC10	Normal Epithelial cells
PDACNP_1_CTGAATCCGAGACCTC-1	IU_PDA_NP10	Normal Pancreas	CC10	Normal Epithelial cells
PDACNP_1_CTGAATTTATTGCCAG-1	IU_PDA_NP10	Normal Pancreas	CC10	Normal Epithelial cells
PDACNP_1_CTGACTGCGCAGCTCG-1	IU_PDA_NP10	Normal Pancreas	CC10	Normal Epithelial cells
PDACNP_1_CTGAGAGTAGAAATAC-1	IU_PDA_NP10	Normal Pancreas	CC10	Normal Epithelial cells
PDACNP_1_CTGAGCAAGTAACAAG-1	IU_PDA_NP10	Normal Pancreas	CC3	Normal Epithelial cells
PDACNP_1_CTGATCCCTTTATGCA-1	IU_PDA_NP10	Normal Pancreas	CC10	Normal Epithelial cells
PDACNP_1_CTGCAAGCACGTTCCG-1	IU_PDA_NP10	Normal Pancreas	CC10	Normal Epithelial cells
PDACNP_1_CTGCACAACTACATAT-1	IU_PDA_NP10	Normal Pancreas	CC10	Normal Epithelial cells
PDACNP_1_CTGCACCTGGAACCGC-1	IU_PDA_NP10	Normal Pancreas	CC10	Normal Epithelial cells
PDACNP_1_CTGCACTCCAGTACAG-1	IU_PDA_NP10	Normal Pancreas	CC10	Normal Epithelial cells
PDACNP_1_CTGCAGAGAATCAGAG-1	IU_PDA_NP10	Normal Pancreas	CC10	Normal Epithelial cells
PDACNP_1_CTGCAGGGTGACGCTC-1	IU_PDA_NP10	Normal Pancreas	CC10	Normal Epithelial cells
PDACNP_1_CTGCCAAGGTTGGAAG-1	IU_PDA_NP10	Normal Pancreas	CC10	Normal Epithelial cells
PDACNP_1_CTGCCCACGAAGCGTT-1	IU_PDA_NP10	Normal Pancreas	CC10	Normal Epithelial cells
PDACNP_1_CTGCCTTTAATACCTT-1	IU_PDA_NP10	Normal Pancreas	CC10	Normal Epithelial cells
PDACNP_1_CTGCCTTTCTAGTAAA-1	IU_PDA_NP10	Normal Pancreas	CC10	Normal Epithelial cells
PDACNP_1_CTGCGACCTCGCCGAA-1	IU_PDA_NP10	Normal Pancreas	CC10	Normal Epithelial cells
PDACNP_1_CTGCGGGTGAAATGTT-1	IU_PDA_NP10	Normal Pancreas	CC10	Normal Epithelial cells
PDACNP_1_CTGCGGTAGTCACGTG-1	IU_PDA_NP10	Normal Pancreas	CC10	Normal Epithelial cells
PDACNP_1_CTGCGTTACGATATAA-1	IU_PDA_NP10	Normal Pancreas	CC10	Normal Epithelial cells
PDACNP_1_CTGCTGAGGCCACGAA-1	IU_PDA_NP10	Normal Pancreas	CC10	Normal Epithelial cells
PDACNP_1_CTGCTTGGCGATAGCT-1	IU_PDA_NP10	Normal Pancreas	CC10	Normal Epithelial cells
PDACNP_1_CTGCTTTATGTCCGCG-1	IU_PDA_NP10	Normal Pancreas	CC10	Normal Epithelial cells
PDACNP_1_CTGGAAATGGATGCTT-1	IU_PDA_NP10	Normal Pancreas	CC10	Normal Epithelial cells
PDACNP_1_CTGGAAGACACGGTGG-1	IU_PDA_NP10	Normal Pancreas	CC10	Normal Epithelial cells
PDACNP_1_CTGGACGCAGTCCGGC-1	IU_PDA_NP10	Normal Pancreas	CC10	Normal Epithelial cells
PDACNP_1_CTGGATTTACACTTGA-1	IU_PDA_NP10	Normal Pancreas	CC10	Normal Epithelial cells
PDACNP_1_CTGGCATCCGAATGAG-1	IU_PDA_NP10	Normal Pancreas	CC10	Normal Epithelial cells
PDACNP_1_CTGGCGACATAAGTCC-1	IU_PDA_NP10	Normal Pancreas	CC10	Normal Epithelial cells
PDACNP_1_CTGGCGATTTACATGT-1	IU_PDA_NP10	Normal Pancreas	CC10	Normal Epithelial cells
PDACNP_1_CTGGCGCACAGGTCTG-1	IU_PDA_NP10	Normal Pancreas	CC10	Normal Epithelial cells
PDACNP_1_CTGGCGGGAATAAGTA-1	IU_PDA_NP10	Normal Pancreas	CC7	Normal Epithelial cells
PDACNP_1_CTGGCTCCTGCGGGAT-1	IU_PDA_NP10	Normal Pancreas	CC10	Normal Epithelial cells
PDACNP_1_CTGGCTGGTTGTCAGT-1	IU_PDA_NP10	Normal Pancreas	CC10	Normal Epithelial cells
PDACNP_1_CTGGGATAAATAATGG-1	IU_PDA_NP10	Normal Pancreas	CC10	Normal Epithelial cells
PDACNP_1_CTGGGATACGCTACCC-1	IU_PDA_NP10	Normal Pancreas	CC10	Normal Epithelial cells
PDACNP_1_CTGGGCCTGCTATATC-1	IU_PDA_NP10	Normal Pancreas	CC10	Normal Epithelial cells
PDACNP_1_CTGGGCTACTGGAGAG-1	IU_PDA_NP10	Normal Pancreas	CC10	Normal Epithelial cells
PDACNP_1_CTGGGTTGAGTTAAAG-1	IU_PDA_NP10	Normal Pancreas	CC10	Normal Epithelial cells
PDACNP_1_CTGGTAAAGACTTACA-1	IU_PDA_NP10	Normal Pancreas	CC10	Normal Epithelial cells
PDACNP_1_CTGGTAAAGTGTGGGC-1	IU_PDA_NP10	Normal Pancreas	CC10	Normal Epithelial cells
PDACNP_1_CTGGTAACGAGCTCTT-1	IU_PDA_NP10	Normal Pancreas	CC10	Normal Epithelial cells
PDACNP_1_CTGGTCATTCCAATCC-1	IU_PDA_NP10	Normal Pancreas	CC10	Normal Epithelial cells
PDACNP_1_CTGGTTTCGAGCAAGA-1	IU_PDA_NP10	Normal Pancreas	CC10	Normal Epithelial cells
PDACNP_1_CTGTAGCCATCTCACT-1	IU_PDA_NP10	Normal Pancreas	CC10	Normal Epithelial cells
PDACNP_1_CTGTAGTGAGGATCGA-1	IU_PDA_NP10	Normal Pancreas	CC10	Normal Epithelial cells
PDACNP_1_CTGTATGGTGTAGAAA-1	IU_PDA_NP10	Normal Pancreas	CC2	Normal Epithelial cells
PDACNP_1_CTGTCAAATGGCTCGG-1	IU_PDA_NP10	Normal Pancreas	CC10	Normal Epithelial cells
PDACNP_1_CTGTGGTCGGGAGATA-1	IU_PDA_NP10	Normal Pancreas	CC10	Normal Epithelial cells
PDACNP_1_CTGTTACCCAATCTAG-1	IU_PDA_NP10	Normal Pancreas	CC10	Normal Epithelial cells
PDACNP_1_CTGTTCACTGCCTGTG-1	IU_PDA_NP10	Normal Pancreas	CC10	Normal Epithelial cells
PDACNP_1_CTGTTGTTCAGTCGTA-1	IU_PDA_NP10	Normal Pancreas	CC10	Normal Epithelial cells
PDACNP_1_CTTAAATAAGACCCAT-1	IU_PDA_NP10	Normal Pancreas	CC10	Normal Epithelial cells
PDACNP_1_CTTAACTTACAGTATA-1	IU_PDA_NP10	Normal Pancreas	CC10	Normal Epithelial cells
PDACNP_1_CTTAACTTCGAAGTAC-1	IU_PDA_NP10	Normal Pancreas	CC10	Normal Epithelial cells
PDACNP_1_CTTAAGCAGCGAGCCG-1	IU_PDA_NP10	Normal Pancreas	CC10	Normal Epithelial cells
PDACNP_1_CTTACACTGGGAAATA-1	IU_PDA_NP10	Normal Pancreas	CC10	Normal Epithelial cells
PDACNP_1_CTTACATAGATTTCTT-1	IU_PDA_NP10	Normal Pancreas	CC10	Normal Epithelial cells
PDACNP_1_CTTAGGTATAGACCAG-1	IU_PDA_NP10	Normal Pancreas	CC10	Normal Epithelial cells
PDACNP_1_CTTAGTAGGCCTACAG-1	IU_PDA_NP10	Normal Pancreas	CC10	Normal Epithelial cells
PDACNP_1_CTTAGTGTAGTAGCAT-1	IU_PDA_NP10	Normal Pancreas	CC10	Normal Epithelial cells
PDACNP_1_CTTAGTTGAGGAATCG-1	IU_PDA_NP10	Normal Pancreas	CC10	Normal Epithelial cells
PDACNP_1_CTTCAACTCCACTTGG-1	IU_PDA_NP10	Normal Pancreas	CC10	Normal Epithelial cells
PDACNP_1_CTTCACGCCCTGGTAC-1	IU_PDA_NP10	Normal Pancreas	CC10	Normal Epithelial cells
PDACNP_1_CTTCAGTGGTCGCCTA-1	IU_PDA_NP10	Normal Pancreas	CC10	Normal Epithelial cells
PDACNP_1_CTTCAGTTGGACAACG-1	IU_PDA_NP10	Normal Pancreas	CC10	Normal Epithelial cells
PDACNP_1_CTTCATAGCTCAAGAA-1	IU_PDA_NP10	Normal Pancreas	CC10	Normal Epithelial cells
PDACNP_1_CTTCCGCTCCGTGAAG-1	IU_PDA_NP10	Normal Pancreas	CC10	Normal Epithelial cells
PDACNP_1_CTTCGATTGCGCAAGC-1	IU_PDA_NP10	Normal Pancreas	CC10	Normal Epithelial cells
PDACNP_1_CTTCGGCCAATTGTTT-1	IU_PDA_NP10	Normal Pancreas	CC10	Normal Epithelial cells
PDACNP_1_CTTCTATGTTGAAGTA-1	IU_PDA_NP10	Normal Pancreas	CC10	Normal Epithelial cells
PDACNP_1_CTTCTATTAATGCTAG-1	IU_PDA_NP10	Normal Pancreas	CC10	Normal Epithelial cells
PDACNP_1_CTTCTGGGCGTACCTA-1	IU_PDA_NP10	Normal Pancreas	CC10	Normal Epithelial cells
PDACNP_1_CTTCTTACGTCGTATA-1	IU_PDA_NP10	Normal Pancreas	CC10	Normal Epithelial cells
PDACNP_1_CTTGACCCGAAAGATA-1	IU_PDA_NP10	Normal Pancreas	CC10	Normal Epithelial cells
PDACNP_1_CTTGAGTTAGGGTAAT-1	IU_PDA_NP10	Normal Pancreas	CC10	Normal Epithelial cells
PDACNP_1_CTTGCAACCGCCTCCT-1	IU_PDA_NP10	Normal Pancreas	CC10	Normal Epithelial cells
PDACNP_1_CTTGCCCACCCACGCA-1	IU_PDA_NP10	Normal Pancreas	CC10	Normal Epithelial cells
PDACNP_1_CTTGGCCAAGCTGGGA-1	IU_PDA_NP10	Normal Pancreas	CC10	Normal Epithelial cells
PDACNP_1_CTTGTACTTGTTGACT-1	IU_PDA_NP10	Normal Pancreas	CC10	Normal Epithelial cells
PDACNP_1_CTTGTCAACATTCGAG-1	IU_PDA_NP10	Normal Pancreas	CC10	Normal Epithelial cells
PDACNP_1_CTTGTGAGGACAGCGG-1	IU_PDA_NP10	Normal Pancreas	CC10	Normal Epithelial cells
PDACNP_1_CTTGTGCTCACCGATT-1	IU_PDA_NP10	Normal Pancreas	CC10	Normal Epithelial cells
PDACNP_1_CTTGTTGCTGAGTCAA-1	IU_PDA_NP10	Normal Pancreas	CC10	Normal Epithelial cells
PDACNP_1_CTTGTTTATGTAGCCA-1	IU_PDA_NP10	Normal Pancreas	CC2	Normal Epithelial cells
PDACNP_1_CTTTAACTTTCAAAGG-1	IU_PDA_NP10	Normal Pancreas	CC10	Normal Epithelial cells
PDACNP_1_CTTTAATATTGGTCGA-1	IU_PDA_NP10	Normal Pancreas	CC10	Normal Epithelial cells
PDACNP_1_CTTTACCGAATAGTAG-1	IU_PDA_NP10	Normal Pancreas	CC10	Normal Epithelial cells
PDACNP_1_CTTTAGGAACACTGTT-1	IU_PDA_NP10	Normal Pancreas	CC10	Normal Epithelial cells
PDACNP_1_CTTTCTGTGCGGGCTT-1	IU_PDA_NP10	Normal Pancreas	CC10	Normal Epithelial cells
PDACNP_1_CTTTGACGTCGCTTCT-1	IU_PDA_NP10	Normal Pancreas	CC10	Normal Epithelial cells
PDACNP_1_CTTTGCATCGCTCTTG-1	IU_PDA_NP10	Normal Pancreas	CC10	Normal Epithelial cells
PDACNP_1_CTTTGGCGCTTTATAC-1	IU_PDA_NP10	Normal Pancreas	CC10	Normal Epithelial cells
PDACNP_1_CTTTGGGATTGTTGCA-1	IU_PDA_NP10	Normal Pancreas	CC10	Normal Epithelial cells
PDACNP_1_CTTTGTCGAATGCTCC-1	IU_PDA_NP10	Normal Pancreas	CC10	Normal Epithelial cells
PDACNP_1_GAAACAGATGACCACC-1	IU_PDA_NP10	Normal Pancreas	CC10	Normal Epithelial cells
PDACNP_1_GAAACAGCCATGCAGT-1	IU_PDA_NP10	Normal Pancreas	CC10	Normal Epithelial cells
PDACNP_1_GAAACATAGGAAACAG-1	IU_PDA_NP10	Normal Pancreas	CC10	Normal Epithelial cells
PDACNP_1_GAAACCATGGTGCGCT-1	IU_PDA_NP10	Normal Pancreas	CC10	Normal Epithelial cells
PDACNP_1_GAAACCGAATTACCTT-1	IU_PDA_NP10	Normal Pancreas	CC10	Normal Epithelial cells
PDACNP_1_GAAACCTATACAAATG-1	IU_PDA_NP10	Normal Pancreas	CC10	Normal Epithelial cells
PDACNP_1_GAAACTCGTGCGATGC-1	IU_PDA_NP10	Normal Pancreas	CC10	Normal Epithelial cells
PDACNP_1_GAAACTCTAATGAAGG-1	IU_PDA_NP10	Normal Pancreas	CC10	Normal Epithelial cells
PDACNP_1_GAAAGAACAGCGTTAT-1	IU_PDA_NP10	Normal Pancreas	CC10	Normal Epithelial cells
PDACNP_1_GAAAGCAGTGCACTTT-1	IU_PDA_NP10	Normal Pancreas	CC10	Normal Epithelial cells
PDACNP_1_GAAAGTGACTAACTGC-1	IU_PDA_NP10	Normal Pancreas	CC10	Normal Epithelial cells
PDACNP_1_GAAATACTAAACGTTT-1	IU_PDA_NP10	Normal Pancreas	CC2	Normal Epithelial cells
PDACNP_1_GAAATCGCGCGCAACT-1	IU_PDA_NP10	Normal Pancreas	CC10	Normal Epithelial cells
PDACNP_1_GAAATGGCGGTGTTAG-1	IU_PDA_NP10	Normal Pancreas	CC10	Normal Epithelial cells
PDACNP_1_GAAATTAGCACGGATA-1	IU_PDA_NP10	Normal Pancreas	CC10	Normal Epithelial cells
PDACNP_1_GAAATTCACATCGCTG-1	IU_PDA_NP10	Normal Pancreas	CC10	Normal Epithelial cells
PDACNP_1_GAACAACTGGGATGAA-1	IU_PDA_NP10	Normal Pancreas	CC10	Normal Epithelial cells
PDACNP_1_GAACACACATCAACCA-1	IU_PDA_NP10	Normal Pancreas	CC10	Normal Epithelial cells
PDACNP_1_GAACAGATTACTAAAT-1	IU_PDA_NP10	Normal Pancreas	CC10	Normal Epithelial cells
PDACNP_1_GAACCCTCTGTGTTCT-1	IU_PDA_NP10	Normal Pancreas	CC10	Normal Epithelial cells
PDACNP_1_GAACCTCGACCTACAC-1	IU_PDA_NP10	Normal Pancreas	CC10	Normal Epithelial cells
PDACNP_1_GAACCTTTAACGATCC-1	IU_PDA_NP10	Normal Pancreas	CC10	Normal Epithelial cells
PDACNP_1_GAACGACCGAATGATA-1	IU_PDA_NP10	Normal Pancreas	CC10	Normal Epithelial cells
PDACNP_1_GAACGTCTCATGGTCG-1	IU_PDA_NP10	Normal Pancreas	CC10	Normal Epithelial cells
PDACNP_1_GAACTGTGGAGAGACA-1	IU_PDA_NP10	Normal Pancreas	CC10	Normal Epithelial cells
PDACNP_1_GAAGAAACGATATTGT-1	IU_PDA_NP10	Normal Pancreas	CC10	Normal Epithelial cells
PDACNP_1_GAAGAACGGTGCAGGT-1	IU_PDA_NP10	Normal Pancreas	CC10	Normal Epithelial cells
PDACNP_1_GAAGCCACTGATTATG-1	IU_PDA_NP10	Normal Pancreas	CC10	Normal Epithelial cells
PDACNP_1_GAAGCCTGCACATTCC-1	IU_PDA_NP10	Normal Pancreas	CC10	Normal Epithelial cells
PDACNP_1_GAAGCGTGAGGAATTT-1	IU_PDA_NP10	Normal Pancreas	CC10	Normal Epithelial cells
PDACNP_1_GAAGCTCGGACCCGTC-1	IU_PDA_NP10	Normal Pancreas	CC10	Normal Epithelial cells
PDACNP_1_GAAGCTTGCTGACCGC-1	IU_PDA_NP10	Normal Pancreas	CC10	Normal Epithelial cells
PDACNP_1_GAAGGAGTCGAGTGCG-1	IU_PDA_NP10	Normal Pancreas	CC10	Normal Epithelial cells
PDACNP_1_GAAGGGCATAACCATG-1	IU_PDA_NP10	Normal Pancreas	CC10	Normal Epithelial cells
PDACNP_1_GAAGGGTCATTAAGAC-1	IU_PDA_NP10	Normal Pancreas	CC10	Normal Epithelial cells
PDACNP_1_GAAGTCAGTTGCACTA-1	IU_PDA_NP10	Normal Pancreas	CC10	Normal Epithelial cells
PDACNP_1_GAAGTCTCCCTAGCGA-1	IU_PDA_NP10	Normal Pancreas	CC10	Normal Epithelial cells
PDACNP_1_GAAGTGCTGGATAGCT-1	IU_PDA_NP10	Normal Pancreas	CC10	Normal Epithelial cells
PDACNP_1_GAATAGCATTTAGGGT-1	IU_PDA_NP10	Normal Pancreas	CC10	Normal Epithelial cells
PDACNP_1_GAATAGCCCTGCGGTC-1	IU_PDA_NP10	Normal Pancreas	CC10	Normal Epithelial cells
PDACNP_1_GAATAGTGCTCGATTA-1	IU_PDA_NP10	Normal Pancreas	CC10	Normal Epithelial cells
PDACNP_1_GAATATTCGGAGTCCC-1	IU_PDA_NP10	Normal Pancreas	CC10	Normal Epithelial cells
PDACNP_1_GAATCGCCGGACACGG-1	IU_PDA_NP10	Normal Pancreas	CC10	Normal Epithelial cells
PDACNP_1_GAATCTGAACATTCTC-1	IU_PDA_NP10	Normal Pancreas	CC10	Normal Epithelial cells
PDACNP_1_GAATGCCGAAATGACC-1	IU_PDA_NP10	Normal Pancreas	CC10	Normal Epithelial cells
PDACNP_1_GAATGCGAATCGGTTC-1	IU_PDA_NP10	Normal Pancreas	CC10	Normal Epithelial cells
PDACNP_1_GAATGGGCTTATCGAC-1	IU_PDA_NP10	Normal Pancreas	CC10	Normal Epithelial cells
PDACNP_1_GAATGTATGGCAGGTC-1	IU_PDA_NP10	Normal Pancreas	CC10	Normal Epithelial cells
PDACNP_1_GAATGTTGGGTAATCT-1	IU_PDA_NP10	Normal Pancreas	CC10	Normal Epithelial cells
PDACNP_1_GAATTATAGTGAAAGG-1	IU_PDA_NP10	Normal Pancreas	CC10	Normal Epithelial cells
PDACNP_1_GAATTCACCCGGGTGT-1	IU_PDA_NP10	Normal Pancreas	CC10	Normal Epithelial cells
PDACNP_1_GAATTTCTCGCTGCAG-1	IU_PDA_NP10	Normal Pancreas	CC10	Normal Epithelial cells
PDACNP_1_GACAACGACCATTGAA-1	IU_PDA_NP10	Normal Pancreas	CC10	Normal Epithelial cells
PDACNP_1_GACAACGCAGCTTACG-1	IU_PDA_NP10	Normal Pancreas	CC10	Normal Epithelial cells
PDACNP_1_GACACAAGGGAAGAAA-1	IU_PDA_NP10	Normal Pancreas	CC10	Normal Epithelial cells
PDACNP_1_GACACAGCCGGGACTG-1	IU_PDA_NP10	Normal Pancreas	CC10	Normal Epithelial cells
PDACNP_1_GACACGAGTTAGAGGA-1	IU_PDA_NP10	Normal Pancreas	CC2	Normal Epithelial cells
PDACNP_1_GACACTGAGTTCAGTG-1	IU_PDA_NP10	Normal Pancreas	CC10	Normal Epithelial cells
PDACNP_1_GACACTGGAACCCGAT-1	IU_PDA_NP10	Normal Pancreas	CC10	Normal Epithelial cells
PDACNP_1_GACAGATTTCTGGCTC-1	IU_PDA_NP10	Normal Pancreas	CC10	Normal Epithelial cells
PDACNP_1_GACAGCCAGACCTGAC-1	IU_PDA_NP10	Normal Pancreas	CC10	Normal Epithelial cells
PDACNP_1_GACAGGTAATCCGTGT-1	IU_PDA_NP10	Normal Pancreas	CC10	Normal Epithelial cells
PDACNP_1_GACATACTGTCGCAGA-1	IU_PDA_NP10	Normal Pancreas	CC10	Normal Epithelial cells
PDACNP_1_GACATCCGTCGAACTG-1	IU_PDA_NP10	Normal Pancreas	CC10	Normal Epithelial cells
PDACNP_1_GACATCGATTTATAAC-1	IU_PDA_NP10	Normal Pancreas	CC10	Normal Epithelial cells
PDACNP_1_GACCAAACGTTGACTG-1	IU_PDA_NP10	Normal Pancreas	CC10	Normal Epithelial cells
PDACNP_1_GACCACACTTCCCTTT-1	IU_PDA_NP10	Normal Pancreas	CC10	Normal Epithelial cells
PDACNP_1_GACCCAATTATGATAC-1	IU_PDA_NP10	Normal Pancreas	CC10	Normal Epithelial cells
PDACNP_1_GACCCGTCGCCGGCTA-1	IU_PDA_NP10	Normal Pancreas	CC10	Normal Epithelial cells
PDACNP_1_GACCGACCGCTAATAT-1	IU_PDA_NP10	Normal Pancreas	CC10	Normal Epithelial cells
PDACNP_1_GACCGACGTGAAAGCA-1	IU_PDA_NP10	Normal Pancreas	CC10	Normal Epithelial cells
PDACNP_1_GACCGATTAAATATGT-1	IU_PDA_NP10	Normal Pancreas	CC10	Normal Epithelial cells
PDACNP_1_GACCGTCAGGTCGTGA-1	IU_PDA_NP10	Normal Pancreas	CC10	Normal Epithelial cells
PDACNP_1_GACCTTCCACGTCTAC-1	IU_PDA_NP10	Normal Pancreas	CC10	Normal Epithelial cells
PDACNP_1_GACGACGATCCGCGTT-1	IU_PDA_NP10	Normal Pancreas	CC10	Normal Epithelial cells
PDACNP_1_GACGACTTTCCAAGAA-1	IU_PDA_NP10	Normal Pancreas	CC10	Normal Epithelial cells
PDACNP_1_GACGAGGCTAATAAAC-1	IU_PDA_NP10	Normal Pancreas	CC10	Normal Epithelial cells
PDACNP_1_GACGATATCACTGGGT-1	IU_PDA_NP10	Normal Pancreas	CC10	Normal Epithelial cells
PDACNP_1_GACGCATACCCGTCGG-1	IU_PDA_NP10	Normal Pancreas	CC10	Normal Epithelial cells
PDACNP_1_GACGCCGTAAAGGCTA-1	IU_PDA_NP10	Normal Pancreas	CC10	Normal Epithelial cells
PDACNP_1_GACGCCTGTTGCAGGG-1	IU_PDA_NP10	Normal Pancreas	CC10	Normal Epithelial cells
PDACNP_1_GACGGGATGTCTTATG-1	IU_PDA_NP10	Normal Pancreas	CC10	Normal Epithelial cells
PDACNP_1_GACGGGCATCGAATTT-1	IU_PDA_NP10	Normal Pancreas	CC10	Normal Epithelial cells
PDACNP_1_GACGGGTTGGCCCGTA-1	IU_PDA_NP10	Normal Pancreas	CC10	Normal Epithelial cells
PDACNP_1_GACGGTCAATAGAAGC-1	IU_PDA_NP10	Normal Pancreas	CC10	Normal Epithelial cells
PDACNP_1_GACGTGAGACTCCATG-1	IU_PDA_NP10	Normal Pancreas	CC10	Normal Epithelial cells
PDACNP_1_GACGTGTAGGGATTAT-1	IU_PDA_NP10	Normal Pancreas	CC10	Normal Epithelial cells
PDACNP_1_GACGTTGCTCGGCGGC-1	IU_PDA_NP10	Normal Pancreas	CC10	Normal Epithelial cells
PDACNP_1_GACTAAGATCATGCAC-1	IU_PDA_NP10	Normal Pancreas	CC10	Normal Epithelial cells
PDACNP_1_GACTACAAAGCGGTGG-1	IU_PDA_NP10	Normal Pancreas	CC10	Normal Epithelial cells
PDACNP_1_GACTAGGCCGTTAGGT-1	IU_PDA_NP10	Normal Pancreas	CC10	Normal Epithelial cells
PDACNP_1_GACTCACCCACGTGAG-1	IU_PDA_NP10	Normal Pancreas	CC10	Normal Epithelial cells
PDACNP_1_GACTCCCAGAATAAGG-1	IU_PDA_NP10	Normal Pancreas	CC10	Normal Epithelial cells
PDACNP_1_GACTCCTTCCAATTGA-1	IU_PDA_NP10	Normal Pancreas	CC10	Normal Epithelial cells
PDACNP_1_GACTCGCGGGAATGAC-1	IU_PDA_NP10	Normal Pancreas	CC10	Normal Epithelial cells
PDACNP_1_GACTCTAGAGTTCCAA-1	IU_PDA_NP10	Normal Pancreas	CC7	Normal Epithelial cells
PDACNP_1_GACTGCAAATCGAGCT-1	IU_PDA_NP10	Normal Pancreas	CC10	Normal Epithelial cells
PDACNP_1_GACTGCACCAGCCCAG-1	IU_PDA_NP10	Normal Pancreas	CC10	Normal Epithelial cells
PDACNP_1_GACTGCGGCACGTGTA-1	IU_PDA_NP10	Normal Pancreas	CC10	Normal Epithelial cells
PDACNP_1_GACTGCTGGTGAGAAA-1	IU_PDA_NP10	Normal Pancreas	CC10	Normal Epithelial cells
PDACNP_1_GACTTCAACGCATCAA-1	IU_PDA_NP10	Normal Pancreas	CC10	Normal Epithelial cells
PDACNP_1_GAGAATCTCACGATCA-1	IU_PDA_NP10	Normal Pancreas	CC10	Normal Epithelial cells
PDACNP_1_GAGACTGATGGGTAGA-1	IU_PDA_NP10	Normal Pancreas	CC10	Normal Epithelial cells
PDACNP_1_GAGACTTCGCGACCGA-1	IU_PDA_NP10	Normal Pancreas	CC10	Normal Epithelial cells
PDACNP_1_GAGAGCGCAGTCCCTG-1	IU_PDA_NP10	Normal Pancreas	CC10	Normal Epithelial cells
PDACNP_1_GAGAGGTGCATTCTGG-1	IU_PDA_NP10	Normal Pancreas	CC10	Normal Epithelial cells
PDACNP_1_GAGAGTCTCGGGAGAG-1	IU_PDA_NP10	Normal Pancreas	CC10	Normal Epithelial cells
PDACNP_1_GAGATCTGTCACTCCG-1	IU_PDA_NP10	Normal Pancreas	CC10	Normal Epithelial cells
PDACNP_1_GAGATGGCTTTAATCA-1	IU_PDA_NP10	Normal Pancreas	CC10	Normal Epithelial cells
PDACNP_1_GAGATGGGAGTCGACA-1	IU_PDA_NP10	Normal Pancreas	CC10	Normal Epithelial cells
PDACNP_1_GAGCACCTGTGTCCAG-1	IU_PDA_NP10	Normal Pancreas	CC10	Normal Epithelial cells
PDACNP_1_GAGCATCAACAACTTG-1	IU_PDA_NP10	Normal Pancreas	CC10	Normal Epithelial cells
PDACNP_1_GAGCATCATCCCTGGG-1	IU_PDA_NP10	Normal Pancreas	CC10	Normal Epithelial cells
PDACNP_1_GAGCCACGGTAGTAGG-1	IU_PDA_NP10	Normal Pancreas	CC10	Normal Epithelial cells
PDACNP_1_GAGCCAGCTACCTGTG-1	IU_PDA_NP10	Normal Pancreas	CC10	Normal Epithelial cells
PDACNP_1_GAGCGAGGGAGTACCG-1	IU_PDA_NP10	Normal Pancreas	CC10	Normal Epithelial cells
PDACNP_1_GAGCGCAAATACTCCG-1	IU_PDA_NP10	Normal Pancreas	CC10	Normal Epithelial cells
PDACNP_1_GAGCGCGCACGAGTAG-1	IU_PDA_NP10	Normal Pancreas	CC10	Normal Epithelial cells
PDACNP_1_GAGCGGAATGCGGTGT-1	IU_PDA_NP10	Normal Pancreas	CC10	Normal Epithelial cells
PDACNP_1_GAGCTCAACATGAGCG-1	IU_PDA_NP10	Normal Pancreas	CC10	Normal Epithelial cells
PDACNP_1_GAGCTGTCGTCTCGGA-1	IU_PDA_NP10	Normal Pancreas	CC10	Normal Epithelial cells
PDACNP_1_GAGGAATATCTCTTTG-1	IU_PDA_NP10	Normal Pancreas	CC10	Normal Epithelial cells
PDACNP_1_GAGGAATGGAGAGGTT-1	IU_PDA_NP10	Normal Pancreas	CC10	Normal Epithelial cells
PDACNP_1_GAGGAGATCCTCATGC-1	IU_PDA_NP10	Normal Pancreas	CC3	Normal Epithelial cells
PDACNP_1_GAGGATAAACAGTGCT-1	IU_PDA_NP10	Normal Pancreas	CC10	Normal Epithelial cells
PDACNP_1_GAGGCCCGACTCCGCA-1	IU_PDA_NP10	Normal Pancreas	CC10	Normal Epithelial cells
PDACNP_1_GAGGGAGTCAGATCGC-1	IU_PDA_NP10	Normal Pancreas	CC10	Normal Epithelial cells
PDACNP_1_GAGGGCATCGCGTATC-1	IU_PDA_NP10	Normal Pancreas	CC10	Normal Epithelial cells
PDACNP_1_GAGGGCGCAGCTCTGC-1	IU_PDA_NP10	Normal Pancreas	CC10	Normal Epithelial cells
PDACNP_1_GAGGGTAGTAACAAAG-1	IU_PDA_NP10	Normal Pancreas	CC10	Normal Epithelial cells
PDACNP_1_GAGGTACATCCATCTT-1	IU_PDA_NP10	Normal Pancreas	CC10	Normal Epithelial cells
PDACNP_1_GAGGTACGCGTGTCCC-1	IU_PDA_NP10	Normal Pancreas	CC10	Normal Epithelial cells
PDACNP_1_GAGGTCCCAAAGATCT-1	IU_PDA_NP10	Normal Pancreas	CC2	Normal Epithelial cells
PDACNP_1_GAGTAAGGCCACGGGA-1	IU_PDA_NP10	Normal Pancreas	CC10	Normal Epithelial cells
PDACNP_1_GAGTACGGGTATACAA-1	IU_PDA_NP10	Normal Pancreas	CC10	Normal Epithelial cells
PDACNP_1_GAGTAGATACTAGTTG-1	IU_PDA_NP10	Normal Pancreas	CC10	Normal Epithelial cells
PDACNP_1_GAGTATACCCTAATCA-1	IU_PDA_NP10	Normal Pancreas	CC10	Normal Epithelial cells
PDACNP_1_GAGTATGCCCGCCTTG-1	IU_PDA_NP10	Normal Pancreas	CC10	Normal Epithelial cells
PDACNP_1_GAGTATGCGCGTGCAT-1	IU_PDA_NP10	Normal Pancreas	CC10	Normal Epithelial cells
PDACNP_1_GAGTCAGACCAGAATC-1	IU_PDA_NP10	Normal Pancreas	CC10	Normal Epithelial cells
PDACNP_1_GAGTCCACCAGGTTTA-1	IU_PDA_NP10	Normal Pancreas	CC10	Normal Epithelial cells
PDACNP_1_GAGTCCGCTTACCGGA-1	IU_PDA_NP10	Normal Pancreas	CC10	Normal Epithelial cells
PDACNP_1_GAGTCGACAGACCCTC-1	IU_PDA_NP10	Normal Pancreas	CC10	Normal Epithelial cells
PDACNP_1_GAGTCTTGTAAAGGAC-1	IU_PDA_NP10	Normal Pancreas	CC10	Normal Epithelial cells
PDACNP_1_GAGTGTCAACCAGAAA-1	IU_PDA_NP10	Normal Pancreas	CC10	Normal Epithelial cells
PDACNP_1_GAGTGTGCGGTACCCA-1	IU_PDA_NP10	Normal Pancreas	CC10	Normal Epithelial cells
PDACNP_1_GAGTTCTGTGGGTGCT-1	IU_PDA_NP10	Normal Pancreas	CC10	Normal Epithelial cells
PDACNP_1_GAGTTGATGGCAATTT-1	IU_PDA_NP10	Normal Pancreas	CC10	Normal Epithelial cells
PDACNP_1_GATAAATCGGTGGATG-1	IU_PDA_NP10	Normal Pancreas	CC10	Normal Epithelial cells
PDACNP_1_GATAACTCGCACTGTG-1	IU_PDA_NP10	Normal Pancreas	CC10	Normal Epithelial cells
PDACNP_1_GATACGATGGGAGTCA-1	IU_PDA_NP10	Normal Pancreas	CC10	Normal Epithelial cells
PDACNP_1_GATAGATAGTACAGTC-1	IU_PDA_NP10	Normal Pancreas	CC10	Normal Epithelial cells
PDACNP_1_GATAGGTAACGTTGAC-1	IU_PDA_NP10	Normal Pancreas	CC10	Normal Epithelial cells
PDACNP_1_GATAGTGCGAGTAAGT-1	IU_PDA_NP10	Normal Pancreas	CC10	Normal Epithelial cells
PDACNP_1_GATATCAAGCAGGAGC-1	IU_PDA_NP10	Normal Pancreas	CC10	Normal Epithelial cells
PDACNP_1_GATATCAGTATGTATC-1	IU_PDA_NP10	Normal Pancreas	CC7	Normal Epithelial cells
PDACNP_1_GATATGAGACACTAAC-1	IU_PDA_NP10	Normal Pancreas	CC10	Normal Epithelial cells
PDACNP_1_GATATGCGGTAGCCAA-1	IU_PDA_NP10	Normal Pancreas	CC10	Normal Epithelial cells
PDACNP_1_GATATGGATTACGCGG-1	IU_PDA_NP10	Normal Pancreas	CC10	Normal Epithelial cells
PDACNP_1_GATATTGAGATTGGCG-1	IU_PDA_NP10	Normal Pancreas	CC10	Normal Epithelial cells
PDACNP_1_GATATTTCCTACATGG-1	IU_PDA_NP10	Normal Pancreas	CC10	Normal Epithelial cells
PDACNP_1_GATCAACATAAAGGGA-1	IU_PDA_NP10	Normal Pancreas	CC10	Normal Epithelial cells
PDACNP_1_GATCATTCCAAACATT-1	IU_PDA_NP10	Normal Pancreas	CC10	Normal Epithelial cells
PDACNP_1_GATCCAACCTTTAAAC-1	IU_PDA_NP10	Normal Pancreas	CC10	Normal Epithelial cells
PDACNP_1_GATCCCTTTATACTGC-1	IU_PDA_NP10	Normal Pancreas	CC10	Normal Epithelial cells
PDACNP_1_GATCCGGGAATTAACA-1	IU_PDA_NP10	Normal Pancreas	CC10	Normal Epithelial cells
PDACNP_1_GATCCTAAATCGGGAC-1	IU_PDA_NP10	Normal Pancreas	CC10	Normal Epithelial cells
PDACNP_1_GATCCTCGACACTGGC-1	IU_PDA_NP10	Normal Pancreas	CC10	Normal Epithelial cells
PDACNP_1_GATCGACACTATCTGA-1	IU_PDA_NP10	Normal Pancreas	CC10	Normal Epithelial cells
PDACNP_1_GATCGCTACCCGATTT-1	IU_PDA_NP10	Normal Pancreas	CC10	Normal Epithelial cells
PDACNP_1_GATCGCTATATCTCAG-1	IU_PDA_NP10	Normal Pancreas	CC10	Normal Epithelial cells
PDACNP_1_GATCGCTGTGGTGCGT-1	IU_PDA_NP10	Normal Pancreas	CC10	Normal Epithelial cells
PDACNP_1_GATCGGATAGAACCAT-1	IU_PDA_NP10	Normal Pancreas	CC10	Normal Epithelial cells
PDACNP_1_GATCGGCGATAAGTCG-1	IU_PDA_NP10	Normal Pancreas	CC10	Normal Epithelial cells
PDACNP_1_GATCGGTGGCCATAAC-1	IU_PDA_NP10	Normal Pancreas	CC10	Normal Epithelial cells
PDACNP_1_GATCGTGACTGATATC-1	IU_PDA_NP10	Normal Pancreas	CC10	Normal Epithelial cells
PDACNP_1_GATCTAACCGTATTCA-1	IU_PDA_NP10	Normal Pancreas	CC10	Normal Epithelial cells
PDACNP_1_GATCTGCTATCTAAGG-1	IU_PDA_NP10	Normal Pancreas	CC10	Normal Epithelial cells
PDACNP_1_GATCTTCATTGTCCTC-1	IU_PDA_NP10	Normal Pancreas	CC10	Normal Epithelial cells
PDACNP_1_GATGACAAGTAGGGCA-1	IU_PDA_NP10	Normal Pancreas	CC10	Normal Epithelial cells
PDACNP_1_GATGACGATGATCGCG-1	IU_PDA_NP10	Normal Pancreas	CC10	Normal Epithelial cells
PDACNP_1_GATGAGGAACCTTCGG-1	IU_PDA_NP10	Normal Pancreas	CC10	Normal Epithelial cells
PDACNP_1_GATGCCAGCAGAAGGC-1	IU_PDA_NP10	Normal Pancreas	CC10	Normal Epithelial cells
PDACNP_1_GATGCCTTCTGCGGCA-1	IU_PDA_NP10	Normal Pancreas	CC10	Normal Epithelial cells
PDACNP_1_GATGCGAATGGTATTA-1	IU_PDA_NP10	Normal Pancreas	CC10	Normal Epithelial cells
PDACNP_1_GATGCTACAAGCGCCT-1	IU_PDA_NP10	Normal Pancreas	CC10	Normal Epithelial cells
PDACNP_1_GATGGCGCACACATTA-1	IU_PDA_NP10	Normal Pancreas	CC2	Normal Epithelial cells
PDACNP_1_GATGGTGCCCTAGGCA-1	IU_PDA_NP10	Normal Pancreas	CC10	Normal Epithelial cells
PDACNP_1_GATGTAACGAACCACC-1	IU_PDA_NP10	Normal Pancreas	CC10	Normal Epithelial cells
PDACNP_1_GATGTCGGTCAACTGC-1	IU_PDA_NP10	Normal Pancreas	CC10	Normal Epithelial cells
PDACNP_1_GATTAACCGAAAGCCC-1	IU_PDA_NP10	Normal Pancreas	CC10	Normal Epithelial cells
PDACNP_1_GATTATCTTGCATTAT-1	IU_PDA_NP10	Normal Pancreas	CC10	Normal Epithelial cells
PDACNP_1_GATTCCCTTGTCGCAG-1	IU_PDA_NP10	Normal Pancreas	CC10	Normal Epithelial cells
PDACNP_1_GATTCCGCGTTTCCGT-1	IU_PDA_NP10	Normal Pancreas	CC10	Normal Epithelial cells
PDACNP_1_GATTCCTATACGGCGC-1	IU_PDA_NP10	Normal Pancreas	CC10	Normal Epithelial cells
PDACNP_1_GATTGCTCCAGTTGCA-1	IU_PDA_NP10	Normal Pancreas	CC10	Normal Epithelial cells
PDACNP_1_GATTGGGAAAGGTTGT-1	IU_PDA_NP10	Normal Pancreas	CC10	Normal Epithelial cells
PDACNP_1_GCAAACCCTACATTAT-1	IU_PDA_NP10	Normal Pancreas	CC10	Normal Epithelial cells
PDACNP_1_GCAAACCTTGGCCATA-1	IU_PDA_NP10	Normal Pancreas	CC10	Normal Epithelial cells
PDACNP_1_GCAAACGTAAGCGACC-1	IU_PDA_NP10	Normal Pancreas	CC10	Normal Epithelial cells
PDACNP_1_GCAAAGGGCGTTAGCC-1	IU_PDA_NP10	Normal Pancreas	CC10	Normal Epithelial cells
PDACNP_1_GCAAATGAGGACACTT-1	IU_PDA_NP10	Normal Pancreas	CC10	Normal Epithelial cells
PDACNP_1_GCAACACACTAGAACT-1	IU_PDA_NP10	Normal Pancreas	CC10	Normal Epithelial cells
PDACNP_1_GCAACCACCAGACCGG-1	IU_PDA_NP10	Normal Pancreas	CC10	Normal Epithelial cells
PDACNP_1_GCAACCACGGCCGCGT-1	IU_PDA_NP10	Normal Pancreas	CC10	Normal Epithelial cells
PDACNP_1_GCAAGCTGGAAACCGC-1	IU_PDA_NP10	Normal Pancreas	CC10	Normal Epithelial cells
PDACNP_1_GCAAGTGTAAAGCATG-1	IU_PDA_NP10	Normal Pancreas	CC10	Normal Epithelial cells
PDACNP_1_GCACAAACCCTAGATG-1	IU_PDA_NP10	Normal Pancreas	CC10	Normal Epithelial cells
PDACNP_1_GCACAACCTCGGGCGT-1	IU_PDA_NP10	Normal Pancreas	CC10	Normal Epithelial cells
PDACNP_1_GCACAAGTGGATCATA-1	IU_PDA_NP10	Normal Pancreas	CC10	Normal Epithelial cells
PDACNP_1_GCACAAGTGTCGGAAG-1	IU_PDA_NP10	Normal Pancreas	CC10	Normal Epithelial cells
PDACNP_1_GCACACAGCTATTACC-1	IU_PDA_NP10	Normal Pancreas	CC10	Normal Epithelial cells
PDACNP_1_GCACAGCACGGGCCGA-1	IU_PDA_NP10	Normal Pancreas	CC10	Normal Epithelial cells
PDACNP_1_GCACCTAGGCGAGTCC-1	IU_PDA_NP10	Normal Pancreas	CC10	Normal Epithelial cells
PDACNP_1_GCACCTTCCCGAAGGT-1	IU_PDA_NP10	Normal Pancreas	CC7	Normal Epithelial cells
PDACNP_1_GCACGCCGATTCCCGC-1	IU_PDA_NP10	Normal Pancreas	CC10	Normal Epithelial cells
PDACNP_1_GCACGCCTACTTAGAT-1	IU_PDA_NP10	Normal Pancreas	CC10	Normal Epithelial cells
PDACNP_1_GCACGTGGTTTACTTA-1	IU_PDA_NP10	Normal Pancreas	CC10	Normal Epithelial cells
PDACNP_1_GCACTAGTCGCGCTAT-1	IU_PDA_NP10	Normal Pancreas	CC10	Normal Epithelial cells
PDACNP_1_GCACTGCCTACCTTTA-1	IU_PDA_NP10	Normal Pancreas	CC10	Normal Epithelial cells
PDACNP_1_GCAGACCCAGCACGTA-1	IU_PDA_NP10	Normal Pancreas	CC10	Normal Epithelial cells
PDACNP_1_GCAGATCCATAAGACT-1	IU_PDA_NP10	Normal Pancreas	CC10	Normal Epithelial cells
PDACNP_1_GCAGATCCTCGCAAAT-1	IU_PDA_NP10	Normal Pancreas	CC10	Normal Epithelial cells
PDACNP_1_GCAGCTATGGACAGGT-1	IU_PDA_NP10	Normal Pancreas	CC10	Normal Epithelial cells
PDACNP_1_GCAGGAACTTAGATCT-1	IU_PDA_NP10	Normal Pancreas	CC10	Normal Epithelial cells
PDACNP_1_GCAGGTAGAGTATGGT-1	IU_PDA_NP10	Normal Pancreas	CC10	Normal Epithelial cells
PDACNP_1_GCAGTGTGGCTATAGG-1	IU_PDA_NP10	Normal Pancreas	CC10	Normal Epithelial cells
PDACNP_1_GCATCCCTAACTTTGA-1	IU_PDA_NP10	Normal Pancreas	CC10	Normal Epithelial cells
PDACNP_1_GCATCGGCCGTGTAGG-1	IU_PDA_NP10	Normal Pancreas	CC10	Normal Epithelial cells
PDACNP_1_GCATGAGGGACGCGGC-1	IU_PDA_NP10	Normal Pancreas	CC10	Normal Epithelial cells
PDACNP_1_GCATGCTAATAACGAT-1	IU_PDA_NP10	Normal Pancreas	CC10	Normal Epithelial cells
PDACNP_1_GCATGGGTACTGACGC-1	IU_PDA_NP10	Normal Pancreas	CC10	Normal Epithelial cells
PDACNP_1_GCATTCAAGGCAACGC-1	IU_PDA_NP10	Normal Pancreas	CC10	Normal Epithelial cells
PDACNP_1_GCATTCGAAATGAACA-1	IU_PDA_NP10	Normal Pancreas	CC10	Normal Epithelial cells
PDACNP_1_GCATTGACTTGCGGAA-1	IU_PDA_NP10	Normal Pancreas	CC10	Normal Epithelial cells
PDACNP_1_GCATTTCCAAGGCTCC-1	IU_PDA_NP10	Normal Pancreas	CC10	Normal Epithelial cells
PDACNP_1_GCCAACCATTTCCGGA-1	IU_PDA_NP10	Normal Pancreas	CC10	Normal Epithelial cells
PDACNP_1_GCCAATAGGGCATCTC-1	IU_PDA_NP10	Normal Pancreas	CC10	Normal Epithelial cells
PDACNP_1_GCCACAATTTAAGGAC-1	IU_PDA_NP10	Normal Pancreas	CC10	Normal Epithelial cells
PDACNP_1_GCCACCTTATTCGCGA-1	IU_PDA_NP10	Normal Pancreas	CC10	Normal Epithelial cells
PDACNP_1_GCCAGGAAAGAACACT-1	IU_PDA_NP10	Normal Pancreas	CC10	Normal Epithelial cells
PDACNP_1_GCCAGGAGTAACCGAT-1	IU_PDA_NP10	Normal Pancreas	CC10	Normal Epithelial cells
PDACNP_1_GCCATATTGCACACAG-1	IU_PDA_NP10	Normal Pancreas	CC10	Normal Epithelial cells
PDACNP_1_GCCATCGAGCTGCGTG-1	IU_PDA_NP10	Normal Pancreas	CC10	Normal Epithelial cells
PDACNP_1_GCCATCGATGCTGCAT-1	IU_PDA_NP10	Normal Pancreas	CC10	Normal Epithelial cells
PDACNP_1_GCCATTAGCCTCAAAC-1	IU_PDA_NP10	Normal Pancreas	CC10	Normal Epithelial cells
PDACNP_1_GCCCACCAAGGCTGTC-1	IU_PDA_NP10	Normal Pancreas	CC10	Normal Epithelial cells
PDACNP_1_GCCCGACTTCTTCCCG-1	IU_PDA_NP10	Normal Pancreas	CC10	Normal Epithelial cells
PDACNP_1_GCCCGAGAGTCTAAAT-1	IU_PDA_NP10	Normal Pancreas	CC10	Normal Epithelial cells
PDACNP_1_GCCCGATCTGTGGTCG-1	IU_PDA_NP10	Normal Pancreas	CC10	Normal Epithelial cells
PDACNP_1_GCCCGATGCCCAGTTC-1	IU_PDA_NP10	Normal Pancreas	CC10	Normal Epithelial cells
PDACNP_1_GCCCGCGCGTAAACGG-1	IU_PDA_NP10	Normal Pancreas	CC10	Normal Epithelial cells
PDACNP_1_GCCCGCGCGTTTGACA-1	IU_PDA_NP10	Normal Pancreas	CC10	Normal Epithelial cells
PDACNP_1_GCCCGTAATACCTTCT-1	IU_PDA_NP10	Normal Pancreas	CC10	Normal Epithelial cells
PDACNP_1_GCCCTAGCCGTCGCGA-1	IU_PDA_NP10	Normal Pancreas	CC10	Normal Epithelial cells
PDACNP_1_GCCCTGAGGATGGGCT-1	IU_PDA_NP10	Normal Pancreas	CC10	Normal Epithelial cells
PDACNP_1_GCCGACCCACGACTGC-1	IU_PDA_NP10	Normal Pancreas	CC10	Normal Epithelial cells
PDACNP_1_GCCGGTCGTATCTCTC-1	IU_PDA_NP10	Normal Pancreas	CC10	Normal Epithelial cells
PDACNP_1_GCCGTCGGTTTCGGGC-1	IU_PDA_NP10	Normal Pancreas	CC10	Normal Epithelial cells
PDACNP_1_GCCGTGGAAGAAATGT-1	IU_PDA_NP10	Normal Pancreas	CC10	Normal Epithelial cells
PDACNP_1_GCCTACGTTCTGTGCA-1	IU_PDA_NP10	Normal Pancreas	CC10	Normal Epithelial cells
PDACNP_1_GCCTAGCGATCTGACC-1	IU_PDA_NP10	Normal Pancreas	CC10	Normal Epithelial cells
PDACNP_1_GCCTATAGTGTCAGGG-1	IU_PDA_NP10	Normal Pancreas	CC10	Normal Epithelial cells
PDACNP_1_GCCTATTTGCTACACA-1	IU_PDA_NP10	Normal Pancreas	CC10	Normal Epithelial cells
PDACNP_1_GCCTCATCTGGAAATA-1	IU_PDA_NP10	Normal Pancreas	CC10	Normal Epithelial cells
PDACNP_1_GCCTCTATACATAGCA-1	IU_PDA_NP10	Normal Pancreas	CC10	Normal Epithelial cells
PDACNP_1_GCCTGTCCCGGTGCAT-1	IU_PDA_NP10	Normal Pancreas	CC10	Normal Epithelial cells
PDACNP_1_GCCTTCAGCCCTACCG-1	IU_PDA_NP10	Normal Pancreas	CC10	Normal Epithelial cells
PDACNP_1_GCCTTGTATATGCAGT-1	IU_PDA_NP10	Normal Pancreas	CC10	Normal Epithelial cells
PDACNP_1_GCCTTTGTCAGTGGAC-1	IU_PDA_NP10	Normal Pancreas	CC10	Normal Epithelial cells
PDACNP_1_GCGAAACGATCGGGAG-1	IU_PDA_NP10	Normal Pancreas	CC10	Normal Epithelial cells
PDACNP_1_GCGAAGAATCTGACGG-1	IU_PDA_NP10	Normal Pancreas	CC10	Normal Epithelial cells
PDACNP_1_GCGAAGCCATACCCGT-1	IU_PDA_NP10	Normal Pancreas	CC10	Normal Epithelial cells
PDACNP_1_GCGACATGTAAACATC-1	IU_PDA_NP10	Normal Pancreas	CC10	Normal Epithelial cells
PDACNP_1_GCGACCCAACCATCTG-1	IU_PDA_NP10	Normal Pancreas	CC10	Normal Epithelial cells
PDACNP_1_GCGACGATAGTTGTAC-1	IU_PDA_NP10	Normal Pancreas	CC10	Normal Epithelial cells
PDACNP_1_GCGACGGTAGTCTCCT-1	IU_PDA_NP10	Normal Pancreas	CC10	Normal Epithelial cells
PDACNP_1_GCGAGAAACGGGAGTT-1	IU_PDA_NP10	Normal Pancreas	CC2	Normal Epithelial cells
PDACNP_1_GCGAGAGGCCATGTAA-1	IU_PDA_NP10	Normal Pancreas	CC10	Normal Epithelial cells
PDACNP_1_GCGAGAGTTGCGTCCA-1	IU_PDA_NP10	Normal Pancreas	CC10	Normal Epithelial cells
PDACNP_1_GCGAGCGCATGCTCCC-1	IU_PDA_NP10	Normal Pancreas	CC10	Normal Epithelial cells
PDACNP_1_GCGAGGGACTGCTAGA-1	IU_PDA_NP10	Normal Pancreas	CC10	Normal Epithelial cells
PDACNP_1_GCGAGTTCTGCAAAGA-1	IU_PDA_NP10	Normal Pancreas	CC10	Normal Epithelial cells
PDACNP_1_GCGATTCTGGAAGCAG-1	IU_PDA_NP10	Normal Pancreas	CC10	Normal Epithelial cells
PDACNP_1_GCGATTGTTAACGTTA-1	IU_PDA_NP10	Normal Pancreas	CC10	Normal Epithelial cells
PDACNP_1_GCGCAAATATATTCAA-1	IU_PDA_NP10	Normal Pancreas	CC10	Normal Epithelial cells
PDACNP_1_GCGCATCCAGTCAGCA-1	IU_PDA_NP10	Normal Pancreas	CC10	Normal Epithelial cells
PDACNP_1_GCGCGGTCTAGTAACT-1	IU_PDA_NP10	Normal Pancreas	CC10	Normal Epithelial cells
PDACNP_1_GCGCGTCATTGGTACA-1	IU_PDA_NP10	Normal Pancreas	CC10	Normal Epithelial cells
PDACNP_1_GCGCGTTTAAATCGTA-1	IU_PDA_NP10	Normal Pancreas	CC10	Normal Epithelial cells
PDACNP_1_GCGCTAATTGAATAGA-1	IU_PDA_NP10	Normal Pancreas	CC10	Normal Epithelial cells
PDACNP_1_GCGCTATGCCGAGGCA-1	IU_PDA_NP10	Normal Pancreas	CC10	Normal Epithelial cells
PDACNP_1_GCGCTGATCCAGACTC-1	IU_PDA_NP10	Normal Pancreas	CC10	Normal Epithelial cells
PDACNP_1_GCGCTGCTTTGCATTT-1	IU_PDA_NP10	Normal Pancreas	CC10	Normal Epithelial cells
PDACNP_1_GCGCTTAAATAATTGG-1	IU_PDA_NP10	Normal Pancreas	CC10	Normal Epithelial cells
PDACNP_1_GCGGACCGCGTTGTGG-1	IU_PDA_NP10	Normal Pancreas	CC10	Normal Epithelial cells
PDACNP_1_GCGGAGAAACTTCGCA-1	IU_PDA_NP10	Normal Pancreas	CC10	Normal Epithelial cells
PDACNP_1_GCGGAGAGGGAGAACG-1	IU_PDA_NP10	Normal Pancreas	CC10	Normal Epithelial cells
PDACNP_1_GCGGATTACTTGTTCT-1	IU_PDA_NP10	Normal Pancreas	CC10	Normal Epithelial cells
PDACNP_1_GCGGCAAAGTATTGCC-1	IU_PDA_NP10	Normal Pancreas	CC10	Normal Epithelial cells
PDACNP_1_GCGGCTTTAGCAAGTT-1	IU_PDA_NP10	Normal Pancreas	CC10	Normal Epithelial cells
PDACNP_1_GCGGGAACCAGGCCCT-1	IU_PDA_NP10	Normal Pancreas	CC10	Normal Epithelial cells
PDACNP_1_GCGGGCGAGCCTTACC-1	IU_PDA_NP10	Normal Pancreas	CC10	Normal Epithelial cells
PDACNP_1_GCGGTAACCCAAATGA-1	IU_PDA_NP10	Normal Pancreas	CC10	Normal Epithelial cells
PDACNP_1_GCGGTCTTGCTTTCAC-1	IU_PDA_NP10	Normal Pancreas	CC7	Normal Epithelial cells
PDACNP_1_GCGGTGAACTGCGCTC-1	IU_PDA_NP10	Normal Pancreas	CC10	Normal Epithelial cells
PDACNP_1_GCGGTGCGGAGCATCG-1	IU_PDA_NP10	Normal Pancreas	CC10	Normal Epithelial cells
PDACNP_1_GCGGTTCCCTATCATG-1	IU_PDA_NP10	Normal Pancreas	CC10	Normal Epithelial cells
PDACNP_1_GCGTAAATGGCCATAA-1	IU_PDA_NP10	Normal Pancreas	CC10	Normal Epithelial cells
PDACNP_1_GCGTCCCTAAGACATA-1	IU_PDA_NP10	Normal Pancreas	CC10	Normal Epithelial cells
PDACNP_1_GCGTCGAAATGTCGGT-1	IU_PDA_NP10	Normal Pancreas	CC10	Normal Epithelial cells
PDACNP_1_GCGTCGCCAGGGTGAT-1	IU_PDA_NP10	Normal Pancreas	CC10	Normal Epithelial cells
PDACNP_1_GCGTGGTACTGGGTTA-1	IU_PDA_NP10	Normal Pancreas	CC10	Normal Epithelial cells
PDACNP_1_GCGTTCGGAGACCGGG-1	IU_PDA_NP10	Normal Pancreas	CC10	Normal Epithelial cells
PDACNP_1_GCTAAACCTGAGGTGA-1	IU_PDA_NP10	Normal Pancreas	CC10	Normal Epithelial cells
PDACNP_1_GCTAACTGAAGTCTGA-1	IU_PDA_NP10	Normal Pancreas	CC10	Normal Epithelial cells
PDACNP_1_GCTAAGCCCAGTATGC-1	IU_PDA_NP10	Normal Pancreas	CC10	Normal Epithelial cells
PDACNP_1_GCTAAGTAGTTTCTCT-1	IU_PDA_NP10	Normal Pancreas	CC10	Normal Epithelial cells
PDACNP_1_GCTAATACCGAATGCC-1	IU_PDA_NP10	Normal Pancreas	CC10	Normal Epithelial cells
PDACNP_1_GCTACAATCGAGGATA-1	IU_PDA_NP10	Normal Pancreas	CC10	Normal Epithelial cells
PDACNP_1_GCTACACTGTCCGAAC-1	IU_PDA_NP10	Normal Pancreas	CC10	Normal Epithelial cells
PDACNP_1_GCTACAGTACGGACCG-1	IU_PDA_NP10	Normal Pancreas	CC10	Normal Epithelial cells
PDACNP_1_GCTACTATAGTAGAGT-1	IU_PDA_NP10	Normal Pancreas	CC10	Normal Epithelial cells
PDACNP_1_GCTAGCAACGCACCTA-1	IU_PDA_NP10	Normal Pancreas	CC10	Normal Epithelial cells
PDACNP_1_GCTAGCGATAGGTCTT-1	IU_PDA_NP10	Normal Pancreas	CC10	Normal Epithelial cells
PDACNP_1_GCTAGCTTGAATAGCT-1	IU_PDA_NP10	Normal Pancreas	CC10	Normal Epithelial cells
PDACNP_1_GCTAGGCACCACGGAG-1	IU_PDA_NP10	Normal Pancreas	CC10	Normal Epithelial cells
PDACNP_1_GCTAGTTTCATTGAGG-1	IU_PDA_NP10	Normal Pancreas	CC10	Normal Epithelial cells
PDACNP_1_GCTATAAGGGCCAGGA-1	IU_PDA_NP10	Normal Pancreas	CC10	Normal Epithelial cells
PDACNP_1_GCTATACGTCTCGGAC-1	IU_PDA_NP10	Normal Pancreas	CC10	Normal Epithelial cells
PDACNP_1_GCTATCATACTCATGG-1	IU_PDA_NP10	Normal Pancreas	CC10	Normal Epithelial cells
PDACNP_1_GCTATCGCGGCGCAAC-1	IU_PDA_NP10	Normal Pancreas	CC7	Normal Epithelial cells
PDACNP_1_GCTATGCCAGCTTATG-1	IU_PDA_NP10	Normal Pancreas	CC10	Normal Epithelial cells
PDACNP_1_GCTCAACCTCTTAGAG-1	IU_PDA_NP10	Normal Pancreas	CC10	Normal Epithelial cells
PDACNP_1_GCTCAATCCGTTTATT-1	IU_PDA_NP10	Normal Pancreas	CC10	Normal Epithelial cells
PDACNP_1_GCTCAATGTAATACCG-1	IU_PDA_NP10	Normal Pancreas	CC10	Normal Epithelial cells
PDACNP_1_GCTCATTACTGCATGT-1	IU_PDA_NP10	Normal Pancreas	CC10	Normal Epithelial cells
PDACNP_1_GCTCCATGCAAAGCAA-1	IU_PDA_NP10	Normal Pancreas	CC10	Normal Epithelial cells
PDACNP_1_GCTCCTGACATACTGG-1	IU_PDA_NP10	Normal Pancreas	CC10	Normal Epithelial cells
PDACNP_1_GCTCGCGGTTCCGCTC-1	IU_PDA_NP10	Normal Pancreas	CC10	Normal Epithelial cells
PDACNP_1_GCTCGGAATTTAAAGC-1	IU_PDA_NP10	Normal Pancreas	CC10	Normal Epithelial cells
PDACNP_1_GCTCTAAACCCTGACG-1	IU_PDA_NP10	Normal Pancreas	CC10	Normal Epithelial cells
PDACNP_1_GCTCTCGGGTACCGAA-1	IU_PDA_NP10	Normal Pancreas	CC10	Normal Epithelial cells
PDACNP_1_GCTCTTTCCGCTAGTG-1	IU_PDA_NP10	Normal Pancreas	CC10	Normal Epithelial cells
PDACNP_1_GCTGAACTCTCCAGGG-1	IU_PDA_NP10	Normal Pancreas	CC10	Normal Epithelial cells
PDACNP_1_GCTGAATCTTCCAATC-1	IU_PDA_NP10	Normal Pancreas	CC10	Normal Epithelial cells
PDACNP_1_GCTGAGCAACGGTTCT-1	IU_PDA_NP10	Normal Pancreas	CC10	Normal Epithelial cells
PDACNP_1_GCTGCACGGTTTCTTA-1	IU_PDA_NP10	Normal Pancreas	CC10	Normal Epithelial cells
PDACNP_1_GCTGCTAAGTAGTCGA-1	IU_PDA_NP10	Normal Pancreas	CC10	Normal Epithelial cells
PDACNP_1_GCTGCTACTGCGTAGC-1	IU_PDA_NP10	Normal Pancreas	CC10	Normal Epithelial cells
PDACNP_1_GCTGCTCTCCGGACAC-1	IU_PDA_NP10	Normal Pancreas	CC10	Normal Epithelial cells
PDACNP_1_GCTGGCATATTCACCT-1	IU_PDA_NP10	Normal Pancreas	CC10	Normal Epithelial cells
PDACNP_1_GCTGGCGGCGCATGCT-1	IU_PDA_NP10	Normal Pancreas	CC10	Normal Epithelial cells
PDACNP_1_GCTGGGAGCGCGTCAA-1	IU_PDA_NP10	Normal Pancreas	CC10	Normal Epithelial cells
PDACNP_1_GCTGGGTCCGCTGTTA-1	IU_PDA_NP10	Normal Pancreas	CC10	Normal Epithelial cells
PDACNP_1_GCTGGTTTAGGCCATA-1	IU_PDA_NP10	Normal Pancreas	CC10	Normal Epithelial cells
PDACNP_1_GCTGTATTACTGGCCC-1	IU_PDA_NP10	Normal Pancreas	CC10	Normal Epithelial cells
PDACNP_1_GCTGTTGCTACCGAAC-1	IU_PDA_NP10	Normal Pancreas	CC10	Normal Epithelial cells
PDACNP_1_GCTTATGAAGCAGGAA-1	IU_PDA_NP10	Normal Pancreas	CC10	Normal Epithelial cells
PDACNP_1_GCTTCCAGCTTAGATT-1	IU_PDA_NP10	Normal Pancreas	CC10	Normal Epithelial cells
PDACNP_1_GCTTCCATGTAACCGC-1	IU_PDA_NP10	Normal Pancreas	CC10	Normal Epithelial cells
PDACNP_1_GCTTCCCGTAAGCTCC-1	IU_PDA_NP10	Normal Pancreas	CC10	Normal Epithelial cells
PDACNP_1_GCTTCCGTCCCTAGAC-1	IU_PDA_NP10	Normal Pancreas	CC10	Normal Epithelial cells
PDACNP_1_GCTTCGACGTTCAATC-1	IU_PDA_NP10	Normal Pancreas	CC10	Normal Epithelial cells
PDACNP_1_GCTTGGATCGATTAGG-1	IU_PDA_NP10	Normal Pancreas	CC10	Normal Epithelial cells
PDACNP_1_GCTTTACACAACTGGG-1	IU_PDA_NP10	Normal Pancreas	CC10	Normal Epithelial cells
PDACNP_1_GCTTTCAGAGGAGGTG-1	IU_PDA_NP10	Normal Pancreas	CC10	Normal Epithelial cells
PDACNP_1_GGAAACCTTGTTGAAT-1	IU_PDA_NP10	Normal Pancreas	CC10	Normal Epithelial cells
PDACNP_1_GGAAAGGGAATTGAGC-1	IU_PDA_NP10	Normal Pancreas	CC10	Normal Epithelial cells
PDACNP_1_GGAAAGTGCCCATGCC-1	IU_PDA_NP10	Normal Pancreas	CC10	Normal Epithelial cells
PDACNP_1_GGAACCCGAACAAGAA-1	IU_PDA_NP10	Normal Pancreas	CC10	Normal Epithelial cells
PDACNP_1_GGAACCGTGTAAATTG-1	IU_PDA_NP10	Normal Pancreas	CC10	Normal Epithelial cells
PDACNP_1_GGAACCTTGACTCTGC-1	IU_PDA_NP10	Normal Pancreas	CC10	Normal Epithelial cells
PDACNP_1_GGAACGGCCTGCAGCC-1	IU_PDA_NP10	Normal Pancreas	CC10	Normal Epithelial cells
PDACNP_1_GGAACTTTGGCGATTA-1	IU_PDA_NP10	Normal Pancreas	CC10	Normal Epithelial cells
PDACNP_1_GGAAGCTCGCTTACAG-1	IU_PDA_NP10	Normal Pancreas	CC10	Normal Epithelial cells
PDACNP_1_GGAATGCGCTAGCGTG-1	IU_PDA_NP10	Normal Pancreas	CC10	Normal Epithelial cells
PDACNP_1_GGACAACCATGAAGCC-1	IU_PDA_NP10	Normal Pancreas	CC10	Normal Epithelial cells
PDACNP_1_GGACAAGTTGCAGTGA-1	IU_PDA_NP10	Normal Pancreas	CC10	Normal Epithelial cells
PDACNP_1_GGACCAACAGGATAAC-1	IU_PDA_NP10	Normal Pancreas	CC10	Normal Epithelial cells
PDACNP_1_GGACCTCTAGGCCGCC-1	IU_PDA_NP10	Normal Pancreas	CC10	Normal Epithelial cells
PDACNP_1_GGACTAAGTCAGGAGT-1	IU_PDA_NP10	Normal Pancreas	CC10	Normal Epithelial cells
PDACNP_1_GGACTCGACAGCGCAT-1	IU_PDA_NP10	Normal Pancreas	CC10	Normal Epithelial cells
PDACNP_1_GGACTCGTGAGTGGTC-1	IU_PDA_NP10	Normal Pancreas	CC10	Normal Epithelial cells
PDACNP_1_GGAGACCATCTACATA-1	IU_PDA_NP10	Normal Pancreas	CC10	Normal Epithelial cells
PDACNP_1_GGAGCAACATTTCAAG-1	IU_PDA_NP10	Normal Pancreas	CC10	Normal Epithelial cells
PDACNP_1_GGAGCACCAAGAACTA-1	IU_PDA_NP10	Normal Pancreas	CC10	Normal Epithelial cells
PDACNP_1_GGAGCGAGGCCTACTT-1	IU_PDA_NP10	Normal Pancreas	CC10	Normal Epithelial cells
PDACNP_1_GGAGGCCGAAGTCGTC-1	IU_PDA_NP10	Normal Pancreas	CC10	Normal Epithelial cells
PDACNP_1_GGAGGGCTTGGTTGGC-1	IU_PDA_NP10	Normal Pancreas	CC10	Normal Epithelial cells
PDACNP_1_GGAGGGTCAAGTAAGA-1	IU_PDA_NP10	Normal Pancreas	CC10	Normal Epithelial cells
PDACNP_1_GGAGTGCCGCCCTGGA-1	IU_PDA_NP10	Normal Pancreas	CC10	Normal Epithelial cells
PDACNP_1_GGATACTCATGAATTG-1	IU_PDA_NP10	Normal Pancreas	CC10	Normal Epithelial cells
PDACNP_1_GGATCAGAGCCATCAG-1	IU_PDA_NP10	Normal Pancreas	CC10	Normal Epithelial cells
PDACNP_1_GGATCCCTACCAGCTA-1	IU_PDA_NP10	Normal Pancreas	CC10	Normal Epithelial cells
PDACNP_1_GGATCCGGAATATACT-1	IU_PDA_NP10	Normal Pancreas	CC10	Normal Epithelial cells
PDACNP_1_GGATCTTACTGCCCTT-1	IU_PDA_NP10	Normal Pancreas	CC10	Normal Epithelial cells
PDACNP_1_GGATCTTGACTCAACC-1	IU_PDA_NP10	Normal Pancreas	CC10	Normal Epithelial cells
PDACNP_1_GGATGGCTTGAAGTAT-1	IU_PDA_NP10	Normal Pancreas	CC10	Normal Epithelial cells
PDACNP_1_GGATGTCCTTACCGCA-1	IU_PDA_NP10	Normal Pancreas	CC10	Normal Epithelial cells
PDACNP_1_GGATTAATCATGGACC-1	IU_PDA_NP10	Normal Pancreas	CC10	Normal Epithelial cells
PDACNP_1_GGATTCAGTACGGTGG-1	IU_PDA_NP10	Normal Pancreas	CC10	Normal Epithelial cells
PDACNP_1_GGATTCCGCTATACCC-1	IU_PDA_NP10	Normal Pancreas	CC10	Normal Epithelial cells
PDACNP_1_GGATTGAAGTAGCCTC-1	IU_PDA_NP10	Normal Pancreas	CC10	Normal Epithelial cells
PDACNP_1_GGATTGCTGTGACTCC-1	IU_PDA_NP10	Normal Pancreas	CC10	Normal Epithelial cells
PDACNP_1_GGCAAGCCCATAGTGG-1	IU_PDA_NP10	Normal Pancreas	CC10	Normal Epithelial cells
PDACNP_1_GGCAATAGTCAATGAG-1	IU_PDA_NP10	Normal Pancreas	CC10	Normal Epithelial cells
PDACNP_1_GGCACGCTGCTACAGT-1	IU_PDA_NP10	Normal Pancreas	CC10	Normal Epithelial cells
PDACNP_1_GGCACTGCGGTGGTTT-1	IU_PDA_NP10	Normal Pancreas	CC10	Normal Epithelial cells
PDACNP_1_GGCAGCAAACCTATGC-1	IU_PDA_NP10	Normal Pancreas	CC10	Normal Epithelial cells
PDACNP_1_GGCATATCGGTTCTGC-1	IU_PDA_NP10	Normal Pancreas	CC10	Normal Epithelial cells
PDACNP_1_GGCATTCCCTCCCTCG-1	IU_PDA_NP10	Normal Pancreas	CC10	Normal Epithelial cells
PDACNP_1_GGCCAATTGTATAGAC-1	IU_PDA_NP10	Normal Pancreas	CC10	Normal Epithelial cells
PDACNP_1_GGCCACACGAAAGCCT-1	IU_PDA_NP10	Normal Pancreas	CC10	Normal Epithelial cells
PDACNP_1_GGCCCAGCTGGTTTGC-1	IU_PDA_NP10	Normal Pancreas	CC10	Normal Epithelial cells
PDACNP_1_GGCCGAGACTCTGGTG-1	IU_PDA_NP10	Normal Pancreas	CC10	Normal Epithelial cells
PDACNP_1_GGCCGGCGTCTGCTAT-1	IU_PDA_NP10	Normal Pancreas	CC10	Normal Epithelial cells
PDACNP_1_GGCCGTTTGGGTTTCA-1	IU_PDA_NP10	Normal Pancreas	CC10	Normal Epithelial cells
PDACNP_1_GGCCTGCTCTGATGTT-1	IU_PDA_NP10	Normal Pancreas	CC10	Normal Epithelial cells
PDACNP_1_GGCCTGCTTCTCCCGA-1	IU_PDA_NP10	Normal Pancreas	CC10	Normal Epithelial cells
PDACNP_1_GGCGAGCGAAACGGCA-1	IU_PDA_NP10	Normal Pancreas	CC10	Normal Epithelial cells
PDACNP_1_GGCGCACAGTTTACCT-1	IU_PDA_NP10	Normal Pancreas	CC10	Normal Epithelial cells
PDACNP_1_GGCGCGGAGATCTTTC-1	IU_PDA_NP10	Normal Pancreas	CC10	Normal Epithelial cells
PDACNP_1_GGCGCGTTCGAGTTTA-1	IU_PDA_NP10	Normal Pancreas	CC10	Normal Epithelial cells
PDACNP_1_GGCGCTCCTCATCAAT-1	IU_PDA_NP10	Normal Pancreas	CC2	Normal Epithelial cells
PDACNP_1_GGCGCTTCATTCCCTG-1	IU_PDA_NP10	Normal Pancreas	CC10	Normal Epithelial cells
PDACNP_1_GGCGGTAGGATCATTG-1	IU_PDA_NP10	Normal Pancreas	CC10	Normal Epithelial cells
PDACNP_1_GGCGGTTTGCCGGTGC-1	IU_PDA_NP10	Normal Pancreas	CC2	Normal Epithelial cells
PDACNP_1_GGCGTAGGGAAAGCTG-1	IU_PDA_NP10	Normal Pancreas	CC10	Normal Epithelial cells
PDACNP_1_GGCGTCCTATCCGCTG-1	IU_PDA_NP10	Normal Pancreas	CC10	Normal Epithelial cells
PDACNP_1_GGCTAAAGGGCGGGTC-1	IU_PDA_NP10	Normal Pancreas	CC10	Normal Epithelial cells
PDACNP_1_GGCTACTATACACTCC-1	IU_PDA_NP10	Normal Pancreas	CC10	Normal Epithelial cells
PDACNP_1_GGCTCCTCCACCTGTT-1	IU_PDA_NP10	Normal Pancreas	CC10	Normal Epithelial cells
PDACNP_1_GGCTCGCGTTGAGGTA-1	IU_PDA_NP10	Normal Pancreas	CC10	Normal Epithelial cells
PDACNP_1_GGCTCGTGCCACCAGC-1	IU_PDA_NP10	Normal Pancreas	CC10	Normal Epithelial cells
PDACNP_1_GGCTCTGCTCCAACGC-1	IU_PDA_NP10	Normal Pancreas	CC10	Normal Epithelial cells
PDACNP_1_GGCTGAAATAGCAAAG-1	IU_PDA_NP10	Normal Pancreas	CC10	Normal Epithelial cells
PDACNP_1_GGCTGGCAATCCCACG-1	IU_PDA_NP10	Normal Pancreas	CC10	Normal Epithelial cells
PDACNP_1_GGCTGGCTAGCTTAAA-1	IU_PDA_NP10	Normal Pancreas	CC10	Normal Epithelial cells
PDACNP_1_GGCTTGGCTCTCACCT-1	IU_PDA_NP10	Normal Pancreas	CC10	Normal Epithelial cells
PDACNP_1_GGCTTTCAATAAGGGT-1	IU_PDA_NP10	Normal Pancreas	CC10	Normal Epithelial cells
PDACNP_1_GGGAAAGAATGCCAAC-1	IU_PDA_NP10	Normal Pancreas	CC10	Normal Epithelial cells
PDACNP_1_GGGAACGGTTTCAGAT-1	IU_PDA_NP10	Normal Pancreas	CC10	Normal Epithelial cells
PDACNP_1_GGGAAGACGGTCTGTC-1	IU_PDA_NP10	Normal Pancreas	CC10	Normal Epithelial cells
PDACNP_1_GGGAAGGGCTTTCTCA-1	IU_PDA_NP10	Normal Pancreas	CC10	Normal Epithelial cells
PDACNP_1_GGGAATGAGCCCTCAC-1	IU_PDA_NP10	Normal Pancreas	CC10	Normal Epithelial cells
PDACNP_1_GGGAATTCTGTCCAGT-1	IU_PDA_NP10	Normal Pancreas	CC10	Normal Epithelial cells
PDACNP_1_GGGACAGAGTTACTCC-1	IU_PDA_NP10	Normal Pancreas	CC10	Normal Epithelial cells
PDACNP_1_GGGACCCGTATATCTT-1	IU_PDA_NP10	Normal Pancreas	CC10	Normal Epithelial cells
PDACNP_1_GGGACTGCATAGATAG-1	IU_PDA_NP10	Normal Pancreas	CC10	Normal Epithelial cells
PDACNP_1_GGGAGAACTCACAGTA-1	IU_PDA_NP10	Normal Pancreas	CC10	Normal Epithelial cells
PDACNP_1_GGGAGCGACCGTAGTG-1	IU_PDA_NP10	Normal Pancreas	CC10	Normal Epithelial cells
PDACNP_1_GGGAGTTAATGAGGCG-1	IU_PDA_NP10	Normal Pancreas	CC10	Normal Epithelial cells
PDACNP_1_GGGATACGGTAATAAT-1	IU_PDA_NP10	Normal Pancreas	CC10	Normal Epithelial cells
PDACNP_1_GGGATATTGATCGCCA-1	IU_PDA_NP10	Normal Pancreas	CC10	Normal Epithelial cells
PDACNP_1_GGGATGGTCGTAACCG-1	IU_PDA_NP10	Normal Pancreas	CC10	Normal Epithelial cells
PDACNP_1_GGGCAACCGCACGTGC-1	IU_PDA_NP10	Normal Pancreas	CC10	Normal Epithelial cells
PDACNP_1_GGGCACGTAGTACTGT-1	IU_PDA_NP10	Normal Pancreas	CC10	Normal Epithelial cells
PDACNP_1_GGGCACTATTGACCAT-1	IU_PDA_NP10	Normal Pancreas	CC10	Normal Epithelial cells
PDACNP_1_GGGCAGACGTCACTGC-1	IU_PDA_NP10	Normal Pancreas	CC10	Normal Epithelial cells
PDACNP_1_GGGCAGAGCAATCGTT-1	IU_PDA_NP10	Normal Pancreas	CC10	Normal Epithelial cells
PDACNP_1_GGGCAGGATTTCTGTG-1	IU_PDA_NP10	Normal Pancreas	CC10	Normal Epithelial cells
PDACNP_1_GGGCAGTCAACGCCAA-1	IU_PDA_NP10	Normal Pancreas	CC10	Normal Epithelial cells
PDACNP_1_GGGCCCTTATCTATAC-1	IU_PDA_NP10	Normal Pancreas	CC10	Normal Epithelial cells
PDACNP_1_GGGCCGGCCGAAGTAC-1	IU_PDA_NP10	Normal Pancreas	CC10	Normal Epithelial cells
PDACNP_1_GGGCCTAAATGGGCTA-1	IU_PDA_NP10	Normal Pancreas	CC10	Normal Epithelial cells
PDACNP_1_GGGCGAATTTCTCCAC-1	IU_PDA_NP10	Normal Pancreas	CC10	Normal Epithelial cells
PDACNP_1_GGGCGATATGTGTGAA-1	IU_PDA_NP10	Normal Pancreas	CC10	Normal Epithelial cells
PDACNP_1_GGGCGGCAAATGAATT-1	IU_PDA_NP10	Normal Pancreas	CC10	Normal Epithelial cells
PDACNP_1_GGGCGTACATTTATAT-1	IU_PDA_NP10	Normal Pancreas	CC10	Normal Epithelial cells
PDACNP_1_GGGCGTCACCACGTAA-1	IU_PDA_NP10	Normal Pancreas	CC10	Normal Epithelial cells
PDACNP_1_GGGCGTGGTTTCCCAG-1	IU_PDA_NP10	Normal Pancreas	CC10	Normal Epithelial cells
PDACNP_1_GGGCGTTTACATTCAT-1	IU_PDA_NP10	Normal Pancreas	CC10	Normal Epithelial cells
PDACNP_1_GGGCTATGATCGATGG-1	IU_PDA_NP10	Normal Pancreas	CC10	Normal Epithelial cells
PDACNP_1_GGGCTCATCGAACCCA-1	IU_PDA_NP10	Normal Pancreas	CC10	Normal Epithelial cells
PDACNP_1_GGGCTGCCTAGGGCGA-1	IU_PDA_NP10	Normal Pancreas	CC10	Normal Epithelial cells
PDACNP_1_GGGCTGGTTAGTCGCG-1	IU_PDA_NP10	Normal Pancreas	CC10	Normal Epithelial cells
PDACNP_1_GGGTAATGCTGTGTTT-1	IU_PDA_NP10	Normal Pancreas	CC10	Normal Epithelial cells
PDACNP_1_GGGTACACTCTGGAGG-1	IU_PDA_NP10	Normal Pancreas	CC10	Normal Epithelial cells
PDACNP_1_GGGTACCCACGGTCCT-1	IU_PDA_NP10	Normal Pancreas	CC3	Tumor Epithelial cells
PDACNP_1_GGGTATGTATGCACTT-1	IU_PDA_NP10	Normal Pancreas	CC10	Normal Epithelial cells
PDACNP_1_GGGTATTCTAGCAAAC-1	IU_PDA_NP10	Normal Pancreas	CC10	Normal Epithelial cells
PDACNP_1_GGGTCAGGAGCTAGAT-1	IU_PDA_NP10	Normal Pancreas	CC10	Normal Epithelial cells
PDACNP_1_GGGTCATGCGTACCAT-1	IU_PDA_NP10	Normal Pancreas	CC10	Normal Epithelial cells
PDACNP_1_GGGTCGTGGCAAGTGT-1	IU_PDA_NP10	Normal Pancreas	CC10	Normal Epithelial cells
PDACNP_1_GGGTCTATCGCTTTCC-1	IU_PDA_NP10	Normal Pancreas	CC10	Normal Epithelial cells
PDACNP_1_GGGTGACACCTTAACT-1	IU_PDA_NP10	Normal Pancreas	CC10	Normal Epithelial cells
PDACNP_1_GGGTGCATATGAAAGC-1	IU_PDA_NP10	Normal Pancreas	CC10	Normal Epithelial cells
PDACNP_1_GGGTGTTTCAGCTATG-1	IU_PDA_NP10	Normal Pancreas	CC10	Normal Epithelial cells
PDACNP_1_GGGTTAACATTTGAGT-1	IU_PDA_NP10	Normal Pancreas	CC10	Normal Epithelial cells
PDACNP_1_GGGTTCAGACGAACAA-1	IU_PDA_NP10	Normal Pancreas	CC10	Normal Epithelial cells
PDACNP_1_GGTAAACTCTGCGCTG-1	IU_PDA_NP10	Normal Pancreas	CC10	Normal Epithelial cells
PDACNP_1_GGTAAATGTGCGTTAC-1	IU_PDA_NP10	Normal Pancreas	CC10	Normal Epithelial cells
PDACNP_1_GGTACCATTAAGACGG-1	IU_PDA_NP10	Normal Pancreas	CC10	Normal Epithelial cells
PDACNP_1_GGTACGTTGCGGCCGG-1	IU_PDA_NP10	Normal Pancreas	CC10	Normal Epithelial cells
PDACNP_1_GGTAGAAGACCGCCTG-1	IU_PDA_NP10	Normal Pancreas	CC10	Normal Epithelial cells
PDACNP_1_GGTAGACCGTTGGGCG-1	IU_PDA_NP10	Normal Pancreas	CC10	Normal Epithelial cells
PDACNP_1_GGTAGTGCTCGCACCA-1	IU_PDA_NP10	Normal Pancreas	CC10	Normal Epithelial cells
PDACNP_1_GGTATCAAGCATAGAA-1	IU_PDA_NP10	Normal Pancreas	CC10	Normal Epithelial cells
PDACNP_1_GGTCAAGACTACTTCG-1	IU_PDA_NP10	Normal Pancreas	CC10	Normal Epithelial cells
PDACNP_1_GGTCAGTGGGTCCCAC-1	IU_PDA_NP10	Normal Pancreas	CC10	Normal Epithelial cells
PDACNP_1_GGTCCACGTCTATTTG-1	IU_PDA_NP10	Normal Pancreas	CC10	Normal Epithelial cells
PDACNP_1_GGTCCTTCATACGACT-1	IU_PDA_NP10	Normal Pancreas	CC3	Normal Epithelial cells
PDACNP_1_GGTCGGATAAACGGCG-1	IU_PDA_NP10	Normal Pancreas	CC10	Normal Epithelial cells
PDACNP_1_GGTCGGCCAGGAGCTT-1	IU_PDA_NP10	Normal Pancreas	CC10	Normal Epithelial cells
PDACNP_1_GGTCGGTAATTAGACA-1	IU_PDA_NP10	Normal Pancreas	CC10	Normal Epithelial cells
PDACNP_1_GGTCGGTCGTCCACAG-1	IU_PDA_NP10	Normal Pancreas	CC10	Normal Epithelial cells
PDACNP_1_GGTCGTAAGCTCGCAC-1	IU_PDA_NP10	Normal Pancreas	CC10	Normal Epithelial cells
PDACNP_1_GGTCTCCGTCCAGGTT-1	IU_PDA_NP10	Normal Pancreas	CC10	Normal Epithelial cells
PDACNP_1_GGTCTCTGAATGGACT-1	IU_PDA_NP10	Normal Pancreas	CC10	Normal Epithelial cells
PDACNP_1_GGTCTGAGAATCTGGA-1	IU_PDA_NP10	Normal Pancreas	CC10	Normal Epithelial cells
PDACNP_1_GGTCTTGAGCGCTCTT-1	IU_PDA_NP10	Normal Pancreas	CC10	Normal Epithelial cells
PDACNP_1_GGTGATAAGGAGCAGT-1	IU_PDA_NP10	Normal Pancreas	CC10	Normal Epithelial cells
PDACNP_1_GGTGCATAAATGATTA-1	IU_PDA_NP10	Normal Pancreas	CC10	Normal Epithelial cells
PDACNP_1_GGTGCGGATAAGTGGC-1	IU_PDA_NP10	Normal Pancreas	CC10	Normal Epithelial cells
PDACNP_1_GGTGCTGATCACAAAG-1	IU_PDA_NP10	Normal Pancreas	CC10	Normal Epithelial cells
PDACNP_1_GGTGGACTGCTCTGGC-1	IU_PDA_NP10	Normal Pancreas	CC10	Normal Epithelial cells
PDACNP_1_GGTGTAAATCGATTGT-1	IU_PDA_NP10	Normal Pancreas	CC10	Normal Epithelial cells
PDACNP_1_GGTGTAGGTAAGTAAA-1	IU_PDA_NP10	Normal Pancreas	CC10	Normal Epithelial cells
PDACNP_1_GGTTAGCTATATGTCT-1	IU_PDA_NP10	Normal Pancreas	CC10	Normal Epithelial cells
PDACNP_1_GGTTAGGCTTGGAGAA-1	IU_PDA_NP10	Normal Pancreas	CC10	Normal Epithelial cells
PDACNP_1_GGTTAGTTACGGCGCC-1	IU_PDA_NP10	Normal Pancreas	CC10	Normal Epithelial cells
PDACNP_1_GGTTCGCATTTGCCGT-1	IU_PDA_NP10	Normal Pancreas	CC10	Normal Epithelial cells
PDACNP_1_GGTTCGGATTATACTA-1	IU_PDA_NP10	Normal Pancreas	CC10	Normal Epithelial cells
PDACNP_1_GGTTGTGCTCTTGTCC-1	IU_PDA_NP10	Normal Pancreas	CC10	Normal Epithelial cells
PDACNP_1_GGTTTAATTACCATCG-1	IU_PDA_NP10	Normal Pancreas	CC10	Normal Epithelial cells
PDACNP_1_GGTTTACAATCTCAAT-1	IU_PDA_NP10	Normal Pancreas	CC10	Normal Epithelial cells
PDACNP_1_GGTTTCAATCGGTCAG-1	IU_PDA_NP10	Normal Pancreas	CC10	Normal Epithelial cells
PDACNP_1_GGTTTGAGTGCTGGAA-1	IU_PDA_NP10	Normal Pancreas	CC10	Normal Epithelial cells
PDACNP_1_GGTTTGTGACCTGAGG-1	IU_PDA_NP10	Normal Pancreas	CC10	Normal Epithelial cells
PDACNP_1_GTAACAACTGACCTTG-1	IU_PDA_NP10	Normal Pancreas	CC10	Normal Epithelial cells
PDACNP_1_GTAACATCTAAGATAA-1	IU_PDA_NP10	Normal Pancreas	CC10	Normal Epithelial cells
PDACNP_1_GTAACTACGTAGACCT-1	IU_PDA_NP10	Normal Pancreas	CC10	Normal Epithelial cells
PDACNP_1_GTAACTGCCCAAGGAG-1	IU_PDA_NP10	Normal Pancreas	CC10	Normal Epithelial cells
PDACNP_1_GTAAGCGGGCAGTCAG-1	IU_PDA_NP10	Normal Pancreas	CC10	Normal Epithelial cells
PDACNP_1_GTAAGGATTTGTCGGA-1	IU_PDA_NP10	Normal Pancreas	CC10	Normal Epithelial cells
PDACNP_1_GTAAGTAACAGTCTGG-1	IU_PDA_NP10	Normal Pancreas	CC10	Normal Epithelial cells
PDACNP_1_GTAAGTAGGGTATACC-1	IU_PDA_NP10	Normal Pancreas	CC10	Normal Epithelial cells
PDACNP_1_GTAAGTCCACACTCTA-1	IU_PDA_NP10	Normal Pancreas	CC10	Normal Epithelial cells
PDACNP_1_GTAATAAAGGGCTCCC-1	IU_PDA_NP10	Normal Pancreas	CC10	Normal Epithelial cells
PDACNP_1_GTAATCTGATTCTTCG-1	IU_PDA_NP10	Normal Pancreas	CC10	Normal Epithelial cells
PDACNP_1_GTACAGAGGCAAGGGT-1	IU_PDA_NP10	Normal Pancreas	CC10	Normal Epithelial cells
PDACNP_1_GTACGAGATTGCGACA-1	IU_PDA_NP10	Normal Pancreas	CC10	Normal Epithelial cells
PDACNP_1_GTACGCTTCATTGCAC-1	IU_PDA_NP10	Normal Pancreas	CC10	Normal Epithelial cells
PDACNP_1_GTACGTCACGTATTAA-1	IU_PDA_NP10	Normal Pancreas	CC7	Normal Epithelial cells
PDACNP_1_GTACTAAGATTTGGAG-1	IU_PDA_NP10	Normal Pancreas	CC10	Normal Epithelial cells
PDACNP_1_GTACTCCTGGGTATGC-1	IU_PDA_NP10	Normal Pancreas	CC10	Normal Epithelial cells
PDACNP_1_GTACTGAGGTCGTAAC-1	IU_PDA_NP10	Normal Pancreas	CC10	Normal Epithelial cells
PDACNP_1_GTACTGCATGAAGCGT-1	IU_PDA_NP10	Normal Pancreas	CC10	Normal Epithelial cells
PDACNP_1_GTACTGGAGTTAGACC-1	IU_PDA_NP10	Normal Pancreas	CC10	Normal Epithelial cells
PDACNP_1_GTACTTGGGCACTTCT-1	IU_PDA_NP10	Normal Pancreas	CC2	Normal Epithelial cells
PDACNP_1_GTAGAAACGGGTGGAG-1	IU_PDA_NP10	Normal Pancreas	CC10	Normal Epithelial cells
PDACNP_1_GTAGACAACCGATGAA-1	IU_PDA_NP10	Normal Pancreas	CC10	Normal Epithelial cells
PDACNP_1_GTAGACACGCCTGACT-1	IU_PDA_NP10	Normal Pancreas	CC10	Normal Epithelial cells
PDACNP_1_GTAGAGGGAGACAAGT-1	IU_PDA_NP10	Normal Pancreas	CC10	Normal Epithelial cells
PDACNP_1_GTAGCCAAACATGGGA-1	IU_PDA_NP10	Normal Pancreas	CC10	Normal Epithelial cells
PDACNP_1_GTAGCGGCTATACACT-1	IU_PDA_NP10	Normal Pancreas	CC10	Normal Epithelial cells
PDACNP_1_GTAGCTCCGGGAGGCT-1	IU_PDA_NP10	Normal Pancreas	CC10	Normal Epithelial cells
PDACNP_1_GTAGCTTCCTCTTGTT-1	IU_PDA_NP10	Normal Pancreas	CC10	Normal Epithelial cells
PDACNP_1_GTAGGTGATCCGTGTA-1	IU_PDA_NP10	Normal Pancreas	CC10	Normal Epithelial cells
PDACNP_1_GTAGTCGCGGGAATCA-1	IU_PDA_NP10	Normal Pancreas	CC10	Normal Epithelial cells
PDACNP_1_GTAGTCTACGATATTG-1	IU_PDA_NP10	Normal Pancreas	CC10	Normal Epithelial cells
PDACNP_1_GTAGTTCGAAGGCGAA-1	IU_PDA_NP10	Normal Pancreas	CC10	Normal Epithelial cells
PDACNP_1_GTAGTTTAAGCACACG-1	IU_PDA_NP10	Normal Pancreas	CC10	Normal Epithelial cells
PDACNP_1_GTATAATCTCCCGGAT-1	IU_PDA_NP10	Normal Pancreas	CC2	Normal Epithelial cells
PDACNP_1_GTATAGGACTCAGTAG-1	IU_PDA_NP10	Normal Pancreas	CC10	Normal Epithelial cells
PDACNP_1_GTATATGTTACGGCGG-1	IU_PDA_NP10	Normal Pancreas	CC10	Normal Epithelial cells
PDACNP_1_GTATCAAGGTACTTCC-1	IU_PDA_NP10	Normal Pancreas	CC10	Normal Epithelial cells
PDACNP_1_GTATCCTTTGGTAACC-1	IU_PDA_NP10	Normal Pancreas	CC10	Normal Epithelial cells
PDACNP_1_GTATCGGGACGAGCTG-1	IU_PDA_NP10	Normal Pancreas	CC10	Normal Epithelial cells
PDACNP_1_GTATCTCAGTCTTGAC-1	IU_PDA_NP10	Normal Pancreas	CC10	Normal Epithelial cells
PDACNP_1_GTATCTCGGGCGCTTT-1	IU_PDA_NP10	Normal Pancreas	CC10	Normal Epithelial cells
PDACNP_1_GTATGAAATTTCACTC-1	IU_PDA_NP10	Normal Pancreas	CC10	Normal Epithelial cells
PDACNP_1_GTATGTGGGTCTAGTT-1	IU_PDA_NP10	Normal Pancreas	CC10	Normal Epithelial cells
PDACNP_1_GTATTAAGGCGTCTAA-1	IU_PDA_NP10	Normal Pancreas	CC10	Normal Epithelial cells
PDACNP_1_GTATTCTTACCGTGCT-1	IU_PDA_NP10	Normal Pancreas	CC10	Normal Epithelial cells
PDACNP_1_GTCAAAGAAGTGGTGT-1	IU_PDA_NP10	Normal Pancreas	CC10	Normal Epithelial cells
PDACNP_1_GTCAACCAGGCCTATA-1	IU_PDA_NP10	Normal Pancreas	CC10	Normal Epithelial cells
PDACNP_1_GTCAAGCGGACTCGGG-1	IU_PDA_NP10	Normal Pancreas	CC10	Normal Epithelial cells
PDACNP_1_GTCACAAAGTTTCCAA-1	IU_PDA_NP10	Normal Pancreas	CC10	Normal Epithelial cells
PDACNP_1_GTCAGAATAGTCTATG-1	IU_PDA_NP10	Normal Pancreas	CC10	Normal Epithelial cells
PDACNP_1_GTCAGTTGTGCTCGTT-1	IU_PDA_NP10	Normal Pancreas	CC10	Normal Epithelial cells
PDACNP_1_GTCATGCACCTCCGTT-1	IU_PDA_NP10	Normal Pancreas	CC10	Normal Epithelial cells
PDACNP_1_GTCATGCGCGAGGGCT-1	IU_PDA_NP10	Normal Pancreas	CC10	Normal Epithelial cells
PDACNP_1_GTCATGGACATGACTA-1	IU_PDA_NP10	Normal Pancreas	CC10	Normal Epithelial cells
PDACNP_1_GTCATTGCATTGACCC-1	IU_PDA_NP10	Normal Pancreas	CC10	Normal Epithelial cells
PDACNP_1_GTCCAATATTTAGCCT-1	IU_PDA_NP10	Normal Pancreas	CC10	Normal Epithelial cells
PDACNP_1_GTCCAGGCACGTGTGC-1	IU_PDA_NP10	Normal Pancreas	CC10	Normal Epithelial cells
PDACNP_1_GTCCCAACGTAAAGTA-1	IU_PDA_NP10	Normal Pancreas	CC10	Normal Epithelial cells
PDACNP_1_GTCCCAATCATCCCGC-1	IU_PDA_NP10	Normal Pancreas	CC10	Normal Epithelial cells
PDACNP_1_GTCCCGCGACGTTATG-1	IU_PDA_NP10	Normal Pancreas	CC10	Normal Epithelial cells
PDACNP_1_GTCCGAGAGCAATCAT-1	IU_PDA_NP10	Normal Pancreas	CC10	Normal Epithelial cells
PDACNP_1_GTCCGGACCTGAAATT-1	IU_PDA_NP10	Normal Pancreas	CC10	Normal Epithelial cells
PDACNP_1_GTCCGGCTGAATTGCG-1	IU_PDA_NP10	Normal Pancreas	CC10	Normal Epithelial cells
PDACNP_1_GTCCGGGTTCACATTA-1	IU_PDA_NP10	Normal Pancreas	CC10	Normal Epithelial cells
PDACNP_1_GTCCGTTAGAGGGCCT-1	IU_PDA_NP10	Normal Pancreas	CC10	Normal Epithelial cells
PDACNP_1_GTCCTACAGGCGGCTC-1	IU_PDA_NP10	Normal Pancreas	CC10	Normal Epithelial cells
PDACNP_1_GTCCTACGAATAGTCT-1	IU_PDA_NP10	Normal Pancreas	CC10	Normal Epithelial cells
PDACNP_1_GTCCTACTCTACGGGC-1	IU_PDA_NP10	Normal Pancreas	CC10	Normal Epithelial cells
PDACNP_1_GTCCTAGGATACCTTA-1	IU_PDA_NP10	Normal Pancreas	CC10	Normal Epithelial cells
PDACNP_1_GTCCTATTGTTGTGGT-1	IU_PDA_NP10	Normal Pancreas	CC10	Normal Epithelial cells
PDACNP_1_GTCCTTCTACAACCCA-1	IU_PDA_NP10	Normal Pancreas	CC10	Normal Epithelial cells
PDACNP_1_GTCGAATTTGGGCGCT-1	IU_PDA_NP10	Normal Pancreas	CC10	Normal Epithelial cells
PDACNP_1_GTCGCCGTTGTGTGTT-1	IU_PDA_NP10	Normal Pancreas	CC10	Normal Epithelial cells
PDACNP_1_GTCGCGTAACCCGTTG-1	IU_PDA_NP10	Normal Pancreas	CC10	Normal Epithelial cells
PDACNP_1_GTCGGATATCTCAGAC-1	IU_PDA_NP10	Normal Pancreas	CC10	Normal Epithelial cells
PDACNP_1_GTCGGATGTAGCGCGC-1	IU_PDA_NP10	Normal Pancreas	CC10	Normal Epithelial cells
PDACNP_1_GTCGGGAACATGGTAG-1	IU_PDA_NP10	Normal Pancreas	CC10	Normal Epithelial cells
PDACNP_1_GTCGGGAAGCAGAAAC-1	IU_PDA_NP10	Normal Pancreas	CC10	Normal Epithelial cells
PDACNP_1_GTCGGGTGAAGTACCG-1	IU_PDA_NP10	Normal Pancreas	CC10	Normal Epithelial cells
PDACNP_1_GTCGTACCATCTCGGG-1	IU_PDA_NP10	Normal Pancreas	CC10	Normal Epithelial cells
PDACNP_1_GTCGTATTGGCGTACA-1	IU_PDA_NP10	Normal Pancreas	CC10	Normal Epithelial cells
PDACNP_1_GTCTAGTGAGCCGCTT-1	IU_PDA_NP10	Normal Pancreas	CC10	Normal Epithelial cells
PDACNP_1_GTCTATTGCATGCTCG-1	IU_PDA_NP10	Normal Pancreas	CC10	Normal Epithelial cells
PDACNP_1_GTCTATTGGTTCCGGT-1	IU_PDA_NP10	Normal Pancreas	CC10	Normal Epithelial cells
PDACNP_1_GTCTCAAGGCCCGGCT-1	IU_PDA_NP10	Normal Pancreas	CC10	Normal Epithelial cells
PDACNP_1_GTCTCCCGAGTCCCGT-1	IU_PDA_NP10	Normal Pancreas	CC10	Normal Epithelial cells
PDACNP_1_GTCTCCTGCCAGTATG-1	IU_PDA_NP10	Normal Pancreas	CC10	Normal Epithelial cells
PDACNP_1_GTCTCGACTAAGTTTG-1	IU_PDA_NP10	Normal Pancreas	CC10	Normal Epithelial cells
PDACNP_1_GTCTCGATCTGCTTTC-1	IU_PDA_NP10	Normal Pancreas	CC10	Normal Epithelial cells
PDACNP_1_GTCTGCCGACTCGACG-1	IU_PDA_NP10	Normal Pancreas	CC10	Normal Epithelial cells
PDACNP_1_GTCTGGGCGGTCGAGA-1	IU_PDA_NP10	Normal Pancreas	CC10	Normal Epithelial cells
PDACNP_1_GTCTGTAGGTTGAACA-1	IU_PDA_NP10	Normal Pancreas	CC10	Normal Epithelial cells
PDACNP_1_GTCTTACCACGCCAAG-1	IU_PDA_NP10	Normal Pancreas	CC10	Normal Epithelial cells
PDACNP_1_GTCTTAGTACAGCCGG-1	IU_PDA_NP10	Normal Pancreas	CC10	Normal Epithelial cells
PDACNP_1_GTCTTGAGGAGCAGTG-1	IU_PDA_NP10	Normal Pancreas	CC10	Normal Epithelial cells
PDACNP_1_GTGAAACGGCGCCACC-1	IU_PDA_NP10	Normal Pancreas	CC10	Normal Epithelial cells
PDACNP_1_GTGAAACGTGCTCCAC-1	IU_PDA_NP10	Normal Pancreas	CC10	Normal Epithelial cells
PDACNP_1_GTGAACTCCCATTCGA-1	IU_PDA_NP10	Normal Pancreas	CC10	Normal Epithelial cells
PDACNP_1_GTGAAGATTTCAAGTG-1	IU_PDA_NP10	Normal Pancreas	CC10	Normal Epithelial cells
PDACNP_1_GTGAAGCCGTATAGTC-1	IU_PDA_NP10	Normal Pancreas	CC10	Normal Epithelial cells
PDACNP_1_GTGACAGCTTCCCACT-1	IU_PDA_NP10	Normal Pancreas	CC10	Normal Epithelial cells
PDACNP_1_GTGACCGCACACTACG-1	IU_PDA_NP10	Normal Pancreas	CC10	Normal Epithelial cells
PDACNP_1_GTGACGCAGGTTTCAT-1	IU_PDA_NP10	Normal Pancreas	CC10	Normal Epithelial cells
PDACNP_1_GTGACTTCAGTAGTGC-1	IU_PDA_NP10	Normal Pancreas	CC10	Normal Epithelial cells
PDACNP_1_GTGAGATAACCTTATA-1	IU_PDA_NP10	Normal Pancreas	CC10	Normal Epithelial cells
PDACNP_1_GTGAGGACACTTAAGG-1	IU_PDA_NP10	Normal Pancreas	CC10	Normal Epithelial cells
PDACNP_1_GTGAGGAGCGGTTGAG-1	IU_PDA_NP10	Normal Pancreas	CC10	Normal Epithelial cells
PDACNP_1_GTGAGTCGACTAATAG-1	IU_PDA_NP10	Normal Pancreas	CC10	Normal Epithelial cells
PDACNP_1_GTGAGTCTAAGACGGA-1	IU_PDA_NP10	Normal Pancreas	CC10	Normal Epithelial cells
PDACNP_1_GTGAGTGGTACAACGC-1	IU_PDA_NP10	Normal Pancreas	CC10	Normal Epithelial cells
PDACNP_1_GTGATCAAGCGTGCAC-1	IU_PDA_NP10	Normal Pancreas	CC10	Normal Epithelial cells
PDACNP_1_GTGATCACTAACGCCT-1	IU_PDA_NP10	Normal Pancreas	CC10	Normal Epithelial cells
PDACNP_1_GTGATCCTTGTCATGA-1	IU_PDA_NP10	Normal Pancreas	CC10	Normal Epithelial cells
PDACNP_1_GTGATGCACAACATCT-1	IU_PDA_NP10	Normal Pancreas	CC10	Normal Epithelial cells
PDACNP_1_GTGATTCGCCGCTCAA-1	IU_PDA_NP10	Normal Pancreas	CC10	Normal Epithelial cells
PDACNP_1_GTGCAACAAATGTGGC-1	IU_PDA_NP10	Normal Pancreas	CC10	Normal Epithelial cells
PDACNP_1_GTGCACCAGCTTCAAC-1	IU_PDA_NP10	Normal Pancreas	CC10	Normal Epithelial cells
PDACNP_1_GTGCACGAAAGTGACT-1	IU_PDA_NP10	Normal Pancreas	CC10	Normal Epithelial cells
PDACNP_1_GTGCCCGTTCGGATTC-1	IU_PDA_NP10	Normal Pancreas	CC10	Normal Epithelial cells
PDACNP_1_GTGCCGCTTCAAAGGT-1	IU_PDA_NP10	Normal Pancreas	CC10	Normal Epithelial cells
PDACNP_1_GTGCCTAGCTATGCTT-1	IU_PDA_NP10	Normal Pancreas	CC3	Normal Epithelial cells
PDACNP_1_GTGCCTCAGTGTACGG-1	IU_PDA_NP10	Normal Pancreas	CC10	Normal Epithelial cells
PDACNP_1_GTGCCTGAGACCAAAC-1	IU_PDA_NP10	Normal Pancreas	CC10	Normal Epithelial cells
PDACNP_1_GTGCGAAATCGAACAC-1	IU_PDA_NP10	Normal Pancreas	CC10	Normal Epithelial cells
PDACNP_1_GTGCGACAGGGAGTGT-1	IU_PDA_NP10	Normal Pancreas	CC10	Normal Epithelial cells
PDACNP_1_GTGCGGGTCTCCAAAT-1	IU_PDA_NP10	Normal Pancreas	CC10	Normal Epithelial cells
PDACNP_1_GTGCGTGTATATGAGC-1	IU_PDA_NP10	Normal Pancreas	CC10	Normal Epithelial cells
PDACNP_1_GTGGAACCTACATGCG-1	IU_PDA_NP10	Normal Pancreas	CC10	Normal Epithelial cells
PDACNP_1_GTGGACCAACCCGATT-1	IU_PDA_NP10	Normal Pancreas	CC10	Normal Epithelial cells
PDACNP_1_GTGGACGCATTTGTCC-1	IU_PDA_NP10	Normal Pancreas	CC10	Normal Epithelial cells
PDACNP_1_GTGGACGTGCTGAGAC-1	IU_PDA_NP10	Normal Pancreas	CC10	Normal Epithelial cells
PDACNP_1_GTGGAGCGTTTACCGA-1	IU_PDA_NP10	Normal Pancreas	CC10	Normal Epithelial cells
PDACNP_1_GTGGAGTCGGCGGTTG-1	IU_PDA_NP10	Normal Pancreas	CC10	Normal Epithelial cells
PDACNP_1_GTGGCAAACAGCGGCA-1	IU_PDA_NP10	Normal Pancreas	CC10	Normal Epithelial cells
PDACNP_1_GTGGGAACAAACCGGG-1	IU_PDA_NP10	Normal Pancreas	CC10	Normal Epithelial cells
PDACNP_1_GTGGGAAGACTGAATC-1	IU_PDA_NP10	Normal Pancreas	CC10	Normal Epithelial cells
PDACNP_1_GTGGGCTTAGACACAC-1	IU_PDA_NP10	Normal Pancreas	CC10	Normal Epithelial cells
PDACNP_1_GTGGGTACTGAGCGTA-1	IU_PDA_NP10	Normal Pancreas	CC10	Normal Epithelial cells
PDACNP_1_GTGGGTCTTCTTTGCG-1	IU_PDA_NP10	Normal Pancreas	CC10	Normal Epithelial cells
PDACNP_1_GTGGTATAGTCTGCCG-1	IU_PDA_NP10	Normal Pancreas	CC10	Normal Epithelial cells
PDACNP_1_GTGGTGGCCAAGTGAA-1	IU_PDA_NP10	Normal Pancreas	CC10	Normal Epithelial cells
PDACNP_1_GTGGTTACTTCTTTCG-1	IU_PDA_NP10	Normal Pancreas	CC10	Normal Epithelial cells
PDACNP_1_GTGTACCTTGGCTACG-1	IU_PDA_NP10	Normal Pancreas	CC10	Normal Epithelial cells
PDACNP_1_GTGTATATCAGCGGGC-1	IU_PDA_NP10	Normal Pancreas	CC10	Normal Epithelial cells
PDACNP_1_GTGTCAGTGTACGTGG-1	IU_PDA_NP10	Normal Pancreas	CC10	Normal Epithelial cells
PDACNP_1_GTGTCGTATAGCGTTC-1	IU_PDA_NP10	Normal Pancreas	CC10	Normal Epithelial cells
PDACNP_1_GTGTGAATAACTTAGG-1	IU_PDA_NP10	Normal Pancreas	CC10	Normal Epithelial cells
PDACNP_1_GTGTTACTATGCGTCC-1	IU_PDA_NP10	Normal Pancreas	CC10	Normal Epithelial cells
PDACNP_1_GTTAAAGTAGGACTGG-1	IU_PDA_NP10	Normal Pancreas	CC10	Normal Epithelial cells
PDACNP_1_GTTAACATCACTTAAA-1	IU_PDA_NP10	Normal Pancreas	CC10	Normal Epithelial cells
PDACNP_1_GTTAAGGGTGCGATGT-1	IU_PDA_NP10	Normal Pancreas	CC10	Normal Epithelial cells
PDACNP_1_GTTACCTACAACTTGC-1	IU_PDA_NP10	Normal Pancreas	CC10	Normal Epithelial cells
PDACNP_1_GTTAGCCCATGACATC-1	IU_PDA_NP10	Normal Pancreas	CC10	Normal Epithelial cells
PDACNP_1_GTTAGCCGTAAATCAA-1	IU_PDA_NP10	Normal Pancreas	CC10	Normal Epithelial cells
PDACNP_1_GTTAGGCTACCCGTTT-1	IU_PDA_NP10	Normal Pancreas	CC10	Normal Epithelial cells
PDACNP_1_GTTATAATACGGTGAA-1	IU_PDA_NP10	Normal Pancreas	CC10	Normal Epithelial cells
PDACNP_1_GTTATATCAGGAGCCA-1	IU_PDA_NP10	Normal Pancreas	CC10	Normal Epithelial cells
PDACNP_1_GTTATATTATCTCCCT-1	IU_PDA_NP10	Normal Pancreas	CC10	Normal Epithelial cells
PDACNP_1_GTTATCAAGCTATCGA-1	IU_PDA_NP10	Normal Pancreas	CC10	Normal Epithelial cells
PDACNP_1_GTTCACAGGAGTCTAG-1	IU_PDA_NP10	Normal Pancreas	CC10	Normal Epithelial cells
PDACNP_1_GTTCAGTCGCCAAATG-1	IU_PDA_NP10	Normal Pancreas	CC10	Normal Epithelial cells
PDACNP_1_GTTCATCGTTTGGCTG-1	IU_PDA_NP10	Normal Pancreas	CC10	Normal Epithelial cells
PDACNP_1_GTTCCAGTCTGACCAT-1	IU_PDA_NP10	Normal Pancreas	CC10	Normal Epithelial cells
PDACNP_1_GTTCCGTCCGCCTGCA-1	IU_PDA_NP10	Normal Pancreas	CC10	Normal Epithelial cells
PDACNP_1_GTTCGACAATTGTATA-1	IU_PDA_NP10	Normal Pancreas	CC10	Normal Epithelial cells
PDACNP_1_GTTCGCTGAGACGTCT-1	IU_PDA_NP10	Normal Pancreas	CC10	Normal Epithelial cells
PDACNP_1_GTTCGGAGCACTCAAC-1	IU_PDA_NP10	Normal Pancreas	CC10	Normal Epithelial cells
PDACNP_1_GTTCGGGCGTACCATT-1	IU_PDA_NP10	Normal Pancreas	CC10	Normal Epithelial cells
PDACNP_1_GTTCGTCTAAAGAACT-1	IU_PDA_NP10	Normal Pancreas	CC10	Normal Epithelial cells
PDACNP_1_GTTCTTCCCTCGATGT-1	IU_PDA_NP10	Normal Pancreas	CC10	Normal Epithelial cells
PDACNP_1_GTTGAGTCCCGCCGGT-1	IU_PDA_NP10	Normal Pancreas	CC10	Normal Epithelial cells
PDACNP_1_GTTGCACGGAGTTTCG-1	IU_PDA_NP10	Normal Pancreas	CC10	Normal Epithelial cells
PDACNP_1_GTTGCCCTAACGGGTG-1	IU_PDA_NP10	Normal Pancreas	CC10	Normal Epithelial cells
PDACNP_1_GTTGCGCTAACATTAC-1	IU_PDA_NP10	Normal Pancreas	CC10	Normal Epithelial cells
PDACNP_1_GTTGGATTCAGTGGCT-1	IU_PDA_NP10	Normal Pancreas	CC10	Normal Epithelial cells
PDACNP_1_GTTGGATTGAGAACAC-1	IU_PDA_NP10	Normal Pancreas	CC10	Normal Epithelial cells
PDACNP_1_GTTGGTCATGCTATCC-1	IU_PDA_NP10	Normal Pancreas	CC10	Normal Epithelial cells
PDACNP_1_GTTGTAGATTTATGAG-1	IU_PDA_NP10	Normal Pancreas	CC10	Normal Epithelial cells
PDACNP_1_GTTGTCGTGTTAGTTG-1	IU_PDA_NP10	Normal Pancreas	CC10	Normal Epithelial cells
PDACNP_1_GTTTACGTTCCATCTG-1	IU_PDA_NP10	Normal Pancreas	CC10	Normal Epithelial cells
PDACNP_1_GTTTATGGGATTTAGA-1	IU_PDA_NP10	Normal Pancreas	CC10	Normal Epithelial cells
PDACNP_1_GTTTCAAACGAGTTGT-1	IU_PDA_NP10	Normal Pancreas	CC10	Normal Epithelial cells
PDACNP_1_GTTTCCTGGAGGGTGA-1	IU_PDA_NP10	Normal Pancreas	CC10	Normal Epithelial cells
PDACNP_1_GTTTCTAGAGGCGCGG-1	IU_PDA_NP10	Normal Pancreas	CC10	Normal Epithelial cells
PDACNP_1_GTTTCTGCAGTCTCCC-1	IU_PDA_NP10	Normal Pancreas	CC10	Normal Epithelial cells
PDACNP_1_GTTTGACCAAATCCTA-1	IU_PDA_NP10	Normal Pancreas	CC10	Normal Epithelial cells
PDACNP_1_GTTTGGCCCAAGTTAT-1	IU_PDA_NP10	Normal Pancreas	CC10	Normal Epithelial cells
PDACNP_1_GTTTGGCCGCTCAGCG-1	IU_PDA_NP10	Normal Pancreas	CC10	Normal Epithelial cells
PDACNP_1_GTTTGGGCTTGTGAGC-1	IU_PDA_NP10	Normal Pancreas	CC10	Normal Epithelial cells
PDACNP_1_GTTTGGTAGGGTCAAC-1	IU_PDA_NP10	Normal Pancreas	CC10	Normal Epithelial cells
PDACNP_1_GTTTGGTGATCGGTGC-1	IU_PDA_NP10	Normal Pancreas	CC10	Normal Epithelial cells
PDACNP_1_GTTTGTTAGCCAAGTA-1	IU_PDA_NP10	Normal Pancreas	CC10	Normal Epithelial cells
PDACNP_1_TAAACCCAGGAGGGCA-1	IU_PDA_NP10	Normal Pancreas	CC10	Normal Epithelial cells
PDACNP_1_TAAACGTCGTCAATGA-1	IU_PDA_NP10	Normal Pancreas	CC10	Normal Epithelial cells
PDACNP_1_TAAAGACAACCCTTTA-1	IU_PDA_NP10	Normal Pancreas	CC10	Normal Epithelial cells
PDACNP_1_TAAAGAGCCCGAAACC-1	IU_PDA_NP10	Normal Pancreas	CC10	Normal Epithelial cells
PDACNP_1_TAAAGCGGTATTTCCA-1	IU_PDA_NP10	Normal Pancreas	CC10	Normal Epithelial cells
PDACNP_1_TAAAGCGTTAGGAGAA-1	IU_PDA_NP10	Normal Pancreas	CC10	Normal Epithelial cells
PDACNP_1_TAAAGCTGCAATAGGG-1	IU_PDA_NP10	Normal Pancreas	CC10	Normal Epithelial cells
PDACNP_1_TAAAGTGCACGTCTCG-1	IU_PDA_NP10	Normal Pancreas	CC10	Normal Epithelial cells
PDACNP_1_TAAATTTAGTAACACC-1	IU_PDA_NP10	Normal Pancreas	CC10	Normal Epithelial cells
PDACNP_1_TAACAATATTTGTTGC-1	IU_PDA_NP10	Normal Pancreas	CC10	Normal Epithelial cells
PDACNP_1_TAACAGCGTTTGTGCT-1	IU_PDA_NP10	Normal Pancreas	CC10	Normal Epithelial cells
PDACNP_1_TAACATACACGCGATC-1	IU_PDA_NP10	Normal Pancreas	CC10	Normal Epithelial cells
PDACNP_1_TAACCGCCCGCAGTGC-1	IU_PDA_NP10	Normal Pancreas	CC10	Normal Epithelial cells
PDACNP_1_TAACCGTCCAGTTCAT-1	IU_PDA_NP10	Normal Pancreas	CC10	Normal Epithelial cells
PDACNP_1_TAACCTACCGTCCGAG-1	IU_PDA_NP10	Normal Pancreas	CC10	Normal Epithelial cells
PDACNP_1_TAACGCTTTGAGAGCG-1	IU_PDA_NP10	Normal Pancreas	CC10	Normal Epithelial cells
PDACNP_1_TAACTATTACGCCAAA-1	IU_PDA_NP10	Normal Pancreas	CC10	Normal Epithelial cells
PDACNP_1_TAACTCATCCGCGCGG-1	IU_PDA_NP10	Normal Pancreas	CC10	Normal Epithelial cells
PDACNP_1_TAACTCCATGGAGGCT-1	IU_PDA_NP10	Normal Pancreas	CC2	Normal Epithelial cells
PDACNP_1_TAAGCGCGAATCAAAT-1	IU_PDA_NP10	Normal Pancreas	CC10	Normal Epithelial cells
PDACNP_1_TAAGGAACTTGTGGGA-1	IU_PDA_NP10	Normal Pancreas	CC10	Normal Epithelial cells
PDACNP_1_TAAGGCAACATAAGAT-1	IU_PDA_NP10	Normal Pancreas	CC10	Normal Epithelial cells
PDACNP_1_TAAGGCATAACATCAA-1	IU_PDA_NP10	Normal Pancreas	CC10	Normal Epithelial cells
PDACNP_1_TAAGGCCCGTCACCCT-1	IU_PDA_NP10	Normal Pancreas	CC10	Normal Epithelial cells
PDACNP_1_TAAGGGCCTGTCCGAT-1	IU_PDA_NP10	Normal Pancreas	CC10	Normal Epithelial cells
PDACNP_1_TAAGTAACATCTTGAC-1	IU_PDA_NP10	Normal Pancreas	CC10	Normal Epithelial cells
PDACNP_1_TAAGTCGCCGAGTATC-1	IU_PDA_NP10	Normal Pancreas	CC10	Normal Epithelial cells
PDACNP_1_TAAGTGAATAGTCTAC-1	IU_PDA_NP10	Normal Pancreas	CC10	Normal Epithelial cells
PDACNP_1_TAAGTTGCGACGTAGG-1	IU_PDA_NP10	Normal Pancreas	CC10	Normal Epithelial cells
PDACNP_1_TAATAAACAAGGAGAT-1	IU_PDA_NP10	Normal Pancreas	CC10	Normal Epithelial cells
PDACNP_1_TAATACACAGTAGTAT-1	IU_PDA_NP10	Normal Pancreas	CC10	Normal Epithelial cells
PDACNP_1_TAATACTAGAACAGAC-1	IU_PDA_NP10	Normal Pancreas	CC10	Normal Epithelial cells
PDACNP_1_TAATAGAACAGAGTTA-1	IU_PDA_NP10	Normal Pancreas	CC10	Normal Epithelial cells
PDACNP_1_TAATAGTGACGACCAG-1	IU_PDA_NP10	Normal Pancreas	CC10	Normal Epithelial cells
PDACNP_1_TAATGAAAGACCCTTG-1	IU_PDA_NP10	Normal Pancreas	CC10	Normal Epithelial cells
PDACNP_1_TAATGTCGGTTCATGG-1	IU_PDA_NP10	Normal Pancreas	CC10	Normal Epithelial cells
PDACNP_1_TAATTACGTCAGTAGA-1	IU_PDA_NP10	Normal Pancreas	CC10	Normal Epithelial cells
PDACNP_1_TAATTAGATGGATATG-1	IU_PDA_NP10	Normal Pancreas	CC10	Normal Epithelial cells
PDACNP_1_TAATTCCAATGCTTCA-1	IU_PDA_NP10	Normal Pancreas	CC10	Normal Epithelial cells
PDACNP_1_TAATTTCCGTCCAGTA-1	IU_PDA_NP10	Normal Pancreas	CC10	Normal Epithelial cells
PDACNP_1_TACAACAGCGCATACA-1	IU_PDA_NP10	Normal Pancreas	CC10	Normal Epithelial cells
PDACNP_1_TACAAGGGCTTCTTTA-1	IU_PDA_NP10	Normal Pancreas	CC10	Normal Epithelial cells
PDACNP_1_TACAAGTCTCGTGCAT-1	IU_PDA_NP10	Normal Pancreas	CC10	Normal Epithelial cells
PDACNP_1_TACACAGCCGTGGTGC-1	IU_PDA_NP10	Normal Pancreas	CC10	Normal Epithelial cells
PDACNP_1_TACAGAAACGGTGGGC-1	IU_PDA_NP10	Normal Pancreas	CC10	Normal Epithelial cells
PDACNP_1_TACCAAATAGCCCAGA-1	IU_PDA_NP10	Normal Pancreas	CC10	Normal Epithelial cells
PDACNP_1_TACCAATAAAGTACCA-1	IU_PDA_NP10	Normal Pancreas	CC10	Normal Epithelial cells
PDACNP_1_TACCAGAAGTAGGTTC-1	IU_PDA_NP10	Normal Pancreas	CC10	Normal Epithelial cells
PDACNP_1_TACCAGCTAGGTTTAA-1	IU_PDA_NP10	Normal Pancreas	CC10	Normal Epithelial cells
PDACNP_1_TACCAGGAATCCCGTC-1	IU_PDA_NP10	Normal Pancreas	CC10	Normal Epithelial cells
PDACNP_1_TACCGAATAATTGTAA-1	IU_PDA_NP10	Normal Pancreas	CC10	Normal Epithelial cells
PDACNP_1_TACCGCGGACTTGCAG-1	IU_PDA_NP10	Normal Pancreas	CC10	Normal Epithelial cells
PDACNP_1_TACCGTAGGTTAACTA-1	IU_PDA_NP10	Normal Pancreas	CC10	Normal Epithelial cells
PDACNP_1_TACCGTGCCTCGGACC-1	IU_PDA_NP10	Normal Pancreas	CC10	Normal Epithelial cells
PDACNP_1_TACCTACTCCCAGTAT-1	IU_PDA_NP10	Normal Pancreas	CC10	Normal Epithelial cells
PDACNP_1_TACCTATCCCTAGAGG-1	IU_PDA_NP10	Normal Pancreas	CC10	Normal Epithelial cells
PDACNP_1_TACCTCACGCTTGTAC-1	IU_PDA_NP10	Normal Pancreas	CC10	Normal Epithelial cells
PDACNP_1_TACCTCAGTTGTCTGT-1	IU_PDA_NP10	Normal Pancreas	CC10	Normal Epithelial cells
PDACNP_1_TACCTCCACACCAATG-1	IU_PDA_NP10	Normal Pancreas	CC10	Normal Epithelial cells
PDACNP_1_TACCTGCTGCACTGTG-1	IU_PDA_NP10	Normal Pancreas	CC10	Normal Epithelial cells
PDACNP_1_TACGAACACGACTTCA-1	IU_PDA_NP10	Normal Pancreas	CC10	Normal Epithelial cells
PDACNP_1_TACGACGCTTGCTGCG-1	IU_PDA_NP10	Normal Pancreas	CC10	Normal Epithelial cells
PDACNP_1_TACGCCGAGGGTACCC-1	IU_PDA_NP10	Normal Pancreas	CC10	Normal Epithelial cells
PDACNP_1_TACGCCTCCATTCCGA-1	IU_PDA_NP10	Normal Pancreas	CC10	Normal Epithelial cells
PDACNP_1_TACGCTATAGAAACCT-1	IU_PDA_NP10	Normal Pancreas	CC10	Normal Epithelial cells
PDACNP_1_TACGCTCGGTATTGGA-1	IU_PDA_NP10	Normal Pancreas	CC10	Normal Epithelial cells
PDACNP_1_TACGCTGATAGTTGTA-1	IU_PDA_NP10	Normal Pancreas	CC10	Normal Epithelial cells
PDACNP_1_TACGCTGCACGGTCGT-1	IU_PDA_NP10	Normal Pancreas	CC10	Normal Epithelial cells
PDACNP_1_TACGCTGCTGTGTTAA-1	IU_PDA_NP10	Normal Pancreas	CC10	Normal Epithelial cells
PDACNP_1_TACGGAAGCCAAACCA-1	IU_PDA_NP10	Normal Pancreas	CC10	Normal Epithelial cells
PDACNP_1_TACGGCATGGACGCTA-1	IU_PDA_NP10	Normal Pancreas	CC10	Normal Epithelial cells
PDACNP_1_TACGGGATGCTAGCAG-1	IU_PDA_NP10	Normal Pancreas	CC10	Normal Epithelial cells
PDACNP_1_TACGTACTAGTGCTGA-1	IU_PDA_NP10	Normal Pancreas	CC10	Normal Epithelial cells
PDACNP_1_TACGTGGGCCCAGGGC-1	IU_PDA_NP10	Normal Pancreas	CC10	Normal Epithelial cells
PDACNP_1_TACTACGTGCAATGCG-1	IU_PDA_NP10	Normal Pancreas	CC7	Normal Epithelial cells
PDACNP_1_TACTATGGTTCCTCAG-1	IU_PDA_NP10	Normal Pancreas	CC10	Normal Epithelial cells
PDACNP_1_TACTCCTCTAGTTGAC-1	IU_PDA_NP10	Normal Pancreas	CC10	Normal Epithelial cells
PDACNP_1_TACTCTCCGAACAAAT-1	IU_PDA_NP10	Normal Pancreas	CC10	Normal Epithelial cells
PDACNP_1_TACTCTTACTTTACTG-1	IU_PDA_NP10	Normal Pancreas	CC10	Normal Epithelial cells
PDACNP_1_TACTCTTTCGTCTTCA-1	IU_PDA_NP10	Normal Pancreas	CC10	Normal Epithelial cells
PDACNP_1_TACTGAACAGATTTAG-1	IU_PDA_NP10	Normal Pancreas	CC10	Normal Epithelial cells
PDACNP_1_TACTGAGGGAAGAAAG-1	IU_PDA_NP10	Normal Pancreas	CC10	Normal Epithelial cells
PDACNP_1_TACTGCAATCAATTAC-1	IU_PDA_NP10	Normal Pancreas	CC10	Normal Epithelial cells
PDACNP_1_TACTTAAACATGTACA-1	IU_PDA_NP10	Normal Pancreas	CC10	Normal Epithelial cells
PDACNP_1_TACTTGTTAGTAGTCC-1	IU_PDA_NP10	Normal Pancreas	CC10	Normal Epithelial cells
PDACNP_1_TACTTTACTGAGCCGG-1	IU_PDA_NP10	Normal Pancreas	CC10	Normal Epithelial cells
PDACNP_1_TACTTTCCGCACGCCA-1	IU_PDA_NP10	Normal Pancreas	CC10	Normal Epithelial cells
PDACNP_1_TAGAAAGGTGGCGCTA-1	IU_PDA_NP10	Normal Pancreas	CC10	Normal Epithelial cells
PDACNP_1_TAGAATAGCCGATGAA-1	IU_PDA_NP10	Normal Pancreas	CC10	Normal Epithelial cells
PDACNP_1_TAGAATTAAGGGCAAC-1	IU_PDA_NP10	Normal Pancreas	CC10	Normal Epithelial cells
PDACNP_1_TAGACGAAACGCCAAT-1	IU_PDA_NP10	Normal Pancreas	CC10	Normal Epithelial cells
PDACNP_1_TAGACGCCCGTACCGG-1	IU_PDA_NP10	Normal Pancreas	CC10	Normal Epithelial cells
PDACNP_1_TAGACTACCTAGCGTT-1	IU_PDA_NP10	Normal Pancreas	CC10	Normal Epithelial cells
PDACNP_1_TAGAGATCATGCAACT-1	IU_PDA_NP10	Normal Pancreas	CC10	Normal Epithelial cells
PDACNP_1_TAGAGCTACGAAGAAC-1	IU_PDA_NP10	Normal Pancreas	CC10	Normal Epithelial cells
PDACNP_1_TAGAGGGAGTTTATCT-1	IU_PDA_NP10	Normal Pancreas	CC10	Normal Epithelial cells
PDACNP_1_TAGAGGTTCTACTTGT-1	IU_PDA_NP10	Normal Pancreas	CC10	Normal Epithelial cells
PDACNP_1_TAGAGTCTAAGCGAAC-1	IU_PDA_NP10	Normal Pancreas	CC10	Normal Epithelial cells
PDACNP_1_TAGAGTGTTCCGGGTA-1	IU_PDA_NP10	Normal Pancreas	CC10	Normal Epithelial cells
PDACNP_1_TAGATATGGACTGGAA-1	IU_PDA_NP10	Normal Pancreas	CC10	Normal Epithelial cells
PDACNP_1_TAGATCCGAAGTCGCA-1	IU_PDA_NP10	Normal Pancreas	CC10	Normal Epithelial cells
PDACNP_1_TAGATTCAAAGTGCGG-1	IU_PDA_NP10	Normal Pancreas	CC10	Normal Epithelial cells
PDACNP_1_TAGATTCTCTAGCAAA-1	IU_PDA_NP10	Normal Pancreas	CC10	Normal Epithelial cells
PDACNP_1_TAGCAACCTGTCACAA-1	IU_PDA_NP10	Normal Pancreas	CC10	Normal Epithelial cells
PDACNP_1_TAGCAGATACTTAGGG-1	IU_PDA_NP10	Normal Pancreas	CC10	Normal Epithelial cells
PDACNP_1_TAGCAGTATGACTAAA-1	IU_PDA_NP10	Normal Pancreas	CC10	Normal Epithelial cells
PDACNP_1_TAGCCAGAGGGTCCGG-1	IU_PDA_NP10	Normal Pancreas	CC10	Normal Epithelial cells
PDACNP_1_TAGCCGGCGGTCAGCG-1	IU_PDA_NP10	Normal Pancreas	CC10	Normal Epithelial cells
PDACNP_1_TAGCGTCCGGTGTGGT-1	IU_PDA_NP10	Normal Pancreas	CC10	Normal Epithelial cells
PDACNP_1_TAGCGTCGAATATTGA-1	IU_PDA_NP10	Normal Pancreas	CC10	Normal Epithelial cells
PDACNP_1_TAGCTAAGTCCGGGAG-1	IU_PDA_NP10	Normal Pancreas	CC10	Normal Epithelial cells
PDACNP_1_TAGCTAGAAGGCATGA-1	IU_PDA_NP10	Normal Pancreas	CC10	Normal Epithelial cells
PDACNP_1_TAGCTAGTGATGATGG-1	IU_PDA_NP10	Normal Pancreas	CC10	Normal Epithelial cells
PDACNP_1_TAGCTCGCCTGATAAC-1	IU_PDA_NP10	Normal Pancreas	CC10	Normal Epithelial cells
PDACNP_1_TAGCTGATGTGAAGCG-1	IU_PDA_NP10	Normal Pancreas	CC10	Normal Epithelial cells
PDACNP_1_TAGGAGGCTCGAGAAC-1	IU_PDA_NP10	Normal Pancreas	CC10	Normal Epithelial cells
PDACNP_1_TAGGCGATGAGGTCTC-1	IU_PDA_NP10	Normal Pancreas	CC10	Normal Epithelial cells
PDACNP_1_TAGGCGGCTGCAAAGA-1	IU_PDA_NP10	Normal Pancreas	CC10	Normal Epithelial cells
PDACNP_1_TAGGCTAAAGTGGCAC-1	IU_PDA_NP10	Normal Pancreas	CC10	Normal Epithelial cells
PDACNP_1_TAGGGAGCTTGGGATG-1	IU_PDA_NP10	Normal Pancreas	CC10	Normal Epithelial cells
PDACNP_1_TAGGGTGTTTCAAGAG-1	IU_PDA_NP10	Normal Pancreas	CC10	Normal Epithelial cells
PDACNP_1_TAGGTCCAAGTAAGGA-1	IU_PDA_NP10	Normal Pancreas	CC10	Normal Epithelial cells
PDACNP_1_TAGGTCGCCGGAACTG-1	IU_PDA_NP10	Normal Pancreas	CC10	Normal Epithelial cells
PDACNP_1_TAGGTGACGATAACCT-1	IU_PDA_NP10	Normal Pancreas	CC10	Normal Epithelial cells
PDACNP_1_TAGGTGAGCCCTACTC-1	IU_PDA_NP10	Normal Pancreas	CC10	Normal Epithelial cells
PDACNP_1_TAGGTGCTCGCCTAGC-1	IU_PDA_NP10	Normal Pancreas	CC10	Normal Epithelial cells
PDACNP_1_TAGGTGTTCCACAGAT-1	IU_PDA_NP10	Normal Pancreas	CC10	Normal Epithelial cells
PDACNP_1_TAGTACCACAACTTTC-1	IU_PDA_NP10	Normal Pancreas	CC10	Normal Epithelial cells
PDACNP_1_TAGTACCTTAGTGGTC-1	IU_PDA_NP10	Normal Pancreas	CC10	Normal Epithelial cells
PDACNP_1_TAGTAGCTTATACCAG-1	IU_PDA_NP10	Normal Pancreas	CC10	Normal Epithelial cells
PDACNP_1_TAGTCCCGGAGACCAC-1	IU_PDA_NP10	Normal Pancreas	CC10	Normal Epithelial cells
PDACNP_1_TAGTCCGTATGCATAA-1	IU_PDA_NP10	Normal Pancreas	CC2	Normal Epithelial cells
PDACNP_1_TAGTCCTGCACTAAGC-1	IU_PDA_NP10	Normal Pancreas	CC10	Normal Epithelial cells
PDACNP_1_TAGTCGATCACGGGTT-1	IU_PDA_NP10	Normal Pancreas	CC10	Normal Epithelial cells
PDACNP_1_TAGTCTGCGGCACATT-1	IU_PDA_NP10	Normal Pancreas	CC10	Normal Epithelial cells
PDACNP_1_TAGTCTGTGACGTTGC-1	IU_PDA_NP10	Normal Pancreas	CC10	Normal Epithelial cells
PDACNP_1_TAGTGCCCTCCAGAGT-1	IU_PDA_NP10	Normal Pancreas	CC10	Normal Epithelial cells
PDACNP_1_TAGTGTCAGAAACGGC-1	IU_PDA_NP10	Normal Pancreas	CC10	Normal Epithelial cells
PDACNP_1_TAGTTAAGATAGGATA-1	IU_PDA_NP10	Normal Pancreas	CC10	Normal Epithelial cells
PDACNP_1_TAGTTTATTCTTGCTT-1	IU_PDA_NP10	Normal Pancreas	CC10	Normal Epithelial cells
PDACNP_1_TAGTTTGATCGGTCGC-1	IU_PDA_NP10	Normal Pancreas	CC10	Normal Epithelial cells
PDACNP_1_TATAAATCCACAAGCT-1	IU_PDA_NP10	Normal Pancreas	CC10	Normal Epithelial cells
PDACNP_1_TATACACAGACGCCTT-1	IU_PDA_NP10	Normal Pancreas	CC10	Normal Epithelial cells
PDACNP_1_TATACACGCAAAGTAT-1	IU_PDA_NP10	Normal Pancreas	CC10	Normal Epithelial cells
PDACNP_1_TATACTCATGCGGCAA-1	IU_PDA_NP10	Normal Pancreas	CC10	Normal Epithelial cells
PDACNP_1_TATAGCGCACGTTATC-1	IU_PDA_NP10	Normal Pancreas	CC10	Normal Epithelial cells
PDACNP_1_TATAGTTAGGTGTACT-1	IU_PDA_NP10	Normal Pancreas	CC10	Normal Epithelial cells
PDACNP_1_TATATAGGGCTTTACG-1	IU_PDA_NP10	Normal Pancreas	CC10	Normal Epithelial cells
PDACNP_1_TATATATCGAGAAATG-1	IU_PDA_NP10	Normal Pancreas	CC10	Normal Epithelial cells
PDACNP_1_TATATCAAAGTGATCT-1	IU_PDA_NP10	Normal Pancreas	CC10	Normal Epithelial cells
PDACNP_1_TATATCATTGATCAGT-1	IU_PDA_NP10	Normal Pancreas	CC10	Normal Epithelial cells
PDACNP_1_TATATCCCTGGGAGGA-1	IU_PDA_NP10	Normal Pancreas	CC10	Normal Epithelial cells
PDACNP_1_TATATGCTGGGTTGCC-1	IU_PDA_NP10	Normal Pancreas	CC10	Normal Epithelial cells
PDACNP_1_TATATTCGCGTCGATA-1	IU_PDA_NP10	Normal Pancreas	CC10	Normal Epithelial cells
PDACNP_1_TATCACCCAACCGACC-1	IU_PDA_NP10	Normal Pancreas	CC10	Normal Epithelial cells
PDACNP_1_TATCACTTCGAGTAAC-1	IU_PDA_NP10	Normal Pancreas	CC10	Normal Epithelial cells
PDACNP_1_TATCAGTGGCGTAGTC-1	IU_PDA_NP10	Normal Pancreas	CC10	Normal Epithelial cells
PDACNP_1_TATCCAATTGGTTATC-1	IU_PDA_NP10	Normal Pancreas	CC10	Normal Epithelial cells
PDACNP_1_TATCCATATCATGCGA-1	IU_PDA_NP10	Normal Pancreas	CC10	Normal Epithelial cells
PDACNP_1_TATCCATCTCGGTTAG-1	IU_PDA_NP10	Normal Pancreas	CC10	Normal Epithelial cells
PDACNP_1_TATCCGCACCGTCGGG-1	IU_PDA_NP10	Normal Pancreas	CC10	Normal Epithelial cells
PDACNP_1_TATCCTGCATGGGAAT-1	IU_PDA_NP10	Normal Pancreas	CC10	Normal Epithelial cells
PDACNP_1_TATCGATCTATGCATA-1	IU_PDA_NP10	Normal Pancreas	CC10	Normal Epithelial cells
PDACNP_1_TATCGATGATTAAACG-1	IU_PDA_NP10	Normal Pancreas	CC10	Normal Epithelial cells
PDACNP_1_TATCTACAGAGGTAAT-1	IU_PDA_NP10	Normal Pancreas	CC10	Normal Epithelial cells
PDACNP_1_TATCTGAGCCGATATT-1	IU_PDA_NP10	Normal Pancreas	CC10	Normal Epithelial cells
PDACNP_1_TATCTTGCAATACAAC-1	IU_PDA_NP10	Normal Pancreas	CC10	Normal Epithelial cells
PDACNP_1_TATGAAGAATTAAGGT-1	IU_PDA_NP10	Normal Pancreas	CC10	Normal Epithelial cells
PDACNP_1_TATGAAGACAGGTGCG-1	IU_PDA_NP10	Normal Pancreas	CC10	Normal Epithelial cells
PDACNP_1_TATGACCTTGCGCTGG-1	IU_PDA_NP10	Normal Pancreas	CC10	Normal Epithelial cells
PDACNP_1_TATGATCCGGCACGCC-1	IU_PDA_NP10	Normal Pancreas	CC10	Normal Epithelial cells
PDACNP_1_TATGATCTTCTCTTTA-1	IU_PDA_NP10	Normal Pancreas	CC10	Normal Epithelial cells
PDACNP_1_TATGCTCCCTACTTAC-1	IU_PDA_NP10	Normal Pancreas	CC10	Normal Epithelial cells
PDACNP_1_TATGGATGTGCTACGC-1	IU_PDA_NP10	Normal Pancreas	CC10	Normal Epithelial cells
PDACNP_1_TATGGCAGACTTTCGA-1	IU_PDA_NP10	Normal Pancreas	CC10	Normal Epithelial cells
PDACNP_1_TATGGCCCGGCCTCGC-1	IU_PDA_NP10	Normal Pancreas	CC10	Normal Epithelial cells
PDACNP_1_TATGGGTACGTATCGT-1	IU_PDA_NP10	Normal Pancreas	CC10	Normal Epithelial cells
PDACNP_1_TATGTAAAGTGCTTAA-1	IU_PDA_NP10	Normal Pancreas	CC10	Normal Epithelial cells
PDACNP_1_TATGTAGAAACCCGGC-1	IU_PDA_NP10	Normal Pancreas	CC10	Normal Epithelial cells
PDACNP_1_TATGTCAAGACCGACT-1	IU_PDA_NP10	Normal Pancreas	CC10	Normal Epithelial cells
PDACNP_1_TATTAACACCAAAGCA-1	IU_PDA_NP10	Normal Pancreas	CC10	Normal Epithelial cells
PDACNP_1_TATTAACCTGACCGCG-1	IU_PDA_NP10	Normal Pancreas	CC10	Normal Epithelial cells
PDACNP_1_TATTACCATCCTGCTT-1	IU_PDA_NP10	Normal Pancreas	CC10	Normal Epithelial cells
PDACNP_1_TATTATGTTTGCCTGC-1	IU_PDA_NP10	Normal Pancreas	CC10	Normal Epithelial cells
PDACNP_1_TATTCAATTCTAATCC-1	IU_PDA_NP10	Normal Pancreas	CC10	Normal Epithelial cells
PDACNP_1_TATTCCACTCAGCTCG-1	IU_PDA_NP10	Normal Pancreas	CC10	Normal Epithelial cells
PDACNP_1_TATTCCGAGCTGTTAT-1	IU_PDA_NP10	Normal Pancreas	CC10	Normal Epithelial cells
PDACNP_1_TATTCCTCCGCCCACT-1	IU_PDA_NP10	Normal Pancreas	CC10	Normal Epithelial cells
PDACNP_1_TATTCGTGCCAGAATA-1	IU_PDA_NP10	Normal Pancreas	CC10	Normal Epithelial cells
PDACNP_1_TATTGCCGGGCTTGTA-1	IU_PDA_NP10	Normal Pancreas	CC10	Normal Epithelial cells
PDACNP_1_TATTTAGTCTAGATCG-1	IU_PDA_NP10	Normal Pancreas	CC10	Normal Epithelial cells
PDACNP_1_TATTTATACCGAGTAG-1	IU_PDA_NP10	Normal Pancreas	CC10	Normal Epithelial cells
PDACNP_1_TATTTGTTACCCTTTA-1	IU_PDA_NP10	Normal Pancreas	CC10	Normal Epithelial cells
PDACNP_1_TCAAACAACCGCGTCG-1	IU_PDA_NP10	Normal Pancreas	CC10	Normal Epithelial cells
PDACNP_1_TCAAACTTAGATTGTT-1	IU_PDA_NP10	Normal Pancreas	CC10	Normal Epithelial cells
PDACNP_1_TCAAAGAGCTATCTGT-1	IU_PDA_NP10	Normal Pancreas	CC10	Normal Epithelial cells
PDACNP_1_TCAAAGTCACGGCGTC-1	IU_PDA_NP10	Normal Pancreas	CC10	Normal Epithelial cells
PDACNP_1_TCAAATTGTTGTGCCG-1	IU_PDA_NP10	Normal Pancreas	CC10	Normal Epithelial cells
PDACNP_1_TCAAATTTGAGACTCA-1	IU_PDA_NP10	Normal Pancreas	CC10	Normal Epithelial cells
PDACNP_1_TCAACAAAGATAATTC-1	IU_PDA_NP10	Normal Pancreas	CC10	Normal Epithelial cells
PDACNP_1_TCAACACATTGGGTAA-1	IU_PDA_NP10	Normal Pancreas	CC10	Normal Epithelial cells
PDACNP_1_TCAACATAGCGCCCTA-1	IU_PDA_NP10	Normal Pancreas	CC10	Normal Epithelial cells
PDACNP_1_TCAACATCGACCGAGA-1	IU_PDA_NP10	Normal Pancreas	CC10	Normal Epithelial cells
PDACNP_1_TCAACCATGTTCGGGC-1	IU_PDA_NP10	Normal Pancreas	CC10	Normal Epithelial cells
PDACNP_1_TCAACGCAGGAAATAA-1	IU_PDA_NP10	Normal Pancreas	CC10	Normal Epithelial cells
PDACNP_1_TCAACTAACGTATAAC-1	IU_PDA_NP10	Normal Pancreas	CC10	Normal Epithelial cells
PDACNP_1_TCAACTGCAGAGTCAG-1	IU_PDA_NP10	Normal Pancreas	CC10	Normal Epithelial cells
PDACNP_1_TCAAGAAATACTAGCT-1	IU_PDA_NP10	Normal Pancreas	CC10	Normal Epithelial cells
PDACNP_1_TCAAGCGCGGACGGTA-1	IU_PDA_NP10	Normal Pancreas	CC10	Normal Epithelial cells
PDACNP_1_TCAATATACAGGAGGC-1	IU_PDA_NP10	Normal Pancreas	CC10	Normal Epithelial cells
PDACNP_1_TCAATCCGGGAAGTTT-1	IU_PDA_NP10	Normal Pancreas	CC10	Normal Epithelial cells
PDACNP_1_TCACAAACCGAGGTAC-1	IU_PDA_NP10	Normal Pancreas	CC10	Normal Epithelial cells
PDACNP_1_TCACAGATCCTCAAAC-1	IU_PDA_NP10	Normal Pancreas	CC2	Normal Epithelial cells
PDACNP_1_TCACAGCAAACTCGAA-1	IU_PDA_NP10	Normal Pancreas	CC10	Normal Epithelial cells
PDACNP_1_TCACAGGAGAATAAGA-1	IU_PDA_NP10	Normal Pancreas	CC10	Normal Epithelial cells
PDACNP_1_TCACAGGGAATCGCAA-1	IU_PDA_NP10	Normal Pancreas	CC10	Normal Epithelial cells
PDACNP_1_TCACATCTTATCTGAT-1	IU_PDA_NP10	Normal Pancreas	CC10	Normal Epithelial cells
PDACNP_1_TCACCGCTCGGCACTC-1	IU_PDA_NP10	Normal Pancreas	CC10	Normal Epithelial cells
PDACNP_1_TCACGGCCCAAGAGAG-1	IU_PDA_NP10	Normal Pancreas	CC10	Normal Epithelial cells
PDACNP_1_TCACGGTCATCGCACA-1	IU_PDA_NP10	Normal Pancreas	CC10	Normal Epithelial cells
PDACNP_1_TCACTACGACCAATGC-1	IU_PDA_NP10	Normal Pancreas	CC10	Normal Epithelial cells
PDACNP_1_TCACTATCCCTTCGGT-1	IU_PDA_NP10	Normal Pancreas	CC10	Normal Epithelial cells
PDACNP_1_TCACTCGTGCAACGGC-1	IU_PDA_NP10	Normal Pancreas	CC10	Normal Epithelial cells
PDACNP_1_TCACTCTTCGTCTGTC-1	IU_PDA_NP10	Normal Pancreas	CC10	Normal Epithelial cells
PDACNP_1_TCAGAACCTCCACAGG-1	IU_PDA_NP10	Normal Pancreas	CC10	Normal Epithelial cells
PDACNP_1_TCAGACGCTATAGAAG-1	IU_PDA_NP10	Normal Pancreas	CC10	Normal Epithelial cells
PDACNP_1_TCAGCAAATGCATCTC-1	IU_PDA_NP10	Normal Pancreas	CC10	Normal Epithelial cells
PDACNP_1_TCAGCAGTAGGCCCTG-1	IU_PDA_NP10	Normal Pancreas	CC10	Normal Epithelial cells
PDACNP_1_TCAGCGCACGCCGTTT-1	IU_PDA_NP10	Normal Pancreas	CC10	Normal Epithelial cells
PDACNP_1_TCAGCTTGAGCTTTCG-1	IU_PDA_NP10	Normal Pancreas	CC10	Normal Epithelial cells
PDACNP_1_TCAGGGCGCAAACTCG-1	IU_PDA_NP10	Normal Pancreas	CC10	Normal Epithelial cells
PDACNP_1_TCAGGGTGTAACGTAA-1	IU_PDA_NP10	Normal Pancreas	CC10	Normal Epithelial cells
PDACNP_1_TCAGTACTGACCCGCG-1	IU_PDA_NP10	Normal Pancreas	CC10	Normal Epithelial cells
PDACNP_1_TCAGTAGGGACTATAA-1	IU_PDA_NP10	Normal Pancreas	CC10	Normal Epithelial cells
PDACNP_1_TCAGTGTATACGTCAT-1	IU_PDA_NP10	Normal Pancreas	CC10	Normal Epithelial cells
PDACNP_1_TCATAAGTCCAAGAAG-1	IU_PDA_NP10	Normal Pancreas	CC10	Normal Epithelial cells
PDACNP_1_TCATACTTACAGATCC-1	IU_PDA_NP10	Normal Pancreas	CC10	Normal Epithelial cells
PDACNP_1_TCATATGAGCTTTGTT-1	IU_PDA_NP10	Normal Pancreas	CC10	Normal Epithelial cells
PDACNP_1_TCATCACTCGAGCTCG-1	IU_PDA_NP10	Normal Pancreas	CC2	Normal Epithelial cells
PDACNP_1_TCATCCATCTGATCAC-1	IU_PDA_NP10	Normal Pancreas	CC10	Normal Epithelial cells
PDACNP_1_TCATCCCAGAGGGTGG-1	IU_PDA_NP10	Normal Pancreas	CC10	Normal Epithelial cells
PDACNP_1_TCATCCTCAGCTGCTT-1	IU_PDA_NP10	Normal Pancreas	CC10	Normal Epithelial cells
PDACNP_1_TCATCGACGACCGTCG-1	IU_PDA_NP10	Normal Pancreas	CC7	Normal Epithelial cells
PDACNP_1_TCATCGATGGTCCCAA-1	IU_PDA_NP10	Normal Pancreas	CC10	Normal Epithelial cells
PDACNP_1_TCATGCAGGTTCTCAT-1	IU_PDA_NP10	Normal Pancreas	CC10	Normal Epithelial cells
PDACNP_1_TCATGGAGGCCTTTGT-1	IU_PDA_NP10	Normal Pancreas	CC10	Normal Epithelial cells
PDACNP_1_TCATTTAAGTCTCCGA-1	IU_PDA_NP10	Normal Pancreas	CC10	Normal Epithelial cells
PDACNP_1_TCATTTAGAAGTGTGA-1	IU_PDA_NP10	Normal Pancreas	CC10	Normal Epithelial cells
PDACNP_1_TCCAACTCAGCTATCT-1	IU_PDA_NP10	Normal Pancreas	CC10	Normal Epithelial cells
PDACNP_1_TCCAAGCCTAGACACA-1	IU_PDA_NP10	Normal Pancreas	CC10	Normal Epithelial cells
PDACNP_1_TCCAATAAAGGCTACC-1	IU_PDA_NP10	Normal Pancreas	CC10	Normal Epithelial cells
PDACNP_1_TCCAATGCGTCGCCGC-1	IU_PDA_NP10	Normal Pancreas	CC10	Normal Epithelial cells
PDACNP_1_TCCACAATGGTTTACG-1	IU_PDA_NP10	Normal Pancreas	CC10	Normal Epithelial cells
PDACNP_1_TCCACATCGTATATTG-1	IU_PDA_NP10	Normal Pancreas	CC10	Normal Epithelial cells
PDACNP_1_TCCACCAAGACATAGG-1	IU_PDA_NP10	Normal Pancreas	CC10	Normal Epithelial cells
PDACNP_1_TCCACCTCTAGCCTTT-1	IU_PDA_NP10	Normal Pancreas	CC10	Normal Epithelial cells
PDACNP_1_TCCACTTTATCTAGGT-1	IU_PDA_NP10	Normal Pancreas	CC10	Normal Epithelial cells
PDACNP_1_TCCAGAGCACCGGTTC-1	IU_PDA_NP10	Normal Pancreas	CC10	Normal Epithelial cells
PDACNP_1_TCCAGATGTACGCCAA-1	IU_PDA_NP10	Normal Pancreas	CC10	Normal Epithelial cells
PDACNP_1_TCCAGGCGAGTACGGT-1	IU_PDA_NP10	Normal Pancreas	CC10	Normal Epithelial cells
PDACNP_1_TCCAGGGTATATACGA-1	IU_PDA_NP10	Normal Pancreas	CC10	Normal Epithelial cells
PDACNP_1_TCCATCAATACTAATC-1	IU_PDA_NP10	Normal Pancreas	CC10	Normal Epithelial cells
PDACNP_1_TCCCAAACAGACAACG-1	IU_PDA_NP10	Normal Pancreas	CC10	Normal Epithelial cells
PDACNP_1_TCCCAAAGACGAAGGA-1	IU_PDA_NP10	Normal Pancreas	CC10	Normal Epithelial cells
PDACNP_1_TCCCAAAGCCCTAAAT-1	IU_PDA_NP10	Normal Pancreas	CC10	Normal Epithelial cells
PDACNP_1_TCCCAATATCGACGAC-1	IU_PDA_NP10	Normal Pancreas	CC10	Normal Epithelial cells
PDACNP_1_TCCCACTCTCTTCCGG-1	IU_PDA_NP10	Normal Pancreas	CC10	Normal Epithelial cells
PDACNP_1_TCCCAGCTTTAGTCTG-1	IU_PDA_NP10	Normal Pancreas	CC10	Normal Epithelial cells
PDACNP_1_TCCCAGGCTTAGCTAA-1	IU_PDA_NP10	Normal Pancreas	CC10	Normal Epithelial cells
PDACNP_1_TCCCGCGTACTCCTGG-1	IU_PDA_NP10	Normal Pancreas	CC10	Normal Epithelial cells
PDACNP_1_TCCCGTCAGTCCCGCA-1	IU_PDA_NP10	Normal Pancreas	CC10	Normal Epithelial cells
PDACNP_1_TCCCGTCGCGTCATAG-1	IU_PDA_NP10	Normal Pancreas	CC10	Normal Epithelial cells
PDACNP_1_TCCCTAGATCAATAGG-1	IU_PDA_NP10	Normal Pancreas	CC10	Normal Epithelial cells
PDACNP_1_TCCCTCCGAAATCGTT-1	IU_PDA_NP10	Normal Pancreas	CC10	Normal Epithelial cells
PDACNP_1_TCCCTGGCGTATTAAC-1	IU_PDA_NP10	Normal Pancreas	CC10	Normal Epithelial cells
PDACNP_1_TCCCTTAGATTACTCG-1	IU_PDA_NP10	Normal Pancreas	CC10	Normal Epithelial cells
PDACNP_1_TCCGAATGGTCCTGAG-1	IU_PDA_NP10	Normal Pancreas	CC10	Normal Epithelial cells
PDACNP_1_TCCGACCGCTAATCAA-1	IU_PDA_NP10	Normal Pancreas	CC10	Normal Epithelial cells
PDACNP_1_TCCGATAATTGCCATA-1	IU_PDA_NP10	Normal Pancreas	CC10	Normal Epithelial cells
PDACNP_1_TCCGATGACTGAGCTC-1	IU_PDA_NP10	Normal Pancreas	CC10	Normal Epithelial cells
PDACNP_1_TCCGATGGTGCGACAT-1	IU_PDA_NP10	Normal Pancreas	CC10	Normal Epithelial cells
PDACNP_1_TCCGATTACATTGCCG-1	IU_PDA_NP10	Normal Pancreas	CC10	Normal Epithelial cells
PDACNP_1_TCCGCAGCCACCTAGC-1	IU_PDA_NP10	Normal Pancreas	CC2	Normal Epithelial cells
PDACNP_1_TCCGCCTGTCTACAAG-1	IU_PDA_NP10	Normal Pancreas	CC10	Normal Epithelial cells
PDACNP_1_TCCGCGGCAGCATCTG-1	IU_PDA_NP10	Normal Pancreas	CC10	Normal Epithelial cells
PDACNP_1_TCCGCGGCCCAATGAA-1	IU_PDA_NP10	Normal Pancreas	CC10	Normal Epithelial cells
PDACNP_1_TCCGCTGTCATCCCGG-1	IU_PDA_NP10	Normal Pancreas	CC10	Normal Epithelial cells
PDACNP_1_TCCGCTTATCCCATTA-1	IU_PDA_NP10	Normal Pancreas	CC10	Normal Epithelial cells
PDACNP_1_TCCGGCCTAGCGTACA-1	IU_PDA_NP10	Normal Pancreas	CC10	Normal Epithelial cells
PDACNP_1_TCCGGGCCACTAACGG-1	IU_PDA_NP10	Normal Pancreas	CC10	Normal Epithelial cells
PDACNP_1_TCCGGGCTTGACGGGA-1	IU_PDA_NP10	Normal Pancreas	CC10	Normal Epithelial cells
PDACNP_1_TCCGGTTCGTCCGGTC-1	IU_PDA_NP10	Normal Pancreas	CC10	Normal Epithelial cells
PDACNP_1_TCCGTAACCACAATCC-1	IU_PDA_NP10	Normal Pancreas	CC10	Normal Epithelial cells
PDACNP_1_TCCGTTAAGCTAATAT-1	IU_PDA_NP10	Normal Pancreas	CC10	Normal Epithelial cells
PDACNP_1_TCCGTTTAGCCTTGAA-1	IU_PDA_NP10	Normal Pancreas	CC10	Normal Epithelial cells
PDACNP_1_TCCTAAAGATTCAGAC-1	IU_PDA_NP10	Normal Pancreas	CC10	Normal Epithelial cells
PDACNP_1_TCCTAAATTGGGAAGC-1	IU_PDA_NP10	Normal Pancreas	CC10	Normal Epithelial cells
PDACNP_1_TCCTAACCGTCGGGCA-1	IU_PDA_NP10	Normal Pancreas	CC10	Normal Epithelial cells
PDACNP_1_TCCTACATCCACGGCC-1	IU_PDA_NP10	Normal Pancreas	CC10	Normal Epithelial cells
PDACNP_1_TCCTCCTAAGACATTC-1	IU_PDA_NP10	Normal Pancreas	CC10	Normal Epithelial cells
PDACNP_1_TCCTCGGGCTGGGCTT-1	IU_PDA_NP10	Normal Pancreas	CC10	Normal Epithelial cells
PDACNP_1_TCCTCTACGAGATGGC-1	IU_PDA_NP10	Normal Pancreas	CC10	Normal Epithelial cells
PDACNP_1_TCCTCTCCAGTTGTCC-1	IU_PDA_NP10	Normal Pancreas	CC10	Normal Epithelial cells
PDACNP_1_TCCTCTGGCCCATTAG-1	IU_PDA_NP10	Normal Pancreas	CC10	Normal Epithelial cells
PDACNP_1_TCCTGCAGCCGCCAAT-1	IU_PDA_NP10	Normal Pancreas	CC10	Normal Epithelial cells
PDACNP_1_TCCTGCCAACTGGAGA-1	IU_PDA_NP10	Normal Pancreas	CC10	Normal Epithelial cells
PDACNP_1_TCCTTACGACGGTCCG-1	IU_PDA_NP10	Normal Pancreas	CC10	Normal Epithelial cells
PDACNP_1_TCCTTCAATCCCTACG-1	IU_PDA_NP10	Normal Pancreas	CC10	Normal Epithelial cells
PDACNP_1_TCCTTCAGTGGTCGAA-1	IU_PDA_NP10	Normal Pancreas	CC10	Normal Epithelial cells
PDACNP_1_TCCTTGTCCTTTAATT-1	IU_PDA_NP10	Normal Pancreas	CC10	Normal Epithelial cells
PDACNP_1_TCCTTTAAATCCGCTT-1	IU_PDA_NP10	Normal Pancreas	CC10	Normal Epithelial cells
PDACNP_1_TCCTTTCTTACGCTTA-1	IU_PDA_NP10	Normal Pancreas	CC10	Normal Epithelial cells
PDACNP_1_TCGAATATCCCGCAGG-1	IU_PDA_NP10	Normal Pancreas	CC10	Normal Epithelial cells
PDACNP_1_TCGACAACTGAACCCG-1	IU_PDA_NP10	Normal Pancreas	CC10	Normal Epithelial cells
PDACNP_1_TCGACATAGCGTAGCG-1	IU_PDA_NP10	Normal Pancreas	CC10	Normal Epithelial cells
PDACNP_1_TCGACTGACGATGGCT-1	IU_PDA_NP10	Normal Pancreas	CC10	Normal Epithelial cells
PDACNP_1_TCGAGCCAGGCAGGCC-1	IU_PDA_NP10	Normal Pancreas	CC10	Normal Epithelial cells
PDACNP_1_TCGAGTCTACGATTCG-1	IU_PDA_NP10	Normal Pancreas	CC10	Normal Epithelial cells
PDACNP_1_TCGATAGGCTAGTCGC-1	IU_PDA_NP10	Normal Pancreas	CC10	Normal Epithelial cells
PDACNP_1_TCGCACCAGGAGGCAG-1	IU_PDA_NP10	Normal Pancreas	CC10	Normal Epithelial cells
PDACNP_1_TCGCATAAAGGGCGCA-1	IU_PDA_NP10	Normal Pancreas	CC10	Normal Epithelial cells
PDACNP_1_TCGCATCCCTAAGTGT-1	IU_PDA_NP10	Normal Pancreas	CC3	Tumor Epithelial cells
PDACNP_1_TCGCCACCCGGATTAC-1	IU_PDA_NP10	Normal Pancreas	CC10	Normal Epithelial cells
PDACNP_1_TCGCCGACATATTCGC-1	IU_PDA_NP10	Normal Pancreas	CC10	Normal Epithelial cells
PDACNP_1_TCGCCGCACCGCGTGA-1	IU_PDA_NP10	Normal Pancreas	CC10	Normal Epithelial cells
PDACNP_1_TCGCCGGATGGGCAAG-1	IU_PDA_NP10	Normal Pancreas	CC10	Normal Epithelial cells
PDACNP_1_TCGCCGGTCGATCCGT-1	IU_PDA_NP10	Normal Pancreas	CC10	Normal Epithelial cells
PDACNP_1_TCGCCTCCTTCGGCTC-1	IU_PDA_NP10	Normal Pancreas	CC10	Normal Epithelial cells
PDACNP_1_TCGCCTCGACCTGTTG-1	IU_PDA_NP10	Normal Pancreas	CC10	Normal Epithelial cells
PDACNP_1_TCGCGTCCAGAAGGTC-1	IU_PDA_NP10	Normal Pancreas	CC10	Normal Epithelial cells
PDACNP_1_TCGCTAAACCGCTATC-1	IU_PDA_NP10	Normal Pancreas	CC10	Normal Epithelial cells
PDACNP_1_TCGCTACTGGCTTTGA-1	IU_PDA_NP10	Normal Pancreas	CC10	Normal Epithelial cells
PDACNP_1_TCGCTCGATATATTCC-1	IU_PDA_NP10	Normal Pancreas	CC10	Normal Epithelial cells
PDACNP_1_TCGCTCGGCACCAGCG-1	IU_PDA_NP10	Normal Pancreas	CC10	Normal Epithelial cells
PDACNP_1_TCGCTGCCAATGCTGT-1	IU_PDA_NP10	Normal Pancreas	CC10	Normal Epithelial cells
PDACNP_1_TCGCTGGGCGGATTGT-1	IU_PDA_NP10	Normal Pancreas	CC10	Normal Epithelial cells
PDACNP_1_TCGCTGTGCGTAAATC-1	IU_PDA_NP10	Normal Pancreas	CC10	Normal Epithelial cells
PDACNP_1_TCGCTTTAAACGTTTG-1	IU_PDA_NP10	Normal Pancreas	CC10	Normal Epithelial cells
PDACNP_1_TCGGAATGCGCTCTGA-1	IU_PDA_NP10	Normal Pancreas	CC10	Normal Epithelial cells
PDACNP_1_TCGGACGCCCAGCCCA-1	IU_PDA_NP10	Normal Pancreas	CC10	Normal Epithelial cells
PDACNP_1_TCGGAGAGTATCGGGA-1	IU_PDA_NP10	Normal Pancreas	CC10	Normal Epithelial cells
PDACNP_1_TCGGAGTACATGAGTA-1	IU_PDA_NP10	Normal Pancreas	CC10	Normal Epithelial cells
PDACNP_1_TCGGATCTGGATGACC-1	IU_PDA_NP10	Normal Pancreas	CC10	Normal Epithelial cells
PDACNP_1_TCGGCGAACCCAAACC-1	IU_PDA_NP10	Normal Pancreas	CC10	Normal Epithelial cells
PDACNP_1_TCGGCGTACTGCACAA-1	IU_PDA_NP10	Normal Pancreas	CC10	Normal Epithelial cells
PDACNP_1_TCGGGAACGTGCCTAG-1	IU_PDA_NP10	Normal Pancreas	CC10	Normal Epithelial cells
PDACNP_1_TCGGGAGACAGCGTAC-1	IU_PDA_NP10	Normal Pancreas	CC10	Normal Epithelial cells
PDACNP_1_TCGGGCCGTCGTGGTA-1	IU_PDA_NP10	Normal Pancreas	CC10	Normal Epithelial cells
PDACNP_1_TCGGGTGAAACTGCTA-1	IU_PDA_NP10	Normal Pancreas	CC10	Normal Epithelial cells
PDACNP_1_TCGGTCCCGACAATAG-1	IU_PDA_NP10	Normal Pancreas	CC10	Normal Epithelial cells
PDACNP_1_TCGTAAGACGACATTG-1	IU_PDA_NP10	Normal Pancreas	CC10	Normal Epithelial cells
PDACNP_1_TCGTAAGCTCCGAGGA-1	IU_PDA_NP10	Normal Pancreas	CC7	Endothelial cells
PDACNP_1_TCGTACCGACGTCAAG-1	IU_PDA_NP10	Normal Pancreas	CC10	Normal Epithelial cells
PDACNP_1_TCGTCAAGTACGCGCA-1	IU_PDA_NP10	Normal Pancreas	CC10	Normal Epithelial cells
PDACNP_1_TCGTCACACTGTTAGC-1	IU_PDA_NP10	Normal Pancreas	CC10	Normal Epithelial cells
PDACNP_1_TCGTCTTAGGCGTTAA-1	IU_PDA_NP10	Normal Pancreas	CC10	Normal Epithelial cells
PDACNP_1_TCGTGTACTATGGATG-1	IU_PDA_NP10	Normal Pancreas	CC10	Normal Epithelial cells
PDACNP_1_TCGTGTCACGCTGACA-1	IU_PDA_NP10	Normal Pancreas	CC10	Normal Epithelial cells
PDACNP_1_TCGTGTTCGACCACAA-1	IU_PDA_NP10	Normal Pancreas	CC10	Normal Epithelial cells
PDACNP_1_TCGTTAGGAGTCCCTA-1	IU_PDA_NP10	Normal Pancreas	CC10	Normal Epithelial cells
PDACNP_1_TCGTTCGTTATTATGT-1	IU_PDA_NP10	Normal Pancreas	CC10	Normal Epithelial cells
PDACNP_1_TCGTTGCTATCCGGTC-1	IU_PDA_NP10	Normal Pancreas	CC10	Normal Epithelial cells
PDACNP_1_TCGTTGGCTCGTCAAT-1	IU_PDA_NP10	Normal Pancreas	CC10	Normal Epithelial cells
PDACNP_1_TCTAAAGAACAGTCTC-1	IU_PDA_NP10	Normal Pancreas	CC10	Normal Epithelial cells
PDACNP_1_TCTAACCTAGCCTGCG-1	IU_PDA_NP10	Normal Pancreas	CC10	Normal Epithelial cells
PDACNP_1_TCTACCCAATAGAGAG-1	IU_PDA_NP10	Normal Pancreas	CC10	Normal Epithelial cells
PDACNP_1_TCTACCCGCATCATTT-1	IU_PDA_NP10	Normal Pancreas	CC10	Normal Epithelial cells
PDACNP_1_TCTACCGTCCACAAGC-1	IU_PDA_NP10	Normal Pancreas	CC10	Normal Epithelial cells
PDACNP_1_TCTAGCAATCTCCGCC-1	IU_PDA_NP10	Normal Pancreas	CC10	Normal Epithelial cells
PDACNP_1_TCTAGCATCTTCGATG-1	IU_PDA_NP10	Normal Pancreas	CC10	Normal Epithelial cells
PDACNP_1_TCTAGCATGCCCAGAA-1	IU_PDA_NP10	Normal Pancreas	CC10	Normal Epithelial cells
PDACNP_1_TCTAGGTGGCGACGCT-1	IU_PDA_NP10	Normal Pancreas	CC10	Normal Epithelial cells
PDACNP_1_TCTAGTTATCAGAAGA-1	IU_PDA_NP10	Normal Pancreas	CC10	Normal Epithelial cells
PDACNP_1_TCTATAGGTGGGTAAT-1	IU_PDA_NP10	Normal Pancreas	CC10	Normal Epithelial cells
PDACNP_1_TCTATCATGCAGTTAC-1	IU_PDA_NP10	Normal Pancreas	CC10	Normal Epithelial cells
PDACNP_1_TCTATCGGTCGCAACA-1	IU_PDA_NP10	Normal Pancreas	CC10	Normal Epithelial cells
PDACNP_1_TCTATGCTATAACGAC-1	IU_PDA_NP10	Normal Pancreas	CC10	Normal Epithelial cells
PDACNP_1_TCTCAAATCAATCGGG-1	IU_PDA_NP10	Normal Pancreas	CC10	Normal Epithelial cells
PDACNP_1_TCTCAGGCTACTCGCT-1	IU_PDA_NP10	Normal Pancreas	CC10	Normal Epithelial cells
PDACNP_1_TCTCATGAGATAGGGT-1	IU_PDA_NP10	Normal Pancreas	CC10	Normal Epithelial cells
PDACNP_1_TCTCCAACGTAGGTTA-1	IU_PDA_NP10	Normal Pancreas	CC10	Normal Epithelial cells
PDACNP_1_TCTCCACAAGTTGAAT-1	IU_PDA_NP10	Normal Pancreas	CC10	Normal Epithelial cells
PDACNP_1_TCTCCCTGGGCAGCGT-1	IU_PDA_NP10	Normal Pancreas	CC10	Normal Epithelial cells
PDACNP_1_TCTCGAGGAGGTTCGC-1	IU_PDA_NP10	Normal Pancreas	CC10	Normal Epithelial cells
PDACNP_1_TCTCGGCTCCAGGACT-1	IU_PDA_NP10	Normal Pancreas	CC10	Normal Epithelial cells
PDACNP_1_TCTCGTGTTACGAGGA-1	IU_PDA_NP10	Normal Pancreas	CC10	Normal Epithelial cells
PDACNP_1_TCTCTAATAGCTGGTA-1	IU_PDA_NP10	Normal Pancreas	CC10	Normal Epithelial cells
PDACNP_1_TCTCTTACCGCGAACC-1	IU_PDA_NP10	Normal Pancreas	CC10	Normal Epithelial cells
PDACNP_1_TCTGAACTCGTACCCG-1	IU_PDA_NP10	Normal Pancreas	CC10	Normal Epithelial cells
PDACNP_1_TCTGAAGCACGTGGTC-1	IU_PDA_NP10	Normal Pancreas	CC10	Normal Epithelial cells
PDACNP_1_TCTGAATTCCGTACAA-1	IU_PDA_NP10	Normal Pancreas	CC10	Normal Epithelial cells
PDACNP_1_TCTGACTGTAATGGTT-1	IU_PDA_NP10	Normal Pancreas	CC10	Normal Epithelial cells
PDACNP_1_TCTGAGCAATTGACTG-1	IU_PDA_NP10	Normal Pancreas	CC10	Normal Epithelial cells
PDACNP_1_TCTGATGTATTCTGTC-1	IU_PDA_NP10	Normal Pancreas	CC10	Normal Epithelial cells
PDACNP_1_TCTGCATACCTTGCTT-1	IU_PDA_NP10	Normal Pancreas	CC10	Normal Epithelial cells
PDACNP_1_TCTGCCAGAAACTGCA-1	IU_PDA_NP10	Normal Pancreas	CC10	Normal Epithelial cells
PDACNP_1_TCTGCGTCCGGTTTCT-1	IU_PDA_NP10	Normal Pancreas	CC3	Normal Epithelial cells
PDACNP_1_TCTGGCGCAAGCCGGG-1	IU_PDA_NP10	Normal Pancreas	CC10	Normal Epithelial cells
PDACNP_1_TCTGGGAACCTTTGAA-1	IU_PDA_NP10	Normal Pancreas	CC10	Normal Epithelial cells
PDACNP_1_TCTGTGCCATCATAGT-1	IU_PDA_NP10	Normal Pancreas	CC10	Normal Epithelial cells
PDACNP_1_TCTGTTACCCAGCATA-1	IU_PDA_NP10	Normal Pancreas	CC10	Normal Epithelial cells
PDACNP_1_TCTTACCGGAACTCGT-1	IU_PDA_NP10	Normal Pancreas	CC10	Normal Epithelial cells
PDACNP_1_TCTTACGGCATCCGAC-1	IU_PDA_NP10	Normal Pancreas	CC10	Normal Epithelial cells
PDACNP_1_TCTTACTTATGCCTCT-1	IU_PDA_NP10	Normal Pancreas	CC10	Normal Epithelial cells
PDACNP_1_TCTTCCCATGGGCACA-1	IU_PDA_NP10	Normal Pancreas	CC10	Normal Epithelial cells
PDACNP_1_TCTTCGAATAGACGTT-1	IU_PDA_NP10	Normal Pancreas	CC10	Normal Epithelial cells
PDACNP_1_TCTTCGATACCAATAA-1	IU_PDA_NP10	Normal Pancreas	CC10	Normal Epithelial cells
PDACNP_1_TCTTGATGCGTAGCGA-1	IU_PDA_NP10	Normal Pancreas	CC10	Normal Epithelial cells
PDACNP_1_TCTTGCTCCCGATACT-1	IU_PDA_NP10	Normal Pancreas	CC10	Normal Epithelial cells
PDACNP_1_TCTTGGTAACACCAAA-1	IU_PDA_NP10	Normal Pancreas	CC10	Normal Epithelial cells
PDACNP_1_TCTTTAAGACTATGAA-1	IU_PDA_NP10	Normal Pancreas	CC10	Normal Epithelial cells
PDACNP_1_TGAAACTTATGCAAGC-1	IU_PDA_NP10	Normal Pancreas	CC10	Normal Epithelial cells
PDACNP_1_TGAAAGGACCTGACTC-1	IU_PDA_NP10	Normal Pancreas	CC10	Normal Epithelial cells
PDACNP_1_TGAACAAGCAGGGACT-1	IU_PDA_NP10	Normal Pancreas	CC10	Normal Epithelial cells
PDACNP_1_TGAACTGCTATGACTT-1	IU_PDA_NP10	Normal Pancreas	CC10	Normal Epithelial cells
PDACNP_1_TGAAGAGCGGTCCTAG-1	IU_PDA_NP10	Normal Pancreas	CC10	Normal Epithelial cells
PDACNP_1_TGAAGTAGCTTACGGA-1	IU_PDA_NP10	Normal Pancreas	CC10	Normal Epithelial cells
PDACNP_1_TGAATACCGACGCGTA-1	IU_PDA_NP10	Normal Pancreas	CC10	Normal Epithelial cells
PDACNP_1_TGAATATGCTATAAAC-1	IU_PDA_NP10	Normal Pancreas	CC10	Normal Epithelial cells
PDACNP_1_TGAATGAGTGTTTCCC-1	IU_PDA_NP10	Normal Pancreas	CC10	Normal Epithelial cells
PDACNP_1_TGAATTTCACTTGCCT-1	IU_PDA_NP10	Normal Pancreas	CC10	Normal Epithelial cells
PDACNP_1_TGACACTTCTCTTTGC-1	IU_PDA_NP10	Normal Pancreas	CC7	Normal Epithelial cells
PDACNP_1_TGACAGGACAAGTCCA-1	IU_PDA_NP10	Normal Pancreas	CC10	Normal Epithelial cells
PDACNP_1_TGACATCGAGCGGACC-1	IU_PDA_NP10	Normal Pancreas	CC10	Normal Epithelial cells
PDACNP_1_TGACATGTAACGTGAC-1	IU_PDA_NP10	Normal Pancreas	CC10	Normal Epithelial cells
PDACNP_1_TGACCAAATCTTAAAC-1	IU_PDA_NP10	Normal Pancreas	CC10	Normal Epithelial cells
PDACNP_1_TGACGAATATTTCCCT-1	IU_PDA_NP10	Normal Pancreas	CC10	Normal Epithelial cells
PDACNP_1_TGACGATGCACTAGAA-1	IU_PDA_NP10	Normal Pancreas	CC10	Normal Epithelial cells
PDACNP_1_TGACTCCGAATCATAC-1	IU_PDA_NP10	Normal Pancreas	CC10	Normal Epithelial cells
PDACNP_1_TGAGAATGCTTTACCG-1	IU_PDA_NP10	Normal Pancreas	CC10	Normal Epithelial cells
PDACNP_1_TGAGACGTACCTCTCA-1	IU_PDA_NP10	Normal Pancreas	CC10	Normal Epithelial cells
PDACNP_1_TGAGAGATTTACCACG-1	IU_PDA_NP10	Normal Pancreas	CC10	Normal Epithelial cells
PDACNP_1_TGAGATCAAATACTCA-1	IU_PDA_NP10	Normal Pancreas	CC10	Normal Epithelial cells
PDACNP_1_TGAGATTAGGCCCTAA-1	IU_PDA_NP10	Normal Pancreas	CC10	Normal Epithelial cells
PDACNP_1_TGAGCGGAAAGTGTTC-1	IU_PDA_NP10	Normal Pancreas	CC10	Normal Epithelial cells
PDACNP_1_TGAGCTTTAATGACGC-1	IU_PDA_NP10	Normal Pancreas	CC10	Normal Epithelial cells
PDACNP_1_TGAGGCATGTACTGTG-1	IU_PDA_NP10	Normal Pancreas	CC10	Normal Epithelial cells
PDACNP_1_TGAGGTGTGTGGCGGA-1	IU_PDA_NP10	Normal Pancreas	CC10	Normal Epithelial cells
PDACNP_1_TGAGTAAATTAGCGTA-1	IU_PDA_NP10	Normal Pancreas	CC10	Normal Epithelial cells
PDACNP_1_TGAGTGCCTCTTAAAT-1	IU_PDA_NP10	Normal Pancreas	CC10	Normal Epithelial cells
PDACNP_1_TGAGTGTAACAACGGG-1	IU_PDA_NP10	Normal Pancreas	CC10	Normal Epithelial cells
PDACNP_1_TGATACATTTAGCCGT-1	IU_PDA_NP10	Normal Pancreas	CC10	Normal Epithelial cells
PDACNP_1_TGATAGCGGGATTCTA-1	IU_PDA_NP10	Normal Pancreas	CC10	Normal Epithelial cells
PDACNP_1_TGATCACCACACTGAC-1	IU_PDA_NP10	Normal Pancreas	CC10	Normal Epithelial cells
PDACNP_1_TGATCAGGGAACTGCT-1	IU_PDA_NP10	Normal Pancreas	CC10	Normal Epithelial cells
PDACNP_1_TGATCCCAGCATTAGT-1	IU_PDA_NP10	Normal Pancreas	CC10	Normal Epithelial cells
PDACNP_1_TGATCGGTTTGACCCT-1	IU_PDA_NP10	Normal Pancreas	CC10	Normal Epithelial cells
PDACNP_1_TGATCTACGCTGATCT-1	IU_PDA_NP10	Normal Pancreas	CC10	Normal Epithelial cells
PDACNP_1_TGATCTATCACACTCT-1	IU_PDA_NP10	Normal Pancreas	CC10	Normal Epithelial cells
PDACNP_1_TGATCTCCGGCGCCAG-1	IU_PDA_NP10	Normal Pancreas	CC10	Normal Epithelial cells
PDACNP_1_TGATGGCTGTTTCTGA-1	IU_PDA_NP10	Normal Pancreas	CC10	Normal Epithelial cells
PDACNP_1_TGATGGGACTAAGTCA-1	IU_PDA_NP10	Normal Pancreas	CC10	Normal Epithelial cells
PDACNP_1_TGATGTCAATTAAGTG-1	IU_PDA_NP10	Normal Pancreas	CC10	Normal Epithelial cells
PDACNP_1_TGATTATGGCACGCAG-1	IU_PDA_NP10	Normal Pancreas	CC10	Normal Epithelial cells
PDACNP_1_TGATTCCCGGTTACCT-1	IU_PDA_NP10	Normal Pancreas	CC10	Normal Epithelial cells
PDACNP_1_TGATTCTGTCGCCGGT-1	IU_PDA_NP10	Normal Pancreas	CC10	Normal Epithelial cells
PDACNP_1_TGATTTCCTCCTGACG-1	IU_PDA_NP10	Normal Pancreas	CC10	Normal Epithelial cells
PDACNP_1_TGCAAGAATGACGTAA-1	IU_PDA_NP10	Normal Pancreas	CC10	Normal Epithelial cells
PDACNP_1_TGCACTATGTGAGTGC-1	IU_PDA_NP10	Normal Pancreas	CC10	Normal Epithelial cells
PDACNP_1_TGCAGGATCGGCAAAG-1	IU_PDA_NP10	Normal Pancreas	CC10	Normal Epithelial cells
PDACNP_1_TGCAGTGGTAGGGAAC-1	IU_PDA_NP10	Normal Pancreas	CC10	Normal Epithelial cells
PDACNP_1_TGCAGTTTCCTCCCAT-1	IU_PDA_NP10	Normal Pancreas	CC10	Normal Epithelial cells
PDACNP_1_TGCATATGTCTGTCAC-1	IU_PDA_NP10	Normal Pancreas	CC10	Normal Epithelial cells
PDACNP_1_TGCATGAGTAGATTCG-1	IU_PDA_NP10	Normal Pancreas	CC10	Normal Epithelial cells
PDACNP_1_TGCATGGATCGGATCT-1	IU_PDA_NP10	Normal Pancreas	CC10	Normal Epithelial cells
PDACNP_1_TGCATGTGACCCATAG-1	IU_PDA_NP10	Normal Pancreas	CC10	Normal Epithelial cells
PDACNP_1_TGCCAAAGTCAGACTT-1	IU_PDA_NP10	Normal Pancreas	CC10	Normal Epithelial cells
PDACNP_1_TGCCAATGGGTACTCT-1	IU_PDA_NP10	Normal Pancreas	CC10	Normal Epithelial cells
PDACNP_1_TGCCACACTAGAGGAA-1	IU_PDA_NP10	Normal Pancreas	CC10	Normal Epithelial cells
PDACNP_1_TGCCACCTGGCGAAAC-1	IU_PDA_NP10	Normal Pancreas	CC10	Normal Epithelial cells
PDACNP_1_TGCCAGTACGTGGAGA-1	IU_PDA_NP10	Normal Pancreas	CC10	Normal Epithelial cells
PDACNP_1_TGCCATTACTAAAGAA-1	IU_PDA_NP10	Normal Pancreas	CC10	Normal Epithelial cells
PDACNP_1_TGCCGATGTCATCAAT-1	IU_PDA_NP10	Normal Pancreas	CC10	Normal Epithelial cells
PDACNP_1_TGCCGGATGTACGAGC-1	IU_PDA_NP10	Normal Pancreas	CC10	Normal Epithelial cells
PDACNP_1_TGCCGTGGATCGTCCT-1	IU_PDA_NP10	Normal Pancreas	CC10	Normal Epithelial cells
PDACNP_1_TGCCGTGGGACCCAAT-1	IU_PDA_NP10	Normal Pancreas	CC10	Normal Epithelial cells
PDACNP_1_TGCCGTTCTTAATCGG-1	IU_PDA_NP10	Normal Pancreas	CC10	Normal Epithelial cells
PDACNP_1_TGCCTAATTGAAGATT-1	IU_PDA_NP10	Normal Pancreas	CC10	Normal Epithelial cells
PDACNP_1_TGCCTGACATCGGTCA-1	IU_PDA_NP10	Normal Pancreas	CC2	Normal Epithelial cells
PDACNP_1_TGCCTGATCAAACGAT-1	IU_PDA_NP10	Normal Pancreas	CC10	Normal Epithelial cells
PDACNP_1_TGCGAATATGGGATTT-1	IU_PDA_NP10	Normal Pancreas	CC10	Normal Epithelial cells
PDACNP_1_TGCGACACCCTAGTGC-1	IU_PDA_NP10	Normal Pancreas	CC10	Normal Epithelial cells
PDACNP_1_TGCGACGGCCGAACGT-1	IU_PDA_NP10	Normal Pancreas	CC10	Normal Epithelial cells
PDACNP_1_TGCGAGAATATTACCC-1	IU_PDA_NP10	Normal Pancreas	CC10	Normal Epithelial cells
PDACNP_1_TGCGATGCTAATGGCT-1	IU_PDA_NP10	Normal Pancreas	CC10	Normal Epithelial cells
PDACNP_1_TGCGCAAAGCATTTGG-1	IU_PDA_NP10	Normal Pancreas	CC10	Normal Epithelial cells
PDACNP_1_TGCGGACTTGACTCCG-1	IU_PDA_NP10	Normal Pancreas	CC10	Normal Epithelial cells
PDACNP_1_TGCGGAGTAAAGGTGC-1	IU_PDA_NP10	Normal Pancreas	CC10	Normal Epithelial cells
PDACNP_1_TGCGGCATAGTTCAAC-1	IU_PDA_NP10	Normal Pancreas	CC10	Normal Epithelial cells
PDACNP_1_TGCGGTGAAATTTCAT-1	IU_PDA_NP10	Normal Pancreas	CC10	Normal Epithelial cells
PDACNP_1_TGCGTCATGACTGAGC-1	IU_PDA_NP10	Normal Pancreas	CC10	Normal Epithelial cells
PDACNP_1_TGCGTGATTGGGTGTC-1	IU_PDA_NP10	Normal Pancreas	CC10	Normal Epithelial cells
PDACNP_1_TGCTAAGTGTCTATTT-1	IU_PDA_NP10	Normal Pancreas	CC10	Normal Epithelial cells
PDACNP_1_TGCTATGGCAAAGGGA-1	IU_PDA_NP10	Normal Pancreas	CC10	Normal Epithelial cells
PDACNP_1_TGCTCGGCGAAACCCA-1	IU_PDA_NP10	Normal Pancreas	CC10	Normal Epithelial cells
PDACNP_1_TGCTCGGTGGGTCACC-1	IU_PDA_NP10	Normal Pancreas	CC10	Normal Epithelial cells
PDACNP_1_TGCTCTTGAGAGTTTG-1	IU_PDA_NP10	Normal Pancreas	CC10	Normal Epithelial cells
PDACNP_1_TGCTTAGAGAGAATGC-1	IU_PDA_NP10	Normal Pancreas	CC10	Normal Epithelial cells
PDACNP_1_TGCTTCCCAAGCAGTA-1	IU_PDA_NP10	Normal Pancreas	CC10	Normal Epithelial cells
PDACNP_1_TGCTTGAAACCATGCA-1	IU_PDA_NP10	Normal Pancreas	CC10	Normal Epithelial cells
PDACNP_1_TGGAAACGGAGTGAAC-1	IU_PDA_NP10	Normal Pancreas	CC10	Normal Epithelial cells
PDACNP_1_TGGAACCACTGACACA-1	IU_PDA_NP10	Normal Pancreas	CC10	Normal Epithelial cells
PDACNP_1_TGGAAGGATAAAGATG-1	IU_PDA_NP10	Normal Pancreas	CC10	Normal Epithelial cells
PDACNP_1_TGGAATATCCTTGACC-1	IU_PDA_NP10	Normal Pancreas	CC10	Normal Epithelial cells
PDACNP_1_TGGAATTAGACGCTTT-1	IU_PDA_NP10	Normal Pancreas	CC10	Normal Epithelial cells
PDACNP_1_TGGACACCGTTGCTTG-1	IU_PDA_NP10	Normal Pancreas	CC10	Normal Epithelial cells
PDACNP_1_TGGACCAATCTAAGAT-1	IU_PDA_NP10	Normal Pancreas	CC10	Normal Epithelial cells
PDACNP_1_TGGACCACGGCGTTGA-1	IU_PDA_NP10	Normal Pancreas	CC10	Normal Epithelial cells
PDACNP_1_TGGACGCAATCCAGCC-1	IU_PDA_NP10	Normal Pancreas	CC10	Normal Epithelial cells
PDACNP_1_TGGACTGTTCGCTCAA-1	IU_PDA_NP10	Normal Pancreas	CC10	Normal Epithelial cells
PDACNP_1_TGGAGAATAATCGTCC-1	IU_PDA_NP10	Normal Pancreas	CC10	Normal Epithelial cells
PDACNP_1_TGGATAGAGTAACAGA-1	IU_PDA_NP10	Normal Pancreas	CC2	Normal Epithelial cells
PDACNP_1_TGGCAAACTAAATTAC-1	IU_PDA_NP10	Normal Pancreas	CC10	Normal Epithelial cells
PDACNP_1_TGGCAACTCGCGCGCC-1	IU_PDA_NP10	Normal Pancreas	CC10	Normal Epithelial cells
PDACNP_1_TGGCAAGCACAAGTCG-1	IU_PDA_NP10	Normal Pancreas	CC10	Normal Epithelial cells
PDACNP_1_TGGCAATGGGACGGCG-1	IU_PDA_NP10	Normal Pancreas	CC10	Normal Epithelial cells
PDACNP_1_TGGCATGAAGTTTGGG-1	IU_PDA_NP10	Normal Pancreas	CC10	Normal Epithelial cells
PDACNP_1_TGGCCAAACTGAAGTA-1	IU_PDA_NP10	Normal Pancreas	CC10	Normal Epithelial cells
PDACNP_1_TGGCCAATTTGGTACT-1	IU_PDA_NP10	Normal Pancreas	CC10	Normal Epithelial cells
PDACNP_1_TGGCGACTGCTCCAAA-1	IU_PDA_NP10	Normal Pancreas	CC10	Normal Epithelial cells
PDACNP_1_TGGCGATCAAGTTATG-1	IU_PDA_NP10	Normal Pancreas	CC10	Normal Epithelial cells
PDACNP_1_TGGCGGTGTGCGATTG-1	IU_PDA_NP10	Normal Pancreas	CC10	Normal Epithelial cells
PDACNP_1_TGGCTACACTCTACCT-1	IU_PDA_NP10	Normal Pancreas	CC10	Normal Epithelial cells
PDACNP_1_TGGCTATGTGACATAC-1	IU_PDA_NP10	Normal Pancreas	CC10	Normal Epithelial cells
PDACNP_1_TGGCTCTTGTCGCGTA-1	IU_PDA_NP10	Normal Pancreas	CC10	Normal Epithelial cells
PDACNP_1_TGGCTTATGTATAATG-1	IU_PDA_NP10	Normal Pancreas	CC10	Normal Epithelial cells
PDACNP_1_TGGCTTTGGGTAGACA-1	IU_PDA_NP10	Normal Pancreas	CC10	Normal Epithelial cells
PDACNP_1_TGGGCACAAACAGAAC-1	IU_PDA_NP10	Normal Pancreas	CC10	Normal Epithelial cells
PDACNP_1_TGGGCACGTTCTATGG-1	IU_PDA_NP10	Normal Pancreas	CC10	Normal Epithelial cells
PDACNP_1_TGGGCCACAAGAGCGC-1	IU_PDA_NP10	Normal Pancreas	CC10	Normal Epithelial cells
PDACNP_1_TGGGCCCATACTAATT-1	IU_PDA_NP10	Normal Pancreas	CC10	Normal Epithelial cells
PDACNP_1_TGGGCCTTGCCTGCAT-1	IU_PDA_NP10	Normal Pancreas	CC10	Normal Epithelial cells
PDACNP_1_TGGGCGATACAATAAG-1	IU_PDA_NP10	Normal Pancreas	CC10	Normal Epithelial cells
PDACNP_1_TGGGTAAGGTTCCCGC-1	IU_PDA_NP10	Normal Pancreas	CC10	Normal Epithelial cells
PDACNP_1_TGGGTGCACAAGCCAT-1	IU_PDA_NP10	Normal Pancreas	CC10	Normal Epithelial cells
PDACNP_1_TGGGTGTTAAGTAGAA-1	IU_PDA_NP10	Normal Pancreas	CC10	Normal Epithelial cells
PDACNP_1_TGGGTTTCGGGCGTAC-1	IU_PDA_NP10	Normal Pancreas	CC10	Normal Epithelial cells
PDACNP_1_TGGTAAGCAGGATTGA-1	IU_PDA_NP10	Normal Pancreas	CC10	Normal Epithelial cells
PDACNP_1_TGGTACCGGCACAGCC-1	IU_PDA_NP10	Normal Pancreas	CC10	Normal Epithelial cells
PDACNP_1_TGGTAGAATATATGGG-1	IU_PDA_NP10	Normal Pancreas	CC10	Normal Epithelial cells
PDACNP_1_TGGTATCGCATCCCAA-1	IU_PDA_NP10	Normal Pancreas	CC7	Normal Epithelial cells
PDACNP_1_TGGTATCGGTCTGTAT-1	IU_PDA_NP10	Normal Pancreas	CC10	Normal Epithelial cells
PDACNP_1_TGGTCCCACGCTACGG-1	IU_PDA_NP10	Normal Pancreas	CC10	Normal Epithelial cells
PDACNP_1_TGGTCGATATACCTCT-1	IU_PDA_NP10	Normal Pancreas	CC10	Normal Epithelial cells
PDACNP_1_TGGTCGTGCAAGGCAA-1	IU_PDA_NP10	Normal Pancreas	CC10	Normal Epithelial cells
PDACNP_1_TGGTCTAGCTTACATG-1	IU_PDA_NP10	Normal Pancreas	CC10	Normal Epithelial cells
PDACNP_1_TGGTGATCGTATTTGT-1	IU_PDA_NP10	Normal Pancreas	CC10	Normal Epithelial cells
PDACNP_1_TGGTTAACTTACATTT-1	IU_PDA_NP10	Normal Pancreas	CC10	Normal Epithelial cells
PDACNP_1_TGGTTAAGGGCGCTGG-1	IU_PDA_NP10	Normal Pancreas	CC10	Normal Epithelial cells
PDACNP_1_TGGTTCAACGGGTAAT-1	IU_PDA_NP10	Normal Pancreas	CC10	Normal Epithelial cells
PDACNP_1_TGGTTCGTAGCAAAGG-1	IU_PDA_NP10	Normal Pancreas	CC10	Normal Epithelial cells
PDACNP_1_TGGTTGGAGGATCCTG-1	IU_PDA_NP10	Normal Pancreas	CC10	Normal Epithelial cells
PDACNP_1_TGGTTTAAACGTGGGT-1	IU_PDA_NP10	Normal Pancreas	CC10	Normal Epithelial cells
PDACNP_1_TGTAAGACTGATAAGA-1	IU_PDA_NP10	Normal Pancreas	CC10	Normal Epithelial cells
PDACNP_1_TGTACCCGACCCTAAT-1	IU_PDA_NP10	Normal Pancreas	CC10	Normal Epithelial cells
PDACNP_1_TGTACTATCGCTCGTT-1	IU_PDA_NP10	Normal Pancreas	CC10	Normal Epithelial cells
PDACNP_1_TGTACTTCCGGGCATG-1	IU_PDA_NP10	Normal Pancreas	CC10	Normal Epithelial cells
PDACNP_1_TGTAGCCATCCCATTC-1	IU_PDA_NP10	Normal Pancreas	CC10	Normal Epithelial cells
PDACNP_1_TGTAGGAGAAATTTCC-1	IU_PDA_NP10	Normal Pancreas	CC10	Normal Epithelial cells
PDACNP_1_TGTATAACAGATCCTG-1	IU_PDA_NP10	Normal Pancreas	CC10	Normal Epithelial cells
PDACNP_1_TGTATCCTTATTCCAT-1	IU_PDA_NP10	Normal Pancreas	CC10	Normal Epithelial cells
PDACNP_1_TGTCATTTGTTGGGAA-1	IU_PDA_NP10	Normal Pancreas	CC10	Normal Epithelial cells
PDACNP_1_TGTCCACGGCTCAACT-1	IU_PDA_NP10	Normal Pancreas	CC10	Normal Epithelial cells
PDACNP_1_TGTCCCGACATAGCAC-1	IU_PDA_NP10	Normal Pancreas	CC10	Normal Epithelial cells
PDACNP_1_TGTCCGTGGCGCCTTT-1	IU_PDA_NP10	Normal Pancreas	CC10	Normal Epithelial cells
PDACNP_1_TGTCGGCATGGTGGAA-1	IU_PDA_NP10	Normal Pancreas	CC10	Normal Epithelial cells
PDACNP_1_TGTCGTTATCACATAT-1	IU_PDA_NP10	Normal Pancreas	CC10	Normal Epithelial cells
PDACNP_1_TGTCTACAGTTTCTGT-1	IU_PDA_NP10	Normal Pancreas	CC10	Normal Epithelial cells
PDACNP_1_TGTGACTACGCCAGTC-1	IU_PDA_NP10	Normal Pancreas	CC10	Normal Epithelial cells
PDACNP_1_TGTGAGACTAGCCCAA-1	IU_PDA_NP10	Normal Pancreas	CC10	Normal Epithelial cells
PDACNP_1_TGTGCCAGAGGCAAAG-1	IU_PDA_NP10	Normal Pancreas	CC10	Normal Epithelial cells
PDACNP_1_TGTGCCGGTGCCGGAA-1	IU_PDA_NP10	Normal Pancreas	CC10	Normal Epithelial cells
PDACNP_1_TGTGGCGGGCTTCTGG-1	IU_PDA_NP10	Normal Pancreas	CC10	Normal Epithelial cells
PDACNP_1_TGTGGTTGCTAAAGCT-1	IU_PDA_NP10	Normal Pancreas	CC10	Normal Epithelial cells
PDACNP_1_TGTGTCGAAGTCGAGG-1	IU_PDA_NP10	Normal Pancreas	CC10	Normal Epithelial cells
PDACNP_1_TGTGTCGCGAGTTGCA-1	IU_PDA_NP10	Normal Pancreas	CC10	Normal Epithelial cells
PDACNP_1_TGTGTGACCATGAATC-1	IU_PDA_NP10	Normal Pancreas	CC10	Normal Epithelial cells
PDACNP_1_TGTGTTCGTATCCAAG-1	IU_PDA_NP10	Normal Pancreas	CC10	Normal Epithelial cells
PDACNP_1_TGTTATTGTATGTGGC-1	IU_PDA_NP10	Normal Pancreas	CC10	Normal Epithelial cells
PDACNP_1_TGTTCCGGCCTGAGCT-1	IU_PDA_NP10	Normal Pancreas	CC10	Normal Epithelial cells
PDACNP_1_TGTTCGTATTGCGGTG-1	IU_PDA_NP10	Normal Pancreas	CC10	Normal Epithelial cells
PDACNP_1_TGTTGTCAAGAAGTCT-1	IU_PDA_NP10	Normal Pancreas	CC10	Normal Epithelial cells
PDACNP_1_TGTTTAATACTTCATC-1	IU_PDA_NP10	Normal Pancreas	CC10	Normal Epithelial cells
PDACNP_1_TGTTTCGGTACTTCTC-1	IU_PDA_NP10	Normal Pancreas	CC10	Normal Epithelial cells
PDACNP_1_TTAAACAGAGTCCCGC-1	IU_PDA_NP10	Normal Pancreas	CC2	Normal Epithelial cells
PDACNP_1_TTAAACCGGTAGCGAC-1	IU_PDA_NP10	Normal Pancreas	CC10	Normal Epithelial cells
PDACNP_1_TTAAACCTGGTTCCTT-1	IU_PDA_NP10	Normal Pancreas	CC10	Normal Epithelial cells
PDACNP_1_TTAAACTCGAATTCAT-1	IU_PDA_NP10	Normal Pancreas	CC10	Normal Epithelial cells
PDACNP_1_TTAAAGTAAGTCGCCA-1	IU_PDA_NP10	Normal Pancreas	CC10	Normal Epithelial cells
PDACNP_1_TTAACACCTCGAACAT-1	IU_PDA_NP10	Normal Pancreas	CC10	Normal Epithelial cells
PDACNP_1_TTAACCAACCCTCCCT-1	IU_PDA_NP10	Normal Pancreas	CC10	Normal Epithelial cells
PDACNP_1_TTAACGAACAAGCAGT-1	IU_PDA_NP10	Normal Pancreas	CC10	Normal Epithelial cells
PDACNP_1_TTAACGTCGCAAGACC-1	IU_PDA_NP10	Normal Pancreas	CC10	Normal Epithelial cells
PDACNP_1_TTAACTCACGCGTGGA-1	IU_PDA_NP10	Normal Pancreas	CC10	Normal Epithelial cells
PDACNP_1_TTAACTTCAGGTAGGA-1	IU_PDA_NP10	Normal Pancreas	CC10	Normal Epithelial cells
PDACNP_1_TTAAGATACCCAGAGA-1	IU_PDA_NP10	Normal Pancreas	CC10	Normal Epithelial cells
PDACNP_1_TTAAGCCGACAACTTC-1	IU_PDA_NP10	Normal Pancreas	CC10	Normal Epithelial cells
PDACNP_1_TTAATCAGTACGTCAG-1	IU_PDA_NP10	Normal Pancreas	CC10	Normal Epithelial cells
PDACNP_1_TTAATGTAGACCAGGT-1	IU_PDA_NP10	Normal Pancreas	CC10	Normal Epithelial cells
PDACNP_1_TTAATTGCTTTGGGTG-1	IU_PDA_NP10	Normal Pancreas	CC10	Normal Epithelial cells
PDACNP_1_TTAATTTCAGACGCGG-1	IU_PDA_NP10	Normal Pancreas	CC10	Normal Epithelial cells
PDACNP_1_TTACAACTACGCATCC-1	IU_PDA_NP10	Normal Pancreas	CC10	Normal Epithelial cells
PDACNP_1_TTACACGATCTGCGAC-1	IU_PDA_NP10	Normal Pancreas	CC10	Normal Epithelial cells
PDACNP_1_TTACAGACCTAAATGA-1	IU_PDA_NP10	Normal Pancreas	CC10	Normal Epithelial cells
PDACNP_1_TTACCCATTGCCGGGT-1	IU_PDA_NP10	Normal Pancreas	CC10	Normal Epithelial cells
PDACNP_1_TTACCCTAGGGATTGG-1	IU_PDA_NP10	Normal Pancreas	CC10	Normal Epithelial cells
PDACNP_1_TTACGGATGGTTCGAG-1	IU_PDA_NP10	Normal Pancreas	CC10	Normal Epithelial cells
PDACNP_1_TTACTAAAGGACTTTA-1	IU_PDA_NP10	Normal Pancreas	CC10	Normal Epithelial cells
PDACNP_1_TTACTCCGGCCGGGAA-1	IU_PDA_NP10	Normal Pancreas	CC10	Normal Epithelial cells
PDACNP_1_TTACTCTGGTACGTAC-1	IU_PDA_NP10	Normal Pancreas	CC10	Normal Epithelial cells
PDACNP_1_TTAGAAGAACATGACT-1	IU_PDA_NP10	Normal Pancreas	CC10	Normal Epithelial cells
PDACNP_1_TTAGAATAAGGGTCGG-1	IU_PDA_NP10	Normal Pancreas	CC10	Normal Epithelial cells
PDACNP_1_TTAGACGAGTCACCTC-1	IU_PDA_NP10	Normal Pancreas	CC10	Normal Epithelial cells
PDACNP_1_TTAGAGGGATATACAG-1	IU_PDA_NP10	Normal Pancreas	CC10	Normal Epithelial cells
PDACNP_1_TTAGAGTTTAGAAGGA-1	IU_PDA_NP10	Normal Pancreas	CC10	Normal Epithelial cells
PDACNP_1_TTAGATAGGTCGATAC-1	IU_PDA_NP10	Normal Pancreas	CC10	Normal Epithelial cells
PDACNP_1_TTAGCAACATGGATGT-1	IU_PDA_NP10	Normal Pancreas	CC2	Normal Epithelial cells
PDACNP_1_TTAGCGAATAGATAGG-1	IU_PDA_NP10	Normal Pancreas	CC10	Normal Epithelial cells
PDACNP_1_TTAGCTAATACGATCT-1	IU_PDA_NP10	Normal Pancreas	CC10	Normal Epithelial cells
PDACNP_1_TTAGCTCTGTAATCCG-1	IU_PDA_NP10	Normal Pancreas	CC10	Normal Epithelial cells
PDACNP_1_TTAGCTGATTTGCCGT-1	IU_PDA_NP10	Normal Pancreas	CC10	Normal Epithelial cells
PDACNP_1_TTAGGTCATAACCGAC-1	IU_PDA_NP10	Normal Pancreas	CC10	Normal Epithelial cells
PDACNP_1_TTAGGTGTGACTGGTC-1	IU_PDA_NP10	Normal Pancreas	CC10	Normal Epithelial cells
PDACNP_1_TTAGTAAACCTGCTCT-1	IU_PDA_NP10	Normal Pancreas	CC10	Normal Epithelial cells
PDACNP_1_TTAGTTATTCGTGGCA-1	IU_PDA_NP10	Normal Pancreas	CC10	Normal Epithelial cells
PDACNP_1_TTAGTTCAAGTGTTCG-1	IU_PDA_NP10	Normal Pancreas	CC10	Normal Epithelial cells
PDACNP_1_TTATAGGTAATTGTCT-1	IU_PDA_NP10	Normal Pancreas	CC10	Normal Epithelial cells
PDACNP_1_TTATATACGCTGTCAC-1	IU_PDA_NP10	Normal Pancreas	CC10	Normal Epithelial cells
PDACNP_1_TTATATTTGGCAATCC-1	IU_PDA_NP10	Normal Pancreas	CC10	Normal Epithelial cells
PDACNP_1_TTATCATACTCGCAAA-1	IU_PDA_NP10	Normal Pancreas	CC10	Normal Epithelial cells
PDACNP_1_TTATCCAATCGAACTC-1	IU_PDA_NP10	Normal Pancreas	CC10	Normal Epithelial cells
PDACNP_1_TTATCCGGGATCTATA-1	IU_PDA_NP10	Normal Pancreas	CC10	Normal Epithelial cells
PDACNP_1_TTATCCTCAAGGAATA-1	IU_PDA_NP10	Normal Pancreas	CC10	Normal Epithelial cells
PDACNP_1_TTATCGCCTGCGAAGC-1	IU_PDA_NP10	Normal Pancreas	CC10	Normal Epithelial cells
PDACNP_1_TTATCTGACATTAGGA-1	IU_PDA_NP10	Normal Pancreas	CC10	Normal Epithelial cells
PDACNP_1_TTATCTGTATCATAAC-1	IU_PDA_NP10	Normal Pancreas	CC10	Normal Epithelial cells
PDACNP_1_TTATGACAAACTGGAT-1	IU_PDA_NP10	Normal Pancreas	CC10	Normal Epithelial cells
PDACNP_1_TTATGCGTCCCGGTCC-1	IU_PDA_NP10	Normal Pancreas	CC10	Normal Epithelial cells
PDACNP_1_TTATGTTTGCGATAGA-1	IU_PDA_NP10	Normal Pancreas	CC10	Normal Epithelial cells
PDACNP_1_TTATTAGGGAAGCATC-1	IU_PDA_NP10	Normal Pancreas	CC10	Normal Epithelial cells
PDACNP_1_TTATTTCATCCCAAAC-1	IU_PDA_NP10	Normal Pancreas	CC10	Normal Epithelial cells
PDACNP_1_TTCAAAGTCTCTAGCC-1	IU_PDA_NP10	Normal Pancreas	CC10	Normal Epithelial cells
PDACNP_1_TTCAACGACCCGACCG-1	IU_PDA_NP10	Normal Pancreas	CC10	Normal Epithelial cells
PDACNP_1_TTCAAGCCGAGCTGAG-1	IU_PDA_NP10	Normal Pancreas	CC10	Normal Epithelial cells
PDACNP_1_TTCAATACTCTGAATC-1	IU_PDA_NP10	Normal Pancreas	CC10	Normal Epithelial cells
PDACNP_1_TTCACGGTCGTCACGT-1	IU_PDA_NP10	Normal Pancreas	CC10	Normal Epithelial cells
PDACNP_1_TTCACTCGAGCACCTA-1	IU_PDA_NP10	Normal Pancreas	CC10	Normal Epithelial cells
PDACNP_1_TTCACTTCCTAGAACG-1	IU_PDA_NP10	Normal Pancreas	CC10	Normal Epithelial cells
PDACNP_1_TTCAGCCCTGGTCCAC-1	IU_PDA_NP10	Normal Pancreas	CC10	Normal Epithelial cells
PDACNP_1_TTCAGTTCAAGAGGAG-1	IU_PDA_NP10	Normal Pancreas	CC10	Normal Epithelial cells
PDACNP_1_TTCATAGCCTTGTAAC-1	IU_PDA_NP10	Normal Pancreas	CC10	Normal Epithelial cells
PDACNP_1_TTCATAGGGTGTCCAT-1	IU_PDA_NP10	Normal Pancreas	CC10	Normal Epithelial cells
PDACNP_1_TTCATGGCGCAACAGG-1	IU_PDA_NP10	Normal Pancreas	CC10	Normal Epithelial cells
PDACNP_1_TTCCAATCAGAGCTAG-1	IU_PDA_NP10	Normal Pancreas	CC10	Normal Epithelial cells
PDACNP_1_TTCCAATCTGGCTATC-1	IU_PDA_NP10	Normal Pancreas	CC10	Normal Epithelial cells
PDACNP_1_TTCCACACAGATTTGA-1	IU_PDA_NP10	Normal Pancreas	CC10	Normal Epithelial cells
PDACNP_1_TTCCAGACGAGATTTA-1	IU_PDA_NP10	Normal Pancreas	CC10	Normal Epithelial cells
PDACNP_1_TTCCATCGACAGCGTG-1	IU_PDA_NP10	Normal Pancreas	CC10	Normal Epithelial cells
PDACNP_1_TTCCCAAAGTACTGAT-1	IU_PDA_NP10	Normal Pancreas	CC10	Normal Epithelial cells
PDACNP_1_TTCCCGGCGCCAATAG-1	IU_PDA_NP10	Normal Pancreas	CC10	Normal Epithelial cells
PDACNP_1_TTCCGCAGAGAAATAT-1	IU_PDA_NP10	Normal Pancreas	CC10	Normal Epithelial cells
PDACNP_1_TTCCGCGTGAGGCGAT-1	IU_PDA_NP10	Normal Pancreas	CC10	Normal Epithelial cells
PDACNP_1_TTCCGGCCTTGAGGCT-1	IU_PDA_NP10	Normal Pancreas	CC10	Normal Epithelial cells
PDACNP_1_TTCCGGTATCTGTGTC-1	IU_PDA_NP10	Normal Pancreas	CC10	Normal Epithelial cells
PDACNP_1_TTCCGGTTACCCACTT-1	IU_PDA_NP10	Normal Pancreas	CC10	Normal Epithelial cells
PDACNP_1_TTCCTCGAGGGTGTCT-1	IU_PDA_NP10	Normal Pancreas	CC10	Normal Epithelial cells
PDACNP_1_TTCCTCGGACTAACCA-1	IU_PDA_NP10	Normal Pancreas	CC10	Normal Epithelial cells
PDACNP_1_TTCGACAGAGCCCGTG-1	IU_PDA_NP10	Normal Pancreas	CC10	Normal Epithelial cells
PDACNP_1_TTCGACGGGAAGGGCG-1	IU_PDA_NP10	Normal Pancreas	CC10	Normal Epithelial cells
PDACNP_1_TTCGCACTCGCGTGCT-1	IU_PDA_NP10	Normal Pancreas	CC10	Normal Epithelial cells
PDACNP_1_TTCGCATCCGGAAGCA-1	IU_PDA_NP10	Normal Pancreas	CC10	Normal Epithelial cells
PDACNP_1_TTCGCCGCTCGCGCTA-1	IU_PDA_NP10	Normal Pancreas	CC10	Normal Epithelial cells
PDACNP_1_TTCGCGCGCCATACGA-1	IU_PDA_NP10	Normal Pancreas	CC10	Normal Epithelial cells
PDACNP_1_TTCGCTAGGAAGTTGT-1	IU_PDA_NP10	Normal Pancreas	CC10	Normal Epithelial cells
PDACNP_1_TTCGCTATCTGACGTG-1	IU_PDA_NP10	Normal Pancreas	CC10	Normal Epithelial cells
PDACNP_1_TTCGGACTGGGCATGG-1	IU_PDA_NP10	Normal Pancreas	CC10	Normal Epithelial cells
PDACNP_1_TTCGGCAACCCGCTGA-1	IU_PDA_NP10	Normal Pancreas	CC10	Normal Epithelial cells
PDACNP_1_TTCGGCTAGAGATGGT-1	IU_PDA_NP10	Normal Pancreas	CC2	Normal Epithelial cells
PDACNP_1_TTCGGGACTAATCGCG-1	IU_PDA_NP10	Normal Pancreas	CC10	Normal Epithelial cells
PDACNP_1_TTCGGGCGCTAGTCTT-1	IU_PDA_NP10	Normal Pancreas	CC10	Normal Epithelial cells
PDACNP_1_TTCGGTACTGTAGAGG-1	IU_PDA_NP10	Normal Pancreas	CC10	Normal Epithelial cells
PDACNP_1_TTCGTAATCCCAGCGG-1	IU_PDA_NP10	Normal Pancreas	CC10	Normal Epithelial cells
PDACNP_1_TTCGTACTCCAGAACG-1	IU_PDA_NP10	Normal Pancreas	CC10	Normal Epithelial cells
PDACNP_1_TTCGTTCAACGAAGTT-1	IU_PDA_NP10	Normal Pancreas	CC10	Normal Epithelial cells
PDACNP_1_TTCTAACCGAAGCTTA-1	IU_PDA_NP10	Normal Pancreas	CC10	Normal Epithelial cells
PDACNP_1_TTCTACCTCAATCGGT-1	IU_PDA_NP10	Normal Pancreas	CC10	Normal Epithelial cells
PDACNP_1_TTCTAGAAAGTCTTAT-1	IU_PDA_NP10	Normal Pancreas	CC10	Normal Epithelial cells
PDACNP_1_TTCTAGGCCAATTGTG-1	IU_PDA_NP10	Normal Pancreas	CC10	Normal Epithelial cells
PDACNP_1_TTCTATTAAACGCAGC-1	IU_PDA_NP10	Normal Pancreas	CC10	Normal Epithelial cells
PDACNP_1_TTCTCAATTGCTACAA-1	IU_PDA_NP10	Normal Pancreas	CC10	Normal Epithelial cells
PDACNP_1_TTCTCTTACAGGTGAT-1	IU_PDA_NP10	Normal Pancreas	CC10	Normal Epithelial cells
PDACNP_1_TTCTGACCGGGCTCAA-1	IU_PDA_NP10	Normal Pancreas	CC10	Normal Epithelial cells
PDACNP_1_TTCTGCCGCGCCTAGA-1	IU_PDA_NP10	Normal Pancreas	CC10	Normal Epithelial cells
PDACNP_1_TTCTGCGGGTTAGCGG-1	IU_PDA_NP10	Normal Pancreas	CC10	Normal Epithelial cells
PDACNP_1_TTCTGCTAGACTCCAA-1	IU_PDA_NP10	Normal Pancreas	CC10	Normal Epithelial cells
PDACNP_1_TTCTGTTTCCTGTCGC-1	IU_PDA_NP10	Normal Pancreas	CC10	Normal Epithelial cells
PDACNP_1_TTCTTAGTGAACGGTG-1	IU_PDA_NP10	Normal Pancreas	CC10	Normal Epithelial cells
PDACNP_1_TTCTTAGTGGCTCAGA-1	IU_PDA_NP10	Normal Pancreas	CC10	Normal Epithelial cells
PDACNP_1_TTCTTATCCGCTGGGT-1	IU_PDA_NP10	Normal Pancreas	CC10	Normal Epithelial cells
PDACNP_1_TTCTTGAGCCGCGCTA-1	IU_PDA_NP10	Normal Pancreas	CC10	Normal Epithelial cells
PDACNP_1_TTCTTGGACGATCTGC-1	IU_PDA_NP10	Normal Pancreas	CC10	Normal Epithelial cells
PDACNP_1_TTCTTGGAGTAATGAG-1	IU_PDA_NP10	Normal Pancreas	CC10	Normal Epithelial cells
PDACNP_1_TTCTTGTGTCCATCAG-1	IU_PDA_NP10	Normal Pancreas	CC10	Normal Epithelial cells
PDACNP_1_TTCTTTGGTCGCGACG-1	IU_PDA_NP10	Normal Pancreas	CC10	Normal Epithelial cells
PDACNP_1_TTGAACGAATCCTTTG-1	IU_PDA_NP10	Normal Pancreas	CC4	Normal Epithelial cells
PDACNP_1_TTGAAGAATTCCCAGG-1	IU_PDA_NP10	Normal Pancreas	CC10	Normal Epithelial cells
PDACNP_1_TTGAAGGATGGGCGCC-1	IU_PDA_NP10	Normal Pancreas	CC10	Normal Epithelial cells
PDACNP_1_TTGAATATGGACTTTC-1	IU_PDA_NP10	Normal Pancreas	CC10	Normal Epithelial cells
PDACNP_1_TTGAATTCACGTGAGG-1	IU_PDA_NP10	Normal Pancreas	CC10	Normal Epithelial cells
PDACNP_1_TTGACAGGAGCTCCCG-1	IU_PDA_NP10	Normal Pancreas	CC10	Normal Epithelial cells
PDACNP_1_TTGACCAGGAACAACT-1	IU_PDA_NP10	Normal Pancreas	CC10	Normal Epithelial cells
PDACNP_1_TTGACCATGTTCTCCG-1	IU_PDA_NP10	Normal Pancreas	CC10	Normal Epithelial cells
PDACNP_1_TTGACCGTGTTAATGA-1	IU_PDA_NP10	Normal Pancreas	CC10	Normal Epithelial cells
PDACNP_1_TTGACGATTCAGCACG-1	IU_PDA_NP10	Normal Pancreas	CC10	Normal Epithelial cells
PDACNP_1_TTGAGAAGTTTAGCAT-1	IU_PDA_NP10	Normal Pancreas	CC10	Normal Epithelial cells
PDACNP_1_TTGAGCAGCCCACGGT-1	IU_PDA_NP10	Normal Pancreas	CC10	Normal Epithelial cells
PDACNP_1_TTGAGCGCCACGTGAT-1	IU_PDA_NP10	Normal Pancreas	CC10	Normal Epithelial cells
PDACNP_1_TTGAGTCCCGCTGCTG-1	IU_PDA_NP10	Normal Pancreas	CC10	Normal Epithelial cells
PDACNP_1_TTGATAGTCAATACAT-1	IU_PDA_NP10	Normal Pancreas	CC10	Normal Epithelial cells
PDACNP_1_TTGATGCCGCTCGTCG-1	IU_PDA_NP10	Normal Pancreas	CC10	Normal Epithelial cells
PDACNP_1_TTGATGTGTAGTCCCG-1	IU_PDA_NP10	Normal Pancreas	CC10	Normal Epithelial cells
PDACNP_1_TTGATTAGCTGTTTCT-1	IU_PDA_NP10	Normal Pancreas	CC10	Normal Epithelial cells
PDACNP_1_TTGATTATGCAGATGA-1	IU_PDA_NP10	Normal Pancreas	CC10	Normal Epithelial cells
PDACNP_1_TTGCAAGAAGACTCCT-1	IU_PDA_NP10	Normal Pancreas	CC10	Normal Epithelial cells
PDACNP_1_TTGCACGGAGCAGCAC-1	IU_PDA_NP10	Normal Pancreas	CC10	Normal Epithelial cells
PDACNP_1_TTGCCAAGCAGAACCC-1	IU_PDA_NP10	Normal Pancreas	CC10	Normal Epithelial cells
PDACNP_1_TTGCCATAGCCCGCTC-1	IU_PDA_NP10	Normal Pancreas	CC10	Normal Epithelial cells
PDACNP_1_TTGCCGCAGACCTACA-1	IU_PDA_NP10	Normal Pancreas	CC10	Normal Epithelial cells
PDACNP_1_TTGCCGCTTTCTAGTA-1	IU_PDA_NP10	Normal Pancreas	CC10	Normal Epithelial cells
PDACNP_1_TTGCCTAATCCAAAGT-1	IU_PDA_NP10	Normal Pancreas	CC10	Normal Epithelial cells
PDACNP_1_TTGCGCACAACCACGT-1	IU_PDA_NP10	Normal Pancreas	CC10	Normal Epithelial cells
PDACNP_1_TTGCGCTCTCTCGCTT-1	IU_PDA_NP10	Normal Pancreas	CC10	Normal Epithelial cells
PDACNP_1_TTGCGGCATCAGAAAG-1	IU_PDA_NP10	Normal Pancreas	CC10	Normal Epithelial cells
PDACNP_1_TTGCGTCGGCCAACCG-1	IU_PDA_NP10	Normal Pancreas	CC10	Normal Epithelial cells
PDACNP_1_TTGCGTGAACGCTTAG-1	IU_PDA_NP10	Normal Pancreas	CC10	Normal Epithelial cells
PDACNP_1_TTGCGTGTGTAGGCAT-1	IU_PDA_NP10	Normal Pancreas	CC10	Normal Epithelial cells
PDACNP_1_TTGCTCATAGTACGTG-1	IU_PDA_NP10	Normal Pancreas	CC10	Normal Epithelial cells
PDACNP_1_TTGCTCCCATACCGGA-1	IU_PDA_NP10	Normal Pancreas	CC10	Normal Epithelial cells
PDACNP_1_TTGCTGAAGGAACCAC-1	IU_PDA_NP10	Normal Pancreas	CC10	Normal Epithelial cells
PDACNP_1_TTGCTGATCATGTTCG-1	IU_PDA_NP10	Normal Pancreas	CC10	Normal Epithelial cells
PDACNP_1_TTGCTGCACCTATCCA-1	IU_PDA_NP10	Normal Pancreas	CC10	Normal Epithelial cells
PDACNP_1_TTGGAAGAATACAGTC-1	IU_PDA_NP10	Normal Pancreas	CC10	Normal Epithelial cells
PDACNP_1_TTGGACCATCTGGCAA-1	IU_PDA_NP10	Normal Pancreas	CC10	Normal Epithelial cells
PDACNP_1_TTGGACCTATAACAGT-1	IU_PDA_NP10	Normal Pancreas	CC10	Normal Epithelial cells
PDACNP_1_TTGGAGTCTCCCTTCT-1	IU_PDA_NP10	Normal Pancreas	CC10	Normal Epithelial cells
PDACNP_1_TTGGATATCGTCTACG-1	IU_PDA_NP10	Normal Pancreas	CC10	Normal Epithelial cells
PDACNP_1_TTGGATCGACTTCTGG-1	IU_PDA_NP10	Normal Pancreas	CC10	Normal Epithelial cells
PDACNP_1_TTGGCCAAATTGTATC-1	IU_PDA_NP10	Normal Pancreas	CC10	Normal Epithelial cells
PDACNP_1_TTGGCCATCTTGCGCT-1	IU_PDA_NP10	Normal Pancreas	CC2	Normal Epithelial cells
PDACNP_1_TTGGCTCAATATGTGT-1	IU_PDA_NP10	Normal Pancreas	CC10	Normal Epithelial cells
PDACNP_1_TTGGGAAGACGAGCCG-1	IU_PDA_NP10	Normal Pancreas	CC10	Normal Epithelial cells
PDACNP_1_TTGGGACACTGCCCGC-1	IU_PDA_NP10	Normal Pancreas	CC10	Normal Epithelial cells
PDACNP_1_TTGGGACGTAAGAGTT-1	IU_PDA_NP10	Normal Pancreas	CC10	Normal Epithelial cells
PDACNP_1_TTGGGCGGCGGTTGCC-1	IU_PDA_NP10	Normal Pancreas	CC10	Normal Epithelial cells
PDACNP_1_TTGGTCACACTCGTAA-1	IU_PDA_NP10	Normal Pancreas	CC10	Normal Epithelial cells
PDACNP_1_TTGGTTGCGGTGCGCG-1	IU_PDA_NP10	Normal Pancreas	CC10	Normal Epithelial cells
PDACNP_1_TTGTAAGGACCTAAGT-1	IU_PDA_NP10	Normal Pancreas	CC10	Normal Epithelial cells
PDACNP_1_TTGTAAGGCCAGTTGG-1	IU_PDA_NP10	Normal Pancreas	CC10	Normal Epithelial cells
PDACNP_1_TTGTACACCTCGAACA-1	IU_PDA_NP10	Normal Pancreas	CC10	Normal Epithelial cells
PDACNP_1_TTGTATCACACAGAAT-1	IU_PDA_NP10	Normal Pancreas	CC10	Normal Epithelial cells
PDACNP_1_TTGTCACCGCGGTATC-1	IU_PDA_NP10	Normal Pancreas	CC10	Normal Epithelial cells
PDACNP_1_TTGTCGTTCAGTTACC-1	IU_PDA_NP10	Normal Pancreas	CC10	Normal Epithelial cells
PDACNP_1_TTGTGAACCTAATCCG-1	IU_PDA_NP10	Normal Pancreas	CC10	Normal Epithelial cells
PDACNP_1_TTGTGCAGCCACGTCA-1	IU_PDA_NP10	Normal Pancreas	CC10	Normal Epithelial cells
PDACNP_1_TTGTGCGGAAGCGGAT-1	IU_PDA_NP10	Normal Pancreas	CC10	Normal Epithelial cells
PDACNP_1_TTGTGGCCCTGACAGT-1	IU_PDA_NP10	Normal Pancreas	CC10	Normal Epithelial cells
PDACNP_1_TTGTGGTGGTACTAAG-1	IU_PDA_NP10	Normal Pancreas	CC10	Normal Epithelial cells
PDACNP_1_TTGTGTATGCCACCAA-1	IU_PDA_NP10	Normal Pancreas	CC10	Normal Epithelial cells
PDACNP_1_TTGTGTTTCCCGAAAG-1	IU_PDA_NP10	Normal Pancreas	CC10	Normal Epithelial cells
PDACNP_1_TTGTTAGCAAATTCGA-1	IU_PDA_NP10	Normal Pancreas	CC10	Normal Epithelial cells
PDACNP_1_TTGTTCAGTGTGCTAC-1	IU_PDA_NP10	Normal Pancreas	CC10	Normal Epithelial cells
PDACNP_1_TTGTTGTGTGTCAAGA-1	IU_PDA_NP10	Normal Pancreas	CC10	Normal Epithelial cells
PDACNP_1_TTGTTTCACATCCAGG-1	IU_PDA_NP10	Normal Pancreas	CC10	Normal Epithelial cells
PDACNP_1_TTGTTTCATTAGTCTA-1	IU_PDA_NP10	Normal Pancreas	CC10	Normal Epithelial cells
PDACNP_1_TTGTTTCCATACAACT-1	IU_PDA_NP10	Normal Pancreas	CC10	Normal Epithelial cells
PDACNP_1_TTGTTTGTATTACACG-1	IU_PDA_NP10	Normal Pancreas	CC10	Normal Epithelial cells
PDACNP_1_TTGTTTGTGTAAATTC-1	IU_PDA_NP10	Normal Pancreas	CC10	Normal Epithelial cells
