gene	orig.ident	first_type	n_high_spots	n_other_spots	high_neighbor_fraction	other_neighbor_fraction	delta_neighbor_fraction	enrichment_ratio
KCNAB2	IU_PDA_T1	myCAF	20	3510	0.8433333333333334	0.8991642924976337	-0.055830959164300364	0.9379148492494521
KCNAB2	IU_PDA_T1	Tumor Epithelial cells	20	3510	0.03666666666666667	0.027616334283001056	0.009050332383665611	1.3265342484058706
KCNAB2	IU_PDA_T1	Normal Epithelial cells	20	3510	0.003333333333333333	0.011566951566951582	-0.008233618233618248	0.29427852799687393
KCNAB2	IU_PDA_T1	iCAF	20	3510	0.04666666666666667	0.0147008547008548	0.03196581196581187	3.1597274354680165
KCNAB2	IU_PDA_T1	B cells	20	3510	0.01	0.011054131054131071	-0.001054131054131071	0.9054941125386311
KCNAB2	IU_PDA_T1	DCs	20	3510	0.03	0.010579297245963938	0.01942070275403606	2.8185375223426608
KCNAB2	IU_PDA_T1	SPP1-TAM	20	3510	0.0	0.0017473884140550805	-0.0017473884140550805	0.0541304683082301
KCNAB2	IU_PDA_T1	PVL	20	3510	0.0	0.00641975308641975	-0.00641975308641975	0.015338004165877682
KCNAB2	IU_PDA_T1	C1Q-TAM	20	3510	0.02	0.010161443494776844	0.009838556505223157	1.9587887425615178
KCNAB2	IU_PDA_T1	CD4+ cells	20	3510	0.003333333333333333	0.0022792022792022773	0.0010541310541310558	1.443060711292062
KCNAB2	IU_PDA_T1	FCN1-TAM	20	3510	0.006666666666666666	0.0044254510921177504	0.0022412155745489158	1.4952468889681683
KCNC4	IU_PDA_T1	myCAF	20	3510	0.8866666666666667	0.8989173789173869	-0.012250712250720164	0.9863732197641466
KCNC4	IU_PDA_T1	Tumor Epithelial cells	20	3510	0.006666666666666666	0.02778727445394123	-0.021120607787274565	0.24264352824592197
KCNC4	IU_PDA_T1	Normal Epithelial cells	20	3510	0.0	0.011585944919278269	-0.011585944919278269	0.008557288322917756
KCNC4	IU_PDA_T1	iCAF	20	3510	0.013333333333333332	0.014890788224121656	-0.001557454890788323	0.896105870651803
KCNC4	IU_PDA_T1	B cells	20	3510	0.003333333333333333	0.011092117758784445	-0.007758784425451112	0.3067635104749131
KCNC4	IU_PDA_T1	DCs	20	3510	0.019999999999999997	0.010636277302943994	0.009363722697056003	1.8721573067499269
KCNC4	IU_PDA_T1	SPP1-TAM	20	3510	0.003333333333333333	0.001728395061728395	0.0016049382716049382	1.8777852802160702
KCNC4	IU_PDA_T1	PVL	20	3510	0.03333333333333333	0.006229819563152894	0.02710351377018044	5.281877784945916
KCNC4	IU_PDA_T1	C1Q-TAM	20	3510	0.013333333333333332	0.010199430199430214	0.003133903133903118	1.304279273049153
KCNC4	IU_PDA_T1	CD4+ cells	20	3510	0.0	0.002298195631528963	-0.002298195631528963	0.041698016077297784
KCNC4	IU_PDA_T1	FCN1-TAM	20	3510	0.019999999999999997	0.004349477682811008	0.01565052231718899	4.517384158965282
KCND2	IU_PDA_T1	myCAF	20	3510	0.89	0.8988983855650601	-0.008898385565060063	0.9901018892715062
KCND2	IU_PDA_T1	Tumor Epithelial cells	20	3510	0.01	0.027768281101614545	-0.017768281101614547	0.36241919489662594
KCND2	IU_PDA_T1	Normal Epithelial cells	20	3510	0.0	0.011585944919278269	-0.011585944919278269	0.008557288322917756
KCND2	IU_PDA_T1	iCAF	20	3510	0.023333333333333334	0.014833808167141598	0.008499525166191737	1.5691465345653082
KCND2	IU_PDA_T1	B cells	20	3510	0.01666666666666667	0.0110161443494777	0.005650522317188969	1.5083167454059252
KCND2	IU_PDA_T1	DCs	20	3510	0.013333333333333332	0.010674264007597368	0.0026590693257359643	1.2467982336297818
KCND2	IU_PDA_T1	SPP1-TAM	20	3510	0.0	0.0017473884140550805	-0.0017473884140550805	0.0541304683082301
KCND2	IU_PDA_T1	PVL	20	3510	0.04	0.006191832858499523	0.03380816714150048	6.373341584532024
KCND2	IU_PDA_T1	C1Q-TAM	20	3510	0.003333333333333333	0.010256410256410275	-0.006923076923076942	0.3315177024015839
KCND2	IU_PDA_T1	CD4+ cells	20	3510	0.0	0.002298195631528963	-0.002298195631528963	0.041698016077297784
KCND2	IU_PDA_T1	FCN1-TAM	20	3510	0.003333333333333333	0.004444444444444436	-0.0011111111111111027	0.7555012224938888
KCND3	IU_PDA_T1	myCAF	20	3510	0.8633333333333333	0.8990503323836736	-0.035716999050340315	0.9602769439503476
KCND3	IU_PDA_T1	Tumor Epithelial cells	20	3510	0.06	0.027483380816714257	0.032516619183285744	2.178848212963879
KCND3	IU_PDA_T1	Normal Epithelial cells	20	3510	0.0	0.011585944919278269	-0.011585944919278269	0.008557288322917756
KCND3	IU_PDA_T1	iCAF	20	3510	0.03	0.014795821462488227	0.015204178537511772	2.0207009110440852
KCND3	IU_PDA_T1	B cells	20	3510	0.02	0.010997150997151013	0.009002849002848987	1.8112757053734152
KCND3	IU_PDA_T1	DCs	20	3510	0.01666666666666667	0.010655270655270681	0.006011396011395989	1.5589255913750595
KCND3	IU_PDA_T1	SPP1-TAM	20	3510	0.0	0.0017473884140550805	-0.0017473884140550805	0.0541304683082301
KCND3	IU_PDA_T1	PVL	20	3510	0.0	0.00641975308641975	-0.00641975308641975	0.015338004165877682
KCND3	IU_PDA_T1	C1Q-TAM	20	3510	0.0	0.01027540360873696	-0.01027540360873696	0.009638179271965055
KCND3	IU_PDA_T1	CD4+ cells	20	3510	0.006666666666666666	0.002260208926875592	0.004406457739791075	2.866977829638275
KCND3	IU_PDA_T1	FCN1-TAM	20	3510	0.003333333333333333	0.004444444444444436	-0.0011111111111111027	0.7555012224938888
KCNE4	IU_PDA_T1	myCAF	34	3496	0.9078431372549021	0.898760488176972	0.009082649077930105	1.0101046260208313
KCNE4	IU_PDA_T1	Tumor Epithelial cells	34	3496	0.0058823529411764705	0.027879481311975696	-0.021997128370799226	0.21381214592480388
KCNE4	IU_PDA_T1	Normal Epithelial cells	34	3496	0.00196078431372549	0.01161327231121283	-0.00965248799748734	0.17593583235939553
KCNE4	IU_PDA_T1	iCAF	34	3496	0.021568627450980392	0.014816933638444033	0.006751693812536359	1.452619417380516
KCNE4	IU_PDA_T1	B cells	34	3496	0.02745098039215686	0.010888634630053412	0.01656234576210345	2.507225084798633
KCNE4	IU_PDA_T1	DCs	34	3496	0.013725490196078431	0.010659801678108339	0.0030656885179700926	1.2849205412593687
KCNE4	IU_PDA_T1	SPP1-TAM	34	3496	0.0	0.0017543859649122805	-0.0017543859649122805	0.05392620624408705
KCNE4	IU_PDA_T1	PVL	34	3496	0.0	0.00644546147978642	-0.00644546147978642	0.015277761592336653
KCNE4	IU_PDA_T1	C1Q-TAM	34	3496	0.00392156862745098	0.010278413424866531	-0.006356844797415551	0.38749358527338673
KCNE4	IU_PDA_T1	CD4+ cells	34	3496	0.00196078431372549	0.002288329519450799	-0.000327545205725309	0.8628559404982656
KCNE4	IU_PDA_T1	FCN1-TAM	34	3496	0.01568627450980392	0.004328756674294424	0.011357517835509498	3.564493529624529
KCNJ15	IU_PDA_T1	myCAF	20	3510	0.8433333333333334	0.8991642924976337	-0.055830959164300364	0.9379148492494521
KCNJ15	IU_PDA_T1	Tumor Epithelial cells	20	3510	0.023333333333333334	0.027692307692307797	-0.004358974358974463	0.843158963003964
KCNJ15	IU_PDA_T1	Normal Epithelial cells	20	3510	0.006666666666666666	0.011547958214624897	-0.00488129154795823	0.580931571180484
KCNJ15	IU_PDA_T1	iCAF	20	3510	0.05333333333333333	0.014662867996201423	0.03867046533713191	3.6194412459071
KCNJ15	IU_PDA_T1	B cells	20	3510	0.03333333333333334	0.010921177587844272	0.02241215574548907	3.033553634977119
KCNJ15	IU_PDA_T1	DCs	20	3510	0.019999999999999997	0.010636277302943994	0.009363722697056003	1.8721573067499269
KCNJ15	IU_PDA_T1	SPP1-TAM	20	3510	0.0	0.0017473884140550805	-0.0017473884140550805	0.0541304683082301
KCNJ15	IU_PDA_T1	PVL	20	3510	0.0	0.00641975308641975	-0.00641975308641975	0.015338004165877682
KCNJ15	IU_PDA_T1	C1Q-TAM	20	3510	0.003333333333333333	0.010256410256410275	-0.006923076923076942	0.3315177024015839
KCNJ15	IU_PDA_T1	CD4+ cells	20	3510	0.003333333333333333	0.0022792022792022773	0.0010541310541310558	1.443060711292062
KCNJ15	IU_PDA_T1	FCN1-TAM	20	3510	0.013333333333333332	0.00438746438746438	0.008945868945868952	2.9935242206844057
KCNJ8	IU_PDA_T1	myCAF	20	3510	0.8633333333333333	0.8990503323836737	-0.035716999050340426	0.9602769439503475
KCNJ8	IU_PDA_T1	Tumor Epithelial cells	20	3510	0.016666666666666666	0.02773029439696117	-0.011063627730294505	0.6024609882853931
KCNJ8	IU_PDA_T1	Normal Epithelial cells	20	3510	0.003333333333333333	0.011566951566951584	-0.008233618233618251	0.2942785279968739
KCNJ8	IU_PDA_T1	iCAF	20	3510	0.023333333333333334	0.014833808167141598	0.008499525166191737	1.5691465345653082
KCNJ8	IU_PDA_T1	B cells	20	3510	0.013333333333333332	0.011035137701804384	0.0022981956315289483	1.2063913076850894
KCNJ8	IU_PDA_T1	DCs	20	3510	0.013333333333333332	0.010674264007597368	0.0026590693257359643	1.2467982336297818
KCNJ8	IU_PDA_T1	SPP1-TAM	20	3510	0.0	0.0017473884140550805	-0.0017473884140550805	0.0541304683082301
KCNJ8	IU_PDA_T1	PVL	20	3510	0.039999999999999994	0.006191832858499524	0.03380816714150047	6.373341584532022
KCNJ8	IU_PDA_T1	C1Q-TAM	20	3510	0.003333333333333333	0.010256410256410275	-0.006923076923076942	0.3315177024015839
KCNJ8	IU_PDA_T1	CD4+ cells	20	3510	0.013333333333333332	0.0022222222222222205	0.011111111111111112	5.7846889952153155
KCNJ8	IU_PDA_T1	FCN1-TAM	20	3510	0.01	0.004406457739791064	0.005593542260208936	2.241228162603001
KCNK1	IU_PDA_T1	myCAF	20	3510	0.8966666666666667	0.8988603988604065	-0.0021937321937397503	0.997559700965114
KCNK1	IU_PDA_T1	Tumor Epithelial cells	20	3510	0.01	0.027768281101614542	-0.01776828110161454	0.362419194896626
KCNK1	IU_PDA_T1	Normal Epithelial cells	20	3510	0.003333333333333333	0.011566951566951582	-0.008233618233618248	0.29427852799687393
KCNK1	IU_PDA_T1	iCAF	20	3510	0.023333333333333334	0.014833808167141598	0.008499525166191737	1.5691465345653082
KCNK1	IU_PDA_T1	B cells	20	3510	0.023333333333333334	0.010978157644824326	0.012355175688509008	2.1152735034675465
KCNK1	IU_PDA_T1	DCs	20	3510	0.013333333333333332	0.010674264007597366	0.002659069325735966	1.246798233629782
KCNK1	IU_PDA_T1	SPP1-TAM	20	3510	0.0	0.0017473884140550805	-0.0017473884140550805	0.0541304683082301
KCNK1	IU_PDA_T1	PVL	20	3510	0.0	0.00641975308641975	-0.00641975308641975	0.015338004165877682
KCNK1	IU_PDA_T1	C1Q-TAM	20	3510	0.016666666666666666	0.010180436847103529	0.0064862298195631374	1.6309293968758347
KCNK1	IU_PDA_T1	CD4+ cells	20	3510	0.003333333333333333	0.0022792022792022773	0.0010541310541310558	1.443060711292062
KCNK1	IU_PDA_T1	FCN1-TAM	20	3510	0.006666666666666666	0.0044254510921177504	0.0022412155745489158	1.4952468889681683
KCNK6	IU_PDA_T1	myCAF	20	3510	0.85	0.8991263057929803	-0.049126305792980274	0.9453682510437033
KCNK6	IU_PDA_T1	Tumor Epithelial cells	20	3510	0.006666666666666666	0.02778727445394123	-0.021120607787274565	0.24264352824592197
KCNK6	IU_PDA_T1	Normal Epithelial cells	20	3510	0.0	0.011585944919278269	-0.011585944919278269	0.008557288322917756
KCNK6	IU_PDA_T1	iCAF	20	3510	0.026666666666666665	0.014814814814814914	0.01185185185185175	1.7946362056121061
KCNK6	IU_PDA_T1	B cells	20	3510	0.04666666666666667	0.01084520417853753	0.03582146248812914	4.2727998403512215
KCNK6	IU_PDA_T1	DCs	20	3510	0.026666666666666665	0.010598290598290623	0.016068376068376043	2.5019573380202864
KCNK6	IU_PDA_T1	SPP1-TAM	20	3510	0.0	0.0017473884140550805	-0.0017473884140550805	0.0541304683082301
KCNK6	IU_PDA_T1	PVL	20	3510	0.003333333333333333	0.006400759734093065	-0.0030674264007597317	0.5281433976597083
KCNK6	IU_PDA_T1	C1Q-TAM	20	3510	0.01	0.010218423551756901	-0.00021842355175690116	0.9788316935565501
KCNK6	IU_PDA_T1	CD4+ cells	20	3510	0.01	0.0022412155745489062	0.007758784425451094	4.313998296353388
KCNK6	IU_PDA_T1	FCN1-TAM	20	3510	0.019999999999999997	0.004349477682811007	0.01565052231718899	4.517384158965283
KCNMA1	IU_PDA_T1	myCAF	42	3488	0.9190476190476191	0.89860474006117	0.020442878986449142	1.0227470470279902
KCNMA1	IU_PDA_T1	Tumor Epithelial cells	42	3488	0.0	0.028000764525993992	-0.028000764525993992	0.003558622040603102
KCNMA1	IU_PDA_T1	Normal Epithelial cells	42	3488	0.0	0.011659021406727844	-0.011659021406727844	0.00850410901903671
KCNMA1	IU_PDA_T1	iCAF	42	3488	0.014285714285714285	0.014889143730886947	-0.0006034294451726617	0.9597422337121752
KCNMA1	IU_PDA_T1	B cells	42	3488	0.022222222222222223	0.010913608562691149	0.011308613659531074	2.0267855076890298
KCNMA1	IU_PDA_T1	DCs	42	3488	0.009523809523809523	0.010703363914373114	-0.0011795543905635912	0.8908160087994187
KCNMA1	IU_PDA_T1	SPP1-TAM	42	3488	0.0	0.0017584097859327215	-0.0017584097859327215	0.0538094454500576
KCNMA1	IU_PDA_T1	PVL	42	3488	0.011111111111111112	0.006326452599388376	0.004784658511722735	1.7445256053359988
KCNMA1	IU_PDA_T1	C1Q-TAM	42	3488	0.006349206349206349	0.010263761467889924	-0.003914555118683575	0.6222843288306034
KCNMA1	IU_PDA_T1	CD4+ cells	42	3488	0.004761904761904762	0.002255351681957185	0.0025065530799475775	2.0641948288014267
KCNMA1	IU_PDA_T1	FCN1-TAM	42	3488	0.012698412698412698	0.004338685015290512	0.008359727683122186	2.8833793464335384
KCNMB1	IU_PDA_T1	myCAF	20	3510	0.7366666666666668	0.8997720797720876	-0.16310541310542082	0.818746000935232
KCNMB1	IU_PDA_T1	Tumor Epithelial cells	20	3510	0.003333333333333333	0.027806267806267913	-0.02447293447293458	0.12303090320670491
KCNMB1	IU_PDA_T1	Normal Epithelial cells	20	3510	0.0	0.011585944919278269	-0.011585944919278269	0.008557288322917756
KCNMB1	IU_PDA_T1	iCAF	20	3510	0.04333333333333333	0.014719848053181482	0.028613485280151847	2.930754295015136
KCNMB1	IU_PDA_T1	B cells	20	3510	0.016666666666666666	0.0110161443494777	0.005650522317188966	1.5083167454059248
KCNMB1	IU_PDA_T1	DCs	20	3510	0.016666666666666666	0.010655270655270683	0.0060113960113959836	1.5589255913750588
KCNMB1	IU_PDA_T1	SPP1-TAM	20	3510	0.0	0.0017473884140550805	-0.0017473884140550805	0.0541304683082301
KCNMB1	IU_PDA_T1	PVL	20	3510	0.15	0.005565052231718896	0.14443494776828109	26.49578395051381
KCNMB1	IU_PDA_T1	C1Q-TAM	20	3510	0.01	0.010218423551756901	-0.00021842355175690116	0.9788316935565501
KCNMB1	IU_PDA_T1	CD4+ cells	20	3510	0.003333333333333333	0.0022792022792022773	0.0010541310541310558	1.443060711292062
KCNMB1	IU_PDA_T1	FCN1-TAM	20	3510	0.019999999999999997	0.004349477682811008	0.01565052231718899	4.517384158965282
KCNMB4	IU_PDA_T1	myCAF	20	3510	0.9200000000000002	0.89872744539412	0.02127255460588018	1.0236670060698385
KCNMB4	IU_PDA_T1	Tumor Epithelial cells	20	3510	0.01	0.027768281101614542	-0.01776828110161454	0.362419194896626
KCNMB4	IU_PDA_T1	Normal Epithelial cells	20	3510	0.003333333333333333	0.011566951566951582	-0.008233618233618248	0.29427852799687393
KCNMB4	IU_PDA_T1	iCAF	20	3510	0.023333333333333334	0.014833808167141601	0.008499525166191733	1.5691465345653077
KCNMB4	IU_PDA_T1	B cells	20	3510	0.003333333333333333	0.011092117758784447	-0.007758784425451114	0.30676351047491307
KCNMB4	IU_PDA_T1	DCs	20	3510	0.013333333333333332	0.010674264007597366	0.002659069325735966	1.246798233629782
KCNMB4	IU_PDA_T1	SPP1-TAM	20	3510	0.0	0.0017473884140550805	-0.0017473884140550805	0.0541304683082301
KCNMB4	IU_PDA_T1	PVL	20	3510	0.0	0.00641975308641975	-0.00641975308641975	0.015338004165877682
KCNMB4	IU_PDA_T1	C1Q-TAM	20	3510	0.016666666666666666	0.010180436847103529	0.0064862298195631374	1.6309293968758347
KCNMB4	IU_PDA_T1	CD4+ cells	20	3510	0.003333333333333333	0.0022792022792022773	0.0010541310541310558	1.443060711292062
KCNMB4	IU_PDA_T1	FCN1-TAM	20	3510	0.006666666666666666	0.0044254510921177504	0.0022412155745489158	1.4952468889681683
KCNN3	IU_PDA_T1	myCAF	20	3510	0.8933333333333333	0.8988793922127336	-0.005546058879400295	0.9938307163351662
KCNN3	IU_PDA_T1	Tumor Epithelial cells	20	3510	0.043333333333333335	0.027578347578347685	0.01575498575498565	1.5692169921050676
KCNN3	IU_PDA_T1	Normal Epithelial cells	20	3510	0.003333333333333333	0.011566951566951582	-0.008233618233618248	0.29427852799687393
KCNN3	IU_PDA_T1	iCAF	20	3510	0.026666666666666665	0.014814814814814914	0.01185185185185175	1.7946362056121061
KCNN3	IU_PDA_T1	B cells	20	3510	0.01	0.011054131054131071	-0.001054131054131071	0.9054941125386311
KCNN3	IU_PDA_T1	DCs	20	3510	0.01	0.01069325735992405	-0.0006932573599240498	0.9357694033593462
KCNN3	IU_PDA_T1	SPP1-TAM	20	3510	0.0	0.0017473884140550805	-0.0017473884140550805	0.0541304683082301
KCNN3	IU_PDA_T1	PVL	20	3510	0.0	0.00641975308641975	-0.00641975308641975	0.015338004165877682
KCNN3	IU_PDA_T1	C1Q-TAM	20	3510	0.006666666666666666	0.010237416904083588	-0.003570750237416922	0.6545800299486453
KCNN3	IU_PDA_T1	CD4+ cells	20	3510	0.0	0.002298195631528963	-0.002298195631528963	0.041698016077297784
KCNN3	IU_PDA_T1	FCN1-TAM	20	3510	0.006666666666666666	0.0044254510921177504	0.0022412155745489158	1.4952468889681683
KCNN4	IU_PDA_T1	myCAF	20	3510	0.78	0.899525166191841	-0.11952516619184095	0.8671389255396256
KCNN4	IU_PDA_T1	Tumor Epithelial cells	20	3510	0.09	0.027312440645774084	0.06268755935422592	3.286828822149766
KCNN4	IU_PDA_T1	Normal Epithelial cells	20	3510	0.003333333333333333	0.011566951566951582	-0.008233618233618248	0.29427852799687393
KCNN4	IU_PDA_T1	iCAF	20	3510	0.04666666666666667	0.014700854700854797	0.03196581196581187	3.159727435468017
KCNN4	IU_PDA_T1	B cells	20	3510	0.043333333333333335	0.010864197530864216	0.032469135802469115	3.96137822317306
KCNN4	IU_PDA_T1	DCs	20	3510	0.026666666666666665	0.010598290598290623	0.016068376068376043	2.5019573380202864
KCNN4	IU_PDA_T1	SPP1-TAM	20	3510	0.0	0.0017473884140550805	-0.0017473884140550805	0.0541304683082301
KCNN4	IU_PDA_T1	PVL	20	3510	0.0	0.00641975308641975	-0.00641975308641975	0.015338004165877682
KCNN4	IU_PDA_T1	C1Q-TAM	20	3510	0.0	0.01027540360873696	-0.01027540360873696	0.009638179271965055
KCNN4	IU_PDA_T1	CD4+ cells	20	3510	0.003333333333333333	0.0022792022792022773	0.0010541310541310558	1.443060711292062
KCNN4	IU_PDA_T1	FCN1-TAM	20	3510	0.006666666666666666	0.0044254510921177504	0.0022412155745489158	1.4952468889681683
KCNS3	IU_PDA_T1	myCAF	38	3492	0.9140350877192983	0.8986827033218864	0.015352384397411933	1.0170813082413244
KCNS3	IU_PDA_T1	Tumor Epithelial cells	38	3492	0.01929824561403509	0.02775868652157323	-0.008460440907538141	0.6963086934846502
KCNS3	IU_PDA_T1	Normal Epithelial cells	38	3492	0.0	0.011645666284841559	-0.011645666284841559	0.008513778407705624
KCNS3	IU_PDA_T1	iCAF	38	3492	0.017543859649122806	0.014852997327224228	0.0026908623218985777	1.179954711621559
KCNS3	IU_PDA_T1	B cells	38	3492	0.021052631578947368	0.010939289805269203	0.010113341773678165	1.9161224999139825
KCNS3	IU_PDA_T1	DCs	38	3492	0.008771929824561403	0.010710194730813314	-0.0019382649062519106	0.820700278346782
KCNS3	IU_PDA_T1	SPP1-TAM	38	3492	0.0035087719298245615	0.001718213058419244	0.0017905588714053175	1.984790458474669
KCNS3	IU_PDA_T1	PVL	38	3492	0.0035087719298245615	0.006414662084765175	-0.0029058901549406132	0.5539461422356554
KCNS3	IU_PDA_T1	C1Q-TAM	38	3492	0.0017543859649122807	0.010309278350515483	-0.008554892385603202	0.17814740873179252
KCNS3	IU_PDA_T1	CD4+ cells	38	3492	0.0017543859649122807	0.0022909507445589903	-0.0005365647796467096	0.7755851805530697
KCNS3	IU_PDA_T1	FCN1-TAM	38	3492	0.008771929824561403	0.004390988927071393	0.00438094089749001	1.9754958136462948
KCNAB2	IU_PDA_T10	myCAF	23	2691	0.571014492753623	0.36472191254800007	0.20629258020562297	1.5654610458150064
KCNAB2	IU_PDA_T10	Tumor Epithelial cells	23	2691	0.36811594202898557	0.5263223089310048	-0.15820636690201928	0.6994687264996695
KCNAB2	IU_PDA_T10	Normal Epithelial cells	23	2691	0.005797101449275362	0.029332342375820733	-0.02353524092654537	0.20036126836170373
KCNAB2	IU_PDA_T10	iCAF	23	2691	0.005797101449275362	0.012709030100334442	-0.006911928651059079	0.46038625899718905
KCNAB2	IU_PDA_T10	B cells	23	2691	0.011594202898550725	0.023981171807258995	-0.01238696890870827	0.4856160236781185
KCNAB2	IU_PDA_T10	DCs	23	2691	0.020289855072463767	0.01967050662702855	0.0006193484454352152	1.0313268879305548
KCNAB2	IU_PDA_T10	SPP1-TAM	23	2691	0.008695652173913044	0.012436516784342851	-0.0037408646104298074	0.7016025523850563
KCNAB2	IU_PDA_T10	PVL	23	2691	0.0	0.002303976217019696	-0.002303976217019696	0.04159774930052093
KCNAB2	IU_PDA_T10	C1Q-TAM	23	2691	0.005797101449275362	0.005920971138362431	-0.0001238696890870682	0.97942695850212
KCNAB2	IU_PDA_T10	CD4+ cells	23	2691	0.002898550724637681	0.0018580453363062066	0.0010405053883314746	1.5314000493442896
KCNAB2	IU_PDA_T10	FCN1-TAM	23	2691	0.0	0.00042115694289607334	-0.00042115694289607334	0.191880778646638
KCNC4	IU_PDA_T10	myCAF	20	2694	0.43999999999999995	0.36592427616926554	0.07407572383073441	1.202379264583201
KCNC4	IU_PDA_T10	Tumor Epithelial cells	20	2694	0.4166666666666667	0.5257856966097504	-0.1091190299430837	0.79250428249609
KCNC4	IU_PDA_T10	Normal Epithelial cells	20	2694	0.01	0.029274931947537837	-0.019274931947537835	0.3438305837793291
KCNC4	IU_PDA_T10	iCAF	20	2694	0.04666666666666667	0.012397921306607265	0.0342687453600594	3.7419556036044637
KCNC4	IU_PDA_T10	B cells	20	2694	0.056666666666666664	0.023632764167285557	0.03303390249938111	2.391911294720432
KCNC4	IU_PDA_T10	DCs	20	2694	0.02	0.01967334818114347	0.0003266518188565319	1.0165198031139733
KCNC4	IU_PDA_T10	SPP1-TAM	20	2694	0.003333333333333333	0.012472160356347418	-0.009138827023014086	0.2730901639828286
KCNC4	IU_PDA_T10	PVL	20	2694	0.0	0.002301410541945064	-0.002301410541945064	0.04164219247534546
KCNC4	IU_PDA_T10	C1Q-TAM	20	2694	0.006666666666666666	0.0059143776292996655	0.0007522890373670007	1.1250817763258074
KCNC4	IU_PDA_T10	CD4+ cells	20	2694	0.0	0.0018807225934174719	-0.0018807225934174719	0.050486625604377736
KCNC4	IU_PDA_T10	FCN1-TAM	20	2694	0.0	0.0004206879485275922	-0.0004206879485275922	0.19205360961931467
KCND3	IU_PDA_T10	myCAF	20	2694	0.33666666666666667	0.36669141301658065	-0.030024746349913978	0.9181421775853932
KCND3	IU_PDA_T10	Tumor Epithelial cells	20	2694	0.5566666666666668	0.5247463499133881	0.031920316753278666	1.0608184028688517
KCND3	IU_PDA_T10	Normal Epithelial cells	20	2694	0.03666666666666667	0.029076961148230728	0.007589705518435939	1.2601266622619531
KCND3	IU_PDA_T10	iCAF	20	2694	0.013333333333333332	0.012645384805741143	0.0006879485275921894	1.0539762853831063
KCND3	IU_PDA_T10	B cells	20	2694	0.013333333333333332	0.023954466716159594	-0.010621133382826262	0.5584548388390972
KCND3	IU_PDA_T10	DCs	20	2694	0.019999999999999997	0.019673348181143472	0.00032665181885652497	1.0165198031139728
KCND3	IU_PDA_T10	SPP1-TAM	20	2694	0.006666666666666666	0.012447414006434033	-0.005780747339767366	0.539287749905827
KCND3	IU_PDA_T10	PVL	20	2694	0.0	0.002301410541945064	-0.002301410541945064	0.04164219247534546
KCND3	IU_PDA_T10	C1Q-TAM	20	2694	0.01	0.005889631279386278	0.004110368720613722	1.6862473713131279
KCND3	IU_PDA_T10	CD4+ cells	20	2694	0.006666666666666666	0.0018312298935906962	0.00483543677307597	3.503812098768594
KCND3	IU_PDA_T10	FCN1-TAM	20	2694	0.0	0.0004206879485275922	-0.0004206879485275922	0.19205360961931467
KCNE4	IU_PDA_T10	myCAF	20	2694	0.5366666666666666	0.36520663202177733	0.1714600346448893	1.4693592166557434
KCNE4	IU_PDA_T10	Tumor Epithelial cells	20	2694	0.3966666666666667	0.5259341747092307	-0.12926750804256393	0.7542602472282005
KCNE4	IU_PDA_T10	Normal Epithelial cells	20	2694	0.013333333333333332	0.029250185597624444	-0.015916852264291112	0.4576915975080104
KCNE4	IU_PDA_T10	iCAF	20	2694	0.0	0.012744370205394697	-0.012744370205394697	0.007785512127173003
KCNE4	IU_PDA_T10	B cells	20	2694	0.023333333333333334	0.023880227666419434	-0.0005468943330860995	0.9771939474181082
KCNE4	IU_PDA_T10	DCs	20	2694	0.013333333333333332	0.019722840880970247	-0.006389507547636914	0.6776694326507566
KCNE4	IU_PDA_T10	SPP1-TAM	20	2694	0.01	0.012422667656520643	-0.0024226676565206433	0.8065374149525446
KCNE4	IU_PDA_T10	PVL	20	2694	0.003333333333333333	0.002276664192031676	0.001056669141301657	1.44460178465447
KCNE4	IU_PDA_T10	C1Q-TAM	20	2694	0.003333333333333333	0.005939123979213054	-0.0026057906458797206	0.5685151265566043
KCNE4	IU_PDA_T10	CD4+ cells	20	2694	0.0	0.0018807225934174719	-0.0018807225934174719	0.050486625604377736
KCNE4	IU_PDA_T10	FCN1-TAM	20	2694	0.0	0.0004206879485275922	-0.0004206879485275922	0.19205360961931467
KCNJ15	IU_PDA_T10	myCAF	20	2694	0.4	0.36622123236822623	0.03377876763177379	1.0922107829060244
KCNJ15	IU_PDA_T10	Tumor Epithelial cells	20	2694	0.4033333333333332	0.525884682009404	-0.12255134867607076	0.7670058599275336
KCNJ15	IU_PDA_T10	Normal Epithelial cells	20	2694	0.013333333333333332	0.029250185597624448	-0.015916852264291115	0.45769159750801036
KCNJ15	IU_PDA_T10	iCAF	20	2694	0.03333333333333333	0.012496906706260816	0.020836426627072517	2.65409073139492
KCNJ15	IU_PDA_T10	B cells	20	2694	0.07666666666666666	0.023484286067805227	0.053182380598861434	3.2549921776712334
KCNJ15	IU_PDA_T10	DCs	20	2694	0.04333333333333333	0.019500123731749752	0.023833209601583576	2.2159724054688876
KCNJ15	IU_PDA_T10	SPP1-TAM	20	2694	0.006666666666666666	0.012447414006434033	-0.005780747339767366	0.539287749905827
KCNJ15	IU_PDA_T10	PVL	20	2694	0.01	0.0022271714922049005	0.0077728285077951	4.340032538998946
KCNJ15	IU_PDA_T10	C1Q-TAM	20	2694	0.013333333333333332	0.005864884929472891	0.0074684484038604415	2.2520691500616117
KCNJ15	IU_PDA_T10	CD4+ cells	20	2694	0.0	0.0018807225934174719	-0.0018807225934174719	0.050486625604377736
KCNJ15	IU_PDA_T10	FCN1-TAM	20	2694	0.0	0.0004206879485275922	-0.0004206879485275922	0.19205360961931467
KCNJ8	IU_PDA_T10	myCAF	20	2694	0.46333333333333326	0.3657510517198719	0.09758228161346139	1.2667268035850259
KCNJ8	IU_PDA_T10	Tumor Epithelial cells	20	2694	0.42000000000000004	0.525760950259837	-0.105760950259837	0.7988803880425449
KCNJ8	IU_PDA_T10	Normal Epithelial cells	20	2694	0.016666666666666666	0.029225439247711062	-0.012558772581044396	0.5717447750752908
KCNJ8	IU_PDA_T10	iCAF	20	2694	0.03	0.012521653056174201	0.017478346943825798	2.384790634478407
KCNJ8	IU_PDA_T10	B cells	20	2694	0.039999999999999994	0.023756495916852496	0.016243504083147498	1.6808839043152566
KCNJ8	IU_PDA_T10	DCs	20	2694	0.01	0.019747587230883632	-0.009747587230883632	0.5088779750661078
KCNJ8	IU_PDA_T10	SPP1-TAM	20	2694	0.013333333333333332	0.012397921306607256	0.0009354120267260763	1.0748454085905912
KCNJ8	IU_PDA_T10	PVL	20	2694	0.0	0.002301410541945064	-0.002301410541945064	0.04164219247534546
KCNJ8	IU_PDA_T10	C1Q-TAM	20	2694	0.003333333333333333	0.005939123979213054	-0.0026057906458797206	0.5685151265566043
KCNJ8	IU_PDA_T10	CD4+ cells	20	2694	0.003333333333333333	0.0018559762435040842	0.001477357089829249	1.7553042092078786
KCNJ8	IU_PDA_T10	FCN1-TAM	20	2694	0.0	0.0004206879485275922	-0.0004206879485275922	0.19205360961931467
KCNK1	IU_PDA_T10	myCAF	46	2668	0.27246376811594203	0.36809095452273916	-0.09562718640679713	0.7402782843192003
KCNK1	IU_PDA_T10	Tumor Epithelial cells	46	2668	0.6202898550724636	0.5233383308345833	0.09695152423788034	1.185220528430347
KCNK1	IU_PDA_T10	Normal Epithelial cells	46	2668	0.017391304347826087	0.02933533233383318	-0.011944027986007091	0.5942281931609604
KCNK1	IU_PDA_T10	iCAF	46	2668	0.021739130434782605	0.012493753123438266	0.009245377311344338	1.7341240709362282
KCNK1	IU_PDA_T10	B cells	46	2668	0.042028985507246375	0.023563218390804823	0.018465767116441552	1.7803573804490214
KCNK1	IU_PDA_T10	DCs	46	2668	0.015942028985507246	0.019740129935032668	-0.0037981009495254223	0.8085647139427785
KCNK1	IU_PDA_T10	SPP1-TAM	46	2668	0.004347826086956522	0.012543728135932013	-0.008195902048975492	0.35178121825605496
KCNK1	IU_PDA_T10	PVL	46	2668	0.0014492753623188406	0.0022988505747126445	-0.0008495752123938039	0.6458407116518404
KCNK1	IU_PDA_T10	C1Q-TAM	46	2668	0.0014492753623188406	0.0059970014992503625	-0.004547726136931522	0.2541044745534878
KCNK1	IU_PDA_T10	CD4+ cells	46	2668	0.002898550724637681	0.0018490754622688664	0.0010494752623688148	1.5384477321094323
KCNK1	IU_PDA_T10	FCN1-TAM	46	2668	0.0	0.0004247876061969015	-0.0004247876061969015	0.19055328063993907
KCNK6	IU_PDA_T10	myCAF	23	2691	0.4	0.3661835748792276	0.03381642512077243	1.0923230727228828
KCNK6	IU_PDA_T10	Tumor Epithelial cells	23	2691	0.5159420289855072	0.5250588381023168	-0.009116809116809566	0.9826399015776759
KCNK6	IU_PDA_T10	Normal Epithelial cells	23	2691	0.005797101449275362	0.029332342375820733	-0.02353524092654537	0.20036126836170373
KCNK6	IU_PDA_T10	iCAF	23	2691	0.008695652173913044	0.012684256162517024	-0.00398860398860398	0.6880065654270584
KCNK6	IU_PDA_T10	B cells	23	2691	0.02608695652173913	0.023857302118171917	0.002229654403567212	1.0930678418032718
KCNK6	IU_PDA_T10	DCs	23	2691	0.020289855072463767	0.019670506627028555	0.0006193484454352118	1.0313268879305546
KCNK6	IU_PDA_T10	SPP1-TAM	23	2691	0.011594202898550725	0.012411742846525436	-0.0008175399479747117	0.9346581880715567
KCNK6	IU_PDA_T10	PVL	23	2691	0.0	0.002303976217019696	-0.002303976217019696	0.04159774930052093
KCNK6	IU_PDA_T10	C1Q-TAM	23	2691	0.005797101449275362	0.005920971138362431	-0.0001238696890870682	0.97942695850212
KCNK6	IU_PDA_T10	CD4+ cells	23	2691	0.002898550724637681	0.0018580453363062066	0.0010405053883314746	1.5314000493442896
KCNK6	IU_PDA_T10	FCN1-TAM	23	2691	0.0	0.00042115694289607334	-0.00042115694289607334	0.191880778646638
KCNMA1	IU_PDA_T10	myCAF	20	2694	0.6599999999999999	0.364291017074982	0.2957089829250179	1.8115155672571612
KCNMA1	IU_PDA_T10	Tumor Epithelial cells	20	2694	0.2833333333333333	0.5267755506062859	-0.24344221727295257	0.5379511974073974
KCNMA1	IU_PDA_T10	Normal Epithelial cells	20	2694	0.006666666666666666	0.029299678297451216	-0.02263301163078455	0.23016124864377505
KCNMA1	IU_PDA_T10	iCAF	20	2694	0.006666666666666666	0.012694877505567921	-0.006028210838901255	0.528857479387515
KCNMA1	IU_PDA_T10	B cells	20	2694	0.01	0.023979213066072983	-0.013979213066072983	0.4194489235294259
KCNMA1	IU_PDA_T10	DCs	20	2694	0.006666666666666666	0.01977233358079702	-0.013105666914130355	0.3405068981533912
KCNMA1	IU_PDA_T10	SPP1-TAM	20	2694	0.013333333333333332	0.012397921306607256	0.0009354120267260763	1.0748454085905912
KCNMA1	IU_PDA_T10	PVL	20	2694	0.0	0.002301410541945064	-0.002301410541945064	0.04164219247534546
KCNMA1	IU_PDA_T10	C1Q-TAM	20	2694	0.006666666666666666	0.0059143776292996655	0.0007522890373670007	1.1250817763258074
KCNMA1	IU_PDA_T10	CD4+ cells	20	2694	0.003333333333333333	0.0018559762435040837	0.0014773570898292494	1.755304209207879
KCNMA1	IU_PDA_T10	FCN1-TAM	20	2694	0.003333333333333333	0.0003959415986142044	0.0029373917347191286	6.9228581408113365
KCNMB1	IU_PDA_T10	myCAF	20	2694	0.45999999999999985	0.3657757980697853	0.09422420193021458	1.257530567551349
KCNMB1	IU_PDA_T10	Tumor Epithelial cells	20	2694	0.49666666666666676	0.5251917842118292	-0.02852511754516246	0.945696623471919
KCNMB1	IU_PDA_T10	Normal Epithelial cells	20	2694	0.003333333333333333	0.029324424647364605	-0.02599109131403127	0.11668310848826875
KCNMB1	IU_PDA_T10	iCAF	20	2694	0.006666666666666666	0.01269487750556792	-0.006028210838901253	0.5288574793875152
KCNMB1	IU_PDA_T10	B cells	20	2694	0.01	0.02397921306607298	-0.01397921306607298	0.419448923529426
KCNMB1	IU_PDA_T10	DCs	20	2694	0.013333333333333332	0.019722840880970243	-0.006389507547636911	0.6776694326507567
KCNMB1	IU_PDA_T10	SPP1-TAM	20	2694	0.006666666666666666	0.012447414006434029	-0.005780747339767363	0.5392877499058271
KCNMB1	IU_PDA_T10	PVL	20	2694	0.0	0.002301410541945064	-0.002301410541945064	0.04164219247534546
KCNMB1	IU_PDA_T10	C1Q-TAM	20	2694	0.003333333333333333	0.005939123979213054	-0.0026057906458797206	0.5685151265566043
KCNMB1	IU_PDA_T10	CD4+ cells	20	2694	0.0	0.0018807225934174719	-0.0018807225934174719	0.050486625604377736
KCNMB1	IU_PDA_T10	FCN1-TAM	20	2694	0.0	0.0004206879485275922	-0.0004206879485275922	0.19205360961931467
KCNN3	IU_PDA_T10	myCAF	20	2694	0.4066666666666666	0.3661717396683995	0.04049492699826712	1.1105597910309128
KCNN3	IU_PDA_T10	Tumor Epithelial cells	20	2694	0.5266666666666666	0.5249690670626085	0.001697599604058131	1.0032330977209436
KCNN3	IU_PDA_T10	Normal Epithelial cells	20	2694	0.003333333333333333	0.029324424647364605	-0.02599109131403127	0.11668310848826875
KCNN3	IU_PDA_T10	iCAF	20	2694	0.006666666666666666	0.012694877505567921	-0.006028210838901255	0.528857479387515
KCNN3	IU_PDA_T10	B cells	20	2694	0.03666666666666667	0.02378124226676588	0.012885424399900786	1.5395625678079852
KCNN3	IU_PDA_T10	DCs	20	2694	0.006666666666666666	0.01977233358079702	-0.013105666914130355	0.3405068981533912
KCNN3	IU_PDA_T10	SPP1-TAM	20	2694	0.006666666666666666	0.012447414006434033	-0.005780747339767366	0.539287749905827
KCNN3	IU_PDA_T10	PVL	20	2694	0.0	0.002301410541945064	-0.002301410541945064	0.04164219247534546
KCNN3	IU_PDA_T10	C1Q-TAM	20	2694	0.003333333333333333	0.005939123979213054	-0.0026057906458797206	0.5685151265566043
KCNN3	IU_PDA_T10	CD4+ cells	20	2694	0.003333333333333333	0.0018559762435040837	0.0014773570898292494	1.755304209207879
KCNN3	IU_PDA_T10	FCN1-TAM	20	2694	0.0	0.0004206879485275922	-0.0004206879485275922	0.19205360961931467
KCNN4	IU_PDA_T10	myCAF	20	2694	0.21000000000000002	0.3676317743132894	-0.1576317743132894	0.5713403482534124
KCNN4	IU_PDA_T10	Tumor Epithelial cells	20	2694	0.7033333333333334	0.5236575105171991	0.17967582281613426	1.3430515442894715
KCNN4	IU_PDA_T10	Normal Epithelial cells	20	2694	0.01	0.029274931947537837	-0.019274931947537835	0.3438305837793291
KCNN4	IU_PDA_T10	iCAF	20	2694	0.01	0.012670131155654532	-0.002670131155654532	0.7909080867605487
KCNN4	IU_PDA_T10	B cells	20	2694	0.03666666666666667	0.02378124226676588	0.012885424399900786	1.5395625678079852
KCNN4	IU_PDA_T10	DCs	20	2694	0.016666666666666666	0.019698094531056858	-0.003031427864390191	0.8468828472540701
KCNN4	IU_PDA_T10	SPP1-TAM	20	2694	0.01	0.012422667656520643	-0.0024226676565206433	0.8065374149525446
KCNN4	IU_PDA_T10	PVL	20	2694	0.0	0.002301410541945064	-0.002301410541945064	0.04164219247534546
KCNN4	IU_PDA_T10	C1Q-TAM	20	2694	0.0	0.005963870329126442	-0.005963870329126442	0.01649111781293746
KCNN4	IU_PDA_T10	CD4+ cells	20	2694	0.003333333333333333	0.0018559762435040837	0.0014773570898292494	1.755304209207879
KCNN4	IU_PDA_T10	FCN1-TAM	20	2694	0.0	0.0004206879485275922	-0.0004206879485275922	0.19205360961931467
KCNS3	IU_PDA_T10	myCAF	20	2694	0.4833333333333333	0.36560257362039156	0.11773075971294172	1.3219303559923787
KCNS3	IU_PDA_T10	Tumor Epithelial cells	20	2694	0.44333333333333325	0.5255877258104433	-0.08225439247711008	0.8435299352856299
KCNS3	IU_PDA_T10	Normal Epithelial cells	20	2694	0.01	0.02927493194753783	-0.019274931947537828	0.3438305837793292
KCNS3	IU_PDA_T10	iCAF	20	2694	0.006666666666666666	0.012694877505567921	-0.006028210838901255	0.528857479387515
KCNS3	IU_PDA_T10	B cells	20	2694	0.016666666666666666	0.023929720366246212	-0.0072630536995795456	0.6977470570243619
KCNS3	IU_PDA_T10	DCs	20	2694	0.019999999999999997	0.019673348181143472	0.00032665181885652497	1.0165198031139728
KCNS3	IU_PDA_T10	SPP1-TAM	20	2694	0.01666666666666667	0.012373174956693867	0.004293491709972803	1.3442180298824922
KCNS3	IU_PDA_T10	PVL	20	2694	0.0	0.002301410541945064	-0.002301410541945064	0.04164219247534546
KCNS3	IU_PDA_T10	C1Q-TAM	20	2694	0.0	0.005963870329126442	-0.005963870329126442	0.01649111781293746
KCNS3	IU_PDA_T10	CD4+ cells	20	2694	0.0	0.0018807225934174719	-0.0018807225934174719	0.050486625604377736
KCNS3	IU_PDA_T10	FCN1-TAM	20	2694	0.003333333333333333	0.0003959415986142044	0.0029373917347191286	6.9228581408113365
KCNAB1	IU_PDA_T11	myCAF	20	2757	0.9433333333333331	0.8321363801233188	0.11119695321001433	1.1336122234809507
KCNAB1	IU_PDA_T11	Tumor Epithelial cells	20	2757	0.03666666666666667	0.08369000120904316	-0.04702333454237649	0.4387953948698424
KCNAB1	IU_PDA_T11	Normal Epithelial cells	20	2757	0.02	0.08127191391609195	-0.06127191391609195	0.2470139761088385
KCNAB1	IU_PDA_T11	iCAF	20	2757	0.0	0.0006045218232378189	-0.0006045218232378189	0.14194024471864222
KCNAB1	IU_PDA_T11	B cells	20	2757	0.0	0.0	0.0	1.0
KCNAB1	IU_PDA_T11	DCs	20	2757	0.0	0.0	0.0	1.0
KCNAB1	IU_PDA_T11	SPP1-TAM	20	2757	0.0	0.0019344698343610215	-0.0019344698343610215	0.04915285462141425
KCNAB1	IU_PDA_T11	PVL	20	2757	0.0	0.00036271309394269127	-0.00036271309394269127	0.2161166418436937
KCNAB1	IU_PDA_T11	C1Q-TAM	20	2757	0.0	0.0	0.0	1.0
KCNAB1	IU_PDA_T11	CD4+ cells	20	2757	0.0	0.0	0.0	1.0
KCNAB1	IU_PDA_T11	FCN1-TAM	20	2757	0.0	0.0	0.0	1.0
KCNAB2	IU_PDA_T11	myCAF	21	2756	0.9111111111111112	0.8323415578132525	0.07876955329785873	1.094624724773207
KCNAB2	IU_PDA_T11	Tumor Epithelial cells	21	2756	0.073015873015873	0.08343009192065749	-0.010414218904784486	0.8753237466244307
KCNAB2	IU_PDA_T11	Normal Epithelial cells	21	2756	0.015873015873015872	0.08132559264634696	-0.06545257677333109	0.19616702014550796
KCNAB2	IU_PDA_T11	iCAF	21	2756	0.0	0.0006047411707789065	-0.0006047411707789065	0.14189606645156863
KCNAB2	IU_PDA_T11	B cells	21	2756	0.0	0.0	0.0	1.0
KCNAB2	IU_PDA_T11	DCs	21	2756	0.0	0.0	0.0	1.0
KCNAB2	IU_PDA_T11	SPP1-TAM	21	2756	0.0	0.0019351717464925024	-0.0019351717464925024	0.049135902251170725
KCNAB2	IU_PDA_T11	PVL	21	2756	0.0	0.0003628447024673439	-0.0003628447024673439	0.21605518971464413
KCNAB2	IU_PDA_T11	C1Q-TAM	21	2756	0.0	0.0	0.0	1.0
KCNAB2	IU_PDA_T11	CD4+ cells	21	2756	0.0	0.0	0.0	1.0
KCNAB2	IU_PDA_T11	FCN1-TAM	21	2756	0.0	0.0	0.0	1.0
KCNB1	IU_PDA_T11	myCAF	20	2757	0.9366666666666668	0.8321847418691781	0.10448192479748863	1.1255362732745033
KCNB1	IU_PDA_T11	Tumor Epithelial cells	20	2757	0.03333333333333333	0.08371418208197268	-0.050380848748639344	0.3988982831167472
KCNB1	IU_PDA_T11	Normal Epithelial cells	20	2757	0.03	0.08119937129730344	-0.05119937129730344	0.37023656542099687
KCNB1	IU_PDA_T11	iCAF	20	2757	0.0	0.0006045218232378189	-0.0006045218232378189	0.14194024471864222
KCNB1	IU_PDA_T11	B cells	20	2757	0.0	0.0	0.0	1.0
KCNB1	IU_PDA_T11	DCs	20	2757	0.0	0.0	0.0	1.0
KCNB1	IU_PDA_T11	SPP1-TAM	20	2757	0.0	0.0019344698343610215	-0.0019344698343610215	0.04915285462141425
KCNB1	IU_PDA_T11	PVL	20	2757	0.0	0.00036271309394269127	-0.00036271309394269127	0.2161166418436937
KCNB1	IU_PDA_T11	C1Q-TAM	20	2757	0.0	0.0	0.0	1.0
KCNB1	IU_PDA_T11	CD4+ cells	20	2757	0.0	0.0	0.0	1.0
KCNB1	IU_PDA_T11	FCN1-TAM	20	2757	0.0	0.0	0.0	1.0
KCNC4	IU_PDA_T11	myCAF	21	2756	0.8253968253968255	0.8329946782776936	-0.007597852880868117	0.9908799646919176
KCNC4	IU_PDA_T11	Tumor Epithelial cells	21	2756	0.07936507936507936	0.08338171262699516	-0.0040166332619158	0.9518860701880599
KCNC4	IU_PDA_T11	Normal Epithelial cells	21	2756	0.08888888888888888	0.08076923076923037	0.008119658119658507	1.1004047898369267
KCNC4	IU_PDA_T11	iCAF	21	2756	0.0	0.0006047411707789065	-0.0006047411707789065	0.14189606645156863
KCNC4	IU_PDA_T11	B cells	21	2756	0.0	0.0	0.0	1.0
KCNC4	IU_PDA_T11	DCs	21	2756	0.0	0.0	0.0	1.0
KCNC4	IU_PDA_T11	SPP1-TAM	21	2756	0.006349206349206349	0.0018867924528301898	0.004462413896376159	3.2460392830763185
KCNC4	IU_PDA_T11	PVL	21	2756	0.0	0.0003628447024673439	-0.0003628447024673439	0.21605518971464413
KCNC4	IU_PDA_T11	C1Q-TAM	21	2756	0.0	0.0	0.0	1.0
KCNC4	IU_PDA_T11	CD4+ cells	21	2756	0.0	0.0	0.0	1.0
KCNC4	IU_PDA_T11	FCN1-TAM	21	2756	0.0	0.0	0.0	1.0
KCND2	IU_PDA_T11	myCAF	20	2757	0.9133333333333334	0.8323540079796845	0.08097932535364893	1.0972778370665557
KCND2	IU_PDA_T11	Tumor Epithelial cells	20	2757	0.06666666666666667	0.08347237335267754	-0.016805706686010877	0.7989083471987762
KCND2	IU_PDA_T11	Normal Epithelial cells	20	2757	0.019999999999999997	0.08127191391609198	-0.061271913916091984	0.24701397610883835
KCND2	IU_PDA_T11	iCAF	20	2757	0.0	0.0006045218232378189	-0.0006045218232378189	0.14194024471864222
KCND2	IU_PDA_T11	B cells	20	2757	0.0	0.0	0.0	1.0
KCND2	IU_PDA_T11	DCs	20	2757	0.0	0.0	0.0	1.0
KCND2	IU_PDA_T11	SPP1-TAM	20	2757	0.0	0.0019344698343610215	-0.0019344698343610215	0.04915285462141425
KCND2	IU_PDA_T11	PVL	20	2757	0.0	0.00036271309394269127	-0.00036271309394269127	0.2161166418436937
KCND2	IU_PDA_T11	C1Q-TAM	20	2757	0.0	0.0	0.0	1.0
KCND2	IU_PDA_T11	CD4+ cells	20	2757	0.0	0.0	0.0	1.0
KCND2	IU_PDA_T11	FCN1-TAM	20	2757	0.0	0.0	0.0	1.0
KCND3	IU_PDA_T11	myCAF	20	2757	0.9400000000000001	0.8321605609962485	0.10783943900375159	1.129574131056581
KCND3	IU_PDA_T11	Tumor Epithelial cells	20	2757	0.03666666666666667	0.08369000120904317	-0.047023334542376505	0.43879539486984237
KCND3	IU_PDA_T11	Normal Epithelial cells	20	2757	0.016666666666666666	0.08129609478902147	-0.06462942812235481	0.20598858839758633
KCND3	IU_PDA_T11	iCAF	20	2757	0.0	0.0006045218232378189	-0.0006045218232378189	0.14194024471864222
KCND3	IU_PDA_T11	B cells	20	2757	0.0	0.0	0.0	1.0
KCND3	IU_PDA_T11	DCs	20	2757	0.0	0.0	0.0	1.0
KCND3	IU_PDA_T11	SPP1-TAM	20	2757	0.006666666666666666	0.0018861080885019964	0.00478055857816467	3.4069981920119776
KCND3	IU_PDA_T11	PVL	20	2757	0.0	0.00036271309394269127	-0.00036271309394269127	0.2161166418436937
KCND3	IU_PDA_T11	C1Q-TAM	20	2757	0.0	0.0	0.0	1.0
KCND3	IU_PDA_T11	CD4+ cells	20	2757	0.0	0.0	0.0	1.0
KCND3	IU_PDA_T11	FCN1-TAM	20	2757	0.0	0.0	0.0	1.0
KCNE4	IU_PDA_T11	myCAF	20	2757	0.9666666666666668	0.8319671140128123	0.13469955265385447	1.1618854421541054
KCNE4	IU_PDA_T11	Tumor Epithelial cells	20	2757	0.019999999999999997	0.08381090557369072	-0.06381090557369073	0.23953978165982412
KCNE4	IU_PDA_T11	Normal Epithelial cells	20	2757	0.013333333333333332	0.081320275661951	-0.06798694232861767	0.16498756881034415
KCNE4	IU_PDA_T11	iCAF	20	2757	0.0	0.0006045218232378189	-0.0006045218232378189	0.14194024471864222
KCNE4	IU_PDA_T11	B cells	20	2757	0.0	0.0	0.0	1.0
KCNE4	IU_PDA_T11	DCs	20	2757	0.0	0.0	0.0	1.0
KCNE4	IU_PDA_T11	SPP1-TAM	20	2757	0.0	0.0019344698343610215	-0.0019344698343610215	0.04915285462141425
KCNE4	IU_PDA_T11	PVL	20	2757	0.0	0.00036271309394269127	-0.00036271309394269127	0.2161166418436937
KCNE4	IU_PDA_T11	C1Q-TAM	20	2757	0.0	0.0	0.0	1.0
KCNE4	IU_PDA_T11	CD4+ cells	20	2757	0.0	0.0	0.0	1.0
KCNE4	IU_PDA_T11	FCN1-TAM	20	2757	0.0	0.0	0.0	1.0
KCNJ15	IU_PDA_T11	myCAF	20	2757	0.8033333333333333	0.8331519767863582	-0.029818643453024873	0.9642141341589997
KCNJ15	IU_PDA_T11	Tumor Epithelial cells	20	2757	0.11000000000000001	0.08315802200459388	0.026841977995406135	1.3223950959815631
KCNJ15	IU_PDA_T11	Normal Epithelial cells	20	2757	0.08666666666666667	0.08078829645750171	0.005878370209164957	1.0726726914350757
KCNJ15	IU_PDA_T11	iCAF	20	2757	0.0	0.0006045218232378189	-0.0006045218232378189	0.14194024471864222
KCNJ15	IU_PDA_T11	B cells	20	2757	0.0	0.0	0.0	1.0
KCNJ15	IU_PDA_T11	DCs	20	2757	0.0	0.0	0.0	1.0
KCNJ15	IU_PDA_T11	SPP1-TAM	20	2757	0.0	0.0019344698343610215	-0.0019344698343610215	0.04915285462141425
KCNJ15	IU_PDA_T11	PVL	20	2757	0.0	0.00036271309394269127	-0.00036271309394269127	0.2161166418436937
KCNJ15	IU_PDA_T11	C1Q-TAM	20	2757	0.0	0.0	0.0	1.0
KCNJ15	IU_PDA_T11	CD4+ cells	20	2757	0.0	0.0	0.0	1.0
KCNJ15	IU_PDA_T11	FCN1-TAM	20	2757	0.0	0.0	0.0	1.0
KCNJ8	IU_PDA_T11	myCAF	22	2755	0.9515151515151516	0.8319903206291556	0.11952483088599608	1.1436440587310541
KCNJ8	IU_PDA_T11	Tumor Epithelial cells	22	2755	0.02727272727272727	0.08379915305505094	-0.05652642578232367	0.3262574921914467
KCNJ8	IU_PDA_T11	Normal Epithelial cells	22	2755	0.02121212121212121	0.08130671506352045	-0.060094593851399244	0.2617980739732794
KCNJ8	IU_PDA_T11	iCAF	22	2755	0.0	0.0006049606775559588	-0.0006049606775559588	0.14185188363511544
KCNJ8	IU_PDA_T11	B cells	22	2755	0.0	0.0	0.0	1.0
KCNJ8	IU_PDA_T11	DCs	22	2755	0.0	0.0	0.0	1.0
KCNJ8	IU_PDA_T11	SPP1-TAM	22	2755	0.0	0.0019358741681790696	-0.0019358741681790696	0.04911894927643892
KCNJ8	IU_PDA_T11	PVL	22	2755	0.0	0.0003629764065335753	-0.0003629764065335753	0.21599372794982363
KCNJ8	IU_PDA_T11	C1Q-TAM	22	2755	0.0	0.0	0.0	1.0
KCNJ8	IU_PDA_T11	CD4+ cells	22	2755	0.0	0.0	0.0	1.0
KCNJ8	IU_PDA_T11	FCN1-TAM	22	2755	0.0	0.0	0.0	1.0
KCNK1	IU_PDA_T11	myCAF	47	2730	0.8468085106382978	0.8326984126984095	0.014110097939888266	1.0169429933159564
KCNK1	IU_PDA_T11	Tumor Epithelial cells	47	2730	0.09078014184397167	0.08322344322344274	0.0075566986205289205	1.0906911467912415
KCNK1	IU_PDA_T11	Normal Epithelial cells	47	2730	0.059574468085106386	0.0811965811965808	-0.02162211311147441	0.7340341648661629
KCNK1	IU_PDA_T11	iCAF	47	2730	0.0	0.0006105006105006105	-0.0006105006105006105	0.14074583261728818
KCNK1	IU_PDA_T11	B cells	47	2730	0.0	0.0	0.0	1.0
KCNK1	IU_PDA_T11	DCs	47	2730	0.0	0.0	0.0	1.0
KCNK1	IU_PDA_T11	SPP1-TAM	47	2730	0.0014184397163120566	0.0019291819291819305	-0.0005107422128698739	0.7483014186530921
KCNK1	IU_PDA_T11	PVL	47	2730	0.0014184397163120566	0.0003418803418803418	0.0010765593744317147	3.436314251615293
KCNK1	IU_PDA_T11	C1Q-TAM	47	2730	0.0	0.0	0.0	1.0
KCNK1	IU_PDA_T11	CD4+ cells	47	2730	0.0	0.0	0.0	1.0
KCNK1	IU_PDA_T11	FCN1-TAM	47	2730	0.0	0.0	0.0	1.0
KCNK3	IU_PDA_T11	myCAF	20	2757	0.9133333333333334	0.8323540079796846	0.08097932535364882	1.0972778370665555
KCNK3	IU_PDA_T11	Tumor Epithelial cells	20	2757	0.05	0.08359327771732511	-0.03359327771732511	0.5986143853657311
KCNK3	IU_PDA_T11	Normal Epithelial cells	20	2757	0.03666666666666667	0.0811510095514444	-0.04448434288477773	0.4525071979984163
KCNK3	IU_PDA_T11	iCAF	20	2757	0.0	0.0006045218232378189	-0.0006045218232378189	0.14194024471864222
KCNK3	IU_PDA_T11	B cells	20	2757	0.0	0.0	0.0	1.0
KCNK3	IU_PDA_T11	DCs	20	2757	0.0	0.0	0.0	1.0
KCNK3	IU_PDA_T11	SPP1-TAM	20	2757	0.0	0.0019344698343610215	-0.0019344698343610215	0.04915285462141425
KCNK3	IU_PDA_T11	PVL	20	2757	0.0	0.00036271309394269127	-0.00036271309394269127	0.2161166418436937
KCNK3	IU_PDA_T11	C1Q-TAM	20	2757	0.0	0.0	0.0	1.0
KCNK3	IU_PDA_T11	CD4+ cells	20	2757	0.0	0.0	0.0	1.0
KCNK3	IU_PDA_T11	FCN1-TAM	20	2757	0.0	0.0	0.0	1.0
KCNK6	IU_PDA_T11	myCAF	29	2748	0.9126436781609196	0.8320960698689918	0.08054760829192786	1.096789219762367
KCNK6	IU_PDA_T11	Tumor Epithelial cells	29	2748	0.03908045977011494	0.08381853469189665	-0.04473807492178171	0.4668868434603195
KCNK6	IU_PDA_T11	Normal Epithelial cells	29	2748	0.04597701149425287	0.0811984473556522	-0.03522143586139932	0.5667637328014655
KCNK6	IU_PDA_T11	iCAF	29	2748	0.0	0.0006065016982047549	-0.0006065016982047549	0.14154247647826387
KCNK6	IU_PDA_T11	B cells	29	2748	0.0	0.0	0.0	1.0
KCNK6	IU_PDA_T11	DCs	29	2748	0.0	0.0	0.0	1.0
KCNK6	IU_PDA_T11	SPP1-TAM	29	2748	0.0	0.0019408054342552172	-0.0019408054342552172	0.049000261524928056
KCNK6	IU_PDA_T11	PVL	29	2748	0.0022988505747126436	0.00033964095099466273	0.001959209623717981	5.456385646708706
KCNK6	IU_PDA_T11	C1Q-TAM	29	2748	0.0	0.0	0.0	1.0
KCNK6	IU_PDA_T11	CD4+ cells	29	2748	0.0	0.0	0.0	1.0
KCNK6	IU_PDA_T11	FCN1-TAM	29	2748	0.0	0.0	0.0	1.0
KCNMA1	IU_PDA_T11	myCAF	117	2660	0.9202279202279197	0.8290977443608983	0.09113017586702132	1.109901620556457
KCNMA1	IU_PDA_T11	Tumor Epithelial cells	117	2660	0.0472934472934473	0.08493734335839552	-0.037643896064948223	0.5573251164926974
KCNMA1	IU_PDA_T11	Normal Epithelial cells	117	2660	0.02905982905982907	0.0831077694235585	-0.05404794036372944	0.35044598914068575
KCNMA1	IU_PDA_T11	iCAF	117	2660	0.0	0.0006265664160401002	-0.0006265664160401002	0.13763366678164884
KCNMA1	IU_PDA_T11	B cells	117	2660	0.0	0.0	0.0	1.0
KCNMA1	IU_PDA_T11	DCs	117	2660	0.0	0.0	0.0	1.0
KCNMA1	IU_PDA_T11	SPP1-TAM	117	2660	0.0011396011396011395	0.001954887218045114	-0.0008152860784439743	0.603245340530375
KCNMA1	IU_PDA_T11	PVL	117	2660	0.002279202279202279	0.0002756892230576441	0.002003513056144635	6.332899996008734
KCNMA1	IU_PDA_T11	C1Q-TAM	117	2660	0.0	0.0	0.0	1.0
KCNMA1	IU_PDA_T11	CD4+ cells	117	2660	0.0	0.0	0.0	1.0
KCNMA1	IU_PDA_T11	FCN1-TAM	117	2660	0.0	0.0	0.0	1.0
KCNMB1	IU_PDA_T11	myCAF	52	2725	0.9166666666666665	0.8313394495412808	0.08532721712538571	1.1026258943720582
KCNMB1	IU_PDA_T11	Tumor Epithelial cells	52	2725	0.05641025641025642	0.08386544342507594	-0.027455187014819527	0.6730180191411917
KCNMB1	IU_PDA_T11	Normal Epithelial cells	52	2725	0.02564102564102564	0.08188379204892926	-0.05624276640790362	0.3139770068901299
KCNMB1	IU_PDA_T11	iCAF	52	2725	0.0	0.0006116207951070336	-0.0006116207951070336	0.14052428018908467
KCNMB1	IU_PDA_T11	B cells	52	2725	0.0	0.0	0.0	1.0
KCNMB1	IU_PDA_T11	DCs	52	2725	0.0	0.0	0.0	1.0
KCNMB1	IU_PDA_T11	SPP1-TAM	52	2725	0.001282051282051282	0.0019327217125382275	-0.0006506704304869455	0.6799018643459741
KCNMB1	IU_PDA_T11	PVL	52	2725	0.0	0.00036697247706422013	-0.00036697247706422013	0.21414538310412579
KCNMB1	IU_PDA_T11	C1Q-TAM	52	2725	0.0	0.0	0.0	1.0
KCNMB1	IU_PDA_T11	CD4+ cells	52	2725	0.0	0.0	0.0	1.0
KCNMB1	IU_PDA_T11	FCN1-TAM	52	2725	0.0	0.0	0.0	1.0
KCNMB4	IU_PDA_T11	myCAF	20	2757	0.9133333333333334	0.8323540079796846	0.08097932535364882	1.0972778370665555
KCNMB4	IU_PDA_T11	Tumor Epithelial cells	20	2757	0.06	0.08352073509853655	-0.023520735098536555	0.7187212588980435
KCNMB4	IU_PDA_T11	Normal Epithelial cells	20	2757	0.026666666666666665	0.08122355217023294	-0.05455688550356628	0.3291379428512486
KCNMB4	IU_PDA_T11	iCAF	20	2757	0.0	0.0006045218232378189	-0.0006045218232378189	0.14194024471864222
KCNMB4	IU_PDA_T11	B cells	20	2757	0.0	0.0	0.0	1.0
KCNMB4	IU_PDA_T11	DCs	20	2757	0.0	0.0	0.0	1.0
KCNMB4	IU_PDA_T11	SPP1-TAM	20	2757	0.0	0.0019344698343610215	-0.0019344698343610215	0.04915285462141425
KCNMB4	IU_PDA_T11	PVL	20	2757	0.0	0.00036271309394269127	-0.00036271309394269127	0.2161166418436937
KCNMB4	IU_PDA_T11	C1Q-TAM	20	2757	0.0	0.0	0.0	1.0
KCNMB4	IU_PDA_T11	CD4+ cells	20	2757	0.0	0.0	0.0	1.0
KCNMB4	IU_PDA_T11	FCN1-TAM	20	2757	0.0	0.0	0.0	1.0
KCNN3	IU_PDA_T11	myCAF	20	2757	0.8800000000000001	0.8325958167089795	0.047404183291020585	1.0569285714420587
KCNN3	IU_PDA_T11	Tumor Epithelial cells	20	2757	0.07999999999999999	0.08337564986095948	-0.0033756498609594926	0.9595612628762745
KCNN3	IU_PDA_T11	Normal Epithelial cells	20	2757	0.03666666666666667	0.0811510095514444	-0.04448434288477773	0.4525071979984163
KCNN3	IU_PDA_T11	iCAF	20	2757	0.0	0.0006045218232378189	-0.0006045218232378189	0.14194024471864222
KCNN3	IU_PDA_T11	B cells	20	2757	0.0	0.0	0.0	1.0
KCNN3	IU_PDA_T11	DCs	20	2757	0.0	0.0	0.0	1.0
KCNN3	IU_PDA_T11	SPP1-TAM	20	2757	0.0	0.0019344698343610215	-0.0019344698343610215	0.04915285462141425
KCNN3	IU_PDA_T11	PVL	20	2757	0.003333333333333333	0.0003385322210131785	0.0029948011123201545	7.829147252626065
KCNN3	IU_PDA_T11	C1Q-TAM	20	2757	0.0	0.0	0.0	1.0
KCNN3	IU_PDA_T11	CD4+ cells	20	2757	0.0	0.0	0.0	1.0
KCNN3	IU_PDA_T11	FCN1-TAM	20	2757	0.0	0.0	0.0	1.0
KCNN4	IU_PDA_T11	myCAF	30	2747	0.8844444444444445	0.8323747118068159	0.052069732637628596	1.0625481253654128
KCNN4	IU_PDA_T11	Tumor Epithelial cells	30	2747	0.08444444444444445	0.0833394005581842	0.0011050438862602457	1.013243670003234
KCNN4	IU_PDA_T11	Normal Epithelial cells	30	2747	0.024444444444444446	0.08144642640456215	-0.0570019819601177	0.30098737034381307
KCNN4	IU_PDA_T11	iCAF	30	2747	0.0	0.0006067224851352991	-0.0006067224851352991	0.1414982572414622
KCNN4	IU_PDA_T11	B cells	30	2747	0.0	0.0	0.0	1.0
KCNN4	IU_PDA_T11	DCs	30	2747	0.0	0.0	0.0	1.0
KCNN4	IU_PDA_T11	SPP1-TAM	30	2747	0.006666666666666667	0.0018687052542167228	0.004797961412449944	3.4371151558483963
KCNN4	IU_PDA_T11	PVL	30	2747	0.0	0.00036403349108117945	-0.00036403349108117945	0.21550168667137368
KCNN4	IU_PDA_T11	C1Q-TAM	30	2747	0.0	0.0	0.0	1.0
KCNN4	IU_PDA_T11	CD4+ cells	30	2747	0.0	0.0	0.0	1.0
KCNN4	IU_PDA_T11	FCN1-TAM	30	2747	0.0	0.0	0.0	1.0
KCNQ4	IU_PDA_T11	myCAF	20	2757	0.9200000000000002	0.8323056462338253	0.08769435376617485	1.1053505032827964
KCNQ4	IU_PDA_T11	Tumor Epithelial cells	20	2757	0.03	0.08373836295490218	-0.05373836295490218	0.3590241858156415
KCNQ4	IU_PDA_T11	Normal Epithelial cells	20	2757	0.04	0.08112682867851488	-0.04112682867851488	0.4936792517003284
KCNQ4	IU_PDA_T11	iCAF	20	2757	0.0	0.0006045218232378189	-0.0006045218232378189	0.14194024471864222
KCNQ4	IU_PDA_T11	B cells	20	2757	0.0	0.0	0.0	1.0
KCNQ4	IU_PDA_T11	DCs	20	2757	0.0	0.0	0.0	1.0
KCNQ4	IU_PDA_T11	SPP1-TAM	20	2757	0.01	0.0018619272155724832	0.008138072784427517	5.147999334446695
KCNQ4	IU_PDA_T11	PVL	20	2757	0.0	0.00036271309394269127	-0.00036271309394269127	0.2161166418436937
KCNQ4	IU_PDA_T11	C1Q-TAM	20	2757	0.0	0.0	0.0	1.0
KCNQ4	IU_PDA_T11	CD4+ cells	20	2757	0.0	0.0	0.0	1.0
KCNQ4	IU_PDA_T11	FCN1-TAM	20	2757	0.0	0.0	0.0	1.0
KCNS3	IU_PDA_T11	myCAF	37	2740	0.918918918918919	0.8317761557177584	0.08714276320116054	1.1047544909205531
KCNS3	IU_PDA_T11	Tumor Epithelial cells	37	2740	0.048648648648648644	0.08381995133819903	-0.035171302689550384	0.5808946248334993
KCNS3	IU_PDA_T11	Normal Epithelial cells	37	2740	0.02702702702702703	0.08155717761557138	-0.05453015058854435	0.3322062777473969
KCNS3	IU_PDA_T11	iCAF	37	2740	0.0	0.000608272506082725	-0.000608272506082725	0.14118859498454142
KCNS3	IU_PDA_T11	B cells	37	2740	0.0	0.0	0.0	1.0
KCNS3	IU_PDA_T11	DCs	37	2740	0.0	0.0	0.0	1.0
KCNS3	IU_PDA_T11	SPP1-TAM	37	2740	0.0036036036036036037	0.0018978102189781032	0.0017057933846255004	1.853831544368628
KCNS3	IU_PDA_T11	PVL	37	2740	0.0018018018018018018	0.000340632603406326	0.0014611691983954758	4.316071455221097
KCNS3	IU_PDA_T11	C1Q-TAM	37	2740	0.0	0.0	0.0	1.0
KCNS3	IU_PDA_T11	CD4+ cells	37	2740	0.0	0.0	0.0	1.0
KCNS3	IU_PDA_T11	FCN1-TAM	37	2740	0.0	0.0	0.0	1.0
KCNA5	IU_PDA_T12	myCAF	20	3622	0.7866666666666666	0.8405853119823363	-0.0539186453156697	0.935863462169299
KCNA5	IU_PDA_T12	Tumor Epithelial cells	20	3622	0.006666666666666666	0.04588625069022629	-0.03921958402355962	0.14714543075599817
KCNA5	IU_PDA_T12	Normal Epithelial cells	20	3622	0.03	0.04062212405669043	-0.010622124056690434	0.7391559428014346
KCNA5	IU_PDA_T12	iCAF	20	3622	0.11000000000000001	0.0527701085956191	0.057229891404380916	2.0824621496828755
KCNA5	IU_PDA_T12	B cells	20	3622	0.006666666666666666	0.00044174489232468245	0.006224921774341984	12.490503856215811
KCNA5	IU_PDA_T12	DCs	20	3622	0.003333333333333333	0.002760905577029262	0.0005724277563040709	1.2000862107789223
KCNA5	IU_PDA_T12	SPP1-TAM	20	3622	0.003333333333333333	0.006129210381004959	-0.0027958770476716258	0.5511667006468054
KCNA5	IU_PDA_T12	PVL	20	3622	0.03333333333333333	0.004803975704030918	0.028529357629302414	6.817597669958307
KCNA5	IU_PDA_T12	C1Q-TAM	20	3622	0.02	0.005411374930977349	0.014588625069022651	3.6470028353588355
KCNA5	IU_PDA_T12	CD4+ cells	20	3622	0.0	0.0002576845205227314	-0.0002576845205227314	0.2795759790047857
KCNA5	IU_PDA_T12	FCN1-TAM	20	3622	0.0	0.0	0.0	1.0
KCNAB1	IU_PDA_T12	myCAF	20	3622	0.8366666666666667	0.8403092214246332	-0.0036425547579664874	0.9956657368040397
KCNAB1	IU_PDA_T12	Tumor Epithelial cells	20	3622	0.01	0.045867844653046094	-0.03586784465304609	0.21971880727130666
KCNAB1	IU_PDA_T12	Normal Epithelial cells	20	3622	0.02333333333333333	0.04065893613105082	-0.01732560279771749	0.5749250485338706
KCNAB1	IU_PDA_T12	iCAF	20	3622	0.06	0.05304619915332204	0.00695380084667796	1.1308428628473857
KCNAB1	IU_PDA_T12	B cells	20	3622	0.003333333333333333	0.00046015092950487757	0.0028731824038284557	6.129300430453783
KCNAB1	IU_PDA_T12	DCs	20	3622	0.003333333333333333	0.002760905577029262	0.0005724277563040709	1.2000862107789223
KCNAB1	IU_PDA_T12	SPP1-TAM	20	3622	0.0	0.006147616418185154	-0.006147616418185154	0.016006104297460792
KCNAB1	IU_PDA_T12	PVL	20	3622	0.05	0.004711945518129943	0.04528805448187006	10.411589202587287
KCNAB1	IU_PDA_T12	C1Q-TAM	20	3622	0.013333333333333332	0.005448187005337738	0.007885146327995595	2.4212113471318717
KCNAB1	IU_PDA_T12	CD4+ cells	20	3622	0.0	0.0002576845205227314	-0.0002576845205227314	0.2795759790047857
KCNAB1	IU_PDA_T12	FCN1-TAM	20	3622	0.0	0.0	0.0	1.0
KCNAB2	IU_PDA_T12	myCAF	133	3509	0.8516290726817041	0.8398594091384112	0.011769663543292896	1.014012181321197
KCNAB2	IU_PDA_T12	Tumor Epithelial cells	133	3509	0.014035087719298244	0.04686995345302545	-0.03283486573372721	0.30093893393858084
KCNAB2	IU_PDA_T12	Normal Epithelial cells	133	3509	0.02205513784461154	0.04126531775434583	-0.019210179909734292	0.5355969456389326
KCNAB2	IU_PDA_T12	iCAF	133	3509	0.07368421052631578	0.05230360026598247	0.021380610260333312	1.4079988808366746
KCNAB2	IU_PDA_T12	B cells	133	3509	0.0005012531328320802	0.00047496912700674453	2.6284005825335664e-05	1.0457137689499412
KCNAB2	IU_PDA_T12	DCs	133	3509	0.005513784461152882	0.0026598271112377673	0.002853957349915115	2.034107295451247
KCNAB2	IU_PDA_T12	SPP1-TAM	133	3509	0.009523809523809523	0.005984611000284972	0.0035391985235245513	1.581663893280736
KCNAB2	IU_PDA_T12	PVL	133	3509	0.014035087719298244	0.004616699914505554	0.009418387804792691	2.9968172611167714
KCNAB2	IU_PDA_T12	C1Q-TAM	133	3509	0.008521303258145364	0.005376650517716338	0.0031446527404290258	1.5741926986679966
KCNAB2	IU_PDA_T12	CD4+ cells	133	3509	0.0	0.00026598271112377695	-0.00026598271112377695	0.2732369507098918
KCNAB2	IU_PDA_T12	FCN1-TAM	133	3509	0.0	0.0	0.0	1.0
KCNB1	IU_PDA_T12	myCAF	20	3622	0.7133333333333332	0.8409902448003009	-0.12765691146696778	0.8482244773897274
KCNB1	IU_PDA_T12	Tumor Epithelial cells	20	3622	0.026666666666666672	0.04577581446714512	-0.019109147800478447	0.5834592143499959
KCNB1	IU_PDA_T12	Normal Epithelial cells	20	3622	0.07999999999999999	0.04034603349898752	0.039653966501012466	1.9804166952985665
KCNB1	IU_PDA_T12	iCAF	20	3622	0.15999999999999998	0.05249401803791618	0.1075059819620838	3.0440724244453117
KCNB1	IU_PDA_T12	B cells	20	3622	0.0	0.00047855696668507264	-0.00047855696668507264	0.1728438265517132
KCNB1	IU_PDA_T12	DCs	20	3622	0.003333333333333333	0.002760905577029262	0.0005724277563040709	1.2000862107789223
KCNB1	IU_PDA_T12	SPP1-TAM	20	3622	0.0	0.006147616418185154	-0.006147616418185154	0.016006104297460792
KCNB1	IU_PDA_T12	PVL	20	3622	0.01	0.004932817964292283	0.005067182035707717	2.006827998083627
KCNB1	IU_PDA_T12	C1Q-TAM	20	3622	0.006666666666666666	0.005484999079698128	0.001181667586968538	1.2115788328889765
KCNB1	IU_PDA_T12	CD4+ cells	20	3622	0.0	0.0002576845205227314	-0.0002576845205227314	0.2795759790047857
KCNB1	IU_PDA_T12	FCN1-TAM	20	3622	0.0	0.0	0.0	1.0
KCNC4	IU_PDA_T12	myCAF	54	3588	0.8123456790123457	0.840709773318475	-0.028364094306129295	0.9662657414242665
KCNC4	IU_PDA_T12	Tumor Epithelial cells	54	3588	0.03950617283950617	0.04576365663322175	-0.0062574837937155806	0.8635633472542851
KCNC4	IU_PDA_T12	Normal Epithelial cells	54	3588	0.04074074074074074	0.04056112969156433	0.00017961104917640913	1.0044172665771671
KCNC4	IU_PDA_T12	iCAF	54	3588	0.07160493827160495	0.05280564845782211	0.018799289813782843	1.3553361571358524
KCNC4	IU_PDA_T12	B cells	54	3588	0.003703703703703704	0.0004273504273504273	0.0032763532763532767	7.212857914640735
KCNC4	IU_PDA_T12	DCs	54	3588	0.0024691358024691358	0.0027684875510962433	-0.00029935174862710757	0.8956412592717353
KCNC4	IU_PDA_T12	SPP1-TAM	54	3588	0.003703703703703704	0.006150130063173531	-0.002446426359469827	0.6085799279787077
KCNC4	IU_PDA_T12	PVL	54	3588	0.013580246913580245	0.004830917874396131	0.008749329039184114	2.774381415803971
KCNC4	IU_PDA_T12	C1Q-TAM	54	3588	0.011111111111111112	0.005406911928651048	0.005704199182460064	2.0358253875066676
KCNC4	IU_PDA_T12	CD4+ cells	54	3588	0.0012345679012345679	0.00024154589371980673	0.000993022007514761	3.907433600502908
KCNC4	IU_PDA_T12	FCN1-TAM	54	3588	0.0	0.0	0.0	1.0
KCND2	IU_PDA_T12	myCAF	56	3586	0.8785714285714283	0.8396913924521344	0.038880036119293915	1.0462972548525018
KCND2	IU_PDA_T12	Tumor Epithelial cells	56	3586	0.017857142857142856	0.04610522401933433	-0.028248081162191477	0.38863880087733765
KCND2	IU_PDA_T12	Normal Epithelial cells	56	3586	0.019047619047619046	0.04089979550102235	-0.021852176453403305	0.46701742810257646
KCND2	IU_PDA_T12	iCAF	56	3586	0.07023809523809524	0.05281650864472923	0.017421586593366005	1.3292278164141746
KCND2	IU_PDA_T12	B cells	56	3586	0.0	0.0004833612195575385	-0.0004833612195575385	0.17142037668504417
KCND2	IU_PDA_T12	DCs	56	3586	0.0071428571428571435	0.0026956683398401157	0.004447188803017027	2.590742628387516
KCND2	IU_PDA_T12	SPP1-TAM	56	3586	0.0023809523809523807	0.00617215095742702	-0.0037911985764746393	0.3955504894241455
KCND2	IU_PDA_T12	PVL	56	3586	0.0023809523809523807	0.005000929540806836	-0.0026199771598544555	0.4863726034843362
KCND2	IU_PDA_T12	C1Q-TAM	56	3586	0.0023809523809523807	0.005540063208774853	-0.003159110827822472	0.43988024408884213
KCND2	IU_PDA_T12	CD4+ cells	56	3586	0.0	0.0002602714259155977	-0.0002602714259155977	0.27756850198668664
KCND2	IU_PDA_T12	FCN1-TAM	56	3586	0.0	0.0	0.0	1.0
KCND3	IU_PDA_T12	myCAF	55	3587	0.6933333333333332	0.842542514636192	-0.14920918130285876	0.8229270672780149
KCND3	IU_PDA_T12	Tumor Epithelial cells	55	3587	0.013333333333333334	0.04616671313074982	-0.03283337979741648	0.2903455297412355
KCND3	IU_PDA_T12	Normal Epithelial cells	55	3587	0.056969696969697003	0.04031223863953151	0.016657458330165492	1.4121884580249673
KCND3	IU_PDA_T12	iCAF	55	3587	0.1527272727272727	0.05155654678933159	0.10117072593794113	2.958526696539372
KCND3	IU_PDA_T12	B cells	55	3587	0.0048484848484848485	0.0004088839327200074	0.004439600915764841	9.724191569647276
KCND3	IU_PDA_T12	DCs	55	3587	0.014545454545454544	0.002583403029458226	0.011962051515996318	5.457791611874059
KCND3	IU_PDA_T12	SPP1-TAM	55	3587	0.0036363636363636364	0.0061518446241055555	-0.002515480987741919	0.5976417939046579
KCND3	IU_PDA_T12	PVL	55	3587	0.03878787878787879	0.004441966360003713	0.034345912427875075	8.56190374510986
KCND3	IU_PDA_T12	C1Q-TAM	55	3587	0.019393939393939394	0.005278319858749175	0.014115619535190218	3.624540731289466
KCND3	IU_PDA_T12	CD4+ cells	55	3587	0.0012121212121212121	0.00024161323297091345	0.0009705079791502986	3.840955459219381
KCND3	IU_PDA_T12	FCN1-TAM	55	3587	0.0	0.0	0.0	1.0
KCNE4	IU_PDA_T12	myCAF	110	3532	0.8187878787878787	0.8409588523971364	-0.022170973609257683	0.9736392125877193
KCNE4	IU_PDA_T12	Tumor Epithelial cells	110	3532	0.010303030303030303	0.04677236693091723	-0.03646933662788693	0.22194378018850197
KCNE4	IU_PDA_T12	Normal Epithelial cells	110	3532	0.030303030303030318	0.04088335220838039	-0.01058032190535007	0.7418385433296357
KCNE4	IU_PDA_T12	iCAF	110	3532	0.09030303030303027	0.051925254813136784	0.03837777548989349	1.7376758773741325
KCNE4	IU_PDA_T12	B cells	110	3532	0.0006060606060606061	0.0004718761796904492	0.00013418442637015687	1.2346389500657111
KCNE4	IU_PDA_T12	DCs	110	3532	0.009696969696969697	0.0025481313703284232	0.007148838326641274	3.6995784298097982
KCNE4	IU_PDA_T12	SPP1-TAM	110	3532	0.004242424242424243	0.006172140430351065	-0.0019297161879268223	0.6923353025406015
KCNE4	IU_PDA_T12	PVL	110	3532	0.024242424242424246	0.004360135900339748	0.019882288342084498	5.4577763517407565
KCNE4	IU_PDA_T12	C1Q-TAM	110	3532	0.010303030303030303	0.005341638354095873	0.00496139194893443	1.911745990102417
KCNE4	IU_PDA_T12	CD4+ cells	110	3532	0.0006060606060606061	0.00024537561343903355	0.0003606849926215725	2.044326752054373
KCNE4	IU_PDA_T12	FCN1-TAM	110	3532	0.0	0.0	0.0	1.0
KCNJ15	IU_PDA_T12	myCAF	88	3554	0.7946969696969695	0.8414181204276925	-0.04672115073072303	0.9444799231334704
KCNJ15	IU_PDA_T12	Tumor Epithelial cells	88	3554	0.08863636363636364	0.044607015569311514	0.044029348067052124	1.9848420322038993
KCNJ15	IU_PDA_T12	Normal Epithelial cells	88	3554	0.06439393939393942	0.03997373851059826	0.02442020088334116	1.6093816497026543
KCNJ15	IU_PDA_T12	iCAF	88	3554	0.03863636363636366	0.05344213093228262	-0.014805767295918953	0.723474448287377
KCNJ15	IU_PDA_T12	B cells	88	3554	0.0	0.0004877133746013881	-0.0004877133746013881	0.17015096868915772
KCNJ15	IU_PDA_T12	DCs	88	3554	0.002272727272727273	0.002776214593884821	-0.000503487321157548	0.8249479290495143
KCNJ15	IU_PDA_T12	SPP1-TAM	88	3554	0.004545454545454545	0.006152691802663654	-0.0016072372572091091	0.7429527461237696
KCNJ15	IU_PDA_T12	PVL	88	3554	0.002272727272727273	0.00502719939973738	-0.002754472127010107	0.46277257577476044
KCNJ15	IU_PDA_T12	C1Q-TAM	88	3554	0.0037878787878787884	0.005533670981054199	-0.0017457921931754105	0.6901146341264094
KCNJ15	IU_PDA_T12	CD4+ cells	88	3554	0.0007575757575757576	0.00024385668730069404	0.0005137190702750635	2.4939917973031283
KCNJ15	IU_PDA_T12	FCN1-TAM	88	3554	0.0	0.0	0.0	1.0
KCNJ8	IU_PDA_T12	myCAF	75	3567	0.8373333333333332	0.8403513690309373	-0.003018035697604171	0.9964090299465107
KCNJ8	IU_PDA_T12	Tumor Epithelial cells	75	3567	0.0044444444444444444	0.0465377067563778	-0.042093262311933353	0.09744142155580972
KCNJ8	IU_PDA_T12	Normal Epithelial cells	75	3567	0.02222222222222222	0.040949443977198255	-0.018727221754976035	0.5437886621465944
KCNJ8	IU_PDA_T12	iCAF	75	3567	0.09688888888888891	0.05216334921969885	0.044725539669190066	1.8557725506870564
KCNJ8	IU_PDA_T12	B cells	75	3567	0.0008888888888888888	0.0004672460517708625	0.00042164283711802633	1.74331559611868
KCNJ8	IU_PDA_T12	DCs	75	3567	0.0044444444444444444	0.002728716942341834	0.0017157275021026106	1.6065391260683004
KCNJ8	IU_PDA_T12	SPP1-TAM	75	3567	0.0008888888888888888	0.006223717409587878	-0.005334828520698989	0.1563777798466386
KCNJ8	IU_PDA_T12	PVL	75	3567	0.02311111111111111	0.004579011307354449	0.01853209980375666	4.960687116662442
KCNJ8	IU_PDA_T12	C1Q-TAM	75	3567	0.008888888888888889	0.005420054200541993	0.0034688346883468956	1.6284059109431033
KCNJ8	IU_PDA_T12	CD4+ cells	75	3567	0.0	0.000261657788991683	-0.000261657788991683	0.27650448308829234
KCNJ8	IU_PDA_T12	FCN1-TAM	75	3567	0.0	0.0	0.0	1.0
KCNK1	IU_PDA_T12	myCAF	83	3559	0.8265060240963855	0.8406106584246565	-0.014104634328271026	0.9832229623986204
KCNK1	IU_PDA_T12	Tumor Epithelial cells	83	3559	0.05622489959839358	0.045424744778495764	0.010800154819897816	1.2372370207114136
KCNK1	IU_PDA_T12	Normal Epithelial cells	83	3559	0.04738955823293175	0.04040460803596503	0.006984950196966717	1.1724482851621378
KCNK1	IU_PDA_T12	iCAF	83	3559	0.044176706827309245	0.05329212325559588	-0.009115416428286637	0.8292741349758689
KCNK1	IU_PDA_T12	B cells	83	3559	0.0008032128514056225	0.0004682963379226374	0.0003349165134829851	1.5893342806100883
KCNK1	IU_PDA_T12	DCs	83	3559	0.005622489959839358	0.0026973869064343885	0.0029251030534049693	2.0456555175391777
KCNK1	IU_PDA_T12	SPP1-TAM	83	3559	0.00321285140562249	0.006181511660578803	-0.002968660254956313	0.5273971592559665
KCNK1	IU_PDA_T12	PVL	83	3559	0.009638554216867469	0.00485155006087852	0.004787004155988949	1.966768809187728
KCNK1	IU_PDA_T12	C1Q-TAM	83	3559	0.00642570281124498	0.005469701226936394	0.0009560015843085865	1.1716432435702542
KCNK1	IU_PDA_T12	CD4+ cells	83	3559	0.0	0.0002622459492366769	-0.0002622459492366769	0.27605553688238493
KCNK1	IU_PDA_T12	FCN1-TAM	83	3559	0.0	0.0	0.0	1.0
KCNK15	IU_PDA_T12	myCAF	20	3622	0.8066666666666669	0.8404748757592548	-0.03380820909258797	0.9597796578656357
KCNK15	IU_PDA_T12	Tumor Epithelial cells	20	3622	0.03333333333333334	0.04573900239278472	-0.012405669059451382	0.7293643314234933
KCNK15	IU_PDA_T12	Normal Epithelial cells	20	3622	0.03666666666666667	0.040585311982330056	-0.00391864531566339	0.9036840293281937
KCNK15	IU_PDA_T12	iCAF	20	3622	0.08333333333333333	0.05291735689306067	0.030415976440272656	1.5736984682511348
KCNK15	IU_PDA_T12	B cells	20	3622	0.0	0.00047855696668507264	-0.00047855696668507264	0.1728438265517132
KCNK15	IU_PDA_T12	DCs	20	3622	0.006666666666666666	0.002742499539849067	0.003924167126817599	2.3805339532353864
KCNK15	IU_PDA_T12	SPP1-TAM	20	3622	0.01	0.006092398306644569	0.003907601693355431	1.6310320331239827
KCNK15	IU_PDA_T12	PVL	20	3622	0.016666666666666666	0.004896005889931893	0.011770660776734772	3.356014191347407
KCNK15	IU_PDA_T12	C1Q-TAM	20	3622	0.006666666666666666	0.005484999079698129	0.001181667586968537	1.2115788328889763
KCNK15	IU_PDA_T12	CD4+ cells	20	3622	0.0	0.0002576845205227314	-0.0002576845205227314	0.2795759790047857
KCNK15	IU_PDA_T12	FCN1-TAM	20	3622	0.0	0.0	0.0	1.0
KCNK17	IU_PDA_T12	myCAF	39	3603	0.7692307692307693	0.8410583772782001	-0.07182760804743082	0.9146086991609726
KCNK17	IU_PDA_T12	Tumor Epithelial cells	39	3603	0.005128205128205128	0.04610972337866581	-0.04098151825046068	0.11314080124138755
KCNK17	IU_PDA_T12	Normal Epithelial cells	39	3603	0.035897435897435895	0.04061430289573488	-0.004716866998298985	0.8841471752475194
KCNK17	IU_PDA_T12	iCAF	39	3603	0.1487179487179487	0.05204921824405561	0.09666873047389307	2.853694719285886
KCNK17	IU_PDA_T12	B cells	39	3603	0.0	0.000481080580997317	-0.000481080580997317	0.17209317136079227
KCNK17	IU_PDA_T12	DCs	39	3603	0.013675213675213675	0.002645943195485241	0.011029270479728435	5.016569060081897
KCNK17	IU_PDA_T12	SPP1-TAM	39	3603	0.0	0.0061800351558886	-0.0061800351558886	0.01592347773821505
KCNK17	IU_PDA_T12	PVL	39	3603	0.011965811965811967	0.004884818207049676	0.007080993758762291	2.4205119353697073
KCNK17	IU_PDA_T12	C1Q-TAM	39	3603	0.013675213675213675	0.0054029049865852415	0.008272308688628435	2.5032621331450082
KCNK17	IU_PDA_T12	CD4+ cells	39	3603	0.0	0.00025904338976778606	-0.00025904338976778606	0.2785178695663378
KCNK17	IU_PDA_T12	FCN1-TAM	39	3603	0.0	0.0	0.0	1.0
KCNK3	IU_PDA_T12	myCAF	25	3617	0.6986666666666665	0.8412680858907076	-0.14260141922404101	0.8305124456044977
KCNK3	IU_PDA_T12	Tumor Epithelial cells	25	3617	0.0	0.04598654501889216	-0.04598654501889216	0.0021698306948157472
KCNK3	IU_PDA_T12	Normal Epithelial cells	25	3617	0.04533333333333333	0.04053082665192133	0.004802506681412001	1.1181985964143533
KCNK3	IU_PDA_T12	iCAF	25	3617	0.20000000000000007	0.05206893373882566	0.14793106626117442	3.835616058433637
KCNK3	IU_PDA_T12	B cells	25	3617	0.0026666666666666666	0.00046078702423739745	0.002205879642429269	4.933542587632084
KCNK3	IU_PDA_T12	DCs	25	3617	0.010666666666666666	0.002709427702515894	0.007957238964150772	3.832334484715488
KCNK3	IU_PDA_T12	SPP1-TAM	25	3617	0.0	0.006156114643811619	-0.006156114643811619	0.015984361811354802
KCNK3	IU_PDA_T12	PVL	25	3617	0.029333333333333333	0.004792185052068929	0.024541148281264403	6.016398198364518
KCNK3	IU_PDA_T12	C1Q-TAM	25	3617	0.013333333333333332	0.005437286886001279	0.007896046447332054	2.425977488595347
KCNK3	IU_PDA_T12	CD4+ cells	25	3617	0.0	0.00025804073357294253	-0.00025804073357294253	0.27929783017168164
KCNK3	IU_PDA_T12	FCN1-TAM	25	3617	0.0	0.0	0.0	1.0
KCNK6	IU_PDA_T12	myCAF	114	3528	0.8309941520467834	0.840589569161003	-0.009595417114219629	0.9885862541106634
KCNK6	IU_PDA_T12	Tumor Epithelial cells	114	3528	0.0345029239766082	0.04603174603174595	-0.01152882205513775	0.7500891891842963
KCNK6	IU_PDA_T12	Normal Epithelial cells	114	3528	0.0432748538011696	0.04047619047619034	0.0027986633249792586	1.0689730428641764
KCNK6	IU_PDA_T12	iCAF	114	3528	0.05964912280701753	0.052872260015116905	0.006776862791900623	1.1279322949401571
KCNK6	IU_PDA_T12	B cells	114	3528	0.0	0.000491307634164777	-0.000491307634164777	0.16911670714559632
KCNK6	IU_PDA_T12	DCs	114	3528	0.005263157894736842	0.0026832955404383946	0.0025798623542984474	1.9269092400773566
KCNK6	IU_PDA_T12	SPP1-TAM	114	3528	0.0017543859649122807	0.006254724111866958	-0.004500338146954677	0.2918121907840747
KCNK6	IU_PDA_T12	PVL	114	3528	0.015204678362573098	0.004629629629629626	0.010575048732943472	3.235914767341221
KCNK6	IU_PDA_T12	C1Q-TAM	114	3528	0.008771929824561403	0.00538548752834466	0.003386442296216743	1.6173457288378266
KCNK6	IU_PDA_T12	CD4+ cells	114	3528	0.0	0.0002645502645502645	-0.0002645502645502645	0.2743105950653121
KCNK6	IU_PDA_T12	FCN1-TAM	114	3528	0.0	0.0	0.0	1.0
KCNMA1	IU_PDA_T12	myCAF	156	3486	0.8115384615384611	0.8415758271180009	-0.030037365579539843	0.964312429308572
KCNMA1	IU_PDA_T12	Tumor Epithelial cells	156	3486	0.014957264957264956	0.047045324153757784	-0.032088059196492824	0.3193798160801233
KCNMA1	IU_PDA_T12	Normal Epithelial cells	156	3486	0.035042735042735064	0.04081086249760937	-0.005768127454874303	0.8590074346339834
KCNMA1	IU_PDA_T12	iCAF	156	3486	0.0854700854700855	0.05163511187607546	0.03383497359401004	1.654004067393479
KCNMA1	IU_PDA_T12	B cells	156	3486	0.002564102564102564	0.00038248231019315357	0.0021816202539094104	5.521658530933571
KCNMA1	IU_PDA_T12	DCs	156	3486	0.004700854700854701	0.0026773761713520723	0.0020234785295026284	1.7285576042504773
KCNMA1	IU_PDA_T12	SPP1-TAM	156	3486	0.005982905982905983	0.006119716963090446	-0.00013681098018446247	0.9780036646367773
KCNMA1	IU_PDA_T12	PVL	156	3486	0.025213675213675218	0.0040543124880474245	0.021159362725627795	6.093348848096148
KCNMA1	IU_PDA_T12	C1Q-TAM	156	3486	0.013247863247863246	0.005144387072097904	0.008103476175765342	2.5451712591694187
KCNMA1	IU_PDA_T12	CD4+ cells	156	3486	0.0	0.00026773761713520745	-0.00026773761713520745	0.2719330178376411
KCNMA1	IU_PDA_T12	FCN1-TAM	156	3486	0.0	0.0	0.0	1.0
KCNMB1	IU_PDA_T12	myCAF	80	3562	0.7824999999999999	0.8415871233389538	-0.05908712333895394	0.9297991834488846
KCNMB1	IU_PDA_T12	Tumor Epithelial cells	80	3562	0.016666666666666666	0.04632229084783818	-0.02965562418117151	0.3611770630110441
KCNMB1	IU_PDA_T12	Normal Epithelial cells	80	3562	0.029166666666666667	0.040819764177428275	-0.011653097510761608	0.7152208047868084
KCNMB1	IU_PDA_T12	iCAF	80	3562	0.10166666666666668	0.05199326221224006	0.049673404454426626	1.953547586481446
KCNMB1	IU_PDA_T12	B cells	80	3562	0.0025	0.0004304697735354669	0.0020695302264645333	4.901316021592634
KCNMB1	IU_PDA_T12	DCs	80	3562	0.012499999999999999	0.002545386486992324	0.009954613513007676	4.763009133809248
KCNMB1	IU_PDA_T12	SPP1-TAM	80	3562	0.004999999999999999	0.006138873292157953	-0.0011388732921579535	0.8174552937964812
KCNMB1	IU_PDA_T12	PVL	80	3562	0.03666666666666667	0.004248549504023953	0.032418117162642715	8.454926552553776
KCNMB1	IU_PDA_T12	C1Q-TAM	80	3562	0.013333333333333332	0.005315365899307493	0.00801796743402584	2.4805956943834877
KCNMB1	IU_PDA_T12	CD4+ cells	80	3562	0.0	0.0002620250795433277	-0.0002620250795433277	0.2762239569870238
KCNMB1	IU_PDA_T12	FCN1-TAM	80	3562	0.0	0.0	0.0	1.0
KCNMB4	IU_PDA_T12	myCAF	60	3582	0.8677777777777776	0.8398287734971209	0.02794900428065672	1.0332754456836721
KCNMB4	IU_PDA_T12	Tumor Epithelial cells	60	3582	0.0044444444444444444	0.04636143681369801	-0.041916992369253565	0.09781110435019148
KCNMB4	IU_PDA_T12	Normal Epithelial cells	60	3582	0.02	0.040908244928345286	-0.020908244928345286	0.4901453362639933
KCNMB4	IU_PDA_T12	iCAF	60	3582	0.08222222222222221	0.05259631490787244	0.02962590731434977	1.5622007414777286
KCNMB4	IU_PDA_T12	B cells	60	3582	0.0022222222222222222	0.00044667783361250696	0.0017755443886097151	4.247880706771524
KCNMB4	IU_PDA_T12	DCs	60	3582	0.0033333333333333335	0.002754513307277123	0.0005788200260562104	1.202773630299989
KCNMB4	IU_PDA_T12	SPP1-TAM	60	3582	0.0033333333333333335	0.006160431788572481	-0.0028270984552391473	0.5484179764725479
KCNMB4	IU_PDA_T12	PVL	60	3582	0.012222222222222223	0.004839009864135488	0.007383212358086735	2.4948770221537253
KCNMB4	IU_PDA_T12	C1Q-TAM	60	3582	0.0044444444444444444	0.00550902661455424	-0.0010645821701097957	0.8102019756248919
KCNMB4	IU_PDA_T12	CD4+ cells	60	3582	0.0	0.0002605620696072957	-0.0002605620696072957	0.27734475816858517
KCNMB4	IU_PDA_T12	FCN1-TAM	60	3582	0.0	0.0	0.0	1.0
KCNN3	IU_PDA_T12	myCAF	27	3615	0.7925925925925925	0.840645458736751	-0.04805286614415849	0.9428449292888723
KCNN3	IU_PDA_T12	Tumor Epithelial cells	27	3615	0.019753086419753086	0.045864453665283425	-0.02611136724553034	0.43192260185065484
KCNN3	IU_PDA_T12	Normal Epithelial cells	27	3615	0.0345679012345679	0.04060857538035946	-0.006040674145791562	0.8516117528223307
KCNN3	IU_PDA_T12	iCAF	27	3615	0.09876543209876543	0.05274319963116617	0.046022232467599254	1.8709206253373043
KCNN3	IU_PDA_T12	B cells	27	3615	0.0024691358024691358	0.00046104195481788836	0.0020080938476512472	4.579222249614229
KCNN3	IU_PDA_T12	DCs	27	3615	0.009876543209876543	0.0027109266943291807	0.007165616515547362	3.549200777808763
KCNN3	IU_PDA_T12	SPP1-TAM	27	3615	0.0	0.006159520516366979	-0.006159520516366979	0.01597566454787178
KCNN3	IU_PDA_T12	PVL	27	3615	0.022222222222222223	0.004831719686491466	0.017390502535730757	4.526255270218479
KCNN3	IU_PDA_T12	C1Q-TAM	27	3615	0.019753086419753086	0.005384970032272925	0.014368116387480161	3.619543279715265
KCNN3	IU_PDA_T12	CD4+ cells	27	3615	0.0	0.0002581834946980175	-0.0002581834946980175	0.27918651049041066
KCNN3	IU_PDA_T12	FCN1-TAM	27	3615	0.0	0.0	0.0	1.0
KCNN4	IU_PDA_T12	myCAF	84	3558	0.7841269841269839	0.8416151395915364	-0.05748815546455255	0.9317011744704389
KCNN4	IU_PDA_T12	Tumor Epithelial cells	84	3558	0.08809523809523812	0.04466928986321898	0.04342594823201913	1.9699941268824213
KCNN4	IU_PDA_T12	Normal Epithelial cells	84	3558	0.0785714285714286	0.03966647929548422	0.03890494927594438	1.9783352704387467
KCNN4	IU_PDA_T12	iCAF	84	3558	0.03174603174603176	0.05358815814127762	-0.02184212639524586	0.5931667773409282
KCNN4	IU_PDA_T12	B cells	84	3558	0.0	0.00048716507401161695	-0.00048716507401161695	0.1703098573571178
KCNN4	IU_PDA_T12	DCs	84	3558	0.0015873015873015873	0.0027918306164511865	-0.0012045290291495992	0.5834717903956007
KCNN4	IU_PDA_T12	SPP1-TAM	84	3558	0.002380952380952381	0.006201986134532498	-0.0038210337535801164	0.3936778545667851
KCNN4	IU_PDA_T12	PVL	84	3558	0.0071428571428571435	0.0049091249765785975	0.002233732166278546	1.4459326083343724
KCNN4	IU_PDA_T12	C1Q-TAM	84	3558	0.006349206349206349	0.0054712385235150705	0.0008779678256912787	1.1575893442697802
KCNN4	IU_PDA_T12	CD4+ cells	84	3558	0.0	0.00026231965523702453	-0.00026231965523702453	0.27599937942803954
KCNN4	IU_PDA_T12	FCN1-TAM	84	3558	0.0	0.0	0.0	1.0
KCNQ4	IU_PDA_T12	myCAF	20	3622	0.8266666666666668	0.8403644395361738	-0.013697772869507019	0.9837021386924277
KCNQ4	IU_PDA_T12	Tumor Epithelial cells	20	3622	0.04333333333333333	0.04568378428124414	-0.0023504509479108093	0.9486619338088726
KCNQ4	IU_PDA_T12	Normal Epithelial cells	20	3622	0.03333333333333333	0.040603718019510245	-0.007270384686176912	0.8213827866365415
KCNQ4	IU_PDA_T12	iCAF	20	3622	0.05	0.05310141726486261	-0.003101417264862606	0.9417042360089349
KCNQ4	IU_PDA_T12	B cells	20	3622	0.0	0.00047855696668507264	-0.00047855696668507264	0.1728438265517132
KCNQ4	IU_PDA_T12	DCs	20	3622	0.006666666666666666	0.002742499539849067	0.003924167126817599	2.3805339532353864
KCNQ4	IU_PDA_T12	SPP1-TAM	20	3622	0.01	0.006092398306644569	0.003907601693355431	1.6310320331239827
KCNQ4	IU_PDA_T12	PVL	20	3622	0.019999999999999997	0.004877599852751698	0.015122400147248298	4.038090765550065
KCNQ4	IU_PDA_T12	C1Q-TAM	20	3622	0.01	0.005466593042517934	0.004533406957482066	1.8143952544861213
KCNQ4	IU_PDA_T12	CD4+ cells	20	3622	0.0	0.0002576845205227314	-0.0002576845205227314	0.2795759790047857
KCNQ4	IU_PDA_T12	FCN1-TAM	20	3622	0.0	0.0	0.0	1.0
KCNS3	IU_PDA_T12	myCAF	108	3534	0.878395061728395	0.8391246934540705	0.03927036827432451	1.0467936281911534
KCNS3	IU_PDA_T12	Tumor Epithelial cells	108	3534	0.011728395061728394	0.0467081682701376	-0.034979773208409205	0.25269937916529417
KCNS3	IU_PDA_T12	Normal Epithelial cells	108	3534	0.02469135802469137	0.04104885870590442	-0.01635750068121305	0.6024798452340568
KCNS3	IU_PDA_T12	iCAF	108	3534	0.06666666666666667	0.05266930767779638	0.013997358988870286	1.2652556875359562
KCNS3	IU_PDA_T12	B cells	108	3534	0.0	0.0004904734955668742	-0.0004904734955668742	0.16935561164180057
KCNS3	IU_PDA_T12	DCs	108	3534	0.0012345679012345679	0.002810790416902468	-0.0015762225156679	0.45848986360713495
KCNS3	IU_PDA_T12	SPP1-TAM	108	3534	0.005555555555555556	0.0061309186945859165	-0.0005753631390303608	0.9076599828641164
KCNS3	IU_PDA_T12	PVL	108	3534	0.005555555555555557	0.004942463686096959	0.0006130918694585976	1.1215857778309857
KCNS3	IU_PDA_T12	C1Q-TAM	108	3534	0.006172839506172839	0.005470665912092046	0.0007021735940807928	1.1260484123732155
KCNS3	IU_PDA_T12	CD4+ cells	108	3534	0.0	0.0002641011129975476	-0.0002641011129975476	0.2746489819180354
KCNS3	IU_PDA_T12	FCN1-TAM	108	3534	0.0	0.0	0.0	1.0
KCNT2	IU_PDA_T12	myCAF	20	3622	0.8433333333333334	0.8402724093502728	0.0030609239830605706	1.0036423423103897
KCNT2	IU_PDA_T12	Tumor Epithelial cells	20	3622	0.023333333333333334	0.045794220504325314	-0.02246088717099198	0.5105944294472733
KCNT2	IU_PDA_T12	Normal Epithelial cells	20	3622	0.03666666666666667	0.040585311982330056	-0.00391864531566339	0.9036840293281937
KCNT2	IU_PDA_T12	iCAF	20	3622	0.08666666666666667	0.052898950855880464	0.033767715810786206	1.637139325693643
KCNT2	IU_PDA_T12	B cells	20	3622	0.0	0.00047855696668507264	-0.00047855696668507264	0.1728438265517132
KCNT2	IU_PDA_T12	DCs	20	3622	0.003333333333333333	0.002760905577029262	0.0005724277563040709	1.2000862107789223
KCNT2	IU_PDA_T12	SPP1-TAM	20	3622	0.0	0.006147616418185154	-0.006147616418185154	0.016006104297460792
KCNT2	IU_PDA_T12	PVL	20	3622	0.003333333333333333	0.004969630038652673	-0.00163629670531934	0.6772354801349154
KCNT2	IU_PDA_T12	C1Q-TAM	20	3622	0.003333333333333333	0.005503405116878323	-0.00217007178354499	0.6127226680419021
KCNT2	IU_PDA_T12	CD4+ cells	20	3622	0.0	0.0002576845205227314	-0.0002576845205227314	0.2795759790047857
KCNT2	IU_PDA_T12	FCN1-TAM	20	3622	0.0	0.0	0.0	1.0
KCNAB2	IU_PDA_T2	myCAF	23	4095	0.7594202898550726	0.6679690679690702	0.09145122188600241	1.1368888731280646
KCNAB2	IU_PDA_T2	Tumor Epithelial cells	23	4095	0.14202898550724638	0.20532356532356813	-0.06329457981632175	0.6918825758056298
KCNAB2	IU_PDA_T2	Normal Epithelial cells	23	4095	0.0	0.10012210012209863	-0.10012210012209863	0.0009977839206938585
KCNAB2	IU_PDA_T2	iCAF	23	4095	0.04057971014492754	0.009295889295889303	0.03128382084903824	4.329522077566931
KCNAB2	IU_PDA_T2	B cells	23	4095	0.017391304347826087	0.004623524623524616	0.012767779724301471	3.703019618171137
KCNAB2	IU_PDA_T2	DCs	23	4095	0.017391304347826087	0.003369963369963366	0.014021340977862722	5.040774925532067
KCNAB2	IU_PDA_T2	SPP1-TAM	23	4095	0.005797101449275362	0.004851444851444841	0.0009456565978305216	1.1909859901912423
KCNAB2	IU_PDA_T2	PVL	23	4095	0.0	0.0002767602767602768	-0.0002767602767602768	0.26542076266609055
KCNAB2	IU_PDA_T2	C1Q-TAM	23	4095	0.008695652173913044	0.0015628815628815624	0.007132770611031481	5.2894038699131976
KCNAB2	IU_PDA_T2	CD4+ cells	23	4095	0.005797101449275362	0.001318681318681319	0.004478420130594044	4.156748504136777
KCNAB2	IU_PDA_T2	FCN1-TAM	23	4095	0.002898550724637681	0.0011721611721611726	0.0017263895524765086	2.357052541969728
KCNC4	IU_PDA_T2	myCAF	23	4095	0.8057971014492754	0.6677085877085897	0.13808851374068576	1.206778583387944
KCNC4	IU_PDA_T2	Tumor Epithelial cells	23	4095	0.11014492753623188	0.2055026455026483	-0.09535771796641641	0.5362038375854062
KCNC4	IU_PDA_T2	Normal Epithelial cells	23	4095	0.02608695652173913	0.09997557997557847	-0.07388862345383934	0.26167179373958716
KCNC4	IU_PDA_T2	iCAF	23	4095	0.014492753623188404	0.009442409442409448	0.005050344180778956	1.5292525133467496
KCNC4	IU_PDA_T2	B cells	23	4095	0.014492753623188404	0.004639804639804632	0.009852948983383772	3.0787668969812003
KCNC4	IU_PDA_T2	DCs	23	4095	0.011594202898550725	0.0034025234025233985	0.008191679496027327	3.338793650921966
KCNC4	IU_PDA_T2	SPP1-TAM	23	4095	0.0	0.004884004884004874	-0.004884004884004874	0.020064185795830414
KCNC4	IU_PDA_T2	PVL	23	4095	0.0	0.0002767602767602768	-0.0002767602767602768	0.26542076266609055
KCNC4	IU_PDA_T2	C1Q-TAM	23	4095	0.005797101449275362	0.0015791615791615787	0.0042179398701137835	3.511932099006125
KCNC4	IU_PDA_T2	CD4+ cells	23	4095	0.0	0.0013512413512413517	-0.0013512413512413517	0.06890652606781275
KCNC4	IU_PDA_T2	FCN1-TAM	23	4095	0.008695652173913044	0.00113960113960114	0.007556051034311903	7.095550248318725
KCND2	IU_PDA_T2	myCAF	20	4098	0.8600000000000001	0.6675451439726717	0.19245485602732837	1.2882592014107512
KCND2	IU_PDA_T2	Tumor Epithelial cells	20	4098	0.13333333333333336	0.20531966813079827	-0.07198633479746491	0.6495645453402809
KCND2	IU_PDA_T2	Normal Epithelial cells	20	4098	0.0	0.10004880429477644	-0.10004880429477644	0.000998514168034014
KCND2	IU_PDA_T2	iCAF	20	4098	0.0	0.009516837481698395	-0.009516837481698395	0.010398428817197748
KCND2	IU_PDA_T2	B cells	20	4098	0.0	0.004717748495200903	-0.004717748495200903	0.020756583723623778
KCND2	IU_PDA_T2	DCs	20	4098	0.0	0.0034651049292337686	-0.0034651049292337686	0.028049665293159422
KCND2	IU_PDA_T2	SPP1-TAM	20	4098	0.006666666666666666	0.004847893281275409	0.0018187733853912572	1.3675854110019194
KCND2	IU_PDA_T2	PVL	20	4098	0.0	0.00027655767040832925	-0.00027655767040832925	0.26556357195316893
KCND2	IU_PDA_T2	C1Q-TAM	20	4098	0.0	0.0016105417276720349	-0.0016105417276720349	0.05846101172644014
KCND2	IU_PDA_T2	CD4+ cells	20	4098	0.0	0.0013502521555230197	-0.0013502521555230197	0.06895352619830167
KCND2	IU_PDA_T2	FCN1-TAM	20	4098	0.0	0.001187571172929885	-0.001187571172929885	0.07766560956195431
KCND3	IU_PDA_T2	myCAF	20	4098	0.5800000000000001	0.668911664226454	-0.08891166422645391	0.8670999789977382
KCND3	IU_PDA_T2	Tumor Epithelial cells	20	4098	0.21666666666666665	0.2049129656743154	0.011753700992351235	1.057331500735535
KCND3	IU_PDA_T2	Normal Epithelial cells	20	4098	0.06	0.0997559785261088	-0.03975597852610881	0.6018668174613699
KCND3	IU_PDA_T2	iCAF	20	4098	0.07333333333333333	0.009158939319993497	0.06417439401333984	7.931074045896752
KCND3	IU_PDA_T2	B cells	20	4098	0.023333333333333334	0.004603871807385709	0.018729461525947625	4.981711724486169
KCND3	IU_PDA_T2	DCs	20	4098	0.01666666666666667	0.0033837644379372013	0.013282902228729469	4.812801486829147
KCND3	IU_PDA_T2	SPP1-TAM	20	4098	0.006666666666666666	0.004847893281275409	0.0018187733853912572	1.3675854110019194
KCND3	IU_PDA_T2	PVL	20	4098	0.0	0.00027655767040832925	-0.00027655767040832925	0.26556357195316893
KCND3	IU_PDA_T2	C1Q-TAM	20	4098	0.013333333333333332	0.0015454693346347807	0.011787863998698552	8.163830860035395
KCND3	IU_PDA_T2	CD4+ cells	20	4098	0.003333333333333333	0.001333984057263706	0.0019993492760696273	2.394261858032604
KCND3	IU_PDA_T2	FCN1-TAM	20	4098	0.006666666666666666	0.001155034976411258	0.005511631690255408	5.391616005807093
KCNE4	IU_PDA_T2	myCAF	22	4096	0.7939393939393941	0.6678059895833355	0.12613340435605858	1.1888490391211273
KCNE4	IU_PDA_T2	Tumor Epithelial cells	22	4096	0.13939393939393943	0.20532226562500275	-0.06592832623106332	0.6790594922586671
KCNE4	IU_PDA_T2	Normal Epithelial cells	22	4096	0.009090909090909092	0.1000488281249985	-0.09095791903408941	0.09177250760675566
KCNE4	IU_PDA_T2	iCAF	22	4096	0.02727272727272727	0.009375000000000005	0.017897727272727267	2.8889421923722702
KCNE4	IU_PDA_T2	B cells	22	4096	0.009090909090909092	0.004671223958333325	0.004419685132575767	1.926321038620799
KCNE4	IU_PDA_T2	DCs	22	4096	0.009090909090909092	0.003417968749999996	0.005672940340909096	2.6125613227545306
KCNE4	IU_PDA_T2	SPP1-TAM	22	4096	0.012121212121212121	0.004817708333333323	0.007303503787878798	2.4851437484354286
KCNE4	IU_PDA_T2	PVL	22	4096	0.0	0.0002766927083333333	-0.0002766927083333333	0.26546837193225026
KCNE4	IU_PDA_T2	C1Q-TAM	22	4096	0.0	0.0016113281249999997	-0.0016113281249999997	0.05843414745491898
KCNE4	IU_PDA_T2	CD4+ cells	22	4096	0.0	0.0013509114583333337	-0.0013509114583333337	0.06892219330521401
KCNE4	IU_PDA_T2	FCN1-TAM	22	4096	0.0	0.001188151041666667	-0.001188151041666667	0.07763064793288181
KCNJ15	IU_PDA_T2	myCAF	50	4068	0.8439999999999999	0.666322517207475	0.17767748279252482	1.2666138646350826
KCNJ15	IU_PDA_T2	Tumor Epithelial cells	50	4068	0.13866666666666666	0.20578498852835403	-0.06711832186168737	0.6740008956386639
KCNJ15	IU_PDA_T2	Normal Epithelial cells	50	4068	0.005333333333333333	0.10072107505735674	-0.09538774172402341	0.053890849013882566
KCNJ15	IU_PDA_T2	iCAF	50	4068	0.0013333333333333333	0.009570632579482144	-0.00823729924614881	0.14821505434653662
KCNJ15	IU_PDA_T2	B cells	50	4068	0.0	0.004752540150770231	-0.004752540150770231	0.020607763540942008
KCNJ15	IU_PDA_T2	DCs	50	4068	0.0026666666666666666	0.0034578826614224804	-0.0007912159947558138	0.7776160514412589
KCNJ15	IU_PDA_T2	SPP1-TAM	50	4068	0.006666666666666667	0.004834480498197302	0.0018321861684693647	1.371302747906028
KCNJ15	IU_PDA_T2	PVL	50	4068	0.0	0.0002785971812520485	-0.0002785971812520485	0.26413297549995673
KCNJ15	IU_PDA_T2	C1Q-TAM	50	4068	0.0	0.001622418879056047	-0.001622418879056047	0.058057886624421996
KCNJ15	IU_PDA_T2	CD4+ cells	50	4068	0.0	0.0013602097672894137	-0.0013602097672894137	0.06848331126125114
KCNJ15	IU_PDA_T2	FCN1-TAM	50	4068	0.0013333333333333333	0.001179941002949853	0.00015339233038348036	1.1198432818621797
KCNJ16	IU_PDA_T2	myCAF	20	4098	0.5666666666666667	0.6689767366194913	-0.10231006995282466	0.8470876891195679
KCNJ16	IU_PDA_T2	Tumor Epithelial cells	20	4098	0.2566666666666667	0.20471774849520366	0.05194891817146305	1.2536348463603952
KCNJ16	IU_PDA_T2	Normal Epithelial cells	20	4098	0.17	0.09921913128355146	0.07078086871644855	1.7126609727824993
KCNJ16	IU_PDA_T2	iCAF	20	4098	0.0	0.009516837481698395	-0.009516837481698395	0.010398428817197748
KCNJ16	IU_PDA_T2	B cells	20	4098	0.003333333333333333	0.00470148039694159	-0.0013681470636082568	0.7150572426621321
KCNJ16	IU_PDA_T2	DCs	20	4098	0.0	0.0034651049292337686	-0.0034651049292337686	0.028049665293159422
KCNJ16	IU_PDA_T2	SPP1-TAM	20	4098	0.003333333333333333	0.004864161379534722	-0.0015308280462013888	0.6916240369395747
KCNJ16	IU_PDA_T2	PVL	20	4098	0.0	0.00027655767040832925	-0.00027655767040832925	0.26556357195316893
KCNJ16	IU_PDA_T2	C1Q-TAM	20	4098	0.0	0.0016105417276720349	-0.0016105417276720349	0.05846101172644014
KCNJ16	IU_PDA_T2	CD4+ cells	20	4098	0.0	0.0013502521555230197	-0.0013502521555230197	0.06895352619830167
KCNJ16	IU_PDA_T2	FCN1-TAM	20	4098	0.0	0.001187571172929885	-0.001187571172929885	0.07766560956195431
KCNJ8	IU_PDA_T2	myCAF	30	4088	0.7800000000000001	0.6676614481409022	0.11233855185909791	1.1682315625914865
KCNJ8	IU_PDA_T2	Tumor Epithelial cells	30	4088	0.07777777777777778	0.20590345727332304	-0.12812567949554526	0.37804112032183246
KCNJ8	IU_PDA_T2	Normal Epithelial cells	30	4088	0.017777777777777778	0.10016307893020072	-0.08238530115242294	0.17830868519630835
KCNJ8	IU_PDA_T2	iCAF	30	4088	0.05999999999999999	0.00909980430528376	0.05090019569471623	6.532747654804193
KCNJ8	IU_PDA_T2	B cells	30	4088	0.02666666666666667	0.00453359425962165	0.02213307240704502	5.776653104894916
KCNJ8	IU_PDA_T2	DCs	30	4088	0.017777777777777778	0.0033431180691454628	0.014434659708632315	5.192322022873531
KCNJ8	IU_PDA_T2	SPP1-TAM	30	4088	0.006666666666666667	0.004843444227005861	0.0018232224396608062	1.3688162252748006
KCNJ8	IU_PDA_T2	PVL	30	4088	0.0	0.00027723418134377036	-0.00027723418134377036	0.26508732491786274
KCNJ8	IU_PDA_T2	C1Q-TAM	30	4088	0.0022222222222222222	0.0015981735159817348	0.0006240487062404874	1.3674822981088108
KCNJ8	IU_PDA_T2	CD4+ cells	30	4088	0.006666666666666667	0.0013046314416177433	0.005362035225048923	4.817396554126224
KCNJ8	IU_PDA_T2	FCN1-TAM	30	4088	0.0044444444444444444	0.0011578604044357476	0.003286584040008697	3.61283686839876
KCNK1	IU_PDA_T2	myCAF	57	4061	0.767251461988304	0.6670934909299864	0.10015797105831759	1.1501183276214364
KCNK1	IU_PDA_T2	Tumor Epithelial cells	57	4061	0.18362573099415205	0.20526963802019477	-0.021643907026042714	0.8946099957389301
KCNK1	IU_PDA_T2	Normal Epithelial cells	57	4061	0.03391812865497076	0.10048428137568592	-0.06656615272071517	0.3382052164583432
KCNK1	IU_PDA_T2	iCAF	57	4061	0.005847953216374269	0.009521464335549543	-0.0036735111191752746	0.6181962546384623
KCNK1	IU_PDA_T2	B cells	57	4061	0.0	0.0047607321677747595	-0.0047607321677747595	0.020573032322778635
KCNK1	IU_PDA_T2	DCs	57	4061	0.0023391812865497076	0.0034638430600016376	-0.00112466177345193	0.6844244388664485
KCNK1	IU_PDA_T2	SPP1-TAM	57	4061	0.004678362573099415	0.004859230074694236	-0.00018086750159482072	0.9635291166429756
KCNK1	IU_PDA_T2	PVL	57	4061	0.0	0.0002790774029385209	-0.0002790774029385209	0.2637983673646147
KCNK1	IU_PDA_T2	C1Q-TAM	57	4061	0.0	0.001625215464171386	-0.001625215464171386	0.05796377442514382
KCNK1	IU_PDA_T2	CD4+ cells	57	4061	0.0	0.001362554379052779	-0.001362554379052779	0.06837352609395957
KCNK1	IU_PDA_T2	FCN1-TAM	57	4061	0.0023391812865497076	0.001165558565213823	0.0011736227213358847	1.9273555200012373
KCNK17	IU_PDA_T2	myCAF	20	4098	0.77	0.6679843826256731	0.10201561737432696	1.1526987009835346
KCNK17	IU_PDA_T2	Tumor Epithelial cells	20	4098	0.11666666666666665	0.20540100862209484	-0.08873434195542819	0.5682048348550649
KCNK17	IU_PDA_T2	Normal Epithelial cells	20	4098	0.0	0.10004880429477644	-0.10004880429477644	0.000998514168034014
KCNK17	IU_PDA_T2	iCAF	20	4098	0.043333333333333335	0.009305352204327318	0.03402798112900601	4.617937998467516
KCNK17	IU_PDA_T2	B cells	20	4098	0.023333333333333334	0.004603871807385709	0.018729461525947625	4.981711724486169
KCNK17	IU_PDA_T2	DCs	20	4098	0.02	0.003367496339677888	0.016632503660322113	5.79668960858
KCNK17	IU_PDA_T2	SPP1-TAM	20	4098	0.0	0.004880429477794036	-0.004880429477794036	0.020078589697106332
KCNK17	IU_PDA_T2	PVL	20	4098	0.003333333333333333	0.0002602895721490158	0.003073043761184317	9.529371923962612
KCNK17	IU_PDA_T2	C1Q-TAM	20	4098	0.003333333333333333	0.0015942736294127212	0.001739059703920612	2.0264337906996843
KCNK17	IU_PDA_T2	CD4+ cells	20	4098	0.01	0.0013014478607450794	0.00869855213925492	7.206832507226017
KCNK17	IU_PDA_T2	FCN1-TAM	20	4098	0.01	0.0011387668781519446	0.008861233121848056	8.153269334313888
KCNK3	IU_PDA_T2	myCAF	20	4098	0.7033333333333334	0.6683097445908595	0.03502358874247391	1.0523983814208338
KCNK3	IU_PDA_T2	Tumor Epithelial cells	20	4098	0.22999999999999998	0.20484789328127817	0.02515210671872181	1.1227243974847896
KCNK3	IU_PDA_T2	Normal Epithelial cells	20	4098	0.06666666666666668	0.09972344232959018	-0.033056775662923504	0.6688475683519417
KCNK3	IU_PDA_T2	iCAF	20	4098	0.0	0.009516837481698395	-0.009516837481698395	0.010398428817197748
KCNK3	IU_PDA_T2	B cells	20	4098	0.0	0.004717748495200903	-0.004717748495200903	0.020756583723623778
KCNK3	IU_PDA_T2	DCs	20	4098	0.0	0.0034651049292337686	-0.0034651049292337686	0.028049665293159422
KCNK3	IU_PDA_T2	SPP1-TAM	20	4098	0.0	0.004880429477794036	-0.004880429477794036	0.020078589697106332
KCNK3	IU_PDA_T2	PVL	20	4098	0.0	0.00027655767040832925	-0.00027655767040832925	0.26556357195316893
KCNK3	IU_PDA_T2	C1Q-TAM	20	4098	0.0	0.0016105417276720349	-0.0016105417276720349	0.05846101172644014
KCNK3	IU_PDA_T2	CD4+ cells	20	4098	0.0	0.0013502521555230197	-0.0013502521555230197	0.06895352619830167
KCNK3	IU_PDA_T2	FCN1-TAM	20	4098	0.0	0.001187571172929885	-0.001187571172929885	0.07766560956195431
KCNK6	IU_PDA_T2	myCAF	36	4082	0.7944444444444447	0.6673689367956903	0.12707550764875442	1.1903841521956127
KCNK6	IU_PDA_T2	Tumor Epithelial cells	36	4082	0.1685185185185185	0.20529152376286405	-0.03677300524434554	0.8209614273722317
KCNK6	IU_PDA_T2	Normal Epithelial cells	36	4082	0.02037037037037037	0.10026130981544844	-0.07989093944507807	0.2039667518091658
KCNK6	IU_PDA_T2	iCAF	36	4082	0.003703703703703704	0.009521476400457297	-0.005817772696753593	0.3953347225923579
KCNK6	IU_PDA_T2	B cells	36	4082	0.0	0.004736240405030206	-0.004736240405030206	0.020677218588221823
KCNK6	IU_PDA_T2	DCs	36	4082	0.005555555555555556	0.003429691327780496	0.00212586422777506	1.6022804915102378
KCNK6	IU_PDA_T2	SPP1-TAM	36	4082	0.003703703703703704	0.004866895312755175	-0.0011631916090514708	0.7658111283190626
KCNK6	IU_PDA_T2	PVL	36	4082	0.0	0.00027764167891556425	-0.00027764167891556425	0.2648012801107123
KCNK6	IU_PDA_T2	C1Q-TAM	36	4082	0.001851851851851852	0.0016005226196308994	0.00025132923222095254	1.1477952891185321
KCNK6	IU_PDA_T2	CD4+ cells	36	4082	0.0	0.0013555446676465788	-0.0013555446676465788	0.06870280398999135
KCNK6	IU_PDA_T2	FCN1-TAM	36	4082	0.001851851851851852	0.0011758941695247432	0.0006759576823271087	1.5297913404360923
KCNMA1	IU_PDA_T2	myCAF	43	4075	0.6542635658914728	0.6686298568507177	-0.01436629095924491	0.9785170486825565
KCNMA1	IU_PDA_T2	Tumor Epithelial cells	43	4075	0.19689922480620156	0.2050552147239291	-0.008155989917727535	0.9602447837911271
KCNMA1	IU_PDA_T2	Normal Epithelial cells	43	4075	0.027906976744186046	0.10031901840490645	-0.0724120416607204	0.2789011204158278
KCNMA1	IU_PDA_T2	iCAF	43	4075	0.04961240310077519	0.009047034764826177	0.040565368335949016	5.434810775174735
KCNMA1	IU_PDA_T2	B cells	43	4075	0.03255813953488372	0.004400817995910015	0.028157321538973705	7.256045359879213
KCNMA1	IU_PDA_T2	DCs	43	4075	0.023255813953488372	0.003239263803680979	0.020016550149807393	6.994300338817945
KCNMA1	IU_PDA_T2	SPP1-TAM	43	4075	0.0	0.004907975460122689	-0.004907975460122689	0.0199681489648414
KCNMA1	IU_PDA_T2	PVL	43	4075	0.0015503875968992248	0.00026175869120654394	0.0012886289056926808	4.562122865368688
KCNMA1	IU_PDA_T2	C1Q-TAM	43	4075	0.0031007751937984496	0.0015869120654396723	0.0015138631283587772	1.8974167411412803
KCNMA1	IU_PDA_T2	CD4+ cells	43	4075	0.009302325581395349	0.0012597137014314934	0.008042611879963855	6.914930379459052
KCNMA1	IU_PDA_T2	FCN1-TAM	43	4075	0.0	0.0011942740286298571	-0.0011942740286298571	0.07726339074103332
KCNMB1	IU_PDA_T2	myCAF	20	4098	0.7099999999999999	0.6682772083943409	0.04172279160565895	1.0624240190743348
KCNMB1	IU_PDA_T2	Tumor Epithelial cells	20	4098	0.20333333333333337	0.20497803806735276	-0.0016447047340193977	0.9919801030401937
KCNMB1	IU_PDA_T2	Normal Epithelial cells	20	4098	0.023333333333333334	0.09993492760696125	-0.07660159427362792	0.23425151488491355
KCNMB1	IU_PDA_T2	iCAF	20	4098	0.013333333333333332	0.009451765088661144	0.003881568244672189	1.4063718285199436
KCNMB1	IU_PDA_T2	B cells	20	4098	0.003333333333333333	0.00470148039694159	-0.0013681470636082568	0.7150572426621321
KCNMB1	IU_PDA_T2	DCs	20	4098	0.01666666666666667	0.0033837644379372013	0.013282902228729469	4.812801486829147
KCNMB1	IU_PDA_T2	SPP1-TAM	20	4098	0.01666666666666667	0.004799088986497469	0.011867577680169201	3.422405004864741
KCNMB1	IU_PDA_T2	PVL	20	4098	0.0	0.00027655767040832925	-0.00027655767040832925	0.26556357195316893
KCNMB1	IU_PDA_T2	C1Q-TAM	20	4098	0.003333333333333333	0.0015942736294127212	0.001739059703920612	2.0264337906996843
KCNMB1	IU_PDA_T2	CD4+ cells	20	4098	0.006666666666666666	0.0013177159590043927	0.005348950707662273	4.77293538503907
KCNMB1	IU_PDA_T2	FCN1-TAM	20	4098	0.003333333333333333	0.0011713030746705714	0.002162030258662762	2.700641099466389
KCNMB4	IU_PDA_T2	myCAF	20	4098	0.7300000000000001	0.6681795998047849	0.061820400195215175	1.0925067893936518
KCNMB4	IU_PDA_T2	Tumor Epithelial cells	20	4098	0.15000000000000005	0.2052383276395017	-0.05523832763950165	0.7309887137267439
KCNMB4	IU_PDA_T2	Normal Epithelial cells	20	4098	0.006666666666666666	0.10001626809825782	-0.09334960143159116	0.06758808328757929
KCNMB4	IU_PDA_T2	iCAF	20	4098	0.06333333333333332	0.009207743614771438	0.054125589718561885	6.815113947988888
KCNMB4	IU_PDA_T2	B cells	20	4098	0.030000000000000006	0.004571335610867082	0.025428664389132924	6.443553301967296
KCNMB4	IU_PDA_T2	DCs	20	4098	0.006666666666666666	0.0034325687327151416	0.0032340979339515246	1.9155088488443335
KCNMB4	IU_PDA_T2	SPP1-TAM	20	4098	0.006666666666666666	0.004847893281275409	0.0018187733853912572	1.3675854110019194
KCNMB4	IU_PDA_T2	PVL	20	4098	0.0	0.00027655767040832925	-0.00027655767040832925	0.26556357195316893
KCNMB4	IU_PDA_T2	C1Q-TAM	20	4098	0.0	0.0016105417276720349	-0.0016105417276720349	0.05846101172644014
KCNMB4	IU_PDA_T2	CD4+ cells	20	4098	0.003333333333333333	0.001333984057263706	0.0019993492760696273	2.394261858032604
KCNMB4	IU_PDA_T2	FCN1-TAM	20	4098	0.003333333333333333	0.0011713030746705714	0.002162030258662762	2.700641099466389
KCNN3	IU_PDA_T2	myCAF	20	4098	0.8100000000000002	0.6677891654465614	0.14221083455343875	1.2129257995349487
KCNN3	IU_PDA_T2	Tumor Epithelial cells	20	4098	0.15	0.20523832763950173	-0.05523832763950173	0.7309887137267435
KCNN3	IU_PDA_T2	Normal Epithelial cells	20	4098	0.03666666666666667	0.099869855213924	-0.06320318854725733	0.3677775324170494
KCNN3	IU_PDA_T2	iCAF	20	4098	0.0	0.009516837481698395	-0.009516837481698395	0.010398428817197748
KCNN3	IU_PDA_T2	B cells	20	4098	0.003333333333333333	0.00470148039694159	-0.0013681470636082568	0.7150572426621321
KCNN3	IU_PDA_T2	DCs	20	4098	0.0	0.0034651049292337686	-0.0034651049292337686	0.028049665293159422
KCNN3	IU_PDA_T2	SPP1-TAM	20	4098	0.0	0.004880429477794036	-0.004880429477794036	0.020078589697106332
KCNN3	IU_PDA_T2	PVL	20	4098	0.0	0.00027655767040832925	-0.00027655767040832925	0.26556357195316893
KCNN3	IU_PDA_T2	C1Q-TAM	20	4098	0.0	0.0016105417276720349	-0.0016105417276720349	0.05846101172644014
KCNN3	IU_PDA_T2	CD4+ cells	20	4098	0.0	0.0013502521555230197	-0.0013502521555230197	0.06895352619830167
KCNN3	IU_PDA_T2	FCN1-TAM	20	4098	0.0	0.001187571172929885	-0.001187571172929885	0.07766560956195431
KCNN4	IU_PDA_T2	myCAF	73	4045	0.7707762557077622	0.6666337041615182	0.10414255154624397	1.1561981206233052
KCNN4	IU_PDA_T2	Tumor Epithelial cells	73	4045	0.17990867579908676	0.2054223320972421	-0.02551365629815533	0.8758594453566065
KCNN4	IU_PDA_T2	Normal Epithelial cells	73	4045	0.020091324200913245	0.10099711578079783	-0.08090579157988459	0.19972205977362156
KCNN4	IU_PDA_T2	iCAF	73	4045	0.01643835616438356	0.009344870210135973	0.007093485954247587	1.751041125650944
KCNN4	IU_PDA_T2	B cells	73	4045	0.0018264840182648401	0.004746600741656358	-0.002920116723391518	0.39749179289863507
KCNN4	IU_PDA_T2	DCs	73	4045	0.0036529680365296802	0.0034445817882159005	0.00020838624831377977	1.0587900804000538
KCNN4	IU_PDA_T2	SPP1-TAM	73	4045	0.0036529680365296802	0.004878450762257921	-0.001225482725728241	0.7538425537882718
KCNN4	IU_PDA_T2	PVL	73	4045	0.0	0.00028018129377832714	-0.00028018129377832714	0.26303240489866697
KCNN4	IU_PDA_T2	C1Q-TAM	73	4045	0.0018264840182648401	0.001598681499793984	0.00022780251847085613	1.1341054921116667
KCNN4	IU_PDA_T2	CD4+ cells	73	4045	0.0009132420091324201	0.0013514627111660491	-0.00043822070203362905	0.6980833894922595
KCNN4	IU_PDA_T2	FCN1-TAM	73	4045	0.0	0.0012031314379892875	-0.0012031314379892875	0.07673822999336008
KCNQ4	IU_PDA_T2	myCAF	20	4098	0.6733333333333335	0.6684561574751933	0.004877175858140181	1.0072950877852338
KCNQ4	IU_PDA_T2	Tumor Epithelial cells	20	4098	0.2666666666666667	0.20466894420042572	0.061997722466240995	1.3027691660389589
KCNQ4	IU_PDA_T2	Normal Epithelial cells	20	4098	0.056666666666666664	0.09977224662436812	-0.04310557995770146	0.5683928076653079
KCNQ4	IU_PDA_T2	iCAF	20	4098	0.0	0.009516837481698395	-0.009516837481698395	0.010398428817197748
KCNQ4	IU_PDA_T2	B cells	20	4098	0.0	0.004717748495200903	-0.004717748495200903	0.020756583723623778
KCNQ4	IU_PDA_T2	DCs	20	4098	0.0	0.0034651049292337686	-0.0034651049292337686	0.028049665293159422
KCNQ4	IU_PDA_T2	SPP1-TAM	20	4098	0.0	0.004880429477794036	-0.004880429477794036	0.020078589697106332
KCNQ4	IU_PDA_T2	PVL	20	4098	0.0	0.00027655767040832925	-0.00027655767040832925	0.26556357195316893
KCNQ4	IU_PDA_T2	C1Q-TAM	20	4098	0.003333333333333333	0.0015942736294127214	0.0017390597039206117	2.0264337906996843
KCNQ4	IU_PDA_T2	CD4+ cells	20	4098	0.0	0.0013502521555230197	-0.0013502521555230197	0.06895352619830167
KCNQ4	IU_PDA_T2	FCN1-TAM	20	4098	0.0	0.001187571172929885	-0.001187571172929885	0.07766560956195431
KCNS3	IU_PDA_T2	myCAF	49	4069	0.7959183673469387	0.6669451953797019	0.1289731719672368	1.1933499751749526
KCNS3	IU_PDA_T2	Tumor Epithelial cells	49	4069	0.15782312925170064	0.20553780617678646	-0.047714676925085825	0.7679673897898638
KCNS3	IU_PDA_T2	Normal Epithelial cells	49	4069	0.00816326530612245	0.10066355369869597	-0.09250028839257352	0.0820064894776472
KCNS3	IU_PDA_T2	iCAF	49	4069	0.010884353741496601	0.009453592201196041	0.0014307615403005604	1.1497616299889208
KCNS3	IU_PDA_T2	B cells	49	4069	0.006802721088435375	0.0046694519537969935	0.0021332691346383813	1.4472776233630094
KCNS3	IU_PDA_T2	DCs	49	4069	0.006802721088435375	0.0034078807241746502	0.0033948403642607245	1.96777531255983
KCNS3	IU_PDA_T2	SPP1-TAM	49	4069	0.005442176870748299	0.004849676415171612	0.0005925004555766868	1.1197048869216117
KCNS3	IU_PDA_T2	PVL	49	4069	0.0013605442176870747	0.000262144671090358	0.0010983995465967168	4.033040754927075
KCNS3	IU_PDA_T2	C1Q-TAM	49	4069	0.0027210884353741495	0.0015892520684852949	0.0011318363668888546	1.6700221879282588
KCNS3	IU_PDA_T2	CD4+ cells	49	4069	0.0027210884353741495	0.0013271073973949376	0.0013939810379792119	1.9767877599988652
KCNS3	IU_PDA_T2	FCN1-TAM	49	4069	0.0013605442176870747	0.0011796510199066114	0.00018089319778046334	1.1413613516235581
KCNAB2	IU_PDA_T3	myCAF	61	4293	0.4393442622950819	0.5908688562776623	-0.1515245939825804	0.7435996967133109
KCNAB2	IU_PDA_T3	Tumor Epithelial cells	61	4293	0.022950819672131147	0.08090690270983676	-0.057956083037705615	0.28455377135820376
KCNAB2	IU_PDA_T3	Normal Epithelial cells	61	4293	0.012021857923497267	0.06955508968087523	-0.05753323175737796	0.17402687985951282
KCNAB2	IU_PDA_T3	iCAF	61	4293	0.2426229508196721	0.13237052566193006	0.11025242515774206	1.8322789134173934
KCNAB2	IU_PDA_T3	B cells	61	4293	0.17158469945355198	0.07126329683981641	0.10032140261373557	2.405784304485247
KCNAB2	IU_PDA_T3	DCs	61	4293	0.04153005464480874	0.016880192561534377	0.02464986208327436	2.4516833065317685
KCNAB2	IU_PDA_T3	SPP1-TAM	61	4293	0.0	0.00335429769392033	-0.00335429769392033	0.028949444680463725
KCNAB2	IU_PDA_T3	PVL	61	4293	0.01639344262295082	0.010979113285193003	0.005414329337757817	1.488696992113435
KCNAB2	IU_PDA_T3	C1Q-TAM	61	4293	0.012021857923497267	0.0023138442425654146	0.009708013680931852	5.021806175287537
KCNAB2	IU_PDA_T3	CD4+ cells	61	4293	0.02841530054644809	0.014783756502834103	0.013631544043613986	1.9158671764764712
KCNAB2	IU_PDA_T3	FCN1-TAM	61	4293	0.009836065573770491	0.005295442192716816	0.004540623381053675	1.8415664961034997
KCNC4	IU_PDA_T3	myCAF	20	4334	0.35666666666666674	0.5898169512382719	-0.2331502845716052	0.604774393951202
KCNC4	IU_PDA_T3	Tumor Epithelial cells	20	4334	0.03	0.08032610367635651	-0.05032610367635651	0.37425659859298555
KCNC4	IU_PDA_T3	Normal Epithelial cells	20	4334	0.003333333333333333	0.06905091524380803	-0.0657175819104747	0.04964986104997017
KCNC4	IU_PDA_T3	iCAF	20	4334	0.2833333333333333	0.13322565759113972	0.1501076757421936	2.1258723823625765
KCNC4	IU_PDA_T3	B cells	20	4334	0.16333333333333333	0.0722504230118439	0.09108291032148944	2.2589133073427776
KCNC4	IU_PDA_T3	DCs	20	4334	0.06999999999999999	0.016982002768804894	0.0530179972311951	4.103734260482408
KCNC4	IU_PDA_T3	SPP1-TAM	20	4334	0.0	0.0033225657591139774	-0.0033225657591139774	0.029217846211927183
KCNC4	IU_PDA_T3	PVL	20	4334	0.01	0.011059836948161875	-0.0010598369481618752	0.9050311439956621
KCNC4	IU_PDA_T3	C1Q-TAM	20	4334	0.003333333333333333	0.002445777572681124	0.0008875557606522091	1.348638376807392
KCNC4	IU_PDA_T3	CD4+ cells	20	4334	0.06333333333333332	0.014751576680510721	0.048581756652822605	4.2711514540119495
KCNC4	IU_PDA_T3	FCN1-TAM	20	4334	0.01	0.005337640363021062	0.004662359636978938	1.8574233170486119
KCND2	IU_PDA_T3	myCAF	20	4334	0.45999999999999996	0.5893401015228437	-0.1293401015228437	0.7805712553511578
KCND2	IU_PDA_T3	Tumor Epithelial cells	20	4334	0.003333333333333333	0.0804491616674348	-0.07711582833410147	0.04262407283031221
KCND2	IU_PDA_T3	Normal Epithelial cells	20	4334	0.16999999999999998	0.06828180279956869	0.10171819720043129	2.4875038831394023
KCND2	IU_PDA_T3	iCAF	20	4334	0.23333333333333334	0.1334563913244115	0.09987694200892183	1.7478260008262614
KCND2	IU_PDA_T3	B cells	20	4334	0.056666666666666664	0.07274265497615706	-0.016075988309490398	0.7793052942022445
KCND2	IU_PDA_T3	DCs	20	4334	0.013333333333333332	0.017243500999846263	-0.003910167666512931	0.7745456545049588
KCND2	IU_PDA_T3	SPP1-TAM	20	4334	0.0	0.0033225657591139774	-0.0033225657591139774	0.029217846211927183
KCND2	IU_PDA_T3	PVL	20	4334	0.003333333333333333	0.011090601445931448	-0.007757268112598115	0.30680507655659434
KCND2	IU_PDA_T3	C1Q-TAM	20	4334	0.013333333333333332	0.0023996308260267633	0.010933702507306568	5.374126928449675
KCND2	IU_PDA_T3	CD4+ cells	20	4334	0.026666666666666665	0.014920781418243382	0.011745885248423283	1.7819756456982594
KCND2	IU_PDA_T3	FCN1-TAM	20	4334	0.016666666666666666	0.0053068758652514885	0.011359790801415179	3.1009897553634334
KCND3	IU_PDA_T3	myCAF	20	4334	0.22333333333333333	0.5904322411936633	-0.36709890786033	0.37835924568944745
KCND3	IU_PDA_T3	Tumor Epithelial cells	20	4334	0.0	0.08046454391631959	-0.08046454391631959	0.0012412408131282607
KCND3	IU_PDA_T3	Normal Epithelial cells	20	4334	0.006666666666666666	0.06903553299492324	-0.06236886632825657	0.09787538149396427
KCND3	IU_PDA_T3	iCAF	20	4334	0.44333333333333325	0.1324873096446699	0.3108460236886633	3.344462863917532
KCND3	IU_PDA_T3	B cells	20	4334	0.14999999999999997	0.07231195200738304	0.07768804799261693	2.07286222562673
KCND3	IU_PDA_T3	DCs	20	4334	0.06666666666666667	0.01699738501768968	0.049669281648976986	3.905080607214907
KCND3	IU_PDA_T3	SPP1-TAM	20	4334	0.0	0.0033225657591139774	-0.0033225657591139774	0.029217846211927183
KCND3	IU_PDA_T3	PVL	20	4334	0.04666666666666667	0.010890632210429217	0.03577603445623745	4.255138901135179
KCND3	IU_PDA_T3	C1Q-TAM	20	4334	0.0	0.002461159821565911	-0.002461159821565911	0.039044810541678465
KCND3	IU_PDA_T3	CD4+ cells	20	4334	0.043333333333333335	0.014843870173819444	0.02848946315951389	2.9064313881303203
KCND3	IU_PDA_T3	FCN1-TAM	20	4334	0.01666666666666667	0.0053068758652514885	0.011359790801415182	3.100989755363434
KCNE4	IU_PDA_T3	myCAF	31	4323	0.47096774193548385	0.589590562109647	-0.11862282017416315	0.7988388694067204
KCNE4	IU_PDA_T3	Tumor Epithelial cells	31	4323	0.01935483870967742	0.0805304957976704	-0.061175657087992975	0.24128387798205148
KCNE4	IU_PDA_T3	Normal Epithelial cells	31	4323	0.002150537634408602	0.06922661731821976	-0.06707607968381116	0.03246282195016512
KCNE4	IU_PDA_T3	iCAF	31	4323	0.3741935483870968	0.13219215051276104	0.24200139787433575	2.829295214692213
KCNE4	IU_PDA_T3	B cells	31	4323	0.0774193548387097	0.07263474439046914	0.0047846104482405505	1.0657816355627079
KCNE4	IU_PDA_T3	DCs	31	4323	0.027956989247311825	0.017148585087516474	0.010808404159795351	1.626625552470263
KCNE4	IU_PDA_T3	SPP1-TAM	31	4323	0.0	0.0033310201249132495	-0.0033310201249132495	0.02914585060981781
KCNE4	IU_PDA_T3	PVL	31	4323	0.01075268817204301	0.011057136247975994	-0.0003044480759329844	0.9727127043027538
KCNE4	IU_PDA_T3	C1Q-TAM	31	4323	0.002150537634408602	0.0024520009252833657	-0.0003014632908747636	0.8818717940545848
KCNE4	IU_PDA_T3	CD4+ cells	31	4323	0.004301075268817204	0.015051276119978446	-0.010750200851161242	0.2904755503078684
KCNE4	IU_PDA_T3	FCN1-TAM	31	4323	0.01075268817204301	0.005320379366180882	0.005432308805862128	2.0022008495854875
KCNJ15	IU_PDA_T3	myCAF	23	4331	0.6405797101449275	0.5884707150003857	0.052108995144541814	1.0885348078259511
KCNJ15	IU_PDA_T3	Tumor Epithelial cells	23	4331	0.02028985507246377	0.08041252982375027	-0.060122674751286506	0.25325070665521426
KCNJ15	IU_PDA_T3	Normal Epithelial cells	23	4331	0.0	0.06911413838220519	-0.06911413838220519	0.0014447915171289598
KCNJ15	IU_PDA_T3	iCAF	23	4331	0.16231884057971016	0.13376433464173	0.028554505937980174	1.2133092882013905
KCNJ15	IU_PDA_T3	B cells	23	4331	0.0898550724637681	0.0725775417532513	0.017277530710516797	1.2377286063028385
KCNJ15	IU_PDA_T3	DCs	23	4331	0.04057971014492753	0.017101516201031414	0.02347819394389612	2.364890959000949
KCNJ15	IU_PDA_T3	SPP1-TAM	23	4331	0.0	0.0033248672362041045	-0.0033248672362041045	0.029198212106707346
KCNJ15	IU_PDA_T3	PVL	23	4331	0.002898550724637681	0.011098283691218402	-0.008199732966580721	0.2677687766554011
KCNJ15	IU_PDA_T3	C1Q-TAM	23	4331	0.017391304347826087	0.0023705071961825576	0.01502079715164353	7.080045901041598
KCNJ15	IU_PDA_T3	CD4+ cells	23	4331	0.008695652173913044	0.015008081274532476	-0.0063124291006194325	0.582181947137111
KCNJ15	IU_PDA_T3	FCN1-TAM	23	4331	0.017391304347826087	0.00529515893173246	0.012096145416093627	3.242036901813639
KCNJ8	IU_PDA_T3	myCAF	46	4308	0.35652173913043483	0.591225626740948	-0.2347038876105132	0.6030885911302912
KCNJ8	IU_PDA_T3	Tumor Epithelial cells	46	4308	0.010144927536231885	0.0808418446301445	-0.07069691709391261	0.12657146106621409
KCNJ8	IU_PDA_T3	Normal Epithelial cells	46	4308	0.0782608695652174	0.06864747756112598	0.00961339200409142	1.1398362870193135
KCNJ8	IU_PDA_T3	iCAF	46	4308	0.30869565217391304	0.13204890126895674	0.1766467509049563	2.336725082151346
KCNJ8	IU_PDA_T3	B cells	46	4308	0.12318840579710146	0.072129371711544	0.05105903408555745	1.7069012629580576
KCNJ8	IU_PDA_T3	DCs	46	4308	0.04492753623188405	0.01692974311358722	0.02799779311829683	2.644052580919951
KCNJ8	IU_PDA_T3	SPP1-TAM	46	4308	0.0	0.003342618384401109	-0.003342618384401109	0.02904765757747395
KCNJ8	IU_PDA_T3	PVL	46	4308	0.03333333333333333	0.010817084493964764	0.02251624883936857	3.062478205771524
KCNJ8	IU_PDA_T3	C1Q-TAM	46	4308	0.002898550724637681	0.002445063447848961	0.00045348727678872023	1.17818309290953
KCNJ8	IU_PDA_T3	CD4+ cells	46	4308	0.024637681159420288	0.014871556793562397	0.00976612436585789	1.6523118804890895
KCNJ8	IU_PDA_T3	FCN1-TAM	46	4308	0.013043478260869565	0.005277004023522118	0.007766474237347446	2.444386912000141
KCNK1	IU_PDA_T3	myCAF	51	4303	0.5934640522875817	0.5886900611976151	0.004773991089966567	1.0081081380352381
KCNK1	IU_PDA_T3	Tumor Epithelial cells	51	4303	0.14771241830065363	0.07929351615152128	0.06841890214913235	1.8617693920817908
KCNK1	IU_PDA_T3	Normal Epithelial cells	51	4303	0.03529411764705882	0.06914555736307942	-0.0338514397160206	0.5111391834348983
KCNK1	IU_PDA_T3	iCAF	51	4303	0.12549019607843137	0.13401502827484688	-0.008524832196415505	0.9364364135319329
KCNK1	IU_PDA_T3	B cells	51	4303	0.03137254901960784	0.0731582616778987	-0.041785712658290855	0.42961091757795294
KCNK1	IU_PDA_T3	DCs	51	4303	0.0065359477124183	0.017352234874893572	-0.010816287162475272	0.38023483868903457
KCNK1	IU_PDA_T3	SPP1-TAM	51	4303	0.0	0.003346502440158024	-0.003346502440158024	0.02901492215262002
KCNK1	IU_PDA_T3	PVL	51	4303	0.022222222222222223	0.010922612131071398	0.011299610091150825	2.025129974345972
KCNK1	IU_PDA_T3	C1Q-TAM	51	4303	0.01045751633986928	0.002354946161592685	0.008102570178276595	4.300508298324524
KCNK1	IU_PDA_T3	CD4+ cells	51	4303	0.0065359477124183	0.01507475404756375	-0.00853880633514545	0.4373018298430792
KCNK1	IU_PDA_T3	FCN1-TAM	51	4303	0.02091503267973856	0.005174684328762867	0.015740348350975694	3.9841308730350993
KCNK15	IU_PDA_T3	myCAF	20	4334	0.3566666666666667	0.5898169512382719	-0.23315028457160525	0.604774393951202
KCNK15	IU_PDA_T3	Tumor Epithelial cells	20	4334	0.06999999999999999	0.08014151668973908	-0.010141516689739088	0.8736125997100459
KCNK15	IU_PDA_T3	Normal Epithelial cells	20	4334	0.056666666666666664	0.06880479926165145	-0.012138132594984787	0.8238419859712125
KCNK15	IU_PDA_T3	iCAF	20	4334	0.31000000000000005	0.1331025996000614	0.17689740039993865	2.3280326429894775
KCNK15	IU_PDA_T3	B cells	20	4334	0.13666666666666666	0.07237348100292218	0.06429318566374448	1.8871270535653188
KCNK15	IU_PDA_T3	DCs	20	4334	0.016666666666666666	0.017228118750961478	-0.0005614520842948112	0.9675987859753293
KCNK15	IU_PDA_T3	SPP1-TAM	20	4334	0.0	0.0033225657591139774	-0.0033225657591139774	0.029217846211927183
KCNK15	IU_PDA_T3	PVL	20	4334	0.026666666666666665	0.010982925703737939	0.015683740962928724	2.415126418977894
KCNK15	IU_PDA_T3	C1Q-TAM	20	4334	0.003333333333333333	0.002445777572681124	0.0008875557606522091	1.348638376807392
KCNK15	IU_PDA_T3	CD4+ cells	20	4334	0.013333333333333332	0.01498231041378253	-0.001648977080449197	0.8906681380233146
KCNK15	IU_PDA_T3	FCN1-TAM	20	4334	0.01	0.005337640363021062	0.004662359636978938	1.8574233170486119
KCNK17	IU_PDA_T3	myCAF	20	4334	0.6100000000000001	0.588647900323028	0.021352099676972047	1.036266965309357
KCNK17	IU_PDA_T3	Tumor Epithelial cells	20	4334	0.026666666666666665	0.08034148592524129	-0.053674819258574626	0.3327470441252465
KCNK17	IU_PDA_T3	Normal Epithelial cells	20	4334	0.05	0.06883556375942101	-0.018835563759421012	0.7267656528471218
KCNK17	IU_PDA_T3	iCAF	20	4334	0.1733333333333333	0.1337332718043376	0.0396000615289957	1.2958910067362803
KCNK17	IU_PDA_T3	B cells	20	4334	0.10999999999999999	0.07249653899400048	0.03750346100599951	1.5166012254261718
KCNK17	IU_PDA_T3	DCs	20	4334	0.023333333333333334	0.017197354253191903	0.006135979080141431	1.354735122512112
KCNK17	IU_PDA_T3	SPP1-TAM	20	4334	0.0	0.0033225657591139774	-0.0033225657591139774	0.029217846211927183
KCNK17	IU_PDA_T3	PVL	20	4334	0.0	0.011105983694816234	-0.011105983694816234	0.008923803810838928
KCNK17	IU_PDA_T3	C1Q-TAM	20	4334	0.0	0.002461159821565911	-0.002461159821565911	0.039044810541678465
KCNK17	IU_PDA_T3	CD4+ cells	20	4334	0.0	0.015043839409321677	-0.015043839409321677	0.006603345247998718
KCNK17	IU_PDA_T3	FCN1-TAM	20	4334	0.006666666666666666	0.005353022611905849	0.0013136440547608175	1.2409020002764475
KCNK3	IU_PDA_T3	myCAF	51	4303	0.03660130718954248	0.5952901076768154	-0.558688800487273	0.06164245377329039
KCNK3	IU_PDA_T3	Tumor Epithelial cells	51	4303	0.009150326797385621	0.08093578123789508	-0.07178545444050946	0.11415113985548712
KCNK3	IU_PDA_T3	Normal Epithelial cells	51	4303	0.5777777777777778	0.06271593461925735	0.5150618431585204	9.199541187764465
KCNK3	IU_PDA_T3	iCAF	51	4303	0.32156862745098036	0.13169106824695925	0.1898775592040211	2.440746795133456
KCNK3	IU_PDA_T3	B cells	51	4303	0.0130718954248366	0.07337516461383485	-0.060303269188998254	0.17927003626415047
KCNK3	IU_PDA_T3	DCs	51	4303	0.00130718954248366	0.017414207142303906	-0.016107017599820247	0.08034560348922261
KCNK3	IU_PDA_T3	SPP1-TAM	51	4303	0.0	0.003346502440158024	-0.003346502440158024	0.02901492215262002
KCNK3	IU_PDA_T3	PVL	51	4303	0.00261437908496732	0.01115500813386015	-0.00854062904889283	0.2411707795040362
KCNK3	IU_PDA_T3	C1Q-TAM	51	4303	0.01045751633986928	0.0023549461615926855	0.008102570178276595	4.300508298324523
KCNK3	IU_PDA_T3	CD4+ cells	51	4303	0.0196078431372549	0.014919823379037914	0.004688019758216987	1.312122162818487
KCNK3	IU_PDA_T3	FCN1-TAM	51	4303	0.00522875816993464	0.005360601130993869	-0.0001318429610592288	0.9758555957674879
KCNK6	IU_PDA_T3	myCAF	35	4319	0.5028571428571429	0.589442000463071	-0.08658485760592816	0.8531319947723524
KCNK6	IU_PDA_T3	Tumor Epithelial cells	35	4319	0.045714285714285714	0.08037354325846936	-0.03465925754418365	0.5693086679076236
KCNK6	IU_PDA_T3	Normal Epithelial cells	35	4319	0.007619047619047619	0.06924442386354804	-0.061625376244500416	0.11131461174494313
KCNK6	IU_PDA_T3	iCAF	35	4319	0.20190476190476186	0.1333642046770084	0.06854055722775346	1.5135501117593728
KCNK6	IU_PDA_T3	B cells	35	4319	0.13523809523809527	0.0721617658408578	0.06307632939723747	1.872886631862146
KCNK6	IU_PDA_T3	DCs	35	4319	0.03238095238095238	0.017102724396079433	0.015278227984872945	1.8881283936836724
KCNK6	IU_PDA_T3	SPP1-TAM	35	4319	0.0019047619047619048	0.0033186694450875924	-0.0014139075403256877	0.5864158372031605
KCNK6	IU_PDA_T3	PVL	35	4319	0.022857142857142854	0.010959327004707933	0.01189781585243492	2.0758173483223747
KCNK6	IU_PDA_T3	C1Q-TAM	35	4319	0.009523809523809525	0.0023925291348305916	0.007131280388978933	3.86106199896581
KCNK6	IU_PDA_T3	CD4+ cells	35	4319	0.02857142857142857	0.014864551979624947	0.013706876591803623	1.9159563621060145
KCNK6	IU_PDA_T3	FCN1-TAM	35	4319	0.009523809523809523	0.005325306783977761	0.004198502739831762	1.773873793133865
KCNMA1	IU_PDA_T3	myCAF	69	4285	0.36038647342995167	0.5924231816413857	-0.23203670821143407	0.608392185486052
KCNMA1	IU_PDA_T3	Tumor Epithelial cells	69	4285	0.010628019323671497	0.08121353558926389	-0.0705855162655924	0.13193399162793204
KCNMA1	IU_PDA_T3	Normal Epithelial cells	69	4285	0.007729468599033816	0.06973162193698888	-0.062002153337955064	0.11211924314315046
KCNMA1	IU_PDA_T3	iCAF	69	4285	0.35265700483091783	0.13039284325165276	0.22226416157926507	2.7032670607891744
KCNMA1	IU_PDA_T3	B cells	69	4285	0.10241545893719808	0.0721898094126795	0.03022564952451859	1.418117709398983
KCNMA1	IU_PDA_T3	DCs	69	4285	0.030917874396135265	0.017005056398288695	0.01391281799784657	1.8133745761422044
KCNMA1	IU_PDA_T3	SPP1-TAM	69	4285	0.0	0.003360560093348886	-0.003360560093348886	0.02889705634420209
KCNMA1	IU_PDA_T3	PVL	69	4285	0.09275362318840581	0.009739401011279692	0.08301422217712612	9.436918271951747
KCNMA1	IU_PDA_T3	C1Q-TAM	69	4285	0.008695652173913044	0.002349280435628158	0.0063463717382848854	3.5911168218911014
KCNMA1	IU_PDA_T3	CD4+ cells	69	4285	0.02222222222222222	0.014858031894204623	0.007364190328017597	1.492323480796347
KCNMA1	IU_PDA_T3	FCN1-TAM	69	4285	0.011594202898550723	0.005258654220147792	0.006335548678402931	2.1823022009112196
KCNMB1	IU_PDA_T3	myCAF	30	4324	0.28666666666666657	0.5908418131359862	-0.3041751464693196	0.4852705635176919
KCNMB1	IU_PDA_T3	Tumor Epithelial cells	30	4324	0.006666666666666667	0.08060437866173198	-0.07393771199506531	0.08384509959526215
KCNMB1	IU_PDA_T3	Normal Epithelial cells	30	4324	0.0044444444444444444	0.06919518963922232	-0.06475074519477787	0.0655809511180298
KCNMB1	IU_PDA_T3	iCAF	30	4324	0.43777777777777777	0.13180696885599733	0.3059708089217804	3.319595481386646
KCNMB1	IU_PDA_T3	B cells	30	4324	0.1377777777777778	0.07221708294788734	0.06556069482989046	1.9065727233098486
KCNMB1	IU_PDA_T3	DCs	30	4324	0.03111111111111111	0.01712920135676851	0.0139819097543426	1.8115239624180137
KCNMB1	IU_PDA_T3	SPP1-TAM	30	4324	0.0	0.0033302497687326496	-0.0033302497687326496	0.029152396105822438
KCNMB1	IU_PDA_T3	PVL	30	4324	0.07333333333333333	0.010622880049337077	0.06271045328399626	6.848284508962051
KCNMB1	IU_PDA_T3	C1Q-TAM	30	4324	0.0022222222222222222	0.0024514338575393133	-0.00022921163531709103	0.9101635989348553
KCNMB1	IU_PDA_T3	CD4+ cells	30	4324	0.006666666666666667	0.015032377428307158	-0.008365710761640492	0.44716480927899027
KCNMB1	IU_PDA_T3	FCN1-TAM	30	4324	0.01111111111111111	0.005319148936170201	0.0057919621749409084	2.0687955328709196
KCNMB4	IU_PDA_T3	myCAF	43	4311	0.24186046511627912	0.5922059846903279	-0.3503455195740488	0.40850585908359843
KCNMB4	IU_PDA_T3	Tumor Epithelial cells	43	4311	0.018604651162790697	0.08070826567694946	-0.06210361451415876	0.23146952859460013
KCNMB4	IU_PDA_T3	Normal Epithelial cells	43	4311	0.05581395348837209	0.06887806386762485	-0.013064110379252758	0.8106048554171661
KCNMB4	IU_PDA_T3	iCAF	43	4311	0.34573643410852717	0.1318023660403616	0.21393406806816556	2.6219122862640885
KCNMB4	IU_PDA_T3	B cells	43	4311	0.18294573643410855	0.07156885486739313	0.11137688156671542	2.554048572044201
KCNMB4	IU_PDA_T3	DCs	43	4311	0.04496124031007751	0.016948890435320597	0.028012349874756915	2.6430599974249973
KCNMB4	IU_PDA_T3	SPP1-TAM	43	4311	0.0015503875968992248	0.003324827959483487	-0.001774440362584262	0.4818891974790252
KCNMB4	IU_PDA_T3	PVL	43	4311	0.03875968992248062	0.010778628315162811	0.02798106160731781	3.5721130271835237
KCNMB4	IU_PDA_T3	C1Q-TAM	43	4311	0.0	0.0024742905744993405	-0.0024742905744993405	0.03884565363000968
KCNMB4	IU_PDA_T3	CD4+ cells	43	4311	0.046511627906976744	0.014660171653908635	0.03185145625306811	3.157932644681239
KCNMB4	IU_PDA_T3	FCN1-TAM	43	4311	0.020155038759689922	0.0052114745225392296	0.014943564237150693	3.813449292421099
KCNN3	IU_PDA_T3	myCAF	20	4334	0.4800000000000001	0.5892478080295348	-0.10924780802953471	0.8146293130455491
KCNN3	IU_PDA_T3	Tumor Epithelial cells	20	4334	0.006666666666666666	0.08043377941855001	-0.07376711275188334	0.08402271339457396
KCNN3	IU_PDA_T3	Normal Epithelial cells	20	4334	0.0	0.06906629749269283	-0.06906629749269283	0.0014457908493737811
KCNN3	IU_PDA_T3	iCAF	20	4334	0.2833333333333333	0.1332256575911397	0.15010767574219364	2.125872382362577
KCNN3	IU_PDA_T3	B cells	20	4334	0.10333333333333332	0.07252730349177004	0.030806029841563276	1.4241659590880191
KCNN3	IU_PDA_T3	DCs	20	4334	0.023333333333333334	0.017197354253191903	0.006135979080141431	1.354735122512112
KCNN3	IU_PDA_T3	SPP1-TAM	20	4334	0.0	0.0033225657591139774	-0.0033225657591139774	0.029217846211927183
KCNN3	IU_PDA_T3	PVL	20	4334	0.04333333333333333	0.010906014459314004	0.032427318874019326	3.946327119039647
KCNN3	IU_PDA_T3	C1Q-TAM	20	4334	0.01666666666666667	0.002384248577141976	0.014282418089524695	6.749190407489745
KCNN3	IU_PDA_T3	CD4+ cells	20	4334	0.03666666666666667	0.01487463467158902	0.02179203199507765	2.4552630146245304
KCNN3	IU_PDA_T3	FCN1-TAM	20	4334	0.006666666666666666	0.005353022611905849	0.0013136440547608175	1.2409020002764475
KCNN4	IU_PDA_T3	myCAF	33	4321	0.5595959595959596	0.5889686029468496	-0.02937264335088996	0.9501371432733783
KCNN4	IU_PDA_T3	Tumor Epithelial cells	33	4321	0.10101010101010102	0.07993520018514139	0.021074900824959636	1.2633203987271617
KCNN4	IU_PDA_T3	Normal Epithelial cells	33	4321	0.022222222222222223	0.06910437398750228	-0.04688215176528006	0.3225550776061268
KCNN4	IU_PDA_T3	iCAF	33	4321	0.1353535353535354	0.13390418884517455	0.0014493465083608437	1.0108156806205169
KCNN4	IU_PDA_T3	B cells	33	4321	0.12727272727272732	0.07225179356630368	0.055020933706423636	1.760463991207102
KCNN4	IU_PDA_T3	DCs	33	4321	0.01616161616161616	0.01723366504667138	-0.0010720488850552191	0.9381522094624133
KCNN4	IU_PDA_T3	SPP1-TAM	33	4321	0.0	0.003332561906965975	-0.003332561906965975	0.029132759353024906
KCNN4	IU_PDA_T3	PVL	33	4321	0.006060606060606061	0.011093111162539589	-0.005032505101933528	0.5503926451855491
KCNN4	IU_PDA_T3	C1Q-TAM	33	4321	0.00404040404040404	0.0024377073208362242	0.0016026967195678162	1.6315530189035734
KCNN4	IU_PDA_T3	CD4+ cells	33	4321	0.0202020202020202	0.014934814471958683	0.005267205730061517	1.3503339359381747
KCNN4	IU_PDA_T3	FCN1-TAM	33	4321	0.00202020202020202	0.005384556044125577	-0.0033643540239235567	0.386576780899693
KCNQ4	IU_PDA_T3	myCAF	20	4334	0.6033333333333333	0.5886786648207978	0.014654668512535496	1.024889944877666
KCNQ4	IU_PDA_T3	Tumor Epithelial cells	20	4334	0.06666666666666667	0.08015689893862386	-0.013490232271957198	0.8319118673863315
KCNQ4	IU_PDA_T3	Normal Epithelial cells	20	4334	0.06666666666666668	0.06875865251499709	-0.0020919858483304105	0.9696191288687389
KCNQ4	IU_PDA_T3	iCAF	20	4334	0.15000000000000002	0.13384094754653117	0.016159052453468853	1.12064310988882
KCNQ4	IU_PDA_T3	B cells	20	4334	0.06000000000000001	0.07272727272727227	-0.012727272727272254	0.8252402945949374
KCNQ4	IU_PDA_T3	DCs	20	4334	0.016666666666666666	0.017228118750961478	-0.0005614520842948112	0.9675987859753293
KCNQ4	IU_PDA_T3	SPP1-TAM	20	4334	0.0	0.0033225657591139774	-0.0033225657591139774	0.029217846211927183
KCNQ4	IU_PDA_T3	PVL	20	4334	0.026666666666666665	0.010982925703737939	0.015683740962928724	2.415126418977894
KCNQ4	IU_PDA_T3	C1Q-TAM	20	4334	0.006666666666666666	0.002430395323796337	0.004236271342870329	2.6741539565109047
KCNQ4	IU_PDA_T3	CD4+ cells	20	4334	0.0	0.015043839409321677	-0.015043839409321677	0.006603345247998718
KCNQ4	IU_PDA_T3	FCN1-TAM	20	4334	0.003333333333333333	0.005368404860790636	-0.002035071527457303	0.6278491481036634
KCNS3	IU_PDA_T3	myCAF	56	4298	0.5928571428571429	0.5886924150767809	0.004164727780361921	1.007073338028342
KCNS3	IU_PDA_T3	Tumor Epithelial cells	56	4298	0.10476190476190479	0.07977353807972604	0.024988366682178756	1.3128491272946559
KCNS3	IU_PDA_T3	Normal Epithelial cells	56	4298	0.017857142857142856	0.06941212967271537	-0.051554986815572516	0.2583310702993944
KCNS3	IU_PDA_T3	iCAF	56	4298	0.16428571428571428	0.13351946641848905	0.030766247867225233	1.2302527370590375
KCNS3	IU_PDA_T3	B cells	56	4298	0.06071428571428572	0.07282456956724015	-0.012110283852954429	0.8339341058189156
KCNS3	IU_PDA_T3	DCs	56	4298	0.014285714285714285	0.017263843648208557	-0.002978129362494272	0.8284867439012256
KCNS3	IU_PDA_T3	SPP1-TAM	56	4298	0.0023809523809523807	0.003319373351946637	-0.0009384209709942561	0.725557617023594
KCNS3	IU_PDA_T3	PVL	56	4298	0.014285714285714287	0.011012874205056667	0.0032728400806576203	1.2945088750458804
KCNS3	IU_PDA_T3	C1Q-TAM	56	4298	0.005952380952380953	0.002404219016596865	0.003548161935784088	2.4168736489374245
KCNS3	IU_PDA_T3	CD4+ cells	56	4298	0.015476190476190477	0.014968202264619238	0.0005079882115712388	1.033712595746343
KCNS3	IU_PDA_T3	FCN1-TAM	56	4298	0.0047619047619047615	0.005366837288661381	-0.00060493252675662	0.8893450646480198
KCNAB2	IU_PDA_T4	myCAF	30	3591	0.42666666666666664	0.4558433119836617	-0.029176645316995042	0.9360081734940756
KCNAB2	IU_PDA_T4	Tumor Epithelial cells	30	3591	0.5688888888888889	0.41299545159194506	0.15589343729694383	1.37737873098379
KCNAB2	IU_PDA_T4	Normal Epithelial cells	30	3591	0.0044444444444444444	0.11324607815835686	-0.10880163371391241	0.04009353052423534
KCNAB2	IU_PDA_T4	iCAF	30	3591	0.0	0.00113246078158359	-0.00113246078158359	0.08113848448103145
KCNAB2	IU_PDA_T4	B cells	30	3591	0.0	0.0	0.0	1.0
KCNAB2	IU_PDA_T4	DCs	30	3591	0.0	0.0011138958507379572	-0.0011138958507379572	0.08237939024110473
KCNAB2	IU_PDA_T4	SPP1-TAM	30	3591	0.0	0.010099322380024135	-0.010099322380024135	0.009804572919065176
KCNAB2	IU_PDA_T4	PVL	30	3591	0.0	0.005569479253689772	-0.005569479253689772	0.01763830424724082
KCNAB2	IU_PDA_T4	C1Q-TAM	30	3591	0.0	0.0	0.0	1.0
KCNAB2	IU_PDA_T4	CD4+ cells	30	3591	0.0	0.0	0.0	1.0
KCNAB2	IU_PDA_T4	FCN1-TAM	30	3591	0.0	0.0	0.0	1.0
KCNC4	IU_PDA_T4	myCAF	20	3601	0.5700000000000002	0.4549662130889557	0.11503378691104449	1.2527847236343996
KCNC4	IU_PDA_T4	Tumor Epithelial cells	20	3601	0.43	0.41419975932611525	0.015800240673884747	1.0381372190502471
KCNC4	IU_PDA_T4	Normal Epithelial cells	20	3601	0.0	0.11296861982782361	-0.11296861982782361	0.0008844186844438008
KCNC4	IU_PDA_T4	iCAF	20	3601	0.0	0.0011293159307599755	-0.0011293159307599755	0.08134605392950452
KCNC4	IU_PDA_T4	B cells	20	3601	0.0	0.0	0.0	1.0
KCNC4	IU_PDA_T4	DCs	20	3601	0.0	0.0011108025548458773	-0.0011108025548458773	0.08258984885667753
KCNC4	IU_PDA_T4	SPP1-TAM	20	3601	0.0	0.010071276497269277	-0.010071276497269277	0.009831607667616489
KCNC4	IU_PDA_T4	PVL	20	3601	0.0	0.005554012774229373	-0.005554012774229373	0.01768655360238901
KCNC4	IU_PDA_T4	C1Q-TAM	20	3601	0.0	0.0	0.0	1.0
KCNC4	IU_PDA_T4	CD4+ cells	20	3601	0.0	0.0	0.0	1.0
KCNC4	IU_PDA_T4	FCN1-TAM	20	3601	0.0	0.0	0.0	1.0
KCND2	IU_PDA_T4	myCAF	20	3601	0.5633333333333332	0.4550032398407838	0.10833009349254946	1.238034107448781
KCND2	IU_PDA_T4	Tumor Epithelial cells	20	3601	0.2866666666666666	0.4149958344904216	-0.12832916782375497	0.690844481777819
KCND2	IU_PDA_T4	Normal Epithelial cells	20	3601	0.13666666666666666	0.11220957141534563	0.02445709525132103	1.2177650127509905
KCND2	IU_PDA_T4	iCAF	20	3601	0.006666666666666666	0.0010922891789317797	0.0055743774877348865	5.675356940443926
KCND2	IU_PDA_T4	B cells	20	3601	0.0	0.0	0.0	1.0
KCND2	IU_PDA_T4	DCs	20	3601	0.0	0.0011108025548458773	-0.0011108025548458773	0.08258984885667753
KCND2	IU_PDA_T4	SPP1-TAM	20	3601	0.0	0.010071276497269277	-0.010071276497269277	0.009831607667616489
KCND2	IU_PDA_T4	PVL	20	3601	0.006666666666666666	0.005516986022401177	0.0011496806442654892	1.2046792781182707
KCND2	IU_PDA_T4	C1Q-TAM	20	3601	0.0	0.0	0.0	1.0
KCND2	IU_PDA_T4	CD4+ cells	20	3601	0.0	0.0	0.0	1.0
KCND2	IU_PDA_T4	FCN1-TAM	20	3601	0.0	0.0	0.0	1.0
KCND3	IU_PDA_T4	myCAF	20	3601	0.4533333333333333	0.45561418124594893	-0.0022808479126156245	0.9949950034331175
KCND3	IU_PDA_T4	Tumor Epithelial cells	20	3601	0.37666666666666665	0.414495973340741	-0.03782930667407436	0.9087562130204678
KCND3	IU_PDA_T4	Normal Epithelial cells	20	3601	0.14666666666666667	0.11215403128760335	0.03451263537906332	1.307451188907767
KCND3	IU_PDA_T4	iCAF	20	3601	0.0	0.0011293159307599755	-0.0011293159307599755	0.08134605392950452
KCND3	IU_PDA_T4	B cells	20	3601	0.0	0.0	0.0	1.0
KCND3	IU_PDA_T4	DCs	20	3601	0.0	0.0011108025548458773	-0.0011108025548458773	0.08258984885667753
KCND3	IU_PDA_T4	SPP1-TAM	20	3601	0.0	0.010071276497269277	-0.010071276497269277	0.009831607667616489
KCND3	IU_PDA_T4	PVL	20	3601	0.023333333333333334	0.005424419142830687	0.017908914190502646	4.241773248458878
KCND3	IU_PDA_T4	C1Q-TAM	20	3601	0.0	0.0	0.0	1.0
KCND3	IU_PDA_T4	CD4+ cells	20	3601	0.0	0.0	0.0	1.0
KCND3	IU_PDA_T4	FCN1-TAM	20	3601	0.0	0.0	0.0	1.0
KCNE4	IU_PDA_T4	myCAF	20	3601	0.64	0.45457743219475955	0.18542256780524047	1.4078112408398913
KCNE4	IU_PDA_T4	Tumor Epithelial cells	20	3601	0.31333333333333335	0.414847727483109	-0.10151439414977564	0.755356187234673
KCNE4	IU_PDA_T4	Normal Epithelial cells	20	3601	0.023333333333333334	0.11283902619642494	-0.08950569286309161	0.20748658920237006
KCNE4	IU_PDA_T4	iCAF	20	3601	0.0	0.0011293159307599755	-0.0011293159307599755	0.08134605392950452
KCNE4	IU_PDA_T4	B cells	20	3601	0.0	0.0	0.0	1.0
KCNE4	IU_PDA_T4	DCs	20	3601	0.0	0.0011108025548458773	-0.0011108025548458773	0.08258984885667753
KCNE4	IU_PDA_T4	SPP1-TAM	20	3601	0.013333333333333332	0.009997222993612883	0.0033361103397204495	1.3303987979497676
KCNE4	IU_PDA_T4	PVL	20	3601	0.01	0.005498472646487079	0.004501527353512921	1.8040634719073838
KCNE4	IU_PDA_T4	C1Q-TAM	20	3601	0.0	0.0	0.0	1.0
KCNE4	IU_PDA_T4	CD4+ cells	20	3601	0.0	0.0	0.0	1.0
KCNE4	IU_PDA_T4	FCN1-TAM	20	3601	0.0	0.0	0.0	1.0
KCNJ15	IU_PDA_T4	myCAF	20	3601	0.4600000000000001	0.4555771544941208	0.0044228455058792915	1.0097060944624037
KCNJ15	IU_PDA_T4	Tumor Epithelial cells	20	3601	0.4933333333333333	0.41384800518374754	0.07948532814958575	1.192017662011206
KCNJ15	IU_PDA_T4	Normal Epithelial cells	20	3601	0.04	0.11274645931685444	-0.07274645931685444	0.3553500946574296
KCNJ15	IU_PDA_T4	iCAF	20	3601	0.0	0.0011293159307599755	-0.0011293159307599755	0.08134605392950452
KCNJ15	IU_PDA_T4	B cells	20	3601	0.0	0.0	0.0	1.0
KCNJ15	IU_PDA_T4	DCs	20	3601	0.0	0.0011108025548458773	-0.0011108025548458773	0.08258984885667753
KCNJ15	IU_PDA_T4	SPP1-TAM	20	3601	0.006666666666666666	0.010034249745441079	-0.0033675830787744127	0.6677027739237107
KCNJ15	IU_PDA_T4	PVL	20	3601	0.0	0.005554012774229373	-0.005554012774229373	0.01768655360238901
KCNJ15	IU_PDA_T4	C1Q-TAM	20	3601	0.0	0.0	0.0	1.0
KCNJ15	IU_PDA_T4	CD4+ cells	20	3601	0.0	0.0	0.0	1.0
KCNJ15	IU_PDA_T4	FCN1-TAM	20	3601	0.0	0.0	0.0	1.0
KCNJ8	IU_PDA_T4	myCAF	20	3601	0.5966666666666667	0.45481810608164286	0.14184856058502382	1.311811200057108
KCNJ8	IU_PDA_T4	Tumor Epithelial cells	20	3601	0.36333333333333334	0.41457002684439737	-0.051236693511064024	0.8764398432629174
KCNJ8	IU_PDA_T4	Normal Epithelial cells	20	3601	0.026666666666666665	0.11282051282051084	-0.08615384615384417	0.23703989645541865
KCNJ8	IU_PDA_T4	iCAF	20	3601	0.0	0.0011293159307599755	-0.0011293159307599755	0.08134605392950452
KCNJ8	IU_PDA_T4	B cells	20	3601	0.0	0.0	0.0	1.0
KCNJ8	IU_PDA_T4	DCs	20	3601	0.006666666666666666	0.0010737758030176815	0.0055928908636489845	5.764871493576644
KCNJ8	IU_PDA_T4	SPP1-TAM	20	3601	0.006666666666666666	0.01003424974544108	-0.0033675830787744145	0.6677027739237106
KCNJ8	IU_PDA_T4	PVL	20	3601	0.0	0.005554012774229373	-0.005554012774229373	0.01768655360238901
KCNJ8	IU_PDA_T4	C1Q-TAM	20	3601	0.0	0.0	0.0	1.0
KCNJ8	IU_PDA_T4	CD4+ cells	20	3601	0.0	0.0	0.0	1.0
KCNJ8	IU_PDA_T4	FCN1-TAM	20	3601	0.0	0.0	0.0	1.0
KCNK1	IU_PDA_T4	myCAF	89	3532	0.45767790262172275	0.4555492638731586	0.002128638748564171	1.0046716606770525
KCNK1	IU_PDA_T4	Tumor Epithelial cells	89	3532	0.5123595505617978	0.41181577953945103	0.1005437710223468	1.2440881753419628
KCNK1	IU_PDA_T4	Normal Epithelial cells	89	3532	0.022471910112359546	0.11460928652321431	-0.09213737641085476	0.1967749150614022
KCNK1	IU_PDA_T4	iCAF	89	3532	0.0	0.0011513778784446975	-0.0011513778784446975	0.07991191287821645
KCNK1	IU_PDA_T4	B cells	89	3532	0.0	0.0	0.0	1.0
KCNK1	IU_PDA_T4	DCs	89	3532	0.000749063670411985	0.0011136277840694615	-0.0003645641136574765	0.6996079700523643
KCNK1	IU_PDA_T4	SPP1-TAM	89	3532	0.0022471910112359553	0.01021140052850132	-0.007964209517265364	0.22763067002859413
KCNK1	IU_PDA_T4	PVL	89	3532	0.0044943820224719105	0.005549263873159674	-0.0010548818506877639	0.8132709191192797
KCNK1	IU_PDA_T4	C1Q-TAM	89	3532	0.0	0.0	0.0	1.0
KCNK1	IU_PDA_T4	CD4+ cells	89	3532	0.0	0.0	0.0	1.0
KCNK1	IU_PDA_T4	FCN1-TAM	89	3532	0.0	0.0	0.0	1.0
KCNK3	IU_PDA_T4	myCAF	20	3601	0.6799999999999999	0.4543552716837904	0.22564472831620952	1.496516912390914
KCNK3	IU_PDA_T4	Tumor Epithelial cells	20	3601	0.18333333333333338	0.4155697491437587	-0.23223641581042534	0.4412958453464297
KCNK3	IU_PDA_T4	Normal Epithelial cells	20	3601	0.08333333333333333	0.1125057854299712	-0.029172452096637866	0.7409329193411646
KCNK3	IU_PDA_T4	iCAF	20	3601	0.0	0.0011293159307599755	-0.0011293159307599755	0.08134605392950452
KCNK3	IU_PDA_T4	B cells	20	3601	0.0	0.0	0.0	1.0
KCNK3	IU_PDA_T4	DCs	20	3601	0.0	0.0011108025548458773	-0.0011108025548458773	0.08258984885667753
KCNK3	IU_PDA_T4	SPP1-TAM	20	3601	0.003333333333333333	0.010052763121355179	-0.0067194297880218455	0.3381673828390331
KCNK3	IU_PDA_T4	PVL	20	3601	0.05	0.005276312135517904	0.044723687864482095	9.318655378846197
KCNK3	IU_PDA_T4	C1Q-TAM	20	3601	0.0	0.0	0.0	1.0
KCNK3	IU_PDA_T4	CD4+ cells	20	3601	0.0	0.0	0.0	1.0
KCNK3	IU_PDA_T4	FCN1-TAM	20	3601	0.0	0.0	0.0	1.0
KCNK6	IU_PDA_T4	myCAF	52	3569	0.4217948717948718	0.456094144017931	-0.03429927222305923	0.9248143083973671
KCNK6	IU_PDA_T4	Tumor Epithelial cells	52	3569	0.5269230769230769	0.41264593256748155	0.11427714435559538	1.276870431271692
KCNK6	IU_PDA_T4	Normal Epithelial cells	52	3569	0.021794871794871794	0.11366395815821227	-0.09186908636334049	0.1924587729658848
KCNK6	IU_PDA_T4	iCAF	52	3569	0.0	0.0011394414868777449	-0.0011394414868777449	0.08068150135260377
KCNK6	IU_PDA_T4	B cells	52	3569	0.0	0.0	0.0	1.0
KCNK6	IU_PDA_T4	DCs	52	3569	0.0	0.0011207621182404046	-0.0011207621182404046	0.08191604122196967
KCNK6	IU_PDA_T4	SPP1-TAM	52	3569	0.02820512820512821	0.009750630428691504	0.018454497776436707	2.873433168570114
KCNK6	IU_PDA_T4	PVL	52	3569	0.001282051282051282	0.005585131222564669	-0.004303079940513387	0.24309927562724098
KCNK6	IU_PDA_T4	C1Q-TAM	52	3569	0.0	0.0	0.0	1.0
KCNK6	IU_PDA_T4	CD4+ cells	52	3569	0.0	0.0	0.0	1.0
KCNK6	IU_PDA_T4	FCN1-TAM	52	3569	0.0	0.0	0.0	1.0
KCNMA1	IU_PDA_T4	myCAF	20	3601	0.5633333333333334	0.4550032398407837	0.10833009349254963	1.2380341074487813
KCNMA1	IU_PDA_T4	Tumor Epithelial cells	20	3601	0.37333333333333335	0.4145144867166552	-0.041181153383321845	0.9006760383375972
KCNMA1	IU_PDA_T4	Normal Epithelial cells	20	3601	0.03666666666666667	0.11276497269276854	-0.07609830602610188	0.32575799018487134
KCNMA1	IU_PDA_T4	iCAF	20	3601	0.0	0.0011293159307599755	-0.0011293159307599755	0.08134605392950452
KCNMA1	IU_PDA_T4	B cells	20	3601	0.0	0.0	0.0	1.0
KCNMA1	IU_PDA_T4	DCs	20	3601	0.0	0.0011108025548458773	-0.0011108025548458773	0.08258984885667753
KCNMA1	IU_PDA_T4	SPP1-TAM	20	3601	0.006666666666666666	0.01003424974544108	-0.0033675830787744145	0.6677027739237106
KCNMA1	IU_PDA_T4	PVL	20	3601	0.02	0.005442932518744784	0.014557067481255216	3.626239347498265
KCNMA1	IU_PDA_T4	C1Q-TAM	20	3601	0.0	0.0	0.0	1.0
KCNMA1	IU_PDA_T4	CD4+ cells	20	3601	0.0	0.0	0.0	1.0
KCNMA1	IU_PDA_T4	FCN1-TAM	20	3601	0.0	0.0	0.0	1.0
KCNMB1	IU_PDA_T4	myCAF	20	3601	0.45	0.4556326946218632	-0.005632694621863166	0.9876403543385519
KCNMB1	IU_PDA_T4	Tumor Epithelial cells	20	3601	0.4833333333333333	0.41390354531148976	0.06942978802184352	1.1677033658482456
KCNMB1	IU_PDA_T4	Normal Epithelial cells	20	3601	0.03333333333333333	0.11278348606868265	-0.0794501527353493	0.296175592176443
KCNMB1	IU_PDA_T4	iCAF	20	3601	0.0	0.0011293159307599755	-0.0011293159307599755	0.08134605392950452
KCNMB1	IU_PDA_T4	B cells	20	3601	0.0	0.0	0.0	1.0
KCNMB1	IU_PDA_T4	DCs	20	3601	0.006666666666666666	0.0010737758030176815	0.0055928908636489845	5.764871493576644
KCNMB1	IU_PDA_T4	SPP1-TAM	20	3601	0.0	0.010071276497269277	-0.010071276497269277	0.009831607667616489
KCNMB1	IU_PDA_T4	PVL	20	3601	0.026666666666666665	0.005405905766916589	0.021260760899750077	4.861446562979682
KCNMB1	IU_PDA_T4	C1Q-TAM	20	3601	0.0	0.0	0.0	1.0
KCNMB1	IU_PDA_T4	CD4+ cells	20	3601	0.0	0.0	0.0	1.0
KCNMB1	IU_PDA_T4	FCN1-TAM	20	3601	0.0	0.0	0.0	1.0
KCNMB4	IU_PDA_T4	myCAF	26	3595	0.4692307692307694	0.4555030134445978	0.01372775578617158	1.0301309591488048
KCNMB4	IU_PDA_T4	Tumor Epithelial cells	26	3595	0.5153846153846152	0.41355586462679855	0.10182875075781667	1.2461677917939997
KCNMB4	IU_PDA_T4	Normal Epithelial cells	26	3595	0.005128205128205128	0.11312007417709583	-0.1079918690488907	0.04617736886505929
KCNMB4	IU_PDA_T4	iCAF	26	3595	0.0	0.0011312007417709797	-0.0011312007417709797	0.08122152351545722
KCNMB4	IU_PDA_T4	B cells	26	3595	0.0	0.0	0.0	1.0
KCNMB4	IU_PDA_T4	DCs	26	3595	0.0	0.0011126564673157174	-0.0011126564673157174	0.08246358527354046
KCNMB4	IU_PDA_T4	SPP1-TAM	26	3595	0.002564102564102564	0.010069541029207232	-0.007505438465104668	0.2619688102394376
KCNMB4	IU_PDA_T4	PVL	26	3595	0.007692307692307693	0.005507649513212787	0.0021846581790949055	1.3895853644111311
KCNMB4	IU_PDA_T4	C1Q-TAM	26	3595	0.0	0.0	0.0	1.0
KCNMB4	IU_PDA_T4	CD4+ cells	26	3595	0.0	0.0	0.0	1.0
KCNMB4	IU_PDA_T4	FCN1-TAM	26	3595	0.0	0.0	0.0	1.0
KCNN3	IU_PDA_T4	myCAF	20	3601	0.5766666666666665	0.4549291863371275	0.12173748032953907	1.2675377404018755
KCNN3	IU_PDA_T4	Tumor Epithelial cells	20	3601	0.24	0.41525502175321916	-0.17525502175321916	0.5780597017619641
KCNN3	IU_PDA_T4	Normal Epithelial cells	20	3601	0.13333333333333336	0.11222808479125973	0.02110524854207363	1.187889329558976
KCNN3	IU_PDA_T4	iCAF	20	3601	0.003333333333333333	0.0011108025548458777	0.0022225307784874554	2.8355848107459267
KCNN3	IU_PDA_T4	B cells	20	3601	0.0	0.0	0.0	1.0
KCNN3	IU_PDA_T4	DCs	20	3601	0.0	0.0011108025548458773	-0.0011108025548458773	0.08258984885667753
KCNN3	IU_PDA_T4	SPP1-TAM	20	3601	0.02	0.009960196241784687	0.010039803758215313	1.997972953699981
KCNN3	IU_PDA_T4	PVL	20	3601	0.026666666666666665	0.005405905766916589	0.021260760899750077	4.861446562979682
KCNN3	IU_PDA_T4	C1Q-TAM	20	3601	0.0	0.0	0.0	1.0
KCNN3	IU_PDA_T4	CD4+ cells	20	3601	0.0	0.0	0.0	1.0
KCNN3	IU_PDA_T4	FCN1-TAM	20	3601	0.0	0.0	0.0	1.0
KCNN4	IU_PDA_T4	myCAF	54	3567	0.4382716049382717	0.45586393794972324	-0.017592333011451522	0.9614172710882426
KCNN4	IU_PDA_T4	Tumor Epithelial cells	54	3567	0.5456790123456791	0.41229791608261124	0.13338109626306782	1.323428152911299
KCNN4	IU_PDA_T4	Normal Epithelial cells	54	3567	0.008641975308641976	0.11391458742173427	-0.1052726121130923	0.07667418271932033
KCNN4	IU_PDA_T4	iCAF	54	3567	0.0	0.001140080366320906	-0.001140080366320906	0.08063993489122152
KCNN4	IU_PDA_T4	B cells	54	3567	0.0	0.0	0.0	1.0
KCNN4	IU_PDA_T4	DCs	54	3567	0.0	0.0011213905242500714	-0.0011213905242500714	0.08187389537953028
KCNN4	IU_PDA_T4	SPP1-TAM	54	3567	0.0049382716049382715	0.010092514718250626	-0.0051542431133123545	0.49431094722059
KCNN4	IU_PDA_T4	PVL	54	3567	0.0024691358024691358	0.005569572937108674	-0.003100437134639538	0.4531445015291265
KCNN4	IU_PDA_T4	C1Q-TAM	54	3567	0.0	0.0	0.0	1.0
KCNN4	IU_PDA_T4	CD4+ cells	54	3567	0.0	0.0	0.0	1.0
KCNN4	IU_PDA_T4	FCN1-TAM	54	3567	0.0	0.0	0.0	1.0
KCNQ4	IU_PDA_T4	myCAF	26	3595	0.4717948717948719	0.45548446917014257	0.016310402624729325	1.035801050581112
KCNQ4	IU_PDA_T4	Tumor Epithelial cells	26	3595	0.5179487179487178	0.41353732035234353	0.10441139759637424	1.252422575185998
KCNQ4	IU_PDA_T4	Normal Epithelial cells	26	3595	0.010256410256410256	0.11308298562818529	-0.10282657537177503	0.09150147611790212
KCNQ4	IU_PDA_T4	iCAF	26	3595	0.0	0.0011312007417709797	-0.0011312007417709797	0.08122152351545722
KCNQ4	IU_PDA_T4	B cells	26	3595	0.0	0.0	0.0	1.0
KCNQ4	IU_PDA_T4	DCs	26	3595	0.0	0.0011126564673157174	-0.0011126564673157174	0.08246358527354046
KCNQ4	IU_PDA_T4	SPP1-TAM	26	3595	0.0	0.010088085303662495	-0.010088085303662495	0.00981538699563609
KCNQ4	IU_PDA_T4	PVL	26	3595	0.0	0.005563282336578573	-0.005563282336578573	0.01765760455806874
KCNQ4	IU_PDA_T4	C1Q-TAM	26	3595	0.0	0.0	0.0	1.0
KCNQ4	IU_PDA_T4	CD4+ cells	26	3595	0.0	0.0	0.0	1.0
KCNQ4	IU_PDA_T4	FCN1-TAM	26	3595	0.0	0.0	0.0	1.0
KCNS3	IU_PDA_T4	myCAF	70	3551	0.5066666666666664	0.4545949497794039	0.052071716887262476	1.1145201126876936
KCNS3	IU_PDA_T4	Tumor Epithelial cells	70	3551	0.47619047619047644	0.4130667417628857	0.06312373442759073	1.1527802895224735
KCNS3	IU_PDA_T4	Normal Epithelial cells	70	3551	0.009523809523809523	0.11437153853374435	-0.10484772900993483	0.08407163603355064
KCNS3	IU_PDA_T4	iCAF	70	3551	0.0	0.0011452173096780263	-0.0011452173096780263	0.08030726783412354
KCNS3	IU_PDA_T4	B cells	70	3551	0.0	0.0	0.0	1.0
KCNS3	IU_PDA_T4	DCs	70	3551	0.002857142857142857	0.0010701210926499592	0.001787021764492898	2.527210966213634
KCNS3	IU_PDA_T4	SPP1-TAM	70	3551	0.0019047619047619048	0.010175537407303106	-0.0082707755025412	0.19510044344124186
KCNS3	IU_PDA_T4	PVL	70	3551	0.002857142857142857	0.005575894114333982	-0.002718751257191125	0.5210003565208955
KCNS3	IU_PDA_T4	C1Q-TAM	70	3551	0.0	0.0	0.0	1.0
KCNS3	IU_PDA_T4	CD4+ cells	70	3551	0.0	0.0	0.0	1.0
KCNS3	IU_PDA_T4	FCN1-TAM	70	3551	0.0	0.0	0.0	1.0
KCNAB2	IU_PDA_T6	myCAF	30	3367	0.5222222222222223	0.4313038313038306	0.09091839091839166	1.2107500775864908
KCNAB2	IU_PDA_T6	Tumor Epithelial cells	30	3367	0.36666666666666664	0.3094743094743107	0.057192357192355936	1.1847451659973804
KCNAB2	IU_PDA_T6	Normal Epithelial cells	30	3367	0.10666666666666666	0.2565884565884589	-0.14992178992179225	0.41593871452444214
KCNAB2	IU_PDA_T6	iCAF	30	3367	0.0022222222222222222	0.0018414018414018418	0.00038082038082038047	1.1961574222806952
KCNAB2	IU_PDA_T6	B cells	30	3367	0.0	0.0	0.0	1.0
KCNAB2	IU_PDA_T6	DCs	30	3367	0.0	0.0	0.0	1.0
KCNAB2	IU_PDA_T6	SPP1-TAM	30	3367	0.0022222222222222222	0.0005346005346005345	0.0016876216876216877	3.6593448880152675
KCNAB2	IU_PDA_T6	PVL	30	3367	0.0	0.0002574002574002574	-0.0002574002574002574	0.27979834353619015
KCNAB2	IU_PDA_T6	C1Q-TAM	30	3367	0.0	0.0	0.0	1.0
KCNAB2	IU_PDA_T6	CD4+ cells	30	3367	0.0	0.0	0.0	1.0
KCNAB2	IU_PDA_T6	FCN1-TAM	30	3367	0.0	0.0	0.0	1.0
KCNC4	IU_PDA_T6	myCAF	66	3331	0.44343434343434346	0.4318823176223349	0.011552025812008537	1.0267418950747609
KCNC4	IU_PDA_T6	Tumor Epithelial cells	66	3331	0.41414141414141403	0.3079155408786163	0.10622587326279775	1.3448717975716022
KCNC4	IU_PDA_T6	Normal Epithelial cells	66	3331	0.14040404040404042	0.2575402781947386	-0.1171362377906982	0.5453496688815084
KCNC4	IU_PDA_T6	iCAF	66	3331	0.0	0.0018813169218452922	-0.0018813169218452922	0.05047148131499597
KCNC4	IU_PDA_T6	B cells	66	3331	0.0	0.0	0.0	1.0
KCNC4	IU_PDA_T6	DCs	66	3331	0.0	0.0	0.0	1.0
KCNC4	IU_PDA_T6	SPP1-TAM	66	3331	0.00202020202020202	0.0005203642549784849	0.0014998377652235353	3.4176727675509793
KCNC4	IU_PDA_T6	PVL	66	3331	0.0	0.00026018212748924244	-0.00026018212748924244	0.27763731836746036
KCNC4	IU_PDA_T6	C1Q-TAM	66	3331	0.0	0.0	0.0	1.0
KCNC4	IU_PDA_T6	CD4+ cells	66	3331	0.0	0.0	0.0	1.0
KCNC4	IU_PDA_T6	FCN1-TAM	66	3331	0.0	0.0	0.0	1.0
KCND2	IU_PDA_T6	myCAF	28	3369	0.6214285714285716	0.4305332937568015	0.19089527767177006	1.4432896397917097
KCND2	IU_PDA_T6	Tumor Epithelial cells	28	3369	0.3166666666666667	0.3099238151776008	0.006742851489065893	1.0217494629733628
KCND2	IU_PDA_T6	Normal Epithelial cells	28	3369	0.052380952380952375	0.25695062827743376	-0.2045696758964814	0.20416582030023242
KCND2	IU_PDA_T6	iCAF	28	3369	0.0047619047619047615	0.0018205204313841896	0.002941384330520572	2.531555864990516
KCND2	IU_PDA_T6	B cells	28	3369	0.0	0.0	0.0	1.0
KCND2	IU_PDA_T6	DCs	28	3369	0.0	0.0	0.0	1.0
KCND2	IU_PDA_T6	SPP1-TAM	28	3369	0.0047619047619047615	0.0005144949045216186	0.0042474098573831425	7.912034300251409
KCND2	IU_PDA_T6	PVL	28	3369	0.0	0.0002572474522608093	-0.0002572474522608093	0.27991802143628663
KCND2	IU_PDA_T6	C1Q-TAM	28	3369	0.0	0.0	0.0	1.0
KCND2	IU_PDA_T6	CD4+ cells	28	3369	0.0	0.0	0.0	1.0
KCND2	IU_PDA_T6	FCN1-TAM	28	3369	0.0	0.0	0.0	1.0
KCND3	IU_PDA_T6	myCAF	20	3377	0.65	0.4308163063863383	0.21918369361366175	1.5086456241392556
KCND3	IU_PDA_T6	Tumor Epithelial cells	20	3377	0.2966666666666667	0.3100582370940688	-0.013391570427402133	0.9568234248657386
KCND3	IU_PDA_T6	Normal Epithelial cells	20	3377	0.05333333333333333	0.2564603691639545	-0.20312703583062114	0.20826807159443575
KCND3	IU_PDA_T6	iCAF	20	3377	0.0	0.0018556904550389897	-0.0018556904550389897	0.05113283635574443
KCND3	IU_PDA_T6	B cells	20	3377	0.0	0.0	0.0	1.0
KCND3	IU_PDA_T6	DCs	20	3377	0.0	0.0	0.0	1.0
KCND3	IU_PDA_T6	SPP1-TAM	20	3377	0.0	0.000552758858947784	-0.000552758858947784	0.1531959292918601
KCND3	IU_PDA_T6	PVL	20	3377	0.0	0.00025663804165432827	-0.00025663804165432827	0.28039633555672416
KCND3	IU_PDA_T6	C1Q-TAM	20	3377	0.0	0.0	0.0	1.0
KCND3	IU_PDA_T6	CD4+ cells	20	3377	0.0	0.0	0.0	1.0
KCND3	IU_PDA_T6	FCN1-TAM	20	3377	0.0	0.0	0.0	1.0
KCNE4	IU_PDA_T6	myCAF	39	3358	0.6752136752136751	0.4292833035537019	0.24593037165997322	1.5727525258308404
KCNE4	IU_PDA_T6	Tumor Epithelial cells	39	3358	0.252991452991453	0.31064125471510934	-0.05764980172365636	0.8144765110879459
KCNE4	IU_PDA_T6	Normal Epithelial cells	39	3358	0.06666666666666667	0.25745483422672455	-0.1907881675600579	0.2592328226613375
KCNE4	IU_PDA_T6	iCAF	39	3358	0.003418803418803419	0.0018264840182648406	0.0015923194005385782	1.8265417130076997
KCNE4	IU_PDA_T6	B cells	39	3358	0.0	0.0	0.0	1.0
KCNE4	IU_PDA_T6	DCs	39	3358	0.0	0.0	0.0	1.0
KCNE4	IU_PDA_T6	SPP1-TAM	39	3358	0.0017094017094017094	0.0005360333531864204	0.001173368356215289	2.8448220527066863
KCNE4	IU_PDA_T6	PVL	39	3358	0.0	0.0002580901330156839	-0.0002580901330156839	0.27925930032710544
KCNE4	IU_PDA_T6	C1Q-TAM	39	3358	0.0	0.0	0.0	1.0
KCNE4	IU_PDA_T6	CD4+ cells	39	3358	0.0	0.0	0.0	1.0
KCNE4	IU_PDA_T6	FCN1-TAM	39	3358	0.0	0.0	0.0	1.0
KCNJ15	IU_PDA_T6	myCAF	42	3355	0.4841269841269841	0.43145553899652184	0.052671445130462236	1.1220502122459997
KCNJ15	IU_PDA_T6	Tumor Epithelial cells	42	3355	0.33174603174603173	0.30970690511674237	0.022039126629289363	1.071138267951079
KCNJ15	IU_PDA_T6	Normal Epithelial cells	42	3355	0.18253968253968259	0.25617486338798046	-0.07363518084829787	0.7126710755989366
KCNJ15	IU_PDA_T6	iCAF	42	3355	0.0015873015873015873	0.0018479880774962749	-0.00026068649019468757	0.8661765473792095
KCNJ15	IU_PDA_T6	B cells	42	3355	0.0	0.0	0.0	1.0
KCNJ15	IU_PDA_T6	DCs	42	3355	0.0	0.0	0.0	1.0
KCNJ15	IU_PDA_T6	SPP1-TAM	42	3355	0.0	0.0005563835072031792	-0.0005563835072031792	0.15234995837432833
KCNJ15	IU_PDA_T6	PVL	42	3355	0.0	0.000258320914058619	-0.000258320914058619	0.27907943990018025
KCNJ15	IU_PDA_T6	C1Q-TAM	42	3355	0.0	0.0	0.0	1.0
KCNJ15	IU_PDA_T6	CD4+ cells	42	3355	0.0	0.0	0.0	1.0
KCNJ15	IU_PDA_T6	FCN1-TAM	42	3355	0.0	0.0	0.0	1.0
KCNJ16	IU_PDA_T6	myCAF	20	3377	0.19999999999999998	0.4334813937419793	-0.23348139374197932	0.461505043546859
KCNJ16	IU_PDA_T6	Tumor Epithelial cells	20	3377	0.4600000000000001	0.30909090909091025	0.15090909090908983	1.488077386727818
KCNJ16	IU_PDA_T6	Normal Epithelial cells	20	3377	0.34	0.25476260981147203	0.085237390188528	1.3344444689300645
KCNJ16	IU_PDA_T6	iCAF	20	3377	0.0	0.0018556904550389897	-0.0018556904550389897	0.05113283635574443
KCNJ16	IU_PDA_T6	B cells	20	3377	0.0	0.0	0.0	1.0
KCNJ16	IU_PDA_T6	DCs	20	3377	0.0	0.0	0.0	1.0
KCNJ16	IU_PDA_T6	SPP1-TAM	20	3377	0.0	0.000552758858947784	-0.000552758858947784	0.1531959292918601
KCNJ16	IU_PDA_T6	PVL	20	3377	0.0	0.00025663804165432827	-0.00025663804165432827	0.28039633555672416
KCNJ16	IU_PDA_T6	C1Q-TAM	20	3377	0.0	0.0	0.0	1.0
KCNJ16	IU_PDA_T6	CD4+ cells	20	3377	0.0	0.0	0.0	1.0
KCNJ16	IU_PDA_T6	FCN1-TAM	20	3377	0.0	0.0	0.0	1.0
KCNJ8	IU_PDA_T6	myCAF	52	3345	0.6666666666666666	0.42846038863976016	0.23820627802690647	1.5558289667950116
KCNJ8	IU_PDA_T6	Tumor Epithelial cells	52	3345	0.25512820512820517	0.3108320876930754	-0.055703882564870244	0.8208487165858026
KCNJ8	IU_PDA_T6	Normal Epithelial cells	52	3345	0.07564102564102566	0.258056801195817	-0.18241577555479133	0.2933915561789698
KCNJ8	IU_PDA_T6	iCAF	52	3345	0.001282051282051282	0.001853512705530643	-0.0005714614234793611	0.7074698199497341
KCNJ8	IU_PDA_T6	B cells	52	3345	0.0	0.0	0.0	1.0
KCNJ8	IU_PDA_T6	DCs	52	3345	0.0	0.0	0.0	1.0
KCNJ8	IU_PDA_T6	SPP1-TAM	52	3345	0.001282051282051282	0.000538116591928251	0.000743934690123031	2.165828783537849
KCNJ8	IU_PDA_T6	PVL	52	3345	0.0	0.00025909317389138014	-0.00025909317389138014	0.278479256278618
KCNJ8	IU_PDA_T6	C1Q-TAM	52	3345	0.0	0.0	0.0	1.0
KCNJ8	IU_PDA_T6	CD4+ cells	52	3345	0.0	0.0	0.0	1.0
KCNJ8	IU_PDA_T6	FCN1-TAM	52	3345	0.0	0.0	0.0	1.0
KCNK1	IU_PDA_T6	myCAF	163	3234	0.41022494887525557	0.4332096474953612	-0.02298469862010566	0.9469554884065864
KCNK1	IU_PDA_T6	Tumor Epithelial cells	163	3234	0.39059304703476483	0.305916305916307	0.08467674111845785	1.276706631252572
KCNK1	IU_PDA_T6	Normal Epithelial cells	163	3234	0.19836400817995894	0.25813234384663175	-0.059768335666672806	0.7685482198846084
KCNK1	IU_PDA_T6	iCAF	163	3234	0.0	0.0019377447948876526	-0.0019377447948876526	0.049073858635724464
KCNK1	IU_PDA_T6	B cells	163	3234	0.0	0.0	0.0	1.0
KCNK1	IU_PDA_T6	DCs	163	3234	0.0	0.0	0.0	1.0
KCNK1	IU_PDA_T6	SPP1-TAM	163	3234	0.00040899795501022495	0.0005565862708719851	-0.00014758831586176012	0.7752186994928264
KCNK1	IU_PDA_T6	PVL	163	3234	0.00040899795501022495	0.00024737167594310447	0.0001616262790671205	1.4652834133016448
KCNK1	IU_PDA_T6	C1Q-TAM	163	3234	0.0	0.0	0.0	1.0
KCNK1	IU_PDA_T6	CD4+ cells	163	3234	0.0	0.0	0.0	1.0
KCNK1	IU_PDA_T6	FCN1-TAM	163	3234	0.0	0.0	0.0	1.0
KCNK15	IU_PDA_T6	myCAF	20	3377	0.2833333333333333	0.43298785904649023	-0.1496545257131569	0.654447654010333
KCNK15	IU_PDA_T6	Tumor Epithelial cells	20	3377	0.3266666666666667	0.3098805646036928	0.01678610206297393	1.0541521113894183
KCNK15	IU_PDA_T6	Normal Epithelial cells	20	3377	0.39	0.2544664889941785	0.1355335110058215	1.532409083148886
KCNK15	IU_PDA_T6	iCAF	20	3377	0.0	0.0018556904550389897	-0.0018556904550389897	0.05113283635574443
KCNK15	IU_PDA_T6	B cells	20	3377	0.0	0.0	0.0	1.0
KCNK15	IU_PDA_T6	DCs	20	3377	0.0	0.0	0.0	1.0
KCNK15	IU_PDA_T6	SPP1-TAM	20	3377	0.0	0.000552758858947784	-0.000552758858947784	0.1531959292918601
KCNK15	IU_PDA_T6	PVL	20	3377	0.0	0.00025663804165432827	-0.00025663804165432827	0.28039633555672416
KCNK15	IU_PDA_T6	C1Q-TAM	20	3377	0.0	0.0	0.0	1.0
KCNK15	IU_PDA_T6	CD4+ cells	20	3377	0.0	0.0	0.0	1.0
KCNK15	IU_PDA_T6	FCN1-TAM	20	3377	0.0	0.0	0.0	1.0
KCNK3	IU_PDA_T6	myCAF	20	3377	0.23000000000000004	0.43330372125160327	-0.20330372125160323	0.5309137617358398
KCNK3	IU_PDA_T6	Tumor Epithelial cells	20	3377	0.3166666666666667	0.30993978876715156	0.006726877899515149	1.0216968213217537
KCNK3	IU_PDA_T6	Normal Epithelial cells	20	3377	0.4533333333333333	0.2540914026256068	0.1992419307077265	1.7838263947942636
KCNK3	IU_PDA_T6	iCAF	20	3377	0.0	0.0018556904550389897	-0.0018556904550389897	0.05113283635574443
KCNK3	IU_PDA_T6	B cells	20	3377	0.0	0.0	0.0	1.0
KCNK3	IU_PDA_T6	DCs	20	3377	0.0	0.0	0.0	1.0
KCNK3	IU_PDA_T6	SPP1-TAM	20	3377	0.0	0.000552758858947784	-0.000552758858947784	0.1531959292918601
KCNK3	IU_PDA_T6	PVL	20	3377	0.0	0.00025663804165432827	-0.00025663804165432827	0.28039633555672416
KCNK3	IU_PDA_T6	C1Q-TAM	20	3377	0.0	0.0	0.0	1.0
KCNK3	IU_PDA_T6	CD4+ cells	20	3377	0.0	0.0	0.0	1.0
KCNK3	IU_PDA_T6	FCN1-TAM	20	3377	0.0	0.0	0.0	1.0
KCNK6	IU_PDA_T6	myCAF	47	3350	0.40709219858156026	0.43245771144278533	-0.02536551286122507	0.9413592401887391
KCNK6	IU_PDA_T6	Tumor Epithelial cells	47	3350	0.44539007092198585	0.3080796019900508	0.13731046893193505	1.4455533982303215
KCNK6	IU_PDA_T6	Normal Epithelial cells	47	3350	0.14751773049645392	0.25677611940298734	-0.10925838890653342	0.5746650597164744
KCNK6	IU_PDA_T6	iCAF	47	3350	0.0	0.0018706467661691547	-0.0018706467661691547	0.05074476142388285
KCNK6	IU_PDA_T6	B cells	47	3350	0.0	0.0	0.0	1.0
KCNK6	IU_PDA_T6	DCs	47	3350	0.0	0.0	0.0	1.0
KCNK6	IU_PDA_T6	SPP1-TAM	47	3350	0.0	0.0005572139303482587	-0.0005572139303482587	0.15215745647236942
KCNK6	IU_PDA_T6	PVL	47	3350	0.0	0.00025870646766169153	-0.00025870646766169153	0.2787794729542303
KCNK6	IU_PDA_T6	C1Q-TAM	47	3350	0.0	0.0	0.0	1.0
KCNK6	IU_PDA_T6	CD4+ cells	47	3350	0.0	0.0	0.0	1.0
KCNK6	IU_PDA_T6	FCN1-TAM	47	3350	0.0	0.0	0.0	1.0
KCNMA1	IU_PDA_T6	myCAF	35	3362	0.7599999999999999	0.428693238151893	0.3313067618481069	1.772649221979445
KCNMA1	IU_PDA_T6	Tumor Epithelial cells	35	3362	0.16952380952380952	0.31144160222090145	-0.14191779269709193	0.5444659984881768
KCNMA1	IU_PDA_T6	Normal Epithelial cells	35	3362	0.0666666666666667	0.25722784057109094	-0.19056117390442423	0.25946149673696633
KCNMA1	IU_PDA_T6	iCAF	35	3362	0.0	0.0018639698592107878	-0.0018639698592107878	0.050917278353846296
KCNMA1	IU_PDA_T6	B cells	35	3362	0.0	0.0	0.0	1.0
KCNMA1	IU_PDA_T6	DCs	35	3362	0.0	0.0	0.0	1.0
KCNMA1	IU_PDA_T6	SPP1-TAM	35	3362	0.0	0.0005552250644457663	-0.0005552250644457663	0.15261931422691646
KCNMA1	IU_PDA_T6	PVL	35	3362	0.0038095238095238095	0.0002181241324608368	0.003591399677062973	12.289302855718114
KCNMA1	IU_PDA_T6	C1Q-TAM	35	3362	0.0	0.0	0.0	1.0
KCNMA1	IU_PDA_T6	CD4+ cells	35	3362	0.0	0.0	0.0	1.0
KCNMA1	IU_PDA_T6	FCN1-TAM	35	3362	0.0	0.0	0.0	1.0
KCNMB1	IU_PDA_T6	myCAF	20	3377	0.6266666666666667	0.4309544961010752	0.19571217056559148	1.4540311546122933
KCNMB1	IU_PDA_T6	Tumor Epithelial cells	20	3377	0.21333333333333337	0.3105517717895579	-0.09721843845622452	0.6870501079192867
KCNMB1	IU_PDA_T6	Normal Epithelial cells	20	3377	0.15333333333333335	0.25586812752936766	-0.10253479419603431	0.5994235876719834
KCNMB1	IU_PDA_T6	iCAF	20	3377	0.006666666666666666	0.0018162076793998626	0.004850458987266803	3.5312804240435565
KCNMB1	IU_PDA_T6	B cells	20	3377	0.0	0.0	0.0	1.0
KCNMB1	IU_PDA_T6	DCs	20	3377	0.0	0.0	0.0	1.0
KCNMB1	IU_PDA_T6	SPP1-TAM	20	3377	0.0	0.000552758858947784	-0.000552758858947784	0.1531959292918601
KCNMB1	IU_PDA_T6	PVL	20	3377	0.0	0.00025663804165432827	-0.00025663804165432827	0.28039633555672416
KCNMB1	IU_PDA_T6	C1Q-TAM	20	3377	0.0	0.0	0.0	1.0
KCNMB1	IU_PDA_T6	CD4+ cells	20	3377	0.0	0.0	0.0	1.0
KCNMB1	IU_PDA_T6	FCN1-TAM	20	3377	0.0	0.0	0.0	1.0
KCNMB4	IU_PDA_T6	myCAF	20	3377	0.6433333333333333	0.4308557891619774	0.2124775441713559	1.493037915987932
KCNMB4	IU_PDA_T6	Tumor Epithelial cells	20	3377	0.26	0.31027539236008406	-0.05027539236008405	0.8380174665981357
KCNMB4	IU_PDA_T6	Normal Epithelial cells	20	3377	0.09666666666666666	0.25620373112230016	-0.15953706445563348	0.37754685131950977
KCNMB4	IU_PDA_T6	iCAF	20	3377	0.0	0.0018556904550389897	-0.0018556904550389897	0.05113283635574443
KCNMB4	IU_PDA_T6	B cells	20	3377	0.0	0.0	0.0	1.0
KCNMB4	IU_PDA_T6	DCs	20	3377	0.0	0.0	0.0	1.0
KCNMB4	IU_PDA_T6	SPP1-TAM	20	3377	0.0	0.000552758858947784	-0.000552758858947784	0.1531959292918601
KCNMB4	IU_PDA_T6	PVL	20	3377	0.0	0.00025663804165432827	-0.00025663804165432827	0.28039633555672416
KCNMB4	IU_PDA_T6	C1Q-TAM	20	3377	0.0	0.0	0.0	1.0
KCNMB4	IU_PDA_T6	CD4+ cells	20	3377	0.0	0.0	0.0	1.0
KCNMB4	IU_PDA_T6	FCN1-TAM	20	3377	0.0	0.0	0.0	1.0
KCNN3	IU_PDA_T6	myCAF	20	3377	0.5733333333333334	0.4312703583061882	0.14206297502714516	1.3293294782352856
KCNN3	IU_PDA_T6	Tumor Epithelial cells	20	3377	0.2533333333333333	0.31031487513572314	-0.056981541802389846	0.8164342421493953
KCNN3	IU_PDA_T6	Normal Epithelial cells	20	3377	0.16999999999999998	0.2557694205902698	-0.08576942059026982	0.6647922194359654
KCNN3	IU_PDA_T6	iCAF	20	3377	0.0	0.0018556904550389897	-0.0018556904550389897	0.05113283635574443
KCNN3	IU_PDA_T6	B cells	20	3377	0.0	0.0	0.0	1.0
KCNN3	IU_PDA_T6	DCs	20	3377	0.0	0.0	0.0	1.0
KCNN3	IU_PDA_T6	SPP1-TAM	20	3377	0.0	0.000552758858947784	-0.000552758858947784	0.1531959292918601
KCNN3	IU_PDA_T6	PVL	20	3377	0.003333333333333333	0.00023689665383476457	0.0030964366794985687	10.19105798247927
KCNN3	IU_PDA_T6	C1Q-TAM	20	3377	0.0	0.0	0.0	1.0
KCNN3	IU_PDA_T6	CD4+ cells	20	3377	0.0	0.0	0.0	1.0
KCNN3	IU_PDA_T6	FCN1-TAM	20	3377	0.0	0.0	0.0	1.0
KCNN4	IU_PDA_T6	myCAF	51	3346	0.4392156862745099	0.4319984060569828	0.0072172802175271	1.0167028623951353
KCNN4	IU_PDA_T6	Tumor Epithelial cells	51	3346	0.4274509803921568	0.30818888224746077	0.11926209814469602	1.3868517647320326
KCNN4	IU_PDA_T6	Normal Epithelial cells	51	3346	0.1320261437908497	0.2571428571428594	-0.1251167133520097	0.5136241497950462
KCNN4	IU_PDA_T6	iCAF	51	3346	0.00130718954248366	0.0018529587567244477	-0.0005457692142407876	0.7205423758378975
KCNN4	IU_PDA_T6	B cells	51	3346	0.0	0.0	0.0	1.0
KCNN4	IU_PDA_T6	DCs	51	3346	0.0	0.0	0.0	1.0
KCNN4	IU_PDA_T6	SPP1-TAM	51	3346	0.0	0.0005578800557880055	-0.0005578800557880055	0.15200339198643206
KCNN4	IU_PDA_T6	PVL	51	3346	0.0	0.0002590157401872883	-0.0002590157401872883	0.27853931960708145
KCNN4	IU_PDA_T6	C1Q-TAM	51	3346	0.0	0.0	0.0	1.0
KCNN4	IU_PDA_T6	CD4+ cells	51	3346	0.0	0.0	0.0	1.0
KCNN4	IU_PDA_T6	FCN1-TAM	51	3346	0.0	0.0	0.0	1.0
KCNQ4	IU_PDA_T6	myCAF	20	3377	0.26333333333333336	0.43310630737340744	-0.16977297404007408	0.6081013338207557
KCNQ4	IU_PDA_T6	Tumor Epithelial cells	20	3377	0.5133333333333334	0.30877504688579727	0.20455828644753615	1.6622687345901692
KCNQ4	IU_PDA_T6	Normal Epithelial cells	20	3377	0.22333333333333333	0.25545355838515676	-0.03212022505182344	0.8743111805807315
KCNQ4	IU_PDA_T6	iCAF	20	3377	0.0	0.0018556904550389897	-0.0018556904550389897	0.05113283635574443
KCNQ4	IU_PDA_T6	B cells	20	3377	0.0	0.0	0.0	1.0
KCNQ4	IU_PDA_T6	DCs	20	3377	0.0	0.0	0.0	1.0
KCNQ4	IU_PDA_T6	SPP1-TAM	20	3377	0.0	0.000552758858947784	-0.000552758858947784	0.1531959292918601
KCNQ4	IU_PDA_T6	PVL	20	3377	0.0	0.00025663804165432827	-0.00025663804165432827	0.28039633555672416
KCNQ4	IU_PDA_T6	C1Q-TAM	20	3377	0.0	0.0	0.0	1.0
KCNQ4	IU_PDA_T6	CD4+ cells	20	3377	0.0	0.0	0.0	1.0
KCNQ4	IU_PDA_T6	FCN1-TAM	20	3377	0.0	0.0	0.0	1.0
KCNS3	IU_PDA_T6	myCAF	52	3345	0.2961538461538462	0.43422022919780695	-0.13806638304396074	0.6821092508194461
KCNS3	IU_PDA_T6	Tumor Epithelial cells	52	3345	0.47948717948717956	0.3073442949676145	0.17214288451956505	1.5599156898900928
KCNS3	IU_PDA_T6	Normal Epithelial cells	52	3345	0.22179487179487173	0.25578475336323087	-0.03398988156835914	0.867167226176582
KCNS3	IU_PDA_T6	iCAF	52	3345	0.0	0.001873442949676134	-0.001873442949676134	0.050672860857929145
KCNS3	IU_PDA_T6	B cells	52	3345	0.0	0.0	0.0	1.0
KCNS3	IU_PDA_T6	DCs	52	3345	0.0	0.0	0.0	1.0
KCNS3	IU_PDA_T6	SPP1-TAM	52	3345	0.002564102564102564	0.0005181863477827603	0.0020459162163198037	4.30954609990638
KCNS3	IU_PDA_T6	PVL	52	3345	0.0	0.00025909317389138014	-0.00025909317389138014	0.278479256278618
KCNS3	IU_PDA_T6	C1Q-TAM	52	3345	0.0	0.0	0.0	1.0
KCNS3	IU_PDA_T6	CD4+ cells	52	3345	0.0	0.0	0.0	1.0
KCNS3	IU_PDA_T6	FCN1-TAM	52	3345	0.0	0.0	0.0	1.0
KCNAB2	IU_PDA_T8	myCAF	31	3748	0.2838709677419355	0.17063322660974783	0.11323774113218765	1.6632437246150098
KCNAB2	IU_PDA_T8	Tumor Epithelial cells	31	3748	0.6602150537634408	0.6810387762362106	-0.020823722472769757	0.9694280766280317
KCNAB2	IU_PDA_T8	Normal Epithelial cells	31	3748	0.0064516129032258064	0.12123799359658233	-0.11478638069335652	0.053994735770959236
KCNAB2	IU_PDA_T8	iCAF	31	3748	0.002150537634408602	0.0025969405905371737	-0.00044640295612857154	0.834478016425398
KCNAB2	IU_PDA_T8	B cells	31	3748	0.002150537634408602	0.008360014229811436	-0.006209476595402834	0.2660205495255726
KCNAB2	IU_PDA_T8	DCs	31	3748	0.0	0.001120597652081111	-0.001120597652081111	0.08192707877940013
KCNAB2	IU_PDA_T8	SPP1-TAM	31	3748	0.04516129032258064	0.012717893987904755	0.032443396334675884	3.5311019396236376
KCNAB2	IU_PDA_T8	PVL	31	3748	0.0	0.0003023834934187122	-0.0003023834934187122	0.248519140659535
KCNAB2	IU_PDA_T8	C1Q-TAM	31	3748	0.0	0.001689790110281038	-0.001689790110281038	0.05587247321659282
KCNAB2	IU_PDA_T8	CD4+ cells	31	3748	0.0	0.0	0.0	1.0
KCNAB2	IU_PDA_T8	FCN1-TAM	31	3748	0.0	0.0003023834934187122	-0.0003023834934187122	0.248519140659535
KCNC4	IU_PDA_T8	myCAF	20	3759	0.24666666666666665	0.17116254322958274	0.0755041234370839	1.4408676994587677
KCNC4	IU_PDA_T8	Tumor Epithelial cells	20	3759	0.7166666666666667	0.6806774851467547	0.03598918151991193	1.0528648233896187
KCNC4	IU_PDA_T8	Normal Epithelial cells	20	3759	0.006666666666666666	0.12090094883390722	-0.11423428216724055	0.05592242649233253
KCNC4	IU_PDA_T8	iCAF	20	3759	0.0	0.002607076350093108	-0.002607076350093108	0.036940221503749086
KCNC4	IU_PDA_T8	B cells	20	3759	0.006666666666666666	0.008317815021725619	-0.0016511483550589526	0.803850720074332
KCNC4	IU_PDA_T8	DCs	20	3759	0.003333333333333333	0.0010995832224882515	0.002233750110845082	2.8621051620009283
KCNC4	IU_PDA_T8	SPP1-TAM	20	3759	0.016666666666666666	0.012964440897401891	0.003702225769264775	1.2833818759133453
KCNC4	IU_PDA_T8	PVL	20	3759	0.0	0.00030149862552097186	-0.00030149862552097186	0.2490668551361619
KCNC4	IU_PDA_T8	C1Q-TAM	20	3759	0.003333333333333333	0.0016671100469983144	0.0016662232863350187	1.9429086146419312
KCNC4	IU_PDA_T8	CD4+ cells	20	3759	0.0	0.0	0.0	1.0
KCNC4	IU_PDA_T8	FCN1-TAM	20	3759	0.0	0.00030149862552097186	-0.00030149862552097186	0.2490668551361619
KCND2	IU_PDA_T8	myCAF	20	3759	0.22666666666666666	0.1712689545091784	0.05539771215748826	1.3232657415466766
KCND2	IU_PDA_T8	Tumor Epithelial cells	20	3759	0.7066666666666668	0.6807306907865524	0.025935975880114426	1.0380946044752346
KCND2	IU_PDA_T8	Normal Epithelial cells	20	3759	0.03666666666666667	0.12074133191451376	-0.0840746652478471	0.3042557218144231
KCND2	IU_PDA_T8	iCAF	20	3759	0.003333333333333333	0.0025893411368271687	0.0007439921965061644	1.2766447834817682
KCND2	IU_PDA_T8	B cells	20	3759	0.016666666666666666	0.0082646093819278	0.008402057284738867	2.004476945796414
KCND2	IU_PDA_T8	DCs	20	3759	0.0	0.001117318435754191	-0.001117318435754191	0.08214777420835238
KCND2	IU_PDA_T8	SPP1-TAM	20	3759	0.01	0.01299991132393377	-0.0029999113239337696	0.7709975854223625
KCND2	IU_PDA_T8	PVL	20	3759	0.0	0.00030149862552097186	-0.00030149862552097186	0.2490668551361619
KCND2	IU_PDA_T8	C1Q-TAM	20	3759	0.0	0.0016848452602642539	-0.0016848452602642539	0.05602726590718267
KCND2	IU_PDA_T8	CD4+ cells	20	3759	0.0	0.0	0.0	1.0
KCND2	IU_PDA_T8	FCN1-TAM	20	3759	0.0	0.00030149862552097186	-0.00030149862552097186	0.2490668551361619
KCND3	IU_PDA_T8	myCAF	20	3759	0.2766666666666667	0.17100292631018935	0.10566374035647738	1.617544904900817
KCND3	IU_PDA_T8	Tumor Epithelial cells	20	3759	0.6233333333333335	0.6811740711182008	-0.05784073778486731	0.9150991645844805
KCND3	IU_PDA_T8	Normal Epithelial cells	20	3759	0.049999999999999996	0.12067039106145003	-0.07067039106145004	0.41483677878055614
KCND3	IU_PDA_T8	iCAF	20	3759	0.0	0.002607076350093108	-0.002607076350093108	0.036940221503749086
KCND3	IU_PDA_T8	B cells	20	3759	0.026666666666666665	0.008211403742129982	0.018455262924536683	3.2204748436161417
KCND3	IU_PDA_T8	DCs	20	3759	0.003333333333333333	0.0010995832224882515	0.002233750110845082	2.8621051620009283
KCND3	IU_PDA_T8	SPP1-TAM	20	3759	0.013333333333333332	0.01298217611066783	0.00035115722266550187	1.0268424167122434
KCND3	IU_PDA_T8	PVL	20	3759	0.003333333333333333	0.0002837634122550324	0.0030495699210783007	8.94648427571227
KCND3	IU_PDA_T8	C1Q-TAM	20	3759	0.003333333333333333	0.0016671100469983144	0.0016662232863350187	1.9429086146419312
KCND3	IU_PDA_T8	CD4+ cells	20	3759	0.0	0.0	0.0	1.0
KCND3	IU_PDA_T8	FCN1-TAM	20	3759	0.0	0.00030149862552097186	-0.00030149862552097186	0.2490668551361619
KCNE4	IU_PDA_T8	myCAF	20	3759	0.46333333333333326	0.1700097543672967	0.29332357896603656	2.7243195727195024
KCNE4	IU_PDA_T8	Tumor Epithelial cells	20	3759	0.45000000000000007	0.6820963022080297	-0.23209630220802968	0.6597807677103855
KCNE4	IU_PDA_T8	Normal Epithelial cells	20	3759	0.01	0.12088321362064128	-0.11088321362064128	0.08348265596308156
KCNE4	IU_PDA_T8	iCAF	20	3759	0.003333333333333333	0.0025893411368271687	0.0007439921965061644	1.2766447834817682
KCNE4	IU_PDA_T8	B cells	20	3759	0.026666666666666665	0.008211403742129982	0.018455262924536683	3.2204748436161417
KCNE4	IU_PDA_T8	DCs	20	3759	0.013333333333333332	0.0010463775826904328	0.012286955750642899	11.71807049977953
KCNE4	IU_PDA_T8	SPP1-TAM	20	3759	0.02333333333333333	0.012928970470870011	0.01040436286246332	1.7985560244936658
KCNE4	IU_PDA_T8	PVL	20	3759	0.0	0.00030149862552097186	-0.00030149862552097186	0.2490668551361619
KCNE4	IU_PDA_T8	C1Q-TAM	20	3759	0.006666666666666666	0.001649374833732375	0.005017291832934291	3.8680484800559634
KCNE4	IU_PDA_T8	CD4+ cells	20	3759	0.0	0.0	0.0	1.0
KCNE4	IU_PDA_T8	FCN1-TAM	20	3759	0.003333333333333333	0.0002837634122550324	0.0030495699210783007	8.94648427571227
KCNJ15	IU_PDA_T8	myCAF	20	3759	0.25666666666666665	0.17110933758978494	0.08555732907688171	1.4997234980365137
KCNJ15	IU_PDA_T8	Tumor Epithelial cells	20	3759	0.6433333333333333	0.6810676598386055	-0.0377343265052722	0.9446034673545528
KCNJ15	IU_PDA_T8	Normal Epithelial cells	20	3759	0.06	0.1206171854216522	-0.0606171854216522	0.4978578633197679
KCNJ15	IU_PDA_T8	iCAF	20	3759	0.01	0.00255387071029529	0.007446129289704711	3.8057618861456133
KCNJ15	IU_PDA_T8	B cells	20	3759	0.013333333333333332	0.008282344595193739	0.005050988738139594	1.602574695036485
KCNJ15	IU_PDA_T8	DCs	20	3759	0.003333333333333333	0.0010995832224882515	0.002233750110845082	2.8621051620009283
KCNJ15	IU_PDA_T8	SPP1-TAM	20	3759	0.01	0.01299991132393377	-0.0029999113239337696	0.7709975854223625
KCNJ15	IU_PDA_T8	PVL	20	3759	0.0	0.00030149862552097186	-0.00030149862552097186	0.2490668551361619
KCNJ15	IU_PDA_T8	C1Q-TAM	20	3759	0.003333333333333333	0.0016671100469983144	0.0016662232863350187	1.9429086146419312
KCNJ15	IU_PDA_T8	CD4+ cells	20	3759	0.0	0.0	0.0	1.0
KCNJ15	IU_PDA_T8	FCN1-TAM	20	3759	0.0	0.00030149862552097186	-0.00030149862552097186	0.2490668551361619
KCNJ16	IU_PDA_T8	myCAF	20	3759	0.26	0.17109160237651902	0.08890839762348099	1.5193502274015507
KCNJ16	IU_PDA_T8	Tumor Epithelial cells	20	3759	0.6566666666666667	0.6809967189855416	-0.024330052318874862	0.9642781243240854
KCNJ16	IU_PDA_T8	Normal Epithelial cells	20	3759	0.06333333333333332	0.12059945020838625	-0.057266116875052925	0.5255478233232743
KCNJ16	IU_PDA_T8	iCAF	20	3759	0.0	0.002607076350093108	-0.002607076350093108	0.036940221503749086
KCNJ16	IU_PDA_T8	B cells	20	3759	0.003333333333333333	0.008335550234991558	-0.005002216901658225	0.40700763289767417
KCNJ16	IU_PDA_T8	DCs	20	3759	0.003333333333333333	0.0010995832224882515	0.002233750110845082	2.8621051620009283
KCNJ16	IU_PDA_T8	SPP1-TAM	20	3759	0.006666666666666666	0.013017646537199709	-0.006350979870533043	0.5158445646082473
KCNJ16	IU_PDA_T8	PVL	20	3759	0.0	0.00030149862552097186	-0.00030149862552097186	0.2490668551361619
KCNJ16	IU_PDA_T8	C1Q-TAM	20	3759	0.003333333333333333	0.0016671100469983144	0.0016662232863350187	1.9429086146419312
KCNJ16	IU_PDA_T8	CD4+ cells	20	3759	0.0	0.0	0.0	1.0
KCNJ16	IU_PDA_T8	FCN1-TAM	20	3759	0.003333333333333333	0.0002837634122550324	0.0030495699210783007	8.94648427571227
KCNJ8	IU_PDA_T8	myCAF	21	3758	0.2666666666666667	0.17103069008337812	0.0956359765832886	1.5588476066840666
KCNJ8	IU_PDA_T8	Tumor Epithelial cells	21	3758	0.6761904761904761	0.6808940926024439	-0.004703616411967815	0.993093014369636
KCNJ8	IU_PDA_T8	Normal Epithelial cells	21	3758	0.009523809523809525	0.1209153805215515	-0.11139157099774197	0.07952550727298362
KCNJ8	IU_PDA_T8	iCAF	21	3758	0.009523809523809525	0.002554550292708886	0.006969259231100639	3.625401089684659
KCNJ8	IU_PDA_T8	B cells	21	3758	0.012698412698412698	0.008284548518715611	0.004413864179697087	1.5264283663985794
KCNJ8	IU_PDA_T8	DCs	21	3758	0.012698412698412698	0.0010466560227071148	0.011651756675705584	11.16151003000639
KCNJ8	IU_PDA_T8	SPP1-TAM	21	3758	0.006349206349206349	0.013021110519780126	-0.006671904170573777	0.4915137586474975
KCNJ8	IU_PDA_T8	PVL	21	3758	0.006349206349206349	0.00026609898882384245	0.006083107360382507	17.616017924347624
KCNJ8	IU_PDA_T8	C1Q-TAM	21	3758	0.0	0.0016852935958843347	-0.0016852935958843347	0.05601319594185044
KCNJ8	IU_PDA_T8	CD4+ cells	21	3758	0.0	0.0	0.0	1.0
KCNJ8	IU_PDA_T8	FCN1-TAM	21	3758	0.0	0.0003015788540003548	-0.0003015788540003548	0.24901709590493443
KCNK1	IU_PDA_T8	myCAF	86	3693	0.22713178294573633	0.17026807473598732	0.05686370820974901	1.33376974117873
KCNK1	IU_PDA_T8	Tumor Epithelial cells	86	3693	0.711627906976744	0.6801516382344932	0.031476268742250846	1.0462715074438387
KCNK1	IU_PDA_T8	Normal Epithelial cells	86	3693	0.024806201550387597	0.12252008303998303	-0.09771388148959544	0.20311682175477216
KCNK1	IU_PDA_T8	iCAF	86	3693	0.0007751937984496124	0.002635616932936184	-0.0018604231344865716	0.3199255670311458
KCNK1	IU_PDA_T8	B cells	86	3693	0.011627906976744186	0.008231789872732178	0.003396117104012008	1.4076095479947992
KCNK1	IU_PDA_T8	DCs	86	3693	0.002325581395348837	0.0010831302464121323	0.0012424511489367049	2.050138945145274
KCNK1	IU_PDA_T8	SPP1-TAM	86	3693	0.017054263565891473	0.012889249932304456	0.004165013633587017	1.3206508193539772
KCNK1	IU_PDA_T8	PVL	86	3693	0.0	0.0003068869031501038	-0.0003068869031501038	0.24576853967479317
KCNK1	IU_PDA_T8	C1Q-TAM	86	3693	0.0031007751937984496	0.0016427475403917315	0.001458027653406718	1.8366258563641324
KCNK1	IU_PDA_T8	CD4+ cells	86	3693	0.0	0.0	0.0	1.0
KCNK1	IU_PDA_T8	FCN1-TAM	86	3693	0.0015503875968992248	0.00027078256160303275	0.001279605035296192	4.451092817752748
KCNK17	IU_PDA_T8	myCAF	20	3759	0.20333333333333337	0.17139310100204003	0.03194023233129334	1.1862479140249111
KCNK17	IU_PDA_T8	Tumor Epithelial cells	20	3759	0.6399999999999999	0.6810853950518715	-0.04108539505187159	0.9396854434191987
KCNK17	IU_PDA_T8	Normal Epithelial cells	20	3759	0.14333333333333337	0.12017380509000374	0.023159528243329633	1.1925567102994605
KCNK17	IU_PDA_T8	iCAF	20	3759	0.003333333333333333	0.0025893411368271687	0.0007439921965061644	1.2766447834817682
KCNK17	IU_PDA_T8	B cells	20	3759	0.003333333333333333	0.008335550234991558	-0.005002216901658225	0.40700763289767417
KCNK17	IU_PDA_T8	DCs	20	3759	0.0	0.001117318435754191	-0.001117318435754191	0.08214777420835238
KCNK17	IU_PDA_T8	SPP1-TAM	20	3759	0.003333333333333333	0.013035381750465652	-0.00970204841713232	0.2613805520506947
KCNK17	IU_PDA_T8	PVL	20	3759	0.0	0.00030149862552097186	-0.00030149862552097186	0.2490668551361619
KCNK17	IU_PDA_T8	C1Q-TAM	20	3759	0.003333333333333333	0.0016671100469983144	0.0016662232863350187	1.9429086146419312
KCNK17	IU_PDA_T8	CD4+ cells	20	3759	0.0	0.0	0.0	1.0
KCNK17	IU_PDA_T8	FCN1-TAM	20	3759	0.0	0.00030149862552097186	-0.00030149862552097186	0.2490668551361619
KCNK6	IU_PDA_T8	myCAF	28	3751	0.23809523809523808	0.1710654936461392	0.06702974444909887	1.3916078119557995
KCNK6	IU_PDA_T8	Tumor Epithelial cells	28	3751	0.6857142857142857	0.680831778192478	0.004882507521807744	1.007170332885283
KCNK6	IU_PDA_T8	Normal Epithelial cells	28	3751	0.047619047619047616	0.12083888740779987	-0.07321983978875225	0.394571577776645
KCNK6	IU_PDA_T8	iCAF	28	3751	0.0023809523809523807	0.002594863591931039	-0.00021391121097865838	0.9206226201507374
KCNK6	IU_PDA_T8	B cells	28	3751	0.009523809523809523	0.008300008886519132	0.0012238006372903912	1.145690397929748
KCNK6	IU_PDA_T8	DCs	28	3751	0.0	0.001119701412956546	-0.001119701412956546	0.0819872789665799
KCNK6	IU_PDA_T8	SPP1-TAM	28	3751	0.014285714285714287	0.012974317959655304	0.001311396326058983	1.1003032303563127
KCNK6	IU_PDA_T8	PVL	28	3751	0.0	0.00030214165111525814	-0.00030214165111525814	0.24866859655713436
KCNK6	IU_PDA_T8	C1Q-TAM	28	3751	0.0023809523809523807	0.0016706656002843678	0.000710286780668013	1.401141119223156
KCNK6	IU_PDA_T8	CD4+ cells	28	3751	0.0	0.0	0.0	1.0
KCNK6	IU_PDA_T8	FCN1-TAM	28	3751	0.0	0.00030214165111525814	-0.00030214165111525814	0.24866859655713436
KCNMA1	IU_PDA_T8	myCAF	26	3753	0.3256410256410255	0.17049471533884045	0.15514631030218504	1.9094438241772536
KCNMA1	IU_PDA_T8	Tumor Epithelial cells	26	3753	0.617948717948718	0.6813038458122348	-0.06335512786351682	0.9070226441296388
KCNMA1	IU_PDA_T8	Normal Epithelial cells	26	3753	0.007692307692307693	0.12107647215560632	-0.11338416446329863	0.06430545099795741
KCNMA1	IU_PDA_T8	iCAF	26	3753	0.002564102564102564	0.002593480770938803	-2.9378206836238718e-05	0.9890928470129753
KCNMA1	IU_PDA_T8	B cells	26	3753	0.017948717948717947	0.008242295052846594	0.009706422895871354	2.1635194912650912
KCNMA1	IU_PDA_T8	DCs	26	3753	0.002564102564102564	0.0011013411493027811	0.001462761414799783	2.217607018330073
KCNMA1	IU_PDA_T8	SPP1-TAM	26	3753	0.023076923076923075	0.012914113153921408	0.010162809923001666	1.7809068357408135
KCNMA1	IU_PDA_T8	PVL	26	3753	0.0	0.0003019806377120526	-0.0003019806377120526	0.24876820079984094
KCNMA1	IU_PDA_T8	C1Q-TAM	26	3753	0.002564102564102564	0.0016697752908784076	0.0008943272732241565	1.5053338001912475
KCNMA1	IU_PDA_T8	CD4+ cells	26	3753	0.0	0.0	0.0	1.0
KCNMA1	IU_PDA_T8	FCN1-TAM	26	3753	0.0	0.0003019806377120526	-0.0003019806377120526	0.24876820079984094
KCNMB1	IU_PDA_T8	myCAF	20	3759	0.27666666666666667	0.17100292631018932	0.10566374035647735	1.617544904900817
KCNMB1	IU_PDA_T8	Tumor Epithelial cells	20	3759	0.6833333333333335	0.680854837279414	0.0024784960539194767	1.0036397363205785
KCNMB1	IU_PDA_T8	Normal Epithelial cells	20	3759	0.006666666666666666	0.12090094883390722	-0.11423428216724055	0.05592242649233253
KCNMB1	IU_PDA_T8	iCAF	20	3759	0.006666666666666666	0.002571605923561229	0.004095060743105438	2.532808677728471
KCNMB1	IU_PDA_T8	B cells	20	3759	0.01	0.008300079808459678	0.0016999201915403224	1.2023695286595184
KCNMB1	IU_PDA_T8	DCs	20	3759	0.0	0.001117318435754191	-0.001117318435754191	0.08214777420835238
KCNMB1	IU_PDA_T8	SPP1-TAM	20	3759	0.01	0.01299991132393377	-0.0029999113239337696	0.7709975854223625
KCNMB1	IU_PDA_T8	PVL	20	3759	0.006666666666666666	0.0002660281989890928	0.006400638467677573	18.48673595464787
KCNMB1	IU_PDA_T8	C1Q-TAM	20	3759	0.0	0.0016848452602642539	-0.0016848452602642539	0.05602726590718267
KCNMB1	IU_PDA_T8	CD4+ cells	20	3759	0.0	0.0	0.0	1.0
KCNMB1	IU_PDA_T8	FCN1-TAM	20	3759	0.0	0.00030149862552097186	-0.00030149862552097186	0.2490668551361619
KCNMB4	IU_PDA_T8	myCAF	20	3759	0.2666666666666667	0.17105613194998714	0.09561053471667957	1.558615888472039
KCNMB4	IU_PDA_T8	Tumor Epithelial cells	20	3759	0.6766666666666667	0.680890307705946	-0.004223641039279302	0.9937977956639243
KCNMB4	IU_PDA_T8	Normal Epithelial cells	20	3759	0.04666666666666667	0.12068812627471595	-0.07402145960804929	0.38717933715026204
KCNMB4	IU_PDA_T8	iCAF	20	3759	0.0	0.002607076350093108	-0.002607076350093108	0.036940221503749086
KCNMB4	IU_PDA_T8	B cells	20	3759	0.0	0.008353285448257497	-0.008353285448257497	0.011829720007930564
KCNMB4	IU_PDA_T8	DCs	20	3759	0.0	0.001117318435754191	-0.001117318435754191	0.08214777420835238
KCNMB4	IU_PDA_T8	SPP1-TAM	20	3759	0.01	0.01299991132393377	-0.0029999113239337696	0.7709975854223625
KCNMB4	IU_PDA_T8	PVL	20	3759	0.0	0.00030149862552097186	-0.00030149862552097186	0.2490668551361619
KCNMB4	IU_PDA_T8	C1Q-TAM	20	3759	0.0	0.0016848452602642539	-0.0016848452602642539	0.05602726590718267
KCNMB4	IU_PDA_T8	CD4+ cells	20	3759	0.0	0.0	0.0	1.0
KCNMB4	IU_PDA_T8	FCN1-TAM	20	3759	0.0	0.00030149862552097186	-0.00030149862552097186	0.2490668551361619
KCNN3	IU_PDA_T8	myCAF	20	3759	0.2866666666666667	0.1709497206703915	0.11571694599627519	1.6765105815007955
KCNN3	IU_PDA_T8	Tumor Epithelial cells	20	3759	0.5966666666666666	0.6813159528243284	-0.08464928615766187	0.8757744285163738
KCNN3	IU_PDA_T8	Normal Epithelial cells	20	3759	0.07999999999999999	0.12051077414205656	-0.040510774142056574	0.6641197734595204
KCNN3	IU_PDA_T8	iCAF	20	3759	0.0	0.002607076350093108	-0.002607076350093108	0.036940221503749086
KCNN3	IU_PDA_T8	B cells	20	3759	0.01666666666666667	0.0082646093819278	0.00840205728473887	2.0044769457964144
KCNN3	IU_PDA_T8	DCs	20	3759	0.0	0.001117318435754191	-0.001117318435754191	0.08214777420835238
KCNN3	IU_PDA_T8	SPP1-TAM	20	3759	0.019999999999999997	0.012946705684135954	0.007053294315864043	1.5406187957807957
KCNN3	IU_PDA_T8	PVL	20	3759	0.0	0.00030149862552097186	-0.00030149862552097186	0.2490668551361619
KCNN3	IU_PDA_T8	C1Q-TAM	20	3759	0.0	0.0016848452602642539	-0.0016848452602642539	0.05602726590718267
KCNN3	IU_PDA_T8	CD4+ cells	20	3759	0.0	0.0	0.0	1.0
KCNN3	IU_PDA_T8	FCN1-TAM	20	3759	0.0	0.00030149862552097186	-0.00030149862552097186	0.2490668551361619
KCNN4	IU_PDA_T8	myCAF	78	3701	0.23162393162393158	0.1702963163109074	0.06132761531302419	1.359911626265001
KCNN4	IU_PDA_T8	Tumor Epithelial cells	78	3701	0.6829059829059829	0.6808250022516394	0.0020809806543434783	1.003056108451683
KCNN4	IU_PDA_T8	Normal Epithelial cells	78	3701	0.051282051282051294	0.12175087814104046	-0.07046882685898917	0.4216797783154044
KCNN4	IU_PDA_T8	iCAF	78	3701	0.002564102564102564	0.002593893542285867	-2.9790978183303046e-05	0.9889412934417504
KCNN4	IU_PDA_T8	B cells	78	3701	0.017094017094017092	0.00812393046924253	0.008970086624774562	2.090729871601256
KCNN4	IU_PDA_T8	DCs	78	3701	0.0008547008547008547	0.0011168152751508612	-0.00026211442045000655	0.7845898010957255
KCNN4	IU_PDA_T8	SPP1-TAM	78	3701	0.010256410256410256	0.013041520309826273	-0.0027851100534160168	0.7880678956655027
KCNN4	IU_PDA_T8	PVL	78	3701	0.0	0.00030622354318652614	-0.00030622354318652614	0.2461698778351773
KCNN4	IU_PDA_T8	C1Q-TAM	78	3701	0.003418803418803419	0.0016391966135278749	0.001779606805275544	2.02323497609951
KCNN4	IU_PDA_T8	CD4+ cells	78	3701	0.0	0.0	0.0	1.0
KCNN4	IU_PDA_T8	FCN1-TAM	78	3701	0.0	0.00030622354318652614	-0.00030622354318652614	0.2461698778351773
KCNQ4	IU_PDA_T8	myCAF	20	3759	0.23000000000000004	0.17125121929591253	0.05874878070408751	1.3428559244894087
KCNQ4	IU_PDA_T8	Tumor Epithelial cells	20	3759	0.6766666666666665	0.6808903077059462	-0.004223641039279635	0.9937977956639239
KCNQ4	IU_PDA_T8	Normal Epithelial cells	20	3759	0.07333333333333333	0.12054624456858844	-0.0472129112352551	0.608666549016251
KCNQ4	IU_PDA_T8	iCAF	20	3759	0.003333333333333333	0.0025893411368271687	0.0007439921965061644	1.2766447834817682
KCNQ4	IU_PDA_T8	B cells	20	3759	0.006666666666666666	0.008317815021725619	-0.0016511483550589526	0.803850720074332
KCNQ4	IU_PDA_T8	DCs	20	3759	0.0	0.001117318435754191	-0.001117318435754191	0.08214777420835238
KCNQ4	IU_PDA_T8	SPP1-TAM	20	3759	0.006666666666666666	0.01301764653719971	-0.006350979870533045	0.5158445646082472
KCNQ4	IU_PDA_T8	PVL	20	3759	0.0	0.00030149862552097186	-0.00030149862552097186	0.2490668551361619
KCNQ4	IU_PDA_T8	C1Q-TAM	20	3759	0.003333333333333333	0.0016671100469983144	0.0016662232863350187	1.9429086146419312
KCNQ4	IU_PDA_T8	CD4+ cells	20	3759	0.0	0.0	0.0	1.0
KCNQ4	IU_PDA_T8	FCN1-TAM	20	3759	0.0	0.00030149862552097186	-0.00030149862552097186	0.2490668551361619
KCNS3	IU_PDA_T8	myCAF	20	3759	0.31	0.17082557417752994	0.13917442582247005	1.8142399198724826
KCNS3	IU_PDA_T8	Tumor Epithelial cells	20	3759	0.6166666666666668	0.6812095415447328	-0.06454287487806598	0.9052664450702863
KCNS3	IU_PDA_T8	Normal Epithelial cells	20	3759	0.013333333333333332	0.12086547840737534	-0.107532145074042	0.11105096685596452
KCNS3	IU_PDA_T8	iCAF	20	3759	0.0	0.002607076350093108	-0.002607076350093108	0.036940221503749086
KCNS3	IU_PDA_T8	B cells	20	3759	0.026666666666666665	0.008211403742129982	0.018455262924536683	3.2204748436161417
KCNS3	IU_PDA_T8	DCs	20	3759	0.003333333333333333	0.0010995832224882515	0.002233750110845082	2.8621051620009283
KCNS3	IU_PDA_T8	SPP1-TAM	20	3759	0.026666666666666665	0.01291123525760407	0.013755431409062595	2.057196425760083
KCNS3	IU_PDA_T8	PVL	20	3759	0.0	0.00030149862552097186	-0.00030149862552097186	0.2490668551361619
KCNS3	IU_PDA_T8	C1Q-TAM	20	3759	0.003333333333333333	0.0016671100469983144	0.0016662232863350187	1.9429086146419312
KCNS3	IU_PDA_T8	CD4+ cells	20	3759	0.0	0.0	0.0	1.0
KCNS3	IU_PDA_T8	FCN1-TAM	20	3759	0.0	0.00030149862552097186	-0.00030149862552097186	0.2490668551361619
KCNAB1	IU_PDA_T9	myCAF	20	3506	0.8433333333333334	0.8974139570260575	-0.05408062369272415	0.9397439747099621
KCNAB1	IU_PDA_T9	Tumor Epithelial cells	20	3506	0.003333333333333333	0.002871268301958545	0.00046206503137478797	1.155511042563949
KCNAB1	IU_PDA_T9	Normal Epithelial cells	20	3506	0.02333333333333333	0.021981365278570253	0.001351968054763078	1.061226651418839
KCNAB1	IU_PDA_T9	iCAF	20	3506	0.07999999999999999	0.05499144324015952	0.02500855675984047	1.4539462988983778
KCNAB1	IU_PDA_T9	B cells	20	3506	0.0	0.0	0.0	1.0
KCNAB1	IU_PDA_T9	DCs	20	3506	0.01	0.007491918615706392	0.002508081384293608	1.3303619955968458
KCNAB1	IU_PDA_T9	SPP1-TAM	20	3506	0.0	0.00019015021867275147	-0.00019015021867275147	0.34464905957140046
KCNAB1	IU_PDA_T9	PVL	20	3506	0.019999999999999997	0.0042973949420041825	0.015702605057995814	4.570888051924466
KCNAB1	IU_PDA_T9	C1Q-TAM	20	3506	0.01	0.001711351968054763	0.008288648031945237	5.575945579945203
KCNAB1	IU_PDA_T9	CD4+ cells	20	3506	0.0	0.0013310515307092615	-0.0013310515307092615	0.06987868560570823
KCNAB1	IU_PDA_T9	FCN1-TAM	20	3506	0.01	0.007187678265829989	0.002812321734170011	1.3859009181780497
KCNAB2	IU_PDA_T9	myCAF	35	3491	0.9542857142857144	0.8965339444285375	0.05775176985717689	1.0644095287893485
KCNAB2	IU_PDA_T9	Tumor Epithelial cells	35	3491	0.0019047619047619048	0.0028836054616633226	-0.0009788435569014179	0.6719259401155121
KCNAB2	IU_PDA_T9	Normal Epithelial cells	35	3491	0.005714285714285714	0.022152200897546256	-0.016437915183260543	0.26129036588586857
KCNAB2	IU_PDA_T9	iCAF	35	3491	0.011428571428571427	0.055571469492981744	-0.04414289806441032	0.2070822188378696
KCNAB2	IU_PDA_T9	B cells	35	3491	0.0	0.0	0.0	1.0
KCNAB2	IU_PDA_T9	DCs	35	3491	0.011428571428571427	0.0074668194404659445	0.003961751988105482	1.5235689868478648
KCNAB2	IU_PDA_T9	SPP1-TAM	35	3491	0.0	0.00019096724911677647	-0.00019096724911677647	0.3436812916352181
KCNAB2	IU_PDA_T9	PVL	35	3491	0.005714285714285714	0.004373150004774181	0.001341135709511533	1.2998190778489749
KCNAB2	IU_PDA_T9	C1Q-TAM	35	3491	0.0019047619047619048	0.001756898691874343	0.00014786321288756178	1.0796291222211531
KCNAB2	IU_PDA_T9	CD4+ cells	35	3491	0.0038095238095238095	0.001298577293994081	0.0025109465155297283	2.7953577012243094
KCNAB2	IU_PDA_T9	FCN1-TAM	35	3491	0.0019047619047619048	0.0072567554664374895	-0.005351993561675585	0.2725062582150377
KCNC4	IU_PDA_T9	myCAF	20	3506	0.9166666666666666	0.8969956265449774	0.019671040121689187	1.0219274729913121
KCNC4	IU_PDA_T9	Tumor Epithelial cells	20	3506	0.0	0.0028902833238258203	-0.0028902833238258203	0.03344164721891914
KCNC4	IU_PDA_T9	Normal Epithelial cells	20	3506	0.003333333333333333	0.022095455409773906	-0.018762122076440572	0.15468632068803795
KCNC4	IU_PDA_T9	iCAF	20	3506	0.03	0.05527666856816864	-0.02527666856816864	0.5435502130820116
KCNC4	IU_PDA_T9	B cells	20	3506	0.0	0.0	0.0	1.0
KCNC4	IU_PDA_T9	DCs	20	3506	0.016666666666666666	0.007453888571971843	0.009212778094694823	2.2196073594305017
KCNC4	IU_PDA_T9	SPP1-TAM	20	3506	0.0	0.00019015021867275147	-0.00019015021867275147	0.34464905957140046
KCNC4	IU_PDA_T9	PVL	20	3506	0.019999999999999997	0.004297394942004183	0.015702605057995814	4.570888051924465
KCNC4	IU_PDA_T9	C1Q-TAM	20	3506	0.006666666666666666	0.001730366989922038	0.004936299676744628	3.696890680351968
KCNC4	IU_PDA_T9	CD4+ cells	20	3506	0.003333333333333333	0.0013120365088419863	0.002021296824491347	2.4314763193686937
KCNC4	IU_PDA_T9	FCN1-TAM	20	3506	0.003333333333333333	0.00722570830956454	-0.0038923749762312066	0.4686691290793995
KCND2	IU_PDA_T9	myCAF	20	3506	0.9600000000000002	0.8967484312607028	0.06325156873929738	1.0705264864547785
KCND2	IU_PDA_T9	Tumor Epithelial cells	20	3506	0.003333333333333333	0.002871268301958545	0.00046206503137478797	1.155511042563949
KCND2	IU_PDA_T9	Normal Epithelial cells	20	3506	0.02	0.02200038030043753	-0.0020003803004375285	0.9094866118481262
KCND2	IU_PDA_T9	iCAF	20	3506	0.006666666666666666	0.055409773721239564	-0.048743107054572896	0.12190045487570694
KCND2	IU_PDA_T9	B cells	20	3506	0.0	0.0	0.0	1.0
KCND2	IU_PDA_T9	DCs	20	3506	0.0	0.007548963681308218	-0.007548963681308218	0.013073666468618505
KCND2	IU_PDA_T9	SPP1-TAM	20	3506	0.0	0.00019015021867275147	-0.00019015021867275147	0.34464905957140046
KCND2	IU_PDA_T9	PVL	20	3506	0.0	0.0044114850732078345	-0.0044114850732078345	0.02216565019662057
KCND2	IU_PDA_T9	C1Q-TAM	20	3506	0.003333333333333333	0.0017493820117893129	0.0015839513215440203	1.856476007361787
KCND2	IU_PDA_T9	CD4+ cells	20	3506	0.0	0.0013310515307092615	-0.0013310515307092615	0.06987868560570823
KCND2	IU_PDA_T9	FCN1-TAM	20	3506	0.006666666666666666	0.007206693287697265	-0.0005400266210305983	0.9260915163990974
KCND3	IU_PDA_T9	myCAF	36	3490	0.8296296296296296	0.8978032473734547	-0.06817361774382513	0.9240746506449926
KCND3	IU_PDA_T9	Tumor Epithelial cells	36	3490	0.0	0.0029035339063992337	-0.0029035339063992337	0.033294113905937
KCND3	IU_PDA_T9	Normal Epithelial cells	36	3490	0.014814814814814815	0.02206303724928385	-0.007248222434469036	0.6729589743074025
KCND3	IU_PDA_T9	iCAF	36	3490	0.12592592592592594	0.05440305635148022	0.07152286957444573	2.3122726386793397
KCND3	IU_PDA_T9	B cells	36	3490	0.0	0.0	0.0	1.0
KCND3	IU_PDA_T9	DCs	36	3490	0.007407407407407408	0.00750716332378222	-9.975591637481195e-05	0.9868865814852501
KCND3	IU_PDA_T9	SPP1-TAM	36	3490	0.0	0.0001910219675262655	-0.0001910219675262655	0.34361667213652775
KCND3	IU_PDA_T9	PVL	36	3490	0.0	0.0044317096466093605	-0.0044317096466093605	0.02206672708495795
KCND3	IU_PDA_T9	C1Q-TAM	36	3490	0.009259259259259259	0.001680993314231136	0.007578265945028122	5.255078266983668
KCND3	IU_PDA_T9	CD4+ cells	36	3490	0.001851851851851852	0.0013180515759312332	0.0005338002759206187	1.3764322010432324
KCND3	IU_PDA_T9	FCN1-TAM	36	3490	0.011111111111111112	0.007163323782234942	0.00394778732887617	1.5435235227337512
KCNE4	IU_PDA_T9	myCAF	39	3487	0.8700854700854703	0.8974094254851422	-0.027323955399671918	0.9695558011717792
KCNE4	IU_PDA_T9	Tumor Epithelial cells	39	3487	0.0	0.002906031928113945	-0.002906031928113945	0.03326644639557849
KCNE4	IU_PDA_T9	Normal Epithelial cells	39	3487	0.010256410256410256	0.022120256189657003	-0.011863845933246747	0.4660796962922019
KCNE4	IU_PDA_T9	iCAF	39	3487	0.09401709401709403	0.054698403594302426	0.039318690422791604	1.717515253069885
KCNE4	IU_PDA_T9	B cells	39	3487	0.0	0.0	0.0	1.0
KCNE4	IU_PDA_T9	DCs	39	3487	0.008547008547008546	0.007494503393557006	0.0010525051534515401	1.1385877520766479
KCNE4	IU_PDA_T9	SPP1-TAM	39	3487	0.0	0.00019118631106012808	-0.00019118631106012808	0.34342273727060835
KCNE4	IU_PDA_T9	PVL	39	3487	0.0	0.004435522416594972	-0.004435522416594972	0.022048176773222666
KCNE4	IU_PDA_T9	C1Q-TAM	39	3487	0.005128205128205128	0.0017206767995411524	0.0034075283286639758	2.871572334816779
KCNE4	IU_PDA_T9	CD4+ cells	39	3487	0.0	0.0013383041774208979	-0.0013383041774208979	0.06952632243571417
KCNE4	IU_PDA_T9	FCN1-TAM	39	3487	0.011965811965811967	0.007150368033648775	0.004815443932163192	1.6641654478524177
KCNJ15	IU_PDA_T9	myCAF	31	3495	0.9591397849462368	0.8965569861707269	0.06258279877550987	1.0697956963930841
KCNJ15	IU_PDA_T9	Tumor Epithelial cells	31	3495	0.004301075268817204	0.0028612303290414857	0.0014398449397757186	1.4862319981174108
KCNJ15	IU_PDA_T9	Normal Epithelial cells	31	3495	0.012903225806451611	0.02206962327134019	-0.009166397464888579	0.5865334582956828
KCNJ15	IU_PDA_T9	iCAF	31	3495	0.012903225806451613	0.05550786838340465	-0.04260464257695304	0.23383787554662377
KCNJ15	IU_PDA_T9	B cells	31	3495	0.0	0.0	0.0	1.0
KCNJ15	IU_PDA_T9	DCs	31	3495	0.0	0.007572722937529789	-0.007572722937529789	0.013033182719379506
KCNJ15	IU_PDA_T9	SPP1-TAM	31	3495	0.0	0.00019074868860276584	-0.00019074868860276584	0.3439396424471051
KCNJ15	IU_PDA_T9	PVL	31	3495	0.0	0.004425369575584168	-0.004425369575584168	0.022097642707356396
KCNJ15	IU_PDA_T9	C1Q-TAM	31	3495	0.0	0.0017739628040057218	-0.0017739628040057218	0.053362852126116515
KCNJ15	IU_PDA_T9	CD4+ cells	31	3495	0.002150537634408602	0.0013161659513590855	0.0008343716830495167	1.5891764889904147
KCNJ15	IU_PDA_T9	FCN1-TAM	31	3495	0.008602150537634409	0.0071912255603242565	0.0014109249773101521	1.1935099889088336
KCNJ8	IU_PDA_T9	myCAF	35	3491	0.9123809523809526	0.8969540723765941	0.015426880004358545	1.017197268792825
KCNJ8	IU_PDA_T9	Tumor Epithelial cells	35	3491	0.0	0.0029027021865750003	-0.0029027021865750003	0.033303336057467596
KCNJ8	IU_PDA_T9	Normal Epithelial cells	35	3491	0.015238095238095238	0.022056717272987865	-0.006818622034892627	0.6922548610932776
KCNJ8	IU_PDA_T9	iCAF	35	3491	0.0380952380952381	0.05530411534421825	-0.017208877248980153	0.68939351992061
KCNJ8	IU_PDA_T9	B cells	35	3491	0.0	0.0	0.0	1.0
KCNJ8	IU_PDA_T9	DCs	35	3491	0.009523809523809523	0.007485916165377623	0.0020378933584319003	1.268641692579324
KCNJ8	IU_PDA_T9	SPP1-TAM	35	3491	0.0038095238095238095	0.00015277379929342117	0.0036567500102303884	15.466491465698205
KCNJ8	IU_PDA_T9	PVL	35	3491	0.005714285714285714	0.004373150004774181	0.001341135709511533	1.2998190778489749
KCNJ8	IU_PDA_T9	C1Q-TAM	35	3491	0.0038095238095238095	0.0017378019669626653	0.0020717218425611444	2.1272824166061146
KCNJ8	IU_PDA_T9	CD4+ cells	35	3491	0.0038095238095238095	0.0012985772939940812	0.0025109465155297283	2.795357701224309
KCNJ8	IU_PDA_T9	FCN1-TAM	35	3491	0.007619047619047619	0.007199465291702457	0.0004195823273451622	1.0574812415125963
KCNK1	IU_PDA_T9	myCAF	30	3496	0.8977777777777778	0.8971014492753691	0.0006763285024087295	1.0007538201180515
KCNK1	IU_PDA_T9	Tumor Epithelial cells	30	3496	0.0	0.002898550724637679	-0.002898550724637679	0.03334944417593043
KCNK1	IU_PDA_T9	Normal Epithelial cells	30	3496	0.028888888888888888	0.02192982456140369	0.006959064327485196	1.3158928618831351
KCNK1	IU_PDA_T9	iCAF	30	3496	0.05999999999999999	0.05509153318077783	0.0049084668192221625	1.088935141612114
KCNK1	IU_PDA_T9	B cells	30	3496	0.0	0.0	0.0	1.0
KCNK1	IU_PDA_T9	DCs	30	3496	0.0044444444444444444	0.0075324180015255374	-0.003087973557081093	0.5954134644533513
KCNK1	IU_PDA_T9	SPP1-TAM	30	3496	0.0	0.00019069412662090006	-0.00019069412662090006	0.34400419837313045
KCNK1	IU_PDA_T9	PVL	30	3496	0.0	0.004424103737604882	-0.004424103737604882	0.022103825597275376
KCNK1	IU_PDA_T9	C1Q-TAM	30	3496	0.0044444444444444444	0.0017353165522501902	0.002709127892194254	2.476109333222505
KCNK1	IU_PDA_T9	CD4+ cells	30	3496	0.0	0.0013348588863463017	-0.0013348588863463017	0.0696932645792355
KCNK1	IU_PDA_T9	FCN1-TAM	30	3496	0.0044444444444444444	0.007227307398932096	-0.0027828629544876518	0.6202066048309596
KCNK6	IU_PDA_T9	myCAF	35	3491	0.902857142857143	0.8970495560011527	0.005807586855990365	1.0064733765035525
KCNK6	IU_PDA_T9	Tumor Epithelial cells	35	3491	0.0	0.0029027021865750003	-0.0029027021865750003	0.033303336057467596
KCNK6	IU_PDA_T9	Normal Epithelial cells	35	3491	0.011428571428571427	0.02209491072281122	-0.010666339294239793	0.5194240955753306
KCNK6	IU_PDA_T9	iCAF	35	3491	0.06476190476190476	0.05503676119545477	0.00972514356644999	1.1763822059111388
KCNK6	IU_PDA_T9	B cells	35	3491	0.0	0.0	0.0	1.0
KCNK6	IU_PDA_T9	DCs	35	3491	0.005714285714285714	0.007524109615200977	-0.0018098239009152629	0.7626183263017586
KCNK6	IU_PDA_T9	SPP1-TAM	35	3491	0.0	0.00019096724911677647	-0.00019096724911677647	0.3436812916352181
KCNK6	IU_PDA_T9	PVL	35	3491	0.009523809523809523	0.004334956554950825	0.005188852968858698	2.1699895826637317
KCNK6	IU_PDA_T9	C1Q-TAM	35	3491	0.0	0.0017759954167860205	-0.0017759954167860205	0.053305034279519346
KCNK6	IU_PDA_T9	CD4+ cells	35	3491	0.0	0.0013367707438174364	-0.0013367707438174364	0.06960052634027362
KCNK6	IU_PDA_T9	FCN1-TAM	35	3491	0.005714285714285714	0.007218562016614134	-0.0015042763023284198	0.7944573949208181
KCNMA1	IU_PDA_T9	myCAF	97	3429	0.8900343642611683	0.8973072810343214	-0.007272916773153115	0.9918956343158141
KCNMA1	IU_PDA_T9	Tumor Epithelial cells	97	3429	0.001374570446735395	0.002916302128900552	-0.001541731682165157	0.4888669581892577
KCNMA1	IU_PDA_T9	Normal Epithelial cells	97	3429	0.01993127147766323	0.02204724409448837	-0.0021159726168251403	0.9044588749824757
KCNMA1	IU_PDA_T9	iCAF	97	3429	0.0316151202749141	0.05579858073296374	-0.024183460458049637	0.5673689717887864
KCNMA1	IU_PDA_T9	B cells	97	3429	0.0	0.0	0.0	1.0
KCNMA1	IU_PDA_T9	DCs	97	3429	0.013058419243986253	0.0073490813648293815	0.0057093378791568715	1.7664485860113357
KCNMA1	IU_PDA_T9	SPP1-TAM	97	3429	0.0	0.0001944201419267036	-0.0001944201419267036	0.3396506752071846
KCNMA1	IU_PDA_T9	PVL	97	3429	0.03436426116838488	0.0035384465830660054	0.030825814585318877	9.472246020812246
KCNMA1	IU_PDA_T9	C1Q-TAM	97	3429	0.00274914089347079	0.0017303392631476617	0.0010188016303231285	1.5566190109319296
KCNMA1	IU_PDA_T9	CD4+ cells	97	3429	0.001374570446735395	0.0013220569651015855	5.2513481633809566e-05	1.036927832655465
KCNMA1	IU_PDA_T9	FCN1-TAM	97	3429	0.004123711340206185	0.007290755322251368	-0.0031670439820451835	0.5714857488908941
KCNMB1	IU_PDA_T9	myCAF	33	3493	0.9090909090909091	0.8969939879759588	0.01209692111495031	1.0134845637994339
KCNMB1	IU_PDA_T9	Tumor Epithelial cells	33	3493	0.0	0.0029010401755892716	-0.0029010401755892716	0.03332177983267566
KCNMB1	IU_PDA_T9	Normal Epithelial cells	33	3493	0.01616161616161616	0.022044088176352887	-0.005882472014736725	0.7343547420923626
KCNMB1	IU_PDA_T9	iCAF	33	3493	0.020202020202020204	0.05546330756751577	-0.03526128736549557	0.36538537914343794
KCNMB1	IU_PDA_T9	B cells	33	3493	0.0	0.0	0.0	1.0
KCNMB1	IU_PDA_T9	DCs	33	3493	0.024242424242424242	0.0073480293921175536	0.01689439485030669	3.2683039983953974
KCNMB1	IU_PDA_T9	SPP1-TAM	33	3493	0.0	0.000190857906288768	-0.000190857906288768	0.34381049247022544
KCNMB1	IU_PDA_T9	PVL	33	3493	0.024242424242424242	0.004198873938352896	0.020043550304071345	5.662511762731751
KCNMB1	IU_PDA_T9	C1Q-TAM	33	3493	0.0	0.0017749785284855418	-0.0017749785284855418	0.05333394408562749
KCNMB1	IU_PDA_T9	CD4+ cells	33	3493	0.00404040404040404	0.0012978337627636235	0.002742570277640417	2.9620146191190484
KCNMB1	IU_PDA_T9	FCN1-TAM	33	3493	0.00202020202020202	0.007252600438973168	-0.005232398418771148	0.2883608374750904
KCNMB4	IU_PDA_T9	myCAF	20	3506	0.9366666666666665	0.8968815364137738	0.039785130252892764	1.0443544584116613
KCNMB4	IU_PDA_T9	Tumor Epithelial cells	20	3506	0.0	0.0028902833238258203	-0.0028902833238258203	0.03344164721891914
KCNMB4	IU_PDA_T9	Normal Epithelial cells	20	3506	0.019999999999999997	0.022000380300437525	-0.0020003803004375285	0.9094866118481262
KCNMB4	IU_PDA_T9	iCAF	20	3506	0.023333333333333334	0.05531469861190318	-0.031981365278569845	0.4228721606418664
KCNMB4	IU_PDA_T9	B cells	20	3506	0.0	0.0	0.0	1.0
KCNMB4	IU_PDA_T9	DCs	20	3506	0.0	0.007548963681308218	-0.007548963681308218	0.013073666468618505
KCNMB4	IU_PDA_T9	SPP1-TAM	20	3506	0.0	0.00019015021867275147	-0.00019015021867275147	0.34464905957140046
KCNMB4	IU_PDA_T9	PVL	20	3506	0.013333333333333332	0.004335424985738734	0.008997908347594598	3.028646268739898
KCNMB4	IU_PDA_T9	C1Q-TAM	20	3506	0.0	0.001768397033656588	-0.001768397033656588	0.05352181479559126
KCNMB4	IU_PDA_T9	CD4+ cells	20	3506	0.0	0.0013310515307092615	-0.0013310515307092615	0.06987868560570823
KCNMB4	IU_PDA_T9	FCN1-TAM	20	3506	0.006666666666666666	0.007206693287697265	-0.0005400266210305983	0.9260915163990974
KCNN3	IU_PDA_T9	myCAF	20	3506	0.9066666666666666	0.8970526716105791	0.00961399505608751	1.0107161192964274
KCNN3	IU_PDA_T9	Tumor Epithelial cells	20	3506	0.0	0.0028902833238258203	-0.0028902833238258203	0.03344164721891914
KCNN3	IU_PDA_T9	Normal Epithelial cells	20	3506	0.02333333333333333	0.021981365278570253	0.001351968054763078	1.061226651418839
KCNN3	IU_PDA_T9	iCAF	20	3506	0.019999999999999997	0.055333713633770466	-0.03533371363377047	0.36259522738803096
KCNN3	IU_PDA_T9	B cells	20	3506	0.0	0.0	0.0	1.0
KCNN3	IU_PDA_T9	DCs	20	3506	0.03	0.007377828484502742	0.022622171515497256	4.0252327346608805
KCNN3	IU_PDA_T9	SPP1-TAM	20	3506	0.0	0.00019015021867275147	-0.00019015021867275147	0.34464905957140046
KCNN3	IU_PDA_T9	PVL	20	3506	0.01	0.004354440007606009	0.005645559992393991	2.2674006121429695
KCNN3	IU_PDA_T9	C1Q-TAM	20	3506	0.0	0.001768397033656588	-0.001768397033656588	0.05352181479559126
KCNN3	IU_PDA_T9	CD4+ cells	20	3506	0.0	0.0013310515307092615	-0.0013310515307092615	0.06987868560570823
KCNN3	IU_PDA_T9	FCN1-TAM	20	3506	0.01	0.007187678265829989	0.002812321734170011	1.3859009181780497
KCNN4	IU_PDA_T9	myCAF	27	3499	0.9308641975308644	0.8968467181099431	0.03401747942092126	1.0379258641947018
KCNN4	IU_PDA_T9	Tumor Epithelial cells	27	3499	0.007407407407407408	0.002838906354196435	0.004568501053210973	2.554490175125062
KCNN4	IU_PDA_T9	Normal Epithelial cells	27	3499	0.027160493827160497	0.021949128322378005	0.005211365504782493	1.2363524502459988
KCNN4	IU_PDA_T9	iCAF	27	3499	0.027160493827160497	0.05534914737544039	-0.02818865354827989	0.4916305320726131
KCNN4	IU_PDA_T9	B cells	27	3499	0.0	0.0	0.0	1.0
KCNN4	IU_PDA_T9	DCs	27	3499	0.0024691358024691358	0.00754501286081736	-0.005075877058348225	0.3360538234849298
KCNN4	IU_PDA_T9	SPP1-TAM	27	3499	0.0024691358024691358	0.00017147756501857672	0.002297658237450559	9.46352897445995
KCNN4	IU_PDA_T9	PVL	27	3499	0.0	0.0044203105649233115	-0.0044203105649233115	0.022122373797937606
KCNN4	IU_PDA_T9	C1Q-TAM	27	3499	0.0	0.0017719348385252921	-0.0017719348385252921	0.05342066291088416
KCNN4	IU_PDA_T9	CD4+ cells	27	3499	0.0024691358024691358	0.0013146613318090895	0.0011544744706600463	1.81607833952999
KCNN4	IU_PDA_T9	FCN1-TAM	27	3499	0.0	0.0072592169191197315	-0.0072592169191197315	0.01358840228505745
KCNQ4	IU_PDA_T9	myCAF	20	3506	0.9400000000000001	0.8968625213919065	0.04313747860809358	1.0480928439921355
KCNQ4	IU_PDA_T9	Tumor Epithelial cells	20	3506	0.003333333333333333	0.002871268301958545	0.00046206503137478797	1.155511042563949
KCNQ4	IU_PDA_T9	Normal Epithelial cells	20	3506	0.01666666666666667	0.022019395322304805	-0.005352728655638135	0.758007460075523
KCNQ4	IU_PDA_T9	iCAF	20	3506	0.01666666666666667	0.055352728655637735	-0.038686061988971066	0.3023596326663728
KCNQ4	IU_PDA_T9	B cells	20	3506	0.0	0.0	0.0	1.0
KCNQ4	IU_PDA_T9	DCs	20	3506	0.01666666666666667	0.007453888571971843	0.009212778094694826	2.219607359430502
KCNQ4	IU_PDA_T9	SPP1-TAM	20	3506	0.0	0.00019015021867275147	-0.00019015021867275147	0.34464905957140046
KCNQ4	IU_PDA_T9	PVL	20	3506	0.003333333333333333	0.004392470051340559	-0.0010591367180072262	0.7642417854981184
KCNQ4	IU_PDA_T9	C1Q-TAM	20	3506	0.0	0.001768397033656588	-0.001768397033656588	0.05352181479559126
KCNQ4	IU_PDA_T9	CD4+ cells	20	3506	0.0	0.0013310515307092615	-0.0013310515307092615	0.06987868560570823
KCNQ4	IU_PDA_T9	FCN1-TAM	20	3506	0.003333333333333333	0.00722570830956454	-0.0038923749762312066	0.4686691290793995
KCNS3	IU_PDA_T9	myCAF	36	3490	0.9537037037037037	0.8965234001910288	0.05718030351267489	1.0637729324268053
KCNS3	IU_PDA_T9	Tumor Epithelial cells	36	3490	0.0	0.0029035339063992337	-0.0029035339063992337	0.033294113905937
KCNS3	IU_PDA_T9	Normal Epithelial cells	36	3490	0.02037037037037037	0.02200573065902597	-0.0016353602886556018	0.9260209800851857
KCNS3	IU_PDA_T9	iCAF	36	3490	0.012962962962962963	0.05556829035339043	-0.042605327390427467	0.23465716083675944
KCNS3	IU_PDA_T9	B cells	36	3490	0.0	0.0	0.0	1.0
KCNS3	IU_PDA_T9	DCs	36	3490	0.009259259259259259	0.007488061127029593	0.0017711981322296655	1.233419064841273
KCNS3	IU_PDA_T9	SPP1-TAM	36	3490	0.0	0.0001910219675262655	-0.0001910219675262655	0.34361667213652775
KCNS3	IU_PDA_T9	PVL	36	3490	0.0	0.0044317096466093605	-0.0044317096466093605	0.02206672708495795
KCNS3	IU_PDA_T9	C1Q-TAM	36	3490	0.0	0.0017765042979942687	-0.0017765042979942687	0.05329057871430755
KCNS3	IU_PDA_T9	CD4+ cells	36	3490	0.001851851851851852	0.0013180515759312332	0.0005338002759206187	1.3764322010432324
KCNS3	IU_PDA_T9	FCN1-TAM	36	3490	0.001851851851851852	0.007258834765998073	-0.005406982914146221	0.265239255115565
KCNT2	IU_PDA_T9	myCAF	20	3506	0.9466666666666669	0.8968244913481719	0.049842175318495	1.055570090681298
KCNT2	IU_PDA_T9	Tumor Epithelial cells	20	3506	0.0	0.0028902833238258203	-0.0028902833238258203	0.03344164721891914
KCNT2	IU_PDA_T9	Normal Epithelial cells	20	3506	0.006666666666666666	0.022076440387906626	-0.01540977372123996	0.30512862065801605
KCNT2	IU_PDA_T9	iCAF	20	3506	0.03333333333333333	0.05525765354630136	-0.02192432021296803	0.6039514175825672
KCNT2	IU_PDA_T9	B cells	20	3506	0.0	0.0	0.0	1.0
KCNT2	IU_PDA_T9	DCs	20	3506	0.006666666666666666	0.0075109336375736675	-0.0008442669709070013	0.8890718259926715
KCNT2	IU_PDA_T9	SPP1-TAM	20	3506	0.0	0.00019015021867275147	-0.00019015021867275147	0.34464905957140046
KCNT2	IU_PDA_T9	PVL	20	3506	0.0	0.0044114850732078345	-0.0044114850732078345	0.02216565019662057
KCNT2	IU_PDA_T9	C1Q-TAM	20	3506	0.0	0.001768397033656588	-0.001768397033656588	0.05352181479559126
KCNT2	IU_PDA_T9	CD4+ cells	20	3506	0.003333333333333333	0.0013120365088419863	0.002021296824491347	2.4314763193686937
KCNT2	IU_PDA_T9	FCN1-TAM	20	3506	0.003333333333333333	0.00722570830956454	-0.0038923749762312066	0.4686691290793995
